{
  "generated_utc": "2026-02-22T02:21:37.457736+00:00",
  "phase": {
    "phase": 8,
    "step": "8.7.22.14",
    "name": "Li-7 channel sensitivity audit"
  },
  "grid": {
    "tnuc_mev": {
      "min": 0.05,
      "max": 0.09,
      "count": 21
    },
    "q_b": {
      "min": 0.35,
      "max": 0.75,
      "count": 17
    },
    "eta_baryon": {
      "min": 5.4e-10,
      "max": 6.8e-10,
      "count": 17
    }
  },
  "reference_point": {
    "tnuc_mev": 0.07,
    "q_b": 0.5,
    "eta_baryon": 6.1e-10,
    "li7h_pred": 2.1777777777777774e-10,
    "z": 1.925925925925925,
    "z_abs": 1.925925925925925,
    "status": "pass",
    "be7_prod": 4.9e-10,
    "lambda_be7": 0.8,
    "lambda_li7": 0.45,
    "survival_factor": 0.4444444444444444
  },
  "status_counts": {
    "pass": 2582,
    "watch": 1312,
    "reject": 2175
  },
  "status_fraction": {
    "pass": 0.42544076454111057,
    "watch": 0.21618058988301203,
    "reject": 0.3583786455758774
  },
  "z_abs_distribution": {
    "min": 0.00047652615431573593,
    "median": 2.322955775832745,
    "p95": 13.424800199348294,
    "max": 27.105175143935586
  },
  "pass_region_bounds": {
    "pass": {
      "tnuc_mev": {
        "min": 0.05,
        "max": 0.09
      },
      "q_b": {
        "min": 0.425,
        "max": 0.75
      },
      "eta_baryon": {
        "min": 5.4e-10,
        "max": 6.8e-10
      }
    },
    "watch": {
      "tnuc_mev": {
        "min": 0.05,
        "max": 0.09
      },
      "q_b": {
        "min": 0.39999999999999997,
        "max": 0.75
      },
      "eta_baryon": {
        "min": 5.4e-10,
        "max": 6.8e-10
      }
    },
    "reject": {
      "tnuc_mev": {
        "min": 0.05,
        "max": 0.09
      },
      "q_b": {
        "min": 0.35,
        "max": 0.75
      },
      "eta_baryon": {
        "min": 5.4e-10,
        "max": 6.8e-10
      }
    }
  },
  "pass_rate_map": {
    "eta10_axis": [
      5.4,
      5.4875,
      5.575,
      5.6625,
      5.75,
      5.8374999999999995,
      5.925,
      6.012499999999999,
      6.1,
      6.1875,
      6.275,
      6.362500000000001,
      6.45,
      6.5375000000000005,
      6.625,
      6.7125,
      6.800000000000001
    ],
    "q_b_axis": [
      0.35,
      0.375,
      0.39999999999999997,
      0.425,
      0.44999999999999996,
      0.475,
      0.5,
      0.525,
      0.55,
      0.575,
      0.6,
      0.625,
      0.65,
      0.675,
      0.7,
      0.725,
      0.75
    ],
    "values": [
      [
        0.0,
        0.0,
        0.0,
        0.0,
        0.0,
        0.0,
        0.0,
        0.0,
        0.0,
        0.0,
        0.0,
        0.0,
        0.0,
        0.0,
        0.0,
        0.0,
        0.0
      ],
      [
        0.0,
        0.0,
        0.0,
        0.0,
        0.0,
        0.0,
        0.0,
        0.0,
        0.0,
        0.0,
        0.0,
        0.0,
        0.0,
        0.0,
        0.0,
        0.0,
        0.0
      ],
      [
        0.0,
        0.0,
        0.0,
        0.0,
        0.0,
        0.0,
        0.0,
        0.0,
        0.0,
        0.0,
        0.0,
        0.0,
        0.0,
        0.0,
        0.0,
        0.0,
        0.0
      ],
      [
        0.14285714285714285,
        0.09523809523809523,
        0.0,
        0.0,
        0.0,
        0.0,
        0.0,
        0.0,
        0.0,
        0.0,
        0.0,
        0.0,
        0.0,
        0.0,
        0.0,
        0.0,
        0.0
      ],
      [
        0.42857142857142855,
        0.38095238095238093,
        0.3333333333333333,
        0.23809523809523808,
        0.19047619047619047,
        0.14285714285714285,
        0.09523809523809523,
        0.047619047619047616,
        0.0,
        0.0,
        0.0,
        0.0,
        0.0,
        0.0,
        0.0,
        0.0,
        0.0
      ],
      [
        0.6666666666666666,
        0.6190476190476191,
        0.5714285714285714,
        0.5238095238095238,
        0.47619047619047616,
        0.42857142857142855,
        0.38095238095238093,
        0.3333333333333333,
        0.2857142857142857,
        0.23809523809523808,
        0.19047619047619047,
        0.09523809523809523,
        0.047619047619047616,
        0.0,
        0.0,
        0.0,
        0.0
      ],
      [
        0.8571428571428571,
        0.8571428571428571,
        0.8095238095238095,
        0.7619047619047619,
        0.7142857142857143,
        0.6666666666666666,
        0.6190476190476191,
        0.5714285714285714,
        0.5238095238095238,
        0.47619047619047616,
        0.42857142857142855,
        0.38095238095238093,
        0.3333333333333333,
        0.2857142857142857,
        0.23809523809523808,
        0.19047619047619047,
        0.14285714285714285
      ],
      [
        1.0,
        1.0,
        1.0,
        0.9523809523809523,
        0.9047619047619048,
        0.8571428571428571,
        0.8095238095238095,
        0.7619047619047619,
        0.7142857142857143,
        0.7142857142857143,
        0.6666666666666666,
        0.6190476190476191,
        0.5714285714285714,
        0.5238095238095238,
        0.47619047619047616,
        0.42857142857142855,
        0.38095238095238093
      ],
      [
        1.0,
        1.0,
        1.0,
        1.0,
        1.0,
        1.0,
        1.0,
        0.9523809523809523,
        0.9047619047619048,
        0.8571428571428571,
        0.8571428571428571,
        0.8095238095238095,
        0.7619047619047619,
        0.7142857142857143,
        0.6666666666666666,
        0.6666666666666666,
        0.6190476190476191
      ],
      [
        0.8571428571428571,
        0.9523809523809523,
        1.0,
        1.0,
        1.0,
        1.0,
        1.0,
        1.0,
        1.0,
        1.0,
        1.0,
        0.9523809523809523,
        0.9523809523809523,
        0.9047619047619048,
        0.8571428571428571,
        0.8095238095238095,
        0.8095238095238095
      ],
      [
        0.6666666666666666,
        0.7142857142857143,
        0.7619047619047619,
        0.8571428571428571,
        0.9047619047619048,
        0.9523809523809523,
        1.0,
        1.0,
        1.0,
        1.0,
        1.0,
        1.0,
        1.0,
        1.0,
        1.0,
        1.0,
        0.9523809523809523
      ],
      [
        0.47619047619047616,
        0.5238095238095238,
        0.5714285714285714,
        0.6190476190476191,
        0.6666666666666666,
        0.7619047619047619,
        0.8095238095238095,
        0.8571428571428571,
        0.9047619047619048,
        1.0,
        1.0,
        1.0,
        1.0,
        1.0,
        1.0,
        1.0,
        1.0
      ],
      [
        0.2857142857142857,
        0.3333333333333333,
        0.38095238095238093,
        0.42857142857142855,
        0.47619047619047616,
        0.5714285714285714,
        0.6190476190476191,
        0.6666666666666666,
        0.7142857142857143,
        0.7619047619047619,
        0.8095238095238095,
        0.9047619047619048,
        0.9523809523809523,
        1.0,
        1.0,
        1.0,
        1.0
      ],
      [
        0.14285714285714285,
        0.19047619047619047,
        0.23809523809523808,
        0.2857142857142857,
        0.3333333333333333,
        0.38095238095238093,
        0.42857142857142855,
        0.47619047619047616,
        0.5238095238095238,
        0.5714285714285714,
        0.6190476190476191,
        0.6666666666666666,
        0.7619047619047619,
        0.8095238095238095,
        0.8571428571428571,
        0.9047619047619048,
        0.9523809523809523
      ],
      [
        0.0,
        0.047619047619047616,
        0.09523809523809523,
        0.14285714285714285,
        0.19047619047619047,
        0.23809523809523808,
        0.2857142857142857,
        0.3333333333333333,
        0.38095238095238093,
        0.42857142857142855,
        0.47619047619047616,
        0.5238095238095238,
        0.5714285714285714,
        0.6190476190476191,
