{
  "generated_utc": "2026-02-11T15:19:11.096106+00:00",
  "phase": 7,
  "step": "7.14.20",
  "inputs": {
    "silicon_thermal_expansion_extracted_values": {
      "path": "C:\\develop\\waveP\\data\\quantum\\sources\\nist_trc_silicon_thermal_expansion\\extracted_values.json",
      "sha256": "da3f26782ddc549b6ad881f4e690905ec53b4e1798925affb581108e3b40e731"
    },
    "silicon_phonon_dos_extracted_values": {
      "path": "C:\\develop\\waveP\\data\\quantum\\sources\\hadley_si_phonon_dos\\extracted_values.json",
      "sha256": "322e42459408b8c66a2fd8515432e2e3fbb98b196ded3aa781e81e7cfac11161"
    }
  },
  "dos": {
    "mode": "static_omega",
    "integral_dos_domega_per_m3": 1.498453217241528e+29,
    "implied_atom_number_density_per_m3": 4.99484405747176e+28,
    "integral_per_atom": 2.999999999999996,
    "splits": {
      "acoustic_optical": {
        "omega_rad_s": 73015966594013.5,
        "nu_THz": 11.62085200806995
      },
      "ta_la": {
        "omega_rad_s": 43604038360860.27,
        "nu_THz": 6.9397982438995385
      }
    }
  },
  "model": {
    "name": "DOS-split Gruneisen 3-group (TA/LA/optical; mode-count split; weighted LS)",
    "groups": 3,
    "fit_range_T_K": {
      "min": 50.0,
      "max": 600.0
    },
    "enforce_signs": false,
    "coeff_unit": "A_mol_per_J",
    "ridge_factor": 0.0,
    "delta_ridge_factor": 0.0,
    "cv_omega_dependence": "harmonic",
    "A_TA_mol_per_J": -1.4010000377539503e-07,
    "A_LA_mol_per_J": 1.693868162925176e-07,
    "A_opt_mol_per_J": 3.815749182654216e-07
  },
  "kim2015_gruneisen_diagnostics": "",
  "fit_metrics": {
    "n": 551,
    "sign_mismatch_n": 1,
    "max_abs_z": 7.448768686272963,
    "rms_z": 3.347245304490905,
    "reduced_chi2": 11.265387174759967,
    "exceed_3sigma_n": 281
  },
  "holdout_splits": [
    {
      "name": "A",
      "train_T_K": [
        50.0,
        300.0
      ],
      "test_T_K": [
        300.0,
        600.0
      ],
      "params": {
        "A_TA_mol_per_J": -1.5098211124277918e-07,
        "A_LA_mol_per_J": 2.6231049414840797e-07,
        "A_opt_mol_per_J": 3.5102705659625646e-07,
        "delta_gamma_dimensionless": "",
        "softening_frac_at_Tmax": "",
        "enforce_signs": false,
        "ridge_factor": 0.0,
        "ridge_lambda": 0.0,
        "coeff_unit": "A_mol_per_J",
        "fit_sse": 94.71231996868258
      },
      "train": {
        "n": 251,
        "sign_mismatch_n": 0,
        "max_abs_z": 1.4813178633990818,
        "rms_z": 0.6142800014602092,
        "reduced_chi2": 0.3819045160027525,
        "exceed_3sigma_n": 0
      },
      "test": {
        "n": 301,
        "sign_mismatch_n": 0,
        "max_abs_z": 20.523396327165596,
        "rms_z": 11.46852986279656,
        "reduced_chi2": 131.52717721385648,
        "exceed_3sigma_n": 253
      }
    },
    {
      "name": "B",
      "train_T_K": [
        200.0,
        600.0
      ],
      "test_T_K": [
        50.0,
        200.0
      ],
      "params": {
        "A_TA_mol_per_J": 8.510242150259286e-08,
        "A_LA_mol_per_J": -7.808481510839673e-07,
        "A_opt_mol_per_J": 5.531137407269963e-07,
        "delta_gamma_dimensionless": "",
        "softening_frac_at_Tmax": "",
        "enforce_signs": false,
        "ridge_factor": 0.0,
        "ridge_lambda": 0.0,
        "coeff_unit": "A_mol_per_J",
        "fit_sse": 746.8386729767924
      },
      "train": {
        "n": 401,
        "sign_mismatch_n": 0,
        "max_abs_z": 3.54525251387465,
        "rms_z": 1.3647126367809113,
        "reduced_chi2": 1.8764790778311367,
        "exceed_3sigma_n": 3
      },
      "test": {
        "n": 151,
        "sign_mismatch_n": 74,
        "max_abs_z": 125.12005795662087,
        "rms_z": 76.43600914414682,
        "reduced_chi2": 5842.463493884096,
        "exceed_3sigma_n": 151
      }
    }
  ],
  "falsification": {
    "strict_criteria": {
      "max_abs_z_le": 3.0,
      "reduced_chi2_le": 2.0,
      "sign_mismatch_n_eq": 0
    },
    "strict_ok": false,
    "holdout_ok": false,
    "notes": [
      "This test freezes the mode-weighting via a phonon DOS proxy, and fits only a small number of effective coefficients (per-group A).",
      "holdout_ok requires the test ranges (A/B) to remain within the same strict criteria, to reject range-selection artifacts."
    ]
  },
  "outputs": {
    "csv": "C:\\develop\\waveP\\output\\public\\quantum\\condensed_silicon_thermal_expansion_gruneisen_phonon_dos_mode_gamma_three_group_model.csv",
    "png": "C:\\develop\\waveP\\output\\public\\quantum\\condensed_silicon_thermal_expansion_gruneisen_phonon_dos_mode_gamma_three_group_model.png"
  },
  "notes": [
    "ω-split is defined at the half-integral of D(ω) to proxy the 3+3 mode count split (acoustic vs optical) in diamond Si.",
    "For groups=3, TA/LA split uses the 2:1 mode-count ratio within acoustic branches (2 TA, 1 LA).",
    "A parameters correspond to effective (γ/(B V_m)) per group up to a convention factor; this step focuses on procedure sensitivity (holdout) rather than absolute γ values."
  ]
}
