split,model,train_min_T_K,train_max_T_K,test_min_T_K,test_max_T_K,train_max_abs_z,train_reduced_chi2,test_max_abs_z,test_reduced_chi2,train_sign_mismatch_n,test_sign_mismatch_n,train_exceed_3sigma_n,test_exceed_3sigma_n,param_theta_E_K,param_theta_E1_K,param_theta_E2_K,param_A_D_mol_per_J,param_A_E_mol_per_J,param_A_E1_mol_per_J,param_A_E2_mol_per_J
A,einstein_1,50.0,300.0,300.0,600.0,14.465726244720432,29.53221155496819,50.13098548074385,1059.4719432587697,1,0,159,301,571.3431344634413,,,-2.3491308890387908e-07,3.951707501920454e-07,,
A,einstein_2,50.0,300.0,300.0,600.0,0.9440161319062395,0.18790007767790753,15.401787600121017,63.10581864631524,0,0,0,201,,211.63024340005452,706.7450267823758,7.51188256800584e-08,,-5.531858372146454e-08,1.5061239916208157e-07
B,einstein_1,200.0,600.0,50.0,200.0,3.5643889587352118,1.6686244247519961,85.94743383426876,3026.786684284242,0,29,3,151,731.1215452563646,,,-2.368737262848945e-08,1.9870032192843e-07,,
B,einstein_2,200.0,600.0,50.0,200.0,0.3060207200398875,0.005843781570117121,45.30281731030026,561.5595110438526,0,4,0,105,,631.2004351406835,2360.194482871785,-1.2006778629617762e-07,,2.8875875238342034e-07,1.3415492918297549e-08
