split,model_id,train_min_log10rho,train_max_log10rho,test_min_log10rho,test_max_log10rho,supported,reason,train_n,train_max_abs_z,train_reduced_chi2,test_n,test_max_abs_z,test_reduced_chi2,train_exceed_3sigma_n,test_exceed_3sigma_n,param_mean_pct_per_K,param_sigma_train_proxy_pct_per_K,param_sigma_floor_pct_per_K,param_sigma_proxy_pct_per_K,param_intercept_pct_per_K,param_slope_pct_per_K_per_log10rho
A_low_to_high,const_mean_fit,-3.110082316563794,-0.6458915608525991,-0.5965362986546825,3.064083435963596,True,,11,1.4352066644520636,0.7642637379288858,10,3.0630677082343283,4.537888292750661,0,1,0.24725284103292697,0.23175737941375446,0.1579163313239616,0.23175737941375446,,
A_low_to_high,linear_logrho_2p,-3.110082316563794,-0.6458915608525991,-0.5965362986546825,3.064083435963596,True,,11,1.1066851262968984,0.8693381372979105,10,1.7220385262556814,0.9724705109592395,0,0,,0.1767361203906187,0.1579163313239616,0.1767361203906187,0.5031090605637131,0.15640150743386985
B_high_to_low,const_mean_fit,-0.5965362986546825,3.064083435963596,-3.110082316563794,-0.6458915608525991,True,,10,3.1766262297308776,1.8366751173363294,11,4.285537558931026,9.61732385429056,1,6,0.6972691967630034,0.12049038842083788,0.1579163313239616,0.1579163313239616,,
B_high_to_low,linear_logrho_2p,-0.5965362986546825,3.064083435963596,-3.110082316563794,-0.6458915608525991,True,,10,2.60491821815388,1.0901043952324916,11,2.225698912295761,1.817385273203584,0,0,,0.08301308057162485,0.1579163313239616,0.1579163313239616,0.6095821348914096,0.12947590536617284
