{
  "generated_utc": "2026-02-11T14:05:02.384297+00:00",
  "dataset": {
    "profile": "hensen2015",
    "source": "Delft loophole-free Bell test (Hensen et al. 2015) open data",
    "zip": "C:\\develop\\waveP\\data\\quantum\\sources\\delft_hensen2015\\data.zip",
    "member": "bell_open_data.txt"
  },
  "params": {
    "event_ready_window_start_channel0_ps": 5426350,
    "event_ready_window_start_channel1_ps": 5425700,
    "event_ready_window_length_ps": 52450,
    "event_ready_window_separation_ps": 250000,
    "readout_window_start_ns": 10620,
    "readout_window_length_ns": 3700,
    "check_for_invalid_marker_in_past": 250,
    "start_offset_min_ps": -3000,
    "start_offset_max_ps": 4000,
    "sweep": {
      "start_offset_min_ps": -3000,
      "start_offset_max_ps": 4000,
      "start_offset_points": 100
    }
  },
  "baseline": {
    "n_trials": 245,
    "k": 196,
    "p_value": 0.0391746435587903,
    "correlation_matrix": [
      [
        23,
        3,
        4,
        23
      ],
      [
        33,
        11,
        5,
        30
      ],
      [
        22,
        10,
        6,
        24
      ],
      [
        4,
        20,
        21,
        6
      ]
    ],
    "E": [
      0.7358490566037735,
      0.5949367088607594,
      0.4838709677419355,
      -0.6078431372549019
    ],
    "E_err": [
      0.09301310172424548,
      0.09043147713229173,
      0.11114280893085277,
      0.11119023801241378
    ],
    "S": 2.4224998704613703,
    "S_err": 0.20382659825201987
  },
  "sweep_start_offset": {
    "start_offset_ps": [
      -3000,
      -2929,
      -2858,
      -2787,
      -2717,
      -2646,
      -2575,
      -2505,
      -2434,
      -2363,
      -2292,
      -2222,
      -2151,
      -2080,
      -2010,
      -1939,
      -1868,
      -1797,
      -1727,
      -1656,
      -1585,
      -1515,
      -1444,
      -1373,
      -1303,
      -1232,
      -1161,
      -1090,
      -1020,
      -949,
      -878,
      -808,
      -737,
      -666,
      -595,
      -525,
      -454,
      -383,
      -313,
      -242,
      -171,
      -101,
      -30,
      40,
      111,
      181,
      252,
      323,
      393,
      464,
      535,
      606,
      676,
      747,
      818,
      888,
      959,
      1030,
      1101,
      1171,
      1242,
      1313,
      1383,
      1454,
      1525,
      1595,
      1666,
      1737,
      1808,
      1878,
      1949,
      2020,
      2090,
      2161,
      2232,
      2303,
      2373,
      2444,
      2515,
      2585,
      2656,
      2727,
      2797,
      2868,
      2939,
      3010,
      3080,
      3151,
      3222,
      3292,
      3363,
      3434,
      3505,
      3575,
      3646,
      3717,
      3787,
      3858,
      3929,
      4000
    ],
    "n_trials": [
      535,
      526,
      522,
      512,
      503,
      493,
      481,
      474,
      465,
      448,
      441,
      430,
      419,
      406,
      399,
      393,
      388,
      377,
      368,
      358,
      355,
      346,
      337,
      331,
      329,
      321,
      317,
      311,
      302,
      298,
      295,
      289,
      284,
      278,
      274,
      271,
      267,
      264,
      261,
      257,
      254,
      249,
      246,
      244,
      242,
      240,
      235,
      230,
      226,
      221,
      219,
      217,
      215,
      214,
      211,
      211,
      209,
      206,
      200,
      197,
      193,
      191,
      190,
      186,
      183,
      180,
      177,
      175,
      171,
      171,
      168,
      163,
      162,
      160,
      160,
      160,
      157,
      155,
      156,
      152,
      149,
      148,
      146,
      144,
      143,
      143,
      142,
      140,
      140,
      137,
      137,
      135,
      133,
      132,
      132,
      131,
      127,
      127,
      125,
      125
    ],
    "S": [
      1.720186715641261,
      1.7106421112506305,
      1.7113860554111882,
      1.7430902761160048,
      1.7476947163882148,
      1.7476966719658205,
      1.7504559831883246,
      1.7889207490804344,
      1.8095249003527738,
      1.9070512820512824,
      1.929321233794464,
      1.9790282167208897,
      2.0141580641580643,
      2.0491510915797457,
      2.089921219899219,
      2.1465597532641176,
      2.1882621951219514,
      2.25140028609491,
      2.282067391423473,
      2.3193608324043105,
      2.3258005152741994,
      2.3541144178312323,
      2.389903658996374,
      2.436580594679186,
      2.4264142500546613,
      2.478746057355485,
      2.488450704225352,
      2.4860073550960986,
      2.4899005826586924,
      2.4937103584813802,
      2.4987820516316144,
      2.489236253942136,
      2.4969063616122438,
      2.466015503788763,
      2.4479070526134104,
      2.4303386138505756,
      2.4369788106630215,
      2.4457971528146967,
      2.4844392598183855,
      2.4959426269771097,
      2.4789523034026697,
      2.447839361763412,
      2.430692394782927,
      2.4174200446268275,
      2.4037657938332964,
      2.416568677224415,
      2.4439935974389755,
      2.4080205062658036,
      2.3824143692564745,
      2.3791845274545826,
      2.429394880481837,
      2.460359375438006,
      2.4451561927156424,
      2.435055182614632,
      2.4821172911949505,
      2.4821172911949505,
      2.46549267779302,
      2.476226671878846,
      2.4585959648970936,
      2.473257418909593,
      2.440142195941784,
      2.4173962254865775,
      2.407734389737785,
      2.3568045797553996,
      2.3693404634581103,
      2.3391120507399576,
      2.316642557768629,
      2.3034078324776,
      2.2970779220779223,
      2.2970779220779223,
      2.272922312556459,
      2.3020888292374386,
      2.335814319433517,
      2.3066166353971234,
      2.3066166353971234,
      2.3066166353971234,
      2.3387821951851877,
      2.3106623265480777,
      2.3211152882205512,
      2.335906656272789,
      2.3101555589360467,
      2.365540174320662,
      2.3474938574938577,
      2.3798378700704284,
      2.369041648747891,
      2.369041648747891,
      2.357661847894406,
      2.340900900900901,
      2.340900900900901,
      2.3638095238095236,
      2.3638095238095236,
      2.343914736626358,
      2.3252941176470587,
      2.3128163992869877,
      2.3128163992869877,
      2.362727272727273,
      2.310833333333333,
      2.310833333333333,
      2.356294458229942,
      2.356294458229942
    ],