{
  "generated_utc": "2026-02-11T14:05:02.385463+00:00",
  "dataset": {
    "profile": "hensen2016_srep30289",
    "source": "Delft second loophole-free Bell test (Hensen et al. 2016; Sci Rep 6, 30289) open data",
    "zip": "C:\\develop\\waveP\\data\\quantum\\sources\\delft_hensen2016_srep30289\\data.zip",
    "members": [
      "bell_open_data_2_old_detector.txt",
      "bell_open_data_2_new_detector.txt"
    ]
  },
  "params": {
    "event_ready_window_start_channel0_old_detector_ps": 5426000,
    "event_ready_window_start_channel0_new_detector_ps": 5425300,
    "event_ready_window_start_channel1_ps": 5425100,
    "event_ready_window_length_ps": 50000,
    "event_ready_window_separation_ps": 250000,
    "event_ready_second_window_length_psi_plus_channel0_ps": 4000,
    "event_ready_second_window_length_psi_plus_channel1_ps": 2500,
    "readout_window_start_ns": 10620,
    "readout_window_length_ns": 3700,
    "check_for_invalid_marker_in_past": 250,
    "start_offset_min_ps": -3000,
    "start_offset_max_ps": 4000,
    "sweep": {
      "start_offset_min_ps": -3000,
      "start_offset_max_ps": 4000,
      "start_offset_points": 100
    }
  },
  "baseline": {
    "n_trials_total": 300,
    "k_total": 237,
    "p_value": 0.060727644566032635,
    "psi_plus": {
      "n_trials": 72,
      "S": 2.4651039363113667,
      "S_err": 0.368187879670932
    },
    "psi_min": {
      "n_trials": 228,
      "S": 2.308954698785207,
      "S_err": 0.21260245902137276
    },
    "combined": {
      "S": 2.3464305157914853,
      "S_err": 0.18416242025166854
    }
  },
  "sweep_start_offset": {
    "start_offset_ps": [
      -3000,
      -2929,
      -2858,
      -2787,
      -2717,
      -2646,
      -2575,
      -2505,
      -2434,
      -2363,
      -2292,
      -2222,
      -2151,
      -2080,
      -2010,
      -1939,
      -1868,
      -1797,
      -1727,
      -1656,
      -1585,
      -1515,
      -1444,
      -1373,
      -1303,
      -1232,
      -1161,
      -1090,
      -1020,
      -949,
      -878,
      -808,
      -737,
      -666,
      -595,
      -525,
      -454,
      -383,
      -313,
      -242,
      -171,
      -101,
      -30,
      40,
      111,
      181,
      252,
      323,
      393,
      464,
      535,
      606,
      676,
      747,
      818,
      888,
      959,
      1030,
      1101,
      1171,
      1242,
      1313,
      1383,
      1454,
      1525,
      1595,
      1666,
      1737,
      1808,
      1878,
      1949,
      2020,
      2090,
      2161,
      2232,
      2303,
      2373,
      2444,
      2515,
      2585,
      2656,
      2727,
      2797,
      2868,
      2939,
      3010,
      3080,
      3151,
      3222,
      3292,
      3363,
      3434,
      3505,
      3575,
      3646,
      3717,
      3787,
      3858,
      3929,
      4000
    ],
    "n_trials_total": [
      867,
      849,
      834,
      819,
      798,
      783,
      767,
      759,
      738,
      715,
      687,
      661,
      635,
      610,
      587,
      567,
      556,
      538,
      525,
      496,
      483,
      468,
      455,
      446,
      424,
      412,
      400,
      391,
      375,
      366,
      358,
      354,
      346,
      342,
      334,
      330,
      327,
      327,
      320,
      315,
      312,
      307,
      305,
      300,
      295,
      291,
      287,
      285,
      282,
      280,
      279,
      274,
      272,
      264,
      261,
      260,
      247,
      244,
      239,
      234,
      232,
      232,
      230,
      229,
      223,
      222,
      218,
      217,
      213,
      212,
      204,
      200,
      200,
      199,
      199,
      201,
      196,
      196,
      195,
      190,
      189,
      188,
      190,
      187,
      183,
      180,
      179,
      174,
      173,
      171,
      169,
      167,
      165,
      164,
      164,
      165,
      161,
      159,
      159,
      159
    ],
    "S_combined": [
      1.1304342376910324,
      1.1049404725568095,
      1.100325361836174,
      1.129319479511227,
      1.1841916604583642,
      1.2198685352789567,
      1.2464688331103788,
      1.247143366340272,
      1.274407469301589,
      1.2885602024599714,
      1.3200324273827535,
      1.356346503508672,
      1.3800646765606506,
      1.4368914206986538,
      1.4581345128282228,
      1.49561251041736,
      1.5035429657212163,
      1.5275219743366362,
      1.5848058570743322,
      1.629758023377215,
      1.700690128503962,
      1.7437671985089003,
      1.8713100108537066,
      1.9657656214791097,
      2.069836313923492,
      2.106400584150693,
      2.126203704585914,
      2.172386013487262,
      2.233812698305867,
      2.2560540353249205,
      2.289273303960658,
      2.348869258148403,
      2.365432666800103,
      2.3484168279784052,
      2.352905844246087,
      2.332761306236875,
      2.3358894670244412,
      2.3577100119228653,
      2.319547376513518,
      2.317819958734316,
      2.331246681185513,
      2.333109133952207,
      2.3205222517758677,
      2.3442792552872835,
      2.3508927782922093,
      2.349367396653131,
      2.3244151559555664,
      2.3067841244840004,
      2.3673748960855803,
      2.4139607843137254,
      2.41276938128581,
      2.355452696509517,
      2.377118362179753,
      2.372603287147643,
      2.387147420123369,
      2.3842483946241217,
      2.3638449299275335,
      2.314596832452599,
      2.3465878454512437,
      2.310698754324566,
      2.247780326746053,
      2.2226837254905867,
      2.2104160379987503,
      2.2381981498826073,
      2.3289473028429235,
      2.3158124169258842,
      2.3545084004817483,
      2.3493741714627117,
      2.3618745467102653,
      2.3956310840836554,
      2.399498222297388,
      2.3907241142070865,
      2.396337511817388,
      2.394148286108085,
      2.365988453615371,
      2.356631262525866,
      2.341811363239935,
      2.341811363239935,
      2.357608150187336,
      2.3542649416333625,
      2.357894472436956,
      2.348216464110828,
      2.3670086325209967,
      2.497598589467102,
      2.5074027074658867,
      2.466196110628159,
      2.4589565435112593,
      2.46604491094011,
      2.460663041417887,
      2.516098271172231,
      2.490474360992983,
      2.4978415124593356,
      2.542289949108131,
      2.535420795329332,
      2.4757956068321922,
      2.4831184573002756,
      2.404473879257838,
      2.3143911871557483,
      2.35752715598399,
      2.39930613172523
    ],