{
  "generated_utc": "2026-02-22T08:21:25.040188+00:00",
  "phase": 7,
  "step": "7.12",
  "title": "Molecular baseline (D2; NIST WebBook diatomic constants)",
  "source_cache": {
    "extracted_values": "C:\\develop\\waveP\\data\\quantum\\sources\\nist_webbook_diatomic_d2\\extracted_values.json"
  },
  "species": "D2",
  "webbook_id": "C7782390",
  "state": "X 1Σg+ 1sσ2",
  "constants": {
    "Te_cm^-1": 0.0,
    "omega_e_cm^-1": 3115.5,
    "omega_e_x_e_cm^-1": 61.82,
    "B_e_cm^-1": 30.4436,
    "alpha_e_cm^-1": 1.0786,
    "D_e_cm^-1": 0.01141,
    "r_e_A": 0.74152
  },
  "derived": {
    "omega_e": {
      "frequency_THz": 93.4003402899,
      "energy_eV": 0.38627277021863543
    },
    "omega_e_x_e": {
      "frequency_THz": 1.853316975356,
      "energy_eV": 0.007664703147140441
    },
    "B_e": {
      "frequency_THz": 0.91267616743688,
      "energy_eV": 0.0037745253434209756
    },
    "alpha_e": {
      "frequency_THz": 0.03233561451988,
      "energy_eV": 0.00013372935643004983
    },
    "D_e": {
      "frequency_THz": 0.000342063194578,
      "energy_eV": 1.414659704122815e-06
    },
    "r_e": {
      "meters": 7.4152e-11
    },
    "morse": {
      "D_e_cm^-1": 39252.42741022323,
      "D0_cm^-1": 37710.13241022323,
      "D_e_eV": 4.866680749013907,
      "D0_eV": 4.675460539691374
    }
  },
  "note": "This output fixes a small set of diatomic constants as a reproducible baseline. The Morse D0/De values are phenomenological estimates derived from ωe and ωexe, not independent data. P-model derivation of molecular binding is tracked in Roadmap Step 7.12+."
}