group_type,group,n_rows,n_sigma_rows,n_half_life_rows,median_abs_resid_before_MeV,median_abs_resid_after_MeV,rms_resid_before_MeV,rms_resid_after_MeV,median_abs_z_after,n_abs_z_after_gt3,pearson_q_obs_vs_q_pred_after,pearson_logq_obs_vs_logt_half,pearson_logq_pred_vs_logt_half,mode_tp,mode_tn,mode_fp,mode_fn,mode_consistency_accuracy,mode_false_positive_rate,mode_false_negative_rate
channel,beta_minus,3145,3145,2673,5.93765326810133,6.0301566914730635,9.713237703937045,10.167854710441725,178.04913321238752,3100,-0.19248956096768377,-0.7926575444978282,0.05483579350917756,850,479,1256,560,0.42257551669316373,0.3993640699523052,0.178060413354531
channel,beta_plus,3120,3120,2755,5.830971831898957,5.8902830533645805,9.50844619717755,9.95840165490049,181.09235826381627,3063,-0.18526239184812637,-0.537171394795514,-0.012509214385208101,224,1516,378,1002,0.5576923076923077,0.12115384615384615,0.3211538461538462
