{
  "generated_utc": "2026-02-16T08:21:31.748571+00:00",
  "phase": 7,
  "step": "7.16.16",
  "inputs": {
    "pairing_per_nucleus_csv": {
      "path": "C:\\develop\\waveP\\output\\public\\quantum\\nuclear_pairing_effect_systematics_per_nucleus.csv",
      "sha256": "2a46dbde91c57d5190eb6efa347ca5eed644e226dcd54f47faefbbebe89fda5e"
    },
    "nudat_primary_json": {
      "path": "C:\\develop\\waveP\\data\\quantum\\sources\\nndc_nudat3_primary_secondary\\primary.json",
      "sha256": "8fe4b48041c42ac01e8bc5daa2aedd51849161d0ac8e098f37039fc388f3e796"
    },
    "nudat_secondary_json": {
      "path": "C:\\develop\\waveP\\data\\quantum\\sources\\nndc_nudat3_primary_secondary\\secondary.json",
      "sha256": "eb1d29c38c2d6f510395938e856f421ad737d6e0bbcd1cc8e26c999c6ff2ae75"
    }
  },
  "constants": {
    "M_neutron_u": 1.00866491595,
    "M_hydrogen_u": 1.00782503223,
    "M_electron_u": 0.000548579909065,
    "amu_to_MeV": 931.49410242,
    "Q_const_beta_minus_MeV": 0.7823467318986645,
    "Q_const_beta_plus_MeV": -1.8043446318989593
  },
  "counts": {
    "n_rows_total": 6265,
    "n_rows_beta_minus": 3145,
    "n_rows_beta_plus": 3120,
    "n_representative_rows": 48
  },
  "channel_summary": [
    {
      "group_type": "channel",
      "group": "beta_minus",
      "n_rows": 3145,
      "n_sigma_rows": 3145,
      "n_half_life_rows": 2673,
      "median_abs_resid_before_MeV": 5.93765326810133,
      "median_abs_resid_after_MeV": 6.0301566914730635,
      "rms_resid_before_MeV": 9.713237703937045,
      "rms_resid_after_MeV": 10.167854710441725,
      "median_abs_z_after": 178.04913321238752,
      "n_abs_z_after_gt3": 3100,
      "pearson_q_obs_vs_q_pred_after": -0.19248956096768377,
      "pearson_logq_obs_vs_logt_half": -0.7926575444978282,
      "pearson_logq_pred_vs_logt_half": 0.05483579350917756,
      "mode_tp": 850,
      "mode_tn": 479,
      "mode_fp": 1256,
      "mode_fn": 560,
      "mode_consistency_accuracy": 0.42257551669316373,
      "mode_false_positive_rate": 0.3993640699523052,
      "mode_false_negative_rate": 0.178060413354531
    },
    {
      "group_type": "channel",
      "group": "beta_plus",
      "n_rows": 3120,
      "n_sigma_rows": 3120,
      "n_half_life_rows": 2755,
      "median_abs_resid_before_MeV": 5.830971831898957,
      "median_abs_resid_after_MeV": 5.8902830533645805,
      "rms_resid_before_MeV": 9.50844619717755,
      "rms_resid_after_MeV": 9.95840165490049,
      "median_abs_z_after": 181.09235826381627,
      "n_abs_z_after_gt3": 3063,
      "pearson_q_obs_vs_q_pred_after": -0.18526239184812637,
      "pearson_logq_obs_vs_logt_half": -0.537171394795514,
      "pearson_logq_pred_vs_logt_half": -0.012509214385208101,
      "mode_tp": 224,
      "mode_tn": 1516,
      "mode_fp": 378,
      "mode_fn": 1002,
      "mode_consistency_accuracy": 0.5576923076923077,
      "mode_false_positive_rate": 0.12115384615384615,
      "mode_false_negative_rate": 0.3211538461538462
    }
  ],
  "outputs": {
    "full_csv": "C:\\develop\\waveP\\output\\public\\quantum\\nuclear_beta_decay_qvalue_prediction_full.csv",
    "summary_csv": "C:\\develop\\waveP\\output\\public\\quantum\\nuclear_beta_decay_qvalue_prediction_summary.csv",
    "representative_csv": "C:\\develop\\waveP\\output\\public\\quantum\\nuclear_beta_decay_qvalue_prediction_representative.csv",
    "figure_png": "C:\\develop\\waveP\\output\\public\\quantum\\nuclear_beta_decay_qvalue_prediction_quantification.png"
  },
  "notes": [
    "Observed Q-values are taken from NuDat secondary.json qValues (betaMinus / positronEmission).",
    "NuDat values are treated as ENSDF-linked operational observables in this cross-check I/F.",
    "Predictions use frozen per-nucleus B from Step 7.16.3 and fixed Q-value conversion constants.",
    "Decay-path consistency is a sign-based proxy (Q_pred_after>0) vs observed mode flags (B-/EC/B+)."
  ]
}