dataset,eq_label,lambda_pi_pm_fm,R1_fm,R2_fm,Rb_fm,R3_fm,L3_total_fm,Lb_fm,Lt_fm,tail_factor,barrier_len_fraction,barrier_height_factor,V1_t_MeV,V2_t_MeV,V3_mean_t_MeV,V3_barrier_t_MeV,V3_tail_t_MeV,V1_s_MeV,V2_s_MeV,Vb_s_MeV,Vt_s_MeV,v2s_pred_fm3,v2s_obs_fm3,v2s_within_envelope,v2t_fit_fm3,v2t_obs_fm3,v2t_within_envelope
eq18 (GWU/SAID),18,1.41381693065,1.05023469799,2.52071776354,3.22762622887,3.9345346942,1.41381693065,0.706908465327,0.706908465327,0.632120558829,0.5,1,64.946307109,20,12.6424111766,12.6424111766,7.58544670594,42.4419160232,12.6908946194,8.02217539888,4.81330523933,-0.148105394578,-0.005,1,-0.206657502345,0.163,0
eq19 (Nijmegen),19,1.41381693065,1.03977069799,2.52719776354,3.23410622887,3.9410146942,1.41381693065,0.706908465327,0.706908465327,0.632120558829,0.5,1,65.6693964556,20,12.6424111766,12.6424111766,7.58544670594,40.6927485521,13.0746653,8.26476473595,4.95885884157,-0.117717029541,-0.48,1,-0.206367703745,0.04,0
