{
  "generated_utc": "2026-02-11T14:11:55.195474+00:00",
  "phase": 7,
  "step": "7.13.17.9",
  "inputs": {
    "all_nuclei_csv": {
      "path": "C:\\develop\\waveP\\output\\public\\quantum\\nuclear_binding_energy_frequency_mapping_ame2020_all_nuclei.csv",
      "sha256": "c45ed52344102f3be025d1d15f2cfdb621a55ccb2bbcd17789c61e93f1c53f0d",
      "rows": 3554
    }
  },
  "frozen_if": {
    "anchor_and_range": "same as Step 7.13.17.7 (R_ref=1/κ_d, J_ref=B_d/2, L=λπ, C=A−1)",
    "global_distance_proxy": "R_model (≈ nuclear radius) is used inside exp((R_ref−R)/L)",
    "local_distance_proxy": "d = ρ^{-1/3} = (4π/3)^{1/3} · r0, with r0=R_model/A^(1/3)"
  },
  "stats": {
    "ratio_global_collective": {
      "n": 3554.0,
      "median": 0.06408133575626773,
      "p16": 0.03283231107002538,
      "p84": 0.18074923073933702
    },
    "ratio_local_spacing_collective": {
      "n": 3554.0,
      "median": 1.431077404018844,
      "p16": 1.3502955888716914,
      "p84": 1.5336293206288114
    },
    "ratio_local_spacing_measured_radii": {
      "n": 907.0,
      "median": 1.4028067027879374,
      "p16": 1.2871709919215772,
      "p84": 1.4976477034673001
    },
    "ratio_local_spacing_radius_law": {
      "n": 2647.0,
      "median": 1.443187076197981,
      "p16": 1.3678596040066497,
      "p84": 1.551331116324958
    },
    "ratio_local_spacing_by_parity": {
      "ee": {
        "n": 886.0,
        "median": 1.4274850075957817,
        "p16": 1.344216754628234,
        "p84": 1.5323786921040752
      },
      "eo": {
        "n": 893.0,
        "median": 1.430377604468976,
        "p16": 1.350414253475969,
        "p84": 1.5334174181303801
      },
      "oe": {
        "n": 888.0,
        "median": 1.4325008085818034,
        "p16": 1.3512929694301397,
        "p84": 1.5334599533579896
      },
      "oo": {
        "n": 887.0,
        "median": 1.4326305867023743,
        "p16": 1.3550584751295334,
        "p84": 1.5338611658056325
      }
    },
    "ratio_local_spacing_magic_any": {
      "n": 298.0,
      "median": 1.412562010121623,
      "p16": 1.3258995782361966,
      "p84": 1.522151894240467
    },
    "ratio_local_spacing_nonmagic": {
      "n": 3256.0,
      "median": 1.4318818702562672,
      "p16": 1.3518345476275673,
      "p84": 1.5348197868845723
    }
  },
  "outputs": {
    "png": "C:\\develop\\waveP\\output\\public\\quantum\\nuclear_binding_energy_frequency_mapping_differential_predictions.png",
    "csv": "C:\\develop\\waveP\\output\\public\\quantum\\nuclear_binding_energy_frequency_mapping_differential_predictions.csv"
  },
  "notes": [
    "This step does not add fit freedom; it audits which 'distance' interpretation dominates the all-nuclei mismatch.",
    "If a local spacing proxy largely removes the A-trend, the remaining structure (pairing/magic) can be treated as secondary corrections rather than the dominant failure mode."
  ]
}