{
  "generated_utc": "2026-02-16T02:58:39.988395+00:00",
  "phase": 8,
  "step": "8.7.12",
  "inputs": {
    "blackbody_constants_extracted_values": {
      "path": "C:\\develop\\waveP\\data\\quantum\\sources\\nist_codata_2022_blackbody_constants\\extracted_values.json",
      "sha256": "ffe4c2234b9bf48c59898745bd5688a50a9f314e5e1eec63e172c24486032742"
    }
  },
  "constants": {
    "c_m_per_s": 299792458.0,
    "h_J_s": 6.62607015e-34,
    "kB_J_per_K": 1.380649e-23,
    "stefan_boltzmann_sigma": 5.6703744191844314e-08,
    "radiation_constant_a": 7.565733250280007e-16,
    "zeta3": 1.2020569031595942
  },
  "assumptions": {
    "sign_convention": "Φ_n/P is positive for photon gas; model fit is applied to abs(Φ_n/P) and sign=+1 is fixed.",
    "sigma_proxy": "1 ppm relative tolerance (operational, analytic baseline)",
    "holdout_reduced_chi2_definition": {
      "train": "sum(z^2)/max(1,n-params)",
      "test": "sum(z^2)/max(1,n)  (no parameters are fit on the test split)"
    }
  },
  "data_range_T_K": [
    1.0,
    10000.0
  ],
  "splits": [
    {
      "name": "A_low_to_high",
      "train_T_K": [
        1.0,
        94.33732216299774
      ],
      "test_T_K": [
        106.00258488068825,
        10000.0
      ],
      "models": {
        "powerlaw_abs_fit_2p": {
          "params": {
            "log10_abs_coeff": 30.780245474438654,
            "exponent": -1.0000000000000067,
            "sign": 1.0
          },
          "train": {
            "n": 40,
            "max_abs_z": 4.5144175658368445e-08,
            "rms_z": 3.139723083116512e-08,
            "reduced_chi2": 1.03766958301628e-15,
            "exceed_3sigma_n": 0
          },
          "test": {
            "n": 40,
            "max_abs_z": 7.636760525684985e-08,
            "rms_z": 6.180676595722673e-08,
            "reduced_chi2": 3.820076318091402e-15,
            "exceed_3sigma_n": 0
          }
        },
        "fixed_exponent_minus1_abs_fit": {
          "params": {
            "abs_coeff": 6.02900264559366e+30,
            "exponent": -1.0,
            "sign": 1.0
          },
          "train": {
            "n": 40,
            "max_abs_z": 2.683415897242808e-10,
            "rms_z": 1.1091197928358846e-10,
            "reduced_chi2": 1.2616889383182724e-20,
            "exceed_3sigma_n": 0
          },
          "test": {
            "n": 40,
            "max_abs_z": 3.61100872689312e-10,
            "rms_z": 1.449933782044709e-10,
            "reduced_chi2": 2.102307972314474e-20,
            "exceed_3sigma_n": 0
          }
        }
      }
    },
    {
      "name": "B_high_to_low",
      "train_T_K": [
        106.00258488068825,
        10000.0
      ],
      "test_T_K": [
        1.0,
        94.33732216299774
      ],
      "models": {
        "powerlaw_abs_fit_2p": {
          "params": {
            "log10_abs_coeff": 30.780245474438644,
            "exponent": -0.9999999999999991,
            "sign": 1.0
          },
          "train": {
            "n": 40,
            "max_abs_z": 3.527684558759927e-08,
            "rms_z": 3.326251748349807e-08,
            "reduced_chi2": 1.1646263887789632e-15,
            "exceed_3sigma_n": 0
          },
          "test": {
            "n": 40,
            "max_abs_z": 3.944982394660797e-08,
            "rms_z": 3.741432435525436e-08,
            "reduced_chi2": 1.3998316669601795e-15,
            "exceed_3sigma_n": 0
          }
        },
        "fixed_exponent_minus1_abs_fit": {
          "params": {
            "abs_coeff": 6.02900264559366e+30,
            "exponent": -1.0,
            "sign": 1.0
          },
          "train": {
            "n": 40,
            "max_abs_z": 3.61100872689312e-10,
            "rms_z": 1.449933782044709e-10,
            "reduced_chi2": 2.1562133049379222e-20,
            "exceed_3sigma_n": 0
          },
          "test": {
            "n": 40,
            "max_abs_z": 2.683415897242808e-10,
            "rms_z": 1.1091197928358846e-10,
            "reduced_chi2": 1.2301467148603155e-20,
            "exceed_3sigma_n": 0
          }
        }
      }
    }
  ],
  "outputs": {
    "csv": "C:\\develop\\waveP\\output\\public\\quantum\\thermo_blackbody_photon_flux_per_pressure_holdout_splits.csv",
    "png": "C:\\develop\\waveP\\output\\public\\quantum\\thermo_blackbody_photon_flux_per_pressure_holdout_splits.png"
  },
  "notes": [
    "Analytic holdout for Φ_n/P (photon flux per radiation pressure) based on blackbody identities.",
    "This is a procedural regression check, not an observational inference."
  ]
}
