{
  "generated_utc": "2026-02-14T01:28:53.701117+00:00",
  "phase": 7,
  "step": "7.20.6",
  "inputs": {
    "blackbody_constants_extracted_values": {
      "path": "C:\\develop\\waveP\\data\\quantum\\sources\\nist_codata_2022_blackbody_constants\\extracted_values.json",
      "sha256": "ffe4c2234b9bf48c59898745bd5688a50a9f314e5e1eec63e172c24486032742"
    }
  },
  "constants": {
    "c_m_per_s": 299792458.0,
    "h_J_s": 6.62607015e-34,
    "kB_J_per_K": 1.380649e-23,
    "radiation_constant_a": 7.565733250280007e-16
  },
  "assumptions": {
    "sigma_proxy": "1 ppm relative tolerance (operational, analytic baseline)",
    "holdout_reduced_chi2_definition": {
      "train": "sum(z^2)/max(1,n-params)",
      "test": "sum(z^2)/max(1,n)  (no parameters are fit on the test split)"
    }
  },
  "data_range_T_K": [
    1.0,
    10000.0
  ],
  "splits": [
    {
      "name": "A_low_to_high",
      "train_T_K": [
        1.0,
        94.33732216299774
      ],
      "test_T_K": [
        106.00258488068825,
        10000.0
      ],
      "models": {
        "powerlaw_fit_2p": {
          "params": {
            "log10_coeff": 0.12493873660829999,
            "exponent": -0.9999999999999997
          },
          "train": {
            "n": 40,
            "max_abs_z": 1.5572159179317126e-09,
            "rms_z": 9.658328994882383e-10,
            "reduced_chi2": 9.819296734040606e-19,
            "exceed_3sigma_n": 0
          },
          "test": {
            "n": 40,
            "max_abs_z": 3.3155321813446865e-09,
            "rms_z": 2.469363385201019e-09,
            "reduced_chi2": 6.0977555281714364e-18,
            "exceed_3sigma_n": 0
          }
        },
        "fixed_exponent_minus1_fit": {
          "params": {
            "coeff": 1.3333333333333333,
            "exponent": -1.0
          },
          "train": {
            "n": 40,
            "max_abs_z": 3.4166569477282655e-10,
            "rms_z": 1.36258745082535e-10,
            "reduced_chi2": 1.9042508319453598e-20,
            "exceed_3sigma_n": 0
          },
          "test": {
            "n": 40,
            "max_abs_z": 3.1996925154157194e-10,
            "rms_z": 1.4788746152216737e-10,
            "reduced_chi2": 2.1870701275470533e-20,
            "exceed_3sigma_n": 0
          }
        }
      }
    },
    {
      "name": "B_high_to_low",
      "train_T_K": [
        106.00258488068825,
        10000.0
      ],
      "test_T_K": [
        1.0,
        94.33732216299774
      ],
      "models": {
        "powerlaw_fit_2p": {
          "params": {
            "log10_coeff": 0.12493873660830059,
            "exponent": -1.0000000000000002
          },
          "train": {
            "n": 40,
            "max_abs_z": 6.440294302245264e-10,
            "rms_z": 3.220506412200842e-10,
            "reduced_chi2": 1.0917538474764988e-19,
            "exceed_3sigma_n": 0
          },
          "test": {
            "n": 40,
            "max_abs_z": 1.4988010832439615e-09,
            "rms_z": 9.862244751834955e-10,
            "reduced_chi2": 9.72638715450961e-19,
            "exceed_3sigma_n": 0
          }
        },
        "fixed_exponent_minus1_fit": {
          "params": {
            "coeff": 1.3333333333333333,
            "exponent": -1.0
          },
          "train": {
            "n": 40,
            "max_abs_z": 3.1996925154157194e-10,
            "rms_z": 1.4788746152216737e-10,
            "reduced_chi2": 2.2431488487662086e-20,
            "exceed_3sigma_n": 0
          },
          "test": {
            "n": 40,
            "max_abs_z": 3.4166569477282655e-10,
            "rms_z": 1.36258745082535e-10,
            "reduced_chi2": 1.8566445611467256e-20,
            "exceed_3sigma_n": 0
          }
        }
      }
    }
  ],
  "outputs": {
    "csv": "C:\\develop\\waveP\\output\\public\\quantum\\thermo_blackbody_entropy_energy_ratio_holdout_splits.csv",
    "png": "C:\\develop\\waveP\\output\\public\\quantum\\thermo_blackbody_entropy_energy_ratio_holdout_splits.png"
  },
  "notes": [
    "Analytic holdout for s/u = (4/3) T^-1 based on blackbody entropy and energy densities.",
    "This is a procedural regression check, not an observational inference."
  ]
}
