{
  "generated_utc": "2026-02-15T13:58:59.817468+00:00",
  "phase": 8,
  "step": "8.7.12",
  "inputs": {
    "blackbody_constants_extracted_values": {
      "path": "C:\\develop\\waveP\\data\\quantum\\sources\\nist_codata_2022_blackbody_constants\\extracted_values.json",
      "sha256": "ffe4c2234b9bf48c59898745bd5688a50a9f314e5e1eec63e172c24486032742"
    }
  },
  "constants": {
    "c_m_per_s": 299792458.0,
    "h_J_s": 6.62607015e-34,
    "kB_J_per_K": 1.380649e-23,
    "stefan_boltzmann_sigma": 5.6703744191844314e-08,
    "radiation_constant_a": 7.565733250280007e-16,
    "zeta3": 1.2020569031595942
  },
  "assumptions": {
    "sign_convention": "f/n is negative for photon gas; model fit is applied to abs(f/n) and sign=-1 is fixed.",
    "sigma_proxy": "1 ppm relative tolerance (operational, analytic baseline)",
    "holdout_reduced_chi2_definition": {
      "train": "sum(z^2)/max(1,n-params)",
      "test": "sum(z^2)/max(1,n)  (no parameters are fit on the test split)"
    }
  },
  "data_range_T_K": [
    1.0,
    10000.0
  ],
  "splits": [
    {
      "name": "A_low_to_high",
      "train_T_K": [
        1.0,
        94.33732216299774
      ],
      "test_T_K": [
        106.00258488068825,
        10000.0
      ],
      "models": {
        "powerlaw_abs_fit_2p": {
          "params": {
            "log10_abs_coeff": -22.90548476283869,
            "exponent": 1.0000000000000042,
            "sign": -1.0
          },
          "train": {
            "n": 40,
            "max_abs_z": 3.351876692808364e-08,
            "rms_z": 2.4628883642829494e-08,
            "reduced_chi2": 6.385072731495096e-16,
            "exceed_3sigma_n": 0
          },
          "test": {
            "n": 40,
            "max_abs_z": 5.36432436568004e-08,
            "rms_z": 4.412186332050415e-08,
            "reduced_chi2": 1.946738822873249e-15,
            "exceed_3sigma_n": 0
          }
        },
        "fixed_exponent_1_abs_fit": {
          "params": {
            "abs_coeff": 1.2431262499905583e-23,
            "exponent": 1.0,
            "sign": -1.0
          },
          "train": {
            "n": 40,
            "max_abs_z": 9.063091880316377e-10,
            "rms_z": 4.0462671035337006e-10,
            "reduced_chi2": 1.6792079459629749e-19,
            "exceed_3sigma_n": 0
          },
          "test": {
            "n": 40,
            "max_abs_z": 1.2363644511883538e-09,
            "rms_z": 4.5739025027490266e-10,
            "reduced_chi2": 2.092058410465381e-19,
            "exceed_3sigma_n": 0
          }
        }
      }
    },
    {
      "name": "B_high_to_low",
      "train_T_K": [
        106.00258488068825,
        10000.0
      ],
      "test_T_K": [
        1.0,
        94.33732216299774
      ],
      "models": {
        "powerlaw_abs_fit_2p": {
          "params": {
            "log10_abs_coeff": -22.905484762838686,
            "exponent": 0.9999999999999987,
            "sign": -1.0
          },
          "train": {
            "n": 40,
            "max_abs_z": 1.6699162769917994e-08,
            "rms_z": 1.3493666446782319e-08,
            "reduced_chi2": 1.9166214123896734e-16,
            "exceed_3sigma_n": 0
          },
          "test": {
            "n": 40,
            "max_abs_z": 2.2576088008836815e-08,
            "rms_z": 1.9543811507060232e-08,
            "reduced_chi2": 3.819605682234999e-16,
            "exceed_3sigma_n": 0
          }
        },
        "fixed_exponent_1_abs_fit": {
          "params": {
            "abs_coeff": 1.243126249990558e-23,
            "exponent": 1.0,
            "sign": -1.0
          },
          "train": {
            "n": 40,
            "max_abs_z": 9.616167953687196e-10,
            "rms_z": 3.8379545965212826e-10,
            "reduced_chi2": 1.5107585112778298e-19,
            "exceed_3sigma_n": 0
          },
          "test": {
            "n": 40,
            "max_abs_z": 8.221402098198723e-10,
            "rms_z": 3.7243289863631973e-10,
            "reduced_chi2": 1.3870626398665122e-19,
            "exceed_3sigma_n": 0
          }
        }
      }
    }
  ],
  "outputs": {
    "csv": "C:\\develop\\waveP\\output\\public\\quantum\\thermo_blackbody_helmholtz_per_photon_holdout_splits.csv",
    "png": "C:\\develop\\waveP\\output\\public\\quantum\\thermo_blackbody_helmholtz_per_photon_holdout_splits.png"
  },
  "notes": [
    "Analytic holdout for f/n (Helmholtz free-energy density per photon number density) based on blackbody identities.",
    "This is a procedural regression check, not an observational inference."
  ]
}
