split,model_id,train_min_T_K,train_max_T_K,test_min_T_K,test_max_T_K,supported,reason,train_n,train_max_abs_z,train_reduced_chi2,test_n,test_max_abs_z,test_reduced_chi2,train_exceed_3sigma_n,test_exceed_3sigma_n,param_log10_abs_coeff,param_abs_coeff,param_exponent,param_sign
A_low_to_high,powerlaw_abs_fit_2p,1.0,94.33732216299774,106.00258488068825,10000.0,True,,40,2.852947218571892e-10,1.7169471790409808e-20,40,2.7634803035894365e-10,1.463038454192665e-20,0,0,-1.0791812460476249,,1.0,1.0
A_low_to_high,fixed_exponent_plus1_abs_fit,1.0,94.33732216299774,106.00258488068825,10000.0,True,,40,2.852947218571892e-10,1.6729228923989043e-20,40,2.7634803035894365e-10,1.463038454192665e-20,0,0,,0.08333333333333333,1.0,1.0
B_high_to_low,powerlaw_abs_fit_2p,106.00258488068825,10000.0,1.0,94.33732216299774,True,,40,3.06587426204374e-09,6.784712368326605e-18,40,1.981172309399821e-09,2.1783019769615703e-18,0,0,-1.0791812460476244,,1.0000000000000002,1.0
B_high_to_low,fixed_exponent_plus1_abs_fit,106.00258488068825,10000.0,1.0,94.33732216299774,True,,40,2.7634803035894365e-10,1.5005522607104256e-20,40,2.852947218571892e-10,1.6310998200889317e-20,0,0,,0.08333333333333333,1.0,1.0
