split,model_id,train_min_T_K,train_max_T_K,test_min_T_K,test_max_T_K,supported,reason,train_n,train_max_abs_z,train_reduced_chi2,test_n,test_max_abs_z,test_reduced_chi2,train_exceed_3sigma_n,test_exceed_3sigma_n,param_log10_abs_coeff,param_abs_coeff,param_exponent,param_sign
A_low_to_high,powerlaw_abs_fit_2p,1.0,94.33732216299774,106.00258488068825,10000.0,True,,40,9.563862019016876e-14,5.546225974091547e-27,40,1.4468406644153735e-13,1.4702204132835752e-26,0,0,-29.701064228391026,,5.307402434354801e-15,1.0
A_low_to_high,fixed_exponent_0_abs_fit,1.0,94.33732216299774,106.00258488068825,10000.0,True,,40,3.5032461608120423e-16,5.664338613805068e-32,40,7.006492321624085e-16,7.977276881108803e-32,0,0,,1.9903789574168268e-30,0.0,1.0
B_high_to_low,powerlaw_abs_fit_2p,106.00258488068825,10000.0,1.0,94.33732216299774,True,,40,4.1688629313663305e-14,6.767153045245379e-28,40,7.952368785043336e-14,3.8470325713644735e-27,0,0,-29.70106422839102,,-4.123207640868646e-15,1.0
B_high_to_low,fixed_exponent_0_abs_fit,106.00258488068825,10000.0,1.0,94.33732216299774,True,,40,7.006492321624085e-16,8.181822442162875e-32,40,3.5032461608120423e-16,5.522730148459941e-32,0,0,,1.9903789574168268e-30,0.0,1.0
