{
  "generated_utc": "2026-02-20T12:38:53.897912+00:00",
  "phase": 7,
  "step": "7.20.6",
  "inputs": {
    "blackbody_constants_extracted_values": {
      "path": "C:\\develop\\waveP\\data\\quantum\\sources\\nist_codata_2022_blackbody_constants\\extracted_values.json",
      "sha256": "ffe4c2234b9bf48c59898745bd5688a50a9f314e5e1eec63e172c24486032742"
    }
  },
  "constants": {
    "c_m_per_s": 299792458.0,
    "h_J_s": 6.62607015e-34,
    "kB_J_per_K": 1.380649e-23,
    "radiation_constant_a": 7.565733250280007e-16
  },
  "assumptions": {
    "sign_convention": "P/s is positive for photon gas; model fit is applied to abs(P/s) and sign=+1 is fixed.",
    "sigma_proxy": "1 ppm relative tolerance (operational, analytic baseline)",
    "holdout_reduced_chi2_definition": {
      "train": "sum(z^2)/max(1,n-params)",
      "test": "sum(z^2)/max(1,n)  (no parameters are fit on the test split)"
    }
  },
  "data_range_T_K": [
    1.0,
    10000.0
  ],
  "splits": [
    {
      "name": "A_low_to_high",
      "train_T_K": [
        1.0,
        94.33732216299774
      ],
      "test_T_K": [
        106.00258488068825,
        10000.0
      ],
      "models": {
        "powerlaw_abs_fit_2p": {
          "params": {
            "log10_abs_coeff": -0.6020599913279625,
            "exponent": 1.0,
            "sign": 1.0
          },
          "train": {
            "n": 40,
            "max_abs_z": 4.3846534706458034e-10,
            "rms_z": 2.4205861213264393e-10,
            "reduced_chi2": 6.167618074482289e-20,
            "exceed_3sigma_n": 0
          },
          "test": {
            "n": 40,
            "max_abs_z": 4.3496375950489876e-10,
            "rms_z": 2.441647035353051e-10,
            "reduced_chi2": 5.961640245248345e-20,
            "exceed_3sigma_n": 0
          }
        },
        "fixed_exponent_1_abs_fit": {
          "params": {
            "abs_coeff": 0.25,
            "exponent": 1.0,
            "sign": 1.0
          },
          "train": {
            "n": 40,
            "max_abs_z": 2.2063415959713891e-10,
            "rms_z": 1.0749116687786893e-10,
            "reduced_chi2": 1.1850616365913712e-20,
            "exceed_3sigma_n": 0
          },
          "test": {
            "n": 40,
            "max_abs_z": 2.1235765290919293e-10,
            "rms_z": 8.985845627591919e-11,
            "reduced_chi2": 8.074542164291279e-21,
            "exceed_3sigma_n": 0
          }
        }
      }
    },
    {
      "name": "B_high_to_low",
      "train_T_K": [
        106.00258488068825,
        10000.0
      ],
      "test_T_K": [
        1.0,
        94.33732216299774
      ],
      "models": {
        "powerlaw_abs_fit_2p": {
          "params": {
            "log10_abs_coeff": -0.6020599913279607,
            "exponent": 0.9999999999999997,
            "sign": 1.0
          },
          "train": {
            "n": 40,
            "max_abs_z": 2.386166960376134e-09,
            "rms_z": 1.5296081702813491e-09,
            "reduced_chi2": 2.462843320622586e-18,
            "exceed_3sigma_n": 0
          },
          "test": {
            "n": 40,
            "max_abs_z": 3.774758283725532e-09,
            "rms_z": 3.046025893356868e-09,
            "reduced_chi2": 9.278273743000506e-18,
            "exceed_3sigma_n": 0
          }
        },
        "fixed_exponent_1_abs_fit": {
          "params": {
            "abs_coeff": 0.25,
            "exponent": 1.0,
            "sign": 1.0
          },
          "train": {
            "n": 40,
            "max_abs_z": 2.1235765290919293e-10,
            "rms_z": 8.985845627591919e-11,
            "reduced_chi2": 8.281581706965414e-21,
            "exceed_3sigma_n": 0
          },
          "test": {
            "n": 40,
            "max_abs_z": 2.2063415959713891e-10,
            "rms_z": 1.0749116687786893e-10,
            "reduced_chi2": 1.1554350956765868e-20,
            "exceed_3sigma_n": 0
          }
        }
      }
    }
  ],
  "outputs": {
    "csv": "C:\\develop\\waveP\\output\\public\\quantum\\thermo_blackbody_pressure_entropy_ratio_holdout_splits.csv",
    "png": "C:\\develop\\waveP\\output\\public\\quantum\\thermo_blackbody_pressure_entropy_ratio_holdout_splits.png"
  },
  "notes": [
    "Analytic holdout for P/s = T/4 based on blackbody thermodynamic identities.",
    "This is a procedural regression check, not an observational inference."
  ]
}
