split,model_id,train_min_T_K,train_max_T_K,test_min_T_K,test_max_T_K,supported,reason,train_n,train_max_abs_z,train_reduced_chi2,test_n,test_max_abs_z,test_reduced_chi2,train_exceed_3sigma_n,test_exceed_3sigma_n,param_log10_abs_coeff,param_abs_coeff,param_exponent,param_sign
A_low_to_high,powerlaw_abs_fit_2p,1.0,94.33732216299774,106.00258488068825,10000.0,True,,40,3.8971580686719255e-08,8.120613342113805e-16,40,6.390711338174773e-08,2.724475132813634e-15,0,0,-22.303424771510727,,1.0000000000000053,1.0
A_low_to_high,fixed_exponent_1_abs_fit,1.0,94.33732216299774,106.00258488068825,10000.0,True,,40,2.928253847329793e-10,2.1088104032657146e-20,40,3.146801330503738e-10,1.5436133839630278e-20,0,0,,4.9725049999622316e-23,1.0,1.0
B_high_to_low,powerlaw_abs_fit_2p,106.00258488068825,10000.0,1.0,94.33732216299774,True,,40,1.9268264734520756e-08,3.221335253777617e-16,40,2.281248683615448e-08,4.458002246749483e-16,0,0,-22.303424771510723,,0.9999999999999992,1.0
B_high_to_low,fixed_exponent_1_abs_fit,106.00258488068825,10000.0,1.0,94.33732216299774,True,,40,3.146801330503738e-10,1.5831932143210542e-20,40,2.928253847329793e-10,2.0560901431840718e-20,0,0,,4.9725049999622316e-23,1.0,1.0
