{
  "generated_utc": "2026-02-20T12:38:54.464320+00:00",
  "phase": 7,
  "step": "7.20.6",
  "inputs": {
    "blackbody_constants_extracted_values": {
      "path": "C:\\develop\\waveP\\data\\quantum\\sources\\nist_codata_2022_blackbody_constants\\extracted_values.json",
      "sha256": "ffe4c2234b9bf48c59898745bd5688a50a9f314e5e1eec63e172c24486032742"
    }
  },
  "constants": {
    "c_m_per_s": 299792458.0,
    "h_J_s": 6.62607015e-34,
    "kB_J_per_K": 1.380649e-23,
    "radiation_constant_a": 7.565733250280007e-16,
    "stefan_boltzmann_sigma": 5.6703744191844314e-08
  },
  "assumptions": {
    "sign_convention": "P/M is positive for photon gas; model fit is applied to abs(P/M) and sign=+1 is fixed.",
    "sigma_proxy": "1 ppm relative tolerance (operational, analytic baseline)",
    "holdout_reduced_chi2_definition": {
      "train": "sum(z^2)/max(1,n-params)",
      "test": "sum(z^2)/max(1,n)  (no parameters are fit on the test split)"
    }
  },
  "data_range_T_K": [
    1.0,
    10000.0
  ],
  "splits": [
    {
      "name": "A_low_to_high",
      "train_T_K": [
        1.0,
        94.33732216299774
      ],
      "test_T_K": [
        106.00258488068825,
        10000.0
      ],
      "models": {
        "powerlaw_abs_fit_2p": {
          "params": {
            "log10_abs_coeff": -8.351881966319622,
            "exponent": 2.690332814506679e-16,
            "sign": 1.0
          },
          "train": {
            "n": 40,
            "max_abs_z": 6.121136532892405e-11,
            "rms_z": 5.850658471722576e-11,
            "reduced_chi2": 3.603179426604122e-21,
            "exceed_3sigma_n": 0
          },
          "test": {
            "n": 40,
            "max_abs_z": 6.700162961679524e-11,
            "rms_z": 6.409208690056943e-11,
            "reduced_chi2": 4.107795603270144e-21,
            "exceed_3sigma_n": 0
          }
        },
        "fixed_exponent_0_abs_fit": {
          "params": {
            "abs_coeff": 4.447521269308694e-09,
            "exponent": 0.0,
            "sign": 1.0
          },
          "train": {
            "n": 40,
            "max_abs_z": 8.271806125530277e-13,
            "rms_z": 5.065426064694369e-13,
            "reduced_chi2": 2.631645253013854e-25,
            "exceed_3sigma_n": 0
          },
          "test": {
            "n": 40,
            "max_abs_z": 8.271806125530277e-13,
            "rms_z": 5.392557838892698e-13,
            "reduced_chi2": 2.907968004580309e-25,
            "exceed_3sigma_n": 0
          }
        }
      }
    },
    {
      "name": "B_high_to_low",
      "train_T_K": [
        106.00258488068825,
        10000.0
      ],
      "test_T_K": [
        1.0,
        94.33732216299774
      ],
      "models": {
        "powerlaw_abs_fit_2p": {
          "params": {
            "log10_abs_coeff": -8.351881966319619,
            "exponent": -1.4107822474531375e-15,
            "sign": 1.0
          },
          "train": {
            "n": 40,
            "max_abs_z": 6.28657265540301e-11,
            "rms_z": 4.936837456728077e-11,
            "reduced_chi2": 2.5655120078056157e-21,
            "exceed_3sigma_n": 0
          },
          "test": {
            "n": 40,
            "max_abs_z": 9.181704799338607e-11,
            "rms_z": 7.834562036197843e-11,
            "reduced_chi2": 6.13803622990325e-21,
            "exceed_3sigma_n": 0
          }
        },
        "fixed_exponent_0_abs_fit": {
          "params": {
            "abs_coeff": 4.447521269308694e-09,
            "exponent": 0.0,
            "sign": 1.0
          },
          "train": {
            "n": 40,
            "max_abs_z": 8.271806125530277e-13,
            "rms_z": 5.392557838892698e-13,
            "reduced_chi2": 2.9825312867490347e-25,
            "exceed_3sigma_n": 0
          },
          "test": {
            "n": 40,
            "max_abs_z": 8.271806125530277e-13,
            "rms_z": 5.065426064694369e-13,
            "reduced_chi2": 2.565854121688508e-25,
            "exceed_3sigma_n": 0
          }
        }
      }
    }
  ],
  "outputs": {
    "csv": "C:\\develop\\waveP\\output\\public\\quantum\\thermo_blackbody_pressure_flux_ratio_holdout_splits.csv",
    "png": "C:\\develop\\waveP\\output\\public\\quantum\\thermo_blackbody_pressure_flux_ratio_holdout_splits.png"
  },
  "notes": [
    "Analytic holdout for P/M = 4/(3c) based on blackbody pressure and energy-flux identities.",
    "This is a procedural regression check, not an observational inference."
  ]
}
