split,model_id,train_min_T_K,train_max_T_K,test_min_T_K,test_max_T_K,supported,reason,train_n,train_max_abs_z,train_reduced_chi2,test_n,test_max_abs_z,test_reduced_chi2,train_exceed_3sigma_n,test_exceed_3sigma_n,param_log10_abs_coeff,param_abs_coeff,param_exponent,param_sign
A_low_to_high,powerlaw_abs_fit_2p,1.0,94.33732216299774,106.00258488068825,10000.0,True,,40,1.6700854299452764e-08,2.270145213638366e-16,40,2.127370726239816e-08,3.619586616038919e-16,0,0,8.476820702927922,,-9.246650936044538e-16,1.0
A_low_to_high,fixed_exponent_0_abs_fit,1.0,94.33732216299774,106.00258488068825,10000.0,True,,40,1.9881969404110437e-10,7.09499731205611e-21,40,1.988196940411043e-10,7.905854147719665e-21,0,0,,299792458.0,0.0,1.0
B_high_to_low,powerlaw_abs_fit_2p,106.00258488068825,10000.0,1.0,94.33732216299774,True,,40,5.169312045068713e-09,1.565983267628577e-17,40,8.350427149726382e-09,4.762881831293714e-17,0,0,8.476820702927924,,6.66806926265839e-16,1.0
B_high_to_low,fixed_exponent_0_abs_fit,106.00258488068825,10000.0,1.0,94.33732216299774,True,,40,1.988196940411043e-10,8.108568356635554e-21,40,1.9881969404110437e-10,6.917622379254707e-21,0,0,,299792458.0,0.0,1.0
