split,model_id,train_min_T_K,train_max_T_K,test_min_T_K,test_max_T_K,supported,reason,train_n,train_max_abs_z,train_reduced_chi2,test_n,test_max_abs_z,test_reduced_chi2,train_exceed_3sigma_n,test_exceed_3sigma_n,param_log10_coeff,param_exponent,param_coeff
A_low_to_high,powerlaw_fit_2p,1.0,94.33732216299774,106.00258488068825,10000.0,True,,40,5.707546226615891e-11,1.6727456787421816e-22,40,2.8660861720055446e-08,4.439449660447008e-16,0,0,-14.519088983633582,3.0000000000000013,
A_low_to_high,fixed_exponent_3_fit,1.0,94.33732216299774,106.00258488068825,10000.0,True,,40,0.0,0.0,40,0.0,0.0,0,0,,3.0,3.0262933001120028e-15
B_high_to_low,powerlaw_fit_2p,106.00258488068825,10000.0,1.0,94.33732216299774,True,,40,1.3372749220400513e-08,1.0786821905602551e-16,40,3.639594695233322e-11,6.609737464638022e-23,0,0,-14.519088983633582,2.9999999999999996,
B_high_to_low,fixed_exponent_3_fit,106.00258488068825,10000.0,1.0,94.33732216299774,True,,40,0.0,0.0,40,0.0,0.0,0,0,,3.0,3.0262933001120028e-15
