{
  "generated_utc": "2026-02-16T02:27:22.328398+00:00",
  "phase": 8,
  "step": "8.7.12",
  "inputs": {
    "blackbody_constants_extracted_values": {
      "path": "C:\\develop\\waveP\\data\\quantum\\sources\\nist_codata_2022_blackbody_constants\\extracted_values.json",
      "sha256": "ffe4c2234b9bf48c59898745bd5688a50a9f314e5e1eec63e172c24486032742"
    }
  },
  "constants": {
    "c_m_per_s": 299792458.0,
    "h_J_s": 6.62607015e-34,
    "kB_J_per_K": 1.380649e-23,
    "stefan_boltzmann_sigma": 5.6703744191844314e-08,
    "radiation_constant_a": 7.565733250280007e-16,
    "hbar_J_s": 1.0545718176461565e-34,
    "zeta3": 1.2020569031595942,
    "photon_density_coeff": 20286846.033907045,
    "momentum_density_coeff": 2.5236569661402245e-24
  },
  "assumptions": {
    "sign_convention": "n/g is positive for photon gas; model fit is applied to abs(n/g) and sign=+1 is fixed.",
    "sigma_proxy": "1 ppm relative tolerance (operational, analytic baseline)",
    "holdout_reduced_chi2_definition": {
      "train": "sum(z^2)/max(1,n-params)",
      "test": "sum(z^2)/max(1,n)  (no parameters are fit on the test split)"
    }
  },
  "data_range_T_K": [
    1.0,
    10000.0
  ],
  "splits": [
    {
      "name": "A_low_to_high",
      "train_T_K": [
        1.0,
        94.33732216299774
      ],
      "test_T_K": [
        106.00258488068825,
        10000.0
      ],
      "models": {
        "powerlaw_abs_fit_2p": {
          "params": {
            "log10_abs_coeff": 30.90518421104695,
            "exponent": -1.0000000000000036,
            "sign": 1.0
          },
          "train": {
            "n": 40,
            "max_abs_z": 3.963878838295765e-08,
            "rms_z": 3.1663643386712436e-08,
            "reduced_chi2": 1.055354013179893e-15,
            "exceed_3sigma_n": 0
          },
          "test": {
            "n": 40,
            "max_abs_z": 5.607889818861213e-08,
            "rms_z": 4.817382289705918e-08,
            "reduced_chi2": 2.3207172125172233e-15,
            "exceed_3sigma_n": 0
          }
        },
        "fixed_exponent_minus1_abs_fit": {
          "params": {
            "abs_coeff": 8.038670194124879e+30,
            "exponent": -1.0,
            "sign": 1.0
          },
          "train": {
            "n": 40,
            "max_abs_z": 4.025123845864212e-10,
            "rms_z": 1.7539801975420246e-10,
            "reduced_chi2": 3.155329777814933e-20,
            "exceed_3sigma_n": 0
          },
          "test": {
            "n": 40,
            "max_abs_z": 4.2627170060186307e-10,
            "rms_z": 2.301615202152286e-10,
            "reduced_chi2": 5.297432538778508e-20,
            "exceed_3sigma_n": 0
          }
        }
      }
    },
    {
      "name": "B_high_to_low",
      "train_T_K": [
        106.00258488068825,
        10000.0
      ],
      "test_T_K": [
        1.0,
        94.33732216299774
      ],
      "models": {
        "powerlaw_abs_fit_2p": {
          "params": {
            "log10_abs_coeff": 30.90518421104696,
            "exponent": -1.0000000000000018,
            "sign": 1.0
          },
          "train": {
            "n": 40,
            "max_abs_z": 1.5045558050603253e-08,
            "rms_z": 1.1351382496799486e-08,
            "reduced_chi2": 1.3563566798804814e-16,
            "exceed_3sigma_n": 0
          },
          "test": {
            "n": 40,
            "max_abs_z": 6.812916753320847e-09,
            "rms_z": 3.665431735558689e-09,
            "reduced_chi2": 1.3435389808040785e-17,
            "exceed_3sigma_n": 0
          }
        },
        "fixed_exponent_minus1_abs_fit": {
          "params": {
            "abs_coeff": 8.03867019412488e+30,
            "exponent": -1.0,
            "sign": 1.0
          },
          "train": {
            "n": 40,
            "max_abs_z": 2.6400971643101633e-10,
            "rms_z": 1.2567471557778584e-10,
            "reduced_chi2": 1.6199111933904997e-20,
            "exceed_3sigma_n": 0
          },
          "test": {
            "n": 40,
            "max_abs_z": 2.2470601112393365e-10,
            "rms_z": 1.1652331238385283e-10,
            "reduced_chi2": 1.357768232890495e-20,
            "exceed_3sigma_n": 0
          }
        }
      }
    }
  ],
  "outputs": {
    "csv": "C:\\develop\\waveP\\output\\public\\quantum\\thermo_blackbody_photon_density_per_momentum_density_holdout_splits.csv",
    "png": "C:\\develop\\waveP\\output\\public\\quantum\\thermo_blackbody_photon_density_per_momentum_density_holdout_splits.png"
  },
  "notes": [
    "Analytic holdout for n/g (photon density per momentum density) based on blackbody identities.",
    "This is a procedural regression check, not an observational inference."
  ]
}
