split,model_id,train_min_T_K,train_max_T_K,test_min_T_K,test_max_T_K,supported,reason,train_n,train_max_abs_z,train_reduced_chi2,test_n,test_max_abs_z,test_reduced_chi2,train_exceed_3sigma_n,test_exceed_3sigma_n,param_log10_abs_coeff,param_abs_coeff,param_exponent,param_sign
A_low_to_high,powerlaw_abs_fit_2p,1.0,94.33732216299774,106.00258488068825,10000.0,True,,40,2.2401934420721463e-08,2.8963642557319847e-16,40,3.479602816334258e-08,8.35064394318621e-16,0,0,-14.553602796519064,,1.0000000000000027,1.0
A_low_to_high,fixed_exponent_1_abs_fit,1.0,94.33732216299774,106.00258488068825,10000.0,True,,40,1.9893192993065563e-10,1.3216779662728686e-20,40,2.1377902819330287e-10,1.1067192106566798e-20,0,0,,2.7950990556674392e-15,1.0,1.0
B_high_to_low,powerlaw_abs_fit_2p,106.00258488068825,10000.0,1.0,94.33732216299774,True,,40,1.2424501860116615e-08,1.455255899370768e-16,40,1.1296701972842447e-08,1.1403204371117611e-16,0,0,-14.553602796519064,,1.0000000000000002,1.0
B_high_to_low,fixed_exponent_1_abs_fit,106.00258488068825,10000.0,1.0,94.33732216299774,True,,40,2.1377902819330287e-10,1.1350966263145433e-20,40,1.9893192993065563e-10,1.2886360171160469e-20,0,0,,2.7950990556674392e-15,1.0,1.0
