split,model_id,train_min_T_K,train_max_T_K,test_min_T_K,test_max_T_K,supported,reason,train_n,train_max_abs_z,train_reduced_chi2,test_n,test_max_abs_z,test_reduced_chi2,train_exceed_3sigma_n,test_exceed_3sigma_n,param_log10_abs_coeff,param_abs_coeff,param_exponent,param_sign
A_low_to_high,powerlaw_abs_fit_2p,1.0,94.33732216299774,106.00258488068825,10000.0,True,,40,1.9239842296481068e-08,1.2187351436757443e-16,40,4.0513163860069885e-08,9.413566770092384e-16,0,0,21.82630351679107,,-4.5355285423130215e-15,1.0
A_low_to_high,fixed_exponent_0_abs_fit,1.0,94.33732216299774,106.00258488068825,10000.0,True,,40,3.12842964170424e-10,1.06653989995252e-20,40,3.12842964170424e-10,1.2845532030310498e-20,0,0,,6.703529374749047e+21,0.0,1.0
B_high_to_low,powerlaw_abs_fit_2p,106.00258488068825,10000.0,1.0,94.33732216299774,True,,40,9.228867443027507e-09,8.152759772500522e-17,40,9.541710407197931e-09,8.70101287453103e-17,0,0,21.826303516791075,,-1.020121603016468e-16,1.0
B_high_to_low,fixed_exponent_0_abs_fit,106.00258488068825,10000.0,1.0,94.33732216299774,True,,40,3.12842964170424e-10,1.3174904646472305e-20,40,3.12842964170424e-10,1.0398764024537069e-20,0,0,,6.703529374749047e+21,0.0,1.0
