split,model_id,train_min_T_K,train_max_T_K,test_min_T_K,test_max_T_K,supported,reason,train_n,train_max_abs_z,train_reduced_chi2,test_n,test_max_abs_z,test_reduced_chi2,train_exceed_3sigma_n,test_exceed_3sigma_n,param_log10_abs_coeff,param_abs_coeff,param_exponent,param_sign
A_low_to_high,powerlaw_abs_fit_2p,1.0,94.33732216299774,106.00258488068825,10000.0,True,,40,1.582547416518175e-08,1.5957703429765516e-16,40,2.2935133162700632e-08,3.7925860192079715e-16,0,0,8.601759439536224,,-1.0000000000000016,1.0
A_low_to_high,fixed_exponent_minus1_abs_fit,1.0,94.33732216299774,106.00258488068825,10000.0,True,,40,3.0013602944767057e-10,2.2162195401906868e-20,40,3.5488760058285055e-10,2.3752785452720043e-20,0,0,,399723277.3333333,-1.0,1.0
B_high_to_low,powerlaw_abs_fit_2p,106.00258488068825,10000.0,1.0,94.33732216299774,True,,40,4.1340725211205316e-09,1.5085749612160573e-17,40,4.691498774999499e-09,1.8586259233464757e-17,0,0,8.601759439536226,,-0.9999999999999999,1.0
B_high_to_low,fixed_exponent_minus1_abs_fit,106.00258488068825,10000.0,1.0,94.33732216299774,True,,40,2.517442526300636e-10,1.1453185480693916e-20,40,3.8873518086393626e-10,1.8616839250203826e-20,0,0,,399723277.3333334,-1.0,1.0
