split,model_id,train_min_T_K,train_max_T_K,test_min_T_K,test_max_T_K,supported,reason,train_n,train_max_abs_z,train_reduced_chi2,test_n,test_max_abs_z,test_reduced_chi2,train_exceed_3sigma_n,test_exceed_3sigma_n,param_log10_abs_coeff,param_abs_coeff,param_exponent,param_sign
A_low_to_high,powerlaw_abs_fit_2p,1.0,94.33732216299774,106.00258488068825,10000.0,True,,40,1.376302925212059e-08,1.814249636735702e-16,40,1.4878950542833071e-08,2.064423996653023e-16,0,0,-8.351881966319622,,2.690332814506679e-16,1.0
A_low_to_high,fixed_exponent_0_abs_fit,1.0,94.33732216299774,106.00258488068825,10000.0,True,,40,1.859868817854134e-10,9.756469798945504e-21,40,1.859868817854134e-10,8.647780049065333e-21,0,0,,4.447521269308694e-09,0.0,1.0
B_high_to_low,powerlaw_abs_fit_2p,106.00258488068825,10000.0,1.0,94.33732216299774,True,,40,1.4135003015691414e-08,1.288719491690818e-16,40,2.0644543878180884e-08,3.091719732021641e-16,0,0,-8.351881966319619,,-1.4107822474531375e-15,1.0
B_high_to_low,fixed_exponent_0_abs_fit,106.00258488068825,10000.0,1.0,94.33732216299774,True,,40,1.859868817854134e-10,8.869517999041367e-21,40,1.859868817854134e-10,9.512558053971867e-21,0,0,,4.447521269308694e-09,0.0,1.0
