{
  "generated_utc": "2026-02-15T07:37:59.862964+00:00",
  "phase": 7,
  "step": "7.20.6",
  "inputs": {
    "blackbody_constants_extracted_values": {
      "path": "C:\\develop\\waveP\\data\\quantum\\sources\\nist_codata_2022_blackbody_constants\\extracted_values.json",
      "sha256": "ffe4c2234b9bf48c59898745bd5688a50a9f314e5e1eec63e172c24486032742"
    }
  },
  "constants": {
    "c_m_per_s": 299792458.0,
    "h_J_s": 6.62607015e-34,
    "kB_J_per_K": 1.380649e-23,
    "radiation_constant_a": 7.565733250280007e-16,
    "stefan_boltzmann_sigma": 5.6703744191844314e-08
  },
  "assumptions": {
    "sign_convention": "g/u is positive for photon gas; model fit is applied to abs(g/u) and sign=+1 is fixed.",
    "sigma_proxy": "1 ppm relative tolerance (operational, analytic baseline)",
    "holdout_reduced_chi2_definition": {
      "train": "sum(z^2)/max(1,n-params)",
      "test": "sum(z^2)/max(1,n)  (no parameters are fit on the test split)"
    }
  },
  "data_range_T_K": [
    1.0,
    10000.0
  ],
  "splits": [
    {
      "name": "A_low_to_high",
      "train_T_K": [
        1.0,
        94.33732216299774
      ],
      "test_T_K": [
        106.00258488068825,
        10000.0
      ],
      "models": {
        "powerlaw_abs_fit_2p": {
          "params": {
            "log10_abs_coeff": -8.476820702927922,
            "exponent": 9.246650936044538e-16,
            "sign": 1.0
          },
          "train": {
            "n": 40,
            "max_abs_z": 1.6862810615210815e-08,
            "rms_z": 1.4666048077831752e-08,
            "reduced_chi2": 2.2641364865397097e-16,
            "exceed_3sigma_n": 0
          },
          "test": {
            "n": 40,
            "max_abs_z": 2.1078513269013518e-08,
            "rms_z": 1.8999631894964285e-08,
            "reduced_chi2": 3.609860121441441e-16,
            "exceed_3sigma_n": 0
          }
        },
        "fixed_exponent_0_abs_fit": {
          "params": {
            "abs_coeff": 3.3356409519815204e-09,
            "exponent": 0.0,
            "sign": 1.0
          },
          "train": {
            "n": 40,
            "max_abs_z": 1.2399125452360894e-10,
            "rms_z": 7.8418954847252e-11,
            "reduced_chi2": 6.307212799318305e-21,
            "exceed_3sigma_n": 0
          },
          "test": {
            "n": 40,
            "max_abs_z": 1.2399125452360894e-10,
            "rms_z": 8.545507485931263e-11,
            "reduced_chi2": 7.302569819210727e-21,
            "exceed_3sigma_n": 0
          }
        }
      }
    },
    {
      "name": "B_high_to_low",
      "train_T_K": [
        106.00258488068825,
        10000.0
      ],
      "test_T_K": [
        1.0,
        94.33732216299774
      ],
      "models": {
        "powerlaw_abs_fit_2p": {
          "params": {
            "log10_abs_coeff": -8.476820702927924,
            "exponent": -6.66806926265839e-16,
            "sign": 1.0
          },
          "train": {
            "n": 40,
            "max_abs_z": 5.331623944515184e-09,
            "rms_z": 3.928928551204718e-09,
            "reduced_chi2": 1.6248925853128003e-17,
            "exceed_3sigma_n": 0
          },
          "test": {
            "n": 40,
            "max_abs_z": 8.431405307605408e-09,
            "rms_z": 6.964347159359433e-09,
            "reduced_chi2": 4.850213135607781e-17,
            "exceed_3sigma_n": 0
          }
        },
        "fixed_exponent_0_abs_fit": {
          "params": {
            "abs_coeff": 3.3356409519815204e-09,
            "exponent": 0.0,
            "sign": 1.0
          },
          "train": {
            "n": 40,
            "max_abs_z": 1.2399125452360894e-10,
            "rms_z": 8.545507485931263e-11,
            "reduced_chi2": 7.489815199190489e-21,
            "exceed_3sigma_n": 0
          },
          "test": {
            "n": 40,
            "max_abs_z": 1.2399125452360894e-10,
            "rms_z": 7.8418954847252e-11,
            "reduced_chi2": 6.149532479335347e-21,
            "exceed_3sigma_n": 0
          }
        }
      }
    }
  ],
  "outputs": {
    "csv": "C:\\develop\\waveP\\output\\public\\quantum\\thermo_blackbody_momentum_energy_ratio_holdout_splits.csv",
    "png": "C:\\develop\\waveP\\output\\public\\quantum\\thermo_blackbody_momentum_energy_ratio_holdout_splits.png"
  },
  "notes": [
    "Analytic holdout for g/u = 1/c based on blackbody momentum-density and energy-density identities.",
    "This is a procedural regression check, not an observational inference."
  ]
}
