split,model_id,train_min_T_K,train_max_T_K,test_min_T_K,test_max_T_K,supported,reason,train_n,train_max_abs_z,train_reduced_chi2,test_n,test_max_abs_z,test_reduced_chi2,train_exceed_3sigma_n,test_exceed_3sigma_n,param_log10_abs_coeff,param_abs_coeff,param_exponent,param_sign
A_low_to_high,powerlaw_abs_fit_2p,1.0,94.33732216299774,106.00258488068825,10000.0,True,,40,5.19451061443e-08,1.8919974546197505e-15,40,7.271741196393522e-08,3.964778437144237e-15,0,0,38.77994492264691,,-1.0000000000000044,1.0
A_low_to_high,fixed_exponent_minus1_abs_fit,1.0,94.33732216299774,106.00258488068825,10000.0,True,,40,3.6503404288157174e-10,3.046334965133655e-20,40,4.061305645428026e-10,3.3697242927511164e-20,0,0,,6.024831741370088e+38,-1.0,1.0
B_high_to_low,powerlaw_abs_fit_2p,106.00258488068825,10000.0,1.0,94.33732216299774,True,,40,2.765810947310544e-08,6.973239685604881e-16,40,3.185432923313128e-08,8.935531742375785e-16,0,0,38.77994492264691,,-0.9999999999999991,1.0
B_high_to_low,fixed_exponent_minus1_abs_fit,106.00258488068825,10000.0,1.0,94.33732216299774,True,,40,3.7445812571149826e-10,3.403791217441518e-20,40,3.859454215614173e-10,1.919421851423831e-20,0,0,,6.024831741370087e+38,-1.0,1.0
