{
  "generated_utc": "2026-02-15T14:31:46.255027+00:00",
  "phase": 8,
  "step": "8.7.12",
  "inputs": {
    "blackbody_constants_extracted_values": {
      "path": "C:\\develop\\waveP\\data\\quantum\\sources\\nist_codata_2022_blackbody_constants\\extracted_values.json",
      "sha256": "ffe4c2234b9bf48c59898745bd5688a50a9f314e5e1eec63e172c24486032742"
    }
  },
  "constants": {
    "c_m_per_s": 299792458.0,
    "h_J_s": 6.62607015e-34,
    "kB_J_per_K": 1.380649e-23,
    "stefan_boltzmann_sigma": 5.6703744191844314e-08,
    "radiation_constant_a": 7.565733250280007e-16
  },
  "assumptions": {
    "sign_convention": "cV/s is positive for photon gas; model fit is applied to abs(cV/s) and sign=+1 is fixed.",
    "sigma_proxy": "1 ppm relative tolerance (operational, analytic baseline)",
    "holdout_reduced_chi2_definition": {
      "train": "sum(z^2)/max(1,n-params)",
      "test": "sum(z^2)/max(1,n)  (no parameters are fit on the test split)"
    }
  },
  "data_range_T_K": [
    1.0,
    10000.0
  ],
  "splits": [
    {
      "name": "A_low_to_high",
      "train_T_K": [
        1.0,
        94.33732216299774
      ],
      "test_T_K": [
        106.00258488068825,
        10000.0
      ],
      "models": {
        "powerlaw_abs_fit_2p": {
          "params": {
            "log10_abs_coeff": 0.47712125471966244,
            "exponent": -1.4167402000795944e-16,
            "sign": 1.0
          },
          "train": {
            "n": 40,
            "max_abs_z": 7.401486830834375e-10,
            "rms_z": 3.8530408744524086e-10,
            "reduced_chi2": 1.562728840021156e-19,
            "exceed_3sigma_n": 0
          },
          "test": {
            "n": 40,
            "max_abs_z": 1.3322676295501878e-09,
            "rms_z": 1.0053497077208614e-09,
            "reduced_chi2": 1.0107280348144214e-18,
            "exceed_3sigma_n": 0
          }
        },
        "fixed_exponent_0_abs_fit": {
          "params": {
            "abs_coeff": 3.0,
            "exponent": 0.0,
            "sign": 1.0
          },
          "train": {
            "n": 40,
            "max_abs_z": 1.4802973661668758e-10,
            "rms_z": 7.021666937153403e-11,
            "reduced_chi2": 5.056800674493666e-21,
            "exceed_3sigma_n": 0
          },
          "test": {
            "n": 40,
            "max_abs_z": 1.4802973661668758e-10,
            "rms_z": 7.401486830834378e-11,
            "reduced_chi2": 5.478200730701472e-21,
            "exceed_3sigma_n": 0
          }
        }
      }
    },
    {
      "name": "B_high_to_low",
      "train_T_K": [
        106.00258488068825,
        10000.0
      ],
      "test_T_K": [
        1.0,
        94.33732216299774
      ],
      "models": {
        "powerlaw_abs_fit_2p": {
          "params": {
            "log10_abs_coeff": 0.4771212547196623,
            "exponent": -2.1801117809117574e-17,
            "sign": 1.0
          },
          "train": {
            "n": 40,
            "max_abs_z": 5.9211894646675e-10,
            "rms_z": 4.5021486763095066e-10,
            "reduced_chi2": 2.1336150214310991e-19,
            "exceed_3sigma_n": 0
          },
          "test": {
            "n": 40,
            "max_abs_z": 5.9211894646675e-10,
            "rms_z": 3.7521961406492036e-10,
            "reduced_chi2": 1.4078975877902778e-19,
            "exceed_3sigma_n": 0
          }
        },
        "fixed_exponent_0_abs_fit": {
          "params": {
            "abs_coeff": 3.0,
            "exponent": 0.0,
            "sign": 1.0
          },
          "train": {
            "n": 40,
            "max_abs_z": 1.4802973661668758e-10,
            "rms_z": 7.401486830834378e-11,
            "reduced_chi2": 5.618667416104074e-21,
            "exceed_3sigma_n": 0
          },
          "test": {
            "n": 40,
            "max_abs_z": 1.4802973661668758e-10,
            "rms_z": 7.021666937153403e-11,
            "reduced_chi2": 4.9303806576313245e-21,
            "exceed_3sigma_n": 0
          }
        }
      }
    }
  ],
  "outputs": {
    "csv": "C:\\develop\\waveP\\output\\public\\quantum\\thermo_blackbody_heat_capacity_entropy_ratio_holdout_splits.csv",
    "png": "C:\\develop\\waveP\\output\\public\\quantum\\thermo_blackbody_heat_capacity_entropy_ratio_holdout_splits.png"
  },
  "notes": [
    "Analytic holdout for cV/s (heat-capacity density per entropy density) based on blackbody identities.",
    "This is a procedural regression check, not an observational inference."
  ]
}
