split,model_id,train_min_T_K,train_max_T_K,test_min_T_K,test_max_T_K,supported,reason,train_n,train_max_abs_z,train_reduced_chi2,test_n,test_max_abs_z,test_reduced_chi2,train_exceed_3sigma_n,test_exceed_3sigma_n,param_log10_coeff,param_exponent,param_coeff
A_low_to_high,powerlaw_fit_2p,1.0,94.33732216299774,106.00258488068825,10000.0,True,,40,3.6289783843769154e-08,7.358126790583384e-16,40,5.7980229359585203e-08,2.291705986449317e-15,0,0,22.303424771510727,-4.668559806320393e-15,
A_low_to_high,fixed_exponent_0_fit,1.0,94.33732216299774,106.00258488068825,10000.0,True,,40,2.085619761136158e-10,1.0038022587788411e-20,40,2.0856197611361587e-10,1.4136881811135346e-20,0,0,,0.0,2.0110588124247148e+22
B_high_to_low,powerlaw_fit_2p,106.00258488068825,10000.0,1.0,94.33732216299774,True,,40,3.024148653647429e-08,9.076324550595561e-16,40,3.1284296417042375e-08,9.445677201879253e-16,0,0,22.30342477151072,2.8103049828165827e-16,
B_high_to_low,fixed_exponent_0_fit,106.00258488068825,10000.0,1.0,94.33732216299774,True,,40,2.0856197611361587e-10,1.4499365960138817e-20,40,2.085619761136158e-10,9.7870720230937e-21,0,0,,0.0,2.0110588124247148e+22
