split,model_id,train_min_T_K,train_max_T_K,test_min_T_K,test_max_T_K,supported,reason,train_n,train_max_abs_z,train_reduced_chi2,test_n,test_max_abs_z,test_reduced_chi2,train_exceed_3sigma_n,test_exceed_3sigma_n,param_log10_abs_coeff,param_abs_coeff,param_exponent,param_sign
A_low_to_high,powerlaw_abs_fit_2p,1.0,94.33732216299774,106.00258488068825,10000.0,True,,40,3.736781613185071e-08,7.761086464024331e-16,40,6.018223220241301e-08,2.4556566434342365e-15,0,0,30.303124219718992,,-1.0000000000000049,1.0
A_low_to_high,fixed_exponent_minus1_abs_fit,1.0,94.33732216299774,106.00258488068825,10000.0,True,,40,4.3102922508024983e-10,3.6497412179253617e-20,40,3.960145746465245e-10,3.8153534807185566e-20,0,0,,2.0096675485312198e+30,-1.0,1.0
B_high_to_low,powerlaw_abs_fit_2p,106.00258488068825,10000.0,1.0,94.33732216299774,True,,40,3.6362955365542596e-08,1.2534872809220712e-15,40,3.991723328625503e-08,1.4554887173052949e-15,0,0,30.30312421971898,,-0.9999999999999992,1.0
B_high_to_low,fixed_exponent_minus1_abs_fit,106.00258488068825,10000.0,1.0,94.33732216299774,True,,40,4.2899672255505693e-10,2.818224420126042e-20,40,3.628116979637316e-10,2.089504434415003e-20,0,0,,2.00966754853122e+30,-1.0,1.0
