{
  "generated_utc": "2026-02-20T12:38:50.418854+00:00",
  "phase": 7,
  "step": "7.20.6",
  "inputs": {
    "blackbody_constants_extracted_values": {
      "path": "C:\\develop\\waveP\\data\\quantum\\sources\\nist_codata_2022_blackbody_constants\\extracted_values.json",
      "sha256": "ffe4c2234b9bf48c59898745bd5688a50a9f314e5e1eec63e172c24486032742"
    }
  },
  "constants": {
    "c_m_per_s": 299792458.0,
    "h_J_s": 6.62607015e-34,
    "kB_J_per_K": 1.380649e-23,
    "radiation_constant_a": 7.565733250280007e-16
  },
  "assumptions": {
    "sign_convention": "h/s is positive for photon gas; model fit is applied to abs(h/s) and sign=+1 is fixed.",
    "sigma_proxy": "1 ppm relative tolerance (operational, analytic baseline)",
    "holdout_reduced_chi2_definition": {
      "train": "sum(z^2)/max(1,n-params)",
      "test": "sum(z^2)/max(1,n)  (no parameters are fit on the test split)"
    }
  },
  "data_range_T_K": [
    1.0,
    10000.0
  ],
  "splits": [
    {
      "name": "A_low_to_high",
      "train_T_K": [
        1.0,
        94.33732216299774
      ],
      "test_T_K": [
        106.00258488068825,
        10000.0
      ],
      "models": {
        "powerlaw_abs_fit_2p": {
          "params": {
            "log10_abs_coeff": -1.9674725061142964e-16,
            "exponent": 0.9999999999999997,
            "sign": 1.0
          },
          "train": {
            "n": 40,
            "max_abs_z": 2.0311912293488035e-09,
            "rms_z": 1.3062891229588158e-09,
            "reduced_chi2": 1.7962013397479077e-18,
            "exceed_3sigma_n": 0
          },
          "test": {
            "n": 40,
            "max_abs_z": 3.4838758621070238e-09,
            "rms_z": 2.786974012324704e-09,
            "reduced_chi2": 7.76722414537326e-18,
            "exceed_3sigma_n": 0
          }
        },
        "fixed_exponent_0_abs_fit": {
          "params": {
            "abs_coeff": 21.228974686560218,
            "exponent": 0.0,
            "sign": 1.0
          },
          "train": {
            "n": 40,
            "max_abs_z": 20228974.686560217,
            "rms_z": 6753667.0853857845,
            "reduced_chi2": 46781558051511.09,
            "exceed_3sigma_n": 40
          },
          "test": {
            "n": 40,
            "max_abs_z": 997877.1025313439,
            "rms_z": 956392.5374845733,
            "reduced_chi2": 914686685756.181,
            "exceed_3sigma_n": 40
          }
        }
      }
    },
    {
      "name": "B_high_to_low",
      "train_T_K": [
        106.00258488068825,
        10000.0
      ],
      "test_T_K": [
        1.0,
        94.33732216299774
      ],
      "models": {
        "powerlaw_abs_fit_2p": {
          "params": {
            "log10_abs_coeff": -5.610818241632436e-16,
            "exponent": 1.0000000000000002,
            "sign": 1.0
          },
          "train": {
            "n": 40,
            "max_abs_z": 7.322470540566206e-10,
            "rms_z": 3.711706355452955e-10,
            "reduced_chi2": 1.450185691485248e-19,
            "exceed_3sigma_n": 0
          },
          "test": {
            "n": 40,
            "max_abs_z": 1.4085880534879162e-09,
            "rms_z": 9.133051791641406e-10,
            "reduced_chi2": 8.341263502880429e-19,
            "exceed_3sigma_n": 0
          }
        },
        "fixed_exponent_0_abs_fit": {
          "params": {
            "abs_coeff": 2250.3261911420805,
            "exponent": 0.0,
            "sign": 1.0
          },
          "train": {
            "n": 40,
            "max_abs_z": 20228974.68656021,
            "rms_z": 6753667.085385784,
            "reduced_chi2": 46781558051511.086,
            "exceed_3sigma_n": 40
          },
          "test": {
            "n": 40,
            "max_abs_z": 2249326191.142081,
            "rms_z": 779507562.0585195,
            "reduced_chi2": 6.076320393064165e+17,
            "exceed_3sigma_n": 40
          }
        }
      }
    }
  ],
  "outputs": {
    "csv": "C:\\develop\\waveP\\output\\public\\quantum\\thermo_blackbody_enthalpy_entropy_ratio_holdout_splits.csv",
    "png": "C:\\develop\\waveP\\output\\public\\quantum\\thermo_blackbody_enthalpy_entropy_ratio_holdout_splits.png"
  },
  "notes": [
    "Analytic holdout for h/s = T based on blackbody thermodynamic identities.",
    "This is a procedural regression check, not an observational inference."
  ]
}
