split,model_id,train_min_T_K,train_max_T_K,test_min_T_K,test_max_T_K,supported,reason,train_n,train_max_abs_z,train_reduced_chi2,test_n,test_max_abs_z,test_reduced_chi2,train_exceed_3sigma_n,test_exceed_3sigma_n,param_log10_abs_coeff,param_abs_coeff,param_exponent,param_sign
A_low_to_high,powerlaw_abs_fit_2p,1.0,94.33732216299774,106.00258488068825,10000.0,True,,40,1.0586159127954735e-08,9.260994489470536e-17,40,1.2969470372646235e-08,1.3300860951905396e-16,0,0,-8.476820702927924,,1.0000000000000004,-1.0
A_low_to_high,fixed_exponent_1_abs_fit,1.0,94.33732216299774,106.00258488068825,10000.0,True,,40,8.149018901807858e-10,1.368661882004076e-19,40,9.715471759654177e-10,1.7356425679051285e-19,0,0,,3.3356409519815213e-09,1.0,-1.0
B_high_to_low,powerlaw_abs_fit_2p,106.00258488068825,10000.0,1.0,94.33732216299774,True,,40,1.018107134451687e-08,7.943717228201942e-17,40,1.2579488837627002e-08,1.2535160739497e-16,0,0,-8.476820702927922,,0.9999999999999994,-1.0
B_high_to_low,fixed_exponent_1_abs_fit,106.00258488068825,10000.0,1.0,94.33732216299774,True,,40,7.205261318136797e-10,1.114674268715608e-19,40,8.624255641749752e-10,1.2910211205039423e-19,0,0,,3.3356409519815204e-09,1.0,-1.0
