{
  "generated_utc": "2026-02-15T23:27:52.460083+00:00",
  "phase": 8,
  "step": "8.7.12",
  "inputs": {
    "blackbody_constants_extracted_values": {
      "path": "C:\\develop\\waveP\\data\\quantum\\sources\\nist_codata_2022_blackbody_constants\\extracted_values.json",
      "sha256": "ffe4c2234b9bf48c59898745bd5688a50a9f314e5e1eec63e172c24486032742"
    }
  },
  "constants": {
    "c_m_per_s": 299792458.0,
    "h_J_s": 6.62607015e-34,
    "kB_J_per_K": 1.380649e-23,
    "stefan_boltzmann_sigma": 5.6703744191844314e-08,
    "radiation_constant_a": 7.565733250280007e-16
  },
  "assumptions": {
    "sign_convention": "s/Φ_cV is positive for photon gas; model fit is applied to abs(s/Φ_cV) and sign=+1 is fixed.",
    "sigma_proxy": "1 ppm relative tolerance (operational, analytic baseline)",
    "holdout_reduced_chi2_definition": {
      "train": "sum(z^2)/max(1,n-params)",
      "test": "sum(z^2)/max(1,n)  (no parameters are fit on the test split)"
    }
  },
  "data_range_T_K": [
    1.0,
    10000.0
  ],
  "splits": [
    {
      "name": "A_low_to_high",
      "train_T_K": [
        1.0,
        94.33732216299774
      ],
      "test_T_K": [
        106.00258488068825,
        10000.0
      ],
      "models": {
        "powerlaw_abs_fit_2p": {
          "params": {
            "log10_abs_coeff": -8.351881966319622,
            "exponent": 2.690332814506679e-16,
            "sign": 1.0
          },
          "train": {
            "n": 40,
            "max_abs_z": 1.376302925212059e-08,
            "rms_z": 1.3128355399283327e-08,
            "reduced_chi2": 1.814249636735702e-16,
            "exceed_3sigma_n": 0
          },
          "test": {
            "n": 40,
            "max_abs_z": 1.4878950542833071e-08,
            "rms_z": 1.4368103551453905e-08,
            "reduced_chi2": 2.064423996653023e-16,
            "exceed_3sigma_n": 0
          }
        },
        "fixed_exponent_0_abs_fit": {
          "params": {
            "abs_coeff": 4.447521269308694e-09,
            "exponent": 0.0,
            "sign": 1.0
          },
          "train": {
            "n": 40,
            "max_abs_z": 1.859868817854134e-10,
            "rms_z": 9.753234363005878e-11,
            "reduced_chi2": 9.756469798945504e-21,
            "exceed_3sigma_n": 0
          },
          "test": {
            "n": 40,
            "max_abs_z": 1.859868817854134e-10,
            "rms_z": 9.29934408927067e-11,
            "reduced_chi2": 8.647780049065333e-21,
            "exceed_3sigma_n": 0
          }
        }
      }
    },
    {
      "name": "B_high_to_low",
      "train_T_K": [
        106.00258488068825,
        10000.0
      ],
      "test_T_K": [
        1.0,
        94.33732216299774
      ],
      "models": {
        "powerlaw_abs_fit_2p": {
          "params": {
            "log10_abs_coeff": -8.351881966319619,
            "exponent": -1.4107822474531375e-15,
            "sign": 1.0
          },
          "train": {
            "n": 40,
            "max_abs_z": 1.4135003015691414e-08,
            "rms_z": 1.1064734597387671e-08,
            "reduced_chi2": 1.288719491690818e-16,
            "exceed_3sigma_n": 0
          },
          "test": {
            "n": 40,
            "max_abs_z": 2.0644543878180884e-08,
            "rms_z": 1.758328675766178e-08,
            "reduced_chi2": 3.091719732021641e-16,
            "exceed_3sigma_n": 0
          }
        },
        "fixed_exponent_0_abs_fit": {
          "params": {
            "abs_coeff": 4.447521269308694e-09,
            "exponent": 0.0,
            "sign": 1.0
          },
          "train": {
            "n": 40,
            "max_abs_z": 1.859868817854134e-10,
            "rms_z": 9.29934408927067e-11,
            "reduced_chi2": 8.869517999041367e-21,
            "exceed_3sigma_n": 0
          },
          "test": {
            "n": 40,
            "max_abs_z": 1.859868817854134e-10,
            "rms_z": 9.753234363005878e-11,
            "reduced_chi2": 9.512558053971867e-21,
            "exceed_3sigma_n": 0
          }
        }
      }
    }
  ],
  "outputs": {
    "csv": "C:\\develop\\waveP\\output\\public\\quantum\\thermo_blackbody_entropy_per_heat_capacity_flux_holdout_splits.csv",
    "png": "C:\\develop\\waveP\\output\\public\\quantum\\thermo_blackbody_entropy_per_heat_capacity_flux_holdout_splits.png"
  },
  "notes": [
    "Analytic holdout for s/Φ_cV (entropy density per heat-capacity flux) based on blackbody identities.",
    "This is a procedural regression check, not an observational inference."
  ]
}
