split,model_id,train_min_T_K,train_max_T_K,test_min_T_K,test_max_T_K,supported,reason,train_n,train_max_abs_z,train_reduced_chi2,test_n,test_max_abs_z,test_reduced_chi2,train_exceed_3sigma_n,test_exceed_3sigma_n,param_log10_abs_coeff,param_abs_coeff,param_exponent,param_sign
A_low_to_high,powerlaw_abs_fit_2p,1.0,94.33732216299774,106.00258488068825,10000.0,True,,40,1.7488204834773715e-12,3.473814015259045e-25,40,2.991828273272057e-10,1.0052369640347295e-20,0,0,-30.303124219718992,,1.0000000000000049,1.0
A_low_to_high,fixed_exponent_1_abs_fit,1.0,94.33732216299774,106.00258488068825,10000.0,True,,40,5.605193857299268e-15,5.148844464263988e-30,40,1.0761972206014594e-12,7.017882926998738e-26,0,0,,4.975947393542067e-31,1.0,1.0
B_high_to_low,powerlaw_abs_fit_2p,106.00258488068825,10000.0,1.0,94.33732216299774,True,,40,1.6358197753142184e-10,3.4321193124467034e-21,40,1.7039789326189774e-12,3.5557040189569858e-25,0,0,-30.30312421971898,,0.9999999999999992,1.0
B_high_to_low,fixed_exponent_1_abs_fit,106.00258488068825,10000.0,1.0,94.33732216299774,True,,40,1.0761972206014594e-12,7.19782864307563e-26,40,5.605193857299268e-15,5.020123352657389e-30,0,0,,4.975947393542067e-31,1.0,1.0
