split,model_id,train_min_T_K,train_max_T_K,test_min_T_K,test_max_T_K,supported,reason,train_n,train_max_abs_z,train_reduced_chi2,test_n,test_max_abs_z,test_reduced_chi2,train_exceed_3sigma_n,test_exceed_3sigma_n,param_log10_coeff,param_exponent,param_coeff
A_low_to_high,powerlaw_fit_2p,1.0,94.33732216299774,106.00258488068825,10000.0,True,,40,6.66133814775094e-10,1.3063886906980367e-19,40,1.332267629550188e-09,9.373886225321558e-19,0,0,-0.47712125471966244,1.4167402000795944e-16,
A_low_to_high,fixed_exponent_0_fit,1.0,94.33732216299774,106.00258488068825,10000.0,True,,40,1.6653345369377348e-10,1.1377801517610747e-20,40,1.6653345369377348e-10,8.320017359752859e-21,0,0,,0.0,0.3333333333333333
B_high_to_low,powerlaw_fit_2p,106.00258488068825,10000.0,1.0,94.33732216299774,True,,40,4.996003610813204e-10,2.0581095574125492e-19,40,3.33066907387547e-10,7.765349535769337e-20,0,0,-0.4771212547196623,2.1801117809117574e-17,
B_high_to_low,fixed_exponent_0_fit,106.00258488068825,10000.0,1.0,94.33732216299774,True,,40,1.6653345369377348e-10,8.53335113820806e-21,40,1.6653345369377348e-10,1.1093356479670479e-20,0,0,,0.0,0.3333333333333333
