{
  "generated_utc": "2026-02-16T02:11:14.001251+00:00",
  "phase": 8,
  "step": "8.7.12",
  "inputs": {
    "blackbody_constants_extracted_values": {
      "path": "C:\\develop\\waveP\\data\\quantum\\sources\\nist_codata_2022_blackbody_constants\\extracted_values.json",
      "sha256": "ffe4c2234b9bf48c59898745bd5688a50a9f314e5e1eec63e172c24486032742"
    }
  },
  "constants": {
    "c_m_per_s": 299792458.0,
    "h_J_s": 6.62607015e-34,
    "kB_J_per_K": 1.380649e-23,
    "stefan_boltzmann_sigma": 5.6703744191844314e-08,
    "radiation_constant_a": 7.565733250280007e-16,
    "hbar_J_s": 1.0545718176461565e-34,
    "zeta3": 1.2020569031595942,
    "photon_density_coeff": 20286846.033907045
  },
  "assumptions": {
    "sign_convention": "n/u is positive for photon gas; model fit is applied to abs(n/u) and sign=+1 is fixed.",
    "sigma_proxy": "1 ppm relative tolerance (operational, analytic baseline)",
    "holdout_reduced_chi2_definition": {
      "train": "sum(z^2)/max(1,n-params)",
      "test": "sum(z^2)/max(1,n)  (no parameters are fit on the test split)"
    }
  },
  "data_range_T_K": [
    1.0,
    10000.0
  ],
  "splits": [
    {
      "name": "A_low_to_high",
      "train_T_K": [
        1.0,
        94.33732216299774
      ],
      "test_T_K": [
        106.00258488068825,
        10000.0
      ],
      "models": {
        "powerlaw_abs_fit_2p": {
          "params": {
            "log10_abs_coeff": 22.428363508119027,
            "exponent": -1.0000000000000069,
            "sign": 1.0
          },
          "train": {
            "n": 40,
            "max_abs_z": 4.599841496660782e-08,
            "rms_z": 3.1736985562455824e-08,
            "reduced_chi2": 1.060248686938452e-15,
            "exceed_3sigma_n": 0
          },
          "test": {
            "n": 40,
            "max_abs_z": 7.809617452740683e-08,
            "rms_z": 6.315680424378744e-08,
            "reduced_chi2": 3.988781922288088e-15,
            "exceed_3sigma_n": 0
          }
        },
        "fixed_exponent_minus1_abs_fit": {
          "params": {
            "abs_coeff": 2.681411749899619e+22,
            "exponent": -1.0,
            "sign": 1.0
          },
          "train": {
            "n": 40,
            "max_abs_z": 3.2091963007212516e-10,
            "rms_z": 1.2300203926332714e-10,
            "reduced_chi2": 1.551743760301238e-20,
            "exceed_3sigma_n": 0
          },
          "test": {
            "n": 40,
            "max_abs_z": 2.9484973037517584e-10,
            "rms_z": 1.1714527899079875e-10,
            "reduced_chi2": 1.3723016389832077e-20,
            "exceed_3sigma_n": 0
          }
        }
      }
    },
    {
      "name": "B_high_to_low",
      "train_T_K": [
        106.00258488068825,
        10000.0
      ],
      "test_T_K": [
        1.0,
        94.33732216299774
      ],
      "models": {
        "powerlaw_abs_fit_2p": {
          "params": {
            "log10_abs_coeff": 22.428363508119027,
            "exponent": -0.9999999999999997,
            "sign": 1.0
          },
          "train": {
            "n": 40,
            "max_abs_z": 1.3245769285645745e-08,
            "rms_z": 1.24197930972661e-08,
            "reduced_chi2": 1.6236974797778809e-16,
            "exceed_3sigma_n": 0
          },
          "test": {
            "n": 40,
            "max_abs_z": 1.483696279944493e-08,
            "rms_z": 1.3984827366196567e-08,
            "reduced_chi2": 1.9557539646232041e-16,
            "exceed_3sigma_n": 0
          }
        },
        "fixed_exponent_minus1_abs_fit": {
          "params": {
            "abs_coeff": 2.681411749899619e+22,
            "exponent": -1.0,
            "sign": 1.0
          },
          "train": {
            "n": 40,
            "max_abs_z": 2.9484973037517584e-10,
            "rms_z": 1.1714527899079875e-10,
            "reduced_chi2": 1.4074888604955977e-20,
            "exceed_3sigma_n": 0
          },
          "test": {
            "n": 40,
            "max_abs_z": 3.2091963007212516e-10,
            "rms_z": 1.2300203926332714e-10,
            "reduced_chi2": 1.5129501662937072e-20,
            "exceed_3sigma_n": 0
          }
        }
      }
    }
  ],
  "outputs": {
    "csv": "C:\\develop\\waveP\\output\\public\\quantum\\thermo_blackbody_photon_density_per_energy_density_holdout_splits.csv",
    "png": "C:\\develop\\waveP\\output\\public\\quantum\\thermo_blackbody_photon_density_per_energy_density_holdout_splits.png"
  },
  "notes": [
    "Analytic holdout for n/u (photon density per energy density) based on blackbody identities.",
    "This is a procedural regression check, not an observational inference."
  ]
}
