split,model_id,train_min_T_K,train_max_T_K,test_min_T_K,test_max_T_K,supported,reason,train_n,train_max_abs_z,train_reduced_chi2,test_n,test_max_abs_z,test_reduced_chi2,train_exceed_3sigma_n,test_exceed_3sigma_n,param_log10_abs_coeff,param_abs_coeff,param_exponent,param_sign
A_low_to_high,powerlaw_abs_fit_2p,1.0,94.33732216299774,106.00258488068825,10000.0,True,,40,2.596516325000258e-08,5.228705538798169e-16,40,3.344425918614463e-08,8.904427804534998e-16,0,0,-13.951542805191098,,1.615572589883768e-15,1.0
A_low_to_high,fixed_exponent_0_abs_fit,1.0,94.33732216299774,106.00258488068825,10000.0,True,,40,1.411150176630575e-10,7.65901854232501e-21,40,2.82230035326115e-10,1.2943741336529269e-20,0,0,,1.1180396222669757e-14,0.0,1.0
B_high_to_low,powerlaw_abs_fit_2p,106.00258488068825,10000.0,1.0,94.33732216299774,True,,40,1.749826219021913e-08,2.3786613886898785e-16,40,2.2578402826089195e-08,4.057892779174239e-16,0,0,-13.951542805191096,,-1.1077407739953868e-15,1.0
B_high_to_low,fixed_exponent_0_abs_fit,106.00258488068825,10000.0,1.0,94.33732216299774,True,,40,2.82230035326115e-10,1.3275632140030019e-20,40,1.411150176630575e-10,7.467543078766884e-21,0,0,,1.1180396222669757e-14,0.0,1.0
