split,model_id,train_min_T_K,train_max_T_K,test_min_T_K,test_max_T_K,supported,reason,train_n,train_max_abs_z,train_reduced_chi2,test_n,test_max_abs_z,test_reduced_chi2,train_exceed_3sigma_n,test_exceed_3sigma_n,param_log10_abs_coeff,param_abs_coeff,param_exponent,param_sign
A_low_to_high,powerlaw_abs_fit_2p,1.0,94.33732216299774,106.00258488068825,10000.0,True,,40,7.738830082261584e-09,3.9828887973659385e-17,40,1.0766805384808486e-08,8.532434594243654e-17,0,0,-7.874760711599963,,1.0000000000000007,1.0
A_low_to_high,fixed_exponent_plus1_abs_fit,1.0,94.33732216299774,106.00258488068825,10000.0,True,,40,2.2069278662503513e-10,1.7461586986088432e-20,40,3.2591932462191646e-10,1.8318877155907616e-20,0,0,,1.3342563807926082e-08,1.0,1.0
B_high_to_low,powerlaw_abs_fit_2p,106.00258488068825,10000.0,1.0,94.33732216299774,True,,40,2.2651688363854488e-09,3.488109781217585e-18,40,2.7496870145252532e-09,5.493372117354731e-18,0,0,-7.874760711599964,,0.9999999999999999,1.0
B_high_to_low,fixed_exponent_plus1_abs_fit,106.00258488068825,10000.0,1.0,94.33732216299774,True,,40,3.2591932462191646e-10,1.878859195477704e-20,40,2.2069278662503513e-10,1.702504731143622e-20,0,0,,1.3342563807926082e-08,1.0,1.0
