{
  "generated_utc": "2026-02-15T14:55:24.424860+00:00",
  "phase": 8,
  "step": "8.7.12",
  "inputs": {
    "blackbody_constants_extracted_values": {
      "path": "C:\\develop\\waveP\\data\\quantum\\sources\\nist_codata_2022_blackbody_constants\\extracted_values.json",
      "sha256": "ffe4c2234b9bf48c59898745bd5688a50a9f314e5e1eec63e172c24486032742"
    }
  },
  "constants": {
    "c_m_per_s": 299792458.0,
    "h_J_s": 6.62607015e-34,
    "kB_J_per_K": 1.380649e-23,
    "stefan_boltzmann_sigma": 5.6703744191844314e-08,
    "radiation_constant_a": 7.565733250280007e-16
  },
  "assumptions": {
    "sign_convention": "cV/g is positive for photon gas; model fit is applied to abs(cV/g) and sign=+1 is fixed.",
    "sigma_proxy": "1 ppm relative tolerance (operational, analytic baseline)",
    "holdout_reduced_chi2_definition": {
      "train": "sum(z^2)/max(1,n-params)",
      "test": "sum(z^2)/max(1,n)  (no parameters are fit on the test split)"
    }
  },
  "data_range_T_K": [
    1.0,
    10000.0
  ],
  "splits": [
    {
      "name": "A_low_to_high",
      "train_T_K": [
        1.0,
        94.33732216299774
      ],
      "test_T_K": [
        106.00258488068825,
        10000.0
      ],
      "models": {
        "powerlaw_abs_fit_2p": {
          "params": {
            "log10_abs_coeff": 9.078880694255886,
            "exponent": -1.0000000000000016,
            "sign": 1.0
          },
          "train": {
            "n": 40,
            "max_abs_z": 1.5239345492397245e-08,
            "rms_z": 1.1906162572925751e-08,
            "reduced_chi2": 1.4921758653993469e-16,
            "exceed_3sigma_n": 0
          },
          "test": {
            "n": 40,
            "max_abs_z": 2.232838360813184e-08,
            "rms_z": 1.9052729985108263e-08,
            "reduced_chi2": 3.6300651988544353e-16,
            "exceed_3sigma_n": 0
          }
        },
        "fixed_exponent_minus1_abs_fit": {
          "params": {
            "abs_coeff": 1199169832.0,
            "exponent": -1.0,
            "sign": 1.0
          },
          "train": {
            "n": 40,
            "max_abs_z": 2.05256426968243e-10,
            "rms_z": 1.0884829083527342e-10,
            "reduced_chi2": 1.215174401821566e-20,
            "exceed_3sigma_n": 0
          },
          "test": {
            "n": 40,
            "max_abs_z": 3.820024582630453e-10,
            "rms_z": 1.351591842038987e-10,
            "reduced_chi2": 1.826800507466342e-20,
            "exceed_3sigma_n": 0
          }
        }
      }
    },
    {
      "name": "B_high_to_low",
      "train_T_K": [
        106.00258488068825,
        10000.0
      ],
      "test_T_K": [
        1.0,
        94.33732216299774
      ],
      "models": {
        "powerlaw_abs_fit_2p": {
          "params": {
            "log10_abs_coeff": 9.078880694255888,
            "exponent": -0.9999999999999999,
            "sign": 1.0
          },
          "train": {
            "n": 40,
            "max_abs_z": 3.811195226861599e-09,
            "rms_z": 3.4089286117094018e-09,
            "reduced_chi2": 1.2232415031295778e-17,
            "exceed_3sigma_n": 0
          },
          "test": {
            "n": 40,
            "max_abs_z": 4.273711526502399e-09,
            "rms_z": 3.9411314081626986e-09,
            "reduced_chi2": 1.5532516776406497e-17,
            "exceed_3sigma_n": 0
          }
        },
        "fixed_exponent_minus1_abs_fit": {
          "params": {
            "abs_coeff": 1199169832.0,
            "exponent": -1.0,
            "sign": 1.0
          },
          "train": {
            "n": 40,
            "max_abs_z": 3.820024582630453e-10,
            "rms_z": 1.351591842038987e-10,
            "reduced_chi2": 1.8736415461193255e-20,
            "exceed_3sigma_n": 0
          },
          "test": {
            "n": 40,
            "max_abs_z": 2.05256426968243e-10,
            "rms_z": 1.0884829083527342e-10,
            "reduced_chi2": 1.1847950417760268e-20,
            "exceed_3sigma_n": 0
          }
        }
      }
    }
  ],
  "outputs": {
    "csv": "C:\\develop\\waveP\\output\\public\\quantum\\thermo_blackbody_heat_capacity_momentum_ratio_holdout_splits.csv",
    "png": "C:\\develop\\waveP\\output\\public\\quantum\\thermo_blackbody_heat_capacity_momentum_ratio_holdout_splits.png"
  },
  "notes": [
    "Analytic holdout for cV/g (heat-capacity density per momentum density) based on blackbody identities.",
    "This is a procedural regression check, not an observational inference."
  ]
}
