split,model_id,train_min_T_K,train_max_T_K,test_min_T_K,test_max_T_K,supported,reason,train_n,train_max_abs_z,train_reduced_chi2,test_n,test_max_abs_z,test_reduced_chi2,train_exceed_3sigma_n,test_exceed_3sigma_n,param_log10_abs_coeff,param_abs_coeff,param_exponent,param_sign
A_low_to_high,powerlaw_abs_fit_2p,1.0,94.33732216299774,106.00258488068825,10000.0,True,,40,4.599841496660782e-08,1.060248686938452e-15,40,7.809617452740683e-08,3.988781922288088e-15,0,0,22.428363508119027,,-1.0000000000000069,1.0
A_low_to_high,fixed_exponent_minus1_abs_fit,1.0,94.33732216299774,106.00258488068825,10000.0,True,,40,3.2091963007212516e-10,1.551743760301238e-20,40,2.9484973037517584e-10,1.3723016389832077e-20,0,0,,2.681411749899619e+22,-1.0,1.0
B_high_to_low,powerlaw_abs_fit_2p,106.00258488068825,10000.0,1.0,94.33732216299774,True,,40,1.3245769285645745e-08,1.6236974797778809e-16,40,1.483696279944493e-08,1.9557539646232041e-16,0,0,22.428363508119027,,-0.9999999999999997,1.0
B_high_to_low,fixed_exponent_minus1_abs_fit,106.00258488068825,10000.0,1.0,94.33732216299774,True,,40,2.9484973037517584e-10,1.4074888604955977e-20,40,3.2091963007212516e-10,1.5129501662937072e-20,0,0,,2.681411749899619e+22,-1.0,1.0
