split,model_id,train_min_T_K,train_max_T_K,test_min_T_K,test_max_T_K,supported,reason,train_n,train_max_abs_z,train_reduced_chi2,test_n,test_max_abs_z,test_reduced_chi2,train_exceed_3sigma_n,test_exceed_3sigma_n,param_log10_abs_coeff,param_abs_coeff,param_exponent,param_sign
A_low_to_high,powerlaw_abs_fit_2p,1.0,94.33732216299774,106.00258488068825,10000.0,True,,40,1.0432539828284158e-08,9.326812481345184e-17,40,1.2377690913203519e-08,1.3072749986881654e-16,0,0,8.476820702927924,,-1.0000000000000004,1.0
A_low_to_high,fixed_exponent_minus1_abs_fit,1.0,94.33732216299774,106.00258488068825,10000.0,True,,40,4.0018137259689405e-10,2.1787533868774146e-20,40,3.044863355852208e-10,1.7946647898044843e-20,0,0,,299792458.0,-1.0,1.0
B_high_to_low,powerlaw_abs_fit_2p,106.00258488068825,10000.0,1.0,94.33732216299774,True,,40,9.990622709890093e-09,7.972252568504069e-17,40,1.2525640724589574e-08,1.2799727996931475e-16,0,0,8.476820702927922,,-0.9999999999999994,1.0
B_high_to_low,fixed_exponent_minus1_abs_fit,106.00258488068825,10000.0,1.0,94.33732216299774,True,,40,3.044863355852208e-10,1.8406818356969068e-20,40,4.0018137259689405e-10,2.124284552205479e-20,0,0,,299792458.0,-1.0,1.0
