{
  "generated_utc": "2026-02-15T22:25:08.931981+00:00",
  "phase": 8,
  "step": "8.7.12",
  "inputs": {
    "blackbody_constants_extracted_values": {
      "path": "C:\\develop\\waveP\\data\\quantum\\sources\\nist_codata_2022_blackbody_constants\\extracted_values.json",
      "sha256": "ffe4c2234b9bf48c59898745bd5688a50a9f314e5e1eec63e172c24486032742"
    }
  },
  "constants": {
    "c_m_per_s": 299792458.0,
    "h_J_s": 6.62607015e-34,
    "kB_J_per_K": 1.380649e-23,
    "stefan_boltzmann_sigma": 5.6703744191844314e-08,
    "radiation_constant_a": 7.565733250280007e-16,
    "zeta3": 1.2020569031595942
  },
  "assumptions": {
    "sign_convention": "h/Φ_n is positive for photon gas; model fit is applied to abs(h/Φ_n) and sign=+1 is fixed.",
    "sigma_proxy": "1 ppm relative tolerance (operational, analytic baseline)",
    "holdout_reduced_chi2_definition": {
      "train": "sum(z^2)/max(1,n-params)",
      "test": "sum(z^2)/max(1,n)  (no parameters are fit on the test split)"
    }
  },
  "data_range_T_K": [
    1.0,
    10000.0
  ],
  "splits": [
    {
      "name": "A_low_to_high",
      "train_T_K": [
        1.0,
        94.33732216299774
      ],
      "test_T_K": [
        106.00258488068825,
        10000.0
      ],
      "models": {
        "powerlaw_abs_fit_2p": {
          "params": {
            "log10_abs_coeff": -30.178185483110695,
            "exponent": 1.0000000000000033,
            "sign": 1.0
          },
          "train": {
            "n": 40,
            "max_abs_z": 1.3788776888956199e-12,
            "rms_z": 4.48452662750602e-13,
            "reduced_chi2": 2.116945165559002e-25,
            "exceed_3sigma_n": 0
          },
          "test": {
            "n": 40,
            "max_abs_z": 2.511126848070072e-10,
            "rms_z": 8.339546696248628e-11,
            "reduced_chi2": 6.95480390989114e-21,
            "exceed_3sigma_n": 0
          }
        },
        "fixed_exponent_plus1_abs_fit": {
          "params": {
            "abs_coeff": 6.634596524722755e-31,
            "exponent": 1.0,
            "sign": 1.0
          },
          "train": {
            "n": 40,
            "max_abs_z": 1.6815581571897804e-14,
            "rms_z": 4.515358493075782e-15,
            "reduced_chi2": 2.0911243406145224e-29,
            "exceed_3sigma_n": 0
          },
          "test": {
            "n": 40,
            "max_abs_z": 1.4349296274686125e-12,
            "rms_z": 3.6201048084230817e-13,
            "reduced_chi2": 1.3105158823967917e-25,
            "exceed_3sigma_n": 0
          }
        }
      }
    },
    {
      "name": "B_high_to_low",
      "train_T_K": [
        106.00258488068825,
        10000.0
      ],
      "test_T_K": [
        1.0,
        94.33732216299774
      ],
      "models": {
        "powerlaw_abs_fit_2p": {
          "params": {
            "log10_abs_coeff": -30.17818548311069,
            "exponent": 0.9999999999999969,
            "sign": 1.0
          },
          "train": {
            "n": 40,
            "max_abs_z": 3.300338143177809e-11,
            "rms_z": 9.370273503488161e-12,
            "reduced_chi2": 9.242318476860241e-23,
            "exceed_3sigma_n": 0
          },
          "test": {
            "n": 40,
            "max_abs_z": 5.717297734445253e-13,
            "rms_z": 2.313625255479406e-13,
            "reduced_chi2": 5.352861822792147e-26,
            "exceed_3sigma_n": 0
          }
        },
        "fixed_exponent_plus1_abs_fit": {
          "params": {
            "abs_coeff": 6.634596524722756e-31,
            "exponent": 1.0,
            "sign": 1.0
          },
          "train": {
            "n": 40,
            "max_abs_z": 1.4349296274686125e-12,
            "rms_z": 3.18422375406843e-13,
            "reduced_chi2": 1.0399262477921685e-25,
            "exceed_3sigma_n": 0
          },
          "test": {
            "n": 40,
            "max_abs_z": 1.1210387714598535e-14,
            "rms_z": 2.9187002679273968e-15,
            "reduced_chi2": 8.518811253999459e-30,
            "exceed_3sigma_n": 0
          }
        }
      }
    }
  ],
  "outputs": {
    "csv": "C:\\develop\\waveP\\output\\public\\quantum\\thermo_blackbody_enthalpy_per_photon_flux_holdout_splits.csv",
    "png": "C:\\develop\\waveP\\output\\public\\quantum\\thermo_blackbody_enthalpy_per_photon_flux_holdout_splits.png"
  },
  "notes": [
    "Analytic holdout for h/Φ_n (enthalpy density per photon flux) based on blackbody identities.",
    "This is a procedural regression check, not an observational inference."
  ]
}
