{
  "generated_utc": "2026-02-15T15:32:02.418639+00:00",
  "phase": 8,
  "step": "8.7.12",
  "inputs": {
    "blackbody_constants_extracted_values": {
      "path": "C:\\develop\\waveP\\data\\quantum\\sources\\nist_codata_2022_blackbody_constants\\extracted_values.json",
      "sha256": "ffe4c2234b9bf48c59898745bd5688a50a9f314e5e1eec63e172c24486032742"
    }
  },
  "constants": {
    "c_m_per_s": 299792458.0,
    "h_J_s": 6.62607015e-34,
    "kB_J_per_K": 1.380649e-23,
    "stefan_boltzmann_sigma": 5.6703744191844314e-08,
    "radiation_constant_a": 7.565733250280007e-16,
    "zeta3": 1.2020569031595942
  },
  "assumptions": {
    "sign_convention": "cV/Φ_n is positive for photon gas; model fit is applied to abs(cV/Φ_n) and sign=+1 is fixed.",
    "sigma_proxy": "1 ppm relative tolerance (operational, analytic baseline)",
    "holdout_reduced_chi2_definition": {
      "train": "sum(z^2)/max(1,n-params)",
      "test": "sum(z^2)/max(1,n)  (no parameters are fit on the test split)"
    }
  },
  "data_range_T_K": [
    1.0,
    10000.0
  ],
  "splits": [
    {
      "name": "A_low_to_high",
      "train_T_K": [
        1.0,
        94.33732216299774
      ],
      "test_T_K": [
        106.00258488068825,
        10000.0
      ],
      "models": {
        "powerlaw_abs_fit_2p": {
          "params": {
            "log10_abs_coeff": -29.701064228391026,
            "exponent": 5.307402434354801e-15,
            "sign": 1.0
          },
          "train": {
            "n": 40,
            "max_abs_z": 9.563862019016876e-14,
            "rms_z": 7.25872900402472e-14,
            "reduced_chi2": 5.546225974091547e-27,
            "exceed_3sigma_n": 0
          },
          "test": {
            "n": 40,
            "max_abs_z": 1.4468406644153735e-13,
            "rms_z": 1.2125264587973226e-13,
            "reduced_chi2": 1.4702204132835752e-26,
            "exceed_3sigma_n": 0
          }
        },
        "fixed_exponent_0_abs_fit": {
          "params": {
            "abs_coeff": 1.9903789574168268e-30,
            "exponent": 0.0,
            "sign": 1.0
          },
          "train": {
            "n": 40,
            "max_abs_z": 3.5032461608120423e-16,
            "rms_z": 2.3500489672472656e-16,
            "reduced_chi2": 5.664338613805068e-32,
            "exceed_3sigma_n": 0
          },
          "test": {
            "n": 40,
            "max_abs_z": 7.006492321624085e-16,
            "rms_z": 2.8244073504204035e-16,
            "reduced_chi2": 7.977276881108803e-32,
            "exceed_3sigma_n": 0
          }
        }
      }
    },
    {
      "name": "B_high_to_low",
      "train_T_K": [
        106.00258488068825,
        10000.0
      ],
      "test_T_K": [
        1.0,
        94.33732216299774
      ],
      "models": {
        "powerlaw_abs_fit_2p": {
          "params": {
            "log10_abs_coeff": -29.70106422839102,
            "exponent": -4.123207640868646e-15,
            "sign": 1.0
          },
          "train": {
            "n": 40,
            "max_abs_z": 4.1688629313663305e-14,
            "rms_z": 2.535506930178482e-14,
            "reduced_chi2": 6.767153045245379e-28,
            "exceed_3sigma_n": 0
          },
          "test": {
            "n": 40,
            "max_abs_z": 7.952368785043336e-14,
            "rms_z": 6.202445139914157e-14,
            "reduced_chi2": 3.8470325713644735e-27,
            "exceed_3sigma_n": 0
          }
        },
        "fixed_exponent_0_abs_fit": {
          "params": {
            "abs_coeff": 1.9903789574168268e-30,
            "exponent": 0.0,
            "sign": 1.0
          },
          "train": {
            "n": 40,
            "max_abs_z": 7.006492321624085e-16,
            "rms_z": 2.8244073504204035e-16,
            "reduced_chi2": 8.181822442162875e-32,
            "exceed_3sigma_n": 0
          },
          "test": {
            "n": 40,
            "max_abs_z": 3.5032461608120423e-16,
            "rms_z": 2.3500489672472656e-16,
            "reduced_chi2": 5.522730148459941e-32,
            "exceed_3sigma_n": 0
          }
        }
      }
    }
  ],
  "outputs": {
    "csv": "C:\\develop\\waveP\\output\\public\\quantum\\thermo_blackbody_heat_capacity_per_photon_flux_holdout_splits.csv",
    "png": "C:\\develop\\waveP\\output\\public\\quantum\\thermo_blackbody_heat_capacity_per_photon_flux_holdout_splits.png"
  },
  "notes": [
    "Analytic holdout for cV/Φ_n (heat-capacity density per photon flux) based on blackbody identities.",
    "This is a procedural regression check, not an observational inference."
  ]
}
