split,model_id,train_min_T_K,train_max_T_K,test_min_T_K,test_max_T_K,supported,reason,train_n,train_max_abs_z,train_reduced_chi2,test_n,test_max_abs_z,test_reduced_chi2,train_exceed_3sigma_n,test_exceed_3sigma_n,param_log10_coeff,param_exponent,param_coeff
A_low_to_high,powerlaw_fit_2p,1.0,94.33732216299774,106.00258488068825,10000.0,True,,40,1.5242196992783698e-08,1.5700538562795005e-16,40,2.1190929140557155e-08,3.3871775943003495e-16,0,0,13.30723377073215,1.9999999999999987,
A_low_to_high,fixed_exponent_plus2_fit,1.0,94.33732216299774,106.00258488068825,10000.0,True,,40,1.9131930355132845e-10,1.1439277457545594e-20,40,2.1814489342653293e-10,1.187109511609537e-20,0,0,,2.0,20287744683039.258
B_high_to_low,powerlaw_fit_2p,106.00258488068825,10000.0,1.0,94.33732216299774,True,,40,4.91009333744617e-09,7.013182265908513e-18,40,1.1359998541024327e-08,5.884031429669891e-17,0,0,13.307233770732159,1.9999999999999982,
B_high_to_low,fixed_exponent_plus2_fit,106.00258488068825,10000.0,1.0,94.33732216299774,True,,40,2.1814489342653293e-10,1.2175482170354226e-20,40,1.9131930355132845e-10,1.1153295521106954e-20,0,0,,2.0,20287744683039.258
