split,model_id,train_min_T_K,train_max_T_K,test_min_T_K,test_max_T_K,supported,reason,train_n,train_max_abs_z,train_reduced_chi2,test_n,test_max_abs_z,test_reduced_chi2,train_exceed_3sigma_n,test_exceed_3sigma_n,param_log10_coeff,param_exponent,param_coeff
A_low_to_high,powerlaw_fit_2p,1.0,94.33732216299774,106.00258488068825,10000.0,True,,40,7.853020113249293e-09,3.645068683782759e-17,40,1.1874886642005291e-08,9.973594459085445e-17,0,0,-2.537935795021366,-0.9999999999999991,
A_low_to_high,fixed_exponent_-1_fit,1.0,94.33732216299774,106.00258488068825,10000.0,True,,40,1.963255028312323e-10,4.197168026574084e-21,40,2.013940377703386e-10,4.963129169684774e-21,0,0,,-1.0,0.0028977719551851722
B_high_to_low,powerlaw_fit_2p,106.00258488068825,10000.0,1.0,94.33732216299774,True,,40,1.6528208724103082e-09,2.4019211932182658e-18,40,1.6500296854932121e-09,2.292166386853084e-18,0,0,-2.5379357950213683,-1.0,
B_high_to_low,fixed_exponent_-1_fit,106.00258488068825,10000.0,1.0,94.33732216299774,True,,40,2.013940377703386e-10,5.090388891984384e-21,40,1.963255028312323e-10,4.092238825909732e-21,0,0,,-1.0,0.0028977719551851722
