split,model_id,train_min_T_K,train_max_T_K,test_min_T_K,test_max_T_K,supported,reason,train_n,train_max_abs_z,train_reduced_chi2,test_n,test_max_abs_z,test_reduced_chi2,train_exceed_3sigma_n,test_exceed_3sigma_n,param_log10_abs_coeff,param_abs_coeff,param_exponent,param_sign
A_low_to_high,powerlaw_abs_fit_2p,1.0,94.33732216299774,106.00258488068825,10000.0,True,,40,1.7455911191140197e-09,8.124673822239122e-19,40,3.184199701352532e-09,5.48134711736358e-18,0,0,0.47712125471966244,,-0.9999999999999997,1.0
A_low_to_high,fixed_exponent_minus1_abs_fit,1.0,94.33732216299774,106.00258488068825,10000.0,True,,40,2.4207531338257076e-10,1.926319797941689e-20,40,2.862353023220117e-10,2.5833213086761436e-20,0,0,,3.0,-1.0,1.0
B_high_to_low,powerlaw_abs_fit_2p,106.00258488068825,10000.0,1.0,94.33732216299774,True,,40,2.8375972931054886e-09,5.839533104180917e-18,40,3.1906113444809257e-09,8.282066156400276e-18,0,0,0.4771212547196611,,-0.9999999999999999,1.0
B_high_to_low,fixed_exponent_minus1_abs_fit,106.00258488068825,10000.0,1.0,94.33732216299774,True,,40,2.862353023220117e-10,2.6495603165909166e-20,40,2.4207531338257076e-10,1.8781618029931467e-20,0,0,,3.0,-1.0,1.0
