split,model_id,train_min_T_K,train_max_T_K,test_min_T_K,test_max_T_K,supported,reason,train_n,train_max_abs_z,train_reduced_chi2,test_n,test_max_abs_z,test_reduced_chi2,train_exceed_3sigma_n,test_exceed_3sigma_n,param_log10_abs_coeff,param_abs_coeff,param_exponent,param_sign
A_low_to_high,powerlaw_abs_fit_2p,1.0,94.33732216299774,106.00258488068825,10000.0,True,,40,6.121136532892405e-11,3.603179426604122e-21,40,6.700162961679524e-11,4.107795603270144e-21,0,0,-8.351881966319622,,2.690332814506679e-16,1.0
A_low_to_high,fixed_exponent_0_abs_fit,1.0,94.33732216299774,106.00258488068825,10000.0,True,,40,8.271806125530277e-13,2.631645253013854e-25,40,8.271806125530277e-13,2.907968004580309e-25,0,0,,4.447521269308694e-09,0.0,1.0
B_high_to_low,powerlaw_abs_fit_2p,106.00258488068825,10000.0,1.0,94.33732216299774,True,,40,6.28657265540301e-11,2.5655120078056157e-21,40,9.181704799338607e-11,6.13803622990325e-21,0,0,-8.351881966319619,,-1.4107822474531375e-15,1.0
B_high_to_low,fixed_exponent_0_abs_fit,106.00258488068825,10000.0,1.0,94.33732216299774,True,,40,8.271806125530277e-13,2.9825312867490347e-25,40,8.271806125530277e-13,2.565854121688508e-25,0,0,,4.447521269308694e-09,0.0,1.0
