split,model_id,train_min_T_K,train_max_T_K,test_min_T_K,test_max_T_K,supported,reason,train_n,train_max_abs_z,train_reduced_chi2,test_n,test_max_abs_z,test_reduced_chi2,train_exceed_3sigma_n,test_exceed_3sigma_n,param_log10_coeff,param_exponent,param_coeff
A_low_to_high,powerlaw_fit_2p,1.0,94.33732216299774,106.00258488068825,10000.0,True,,40,2.2499312661442353e-10,2.1774802706654573e-21,40,1.972234145369831e-08,2.2530202442607797e-16,0,0,-15.598270229681212,4.000000000000002,
A_low_to_high,fixed_exponent_4_fit,1.0,94.33732216299774,106.00258488068825,10000.0,True,,40,0.0,0.0,40,0.0,0.0,0,0,,4.0,2.521911083426669e-16
B_high_to_low,powerlaw_fit_2p,106.00258488068825,10000.0,1.0,94.33732216299774,True,,40,1.567221776231384e-08,1.7085973326497395e-16,40,2.2830184906463564e-10,2.1256520568380378e-21,0,0,-15.59827022968121,4.000000000000001,
B_high_to_low,fixed_exponent_4_fit,106.00258488068825,10000.0,1.0,94.33732216299774,True,,40,0.0,0.0,40,0.0,0.0,0,0,,4.0,2.521911083426669e-16
