split,model_id,train_min_T_K,train_max_T_K,test_min_T_K,test_max_T_K,supported,reason,train_n,train_max_abs_z,train_reduced_chi2,test_n,test_max_abs_z,test_reduced_chi2,train_exceed_3sigma_n,test_exceed_3sigma_n,param_log10_abs_coeff,param_abs_coeff,param_exponent,param_sign
A_low_to_high,powerlaw_abs_fit_2p,1.0,94.33732216299774,106.00258488068825,10000.0,True,,40,3.3509288095974946e-08,6.337748246388653e-16,40,5.320978150359585e-08,1.9317627822016906e-15,0,0,22.90548476283869,,-1.0000000000000042,1.0
A_low_to_high,fixed_exponent_minus1_abs_fit,1.0,94.33732216299774,106.00258488068825,10000.0,True,,40,4.4953144025282755e-10,2.0952734600581585e-20,40,4.0072080363994747e-10,4.342586269136973e-20,0,0,,8.044235249698856e+22,-1.0,1.0
B_high_to_low,powerlaw_abs_fit_2p,106.00258488068825,10000.0,1.0,94.33732216299774,True,,40,1.658108143190073e-08,1.9304805947135875e-16,40,2.273325539638413e-08,3.874777915277764e-16,0,0,22.905484762838686,,-0.9999999999999987,1.0
B_high_to_low,fixed_exponent_minus1_abs_fit,106.00258488068825,10000.0,1.0,94.33732216299774,True,,40,4.0072080363994747e-10,4.453934635012279e-20,40,4.4953144025282755e-10,2.0428916235567045e-20,0,0,,8.044235249698856e+22,-1.0,1.0
