{
  "generated_utc": "2026-02-17T00:55:19.183421+00:00",
  "phase": 7,
  "step": "7.20.6",
  "inputs": {
    "blackbody_constants_extracted_values": {
      "path": "C:\\develop\\waveP\\data\\quantum\\sources\\nist_codata_2022_blackbody_constants\\extracted_values.json",
      "sha256": "ffe4c2234b9bf48c59898745bd5688a50a9f314e5e1eec63e172c24486032742"
    }
  },
  "constants": {
    "c_m_per_s": 299792458.0,
    "h_J_s": 6.62607015e-34,
    "kB_J_per_K": 1.380649e-23,
    "zeta3": 1.2020569031595942,
    "photon_density_coeff": 20286846.033907045,
    "photon_flux_coeff": 1520460859393136.0
  },
  "assumptions": {
    "sign_convention": "n/Phi_n is positive for isotropic blackbody radiation.",
    "sigma_proxy": "1 ppm relative tolerance (operational, analytic baseline)",
    "holdout_reduced_chi2_definition": {
      "train": "sum(z^2)/max(1,n-params)",
      "test": "sum(z^2)/max(1,n)  (no parameters are fit on the test split)"
    }
  },
  "data_range_T_K": [
    1.0,
    10000.0
  ],
  "splits": [
    {
      "name": "A_low_to_high",
      "train_T_K": [
        1.0,
        94.33732216299774
      ],
      "test_T_K": [
        106.00258488068825,
        10000.0
      ],
      "models": {
        "powerlaw_fit_2p": {
          "params": {
            "log10_coeff": -7.8747607115999605,
            "exponent": 4.539379547425378e-16
          },
          "train": {
            "n": 40,
            "max_abs_z": 1.277109921593172e-08,
            "rms_z": 1.1770258016252084e-08,
            "reduced_chi2": 1.458304987043647e-16,
            "exceed_3sigma_n": 0
          },
          "test": {
            "n": 40,
            "max_abs_z": 1.500294179735668e-08,
            "rms_z": 1.387911658253508e-08,
            "reduced_chi2": 1.9262987711160023e-16,
            "exceed_3sigma_n": 0
          }
        },
        "fixed_exponent_0_fit": {
          "params": {
            "coeff": 1.3342563807926085e-08,
            "exponent": 0.0
          },
          "train": {
            "n": 40,
            "max_abs_z": 3.7197376357082684e-10,
            "rms_z": 2.0088879235945e-10,
            "reduced_chi2": 4.139108399552638e-20,
            "exceed_3sigma_n": 0
          },
          "test": {
            "n": 40,
            "max_abs_z": 3.7197376357082684e-10,
            "rms_z": 1.9992989050084473e-10,
            "reduced_chi2": 3.997196111567976e-20,
            "exceed_3sigma_n": 0
          }
        }
      }
    },
    {
      "name": "B_high_to_low",
      "train_T_K": [
        106.00258488068825,
        10000.0
      ],
      "test_T_K": [
        1.0,
        94.33732216299774
      ],
      "models": {
        "powerlaw_fit_2p": {
          "params": {
            "log10_coeff": -7.87476071159996,
            "exponent": -1.1705108209218144e-15
          },
          "train": {
            "n": 40,
            "max_abs_z": 7.191492762369318e-09,
            "rms_z": 4.850261487765106e-09,
            "reduced_chi2": 2.476319631547092e-17,
            "exceed_3sigma_n": 0
          },
          "test": {
            "n": 40,
            "max_abs_z": 1.264710796140811e-08,
            "rms_z": 1.016826568094014e-08,
            "reduced_chi2": 1.0339362695818504e-16,
            "exceed_3sigma_n": 0
          }
        },
        "fixed_exponent_0_fit": {
          "params": {
            "coeff": 1.3342563807926085e-08,
            "exponent": 0.0
          },
          "train": {
            "n": 40,
            "max_abs_z": 3.7197376357082684e-10,
            "rms_z": 1.9992989050084473e-10,
            "reduced_chi2": 4.099688319556899e-20,
            "exceed_3sigma_n": 0
          },
          "test": {
            "n": 40,
            "max_abs_z": 3.7197376357082684e-10,
            "rms_z": 2.0088879235945e-10,
            "reduced_chi2": 4.0356306895638224e-20,
            "exceed_3sigma_n": 0
          }
        }
      }
    }
  ],
  "outputs": {
    "csv": "C:\\develop\\waveP\\output\\public\\quantum\\thermo_blackbody_photon_density_per_photon_flux_holdout_splits.csv",
    "png": "C:\\develop\\waveP\\output\\public\\quantum\\thermo_blackbody_photon_density_per_photon_flux_holdout_splits.png"
  },
  "notes": [
    "Analytic holdout for photon density per photon flux based on isotropic blackbody identities.",
    "This is a procedural regression check, not an observational inference."
  ]
}
