{
  "generated_utc": "2026-02-14T00:54:51.309200+00:00",
  "phase": 7,
  "step": "7.20.6",
  "inputs": {
    "blackbody_constants_extracted_values": {
      "path": "C:\\develop\\waveP\\data\\quantum\\sources\\nist_codata_2022_blackbody_constants\\extracted_values.json",
      "sha256": "ffe4c2234b9bf48c59898745bd5688a50a9f314e5e1eec63e172c24486032742"
    }
  },
  "constants": {
    "h_J_s": 6.62607015e-34,
    "kB_J_per_K": 1.380649e-23,
    "wien_x_peak_frequency": 2.8214393721220787,
    "nu_coeff_Hz_per_K": 58789257576.468254
  },
  "assumptions": {
    "sigma_proxy": "1 ppm relative tolerance (operational, analytic baseline)",
    "holdout_reduced_chi2_definition": {
      "train": "sum(z^2)/max(1,n-params)",
      "test": "sum(z^2)/max(1,n)  (no parameters are fit on the test split)"
    }
  },
  "data_range_T_K": [
    1.0,
    10000.0
  ],
  "splits": [
    {
      "name": "A_low_to_high",
      "train_T_K": [
        1.0,
        94.33732216299774
      ],
      "test_T_K": [
        106.00258488068825,
        10000.0
      ],
      "models": {
        "powerlaw_fit_2p": {
          "params": {
            "log10_coeff": 10.76929797571078,
            "exponent": 0.9999999999999967
          },
          "train": {
            "n": 40,
            "max_abs_z": 3.099068610055206e-08,
            "rms_z": 2.370426622364951e-08,
            "reduced_chi2": 5.914655128438432e-16,
            "exceed_3sigma_n": 0
          },
          "test": {
            "n": 40,
            "max_abs_z": 4.6352005661162554e-08,
            "rms_z": 3.906878207928097e-08,
            "reduced_chi2": 1.5263697331583459e-15,
            "exceed_3sigma_n": 0
          }
        },
        "fixed_exponent_1_fit": {
          "params": {
            "coeff": 58789257576.46826,
            "exponent": 1.0
          },
          "train": {
            "n": 40,
            "max_abs_z": 2.251745437835401e-10,
            "rms_z": 1.4905092936281476e-10,
            "reduced_chi2": 2.2785825173250044e-20,
            "exceed_3sigma_n": 0
          },
          "test": {
            "n": 40,
            "max_abs_z": 2.41980234951199e-10,
            "rms_z": 1.4976848383789723e-10,
            "reduced_chi2": 2.2430598751102487e-20,
            "exceed_3sigma_n": 0
          }
        }
      }
    },
    {
      "name": "B_high_to_low",
      "train_T_K": [
        106.00258488068825,
        10000.0
      ],
      "test_T_K": [
        1.0,
        94.33732216299774
      ],
      "models": {
        "powerlaw_fit_2p": {
          "params": {
            "log10_coeff": 10.769297975710787,
            "exponent": 0.9999999999999994
          },
          "train": {
            "n": 40,
            "max_abs_z": 4.4651014627725395e-09,
            "rms_z": 3.297467716303092e-09,
            "reduced_chi2": 1.144557193690645e-17,
            "exceed_3sigma_n": 0
          },
          "test": {
            "n": 40,
            "max_abs_z": 1.9369178812845036e-09,
            "rms_z": 9.690645974846875e-10,
            "reduced_chi2": 9.390861940981595e-19,
            "exceed_3sigma_n": 0
          }
        },
        "fixed_exponent_1_fit": {
          "params": {
            "coeff": 58789257576.46826,
            "exponent": 1.0
          },
          "train": {
            "n": 40,
            "max_abs_z": 2.41980234951199e-10,
            "rms_z": 1.4976848383789723e-10,
            "reduced_chi2": 2.3005742308823064e-20,
            "exceed_3sigma_n": 0
          },
          "test": {
            "n": 40,
            "max_abs_z": 2.251745437835401e-10,
            "rms_z": 1.4905092936281476e-10,
            "reduced_chi2": 2.2216179543918793e-20,
            "exceed_3sigma_n": 0
          }
        }
      }
    }
  ],
  "outputs": {
    "csv": "C:\\develop\\waveP\\output\\public\\quantum\\thermo_blackbody_peak_frequency_holdout_splits.csv",
    "png": "C:\\develop\\waveP\\output\\public\\quantum\\thermo_blackbody_peak_frequency_holdout_splits.png"
  },
  "notes": [
    "Analytic holdout for blackbody peak frequency from the Planck B_ν maximum (Wien displacement law).",
    "The root x solves 3(1-exp(-x))=x; ν_max = (k_B/h) x T."
  ]
}
