split,model_id,train_min_T_K,train_max_T_K,test_min_T_K,test_max_T_K,supported,reason,train_n,train_max_abs_z,train_reduced_chi2,test_n,test_max_abs_z,test_reduced_chi2,train_exceed_3sigma_n,test_exceed_3sigma_n,param_log10_coeff,param_exponent,param_coeff
A_low_to_high,powerlaw_fit_2p,1.0,94.33732216299774,106.00258488068825,10000.0,True,,40,6.66133814775094e-10,1.3355817340655906e-19,40,1.3322676295501883e-09,9.658153485113114e-19,0,0,-0.47712125471966244,1.4167402000795944e-16,
A_low_to_high,fixed_exponent_0_fit,1.0,94.33732216299774,106.00258488068825,10000.0,True,,40,1.6653345369377348e-10,9.955576327909404e-21,40,1.6653345369377353e-10,6.240013019814644e-21,0,0,,0.0,0.3333333333333333
B_high_to_low,powerlaw_fit_2p,106.00258488068825,10000.0,1.0,94.33732216299774,True,,40,6.661338147750941e-10,2.2551626001435383e-19,40,3.33066907387547e-10,8.18135040375698e-20,0,0,-0.4771212547196623,2.1801117809117574e-17,
B_high_to_low,fixed_exponent_0_fit,106.00258488068825,10000.0,1.0,94.33732216299774,True,,40,1.6653345369377353e-10,6.400013353656045e-21,40,1.6653345369377348e-10,9.706686919711669e-21,0,0,,0.0,0.3333333333333333
