{
  "generated_utc": "2026-02-20T12:38:47.528003+00:00",
  "phase": 7,
  "step": "7.20.6",
  "inputs": {
    "blackbody_constants_extracted_values": {
      "path": "C:\\develop\\waveP\\data\\quantum\\sources\\nist_codata_2022_blackbody_constants\\extracted_values.json",
      "sha256": "ffe4c2234b9bf48c59898745bd5688a50a9f314e5e1eec63e172c24486032742"
    }
  },
  "constants": {
    "c_m_per_s": 299792458.0,
    "h_J_s": 6.62607015e-34,
    "kB_J_per_K": 1.380649e-23,
    "zeta_3": 1.202056903159594,
    "photon_flux_coeff": 1520460859393136.8
  },
  "assumptions": {
    "sigma_proxy": "1 ppm relative tolerance (operational, analytic baseline)",
    "holdout_reduced_chi2_definition": {
      "train": "sum(z^2)/max(1,n-params)",
      "test": "sum(z^2)/max(1,n)  (no parameters are fit on the test split)"
    }
  },
  "data_range_T_K": [
    1.0,
    10000.0
  ],
  "splits": [
    {
      "name": "A_low_to_high",
      "train_T_K": [
        1.0,
        94.33732216299774
      ],
      "test_T_K": [
        106.00258488068825,
        10000.0
      ],
      "models": {
        "powerlaw_fit_2p": {
          "params": {
            "log10_coeff": 15.18197524475744,
            "exponent": 2.999999999999996
          },
          "train": {
            "n": 40,
            "max_abs_z": 3.408961781675217e-08,
            "rms_z": 2.576220115095142e-08,
            "reduced_chi2": 6.986221138337712e-16,
            "exceed_3sigma_n": 0
          },
          "test": {
            "n": 40,
            "max_abs_z": 5.297027295180602e-08,
            "rms_z": 4.4154661699080864e-08,
            "reduced_chi2": 1.9496341497602787e-15,
            "exceed_3sigma_n": 0
          }
        },
        "fixed_exponent_3_fit": {
          "params": {
            "coeff": 1520460859393136.8,
            "exponent": 3.0
          },
          "train": {
            "n": 40,
            "max_abs_z": 0.0,
            "rms_z": 0.0,
            "reduced_chi2": 0.0,
            "exceed_3sigma_n": 0
          },
          "test": {
            "n": 40,
            "max_abs_z": 0.0,
            "rms_z": 0.0,
            "reduced_chi2": 0.0,
            "exceed_3sigma_n": 0
          }
        }
      }
    },
    {
      "name": "B_high_to_low",
      "train_T_K": [
        106.00258488068825,
        10000.0
      ],
      "test_T_K": [
        1.0,
        94.33732216299774
      ],
      "models": {
        "powerlaw_fit_2p": {
          "params": {
            "log10_coeff": 15.181975244757446,
            "exponent": 2.999999999999998
          },
          "train": {
            "n": 40,
            "max_abs_z": 2.4225312544511967e-08,
            "rms_z": 1.9427880235737367e-08,
            "reduced_chi2": 3.9730792679384694e-16,
            "exceed_3sigma_n": 0
          },
          "test": {
            "n": 40,
            "max_abs_z": 1.3759062612785515e-08,
            "rms_z": 9.324821317944343e-09,
            "reduced_chi2": 8.695229261158928e-17,
            "exceed_3sigma_n": 0
          }
        },
        "fixed_exponent_3_fit": {
          "params": {
            "coeff": 1520460859393136.8,
            "exponent": 3.0
          },
          "train": {
            "n": 40,
            "max_abs_z": 0.0,
            "rms_z": 0.0,
            "reduced_chi2": 0.0,
            "exceed_3sigma_n": 0
          },
          "test": {
            "n": 40,
            "max_abs_z": 0.0,
            "rms_z": 0.0,
            "reduced_chi2": 0.0,
            "exceed_3sigma_n": 0
          }
        }
      }
    }
  ],
  "outputs": {
    "csv": "C:\\develop\\waveP\\output\\public\\quantum\\thermo_blackbody_photon_flux_holdout_splits.csv",
    "png": "C:\\develop\\waveP\\output\\public\\quantum\\thermo_blackbody_photon_flux_holdout_splits.png"
  },
  "notes": [
    "Analytic holdout for blackbody photon flux Phi_n(T)=(c/4)*n(T).",
    "This is a procedural regression check, not an observational inference."
  ]
}
