split,model_id,train_min_T_K,train_max_T_K,test_min_T_K,test_max_T_K,supported,reason,train_n,train_max_abs_z,train_reduced_chi2,test_n,test_max_abs_z,test_reduced_chi2,train_exceed_3sigma_n,test_exceed_3sigma_n,param_log10_abs_coeff,param_abs_coeff,param_exponent,param_sign
A_low_to_high,powerlaw_abs_fit_2p,1.0,94.33732216299774,106.00258488068825,10000.0,True,,40,3.8889219671016806e-08,8.096714606929111e-16,40,6.390265625551464e-08,2.7233655238762573e-15,0,0,22.303424771510727,,-1.0000000000000053,1.0
A_low_to_high,fixed_exponent_minus1_abs_fit,1.0,94.33732216299774,106.00258488068825,10000.0,True,,40,4.4953144025282755e-10,2.5274191162156197e-20,40,5.896994607503517e-10,5.3102677354573485e-20,0,0,,2.011058812424714e+22,-1.0,1.0
B_high_to_low,powerlaw_abs_fit_2p,106.00258488068825,10000.0,1.0,94.33732216299774,True,,40,1.940772056504871e-08,3.2258868203150036e-16,40,2.2849287394682583e-08,4.443633767493531e-16,0,0,22.303424771510723,,-0.9999999999999992,1.0
B_high_to_low,fixed_exponent_minus1_abs_fit,106.00258488068825,10000.0,1.0,94.33732216299774,True,,40,5.896994607503517e-10,5.446428446622922e-20,40,4.4953144025282755e-10,2.4642336383102295e-20,0,0,,2.011058812424714e+22,-1.0,1.0
