{
  "generated_utc": "2026-02-16T01:15:08.598874+00:00",
  "phase": 8,
  "step": "8.7.12",
  "inputs": {
    "blackbody_constants_extracted_values": {
      "path": "C:\\develop\\waveP\\data\\quantum\\sources\\nist_codata_2022_blackbody_constants\\extracted_values.json",
      "sha256": "ffe4c2234b9bf48c59898745bd5688a50a9f314e5e1eec63e172c24486032742"
    }
  },
  "constants": {
    "c_m_per_s": 299792458.0,
    "h_J_s": 6.62607015e-34,
    "kB_J_per_K": 1.380649e-23,
    "stefan_boltzmann_sigma": 5.6703744191844314e-08,
    "radiation_constant_a": 7.565733250280007e-16
  },
  "assumptions": {
    "sign_convention": "u/Φ_h is positive for photon gas; model fit is applied to abs(u/Φ_h) and sign=+1 is fixed.",
    "sigma_proxy": "1 ppm relative tolerance (operational, analytic baseline)",
    "holdout_reduced_chi2_definition": {
      "train": "sum(z^2)/max(1,n-params)",
      "test": "sum(z^2)/max(1,n)  (no parameters are fit on the test split)"
    }
  },
  "data_range_T_K": [
    1.0,
    10000.0
  ],
  "splits": [
    {
      "name": "A_low_to_high",
      "train_T_K": [
        1.0,
        94.33732216299774
      ],
      "test_T_K": [
        106.00258488068825,
        10000.0
      ],
      "models": {
        "powerlaw_abs_fit_2p": {
          "params": {
            "log10_abs_coeff": -7.9996994482082675,
            "exponent": 2.7700569919377367e-15,
            "sign": 1.0
          },
          "train": {
            "n": 40,
            "max_abs_z": 7.27415359871839e-09,
            "rms_z": 3.8184475259592224e-09,
            "reduced_chi2": 1.5347938430004324e-17,
            "exceed_3sigma_n": 0
          },
          "test": {
            "n": 40,
            "max_abs_z": 1.9838600723777426e-08,
            "rms_z": 1.4161733747976046e-08,
            "reduced_chi2": 2.0055470274856365e-16,
            "exceed_3sigma_n": 0
          }
        },
        "fixed_exponent_0_abs_fit": {
          "params": {
            "abs_coeff": 1.0006922855944563e-08,
            "exponent": 0.0,
            "sign": 1.0
          },
          "train": {
            "n": 40,
            "max_abs_z": 3.306433453962905e-10,
            "rms_z": 1.524190511194574e-10,
            "reduced_chi2": 2.382724835298027e-20,
            "exceed_3sigma_n": 0
          },
          "test": {
            "n": 40,
            "max_abs_z": 1.6532167269814523e-10,
            "rms_z": 1.1978693216895218e-10,
            "reduced_chi2": 1.4348909118449147e-20,
            "exceed_3sigma_n": 0
          }
        }
      }
    },
    {
      "name": "B_high_to_low",
      "train_T_K": [
        106.00258488068825,
        10000.0
      ],
      "test_T_K": [
        1.0,
        94.33732216299774
      ],
      "models": {
        "powerlaw_abs_fit_2p": {
          "params": {
            "log10_abs_coeff": -7.999699448208268,
            "exponent": 1.0829725863832258e-15,
            "sign": 1.0
          },
          "train": {
            "n": 40,
            "max_abs_z": 2.4798250904721782e-09,
            "rms_z": 1.4443192421580031e-09,
            "reduced_chi2": 2.1958506034398614e-18,
            "exceed_3sigma_n": 0
          },
          "test": {
            "n": 40,
            "max_abs_z": 7.4394752714165355e-09,
            "rms_z": 5.237658292626103e-09,
            "reduced_chi2": 2.7433064390314985e-17,
            "exceed_3sigma_n": 0
          }
        },
        "fixed_exponent_0_abs_fit": {
          "params": {
            "abs_coeff": 1.0006922855944563e-08,
            "exponent": 0.0,
            "sign": 1.0
          },
          "train": {
            "n": 40,
            "max_abs_z": 1.6532167269814523e-10,
            "rms_z": 1.1978693216895218e-10,
            "reduced_chi2": 1.4716829865076047e-20,
            "exceed_3sigma_n": 0
          },
          "test": {
            "n": 40,
            "max_abs_z": 3.306433453962905e-10,
            "rms_z": 1.524190511194574e-10,
            "reduced_chi2": 2.3231567144155767e-20,
            "exceed_3sigma_n": 0
          }
        }
      }
    }
  ],
  "outputs": {
    "csv": "C:\\develop\\waveP\\output\\public\\quantum\\thermo_blackbody_energy_per_enthalpy_flux_holdout_splits.csv",
    "png": "C:\\develop\\waveP\\output\\public\\quantum\\thermo_blackbody_energy_per_enthalpy_flux_holdout_splits.png"
  },
  "notes": [
    "Analytic holdout for u/Φ_h (energy density per enthalpy flux) based on blackbody identities.",
    "This is a procedural regression check, not an observational inference."
  ]
}
