{
  "generated_utc": "2026-02-20T12:38:55.050660+00:00",
  "phase": 7,
  "step": "7.20.6",
  "inputs": {
    "blackbody_constants_extracted_values": {
      "path": "C:\\develop\\waveP\\data\\quantum\\sources\\nist_codata_2022_blackbody_constants\\extracted_values.json",
      "sha256": "ffe4c2234b9bf48c59898745bd5688a50a9f314e5e1eec63e172c24486032742"
    }
  },
  "constants": {
    "c_m_per_s": 299792458.0,
    "h_J_s": 6.62607015e-34,
    "kB_J_per_K": 1.380649e-23,
    "radiation_constant_a": 7.565733250280007e-16,
    "stefan_boltzmann_sigma": 5.6703744191844314e-08
  },
  "assumptions": {
    "sign_convention": "g/M is positive for photon gas; model fit is applied to abs(g/M) and sign=+1 is fixed.",
    "sigma_proxy": "1 ppm relative tolerance (operational, analytic baseline)",
    "holdout_reduced_chi2_definition": {
      "train": "sum(z^2)/max(1,n-params)",
      "test": "sum(z^2)/max(1,n)  (no parameters are fit on the test split)"
    }
  },
  "data_range_T_K": [
    1.0,
    10000.0
  ],
  "splits": [
    {
      "name": "A_low_to_high",
      "train_T_K": [
        1.0,
        94.33732216299774
      ],
      "test_T_K": [
        106.00258488068825,
        10000.0
      ],
      "models": {
        "powerlaw_abs_fit_2p": {
          "params": {
            "log10_abs_coeff": -16.35158141452789,
            "exponent": 3.600823628360677e-15,
            "sign": 1.0
          },
          "train": {
            "n": 40,
            "max_abs_z": 2.5479429607842437e-08,
            "rms_z": 1.7851752431259794e-08,
            "reduced_chi2": 3.3545796301788423e-16,
            "exceed_3sigma_n": 0
          },
          "test": {
            "n": 40,
            "max_abs_z": 4.20964489173049e-08,
            "rms_z": 3.4323737045550066e-08,
            "reduced_chi2": 1.178118924772066e-15,
            "exceed_3sigma_n": 0
          }
        },
        "fixed_exponent_0_abs_fit": {
          "params": {
            "abs_coeff": 4.450600224214474e-17,
            "exponent": 0.0,
            "sign": 1.0
          },
          "train": {
            "n": 40,
            "max_abs_z": 2.769503218243744e-10,
            "rms_z": 1.5010349753701928e-10,
            "reduced_chi2": 2.3108779459329185e-20,
            "exceed_3sigma_n": 0
          },
          "test": {
            "n": 40,
            "max_abs_z": 2.769503218243744e-10,
            "rms_z": 1.532639177442909e-10,
            "reduced_chi2": 2.3489828482328762e-20,
            "exceed_3sigma_n": 0
          }
        }
      }
    },
    {
      "name": "B_high_to_low",
      "train_T_K": [
        106.00258488068825,
        10000.0
      ],
      "test_T_K": [
        1.0,
        94.33732216299774
      ],
      "models": {
        "powerlaw_abs_fit_2p": {
          "params": {
            "log10_abs_coeff": -16.351581414527892,
            "exponent": 7.909366005135213e-16,
            "sign": 1.0
          },
          "train": {
            "n": 40,
            "max_abs_z": 8.170034493819043e-09,
            "rms_z": 6.405093686786677e-09,
            "reduced_chi2": 4.318444751212057e-17,
            "exceed_3sigma_n": 0
          },
          "test": {
            "n": 40,
            "max_abs_z": 4.431205149189989e-09,
            "rms_z": 2.8228221839697243e-09,
            "reduced_chi2": 7.968325082311603e-18,
            "exceed_3sigma_n": 0
          }
        },
        "fixed_exponent_0_abs_fit": {
          "params": {
            "abs_coeff": 4.450600224214474e-17,
            "exponent": 0.0,
            "sign": 1.0
          },
          "train": {
            "n": 40,
            "max_abs_z": 2.769503218243744e-10,
            "rms_z": 1.532639177442909e-10,
            "reduced_chi2": 2.409213177674745e-20,
            "exceed_3sigma_n": 0
          },
          "test": {
            "n": 40,
            "max_abs_z": 2.769503218243744e-10,
            "rms_z": 1.5010349753701928e-10,
            "reduced_chi2": 2.2531059972845954e-20,
            "exceed_3sigma_n": 0
          }
        }
      }
    }
  ],
  "outputs": {
    "csv": "C:\\develop\\waveP\\output\\public\\quantum\\thermo_blackbody_momentum_flux_ratio_holdout_splits.csv",
    "png": "C:\\develop\\waveP\\output\\public\\quantum\\thermo_blackbody_momentum_flux_ratio_holdout_splits.png"
  },
  "notes": [
    "Analytic holdout for g/M = 4/c^2 based on blackbody momentum-density and energy-flux identities.",
    "This is a procedural regression check, not an observational inference."
  ]
}
