split,model_id,train_min_T_K,train_max_T_K,test_min_T_K,test_max_T_K,supported,reason,train_n,train_max_abs_z,train_reduced_chi2,test_n,test_max_abs_z,test_reduced_chi2,train_exceed_3sigma_n,test_exceed_3sigma_n,param_log10_abs_coeff,param_abs_coeff,param_exponent,param_sign
A_low_to_high,powerlaw_abs_fit_2p,1.0,94.33732216299774,106.00258488068825,10000.0,True,,40,3.4113438707597503e-08,9.382354505263559e-16,40,4.346289281459448e-08,1.5300317874687808e-15,0,0,16.953641405855844,,-1.000000000000002,1.0
A_low_to_high,fixed_exponent_minus1_abs_fit,1.0,94.33732216299774,106.00258488068825,10000.0,True,,40,3.652401085870689e-10,3.0952978201849253e-20,40,3.4204664373832087e-10,2.5899188404113998e-20,0,0,,8.987551787368176e+16,-1.0,1.0
B_high_to_low,powerlaw_abs_fit_2p,106.00258488068825,10000.0,1.0,94.33732216299774,True,,40,8.460951570085839e-09,6.747961246141936e-17,40,8.958103045053351e-09,7.357991459760545e-17,0,0,16.95364140585585,,-0.9999999999999999,1.0
B_high_to_low,fixed_exponent_minus1_abs_fit,106.00258488068825,10000.0,1.0,94.33732216299774,True,,40,3.4204664373832087e-10,2.656327015806564e-20,40,3.652401085870689e-10,3.017915374680302e-20,0,0,,8.987551787368176e+16,-1.0,1.0
