split,model_id,train_min_T_K,train_max_T_K,test_min_T_K,test_max_T_K,supported,reason,train_n,train_max_abs_z,train_reduced_chi2,test_n,test_max_abs_z,test_reduced_chi2,train_exceed_3sigma_n,test_exceed_3sigma_n,param_log10_abs_coeff,param_abs_coeff,param_exponent,param_sign
A_low_to_high,powerlaw_abs_fit_2p,1.0,94.33732216299774,106.00258488068825,10000.0,True,,40,7.062544260197078e-13,5.537952014471474e-26,40,1.2663253962410506e-10,1.7885246349727517e-21,0,0,-30.780245474438654,,1.0000000000000067,-1.0
A_low_to_high,fixed_exponent_1_abs_fit,1.0,94.33732216299774,106.00258488068825,10000.0,True,,40,4.203895392974451e-15,2.3232147149624623e-30,40,1.255563424035036e-12,1.0788793254180256e-25,0,0,,1.6586491311806895e-31,1.0,-1.0
B_high_to_low,powerlaw_abs_fit_2p,106.00258488068825,10000.0,1.0,94.33732216299774,True,,40,5.2016198995737204e-11,3.5259441097499214e-22,40,5.521115949439779e-13,3.7688326216873514e-26,0,0,-30.780245474438644,,0.9999999999999991,-1.0
B_high_to_low,fixed_exponent_1_abs_fit,106.00258488068825,10000.0,1.0,94.33732216299774,True,,40,8.968310171678829e-13,5.517317558228972e-26,40,5.605193857299268e-15,2.1123963414200557e-30,0,0,,1.658649131180689e-31,1.0,-1.0
