{
  "generated_utc": "2026-02-14T01:23:47.594421+00:00",
  "phase": 7,
  "step": "7.20.6",
  "inputs": {
    "blackbody_constants_extracted_values": {
      "path": "C:\\develop\\waveP\\data\\quantum\\sources\\nist_codata_2022_blackbody_constants\\extracted_values.json",
      "sha256": "ffe4c2234b9bf48c59898745bd5688a50a9f314e5e1eec63e172c24486032742"
    }
  },
  "constants": {
    "c_m_per_s": 299792458.0,
    "h_J_s": 6.62607015e-34,
    "kB_J_per_K": 1.380649e-23,
    "radiation_constant_a": 7.565733250280007e-16
  },
  "assumptions": {
    "sigma_proxy": "1 ppm relative tolerance (operational, analytic baseline)",
    "holdout_reduced_chi2_definition": {
      "train": "sum(z^2)/max(1,n-params)",
      "test": "sum(z^2)/max(1,n)  (no parameters are fit on the test split)"
    }
  },
  "data_range_T_K": [
    1.0,
    10000.0
  ],
  "splits": [
    {
      "name": "A_low_to_high",
      "train_T_K": [
        1.0,
        94.33732216299774
      ],
      "test_T_K": [
        106.00258488068825,
        10000.0
      ],
      "models": {
        "powerlaw_fit_2p": {
          "params": {
            "log10_coeff": -14.996210238353246,
            "exponent": 4.000000000000002
          },
          "train": {
            "n": 40,
            "max_abs_z": 1.5749518863009647e-09,
            "rms_z": 3.188864011566068e-10,
            "reduced_chi2": 1.070405650974867e-19,
            "exceed_3sigma_n": 0
          },
          "test": {
            "n": 40,
            "max_abs_z": 2.8174773505283303e-08,
            "rms_z": 2.333216232451113e-08,
            "reduced_chi2": 5.443897987373366e-16,
            "exceed_3sigma_n": 0
          }
        },
        "fixed_exponent_4_fit": {
          "params": {
            "coeff": 1.0087644333706676e-15,
            "exponent": 4.0
          },
          "train": {
            "n": 40,
            "max_abs_z": 0.0,
            "rms_z": 0.0,
            "reduced_chi2": 0.0,
            "exceed_3sigma_n": 0
          },
          "test": {
            "n": 40,
            "max_abs_z": 0.0,
            "rms_z": 0.0,
            "reduced_chi2": 0.0,
            "exceed_3sigma_n": 0
          }
        }
      }
    },
    {
      "name": "B_high_to_low",
      "train_T_K": [
        106.00258488068825,
        10000.0
      ],
      "test_T_K": [
        1.0,
        94.33732216299774
      ],
      "models": {
        "powerlaw_fit_2p": {
          "params": {
            "log10_coeff": -14.996210238353248,
            "exponent": 4.000000000000002
          },
          "train": {
            "n": 40,
            "max_abs_z": 2.4124649813898828e-08,
            "rms_z": 1.9465390564442554e-08,
            "reduced_chi2": 3.988436103434624e-16,
            "exceed_3sigma_n": 0
          },
          "test": {
            "n": 40,
            "max_abs_z": 1.2440796412797536e-09,
            "rms_z": 2.513370928776462e-10,
            "reduced_chi2": 6.317033425618655e-20,
            "exceed_3sigma_n": 0
          }
        },
        "fixed_exponent_4_fit": {
          "params": {
            "coeff": 1.0087644333706676e-15,
            "exponent": 4.0
          },
          "train": {
            "n": 40,
            "max_abs_z": 0.0,
            "rms_z": 0.0,
            "reduced_chi2": 0.0,
            "exceed_3sigma_n": 0
          },
          "test": {
            "n": 40,
            "max_abs_z": 0.0,
            "rms_z": 0.0,
            "reduced_chi2": 0.0,
            "exceed_3sigma_n": 0
          }
        }
      }
    }
  ],
  "outputs": {
    "csv": "C:\\develop\\waveP\\output\\public\\quantum\\thermo_blackbody_enthalpy_density_holdout_splits.csv",
    "png": "C:\\develop\\waveP\\output\\public\\quantum\\thermo_blackbody_enthalpy_density_holdout_splits.png"
  },
  "notes": [
    "Analytic holdout for blackbody enthalpy density h = (4/3) a T^4.",
    "This is a procedural regression check, not an observational inference."
  ]
}
