split,model_id,train_min_T_K,train_max_T_K,test_min_T_K,test_max_T_K,supported,reason,train_n,train_max_abs_z,train_reduced_chi2,test_n,test_max_abs_z,test_reduced_chi2,train_exceed_3sigma_n,test_exceed_3sigma_n,param_log10_abs_coeff,param_abs_coeff,param_exponent,param_sign
A_low_to_high,powerlaw_abs_fit_2p,1.0,94.33732216299774,106.00258488068825,10000.0,True,,40,8.558841655715674e-10,2.297784739715868e-19,40,1.9221485168986278e-09,1.292018272697589e-18,0,0,-1.0791812460476247,,0.9999999999999998,-1.0
A_low_to_high,fixed_exponent_1_abs_fit,1.0,94.33732216299774,106.00258488068825,10000.0,True,,40,7.29666656543912e-10,1.1699158520147444e-19,40,1.087409398762248e-09,1.5182861009939967e-19,0,0,,0.08333333333333334,1.0,-1.0
B_high_to_low,powerlaw_abs_fit_2p,106.00258488068825,10000.0,1.0,94.33732216299774,True,,40,3.697191955791643e-09,6.937592115823642e-18,40,2.188999969631736e-09,2.2145387099908384e-18,0,0,-1.0791812460476244,,1.0000000000000002,-1.0
B_high_to_low,fixed_exponent_1_abs_fit,106.00258488068825,10000.0,1.0,94.33732216299774,True,,40,9.927275208802065e-10,1.3348374599748676e-19,40,8.2737809848927e-10,1.207336687410782e-19,0,0,,0.08333333333333333,1.0,-1.0
