split,model_id,train_min_T_K,train_max_T_K,test_min_T_K,test_max_T_K,supported,reason,train_n,train_max_abs_z,train_reduced_chi2,test_n,test_max_abs_z,test_reduced_chi2,train_exceed_3sigma_n,test_exceed_3sigma_n,param_log10_coeff,param_exponent,param_coeff
A_low_to_high,powerlaw_fit_2p,1.0,94.33732216299774,106.00258488068825,10000.0,True,,40,4.755289719103916e-09,6.55785386790459e-18,40,1.31236009337252e-08,8.73297972155261e-17,0,0,-5.38767454717421,4.999999999999998,
A_low_to_high,fixed_exponent_5_fit,1.0,94.33732216299774,106.00258488068825,10000.0,True,,40,0.0,0.0,40,0.0,0.0,0,0,,5.0,4.095674675833258e-06
B_high_to_low,powerlaw_fit_2p,106.00258488068825,10000.0,1.0,94.33732216299774,True,,40,7.392792975005908e-09,5.523434772732876e-17,40,7.3476859907563475e-09,5.224427482754731e-17,0,0,-5.387674547174208,5.0,
B_high_to_low,fixed_exponent_5_fit,106.00258488068825,10000.0,1.0,94.33732216299774,True,,40,0.0,0.0,40,0.0,0.0,0,0,,5.0,4.095674675833258e-06
