split,model_id,train_min_T_K,train_max_T_K,test_min_T_K,test_max_T_K,supported,reason,train_n,train_max_abs_z,train_reduced_chi2,test_n,test_max_abs_z,test_reduced_chi2,train_exceed_3sigma_n,test_exceed_3sigma_n,param_log10_abs_coeff,param_abs_coeff,param_exponent,param_sign
A_low_to_high,powerlaw_abs_fit_2p,1.0,94.33732216299774,106.00258488068825,10000.0,True,,40,4.3414486714554575e-10,6.044627798222963e-20,40,4.2122296095878926e-10,5.3139227853447177e-20,0,0,0.6020599913279625,,-1.0,1.0
A_low_to_high,fixed_exponent_minus1_abs_fit,1.0,94.33732216299774,106.00258488068825,10000.0,True,,40,1.827171189865237e-10,8.817408868941876e-21,40,2.146764767415088e-10,1.6634163691838002e-20,0,0,,4.0,-1.0,1.0
B_high_to_low,powerlaw_abs_fit_2p,106.00258488068825,10000.0,1.0,94.33732216299774,True,,40,1.2880588604490529e-09,1.1301758736055865e-18,40,1.2708953952584967e-09,1.0368711257531344e-18,0,0,0.602059991327962,,-1.0,1.0
B_high_to_low,fixed_exponent_minus1_abs_fit,106.00258488068825,10000.0,1.0,94.33732216299774,True,,40,2.146764767415088e-10,1.706068070957744e-20,40,1.827171189865237e-10,8.596973647218329e-21,0,0,,4.0,-1.0,1.0
