{
  "generated_utc": "2026-02-15T14:08:49.473147+00:00",
  "phase": 8,
  "step": "8.7.12",
  "inputs": {
    "blackbody_constants_extracted_values": {
      "path": "C:\\develop\\waveP\\data\\quantum\\sources\\nist_codata_2022_blackbody_constants\\extracted_values.json",
      "sha256": "ffe4c2234b9bf48c59898745bd5688a50a9f314e5e1eec63e172c24486032742"
    }
  },
  "constants": {
    "c_m_per_s": 299792458.0,
    "h_J_s": 6.62607015e-34,
    "kB_J_per_K": 1.380649e-23,
    "stefan_boltzmann_sigma": 5.6703744191844314e-08,
    "radiation_constant_a": 7.565733250280007e-16,
    "zeta3": 1.2020569031595942
  },
  "assumptions": {
    "sign_convention": "s/Φ_n is positive for photon gas; model fit is applied to abs(s/Φ_n) and sign=+1 is fixed.",
    "sigma_proxy": "1 ppm relative tolerance (operational, analytic baseline)",
    "holdout_reduced_chi2_definition": {
      "train": "sum(z^2)/max(1,n-params)",
      "test": "sum(z^2)/max(1,n)  (no parameters are fit on the test split)"
    }
  },
  "data_range_T_K": [
    1.0,
    10000.0
  ],
  "splits": [
    {
      "name": "A_low_to_high",
      "train_T_K": [
        1.0,
        94.33732216299774
      ],
      "test_T_K": [
        106.00258488068825,
        10000.0
      ],
      "models": {
        "powerlaw_abs_fit_2p": {
          "params": {
            "log10_abs_coeff": -30.178185483110713,
            "exponent": 1.0909490208832473e-14,
            "sign": 1.0
          },
          "train": {
            "n": 40,
            "max_abs_z": 2.2508356583217372e-14,
            "rms_z": 1.1473406953696444e-14,
            "reduced_chi2": 1.385674390790841e-28,
            "exceed_3sigma_n": 0
          },
          "test": {
            "n": 40,
            "max_abs_z": 4.4228482780252035e-14,
            "rms_z": 2.936287336870039e-14,
            "reduced_chi2": 8.621783324663348e-28,
            "exceed_3sigma_n": 0
          }
        },
        "fixed_exponent_0_abs_fit": {
          "params": {
            "abs_coeff": 6.634596524722755e-31,
            "exponent": 0.0,
            "sign": 1.0
          },
          "train": {
            "n": 40,
            "max_abs_z": 1.7516230804060211e-16,
            "rms_z": 1.183156237976965e-16,
            "reduced_chi2": 1.4357524958603123e-32,
            "exceed_3sigma_n": 0
          },
          "test": {
            "n": 40,
            "max_abs_z": 2.627434620609032e-16,
            "rms_z": 1.1334909816010399e-16,
            "reduced_chi2": 1.284801805370889e-32,
            "exceed_3sigma_n": 0
          }
        }
      }
    },
    {
      "name": "B_high_to_low",
      "train_T_K": [
        106.00258488068825,
        10000.0
      ],
      "test_T_K": [
        1.0,
        94.33732216299774
      ],
      "models": {
        "powerlaw_abs_fit_2p": {
          "params": {
            "log10_abs_coeff": -30.178185483110717,
            "exponent": 4.800647873345467e-15,
            "sign": 1.0
          },
          "train": {
            "n": 40,
            "max_abs_z": 1.3049591949024859e-14,
            "rms_z": 7.252782507100294e-15,
            "reduced_chi2": 5.53714253634737e-29,
            "exceed_3sigma_n": 0
          },
          "test": {
            "n": 40,
            "max_abs_z": 2.793838813247604e-14,
            "rms_z": 2.1147870182963045e-14,
            "reduced_chi2": 4.472324132754575e-28,
            "exceed_3sigma_n": 0
          }
        },
        "fixed_exponent_0_abs_fit": {
          "params": {
            "abs_coeff": 6.634596524722756e-31,
            "exponent": 0.0,
            "sign": 1.0
          },
          "train": {
            "n": 40,
            "max_abs_z": 1.7516230804060211e-16,
            "rms_z": 6.345857493871132e-17,
            "reduced_chi2": 4.130246905899529e-33,
            "exceed_3sigma_n": 0
          },
          "test": {
            "n": 40,
            "max_abs_z": 8.758115402030106e-17,
            "rms_z": 6.036114483900761e-17,
            "reduced_chi2": 3.643467806275656e-33,
            "exceed_3sigma_n": 0
          }
        }
      }
    }
  ],
  "outputs": {
    "csv": "C:\\develop\\waveP\\output\\public\\quantum\\thermo_blackbody_entropy_per_photon_flux_holdout_splits.csv",
    "png": "C:\\develop\\waveP\\output\\public\\quantum\\thermo_blackbody_entropy_per_photon_flux_holdout_splits.png"
  },
  "notes": [
    "Analytic holdout for s/Φ_n (entropy density per photon flux) based on blackbody identities.",
    "This is a procedural regression check, not an observational inference."
  ]
}
