{
  "generated_utc": "2026-02-16T11:32:26.826435+00:00",
  "phase": 8,
  "step": "8.7.12",
  "inputs": {
    "blackbody_constants_extracted_values": {
      "path": "C:\\develop\\waveP\\data\\quantum\\sources\\nist_codata_2022_blackbody_constants\\extracted_values.json",
      "sha256": "ffe4c2234b9bf48c59898745bd5688a50a9f314e5e1eec63e172c24486032742"
    }
  },
  "constants": {
    "c_m_per_s": 299792458.0,
    "h_J_s": 6.62607015e-34,
    "kB_J_per_K": 1.380649e-23,
    "stefan_boltzmann_sigma": 5.6703744191844314e-08,
    "radiation_constant_a": 7.565733250280007e-16
  },
  "assumptions": {
    "sign_convention": "Φ_s/P is positive for photon gas; model fit is applied to abs(Φ_s/P) and sign=+1 is fixed.",
    "sigma_proxy": "1 ppm relative tolerance (operational, analytic baseline)",
    "holdout_reduced_chi2_definition": {
      "train": "sum(z^2)/max(1,n-params)",
      "test": "sum(z^2)/max(1,n)  (no parameters are fit on the test split)"
    }
  },
  "data_range_T_K": [
    1.0,
    10000.0
  ],
  "splits": [
    {
      "name": "A_low_to_high",
      "train_T_K": [
        1.0,
        94.33732216299774
      ],
      "test_T_K": [
        106.00258488068825,
        10000.0
      ],
      "models": {
        "powerlaw_abs_fit_2p": {
          "params": {
            "log10_abs_coeff": 8.476820702927924,
            "exponent": -1.0000000000000004,
            "sign": 1.0
          },
          "train": {
            "n": 40,
            "max_abs_z": 1.0562946576137708e-08,
            "rms_z": 9.39102061941756e-09,
            "reduced_chi2": 9.28329139729745e-17,
            "exceed_3sigma_n": 0
          },
          "test": {
            "n": 40,
            "max_abs_z": 1.2499040824117278e-08,
            "rms_z": 1.1456453980789787e-08,
            "reduced_chi2": 1.3125033781395414e-16,
            "exceed_3sigma_n": 0
          }
        },
        "fixed_exponent_minus1_abs_fit": {
          "params": {
            "abs_coeff": 299792458.0,
            "exponent": -1.0,
            "sign": 1.0
          },
          "train": {
            "n": 40,
            "max_abs_z": 2.0265709792465408e-10,
            "rms_z": 1.0868420052486286e-10,
            "reduced_chi2": 1.2115133788439592e-20,
            "exceed_3sigma_n": 0
          },
          "test": {
            "n": 40,
            "max_abs_z": 3.3565900350675156e-10,
            "rms_z": 1.284680953056323e-10,
            "reduced_chi2": 1.6504051511457024e-20,
            "exceed_3sigma_n": 0
          }
        }
      }
    },
    {
      "name": "B_high_to_low",
      "train_T_K": [
        106.00258488068825,
        10000.0
      ],
      "test_T_K": [
        1.0,
        94.33732216299774
      ],
      "models": {
        "powerlaw_abs_fit_2p": {
          "params": {
            "log10_abs_coeff": 8.476820702927922,
            "exponent": -0.9999999999999994,
            "sign": 1.0
          },
          "train": {
            "n": 40,
            "max_abs_z": 1.0175634241554722e-08,
            "rms_z": 8.725520801564223e-09,
            "reduced_chi2": 8.014180343003152e-17,
            "exceed_3sigma_n": 0
          },
          "test": {
            "n": 40,
            "max_abs_z": 1.2525640724589574e-08,
            "rms_z": 1.129215581140003e-08,
            "reduced_chi2": 1.2751278286893547e-16,
            "exceed_3sigma_n": 0
          }
        },
        "fixed_exponent_minus1_abs_fit": {
          "params": {
            "abs_coeff": 299792458.0,
            "exponent": -1.0,
            "sign": 1.0
          },
          "train": {
            "n": 40,
            "max_abs_z": 3.3565900350675156e-10,
            "rms_z": 1.284680953056323e-10,
            "reduced_chi2": 1.69272323194431e-20,
            "exceed_3sigma_n": 0
          },
          "test": {
            "n": 40,
            "max_abs_z": 2.0265709792465408e-10,
            "rms_z": 1.0868420052486286e-10,
            "reduced_chi2": 1.1812255443728602e-20,
            "exceed_3sigma_n": 0
          }
        }
      }
    }
  ],
  "outputs": {
    "csv": "C:\\develop\\waveP\\output\\public\\quantum\\thermo_blackbody_entropy_flux_per_pressure_holdout_splits.csv",
    "png": "C:\\develop\\waveP\\output\\public\\quantum\\thermo_blackbody_entropy_flux_per_pressure_holdout_splits.png"
  },
  "notes": [
    "Analytic holdout for Φ_s/P (radiation entropy flux per pressure) based on blackbody identities.",
    "This is a procedural regression check, not an observational inference."
  ]
}
