split,model_id,train_min_T_K,train_max_T_K,test_min_T_K,test_max_T_K,supported,reason,train_n,train_max_abs_z,train_reduced_chi2,test_n,test_max_abs_z,test_reduced_chi2,train_exceed_3sigma_n,test_exceed_3sigma_n,param_log10_abs_coeff,param_abs_coeff,param_exponent,param_sign
A_low_to_high,powerlaw_abs_fit_2p,1.0,94.33732216299774,106.00258488068825,10000.0,True,,40,4.2864693765819733e-10,6.446910783672426e-20,40,4.065758146820642e-10,5.439743263489458e-20,0,0,0.6020599913279625,,-1.0,1.0
A_low_to_high,fixed_exponent_minus1_abs_fit,1.0,94.33732216299774,106.00258488068825,10000.0,True,,40,2.2777712984855103e-10,1.6142156550645954e-20,40,2.1331283436104798e-10,1.44072683496579e-20,0,0,,4.0,-1.0,1.0
B_high_to_low,powerlaw_abs_fit_2p,106.00258488068825,10000.0,1.0,94.33732216299774,True,,40,1.279877006166288e-09,1.111853518017364e-18,40,1.2708953952584967e-09,1.0633917312824955e-18,0,0,0.602059991327962,,-1.0,1.0
B_high_to_low,fixed_exponent_minus1_abs_fit,106.00258488068825,10000.0,1.0,94.33732216299774,True,,40,2.1331283436104798e-10,1.4776685486828617e-20,40,2.2777712984855103e-10,1.5738602636879806e-20,0,0,,4.0,-1.0,1.0
