split,model_id,train_min_T_K,train_max_T_K,test_min_T_K,test_max_T_K,supported,reason,train_n,train_max_abs_z,train_reduced_chi2,test_n,test_max_abs_z,test_reduced_chi2,train_exceed_3sigma_n,test_exceed_3sigma_n,param_log10_coeff,param_exponent,param_coeff
A_low_to_high,powerlaw_fit_2p,1.0,94.33732216299774,106.00258488068825,10000.0,True,,40,1.5096046179092755e-11,1.1713059729983457e-23,40,2.407512384484657e-08,2.7225196456806895e-16,0,0,-14.996210238353246,3.0000000000000013,
A_low_to_high,fixed_exponent_3_fit,1.0,94.33732216299774,106.00258488068825,10000.0,True,,40,0.0,0.0,40,0.0,0.0,0,0,,3.0,1.0087644333706676e-15
B_high_to_low,powerlaw_fit_2p,106.00258488068825,10000.0,1.0,94.33732216299774,True,,40,7.751178482570673e-09,3.337070990867416e-17,40,6.4106497472859645e-12,2.0575386568570284e-24,0,0,-14.996210238353248,3.0,
B_high_to_low,fixed_exponent_3_fit,106.00258488068825,10000.0,1.0,94.33732216299774,True,,40,0.0,0.0,40,0.0,0.0,0,0,,3.0,1.0087644333706676e-15
