{
  "generated_utc": "2026-02-16T23:07:21.690656+00:00",
  "phase": 8,
  "step": "8.7.12",
  "inputs": {
    "blackbody_constants_extracted_values": {
      "path": "C:\\develop\\waveP\\data\\quantum\\sources\\nist_codata_2022_blackbody_constants\\extracted_values.json",
      "sha256": "ffe4c2234b9bf48c59898745bd5688a50a9f314e5e1eec63e172c24486032742"
    }
  },
  "constants": {
    "c_m_per_s": 299792458.0,
    "h_J_s": 6.62607015e-34,
    "kB_J_per_K": 1.380649e-23,
    "stefan_boltzmann_sigma": 5.6703744191844314e-08,
    "radiation_constant_a": 7.565733250280007e-16
  },
  "assumptions": {
    "sign_convention": "Φ_cV/P is positive for photon gas; model fit is applied to abs(Φ_cV/P) and sign=+1 is fixed.",
    "sigma_proxy": "1 ppm relative tolerance (operational, analytic baseline)",
    "holdout_reduced_chi2_definition": {
      "train": "sum(z^2)/max(1,n-params)",
      "test": "sum(z^2)/max(1,n)  (no parameters are fit on the test split)"
    }
  },
  "data_range_T_K": [
    1.0,
    10000.0
  ],
  "splits": [
    {
      "name": "A_low_to_high",
      "train_T_K": [
        1.0,
        94.33732216299774
      ],
      "test_T_K": [
        106.00258488068825,
        10000.0
      ],
      "models": {
        "powerlaw_abs_fit_2p": {
          "params": {
            "log10_abs_coeff": 8.953941957647585,
            "exponent": -1.0000000000000009,
            "sign": 1.0
          },
          "train": {
            "n": 40,
            "max_abs_z": 1.6216226613704765e-08,
            "rms_z": 1.4279607089027487e-08,
            "reduced_chi2": 2.1463913538632008e-16,
            "exceed_3sigma_n": 0
          },
          "test": {
            "n": 40,
            "max_abs_z": 2.0386785033511677e-08,
            "rms_z": 1.839658576733956e-08,
            "reduced_chi2": 3.3843436789508044e-16,
            "exceed_3sigma_n": 0
          }
        },
        "fixed_exponent_minus1_abs_fit": {
          "params": {
            "abs_coeff": 899377374.0,
            "exponent": -1.0,
            "sign": 1.0
          },
          "train": {
            "n": 40,
            "max_abs_z": 3.809182823291751e-10,
            "rms_z": 1.2954058585737634e-10,
            "reduced_chi2": 1.7211039368484407e-20,
            "exceed_3sigma_n": 0
          },
          "test": {
            "n": 40,
            "max_abs_z": 2.5466830550869685e-10,
            "rms_z": 1.3657844555761117e-10,
            "reduced_chi2": 1.8653671790933357e-20,
            "exceed_3sigma_n": 0
          }
        }
      }
    },
    {
      "name": "B_high_to_low",
      "train_T_K": [
        106.00258488068825,
        10000.0
      ],
      "test_T_K": [
        1.0,
        94.33732216299774
      ],
      "models": {
        "powerlaw_abs_fit_2p": {
          "params": {
            "log10_abs_coeff": 8.95394195764759,
            "exponent": -1.0000000000000007,
            "sign": 1.0
          },
          "train": {
            "n": 40,
            "max_abs_z": 5.9865956050788255e-09,
            "rms_z": 4.5801494118840046e-09,
            "reduced_chi2": 2.208186172124357e-17,
            "exceed_3sigma_n": 0
          },
          "test": {
            "n": 40,
            "max_abs_z": 2.7820106208757753e-09,
            "rms_z": 1.6560850058945526e-09,
            "reduced_chi2": 2.7426175467487603e-18,
            "exceed_3sigma_n": 0
          }
        },
        "fixed_exponent_minus1_abs_fit": {
          "params": {
            "abs_coeff": 899377374.0,
            "exponent": -1.0,
            "sign": 1.0
          },
          "train": {
            "n": 40,
            "max_abs_z": 2.5466830550869685e-10,
            "rms_z": 1.3657844555761117e-10,
            "reduced_chi2": 1.9131971067623956e-20,
            "exceed_3sigma_n": 0
          },
          "test": {
            "n": 40,
            "max_abs_z": 3.809182823291751e-10,
            "rms_z": 1.2954058585737634e-10,
            "reduced_chi2": 1.6780763384272294e-20,
            "exceed_3sigma_n": 0
          }
        }
      }
    }
  ],
  "outputs": {
    "csv": "C:\\develop\\waveP\\output\\public\\quantum\\thermo_blackbody_heat_capacity_flux_per_pressure_holdout_splits.csv",
    "png": "C:\\develop\\waveP\\output\\public\\quantum\\thermo_blackbody_heat_capacity_flux_per_pressure_holdout_splits.png"
  },
  "notes": [
    "Analytic holdout for Φ_cV/P (heat-capacity flux per pressure) based on blackbody identities.",
    "This is a procedural regression check, not an observational inference."
  ]
}
