split,model_id,train_min_T_K,train_max_T_K,test_min_T_K,test_max_T_K,supported,reason,train_n,train_max_abs_z,train_reduced_chi2,test_n,test_max_abs_z,test_reduced_chi2,train_exceed_3sigma_n,test_exceed_3sigma_n,param_log10_coeff,param_exponent,param_coeff
A_low_to_high,powerlaw_fit_2p,1.0,94.33732216299774,106.00258488068825,10000.0,True,,40,1.786751413249877e-24,1.763656524632406e-48,40,2.8682062160063815e-24,5.57305342921505e-48,0,0,-22.303424771510727,4.668559806320393e-15,
A_low_to_high,fixed_exponent_0_fit,1.0,94.33732216299774,106.00258488068825,10000.0,True,,40,5.8774717541114375e-27,1.1514891406792593e-53,40,5.8774717541114375e-27,1.381786968815111e-53,0,0,,0.0,4.972504999962232e-23
B_high_to_low,powerlaw_fit_2p,106.00258488068825,10000.0,1.0,94.33732216299774,True,,40,1.4811228820360823e-24,2.1938086261652987e-48,40,1.5398975995771966e-24,2.271338238495504e-48,0,0,-22.30342477151072,-2.8103049828165827e-16,
B_high_to_low,fixed_exponent_0_fit,106.00258488068825,10000.0,1.0,94.33732216299774,True,,40,5.8774717541114375e-27,1.4172174039129345e-53,40,5.8774717541114375e-27,1.1227019121622777e-53,0,0,,0.0,4.972504999962232e-23
