split,model_id,train_min_T_K,train_max_T_K,test_min_T_K,test_max_T_K,supported,reason,train_n,train_max_abs_z,train_reduced_chi2,test_n,test_max_abs_z,test_reduced_chi2,train_exceed_3sigma_n,test_exceed_3sigma_n,param_log10_abs_coeff,param_abs_coeff,param_exponent,param_sign
A_low_to_high,powerlaw_abs_fit_2p,1.0,94.33732216299774,106.00258488068825,10000.0,True,,40,1.6738819360687206e-08,2.2612761447878084e-16,40,2.095452201448991e-08,3.5860768045776114e-16,0,0,-8.476820702927922,,9.246650936044538e-16,1.0
A_low_to_high,fixed_exponent_0_abs_fit,1.0,94.33732216299774,106.00258488068825,10000.0,True,,40,1.2399125452360894e-10,2.7594055997017586e-21,40,1.239912545236089e-10,4.22780357954305e-21,0,0,,3.3356409519815204e-09,0.0,1.0
B_high_to_low,powerlaw_abs_fit_2p,106.00258488068825,10000.0,1.0,94.33732216299774,True,,40,5.331623944515184e-09,1.5770718787958633e-17,40,8.431405307605408e-09,4.837030075355205e-17,0,0,-8.476820702927924,,-6.66806926265839e-16,1.0
B_high_to_low,fixed_exponent_0_abs_fit,106.00258488068825,10000.0,1.0,94.33732216299774,True,,40,2.4798250904721787e-10,5.006350159458907e-20,40,3.7197376357082684e-10,5.649882965389352e-20,0,0,,3.3356409519815213e-09,0.0,1.0
