split,model_id,train_min_T_K,train_max_T_K,test_min_T_K,test_max_T_K,supported,reason,train_n,train_max_abs_z,train_reduced_chi2,test_n,test_max_abs_z,test_reduced_chi2,train_exceed_3sigma_n,test_exceed_3sigma_n,param_log10_coeff,param_exponent,param_coeff
A_low_to_high,powerlaw_fit_2p,1.0,94.33732216299774,106.00258488068825,10000.0,True,,40,5.035430512148572e-09,1.1756500747921364e-17,40,2.6946211767057956e-09,1.8819334251538285e-18,0,0,-6.644328272033621,2.999999999999999,
A_low_to_high,fixed_exponent_3_fit,1.0,94.33732216299774,106.00258488068825,10000.0,True,,40,0.0,0.0,40,0.0,0.0,0,0,,3.0,2.2681497676737726e-07
B_high_to_low,powerlaw_fit_2p,106.00258488068825,10000.0,1.0,94.33732216299774,True,,40,9.670271054113772e-09,9.654129067946007e-17,40,9.697371091444772e-09,8.391937816515685e-17,0,0,-6.644328272033619,3.0,
B_high_to_low,fixed_exponent_3_fit,106.00258488068825,10000.0,1.0,94.33732216299774,True,,40,0.0,0.0,40,0.0,0.0,0,0,,3.0,2.2681497676737726e-07
