{
  "generated_utc": "2026-02-14T01:03:41.727595+00:00",
  "phase": 7,
  "step": "7.20.6",
  "inputs": {
    "blackbody_constants_extracted_values": {
      "path": "C:\\develop\\waveP\\data\\quantum\\sources\\nist_codata_2022_blackbody_constants\\extracted_values.json",
      "sha256": "ffe4c2234b9bf48c59898745bd5688a50a9f314e5e1eec63e172c24486032742"
    }
  },
  "constants": {
    "c_m_per_s": 299792458.0,
    "h_J_s": 6.62607015e-34,
    "kB_J_per_K": 1.380649e-23,
    "wien_x_peak_wavelength": 4.965114231744277,
    "wien_b_mK": 0.0028977719551851722,
    "peak_coeff": 4.095674675833258e-06
  },
  "assumptions": {
    "sigma_proxy": "1 ppm relative tolerance (operational, analytic baseline)",
    "holdout_reduced_chi2_definition": {
      "train": "sum(z^2)/max(1,n-params)",
      "test": "sum(z^2)/max(1,n)  (no parameters are fit on the test split)"
    }
  },
  "data_range_T_K": [
    1.0,
    10000.0
  ],
  "splits": [
    {
      "name": "A_low_to_high",
      "train_T_K": [
        1.0,
        94.33732216299774
      ],
      "test_T_K": [
        106.00258488068825,
        10000.0
      ],
      "models": {
        "powerlaw_fit_2p": {
          "params": {
            "log10_coeff": -5.38767454717421,
            "exponent": 4.999999999999998
          },
          "train": {
            "n": 40,
            "max_abs_z": 4.755289719103916e-09,
            "rms_z": 2.4959890173054368e-09,
            "reduced_chi2": 6.55785386790459e-18,
            "exceed_3sigma_n": 0
          },
          "test": {
            "n": 40,
            "max_abs_z": 1.31236009337252e-08,
            "rms_z": 9.345041316951259e-09,
            "reduced_chi2": 8.73297972155261e-17,
            "exceed_3sigma_n": 0
          }
        },
        "fixed_exponent_5_fit": {
          "params": {
            "coeff": 4.095674675833258e-06,
            "exponent": 5.0
          },
          "train": {
            "n": 40,
            "max_abs_z": 0.0,
            "rms_z": 0.0,
            "reduced_chi2": 0.0,
            "exceed_3sigma_n": 0
          },
          "test": {
            "n": 40,
            "max_abs_z": 0.0,
            "rms_z": 0.0,
            "reduced_chi2": 0.0,
            "exceed_3sigma_n": 0
          }
        }
      }
    },
    {
      "name": "B_high_to_low",
      "train_T_K": [
        106.00258488068825,
        10000.0
      ],
      "test_T_K": [
        1.0,
        94.33732216299774
      ],
      "models": {
        "powerlaw_fit_2p": {
          "params": {
            "log10_coeff": -5.387674547174208,
            "exponent": 5.0
          },
          "train": {
            "n": 40,
            "max_abs_z": 7.392792975005908e-09,
            "rms_z": 7.243799440967587e-09,
            "reduced_chi2": 5.523434772732876e-17,
            "exceed_3sigma_n": 0
          },
          "test": {
            "n": 40,
            "max_abs_z": 7.3476859907563475e-09,
            "rms_z": 7.228020118092319e-09,
            "reduced_chi2": 5.224427482754731e-17,
            "exceed_3sigma_n": 0
          }
        },
        "fixed_exponent_5_fit": {
          "params": {
            "coeff": 4.095674675833258e-06,
            "exponent": 5.0
          },
          "train": {
            "n": 40,
            "max_abs_z": 0.0,
            "rms_z": 0.0,
            "reduced_chi2": 0.0,
            "exceed_3sigma_n": 0
          },
          "test": {
            "n": 40,
            "max_abs_z": 0.0,
            "rms_z": 0.0,
            "reduced_chi2": 0.0,
            "exceed_3sigma_n": 0
          }
        }
      }
    }
  ],
  "outputs": {
    "csv": "C:\\develop\\waveP\\output\\public\\quantum\\thermo_blackbody_peak_radiance_holdout_splits.csv",
    "png": "C:\\develop\\waveP\\output\\public\\quantum\\thermo_blackbody_peak_radiance_holdout_splits.png"
  },
  "notes": [
    "Analytic holdout for blackbody peak spectral radiance at the Planck B_λ maximum.",
    "Uses λ_max=b/T and B_λ,max=(2hc^2/λ_max^5)/(exp(x)-1) leading to B_λ,max ∝ T^5."
  ]
}
