split,model_id,train_min_T_K,train_max_T_K,test_min_T_K,test_max_T_K,supported,reason,train_n,train_max_abs_z,train_reduced_chi2,test_n,test_max_abs_z,test_reduced_chi2,train_exceed_3sigma_n,test_exceed_3sigma_n,param_log10_abs_coeff,param_abs_coeff,param_exponent,param_sign
A_low_to_high,powerlaw_abs_fit_2p,1.0,94.33732216299774,106.00258488068825,10000.0,True,,40,1.3652285657489166e-08,1.8047631794223076e-16,40,1.4845203821735792e-08,2.05337432136365e-16,0,0,8.351881966319622,,-2.690332814506679e-16,1.0
A_low_to_high,fixed_exponent_0_abs_fit,1.0,94.33732216299774,106.00258488068825,10000.0,True,,40,1.3254646269406958e-10,5.856188257570124e-21,40,2.650929253881392e-10,8.34506826703743e-21,0,0,,224844343.5,0.0,1.0
B_high_to_low,powerlaw_abs_fit_2p,106.00258488068825,10000.0,1.0,94.33732216299774,True,,40,1.3917378582877305e-08,1.2555837145469384e-16,40,2.0544701717580783e-08,3.045348194125196e-16,0,0,8.351881966319619,,1.4107822474531375e-15,1.0
B_high_to_low,fixed_exponent_0_abs_fit,106.00258488068825,10000.0,1.0,94.33732216299774,True,,40,2.650929253881392e-10,8.559044376448645e-21,40,1.3254646269406958e-10,5.7097835511308715e-21,0,0,,224844343.5,0.0,1.0
