{
  "generated_utc": "2026-02-16T10:29:12.774829+00:00",
  "phase": 7,
  "step": "7.20.6",
  "inputs": {
    "blackbody_constants_extracted_values": {
      "path": "C:\\develop\\waveP\\data\\quantum\\sources\\nist_codata_2022_blackbody_constants\\extracted_values.json",
      "sha256": "ffe4c2234b9bf48c59898745bd5688a50a9f314e5e1eec63e172c24486032742"
    }
  },
  "constants": {
    "c_m_per_s": 299792458.0,
    "h_J_s": 6.62607015e-34,
    "kB_J_per_K": 1.380649e-23,
    "zeta3": 1.2020569031595942,
    "photon_density_coeff": 20286846.033907045,
    "photon_flux_coeff": 1520460859393136.0
  },
  "assumptions": {
    "sign_convention": "Phi_n/n is positive for isotropic blackbody radiation; abs-fit with fixed positive sign.",
    "sigma_proxy": "1 ppm relative tolerance (operational, analytic baseline)",
    "holdout_reduced_chi2_definition": {
      "train": "sum(z^2)/max(1,n-params)",
      "test": "sum(z^2)/max(1,n)  (no parameters are fit on the test split)"
    }
  },
  "data_range_T_K": [
    1.0,
    10000.0
  ],
  "splits": [
    {
      "name": "A_low_to_high",
      "train_T_K": [
        1.0,
        94.33732216299774
      ],
      "test_T_K": [
        106.00258488068825,
        10000.0
      ],
      "models": {
        "powerlaw_abs_fit_2p": {
          "params": {
            "log10_abs_coeff": 7.8747607115999605,
            "exponent": -4.539379547425378e-16,
            "sign": 1.0
          },
          "train": {
            "n": 40,
            "max_abs_z": 1.2923280112671783e-08,
            "rms_z": 1.1761197444450359e-08,
            "reduced_chi2": 1.45606068765627e-16,
            "exceed_3sigma_n": 0
          },
          "test": {
            "n": 40,
            "max_abs_z": 1.4911477053082827e-08,
            "rms_z": 1.3876738727373102e-08,
            "reduced_chi2": 1.9256387770777646e-16,
            "exceed_3sigma_n": 0
          }
        },
        "fixed_exponent_0_abs_fit": {
          "params": {
            "abs_coeff": 74948114.5,
            "exponent": 0.0,
            "sign": 1.0
          },
          "train": {
            "n": 40,
            "max_abs_z": 1.9881969404110437e-10,
            "rms_z": 6.287230768676966e-11,
            "reduced_chi2": 4.05428417831778e-21,
            "exceed_3sigma_n": 0
          },
          "test": {
            "n": 40,
            "max_abs_z": 1.9881969404110437e-10,
            "rms_z": 8.317224524596357e-11,
            "reduced_chi2": 6.91762237925471e-21,
            "exceed_3sigma_n": 0
          }
        }
      }
    },
    {
      "name": "B_high_to_low",
      "train_T_K": [
        106.00258488068825,
        10000.0
      ],
      "test_T_K": [
        1.0,
        94.33732216299774
      ],
      "models": {
        "powerlaw_abs_fit_2p": {
          "params": {
            "log10_abs_coeff": 7.87476071159996,
            "exponent": 1.1705108209218144e-15,
            "sign": 1.0
          },
          "train": {
            "n": 40,
            "max_abs_z": 7.157508985479756e-09,
            "rms_z": 4.839023843067648e-09,
            "reduced_chi2": 2.4648580793449676e-17,
            "exceed_3sigma_n": 0
          },
          "test": {
            "n": 40,
            "max_abs_z": 1.2724460418630678e-08,
            "rms_z": 1.0166084710746087e-08,
            "reduced_chi2": 1.0334927834606535e-16,
            "exceed_3sigma_n": 0
          }
        },
        "fixed_exponent_0_abs_fit": {
          "params": {
            "abs_coeff": 74948114.5,
            "exponent": 0.0,
            "sign": 1.0
          },
          "train": {
            "n": 40,
            "max_abs_z": 1.9881969404110437e-10,
            "rms_z": 8.317224524596357e-11,
            "reduced_chi2": 7.094997312056113e-21,
            "exceed_3sigma_n": 0
          },
          "test": {
            "n": 40,
            "max_abs_z": 1.9881969404110437e-10,
            "rms_z": 6.287230768676966e-11,
            "reduced_chi2": 3.952927073859835e-21,
            "exceed_3sigma_n": 0
          }
        }
      }
    }
  ],
  "outputs": {
    "csv": "C:\\develop\\waveP\\output\\public\\quantum\\thermo_blackbody_photon_flux_per_photon_density_holdout_splits.csv",
    "png": "C:\\develop\\waveP\\output\\public\\quantum\\thermo_blackbody_photon_flux_per_photon_density_holdout_splits.png"
  },
  "notes": [
    "Analytic holdout for photon flux per photon density based on isotropic blackbody identities.",
    "This is a procedural regression check, not an observational inference."
  ]
}
