{
  "generated_utc": "2026-02-16T00:47:03.543428+00:00",
  "phase": 8,
  "step": "8.7.12",
  "inputs": {
    "blackbody_constants_extracted_values": {
      "path": "C:\\develop\\waveP\\data\\quantum\\sources\\nist_codata_2022_blackbody_constants\\extracted_values.json",
      "sha256": "ffe4c2234b9bf48c59898745bd5688a50a9f314e5e1eec63e172c24486032742"
    }
  },
  "constants": {
    "c_m_per_s": 299792458.0,
    "h_J_s": 6.62607015e-34,
    "kB_J_per_K": 1.380649e-23,
    "stefan_boltzmann_sigma": 5.6703744191844314e-08,
    "radiation_constant_a": 7.565733250280007e-16
  },
  "assumptions": {
    "sign_convention": "h/Φ_s is positive for photon gas; model fit is applied to abs(h/Φ_s) and sign=+1 is fixed.",
    "sigma_proxy": "1 ppm relative tolerance (operational, analytic baseline)",
    "holdout_reduced_chi2_definition": {
      "train": "sum(z^2)/max(1,n-params)",
      "test": "sum(z^2)/max(1,n)  (no parameters are fit on the test split)"
    }
  },
  "data_range_T_K": [
    1.0,
    10000.0
  ],
  "splits": [
    {
      "name": "A_low_to_high",
      "train_T_K": [
        1.0,
        94.33732216299774
      ],
      "test_T_K": [
        106.00258488068825,
        10000.0
      ],
      "models": {
        "powerlaw_abs_fit_2p": {
          "params": {
            "log10_abs_coeff": -7.874760711599963,
            "exponent": 1.0000000000000007,
            "sign": 1.0
          },
          "train": {
            "n": 40,
            "max_abs_z": 7.738830082261584e-09,
            "rms_z": 6.151214804815096e-09,
            "reduced_chi2": 3.9828887973659385e-17,
            "exceed_3sigma_n": 0
          },
          "test": {
            "n": 40,
            "max_abs_z": 1.0766805384808486e-08,
            "rms_z": 9.237117837422911e-09,
            "reduced_chi2": 8.532434594243654e-17,
            "exceed_3sigma_n": 0
          }
        },
        "fixed_exponent_plus1_abs_fit": {
          "params": {
            "abs_coeff": 1.3342563807926082e-08,
            "exponent": 1.0,
            "sign": 1.0
          },
          "train": {
            "n": 40,
            "max_abs_z": 2.2069278662503513e-10,
            "rms_z": 1.3048006480469046e-10,
            "reduced_chi2": 1.7461586986088432e-20,
            "exceed_3sigma_n": 0
          },
          "test": {
            "n": 40,
            "max_abs_z": 3.2591932462191646e-10,
            "rms_z": 1.3534724657675019e-10,
            "reduced_chi2": 1.8318877155907616e-20,
            "exceed_3sigma_n": 0
          }
        }
      }
    },
    {
      "name": "B_high_to_low",
      "train_T_K": [
        106.00258488068825,
        10000.0
      ],
      "test_T_K": [
        1.0,
        94.33732216299774
      ],
      "models": {
        "powerlaw_abs_fit_2p": {
          "params": {
            "log10_abs_coeff": -7.874760711599964,
            "exponent": 0.9999999999999999,
            "sign": 1.0
          },
          "train": {
            "n": 40,
            "max_abs_z": 2.2651688363854488e-09,
            "rms_z": 1.820358286754755e-09,
            "reduced_chi2": 3.488109781217585e-18,
            "exceed_3sigma_n": 0
          },
          "test": {
            "n": 40,
            "max_abs_z": 2.7496870145252532e-09,
            "rms_z": 2.3437943846154105e-09,
            "reduced_chi2": 5.493372117354731e-18,
            "exceed_3sigma_n": 0
          }
        },
        "fixed_exponent_plus1_abs_fit": {
          "params": {
            "abs_coeff": 1.3342563807926082e-08,
            "exponent": 1.0,
            "sign": 1.0
          },
          "train": {
            "n": 40,
            "max_abs_z": 3.2591932462191646e-10,
            "rms_z": 1.3534724657675019e-10,
            "reduced_chi2": 1.878859195477704e-20,
            "exceed_3sigma_n": 0
          },
          "test": {
            "n": 40,
            "max_abs_z": 2.2069278662503513e-10,
            "rms_z": 1.3048006480469046e-10,
            "reduced_chi2": 1.702504731143622e-20,
            "exceed_3sigma_n": 0
          }
        }
      }
    }
  ],
  "outputs": {
    "csv": "C:\\develop\\waveP\\output\\public\\quantum\\thermo_blackbody_enthalpy_per_entropy_flux_holdout_splits.csv",
    "png": "C:\\develop\\waveP\\output\\public\\quantum\\thermo_blackbody_enthalpy_per_entropy_flux_holdout_splits.png"
  },
  "notes": [
    "Analytic holdout for h/Φ_s (radiation enthalpy density per entropy flux) based on blackbody identities.",
    "This is a procedural regression check, not an observational inference."
  ]
}
