split,model_id,train_min_T_K,train_max_T_K,test_min_T_K,test_max_T_K,supported,reason,train_n,train_max_abs_z,train_reduced_chi2,test_n,test_max_abs_z,test_reduced_chi2,train_exceed_3sigma_n,test_exceed_3sigma_n,param_log10_abs_coeff,param_abs_coeff,param_exponent,param_sign
A_low_to_high,powerlaw_abs_fit_2p,1.0,94.33732216299774,106.00258488068825,10000.0,True,,40,1.681444170237017e-08,1.5631782676167228e-16,40,2.643693740656375e-08,4.771885859414423e-16,0,0,-7.3976394568803,,-0.9999999999999979,1.0
A_low_to_high,fixed_exponent_minus1_abs_fit,1.0,94.33732216299774,106.00258488068825,10000.0,True,,40,3.5860983994663245e-10,2.65033571993102e-20,40,2.8268556733705905e-10,1.6524351663950095e-20,0,0,,4.002769142377825e-08,-1.0,1.0
B_high_to_low,powerlaw_abs_fit_2p,106.00258488068825,10000.0,1.0,94.33732216299774,True,,40,3.970400114384941e-09,6.923881507534791e-18,40,7.1088319260202445e-09,3.1496517524476454e-17,0,0,-7.3976394568803,,-1.0000000000000007,1.0
B_high_to_low,fixed_exponent_minus1_abs_fit,106.00258488068825,10000.0,1.0,94.33732216299774,True,,40,2.8268556733705905e-10,1.6948052988666764e-20,40,3.5860983994663245e-10,2.5840773269327448e-20,0,0,,4.002769142377825e-08,-1.0,1.0
