split,model_id,train_min_T_K,train_max_T_K,test_min_T_K,test_max_T_K,supported,reason,train_n,train_max_abs_z,train_reduced_chi2,test_n,test_max_abs_z,test_reduced_chi2,train_exceed_3sigma_n,test_exceed_3sigma_n,param_log10_coeff,param_exponent,param_coeff
A_low_to_high,powerlaw_fit_2p,1.0,94.33732216299774,106.00258488068825,10000.0,True,,40,5.921189464667501e-10,1.38396650038774e-19,40,1.3322676295501878e-09,1.024423536641175e-18,0,0,0.47712125471966244,-1.4167402000795944e-16,
A_low_to_high,fixed_exponent_0_fit,1.0,94.33732216299774,106.00258488068825,10000.0,True,,40,1.4802973661668758e-10,6.742400899324889e-21,40,1.4802973661668758e-10,4.930380657631324e-21,0,0,,0.0,3.0
B_high_to_low,powerlaw_fit_2p,106.00258488068825,10000.0,1.0,94.33732216299774,True,,40,5.9211894646675e-10,2.162447656855844e-19,40,4.440892098500626e-10,1.2052041607543235e-19,0,0,0.4771212547196623,-2.1801117809117574e-17,
B_high_to_low,fixed_exponent_0_fit,106.00258488068825,10000.0,1.0,94.33732216299774,True,,40,1.4802973661668758e-10,5.056800674493666e-21,40,1.4802973661668758e-10,6.573840876841767e-21,0,0,,0.0,3.0
