split,model_id,train_min_T_K,train_max_T_K,test_min_T_K,test_max_T_K,supported,reason,train_n,train_max_abs_z,train_reduced_chi2,test_n,test_max_abs_z,test_reduced_chi2,train_exceed_3sigma_n,test_exceed_3sigma_n,param_log10_coeff,param_exponent,param_coeff
A_low_to_high,powerlaw_fit_2p,1.0,94.33732216299774,106.00258488068825,10000.0,True,,40,4.139091760467117e-09,5.1245539774434135e-18,40,6.937648670948869e-09,1.9066387376891807e-17,0,0,-7.246388263375709,3.9999999999999987,
A_low_to_high,fixed_exponent_4_fit,1.0,94.33732216299774,106.00258488068825,10000.0,True,,40,2.218037127009642e-10,1.3065367175098585e-20,40,2.1842542994707815e-10,1.9782604359431355e-20,0,0,,4.0,5.6703744190000006e-08
B_high_to_low,powerlaw_fit_2p,106.00258488068825,10000.0,1.0,94.33732216299774,True,,40,9.460430005839367e-09,9.190549854692868e-17,40,9.51374698054559e-09,7.473025234870867e-17,0,0,-7.2463882633757075,4.0,
B_high_to_low,fixed_exponent_4_fit,106.00258488068825,10000.0,1.0,94.33732216299774,True,,40,2.1842542994707815e-10,2.02898506250578e-20,40,2.218037127009642e-10,1.273873299572112e-20,0,0,,4.0,5.6703744190000006e-08
