{
  "generated_utc": "2026-02-16T19:18:23.340812+00:00",
  "phase": 8,
  "step": "8.7.12",
  "inputs": {
    "blackbody_constants_extracted_values": {
      "path": "C:\\develop\\waveP\\data\\quantum\\sources\\nist_codata_2022_blackbody_constants\\extracted_values.json",
      "sha256": "ffe4c2234b9bf48c59898745bd5688a50a9f314e5e1eec63e172c24486032742"
    }
  },
  "constants": {
    "c_m_per_s": 299792458.0,
    "h_J_s": 6.62607015e-34,
    "kB_J_per_K": 1.380649e-23,
    "stefan_boltzmann_sigma": 5.6703744191844314e-08,
    "radiation_constant_a": 7.565733250280007e-16
  },
  "assumptions": {
    "sign_convention": "f/h is negative for photon gas; model fit is applied to abs(f/h) and sign=-1 is fixed.",
    "sigma_proxy": "1 ppm relative tolerance (operational, analytic baseline)",
    "holdout_reduced_chi2_definition": {
      "train": "sum(z^2)/max(1,n-params)",
      "test": "sum(z^2)/max(1,n)  (no parameters are fit on the test split)"
    }
  },
  "data_range_T_K": [
    1.0,
    10000.0
  ],
  "splits": [
    {
      "name": "A_low_to_high",
      "train_T_K": [
        1.0,
        94.33732216299774
      ],
      "test_T_K": [
        106.00258488068825,
        10000.0
      ],
      "models": {
        "powerlaw_abs_fit_2p": {
          "params": {
            "log10_abs_coeff": -0.6020599913279622,
            "exponent": 9.977279592304333e-17,
            "sign": -1.0
          },
          "train": {
            "n": 40,
            "max_abs_z": 1.3322676295501887e-09,
            "rms_z": 7.466198250136691e-10,
            "reduced_chi2": 5.867801716878336e-19,
            "exceed_3sigma_n": 0
          },
          "test": {
            "n": 40,
            "max_abs_z": 2.220446049250315e-09,
            "rms_z": 1.226532673091002e-09,
            "reduced_chi2": 1.5043823981597586e-18,
            "exceed_3sigma_n": 0
          }
        },
        "fixed_exponent_0_abs_fit": {
          "params": {
            "abs_coeff": 0.25,
            "exponent": 0.0,
            "sign": -1.0
          },
          "train": {
            "n": 40,
            "max_abs_z": 8.881784197001245e-10,
            "rms_z": 3.6863751420055354e-10,
            "reduced_chi2": 1.3937806859073162e-19,
            "exceed_3sigma_n": 0
          },
          "test": {
            "n": 40,
            "max_abs_z": 8.881784197001261e-10,
            "rms_z": 4.0716587481375856e-10,
            "reduced_chi2": 1.6578404961285329e-19,
            "exceed_3sigma_n": 0
          }
        }
      }
    },
    {
      "name": "B_high_to_low",
      "train_T_K": [
        106.00258488068825,
        10000.0
      ],
      "test_T_K": [
        1.0,
        94.33732216299774
      ],
      "models": {
        "powerlaw_abs_fit_2p": {
          "params": {
            "log10_abs_coeff": -0.6020599913279622,
            "exponent": -7.674564941791706e-17,
            "sign": -1.0
          },
          "train": {
            "n": 40,
            "max_abs_z": 8.881784197001247e-10,
            "rms_z": 4.022165030534274e-10,
            "reduced_chi2": 1.7029275297739763e-19,
            "exceed_3sigma_n": 0
          },
          "test": {
            "n": 40,
            "max_abs_z": 8.881784197001259e-10,
            "rms_z": 3.8659043403122326e-10,
            "reduced_chi2": 1.4945216368444957e-19,
            "exceed_3sigma_n": 0
          }
        },
        "fixed_exponent_0_abs_fit": {
          "params": {
            "abs_coeff": 0.25,
            "exponent": 0.0,
            "sign": -1.0
          },
          "train": {
            "n": 40,
            "max_abs_z": 8.881784197001261e-10,
            "rms_z": 4.0716587481375856e-10,
            "reduced_chi2": 1.7003492267984952e-19,
            "exceed_3sigma_n": 0
          },
          "test": {
            "n": 40,
            "max_abs_z": 8.881784197001245e-10,
            "rms_z": 3.6863751420055354e-10,
            "reduced_chi2": 1.3589361687596331e-19,
            "exceed_3sigma_n": 0
          }
        }
      }
    }
  ],
  "outputs": {
    "csv": "C:\\develop\\waveP\\output\\public\\quantum\\thermo_blackbody_helmholtz_per_enthalpy_density_holdout_splits.csv",
    "png": "C:\\develop\\waveP\\output\\public\\quantum\\thermo_blackbody_helmholtz_per_enthalpy_density_holdout_splits.png"
  },
  "notes": [
    "Analytic holdout for f/h (Helmholtz density per enthalpy density) based on blackbody identities.",
    "This is a procedural regression check, not an observational inference."
  ]
}
