{
  "generated_utc": "2026-02-16T01:54:43.386326+00:00",
  "phase": 8,
  "step": "8.7.12",
  "inputs": {
    "blackbody_constants_extracted_values": {
      "path": "C:\\develop\\waveP\\data\\quantum\\sources\\nist_codata_2022_blackbody_constants\\extracted_values.json",
      "sha256": "ffe4c2234b9bf48c59898745bd5688a50a9f314e5e1eec63e172c24486032742"
    }
  },
  "constants": {
    "c_m_per_s": 299792458.0,
    "h_J_s": 6.62607015e-34,
    "kB_J_per_K": 1.380649e-23,
    "stefan_boltzmann_sigma": 5.6703744191844314e-08,
    "radiation_constant_a": 7.565733250280007e-16,
    "hbar_J_s": 1.0545718176461565e-34,
    "zeta3": 1.2020569031595942,
    "photon_density_coeff": 20286846.033907045
  },
  "assumptions": {
    "sign_convention": "n/Φ_cV is positive for photon gas; model fit is applied to abs(n/Φ_cV) and sign=+1 is fixed.",
    "sigma_proxy": "1 ppm relative tolerance (operational, analytic baseline)",
    "holdout_reduced_chi2_definition": {
      "train": "sum(z^2)/max(1,n-params)",
      "test": "sum(z^2)/max(1,n)  (no parameters are fit on the test split)"
    }
  },
  "data_range_T_K": [
    1.0,
    10000.0
  ],
  "splits": [
    {
      "name": "A_low_to_high",
      "train_T_K": [
        1.0,
        94.33732216299774
      ],
      "test_T_K": [
        106.00258488068825,
        10000.0
      ],
      "models": {
        "powerlaw_abs_fit_2p": {
          "params": {
            "log10_abs_coeff": 13.951542805191098,
            "exponent": -1.615572589883768e-15,
            "sign": 1.0
          },
          "train": {
            "n": 40,
            "max_abs_z": 2.6029359955903028e-08,
            "rms_z": 2.2392995465864345e-08,
            "reduced_chi2": 5.278381536149696e-16,
            "exceed_3sigma_n": 0
          },
          "test": {
            "n": 40,
            "max_abs_z": 3.354118866800927e-08,
            "rms_z": 2.992287993505014e-08,
            "reduced_chi2": 8.953787436074264e-16,
            "exceed_3sigma_n": 0
          }
        },
        "fixed_exponent_zero_abs_fit": {
          "params": {
            "abs_coeff": 89442268420896.0,
            "exponent": 0.0,
            "sign": 1.0
          },
          "train": {
            "n": 40,
            "max_abs_z": 1.7469369097921498e-10,
            "rms_z": 1.2039931765700413e-10,
            "reduced_chi2": 1.4867687889509938e-20,
            "exceed_3sigma_n": 0
          },
          "test": {
            "n": 40,
            "max_abs_z": 3.4938738195843e-10,
            "rms_z": 1.1388635304054266e-10,
            "reduced_chi2": 1.2970101408875119e-20,
            "exceed_3sigma_n": 0
          }
        }
      }
    },
    {
      "name": "B_high_to_low",
      "train_T_K": [
        106.00258488068825,
        10000.0
      ],
      "test_T_K": [
        1.0,
        94.33732216299774
      ],
      "models": {
        "powerlaw_abs_fit_2p": {
          "params": {
            "log10_abs_coeff": 13.951542805191096,
            "exponent": 1.1077407739953868e-15,
            "sign": 1.0
          },
          "train": {
            "n": 40,
            "max_abs_z": 1.7644062788900708e-08,
            "rms_z": 1.5065216651788943e-08,
            "reduced_chi2": 2.3890605554246197e-16,
            "exceed_3sigma_n": 0
          },
          "test": {
            "n": 40,
            "max_abs_z": 2.2535486136318732e-08,
            "rms_z": 2.0163012317460127e-08,
            "reduced_chi2": 4.065470657140488e-16,
            "exceed_3sigma_n": 0
          }
        },
        "fixed_exponent_zero_abs_fit": {
          "params": {
            "abs_coeff": 89442268420896.0,
            "exponent": 0.0,
            "sign": 1.0
          },
          "train": {
            "n": 40,
            "max_abs_z": 3.4938738195843e-10,
            "rms_z": 1.1388635304054266e-10,
            "reduced_chi2": 1.330266811166679e-20,
            "exceed_3sigma_n": 0
          },
          "test": {
            "n": 40,
            "max_abs_z": 1.7469369097921498e-10,
            "rms_z": 1.2039931765700413e-10,
            "reduced_chi2": 1.449599569227219e-20,
            "exceed_3sigma_n": 0
          }
        }
      }
    }
  ],
  "outputs": {
    "csv": "C:\\develop\\waveP\\output\\public\\quantum\\thermo_blackbody_photon_density_per_heat_capacity_flux_holdout_splits.csv",
    "png": "C:\\develop\\waveP\\output\\public\\quantum\\thermo_blackbody_photon_density_per_heat_capacity_flux_holdout_splits.png"
  },
  "notes": [
    "Analytic holdout for n/Φ_cV (photon density per heat-capacity flux) based on blackbody identities.",
    "This is a procedural regression check, not an observational inference."
  ]
}
