{
  "generated_utc": "2026-02-20T12:38:48.105196+00:00",
  "phase": 7,
  "step": "7.20.6",
  "inputs": {
    "blackbody_constants_extracted_values": {
      "path": "C:\\develop\\waveP\\data\\quantum\\sources\\nist_codata_2022_blackbody_constants\\extracted_values.json",
      "sha256": "ffe4c2234b9bf48c59898745bd5688a50a9f314e5e1eec63e172c24486032742"
    }
  },
  "constants": {
    "c_m_per_s": 299792458.0,
    "h_J_s": 6.62607015e-34,
    "kB_J_per_K": 1.380649e-23,
    "entropy_flux_coeff": 7.560499225579241e-08
  },
  "assumptions": {
    "sigma_proxy": "1 ppm relative tolerance (operational, analytic baseline)",
    "holdout_reduced_chi2_definition": {
      "train": "sum(z^2)/max(1,n-params)",
      "test": "sum(z^2)/max(1,n)  (no parameters are fit on the test split)"
    }
  },
  "data_range_T_K": [
    1.0,
    10000.0
  ],
  "splits": [
    {
      "name": "A_low_to_high",
      "train_T_K": [
        1.0,
        94.33732216299774
      ],
      "test_T_K": [
        106.00258488068825,
        10000.0
      ],
      "models": {
        "powerlaw_fit_2p": {
          "params": {
            "log10_coeff": -7.121449526753284,
            "exponent": 2.9999999999999996
          },
          "train": {
            "n": 40,
            "max_abs_z": 4.6612067391982794e-09,
            "rms_z": 3.60906398918545e-09,
            "reduced_chi2": 1.3710887240037046e-17,
            "exceed_3sigma_n": 0
          },
          "test": {
            "n": 40,
            "max_abs_z": 3.022123632312465e-09,
            "rms_z": 2.0889707346340406e-09,
            "reduced_chi2": 4.3637987301574836e-18,
            "exceed_3sigma_n": 0
          }
        },
        "fixed_exponent_3_fit": {
          "params": {
            "coeff": 7.560499225579241e-08,
            "exponent": 3.0
          },
          "train": {
            "n": 40,
            "max_abs_z": 0.0,
            "rms_z": 0.0,
            "reduced_chi2": 0.0,
            "exceed_3sigma_n": 0
          },
          "test": {
            "n": 40,
            "max_abs_z": 0.0,
            "rms_z": 0.0,
            "reduced_chi2": 0.0,
            "exceed_3sigma_n": 0
          }
        }
      }
    },
    {
      "name": "B_high_to_low",
      "train_T_K": [
        106.00258488068825,
        10000.0
      ],
      "test_T_K": [
        1.0,
        94.33732216299774
      ],
      "models": {
        "powerlaw_fit_2p": {
          "params": {
            "log10_coeff": -7.121449526753282,
            "exponent": 3.0
          },
          "train": {
            "n": 40,
            "max_abs_z": 9.46949489579448e-09,
            "rms_z": 9.270430833982536e-09,
            "reduced_chi2": 9.046409247121488e-17,
            "exceed_3sigma_n": 0
          },
          "test": {
            "n": 40,
            "max_abs_z": 9.401293089945373e-09,
            "rms_z": 8.496109249283921e-09,
            "reduced_chi2": 7.21838723757678e-17,
            "exceed_3sigma_n": 0
          }
        },
        "fixed_exponent_3_fit": {
          "params": {
            "coeff": 7.560499225579241e-08,
            "exponent": 3.0
          },
          "train": {
            "n": 40,
            "max_abs_z": 0.0,
            "rms_z": 0.0,
            "reduced_chi2": 0.0,
            "exceed_3sigma_n": 0
          },
          "test": {
            "n": 40,
            "max_abs_z": 0.0,
            "rms_z": 0.0,
            "reduced_chi2": 0.0,
            "exceed_3sigma_n": 0
          }
        }
      }
    }
  ],
  "outputs": {
    "csv": "C:\\develop\\waveP\\output\\public\\quantum\\thermo_blackbody_entropy_flux_holdout_splits.csv",
    "png": "C:\\develop\\waveP\\output\\public\\quantum\\thermo_blackbody_entropy_flux_holdout_splits.png"
  },
  "notes": [
    "Analytic holdout for blackbody entropy flux J_s(T)=(c/4)s(T)=(4/3)sigma*T^3.",
    "This is a procedural regression check, not an observational inference."
  ]
}
