{
  "generated_utc": "2026-02-15T15:09:31.555128+00:00",
  "phase": 8,
  "step": "8.7.12",
  "inputs": {
    "blackbody_constants_extracted_values": {
      "path": "C:\\develop\\waveP\\data\\quantum\\sources\\nist_codata_2022_blackbody_constants\\extracted_values.json",
      "sha256": "ffe4c2234b9bf48c59898745bd5688a50a9f314e5e1eec63e172c24486032742"
    }
  },
  "constants": {
    "c_m_per_s": 299792458.0,
    "h_J_s": 6.62607015e-34,
    "kB_J_per_K": 1.380649e-23,
    "stefan_boltzmann_sigma": 5.6703744191844314e-08,
    "radiation_constant_a": 7.565733250280007e-16
  },
  "assumptions": {
    "sign_convention": "cV/P is positive for photon gas; model fit is applied to abs(cV/P) and sign=+1 is fixed.",
    "sigma_proxy": "1 ppm relative tolerance (operational, analytic baseline)",
    "holdout_reduced_chi2_definition": {
      "train": "sum(z^2)/max(1,n-params)",
      "test": "sum(z^2)/max(1,n)  (no parameters are fit on the test split)"
    }
  },
  "data_range_T_K": [
    1.0,
    10000.0
  ],
  "splits": [
    {
      "name": "A_low_to_high",
      "train_T_K": [
        1.0,
        94.33732216299774
      ],
      "test_T_K": [
        106.00258488068825,
        10000.0
      ],
      "models": {
        "powerlaw_abs_fit_2p": {
          "params": {
            "log10_abs_coeff": 1.0791812460476249,
            "exponent": -1.0,
            "sign": 1.0
          },
          "train": {
            "n": 40,
            "max_abs_z": 4.2813439027947487e-10,
            "rms_z": 1.9944139359246779e-10,
            "reduced_chi2": 4.187038892432174e-20,
            "exceed_3sigma_n": 0
          },
          "test": {
            "n": 40,
            "max_abs_z": 3.796768088112251e-10,
            "rms_z": 1.77662633196337e-10,
            "reduced_chi2": 3.1564011234256187e-20,
            "exceed_3sigma_n": 0
          }
        },
        "fixed_exponent_minus1_abs_fit": {
          "params": {
            "abs_coeff": 12.0,
            "exponent": -1.0,
            "sign": 1.0
          },
          "train": {
            "n": 40,
            "max_abs_z": 2.4207531338257076e-10,
            "rms_z": 1.2191226016899053e-10,
            "reduced_chi2": 1.5243691466165782e-20,
            "exceed_3sigma_n": 0
          },
          "test": {
            "n": 40,
            "max_abs_z": 2.8441711248139727e-10,
            "rms_z": 1.2011894620704645e-10,
            "reduced_chi2": 1.4428561237891317e-20,
            "exceed_3sigma_n": 0
          }
        }
      }
    },
    {
      "name": "B_high_to_low",
      "train_T_K": [
        106.00258488068825,
        10000.0
      ],
      "test_T_K": [
        1.0,
        94.33732216299774
      ],
      "models": {
        "powerlaw_abs_fit_2p": {
          "params": {
            "log10_abs_coeff": 1.0791812460476244,
            "exponent": -1.0000000000000002,
            "sign": 1.0
          },
          "train": {
            "n": 40,
            "max_abs_z": 3.0554818785213017e-09,
            "rms_z": 2.451079997374287e-09,
            "reduced_chi2": 6.323992793187721e-18,
            "exceed_3sigma_n": 0
          },
          "test": {
            "n": 40,
            "max_abs_z": 1.963790009003272e-09,
            "rms_z": 1.4084121324475632e-09,
            "reduced_chi2": 1.9836247348254923e-18,
            "exceed_3sigma_n": 0
          }
        },
        "fixed_exponent_minus1_abs_fit": {
          "params": {
            "abs_coeff": 12.0,
            "exponent": -1.0,
            "sign": 1.0
          },
          "train": {
            "n": 40,
            "max_abs_z": 2.8441711248139727e-10,
            "rms_z": 1.2011894620704645e-10,
            "reduced_chi2": 1.4798524346555198e-20,
            "exceed_3sigma_n": 0
          },
          "test": {
            "n": 40,
            "max_abs_z": 2.4207531338257076e-10,
            "rms_z": 1.2191226016899053e-10,
            "reduced_chi2": 1.4862599179511637e-20,
            "exceed_3sigma_n": 0
          }
        }
      }
    }
  ],
  "outputs": {
    "csv": "C:\\develop\\waveP\\output\\public\\quantum\\thermo_blackbody_heat_capacity_pressure_ratio_holdout_splits.csv",
    "png": "C:\\develop\\waveP\\output\\public\\quantum\\thermo_blackbody_heat_capacity_pressure_ratio_holdout_splits.png"
  },
  "notes": [
    "Analytic holdout for cV/P (heat-capacity density per pressure density) based on blackbody identities.",
    "This is a procedural regression check, not an observational inference."
  ]
}
