split,model_id,train_min_T_K,train_max_T_K,test_min_T_K,test_max_T_K,supported,reason,train_n,train_max_abs_z,train_reduced_chi2,test_n,test_max_abs_z,test_reduced_chi2,train_exceed_3sigma_n,test_exceed_3sigma_n,param_log10_coeff,param_exponent,param_coeff
A_low_to_high,powerlaw_fit_2p,1.0,94.33732216299774,106.00258488068825,10000.0,True,,40,4.067564042545842e-18,7.053070449638348e-37,40,7.246102165964522e-10,2.1378486832682995e-20,0,0,-23.597969677889473,4.000000000000002,
A_low_to_high,fixed_exponent_4_fit,1.0,94.33732216299774,106.00258488068825,10000.0,True,,40,0.0,0.0,40,0.0,0.0,0,0,,4.0,2.5236569661402245e-24
B_high_to_low,powerlaw_fit_2p,106.00258488068825,10000.0,1.0,94.33732216299774,True,,40,4.1359030627651384e-10,7.445908432582675e-21,40,3.697785493223493e-18,5.596359716344444e-37,0,0,-23.59796967788947,3.9999999999999996,
B_high_to_low,fixed_exponent_4_fit,106.00258488068825,10000.0,1.0,94.33732216299774,True,,40,0.0,0.0,40,0.0,0.0,0,0,,4.0,2.5236569661402245e-24
