{
  "generated_utc": "2026-02-16T01:37:25.176845+00:00",
  "phase": 8,
  "step": "8.7.12",
  "inputs": {
    "blackbody_constants_extracted_values": {
      "path": "C:\\develop\\waveP\\data\\quantum\\sources\\nist_codata_2022_blackbody_constants\\extracted_values.json",
      "sha256": "ffe4c2234b9bf48c59898745bd5688a50a9f314e5e1eec63e172c24486032742"
    }
  },
  "constants": {
    "c_m_per_s": 299792458.0,
    "h_J_s": 6.62607015e-34,
    "kB_J_per_K": 1.380649e-23,
    "stefan_boltzmann_sigma": 5.6703744191844314e-08,
    "radiation_constant_a": 7.565733250280007e-16,
    "hbar_J_s": 1.0545718176461565e-34,
    "zeta3": 1.2020569031595942,
    "photon_density_coeff": 20286846.033907045
  },
  "assumptions": {
    "sign_convention": "n/Φ_h is positive for photon gas; model fit is applied to abs(n/Φ_h) and sign=+1 is fixed.",
    "sigma_proxy": "1 ppm relative tolerance (operational, analytic baseline)",
    "holdout_reduced_chi2_definition": {
      "train": "sum(z^2)/max(1,n-params)",
      "test": "sum(z^2)/max(1,n)  (no parameters are fit on the test split)"
    }
  },
  "data_range_T_K": [
    1.0,
    10000.0
  ],
  "splits": [
    {
      "name": "A_low_to_high",
      "train_T_K": [
        1.0,
        94.33732216299774
      ],
      "test_T_K": [
        106.00258488068825,
        10000.0
      ],
      "models": {
        "powerlaw_abs_fit_2p": {
          "params": {
            "log10_abs_coeff": 14.428664059910762,
            "exponent": -1.0000000000000033,
            "sign": 1.0
          },
          "train": {
            "n": 40,
            "max_abs_z": 2.935524047899107e-08,
            "rms_z": 2.2172752314403145e-08,
            "reduced_chi2": 5.175062581009159e-16,
            "exceed_3sigma_n": 0
          },
          "test": {
            "n": 40,
            "max_abs_z": 4.4924484333847595e-08,
            "rms_z": 3.756411321673371e-08,
            "reduced_chi2": 1.4110626017595886e-15,
            "exceed_3sigma_n": 0
          }
        },
        "fixed_exponent_minus1_abs_fit": {
          "params": {
            "abs_coeff": 268326805262688.0,
            "exponent": -1.0,
            "sign": 1.0
          },
          "train": {
            "n": 40,
            "max_abs_z": 3.7369309719042763e-10,
            "rms_z": 1.332140703751838e-10,
            "reduced_chi2": 1.8201013893255818e-20,
            "exceed_3sigma_n": 0
          },
          "test": {
            "n": 40,
            "max_abs_z": 3.1344150730034243e-10,
            "rms_z": 1.3741276920099743e-10,
            "reduced_chi2": 1.888226913948659e-20,
            "exceed_3sigma_n": 0
          }
        }
      }
    },
    {
      "name": "B_high_to_low",
      "train_T_K": [
        106.00258488068825,
        10000.0
      ],
      "test_T_K": [
        1.0,
        94.33732216299774
      ],
      "models": {
        "powerlaw_abs_fit_2p": {
          "params": {
            "log10_abs_coeff": 14.428664059910764,
            "exponent": -0.9999999999999991,
            "sign": 1.0
          },
          "train": {
            "n": 40,
            "max_abs_z": 5.979765281150974e-09,
            "rms_z": 4.1110119744864876e-09,
            "reduced_chi2": 1.7789915215127674e-17,
            "exceed_3sigma_n": 0
          },
          "test": {
            "n": 40,
            "max_abs_z": 1.0132234076794467e-08,
            "rms_z": 8.146650644064685e-09,
            "reduced_chi2": 6.636791671643954e-17,
            "exceed_3sigma_n": 0
          }
        },
        "fixed_exponent_minus1_abs_fit": {
          "params": {
            "abs_coeff": 268326805262688.0,
            "exponent": -1.0,
            "sign": 1.0
          },
          "train": {
            "n": 40,
            "max_abs_z": 3.1344150730034243e-10,
            "rms_z": 1.3741276920099743e-10,
            "reduced_chi2": 1.9366429886652914e-20,
            "exceed_3sigma_n": 0
          },
          "test": {
            "n": 40,
            "max_abs_z": 3.7369309719042763e-10,
            "rms_z": 1.332140703751838e-10,
            "reduced_chi2": 1.774598854592442e-20,
            "exceed_3sigma_n": 0
          }
        }
      }
    }
  ],
  "outputs": {
    "csv": "C:\\develop\\waveP\\output\\public\\quantum\\thermo_blackbody_photon_density_per_enthalpy_flux_holdout_splits.csv",
    "png": "C:\\develop\\waveP\\output\\public\\quantum\\thermo_blackbody_photon_density_per_enthalpy_flux_holdout_splits.png"
  },
  "notes": [
    "Analytic holdout for n/Φ_h (photon density per enthalpy flux) based on blackbody identities.",
    "This is a procedural regression check, not an observational inference."
  ]
}
