split,model_id,train_min_T_K,train_max_T_K,test_min_T_K,test_max_T_K,supported,reason,train_n,train_max_abs_z,train_reduced_chi2,test_n,test_max_abs_z,test_reduced_chi2,train_exceed_3sigma_n,test_exceed_3sigma_n,param_log10_coeff,param_exponent,param_coeff
A_low_to_high,powerlaw_fit_2p,1.0,94.33732216299774,106.00258488068825,10000.0,True,,40,1.277109921593172e-08,1.458304987043647e-16,40,1.500294179735668e-08,1.9262987711160023e-16,0,0,-7.8747607115999605,4.539379547425378e-16,
A_low_to_high,fixed_exponent_0_fit,1.0,94.33732216299774,106.00258488068825,10000.0,True,,40,3.7197376357082684e-10,4.139108399552638e-20,40,3.7197376357082684e-10,3.997196111567976e-20,0,0,,0.0,1.3342563807926085e-08
B_high_to_low,powerlaw_fit_2p,106.00258488068825,10000.0,1.0,94.33732216299774,True,,40,7.191492762369318e-09,2.476319631547092e-17,40,1.264710796140811e-08,1.0339362695818504e-16,0,0,-7.87476071159996,-1.1705108209218144e-15,
B_high_to_low,fixed_exponent_0_fit,106.00258488068825,10000.0,1.0,94.33732216299774,True,,40,3.7197376357082684e-10,4.099688319556899e-20,40,3.7197376357082684e-10,4.0356306895638224e-20,0,0,,0.0,1.3342563807926085e-08
