{
  "generated_utc": "2026-02-15T13:38:44.702131+00:00",
  "phase": 8,
  "step": "8.7.12",
  "inputs": {
    "blackbody_constants_extracted_values": {
      "path": "C:\\develop\\waveP\\data\\quantum\\sources\\nist_codata_2022_blackbody_constants\\extracted_values.json",
      "sha256": "ffe4c2234b9bf48c59898745bd5688a50a9f314e5e1eec63e172c24486032742"
    }
  },
  "constants": {
    "c_m_per_s": 299792458.0,
    "h_J_s": 6.62607015e-34,
    "kB_J_per_K": 1.380649e-23,
    "stefan_boltzmann_sigma": 5.6703744191844314e-08,
    "zeta3": 1.2020569031595942
  },
  "assumptions": {
    "sign_convention": "M/n is positive for photon gas; model fit is applied to abs(M/n) and sign=+1 is fixed.",
    "sigma_proxy": "1 ppm relative tolerance (operational, analytic baseline)",
    "holdout_reduced_chi2_definition": {
      "train": "sum(z^2)/max(1,n-params)",
      "test": "sum(z^2)/max(1,n)  (no parameters are fit on the test split)"
    }
  },
  "data_range_T_K": [
    1.0,
    10000.0
  ],
  "splits": [
    {
      "name": "A_low_to_high",
      "train_T_K": [
        1.0,
        94.33732216299774
      ],
      "test_T_K": [
        106.00258488068825,
        10000.0
      ],
      "models": {
        "powerlaw_abs_fit_2p": {
          "params": {
            "log10_abs_coeff": -14.553602796519064,
            "exponent": 1.0000000000000027,
            "sign": 1.0
          },
          "train": {
            "n": 40,
            "max_abs_z": 2.2401934420721463e-08,
            "rms_z": 1.658778479166337e-08,
            "reduced_chi2": 2.8963642557319847e-16,
            "exceed_3sigma_n": 0
          },
          "test": {
            "n": 40,
            "max_abs_z": 3.479602816334258e-08,
            "rms_z": 2.8897480760762193e-08,
            "reduced_chi2": 8.35064394318621e-16,
            "exceed_3sigma_n": 0
          }
        },
        "fixed_exponent_1_abs_fit": {
          "params": {
            "abs_coeff": 2.7950990556674392e-15,
            "exponent": 1.0,
            "sign": 1.0
          },
          "train": {
            "n": 40,
            "max_abs_z": 1.9893192993065563e-10,
            "rms_z": 1.1351810503686392e-10,
            "reduced_chi2": 1.3216779662728686e-20,
            "exceed_3sigma_n": 0
          },
          "test": {
            "n": 40,
            "max_abs_z": 2.1377902819330287e-10,
            "rms_z": 1.0520072293747223e-10,
            "reduced_chi2": 1.1067192106566798e-20,
            "exceed_3sigma_n": 0
          }
        }
      }
    },
    {
      "name": "B_high_to_low",
      "train_T_K": [
        106.00258488068825,
        10000.0
      ],
      "test_T_K": [
        1.0,
        94.33732216299774
      ],
      "models": {
        "powerlaw_abs_fit_2p": {
          "params": {
            "log10_abs_coeff": -14.553602796519064,
            "exponent": 1.0000000000000002,
            "sign": 1.0
          },
          "train": {
            "n": 40,
            "max_abs_z": 1.2424501860116615e-08,
            "rms_z": 1.1757946693203832e-08,
            "reduced_chi2": 1.455255899370768e-16,
            "exceed_3sigma_n": 0
          },
          "test": {
            "n": 40,
            "max_abs_z": 1.1296701972842447e-08,
            "rms_z": 1.0678578730860026e-08,
            "reduced_chi2": 1.1403204371117611e-16,
            "exceed_3sigma_n": 0
          }
        },
        "fixed_exponent_1_abs_fit": {
          "params": {
            "abs_coeff": 2.7950990556674392e-15,
            "exponent": 1.0,
            "sign": 1.0
          },
          "train": {
            "n": 40,
            "max_abs_z": 2.1377902819330287e-10,
            "rms_z": 1.0520072293747223e-10,
            "reduced_chi2": 1.1350966263145433e-20,
            "exceed_3sigma_n": 0
          },
          "test": {
            "n": 40,
            "max_abs_z": 1.9893192993065563e-10,
            "rms_z": 1.1351810503686392e-10,
            "reduced_chi2": 1.2886360171160469e-20,
            "exceed_3sigma_n": 0
          }
        }
      }
    }
  ],
  "outputs": {
    "csv": "C:\\develop\\waveP\\output\\public\\quantum\\thermo_blackbody_flux_per_photon_holdout_splits.csv",
    "png": "C:\\develop\\waveP\\output\\public\\quantum\\thermo_blackbody_flux_per_photon_holdout_splits.png"
  },
  "notes": [
    "Analytic holdout for M/n (energy-flux per photon number density) based on blackbody identities.",
    "This is a procedural regression check, not an observational inference."
  ]
}
