{
  "generated_utc": "2026-02-16T02:18:42.708368+00:00",
  "phase": 8,
  "step": "8.7.12",
  "inputs": {
    "blackbody_constants_extracted_values": {
      "path": "C:\\develop\\waveP\\data\\quantum\\sources\\nist_codata_2022_blackbody_constants\\extracted_values.json",
      "sha256": "ffe4c2234b9bf48c59898745bd5688a50a9f314e5e1eec63e172c24486032742"
    }
  },
  "constants": {
    "c_m_per_s": 299792458.0,
    "h_J_s": 6.62607015e-34,
    "kB_J_per_K": 1.380649e-23,
    "stefan_boltzmann_sigma": 5.6703744191844314e-08,
    "radiation_constant_a": 7.565733250280007e-16,
    "hbar_J_s": 1.0545718176461565e-34,
    "zeta3": 1.2020569031595942,
    "photon_density_coeff": 20286846.033907045
  },
  "assumptions": {
    "sign_convention": "n/h is positive for photon gas; model fit is applied to abs(n/h) and sign=+1 is fixed.",
    "sigma_proxy": "1 ppm relative tolerance (operational, analytic baseline)",
    "holdout_reduced_chi2_definition": {
      "train": "sum(z^2)/max(1,n-params)",
      "test": "sum(z^2)/max(1,n)  (no parameters are fit on the test split)"
    }
  },
  "data_range_T_K": [
    1.0,
    10000.0
  ],
  "splits": [
    {
      "name": "A_low_to_high",
      "train_T_K": [
        1.0,
        94.33732216299774
      ],
      "test_T_K": [
        106.00258488068825,
        10000.0
      ],
      "models": {
        "powerlaw_abs_fit_2p": {
          "params": {
            "log10_abs_coeff": 22.303424771510727,
            "exponent": -1.0000000000000053,
            "sign": 1.0
          },
          "train": {
            "n": 40,
            "max_abs_z": 3.904293200173228e-08,
            "rms_z": 2.773622783526112e-08,
            "reduced_chi2": 8.097877205573828e-16,
            "exceed_3sigma_n": 0
          },
          "test": {
            "n": 40,
            "max_abs_z": 6.390265625551464e-08,
            "rms_z": 5.2184585153724e-08,
            "reduced_chi2": 2.7232309276662715e-15,
            "exceed_3sigma_n": 0
          }
        },
        "fixed_exponent_minus1_abs_fit": {
          "params": {
            "abs_coeff": 2.011058812424714e+22,
            "exponent": -1.0,
            "sign": 1.0
          },
          "train": {
            "n": 40,
            "max_abs_z": 4.4953144025282755e-10,
            "rms_z": 1.4292975979678637e-10,
            "reduced_chi2": 2.0952734600581585e-20,
            "exceed_3sigma_n": 0
          },
          "test": {
            "n": 40,
            "max_abs_z": 4.0072080363994747e-10,
            "rms_z": 2.0838872976091996e-10,
            "reduced_chi2": 4.342586269136973e-20,
            "exceed_3sigma_n": 0
          }
        }
      }
    },
    {
      "name": "B_high_to_low",
      "train_T_K": [
        106.00258488068825,
        10000.0
      ],
      "test_T_K": [
        1.0,
        94.33732216299774
      ],
      "models": {
        "powerlaw_abs_fit_2p": {
          "params": {
            "log10_abs_coeff": 22.303424771510723,
            "exponent": -0.9999999999999992,
            "sign": 1.0
          },
          "train": {
            "n": 40,
            "max_abs_z": 1.940772056504871e-08,
            "rms_z": 1.7505698971336003e-08,
            "reduced_chi2": 3.225784173421415e-16,
            "exceed_3sigma_n": 0
          },
          "test": {
            "n": 40,
            "max_abs_z": 2.2941817372497746e-08,
            "rms_z": 2.1080443254033684e-08,
            "reduced_chi2": 4.443850877865343e-16,
            "exceed_3sigma_n": 0
          }
        },
        "fixed_exponent_minus1_abs_fit": {
          "params": {
            "abs_coeff": 2.011058812424714e+22,
            "exponent": -1.0,
            "sign": 1.0
          },
          "train": {
            "n": 40,
            "max_abs_z": 4.0072080363994747e-10,
            "rms_z": 2.0838872976091996e-10,
            "reduced_chi2": 4.453934635012279e-20,
            "exceed_3sigma_n": 0
          },
          "test": {
            "n": 40,
            "max_abs_z": 4.4953144025282755e-10,
            "rms_z": 1.4292975979678637e-10,
            "reduced_chi2": 2.0428916235567045e-20,
            "exceed_3sigma_n": 0
          }
        }
      }
    }
  ],
  "outputs": {
    "csv": "C:\\develop\\waveP\\output\\public\\quantum\\thermo_blackbody_photon_density_per_enthalpy_density_holdout_splits.csv",
    "png": "C:\\develop\\waveP\\output\\public\\quantum\\thermo_blackbody_photon_density_per_enthalpy_density_holdout_splits.png"
  },
  "notes": [
    "Analytic holdout for n/h (photon density per enthalpy density) based on blackbody identities.",
    "This is a procedural regression check, not an observational inference."
  ]
}
