split,model_id,train_min_T_K,train_max_T_K,test_min_T_K,test_max_T_K,supported,reason,train_n,train_max_abs_z,train_reduced_chi2,test_n,test_max_abs_z,test_reduced_chi2,train_exceed_3sigma_n,test_exceed_3sigma_n,param_log10_coeff,param_exponent,param_coeff
A_low_to_high,powerlaw_fit_2p,1.0,94.33732216299774,106.00258488068825,10000.0,True,,40,3.649834581988276e-08,7.427574937909826e-16,40,5.7980229359585203e-08,2.3024184805048165e-15,0,0,22.303424771510727,-4.668559806320393e-15,
A_low_to_high,fixed_exponent_0_fit,1.0,94.33732216299774,106.00258488068825,10000.0,True,,40,2.0856197611361585e-10,6.6920150585256114e-21,40,2.0856197611361585e-10,1.0874524470104116e-20,0,0,,0.0,2.011058812424715e+22
B_high_to_low,powerlaw_fit_2p,106.00258488068825,10000.0,1.0,94.33732216299774,True,,40,3.024148653647429e-08,9.143803836649521e-16,40,3.1492858393155984e-08,9.525985565090972e-16,0,0,22.30342477151072,2.8103049828165827e-16,
B_high_to_low,fixed_exponent_0_fit,106.00258488068825,10000.0,1.0,94.33732216299774,True,,40,2.0856197611361585e-10,1.1153358430876017e-20,40,2.0856197611361585e-10,6.524714682062472e-21,0,0,,0.0,2.011058812424715e+22
