split,model_id,train_min_T_K,train_max_T_K,test_min_T_K,test_max_T_K,supported,reason,train_n,train_max_abs_z,train_reduced_chi2,test_n,test_max_abs_z,test_reduced_chi2,train_exceed_3sigma_n,test_exceed_3sigma_n,param_log10_abs_coeff,param_abs_coeff,param_exponent,param_sign
A_low_to_high,powerlaw_abs_fit_2p,1.0,94.33732216299774,106.00258488068825,10000.0,True,,40,2.2508356583217372e-14,1.385674390790841e-28,40,4.4228482780252035e-14,8.621783324663348e-28,0,0,-30.178185483110713,,1.0909490208832473e-14,1.0
A_low_to_high,fixed_exponent_0_abs_fit,1.0,94.33732216299774,106.00258488068825,10000.0,True,,40,1.7516230804060211e-16,1.4357524958603123e-32,40,2.627434620609032e-16,1.284801805370889e-32,0,0,,6.634596524722755e-31,0.0,1.0
B_high_to_low,powerlaw_abs_fit_2p,106.00258488068825,10000.0,1.0,94.33732216299774,True,,40,1.3049591949024859e-14,5.53714253634737e-29,40,2.793838813247604e-14,4.472324132754575e-28,0,0,-30.178185483110717,,4.800647873345467e-15,1.0
B_high_to_low,fixed_exponent_0_abs_fit,106.00258488068825,10000.0,1.0,94.33732216299774,True,,40,1.7516230804060211e-16,4.130246905899529e-33,40,8.758115402030106e-17,3.643467806275656e-33,0,0,,6.634596524722756e-31,0.0,1.0
