{
  "generated_utc": "2026-02-16T03:08:08.744833+00:00",
  "phase": 8,
  "step": "8.7.12",
  "inputs": {
    "blackbody_constants_extracted_values": {
      "path": "C:\\develop\\waveP\\data\\quantum\\sources\\nist_codata_2022_blackbody_constants\\extracted_values.json",
      "sha256": "ffe4c2234b9bf48c59898745bd5688a50a9f314e5e1eec63e172c24486032742"
    }
  },
  "constants": {
    "c_m_per_s": 299792458.0,
    "h_J_s": 6.62607015e-34,
    "kB_J_per_K": 1.380649e-23,
    "stefan_boltzmann_sigma": 5.6703744191844314e-08,
    "radiation_constant_a": 7.565733250280007e-16,
    "zeta3": 1.2020569031595942
  },
  "assumptions": {
    "sign_convention": "Φ_n/g is positive for photon gas; model fit is applied to abs(Φ_n/g) and sign=+1 is fixed.",
    "sigma_proxy": "1 ppm relative tolerance (operational, analytic baseline)",
    "holdout_reduced_chi2_definition": {
      "train": "sum(z^2)/max(1,n-params)",
      "test": "sum(z^2)/max(1,n)  (no parameters are fit on the test split)"
    }
  },
  "data_range_T_K": [
    1.0,
    10000.0
  ],
  "splits": [
    {
      "name": "A_low_to_high",
      "train_T_K": [
        1.0,
        94.33732216299774
      ],
      "test_T_K": [
        106.00258488068825,
        10000.0
      ],
      "models": {
        "powerlaw_abs_fit_2p": {
          "params": {
            "log10_abs_coeff": 38.77994492264691,
            "exponent": -1.0000000000000044,
            "sign": 1.0
          },
          "train": {
            "n": 40,
            "max_abs_z": 5.19451061443e-08,
            "rms_z": 4.2395725986103395e-08,
            "reduced_chi2": 1.8919974546197505e-15,
            "exceed_3sigma_n": 0
          },
          "test": {
            "n": 40,
            "max_abs_z": 7.271741196393522e-08,
            "rms_z": 6.296648661902804e-08,
            "reduced_chi2": 3.964778437144237e-15,
            "exceed_3sigma_n": 0
          }
        },
        "fixed_exponent_minus1_abs_fit": {
          "params": {
            "abs_coeff": 6.024831741370088e+38,
            "exponent": -1.0,
            "sign": 1.0
          },
          "train": {
            "n": 40,
            "max_abs_z": 3.6503404288157174e-10,
            "rms_z": 1.7234200274469698e-10,
            "reduced_chi2": 3.046334965133655e-20,
            "exceed_3sigma_n": 0
          },
          "test": {
            "n": 40,
            "max_abs_z": 4.061305645428026e-10,
            "rms_z": 1.8356808798783944e-10,
            "reduced_chi2": 3.3697242927511164e-20,
            "exceed_3sigma_n": 0
          }
        }
      }
    },
    {
      "name": "B_high_to_low",
      "train_T_K": [
        106.00258488068825,
        10000.0
      ],
      "test_T_K": [
        1.0,
        94.33732216299774
      ],
      "models": {
        "powerlaw_abs_fit_2p": {
          "params": {
            "log10_abs_coeff": 38.77994492264691,
            "exponent": -0.9999999999999991,
            "sign": 1.0
          },
          "train": {
            "n": 40,
            "max_abs_z": 2.765810947310544e-08,
            "rms_z": 2.573825499392808e-08,
            "reduced_chi2": 6.973239685604881e-16,
            "exceed_3sigma_n": 0
          },
          "test": {
            "n": 40,
            "max_abs_z": 3.185432923313128e-08,
            "rms_z": 2.9892359797071535e-08,
            "reduced_chi2": 8.935531742375785e-16,
            "exceed_3sigma_n": 0
          }
        },
        "fixed_exponent_minus1_abs_fit": {
          "params": {
            "abs_coeff": 6.024831741370087e+38,
            "exponent": -1.0,
            "sign": 1.0
          },
          "train": {
            "n": 40,
            "max_abs_z": 3.7445812571149826e-10,
            "rms_z": 1.8217289691404372e-10,
            "reduced_chi2": 3.403791217441518e-20,
            "exceed_3sigma_n": 0
          },
          "test": {
            "n": 40,
            "max_abs_z": 3.859454215614173e-10,
            "rms_z": 1.3854320089502158e-10,
            "reduced_chi2": 1.919421851423831e-20,
            "exceed_3sigma_n": 0
          }
        }
      }
    }
  ],
  "outputs": {
    "csv": "C:\\develop\\waveP\\output\\public\\quantum\\thermo_blackbody_photon_flux_per_momentum_density_holdout_splits.csv",
    "png": "C:\\develop\\waveP\\output\\public\\quantum\\thermo_blackbody_photon_flux_per_momentum_density_holdout_splits.png"
  },
  "notes": [
    "Analytic holdout for Φ_n/g (photon flux per momentum density) based on blackbody identities.",
    "This is a procedural regression check, not an observational inference."
  ]
}
