{
  "generated_utc": "2026-02-16T01:22:15.152741+00:00",
  "phase": 8,
  "step": "8.7.12",
  "inputs": {
    "blackbody_constants_extracted_values": {
      "path": "C:\\develop\\waveP\\data\\quantum\\sources\\nist_codata_2022_blackbody_constants\\extracted_values.json",
      "sha256": "ffe4c2234b9bf48c59898745bd5688a50a9f314e5e1eec63e172c24486032742"
    }
  },
  "constants": {
    "c_m_per_s": 299792458.0,
    "h_J_s": 6.62607015e-34,
    "kB_J_per_K": 1.380649e-23,
    "stefan_boltzmann_sigma": 5.6703744191844314e-08,
    "radiation_constant_a": 7.565733250280007e-16
  },
  "assumptions": {
    "sign_convention": "cV/Φ_h is positive for photon gas; model fit is applied to abs(cV/Φ_h) and sign=+1 is fixed.",
    "sigma_proxy": "1 ppm relative tolerance (operational, analytic baseline)",
    "holdout_reduced_chi2_definition": {
      "train": "sum(z^2)/max(1,n-params)",
      "test": "sum(z^2)/max(1,n)  (no parameters are fit on the test split)"
    }
  },
  "data_range_T_K": [
    1.0,
    10000.0
  ],
  "splits": [
    {
      "name": "A_low_to_high",
      "train_T_K": [
        1.0,
        94.33732216299774
      ],
      "test_T_K": [
        106.00258488068825,
        10000.0
      ],
      "models": {
        "powerlaw_abs_fit_2p": {
          "params": {
            "log10_abs_coeff": -7.3976394568803,
            "exponent": -0.9999999999999979,
            "sign": 1.0
          },
          "train": {
            "n": 40,
            "max_abs_z": 1.681444170237017e-08,
            "rms_z": 1.2186137018086932e-08,
            "reduced_chi2": 1.5631782676167228e-16,
            "exceed_3sigma_n": 0
          },
          "test": {
            "n": 40,
            "max_abs_z": 2.643693740656375e-08,
            "rms_z": 2.184464661974284e-08,
            "reduced_chi2": 4.771885859414423e-16,
            "exceed_3sigma_n": 0
          }
        },
        "fixed_exponent_minus1_abs_fit": {
          "params": {
            "abs_coeff": 4.002769142377825e-08,
            "exponent": -1.0,
            "sign": 1.0
          },
          "train": {
            "n": 40,
            "max_abs_z": 3.5860983994663245e-10,
            "rms_z": 1.60750655579775e-10,
            "reduced_chi2": 2.65033571993102e-20,
            "exceed_3sigma_n": 0
          },
          "test": {
            "n": 40,
            "max_abs_z": 2.8268556733705905e-10,
            "rms_z": 1.2854707956212034e-10,
            "reduced_chi2": 1.6524351663950095e-20,
            "exceed_3sigma_n": 0
          }
        }
      }
    },
    {
      "name": "B_high_to_low",
      "train_T_K": [
        106.00258488068825,
        10000.0
      ],
      "test_T_K": [
        1.0,
        94.33732216299774
      ],
      "models": {
        "powerlaw_abs_fit_2p": {
          "params": {
            "log10_abs_coeff": -7.3976394568803,
            "exponent": -1.0000000000000007,
            "sign": 1.0
          },
          "train": {
            "n": 40,
            "max_abs_z": 3.970400114384941e-09,
            "rms_z": 2.5647002616598396e-09,
            "reduced_chi2": 6.923881507534791e-18,
            "exceed_3sigma_n": 0
          },
          "test": {
            "n": 40,
            "max_abs_z": 7.1088319260202445e-09,
            "rms_z": 5.612175828007927e-09,
            "reduced_chi2": 3.1496517524476454e-17,
            "exceed_3sigma_n": 0
          }
        },
        "fixed_exponent_minus1_abs_fit": {
          "params": {
            "abs_coeff": 4.002769142377825e-08,
            "exponent": -1.0,
            "sign": 1.0
          },
          "train": {
            "n": 40,
            "max_abs_z": 2.8268556733705905e-10,
            "rms_z": 1.2854707956212034e-10,
            "reduced_chi2": 1.6948052988666764e-20,
            "exceed_3sigma_n": 0
          },
          "test": {
            "n": 40,
            "max_abs_z": 3.5860983994663245e-10,
            "rms_z": 1.60750655579775e-10,
            "reduced_chi2": 2.5840773269327448e-20,
            "exceed_3sigma_n": 0
          }
        }
      }
    }
  ],
  "outputs": {
    "csv": "C:\\develop\\waveP\\output\\public\\quantum\\thermo_blackbody_heat_capacity_per_enthalpy_flux_holdout_splits.csv",
    "png": "C:\\develop\\waveP\\output\\public\\quantum\\thermo_blackbody_heat_capacity_per_enthalpy_flux_holdout_splits.png"
  },
  "notes": [
    "Analytic holdout for cV/Φ_h (heat-capacity density per enthalpy flux) based on blackbody identities.",
    "This is a procedural regression check, not an observational inference."
  ]
}
