{
  "generated_utc": "2026-02-16T04:04:07.765771+00:00",
  "phase": 8,
  "step": "8.7.12",
  "inputs": {
    "blackbody_constants_extracted_values": {
      "path": "C:\\develop\\waveP\\data\\quantum\\sources\\nist_codata_2022_blackbody_constants\\extracted_values.json",
      "sha256": "ffe4c2234b9bf48c59898745bd5688a50a9f314e5e1eec63e172c24486032742"
    }
  },
  "constants": {
    "c_m_per_s": 299792458.0,
    "h_J_s": 6.62607015e-34,
    "kB_J_per_K": 1.380649e-23,
    "stefan_boltzmann_sigma": 5.6703744191844314e-08,
    "radiation_constant_a": 7.565733250280007e-16,
    "zeta3": 1.2020569031595942
  },
  "assumptions": {
    "sign_convention": "Φ_n/s is positive for photon gas; model fit is applied to abs(Φ_n/s) and sign=+1 is fixed.",
    "sigma_proxy": "1 ppm relative tolerance (operational, analytic baseline)",
    "holdout_reduced_chi2_definition": {
      "train": "sum(z^2)/max(1,n-params)",
      "test": "sum(z^2)/max(1,n)  (no parameters are fit on the test split)"
    }
  },
  "data_range_T_K": [
    1.0,
    10000.0
  ],
  "splits": [
    {
      "name": "A_low_to_high",
      "train_T_K": [
        1.0,
        94.33732216299774
      ],
      "test_T_K": [
        106.00258488068825,
        10000.0
      ],
      "models": {
        "powerlaw_abs_fit_2p": {
          "params": {
            "log10_abs_coeff": 30.178185483110713,
            "exponent": -1.0909490208832473e-14,
            "sign": 1.0
          },
          "train": {
            "n": 40,
            "max_abs_z": 3.398800682151306e-08,
            "rms_z": 1.7306723888893658e-08,
            "reduced_chi2": 3.152870439646341e-16,
            "exceed_3sigma_n": 0
          },
          "test": {
            "n": 40,
            "max_abs_z": 6.648203532120137e-08,
            "rms_z": 4.4228612950250874e-08,
            "reduced_chi2": 1.9561702035030993e-15,
            "exceed_3sigma_n": 0
          }
        },
        "fixed_exponent_0_abs_fit": {
          "params": {
            "abs_coeff": 1.507250661398415e+30,
            "exponent": 0.0,
            "sign": 1.0
          },
          "train": {
            "n": 40,
            "max_abs_z": 1.8674729022809376e-10,
            "rms_z": 9.793110518151199e-11,
            "reduced_chi2": 9.836411653407554e-21,
            "exceed_3sigma_n": 0
          },
          "test": {
            "n": 40,
            "max_abs_z": 1.8674729022809376e-10,
            "rms_z": 9.793110518151199e-11,
            "reduced_chi2": 9.590501362072365e-21,
            "exceed_3sigma_n": 0
          }
        }
      }
    },
    {
      "name": "B_high_to_low",
      "train_T_K": [
        106.00258488068825,
        10000.0
      ],
      "test_T_K": [
        1.0,
        94.33732216299774
      ],
      "models": {
        "powerlaw_abs_fit_2p": {
          "params": {
            "log10_abs_coeff": 30.178185483110717,
            "exponent": -4.800647873345467e-15,
            "sign": 1.0
          },
          "train": {
            "n": 40,
            "max_abs_z": 1.9608465473949843e-08,
            "rms_z": 1.079946032617564e-08,
            "reduced_chi2": 1.227666771964649e-16,
            "exceed_3sigma_n": 0
          },
          "test": {
            "n": 40,
            "max_abs_z": 4.201814030132109e-08,
            "rms_z": 3.175108984880743e-08,
            "reduced_chi2": 1.0081317065870424e-15,
            "exceed_3sigma_n": 0
          }
        },
        "fixed_exponent_0_abs_fit": {
          "params": {
            "abs_coeff": 1.507250661398415e+30,
            "exponent": 0.0,
            "sign": 1.0
          },
          "train": {
            "n": 40,
            "max_abs_z": 1.8674729022809376e-10,
            "rms_z": 9.793110518151199e-11,
            "reduced_chi2": 9.836411653407554e-21,
            "exceed_3sigma_n": 0
          },
          "test": {
            "n": 40,
            "max_abs_z": 1.8674729022809376e-10,
            "rms_z": 9.793110518151199e-11,
            "reduced_chi2": 9.590501362072365e-21,
            "exceed_3sigma_n": 0
          }
        }
      }
    }
  ],
  "outputs": {
    "csv": "C:\\develop\\waveP\\output\\public\\quantum\\thermo_blackbody_photon_flux_per_entropy_density_holdout_splits.csv",
    "png": "C:\\develop\\waveP\\output\\public\\quantum\\thermo_blackbody_photon_flux_per_entropy_density_holdout_splits.png"
  },
  "notes": [
    "Analytic holdout for Φ_n/s (photon flux per entropy density) based on blackbody identities.",
    "This is a procedural regression check, not an observational inference."
  ]
}
