split,model_id,train_min_T_K,train_max_T_K,test_min_T_K,test_max_T_K,supported,reason,train_n,train_max_abs_z,train_reduced_chi2,test_n,test_max_abs_z,test_reduced_chi2,train_exceed_3sigma_n,test_exceed_3sigma_n,param_log10_abs_coeff,param_abs_coeff,param_exponent,param_sign
A_low_to_high,powerlaw_abs_fit_2p,1.0,94.33732216299774,106.00258488068825,10000.0,True,,40,7.401486830834375e-10,1.562728840021156e-19,40,1.3322676295501878e-09,1.0107280348144214e-18,0,0,0.47712125471966244,,-1.4167402000795944e-16,1.0
A_low_to_high,fixed_exponent_0_abs_fit,1.0,94.33732216299774,106.00258488068825,10000.0,True,,40,1.4802973661668758e-10,5.056800674493666e-21,40,1.4802973661668758e-10,5.478200730701472e-21,0,0,,3.0,0.0,1.0
B_high_to_low,powerlaw_abs_fit_2p,106.00258488068825,10000.0,1.0,94.33732216299774,True,,40,5.9211894646675e-10,2.1336150214310991e-19,40,5.9211894646675e-10,1.4078975877902778e-19,0,0,0.4771212547196623,,-2.1801117809117574e-17,1.0
B_high_to_low,fixed_exponent_0_abs_fit,106.00258488068825,10000.0,1.0,94.33732216299774,True,,40,1.4802973661668758e-10,5.618667416104074e-21,40,1.4802973661668758e-10,4.9303806576313245e-21,0,0,,3.0,0.0,1.0
