split,model_id,train_min_T_K,train_max_T_K,test_min_T_K,test_max_T_K,supported,reason,train_n,train_max_abs_z,train_reduced_chi2,test_n,test_max_abs_z,test_reduced_chi2,train_exceed_3sigma_n,test_exceed_3sigma_n,param_log10_abs_coeff,param_abs_coeff,param_exponent,param_sign
A_low_to_high,powerlaw_abs_fit_2p,1.0,94.33732216299774,106.00258488068825,10000.0,True,,40,1.6738819360687206e-08,2.2454653731238324e-16,40,2.157447828710797e-08,3.595827657015157e-16,0,0,-8.476820702927922,,9.246650936044538e-16,-1.0
A_low_to_high,fixed_exponent_0_abs_fit,1.0,94.33732216299774,106.00258488068825,10000.0,True,,40,9.919300361888703e-10,1.6201652878248888e-19,40,8.679387816652632e-10,1.591191529028021e-19,0,0,,3.3356409519815204e-09,0.0,-1.0
B_high_to_low,powerlaw_abs_fit_2p,106.00258488068825,10000.0,1.0,94.33732216299774,True,,40,5.703597708086013e-09,1.5889259117987926e-17,40,8.431405307605408e-09,4.7571630222798366e-17,0,0,-8.476820702927924,,-6.66806926265839e-16,-1.0
B_high_to_low,fixed_exponent_0_abs_fit,106.00258488068825,10000.0,1.0,94.33732216299774,True,,40,1.1159212907124812e-09,2.1681043997656688e-19,40,9.919300361888721e-10,1.8102686236043437e-19,0,0,,3.3356409519815213e-09,0.0,-1.0
