{
  "generated_utc": "2026-02-16T12:32:58.707369+00:00",
  "phase": 8,
  "step": "8.7.12",
  "inputs": {
    "blackbody_constants_extracted_values": {
      "path": "C:\\develop\\waveP\\data\\quantum\\sources\\nist_codata_2022_blackbody_constants\\extracted_values.json",
      "sha256": "ffe4c2234b9bf48c59898745bd5688a50a9f314e5e1eec63e172c24486032742"
    }
  },
  "constants": {
    "c_m_per_s": 299792458.0,
    "h_J_s": 6.62607015e-34,
    "kB_J_per_K": 1.380649e-23,
    "stefan_boltzmann_sigma": 5.6703744191844314e-08,
    "radiation_constant_a": 7.565733250280007e-16,
    "hbar_J_s": 1.0545718176461565e-34,
    "zeta3": 1.2020569031595942,
    "photon_density_coeff": 20286846.033907045
  },
  "assumptions": {
    "sign_convention": "Φ_n/Φ_h is positive for photon gas; model fit is applied to abs(Φ_n/Φ_h) and sign=+1 is fixed.",
    "sigma_proxy": "1 ppm relative tolerance (operational, analytic baseline)",
    "holdout_reduced_chi2_definition": {
      "train": "sum(z^2)/max(1,n-params)",
      "test": "sum(z^2)/max(1,n)  (no parameters are fit on the test split)"
    }
  },
  "data_range_T_K": [
    1.0,
    10000.0
  ],
  "splits": [
    {
      "name": "A_low_to_high",
      "train_T_K": [
        1.0,
        94.33732216299774
      ],
      "test_T_K": [
        106.00258488068825,
        10000.0
      ],
      "models": {
        "powerlaw_abs_fit_2p": {
          "params": {
            "log10_abs_coeff": 22.303424771510727,
            "exponent": -1.0000000000000053,
            "sign": 1.0
          },
          "train": {
            "n": 40,
            "max_abs_z": 3.8889219671016806e-08,
            "rms_z": 2.7734236741945243e-08,
            "reduced_chi2": 8.096714606929111e-16,
            "exceed_3sigma_n": 0
          },
          "test": {
            "n": 40,
            "max_abs_z": 6.390265625551464e-08,
            "rms_z": 5.218587475434571e-08,
            "reduced_chi2": 2.7233655238762573e-15,
            "exceed_3sigma_n": 0
          }
        },
        "fixed_exponent_minus1_abs_fit": {
          "params": {
            "abs_coeff": 2.011058812424714e+22,
            "exponent": -1.0,
            "sign": 1.0
          },
          "train": {
            "n": 40,
            "max_abs_z": 4.4953144025282755e-10,
            "rms_z": 1.569787768556702e-10,
            "reduced_chi2": 2.5274191162156197e-20,
            "exceed_3sigma_n": 0
          },
          "test": {
            "n": 40,
            "max_abs_z": 5.896994607503517e-10,
            "rms_z": 2.3044018172743548e-10,
            "reduced_chi2": 5.3102677354573485e-20,
            "exceed_3sigma_n": 0
          }
        }
      }
    },
    {
      "name": "B_high_to_low",
      "train_T_K": [
        106.00258488068825,
        10000.0
      ],
      "test_T_K": [
        1.0,
        94.33732216299774
      ],
      "models": {
        "powerlaw_abs_fit_2p": {
          "params": {
            "log10_abs_coeff": 22.303424771510723,
            "exponent": -0.9999999999999992,
            "sign": 1.0
          },
          "train": {
            "n": 40,
            "max_abs_z": 1.940772056504871e-08,
            "rms_z": 1.7505977491414907e-08,
            "reduced_chi2": 3.2258868203150036e-16,
            "exceed_3sigma_n": 0
          },
          "test": {
            "n": 40,
            "max_abs_z": 2.2849287394682583e-08,
            "rms_z": 2.1079928290896844e-08,
            "reduced_chi2": 4.443633767493531e-16,
            "exceed_3sigma_n": 0
          }
        },
        "fixed_exponent_minus1_abs_fit": {
          "params": {
            "abs_coeff": 2.011058812424714e+22,
            "exponent": -1.0,
            "sign": 1.0
          },
          "train": {
            "n": 40,
            "max_abs_z": 5.896994607503517e-10,
            "rms_z": 2.3044018172743548e-10,
            "reduced_chi2": 5.446428446622922e-20,
            "exceed_3sigma_n": 0
          },
          "test": {
            "n": 40,
            "max_abs_z": 4.4953144025282755e-10,
            "rms_z": 1.569787768556702e-10,
            "reduced_chi2": 2.4642336383102295e-20,
            "exceed_3sigma_n": 0
          }
        }
      }
    }
  ],
  "outputs": {
    "csv": "C:\\develop\\waveP\\output\\public\\quantum\\thermo_blackbody_photon_flux_per_enthalpy_flux_holdout_splits.csv",
    "png": "C:\\develop\\waveP\\output\\public\\quantum\\thermo_blackbody_photon_flux_per_enthalpy_flux_holdout_splits.png"
  },
  "notes": [
    "Analytic holdout for Φ_n/Φ_h (photon flux per enthalpy flux) based on blackbody identities.",
    "This is a procedural regression check, not an observational inference."
  ]
}
