{
  "generated_utc": "2026-02-16T03:55:57.557679+00:00",
  "phase": 8,
  "step": "8.7.12",
  "inputs": {
    "blackbody_constants_extracted_values": {
      "path": "C:\\develop\\waveP\\data\\quantum\\sources\\nist_codata_2022_blackbody_constants\\extracted_values.json",
      "sha256": "ffe4c2234b9bf48c59898745bd5688a50a9f314e5e1eec63e172c24486032742"
    }
  },
  "constants": {
    "c_m_per_s": 299792458.0,
    "h_J_s": 6.62607015e-34,
    "kB_J_per_K": 1.380649e-23,
    "stefan_boltzmann_sigma": 5.6703744191844314e-08,
    "radiation_constant_a": 7.565733250280007e-16,
    "zeta3": 1.2020569031595942
  },
  "assumptions": {
    "sign_convention": "Φ_n/cV is positive for photon gas; model fit is applied to abs(Φ_n/cV) and sign=+1 is fixed.",
    "sigma_proxy": "1 ppm relative tolerance (operational, analytic baseline)",
    "holdout_reduced_chi2_definition": {
      "train": "sum(z^2)/max(1,n-params)",
      "test": "sum(z^2)/max(1,n)  (no parameters are fit on the test split)"
    }
  },
  "data_range_T_K": [
    1.0,
    10000.0
  ],
  "splits": [
    {
      "name": "A_low_to_high",
      "train_T_K": [
        1.0,
        94.33732216299774
      ],
      "test_T_K": [
        106.00258488068825,
        10000.0
      ],
      "models": {
        "powerlaw_abs_fit_2p": {
          "params": {
            "log10_abs_coeff": 29.701064228391026,
            "exponent": -5.307402434354801e-15,
            "sign": 1.0
          },
          "train": {
            "n": 40,
            "max_abs_z": 4.7900679943506036e-08,
            "rms_z": 3.65376394611928e-08,
            "reduced_chi2": 1.4052622077853825e-15,
            "exceed_3sigma_n": 0
          },
          "test": {
            "n": 40,
            "max_abs_z": 7.269138272128547e-08,
            "rms_z": 6.100386688284452e-08,
            "reduced_chi2": 3.7214717746598146e-15,
            "exceed_3sigma_n": 0
          }
        },
        "fixed_exponent_0_abs_fit": {
          "params": {
            "abs_coeff": 5.02416887132805e+29,
            "exponent": 0.0,
            "sign": 1.0
          },
          "train": {
            "n": 40,
            "max_abs_z": 2.8012093534214066e-10,
            "rms_z": 1.0148345021344828e-10,
            "reduced_chi2": 1.0562964786897883e-20,
            "exceed_3sigma_n": 0
          },
          "test": {
            "n": 40,
            "max_abs_z": 2.8012093534214066e-10,
            "rms_z": 1.171829945980527e-10,
            "reduced_chi2": 1.373185422296725e-20,
            "exceed_3sigma_n": 0
          }
        }
      }
    },
    {
      "name": "B_high_to_low",
      "train_T_K": [
        106.00258488068825,
        10000.0
      ],
      "test_T_K": [
        1.0,
        94.33732216299774
      ],
      "models": {
        "powerlaw_abs_fit_2p": {
          "params": {
            "log10_abs_coeff": 29.70106422839102,
            "exponent": 4.123207640868646e-15,
            "sign": 1.0
          },
          "train": {
            "n": 40,
            "max_abs_z": 2.0869009682989472e-08,
            "rms_z": 1.2801806403299434e-08,
            "reduced_chi2": 1.725118391447983e-16,
            "exceed_3sigma_n": 0
          },
          "test": {
            "n": 40,
            "max_abs_z": 4.0197354221597166e-08,
            "rms_z": 3.1306780864979444e-08,
            "reduced_chi2": 9.80114528127843e-16,
            "exceed_3sigma_n": 0
          }
        },
        "fixed_exponent_0_abs_fit": {
          "params": {
            "abs_coeff": 5.0241688713280494e+29,
            "exponent": 0.0,
            "sign": 1.0
          },
          "train": {
            "n": 40,
            "max_abs_z": 2.801209353421405e-10,
            "rms_z": 1.4006046767107028e-10,
            "reduced_chi2": 2.011993292742453e-20,
            "exceed_3sigma_n": 0
          },
          "test": {
            "n": 40,
            "max_abs_z": 2.801209353421405e-10,
            "rms_z": 1.452177836890401e-10,
            "reduced_chi2": 2.1088204699556835e-20,
            "exceed_3sigma_n": 0
          }
        }
      }
    }
  ],
  "outputs": {
    "csv": "C:\\develop\\waveP\\output\\public\\quantum\\thermo_blackbody_photon_flux_per_heat_capacity_density_holdout_splits.csv",
    "png": "C:\\develop\\waveP\\output\\public\\quantum\\thermo_blackbody_photon_flux_per_heat_capacity_density_holdout_splits.png"
  },
  "notes": [
    "Analytic holdout for Φ_n/cV (photon flux per heat-capacity density) based on blackbody identities.",
    "This is a procedural regression check, not an observational inference."
  ]
}
