split,model_id,train_min_T_K,train_max_T_K,test_min_T_K,test_max_T_K,supported,reason,train_n,train_max_abs_z,train_reduced_chi2,test_n,test_max_abs_z,test_reduced_chi2,train_exceed_3sigma_n,test_exceed_3sigma_n,param_log10_coeff,param_exponent,param_coeff
A_low_to_high,powerlaw_fit_2p,1.0,94.33732216299774,106.00258488068825,10000.0,True,,40,3.286757585807888e-09,9.176601641442669e-18,40,3.3278500111361827e-09,9.912947632039785e-18,0,0,-7.121449526753285,4.0,
A_low_to_high,fixed_exponent_4_fit,1.0,94.33732216299774,106.00258488068825,10000.0,True,,40,0.0,0.0,40,0.0,0.0,0,0,,4.0,7.560499225579241e-08
B_high_to_low,powerlaw_fit_2p,106.00258488068825,10000.0,1.0,94.33732216299774,True,,40,1.1352516006637996e-08,9.343085602500933e-17,40,7.2679452381771845e-09,2.6750720273577923e-17,0,0,-7.121449526753285,4.000000000000001,
B_high_to_low,fixed_exponent_4_fit,106.00258488068825,10000.0,1.0,94.33732216299774,True,,40,0.0,0.0,40,0.0,0.0,0,0,,4.0,7.560499225579241e-08
