split,model_id,train_min_T_K,train_max_T_K,test_min_T_K,test_max_T_K,supported,reason,train_n,train_max_abs_z,train_reduced_chi2,test_n,test_max_abs_z,test_reduced_chi2,train_exceed_3sigma_n,test_exceed_3sigma_n,param_log10_abs_coeff,param_abs_coeff,param_exponent,param_sign
A_low_to_high,powerlaw_abs_fit_2p,1.0,94.33732216299774,106.00258488068825,10000.0,True,,40,7.401486830834375e-10,1.8106895046739596e-19,40,1.3322676295501878e-09,1.0068932943029304e-18,0,0,0.47712125471966244,,-1.4167402000795944e-16,1.0
A_low_to_high,fixed_exponent_0_abs_fit,1.0,94.33732216299774,106.00258488068825,10000.0,True,,40,2.96059473233375e-10,1.3484801798649771e-20,40,2.960594732333752e-10,8.217301096052207e-21,0,0,,3.0,0.0,1.0
B_high_to_low,powerlaw_abs_fit_2p,106.00258488068825,10000.0,1.0,94.33732216299774,True,,40,5.9211894646675e-10,2.1278484943461502e-19,40,7.401486830834374e-10,1.6763294235946496e-19,0,0,0.4771212547196623,,-2.1801117809117574e-17,1.0
B_high_to_low,fixed_exponent_0_abs_fit,106.00258488068825,10000.0,1.0,94.33732216299774,True,,40,2.960594732333752e-10,8.42800112415611e-21,40,2.96059473233375e-10,1.3147681753683527e-20,0,0,,3.0,0.0,1.0
