{
  "generated_utc": "2026-02-16T11:24:05.114289+00:00",
  "phase": 8,
  "step": "8.7.12",
  "inputs": {
    "blackbody_constants_extracted_values": {
      "path": "C:\\develop\\waveP\\data\\quantum\\sources\\nist_codata_2022_blackbody_constants\\extracted_values.json",
      "sha256": "ffe4c2234b9bf48c59898745bd5688a50a9f314e5e1eec63e172c24486032742"
    }
  },
  "constants": {
    "c_m_per_s": 299792458.0,
    "h_J_s": 6.62607015e-34,
    "kB_J_per_K": 1.380649e-23,
    "radiation_constant_a": 7.565733250280007e-16
  },
  "assumptions": {
    "sigma_proxy": "1 ppm relative tolerance (operational, analytic baseline)",
    "holdout_reduced_chi2_definition": {
      "train": "sum(z^2)/max(1,n-params)",
      "test": "sum(z^2)/max(1,n)  (no parameters are fit on the test split)"
    }
  },
  "data_range_T_K": [
    1.0,
    10000.0
  ],
  "splits": [
    {
      "name": "A_low_to_high",
      "train_T_K": [
        1.0,
        94.33732216299774
      ],
      "test_T_K": [
        106.00258488068825,
        10000.0
      ],
      "models": {
        "powerlaw_fit_2p": {
          "params": {
            "log10_coeff": 0.47712125471966244,
            "exponent": -1.4167402000795944e-16
          },
          "train": {
            "n": 40,
            "max_abs_z": 5.921189464667501e-10,
            "rms_z": 3.6259732146947154e-10,
            "reduced_chi2": 1.38396650038774e-19,
            "exceed_3sigma_n": 0
          },
          "test": {
            "n": 40,
            "max_abs_z": 1.3322676295501878e-09,
            "rms_z": 1.012138101565777e-09,
            "reduced_chi2": 1.024423536641175e-18,
            "exceed_3sigma_n": 0
          }
        },
        "fixed_exponent_0_fit": {
          "params": {
            "coeff": 3.0,
            "exponent": 0.0
          },
          "train": {
            "n": 40,
            "max_abs_z": 1.4802973661668758e-10,
            "rms_z": 8.107922592650825e-11,
            "reduced_chi2": 6.742400899324889e-21,
            "exceed_3sigma_n": 0
          },
          "test": {
            "n": 40,
            "max_abs_z": 1.4802973661668758e-10,
            "rms_z": 7.021666937153401e-11,
            "reduced_chi2": 4.930380657631324e-21,
            "exceed_3sigma_n": 0
          }
        }
      }
    },
    {
      "name": "B_high_to_low",
      "train_T_K": [
        106.00258488068825,
        10000.0
      ],
      "test_T_K": [
        1.0,
        94.33732216299774
      ],
      "models": {
        "powerlaw_fit_2p": {
          "params": {
            "log10_coeff": 0.4771212547196623,
            "exponent": -2.1801117809117574e-17
          },
          "train": {
            "n": 40,
            "max_abs_z": 5.9211894646675e-10,
            "rms_z": 4.5324665183683947e-10,
            "reduced_chi2": 2.162447656855844e-19,
            "exceed_3sigma_n": 0
          },
          "test": {
            "n": 40,
            "max_abs_z": 4.440892098500626e-10,
            "rms_z": 3.471605047747113e-10,
            "reduced_chi2": 1.2052041607543235e-19,
            "exceed_3sigma_n": 0
          }
        },
        "fixed_exponent_0_fit": {
          "params": {
            "coeff": 3.0,
            "exponent": 0.0
          },
          "train": {
            "n": 40,
            "max_abs_z": 1.4802973661668758e-10,
            "rms_z": 7.021666937153401e-11,
            "reduced_chi2": 5.056800674493666e-21,
            "exceed_3sigma_n": 0
          },
          "test": {
            "n": 40,
            "max_abs_z": 1.4802973661668758e-10,
            "rms_z": 8.107922592650825e-11,
            "reduced_chi2": 6.573840876841767e-21,
            "exceed_3sigma_n": 0
          }
        }
      }
    }
  ],
  "outputs": {
    "csv": "C:\\develop\\waveP\\output\\public\\quantum\\thermo_blackbody_energy_per_pressure_holdout_splits.csv",
    "png": "C:\\develop\\waveP\\output\\public\\quantum\\thermo_blackbody_energy_per_pressure_holdout_splits.png"
  },
  "notes": [
    "Analytic holdout for u/P = 3 based on blackbody radiation equation of state.",
    "This is a procedural regression check, not an observational inference."
  ]
}
