{
  "generated_utc": "2026-02-16T06:09:20.350030+00:00",
  "phase": 8,
  "step": "8.7.12",
  "inputs": {
    "blackbody_constants_extracted_values": {
      "path": "C:\\develop\\waveP\\data\\quantum\\sources\\nist_codata_2022_blackbody_constants\\extracted_values.json",
      "sha256": "ffe4c2234b9bf48c59898745bd5688a50a9f314e5e1eec63e172c24486032742"
    }
  },
  "constants": {
    "c_m_per_s": 299792458.0,
    "h_J_s": 6.62607015e-34,
    "kB_J_per_K": 1.380649e-23,
    "radiation_constant_a": 7.565733250280007e-16
  },
  "assumptions": {
    "sigma_proxy": "1 ppm relative tolerance (operational, analytic baseline)",
    "holdout_reduced_chi2_definition": {
      "train": "sum(z^2)/max(1,n-params)",
      "test": "sum(z^2)/max(1,n)  (no parameters are fit on the test split)"
    }
  },
  "data_range_T_K": [
    1.0,
    10000.0
  ],
  "splits": [
    {
      "name": "A_low_to_high",
      "train_T_K": [
        1.0,
        94.33732216299774
      ],
      "test_T_K": [
        106.00258488068825,
        10000.0
      ],
      "models": {
        "powerlaw_fit_2p": {
          "params": {
            "log10_coeff": -0.47712125471966244,
            "exponent": 1.4167402000795944e-16
          },
          "train": {
            "n": 40,
            "max_abs_z": 6.66133814775094e-10,
            "rms_z": 3.5620256138359125e-10,
            "reduced_chi2": 1.3355817340655906e-19,
            "exceed_3sigma_n": 0
          },
          "test": {
            "n": 40,
            "max_abs_z": 1.3322676295501883e-09,
            "rms_z": 9.827590490610155e-10,
            "reduced_chi2": 9.658153485113114e-19,
            "exceed_3sigma_n": 0
          }
        },
        "fixed_exponent_0_fit": {
          "params": {
            "coeff": 0.3333333333333333,
            "exponent": 0.0
          },
          "train": {
            "n": 40,
            "max_abs_z": 1.6653345369377348e-10,
            "rms_z": 9.852251986074893e-11,
            "reduced_chi2": 9.955576327909404e-21,
            "exceed_3sigma_n": 0
          },
          "test": {
            "n": 40,
            "max_abs_z": 1.6653345369377353e-10,
            "rms_z": 7.899375304297577e-11,
            "reduced_chi2": 6.240013019814644e-21,
            "exceed_3sigma_n": 0
          }
        }
      }
    },
    {
      "name": "B_high_to_low",
      "train_T_K": [
        106.00258488068825,
        10000.0
      ],
      "test_T_K": [
        1.0,
        94.33732216299774
      ],
      "models": {
        "powerlaw_fit_2p": {
          "params": {
            "log10_coeff": -0.4771212547196623,
            "exponent": 2.1801117809117574e-17
          },
          "train": {
            "n": 40,
            "max_abs_z": 6.661338147750941e-10,
            "rms_z": 4.62861153061732e-10,
            "reduced_chi2": 2.2551626001435383e-19,
            "exceed_3sigma_n": 0
          },
          "test": {
            "n": 40,
            "max_abs_z": 3.33066907387547e-10,
            "rms_z": 2.8603059982730834e-10,
            "reduced_chi2": 8.18135040375698e-20,
            "exceed_3sigma_n": 0
          }
        },
        "fixed_exponent_0_fit": {
          "params": {
            "coeff": 0.3333333333333333,
            "exponent": 0.0
          },
          "train": {
            "n": 40,
            "max_abs_z": 1.6653345369377353e-10,
            "rms_z": 7.899375304297577e-11,
            "reduced_chi2": 6.400013353656045e-21,
            "exceed_3sigma_n": 0
          },
          "test": {
            "n": 40,
            "max_abs_z": 1.6653345369377348e-10,
            "rms_z": 9.852251986074893e-11,
            "reduced_chi2": 9.706686919711669e-21,
            "exceed_3sigma_n": 0
          }
        }
      }
    }
  ],
  "outputs": {
    "csv": "C:\\develop\\waveP\\output\\public\\quantum\\thermo_blackbody_entropy_per_heat_capacity_density_holdout_splits.csv",
    "png": "C:\\develop\\waveP\\output\\public\\quantum\\thermo_blackbody_entropy_per_heat_capacity_density_holdout_splits.png"
  },
  "notes": [
    "Analytic holdout for s/cV = 1/3 based on blackbody radiation identities.",
    "This is a procedural regression check, not an observational inference."
  ]
}
