{
  "generated_utc": "2026-02-16T05:58:45.001343+00:00",
  "phase": 8,
  "step": "8.7.12",
  "inputs": {
    "blackbody_constants_extracted_values": {
      "path": "C:\\develop\\waveP\\data\\quantum\\sources\\nist_codata_2022_blackbody_constants\\extracted_values.json",
      "sha256": "ffe4c2234b9bf48c59898745bd5688a50a9f314e5e1eec63e172c24486032742"
    }
  },
  "constants": {
    "c_m_per_s": 299792458.0,
    "h_J_s": 6.62607015e-34,
    "kB_J_per_K": 1.380649e-23,
    "stefan_boltzmann_sigma": 5.6703744191844314e-08,
    "radiation_constant_a": 7.565733250280007e-16
  },
  "assumptions": {
    "sign_convention": "h/cV is positive for photon gas; model fit is applied to abs(h/cV) and sign=+1 is fixed.",
    "sigma_proxy": "1 ppm relative tolerance (operational, analytic baseline)",
    "holdout_reduced_chi2_definition": {
      "train": "sum(z^2)/max(1,n-params)",
      "test": "sum(z^2)/max(1,n)  (no parameters are fit on the test split)"
    }
  },
  "data_range_T_K": [
    1.0,
    10000.0
  ],
  "splits": [
    {
      "name": "A_low_to_high",
      "train_T_K": [
        1.0,
        94.33732216299774
      ],
      "test_T_K": [
        106.00258488068825,
        10000.0
      ],
      "models": {
        "powerlaw_abs_fit_2p": {
          "params": {
            "log10_abs_coeff": -0.47712125471966244,
            "exponent": 0.9999999999999997,
            "sign": 1.0
          },
          "train": {
            "n": 40,
            "max_abs_z": 1.7117683311431353e-09,
            "rms_z": 9.57675840675596e-10,
            "reduced_chi2": 9.654137008565366e-19,
            "exceed_3sigma_n": 0
          },
          "test": {
            "n": 40,
            "max_abs_z": 3.1377567211166024e-09,
            "rms_z": 2.393048491983108e-09,
            "reduced_chi2": 5.726681084982627e-18,
            "exceed_3sigma_n": 0
          }
        },
        "fixed_exponent_plus1_abs_fit": {
          "params": {
            "abs_coeff": 0.3333333333333333,
            "exponent": 1.0,
            "sign": 1.0
          },
          "train": {
            "n": 40,
            "max_abs_z": 2.852947218571892e-10,
            "rms_z": 1.2771451836376834e-10,
            "reduced_chi2": 1.6729228923989043e-20,
            "exceed_3sigma_n": 0
          },
          "test": {
            "n": 40,
            "max_abs_z": 2.7634803035894365e-10,
            "rms_z": 1.209561265167112e-10,
            "reduced_chi2": 1.463038454192665e-20,
            "exceed_3sigma_n": 0
          }
        }
      }
    },
    {
      "name": "B_high_to_low",
      "train_T_K": [
        106.00258488068825,
        10000.0
      ],
      "test_T_K": [
        1.0,
        94.33732216299774
      ],
      "models": {
        "powerlaw_abs_fit_2p": {
          "params": {
            "log10_abs_coeff": -0.4771212547196611,
            "exponent": 0.9999999999999999,
            "sign": 1.0
          },
          "train": {
            "n": 40,
            "max_abs_z": 2.7974064107240243e-09,
            "rms_z": 2.372040466156431e-09,
            "reduced_chi2": 5.922711550614336e-18,
            "exceed_3sigma_n": 0
          },
          "test": {
            "n": 40,
            "max_abs_z": 3.3095123939570838e-09,
            "rms_z": 2.847460117631705e-09,
            "reduced_chi2": 8.108029121503164e-18,
            "exceed_3sigma_n": 0
          }
        },
        "fixed_exponent_plus1_abs_fit": {
          "params": {
            "abs_coeff": 0.3333333333333333,
            "exponent": 1.0,
            "sign": 1.0
          },
          "train": {
            "n": 40,
            "max_abs_z": 2.7634803035894365e-10,
            "rms_z": 1.209561265167112e-10,
            "reduced_chi2": 1.5005522607104256e-20,
            "exceed_3sigma_n": 0
          },
          "test": {
            "n": 40,
            "max_abs_z": 2.852947218571892e-10,
            "rms_z": 1.2771451836376834e-10,
            "reduced_chi2": 1.6310998200889317e-20,
            "exceed_3sigma_n": 0
          }
        }
      }
    }
  ],
  "outputs": {
    "csv": "C:\\develop\\waveP\\output\\public\\quantum\\thermo_blackbody_enthalpy_per_heat_capacity_density_holdout_splits.csv",
    "png": "C:\\develop\\waveP\\output\\public\\quantum\\thermo_blackbody_enthalpy_per_heat_capacity_density_holdout_splits.png"
  },
  "notes": [
    "Analytic holdout for h/cV (enthalpy density per heat-capacity density) based on blackbody identities.",
    "This is a procedural regression check, not an observational inference."
  ]
}
