split,model_id,train_min_T_K,train_max_T_K,test_min_T_K,test_max_T_K,supported,reason,train_n,train_max_abs_z,train_reduced_chi2,test_n,test_max_abs_z,test_reduced_chi2,train_exceed_3sigma_n,test_exceed_3sigma_n,param_log10_abs_coeff,param_abs_coeff,param_exponent,param_sign
A_low_to_high,powerlaw_abs_fit_2p,1.0,94.33732216299774,106.00258488068825,10000.0,True,,40,1.0562946576137708e-08,9.28329139729745e-17,40,1.2499040824117278e-08,1.3125033781395414e-16,0,0,8.476820702927924,,-1.0000000000000004,1.0
A_low_to_high,fixed_exponent_minus1_abs_fit,1.0,94.33732216299774,106.00258488068825,10000.0,True,,40,2.0265709792465408e-10,1.2115133788439592e-20,40,3.3565900350675156e-10,1.6504051511457024e-20,0,0,,299792458.0,-1.0,1.0
B_high_to_low,powerlaw_abs_fit_2p,106.00258488068825,10000.0,1.0,94.33732216299774,True,,40,1.0175634241554722e-08,8.014180343003152e-17,40,1.2525640724589574e-08,1.2751278286893547e-16,0,0,8.476820702927922,,-0.9999999999999994,1.0
B_high_to_low,fixed_exponent_minus1_abs_fit,106.00258488068825,10000.0,1.0,94.33732216299774,True,,40,3.3565900350675156e-10,1.69272323194431e-20,40,2.0265709792465408e-10,1.1812255443728602e-20,0,0,,299792458.0,-1.0,1.0
