split,model_id,train_min_T_K,train_max_T_K,test_min_T_K,test_max_T_K,supported,reason,train_n,train_max_abs_z,train_reduced_chi2,test_n,test_max_abs_z,test_reduced_chi2,train_exceed_3sigma_n,test_exceed_3sigma_n,param_log10_coeff,param_exponent,param_coeff
A_low_to_high,powerlaw_fit_2p,1.0,94.33732216299774,106.00258488068825,10000.0,True,,40,1.7205356741102976e-10,2.642818941742861e-20,40,2.001777082378327e-10,3.4659489052991786e-20,0,0,-7.8747607115999605,4.539379547425378e-16,
A_low_to_high,fixed_exponent_0_fit,1.0,94.33732216299774,106.00258488068825,10000.0,True,,40,3.3087224502121107e-12,2.596556649640336e-24,40,3.3087224502121107e-12,3.1474477226045695e-24,0,0,,0.0,1.334256380792608e-08
B_high_to_low,powerlaw_fit_2p,106.00258488068825,10000.0,1.0,94.33732216299774,True,,40,9.760731228125727e-11,4.5409675975920575e-21,40,1.703992061859237e-10,1.878574700069511e-20,0,0,-7.87476071159996,-1.1705108209218144e-15,
B_high_to_low,fixed_exponent_0_fit,106.00258488068825,10000.0,1.0,94.33732216299774,True,,40,3.3087224502121107e-12,3.2281515103636607e-24,40,3.3087224502121107e-12,2.5316427333993277e-24,0,0,,0.0,1.334256380792608e-08
