split,model_id,train_min_T_K,train_max_T_K,test_min_T_K,test_max_T_K,supported,reason,train_n,train_max_abs_z,train_reduced_chi2,test_n,test_max_abs_z,test_reduced_chi2,train_exceed_3sigma_n,test_exceed_3sigma_n,param_log10_abs_coeff,param_abs_coeff,param_exponent,param_sign
A_low_to_high,powerlaw_abs_fit_2p,1.0,94.33732216299774,106.00258488068825,10000.0,True,,40,1.0586159127954735e-08,9.371000533446213e-17,40,1.2554707366113014e-08,1.323268655745187e-16,0,0,-8.476820702927924,,1.0000000000000004,1.0
A_low_to_high,fixed_exponent_plus1_abs_fit,1.0,94.33732216299774,106.00258488068825,10000.0,True,,40,2.2069278662503513e-10,1.7461586986088432e-20,40,3.2591932462191646e-10,1.8318877155907616e-20,0,0,,3.3356409519815204e-09,1.0,1.0
B_high_to_low,powerlaw_abs_fit_2p,106.00258488068825,10000.0,1.0,94.33732216299774,True,,40,1.0031349707097502e-08,7.910731455152474e-17,40,1.2579488837627002e-08,1.2681944066396042e-16,0,0,-8.476820702927922,,0.9999999999999994,1.0
B_high_to_low,fixed_exponent_plus1_abs_fit,106.00258488068825,10000.0,1.0,94.33732216299774,True,,40,3.2591932462191646e-10,1.878859195477704e-20,40,2.2069278662503513e-10,1.702504731143622e-20,0,0,,3.3356409519815204e-09,1.0,1.0
