split,model_id,train_min_T_K,train_max_T_K,test_min_T_K,test_max_T_K,supported,reason,train_n,train_max_abs_z,train_reduced_chi2,test_n,test_max_abs_z,test_reduced_chi2,train_exceed_3sigma_n,test_exceed_3sigma_n,param_log10_coeff,param_exponent,param_coeff
A_low_to_high,powerlaw_fit_2p,1.0,94.33732216299774,106.00258488068825,10000.0,True,,40,1.5749518863009647e-09,1.070405650974867e-19,40,2.8174773505283303e-08,5.443897987373366e-16,0,0,-14.996210238353246,4.000000000000002,
A_low_to_high,fixed_exponent_4_fit,1.0,94.33732216299774,106.00258488068825,10000.0,True,,40,0.0,0.0,40,0.0,0.0,0,0,,4.0,1.0087644333706676e-15
B_high_to_low,powerlaw_fit_2p,106.00258488068825,10000.0,1.0,94.33732216299774,True,,40,2.4124649813898828e-08,3.988436103434624e-16,40,1.2440796412797536e-09,6.317033425618655e-20,0,0,-14.996210238353248,4.000000000000002,
B_high_to_low,fixed_exponent_4_fit,106.00258488068825,10000.0,1.0,94.33732216299774,True,,40,0.0,0.0,40,0.0,0.0,0,0,,4.0,1.0087644333706676e-15
