{
  "generated_utc": "2026-02-16T05:21:39.241857+00:00",
  "phase": 8,
  "step": "8.7.12",
  "inputs": {
    "blackbody_constants_extracted_values": {
      "path": "C:\\develop\\waveP\\data\\quantum\\sources\\nist_codata_2022_blackbody_constants\\extracted_values.json",
      "sha256": "ffe4c2234b9bf48c59898745bd5688a50a9f314e5e1eec63e172c24486032742"
    }
  },
  "constants": {
    "c_m_per_s": 299792458.0,
    "h_J_s": 6.62607015e-34,
    "kB_J_per_K": 1.380649e-23,
    "stefan_boltzmann_sigma": 5.6703744191844314e-08,
    "radiation_constant_a": 7.565733250280007e-16
  },
  "assumptions": {
    "sign_convention": "cV/Φ_s is positive for photon gas; model fit is applied to abs(cV/Φ_s) and sign=+1 is fixed.",
    "sigma_proxy": "1 ppm relative tolerance (operational, analytic baseline)",
    "holdout_reduced_chi2_definition": {
      "train": "sum(z^2)/max(1,n-params)",
      "test": "sum(z^2)/max(1,n)  (no parameters are fit on the test split)"
    }
  },
  "data_range_T_K": [
    1.0,
    10000.0
  ],
  "splits": [
    {
      "name": "A_low_to_high",
      "train_T_K": [
        1.0,
        94.33732216299774
      ],
      "test_T_K": [
        106.00258488068825,
        10000.0
      ],
      "models": {
        "powerlaw_abs_fit_2p": {
          "params": {
            "log10_abs_coeff": -7.3976394568803,
            "exponent": 1.0663208542324628e-15,
            "sign": 1.0
          },
          "train": {
            "n": 40,
            "max_abs_z": 1.2068482106964602e-08,
            "rms_z": 9.561718775045195e-09,
            "reduced_chi2": 9.623838519268607e-17,
            "exceed_3sigma_n": 0
          },
          "test": {
            "n": 40,
            "max_abs_z": 1.6862810615210812e-08,
            "rms_z": 1.4495609404403212e-08,
            "reduced_chi2": 2.1012269200502285e-16,
            "exceed_3sigma_n": 0
          }
        },
        "fixed_exponent_0_abs_fit": {
          "params": {
            "abs_coeff": 4.002769142377825e-08,
            "exponent": 0.0,
            "sign": 1.0
          },
          "train": {
            "n": 40,
            "max_abs_z": 1.6532167269814523e-10,
            "rms_z": 1.3069825807875332e-10,
            "reduced_chi2": 1.752003555366196e-20,
            "exceed_3sigma_n": 0
          },
          "test": {
            "n": 40,
            "max_abs_z": 3.306433453962905e-10,
            "rms_z": 1.2536136522722933e-10,
            "reduced_chi2": 1.571547189163478e-20,
            "exceed_3sigma_n": 0
          }
        }
      }
    },
    {
      "name": "B_high_to_low",
      "train_T_K": [
        106.00258488068825,
        10000.0
      ],
      "test_T_K": [
        1.0,
        94.33732216299774
      ],
      "models": {
        "powerlaw_abs_fit_2p": {
          "params": {
            "log10_abs_coeff": -7.3976394568803,
            "exponent": -2.2010136134786475e-16,
            "sign": 1.0
          },
          "train": {
            "n": 40,
            "max_abs_z": 6.116901889831373e-09,
            "rms_z": 5.517695963209292e-09,
            "reduced_chi2": 3.204733551833276e-17,
            "exceed_3sigma_n": 0
          },
          "test": {
            "n": 40,
            "max_abs_z": 7.1088319260202445e-09,
            "rms_z": 6.550004197157155e-09,
            "reduced_chi2": 4.2902554982776344e-17,
            "exceed_3sigma_n": 0
          }
        },
        "fixed_exponent_0_abs_fit": {
          "params": {
            "abs_coeff": 4.002769142377825e-08,
            "exponent": 0.0,
            "sign": 1.0
          },
          "train": {
            "n": 40,
            "max_abs_z": 3.306433453962905e-10,
            "rms_z": 1.2536136522722933e-10,
            "reduced_chi2": 1.6118432709369004e-20,
            "exceed_3sigma_n": 0
          },
          "test": {
            "n": 40,
            "max_abs_z": 1.6532167269814523e-10,
            "rms_z": 1.3069825807875332e-10,
            "reduced_chi2": 1.708203466482041e-20,
            "exceed_3sigma_n": 0
          }
        }
      }
    }
  ],
  "outputs": {
    "csv": "C:\\develop\\waveP\\output\\public\\quantum\\thermo_blackbody_heat_capacity_per_entropy_flux_holdout_splits.csv",
    "png": "C:\\develop\\waveP\\output\\public\\quantum\\thermo_blackbody_heat_capacity_per_entropy_flux_holdout_splits.png"
  },
  "notes": [
    "Analytic holdout for cV/Φ_s (heat-capacity density per entropy flux) based on blackbody identities.",
    "This is a procedural regression check, not an observational inference."
  ]
}
