{
  "generated_utc": "2026-02-17T00:02:13.958022+00:00",
  "phase": 8,
  "step": "8.7.12",
  "inputs": {
    "blackbody_constants_extracted_values": {
      "path": "C:\\develop\\waveP\\data\\quantum\\sources\\nist_codata_2022_blackbody_constants\\extracted_values.json",
      "sha256": "ffe4c2234b9bf48c59898745bd5688a50a9f314e5e1eec63e172c24486032742"
    }
  },
  "constants": {
    "c_m_per_s": 299792458.0,
    "h_J_s": 6.62607015e-34,
    "kB_J_per_K": 1.380649e-23,
    "stefan_boltzmann_sigma": 5.6703744191844314e-08,
    "radiation_constant_a": 7.565733250280007e-16,
    "heat_capacity_flux_coeff": 2.2681497676737726e-07
  },
  "assumptions": {
    "sigma_proxy": "1 ppm relative tolerance (operational, analytic baseline)",
    "holdout_reduced_chi2_definition": {
      "train": "sum(z^2)/max(1,n-params)",
      "test": "sum(z^2)/max(1,n)  (no parameters are fit on the test split)"
    }
  },
  "data_range_T_K": [
    1.0,
    10000.0
  ],
  "splits": [
    {
      "name": "A_low_to_high",
      "train_T_K": [
        1.0,
        94.33732216299774
      ],
      "test_T_K": [
        106.00258488068825,
        10000.0
      ],
      "models": {
        "powerlaw_fit_2p": {
          "params": {
            "log10_coeff": -6.644328272033621,
            "exponent": 2.999999999999999
          },
          "train": {
            "n": 40,
            "max_abs_z": 5.035430512148572e-09,
            "rms_z": 3.341956868441796e-09,
            "reduced_chi2": 1.1756500747921364e-17,
            "exceed_3sigma_n": 0
          },
          "test": {
            "n": 40,
            "max_abs_z": 2.6946211767057956e-09,
            "rms_z": 1.371835786511574e-09,
            "reduced_chi2": 1.8819334251538285e-18,
            "exceed_3sigma_n": 0
          }
        },
        "fixed_exponent_3_fit": {
          "params": {
            "coeff": 2.2681497676737726e-07,
            "exponent": 3.0
          },
          "train": {
            "n": 40,
            "max_abs_z": 0.0,
            "rms_z": 0.0,
            "reduced_chi2": 0.0,
            "exceed_3sigma_n": 0
          },
          "test": {
            "n": 40,
            "max_abs_z": 0.0,
            "rms_z": 0.0,
            "reduced_chi2": 0.0,
            "exceed_3sigma_n": 0
          }
        }
      }
    },
    {
      "name": "B_high_to_low",
      "train_T_K": [
        106.00258488068825,
        10000.0
      ],
      "test_T_K": [
        1.0,
        94.33732216299774
      ],
      "models": {
        "powerlaw_fit_2p": {
          "params": {
            "log10_coeff": -6.644328272033619,
            "exponent": 3.0
          },
          "train": {
            "n": 40,
            "max_abs_z": 9.670271054113772e-09,
            "rms_z": 9.57675446826779e-09,
            "reduced_chi2": 9.654129067946007e-17,
            "exceed_3sigma_n": 0
          },
          "test": {
            "n": 40,
            "max_abs_z": 9.697371091444772e-09,
            "rms_z": 9.160752052378496e-09,
            "reduced_chi2": 8.391937816515685e-17,
            "exceed_3sigma_n": 0
          }
        },
        "fixed_exponent_3_fit": {
          "params": {
            "coeff": 2.2681497676737726e-07,
            "exponent": 3.0
          },
          "train": {
            "n": 40,
            "max_abs_z": 0.0,
            "rms_z": 0.0,
            "reduced_chi2": 0.0,
            "exceed_3sigma_n": 0
          },
          "test": {
            "n": 40,
            "max_abs_z": 0.0,
            "rms_z": 0.0,
            "reduced_chi2": 0.0,
            "exceed_3sigma_n": 0
          }
        }
      }
    }
  ],
  "outputs": {
    "csv": "C:\\develop\\waveP\\output\\public\\quantum\\thermo_blackbody_heat_capacity_flux_holdout_splits.csv",
    "png": "C:\\develop\\waveP\\output\\public\\quantum\\thermo_blackbody_heat_capacity_flux_holdout_splits.png"
  },
  "notes": [
    "Analytic holdout for blackbody heat-capacity flux Phi_cV(T)=(c/4)c_v(T).",
    "This is a procedural regression check, not an observational inference."
  ]
}
