{
  "generated_utc": "2026-02-16T23:18:34.626298+00:00",
  "phase": 8,
  "step": "8.7.12",
  "inputs": {
    "blackbody_constants_extracted_values": {
      "path": "C:\\develop\\waveP\\data\\quantum\\sources\\nist_codata_2022_blackbody_constants\\extracted_values.json",
      "sha256": "ffe4c2234b9bf48c59898745bd5688a50a9f314e5e1eec63e172c24486032742"
    }
  },
  "constants": {
    "c_m_per_s": 299792458.0,
    "h_J_s": 6.62607015e-34,
    "hbar_J_s": 1.0545718176461565e-34,
    "kB_J_per_K": 1.380649e-23,
    "zeta3": 1.2020569031595942,
    "stefan_boltzmann_sigma": 5.6703744191844314e-08,
    "radiation_constant_a": 7.565733250280007e-16,
    "photon_density_coeff": 20286846.033907045
  },
  "assumptions": {
    "sign_convention": "Φ_cV/n is positive for photon gas; model fit is applied to abs(Φ_cV/n) and sign=+1 is fixed.",
    "sigma_proxy": "1 ppm relative tolerance (operational, analytic baseline)",
    "holdout_reduced_chi2_definition": {
      "train": "sum(z^2)/max(1,n-params)",
      "test": "sum(z^2)/max(1,n)  (no parameters are fit on the test split)"
    }
  },
  "data_range_T_K": [
    1.0,
    10000.0
  ],
  "splits": [
    {
      "name": "A_low_to_high",
      "train_T_K": [
        1.0,
        94.33732216299774
      ],
      "test_T_K": [
        106.00258488068825,
        10000.0
      ],
      "models": {
        "powerlaw_abs_fit_2p": {
          "params": {
            "log10_abs_coeff": -13.951542805191098,
            "exponent": 1.615572589883768e-15,
            "sign": 1.0
          },
          "train": {
            "n": 40,
            "max_abs_z": 2.596516325000258e-08,
            "rms_z": 2.2287373694220368e-08,
            "reduced_chi2": 5.228705538798169e-16,
            "exceed_3sigma_n": 0
          },
          "test": {
            "n": 40,
            "max_abs_z": 3.344425918614463e-08,
            "rms_z": 2.984028787484296e-08,
            "reduced_chi2": 8.904427804534998e-16,
            "exceed_3sigma_n": 0
          }
        },
        "fixed_exponent_0_abs_fit": {
          "params": {
            "abs_coeff": 1.1180396222669757e-14,
            "exponent": 0.0,
            "sign": 1.0
          },
          "train": {
            "n": 40,
            "max_abs_z": 1.411150176630575e-10,
            "rms_z": 8.641494707958158e-11,
            "reduced_chi2": 7.65901854232501e-21,
            "exceed_3sigma_n": 0
          },
          "test": {
            "n": 40,
            "max_abs_z": 2.82230035326115e-10,
            "rms_z": 1.137705644555272e-10,
            "reduced_chi2": 1.2943741336529269e-20,
            "exceed_3sigma_n": 0
          }
        }
      }
    },
    {
      "name": "B_high_to_low",
      "train_T_K": [
        106.00258488068825,
        10000.0
      ],
      "test_T_K": [
        1.0,
        94.33732216299774
      ],
      "models": {
        "powerlaw_abs_fit_2p": {
          "params": {
            "log10_abs_coeff": -13.951542805191096,
            "exponent": -1.1077407739953868e-15,
            "sign": 1.0
          },
          "train": {
            "n": 40,
            "max_abs_z": 1.749826219021913e-08,
            "rms_z": 1.5032392754499813e-08,
            "reduced_chi2": 2.3786613886898785e-16,
            "exceed_3sigma_n": 0
          },
          "test": {
            "n": 40,
            "max_abs_z": 2.2578402826089195e-08,
            "rms_z": 2.014421202026587e-08,
            "reduced_chi2": 4.057892779174239e-16,
            "exceed_3sigma_n": 0
          }
        },
        "fixed_exponent_0_abs_fit": {
          "params": {
            "abs_coeff": 1.1180396222669757e-14,
            "exponent": 0.0,
            "sign": 1.0
          },
          "train": {
            "n": 40,
            "max_abs_z": 2.82230035326115e-10,
            "rms_z": 1.137705644555272e-10,
            "reduced_chi2": 1.3275632140030019e-20,
            "exceed_3sigma_n": 0
          },
          "test": {
            "n": 40,
            "max_abs_z": 1.411150176630575e-10,
            "rms_z": 8.641494707958158e-11,
            "reduced_chi2": 7.467543078766884e-21,
            "exceed_3sigma_n": 0
          }
        }
      }
    }
  ],
  "outputs": {
    "csv": "C:\\develop\\waveP\\output\\public\\quantum\\thermo_blackbody_heat_capacity_flux_per_photon_density_holdout_splits.csv",
    "png": "C:\\develop\\waveP\\output\\public\\quantum\\thermo_blackbody_heat_capacity_flux_per_photon_density_holdout_splits.png"
  },
  "notes": [
    "Analytic holdout for Φ_cV/n (heat-capacity flux per photon density) based on blackbody identities.",
    "This is a procedural regression check, not an observational inference."
  ]
}
