{
  "generated_utc": "2026-02-15T13:51:31.149203+00:00",
  "phase": 8,
  "step": "8.7.12",
  "inputs": {
    "blackbody_constants_extracted_values": {
      "path": "C:\\develop\\waveP\\data\\quantum\\sources\\nist_codata_2022_blackbody_constants\\extracted_values.json",
      "sha256": "ffe4c2234b9bf48c59898745bd5688a50a9f314e5e1eec63e172c24486032742"
    }
  },
  "constants": {
    "c_m_per_s": 299792458.0,
    "h_J_s": 6.62607015e-34,
    "kB_J_per_K": 1.380649e-23,
    "stefan_boltzmann_sigma": 5.6703744191844314e-08,
    "radiation_constant_a": 7.565733250280007e-16,
    "zeta3": 1.2020569031595942
  },
  "assumptions": {
    "sign_convention": "h/n is positive for photon gas; model fit is applied to abs(h/n) and sign=+1 is fixed.",
    "sigma_proxy": "1 ppm relative tolerance (operational, analytic baseline)",
    "holdout_reduced_chi2_definition": {
      "train": "sum(z^2)/max(1,n-params)",
      "test": "sum(z^2)/max(1,n)  (no parameters are fit on the test split)"
    }
  },
  "data_range_T_K": [
    1.0,
    10000.0
  ],
  "splits": [
    {
      "name": "A_low_to_high",
      "train_T_K": [
        1.0,
        94.33732216299774
      ],
      "test_T_K": [
        106.00258488068825,
        10000.0
      ],
      "models": {
        "powerlaw_abs_fit_2p": {
          "params": {
            "log10_abs_coeff": -22.303424771510727,
            "exponent": 1.0000000000000053,
            "sign": 1.0
          },
          "train": {
            "n": 40,
            "max_abs_z": 3.8971580686719255e-08,
            "rms_z": 2.777513757843175e-08,
            "reduced_chi2": 8.120613342113805e-16,
            "exceed_3sigma_n": 0
          },
          "test": {
            "n": 40,
            "max_abs_z": 6.390711338174773e-08,
            "rms_z": 5.219650498657582e-08,
            "reduced_chi2": 2.724475132813634e-15,
            "exceed_3sigma_n": 0
          }
        },
        "fixed_exponent_1_abs_fit": {
          "params": {
            "abs_coeff": 4.9725049999622316e-23,
            "exponent": 1.0,
            "sign": 1.0
          },
          "train": {
            "n": 40,
            "max_abs_z": 2.928253847329793e-10,
            "rms_z": 1.43390729936913e-10,
            "reduced_chi2": 2.1088104032657146e-20,
            "exceed_3sigma_n": 0
          },
          "test": {
            "n": 40,
            "max_abs_z": 3.146801330503738e-10,
            "rms_z": 1.2424223854885374e-10,
            "reduced_chi2": 1.5436133839630278e-20,
            "exceed_3sigma_n": 0
          }
        }
      }
    },
    {
      "name": "B_high_to_low",
      "train_T_K": [
        106.00258488068825,
        10000.0
      ],
      "test_T_K": [
        1.0,
        94.33732216299774
      ],
      "models": {
        "powerlaw_abs_fit_2p": {
          "params": {
            "log10_abs_coeff": -22.303424771510723,
            "exponent": 0.9999999999999992,
            "sign": 1.0
          },
          "train": {
            "n": 40,
            "max_abs_z": 1.9268264734520756e-08,
            "rms_z": 1.749362309839999e-08,
            "reduced_chi2": 3.221335253777617e-16,
            "exceed_3sigma_n": 0
          },
          "test": {
            "n": 40,
            "max_abs_z": 2.281248683615448e-08,
            "rms_z": 2.111398173426671e-08,
            "reduced_chi2": 4.458002246749483e-16,
            "exceed_3sigma_n": 0
          }
        },
        "fixed_exponent_1_abs_fit": {
          "params": {
            "abs_coeff": 4.9725049999622316e-23,
            "exponent": 1.0,
            "sign": 1.0
          },
          "train": {
            "n": 40,
            "max_abs_z": 3.146801330503738e-10,
            "rms_z": 1.2424223854885374e-10,
            "reduced_chi2": 1.5831932143210542e-20,
            "exceed_3sigma_n": 0
          },
          "test": {
            "n": 40,
            "max_abs_z": 2.928253847329793e-10,
            "rms_z": 1.43390729936913e-10,
            "reduced_chi2": 2.0560901431840718e-20,
            "exceed_3sigma_n": 0
          }
        }
      }
    }
  ],
  "outputs": {
    "csv": "C:\\develop\\waveP\\output\\public\\quantum\\thermo_blackbody_enthalpy_per_photon_holdout_splits.csv",
    "png": "C:\\develop\\waveP\\output\\public\\quantum\\thermo_blackbody_enthalpy_per_photon_holdout_splits.png"
  },
  "notes": [
    "Analytic holdout for h/n (enthalpy density per photon number density) based on blackbody identities.",
    "This is a procedural regression check, not an observational inference."
  ]
}
