{
  "generated_utc": "2026-02-16T01:45:01.996389+00:00",
  "phase": 8,
  "step": "8.7.12",
  "inputs": {
    "blackbody_constants_extracted_values": {
      "path": "C:\\develop\\waveP\\data\\quantum\\sources\\nist_codata_2022_blackbody_constants\\extracted_values.json",
      "sha256": "ffe4c2234b9bf48c59898745bd5688a50a9f314e5e1eec63e172c24486032742"
    }
  },
  "constants": {
    "c_m_per_s": 299792458.0,
    "h_J_s": 6.62607015e-34,
    "kB_J_per_K": 1.380649e-23,
    "stefan_boltzmann_sigma": 5.6703744191844314e-08,
    "radiation_constant_a": 7.565733250280007e-16,
    "hbar_J_s": 1.0545718176461565e-34,
    "zeta3": 1.2020569031595942,
    "photon_density_coeff": 20286846.033907045
  },
  "assumptions": {
    "sign_convention": "n/Φ_s is positive for photon gas; model fit is applied to abs(n/Φ_s) and sign=+1 is fixed.",
    "sigma_proxy": "1 ppm relative tolerance (operational, analytic baseline)",
    "holdout_reduced_chi2_definition": {
      "train": "sum(z^2)/max(1,n-params)",
      "test": "sum(z^2)/max(1,n)  (no parameters are fit on the test split)"
    }
  },
  "data_range_T_K": [
    1.0,
    10000.0
  ],
  "splits": [
    {
      "name": "A_low_to_high",
      "train_T_K": [
        1.0,
        94.33732216299774
      ],
      "test_T_K": [
        106.00258488068825,
        10000.0
      ],
      "models": {
        "powerlaw_abs_fit_2p": {
          "params": {
            "log10_abs_coeff": 14.428664059910762,
            "exponent": -2.8226448840848767e-15,
            "sign": 1.0
          },
          "train": {
            "n": 40,
            "max_abs_z": 2.7019290871451913e-08,
            "rms_z": 2.090921234832883e-08,
            "reduced_chi2": 4.602054326605335e-16,
            "exceed_3sigma_n": 0
          },
          "test": {
            "n": 40,
            "max_abs_z": 4.006308646456663e-08,
            "rms_z": 3.393366178435742e-08,
            "reduced_chi2": 1.151493402095159e-15,
            "exceed_3sigma_n": 0
          }
        },
        "fixed_exponent_zero_abs_fit": {
          "params": {
            "abs_coeff": 268326805262688.0,
            "exponent": 0.0,
            "sign": 1.0
          },
          "train": {
            "n": 40,
            "max_abs_z": 2.3292492130561997e-10,
            "rms_z": 1.0894065654586399e-10,
            "reduced_chi2": 1.2172376049891178e-20,
            "exceed_3sigma_n": 0
          },
          "test": {
            "n": 40,
            "max_abs_z": 2.3292492130561997e-10,
            "rms_z": 1.0737308335943052e-10,
            "reduced_chi2": 1.1528979030111214e-20,
            "exceed_3sigma_n": 0
          }
        }
      }
    },
    {
      "name": "B_high_to_low",
      "train_T_K": [
        106.00258488068825,
        10000.0
      ],
      "test_T_K": [
        1.0,
        94.33732216299774
      ],
      "models": {
        "powerlaw_abs_fit_2p": {
          "params": {
            "log10_abs_coeff": 14.428664059910762,
            "exponent": 5.664885514580924e-16,
            "sign": 1.0
          },
          "train": {
            "n": 40,
            "max_abs_z": 1.1646246065280994e-08,
            "rms_z": 1.0248729623320195e-08,
            "reduced_chi2": 1.1056469357044304e-16,
            "exceed_3sigma_n": 0
          },
          "test": {
            "n": 40,
            "max_abs_z": 1.4208420199642816e-08,
            "rms_z": 1.2868891108625136e-08,
            "reduced_chi2": 1.6560835836565106e-16,
            "exceed_3sigma_n": 0
          }
        },
        "fixed_exponent_zero_abs_fit": {
          "params": {
            "abs_coeff": 268326805262688.0,
            "exponent": 0.0,
            "sign": 1.0
          },
          "train": {
            "n": 40,
            "max_abs_z": 2.3292492130561997e-10,
            "rms_z": 1.0737308335943052e-10,
            "reduced_chi2": 1.1824593877037143e-20,
            "exceed_3sigma_n": 0
          },
          "test": {
            "n": 40,
            "max_abs_z": 2.3292492130561997e-10,
            "rms_z": 1.0894065654586399e-10,
            "reduced_chi2": 1.1868066648643898e-20,
            "exceed_3sigma_n": 0
          }
        }
      }
    }
  ],
  "outputs": {
    "csv": "C:\\develop\\waveP\\output\\public\\quantum\\thermo_blackbody_photon_density_per_entropy_flux_holdout_splits.csv",
    "png": "C:\\develop\\waveP\\output\\public\\quantum\\thermo_blackbody_photon_density_per_entropy_flux_holdout_splits.png"
  },
  "notes": [
    "Analytic holdout for n/Φ_s (photon density per entropy flux) based on blackbody identities.",
    "This is a procedural regression check, not an observational inference."
  ]
}
