split,model_id,train_min_T_K,train_max_T_K,test_min_T_K,test_max_T_K,supported,reason,train_n,train_max_abs_z,train_reduced_chi2,test_n,test_max_abs_z,test_reduced_chi2,train_exceed_3sigma_n,test_exceed_3sigma_n,param_log10_abs_coeff,param_abs_coeff,param_exponent,param_sign
A_low_to_high,powerlaw_abs_fit_2p,1.0,94.33732216299774,106.00258488068825,10000.0,True,,40,3.904293200173228e-08,8.097877205573828e-16,40,6.390265625551464e-08,2.7232309276662715e-15,0,0,22.303424771510727,,-1.0000000000000053,1.0
A_low_to_high,fixed_exponent_minus1_abs_fit,1.0,94.33732216299774,106.00258488068825,10000.0,True,,40,4.4953144025282755e-10,2.0952734600581585e-20,40,4.0072080363994747e-10,4.342586269136973e-20,0,0,,2.011058812424714e+22,-1.0,1.0
B_high_to_low,powerlaw_abs_fit_2p,106.00258488068825,10000.0,1.0,94.33732216299774,True,,40,1.940772056504871e-08,3.225784173421415e-16,40,2.2941817372497746e-08,4.443850877865343e-16,0,0,22.303424771510723,,-0.9999999999999992,1.0
B_high_to_low,fixed_exponent_minus1_abs_fit,106.00258488068825,10000.0,1.0,94.33732216299774,True,,40,4.0072080363994747e-10,4.453934635012279e-20,40,4.4953144025282755e-10,2.0428916235567045e-20,0,0,,2.011058812424714e+22,-1.0,1.0
