split,model_id,train_min_T_K,train_max_T_K,test_min_T_K,test_max_T_K,supported,reason,train_n,train_max_abs_z,train_reduced_chi2,test_n,test_max_abs_z,test_reduced_chi2,train_exceed_3sigma_n,test_exceed_3sigma_n,param_log10_coeff,param_exponent,param_coeff
A_low_to_high,powerlaw_fit_2p,1.0,94.33732216299774,106.00258488068825,10000.0,True,,40,3.408961781675217e-08,6.986221138337712e-16,40,5.297027295180602e-08,1.9496341497602787e-15,0,0,15.18197524475744,2.999999999999996,
A_low_to_high,fixed_exponent_3_fit,1.0,94.33732216299774,106.00258488068825,10000.0,True,,40,0.0,0.0,40,0.0,0.0,0,0,,3.0,1520460859393136.8
B_high_to_low,powerlaw_fit_2p,106.00258488068825,10000.0,1.0,94.33732216299774,True,,40,2.4225312544511967e-08,3.9730792679384694e-16,40,1.3759062612785515e-08,8.695229261158928e-17,0,0,15.181975244757446,2.999999999999998,
B_high_to_low,fixed_exponent_3_fit,106.00258488068825,10000.0,1.0,94.33732216299774,True,,40,0.0,0.0,40,0.0,0.0,0,0,,3.0,1520460859393136.8
