{
  "generated_utc": "2026-02-16T02:01:49.110342+00:00",
  "phase": 8,
  "step": "8.7.12",
  "inputs": {
    "blackbody_constants_extracted_values": {
      "path": "C:\\develop\\waveP\\data\\quantum\\sources\\nist_codata_2022_blackbody_constants\\extracted_values.json",
      "sha256": "ffe4c2234b9bf48c59898745bd5688a50a9f314e5e1eec63e172c24486032742"
    }
  },
  "constants": {
    "c_m_per_s": 299792458.0,
    "h_J_s": 6.62607015e-34,
    "kB_J_per_K": 1.380649e-23,
    "stefan_boltzmann_sigma": 5.6703744191844314e-08,
    "radiation_constant_a": 7.565733250280007e-16,
    "hbar_J_s": 1.0545718176461565e-34,
    "zeta3": 1.2020569031595942,
    "photon_density_coeff": 20286846.033907045
  },
  "assumptions": {
    "sign_convention": "n/P_rad is positive for photon gas; model fit is applied to abs(n/P_rad) and sign=+1 is fixed.",
    "sigma_proxy": "1 ppm relative tolerance (operational, analytic baseline)",
    "holdout_reduced_chi2_definition": {
      "train": "sum(z^2)/max(1,n-params)",
      "test": "sum(z^2)/max(1,n)  (no parameters are fit on the test split)"
    }
  },
  "data_range_T_K": [
    1.0,
    10000.0
  ],
  "splits": [
    {
      "name": "A_low_to_high",
      "train_T_K": [
        1.0,
        94.33732216299774
      ],
      "test_T_K": [
        106.00258488068825,
        10000.0
      ],
      "models": {
        "powerlaw_abs_fit_2p": {
          "params": {
            "log10_abs_coeff": 22.90548476283869,
            "exponent": -1.0000000000000042,
            "sign": 1.0
          },
          "train": {
            "n": 40,
            "max_abs_z": 3.3509288095974946e-08,
            "rms_z": 2.4537442478932518e-08,
            "reduced_chi2": 6.337748246388653e-16,
            "exceed_3sigma_n": 0
          },
          "test": {
            "n": 40,
            "max_abs_z": 5.320978150359585e-08,
            "rms_z": 4.395182342294448e-08,
            "reduced_chi2": 1.9317627822016906e-15,
            "exceed_3sigma_n": 0
          }
        },
        "fixed_exponent_minus1_abs_fit": {
          "params": {
            "abs_coeff": 8.044235249698856e+22,
            "exponent": -1.0,
            "sign": 1.0
          },
          "train": {
            "n": 40,
            "max_abs_z": 4.4953144025282755e-10,
            "rms_z": 1.4292975979678637e-10,
            "reduced_chi2": 2.0952734600581585e-20,
            "exceed_3sigma_n": 0
          },
          "test": {
            "n": 40,
            "max_abs_z": 4.0072080363994747e-10,
            "rms_z": 2.0838872976091996e-10,
            "reduced_chi2": 4.342586269136973e-20,
            "exceed_3sigma_n": 0
          }
        }
      }
    },
    {
      "name": "B_high_to_low",
      "train_T_K": [
        106.00258488068825,
        10000.0
      ],
      "test_T_K": [
        1.0,
        94.33732216299774
      ],
      "models": {
        "powerlaw_abs_fit_2p": {
          "params": {
            "log10_abs_coeff": 22.905484762838686,
            "exponent": -0.9999999999999987,
            "sign": 1.0
          },
          "train": {
            "n": 40,
            "max_abs_z": 1.658108143190073e-08,
            "rms_z": 1.3542365247540431e-08,
            "reduced_chi2": 1.9304805947135875e-16,
            "exceed_3sigma_n": 0
          },
          "test": {
            "n": 40,
            "max_abs_z": 2.273325539638413e-08,
            "rms_z": 1.968445558118833e-08,
            "reduced_chi2": 3.874777915277764e-16,
            "exceed_3sigma_n": 0
          }
        },
        "fixed_exponent_minus1_abs_fit": {
          "params": {
            "abs_coeff": 8.044235249698856e+22,
            "exponent": -1.0,
            "sign": 1.0
          },
          "train": {
            "n": 40,
            "max_abs_z": 4.0072080363994747e-10,
            "rms_z": 2.0838872976091996e-10,
            "reduced_chi2": 4.453934635012279e-20,
            "exceed_3sigma_n": 0
          },
          "test": {
            "n": 40,
            "max_abs_z": 4.4953144025282755e-10,
            "rms_z": 1.4292975979678637e-10,
            "reduced_chi2": 2.0428916235567045e-20,
            "exceed_3sigma_n": 0
          }
        }
      }
    }
  ],
  "outputs": {
    "csv": "C:\\develop\\waveP\\output\\public\\quantum\\thermo_blackbody_photon_density_per_pressure_holdout_splits.csv",
    "png": "C:\\develop\\waveP\\output\\public\\quantum\\thermo_blackbody_photon_density_per_pressure_holdout_splits.png"
  },
  "notes": [
    "Analytic holdout for n/P_rad (photon density per radiation pressure) based on blackbody identities.",
    "This is a procedural regression check, not an observational inference."
  ]
}
