{
  "generated_utc": "2026-02-16T22:46:48.194256+00:00",
  "phase": 8,
  "step": "8.7.12",
  "inputs": {
    "blackbody_constants_extracted_values": {
      "path": "C:\\develop\\waveP\\data\\quantum\\sources\\nist_codata_2022_blackbody_constants\\extracted_values.json",
      "sha256": "ffe4c2234b9bf48c59898745bd5688a50a9f314e5e1eec63e172c24486032742"
    }
  },
  "constants": {
    "c_m_per_s": 299792458.0,
    "h_J_s": 6.62607015e-34,
    "kB_J_per_K": 1.380649e-23,
    "stefan_boltzmann_sigma": 5.6703744191844314e-08,
    "radiation_constant_a": 7.565733250280007e-16
  },
  "assumptions": {
    "sign_convention": "Φ_cV/Φ_h is positive for photon gas; model fit is applied to abs(Φ_cV/Φ_h) and sign=+1 is fixed.",
    "sigma_proxy": "1 ppm relative tolerance (operational, analytic baseline)",
    "holdout_reduced_chi2_definition": {
      "train": "sum(z^2)/max(1,n-params)",
      "test": "sum(z^2)/max(1,n)  (no parameters are fit on the test split)"
    }
  },
  "data_range_T_K": [
    1.0,
    10000.0
  ],
  "splits": [
    {
      "name": "A_low_to_high",
      "train_T_K": [
        1.0,
        94.33732216299774
      ],
      "test_T_K": [
        106.00258488068825,
        10000.0
      ],
      "models": {
        "powerlaw_abs_fit_2p": {
          "params": {
            "log10_abs_coeff": 0.47712125471966244,
            "exponent": -0.9999999999999997,
            "sign": 1.0
          },
          "train": {
            "n": 40,
            "max_abs_z": 1.7455911191140197e-09,
            "rms_z": 8.785465344036801e-10,
            "reduced_chi2": 8.124673822239122e-19,
            "exceed_3sigma_n": 0
          },
          "test": {
            "n": 40,
            "max_abs_z": 3.184199701352532e-09,
            "rms_z": 2.341227694472193e-09,
            "reduced_chi2": 5.48134711736358e-18,
            "exceed_3sigma_n": 0
          }
        },
        "fixed_exponent_minus1_abs_fit": {
          "params": {
            "abs_coeff": 3.0,
            "exponent": -1.0,
            "sign": 1.0
          },
          "train": {
            "n": 40,
            "max_abs_z": 2.4207531338257076e-10,
            "rms_z": 1.3704604346690009e-10,
            "reduced_chi2": 1.926319797941689e-20,
            "exceed_3sigma_n": 0
          },
          "test": {
            "n": 40,
            "max_abs_z": 2.862353023220117e-10,
            "rms_z": 1.6072713861312107e-10,
            "reduced_chi2": 2.5833213086761436e-20,
            "exceed_3sigma_n": 0
          }
        }
      }
    },
    {
      "name": "B_high_to_low",
      "train_T_K": [
        106.00258488068825,
        10000.0
      ],
      "test_T_K": [
        1.0,
        94.33732216299774
      ],
      "models": {
        "powerlaw_abs_fit_2p": {
          "params": {
            "log10_abs_coeff": 0.4771212547196611,
            "exponent": -0.9999999999999999,
            "sign": 1.0
          },
          "train": {
            "n": 40,
            "max_abs_z": 2.8375972931054886e-09,
            "rms_z": 2.355325125958595e-09,
            "reduced_chi2": 5.839533104180917e-18,
            "exceed_3sigma_n": 0
          },
          "test": {
            "n": 40,
            "max_abs_z": 3.1906113444809257e-09,
            "rms_z": 2.8778579110860003e-09,
            "reduced_chi2": 8.282066156400276e-18,
            "exceed_3sigma_n": 0
          }
        },
        "fixed_exponent_minus1_abs_fit": {
          "params": {
            "abs_coeff": 3.0,
            "exponent": -1.0,
            "sign": 1.0
          },
          "train": {
            "n": 40,
            "max_abs_z": 2.862353023220117e-10,
            "rms_z": 1.6072713861312107e-10,
            "reduced_chi2": 2.6495603165909166e-20,
            "exceed_3sigma_n": 0
          },
          "test": {
            "n": 40,
            "max_abs_z": 2.4207531338257076e-10,
            "rms_z": 1.3704604346690009e-10,
            "reduced_chi2": 1.8781618029931467e-20,
            "exceed_3sigma_n": 0
          }
        }
      }
    }
  ],
  "outputs": {
    "csv": "C:\\develop\\waveP\\output\\public\\quantum\\thermo_blackbody_heat_capacity_flux_per_enthalpy_flux_holdout_splits.csv",
    "png": "C:\\develop\\waveP\\output\\public\\quantum\\thermo_blackbody_heat_capacity_flux_per_enthalpy_flux_holdout_splits.png"
  },
  "notes": [
    "Analytic holdout for Φ_cV/Φ_h (radiation heat-capacity flux per enthalpy flux) based on blackbody identities.",
    "This is a procedural regression check, not an observational inference."
  ]
}
