split,model_id,train_min_T_K,train_max_T_K,test_min_T_K,test_max_T_K,supported,reason,train_n,train_max_abs_z,train_reduced_chi2,test_n,test_max_abs_z,test_reduced_chi2,train_exceed_3sigma_n,test_exceed_3sigma_n,param_log10_abs_coeff,param_abs_coeff,param_exponent,param_sign
A_low_to_high,powerlaw_abs_fit_2p,1.0,94.33732216299774,106.00258488068825,10000.0,True,,40,1.4986784995590804e-08,1.3359945673621688e-16,40,2.3157546316054888e-08,3.7698206153436413e-16,0,0,-7.272700720272,,-0.9999999999999982,1.0
A_low_to_high,fixed_exponent_minus1_abs_fit,1.0,94.33732216299774,106.00258488068825,10000.0,True,,40,2.24952361414901e-10,1.482009369062724e-20,40,2.6262030660171757e-10,1.1751360471090894e-20,0,0,,5.337025523170433e-08,-1.0,1.0
B_high_to_low,powerlaw_abs_fit_2p,106.00258488068825,10000.0,1.0,94.33732216299774,True,,40,1.0112486752040329e-08,9.518961401597994e-17,40,1.1115147382537123e-08,1.1192440354826872e-16,0,0,-7.272700720271998,,-1.0000000000000002,1.0
B_high_to_low,fixed_exponent_minus1_abs_fit,106.00258488068825,10000.0,1.0,94.33732216299774,True,,40,3.9393045990257636e-10,2.984471289256953e-20,40,3.609023207402345e-10,2.563736033676723e-20,0,0,,5.337025523170432e-08,-1.0,1.0
