{
  "generated_utc": "2026-02-15T22:56:44.887026+00:00",
  "phase": 8,
  "step": "8.7.12",
  "inputs": {
    "blackbody_constants_extracted_values": {
      "path": "C:\\develop\\waveP\\data\\quantum\\sources\\nist_codata_2022_blackbody_constants\\extracted_values.json",
      "sha256": "ffe4c2234b9bf48c59898745bd5688a50a9f314e5e1eec63e172c24486032742"
    }
  },
  "constants": {
    "c_m_per_s": 299792458.0,
    "h_J_s": 6.62607015e-34,
    "kB_J_per_K": 1.380649e-23,
    "stefan_boltzmann_sigma": 5.6703744191844314e-08,
    "radiation_constant_a": 7.565733250280007e-16
  },
  "assumptions": {
    "sign_convention": "P/Φ_s is positive for photon gas; model fit is applied to abs(P/Φ_s) and sign=+1 is fixed.",
    "sigma_proxy": "1 ppm relative tolerance (operational, analytic baseline)",
    "holdout_reduced_chi2_definition": {
      "train": "sum(z^2)/max(1,n-params)",
      "test": "sum(z^2)/max(1,n)  (no parameters are fit on the test split)"
    }
  },
  "data_range_T_K": [
    1.0,
    10000.0
  ],
  "splits": [
    {
      "name": "A_low_to_high",
      "train_T_K": [
        1.0,
        94.33732216299774
      ],
      "test_T_K": [
        106.00258488068825,
        10000.0
      ],
      "models": {
        "powerlaw_abs_fit_2p": {
          "params": {
            "log10_abs_coeff": -8.476820702927924,
            "exponent": 1.0000000000000004,
            "sign": 1.0
          },
          "train": {
            "n": 40,
            "max_abs_z": 1.0586159127954735e-08,
            "rms_z": 9.435279808661692e-09,
            "reduced_chi2": 9.371000533446213e-17,
            "exceed_3sigma_n": 0
          },
          "test": {
            "n": 40,
            "max_abs_z": 1.2554707366113014e-08,
            "rms_z": 1.1503341496040126e-08,
            "reduced_chi2": 1.323268655745187e-16,
            "exceed_3sigma_n": 0
          }
        },
        "fixed_exponent_plus1_abs_fit": {
          "params": {
            "abs_coeff": 3.3356409519815204e-09,
            "exponent": 1.0,
            "sign": 1.0
          },
          "train": {
            "n": 40,
            "max_abs_z": 2.2069278662503513e-10,
            "rms_z": 1.3048006480469046e-10,
            "reduced_chi2": 1.7461586986088432e-20,
            "exceed_3sigma_n": 0
          },
          "test": {
            "n": 40,
            "max_abs_z": 3.2591932462191646e-10,
            "rms_z": 1.3534724657675019e-10,
            "reduced_chi2": 1.8318877155907616e-20,
            "exceed_3sigma_n": 0
          }
        }
      }
    },
    {
      "name": "B_high_to_low",
      "train_T_K": [
        106.00258488068825,
        10000.0
      ],
      "test_T_K": [
        1.0,
        94.33732216299774
      ],
      "models": {
        "powerlaw_abs_fit_2p": {
          "params": {
            "log10_abs_coeff": -8.476820702927922,
            "exponent": 0.9999999999999994,
            "sign": 1.0
          },
          "train": {
            "n": 40,
            "max_abs_z": 1.0031349707097502e-08,
            "rms_z": 8.669022368407438e-09,
            "reduced_chi2": 7.910731455152474e-17,
            "exceed_3sigma_n": 0
          },
          "test": {
            "n": 40,
            "max_abs_z": 1.2579488837627002e-08,
            "rms_z": 1.1261413795077439e-08,
            "reduced_chi2": 1.2681944066396042e-16,
            "exceed_3sigma_n": 0
          }
        },
        "fixed_exponent_plus1_abs_fit": {
          "params": {
            "abs_coeff": 3.3356409519815204e-09,
            "exponent": 1.0,
            "sign": 1.0
          },
          "train": {
            "n": 40,
            "max_abs_z": 3.2591932462191646e-10,
            "rms_z": 1.3534724657675019e-10,
            "reduced_chi2": 1.878859195477704e-20,
            "exceed_3sigma_n": 0
          },
          "test": {
            "n": 40,
            "max_abs_z": 2.2069278662503513e-10,
            "rms_z": 1.3048006480469046e-10,
            "reduced_chi2": 1.702504731143622e-20,
            "exceed_3sigma_n": 0
          }
        }
      }
    }
  ],
  "outputs": {
    "csv": "C:\\develop\\waveP\\output\\public\\quantum\\thermo_blackbody_pressure_per_entropy_flux_holdout_splits.csv",
    "png": "C:\\develop\\waveP\\output\\public\\quantum\\thermo_blackbody_pressure_per_entropy_flux_holdout_splits.png"
  },
  "notes": [
    "Analytic holdout for P/Φ_s (radiation pressure per entropy flux) based on blackbody identities.",
    "This is a procedural regression check, not an observational inference."
  ]
}
