split,model_id,train_min_T_K,train_max_T_K,test_min_T_K,test_max_T_K,supported,reason,train_n,train_max_abs_z,train_reduced_chi2,test_n,test_max_abs_z,test_reduced_chi2,train_exceed_3sigma_n,test_exceed_3sigma_n,param_log10_abs_coeff,param_abs_coeff,param_exponent,param_sign
A_low_to_high,powerlaw_abs_fit_2p,1.0,94.33732216299774,106.00258488068825,10000.0,True,,40,2.0514079191315086e-10,1.5612781183625577e-20,40,4.1028158382630173e-10,9.967474293497307e-20,0,0,-7.749821974991665,,2.448004948800492e-15,1.0
A_low_to_high,fixed_exponent_0_abs_fit,1.0,94.33732216299774,106.00258488068825,10000.0,True,,40,3.3087224502121107e-12,4.2106324048221666e-24,40,3.3087224502121107e-12,4.652748807328494e-24,0,0,,1.7790085077234777e-08,0.0,1.0
B_high_to_low,powerlaw_abs_fit_2p,106.00258488068825,10000.0,1.0,94.33732216299774,True,,40,9.595295105615121e-11,4.6783893425515424e-21,40,3.308722450212111e-11,3.243239609814274e-22,0,0,-7.749821974991666,,7.494610136050572e-16,1.0
B_high_to_low,fixed_exponent_0_abs_fit,106.00258488068825,10000.0,1.0,94.33732216299774,True,,40,3.3087224502121107e-12,4.7720500587984555e-24,40,3.3087224502121107e-12,4.1053665947016124e-24,0,0,,1.7790085077234777e-08,0.0,1.0
