split,model_id,train_min_T_K,train_max_T_K,test_min_T_K,test_max_T_K,supported,reason,train_n,train_max_abs_z,train_reduced_chi2,test_n,test_max_abs_z,test_reduced_chi2,train_exceed_3sigma_n,test_exceed_3sigma_n,param_log10_abs_coeff,param_abs_coeff,param_exponent,param_sign
A_low_to_high,powerlaw_abs_fit_2p,1.0,94.33732216299774,106.00258488068825,10000.0,True,,40,1.6862810615210815e-08,2.2641364865397097e-16,40,2.1078513269013518e-08,3.609860121441441e-16,0,0,-8.476820702927922,,9.246650936044538e-16,1.0
A_low_to_high,fixed_exponent_0_abs_fit,1.0,94.33732216299774,106.00258488068825,10000.0,True,,40,1.2399125452360894e-10,6.307212799318305e-21,40,1.2399125452360894e-10,7.302569819210727e-21,0,0,,3.3356409519815204e-09,0.0,1.0
B_high_to_low,powerlaw_abs_fit_2p,106.00258488068825,10000.0,1.0,94.33732216299774,True,,40,5.331623944515184e-09,1.6248925853128003e-17,40,8.431405307605408e-09,4.850213135607781e-17,0,0,-8.476820702927924,,-6.66806926265839e-16,1.0
B_high_to_low,fixed_exponent_0_abs_fit,106.00258488068825,10000.0,1.0,94.33732216299774,True,,40,1.2399125452360894e-10,7.489815199190489e-21,40,1.2399125452360894e-10,6.149532479335347e-21,0,0,,3.3356409519815204e-09,0.0,1.0
