split,model_id,train_min_T_K,train_max_T_K,test_min_T_K,test_max_T_K,supported,reason,train_n,train_max_abs_z,train_reduced_chi2,test_n,test_max_abs_z,test_reduced_chi2,train_exceed_3sigma_n,test_exceed_3sigma_n,param_log10_abs_coeff,param_abs_coeff,param_exponent,param_sign
A_low_to_high,powerlaw_abs_fit_2p,1.0,94.33732216299774,106.00258488068825,10000.0,True,,40,7.27415359871839e-09,1.5400443210237248e-17,40,2.0003922396475572e-08,2.0229843684714856e-16,0,0,-7.9996994482082675,,2.7700569919377367e-15,1.0
A_low_to_high,fixed_exponent_0_abs_fit,1.0,94.33732216299774,106.00258488068825,10000.0,True,,40,1.6532167269814526e-10,7.70881564361126e-21,40,1.653216726981452e-10,4.782969706149714e-21,0,0,,1.0006922855944561e-08,0.0,1.0
B_high_to_low,powerlaw_abs_fit_2p,106.00258488068825,10000.0,1.0,94.33732216299774,True,,40,2.4798250904721782e-09,2.257705550015632e-18,40,7.4394752714165355e-09,2.7139936675466667e-17,0,0,-7.999699448208268,,1.0829725863832258e-15,1.0
B_high_to_low,fixed_exponent_0_abs_fit,106.00258488068825,10000.0,1.0,94.33732216299774,True,,40,1.653216726981452e-10,4.9056099550253475e-21,40,1.6532167269814526e-10,7.516095252520979e-21,0,0,,1.0006922855944561e-08,0.0,1.0
