split,model_id,train_min_T_K,train_max_T_K,test_min_T_K,test_max_T_K,supported,reason,train_n,train_max_abs_z,train_reduced_chi2,test_n,test_max_abs_z,test_reduced_chi2,train_exceed_3sigma_n,test_exceed_3sigma_n,param_log10_abs_coeff,param_abs_coeff,param_exponent,param_sign
A_low_to_high,powerlaw_abs_fit_2p,1.0,94.33732216299774,106.00258488068825,10000.0,True,,40,1.2923280112671783e-08,1.45606068765627e-16,40,1.4911477053082827e-08,1.9256387770777646e-16,0,0,7.8747607115999605,,-4.539379547425378e-16,1.0
A_low_to_high,fixed_exponent_0_abs_fit,1.0,94.33732216299774,106.00258488068825,10000.0,True,,40,1.9881969404110437e-10,4.05428417831778e-21,40,1.9881969404110437e-10,6.91762237925471e-21,0,0,,74948114.5,0.0,1.0
B_high_to_low,powerlaw_abs_fit_2p,106.00258488068825,10000.0,1.0,94.33732216299774,True,,40,7.157508985479756e-09,2.4648580793449676e-17,40,1.2724460418630678e-08,1.0334927834606535e-16,0,0,7.87476071159996,,1.1705108209218144e-15,1.0
B_high_to_low,fixed_exponent_0_abs_fit,106.00258488068825,10000.0,1.0,94.33732216299774,True,,40,1.9881969404110437e-10,7.094997312056113e-21,40,1.9881969404110437e-10,3.952927073859835e-21,0,0,,74948114.5,0.0,1.0
