split,model_id,train_min_T_K,train_max_T_K,test_min_T_K,test_max_T_K,supported,reason,train_n,train_max_abs_z,train_reduced_chi2,test_n,test_max_abs_z,test_reduced_chi2,train_exceed_3sigma_n,test_exceed_3sigma_n,param_log10_abs_coeff,param_abs_coeff,param_exponent,param_sign
A_low_to_high,powerlaw_abs_fit_2p,1.0,94.33732216299774,106.00258488068825,10000.0,True,,40,1.3322676295501887e-09,5.867801716878336e-19,40,2.220446049250315e-09,1.5043823981597586e-18,0,0,-0.6020599913279622,,9.977279592304333e-17,-1.0
A_low_to_high,fixed_exponent_0_abs_fit,1.0,94.33732216299774,106.00258488068825,10000.0,True,,40,8.881784197001245e-10,1.3937806859073162e-19,40,8.881784197001261e-10,1.6578404961285329e-19,0,0,,0.25,0.0,-1.0
B_high_to_low,powerlaw_abs_fit_2p,106.00258488068825,10000.0,1.0,94.33732216299774,True,,40,8.881784197001247e-10,1.7029275297739763e-19,40,8.881784197001259e-10,1.4945216368444957e-19,0,0,-0.6020599913279622,,-7.674564941791706e-17,-1.0
B_high_to_low,fixed_exponent_0_abs_fit,106.00258488068825,10000.0,1.0,94.33732216299774,True,,40,8.881784197001261e-10,1.7003492267984952e-19,40,8.881784197001245e-10,1.3589361687596331e-19,0,0,,0.25,0.0,-1.0
