split,model_id,train_min_T_K,train_max_T_K,test_min_T_K,test_max_T_K,supported,reason,train_n,train_max_abs_z,train_reduced_chi2,test_n,test_max_abs_z,test_reduced_chi2,train_exceed_3sigma_n,test_exceed_3sigma_n,param_log10_coeff,param_exponent,param_coeff
A_low_to_high,powerlaw_fit_2p,1.0,94.33732216299774,106.00258488068825,10000.0,True,,40,1.6400497182672555e-22,2.9865972225140115e-45,40,2.941857990051503e-20,9.59960007751289e-41,0,0,-22.428363508119027,1.0000000000000069,
A_low_to_high,fixed_exponent_1_fit,1.0,94.33732216299774,106.00258488068825,10000.0,True,,40,0.0,0.0,40,0.0,0.0,0,0,,1.0,3.729378749971672e-23
B_high_to_low,powerlaw_fit_2p,106.00258488068825,10000.0,1.0,94.33732216299774,True,,40,4.574083617919685e-21,2.6916353698264695e-42,40,4.8148248609680896e-23,2.86976685703423e-46,0,0,-22.428363508119027,0.9999999999999997,
B_high_to_low,fixed_exponent_1_fit,106.00258488068825,10000.0,1.0,94.33732216299774,True,,40,4.8148248609680896e-23,4.196813834624835e-46,40,7.52316384526264e-25,4.99446899878222e-50,0,0,,1.0,3.7293787499716717e-23
