{
  "generated_utc": "2026-02-15T23:12:17.757426+00:00",
  "phase": 8,
  "step": "8.7.12",
  "inputs": {
    "blackbody_constants_extracted_values": {
      "path": "C:\\develop\\waveP\\data\\quantum\\sources\\nist_codata_2022_blackbody_constants\\extracted_values.json",
      "sha256": "ffe4c2234b9bf48c59898745bd5688a50a9f314e5e1eec63e172c24486032742"
    }
  },
  "constants": {
    "c_m_per_s": 299792458.0,
    "h_J_s": 6.62607015e-34,
    "kB_J_per_K": 1.380649e-23,
    "stefan_boltzmann_sigma": 5.6703744191844314e-08,
    "radiation_constant_a": 7.565733250280007e-16
  },
  "assumptions": {
    "sign_convention": "u/Φ_cV is positive for photon gas; model fit is applied to abs(u/Φ_cV) and sign=+1 is fixed.",
    "sigma_proxy": "1 ppm relative tolerance (operational, analytic baseline)",
    "holdout_reduced_chi2_definition": {
      "train": "sum(z^2)/max(1,n-params)",
      "test": "sum(z^2)/max(1,n)  (no parameters are fit on the test split)"
    }
  },
  "data_range_T_K": [
    1.0,
    10000.0
  ],
  "splits": [
    {
      "name": "A_low_to_high",
      "train_T_K": [
        1.0,
        94.33732216299774
      ],
      "test_T_K": [
        106.00258488068825,
        10000.0
      ],
      "models": {
        "powerlaw_abs_fit_2p": {
          "params": {
            "log10_abs_coeff": -8.476820702927924,
            "exponent": 1.0000000000000004,
            "sign": 1.0
          },
          "train": {
            "n": 40,
            "max_abs_z": 1.03971205720984e-08,
            "rms_z": 9.469842428335048e-09,
            "reduced_chi2": 9.439780591315224e-17,
            "exceed_3sigma_n": 0
          },
          "test": {
            "n": 40,
            "max_abs_z": 1.2675647568266259e-08,
            "rms_z": 1.1502548850516741e-08,
            "reduced_chi2": 1.32308630058524e-16,
            "exceed_3sigma_n": 0
          }
        },
        "fixed_exponent_plus1_abs_fit": {
          "params": {
            "abs_coeff": 3.33564095198152e-09,
            "exponent": 1.0,
            "sign": 1.0
          },
          "train": {
            "n": 40,
            "max_abs_z": 3.8783792741290636e-10,
            "rms_z": 1.7036868256391263e-10,
            "reduced_chi2": 2.976973128057767e-20,
            "exceed_3sigma_n": 0
          },
          "test": {
            "n": 40,
            "max_abs_z": 4.857735879827084e-10,
            "rms_z": 2.15134991312401e-10,
            "reduced_chi2": 4.6283064486986854e-20,
            "exceed_3sigma_n": 0
          }
        }
      }
    },
    {
      "name": "B_high_to_low",
      "train_T_K": [
        106.00258488068825,
        10000.0
      ],
      "test_T_K": [
        1.0,
        94.33732216299774
      ],
      "models": {
        "powerlaw_abs_fit_2p": {
          "params": {
            "log10_abs_coeff": -8.476820702927922,
            "exponent": 0.9999999999999994,
            "sign": 1.0
          },
          "train": {
            "n": 40,
            "max_abs_z": 9.993391925229922e-09,
            "rms_z": 8.670376946960999e-09,
            "reduced_chi2": 7.913203831830814e-17,
            "exceed_3sigma_n": 0
          },
          "test": {
            "n": 40,
            "max_abs_z": 1.2523116706884502e-08,
            "rms_z": 1.1292574355191513e-08,
            "reduced_chi2": 1.27522235567529e-16,
            "exceed_3sigma_n": 0
          }
        },
        "fixed_exponent_plus1_abs_fit": {
          "params": {
            "abs_coeff": 3.3356409519815213e-09,
            "exponent": 1.0,
            "sign": 1.0
          },
          "train": {
            "n": 40,
            "max_abs_z": 6.133377855612706e-10,
            "rms_z": 2.663294882962722e-10,
            "reduced_chi2": 7.275015008836328e-20,
            "exceed_3sigma_n": 0
          },
          "test": {
            "n": 40,
            "max_abs_z": 5.743896305383866e-10,
            "rms_z": 3.0081375738492455e-10,
            "reduced_chi2": 9.048891663203624e-20,
            "exceed_3sigma_n": 0
          }
        }
      }
    }
  ],
  "outputs": {
    "csv": "C:\\develop\\waveP\\output\\public\\quantum\\thermo_blackbody_energy_per_heat_capacity_flux_holdout_splits.csv",
    "png": "C:\\develop\\waveP\\output\\public\\quantum\\thermo_blackbody_energy_per_heat_capacity_flux_holdout_splits.png"
  },
  "notes": [
    "Analytic holdout for u/Φ_cV (radiation energy density per heat-capacity flux) based on blackbody identities.",
    "This is a procedural regression check, not an observational inference."
  ]
}
