{
  "generated_utc": "2026-02-14T02:07:03.042704+00:00",
  "phase": 7,
  "step": "7.20.6",
  "inputs": {
    "blackbody_constants_extracted_values": {
      "path": "C:\\develop\\waveP\\data\\quantum\\sources\\nist_codata_2022_blackbody_constants\\extracted_values.json",
      "sha256": "ffe4c2234b9bf48c59898745bd5688a50a9f314e5e1eec63e172c24486032742"
    }
  },
  "constants": {
    "c_m_per_s": 299792458.0,
    "h_J_s": 6.62607015e-34,
    "kB_J_per_K": 1.380649e-23,
    "radiation_constant_a": 7.565733250280007e-16,
    "stefan_boltzmann_sigma": 5.6703744191844314e-08
  },
  "assumptions": {
    "sigma_proxy": "1 ppm relative tolerance (operational, analytic baseline)",
    "holdout_reduced_chi2_definition": {
      "train": "sum(z^2)/max(1,n-params)",
      "test": "sum(z^2)/max(1,n)  (no parameters are fit on the test split)"
    }
  },
  "data_range_T_K": [
    1.0,
    10000.0
  ],
  "splits": [
    {
      "name": "A_low_to_high",
      "train_T_K": [
        1.0,
        94.33732216299774
      ],
      "test_T_K": [
        106.00258488068825,
        10000.0
      ],
      "models": {
        "powerlaw_fit_2p": {
          "params": {
            "log10_coeff": -7.8747607115999605,
            "exponent": 4.539379547425378e-16
          },
          "train": {
            "n": 40,
            "max_abs_z": 1.7205356741102976e-10,
            "rms_z": 1.584511910543975e-10,
            "reduced_chi2": 2.642818941742861e-20,
            "exceed_3sigma_n": 0
          },
          "test": {
            "n": 40,
            "max_abs_z": 2.001777082378327e-10,
            "rms_z": 1.861705912677719e-10,
            "reduced_chi2": 3.4659489052991786e-20,
            "exceed_3sigma_n": 0
          }
        },
        "fixed_exponent_0_fit": {
          "params": {
            "coeff": 1.334256380792608e-08,
            "exponent": 0.0
          },
          "train": {
            "n": 40,
            "max_abs_z": 3.3087224502121107e-12,
            "rms_z": 1.5911136770826049e-12,
            "reduced_chi2": 2.596556649640336e-24,
            "exceed_3sigma_n": 0
          },
          "test": {
            "n": 40,
            "max_abs_z": 3.3087224502121107e-12,
            "rms_z": 1.7741047665243926e-12,
            "reduced_chi2": 3.1474477226045695e-24,
            "exceed_3sigma_n": 0
          }
        }
      }
    },
    {
      "name": "B_high_to_low",
      "train_T_K": [
        106.00258488068825,
        10000.0
      ],
      "test_T_K": [
        1.0,
        94.33732216299774
      ],
      "models": {
        "powerlaw_fit_2p": {
          "params": {
            "log10_coeff": -7.87476071159996,
            "exponent": -1.1705108209218144e-15
          },
          "train": {
            "n": 40,
            "max_abs_z": 9.760731228125727e-11,
            "rms_z": 6.56804325329276e-11,
            "reduced_chi2": 4.5409675975920575e-21,
            "exceed_3sigma_n": 0
          },
          "test": {
            "n": 40,
            "max_abs_z": 1.703992061859237e-10,
            "rms_z": 1.370611068126006e-10,
            "reduced_chi2": 1.878574700069511e-20,
            "exceed_3sigma_n": 0
          }
        },
        "fixed_exponent_0_fit": {
          "params": {
            "coeff": 1.334256380792608e-08,
            "exponent": 0.0
          },
          "train": {
            "n": 40,
            "max_abs_z": 3.3087224502121107e-12,
            "rms_z": 1.7741047665243926e-12,
            "reduced_chi2": 3.2281515103636607e-24,
            "exceed_3sigma_n": 0
          },
          "test": {
            "n": 40,
            "max_abs_z": 3.3087224502121107e-12,
            "rms_z": 1.5911136770826049e-12,
            "reduced_chi2": 2.5316427333993277e-24,
            "exceed_3sigma_n": 0
          }
        }
      }
    }
  ],
  "outputs": {
    "csv": "C:\\develop\\waveP\\output\\public\\quantum\\thermo_blackbody_energy_flux_ratio_holdout_splits.csv",
    "png": "C:\\develop\\waveP\\output\\public\\quantum\\thermo_blackbody_energy_flux_ratio_holdout_splits.png"
  },
  "notes": [
    "Analytic holdout for u/M = 4/c based on blackbody energy density and flux.",
    "This is a procedural regression check, not an observational inference."
  ]
}
