split,model_id,train_min_T_K,train_max_T_K,test_min_T_K,test_max_T_K,supported,reason,train_n,train_max_abs_z,train_reduced_chi2,test_n,test_max_abs_z,test_reduced_chi2,train_exceed_3sigma_n,test_exceed_3sigma_n,param_log10_abs_coeff,param_abs_coeff,param_exponent,param_sign
A_low_to_high,powerlaw_abs_fit_2p,1.0,94.33732216299774,106.00258488068825,10000.0,True,,40,1.7297313381576077e-08,2.3670029795400806e-16,40,2.2068986038562584e-08,3.888688920685336e-16,0,0,8.601759439536222,,-1.0185635507859676e-15,1.0
A_low_to_high,fixed_exponent_0_abs_fit,1.0,94.33732216299774,106.00258488068825,10000.0,True,,40,1.4911477053082828e-10,9.122139401215005e-21,40,1.4911477053082828e-10,1.000584665570771e-20,0,0,,399723277.3333334,0.0,1.0
B_high_to_low,powerlaw_abs_fit_2p,106.00258488068825,10000.0,1.0,94.33732216299774,True,,40,9.245115772911354e-09,6.376591492119316e-17,40,1.2674755495120403e-08,1.228351088276864e-16,0,0,8.601759439536222,,7.043552541471579e-16,1.0
B_high_to_low,fixed_exponent_0_abs_fit,106.00258488068825,10000.0,1.0,94.33732216299774,True,,40,1.4911477053082826e-10,1.2542941676670627e-20,40,1.4911477053082826e-10,1.334112887427694e-20,0,0,,399723277.3333333,0.0,1.0
