split,model_id,train_min_T_K,train_max_T_K,test_min_T_K,test_max_T_K,supported,reason,train_n,train_max_abs_z,train_reduced_chi2,test_n,test_max_abs_z,test_reduced_chi2,train_exceed_3sigma_n,test_exceed_3sigma_n,param_log10_abs_coeff,param_abs_coeff,param_exponent,param_sign
A_low_to_high,powerlaw_abs_fit_2p,1.0,94.33732216299774,106.00258488068825,10000.0,True,,40,4.125673820138061e-10,5.011561216522202e-20,40,4.3496375950489876e-10,5.3618045686172995e-20,0,0,-0.6020599913279625,,1.0,1.0
A_low_to_high,fixed_exponent_plus1_abs_fit,1.0,94.33732216299774,106.00258488068825,10000.0,True,,40,2.2063415959713891e-10,1.1213095525075774e-20,40,2.096683952669918e-10,1.0047104289764162e-20,0,0,,0.25,1.0,1.0
B_high_to_low,powerlaw_abs_fit_2p,106.00258488068825,10000.0,1.0,94.33732216299774,True,,40,1.3455259586837259e-09,1.3258894066303175e-18,40,1.3238049575828336e-09,1.2695469389205093e-18,0,0,-0.602059991327962,,1.0,1.0
B_high_to_low,fixed_exponent_plus1_abs_fit,106.00258488068825,10000.0,1.0,94.33732216299774,True,,40,2.096683952669918e-10,1.0304722348476064e-20,40,2.2063415959713891e-10,1.093276813694888e-20,0,0,,0.25,1.0,1.0
