split,model_id,train_min_T_K,train_max_T_K,test_min_T_K,test_max_T_K,supported,reason,train_n,train_max_abs_z,train_reduced_chi2,test_n,test_max_abs_z,test_reduced_chi2,train_exceed_3sigma_n,test_exceed_3sigma_n,param_log10_coeff,param_exponent,param_coeff
A_low_to_high,powerlaw_fit_2p,1.0,94.33732216299774,106.00258488068825,10000.0,True,,40,1.0321431612019982e-08,7.248196234441075e-17,40,1.5044798620910483e-08,1.657610830817861e-16,0,0,8.231362180689416,-9.883237952876328e-16,
A_low_to_high,fixed_exponent_0_fit,1.0,94.33732216299774,106.00258488068825,10000.0,True,,40,1.7493951884779632e-10,3.92356862239724e-21,40,1.7493951884779632e-10,7.65095881367462e-21,0,0,,0.0,170357861.8712471
B_high_to_low,powerlaw_fit_2p,106.00258488068825,10000.0,1.0,94.33732216299774,True,,40,7.522399310455241e-09,4.3256910404344993e-17,40,9.97155257432439e-09,7.791124379141138e-17,0,0,8.231362180689414,5.164419179468159e-16,
B_high_to_low,fixed_exponent_0_fit,106.00258488068825,10000.0,1.0,94.33732216299774,True,,40,1.7493951884779632e-10,7.84713724479448e-21,40,1.7493951884779632e-10,3.82547940683731e-21,0,0,,0.0,170357861.8712471
