{
  "generated_utc": "2026-02-13T15:41:10.141343+00:00",
  "phase": 7,
  "step": "7.20.6",
  "inputs": {
    "blackbody_constants_extracted_values": {
      "path": "C:\\develop\\waveP\\data\\quantum\\sources\\nist_codata_2022_blackbody_constants\\extracted_values.json",
      "sha256": "ffe4c2234b9bf48c59898745bd5688a50a9f314e5e1eec63e172c24486032742"
    }
  },
  "assumptions": {
    "sigma_proxy": "1 ppm relative tolerance (operational, analytic baseline)",
    "holdout_reduced_chi2_definition": {
      "train": "sum(z^2)/max(1,n-params)",
      "test": "sum(z^2)/max(1,n)  (no parameters are fit on the test split)"
    }
  },
  "data_range_T_K": [
    1.0,
    10000.0
  ],
  "splits": [
    {
      "name": "A_low_to_high",
      "train_T_K": [
        1.0,
        94.33732216299774
      ],
      "test_T_K": [
        106.00258488068825,
        10000.0
      ],
      "models": {
        "powerlaw_fit_2p": {
          "params": {
            "log10_coeff": -15.121148974961548,
            "exponent": 4.000000000000002
          },
          "train": {
            "n": 40,
            "max_abs_z": 9.529120656610879e-10,
            "rms_z": 1.9221830207507638e-10,
            "reduced_chi2": 3.889250068697401e-20,
            "exceed_3sigma_n": 0
          },
          "test": {
            "n": 40,
            "max_abs_z": 2.41833472587015e-08,
            "rms_z": 1.9547405028960437e-08,
            "reduced_chi2": 3.821010433662278e-16,
            "exceed_3sigma_n": 0
          }
        },
        "fixed_exponent_4_fit": {
          "params": {
            "coeff": 7.565733250280007e-16,
            "exponent": 4.0
          },
          "train": {
            "n": 40,
            "max_abs_z": 0.0,
            "rms_z": 0.0,
            "reduced_chi2": 0.0,
            "exceed_3sigma_n": 0
          },
          "test": {
            "n": 40,
            "max_abs_z": 0.0,
            "rms_z": 0.0,
            "reduced_chi2": 0.0,
            "exceed_3sigma_n": 0
          }
        }
      }
    },
    {
      "name": "B_high_to_low",
      "train_T_K": [
        106.00258488068825,
        10000.0
      ],
      "test_T_K": [
        1.0,
        94.33732216299774
      ],
      "models": {
        "powerlaw_fit_2p": {
          "params": {
            "log10_coeff": -15.121148974961548,
            "exponent": 4.000000000000001
          },
          "train": {
            "n": 40,
            "max_abs_z": 1.5965704986327205e-08,
            "rms_z": 1.3465543579075475e-08,
            "reduced_chi2": 1.9086406724208502e-16,
            "exceed_3sigma_n": 0
          },
          "test": {
            "n": 40,
            "max_abs_z": 7.146840492458159e-10,
            "rms_z": 1.4412819049401157e-10,
            "reduced_chi2": 2.077293529507809e-20,
            "exceed_3sigma_n": 0
          }
        },
        "fixed_exponent_4_fit": {
          "params": {
            "coeff": 7.565733250280007e-16,
            "exponent": 4.0
          },
          "train": {
            "n": 40,
            "max_abs_z": 0.0,
            "rms_z": 0.0,
            "reduced_chi2": 0.0,
            "exceed_3sigma_n": 0
          },
          "test": {
            "n": 40,
            "max_abs_z": 0.0,
            "rms_z": 0.0,
            "reduced_chi2": 0.0,
            "exceed_3sigma_n": 0
          }
        }
      }
    }
  ],
  "outputs": {
    "csv": "C:\\develop\\waveP\\output\\public\\quantum\\thermo_blackbody_radiation_holdout_splits.csv",
    "png": "C:\\develop\\waveP\\output\\public\\quantum\\thermo_blackbody_radiation_holdout_splits.png"
  },
  "notes": [
    "Analytic holdout for blackbody radiation u(T)=a T^4 using SI constants.",
    "This is a procedural regression check, not an observational inference."
  ]
}
