split,model_id,train_min_T_K,train_max_T_K,test_min_T_K,test_max_T_K,supported,reason,train_n,train_max_abs_z,train_reduced_chi2,test_n,test_max_abs_z,test_reduced_chi2,train_exceed_3sigma_n,test_exceed_3sigma_n,param_log10_abs_coeff,param_abs_coeff,param_exponent,param_sign
A_low_to_high,powerlaw_abs_fit_2p,1.0,94.33732216299774,106.00258488068825,10000.0,True,,40,1.03971205720984e-08,9.439780591315224e-17,40,1.2675647568266259e-08,1.32308630058524e-16,0,0,-8.476820702927924,,1.0000000000000004,1.0
A_low_to_high,fixed_exponent_plus1_abs_fit,1.0,94.33732216299774,106.00258488068825,10000.0,True,,40,3.8783792741290636e-10,2.976973128057767e-20,40,4.857735879827084e-10,4.6283064486986854e-20,0,0,,3.33564095198152e-09,1.0,1.0
B_high_to_low,powerlaw_abs_fit_2p,106.00258488068825,10000.0,1.0,94.33732216299774,True,,40,9.993391925229922e-09,7.913203831830814e-17,40,1.2523116706884502e-08,1.27522235567529e-16,0,0,-8.476820702927922,,0.9999999999999994,1.0
B_high_to_low,fixed_exponent_plus1_abs_fit,106.00258488068825,10000.0,1.0,94.33732216299774,True,,40,6.133377855612706e-10,7.275015008836328e-20,40,5.743896305383866e-10,9.048891663203624e-20,0,0,,3.3356409519815213e-09,1.0,1.0
