{
  "generated_utc": "2026-02-16T07:14:19.489479+00:00",
  "phase": 8,
  "step": "8.7.12",
  "inputs": {
    "blackbody_constants_extracted_values": {
      "path": "C:\\develop\\waveP\\data\\quantum\\sources\\nist_codata_2022_blackbody_constants\\extracted_values.json",
      "sha256": "ffe4c2234b9bf48c59898745bd5688a50a9f314e5e1eec63e172c24486032742"
    }
  },
  "constants": {
    "c_m_per_s": 299792458.0,
    "h_J_s": 6.62607015e-34,
    "kB_J_per_K": 1.380649e-23,
    "wien_x_peak_wavelength": 4.965114231744277,
    "wien_x_peak_frequency": 2.8214393721220787,
    "ratio_reference_prefactor_SI": 1.823371559877187e+30
  },
  "assumptions": {
    "sigma_proxy": "1 ppm relative tolerance (operational, analytic baseline)",
    "holdout_reduced_chi2_definition": {
      "train": "sum(z^2)/max(1,n-params)",
      "test": "sum(z^2)/max(1,n)  (no parameters are fit on the test split)"
    }
  },
  "data_range_T_K": [
    1.0,
    10000.0
  ],
  "splits": [
    {
      "name": "A_low_to_high",
      "train_T_K": [
        1.0,
        94.33732216299774
      ],
      "test_T_K": [
        106.00258488068825,
        10000.0
      ],
      "models": {
        "powerlaw_fit_2p": {
          "params": {
            "log10_coeff": 13.30723377073215,
            "exponent": 1.9999999999999987
          },
          "train": {
            "n": 40,
            "max_abs_z": 1.5242196992783698e-08,
            "rms_z": 1.2212907776060234e-08,
            "reduced_chi2": 1.5700538562795005e-16,
            "exceed_3sigma_n": 0
          },
          "test": {
            "n": 40,
            "max_abs_z": 2.1190929140557155e-08,
            "rms_z": 1.8404286441751415e-08,
            "reduced_chi2": 3.3871775943003495e-16,
            "exceed_3sigma_n": 0
          }
        },
        "fixed_exponent_plus2_fit": {
          "params": {
            "coeff": 20287744683039.258,
            "exponent": 2.0
          },
          "train": {
            "n": 40,
            "max_abs_z": 1.9131930355132845e-10,
            "rms_z": 1.0560916400155317e-10,
            "reduced_chi2": 1.1439277457545594e-20,
            "exceed_3sigma_n": 0
          },
          "test": {
            "n": 40,
            "max_abs_z": 2.1814489342653293e-10,
            "rms_z": 1.0895455527923269e-10,
            "reduced_chi2": 1.187109511609537e-20,
            "exceed_3sigma_n": 0
          }
        }
      }
    },
    {
      "name": "B_high_to_low",
      "train_T_K": [
        106.00258488068825,
        10000.0
      ],
      "test_T_K": [
        1.0,
        94.33732216299774
      ],
      "models": {
        "powerlaw_fit_2p": {
          "params": {
            "log10_coeff": 13.307233770732159,
            "exponent": 1.9999999999999982
          },
          "train": {
            "n": 40,
            "max_abs_z": 4.91009333744617e-09,
            "rms_z": 2.5811863847101565e-09,
            "reduced_chi2": 7.013182265908513e-18,
            "exceed_3sigma_n": 0
          },
          "test": {
            "n": 40,
            "max_abs_z": 1.1359998541024327e-08,
            "rms_z": 7.670744051048693e-09,
            "reduced_chi2": 5.884031429669891e-17,
            "exceed_3sigma_n": 0
          }
        },
        "fixed_exponent_plus2_fit": {
          "params": {
            "coeff": 20287744683039.258,
            "exponent": 2.0
          },
          "train": {
            "n": 40,
            "max_abs_z": 2.1814489342653293e-10,
            "rms_z": 1.0895455527923269e-10,
            "reduced_chi2": 1.2175482170354226e-20,
            "exceed_3sigma_n": 0
          },
          "test": {
            "n": 40,
            "max_abs_z": 1.9131930355132845e-10,
            "rms_z": 1.0560916400155317e-10,
            "reduced_chi2": 1.1153295521106954e-20,
            "exceed_3sigma_n": 0
          }
        }
      }
    }
  ],
  "outputs": {
    "csv": "C:\\develop\\waveP\\output\\public\\quantum\\thermo_blackbody_peak_frequency_per_wavelength_holdout_splits.csv",
    "png": "C:\\develop\\waveP\\output\\public\\quantum\\thermo_blackbody_peak_frequency_per_wavelength_holdout_splits.png"
  },
  "notes": [
    "Analytic holdout for ν_max(T)/λ_max(T), expected to scale as T^2 from the two Wien roots.",
    "The roots are defined by 3(1-exp(-x_nu))=x_nu and 5(1-exp(-x_lambda))=x_lambda."
  ]
}
