split,model_id,train_min_T_K,train_max_T_K,test_min_T_K,test_max_T_K,supported,reason,train_n,train_max_abs_z,train_reduced_chi2,test_n,test_max_abs_z,test_reduced_chi2,train_exceed_3sigma_n,test_exceed_3sigma_n,param_log10_coeff,param_exponent,param_coeff
A_low_to_high,powerlaw_fit_2p,1.0,94.33732216299774,106.00258488068825,10000.0,True,,40,1.8102613002663228e-24,1.828925050290313e-48,40,2.885838631268716e-24,5.677934514615537e-48,0,0,-22.303424771510727,4.668559806320393e-15,
A_low_to_high,fixed_exponent_0_fit,1.0,94.33732216299774,106.00258488068825,10000.0,True,,40,1.7632415262334313e-26,4.783108738206153e-53,40,1.1754943508222875e-26,5.181701133056666e-53,0,0,,0.0,4.972504999962229e-23
B_high_to_low,powerlaw_fit_2p,106.00258488068825,10000.0,1.0,94.33732216299774,True,,40,1.4987552972984166e-24,2.262216171825389e-48,40,1.5634074865936424e-24,2.345915872053022e-48,0,0,-22.30342477151072,-2.8103049828165827e-16,
B_high_to_low,fixed_exponent_0_fit,106.00258488068825,10000.0,1.0,94.33732216299774,True,,40,1.1754943508222875e-26,5.314565264673503e-53,40,1.7632415262334313e-26,4.663531019750999e-53,0,0,,0.0,4.972504999962229e-23
