{
  "generated_utc": "2026-02-14T01:14:56.912478+00:00",
  "phase": 7,
  "step": "7.20.6",
  "inputs": {
    "blackbody_constants_extracted_values": {
      "path": "C:\\develop\\waveP\\data\\quantum\\sources\\nist_codata_2022_blackbody_constants\\extracted_values.json",
      "sha256": "ffe4c2234b9bf48c59898745bd5688a50a9f314e5e1eec63e172c24486032742"
    }
  },
  "constants": {
    "c_m_per_s": 299792458.0,
    "h_J_s": 6.62607015e-34,
    "kB_J_per_K": 1.380649e-23,
    "radiation_constant_a": 7.565733250280007e-16
  },
  "assumptions": {
    "sigma_proxy": "1 ppm relative tolerance (operational, analytic baseline)",
    "holdout_reduced_chi2_definition": {
      "train": "sum(z^2)/max(1,n-params)",
      "test": "sum(z^2)/max(1,n)  (no parameters are fit on the test split)"
    }
  },
  "data_range_T_K": [
    1.0,
    10000.0
  ],
  "splits": [
    {
      "name": "A_low_to_high",
      "train_T_K": [
        1.0,
        94.33732216299774
      ],
      "test_T_K": [
        106.00258488068825,
        10000.0
      ],
      "models": {
        "powerlaw_fit_2p": {
          "params": {
            "log10_coeff": -14.519088983633582,
            "exponent": 3.0000000000000013
          },
          "train": {
            "n": 40,
            "max_abs_z": 5.707546226615891e-11,
            "rms_z": 1.2605984272578926e-11,
            "reduced_chi2": 1.6727456787421816e-22,
            "exceed_3sigma_n": 0
          },
          "test": {
            "n": 40,
            "max_abs_z": 2.8660861720055446e-08,
            "rms_z": 2.107000156726859e-08,
            "reduced_chi2": 4.439449660447008e-16,
            "exceed_3sigma_n": 0
          }
        },
        "fixed_exponent_3_fit": {
          "params": {
            "coeff": 3.0262933001120028e-15,
            "exponent": 3.0
          },
          "train": {
            "n": 40,
            "max_abs_z": 0.0,
            "rms_z": 0.0,
            "reduced_chi2": 0.0,
            "exceed_3sigma_n": 0
          },
          "test": {
            "n": 40,
            "max_abs_z": 0.0,
            "rms_z": 0.0,
            "reduced_chi2": 0.0,
            "exceed_3sigma_n": 0
          }
        }
      }
    },
    {
      "name": "B_high_to_low",
      "train_T_K": [
        106.00258488068825,
        10000.0
      ],
      "test_T_K": [
        1.0,
        94.33732216299774
      ],
      "models": {
        "powerlaw_fit_2p": {
          "params": {
            "log10_coeff": -14.519088983633582,
            "exponent": 2.9999999999999996
          },
          "train": {
            "n": 40,
            "max_abs_z": 1.3372749220400513e-08,
            "rms_z": 1.0122984150102392e-08,
            "reduced_chi2": 1.0786821905602551e-16,
            "exceed_3sigma_n": 0
          },
          "test": {
            "n": 40,
            "max_abs_z": 3.639594695233322e-11,
            "rms_z": 8.130029190991888e-12,
            "reduced_chi2": 6.609737464638022e-23,
            "exceed_3sigma_n": 0
          }
        },
        "fixed_exponent_3_fit": {
          "params": {
            "coeff": 3.0262933001120028e-15,
            "exponent": 3.0
          },
          "train": {
            "n": 40,
            "max_abs_z": 0.0,
            "rms_z": 0.0,
            "reduced_chi2": 0.0,
            "exceed_3sigma_n": 0
          },
          "test": {
            "n": 40,
            "max_abs_z": 0.0,
            "rms_z": 0.0,
            "reduced_chi2": 0.0,
            "exceed_3sigma_n": 0
          }
        }
      }
    }
  ],
  "outputs": {
    "csv": "C:\\develop\\waveP\\output\\public\\quantum\\thermo_blackbody_heat_capacity_density_holdout_splits.csv",
    "png": "C:\\develop\\waveP\\output\\public\\quantum\\thermo_blackbody_heat_capacity_density_holdout_splits.png"
  },
  "notes": [
    "Analytic holdout for blackbody heat capacity density c_v = du/dT = 4 a T^3.",
    "This is a procedural regression check, not an observational inference."
  ]
}
