{
  "generated_utc": "2026-02-17T00:47:39.798578+00:00",
  "phase": 8,
  "step": "8.7.12",
  "inputs": {
    "blackbody_constants_extracted_values": {
      "path": "C:\\develop\\waveP\\data\\quantum\\sources\\nist_codata_2022_blackbody_constants\\extracted_values.json",
      "sha256": "ffe4c2234b9bf48c59898745bd5688a50a9f314e5e1eec63e172c24486032742"
    }
  },
  "constants": {
    "c_m_per_s": 299792458.0,
    "h_J_s": 6.62607015e-34,
    "kB_J_per_K": 1.380649e-23,
    "radiation_constant_a": 7.565733250280007e-16,
    "zeta_3": 1.202056903159594,
    "photon_density_coeff": 20286846.033907052,
    "entropy_density_coeff": 1.0087644333706676e-15
  },
  "assumptions": {
    "sigma_proxy": "1 ppm relative tolerance (operational, analytic baseline)",
    "holdout_reduced_chi2_definition": {
      "train": "sum(z^2)/max(1,n-params)",
      "test": "sum(z^2)/max(1,n)  (no parameters are fit on the test split)"
    }
  },
  "data_range_T_K": [
    1.0,
    10000.0
  ],
  "splits": [
    {
      "name": "A_low_to_high",
      "train_T_K": [
        1.0,
        94.33732216299774
      ],
      "test_T_K": [
        106.00258488068825,
        10000.0
      ],
      "models": {
        "powerlaw_fit_2p": {
          "params": {
            "log10_coeff": 22.303424771510727,
            "exponent": -4.668559806320393e-15
          },
          "train": {
            "n": 40,
            "max_abs_z": 3.6289783843769154e-08,
            "rms_z": 2.6439025040750303e-08,
            "reduced_chi2": 7.358126790583384e-16,
            "exceed_3sigma_n": 0
          },
          "test": {
            "n": 40,
            "max_abs_z": 5.7980229359585203e-08,
            "rms_z": 4.787176606779112e-08,
            "reduced_chi2": 2.291705986449317e-15,
            "exceed_3sigma_n": 0
          }
        },
        "fixed_exponent_0_fit": {
          "params": {
            "coeff": 2.0110588124247148e+22,
            "exponent": 0.0
          },
          "train": {
            "n": 40,
            "max_abs_z": 2.085619761136158e-10,
            "rms_z": 9.892963167369875e-11,
            "reduced_chi2": 1.0038022587788411e-20,
            "exceed_3sigma_n": 0
          },
          "test": {
            "n": 40,
            "max_abs_z": 2.0856197611361587e-10,
            "rms_z": 1.1889861988742907e-10,
            "reduced_chi2": 1.4136881811135346e-20,
            "exceed_3sigma_n": 0
          }
        }
      }
    },
    {
      "name": "B_high_to_low",
      "train_T_K": [
        106.00258488068825,
        10000.0
      ],
      "test_T_K": [
        1.0,
        94.33732216299774
      ],
      "models": {
        "powerlaw_fit_2p": {
          "params": {
            "log10_coeff": 22.30342477151072,
            "exponent": 2.8103049828165827e-16
          },
          "train": {
            "n": 40,
            "max_abs_z": 3.024148653647429e-08,
            "rms_z": 2.936410789223092e-08,
            "reduced_chi2": 9.076324550595561e-16,
            "exceed_3sigma_n": 0
          },
          "test": {
            "n": 40,
            "max_abs_z": 3.1284296417042375e-08,
            "rms_z": 3.073382046195893e-08,
            "reduced_chi2": 9.445677201879253e-16,
            "exceed_3sigma_n": 0
          }
        },
        "fixed_exponent_0_fit": {
          "params": {
            "coeff": 2.0110588124247148e+22,
            "exponent": 0.0
          },
          "train": {
            "n": 40,
            "max_abs_z": 2.0856197611361587e-10,
            "rms_z": 1.1889861988742907e-10,
            "reduced_chi2": 1.4499365960138817e-20,
            "exceed_3sigma_n": 0
          },
          "test": {
            "n": 40,
            "max_abs_z": 2.085619761136158e-10,
            "rms_z": 9.892963167369875e-11,
            "reduced_chi2": 9.7870720230937e-21,
            "exceed_3sigma_n": 0
          }
        }
      }
    }
  ],
  "outputs": {
    "csv": "C:\\develop\\waveP\\output\\public\\quantum\\thermo_blackbody_photon_density_per_entropy_density_holdout_splits.csv",
    "png": "C:\\develop\\waveP\\output\\public\\quantum\\thermo_blackbody_photon_density_per_entropy_density_holdout_splits.png"
  },
  "notes": [
    "Analytic holdout for n/s based on blackbody radiation identities.",
    "This is a procedural regression check, not an observational inference."
  ]
}
