{
  "generated_utc": "2026-02-16T18:42:36.473977+00:00",
  "phase": 8,
  "step": "8.7.12",
  "inputs": {
    "blackbody_constants_extracted_values": {
      "path": "C:\\develop\\waveP\\data\\quantum\\sources\\nist_codata_2022_blackbody_constants\\extracted_values.json",
      "sha256": "ffe4c2234b9bf48c59898745bd5688a50a9f314e5e1eec63e172c24486032742"
    }
  },
  "constants": {
    "c_m_per_s": 299792458.0,
    "h_J_s": 6.62607015e-34,
    "kB_J_per_K": 1.380649e-23,
    "stefan_boltzmann_sigma": 5.6703744191844314e-08,
    "radiation_constant_a": 7.565733250280007e-16
  },
  "assumptions": {
    "sign_convention": "f/cV is negative for photon gas; model fit is applied to abs(f/cV) and sign=-1 is fixed.",
    "sigma_proxy": "1 ppm relative tolerance (operational, analytic baseline)",
    "holdout_reduced_chi2_definition": {
      "train": "sum(z^2)/max(1,n-params)",
      "test": "sum(z^2)/max(1,n)  (no parameters are fit on the test split)"
    }
  },
  "data_range_T_K": [
    1.0,
    10000.0
  ],
  "splits": [
    {
      "name": "A_low_to_high",
      "train_T_K": [
        1.0,
        94.33732216299774
      ],
      "test_T_K": [
        106.00258488068825,
        10000.0
      ],
      "models": {
        "powerlaw_abs_fit_2p": {
          "params": {
            "log10_abs_coeff": -1.0791812460476247,
            "exponent": 0.9999999999999998,
            "sign": -1.0
          },
          "train": {
            "n": 40,
            "max_abs_z": 8.558841655715674e-10,
            "rms_z": 4.672146725788986e-10,
            "reduced_chi2": 2.297784739715868e-19,
            "exceed_3sigma_n": 0
          },
          "test": {
            "n": 40,
            "max_abs_z": 1.9221485168986278e-09,
            "rms_z": 1.1366698169202827e-09,
            "reduced_chi2": 1.292018272697589e-18,
            "exceed_3sigma_n": 0
          }
        },
        "fixed_exponent_1_abs_fit": {
          "params": {
            "abs_coeff": 0.08333333333333334,
            "exponent": 1.0,
            "sign": -1.0
          },
          "train": {
            "n": 40,
            "max_abs_z": 7.29666656543912e-10,
            "rms_z": 3.3773776154205436e-10,
            "reduced_chi2": 1.1699158520147444e-19,
            "exceed_3sigma_n": 0
          },
          "test": {
            "n": 40,
            "max_abs_z": 1.087409398762248e-09,
            "rms_z": 3.896519088871498e-10,
            "reduced_chi2": 1.5182861009939967e-19,
            "exceed_3sigma_n": 0
          }
        }
      }
    },
    {
      "name": "B_high_to_low",
      "train_T_K": [
        106.00258488068825,
        10000.0
      ],
      "test_T_K": [
        1.0,
        94.33732216299774
      ],
      "models": {
        "powerlaw_abs_fit_2p": {
          "params": {
            "log10_abs_coeff": -1.0791812460476244,
            "exponent": 1.0000000000000002,
            "sign": -1.0
          },
          "train": {
            "n": 40,
            "max_abs_z": 3.697191955791643e-09,
            "rms_z": 2.5672383040988737e-09,
            "reduced_chi2": 6.937592115823642e-18,
            "exceed_3sigma_n": 0
          },
          "test": {
            "n": 40,
            "max_abs_z": 2.188999969631736e-09,
            "rms_z": 1.488132625134883e-09,
            "reduced_chi2": 2.2145387099908384e-18,
            "exceed_3sigma_n": 0
          }
        },
        "fixed_exponent_1_abs_fit": {
          "params": {
            "abs_coeff": 0.08333333333333333,
            "exponent": 1.0,
            "sign": -1.0
          },
          "train": {
            "n": 40,
            "max_abs_z": 9.927275208802065e-10,
            "rms_z": 3.6075844043840416e-10,
            "reduced_chi2": 1.3348374599748676e-19,
            "exceed_3sigma_n": 0
          },
          "test": {
            "n": 40,
            "max_abs_z": 8.2737809848927e-10,
            "rms_z": 3.4746750746088217e-10,
            "reduced_chi2": 1.207336687410782e-19,
            "exceed_3sigma_n": 0
          }
        }
      }
    }
  ],
  "outputs": {
    "csv": "C:\\develop\\waveP\\output\\public\\quantum\\thermo_blackbody_helmholtz_per_heat_capacity_density_holdout_splits.csv",
    "png": "C:\\develop\\waveP\\output\\public\\quantum\\thermo_blackbody_helmholtz_per_heat_capacity_density_holdout_splits.png"
  },
  "notes": [
    "Analytic holdout for f/cV (Helmholtz free-energy density per heat-capacity density) based on blackbody identities.",
    "This is a procedural regression check, not an observational inference."
  ]
}
