split,model_id,train_min_T_K,train_max_T_K,test_min_T_K,test_max_T_K,supported,reason,train_n,train_max_abs_z,train_reduced_chi2,test_n,test_max_abs_z,test_reduced_chi2,train_exceed_3sigma_n,test_exceed_3sigma_n,param_log10_abs_coeff,param_abs_coeff,param_exponent,param_sign
A_low_to_high,powerlaw_abs_fit_2p,1.0,94.33732216299774,106.00258488068825,10000.0,True,,40,3.3306690738754696e-10,4.0870260714575446e-20,40,3.3306690738754696e-10,5.269344327843477e-20,0,0,0.12493873660829993,,-2.7543169040511534e-17,1.0
A_low_to_high,fixed_exponent_0_abs_fit,1.0,94.33732216299774,106.00258488068825,10000.0,True,,40,1.6653345369377348e-10,1.1377801517610747e-20,40,1.6653345369377348e-10,8.320017359752859e-21,0,0,,1.3333333333333333,0.0,1.0
B_high_to_low,powerlaw_abs_fit_2p,106.00258488068825,10000.0,1.0,94.33732216299774,True,,40,3.3306690738754696e-10,5.546678239835239e-20,40,3.3306690738754696e-10,6.101346063818763e-20,0,0,0.12493873660829989,,1.164209024943998e-18,1.0
B_high_to_low,fixed_exponent_0_abs_fit,106.00258488068825,10000.0,1.0,94.33732216299774,True,,40,1.6653345369377348e-10,8.53335113820806e-21,40,1.6653345369377348e-10,1.1093356479670479e-20,0,0,,1.3333333333333333,0.0,1.0
