split,model_id,train_min_T_K,train_max_T_K,test_min_T_K,test_max_T_K,supported,reason,train_n,train_max_abs_z,train_reduced_chi2,test_n,test_max_abs_z,test_reduced_chi2,train_exceed_3sigma_n,test_exceed_3sigma_n,param_log10_abs_coeff,param_abs_coeff,param_exponent,param_sign
A_low_to_high,powerlaw_abs_fit_2p,1.0,94.33732216299774,106.00258488068825,10000.0,True,,40,2.0311912293488035e-09,1.7962013397479077e-18,40,3.4838758621070238e-09,7.76722414537326e-18,0,0,-1.9674725061142964e-16,,0.9999999999999997,1.0
A_low_to_high,fixed_exponent_0_abs_fit,1.0,94.33732216299774,106.00258488068825,10000.0,True,,40,20228974.686560217,46781558051511.09,40,997877.1025313439,914686685756.181,40,40,,21.228974686560218,0.0,1.0
B_high_to_low,powerlaw_abs_fit_2p,106.00258488068825,10000.0,1.0,94.33732216299774,True,,40,7.322470540566206e-10,1.450185691485248e-19,40,1.4085880534879162e-09,8.341263502880429e-19,0,0,-5.610818241632436e-16,,1.0000000000000002,1.0
B_high_to_low,fixed_exponent_0_abs_fit,106.00258488068825,10000.0,1.0,94.33732216299774,True,,40,20228974.68656021,46781558051511.086,40,2249326191.142081,6.076320393064165e+17,40,40,,2250.3261911420805,0.0,1.0
