split,model_id,train_min_T_K,train_max_T_K,test_min_T_K,test_max_T_K,supported,reason,train_n,train_max_abs_z,train_reduced_chi2,test_n,test_max_abs_z,test_reduced_chi2,train_exceed_3sigma_n,test_exceed_3sigma_n,param_log10_abs_coeff,param_abs_coeff,param_exponent,param_sign
A_low_to_high,powerlaw_abs_fit_2p,1.0,94.33732216299774,106.00258488068825,10000.0,True,,40,4.7900679943506036e-08,1.4052622077853825e-15,40,7.269138272128547e-08,3.7214717746598146e-15,0,0,29.701064228391026,,-5.307402434354801e-15,1.0
A_low_to_high,fixed_exponent_0_abs_fit,1.0,94.33732216299774,106.00258488068825,10000.0,True,,40,2.8012093534214066e-10,1.0562964786897883e-20,40,2.8012093534214066e-10,1.373185422296725e-20,0,0,,5.02416887132805e+29,0.0,1.0
B_high_to_low,powerlaw_abs_fit_2p,106.00258488068825,10000.0,1.0,94.33732216299774,True,,40,2.0869009682989472e-08,1.725118391447983e-16,40,4.0197354221597166e-08,9.80114528127843e-16,0,0,29.70106422839102,,4.123207640868646e-15,1.0
B_high_to_low,fixed_exponent_0_abs_fit,106.00258488068825,10000.0,1.0,94.33732216299774,True,,40,2.801209353421405e-10,2.011993292742453e-20,40,2.801209353421405e-10,2.1088204699556835e-20,0,0,,5.0241688713280494e+29,0.0,1.0
