{
  "generated_utc": "2026-02-13T15:41:10.147608+00:00",
  "phase": 7,
  "step": "7.20.6",
  "inputs": {
    "blackbody_constants_extracted_values": {
      "path": "C:\\develop\\waveP\\data\\quantum\\sources\\nist_codata_2022_blackbody_constants\\extracted_values.json",
      "sha256": "ffe4c2234b9bf48c59898745bd5688a50a9f314e5e1eec63e172c24486032742"
    }
  },
  "assumptions": {
    "sigma_proxy": "1 ppm relative tolerance (operational, analytic baseline)",
    "holdout_reduced_chi2_definition": {
      "train": "sum(z^2)/max(1,n-params)",
      "test": "sum(z^2)/max(1,n)  (no parameters are fit on the test split)"
    }
  },
  "data_range_T_K": [
    1.0,
    10000.0
  ],
  "splits": [
    {
      "name": "A_low_to_high",
      "train_T_K": [
        1.0,
        94.33732216299774
      ],
      "test_T_K": [
        106.00258488068825,
        10000.0
      ],
      "models": {
        "powerlaw_fit_2p": {
          "params": {
            "log10_coeff": -14.996210238353246,
            "exponent": 3.0000000000000013
          },
          "train": {
            "n": 40,
            "max_abs_z": 1.5096046179092755e-11,
            "rms_z": 3.335776782622645e-12,
            "reduced_chi2": 1.1713059729983457e-23,
            "exceed_3sigma_n": 0
          },
          "test": {
            "n": 40,
            "max_abs_z": 2.407512384484657e-08,
            "rms_z": 1.650005953225833e-08,
            "reduced_chi2": 2.7225196456806895e-16,
            "exceed_3sigma_n": 0
          }
        },
        "fixed_exponent_3_fit": {
          "params": {
            "coeff": 1.0087644333706676e-15,
            "exponent": 3.0
          },
          "train": {
            "n": 40,
            "max_abs_z": 0.0,
            "rms_z": 0.0,
            "reduced_chi2": 0.0,
            "exceed_3sigma_n": 0
          },
          "test": {
            "n": 40,
            "max_abs_z": 0.0,
            "rms_z": 0.0,
            "reduced_chi2": 0.0,
            "exceed_3sigma_n": 0
          }
        }
      }
    },
    {
      "name": "B_high_to_low",
      "train_T_K": [
        106.00258488068825,
        10000.0
      ],
      "test_T_K": [
        1.0,
        94.33732216299774
      ],
      "models": {
        "powerlaw_fit_2p": {
          "params": {
            "log10_coeff": -14.996210238353248,
            "exponent": 3.0
          },
          "train": {
            "n": 40,
            "max_abs_z": 7.751178482570673e-09,
            "rms_z": 5.630468400873985e-09,
            "reduced_chi2": 3.337070990867416e-17,
            "exceed_3sigma_n": 0
          },
          "test": {
            "n": 40,
            "max_abs_z": 6.4106497472859645e-12,
            "rms_z": 1.4344123036480927e-12,
            "reduced_chi2": 2.0575386568570284e-24,
            "exceed_3sigma_n": 0
          }
        },
        "fixed_exponent_3_fit": {
          "params": {
            "coeff": 1.0087644333706676e-15,
            "exponent": 3.0
          },
          "train": {
            "n": 40,
            "max_abs_z": 0.0,
            "rms_z": 0.0,
            "reduced_chi2": 0.0,
            "exceed_3sigma_n": 0
          },
          "test": {
            "n": 40,
            "max_abs_z": 0.0,
            "rms_z": 0.0,
            "reduced_chi2": 0.0,
            "exceed_3sigma_n": 0
          }
        }
      }
    }
  ],
  "outputs": {
    "csv": "C:\\develop\\waveP\\output\\public\\quantum\\thermo_blackbody_entropy_holdout_splits.csv",
    "png": "C:\\develop\\waveP\\output\\public\\quantum\\thermo_blackbody_entropy_holdout_splits.png"
  },
  "notes": [
    "This is an analytic thermo holdout: it verifies that s(T) scaling extrapolates across temperature bands under the fixed constants.",
    "Because the dataset is formula-derived, the purpose is procedural (catching regressions/implementation errors), not observational inference."
  ]
}
