{
  "generated_utc": "2026-02-16T18:30:02.176365+00:00",
  "phase": 8,
  "step": "8.7.12",
  "inputs": {
    "blackbody_constants_extracted_values": {
      "path": "C:\\develop\\waveP\\data\\quantum\\sources\\nist_codata_2022_blackbody_constants\\extracted_values.json",
      "sha256": "ffe4c2234b9bf48c59898745bd5688a50a9f314e5e1eec63e172c24486032742"
    }
  },
  "constants": {
    "c_m_per_s": 299792458.0,
    "h_J_s": 6.62607015e-34,
    "kB_J_per_K": 1.380649e-23,
    "stefan_boltzmann_sigma": 5.6703744191844314e-08,
    "radiation_constant_a": 7.565733250280007e-16,
    "zeta3": 1.2020569031595942
  },
  "assumptions": {
    "sign_convention": "f/Φ_n is negative for photon gas; model fit is applied to abs(f/Φ_n) and sign=-1 is fixed.",
    "sigma_proxy": "1 ppm relative tolerance (operational, analytic baseline)",
    "holdout_reduced_chi2_definition": {
      "train": "sum(z^2)/max(1,n-params)",
      "test": "sum(z^2)/max(1,n)  (no parameters are fit on the test split)"
    }
  },
  "data_range_T_K": [
    1.0,
    10000.0
  ],
  "splits": [
    {
      "name": "A_low_to_high",
      "train_T_K": [
        1.0,
        94.33732216299774
      ],
      "test_T_K": [
        106.00258488068825,
        10000.0
      ],
      "models": {
        "powerlaw_abs_fit_2p": {
          "params": {
            "log10_abs_coeff": -30.780245474438654,
            "exponent": 1.0000000000000067,
            "sign": -1.0
          },
          "train": {
            "n": 40,
            "max_abs_z": 7.062544260197078e-13,
            "rms_z": 2.293698849837942e-13,
            "reduced_chi2": 5.537952014471474e-26,
            "exceed_3sigma_n": 0
          },
          "test": {
            "n": 40,
            "max_abs_z": 1.2663253962410506e-10,
            "rms_z": 4.229095216441398e-11,
            "reduced_chi2": 1.7885246349727517e-21,
            "exceed_3sigma_n": 0
          }
        },
        "fixed_exponent_1_abs_fit": {
          "params": {
            "abs_coeff": 1.6586491311806895e-31,
            "exponent": 1.0,
            "sign": -1.0
          },
          "train": {
            "n": 40,
            "max_abs_z": 4.203895392974451e-15,
            "rms_z": 1.5050363274979115e-15,
            "reduced_chi2": 2.3232147149624623e-30,
            "exceed_3sigma_n": 0
          },
          "test": {
            "n": 40,
            "max_abs_z": 1.255563424035036e-12,
            "rms_z": 3.284629850406322e-13,
            "reduced_chi2": 1.0788793254180256e-25,
            "exceed_3sigma_n": 0
          }
        }
      }
    },
    {
      "name": "B_high_to_low",
      "train_T_K": [
        106.00258488068825,
        10000.0
      ],
      "test_T_K": [
        1.0,
        94.33732216299774
      ],
      "models": {
        "powerlaw_abs_fit_2p": {
          "params": {
            "log10_abs_coeff": -30.780245474438644,
            "exponent": 0.9999999999999991,
            "sign": -1.0
          },
          "train": {
            "n": 40,
            "max_abs_z": 5.2016198995737204e-11,
            "rms_z": 1.830204060825575e-11,
            "reduced_chi2": 3.5259441097499214e-22,
            "exceed_3sigma_n": 0
          },
          "test": {
            "n": 40,
            "max_abs_z": 5.521115949439779e-13,
            "rms_z": 1.94134814541013e-13,
            "reduced_chi2": 3.7688326216873514e-26,
            "exceed_3sigma_n": 0
          }
        },
        "fixed_exponent_1_abs_fit": {
          "params": {
            "abs_coeff": 1.658649131180689e-31,
            "exponent": 1.0,
            "sign": -1.0
          },
          "train": {
            "n": 40,
            "max_abs_z": 8.968310171678829e-13,
            "rms_z": 2.319350042419912e-13,
            "reduced_chi2": 5.517317558228972e-26,
            "exceed_3sigma_n": 0
          },
          "test": {
            "n": 40,
            "max_abs_z": 5.605193857299268e-15,
            "rms_z": 1.4534085253018353e-15,
            "reduced_chi2": 2.1123963414200557e-30,
            "exceed_3sigma_n": 0
          }
        }
      }
    }
  ],
  "outputs": {
    "csv": "C:\\develop\\waveP\\output\\public\\quantum\\thermo_blackbody_helmholtz_per_photon_flux_holdout_splits.csv",
    "png": "C:\\develop\\waveP\\output\\public\\quantum\\thermo_blackbody_helmholtz_per_photon_flux_holdout_splits.png"
  },
  "notes": [
    "Analytic holdout for f/Φ_n (Helmholtz free-energy density per photon flux) based on blackbody identities.",
    "This is a procedural regression check, not an observational inference."
  ]
}
