split,model_id,train_min_T_K,train_max_T_K,test_min_T_K,test_max_T_K,supported,reason,train_n,train_max_abs_z,train_reduced_chi2,test_n,test_max_abs_z,test_reduced_chi2,train_exceed_3sigma_n,test_exceed_3sigma_n,param_log10_abs_coeff,param_abs_coeff,param_exponent,param_sign
A_low_to_high,powerlaw_abs_fit_2p,1.0,94.33732216299774,106.00258488068825,10000.0,True,,40,1.2068482106964602e-08,9.623838519268607e-17,40,1.6862810615210812e-08,2.1012269200502285e-16,0,0,-7.3976394568803,,1.0663208542324628e-15,1.0
A_low_to_high,fixed_exponent_0_abs_fit,1.0,94.33732216299774,106.00258488068825,10000.0,True,,40,1.6532167269814523e-10,1.752003555366196e-20,40,3.306433453962905e-10,1.571547189163478e-20,0,0,,4.002769142377825e-08,0.0,1.0
B_high_to_low,powerlaw_abs_fit_2p,106.00258488068825,10000.0,1.0,94.33732216299774,True,,40,6.116901889831373e-09,3.204733551833276e-17,40,7.1088319260202445e-09,4.2902554982776344e-17,0,0,-7.3976394568803,,-2.2010136134786475e-16,1.0
B_high_to_low,fixed_exponent_0_abs_fit,106.00258488068825,10000.0,1.0,94.33732216299774,True,,40,3.306433453962905e-10,1.6118432709369004e-20,40,1.6532167269814523e-10,1.708203466482041e-20,0,0,,4.002769142377825e-08,0.0,1.0
