{
  "generated_utc": "2026-02-16T22:54:33.081780+00:00",
  "phase": 8,
  "step": "8.7.12",
  "inputs": {
    "blackbody_constants_extracted_values": {
      "path": "C:\\develop\\waveP\\data\\quantum\\sources\\nist_codata_2022_blackbody_constants\\extracted_values.json",
      "sha256": "ffe4c2234b9bf48c59898745bd5688a50a9f314e5e1eec63e172c24486032742"
    }
  },
  "constants": {
    "c_m_per_s": 299792458.0,
    "h_J_s": 6.62607015e-34,
    "kB_J_per_K": 1.380649e-23,
    "stefan_boltzmann_sigma": 5.6703744191844314e-08,
    "radiation_constant_a": 7.565733250280007e-16
  },
  "assumptions": {
    "sign_convention": "Φ_cV/Φ_s is positive for photon gas; model fit is applied to abs(Φ_cV/Φ_s) and sign=+1 is fixed.",
    "sigma_proxy": "1 ppm relative tolerance (operational, analytic baseline)",
    "holdout_reduced_chi2_definition": {
      "train": "sum(z^2)/max(1,n-params)",
      "test": "sum(z^2)/max(1,n)  (no parameters are fit on the test split)"
    }
  },
  "data_range_T_K": [
    1.0,
    10000.0
  ],
  "splits": [
    {
      "name": "A_low_to_high",
      "train_T_K": [
        1.0,
        94.33732216299774
      ],
      "test_T_K": [
        106.00258488068825,
        10000.0
      ],
      "models": {
        "powerlaw_abs_fit_2p": {
          "params": {
            "log10_abs_coeff": 0.47712125471966244,
            "exponent": -1.4167402000795944e-16,
            "sign": 1.0
          },
          "train": {
            "n": 40,
            "max_abs_z": 7.401486830834375e-10,
            "rms_z": 4.147475171041126e-10,
            "reduced_chi2": 1.8106895046739596e-19,
            "exceed_3sigma_n": 0
          },
          "test": {
            "n": 40,
            "max_abs_z": 1.3322676295501878e-09,
            "rms_z": 1.0034407278474053e-09,
            "reduced_chi2": 1.0068932943029304e-18,
            "exceed_3sigma_n": 0
          }
        },
        "fixed_exponent_0_abs_fit": {
          "params": {
            "abs_coeff": 3.0,
            "exponent": 0.0,
            "sign": 1.0
          },
          "train": {
            "n": 40,
            "max_abs_z": 2.96059473233375e-10,
            "rms_z": 1.146633409319802e-10,
            "reduced_chi2": 1.3484801798649771e-20,
            "exceed_3sigma_n": 0
          },
          "test": {
            "n": 40,
            "max_abs_z": 2.960594732333752e-10,
            "rms_z": 9.06493303673679e-11,
            "reduced_chi2": 8.217301096052207e-21,
            "exceed_3sigma_n": 0
          }
        }
      }
    },
    {
      "name": "B_high_to_low",
      "train_T_K": [
        106.00258488068825,
        10000.0
      ],
      "test_T_K": [
        1.0,
        94.33732216299774
      ],
      "models": {
        "powerlaw_abs_fit_2p": {
          "params": {
            "log10_abs_coeff": 0.4771212547196623,
            "exponent": -2.1801117809117574e-17,
            "sign": 1.0
          },
          "train": {
            "n": 40,
            "max_abs_z": 5.9211894646675e-10,
            "rms_z": 4.4960605752467824e-10,
            "reduced_chi2": 2.1278484943461502e-19,
            "exceed_3sigma_n": 0
          },
          "test": {
            "n": 40,
            "max_abs_z": 7.401486830834374e-10,
            "rms_z": 4.094300213216722e-10,
            "reduced_chi2": 1.6763294235946496e-19,
            "exceed_3sigma_n": 0
          }
        },
        "fixed_exponent_0_abs_fit": {
          "params": {
            "abs_coeff": 3.0,
            "exponent": 0.0,
            "sign": 1.0
          },
          "train": {
            "n": 40,
            "max_abs_z": 2.960594732333752e-10,
            "rms_z": 9.06493303673679e-11,
            "reduced_chi2": 8.42800112415611e-21,
            "exceed_3sigma_n": 0
          },
          "test": {
            "n": 40,
            "max_abs_z": 2.96059473233375e-10,
            "rms_z": 1.146633409319802e-10,
            "reduced_chi2": 1.3147681753683527e-20,
            "exceed_3sigma_n": 0
          }
        }
      }
    }
  ],
  "outputs": {
    "csv": "C:\\develop\\waveP\\output\\public\\quantum\\thermo_blackbody_heat_capacity_flux_per_entropy_flux_holdout_splits.csv",
    "png": "C:\\develop\\waveP\\output\\public\\quantum\\thermo_blackbody_heat_capacity_flux_per_entropy_flux_holdout_splits.png"
  },
  "notes": [
    "Analytic holdout for Φ_cV/Φ_s (heat-capacity flux per entropy flux) based on blackbody identities.",
    "This is a procedural regression check, not an observational inference."
  ]
}
