split,model_id,train_min_T_K,train_max_T_K,test_min_T_K,test_max_T_K,supported,reason,train_n,train_max_abs_z,train_reduced_chi2,test_n,test_max_abs_z,test_reduced_chi2,train_exceed_3sigma_n,test_exceed_3sigma_n,param_log10_abs_coeff,param_abs_coeff,param_exponent,param_sign
A_low_to_high,powerlaw_abs_fit_2p,1.0,94.33732216299774,106.00258488068825,10000.0,True,,40,2.5479429607842437e-08,3.3545796301788423e-16,40,4.20964489173049e-08,1.178118924772066e-15,0,0,-16.35158141452789,,3.600823628360677e-15,1.0
A_low_to_high,fixed_exponent_0_abs_fit,1.0,94.33732216299774,106.00258488068825,10000.0,True,,40,2.769503218243744e-10,2.3108779459329185e-20,40,2.769503218243744e-10,2.3489828482328762e-20,0,0,,4.450600224214474e-17,0.0,1.0
B_high_to_low,powerlaw_abs_fit_2p,106.00258488068825,10000.0,1.0,94.33732216299774,True,,40,8.170034493819043e-09,4.318444751212057e-17,40,4.431205149189989e-09,7.968325082311603e-18,0,0,-16.351581414527892,,7.909366005135213e-16,1.0
B_high_to_low,fixed_exponent_0_abs_fit,106.00258488068825,10000.0,1.0,94.33732216299774,True,,40,2.769503218243744e-10,2.409213177674745e-20,40,2.769503218243744e-10,2.2531059972845954e-20,0,0,,4.450600224214474e-17,0.0,1.0
