split,model_id,train_min_T_K,train_max_T_K,test_min_T_K,test_max_T_K,supported,reason,train_n,train_max_abs_z,train_reduced_chi2,test_n,test_max_abs_z,test_reduced_chi2,train_exceed_3sigma_n,test_exceed_3sigma_n,param_log10_abs_coeff,param_abs_coeff,param_exponent,param_sign
A_low_to_high,powerlaw_abs_fit_2p,1.0,94.33732216299774,106.00258488068825,10000.0,True,,40,1.31725602600658e-08,1.2795171860528734e-16,40,1.7860068400617495e-08,2.4434800918265326e-16,0,0,-7.874760711599961,,-0.999999999999999,1.0
A_low_to_high,fixed_exponent_minus1_abs_fit,1.0,94.33732216299774,106.00258488068825,10000.0,True,,40,2.840248762390622e-10,1.2787601273705796e-20,40,2.382307460011744e-10,1.5269355548180392e-20,0,0,,1.3342563807926082e-08,-1.0,1.0
B_high_to_low,powerlaw_abs_fit_2p,106.00258488068825,10000.0,1.0,94.33732216299774,True,,40,5.760976930986246e-09,2.5285032956636663e-17,40,4.053095464635631e-09,1.1206577155024262e-17,0,0,-7.874760711599964,,-0.9999999999999997,1.0
B_high_to_low,fixed_exponent_minus1_abs_fit,106.00258488068825,10000.0,1.0,94.33732216299774,True,,40,2.382307460011744e-10,1.5660877485313222e-20,40,2.840248762390622e-10,1.2467911241863151e-20,0,0,,1.3342563807926082e-08,-1.0,1.0
