split,model_id,train_min_T_K,train_max_T_K,test_min_T_K,test_max_T_K,supported,reason,train_n,train_max_abs_z,train_reduced_chi2,test_n,test_max_abs_z,test_reduced_chi2,train_exceed_3sigma_n,test_exceed_3sigma_n,param_log10_coeff,param_exponent,param_coeff
A_low_to_high,powerlaw_fit_2p,1.0,94.33732216299774,106.00258488068825,10000.0,True,,40,3.099068610055206e-08,5.914655128438432e-16,40,4.6352005661162554e-08,1.5263697331583459e-15,0,0,10.76929797571078,0.9999999999999967,
A_low_to_high,fixed_exponent_1_fit,1.0,94.33732216299774,106.00258488068825,10000.0,True,,40,2.251745437835401e-10,2.2785825173250044e-20,40,2.41980234951199e-10,2.2430598751102487e-20,0,0,,1.0,58789257576.46826
B_high_to_low,powerlaw_fit_2p,106.00258488068825,10000.0,1.0,94.33732216299774,True,,40,4.4651014627725395e-09,1.144557193690645e-17,40,1.9369178812845036e-09,9.390861940981595e-19,0,0,10.769297975710787,0.9999999999999994,
B_high_to_low,fixed_exponent_1_fit,106.00258488068825,10000.0,1.0,94.33732216299774,True,,40,2.41980234951199e-10,2.3005742308823064e-20,40,2.251745437835401e-10,2.2216179543918793e-20,0,0,,1.0,58789257576.46826
