split,model_id,train_min_T_K,train_max_T_K,test_min_T_K,test_max_T_K,supported,reason,train_n,train_max_abs_z,train_reduced_chi2,test_n,test_max_abs_z,test_reduced_chi2,train_exceed_3sigma_n,test_exceed_3sigma_n,param_log10_abs_coeff,param_abs_coeff,param_exponent,param_sign
A_low_to_high,powerlaw_abs_fit_2p,1.0,94.33732216299774,106.00258488068825,10000.0,True,,40,2.1255296425503056e-08,2.568569741929394e-16,40,3.373807054732895e-08,7.770954241390477e-16,0,0,16.47652015113619,,-1.0000000000000027,1.0
A_low_to_high,fixed_exponent_minus1_abs_fit,1.0,94.33732216299774,106.00258488068825,10000.0,True,,40,5.254504324953819e-10,6.42668783758748e-20,40,5.979978335500807e-10,4.6082601498052995e-20,0,0,,2.995850595789393e+16,-1.0,1.0
B_high_to_low,powerlaw_abs_fit_2p,106.00258488068825,10000.0,1.0,94.33732216299774,True,,40,5.466783993053534e-09,1.6008642915279712e-17,40,9.103311898005653e-09,5.531588525154473e-17,0,0,16.47652015113619,,-0.9999999999999992,1.0
B_high_to_low,fixed_exponent_minus1_abs_fit,106.00258488068825,10000.0,1.0,94.33732216299774,True,,40,5.979978335500807e-10,4.7264206664669736e-20,40,5.254504324953819e-10,6.266020641647793e-20,0,0,,2.995850595789393e+16,-1.0,1.0
