{
  "generated_utc": "2026-02-16T00:55:19.550251+00:00",
  "phase": 8,
  "step": "8.7.12",
  "inputs": {
    "blackbody_constants_extracted_values": {
      "path": "C:\\develop\\waveP\\data\\quantum\\sources\\nist_codata_2022_blackbody_constants\\extracted_values.json",
      "sha256": "ffe4c2234b9bf48c59898745bd5688a50a9f314e5e1eec63e172c24486032742"
    }
  },
  "constants": {
    "c_m_per_s": 299792458.0,
    "h_J_s": 6.62607015e-34,
    "kB_J_per_K": 1.380649e-23,
    "stefan_boltzmann_sigma": 5.6703744191844314e-08,
    "radiation_constant_a": 7.565733250280007e-16
  },
  "assumptions": {
    "sign_convention": "P/Φ_h is positive for photon gas; model fit is applied to abs(P/Φ_h) and sign=+1 is fixed.",
    "sigma_proxy": "1 ppm relative tolerance (operational, analytic baseline)",
    "holdout_reduced_chi2_definition": {
      "train": "sum(z^2)/max(1,n-params)",
      "test": "sum(z^2)/max(1,n)  (no parameters are fit on the test split)"
    }
  },
  "data_range_T_K": [
    1.0,
    10000.0
  ],
  "splits": [
    {
      "name": "A_low_to_high",
      "train_T_K": [
        1.0,
        94.33732216299774
      ],
      "test_T_K": [
        106.00258488068825,
        10000.0
      ],
      "models": {
        "powerlaw_abs_fit_2p": {
          "params": {
            "log10_abs_coeff": -8.476820702927922,
            "exponent": 9.246650936044538e-16,
            "sign": 1.0
          },
          "train": {
            "n": 40,
            "max_abs_z": 1.6738819360687206e-08,
            "rms_z": 1.4656781152587418e-08,
            "reduced_chi2": 2.2612761447878084e-16,
            "exceed_3sigma_n": 0
          },
          "test": {
            "n": 40,
            "max_abs_z": 2.095452201448991e-08,
            "rms_z": 1.8936939574750752e-08,
            "reduced_chi2": 3.5860768045776114e-16,
            "exceed_3sigma_n": 0
          }
        },
        "fixed_exponent_0_abs_fit": {
          "params": {
            "abs_coeff": 3.3356409519815204e-09,
            "exponent": 0.0,
            "sign": 1.0
          },
          "train": {
            "n": 40,
            "max_abs_z": 1.2399125452360894e-10,
            "rms_z": 5.186926314985797e-11,
            "reduced_chi2": 2.7594055997017586e-21,
            "exceed_3sigma_n": 0
          },
          "test": {
            "n": 40,
            "max_abs_z": 1.239912545236089e-10,
            "rms_z": 6.502156242003917e-11,
            "reduced_chi2": 4.22780357954305e-21,
            "exceed_3sigma_n": 0
          }
        }
      }
    },
    {
      "name": "B_high_to_low",
      "train_T_K": [
        106.00258488068825,
        10000.0
      ],
      "test_T_K": [
        1.0,
        94.33732216299774
      ],
      "models": {
        "powerlaw_abs_fit_2p": {
          "params": {
            "log10_abs_coeff": -8.476820702927924,
            "exponent": -6.66806926265839e-16,
            "sign": 1.0
          },
          "train": {
            "n": 40,
            "max_abs_z": 5.331623944515184e-09,
            "rms_z": 3.870682478395857e-09,
            "reduced_chi2": 1.5770718787958633e-17,
            "exceed_3sigma_n": 0
          },
          "test": {
            "n": 40,
            "max_abs_z": 8.431405307605408e-09,
            "rms_z": 6.954876041566237e-09,
            "reduced_chi2": 4.837030075355205e-17,
            "exceed_3sigma_n": 0
          }
        },
        "fixed_exponent_0_abs_fit": {
          "params": {
            "abs_coeff": 3.3356409519815213e-09,
            "exponent": 0.0,
            "sign": 1.0
          },
          "train": {
            "n": 40,
            "max_abs_z": 2.4798250904721787e-10,
            "rms_z": 2.209341848938827e-10,
            "reduced_chi2": 5.006350159458907e-20,
            "exceed_3sigma_n": 0
          },
          "test": {
            "n": 40,
            "max_abs_z": 3.7197376357082684e-10,
            "rms_z": 2.376948246258078e-10,
            "reduced_chi2": 5.649882965389352e-20,
            "exceed_3sigma_n": 0
          }
        }
      }
    }
  ],
  "outputs": {
    "csv": "C:\\develop\\waveP\\output\\public\\quantum\\thermo_blackbody_pressure_per_enthalpy_flux_holdout_splits.csv",
    "png": "C:\\develop\\waveP\\output\\public\\quantum\\thermo_blackbody_pressure_per_enthalpy_flux_holdout_splits.png"
  },
  "notes": [
    "Analytic holdout for P/Φ_h (radiation pressure per enthalpy flux) based on blackbody identities.",
    "This is a procedural regression check, not an observational inference."
  ]
}
