split,model_id,train_min_T_K,train_max_T_K,test_min_T_K,test_max_T_K,supported,reason,train_n,train_max_abs_z,train_reduced_chi2,test_n,test_max_abs_z,test_reduced_chi2,train_exceed_3sigma_n,test_exceed_3sigma_n,param_log10_abs_coeff,param_abs_coeff,param_exponent,param_sign
A_low_to_high,powerlaw_abs_fit_2p,1.0,94.33732216299774,106.00258488068825,10000.0,True,,40,1.3788776888956199e-12,2.116945165559002e-25,40,2.511126848070072e-10,6.95480390989114e-21,0,0,-30.178185483110695,,1.0000000000000033,1.0
A_low_to_high,fixed_exponent_plus1_abs_fit,1.0,94.33732216299774,106.00258488068825,10000.0,True,,40,1.6815581571897804e-14,2.0911243406145224e-29,40,1.4349296274686125e-12,1.3105158823967917e-25,0,0,,6.634596524722755e-31,1.0,1.0
B_high_to_low,powerlaw_abs_fit_2p,106.00258488068825,10000.0,1.0,94.33732216299774,True,,40,3.300338143177809e-11,9.242318476860241e-23,40,5.717297734445253e-13,5.352861822792147e-26,0,0,-30.17818548311069,,0.9999999999999969,1.0
B_high_to_low,fixed_exponent_plus1_abs_fit,106.00258488068825,10000.0,1.0,94.33732216299774,True,,40,1.4349296274686125e-12,1.0399262477921685e-25,40,1.1210387714598535e-14,8.518811253999459e-30,0,0,,6.634596524722756e-31,1.0,1.0
