split,model_id,train_min_T_K,train_max_T_K,test_min_T_K,test_max_T_K,supported,reason,train_n,train_max_abs_z,train_reduced_chi2,test_n,test_max_abs_z,test_reduced_chi2,train_exceed_3sigma_n,test_exceed_3sigma_n,param_log10_abs_coeff,param_abs_coeff,param_exponent,param_sign
A_low_to_high,powerlaw_abs_fit_2p,1.0,94.33732216299774,106.00258488068825,10000.0,True,,40,2.2159183783528414e-08,2.422656913132182e-16,40,3.7613895126508134e-08,9.21615412675971e-16,0,0,30.178185483110695,,-1.0000000000000033,1.0
A_low_to_high,fixed_exponent_minus1_abs_fit,1.0,94.33732216299774,106.00258488068825,10000.0,True,,40,2.683415897242808e-10,1.2616889383182724e-20,40,3.61100872689312e-10,2.102307972314474e-20,0,0,,1.507250661398415e+30,-1.0,1.0
B_high_to_low,powerlaw_abs_fit_2p,106.00258488068825,10000.0,1.0,94.33732216299774,True,,40,8.969924516025292e-09,2.209931751220826e-17,40,2.3343411278511717e-08,2.8301421783366037e-16,0,0,30.17818548311069,,-0.9999999999999969,1.0
B_high_to_low,fixed_exponent_minus1_abs_fit,106.00258488068825,10000.0,1.0,94.33732216299774,True,,40,3.61100872689312e-10,2.1562133049379222e-20,40,2.683415897242808e-10,1.2301467148603155e-20,0,0,,1.507250661398415e+30,-1.0,1.0
