{
  "generated_utc": "2026-02-15T23:18:47.764779+00:00",
  "phase": 8,
  "step": "8.7.12",
  "inputs": {
    "blackbody_constants_extracted_values": {
      "path": "C:\\develop\\waveP\\data\\quantum\\sources\\nist_codata_2022_blackbody_constants\\extracted_values.json",
      "sha256": "ffe4c2234b9bf48c59898745bd5688a50a9f314e5e1eec63e172c24486032742"
    }
  },
  "constants": {
    "c_m_per_s": 299792458.0,
    "h_J_s": 6.62607015e-34,
    "kB_J_per_K": 1.380649e-23,
    "stefan_boltzmann_sigma": 5.6703744191844314e-08,
    "radiation_constant_a": 7.565733250280007e-16
  },
  "assumptions": {
    "sign_convention": "h/Φ_cV is positive for photon gas; model fit is applied to abs(h/Φ_cV) and sign=+1 is fixed.",
    "sigma_proxy": "1 ppm relative tolerance (operational, analytic baseline)",
    "holdout_reduced_chi2_definition": {
      "train": "sum(z^2)/max(1,n-params)",
      "test": "sum(z^2)/max(1,n)  (no parameters are fit on the test split)"
    }
  },
  "data_range_T_K": [
    1.0,
    10000.0
  ],
  "splits": [
    {
      "name": "A_low_to_high",
      "train_T_K": [
        1.0,
        94.33732216299774
      ],
      "test_T_K": [
        106.00258488068825,
        10000.0
      ],
      "models": {
        "powerlaw_abs_fit_2p": {
          "params": {
            "log10_abs_coeff": -8.351881966319626,
            "exponent": 1.0000000000000007,
            "sign": 1.0
          },
          "train": {
            "n": 40,
            "max_abs_z": 7.318241490834324e-09,
            "rms_z": 5.9181528020666325e-09,
            "reduced_chi2": 3.686792904064119e-17,
            "exceed_3sigma_n": 0
          },
          "test": {
            "n": 40,
            "max_abs_z": 1.0512871295544133e-08,
            "rms_z": 8.988436584480592e-09,
            "reduced_chi2": 8.079199223322915e-17,
            "exceed_3sigma_n": 0
          }
        },
        "fixed_exponent_plus1_abs_fit": {
          "params": {
            "abs_coeff": 4.447521269308694e-09,
            "exponent": 1.0,
            "sign": 1.0
          },
          "train": {
            "n": 40,
            "max_abs_z": 2.5886815552584457e-10,
            "rms_z": 1.2813734567390293e-10,
            "reduced_chi2": 1.6840183955234145e-20,
            "exceed_3sigma_n": 0
          },
          "test": {
            "n": 40,
            "max_abs_z": 2.475747336394893e-10,
            "rms_z": 1.3026509131666578e-10,
            "reduced_chi2": 1.6968994015739275e-20,
            "exceed_3sigma_n": 0
          }
        }
      }
    },
    {
      "name": "B_high_to_low",
      "train_T_K": [
        106.00258488068825,
        10000.0
      ],
      "test_T_K": [
        1.0,
        94.33732216299774
      ],
      "models": {
        "powerlaw_abs_fit_2p": {
          "params": {
            "log10_abs_coeff": -8.351881966319626,
            "exponent": 1.0000000000000004,
            "sign": 1.0
          },
          "train": {
            "n": 40,
            "max_abs_z": 8.38882719463006e-09,
            "rms_z": 7.4078495991606765e-09,
            "reduced_chi2": 5.776445861451051e-17,
            "exceed_3sigma_n": 0
          },
          "test": {
            "n": 40,
            "max_abs_z": 6.380051260151292e-09,
            "rms_z": 5.354463264796272e-09,
            "reduced_chi2": 2.867027685405275e-17,
            "exceed_3sigma_n": 0
          }
        },
        "fixed_exponent_plus1_abs_fit": {
          "params": {
            "abs_coeff": 4.447521269308694e-09,
            "exponent": 1.0,
            "sign": 1.0
          },
          "train": {
            "n": 40,
            "max_abs_z": 2.475747336394893e-10,
            "rms_z": 1.3026509131666578e-10,
            "reduced_chi2": 1.7404096426399256e-20,
            "exceed_3sigma_n": 0
          },
          "test": {
            "n": 40,
            "max_abs_z": 2.5886815552584457e-10,
            "rms_z": 1.2813734567390293e-10,
            "reduced_chi2": 1.6419179356353293e-20,
            "exceed_3sigma_n": 0
          }
        }
      }
    }
  ],
  "outputs": {
    "csv": "C:\\develop\\waveP\\output\\public\\quantum\\thermo_blackbody_enthalpy_per_heat_capacity_flux_holdout_splits.csv",
    "png": "C:\\develop\\waveP\\output\\public\\quantum\\thermo_blackbody_enthalpy_per_heat_capacity_flux_holdout_splits.png"
  },
  "notes": [
    "Analytic holdout for h/Φ_cV (radiation enthalpy density per heat-capacity flux) based on blackbody identities.",
    "This is a procedural regression check, not an observational inference."
  ]
}
