split,model_id,train_min_T_K,train_max_T_K,test_min_T_K,test_max_T_K,supported,reason,train_n,train_max_abs_z,train_reduced_chi2,test_n,test_max_abs_z,test_reduced_chi2,train_exceed_3sigma_n,test_exceed_3sigma_n,param_log10_coeff,param_exponent,param_coeff
A_low_to_high,powerlaw_fit_2p,1.0,94.33732216299774,106.00258488068825,10000.0,True,,40,1.7201096488619668e-08,1.4139783762965724e-16,40,2.9478017381336043e-08,5.63027459408614e-16,0,0,7.30721453315748,2.9999999999999973,
A_low_to_high,fixed_exponent_3_fit,1.0,94.33732216299774,106.00258488068825,10000.0,True,,40,0.0,0.0,40,0.0,0.0,0,0,,3.0,20286846.033907045
B_high_to_low,powerlaw_fit_2p,106.00258488068825,10000.0,1.0,94.33732216299774,True,,40,3.0707933784322624e-09,9.046146070562609e-18,40,3.082191115530732e-09,8.578132653474212e-18,0,0,7.307214533157481,3.0,
B_high_to_low,fixed_exponent_3_fit,106.00258488068825,10000.0,1.0,94.33732216299774,True,,40,0.0,0.0,40,0.0,0.0,0,0,,3.0,20286846.033907045
