split,model_id,train_min_T_K,train_max_T_K,test_min_T_K,test_max_T_K,supported,reason,train_n,train_max_abs_z,train_reduced_chi2,test_n,test_max_abs_z,test_reduced_chi2,train_exceed_3sigma_n,test_exceed_3sigma_n,param_log10_abs_coeff,param_abs_coeff,param_exponent,param_sign
A_low_to_high,powerlaw_abs_fit_2p,1.0,94.33732216299774,106.00258488068825,10000.0,True,,40,1.9239842296481068e-08,1.223609363097772e-16,40,4.035674237798468e-08,9.40597567235447e-16,0,0,21.82630351679107,,-4.5355285423130215e-15,1.0
A_low_to_high,fixed_exponent_zero_abs_fit,1.0,94.33732216299774,106.00258488068825,10000.0,True,,40,1.5642148208521196e-10,3.7642584704206586e-21,40,1.5642148208521196e-10,7.340304017320281e-21,0,0,,6.703529374749047e+21,0.0,1.0
B_high_to_low,powerlaw_abs_fit_2p,106.00258488068825,10000.0,1.0,94.33732216299774,True,,40,9.072445960942293e-09,8.173943632339982e-17,40,9.698131889283142e-09,8.693978416514433e-17,0,0,21.826303516791075,,-1.020121603016468e-16,1.0
B_high_to_low,fixed_exponent_zero_abs_fit,106.00258488068825,10000.0,1.0,94.33732216299774,True,,40,1.5642148208521196e-10,7.528516940841314e-21,40,1.5642148208521196e-10,3.670152008660142e-21,0,0,,6.703529374749047e+21,0.0,1.0
