split,model_id,train_min_T_K,train_max_T_K,test_min_T_K,test_max_T_K,supported,reason,train_n,train_max_abs_z,train_reduced_chi2,test_n,test_max_abs_z,test_reduced_chi2,train_exceed_3sigma_n,test_exceed_3sigma_n,param_log10_abs_coeff,param_abs_coeff,param_exponent,param_sign
A_low_to_high,powerlaw_abs_fit_2p,1.0,94.33732216299774,106.00258488068825,10000.0,True,,40,6.661338147750941e-10,1.510739994270914e-19,40,1.3322676295501883e-09,9.39468626872094e-19,0,0,-0.47712125471966244,,1.4167402000795944e-16,1.0
A_low_to_high,fixed_exponent_0_abs_fit,1.0,94.33732216299774,106.00258488068825,10000.0,True,,40,3.330669073875469e-10,1.4222251897013434e-20,40,3.330669073875469e-10,1.1786691259649883e-20,0,0,,0.3333333333333333,0.0,1.0
B_high_to_low,powerlaw_abs_fit_2p,106.00258488068825,10000.0,1.0,94.33732216299774,True,,40,6.661338147750941e-10,2.1237939049895455e-19,40,4.996003610813205e-10,9.152019095728148e-20,0,0,-0.4771212547196623,,2.1801117809117574e-17,1.0
B_high_to_low,fixed_exponent_0_abs_fit,106.00258488068825,10000.0,1.0,94.33732216299774,True,,40,3.330669073875469e-10,1.2088914112461418e-20,40,3.330669073875469e-10,1.3866695599588098e-20,0,0,,0.3333333333333333,0.0,1.0
