split,model_id,train_min_T_K,train_max_T_K,test_min_T_K,test_max_T_K,supported,reason,train_n,train_max_abs_z,train_reduced_chi2,test_n,test_max_abs_z,test_reduced_chi2,train_exceed_3sigma_n,test_exceed_3sigma_n,param_log10_abs_coeff,param_abs_coeff,param_exponent,param_sign
A_low_to_high,powerlaw_abs_fit_2p,1.0,94.33732216299774,106.00258488068825,10000.0,True,,40,2.6029359955903028e-08,5.278381536149696e-16,40,3.354118866800927e-08,8.953787436074264e-16,0,0,13.951542805191098,,-1.615572589883768e-15,1.0
A_low_to_high,fixed_exponent_zero_abs_fit,1.0,94.33732216299774,106.00258488068825,10000.0,True,,40,1.7469369097921498e-10,1.4867687889509938e-20,40,3.4938738195843e-10,1.2970101408875119e-20,0,0,,89442268420896.0,0.0,1.0
B_high_to_low,powerlaw_abs_fit_2p,106.00258488068825,10000.0,1.0,94.33732216299774,True,,40,1.7644062788900708e-08,2.3890605554246197e-16,40,2.2535486136318732e-08,4.065470657140488e-16,0,0,13.951542805191096,,1.1077407739953868e-15,1.0
B_high_to_low,fixed_exponent_zero_abs_fit,106.00258488068825,10000.0,1.0,94.33732216299774,True,,40,3.4938738195843e-10,1.330266811166679e-20,40,1.7469369097921498e-10,1.449599569227219e-20,0,0,,89442268420896.0,0.0,1.0
