{
  "generated_utc": "2026-02-16T10:43:34.052334+00:00",
  "phase": 7,
  "step": "7.20.6",
  "inputs": {
    "blackbody_constants_extracted_values": {
      "path": "C:\\develop\\waveP\\data\\quantum\\sources\\nist_codata_2022_blackbody_constants\\extracted_values.json",
      "sha256": "ffe4c2234b9bf48c59898745bd5688a50a9f314e5e1eec63e172c24486032742"
    }
  },
  "constants": {
    "c_m_per_s": 299792458.0,
    "h_J_s": 6.62607015e-34,
    "kB_J_per_K": 1.380649e-23,
    "radiation_constant_a": 7.565733250280007e-16,
    "stefan_boltzmann_sigma": 5.6703744191844314e-08
  },
  "assumptions": {
    "sign_convention": "u/g is positive for photon gas; model fit is applied to abs(u/g) and sign=+1 is fixed.",
    "sigma_proxy": "1 ppm relative tolerance (operational, analytic baseline)",
    "holdout_reduced_chi2_definition": {
      "train": "sum(z^2)/max(1,n-params)",
      "test": "sum(z^2)/max(1,n)  (no parameters are fit on the test split)"
    }
  },
  "data_range_T_K": [
    1.0,
    10000.0
  ],
  "splits": [
    {
      "name": "A_low_to_high",
      "train_T_K": [
        1.0,
        94.33732216299774
      ],
      "test_T_K": [
        106.00258488068825,
        10000.0
      ],
      "models": {
        "powerlaw_abs_fit_2p": {
          "params": {
            "log10_abs_coeff": 8.476820702927922,
            "exponent": -9.246650936044538e-16,
            "sign": 1.0
          },
          "train": {
            "n": 40,
            "max_abs_z": 1.6700854299452764e-08,
            "rms_z": 1.4685496086126773e-08,
            "reduced_chi2": 2.270145213638366e-16,
            "exceed_3sigma_n": 0
          },
          "test": {
            "n": 40,
            "max_abs_z": 2.127370726239816e-08,
            "rms_z": 1.9025211210493614e-08,
            "reduced_chi2": 3.619586616038919e-16,
            "exceed_3sigma_n": 0
          }
        },
        "fixed_exponent_0_abs_fit": {
          "params": {
            "abs_coeff": 299792458.0,
            "exponent": 0.0,
            "sign": 1.0
          },
          "train": {
            "n": 40,
            "max_abs_z": 1.9881969404110437e-10,
            "rms_z": 8.317224524596356e-11,
            "reduced_chi2": 7.09499731205611e-21,
            "exceed_3sigma_n": 0
          },
          "test": {
            "n": 40,
            "max_abs_z": 1.988196940411043e-10,
            "rms_z": 8.891487022832381e-11,
            "reduced_chi2": 7.905854147719665e-21,
            "exceed_3sigma_n": 0
          }
        }
      }
    },
    {
      "name": "B_high_to_low",
      "train_T_K": [
        106.00258488068825,
        10000.0
      ],
      "test_T_K": [
        1.0,
        94.33732216299774
      ],
      "models": {
        "powerlaw_abs_fit_2p": {
          "params": {
            "log10_abs_coeff": 8.476820702927924,
            "exponent": 6.66806926265839e-16,
            "sign": 1.0
          },
          "train": {
            "n": 40,
            "max_abs_z": 5.169312045068713e-09,
            "rms_z": 3.857050821867853e-09,
            "reduced_chi2": 1.565983267628577e-17,
            "exceed_3sigma_n": 0
          },
          "test": {
            "n": 40,
            "max_abs_z": 8.350427149726382e-09,
            "rms_z": 6.90136351114308e-09,
            "reduced_chi2": 4.762881831293714e-17,
            "exceed_3sigma_n": 0
          }
        },
        "fixed_exponent_0_abs_fit": {
          "params": {
            "abs_coeff": 299792458.0,
            "exponent": 0.0,
            "sign": 1.0
          },
          "train": {
            "n": 40,
            "max_abs_z": 1.988196940411043e-10,
            "rms_z": 8.891487022832381e-11,
            "reduced_chi2": 8.108568356635554e-21,
            "exceed_3sigma_n": 0
          },
          "test": {
            "n": 40,
            "max_abs_z": 1.9881969404110437e-10,
            "rms_z": 8.317224524596356e-11,
            "reduced_chi2": 6.917622379254707e-21,
            "exceed_3sigma_n": 0
          }
        }
      }
    }
  ],
  "outputs": {
    "csv": "C:\\develop\\waveP\\output\\public\\quantum\\thermo_blackbody_energy_per_momentum_density_holdout_splits.csv",
    "png": "C:\\develop\\waveP\\output\\public\\quantum\\thermo_blackbody_energy_per_momentum_density_holdout_splits.png"
  },
  "notes": [
    "Analytic holdout for u/g = c based on blackbody momentum-density and energy-density identities.",
    "This is a procedural regression check, not an observational inference."
  ]
}
