split,model_id,train_min_T_K,train_max_T_K,test_min_T_K,test_max_T_K,supported,reason,train_n,train_max_abs_z,train_reduced_chi2,test_n,test_max_abs_z,test_reduced_chi2,train_exceed_3sigma_n,test_exceed_3sigma_n,param_log10_abs_coeff,param_abs_coeff,param_exponent,param_sign
A_low_to_high,powerlaw_abs_fit_2p,1.0,94.33732216299774,106.00258488068825,10000.0,True,,40,7.128902215994174e-09,3.565265978089408e-17,40,1.0355192397974186e-08,7.952421946892554e-17,0,0,8.351881966319626,,-1.0000000000000007,1.0
A_low_to_high,fixed_exponent_minus1_abs_fit,1.0,94.33732216299774,106.00258488068825,10000.0,True,,40,3.809182823291751e-10,1.7211039368484407e-20,40,2.5466830550869685e-10,1.8653671790933357e-20,0,0,,224844343.5,-1.0,1.0
B_high_to_low,powerlaw_abs_fit_2p,106.00258488068825,10000.0,1.0,94.33732216299774,True,,40,8.413593823354025e-09,5.70073375593232e-17,40,6.259523896970494e-09,2.7987745822000914e-17,0,0,8.351881966319626,,-1.0000000000000004,1.0
B_high_to_low,fixed_exponent_minus1_abs_fit,106.00258488068825,10000.0,1.0,94.33732216299774,True,,40,2.5466830550869685e-10,1.9131971067623956e-20,40,3.809182823291751e-10,1.6780763384272294e-20,0,0,,224844343.5,-1.0,1.0
