split,model_id,train_min_T_K,train_max_T_K,test_min_T_K,test_max_T_K,supported,reason,train_n,train_max_abs_z,train_reduced_chi2,test_n,test_max_abs_z,test_reduced_chi2,train_exceed_3sigma_n,test_exceed_3sigma_n,param_log10_abs_coeff,param_abs_coeff,param_exponent,param_sign
A_low_to_high,powerlaw_abs_fit_2p,1.0,94.33732216299774,106.00258488068825,10000.0,True,,40,3.351876692808364e-08,6.385072731495096e-16,40,5.36432436568004e-08,1.946738822873249e-15,0,0,-22.90548476283869,,1.0000000000000042,-1.0
A_low_to_high,fixed_exponent_1_abs_fit,1.0,94.33732216299774,106.00258488068825,10000.0,True,,40,9.063091880316377e-10,1.6792079459629749e-19,40,1.2363644511883538e-09,2.092058410465381e-19,0,0,,1.2431262499905583e-23,1.0,-1.0
B_high_to_low,powerlaw_abs_fit_2p,106.00258488068825,10000.0,1.0,94.33732216299774,True,,40,1.6699162769917994e-08,1.9166214123896734e-16,40,2.2576088008836815e-08,3.819605682234999e-16,0,0,-22.905484762838686,,0.9999999999999987,-1.0
B_high_to_low,fixed_exponent_1_abs_fit,106.00258488068825,10000.0,1.0,94.33732216299774,True,,40,9.616167953687196e-10,1.5107585112778298e-19,40,8.221402098198723e-10,1.3870626398665122e-19,0,0,,1.243126249990558e-23,1.0,-1.0
