{
  "generated_utc": "2026-02-14T02:20:56.261388+00:00",
  "phase": 7,
  "step": "7.20.6",
  "inputs": {
    "blackbody_constants_extracted_values": {
      "path": "C:\\develop\\waveP\\data\\quantum\\sources\\nist_codata_2022_blackbody_constants\\extracted_values.json",
      "sha256": "ffe4c2234b9bf48c59898745bd5688a50a9f314e5e1eec63e172c24486032742"
    }
  },
  "constants": {
    "c_m_per_s": 299792458.0,
    "h_J_s": 6.62607015e-34,
    "kB_J_per_K": 1.380649e-23,
    "radiation_constant_a": 7.565733250280007e-16,
    "stefan_boltzmann_sigma": 5.6703744191844314e-08
  },
  "assumptions": {
    "sigma_proxy": "1 ppm relative tolerance (operational, analytic baseline)",
    "holdout_reduced_chi2_definition": {
      "train": "sum(z^2)/max(1,n-params)",
      "test": "sum(z^2)/max(1,n)  (no parameters are fit on the test split)"
    }
  },
  "data_range_T_K": [
    1.0,
    10000.0
  ],
  "splits": [
    {
      "name": "A_low_to_high",
      "train_T_K": [
        1.0,
        94.33732216299774
      ],
      "test_T_K": [
        106.00258488068825,
        10000.0
      ],
      "models": {
        "powerlaw_fit_2p": {
          "params": {
            "log10_coeff": -7.7498219749916615,
            "exponent": -0.9999999999999979
          },
          "train": {
            "n": 40,
            "max_abs_z": 1.522012327097571e-10,
            "rms_z": 5.919668116610621e-11,
            "reduced_chi2": 3.688681116928035e-21,
            "exceed_3sigma_n": 0
          },
          "test": {
            "n": 40,
            "max_abs_z": 3.1019272970738538e-12,
            "rms_z": 1.1273129905561073e-12,
            "reduced_chi2": 1.2708345786765541e-24,
            "exceed_3sigma_n": 0
          }
        },
        "fixed_exponent_minus1_fit": {
          "params": {
            "coeff": 1.7790085077234777e-08,
            "exponent": -1.0
          },
          "train": {
            "n": 40,
            "max_abs_z": 1.6543612251060553e-12,
            "rms_z": 6.053534063116174e-13,
            "reduced_chi2": 3.75848970803157e-25,
            "exceed_3sigma_n": 0
          },
          "test": {
            "n": 40,
            "max_abs_z": 2.5849394142282115e-14,
            "rms_z": 6.219879328784945e-15,
            "reduced_chi2": 3.8686898864646253e-29,
            "exceed_3sigma_n": 0
          }
        }
      }
    },
    {
      "name": "B_high_to_low",
      "train_T_K": [
        106.00258488068825,
        10000.0
      ],
      "test_T_K": [
        1.0,
        94.33732216299774
      ],
      "models": {
        "powerlaw_fit_2p": {
          "params": {
            "log10_coeff": -7.7498219749916615,
            "exponent": -1.0
          },
          "train": {
            "n": 40,
            "max_abs_z": 1.4475660719677984e-12,
            "rms_z": 4.997628687125557e-13,
            "reduced_chi2": 2.6290834204610854e-25,
            "exceed_3sigma_n": 0
          },
          "test": {
            "n": 40,
            "max_abs_z": 1.522012327097571e-10,
            "rms_z": 5.311966547938582e-11,
            "reduced_chi2": 2.821698860641854e-21,
            "exceed_3sigma_n": 0
          }
        },
        "fixed_exponent_minus1_fit": {
          "params": {
            "coeff": 1.7790085077234777e-08,
            "exponent": -1.0
          },
          "train": {
            "n": 40,
            "max_abs_z": 2.5849394142282115e-14,
            "rms_z": 6.219879328784945e-15,
            "reduced_chi2": 3.967887063040641e-29,
            "exceed_3sigma_n": 0
          },
          "test": {
            "n": 40,
            "max_abs_z": 1.6543612251060553e-12,
            "rms_z": 6.053534063116174e-13,
            "reduced_chi2": 3.6645274653307807e-25,
            "exceed_3sigma_n": 0
          }
        }
      }
    }
  ],
  "outputs": {
    "csv": "C:\\develop\\waveP\\output\\public\\quantum\\thermo_blackbody_entropy_flux_ratio_holdout_splits.csv",
    "png": "C:\\develop\\waveP\\output\\public\\quantum\\thermo_blackbody_entropy_flux_ratio_holdout_splits.png"
  },
  "notes": [
    "Analytic holdout for s/M = (16/3c) T^-1 based on blackbody entropy density and flux.",
    "This is a procedural regression check, not an observational inference."
  ]
}
