split,model_id,train_min_T_K,train_max_T_K,test_min_T_K,test_max_T_K,supported,reason,train_n,train_max_abs_z,train_reduced_chi2,test_n,test_max_abs_z,test_reduced_chi2,train_exceed_3sigma_n,test_exceed_3sigma_n,param_log10_coeff,param_exponent,param_coeff
A_low_to_high,powerlaw_fit_2p,1.0,94.33732216299774,106.00258488068825,10000.0,True,,40,1.0255191767873153e-16,6.63940050537403e-33,40,1.5146129380243427e-16,1.6406528611473255e-32,0,0,-14.428664059910762,2.8226448840848767e-15,
A_low_to_high,fixed_exponent_0_fit,1.0,94.33732216299774,106.00258488068825,10000.0,True,,40,7.888609052210118e-19,5.106063817732219e-37,40,7.888609052210118e-19,5.2895629861819705e-37,0,0,,0.0,3.726798740889918e-15
B_high_to_low,powerlaw_fit_2p,106.00258488068825,10000.0,1.0,94.33732216299774,True,,40,6.153115060723892e-17,2.7158876308185458e-33,40,8.440811685864826e-17,5.388182220797875e-33,0,0,-14.428664059910759,-1.3123193925137144e-15,
B_high_to_low,fixed_exponent_0_fit,106.00258488068825,10000.0,1.0,94.33732216299774,True,,40,7.888609052210118e-19,5.4251928063404824e-37,40,7.888609052210118e-19,4.978412222288913e-37,0,0,,0.0,3.726798740889918e-15
