{
  "generated_utc": "2026-02-16T12:09:12.701579+00:00",
  "phase": 8,
  "step": "8.7.12",
  "inputs": {
    "blackbody_constants_extracted_values": {
      "path": "C:\\develop\\waveP\\data\\quantum\\sources\\nist_codata_2022_blackbody_constants\\extracted_values.json",
      "sha256": "ffe4c2234b9bf48c59898745bd5688a50a9f314e5e1eec63e172c24486032742"
    }
  },
  "constants": {
    "c_m_per_s": 299792458.0,
    "h_J_s": 6.62607015e-34,
    "kB_J_per_K": 1.380649e-23,
    "stefan_boltzmann_sigma": 5.6703744191844314e-08,
    "radiation_constant_a": 7.565733250280007e-16,
    "hbar_J_s": 1.0545718176461565e-34,
    "zeta3": 1.2020569031595942,
    "photon_density_coeff": 20286846.033907045
  },
  "assumptions": {
    "sign_convention": "n/cV is positive for photon gas; model fit is applied to abs(n/cV) and sign=+1 is fixed.",
    "sigma_proxy": "1 ppm relative tolerance (operational, analytic baseline)",
    "holdout_reduced_chi2_definition": {
      "train": "sum(z^2)/max(1,n-params)",
      "test": "sum(z^2)/max(1,n)  (no parameters are fit on the test split)"
    }
  },
  "data_range_T_K": [
    1.0,
    10000.0
  ],
  "splits": [
    {
      "name": "A_low_to_high",
      "train_T_K": [
        1.0,
        94.33732216299774
      ],
      "test_T_K": [
        106.00258488068825,
        10000.0
      ],
      "models": {
        "powerlaw_abs_fit_2p": {
          "params": {
            "log10_abs_coeff": 21.82630351679107,
            "exponent": -4.5355285423130215e-15,
            "sign": 1.0
          },
          "train": {
            "n": 40,
            "max_abs_z": 1.9239842296481068e-08,
            "rms_z": 1.0781599579574838e-08,
            "reduced_chi2": 1.223609363097772e-16,
            "exceed_3sigma_n": 0
          },
          "test": {
            "n": 40,
            "max_abs_z": 4.035674237798468e-08,
            "rms_z": 3.066916313229702e-08,
            "reduced_chi2": 9.40597567235447e-16,
            "exceed_3sigma_n": 0
          }
        },
        "fixed_exponent_zero_abs_fit": {
          "params": {
            "abs_coeff": 6.703529374749047e+21,
            "exponent": 0.0,
            "sign": 1.0
          },
          "train": {
            "n": 40,
            "max_abs_z": 1.5642148208521196e-10,
            "rms_z": 6.058177951051077e-11,
            "reduced_chi2": 3.7642584704206586e-21,
            "exceed_3sigma_n": 0
          },
          "test": {
            "n": 40,
            "max_abs_z": 1.5642148208521196e-10,
            "rms_z": 8.56755742164608e-11,
            "reduced_chi2": 7.340304017320281e-21,
            "exceed_3sigma_n": 0
          }
        }
      }
    },
    {
      "name": "B_high_to_low",
      "train_T_K": [
        106.00258488068825,
        10000.0
      ],
      "test_T_K": [
        1.0,
        94.33732216299774
      ],
      "models": {
        "powerlaw_abs_fit_2p": {
          "params": {
            "log10_abs_coeff": 21.826303516791075,
            "exponent": -1.020121603016468e-16,
            "sign": 1.0
          },
          "train": {
            "n": 40,
            "max_abs_z": 9.072445960942293e-09,
            "rms_z": 8.812063578256221e-09,
            "reduced_chi2": 8.173943632339982e-17,
            "exceed_3sigma_n": 0
          },
          "test": {
            "n": 40,
            "max_abs_z": 9.698131889283142e-09,
            "rms_z": 9.32415058679043e-09,
            "reduced_chi2": 8.693978416514433e-17,
            "exceed_3sigma_n": 0
          }
        },
        "fixed_exponent_zero_abs_fit": {
          "params": {
            "abs_coeff": 6.703529374749047e+21,
            "exponent": 0.0,
            "sign": 1.0
          },
          "train": {
            "n": 40,
            "max_abs_z": 1.5642148208521196e-10,
            "rms_z": 8.56755742164608e-11,
            "reduced_chi2": 7.528516940841314e-21,
            "exceed_3sigma_n": 0
          },
          "test": {
            "n": 40,
            "max_abs_z": 1.5642148208521196e-10,
            "rms_z": 6.058177951051077e-11,
            "reduced_chi2": 3.670152008660142e-21,
            "exceed_3sigma_n": 0
          }
        }
      }
    }
  ],
  "outputs": {
    "csv": "C:\\develop\\waveP\\output\\public\\quantum\\thermo_blackbody_photon_density_per_heat_capacity_density_holdout_splits.csv",
    "png": "C:\\develop\\waveP\\output\\public\\quantum\\thermo_blackbody_photon_density_per_heat_capacity_density_holdout_splits.png"
  },
  "notes": [
    "Analytic holdout for n/cV (photon density per heat-capacity density) based on blackbody identities.",
    "This is a procedural regression check, not an observational inference."
  ]
}
