split,model_id,train_min_T_K,train_max_T_K,test_min_T_K,test_max_T_K,supported,reason,train_n,train_max_abs_z,train_reduced_chi2,test_n,test_max_abs_z,test_reduced_chi2,train_exceed_3sigma_n,test_exceed_3sigma_n,param_log10_abs_coeff,param_abs_coeff,param_exponent,param_sign
A_low_to_high,powerlaw_abs_fit_2p,1.0,94.33732216299774,106.00258488068825,10000.0,True,,40,1.7117683311431353e-09,9.654137008565366e-19,40,3.1377567211166024e-09,5.726681084982627e-18,0,0,-0.47712125471966244,,0.9999999999999997,1.0
A_low_to_high,fixed_exponent_plus1_abs_fit,1.0,94.33732216299774,106.00258488068825,10000.0,True,,40,2.852947218571892e-10,1.6729228923989043e-20,40,2.7634803035894365e-10,1.463038454192665e-20,0,0,,0.3333333333333333,1.0,1.0
B_high_to_low,powerlaw_abs_fit_2p,106.00258488068825,10000.0,1.0,94.33732216299774,True,,40,2.7974064107240243e-09,5.922711550614336e-18,40,3.3095123939570838e-09,8.108029121503164e-18,0,0,-0.4771212547196611,,0.9999999999999999,1.0
B_high_to_low,fixed_exponent_plus1_abs_fit,106.00258488068825,10000.0,1.0,94.33732216299774,True,,40,2.7634803035894365e-10,1.5005522607104256e-20,40,2.852947218571892e-10,1.6310998200889317e-20,0,0,,0.3333333333333333,1.0,1.0
