split,model_id,train_min_T_K,train_max_T_K,test_min_T_K,test_max_T_K,supported,reason,train_n,train_max_abs_z,train_reduced_chi2,test_n,test_max_abs_z,test_reduced_chi2,train_exceed_3sigma_n,test_exceed_3sigma_n,param_log10_abs_coeff,param_abs_coeff,param_exponent,param_sign
A_low_to_high,powerlaw_abs_fit_2p,1.0,94.33732216299774,106.00258488068825,10000.0,True,,40,9.981969236540305e-09,5.812590914802104e-17,40,1.4897466570175263e-08,1.5644141340139002e-16,0,0,-7.999699448208263,,1.000000000000001,1.0
A_low_to_high,fixed_exponent_plus1_abs_fit,1.0,94.33732216299774,106.00258488068825,10000.0,True,,40,2.868514068908361e-10,1.8693102613028034e-20,40,3.8428060363396214e-10,1.9831429493587177e-20,0,0,,1.0006922855944561e-08,1.0,1.0
B_high_to_low,powerlaw_abs_fit_2p,106.00258488068825,10000.0,1.0,94.33732216299774,True,,40,4.8697046753408055e-09,1.9494148950684284e-17,40,3.9254935199877604e-09,1.077664081738059e-17,0,0,-7.999699448208264,,1.0000000000000002,1.0
B_high_to_low,fixed_exponent_plus1_abs_fit,106.00258488068825,10000.0,1.0,94.33732216299774,True,,40,3.5532060178595274e-10,2.3907230631281033e-20,40,3.6916899998003136e-10,2.371051088162464e-20,0,0,,1.0006922855944563e-08,1.0,1.0
