{
  "generated_utc": "2026-02-16T08:01:22.463793+00:00",
  "phase": 8,
  "step": "8.7.12",
  "inputs": {
    "blackbody_constants_extracted_values": {
      "path": "C:\\develop\\waveP\\data\\quantum\\sources\\nist_codata_2022_blackbody_constants\\extracted_values.json",
      "sha256": "ffe4c2234b9bf48c59898745bd5688a50a9f314e5e1eec63e172c24486032742"
    }
  },
  "constants": {
    "c_m_per_s": 299792458.0,
    "h_J_s": 6.62607015e-34,
    "kB_J_per_K": 1.380649e-23,
    "stefan_boltzmann_sigma": 5.6703744191844314e-08,
    "radiation_constant_a": 7.565733250280007e-16,
    "zeta3": 1.2020569031595942
  },
  "assumptions": {
    "sign_convention": "g/Φ_n is positive for photon gas; model fit is applied to abs(g/Φ_n) and sign=+1 is fixed.",
    "sigma_proxy": "1 ppm relative tolerance (operational, analytic baseline)",
    "holdout_reduced_chi2_definition": {
      "train": "sum(z^2)/max(1,n-params)",
      "test": "sum(z^2)/max(1,n)  (no parameters are fit on the test split)"
    }
  },
  "data_range_T_K": [
    1.0,
    10000.0
  ],
  "splits": [
    {
      "name": "A_low_to_high",
      "train_T_K": [
        1.0,
        94.33732216299774
      ],
      "test_T_K": [
        106.00258488068825,
        10000.0
      ],
      "models": {
        "powerlaw_abs_fit_2p": {
          "params": {
            "log10_abs_coeff": -38.77994492264691,
            "exponent": 1.0000000000000044,
            "sign": 1.0
          },
          "train": {
            "n": 40,
            "max_abs_z": 8.164460950359753e-21,
            "rms_z": 2.7216727449400152e-21,
            "reduced_chi2": 7.797371084788754e-42,
            "exceed_3sigma_n": 0
          },
          "test": {
            "n": 40,
            "max_abs_z": 1.2080896489616723e-18,
            "rms_z": 4.079492489554991e-19,
            "reduced_chi2": 1.6642258972335576e-37,
            "exceed_3sigma_n": 0
          }
        },
        "fixed_exponent_plus1_abs_fit": {
          "params": {
            "abs_coeff": 1.6597973900804628e-39,
            "exponent": 1.0,
            "sign": 1.0
          },
          "train": {
            "n": 40,
            "max_abs_z": 1.0440487148797638e-23,
            "rms_z": 3.979232106202189e-24,
            "reduced_chi2": 1.6240295543620824e-47,
            "exceed_3sigma_n": 0
          },
          "test": {
            "n": 40,
            "max_abs_z": 2.6727647100921953e-21,
            "rms_z": 9.624068010069555e-22,
            "reduced_chi2": 9.262268506244416e-43,
            "exceed_3sigma_n": 0
          }
        }
      }
    },
    {
      "name": "B_high_to_low",
      "train_T_K": [
        106.00258488068825,
        10000.0
      ],
      "test_T_K": [
        1.0,
        94.33732216299774
      ],
      "models": {
        "powerlaw_abs_fit_2p": {
          "params": {
            "log10_abs_coeff": -38.77994492264691,
            "exponent": 0.9999999999999991,
            "sign": 1.0
          },
          "train": {
            "n": 40,
            "max_abs_z": 3.9556917709364494e-19,
            "rms_z": 1.3910304371709942e-19,
            "reduced_chi2": 2.036805975932766e-38,
            "exceed_3sigma_n": 0
          },
          "test": {
            "n": 40,
            "max_abs_z": 4.3641236281974125e-21,
            "rms_z": 1.5344753226257281e-21,
            "reduced_chi2": 2.3546145157473325e-42,
            "exceed_3sigma_n": 0
          }
        },
        "fixed_exponent_plus1_abs_fit": {
          "params": {
            "abs_coeff": 1.6597973900804628e-39,
            "exponent": 1.0,
            "sign": 1.0
          },
          "train": {
            "n": 40,
            "max_abs_z": 2.6727647100921953e-21,
            "rms_z": 9.624068010069555e-22,
            "reduced_chi2": 9.499762570507093e-43,
            "exceed_3sigma_n": 0
          },
          "test": {
            "n": 40,
            "max_abs_z": 1.0440487148797638e-23,
            "rms_z": 3.979232106202189e-24,
            "reduced_chi2": 1.5834288155030306e-47,
            "exceed_3sigma_n": 0
          }
        }
      }
    }
  ],
  "outputs": {
    "csv": "C:\\develop\\waveP\\output\\public\\quantum\\thermo_blackbody_momentum_per_photon_flux_holdout_splits.csv",
    "png": "C:\\develop\\waveP\\output\\public\\quantum\\thermo_blackbody_momentum_per_photon_flux_holdout_splits.png"
  },
  "notes": [
    "Analytic holdout for g/Φ_n (momentum density per photon flux) based on blackbody identities.",
    "This is a procedural regression check, not an observational inference."
  ]
}
