{
  "generated_utc": "2026-02-15T07:49:03.951761+00:00",
  "phase": 7,
  "step": "7.20.6",
  "inputs": {
    "blackbody_constants_extracted_values": {
      "path": "C:\\develop\\waveP\\data\\quantum\\sources\\nist_codata_2022_blackbody_constants\\extracted_values.json",
      "sha256": "ffe4c2234b9bf48c59898745bd5688a50a9f314e5e1eec63e172c24486032742"
    }
  },
  "constants": {
    "c_m_per_s": 299792458.0,
    "h_J_s": 6.62607015e-34,
    "kB_J_per_K": 1.380649e-23,
    "radiation_constant_a": 7.565733250280007e-16,
    "stefan_boltzmann_sigma": 5.6703744191844314e-08
  },
  "assumptions": {
    "sign_convention": "g/P is positive for photon gas; model fit is applied to abs(g/P) and sign=+1 is fixed.",
    "sigma_proxy": "1 ppm relative tolerance (operational, analytic baseline)",
    "holdout_reduced_chi2_definition": {
      "train": "sum(z^2)/max(1,n-params)",
      "test": "sum(z^2)/max(1,n)  (no parameters are fit on the test split)"
    }
  },
  "data_range_T_K": [
    1.0,
    10000.0
  ],
  "splits": [
    {
      "name": "A_low_to_high",
      "train_T_K": [
        1.0,
        94.33732216299774
      ],
      "test_T_K": [
        106.00258488068825,
        10000.0
      ],
      "models": {
        "powerlaw_abs_fit_2p": {
          "params": {
            "log10_abs_coeff": -7.9996994482082675,
            "exponent": 2.7700569919377367e-15,
            "sign": 1.0
          },
          "train": {
            "n": 40,
            "max_abs_z": 7.27415359871839e-09,
            "rms_z": 3.824973339740472e-09,
            "reduced_chi2": 1.5400443210237248e-17,
            "exceed_3sigma_n": 0
          },
          "test": {
            "n": 40,
            "max_abs_z": 2.0003922396475572e-08,
            "rms_z": 1.4223165500237582e-08,
            "reduced_chi2": 2.0229843684714856e-16,
            "exceed_3sigma_n": 0
          }
        },
        "fixed_exponent_0_abs_fit": {
          "params": {
            "abs_coeff": 1.0006922855944561e-08,
            "exponent": 0.0,
            "sign": 1.0
          },
          "train": {
            "n": 40,
            "max_abs_z": 1.6532167269814526e-10,
            "rms_z": 8.669541656005224e-11,
            "reduced_chi2": 7.70881564361126e-21,
            "exceed_3sigma_n": 0
          },
          "test": {
            "n": 40,
            "max_abs_z": 1.653216726981452e-10,
            "rms_z": 6.915901753314397e-11,
            "reduced_chi2": 4.782969706149714e-21,
            "exceed_3sigma_n": 0
          }
        }
      }
    },
    {
      "name": "B_high_to_low",
      "train_T_K": [
        106.00258488068825,
        10000.0
      ],
      "test_T_K": [
        1.0,
        94.33732216299774
      ],
      "models": {
        "powerlaw_abs_fit_2p": {
          "params": {
            "log10_abs_coeff": -7.999699448208268,
            "exponent": 1.0829725863832258e-15,
            "sign": 1.0
          },
          "train": {
            "n": 40,
            "max_abs_z": 2.4798250904721782e-09,
            "rms_z": 1.4645204923506024e-09,
            "reduced_chi2": 2.257705550015632e-18,
            "exceed_3sigma_n": 0
          },
          "test": {
            "n": 40,
            "max_abs_z": 7.4394752714165355e-09,
            "rms_z": 5.209600433379384e-09,
            "reduced_chi2": 2.7139936675466667e-17,
            "exceed_3sigma_n": 0
          }
        },
        "fixed_exponent_0_abs_fit": {
          "params": {
            "abs_coeff": 1.0006922855944561e-08,
            "exponent": 0.0,
            "sign": 1.0
          },
          "train": {
            "n": 40,
            "max_abs_z": 1.653216726981452e-10,
            "rms_z": 6.915901753314397e-11,
            "reduced_chi2": 4.9056099550253475e-21,
            "exceed_3sigma_n": 0
          },
          "test": {
            "n": 40,
            "max_abs_z": 1.6532167269814526e-10,
            "rms_z": 8.669541656005224e-11,
            "reduced_chi2": 7.516095252520979e-21,
            "exceed_3sigma_n": 0
          }
        }
      }
    }
  ],
  "outputs": {
    "csv": "C:\\develop\\waveP\\output\\public\\quantum\\thermo_blackbody_momentum_pressure_ratio_holdout_splits.csv",
    "png": "C:\\develop\\waveP\\output\\public\\quantum\\thermo_blackbody_momentum_pressure_ratio_holdout_splits.png"
  },
  "notes": [
    "Analytic holdout for g/P = 3/c based on blackbody momentum-density and pressure identities.",
    "This is a procedural regression check, not an observational inference."
  ]
}
