split,model_id,train_min_T_K,train_max_T_K,test_min_T_K,test_max_T_K,supported,reason,train_n,train_max_abs_z,train_reduced_chi2,test_n,test_max_abs_z,test_reduced_chi2,train_exceed_3sigma_n,test_exceed_3sigma_n,param_log10_abs_coeff,param_abs_coeff,param_exponent,param_sign
A_low_to_high,powerlaw_abs_fit_2p,1.0,94.33732216299774,106.00258488068825,10000.0,True,,40,2.945685013504908e-09,2.650531580707449e-18,40,5.9226114445157095e-09,2.0155308351124234e-17,0,0,-8.411942687470644e-17,,-0.9999999999999993,1.0
A_low_to_high,fixed_exponent_minus1_abs_fit,1.0,94.33732216299774,106.00258488068825,10000.0,True,,40,2.0014385450353744e-10,1.2557470634080941e-20,40,2.146764767415088e-10,1.5923627381934733e-20,0,0,,1.0,-1.0,1.0
B_high_to_low,powerlaw_abs_fit_2p,106.00258488068825,10000.0,1.0,94.33732216299774,True,,40,8.587059069660352e-10,1.4845556632272052e-19,40,1.4175927173287054e-09,8.166587289048886e-19,0,0,5.610818241632436e-16,,-1.0000000000000002,1.0
B_high_to_low,fixed_exponent_minus1_abs_fit,106.00258488068825,10000.0,1.0,94.33732216299774,True,,40,2.146764767415088e-10,1.633192551993306e-20,40,2.0014385450353744e-10,1.2243533868228917e-20,0,0,,1.0,-1.0,1.0
