{
  "generated_utc": "2026-02-14T00:59:54.401585+00:00",
  "phase": 7,
  "step": "7.20.6",
  "inputs": {
    "blackbody_constants_extracted_values": {
      "path": "C:\\develop\\waveP\\data\\quantum\\sources\\nist_codata_2022_blackbody_constants\\extracted_values.json",
      "sha256": "ffe4c2234b9bf48c59898745bd5688a50a9f314e5e1eec63e172c24486032742"
    }
  },
  "constants": {
    "c_m_per_s": 299792458.0,
    "h_J_s": 6.62607015e-34,
    "kB_J_per_K": 1.380649e-23,
    "radiation_constant_a": 7.565733250280007e-16
  },
  "assumptions": {
    "sigma_proxy": "1 ppm relative tolerance (operational, analytic baseline)",
    "holdout_reduced_chi2_definition": {
      "train": "sum(z^2)/max(1,n-params)",
      "test": "sum(z^2)/max(1,n)  (no parameters are fit on the test split)"
    }
  },
  "data_range_T_K": [
    1.0,
    10000.0
  ],
  "splits": [
    {
      "name": "A_low_to_high",
      "train_T_K": [
        1.0,
        94.33732216299774
      ],
      "test_T_K": [
        106.00258488068825,
        10000.0
      ],
      "models": {
        "powerlaw_fit_2p": {
          "params": {
            "log10_coeff": -15.598270229681212,
            "exponent": 4.000000000000002
          },
          "train": {
            "n": 40,
            "max_abs_z": 2.2499312661442353e-10,
            "rms_z": 4.548193330468907e-11,
            "reduced_chi2": 2.1774802706654573e-21,
            "exceed_3sigma_n": 0
          },
          "test": {
            "n": 40,
            "max_abs_z": 1.972234145369831e-08,
            "rms_z": 1.5010064104662512e-08,
            "reduced_chi2": 2.2530202442607797e-16,
            "exceed_3sigma_n": 0
          }
        },
        "fixed_exponent_4_fit": {
          "params": {
            "coeff": 2.521911083426669e-16,
            "exponent": 4.0
          },
          "train": {
            "n": 40,
            "max_abs_z": 0.0,
            "rms_z": 0.0,
            "reduced_chi2": 0.0,
            "exceed_3sigma_n": 0
          },
          "test": {
            "n": 40,
            "max_abs_z": 0.0,
            "rms_z": 0.0,
            "reduced_chi2": 0.0,
            "exceed_3sigma_n": 0
          }
        }
      }
    },
    {
      "name": "B_high_to_low",
      "train_T_K": [
        106.00258488068825,
        10000.0
      ],
      "test_T_K": [
        1.0,
        94.33732216299774
      ],
      "models": {
        "powerlaw_fit_2p": {
          "params": {
            "log10_coeff": -15.59827022968121,
            "exponent": 4.000000000000001
          },
          "train": {
            "n": 40,
            "max_abs_z": 1.567221776231384e-08,
            "rms_z": 1.2740358966753066e-08,
            "reduced_chi2": 1.7085973326497395e-16,
            "exceed_3sigma_n": 0
          },
          "test": {
            "n": 40,
            "max_abs_z": 2.2830184906463564e-10,
            "rms_z": 4.610479429341419e-11,
            "reduced_chi2": 2.1256520568380378e-21,
            "exceed_3sigma_n": 0
          }
        },
        "fixed_exponent_4_fit": {
          "params": {
            "coeff": 2.521911083426669e-16,
            "exponent": 4.0
          },
          "train": {
            "n": 40,
            "max_abs_z": 0.0,
            "rms_z": 0.0,
            "reduced_chi2": 0.0,
            "exceed_3sigma_n": 0
          },
          "test": {
            "n": 40,
            "max_abs_z": 0.0,
            "rms_z": 0.0,
            "reduced_chi2": 0.0,
            "exceed_3sigma_n": 0
          }
        }
      }
    }
  ],
  "outputs": {
    "csv": "C:\\develop\\waveP\\output\\public\\quantum\\thermo_blackbody_pressure_holdout_splits.csv",
    "png": "C:\\develop\\waveP\\output\\public\\quantum\\thermo_blackbody_pressure_holdout_splits.png"
  },
  "notes": [
    "Analytic holdout for blackbody radiation pressure P_rad = (a/3) T^4.",
    "This is a procedural regression check, not an observational inference."
  ]
}
