{
  "generated_utc": "2026-02-15T08:19:16.401700+00:00",
  "phase": 7,
  "step": "7.20.6",
  "inputs": {
    "blackbody_constants_extracted_values": {
      "path": "C:\\develop\\waveP\\data\\quantum\\sources\\nist_codata_2022_blackbody_constants\\extracted_values.json",
      "sha256": "ffe4c2234b9bf48c59898745bd5688a50a9f314e5e1eec63e172c24486032742"
    }
  },
  "constants": {
    "c_m_per_s": 299792458.0,
    "h_J_s": 6.62607015e-34,
    "kB_J_per_K": 1.380649e-23,
    "radiation_constant_a": 7.565733250280007e-16,
    "stefan_boltzmann_sigma": 5.6703744191844314e-08,
    "zeta3": 1.2020569031595942
  },
  "assumptions": {
    "sign_convention": "g/n is positive for photon gas; model fit is applied to abs(g/n) and sign=+1 is fixed.",
    "sigma_proxy": "1 ppm relative tolerance (operational, analytic baseline)",
    "holdout_reduced_chi2_definition": {
      "train": "sum(z^2)/max(1,n-params)",
      "test": "sum(z^2)/max(1,n)  (no parameters are fit on the test split)"
    }
  },
  "data_range_T_K": [
    1.0,
    10000.0
  ],
  "splits": [
    {
      "name": "A_low_to_high",
      "train_T_K": [
        1.0,
        94.33732216299774
      ],
      "test_T_K": [
        106.00258488068825,
        10000.0
      ],
      "models": {
        "powerlaw_abs_fit_2p": {
          "params": {
            "log10_abs_coeff": -30.90518421104695,
            "exponent": 1.0000000000000036,
            "sign": 1.0
          },
          "train": {
            "n": 40,
            "max_abs_z": 4.624284932271896e-13,
            "rms_z": 1.5382477824547595e-13,
            "reduced_chi2": 2.4907434107652472e-26,
            "exceed_3sigma_n": 0
          },
          "test": {
            "n": 40,
            "max_abs_z": 6.959408693222771e-11,
            "rms_z": 2.3465178748494846e-11,
            "reduced_chi2": 5.506146136988141e-22,
            "exceed_3sigma_n": 0
          }
        },
        "fixed_exponent_1_abs_fit": {
          "params": {
            "abs_coeff": 1.2439868483855167e-31,
            "exponent": 1.0,
            "sign": 1.0
          },
          "train": {
            "n": 40,
            "max_abs_z": 1.401298464324817e-15,
            "rms_z": 4.838561529381919e-16,
            "reduced_chi2": 2.401197710114327e-31,
            "exceed_3sigma_n": 0
          },
          "test": {
            "n": 40,
            "max_abs_z": 1.7936620343357656e-13,
            "rms_z": 5.890956079014906e-14,
            "reduced_chi2": 3.4703363524882675e-27,
            "exceed_3sigma_n": 0
          }
        }
      }
    },
    {
      "name": "B_high_to_low",
      "train_T_K": [
        106.00258488068825,
        10000.0
      ],
      "test_T_K": [
        1.0,
        94.33732216299774
      ],
      "models": {
        "powerlaw_abs_fit_2p": {
          "params": {
            "log10_abs_coeff": -30.90518421104696,
            "exponent": 1.0000000000000018,
            "sign": 1.0
          },
          "train": {
            "n": 40,
            "max_abs_z": 1.883345136052554e-11,
            "rms_z": 6.20515805075169e-12,
            "reduced_chi2": 4.053051203664054e-23,
            "exceed_3sigma_n": 0
          },
          "test": {
            "n": 40,
            "max_abs_z": 8.26766093951642e-14,
            "rms_z": 2.471837416689122e-14,
            "reduced_chi2": 6.109980214544352e-28,
            "exceed_3sigma_n": 0
          }
        },
        "fixed_exponent_1_abs_fit": {
          "params": {
            "abs_coeff": 1.2439868483855167e-31,
            "exponent": 1.0,
            "sign": 1.0
          },
          "train": {
            "n": 40,
            "max_abs_z": 1.7936620343357656e-13,
            "rms_z": 5.890956079014906e-14,
            "reduced_chi2": 3.559319335885403e-27,
            "exceed_3sigma_n": 0
          },
          "test": {
            "n": 40,
            "max_abs_z": 1.401298464324817e-15,
            "rms_z": 4.838561529381919e-16,
            "reduced_chi2": 2.341167767361469e-31,
            "exceed_3sigma_n": 0
          }
        }
      }
    }
  ],
  "outputs": {
    "csv": "C:\\develop\\waveP\\output\\public\\quantum\\thermo_blackbody_momentum_per_photon_holdout_splits.csv",
    "png": "C:\\develop\\waveP\\output\\public\\quantum\\thermo_blackbody_momentum_per_photon_holdout_splits.png"
  },
  "notes": [
    "Analytic holdout for g/n (momentum-density per photon number density) based on blackbody identities.",
    "This is a procedural regression check, not an observational inference."
  ]
}
