{
  "generated_utc": "2026-02-16T23:51:37.527693+00:00",
  "phase": 8,
  "step": "8.7.12",
  "inputs": {
    "blackbody_constants_extracted_values": {
      "path": "C:\\develop\\waveP\\data\\quantum\\sources\\nist_codata_2022_blackbody_constants\\extracted_values.json",
      "sha256": "ffe4c2234b9bf48c59898745bd5688a50a9f314e5e1eec63e172c24486032742"
    }
  },
  "constants": {
    "c_m_per_s": 299792458.0,
    "h_J_s": 6.62607015e-34,
    "kB_J_per_K": 1.380649e-23,
    "stefan_boltzmann_sigma": 5.6703744191844314e-08,
    "radiation_constant_a": 7.565733250280007e-16,
    "photon_density_coeff": 20286846.033907045
  },
  "assumptions": {
    "sign_convention": "Φ_cV/Φ_n is positive for photon gas; model fit is applied to abs(Φ_cV/Φ_n) and sign=+1 is fixed.",
    "sigma_proxy": "1 ppm relative tolerance (operational, analytic baseline)",
    "holdout_reduced_chi2_definition": {
      "train": "sum(z^2)/max(1,n-params)",
      "test": "sum(z^2)/max(1,n)  (no parameters are fit on the test split)"
    }
  },
  "data_range_T_K": [
    1.0,
    10000.0
  ],
  "splits": [
    {
      "name": "A_low_to_high",
      "train_T_K": [
        1.0,
        94.33732216299774
      ],
      "test_T_K": [
        106.00258488068825,
        10000.0
      ],
      "models": {
        "powerlaw_abs_fit_2p": {
          "params": {
            "log10_abs_coeff": -21.82630351679107,
            "exponent": 4.5355285423130215e-15,
            "sign": 1.0
          },
          "train": {
            "n": 40,
            "max_abs_z": 1.938470384004837e-08,
            "rms_z": 1.0832782628583263e-08,
            "reduced_chi2": 1.235254520822477e-16,
            "exceed_3sigma_n": 0
          },
          "test": {
            "n": 40,
            "max_abs_z": 4.0502999080426267e-08,
            "rms_z": 3.078082591993724e-08,
            "reduced_chi2": 9.474592443134805e-16,
            "exceed_3sigma_n": 0
          }
        },
        "fixed_exponent_0_abs_fit": {
          "params": {
            "abs_coeff": 1.4917514999886696e-22,
            "exponent": 0.0,
            "sign": 1.0
          },
          "train": {
            "n": 40,
            "max_abs_z": 3.1519843642355055e-10,
            "rms_z": 1.341908988948133e-10,
            "reduced_chi2": 1.846892035507488e-20,
            "exceed_3sigma_n": 0
          },
          "test": {
            "n": 40,
            "max_abs_z": 3.1519843642355055e-10,
            "rms_z": 1.2706055181536794e-10,
            "reduced_chi2": 1.6144383827625804e-20,
            "exceed_3sigma_n": 0
          }
        }
      }
    },
    {
      "name": "B_high_to_low",
      "train_T_K": [
        106.00258488068825,
        10000.0
      ],
      "test_T_K": [
        1.0,
        94.33732216299774
      ],
      "models": {
        "powerlaw_abs_fit_2p": {
          "params": {
            "log10_abs_coeff": -21.826303516791075,
            "exponent": 1.020121603016468e-16,
            "sign": 1.0
          },
          "train": {
            "n": 40,
            "max_abs_z": 9.140754656282969e-09,
            "rms_z": 8.777194130923148e-09,
            "reduced_chi2": 8.109382822306502e-17,
            "exceed_3sigma_n": 0
          },
          "test": {
            "n": 40,
            "max_abs_z": 9.613552310918295e-09,
            "rms_z": 9.328189756952067e-09,
            "reduced_chi2": 8.701512414170547e-17,
            "exceed_3sigma_n": 0
          }
        },
        "fixed_exponent_0_abs_fit": {
          "params": {
            "abs_coeff": 1.4917514999886698e-22,
            "exponent": 0.0,
            "sign": 1.0
          },
          "train": {
            "n": 40,
            "max_abs_z": 3.1519843642355076e-10,
            "rms_z": 1.7620128256117628e-10,
            "reduced_chi2": 3.1842966129439474e-20,
            "exceed_3sigma_n": 0
          },
          "test": {
            "n": 40,
            "max_abs_z": 3.1519843642355076e-10,
            "rms_z": 1.387410286297682e-10,
            "reduced_chi2": 1.924907302524616e-20,
            "exceed_3sigma_n": 0
          }
        }
      }
    }
  ],
  "outputs": {
    "csv": "C:\\develop\\waveP\\output\\public\\quantum\\thermo_blackbody_heat_capacity_flux_per_photon_flux_holdout_splits.csv",
    "png": "C:\\develop\\waveP\\output\\public\\quantum\\thermo_blackbody_heat_capacity_flux_per_photon_flux_holdout_splits.png"
  },
  "notes": [
    "Analytic holdout for Φ_cV/Φ_n (heat-capacity flux per photon flux) based on blackbody identities.",
    "This is a procedural regression check, not an observational inference."
  ]
}
