{
  "generated_utc": "2026-02-15T22:48:28.577295+00:00",
  "phase": 8,
  "step": "8.7.12",
  "inputs": {
    "blackbody_constants_extracted_values": {
      "path": "C:\\develop\\waveP\\data\\quantum\\sources\\nist_codata_2022_blackbody_constants\\extracted_values.json",
      "sha256": "ffe4c2234b9bf48c59898745bd5688a50a9f314e5e1eec63e172c24486032742"
    }
  },
  "constants": {
    "c_m_per_s": 299792458.0,
    "h_J_s": 6.62607015e-34,
    "kB_J_per_K": 1.380649e-23,
    "stefan_boltzmann_sigma": 5.6703744191844314e-08,
    "radiation_constant_a": 7.565733250280007e-16,
    "zeta3": 1.2020569031595942
  },
  "assumptions": {
    "sign_convention": "P/Φ_n is positive for photon gas; model fit is applied to abs(P/Φ_n) and sign=+1 is fixed.",
    "sigma_proxy": "1 ppm relative tolerance (operational, analytic baseline)",
    "holdout_reduced_chi2_definition": {
      "train": "sum(z^2)/max(1,n-params)",
      "test": "sum(z^2)/max(1,n)  (no parameters are fit on the test split)"
    }
  },
  "data_range_T_K": [
    1.0,
    10000.0
  ],
  "splits": [
    {
      "name": "A_low_to_high",
      "train_T_K": [
        1.0,
        94.33732216299774
      ],
      "test_T_K": [
        106.00258488068825,
        10000.0
      ],
      "models": {
        "powerlaw_abs_fit_2p": {
          "params": {
            "log10_abs_coeff": -30.780245474438654,
            "exponent": 1.0000000000000067,
            "sign": 1.0
          },
          "train": {
            "n": 40,
            "max_abs_z": 7.062544260197078e-13,
            "rms_z": 2.2941862790978194e-13,
            "reduced_chi2": 5.540305982316523e-26,
            "exceed_3sigma_n": 0
          },
          "test": {
            "n": 40,
            "max_abs_z": 1.2663253962410506e-10,
            "rms_z": 4.2195448589288434e-11,
            "reduced_chi2": 1.780455881651283e-21,
            "exceed_3sigma_n": 0
          }
        },
        "fixed_exponent_plus1_abs_fit": {
          "params": {
            "abs_coeff": 1.6586491311806888e-31,
            "exponent": 1.0,
            "sign": 1.0
          },
          "train": {
            "n": 40,
            "max_abs_z": 4.203895392974451e-15,
            "rms_z": 1.1288396232689454e-15,
            "reduced_chi2": 1.3069527128840765e-30,
            "exceed_3sigma_n": 0
          },
          "test": {
            "n": 40,
            "max_abs_z": 3.5873240686715313e-13,
            "rms_z": 9.050262021057704e-14,
            "reduced_chi2": 8.190724264979948e-27,
            "exceed_3sigma_n": 0
          }
        }
      }
    },
    {
      "name": "B_high_to_low",
      "train_T_K": [
        106.00258488068825,
        10000.0
      ],
      "test_T_K": [
        1.0,
        94.33732216299774
      ],
      "models": {
        "powerlaw_abs_fit_2p": {
          "params": {
            "log10_abs_coeff": -30.780245474438644,
            "exponent": 0.9999999999999991,
            "sign": 1.0
          },
          "train": {
            "n": 40,
            "max_abs_z": 5.2016198995737204e-11,
            "rms_z": 1.8207331570659534e-11,
            "reduced_chi2": 3.4895465570940565e-22,
            "exceed_3sigma_n": 0
          },
          "test": {
            "n": 40,
            "max_abs_z": 5.521115949439779e-13,
            "rms_z": 1.9418053608894912e-13,
            "reduced_chi2": 3.7706080595791673e-26,
            "exceed_3sigma_n": 0
          }
        },
        "fixed_exponent_plus1_abs_fit": {
          "params": {
            "abs_coeff": 1.658649131180689e-31,
            "exponent": 1.0,
            "sign": 1.0
          },
          "train": {
            "n": 40,
            "max_abs_z": 3.5873240686715313e-13,
            "rms_z": 7.960559385171075e-14,
            "reduced_chi2": 6.499539048701053e-27,
            "exceed_3sigma_n": 0
          },
          "test": {
            "n": 40,
            "max_abs_z": 2.802596928649634e-15,
            "rms_z": 7.296750669818492e-16,
            "reduced_chi2": 5.324257033749662e-31,
            "exceed_3sigma_n": 0
          }
        }
      }
    }
  ],
  "outputs": {
    "csv": "C:\\develop\\waveP\\output\\public\\quantum\\thermo_blackbody_pressure_per_photon_flux_holdout_splits.csv",
    "png": "C:\\develop\\waveP\\output\\public\\quantum\\thermo_blackbody_pressure_per_photon_flux_holdout_splits.png"
  },
  "notes": [
    "Analytic holdout for P/Φ_n (radiation pressure per photon flux) based on blackbody identities.",
    "This is a procedural regression check, not an observational inference."
  ]
}
