{
  "generated_utc": "2026-02-16T06:49:14.662723+00:00",
  "phase": 8,
  "step": "8.7.12",
  "inputs": {
    "blackbody_constants_extracted_values": {
      "path": "C:\\develop\\waveP\\data\\quantum\\sources\\nist_codata_2022_blackbody_constants\\extracted_values.json",
      "sha256": "ffe4c2234b9bf48c59898745bd5688a50a9f314e5e1eec63e172c24486032742"
    }
  },
  "constants": {
    "c_m_per_s": 299792458.0,
    "h_J_s": 6.62607015e-34,
    "kB_J_per_K": 1.380649e-23,
    "wien_x_peak_wavelength": 4.965114231744277,
    "wien_x_peak_frequency": 2.8214393721220787,
    "product_reference_m_per_s": 170357861.87124708
  },
  "assumptions": {
    "sigma_proxy": "1 ppm relative tolerance (operational, analytic baseline)",
    "holdout_reduced_chi2_definition": {
      "train": "sum(z^2)/max(1,n-params)",
      "test": "sum(z^2)/max(1,n)  (no parameters are fit on the test split)"
    }
  },
  "data_range_T_K": [
    1.0,
    10000.0
  ],
  "splits": [
    {
      "name": "A_low_to_high",
      "train_T_K": [
        1.0,
        94.33732216299774
      ],
      "test_T_K": [
        106.00258488068825,
        10000.0
      ],
      "models": {
        "powerlaw_fit_2p": {
          "params": {
            "log10_coeff": 8.231362180689416,
            "exponent": -9.883237952876328e-16
          },
          "train": {
            "n": 40,
            "max_abs_z": 1.0321431612019982e-08,
            "rms_z": 8.298063884255785e-09,
            "reduced_chi2": 7.248196234441075e-17,
            "exceed_3sigma_n": 0
          },
          "test": {
            "n": 40,
            "max_abs_z": 1.5044798620910483e-08,
            "rms_z": 1.2874823613618407e-08,
            "reduced_chi2": 1.657610830817861e-16,
            "exceed_3sigma_n": 0
          }
        },
        "fixed_exponent_0_fit": {
          "params": {
            "coeff": 170357861.8712471,
            "exponent": 0.0
          },
          "train": {
            "n": 40,
            "max_abs_z": 1.7493951884779632e-10,
            "rms_z": 6.185046003739431e-11,
            "reduced_chi2": 3.92356862239724e-21,
            "exceed_3sigma_n": 0
          },
          "test": {
            "n": 40,
            "max_abs_z": 1.7493951884779632e-10,
            "rms_z": 8.746975942389815e-11,
            "reduced_chi2": 7.65095881367462e-21,
            "exceed_3sigma_n": 0
          }
        }
      }
    },
    {
      "name": "B_high_to_low",
      "train_T_K": [
        106.00258488068825,
        10000.0
      ],
      "test_T_K": [
        1.0,
        94.33732216299774
      ],
      "models": {
        "powerlaw_fit_2p": {
          "params": {
            "log10_coeff": 8.231362180689414,
            "exponent": 5.164419179468159e-16
          },
          "train": {
            "n": 40,
            "max_abs_z": 7.522399310455241e-09,
            "rms_z": 6.410465262687861e-09,
            "reduced_chi2": 4.3256910404344993e-17,
            "exceed_3sigma_n": 0
          },
          "test": {
            "n": 40,
            "max_abs_z": 9.97155257432439e-09,
            "rms_z": 8.826734605243968e-09,
            "reduced_chi2": 7.791124379141138e-17,
            "exceed_3sigma_n": 0
          }
        },
        "fixed_exponent_0_fit": {
          "params": {
            "coeff": 170357861.8712471,
            "exponent": 0.0
          },
          "train": {
            "n": 40,
            "max_abs_z": 1.7493951884779632e-10,
            "rms_z": 8.746975942389815e-11,
            "reduced_chi2": 7.84713724479448e-21,
            "exceed_3sigma_n": 0
          },
          "test": {
            "n": 40,
            "max_abs_z": 1.7493951884779632e-10,
            "rms_z": 6.185046003739431e-11,
            "reduced_chi2": 3.82547940683731e-21,
            "exceed_3sigma_n": 0
          }
        }
      }
    }
  ],
  "outputs": {
    "csv": "C:\\develop\\waveP\\output\\public\\quantum\\thermo_blackbody_peak_frequency_wavelength_product_holdout_splits.csv",
    "png": "C:\\develop\\waveP\\output\\public\\quantum\\thermo_blackbody_peak_frequency_wavelength_product_holdout_splits.png"
  },
  "notes": [
    "Analytic holdout for the mixed Wien observable ν_max(T)·λ_max(T), expected to be temperature-independent.",
    "The roots are defined by 3(1-exp(-x_nu))=x_nu and 5(1-exp(-x_lambda))=x_lambda."
  ]
}
