{
  "generated_utc": "2026-02-17T00:40:46.854894+00:00",
  "phase": 8,
  "step": "8.7.12",
  "inputs": {
    "blackbody_constants_extracted_values": {
      "path": "C:\\develop\\waveP\\data\\quantum\\sources\\nist_codata_2022_blackbody_constants\\extracted_values.json",
      "sha256": "ffe4c2234b9bf48c59898745bd5688a50a9f314e5e1eec63e172c24486032742"
    }
  },
  "constants": {
    "c_m_per_s": 299792458.0,
    "h_J_s": 6.62607015e-34,
    "kB_J_per_K": 1.380649e-23,
    "stefan_boltzmann_sigma": 5.6703744191844314e-08,
    "radiation_constant_a": 7.565733250280007e-16
  },
  "assumptions": {
    "sign_convention": "Φ_s/Φ_cV is positive for photon gas; model fit is applied to abs(Φ_s/Φ_cV) and sign=+1 is fixed.",
    "sigma_proxy": "1 ppm relative tolerance (operational, analytic baseline)",
    "holdout_reduced_chi2_definition": {
      "train": "sum(z^2)/max(1,n-params)",
      "test": "sum(z^2)/max(1,n)  (no parameters are fit on the test split)"
    }
  },
  "data_range_T_K": [
    1.0,
    10000.0
  ],
  "splits": [
    {
      "name": "A_low_to_high",
      "train_T_K": [
        1.0,
        94.33732216299774
      ],
      "test_T_K": [
        106.00258488068825,
        10000.0
      ],
      "models": {
        "powerlaw_abs_fit_2p": {
          "params": {
            "log10_abs_coeff": -0.47712125471966244,
            "exponent": 1.4167402000795944e-16,
            "sign": 1.0
          },
          "train": {
            "n": 40,
            "max_abs_z": 6.661338147750941e-10,
            "rms_z": 3.788407309882833e-10,
            "reduced_chi2": 1.510739994270914e-19,
            "exceed_3sigma_n": 0
          },
          "test": {
            "n": 40,
            "max_abs_z": 1.3322676295501883e-09,
            "rms_z": 9.692618979780925e-10,
            "reduced_chi2": 9.39468626872094e-19,
            "exceed_3sigma_n": 0
          }
        },
        "fixed_exponent_0_abs_fit": {
          "params": {
            "abs_coeff": 0.3333333333333333,
            "exponent": 0.0,
            "sign": 1.0
          },
          "train": {
            "n": 40,
            "max_abs_z": 3.330669073875469e-10,
            "rms_z": 1.1775693440128314e-10,
            "reduced_chi2": 1.4222251897013434e-20,
            "exceed_3sigma_n": 0
          },
          "test": {
            "n": 40,
            "max_abs_z": 3.330669073875469e-10,
            "rms_z": 1.085665291867152e-10,
            "reduced_chi2": 1.1786691259649883e-20,
            "exceed_3sigma_n": 0
          }
        }
      }
    },
    {
      "name": "B_high_to_low",
      "train_T_K": [
        106.00258488068825,
        10000.0
      ],
      "test_T_K": [
        1.0,
        94.33732216299774
      ],
      "models": {
        "powerlaw_abs_fit_2p": {
          "params": {
            "log10_abs_coeff": -0.4771212547196623,
            "exponent": 2.1801117809117574e-17,
            "sign": 1.0
          },
          "train": {
            "n": 40,
            "max_abs_z": 6.661338147750941e-10,
            "rms_z": 4.491774938418073e-10,
            "reduced_chi2": 2.1237939049895455e-19,
            "exceed_3sigma_n": 0
          },
          "test": {
            "n": 40,
            "max_abs_z": 4.996003610813205e-10,
            "rms_z": 3.0252304202701897e-10,
            "reduced_chi2": 9.152019095728148e-20,
            "exceed_3sigma_n": 0
          }
        },
        "fixed_exponent_0_abs_fit": {
          "params": {
            "abs_coeff": 0.3333333333333333,
            "exponent": 0.0,
            "sign": 1.0
          },
          "train": {
            "n": 40,
            "max_abs_z": 3.330669073875469e-10,
            "rms_z": 1.085665291867152e-10,
            "reduced_chi2": 1.2088914112461418e-20,
            "exceed_3sigma_n": 0
          },
          "test": {
            "n": 40,
            "max_abs_z": 3.330669073875469e-10,
            "rms_z": 1.1775693440128314e-10,
            "reduced_chi2": 1.3866695599588098e-20,
            "exceed_3sigma_n": 0
          }
        }
      }
    }
  ],
  "outputs": {
    "csv": "C:\\develop\\waveP\\output\\public\\quantum\\thermo_blackbody_entropy_flux_per_heat_capacity_flux_holdout_splits.csv",
    "png": "C:\\develop\\waveP\\output\\public\\quantum\\thermo_blackbody_entropy_flux_per_heat_capacity_flux_holdout_splits.png"
  },
  "notes": [
    "Analytic holdout for Φ_s/Φ_cV (entropy flux per heat-capacity flux) based on blackbody identities.",
    "This is a procedural regression check, not an observational inference."
  ]
}
