{
  "generated_utc": "2026-02-16T22:19:30.761107+00:00",
  "phase": 8,
  "step": "8.7.12",
  "inputs": {
    "blackbody_constants_extracted_values": {
      "path": "C:\\develop\\waveP\\data\\quantum\\sources\\nist_codata_2022_blackbody_constants\\extracted_values.json",
      "sha256": "ffe4c2234b9bf48c59898745bd5688a50a9f314e5e1eec63e172c24486032742"
    }
  },
  "constants": {
    "c_m_per_s": 299792458.0,
    "h_J_s": 6.62607015e-34,
    "kB_J_per_K": 1.380649e-23,
    "stefan_boltzmann_sigma": 5.6703744191844314e-08,
    "radiation_constant_a": 7.565733250280007e-16
  },
  "assumptions": {
    "sign_convention": "Φ_s/Φ_h is positive for photon gas; model fit is applied to abs(Φ_s/Φ_h) and sign=+1 is fixed.",
    "sigma_proxy": "1 ppm relative tolerance (operational, analytic baseline)",
    "holdout_reduced_chi2_definition": {
      "train": "sum(z^2)/max(1,n-params)",
      "test": "sum(z^2)/max(1,n)  (no parameters are fit on the test split)"
    }
  },
  "data_range_T_K": [
    1.0,
    10000.0
  ],
  "splits": [
    {
      "name": "A_low_to_high",
      "train_T_K": [
        1.0,
        94.33732216299774
      ],
      "test_T_K": [
        106.00258488068825,
        10000.0
      ],
      "models": {
        "powerlaw_abs_fit_2p": {
          "params": {
            "log10_abs_coeff": -8.411942687470644e-17,
            "exponent": -0.9999999999999993,
            "sign": 1.0
          },
          "train": {
            "n": 40,
            "max_abs_z": 2.945685013504908e-09,
            "rms_z": 1.5868222968158963e-09,
            "reduced_chi2": 2.650531580707449e-18,
            "exceed_3sigma_n": 0
          },
          "test": {
            "n": 40,
            "max_abs_z": 5.9226114445157095e-09,
            "rms_z": 4.489466377101429e-09,
            "reduced_chi2": 2.0155308351124234e-17,
            "exceed_3sigma_n": 0
          }
        },
        "fixed_exponent_minus1_abs_fit": {
          "params": {
            "abs_coeff": 1.0,
            "exponent": -1.0,
            "sign": 1.0
          },
          "train": {
            "n": 40,
            "max_abs_z": 2.0014385450353744e-10,
            "rms_z": 1.1065050324435456e-10,
            "reduced_chi2": 1.2557470634080941e-20,
            "exceed_3sigma_n": 0
          },
          "test": {
            "n": 40,
            "max_abs_z": 2.146764767415088e-10,
            "rms_z": 1.261888560132579e-10,
            "reduced_chi2": 1.5923627381934733e-20,
            "exceed_3sigma_n": 0
          }
        }
      }
    },
    {
      "name": "B_high_to_low",
      "train_T_K": [
        106.00258488068825,
        10000.0
      ],
      "test_T_K": [
        1.0,
        94.33732216299774
      ],
      "models": {
        "powerlaw_abs_fit_2p": {
          "params": {
            "log10_abs_coeff": 5.610818241632436e-16,
            "exponent": -1.0000000000000002,
            "sign": 1.0
          },
          "train": {
            "n": 40,
            "max_abs_z": 8.587059069660352e-10,
            "rms_z": 3.7554332374119567e-10,
            "reduced_chi2": 1.4845556632272052e-19,
            "exceed_3sigma_n": 0
          },
          "test": {
            "n": 40,
            "max_abs_z": 1.4175927173287054e-09,
            "rms_z": 9.036917222730817e-10,
            "reduced_chi2": 8.166587289048886e-19,
            "exceed_3sigma_n": 0
          }
        },
        "fixed_exponent_minus1_abs_fit": {
          "params": {
            "abs_coeff": 1.0,
            "exponent": -1.0,
            "sign": 1.0
          },
          "train": {
            "n": 40,
            "max_abs_z": 2.146764767415088e-10,
            "rms_z": 1.261888560132579e-10,
            "reduced_chi2": 1.633192551993306e-20,
            "exceed_3sigma_n": 0
          },
          "test": {
            "n": 40,
            "max_abs_z": 2.0014385450353744e-10,
            "rms_z": 1.1065050324435456e-10,
            "reduced_chi2": 1.2243533868228917e-20,
            "exceed_3sigma_n": 0
          }
        }
      }
    }
  ],
  "outputs": {
    "csv": "C:\\develop\\waveP\\output\\public\\quantum\\thermo_blackbody_entropy_flux_per_enthalpy_flux_holdout_splits.csv",
    "png": "C:\\develop\\waveP\\output\\public\\quantum\\thermo_blackbody_entropy_flux_per_enthalpy_flux_holdout_splits.png"
  },
  "notes": [
    "Analytic holdout for Φ_s/Φ_h (entropy flux per enthalpy flux) based on blackbody identities.",
    "This is a procedural regression check, not an observational inference."
  ]
}
