split,model_id,train_min_T_K,train_max_T_K,test_min_T_K,test_max_T_K,supported,reason,train_n,train_max_abs_z,train_reduced_chi2,test_n,test_max_abs_z,test_reduced_chi2,train_exceed_3sigma_n,test_exceed_3sigma_n,param_log10_coeff,param_exponent,param_coeff
A_low_to_high,powerlaw_fit_2p,1.0,94.33732216299774,106.00258488068825,10000.0,True,,40,1.522012327097571e-10,3.688681116928035e-21,40,3.1019272970738538e-12,1.2708345786765541e-24,0,0,-7.7498219749916615,-0.9999999999999979,
A_low_to_high,fixed_exponent_minus1_fit,1.0,94.33732216299774,106.00258488068825,10000.0,True,,40,1.6543612251060553e-12,3.75848970803157e-25,40,2.5849394142282115e-14,3.8686898864646253e-29,0,0,,-1.0,1.7790085077234777e-08
B_high_to_low,powerlaw_fit_2p,106.00258488068825,10000.0,1.0,94.33732216299774,True,,40,1.4475660719677984e-12,2.6290834204610854e-25,40,1.522012327097571e-10,2.821698860641854e-21,0,0,-7.7498219749916615,-1.0,
B_high_to_low,fixed_exponent_minus1_fit,106.00258488068825,10000.0,1.0,94.33732216299774,True,,40,2.5849394142282115e-14,3.967887063040641e-29,40,1.6543612251060553e-12,3.6645274653307807e-25,0,0,,-1.0,1.7790085077234777e-08
