{
  "generated_utc": "2026-02-16T12:18:36.226961+00:00",
  "phase": 8,
  "step": "8.7.12",
  "inputs": {
    "blackbody_constants_extracted_values": {
      "path": "C:\\develop\\waveP\\data\\quantum\\sources\\nist_codata_2022_blackbody_constants\\extracted_values.json",
      "sha256": "ffe4c2234b9bf48c59898745bd5688a50a9f314e5e1eec63e172c24486032742"
    }
  },
  "constants": {
    "c_m_per_s": 299792458.0,
    "h_J_s": 6.62607015e-34,
    "kB_J_per_K": 1.380649e-23,
    "stefan_boltzmann_sigma": 5.6703744191844314e-08,
    "radiation_constant_a": 7.565733250280007e-16,
    "zeta3": 1.2020569031595942
  },
  "assumptions": {
    "sign_convention": "Φ_n/Φ_cV is positive for photon gas; model fit is applied to abs(Φ_n/Φ_cV) and sign=+1 is fixed.",
    "sigma_proxy": "1 ppm relative tolerance (operational, analytic baseline)",
    "holdout_reduced_chi2_definition": {
      "train": "sum(z^2)/max(1,n-params)",
      "test": "sum(z^2)/max(1,n)  (no parameters are fit on the test split)"
    }
  },
  "data_range_T_K": [
    1.0,
    10000.0
  ],
  "splits": [
    {
      "name": "A_low_to_high",
      "train_T_K": [
        1.0,
        94.33732216299774
      ],
      "test_T_K": [
        106.00258488068825,
        10000.0
      ],
      "models": {
        "powerlaw_abs_fit_2p": {
          "params": {
            "log10_abs_coeff": 21.82630351679107,
            "exponent": -4.5355285423130215e-15,
            "sign": 1.0
          },
          "train": {
            "n": 40,
            "max_abs_z": 1.9239842296481068e-08,
            "rms_z": 1.0760104025946762e-08,
            "reduced_chi2": 1.2187351436757443e-16,
            "exceed_3sigma_n": 0
          },
          "test": {
            "n": 40,
            "max_abs_z": 4.0513163860069885e-08,
            "rms_z": 3.068153641865476e-08,
            "reduced_chi2": 9.413566770092384e-16,
            "exceed_3sigma_n": 0
          }
        },
        "fixed_exponent_0_abs_fit": {
          "params": {
            "abs_coeff": 6.703529374749047e+21,
            "exponent": 0.0,
            "sign": 1.0
          },
          "train": {
            "n": 40,
            "max_abs_z": 3.12842964170424e-10,
            "rms_z": 1.0197433022352768e-10,
            "reduced_chi2": 1.06653989995252e-20,
            "exceed_3sigma_n": 0
          },
          "test": {
            "n": 40,
            "max_abs_z": 3.12842964170424e-10,
            "rms_z": 1.133381314047064e-10,
            "reduced_chi2": 1.2845532030310498e-20,
            "exceed_3sigma_n": 0
          }
        }
      }
    },
    {
      "name": "B_high_to_low",
      "train_T_K": [
        106.00258488068825,
        10000.0
      ],
      "test_T_K": [
        1.0,
        94.33732216299774
      ],
      "models": {
        "powerlaw_abs_fit_2p": {
          "params": {
            "log10_abs_coeff": 21.826303516791075,
            "exponent": -1.020121603016468e-16,
            "sign": 1.0
          },
          "train": {
            "n": 40,
            "max_abs_z": 9.228867443027507e-09,
            "rms_z": 8.800637354121288e-09,
            "reduced_chi2": 8.152759772500522e-17,
            "exceed_3sigma_n": 0
          },
          "test": {
            "n": 40,
            "max_abs_z": 9.541710407197931e-09,
            "rms_z": 9.327921995027097e-09,
            "reduced_chi2": 8.70101287453103e-17,
            "exceed_3sigma_n": 0
          }
        },
        "fixed_exponent_0_abs_fit": {
          "params": {
            "abs_coeff": 6.703529374749047e+21,
            "exponent": 0.0,
            "sign": 1.0
          },
          "train": {
            "n": 40,
            "max_abs_z": 3.12842964170424e-10,
            "rms_z": 1.133381314047064e-10,
            "reduced_chi2": 1.3174904646472305e-20,
            "exceed_3sigma_n": 0
          },
          "test": {
            "n": 40,
            "max_abs_z": 3.12842964170424e-10,
            "rms_z": 1.0197433022352768e-10,
            "reduced_chi2": 1.0398764024537069e-20,
            "exceed_3sigma_n": 0
          }
        }
      }
    }
  ],
  "outputs": {
    "csv": "C:\\develop\\waveP\\output\\public\\quantum\\thermo_blackbody_photon_flux_per_heat_capacity_flux_holdout_splits.csv",
    "png": "C:\\develop\\waveP\\output\\public\\quantum\\thermo_blackbody_photon_flux_per_heat_capacity_flux_holdout_splits.png"
  },
  "notes": [
    "Analytic holdout for Φ_n/Φ_cV (photon flux per heat-capacity flux) based on blackbody identities.",
    "This is a procedural regression check, not an observational inference."
  ]
}
