split,model_id,train_min_T_K,train_max_T_K,test_min_T_K,test_max_T_K,supported,reason,train_n,train_max_abs_z,train_reduced_chi2,test_n,test_max_abs_z,test_reduced_chi2,train_exceed_3sigma_n,test_exceed_3sigma_n,param_log10_abs_coeff,param_abs_coeff,param_exponent,param_sign
A_low_to_high,powerlaw_abs_fit_2p,1.0,94.33732216299774,106.00258488068825,10000.0,True,,40,1.6162796525716605e-08,2.1215321974679531e-16,40,2.0372866044101575e-08,3.3643446291249277e-16,0,0,-8.953941957647585,,1.0000000000000009,1.0
A_low_to_high,fixed_exponent_plus1_abs_fit,1.0,94.33732216299774,106.00258488068825,10000.0,True,,40,2.5886815552584457e-10,1.6840183955234145e-20,40,2.475747336394893e-10,1.6968994015739275e-20,0,0,,1.1118803173271735e-09,1.0,1.0
B_high_to_low,powerlaw_abs_fit_2p,106.00258488068825,10000.0,1.0,94.33732216299774,True,,40,5.992019424735757e-09,2.1983539452994526e-17,40,2.902061280848094e-09,2.7918343108270143e-18,0,0,-8.95394195764759,,1.0000000000000007,1.0
B_high_to_low,fixed_exponent_plus1_abs_fit,106.00258488068825,10000.0,1.0,94.33732216299774,True,,40,2.475747336394893e-10,1.7404096426399256e-20,40,2.5886815552584457e-10,1.6419179356353293e-20,0,0,,1.1118803173271735e-09,1.0,1.0
