split,model_id,train_min_T_K,train_max_T_K,test_min_T_K,test_max_T_K,supported,reason,train_n,train_max_abs_z,train_reduced_chi2,test_n,test_max_abs_z,test_reduced_chi2,train_exceed_3sigma_n,test_exceed_3sigma_n,param_log10_coeff,param_exponent,param_coeff
A_low_to_high,powerlaw_fit_2p,1.0,94.33732216299774,106.00258488068825,10000.0,True,,40,1.7751671582225108e-09,1.0578498435253096e-18,40,3.4797100760391897e-09,6.353255108037975e-18,0,0,-0.12493873660829999,0.9999999999999997,
A_low_to_high,fixed_exponent_1_fit,1.0,94.33732216299774,106.00258488068825,10000.0,True,,40,2.941788794628519e-10,1.2921609151033837e-20,40,3.866344528932433e-10,1.5995989909292933e-20,0,0,,1.0,0.75
B_high_to_low,powerlaw_fit_2p,106.00258488068825,10000.0,1.0,94.33732216299774,True,,40,5.450443132522204e-10,9.81266998287707e-20,40,1.5241457378042487e-09,1.012451975936774e-18,0,0,-0.12493873660830059,1.0000000000000002,
B_high_to_low,fixed_exponent_1_fit,106.00258488068825,10000.0,1.0,94.33732216299774,True,,40,3.866344528932433e-10,1.64061434967107e-20,40,2.941788794628519e-10,1.259856892225799e-20,0,0,,1.0,0.75
