split,model_id,train_min_T_K,train_max_T_K,test_min_T_K,test_max_T_K,supported,reason,train_n,train_max_abs_z,train_reduced_chi2,test_n,test_max_abs_z,test_reduced_chi2,train_exceed_3sigma_n,test_exceed_3sigma_n,param_log10_abs_coeff,param_abs_coeff,param_exponent,param_sign
A_low_to_high,powerlaw_abs_fit_2p,1.0,94.33732216299774,106.00258488068825,10000.0,True,,40,4.624284932271896e-13,2.4907434107652472e-26,40,6.959408693222771e-11,5.506146136988141e-22,0,0,-30.90518421104695,,1.0000000000000036,1.0
A_low_to_high,fixed_exponent_1_abs_fit,1.0,94.33732216299774,106.00258488068825,10000.0,True,,40,1.401298464324817e-15,2.401197710114327e-31,40,1.7936620343357656e-13,3.4703363524882675e-27,0,0,,1.2439868483855167e-31,1.0,1.0
B_high_to_low,powerlaw_abs_fit_2p,106.00258488068825,10000.0,1.0,94.33732216299774,True,,40,1.883345136052554e-11,4.053051203664054e-23,40,8.26766093951642e-14,6.109980214544352e-28,0,0,-30.90518421104696,,1.0000000000000018,1.0
B_high_to_low,fixed_exponent_1_abs_fit,106.00258488068825,10000.0,1.0,94.33732216299774,True,,40,1.7936620343357656e-13,3.559319335885403e-27,40,1.401298464324817e-15,2.341167767361469e-31,0,0,,1.2439868483855167e-31,1.0,1.0
