split,model_id,train_min_T_K,train_max_T_K,test_min_T_K,test_max_T_K,supported,reason,train_n,train_max_abs_z,train_reduced_chi2,test_n,test_max_abs_z,test_reduced_chi2,train_exceed_3sigma_n,test_exceed_3sigma_n,param_log10_abs_coeff,param_abs_coeff,param_exponent,param_sign
A_low_to_high,powerlaw_abs_fit_2p,1.0,94.33732216299774,106.00258488068825,10000.0,True,,40,8.640855017463904e-10,1.6833793348570563e-19,40,1.8157956482366045e-09,1.6470498567579659e-18,0,0,0.4771212547196623,,-0.9999999999999998,1.0
A_low_to_high,fixed_exponent_minus1_abs_fit,1.0,94.33732216299774,106.00258488068825,10000.0,True,,40,2.4207531338257076e-10,1.5243691466165782e-20,40,2.8441711248139727e-10,1.4428561237891317e-20,0,0,,3.0,-1.0,1.0
B_high_to_low,powerlaw_abs_fit_2p,106.00258488068825,10000.0,1.0,94.33732216299774,True,,40,2.7142234977530764e-09,5.751770328420933e-18,40,3.1906113444809257e-09,8.1797221085775e-18,0,0,0.4771212547196611,,-0.9999999999999999,1.0
B_high_to_low,fixed_exponent_minus1_abs_fit,106.00258488068825,10000.0,1.0,94.33732216299774,True,,40,2.8441711248139727e-10,1.4798524346555198e-20,40,2.4207531338257076e-10,1.4862599179511637e-20,0,0,,3.0,-1.0,1.0
