split,model_id,train_min_T_K,train_max_T_K,test_min_T_K,test_max_T_K,supported,reason,train_n,train_max_abs_z,train_reduced_chi2,test_n,test_max_abs_z,test_reduced_chi2,train_exceed_3sigma_n,test_exceed_3sigma_n,param_log10_abs_coeff,param_abs_coeff,param_exponent,param_sign
A_low_to_high,powerlaw_abs_fit_2p,1.0,94.33732216299774,106.00258488068825,10000.0,True,,40,7.157508985479757e-09,1.5495604160026404e-17,40,2.0130494021661816e-08,2.037679553827479e-16,0,0,7.9996994482082675,,-2.7700569919377367e-15,-1.0
A_low_to_high,fixed_exponent_0_abs_fit,1.0,94.33732216299774,106.00258488068825,10000.0,True,,40,1.4911477053082828e-10,9.122139401215005e-21,40,1.4911477053082828e-10,1.000584665570771e-20,0,0,,99930819.33333334,0.0,-1.0
B_high_to_low,powerlaw_abs_fit_2p,106.00258488068825,10000.0,1.0,94.33732216299774,True,,40,2.534951099024081e-09,2.2539486150752096e-18,40,7.455738526541414e-09,2.7765668589219125e-17,0,0,7.999699448208268,,-1.0829725863832258e-15,-1.0
B_high_to_low,fixed_exponent_0_abs_fit,106.00258488068825,10000.0,1.0,94.33732216299774,True,,40,1.4911477053082826e-10,1.2542941676670627e-20,40,1.4911477053082826e-10,1.334112887427694e-20,0,0,,99930819.33333333,0.0,-1.0
