{
  "generated_utc": "2026-02-20T12:38:56.220621+00:00",
  "phase": 7,
  "step": "7.20.6",
  "inputs": {
    "blackbody_constants_extracted_values": {
      "path": "C:\\develop\\waveP\\data\\quantum\\sources\\nist_codata_2022_blackbody_constants\\extracted_values.json",
      "sha256": "ffe4c2234b9bf48c59898745bd5688a50a9f314e5e1eec63e172c24486032742"
    }
  },
  "constants": {
    "c_m_per_s": 299792458.0,
    "h_J_s": 6.62607015e-34,
    "kB_J_per_K": 1.380649e-23,
    "zeta3": 1.2020569031595942
  },
  "assumptions": {
    "sigma_proxy": "1 ppm relative tolerance (operational, analytic baseline)",
    "holdout_reduced_chi2_definition": {
      "train": "sum(z^2)/max(1,n-params)",
      "test": "sum(z^2)/max(1,n)  (no parameters are fit on the test split)"
    }
  },
  "data_range_T_K": [
    1.0,
    10000.0
  ],
  "splits": [
    {
      "name": "A_low_to_high",
      "train_T_K": [
        1.0,
        94.33732216299774
      ],
      "test_T_K": [
        106.00258488068825,
        10000.0
      ],
      "models": {
        "powerlaw_fit_2p": {
          "params": {
            "log10_coeff": -22.303424771510727,
            "exponent": 4.668559806320393e-15
          },
          "train": {
            "n": 40,
            "max_abs_z": 1.786751413249877e-24,
            "rms_z": 1.2944009032756374e-24,
            "reduced_chi2": 1.763656524632406e-48,
            "exceed_3sigma_n": 0
          },
          "test": {
            "n": 40,
            "max_abs_z": 2.8682062160063815e-24,
            "rms_z": 2.3607315453509425e-24,
            "reduced_chi2": 5.57305342921505e-48,
            "exceed_3sigma_n": 0
          }
        },
        "fixed_exponent_0_fit": {
          "params": {
            "coeff": 4.972504999962232e-23,
            "exponent": 0.0
          },
          "train": {
            "n": 40,
            "max_abs_z": 5.8774717541114375e-27,
            "rms_z": 3.350674427876092e-27,
            "reduced_chi2": 1.1514891406792593e-53,
            "exceed_3sigma_n": 0
          },
          "test": {
            "n": 40,
            "max_abs_z": 5.8774717541114375e-27,
            "rms_z": 3.717239525259451e-27,
            "reduced_chi2": 1.381786968815111e-53,
            "exceed_3sigma_n": 0
          }
        }
      }
    },
    {
      "name": "B_high_to_low",
      "train_T_K": [
        106.00258488068825,
        10000.0
      ],
      "test_T_K": [
        1.0,
        94.33732216299774
      ],
      "models": {
        "powerlaw_fit_2p": {
          "params": {
            "log10_coeff": -22.30342477151072,
            "exponent": -2.8103049828165827e-16
          },
          "train": {
            "n": 40,
            "max_abs_z": 1.4811228820360823e-24,
            "rms_z": 1.4436475313791222e-24,
            "reduced_chi2": 2.1938086261652987e-48,
            "exceed_3sigma_n": 0
          },
          "test": {
            "n": 40,
            "max_abs_z": 1.5398975995771966e-24,
            "rms_z": 1.5070959619398838e-24,
            "reduced_chi2": 2.271338238495504e-48,
            "exceed_3sigma_n": 0
          }
        },
        "fixed_exponent_0_fit": {
          "params": {
            "coeff": 4.972504999962232e-23,
            "exponent": 0.0
          },
          "train": {
            "n": 40,
            "max_abs_z": 5.8774717541114375e-27,
            "rms_z": 3.717239525259451e-27,
            "reduced_chi2": 1.4172174039129345e-53,
            "exceed_3sigma_n": 0
          },
          "test": {
            "n": 40,
            "max_abs_z": 5.8774717541114375e-27,
            "rms_z": 3.350674427876092e-27,
            "reduced_chi2": 1.1227019121622777e-53,
            "exceed_3sigma_n": 0
          }
        }
      }
    }
  ],
  "outputs": {
    "csv": "C:\\develop\\waveP\\output\\public\\quantum\\thermo_blackbody_entropy_per_photon_holdout_splits.csv",
    "png": "C:\\develop\\waveP\\output\\public\\quantum\\thermo_blackbody_entropy_per_photon_holdout_splits.png"
  },
  "notes": [
    "Analytic holdout for blackbody entropy per photon s/n = (2π^4/(45 ζ(3))) k_B.",
    "This is a procedural regression check, not an observational inference."
  ]
}
