split,model_id,train_min_T_K,train_max_T_K,test_min_T_K,test_max_T_K,supported,reason,train_n,train_max_abs_z,train_reduced_chi2,test_n,test_max_abs_z,test_reduced_chi2,train_exceed_3sigma_n,test_exceed_3sigma_n,param_log10_abs_coeff,param_abs_coeff,param_exponent,param_sign
A_low_to_high,powerlaw_abs_fit_2p,1.0,94.33732216299774,106.00258488068825,10000.0,True,,40,4.2813439027947487e-10,4.187038892432174e-20,40,3.796768088112251e-10,3.1564011234256187e-20,0,0,1.0791812460476249,,-1.0,1.0
A_low_to_high,fixed_exponent_minus1_abs_fit,1.0,94.33732216299774,106.00258488068825,10000.0,True,,40,2.4207531338257076e-10,1.5243691466165782e-20,40,2.8441711248139727e-10,1.4428561237891317e-20,0,0,,12.0,-1.0,1.0
B_high_to_low,powerlaw_abs_fit_2p,106.00258488068825,10000.0,1.0,94.33732216299774,True,,40,3.0554818785213017e-09,6.323992793187721e-18,40,1.963790009003272e-09,1.9836247348254923e-18,0,0,1.0791812460476244,,-1.0000000000000002,1.0
B_high_to_low,fixed_exponent_minus1_abs_fit,106.00258488068825,10000.0,1.0,94.33732216299774,True,,40,2.8441711248139727e-10,1.4798524346555198e-20,40,2.4207531338257076e-10,1.4862599179511637e-20,0,0,,12.0,-1.0,1.0
