split,model_id,train_min_T_K,train_max_T_K,test_min_T_K,test_max_T_K,supported,reason,train_n,train_max_abs_z,train_reduced_chi2,test_n,test_max_abs_z,test_reduced_chi2,train_exceed_3sigma_n,test_exceed_3sigma_n,param_log10_abs_coeff,param_abs_coeff,param_exponent,param_sign
A_low_to_high,powerlaw_abs_fit_2p,1.0,94.33732216299774,106.00258488068825,10000.0,True,,40,1.6162796525716605e-08,2.1097697425709917e-16,40,2.0766820886260805e-08,3.372114287757879e-16,0,0,-8.953941957647585,,1.0000000000000009,-1.0
A_low_to_high,fixed_exponent_1_abs_fit,1.0,94.33732216299774,106.00258488068825,10000.0,True,,40,7.392219121499788e-10,1.2794788734006718e-19,40,8.869535434511999e-10,1.275534412240275e-19,0,0,,1.1118803173271735e-09,1.0,-1.0
B_high_to_low,powerlaw_abs_fit_2p,106.00258488068825,10000.0,1.0,94.33732216299774,True,,40,6.55794343776657e-09,3.1888985935935704e-17,40,5.279354814704484e-09,1.9660271596372953e-17,0,0,-8.953941957647588,,1.0000000000000002,-1.0
B_high_to_low,fixed_exponent_1_abs_fit,106.00258488068825,10000.0,1.0,94.33732216299774,True,,40,8.869535434511999e-10,1.3082404228105383e-19,40,7.392219121499788e-10,1.247491901565655e-19,0,0,,1.1118803173271735e-09,1.0,-1.0
