split,model_id,train_min_T_K,train_max_T_K,test_min_T_K,test_max_T_K,supported,reason,train_n,train_max_abs_z,train_reduced_chi2,test_n,test_max_abs_z,test_reduced_chi2,train_exceed_3sigma_n,test_exceed_3sigma_n,param_log10_abs_coeff,param_abs_coeff,param_exponent,param_sign
A_low_to_high,powerlaw_abs_fit_2p,1.0,94.33732216299774,106.00258488068825,10000.0,True,,40,4.3846534706458034e-10,6.167618074482289e-20,40,4.3496375950489876e-10,5.961640245248345e-20,0,0,-0.6020599913279625,,1.0,1.0
A_low_to_high,fixed_exponent_1_abs_fit,1.0,94.33732216299774,106.00258488068825,10000.0,True,,40,2.2063415959713891e-10,1.1850616365913712e-20,40,2.1235765290919293e-10,8.074542164291279e-21,0,0,,0.25,1.0,1.0
B_high_to_low,powerlaw_abs_fit_2p,106.00258488068825,10000.0,1.0,94.33732216299774,True,,40,2.386166960376134e-09,2.462843320622586e-18,40,3.774758283725532e-09,9.278273743000506e-18,0,0,-0.6020599913279607,,0.9999999999999997,1.0
B_high_to_low,fixed_exponent_1_abs_fit,106.00258488068825,10000.0,1.0,94.33732216299774,True,,40,2.1235765290919293e-10,8.281581706965414e-21,40,2.2063415959713891e-10,1.1554350956765868e-20,0,0,,0.25,1.0,1.0
