split,model_id,train_min_T_K,train_max_T_K,test_min_T_K,test_max_T_K,supported,reason,train_n,train_max_abs_z,train_reduced_chi2,test_n,test_max_abs_z,test_reduced_chi2,train_exceed_3sigma_n,test_exceed_3sigma_n,param_log10_abs_coeff,param_abs_coeff,param_exponent,param_sign
A_low_to_high,powerlaw_abs_fit_2p,1.0,94.33732216299774,106.00258488068825,10000.0,True,,40,1.938470384004837e-08,1.2413658564009508e-16,40,4.0502999080426267e-08,9.46688660454631e-16,0,0,-21.82630351679107,,4.5355285423130215e-15,1.0
A_low_to_high,fixed_exponent_0_abs_fit,1.0,94.33732216299774,106.00258488068825,10000.0,True,,40,1.5759921821177533e-10,7.64231187106547e-21,40,1.5759921821177538e-10,8.072191913812903e-21,0,0,,1.4917514999886696e-22,0.0,1.0
B_high_to_low,powerlaw_abs_fit_2p,106.00258488068825,10000.0,1.0,94.33732216299774,True,,40,9.140754656282969e-09,8.129841090071874e-17,40,9.613552310918295e-09,8.649167354298667e-17,0,0,-21.826303516791075,,1.020121603016468e-16,1.0
B_high_to_low,fixed_exponent_0_abs_fit,106.00258488068825,10000.0,1.0,94.33732216299774,True,,40,1.5759921821177538e-10,8.27917119365426e-21,40,1.5759921821177533e-10,7.451254074288833e-21,0,0,,1.4917514999886696e-22,0.0,1.0
