split,model_id,train_min_T_K,train_max_T_K,test_min_T_K,test_max_T_K,supported,reason,train_n,train_max_abs_z,train_reduced_chi2,test_n,test_max_abs_z,test_reduced_chi2,train_exceed_3sigma_n,test_exceed_3sigma_n,param_log10_abs_coeff,param_abs_coeff,param_exponent,param_sign
A_low_to_high,powerlaw_abs_fit_2p,1.0,94.33732216299774,106.00258488068825,10000.0,True,,40,3.963878838295765e-08,1.055354013179893e-15,40,5.607889818861213e-08,2.3207172125172233e-15,0,0,30.90518421104695,,-1.0000000000000036,1.0
A_low_to_high,fixed_exponent_minus1_abs_fit,1.0,94.33732216299774,106.00258488068825,10000.0,True,,40,4.025123845864212e-10,3.155329777814933e-20,40,4.2627170060186307e-10,5.297432538778508e-20,0,0,,8.038670194124879e+30,-1.0,1.0
B_high_to_low,powerlaw_abs_fit_2p,106.00258488068825,10000.0,1.0,94.33732216299774,True,,40,1.5045558050603253e-08,1.3563566798804814e-16,40,6.812916753320847e-09,1.3435389808040785e-17,0,0,30.90518421104696,,-1.0000000000000018,1.0
B_high_to_low,fixed_exponent_minus1_abs_fit,106.00258488068825,10000.0,1.0,94.33732216299774,True,,40,2.6400971643101633e-10,1.6199111933904997e-20,40,2.2470601112393365e-10,1.357768232890495e-20,0,0,,8.03867019412488e+30,-1.0,1.0
