{
  "generated_utc": "2026-02-20T12:38:46.958270+00:00",
  "phase": 7,
  "step": "7.20.6",
  "inputs": {
    "blackbody_constants_extracted_values": {
      "path": "C:\\develop\\waveP\\data\\quantum\\sources\\nist_codata_2022_blackbody_constants\\extracted_values.json",
      "sha256": "ffe4c2234b9bf48c59898745bd5688a50a9f314e5e1eec63e172c24486032742"
    }
  },
  "constants": {
    "c_m_per_s": 299792458.0,
    "h_J_s": 6.62607015e-34,
    "kB_J_per_K": 1.380649e-23,
    "momentum_density_coeff": 2.5236569661402245e-24
  },
  "assumptions": {
    "sigma_proxy": "1 ppm relative tolerance (operational, analytic baseline)",
    "holdout_reduced_chi2_definition": {
      "train": "sum(z^2)/max(1,n-params)",
      "test": "sum(z^2)/max(1,n)  (no parameters are fit on the test split)"
    }
  },
  "data_range_T_K": [
    1.0,
    10000.0
  ],
  "splits": [
    {
      "name": "A_low_to_high",
      "train_T_K": [
        1.0,
        94.33732216299774
      ],
      "test_T_K": [
        106.00258488068825,
        10000.0
      ],
      "models": {
        "powerlaw_fit_2p": {
          "params": {
            "log10_coeff": -23.597969677889473,
            "exponent": 4.000000000000002
          },
          "train": {
            "n": 40,
            "max_abs_z": 4.067564042545842e-18,
            "rms_z": 8.18560744670573e-19,
            "reduced_chi2": 7.053070449638348e-37,
            "exceed_3sigma_n": 0
          },
          "test": {
            "n": 40,
            "max_abs_z": 7.246102165964522e-10,
            "rms_z": 1.462138394020313e-10,
            "reduced_chi2": 2.1378486832682995e-20,
            "exceed_3sigma_n": 0
          }
        },
        "fixed_exponent_4_fit": {
          "params": {
            "coeff": 2.5236569661402245e-24,
            "exponent": 4.0
          },
          "train": {
            "n": 40,
            "max_abs_z": 0.0,
            "rms_z": 0.0,
            "reduced_chi2": 0.0,
            "exceed_3sigma_n": 0
          },
          "test": {
            "n": 40,
            "max_abs_z": 0.0,
            "rms_z": 0.0,
            "reduced_chi2": 0.0,
            "exceed_3sigma_n": 0
          }
        }
      }
    },
    {
      "name": "B_high_to_low",
      "train_T_K": [
        106.00258488068825,
        10000.0
      ],
      "test_T_K": [
        1.0,
        94.33732216299774
      ],
      "models": {
        "powerlaw_fit_2p": {
          "params": {
            "log10_coeff": -23.59796967788947,
            "exponent": 3.9999999999999996
          },
          "train": {
            "n": 40,
            "max_abs_z": 4.1359030627651384e-10,
            "rms_z": 8.41047740080998e-11,
            "reduced_chi2": 7.445908432582675e-21,
            "exceed_3sigma_n": 0
          },
          "test": {
            "n": 40,
            "max_abs_z": 3.697785493223493e-18,
            "rms_z": 7.480882111318454e-19,
            "reduced_chi2": 5.596359716344444e-37,
            "exceed_3sigma_n": 0
          }
        },
        "fixed_exponent_4_fit": {
          "params": {
            "coeff": 2.5236569661402245e-24,
            "exponent": 4.0
          },
          "train": {
            "n": 40,
            "max_abs_z": 0.0,
            "rms_z": 0.0,
            "reduced_chi2": 0.0,
            "exceed_3sigma_n": 0
          },
          "test": {
            "n": 40,
            "max_abs_z": 0.0,
            "rms_z": 0.0,
            "reduced_chi2": 0.0,
            "exceed_3sigma_n": 0
          }
        }
      }
    }
  ],
  "outputs": {
    "csv": "C:\\develop\\waveP\\output\\public\\quantum\\thermo_blackbody_momentum_density_holdout_splits.csv",
    "png": "C:\\develop\\waveP\\output\\public\\quantum\\thermo_blackbody_momentum_density_holdout_splits.png"
  },
  "notes": [
    "Analytic holdout for blackbody momentum density p(T)=u(T)/c=(a/c)T^4.",
    "This is a procedural regression check, not an observational inference."
  ]
}
