split,model_id,train_min_T_K,train_max_T_K,test_min_T_K,test_max_T_K,supported,reason,train_n,train_max_abs_z,train_reduced_chi2,test_n,test_max_abs_z,test_reduced_chi2,train_exceed_3sigma_n,test_exceed_3sigma_n,param_log10_abs_coeff,param_abs_coeff,param_exponent,param_sign
A_low_to_high,powerlaw_abs_fit_2p,1.0,94.33732216299774,106.00258488068825,10000.0,True,,40,1.5239345492397245e-08,1.4921758653993469e-16,40,2.232838360813184e-08,3.6300651988544353e-16,0,0,9.078880694255886,,-1.0000000000000016,1.0
A_low_to_high,fixed_exponent_minus1_abs_fit,1.0,94.33732216299774,106.00258488068825,10000.0,True,,40,2.05256426968243e-10,1.215174401821566e-20,40,3.820024582630453e-10,1.826800507466342e-20,0,0,,1199169832.0,-1.0,1.0
B_high_to_low,powerlaw_abs_fit_2p,106.00258488068825,10000.0,1.0,94.33732216299774,True,,40,3.811195226861599e-09,1.2232415031295778e-17,40,4.273711526502399e-09,1.5532516776406497e-17,0,0,9.078880694255888,,-0.9999999999999999,1.0
B_high_to_low,fixed_exponent_minus1_abs_fit,106.00258488068825,10000.0,1.0,94.33732216299774,True,,40,3.820024582630453e-10,1.8736415461193255e-20,40,2.05256426968243e-10,1.1847950417760268e-20,0,0,,1199169832.0,-1.0,1.0
