{
  "generated_utc": "2026-02-16T02:45:29.081229+00:00",
  "phase": 8,
  "step": "8.7.12",
  "inputs": {
    "blackbody_constants_extracted_values": {
      "path": "C:\\develop\\waveP\\data\\quantum\\sources\\nist_codata_2022_blackbody_constants\\extracted_values.json",
      "sha256": "ffe4c2234b9bf48c59898745bd5688a50a9f314e5e1eec63e172c24486032742"
    }
  },
  "constants": {
    "c_m_per_s": 299792458.0,
    "h_J_s": 6.62607015e-34,
    "kB_J_per_K": 1.380649e-23,
    "stefan_boltzmann_sigma": 5.6703744191844314e-08,
    "radiation_constant_a": 7.565733250280007e-16,
    "hbar_J_s": 1.0545718176461565e-34,
    "zeta3": 1.2020569031595942,
    "photon_density_coeff": 20286846.033907045
  },
  "assumptions": {
    "sign_convention": "Φ_n/h is positive for photon gas; model fit is applied to abs(Φ_n/h) and sign=+1 is fixed.",
    "sigma_proxy": "1 ppm relative tolerance (operational, analytic baseline)",
    "holdout_reduced_chi2_definition": {
      "train": "sum(z^2)/max(1,n-params)",
      "test": "sum(z^2)/max(1,n)  (no parameters are fit on the test split)"
    }
  },
  "data_range_T_K": [
    1.0,
    10000.0
  ],
  "splits": [
    {
      "name": "A_low_to_high",
      "train_T_K": [
        1.0,
        94.33732216299774
      ],
      "test_T_K": [
        106.00258488068825,
        10000.0
      ],
      "models": {
        "powerlaw_abs_fit_2p": {
          "params": {
            "log10_abs_coeff": 30.178185483110695,
            "exponent": -1.0000000000000033,
            "sign": 1.0
          },
          "train": {
            "n": 40,
            "max_abs_z": 2.2159183783528414e-08,
            "rms_z": 1.5170774757656818e-08,
            "reduced_chi2": 2.422656913132182e-16,
            "exceed_3sigma_n": 0
          },
          "test": {
            "n": 40,
            "max_abs_z": 3.7613895126508134e-08,
            "rms_z": 3.03581193863515e-08,
            "reduced_chi2": 9.21615412675971e-16,
            "exceed_3sigma_n": 0
          }
        },
        "fixed_exponent_minus1_abs_fit": {
          "params": {
            "abs_coeff": 1.507250661398415e+30,
            "exponent": -1.0,
            "sign": 1.0
          },
          "train": {
            "n": 40,
            "max_abs_z": 2.683415897242808e-10,
            "rms_z": 1.1091197928358846e-10,
            "reduced_chi2": 1.2616889383182724e-20,
            "exceed_3sigma_n": 0
          },
          "test": {
            "n": 40,
            "max_abs_z": 3.61100872689312e-10,
            "rms_z": 1.449933782044709e-10,
            "reduced_chi2": 2.102307972314474e-20,
            "exceed_3sigma_n": 0
          }
        }
      }
    },
    {
      "name": "B_high_to_low",
      "train_T_K": [
        106.00258488068825,
        10000.0
      ],
      "test_T_K": [
        1.0,
        94.33732216299774
      ],
      "models": {
        "powerlaw_abs_fit_2p": {
          "params": {
            "log10_abs_coeff": 30.17818548311069,
            "exponent": -0.9999999999999969,
            "sign": 1.0
          },
          "train": {
            "n": 40,
            "max_abs_z": 8.969924516025292e-09,
            "rms_z": 4.5819593665371854e-09,
            "reduced_chi2": 2.209931751220826e-17,
            "exceed_3sigma_n": 0
          },
          "test": {
            "n": 40,
            "max_abs_z": 2.3343411278511717e-08,
            "rms_z": 1.682302641719558e-08,
            "reduced_chi2": 2.8301421783366037e-16,
            "exceed_3sigma_n": 0
          }
        },
        "fixed_exponent_minus1_abs_fit": {
          "params": {
            "abs_coeff": 1.507250661398415e+30,
            "exponent": -1.0,
            "sign": 1.0
          },
          "train": {
            "n": 40,
            "max_abs_z": 3.61100872689312e-10,
            "rms_z": 1.449933782044709e-10,
            "reduced_chi2": 2.1562133049379222e-20,
            "exceed_3sigma_n": 0
          },
          "test": {
            "n": 40,
            "max_abs_z": 2.683415897242808e-10,
            "rms_z": 1.1091197928358846e-10,
            "reduced_chi2": 1.2301467148603155e-20,
            "exceed_3sigma_n": 0
          }
        }
      }
    }
  ],
  "outputs": {
    "csv": "C:\\develop\\waveP\\output\\public\\quantum\\thermo_blackbody_photon_flux_per_enthalpy_density_holdout_splits.csv",
    "png": "C:\\develop\\waveP\\output\\public\\quantum\\thermo_blackbody_photon_flux_per_enthalpy_density_holdout_splits.png"
  },
  "notes": [
    "Analytic holdout for Φ_n/h (photon flux per enthalpy density) based on blackbody identities.",
    "This is a procedural regression check, not an observational inference."
  ]
}
