split,model_id,train_min_T_K,train_max_T_K,test_min_T_K,test_max_T_K,supported,reason,train_n,train_max_abs_z,train_reduced_chi2,test_n,test_max_abs_z,test_reduced_chi2,train_exceed_3sigma_n,test_exceed_3sigma_n,param_log10_abs_coeff,param_abs_coeff,param_exponent,param_sign
A_low_to_high,powerlaw_abs_fit_2p,1.0,94.33732216299774,106.00258488068825,10000.0,True,,40,3.351876692808364e-08,6.410066377108354e-16,40,5.344958573746175e-08,1.944300518021217e-15,0,0,-22.90548476283869,,1.0000000000000042,1.0
A_low_to_high,fixed_exponent_1_abs_fit,1.0,94.33732216299774,106.00258488068825,10000.0,True,,40,3.4347822779438836e-10,2.680057523123711e-20,40,3.922836454741872e-10,2.412749940011043e-20,0,0,,1.2431262499905579e-23,1.0,1.0
B_high_to_low,powerlaw_abs_fit_2p,106.00258488068825,10000.0,1.0,94.33732216299774,True,,40,1.6413706996073238e-08,1.915836318195607e-16,40,2.2576088008836815e-08,3.8474323797306896e-16,0,0,-22.905484762838686,,0.9999999999999987,1.0
B_high_to_low,fixed_exponent_1_abs_fit,106.00258488068825,10000.0,1.0,94.33732216299774,True,,40,3.922836454741872e-10,2.4746153230882492e-20,40,3.4347822779438836e-10,2.613056085045618e-20,0,0,,1.2431262499905579e-23,1.0,1.0
