{
  "generated_utc": "2026-02-16T10:56:33.405108+00:00",
  "phase": 8,
  "step": "8.7.12",
  "inputs": {
    "blackbody_constants_extracted_values": {
      "path": "C:\\develop\\waveP\\data\\quantum\\sources\\nist_codata_2022_blackbody_constants\\extracted_values.json",
      "sha256": "ffe4c2234b9bf48c59898745bd5688a50a9f314e5e1eec63e172c24486032742"
    }
  },
  "constants": {
    "c_m_per_s": 299792458.0,
    "h_J_s": 6.62607015e-34,
    "kB_J_per_K": 1.380649e-23,
    "stefan_boltzmann_sigma": 5.6703744191844314e-08,
    "radiation_constant_a": 7.565733250280007e-16
  },
  "assumptions": {
    "sign_convention": "s/g is positive for photon gas; model fit is applied to abs(s/g) and sign=+1 is fixed.",
    "sigma_proxy": "1 ppm relative tolerance (operational, analytic baseline)",
    "holdout_reduced_chi2_definition": {
      "train": "sum(z^2)/max(1,n-params)",
      "test": "sum(z^2)/max(1,n)  (no parameters are fit on the test split)"
    }
  },
  "data_range_T_K": [
    1.0,
    10000.0
  ],
  "splits": [
    {
      "name": "A_low_to_high",
      "train_T_K": [
        1.0,
        94.33732216299774
      ],
      "test_T_K": [
        106.00258488068825,
        10000.0
      ],
      "models": {
        "powerlaw_abs_fit_2p": {
          "params": {
            "log10_abs_coeff": 8.601759439536224,
            "exponent": -1.0000000000000016,
            "sign": 1.0
          },
          "train": {
            "n": 40,
            "max_abs_z": 1.582547416518175e-08,
            "rms_z": 1.231252137390114e-08,
            "reduced_chi2": 1.5957703429765516e-16,
            "exceed_3sigma_n": 0
          },
          "test": {
            "n": 40,
            "max_abs_z": 2.2935133162700632e-08,
            "rms_z": 1.947456294556561e-08,
            "reduced_chi2": 3.7925860192079715e-16,
            "exceed_3sigma_n": 0
          }
        },
        "fixed_exponent_minus1_abs_fit": {
          "params": {
            "abs_coeff": 399723277.3333333,
            "exponent": -1.0,
            "sign": 1.0
          },
          "train": {
            "n": 40,
            "max_abs_z": 3.0013602944767057e-10,
            "rms_z": 1.469970765588867e-10,
            "reduced_chi2": 2.2162195401906868e-20,
            "exceed_3sigma_n": 0
          },
          "test": {
            "n": 40,
            "max_abs_z": 3.5488760058285055e-10,
            "rms_z": 1.5411938701123892e-10,
            "reduced_chi2": 2.3752785452720043e-20,
            "exceed_3sigma_n": 0
          }
        }
      }
    },
    {
      "name": "B_high_to_low",
      "train_T_K": [
        106.00258488068825,
        10000.0
      ],
      "test_T_K": [
        1.0,
        94.33732216299774
      ],
      "models": {
        "powerlaw_abs_fit_2p": {
          "params": {
            "log10_abs_coeff": 8.601759439536226,
            "exponent": -0.9999999999999999,
            "sign": 1.0
          },
          "train": {
            "n": 40,
            "max_abs_z": 4.1340725211205316e-09,
            "rms_z": 3.7856917639386e-09,
            "reduced_chi2": 1.5085749612160573e-17,
            "exceed_3sigma_n": 0
          },
          "test": {
            "n": 40,
            "max_abs_z": 4.691498774999499e-09,
            "rms_z": 4.311178404272405e-09,
            "reduced_chi2": 1.8586259233464757e-17,
            "exceed_3sigma_n": 0
          }
        },
        "fixed_exponent_minus1_abs_fit": {
          "params": {
            "abs_coeff": 399723277.3333334,
            "exponent": -1.0,
            "sign": 1.0
          },
          "train": {
            "n": 40,
            "max_abs_z": 2.517442526300636e-10,
            "rms_z": 1.0567334500088737e-10,
            "reduced_chi2": 1.1453185480693916e-20,
            "exceed_3sigma_n": 0
          },
          "test": {
            "n": 40,
            "max_abs_z": 3.8873518086393626e-10,
            "rms_z": 1.3644353868983253e-10,
            "reduced_chi2": 1.8616839250203826e-20,
            "exceed_3sigma_n": 0
          }
        }
      }
    }
  ],
  "outputs": {
    "csv": "C:\\develop\\waveP\\output\\public\\quantum\\thermo_blackbody_entropy_per_momentum_density_holdout_splits.csv",
    "png": "C:\\develop\\waveP\\output\\public\\quantum\\thermo_blackbody_entropy_per_momentum_density_holdout_splits.png"
  },
  "notes": [
    "Analytic holdout for s/g (radiation entropy density per momentum density) based on blackbody identities.",
    "This is a procedural regression check, not an observational inference."
  ]
}
