{
  "generated_utc": "2026-02-14T00:51:16.641221+00:00",
  "phase": 7,
  "step": "7.20.6",
  "inputs": {
    "blackbody_constants_extracted_values": {
      "path": "C:\\develop\\waveP\\data\\quantum\\sources\\nist_codata_2022_blackbody_constants\\extracted_values.json",
      "sha256": "ffe4c2234b9bf48c59898745bd5688a50a9f314e5e1eec63e172c24486032742"
    }
  },
  "constants": {
    "c_m_per_s": 299792458.0,
    "h_J_s": 6.62607015e-34,
    "kB_J_per_K": 1.380649e-23,
    "wien_x_peak": 4.965114231744277,
    "wien_b_mK": 0.0028977719551851722
  },
  "assumptions": {
    "sigma_proxy": "1 ppm relative tolerance (operational, analytic baseline)",
    "holdout_reduced_chi2_definition": {
      "train": "sum(z^2)/max(1,n-params)",
      "test": "sum(z^2)/max(1,n)  (no parameters are fit on the test split)"
    }
  },
  "data_range_T_K": [
    1.0,
    10000.0
  ],
  "splits": [
    {
      "name": "A_low_to_high",
      "train_T_K": [
        1.0,
        94.33732216299774
      ],
      "test_T_K": [
        106.00258488068825,
        10000.0
      ],
      "models": {
        "powerlaw_fit_2p": {
          "params": {
            "log10_coeff": -2.537935795021366,
            "exponent": -0.9999999999999991
          },
          "train": {
            "n": 40,
            "max_abs_z": 7.853020113249293e-09,
            "rms_z": 5.884569015309126e-09,
            "reduced_chi2": 3.645068683782759e-17,
            "exceed_3sigma_n": 0
          },
          "test": {
            "n": 40,
            "max_abs_z": 1.1874886642005291e-08,
            "rms_z": 9.986788502359227e-09,
            "reduced_chi2": 9.973594459085445e-17,
            "exceed_3sigma_n": 0
          }
        },
        "fixed_exponent_-1_fit": {
          "params": {
            "coeff": 0.0028977719551851722,
            "exponent": -1.0
          },
          "train": {
            "n": 40,
            "max_abs_z": 1.963255028312323e-10,
            "rms_z": 6.39706090787772e-11,
            "reduced_chi2": 4.197168026574084e-21,
            "exceed_3sigma_n": 0
          },
          "test": {
            "n": 40,
            "max_abs_z": 2.013940377703386e-10,
            "rms_z": 7.044947955581201e-11,
            "reduced_chi2": 4.963129169684774e-21,
            "exceed_3sigma_n": 0
          }
        }
      }
    },
    {
      "name": "B_high_to_low",
      "train_T_K": [
        106.00258488068825,
        10000.0
      ],
      "test_T_K": [
        1.0,
        94.33732216299774
      ],
      "models": {
        "powerlaw_fit_2p": {
          "params": {
            "log10_coeff": -2.5379357950213683,
            "exponent": -1.0
          },
          "train": {
            "n": 40,
            "max_abs_z": 1.6528208724103082e-09,
            "rms_z": 1.5105711282681635e-09,
            "reduced_chi2": 2.4019211932182658e-18,
            "exceed_3sigma_n": 0
          },
          "test": {
            "n": 40,
            "max_abs_z": 1.6500296854932121e-09,
            "rms_z": 1.513990220197305e-09,
            "reduced_chi2": 2.292166386853084e-18,
            "exceed_3sigma_n": 0
          }
        },
        "fixed_exponent_-1_fit": {
          "params": {
            "coeff": 0.0028977719551851722,
            "exponent": -1.0
          },
          "train": {
            "n": 40,
            "max_abs_z": 2.013940377703386e-10,
            "rms_z": 7.044947955581201e-11,
            "reduced_chi2": 5.090388891984384e-21,
            "exceed_3sigma_n": 0
          },
          "test": {
            "n": 40,
            "max_abs_z": 1.963255028312323e-10,
            "rms_z": 6.39706090787772e-11,
            "reduced_chi2": 4.092238825909732e-21,
            "exceed_3sigma_n": 0
          }
        }
      }
    }
  ],
  "outputs": {
    "csv": "C:\\develop\\waveP\\output\\public\\quantum\\thermo_blackbody_peak_wavelength_holdout_splits.csv",
    "png": "C:\\develop\\waveP\\output\\public\\quantum\\thermo_blackbody_peak_wavelength_holdout_splits.png"
  },
  "notes": [
    "Analytic holdout for blackbody peak wavelength from the Planck B_λ maximum (Wien displacement law).",
    "The root x solves 5(1-exp(-x))=x; b = h c / (k_B x)."
  ]
}
