split,model_id,train_min_T_K,train_max_T_K,test_min_T_K,test_max_T_K,supported,reason,train_n,train_max_abs_z,train_reduced_chi2,test_n,test_max_abs_z,test_reduced_chi2,train_exceed_3sigma_n,test_exceed_3sigma_n,param_log10_abs_coeff,param_abs_coeff,param_exponent,param_sign
A_low_to_high,powerlaw_abs_fit_2p,1.0,94.33732216299774,106.00258488068825,10000.0,True,,40,1.6216226613704765e-08,2.1463913538632008e-16,40,2.0386785033511677e-08,3.3843436789508044e-16,0,0,8.953941957647585,,-1.0000000000000009,1.0
A_low_to_high,fixed_exponent_minus1_abs_fit,1.0,94.33732216299774,106.00258488068825,10000.0,True,,40,3.809182823291751e-10,1.7211039368484407e-20,40,2.5466830550869685e-10,1.8653671790933357e-20,0,0,,899377374.0,-1.0,1.0
B_high_to_low,powerlaw_abs_fit_2p,106.00258488068825,10000.0,1.0,94.33732216299774,True,,40,5.9865956050788255e-09,2.208186172124357e-17,40,2.7820106208757753e-09,2.7426175467487603e-18,0,0,8.95394195764759,,-1.0000000000000007,1.0
B_high_to_low,fixed_exponent_minus1_abs_fit,106.00258488068825,10000.0,1.0,94.33732216299774,True,,40,2.5466830550869685e-10,1.9131971067623956e-20,40,3.809182823291751e-10,1.6780763384272294e-20,0,0,,899377374.0,-1.0,1.0
