{
  "generated_utc": "2026-02-15T08:10:13.582417+00:00",
  "phase": 7,
  "step": "7.20.6",
  "inputs": {
    "blackbody_constants_extracted_values": {
      "path": "C:\\develop\\waveP\\data\\quantum\\sources\\nist_codata_2022_blackbody_constants\\extracted_values.json",
      "sha256": "ffe4c2234b9bf48c59898745bd5688a50a9f314e5e1eec63e172c24486032742"
    }
  },
  "constants": {
    "c_m_per_s": 299792458.0,
    "h_J_s": 6.62607015e-34,
    "kB_J_per_K": 1.380649e-23,
    "radiation_constant_a": 7.565733250280007e-16,
    "stefan_boltzmann_sigma": 5.6703744191844314e-08
  },
  "assumptions": {
    "sign_convention": "h/g is positive for photon gas; model fit is applied to abs(h/g) and sign=+1 is fixed.",
    "sigma_proxy": "1 ppm relative tolerance (operational, analytic baseline)",
    "holdout_reduced_chi2_definition": {
      "train": "sum(z^2)/max(1,n-params)",
      "test": "sum(z^2)/max(1,n)  (no parameters are fit on the test split)"
    }
  },
  "data_range_T_K": [
    1.0,
    10000.0
  ],
  "splits": [
    {
      "name": "A_low_to_high",
      "train_T_K": [
        1.0,
        94.33732216299774
      ],
      "test_T_K": [
        106.00258488068825,
        10000.0
      ],
      "models": {
        "powerlaw_abs_fit_2p": {
          "params": {
            "log10_abs_coeff": 8.601759439536222,
            "exponent": -1.0185635507859676e-15,
            "sign": 1.0
          },
          "train": {
            "n": 40,
            "max_abs_z": 1.7297313381576077e-08,
            "rms_z": 1.4995508762836548e-08,
            "reduced_chi2": 2.3670029795400806e-16,
            "exceed_3sigma_n": 0
          },
          "test": {
            "n": 40,
            "max_abs_z": 2.2068986038562584e-08,
            "rms_z": 1.9719758925213403e-08,
            "reduced_chi2": 3.888688920685336e-16,
            "exceed_3sigma_n": 0
          }
        },
        "fixed_exponent_0_abs_fit": {
          "params": {
            "abs_coeff": 399723277.3333334,
            "exponent": 0.0,
            "sign": 1.0
          },
          "train": {
            "n": 40,
            "max_abs_z": 1.4911477053082828e-10,
            "rms_z": 9.43084615301545e-11,
            "reduced_chi2": 9.122139401215005e-21,
            "exceed_3sigma_n": 0
          },
          "test": {
            "n": 40,
            "max_abs_z": 1.4911477053082828e-10,
            "rms_z": 1.0002922900686434e-10,
            "reduced_chi2": 1.000584665570771e-20,
            "exceed_3sigma_n": 0
          }
        }
      }
    },
    {
      "name": "B_high_to_low",
      "train_T_K": [
        106.00258488068825,
        10000.0
      ],
      "test_T_K": [
        1.0,
        94.33732216299774
      ],
      "models": {
        "powerlaw_abs_fit_2p": {
          "params": {
            "log10_abs_coeff": 8.601759439536222,
            "exponent": 7.043552541471579e-16,
            "sign": 1.0
          },
          "train": {
            "n": 40,
            "max_abs_z": 9.245115772911354e-09,
            "rms_z": 7.783162543281074e-09,
            "reduced_chi2": 6.376591492119316e-17,
            "exceed_3sigma_n": 0
          },
          "test": {
            "n": 40,
            "max_abs_z": 1.2674755495120403e-08,
            "rms_z": 1.1083100145161839e-08,
            "reduced_chi2": 1.228351088276864e-16,
            "exceed_3sigma_n": 0
          }
        },
        "fixed_exponent_0_abs_fit": {
          "params": {
            "abs_coeff": 399723277.3333333,
            "exponent": 0.0,
            "sign": 1.0
          },
          "train": {
            "n": 40,
            "max_abs_z": 1.4911477053082826e-10,
            "rms_z": 1.1058647356143455e-10,
            "reduced_chi2": 1.2542941676670627e-20,
            "exceed_3sigma_n": 0
          },
          "test": {
            "n": 40,
            "max_abs_z": 1.4911477053082826e-10,
            "rms_z": 1.1550380458788767e-10,
            "reduced_chi2": 1.334112887427694e-20,
            "exceed_3sigma_n": 0
          }
        }
      }
    }
  ],
  "outputs": {
    "csv": "C:\\develop\\waveP\\output\\public\\quantum\\thermo_blackbody_enthalpy_momentum_ratio_holdout_splits.csv",
    "png": "C:\\develop\\waveP\\output\\public\\quantum\\thermo_blackbody_enthalpy_momentum_ratio_holdout_splits.png"
  },
  "notes": [
    "Analytic holdout for h/g = 4c/3 based on blackbody enthalpy-density and momentum-density identities.",
    "This is a procedural regression check, not an observational inference."
  ]
}
