{
  "generated_utc": "2026-02-15T22:40:45.838507+00:00",
  "phase": 8,
  "step": "8.7.12",
  "inputs": {
    "blackbody_constants_extracted_values": {
      "path": "C:\\develop\\waveP\\data\\quantum\\sources\\nist_codata_2022_blackbody_constants\\extracted_values.json",
      "sha256": "ffe4c2234b9bf48c59898745bd5688a50a9f314e5e1eec63e172c24486032742"
    }
  },
  "constants": {
    "c_m_per_s": 299792458.0,
    "h_J_s": 6.62607015e-34,
    "kB_J_per_K": 1.380649e-23,
    "stefan_boltzmann_sigma": 5.6703744191844314e-08,
    "radiation_constant_a": 7.565733250280007e-16,
    "zeta3": 1.2020569031595942
  },
  "assumptions": {
    "sign_convention": "u/Φ_n is positive for photon gas; model fit is applied to abs(u/Φ_n) and sign=+1 is fixed.",
    "sigma_proxy": "1 ppm relative tolerance (operational, analytic baseline)",
    "holdout_reduced_chi2_definition": {
      "train": "sum(z^2)/max(1,n-params)",
      "test": "sum(z^2)/max(1,n)  (no parameters are fit on the test split)"
    }
  },
  "data_range_T_K": [
    1.0,
    10000.0
  ],
  "splits": [
    {
      "name": "A_low_to_high",
      "train_T_K": [
        1.0,
        94.33732216299774
      ],
      "test_T_K": [
        106.00258488068825,
        10000.0
      ],
      "models": {
        "powerlaw_abs_fit_2p": {
          "params": {
            "log10_abs_coeff": -30.303124219718992,
            "exponent": 1.0000000000000049,
            "sign": 1.0
          },
          "train": {
            "n": 40,
            "max_abs_z": 1.7488204834773715e-12,
            "rms_z": 5.744669977027481e-13,
            "reduced_chi2": 3.473814015259045e-25,
            "exceed_3sigma_n": 0
          },
          "test": {
            "n": 40,
            "max_abs_z": 2.991828273272057e-10,
            "rms_z": 1.0026150627407956e-10,
            "reduced_chi2": 1.0052369640347295e-20,
            "exceed_3sigma_n": 0
          }
        },
        "fixed_exponent_1_abs_fit": {
          "params": {
            "abs_coeff": 4.975947393542067e-31,
            "exponent": 1.0,
            "sign": 1.0
          },
          "train": {
            "n": 40,
            "max_abs_z": 5.605193857299268e-15,
            "rms_z": 2.2405631775643794e-15,
            "reduced_chi2": 5.148844464263988e-30,
            "exceed_3sigma_n": 0
          },
          "test": {
            "n": 40,
            "max_abs_z": 1.0761972206014594e-12,
            "rms_z": 2.649128710915862e-13,
            "reduced_chi2": 7.017882926998738e-26,
            "exceed_3sigma_n": 0
          }
        }
      }
    },
    {
      "name": "B_high_to_low",
      "train_T_K": [
        106.00258488068825,
        10000.0
      ],
      "test_T_K": [
        1.0,
        94.33732216299774
      ],
      "models": {
        "powerlaw_abs_fit_2p": {
          "params": {
            "log10_abs_coeff": -30.30312421971898,
            "exponent": 0.9999999999999992,
            "sign": 1.0
          },
          "train": {
            "n": 40,
            "max_abs_z": 1.6358197753142184e-10,
            "rms_z": 5.710090495626464e-11,
            "reduced_chi2": 3.4321193124467034e-21,
            "exceed_3sigma_n": 0
          },
          "test": {
            "n": 40,
            "max_abs_z": 1.7039789326189774e-12,
            "rms_z": 5.962972429046596e-13,
            "reduced_chi2": 3.5557040189569858e-25,
            "exceed_3sigma_n": 0
          }
        },
        "fixed_exponent_1_abs_fit": {
          "params": {
            "abs_coeff": 4.975947393542067e-31,
            "exponent": 1.0,
            "sign": 1.0
          },
          "train": {
            "n": 40,
            "max_abs_z": 1.0761972206014594e-12,
            "rms_z": 2.649128710915862e-13,
            "reduced_chi2": 7.19782864307563e-26,
            "exceed_3sigma_n": 0
          },
          "test": {
            "n": 40,
            "max_abs_z": 5.605193857299268e-15,
            "rms_z": 2.2405631775643794e-15,
            "reduced_chi2": 5.020123352657389e-30,
            "exceed_3sigma_n": 0
          }
        }
      }
    }
  ],
  "outputs": {
    "csv": "C:\\develop\\waveP\\output\\public\\quantum\\thermo_blackbody_energy_per_photon_flux_holdout_splits.csv",
    "png": "C:\\develop\\waveP\\output\\public\\quantum\\thermo_blackbody_energy_per_photon_flux_holdout_splits.png"
  },
  "notes": [
    "Analytic holdout for u/Φ_n (energy density per photon flux) based on blackbody identities.",
    "This is a procedural regression check, not an observational inference."
  ]
}
