split,model_id,train_min_T_K,train_max_T_K,test_min_T_K,test_max_T_K,supported,reason,train_n,train_max_abs_z,train_reduced_chi2,test_n,test_max_abs_z,test_reduced_chi2,train_exceed_3sigma_n,test_exceed_3sigma_n,param_log10_abs_coeff,param_abs_coeff,param_exponent,param_sign
A_low_to_high,powerlaw_abs_fit_2p,1.0,94.33732216299774,106.00258488068825,10000.0,True,,40,7.27415359871839e-09,1.5347938430004324e-17,40,1.9838600723777426e-08,2.0055470274856365e-16,0,0,-7.9996994482082675,,2.7700569919377367e-15,1.0
A_low_to_high,fixed_exponent_0_abs_fit,1.0,94.33732216299774,106.00258488068825,10000.0,True,,40,3.306433453962905e-10,2.382724835298027e-20,40,1.6532167269814523e-10,1.4348909118449147e-20,0,0,,1.0006922855944563e-08,0.0,1.0
B_high_to_low,powerlaw_abs_fit_2p,106.00258488068825,10000.0,1.0,94.33732216299774,True,,40,2.4798250904721782e-09,2.1958506034398614e-18,40,7.4394752714165355e-09,2.7433064390314985e-17,0,0,-7.999699448208268,,1.0829725863832258e-15,1.0
B_high_to_low,fixed_exponent_0_abs_fit,106.00258488068825,10000.0,1.0,94.33732216299774,True,,40,1.6532167269814523e-10,1.4716829865076047e-20,40,3.306433453962905e-10,2.3231567144155767e-20,0,0,,1.0006922855944563e-08,0.0,1.0
