split,model_id,train_min_T_K,train_max_T_K,test_min_T_K,test_max_T_K,supported,reason,train_n,train_max_abs_z,train_reduced_chi2,test_n,test_max_abs_z,test_reduced_chi2,train_exceed_3sigma_n,test_exceed_3sigma_n,param_log10_coeff,param_exponent,param_coeff
A_low_to_high,powerlaw_fit_2p,1.0,94.33732216299774,106.00258488068825,10000.0,True,,40,1.5572159179317126e-09,9.819296734040606e-19,40,3.3155321813446865e-09,6.0977555281714364e-18,0,0,0.12493873660829999,-0.9999999999999997,
A_low_to_high,fixed_exponent_minus1_fit,1.0,94.33732216299774,106.00258488068825,10000.0,True,,40,3.4166569477282655e-10,1.9042508319453598e-20,40,3.1996925154157194e-10,2.1870701275470533e-20,0,0,,-1.0,1.3333333333333333
B_high_to_low,powerlaw_fit_2p,106.00258488068825,10000.0,1.0,94.33732216299774,True,,40,6.440294302245264e-10,1.0917538474764988e-19,40,1.4988010832439615e-09,9.72638715450961e-19,0,0,0.12493873660830059,-1.0000000000000002,
B_high_to_low,fixed_exponent_minus1_fit,106.00258488068825,10000.0,1.0,94.33732216299774,True,,40,3.1996925154157194e-10,2.2431488487662086e-20,40,3.4166569477282655e-10,1.8566445611467256e-20,0,0,,-1.0,1.3333333333333333
