{
  "generated_utc": "2026-02-16T02:37:32.082440+00:00",
  "phase": 8,
  "step": "8.7.12",
  "inputs": {
    "blackbody_constants_extracted_values": {
      "path": "C:\\develop\\waveP\\data\\quantum\\sources\\nist_codata_2022_blackbody_constants\\extracted_values.json",
      "sha256": "ffe4c2234b9bf48c59898745bd5688a50a9f314e5e1eec63e172c24486032742"
    }
  },
  "constants": {
    "c_m_per_s": 299792458.0,
    "h_J_s": 6.62607015e-34,
    "kB_J_per_K": 1.380649e-23,
    "stefan_boltzmann_sigma": 5.6703744191844314e-08,
    "radiation_constant_a": 7.565733250280007e-16,
    "hbar_J_s": 1.0545718176461565e-34,
    "zeta3": 1.2020569031595942,
    "photon_density_coeff": 20286846.033907045
  },
  "assumptions": {
    "sign_convention": "Φ_n/u is positive for photon gas; model fit is applied to abs(Φ_n/u) and sign=+1 is fixed.",
    "sigma_proxy": "1 ppm relative tolerance (operational, analytic baseline)",
    "holdout_reduced_chi2_definition": {
      "train": "sum(z^2)/max(1,n-params)",
      "test": "sum(z^2)/max(1,n)  (no parameters are fit on the test split)"
    }
  },
  "data_range_T_K": [
    1.0,
    10000.0
  ],
  "splits": [
    {
      "name": "A_low_to_high",
      "train_T_K": [
        1.0,
        94.33732216299774
      ],
      "test_T_K": [
        106.00258488068825,
        10000.0
      ],
      "models": {
        "powerlaw_abs_fit_2p": {
          "params": {
            "log10_abs_coeff": 30.303124219718992,
            "exponent": -1.0000000000000049,
            "sign": 1.0
          },
          "train": {
            "n": 40,
            "max_abs_z": 3.736781613185071e-08,
            "rms_z": 2.7153327863860653e-08,
            "reduced_chi2": 7.761086464024331e-16,
            "exceed_3sigma_n": 0
          },
          "test": {
            "n": 40,
            "max_abs_z": 6.018223220241301e-08,
            "rms_z": 4.955458246655133e-08,
            "reduced_chi2": 2.4556566434342365e-15,
            "exceed_3sigma_n": 0
          }
        },
        "fixed_exponent_minus1_abs_fit": {
          "params": {
            "abs_coeff": 2.0096675485312198e+30,
            "exponent": -1.0,
            "sign": 1.0
          },
          "train": {
            "n": 40,
            "max_abs_z": 4.3102922508024983e-10,
            "rms_z": 1.8863980723795355e-10,
            "reduced_chi2": 3.6497412179253617e-20,
            "exceed_3sigma_n": 0
          },
          "test": {
            "n": 40,
            "max_abs_z": 3.960145746465245e-10,
            "rms_z": 1.9532929838399963e-10,
            "reduced_chi2": 3.8153534807185566e-20,
            "exceed_3sigma_n": 0
          }
        }
      }
    },
    {
      "name": "B_high_to_low",
      "train_T_K": [
        106.00258488068825,
        10000.0
      ],
      "test_T_K": [
        1.0,
        94.33732216299774
      ],
      "models": {
        "powerlaw_abs_fit_2p": {
          "params": {
            "log10_abs_coeff": 30.30312421971898,
            "exponent": -0.9999999999999992,
            "sign": 1.0
          },
          "train": {
            "n": 40,
            "max_abs_z": 3.6362955365542596e-08,
            "rms_z": 3.450815725123507e-08,
            "reduced_chi2": 1.2534872809220712e-15,
            "exceed_3sigma_n": 0
          },
          "test": {
            "n": 40,
            "max_abs_z": 3.991723328625503e-08,
            "rms_z": 3.815086784472006e-08,
            "reduced_chi2": 1.4554887173052949e-15,
            "exceed_3sigma_n": 0
          }
        },
        "fixed_exponent_minus1_abs_fit": {
          "params": {
            "abs_coeff": 2.00966754853122e+30,
            "exponent": -1.0,
            "sign": 1.0
          },
          "train": {
            "n": 40,
            "max_abs_z": 4.2899672255505693e-10,
            "rms_z": 1.6576395294583472e-10,
            "reduced_chi2": 2.818224420126042e-20,
            "exceed_3sigma_n": 0
          },
          "test": {
            "n": 40,
            "max_abs_z": 3.628116979637316e-10,
            "rms_z": 1.445511824377443e-10,
            "reduced_chi2": 2.089504434415003e-20,
            "exceed_3sigma_n": 0
          }
        }
      }
    }
  ],
  "outputs": {
    "csv": "C:\\develop\\waveP\\output\\public\\quantum\\thermo_blackbody_photon_flux_per_energy_density_holdout_splits.csv",
    "png": "C:\\develop\\waveP\\output\\public\\quantum\\thermo_blackbody_photon_flux_per_energy_density_holdout_splits.png"
  },
  "notes": [
    "Analytic holdout for Φ_n/u (photon flux per energy density) based on blackbody identities.",
    "This is a procedural regression check, not an observational inference."
  ]
}
