split,model_id,train_min_T_K,train_max_T_K,test_min_T_K,test_max_T_K,supported,reason,train_n,train_max_abs_z,train_reduced_chi2,test_n,test_max_abs_z,test_reduced_chi2,train_exceed_3sigma_n,test_exceed_3sigma_n,param_log10_abs_coeff,param_abs_coeff,param_exponent,param_sign
A_low_to_high,powerlaw_abs_fit_2p,1.0,94.33732216299774,106.00258488068825,10000.0,True,,40,2.935524047899107e-08,5.175062581009159e-16,40,4.4924484333847595e-08,1.4110626017595886e-15,0,0,14.428664059910762,,-1.0000000000000033,1.0
A_low_to_high,fixed_exponent_minus1_abs_fit,1.0,94.33732216299774,106.00258488068825,10000.0,True,,40,3.7369309719042763e-10,1.8201013893255818e-20,40,3.1344150730034243e-10,1.888226913948659e-20,0,0,,268326805262688.0,-1.0,1.0
B_high_to_low,powerlaw_abs_fit_2p,106.00258488068825,10000.0,1.0,94.33732216299774,True,,40,5.979765281150974e-09,1.7789915215127674e-17,40,1.0132234076794467e-08,6.636791671643954e-17,0,0,14.428664059910764,,-0.9999999999999991,1.0
B_high_to_low,fixed_exponent_minus1_abs_fit,106.00258488068825,10000.0,1.0,94.33732216299774,True,,40,3.1344150730034243e-10,1.9366429886652914e-20,40,3.7369309719042763e-10,1.774598854592442e-20,0,0,,268326805262688.0,-1.0,1.0
