split,model_id,train_min_T_K,train_max_T_K,test_min_T_K,test_max_T_K,supported,reason,train_n,train_max_abs_z,train_reduced_chi2,test_n,test_max_abs_z,test_reduced_chi2,train_exceed_3sigma_n,test_exceed_3sigma_n,param_log10_abs_coeff,param_abs_coeff,param_exponent,param_sign
A_low_to_high,powerlaw_abs_fit_2p,1.0,94.33732216299774,106.00258488068825,10000.0,True,,40,8.164460950359753e-21,7.797371084788754e-42,40,1.2080896489616723e-18,1.6642258972335576e-37,0,0,-38.77994492264691,,1.0000000000000044,1.0
A_low_to_high,fixed_exponent_plus1_abs_fit,1.0,94.33732216299774,106.00258488068825,10000.0,True,,40,1.0440487148797638e-23,1.6240295543620824e-47,40,2.6727647100921953e-21,9.262268506244416e-43,0,0,,1.6597973900804628e-39,1.0,1.0
B_high_to_low,powerlaw_abs_fit_2p,106.00258488068825,10000.0,1.0,94.33732216299774,True,,40,3.9556917709364494e-19,2.036805975932766e-38,40,4.3641236281974125e-21,2.3546145157473325e-42,0,0,-38.77994492264691,,0.9999999999999991,1.0
B_high_to_low,fixed_exponent_plus1_abs_fit,106.00258488068825,10000.0,1.0,94.33732216299774,True,,40,2.6727647100921953e-21,9.499762570507093e-43,40,1.0440487148797638e-23,1.5834288155030306e-47,0,0,,1.6597973900804628e-39,1.0,1.0
