{
  "generated_utc": "2026-02-16T18:58:13.505760+00:00",
  "phase": 8,
  "step": "8.7.12",
  "inputs": {
    "blackbody_constants_extracted_values": {
      "path": "C:\\develop\\waveP\\data\\quantum\\sources\\nist_codata_2022_blackbody_constants\\extracted_values.json",
      "sha256": "ffe4c2234b9bf48c59898745bd5688a50a9f314e5e1eec63e172c24486032742"
    }
  },
  "constants": {
    "c_m_per_s": 299792458.0,
    "h_J_s": 6.62607015e-34,
    "kB_J_per_K": 1.380649e-23,
    "stefan_boltzmann_sigma": 5.6703744191844314e-08,
    "radiation_constant_a": 7.565733250280007e-16
  },
  "assumptions": {
    "sign_convention": "f/Φ_cV is negative for photon gas; model fit is applied to abs(f/Φ_cV) and sign=-1 is fixed.",
    "sigma_proxy": "1 ppm relative tolerance (operational, analytic baseline)",
    "holdout_reduced_chi2_definition": {
      "train": "sum(z^2)/max(1,n-params)",
      "test": "sum(z^2)/max(1,n)  (no parameters are fit on the test split)"
    }
  },
  "data_range_T_K": [
    1.0,
    10000.0
  ],
  "splits": [
    {
      "name": "A_low_to_high",
      "train_T_K": [
        1.0,
        94.33732216299774
      ],
      "test_T_K": [
        106.00258488068825,
        10000.0
      ],
      "models": {
        "powerlaw_abs_fit_2p": {
          "params": {
            "log10_abs_coeff": -8.953941957647585,
            "exponent": 1.0000000000000009,
            "sign": -1.0
          },
          "train": {
            "n": 40,
            "max_abs_z": 1.6162796525716605e-08,
            "rms_z": 1.4157264055750468e-08,
            "reduced_chi2": 2.1097697425709917e-16,
            "exceed_3sigma_n": 0
          },
          "test": {
            "n": 40,
            "max_abs_z": 2.0766820886260805e-08,
            "rms_z": 1.83633174774001e-08,
            "reduced_chi2": 3.372114287757879e-16,
            "exceed_3sigma_n": 0
          }
        },
        "fixed_exponent_1_abs_fit": {
          "params": {
            "abs_coeff": 1.1118803173271735e-09,
            "exponent": 1.0,
            "sign": -1.0
          },
          "train": {
            "n": 40,
            "max_abs_z": 7.392219121499788e-10,
            "rms_z": 3.531985138085458e-10,
            "reduced_chi2": 1.2794788734006718e-19,
            "exceed_3sigma_n": 0
          },
          "test": {
            "n": 40,
            "max_abs_z": 8.869535434511999e-10,
            "rms_z": 3.5714624626898644e-10,
            "reduced_chi2": 1.275534412240275e-19,
            "exceed_3sigma_n": 0
          }
        }
      }
    },
    {
      "name": "B_high_to_low",
      "train_T_K": [
        106.00258488068825,
        10000.0
      ],
      "test_T_K": [
        1.0,
        94.33732216299774
      ],
      "models": {
        "powerlaw_abs_fit_2p": {
          "params": {
            "log10_abs_coeff": -8.953941957647588,
            "exponent": 1.0000000000000002,
            "sign": -1.0
          },
          "train": {
            "n": 40,
            "max_abs_z": 6.55794343776657e-09,
            "rms_z": 5.504047296230195e-09,
            "reduced_chi2": 3.1888985935935704e-17,
            "exceed_3sigma_n": 0
          },
          "test": {
            "n": 40,
            "max_abs_z": 5.279354814704484e-09,
            "rms_z": 4.433990482214971e-09,
            "reduced_chi2": 1.9660271596372953e-17,
            "exceed_3sigma_n": 0
          }
        },
        "fixed_exponent_1_abs_fit": {
          "params": {
            "abs_coeff": 1.1118803173271735e-09,
            "exponent": 1.0,
            "sign": -1.0
          },
          "train": {
            "n": 40,
            "max_abs_z": 8.869535434511999e-10,
            "rms_z": 3.5714624626898644e-10,
            "reduced_chi2": 1.3082404228105383e-19,
            "exceed_3sigma_n": 0
          },
          "test": {
            "n": 40,
            "max_abs_z": 7.392219121499788e-10,
            "rms_z": 3.531985138085458e-10,
            "reduced_chi2": 1.247491901565655e-19,
            "exceed_3sigma_n": 0
          }
        }
      }
    }
  ],
  "outputs": {
    "csv": "C:\\develop\\waveP\\output\\public\\quantum\\thermo_blackbody_helmholtz_per_heat_capacity_flux_holdout_splits.csv",
    "png": "C:\\develop\\waveP\\output\\public\\quantum\\thermo_blackbody_helmholtz_per_heat_capacity_flux_holdout_splits.png"
  },
  "notes": [
    "Analytic holdout for f/Φ_cV (Helmholtz free-energy density per heat-capacity flux) based on blackbody identities.",
    "This is a procedural regression check, not an observational inference."
  ]
}
