split,model_id,train_min_T_K,train_max_T_K,test_min_T_K,test_max_T_K,supported,reason,train_n,train_max_abs_z,train_reduced_chi2,test_n,test_max_abs_z,test_reduced_chi2,train_exceed_3sigma_n,test_exceed_3sigma_n,param_log10_abs_coeff,param_abs_coeff,param_exponent,param_sign
A_low_to_high,powerlaw_abs_fit_2p,1.0,94.33732216299774,106.00258488068825,10000.0,True,,40,1.5814131037664975e-08,1.5828412367488923e-16,40,2.2887925912360177e-08,3.7850387366711417e-16,0,0,-8.601759439536224,,1.0000000000000016,1.0
A_low_to_high,fixed_exponent_1_abs_fit,1.0,94.33732216299774,106.00258488068825,10000.0,True,,40,3.6449391273519067e-10,2.806665372222724e-20,40,3.441779357511383e-10,2.7289893603439366e-20,0,0,,2.5017307139861406e-09,1.0,1.0
B_high_to_low,powerlaw_abs_fit_2p,106.00258488068825,10000.0,1.0,94.33732216299774,True,,40,4.007205709383891e-09,1.4058552439603742e-17,40,4.5996030089332055e-09,1.7494784925218763e-17,0,0,-8.601759439536226,,0.9999999999999999,1.0
B_high_to_low,fixed_exponent_1_abs_fit,106.00258488068825,10000.0,1.0,94.33732216299774,True,,40,3.441779357511383e-10,2.7989634465066014e-20,40,3.6449391273519067e-10,2.736498737917156e-20,0,0,,2.5017307139861406e-09,1.0,1.0
