{
  "generated_utc": "2026-02-16T06:21:57.188494+00:00",
  "phase": 8,
  "step": "8.7.12",
  "inputs": {
    "blackbody_constants_extracted_values": {
      "path": "C:\\develop\\waveP\\data\\quantum\\sources\\nist_codata_2022_blackbody_constants\\extracted_values.json",
      "sha256": "ffe4c2234b9bf48c59898745bd5688a50a9f314e5e1eec63e172c24486032742"
    }
  },
  "constants": {
    "c_m_per_s": 299792458.0,
    "h_J_s": 6.62607015e-34,
    "kB_J_per_K": 1.380649e-23,
    "stefan_boltzmann_sigma": 5.6703744191844314e-08,
    "radiation_constant_a": 7.565733250280007e-16
  },
  "assumptions": {
    "sign_convention": "s/h is positive for photon gas; model fit is applied to abs(s/h) and sign=+1 is fixed.",
    "sigma_proxy": "1 ppm relative tolerance (operational, analytic baseline)",
    "holdout_reduced_chi2_definition": {
      "train": "sum(z^2)/max(1,n-params)",
      "test": "sum(z^2)/max(1,n)  (no parameters are fit on the test split)"
    }
  },
  "data_range_T_K": [
    1.0,
    10000.0
  ],
  "splits": [
    {
      "name": "A_low_to_high",
      "train_T_K": [
        1.0,
        94.33732216299774
      ],
      "test_T_K": [
        106.00258488068825,
        10000.0
      ],
      "models": {
        "powerlaw_abs_fit_2p": {
          "params": {
            "log10_abs_coeff": 1.9674725061142964e-16,
            "exponent": -0.9999999999999997,
            "sign": 1.0
          },
          "train": {
            "n": 40,
            "max_abs_z": 1.963790009003272e-09,
            "rms_z": 1.2744253023817415e-09,
            "reduced_chi2": 1.7096419487903088e-18,
            "exceed_3sigma_n": 0
          },
          "test": {
            "n": 40,
            "max_abs_z": 3.5705731183712e-09,
            "rms_z": 2.7740308046160525e-09,
            "reduced_chi2": 7.695246904958783e-18,
            "exceed_3sigma_n": 0
          }
        },
        "fixed_exponent_minus1_abs_fit": {
          "params": {
            "abs_coeff": 1.0,
            "exponent": -1.0,
            "sign": 1.0
          },
          "train": {
            "n": 40,
            "max_abs_z": 1.827171189865237e-10,
            "rms_z": 9.271986651855324e-11,
            "reduced_chi2": 8.817408868941876e-21,
            "exceed_3sigma_n": 0
          },
          "test": {
            "n": 40,
            "max_abs_z": 2.146764767415088e-10,
            "rms_z": 1.2897349995963514e-10,
            "reduced_chi2": 1.6634163691838002e-20,
            "exceed_3sigma_n": 0
          }
        }
      }
    },
    {
      "name": "B_high_to_low",
      "train_T_K": [
        106.00258488068825,
        10000.0
      ],
      "test_T_K": [
        1.0,
        94.33732216299774
      ],
      "models": {
        "powerlaw_abs_fit_2p": {
          "params": {
            "log10_abs_coeff": 5.610818241632436e-16,
            "exponent": -1.0000000000000002,
            "sign": 1.0
          },
          "train": {
            "n": 40,
            "max_abs_z": 8.587059069660352e-10,
            "rms_z": 3.8409737907180705e-10,
            "reduced_chi2": 1.5529557537876993e-19,
            "exceed_3sigma_n": 0
          },
          "test": {
            "n": 40,
            "max_abs_z": 1.415897654638342e-09,
            "rms_z": 8.91643630796035e-10,
            "reduced_chi2": 7.950283643391359e-19,
            "exceed_3sigma_n": 0
          }
        },
        "fixed_exponent_minus1_abs_fit": {
          "params": {
            "abs_coeff": 1.0,
            "exponent": -1.0,
            "sign": 1.0
          },
          "train": {
            "n": 40,
            "max_abs_z": 2.146764767415088e-10,
            "rms_z": 1.2897349995963514e-10,
            "reduced_chi2": 1.706068070957744e-20,
            "exceed_3sigma_n": 0
          },
          "test": {
            "n": 40,
            "max_abs_z": 1.827171189865237e-10,
            "rms_z": 9.271986651855324e-11,
            "reduced_chi2": 8.596973647218329e-21,
            "exceed_3sigma_n": 0
          }
        }
      }
    }
  ],
  "outputs": {
    "csv": "C:\\develop\\waveP\\output\\public\\quantum\\thermo_blackbody_entropy_per_enthalpy_density_holdout_splits.csv",
    "png": "C:\\develop\\waveP\\output\\public\\quantum\\thermo_blackbody_entropy_per_enthalpy_density_holdout_splits.png"
  },
  "notes": [
    "Analytic holdout for s/h (radiation entropy density per enthalpy density) based on blackbody identities.",
    "This is a procedural regression check, not an observational inference."
  ]
}
