{
  "generated_utc": "2026-02-15T23:05:26.399439+00:00",
  "phase": 8,
  "step": "8.7.12",
  "inputs": {
    "blackbody_constants_extracted_values": {
      "path": "C:\\develop\\waveP\\data\\quantum\\sources\\nist_codata_2022_blackbody_constants\\extracted_values.json",
      "sha256": "ffe4c2234b9bf48c59898745bd5688a50a9f314e5e1eec63e172c24486032742"
    }
  },
  "constants": {
    "c_m_per_s": 299792458.0,
    "h_J_s": 6.62607015e-34,
    "kB_J_per_K": 1.380649e-23,
    "stefan_boltzmann_sigma": 5.6703744191844314e-08,
    "radiation_constant_a": 7.565733250280007e-16
  },
  "assumptions": {
    "sign_convention": "P/Φ_cV is positive for photon gas; model fit is applied to abs(P/Φ_cV) and sign=+1 is fixed.",
    "sigma_proxy": "1 ppm relative tolerance (operational, analytic baseline)",
    "holdout_reduced_chi2_definition": {
      "train": "sum(z^2)/max(1,n-params)",
      "test": "sum(z^2)/max(1,n)  (no parameters are fit on the test split)"
    }
  },
  "data_range_T_K": [
    1.0,
    10000.0
  ],
  "splits": [
    {
      "name": "A_low_to_high",
      "train_T_K": [
        1.0,
        94.33732216299774
      ],
      "test_T_K": [
        106.00258488068825,
        10000.0
      ],
      "models": {
        "powerlaw_abs_fit_2p": {
          "params": {
            "log10_abs_coeff": -8.953941957647585,
            "exponent": 1.0000000000000009,
            "sign": 1.0
          },
          "train": {
            "n": 40,
            "max_abs_z": 1.6162796525716605e-08,
            "rms_z": 1.4196674214739717e-08,
            "reduced_chi2": 2.1215321974679531e-16,
            "exceed_3sigma_n": 0
          },
          "test": {
            "n": 40,
            "max_abs_z": 2.0372866044101575e-08,
            "rms_z": 1.834214989886662e-08,
            "reduced_chi2": 3.3643446291249277e-16,
            "exceed_3sigma_n": 0
          }
        },
        "fixed_exponent_plus1_abs_fit": {
          "params": {
            "abs_coeff": 1.1118803173271735e-09,
            "exponent": 1.0,
            "sign": 1.0
          },
          "train": {
            "n": 40,
            "max_abs_z": 2.5886815552584457e-10,
            "rms_z": 1.2813734567390293e-10,
            "reduced_chi2": 1.6840183955234145e-20,
            "exceed_3sigma_n": 0
          },
          "test": {
            "n": 40,
            "max_abs_z": 2.475747336394893e-10,
            "rms_z": 1.3026509131666578e-10,
            "reduced_chi2": 1.6968994015739275e-20,
            "exceed_3sigma_n": 0
          }
        }
      }
    },
    {
      "name": "B_high_to_low",
      "train_T_K": [
        106.00258488068825,
        10000.0
      ],
      "test_T_K": [
        1.0,
        94.33732216299774
      ],
      "models": {
        "powerlaw_abs_fit_2p": {
          "params": {
            "log10_abs_coeff": -8.95394195764759,
            "exponent": 1.0000000000000007,
            "sign": 1.0
          },
          "train": {
            "n": 40,
            "max_abs_z": 5.992019424735757e-09,
            "rms_z": 4.5699411900313114e-09,
            "reduced_chi2": 2.1983539452994526e-17,
            "exceed_3sigma_n": 0
          },
          "test": {
            "n": 40,
            "max_abs_z": 2.902061280848094e-09,
            "rms_z": 1.6708783052116676e-09,
            "reduced_chi2": 2.7918343108270143e-18,
            "exceed_3sigma_n": 0
          }
        },
        "fixed_exponent_plus1_abs_fit": {
          "params": {
            "abs_coeff": 1.1118803173271735e-09,
            "exponent": 1.0,
            "sign": 1.0
          },
          "train": {
            "n": 40,
            "max_abs_z": 2.475747336394893e-10,
            "rms_z": 1.3026509131666578e-10,
            "reduced_chi2": 1.7404096426399256e-20,
            "exceed_3sigma_n": 0
          },
          "test": {
            "n": 40,
            "max_abs_z": 2.5886815552584457e-10,
            "rms_z": 1.2813734567390293e-10,
            "reduced_chi2": 1.6419179356353293e-20,
            "exceed_3sigma_n": 0
          }
        }
      }
    }
  ],
  "outputs": {
    "csv": "C:\\develop\\waveP\\output\\public\\quantum\\thermo_blackbody_pressure_per_heat_capacity_flux_holdout_splits.csv",
    "png": "C:\\develop\\waveP\\output\\public\\quantum\\thermo_blackbody_pressure_per_heat_capacity_flux_holdout_splits.png"
  },
  "notes": [
    "Analytic holdout for P/Φ_cV (radiation pressure per heat-capacity flux) based on blackbody identities.",
    "This is a procedural regression check, not an observational inference."
  ]
}
