{
  "generated_utc": "2026-02-15T14:47:28.301039+00:00",
  "phase": 8,
  "step": "8.7.12",
  "inputs": {
    "blackbody_constants_extracted_values": {
      "path": "C:\\develop\\waveP\\data\\quantum\\sources\\nist_codata_2022_blackbody_constants\\extracted_values.json",
      "sha256": "ffe4c2234b9bf48c59898745bd5688a50a9f314e5e1eec63e172c24486032742"
    }
  },
  "constants": {
    "c_m_per_s": 299792458.0,
    "h_J_s": 6.62607015e-34,
    "kB_J_per_K": 1.380649e-23,
    "stefan_boltzmann_sigma": 5.6703744191844314e-08,
    "radiation_constant_a": 7.565733250280007e-16
  },
  "assumptions": {
    "sign_convention": "cV/M is positive for photon gas; model fit is applied to abs(cV/M) and sign=+1 is fixed.",
    "sigma_proxy": "1 ppm relative tolerance (operational, analytic baseline)",
    "holdout_reduced_chi2_definition": {
      "train": "sum(z^2)/max(1,n-params)",
      "test": "sum(z^2)/max(1,n)  (no parameters are fit on the test split)"
    }
  },
  "data_range_T_K": [
    1.0,
    10000.0
  ],
  "splits": [
    {
      "name": "A_low_to_high",
      "train_T_K": [
        1.0,
        94.33732216299774
      ],
      "test_T_K": [
        106.00258488068825,
        10000.0
      ],
      "models": {
        "powerlaw_abs_fit_2p": {
          "params": {
            "log10_abs_coeff": -7.272700720272,
            "exponent": -0.9999999999999982,
            "sign": 1.0
          },
          "train": {
            "n": 40,
            "max_abs_z": 1.4986784995590804e-08,
            "rms_z": 1.1265854778906305e-08,
            "reduced_chi2": 1.3359945673621688e-16,
            "exceed_3sigma_n": 0
          },
          "test": {
            "n": 40,
            "max_abs_z": 2.3157546316054888e-08,
            "rms_z": 1.941602589446059e-08,
            "reduced_chi2": 3.7698206153436413e-16,
            "exceed_3sigma_n": 0
          }
        },
        "fixed_exponent_minus1_abs_fit": {
          "params": {
            "abs_coeff": 5.337025523170433e-08,
            "exponent": -1.0,
            "sign": 1.0
          },
          "train": {
            "n": 40,
            "max_abs_z": 2.24952361414901e-10,
            "rms_z": 1.2020645302296194e-10,
            "reduced_chi2": 1.482009369062724e-20,
            "exceed_3sigma_n": 0
          },
          "test": {
            "n": 40,
            "max_abs_z": 2.6262030660171757e-10,
            "rms_z": 1.0840369214695085e-10,
            "reduced_chi2": 1.1751360471090894e-20,
            "exceed_3sigma_n": 0
          }
        }
      }
    },
    {
      "name": "B_high_to_low",
      "train_T_K": [
        106.00258488068825,
        10000.0
      ],
      "test_T_K": [
        1.0,
        94.33732216299774
      ],
      "models": {
        "powerlaw_abs_fit_2p": {
          "params": {
            "log10_abs_coeff": -7.272700720271998,
            "exponent": -1.0000000000000002,
            "sign": 1.0
          },
          "train": {
            "n": 40,
            "max_abs_z": 1.0112486752040329e-08,
            "rms_z": 9.509475974793824e-09,
            "reduced_chi2": 9.518961401597994e-17,
            "exceed_3sigma_n": 0
          },
          "test": {
            "n": 40,
            "max_abs_z": 1.1115147382537123e-08,
            "rms_z": 1.0579433044746242e-08,
            "reduced_chi2": 1.1192440354826872e-16,
            "exceed_3sigma_n": 0
          }
        },
        "fixed_exponent_minus1_abs_fit": {
          "params": {
            "abs_coeff": 5.337025523170432e-08,
            "exponent": -1.0,
            "sign": 1.0
          },
          "train": {
            "n": 40,
            "max_abs_z": 3.9393045990257636e-10,
            "rms_z": 1.7058310312060597e-10,
            "reduced_chi2": 2.984471289256953e-20,
            "exceed_3sigma_n": 0
          },
          "test": {
            "n": 40,
            "max_abs_z": 3.609023207402345e-10,
            "rms_z": 1.6011670848717577e-10,
            "reduced_chi2": 2.563736033676723e-20,
            "exceed_3sigma_n": 0
          }
        }
      }
    }
  ],
  "outputs": {
    "csv": "C:\\develop\\waveP\\output\\public\\quantum\\thermo_blackbody_heat_capacity_flux_ratio_holdout_splits.csv",
    "png": "C:\\develop\\waveP\\output\\public\\quantum\\thermo_blackbody_heat_capacity_flux_ratio_holdout_splits.png"
  },
  "notes": [
    "Analytic holdout for cV/M (heat-capacity density per energy flux) based on blackbody identities.",
    "This is a procedural regression check, not an observational inference."
  ]
}
