{
  "generated_utc": "2026-02-15T23:39:13.733077+00:00",
  "phase": 8,
  "step": "8.7.12",
  "inputs": {
    "blackbody_constants_extracted_values": {
      "path": "C:\\develop\\waveP\\data\\quantum\\sources\\nist_codata_2022_blackbody_constants\\extracted_values.json",
      "sha256": "ffe4c2234b9bf48c59898745bd5688a50a9f314e5e1eec63e172c24486032742"
    }
  },
  "constants": {
    "c_m_per_s": 299792458.0,
    "h_J_s": 6.62607015e-34,
    "kB_J_per_K": 1.380649e-23,
    "stefan_boltzmann_sigma": 5.6703744191844314e-08,
    "radiation_constant_a": 7.565733250280007e-16
  },
  "assumptions": {
    "sign_convention": "u/Φ_s is positive for photon gas; model fit is applied to abs(u/Φ_s) and sign=+1 is fixed.",
    "sigma_proxy": "1 ppm relative tolerance (operational, analytic baseline)",
    "holdout_reduced_chi2_definition": {
      "train": "sum(z^2)/max(1,n-params)",
      "test": "sum(z^2)/max(1,n)  (no parameters are fit on the test split)"
    }
  },
  "data_range_T_K": [
    1.0,
    10000.0
  ],
  "splits": [
    {
      "name": "A_low_to_high",
      "train_T_K": [
        1.0,
        94.33732216299774
      ],
      "test_T_K": [
        106.00258488068825,
        10000.0
      ],
      "models": {
        "powerlaw_abs_fit_2p": {
          "params": {
            "log10_abs_coeff": -7.999699448208263,
            "exponent": 1.000000000000001,
            "sign": 1.0
          },
          "train": {
            "n": 40,
            "max_abs_z": 9.981969236540305e-09,
            "rms_z": 7.430990088179367e-09,
            "reduced_chi2": 5.812590914802104e-17,
            "exceed_3sigma_n": 0
          },
          "test": {
            "n": 40,
            "max_abs_z": 1.4897466570175263e-08,
            "rms_z": 1.2507654192589033e-08,
            "reduced_chi2": 1.5644141340139002e-16,
            "exceed_3sigma_n": 0
          }
        },
        "fixed_exponent_plus1_abs_fit": {
          "params": {
            "abs_coeff": 1.0006922855944561e-08,
            "exponent": 1.0,
            "sign": 1.0
          },
          "train": {
            "n": 40,
            "max_abs_z": 2.868514068908361e-10,
            "rms_z": 1.3500287051652767e-10,
            "reduced_chi2": 1.8693102613028034e-20,
            "exceed_3sigma_n": 0
          },
          "test": {
            "n": 40,
            "max_abs_z": 3.8428060363396214e-10,
            "rms_z": 1.408241083536025e-10,
            "reduced_chi2": 1.9831429493587177e-20,
            "exceed_3sigma_n": 0
          }
        }
      }
    },
    {
      "name": "B_high_to_low",
      "train_T_K": [
        106.00258488068825,
        10000.0
      ],
      "test_T_K": [
        1.0,
        94.33732216299774
      ],
      "models": {
        "powerlaw_abs_fit_2p": {
          "params": {
            "log10_abs_coeff": -7.999699448208264,
            "exponent": 1.0000000000000002,
            "sign": 1.0
          },
          "train": {
            "n": 40,
            "max_abs_z": 4.8697046753408055e-09,
            "rms_z": 4.303422068906334e-09,
            "reduced_chi2": 1.9494148950684284e-17,
            "exceed_3sigma_n": 0
          },
          "test": {
            "n": 40,
            "max_abs_z": 3.9254935199877604e-09,
            "rms_z": 3.282779434774836e-09,
            "reduced_chi2": 1.077664081738059e-17,
            "exceed_3sigma_n": 0
          }
        },
        "fixed_exponent_plus1_abs_fit": {
          "params": {
            "abs_coeff": 1.0006922855944563e-08,
            "exponent": 1.0,
            "sign": 1.0
          },
          "train": {
            "n": 40,
            "max_abs_z": 3.5532060178595274e-10,
            "rms_z": 1.5267465364460142e-10,
            "reduced_chi2": 2.3907230631281033e-20,
            "exceed_3sigma_n": 0
          },
          "test": {
            "n": 40,
            "max_abs_z": 3.6916899998003136e-10,
            "rms_z": 1.5398217715574956e-10,
            "reduced_chi2": 2.371051088162464e-20,
            "exceed_3sigma_n": 0
          }
        }
      }
    }
  ],
  "outputs": {
    "csv": "C:\\develop\\waveP\\output\\public\\quantum\\thermo_blackbody_energy_per_entropy_flux_holdout_splits.csv",
    "png": "C:\\develop\\waveP\\output\\public\\quantum\\thermo_blackbody_energy_per_entropy_flux_holdout_splits.png"
  },
  "notes": [
    "Analytic holdout for u/Φ_s (radiation energy density per entropy flux) based on blackbody identities.",
    "This is a procedural regression check, not an observational inference."
  ]
}
