split,model_id,train_min_T_K,train_max_T_K,test_min_T_K,test_max_T_K,supported,reason,train_n,train_max_abs_z,train_reduced_chi2,test_n,test_max_abs_z,test_reduced_chi2,train_exceed_3sigma_n,test_exceed_3sigma_n,param_log10_abs_coeff,param_abs_coeff,param_exponent,param_sign
A_low_to_high,powerlaw_abs_fit_2p,1.0,94.33732216299774,106.00258488068825,10000.0,True,,40,4.5144175658368445e-08,1.03766958301628e-15,40,7.636760525684985e-08,3.820076318091402e-15,0,0,30.780245474438654,,-1.0000000000000067,1.0
A_low_to_high,fixed_exponent_minus1_abs_fit,1.0,94.33732216299774,106.00258488068825,10000.0,True,,40,2.683415897242808e-10,1.2616889383182724e-20,40,3.61100872689312e-10,2.102307972314474e-20,0,0,,6.02900264559366e+30,-1.0,1.0
B_high_to_low,powerlaw_abs_fit_2p,106.00258488068825,10000.0,1.0,94.33732216299774,True,,40,3.527684558759927e-08,1.1646263887789632e-15,40,3.944982394660797e-08,1.3998316669601795e-15,0,0,30.780245474438644,,-0.9999999999999991,1.0
B_high_to_low,fixed_exponent_minus1_abs_fit,106.00258488068825,10000.0,1.0,94.33732216299774,True,,40,3.61100872689312e-10,2.1562133049379222e-20,40,2.683415897242808e-10,1.2301467148603155e-20,0,0,,6.02900264559366e+30,-1.0,1.0
