{
  "generated_utc": "2026-02-14T00:37:17.166202+00:00",
  "phase": 7,
  "step": "7.20.6",
  "inputs": {
    "blackbody_constants_extracted_values": {
      "path": "C:\\develop\\waveP\\data\\quantum\\sources\\nist_codata_2022_blackbody_constants\\extracted_values.json",
      "sha256": "ffe4c2234b9bf48c59898745bd5688a50a9f314e5e1eec63e172c24486032742"
    }
  },
  "constants": {
    "sigma_W_per_m2K4": 5.670374419e-08
  },
  "assumptions": {
    "sigma_proxy": "1 ppm relative tolerance (operational, analytic baseline)",
    "holdout_reduced_chi2_definition": {
      "train": "sum(z^2)/max(1,n-params)",
      "test": "sum(z^2)/max(1,n)  (no parameters are fit on the test split)"
    }
  },
  "data_range_T_K": [
    1.0,
    10000.0
  ],
  "splits": [
    {
      "name": "A_low_to_high",
      "train_T_K": [
        1.0,
        94.33732216299774
      ],
      "test_T_K": [
        106.00258488068825,
        10000.0
      ],
      "models": {
        "powerlaw_fit_2p": {
          "params": {
            "log10_coeff": -7.246388263375709,
            "exponent": 3.9999999999999987
          },
          "train": {
            "n": 40,
            "max_abs_z": 4.139091760467117e-09,
            "rms_z": 2.2064283986957844e-09,
            "reduced_chi2": 5.1245539774434135e-18,
            "exceed_3sigma_n": 0
          },
          "test": {
            "n": 40,
            "max_abs_z": 6.937648670948869e-09,
            "rms_z": 4.3665074575559595e-09,
            "reduced_chi2": 1.9066387376891807e-17,
            "exceed_3sigma_n": 0
          }
        },
        "fixed_exponent_4_fit": {
          "params": {
            "coeff": 5.6703744190000006e-08,
            "exponent": 4.0
          },
          "train": {
            "n": 40,
            "max_abs_z": 2.218037127009642e-10,
            "rms_z": 1.1286599574593368e-10,
            "reduced_chi2": 1.3065367175098585e-20,
            "exceed_3sigma_n": 0
          },
          "test": {
            "n": 40,
            "max_abs_z": 2.1842542994707815e-10,
            "rms_z": 1.40650646494893e-10,
            "reduced_chi2": 1.9782604359431355e-20,
            "exceed_3sigma_n": 0
          }
        }
      }
    },
    {
      "name": "B_high_to_low",
      "train_T_K": [
        106.00258488068825,
        10000.0
      ],
      "test_T_K": [
        1.0,
        94.33732216299774
      ],
      "models": {
        "powerlaw_fit_2p": {
          "params": {
            "log10_coeff": -7.2463882633757075,
            "exponent": 4.0
          },
          "train": {
            "n": 40,
            "max_abs_z": 9.460430005839367e-09,
            "rms_z": 9.343993986491122e-09,
            "reduced_chi2": 9.190549854692868e-17,
            "exceed_3sigma_n": 0
          },
          "test": {
            "n": 40,
            "max_abs_z": 9.51374698054559e-09,
            "rms_z": 8.644666121297494e-09,
            "reduced_chi2": 7.473025234870867e-17,
            "exceed_3sigma_n": 0
          }
        },
        "fixed_exponent_4_fit": {
          "params": {
            "coeff": 5.6703744190000006e-08,
            "exponent": 4.0
          },
          "train": {
            "n": 40,
            "max_abs_z": 2.1842542994707815e-10,
            "rms_z": 1.40650646494893e-10,
            "reduced_chi2": 2.02898506250578e-20,
            "exceed_3sigma_n": 0
          },
          "test": {
            "n": 40,
            "max_abs_z": 2.218037127009642e-10,
            "rms_z": 1.1286599574593368e-10,
            "reduced_chi2": 1.273873299572112e-20,
            "exceed_3sigma_n": 0
          }
        }
      }
    }
  ],
  "outputs": {
    "csv": "C:\\develop\\waveP\\output\\public\\quantum\\thermo_blackbody_flux_holdout_splits.csv",
    "png": "C:\\develop\\waveP\\output\\public\\quantum\\thermo_blackbody_flux_holdout_splits.png"
  },
  "notes": [
    "Analytic holdout for blackbody flux M(T)=σ T^4 using CODATA/NIST SI constants.",
    "This is a procedural regression check, not an observational inference."
  ]
}
