split,model_id,train_min_T_K,train_max_T_K,test_min_T_K,test_max_T_K,supported,reason,train_n,train_max_abs_z,train_reduced_chi2,test_n,test_max_abs_z,test_reduced_chi2,train_exceed_3sigma_n,test_exceed_3sigma_n,param_log10_abs_coeff,param_abs_coeff,param_exponent,param_sign
A_low_to_high,powerlaw_abs_fit_2p,1.0,94.33732216299774,106.00258488068825,10000.0,True,,40,1.963790009003272e-09,1.7096419487903088e-18,40,3.5705731183712e-09,7.695246904958783e-18,0,0,1.9674725061142964e-16,,-0.9999999999999997,1.0
A_low_to_high,fixed_exponent_minus1_abs_fit,1.0,94.33732216299774,106.00258488068825,10000.0,True,,40,1.827171189865237e-10,8.817408868941876e-21,40,2.146764767415088e-10,1.6634163691838002e-20,0,0,,1.0,-1.0,1.0
B_high_to_low,powerlaw_abs_fit_2p,106.00258488068825,10000.0,1.0,94.33732216299774,True,,40,8.587059069660352e-10,1.5529557537876993e-19,40,1.415897654638342e-09,7.950283643391359e-19,0,0,5.610818241632436e-16,,-1.0000000000000002,1.0
B_high_to_low,fixed_exponent_minus1_abs_fit,106.00258488068825,10000.0,1.0,94.33732216299774,True,,40,2.146764767415088e-10,1.706068070957744e-20,40,1.827171189865237e-10,8.596973647218329e-21,0,0,,1.0,-1.0,1.0
