split,model_id,train_min_T_K,train_max_T_K,test_min_T_K,test_max_T_K,supported,reason,train_n,train_max_abs_z,train_reduced_chi2,test_n,test_max_abs_z,test_reduced_chi2,train_exceed_3sigma_n,test_exceed_3sigma_n,param_log10_abs_coeff,param_abs_coeff,param_exponent,param_sign
A_low_to_high,powerlaw_abs_fit_2p,1.0,94.33732216299774,106.00258488068825,10000.0,True,,40,3.398800682151306e-08,3.152870439646341e-16,40,6.648203532120137e-08,1.9561702035030993e-15,0,0,30.178185483110713,,-1.0909490208832473e-14,1.0
A_low_to_high,fixed_exponent_0_abs_fit,1.0,94.33732216299774,106.00258488068825,10000.0,True,,40,1.8674729022809376e-10,9.836411653407554e-21,40,1.8674729022809376e-10,9.590501362072365e-21,0,0,,1.507250661398415e+30,0.0,1.0
B_high_to_low,powerlaw_abs_fit_2p,106.00258488068825,10000.0,1.0,94.33732216299774,True,,40,1.9608465473949843e-08,1.227666771964649e-16,40,4.201814030132109e-08,1.0081317065870424e-15,0,0,30.178185483110717,,-4.800647873345467e-15,1.0
B_high_to_low,fixed_exponent_0_abs_fit,106.00258488068825,10000.0,1.0,94.33732216299774,True,,40,1.8674729022809376e-10,9.836411653407554e-21,40,1.8674729022809376e-10,9.590501362072365e-21,0,0,,1.507250661398415e+30,0.0,1.0
