{
  "generated_utc": "2026-02-14T02:11:42.877077+00:00",
  "phase": 7,
  "step": "7.20.6",
  "inputs": {
    "blackbody_constants_extracted_values": {
      "path": "C:\\develop\\waveP\\data\\quantum\\sources\\nist_codata_2022_blackbody_constants\\extracted_values.json",
      "sha256": "ffe4c2234b9bf48c59898745bd5688a50a9f314e5e1eec63e172c24486032742"
    }
  },
  "constants": {
    "c_m_per_s": 299792458.0,
    "h_J_s": 6.62607015e-34,
    "kB_J_per_K": 1.380649e-23,
    "radiation_constant_a": 7.565733250280007e-16
  },
  "assumptions": {
    "sigma_proxy": "1 ppm relative tolerance (operational, analytic baseline)",
    "holdout_reduced_chi2_definition": {
      "train": "sum(z^2)/max(1,n-params)",
      "test": "sum(z^2)/max(1,n)  (no parameters are fit on the test split)"
    }
  },
  "data_range_T_K": [
    1.0,
    10000.0
  ],
  "splits": [
    {
      "name": "A_low_to_high",
      "train_T_K": [
        1.0,
        94.33732216299774
      ],
      "test_T_K": [
        106.00258488068825,
        10000.0
      ],
      "models": {
        "powerlaw_fit_2p": {
          "params": {
            "log10_coeff": -0.12493873660829999,
            "exponent": 0.9999999999999997
          },
          "train": {
            "n": 40,
            "max_abs_z": 1.7751671582225108e-09,
            "rms_z": 1.002475611348747e-09,
            "reduced_chi2": 1.0578498435253096e-18,
            "exceed_3sigma_n": 0
          },
          "test": {
            "n": 40,
            "max_abs_z": 3.4797100760391897e-09,
            "rms_z": 2.520566426031652e-09,
            "reduced_chi2": 6.353255108037975e-18,
            "exceed_3sigma_n": 0
          }
        },
        "fixed_exponent_1_fit": {
          "params": {
            "coeff": 0.75,
            "exponent": 1.0
          },
          "train": {
            "n": 40,
            "max_abs_z": 2.941788794628519e-10,
            "rms_z": 1.1224334689529705e-10,
            "reduced_chi2": 1.2921609151033837e-20,
            "exceed_3sigma_n": 0
          },
          "test": {
            "n": 40,
            "max_abs_z": 3.866344528932433e-10,
            "rms_z": 1.26475254138084e-10,
            "reduced_chi2": 1.5995989909292933e-20,
            "exceed_3sigma_n": 0
          }
        }
      }
    },
    {
      "name": "B_high_to_low",
      "train_T_K": [
        106.00258488068825,
        10000.0
      ],
      "test_T_K": [
        1.0,
        94.33732216299774
      ],
      "models": {
        "powerlaw_fit_2p": {
          "params": {
            "log10_coeff": -0.12493873660830059,
            "exponent": 1.0000000000000002
          },
          "train": {
            "n": 40,
            "max_abs_z": 5.450443132522204e-10,
            "rms_z": 3.0532010224898747e-10,
            "reduced_chi2": 9.81266998287707e-20,
            "exceed_3sigma_n": 0
          },
          "test": {
            "n": 40,
            "max_abs_z": 1.5241457378042487e-09,
            "rms_z": 1.0062067262430589e-09,
            "reduced_chi2": 1.012451975936774e-18,
            "exceed_3sigma_n": 0
          }
        },
        "fixed_exponent_1_fit": {
          "params": {
            "coeff": 0.75,
            "exponent": 1.0
          },
          "train": {
            "n": 40,
            "max_abs_z": 3.866344528932433e-10,
            "rms_z": 1.26475254138084e-10,
            "reduced_chi2": 1.64061434967107e-20,
            "exceed_3sigma_n": 0
          },
          "test": {
            "n": 40,
            "max_abs_z": 2.941788794628519e-10,
            "rms_z": 1.1224334689529705e-10,
            "reduced_chi2": 1.259856892225799e-20,
            "exceed_3sigma_n": 0
          }
        }
      }
    }
  ],
  "outputs": {
    "csv": "C:\\develop\\waveP\\output\\public\\quantum\\thermo_blackbody_energy_entropy_ratio_holdout_splits.csv",
    "png": "C:\\develop\\waveP\\output\\public\\quantum\\thermo_blackbody_energy_entropy_ratio_holdout_splits.png"
  },
  "notes": [
    "Analytic holdout for u/s = (3/4) T based on blackbody energy and entropy densities.",
    "This is a procedural regression check, not an observational inference."
  ]
}
