split,model_id,train_min_T_K,train_max_T_K,test_min_T_K,test_max_T_K,supported,reason,train_n,train_max_abs_z,train_reduced_chi2,test_n,test_max_abs_z,test_reduced_chi2,train_exceed_3sigma_n,test_exceed_3sigma_n,param_log10_abs_coeff,param_abs_coeff,param_exponent,param_sign
A_low_to_high,powerlaw_abs_fit_2p,1.0,94.33732216299774,106.00258488068825,10000.0,True,,40,2.7019290871451913e-08,4.602054326605335e-16,40,4.006308646456663e-08,1.151493402095159e-15,0,0,14.428664059910762,,-2.8226448840848767e-15,1.0
A_low_to_high,fixed_exponent_zero_abs_fit,1.0,94.33732216299774,106.00258488068825,10000.0,True,,40,2.3292492130561997e-10,1.2172376049891178e-20,40,2.3292492130561997e-10,1.1528979030111214e-20,0,0,,268326805262688.0,0.0,1.0
B_high_to_low,powerlaw_abs_fit_2p,106.00258488068825,10000.0,1.0,94.33732216299774,True,,40,1.1646246065280994e-08,1.1056469357044304e-16,40,1.4208420199642816e-08,1.6560835836565106e-16,0,0,14.428664059910762,,5.664885514580924e-16,1.0
B_high_to_low,fixed_exponent_zero_abs_fit,106.00258488068825,10000.0,1.0,94.33732216299774,True,,40,2.3292492130561997e-10,1.1824593877037143e-20,40,2.3292492130561997e-10,1.1868066648643898e-20,0,0,,268326805262688.0,0.0,1.0
