{
  "generated_utc": "2026-02-11T14:09:12.044405+00:00",
  "dataset": "Weihs et al. 1998 time-tag (Zenodo 7185335)",
  "source_dir": "C:\\develop\\waveP\\data\\quantum\\sources\\zenodo_7185335",
  "subdir": "longdist",
  "run": "longdist0",
  "encoding": "bit0-setting",
  "events": {
    "alice": 471018,
    "bob": 315699
  },
  "offset": {
    "offset_s": 3.0923581266423316e-09,
    "offset_method": "nearest_neighbor_dt_peak",
    "offset_median_s": 2.8423581266423525e-09,
    "offset_peak_count": 1864.0,
    "offset_hist_bin_width_s": 5e-10,
    "offset_hist_half_range_s": 2e-07,
    "offset_used_s": 3.0923581266423316e-09
  },
  "windows_ns": [
    0.25,
    0.5,
    0.75,
    1.0,
    1.5,
    2.0,
    3.0,
    4.0,
    6.0,
    8.0,
    10.0
  ],
  "fixed_variant": {
    "ref_window_ns": 1.0,
    "swap_a": false,
    "swap_b": true,
    "sign_matrix": [
      [
        1,
        1
      ],
      [
        1,
        -1
      ]
    ]
  },
  "best_overall": {
    "window_ns": 0.75,
    "offset_ns": 3.0923581266423317,
    "pairs_total": 11954,
    "N00": 3746,
    "N01": 3039,
    "N10": 2279,
    "N11": 2890,
    "E00": -0.9209823812066203,
    "E01": -0.5577492596248766,
    "E10": 0.20403685827117157,
    "E11": -0.9058823529411765,
    "S_canonical": -0.36881242961914895,
    "S_fixed": -2.5886508520438447,
    "S_fixed_abs": 2.5886508520438447,
    "S_best": 2.588650852043845,
    "S_best_abs": 2.588650852043845,
    "S_best_swap_a": false,
    "S_best_swap_b": false,
    "S_best_sign00": -1,
    "S_best_sign01": -1,
    "S_best_sign10": 1,
    "S_best_sign11": -1
  },
  "repro": {
    "fetch": "python -B scripts/quantum/fetch_weihs1998_zenodo_7185335.py",
    "run": "python -B scripts/quantum/weihs1998_time_tag_reanalysis.py --subdir longdist --run longdist0 --encoding bit0-setting --out-tag weihs1998_longdist_longdist0"
  },
  "outputs": {
    "csv": "C:\\develop\\waveP\\output\\public\\quantum\\weihs1998_chsh_sweep__weihs1998_longdist_longdist0.csv",
    "png": "C:\\develop\\waveP\\output\\public\\quantum\\weihs1998_chsh_sweep__weihs1998_longdist_longdist0.png"
  }
}