{
  "generated_utc": "2026-02-11T14:09:13.666651+00:00",
  "dataset": "Weihs et al. 1998 time-tag (Zenodo 7185335)",
  "source_dir": "C:\\develop\\waveP\\data\\quantum\\sources\\zenodo_7185335",
  "subdir": "longdist",
  "run": "longdist10",
  "encoding": "bit0-setting",
  "events": {
    "alice": 937818,
    "bob": 590820
  },
  "offset": {
    "offset_s": -1.4572132813049412e-08,
    "offset_method": "nearest_neighbor_dt_peak",
    "offset_median_s": -1.4322132813049393e-08,
    "offset_peak_count": 1527.0,
    "offset_hist_bin_width_s": 5e-10,
    "offset_hist_half_range_s": 2e-07,
    "offset_used_s": -1.4572132813049412e-08
  },
  "windows_ns": [
    0.25,
    0.5,
    0.75,
    1.0,
    1.5,
    2.0,
    3.0,
    4.0,
    6.0,
    8.0,
    10.0
  ],
  "fixed_variant": {
    "ref_window_ns": 1.0,
    "swap_a": false,
    "swap_b": false,
    "sign_matrix": [
      [
        -1,
        1
      ],
      [
        -1,
        -1
      ]
    ]
  },
  "best_overall": {
    "window_ns": 0.25,
    "offset_ns": -14.572132813049413,
    "pairs_total": 6931,
    "N00": 2313,
    "N01": 1509,
    "N10": 1539,
    "N11": 1570,
    "E00": -0.9472546476437527,
    "E01": -0.02584493041749503,
    "E10": -0.49057829759584143,
    "E11": -0.9337579617834395,
    "S_canonical": -0.5299199138736497,
    "S_fixed": 2.3457459766055386,
    "S_fixed_abs": 2.3457459766055386,
    "S_best": 2.3457459766055386,
    "S_best_abs": 2.3457459766055386,
    "S_best_swap_a": false,
    "S_best_swap_b": false,
    "S_best_sign00": -1,
    "S_best_sign01": 1,
    "S_best_sign10": -1,
    "S_best_sign11": -1
  },
  "repro": {
    "fetch": "python -B scripts/quantum/fetch_weihs1998_zenodo_7185335.py",
    "run": "python -B scripts/quantum/weihs1998_time_tag_reanalysis.py --subdir longdist --run longdist10 --encoding bit0-setting --out-tag weihs1998_longdist_longdist10"
  },
  "outputs": {
    "csv": "C:\\develop\\waveP\\output\\public\\quantum\\weihs1998_chsh_sweep__weihs1998_longdist_longdist10.csv",
    "png": "C:\\develop\\waveP\\output\\public\\quantum\\weihs1998_chsh_sweep__weihs1998_longdist_longdist10.png"
  }
}