{
  "generated_utc": "2026-02-13T06:26:14.062954+00:00",
  "phase": {
    "phase": 6,
    "step": "6.2.3",
    "name": "弱場長期・多系統統合（集約）"
  },
  "inputs": {
    "weak_field_test_matrix_json": "output/public/weak_field/weak_field_test_matrix.json",
    "weak_field_systematics_templates_json": "output/public/weak_field/weak_field_systematics_templates.json",
    "frozen_parameters": {
      "path": "output/public/theory/frozen_parameters.json",
      "exists": true,
      "beta": 1.0000105000000001,
      "beta_sigma": 1.15e-05,
      "gamma_pmodel": 1.0000210000000003,
      "gamma_pmodel_sigma": 2.3e-05,
      "policy": {
        "fit_predict_separation": true,
        "beta_source": "cassini2003",
        "delta_source": null,
        "note": "Phase 7（決定的検証パック）では、ここで凍結したβを以後固定して外挿（predict）する。速度飽和δ0は拡張仮説として別途扱う。"
      }
    }
  },
  "rerun": {
    "enabled": false,
    "timeout_s": 1800.0,
    "status": null,
    "log": "output/public/weak_field/weak_field_longterm_consistency_run.log"
  },
  "results": {
    "cassini_sce1_doppler": {
      "status": "ok",
      "source": {
        "cassini_fig2_metrics_csv": "output/public/cassini/cassini_fig2_metrics.csv"
      },
      "windows": {
        "all (available points)": {
          "n": 193.0,
          "rmse": 7.017156231534424e-11,
          "mae": 2.763805528379425e-11,
          "corr": 0.963074669307983,
          "max_obs": 5.967241566554105e-10,
          "min_obs": -9.91399510016498e-10,
          "max_model": 4.103588430072443e-10,
          "min_model": -4.380937063023559e-10
        },
        "-10 to +10 days": {
          "n": 190.0,
          "rmse": 7.069264291351798e-11,
          "mae": 2.786581933003263e-11,
          "corr": 0.963080793714787,
          "max_obs": 5.967241566554105e-10,
          "min_obs": -9.91399510016498e-10,
          "max_model": 4.103588430072443e-10,
          "min_model": -4.380937063023559e-10
        },
        "-3 to +3 days": {
          "n": 67.0,
          "rmse": 1.171173265670265e-10,
          "mae": 5.39651010042458e-11,
          "corr": 0.962504072085275,
          "max_obs": 5.967241566554105e-10,
          "min_obs": -9.91399510016498e-10,
          "max_model": 4.103588430072443e-10,
          "min_model": -4.380937063023559e-10
        }
      },
      "focus": {
        "window": "-10 to +10 days",
        "rmse": 7.069264291351798e-11,
        "corr": 0.963080793714787
      }
    },
    "gps_satellite_clock": {
      "status": "ok",
      "source": {
        "gps_compare_metrics_json": "output/public/gps/gps_compare_metrics.json"
      },
      "metrics": {
        "n_sats": 31.0,
        "brdc_rms_ns_median": 0.3278457295427468,
        "brdc_rms_ns_max": 1.1316556381010203,
        "pmodel_rms_ns_median": 0.40217031059656644,
        "pmodel_rms_ns_max": 0.7707148775425553,
        "pmodel_better_count": 6.0,
        "brdc_better_count": 25.0,
        "rel_corr": 0.9998184749022323,
        "rel_rmse_ns": 0.4776338468165939,
        "rel_pmodel_peak_to_peak_ns": 84.12409935195916,
        "rel_dt_rel_peak_to_peak_ns": 84.42373402769955
      },
      "derived": {
        "pmodel_over_brdc_rms_median_ratio": 1.2267059606281334
      }
    },
    "llr_batch": {
      "status": "ok",
      "source": {
        "llr_batch_summary_json": "output/public/llr/llr_batch_summary.json"
      },
      "median_rms_ns": {
        "geocenter_moon": 7303034.688880107,
        "station_moon": 392909.02343563683,
        "station_reflector": 7.057968085544082,
        "station_reflector_no_shapiro": 7.584117062552238,
        "station_reflector_tropo": 4.63078261920914,
        "station_reflector_tropo_station_tide": 4.500380735641189,
        "station_reflector_tropo_moon_tide": 4.474871023851851,
        "station_reflector_tropo_tide_no_ocean": 4.3595529438764,
        "station_reflector_tropo_tide": 4.35417001177271,
        "station_reflector_tropo_no_shapiro": 5.681109349368453,
        "station_reflector_tropo_earth_shapiro": 4.629765187401678,
        "station_reflector_iau": 589.807344532432
      },
      "derived": {
        "tropo_tide_over_tropo_no_shapiro_ratio": 0.7664295376142947
      }
    },
    "mercury_perihelion_precession": {
      "status": "ok",
      "source": {
        "mercury_precession_metrics_json": "output/public/mercury/mercury_precession_metrics.json"
      },
      "metrics": {
        "reference_arcsec_century": 42.98,
        "pmodel_arcsec_century": 42.99291277062655,
        "einstein_arcsec_century": 42.99287868503234,
        "pmodel_minus_ref_arcsec_century": 0.01291277062655638,
        "pmodel_minus_ref_percent": 0.030043672932890602
      }
    },
    "viking_shapiro_peak": {
      "status": "ok",
      "source": {
        "viking_shapiro_result_csv": "output/public/viking/viking_shapiro_result.csv"
      },
      "series": {
        "n": 355,
        "max_delay_us": 247.9552,
        "max_time_utc": "1976-11-25T00:00:00+00:00"
      }
    }
  },
  "outputs": {
    "weak_field_longterm_consistency_json": "output/public/weak_field/weak_field_longterm_consistency.json",
    "weak_field_longterm_consistency_png": "output/public/weak_field/weak_field_longterm_consistency.png"
  }
}
