{
  "generated_utc": "2026-01-24T12:35:59.224916+00:00",
  "config": {
    "n_events": 250000,
    "seed": 0,
    "delay_power_d": 4.0,
    "windows": [
      0.0001,
      0.0002,
      0.0005,
      0.001,
      0.002,
      0.005,
      0.01,
      0.02,
      0.05,
      0.1,
      0.2,
      0.5,
      1.0
    ],
    "angles_deg": {
      "a": 0.0,
      "ap": 45.0,
      "b": 22.5,
      "bp": 67.5
    },
    "chsh_definition": "S=|E(a,b)-E(a,b')+E(a',b)+E(a',b')|"
  },
  "results": {
    "trial_based": {
      "E_ab": 0.503584,
      "E_abp": -0.498456,
      "E_apb": 0.498024,
      "E_apbp": 0.499936,
      "S": 2.0
    },
    "E_ab": [
      0.8823529411764706,
      0.8730853391684902,
      0.8807692307692307,
      0.867169100329722,
      0.871313672922252,
      0.85167820990943,
      0.8381919036940871,
      0.8140807023467838,
      0.7662102365771227,
      0.7077150670193213,
      0.6321050005292366,
      0.5325163028000753,
      0.503584
    ],
    "E_abp": [
      -0.834061135371179,
      -0.8549450549450549,
      -0.8621973929236499,
      -0.8498293515358362,
      -0.8606516290726817,
      -0.8479671280276817,
      -0.8323219230542627,
      -0.8121035142483134,
      -0.7616659436008677,
      -0.7010556889906719,
      -0.6245937610749591,
      -0.5258842730113185,
      -0.498456
    ],
    "E_apb": [
      0.8798283261802575,
      0.8878923766816144,
      0.872778297474275,
      0.8618357487922705,
      0.8593395512982103,
      0.8566971490048413,
      0.8401651430256561,
      0.8164154103852597,
      0.7638765289919559,
      0.7073629734180192,
      0.6264384729736868,
      0.5259053756604583,
      0.498024
    ],
    "E_apbp": [
      0.9121951219512195,
      0.8609865470852018,
      0.8514492753623188,
      0.8609271523178808,
      0.8461162677088422,
      0.8375362163322245,
      0.8268418861865969,
      0.805024853751733,
      0.7584434654919237,
      0.7015622718645058,
      0.6250303067038429,
      0.5279727522798768,
      0.499936
    ],
    "S": [
      3.5084375246791266,
      3.476909317880361,
      3.4671941965294746,
      3.4397613529757094,
      3.437421121001986,
      3.3938787032741775,
      3.337520855960603,
      3.2476244807320898,
      3.0501961746618695,
      2.8176960012925187,
      2.5081675412817255,
      2.1122787037517288,
      2.0
    ],
    "accept_frac": {
      "ab": [
        0.000952,
        0.001828,
        0.00416,
        0.008492,
        0.016412,
        0.03754,
        0.067784,
        0.11846,
        0.229608,
        0.356912,
        0.529064,
        0.828692,
        1.0
      ],
      "abp": [
        0.000916,
        0.00182,
        0.004296,
        0.008204,
        0.01596,
        0.036992,
        0.067892,
        0.119172,
        0.2305,
        0.35806,
        0.530476,
        0.830852,
        1.0
      ],
      "apb": [
        0.000932,
        0.001784,
        0.004276,
        0.00828,
        0.015868,
        0.03718,
        0.06782,
        0.1194,
        0.229236,
        0.357084,
        0.530076,
        0.830484,
        1.0
      ],
      "apbp": [
        0.00082,
        0.001784,
        0.004416,
        0.008456,
        0.016376,
        0.037276,
        0.067268,
        0.118292,
        0.228816,
        0.356148,
        0.527936,
        0.830308,
        1.0
      ]
    }
  },
  "outputs": {
    "png": "C:\\develop\\waveP\\output\\quantum\\bell_time_tag_selection_sweep.png"
  },
  "notes": [
    "Toy model for logical structure only: local outputs + local time-tags + coincidence selection.",
    "Not evidence for P-model; used to define what Step 7.4 must check on real data."
  ]
}