{
  "generated_utc": "2026-01-31T16:56:23.400798+00:00",
  "phase": 7,
  "step": "7.14.12",
  "inputs": {
    "silicon_thermal_expansion_extracted_values": {
      "path": "C:\\develop\\waveP\\data\\quantum\\sources\\nist_trc_silicon_thermal_expansion\\extracted_values.json",
      "sha256": "da3f26782ddc549b6ad881f4e690905ec53b4e1798925affb581108e3b40e731"
    },
    "theta_d_source": {
      "kind": "frozen_metrics",
      "path": "output/quantum/condensed_silicon_heat_capacity_debye_baseline_metrics.json"
    }
  },
  "model_family": {
    "name": "A_eff(T) polynomial ansatz (diagnostic)",
    "alpha_form": "alpha(T) = A_eff(T) * Cv_Debye(T; theta_D), with A_eff(T)=sum_{k=0..n} c_k T^k",
    "theta_D_K": 622.1452045992636,
    "fit_range_T_K": {
      "min": 50.0,
      "max": 600.0
    },
    "degrees_scanned": [
      0,
      1,
      2,
      3
    ]
  },
  "fit_results_by_degree": [
    {
      "degree": 0,
      "coeffs_mol_per_J": [
        1.362543276873285e-07
      ],
      "n_fit": 551,
      "max_abs_z": 248.51654483608073,
      "reduced_chi2": 16655.61591690164,
      "exceed_3sigma_n": 544,
      "sign_mismatch_n": 74
    },
    {
      "degree": 1,
      "coeffs_mol_per_J": [
        4.74349398931225e-08,
        2.219980951697542e-10
      ],
      "n_fit": 551,
      "max_abs_z": 153.58245425235222,
      "reduced_chi2": 4949.986132298526,
      "exceed_3sigma_n": 537,
      "sign_mismatch_n": 74
    },
    {
      "degree": 2,
      "coeffs_mol_per_J": [
        -7.437356228142961e-08,
        9.457164833068747e-10,
        -9.516009443138408e-13
      ],
      "n_fit": 551,
      "max_abs_z": 90.82854254558579,
      "reduced_chi2": 1421.760506853307,
      "exceed_3sigma_n": 524,
      "sign_mismatch_n": 37
    },
    {
      "degree": 3,
      "coeffs_mol_per_J": [
        -2.22087922153768e-07,
        2.414395531055275e-09,
        -5.292202265180453e-12,
        3.9258318169573775e-15
      ],
      "n_fit": 551,
      "max_abs_z": 52.55356539122306,
      "reduced_chi2": 379.5027491686814,
      "exceed_3sigma_n": 500,
      "sign_mismatch_n": 2
    }
  ],
  "selection": {
    "criterion": "min_reduced_chi2",
    "best_degree": 3,
    "best_coeffs_mol_per_J": [
      -2.22087922153768e-07,
      2.414395531055275e-09,
      -5.292202265180453e-12,
      3.9258318169573775e-15
    ],
    "adopted": false
  },
  "diagnostics_best": {
    "best_degree": 3,
    "max_abs_z_fit_range": 52.55356539122306,
    "reduced_chi2_fit_range": 379.5027491686814,
    "exceed_3sigma_fit_range_n": 500,
    "sign_mismatch_fit_range_n": 2,
    "sigma_fit_1e-8_per_K": {
      "lt_T_K": 50.0,
      "lt": 0.03,
      "ge": 0.5
    }
  },
  "falsification": {
    "reject_if_sign_mismatch_fit_range_n_gt": 0,
    "reject_if_max_abs_z_ge": 3.0,
    "reject_if_reduced_chi2_ge": 2.0,
    "rejected": true,
    "notes": [
      "This is a diagnostic ansatz to estimate how much temperature-dependence is required in A_eff(T)=γ/(B V_m).",
      "Passing does not constitute a derivation; it only suggests that a low-order smooth A_eff(T) could reconcile α(T) with Debye Cv at the σ_fit scale."
    ]
  },
  "outputs": {
    "csv": "C:\\develop\\waveP\\output\\quantum\\condensed_silicon_thermal_expansion_gruneisen_polyA_model.csv",
    "png": "C:\\develop\\waveP\\output\\quantum\\condensed_silicon_thermal_expansion_gruneisen_polyA_model.png"
  }
}
