{
  "generated_utc": "2026-02-01T01:26:51.414394+00:00",
  "phase": 7,
  "step": "7.14.20",
  "inputs": {
    "silicon_thermal_expansion_extracted_values": {
      "path": "C:\\develop\\waveP\\data\\quantum\\sources\\nist_trc_silicon_thermal_expansion\\extracted_values.json",
      "sha256": "da3f26782ddc549b6ad881f4e690905ec53b4e1798925affb581108e3b40e731"
    },
    "silicon_phonon_dos_extracted_values": {
      "path": "C:\\develop\\waveP\\data\\quantum\\sources\\hadley_si_phonon_dos\\extracted_values.json",
      "sha256": "322e42459408b8c66a2fd8515432e2e3fbb98b196ded3aa781e81e7cfac11161"
    }
  },
  "dos": {
    "integral_dos_domega_per_m3": 1.498453217241528e+29,
    "implied_atom_number_density_per_m3": 4.99484405747176e+28,
    "integral_per_atom": 2.999999999999996,
    "splits": {
      "acoustic_optical": {
        "omega_rad_s": 73015966594013.5,
        "nu_THz": 11.62085200806995
      },
      "ta_la": {
        "omega_rad_s": 43604038360860.27,
        "nu_THz": 6.9397982438995385
      },
      "to_lo": {
        "omega_rad_s": 92148534711842.6,
        "nu_THz": 14.66589479806485
      }
    }
  },
  "model": {
    "name": "DOS-split Grüneisen 4-group (TA/LA/TO/LO; mode-count split; weighted LS)",
    "groups": 4,
    "fit_range_T_K": {
      "min": 50.0,
      "max": 600.0
    },
    "enforce_signs": true,
    "A_TA_mol_per_J": -1.5448757817340517e-07,
    "A_LA_mol_per_J": 3.85574526809155e-07,
    "A_TO_mol_per_J": 0.0,
    "A_LO_mol_per_J": 9.61570897389717e-07
  },
  "fit_metrics": {
    "n": 551,
    "sign_mismatch_n": 0,
    "max_abs_z": 6.046901043329687,
    "rms_z": 2.4334818121602186,
    "reduced_chi2": 5.965137815892384,
    "exceed_3sigma_n": 135
  },
  "holdout_splits": [
    {
      "name": "A",
      "train_T_K": [
        50.0,
        300.0
      ],
      "test_T_K": [
        300.0,
        600.0
      ],
      "params": {
        "A_TA_mol_per_J": -1.5494720203866288e-07,
        "A_LA_mol_per_J": 3.3394489498658756e-07,
        "A_TO_mol_per_J": 1.9936497761935595e-07,
        "A_LO_mol_per_J": 5.970004888509931e-07,
        "softening_frac_at_Tmax": "",
        "enforce_signs": true,
        "fit_sse": 43.144745268410645
      },
      "train": {
        "n": 251,
        "sign_mismatch_n": 0,
        "max_abs_z": 1.1230298774725025,
        "rms_z": 0.41459789605350705,
        "reduced_chi2": 0.17467508205834273,
        "exceed_3sigma_n": 0
      },
      "test": {
        "n": 301,
        "sign_mismatch_n": 0,
        "max_abs_z": 16.95192159778459,
        "rms_z": 9.004893883925755,
        "reduced_chi2": 81.08811386076346,
        "exceed_3sigma_n": 220
      }
    },
    {
      "name": "B",
      "train_T_K": [
        200.0,
        600.0
      ],
      "test_T_K": [
        50.0,
        200.0
      ],
      "params": {
        "A_TA_mol_per_J": -5.5252386713795917e-08,
        "A_LA_mol_per_J": 0.0,
        "A_TO_mol_per_J": 0.0,
        "A_LO_mol_per_J": 1.1559368363405534e-06,
        "softening_frac_at_Tmax": "",
        "enforce_signs": true,
        "fit_sse": 981.4285531864758
      },
      "train": {
        "n": 401,
        "sign_mismatch_n": 0,
        "max_abs_z": 3.8721939175055673,
        "rms_z": 1.5644336838257058,
        "reduced_chi2": 2.472112224651073,
        "exceed_3sigma_n": 20
      },
      "test": {
        "n": 151,
        "sign_mismatch_n": 12,
        "max_abs_z": 56.59815830013929,
        "rms_z": 34.928808359262256,
        "reduced_chi2": 1220.0216533980688,
        "exceed_3sigma_n": 133
      }
    }
  ],
  "falsification": {
    "strict_criteria": {
      "max_abs_z_le": 3.0,
      "reduced_chi2_le": 2.0,
      "sign_mismatch_n_eq": 0
    },
    "strict_ok": false,
    "holdout_ok": false,
    "notes": [
      "This test freezes the mode-weighting via a phonon DOS proxy, and fits only a small number of effective coefficients (per-group A).",
      "holdout_ok requires the test ranges (A/B) to remain within the same strict criteria, to reject range-selection artifacts."
    ]
  },
  "outputs": {
    "csv": "C:\\develop\\waveP\\output\\quantum\\condensed_silicon_thermal_expansion_gruneisen_phonon_dos_mode_gamma_four_group_model.csv",
    "png": "C:\\develop\\waveP\\output\\quantum\\condensed_silicon_thermal_expansion_gruneisen_phonon_dos_mode_gamma_four_group_model.png"
  },
  "notes": [
    "ω-split is defined at the half-integral of D(ω) to proxy the 3+3 mode count split (acoustic vs optical) in diamond Si.",
    "For groups=3, TA/LA split uses the 2:1 mode-count ratio within acoustic branches (2 TA, 1 LA).",
    "A parameters correspond to effective (γ/(B V_m)) per group up to a convention factor; this step focuses on procedure sensitivity (holdout) rather than absolute γ values."
  ]
}
