split,model_id,train_min_T_K,train_max_T_K,test_min_T_K,test_max_T_K,supported,reason,train_n,train_max_abs_z,train_reduced_chi2,test_n,test_max_abs_z,test_reduced_chi2,train_exceed_3sigma_n,test_exceed_3sigma_n,param_theta_D_K,param_A,param_B,param_C,param_D,param_E
A_low_to_high,debye_lowT_minimax_plus_shomate_frozen,100.0,300.0,350.0,1685.0,True,,5,2.99592483460044,4.611744690441482,16,0.04020202870606965,0.0004454535860111928,0,0,598.003797901102,22.81719,3.89951,-0.082885,0.042111,-0.354063
A_low_to_high,debye_1p,100.0,300.0,350.0,1685.0,True,,5,3.3276565425261095,6.716688880239374,16,7.595498655047026,17.62884656764402,1,8,601.023465728757,,,,,
A_low_to_high,shomate_5p_fit,100.0,300.0,350.0,1685.0,False,"not enough points to fit Shomate (need >=6, got 5)",,,,,,,,,,,,,,
B_high_to_low,debye_lowT_minimax_plus_shomate_frozen,350.0,1685.0,100.0,300.0,True,,16,0.04020202870606965,0.0004454535860111928,5,2.99592483460044,4.611744690441482,0,0,598.003797901102,22.81719,3.89951,-0.082885,0.042111,-0.354063
B_high_to_low,debye_1p,350.0,1685.0,100.0,300.0,True,,16,7.54862767330473,18.539093148325225,5,6.439614737518149,18.112726036825293,8,4,546.2070068059722,,,,,
B_high_to_low,shomate_5p_fit,350.0,1685.0,100.0,300.0,True,,16,0.014263391206875827,9.446037065976173e-05,5,91.03003327720782,1658.385618534226,0,1,,22.402103651461626,5.005149013144276,-1.0477049837227075,0.31026369596933256,-0.3383045842207637
