{
  "generated_utc": "2026-02-01T01:27:14.151820+00:00",
  "phase": 7,
  "step": "7.14.20",
  "inputs": {
    "silicon_thermal_expansion_extracted_values": {
      "path": "C:\\develop\\waveP\\data\\quantum\\sources\\nist_trc_silicon_thermal_expansion\\extracted_values.json",
      "sha256": "da3f26782ddc549b6ad881f4e690905ec53b4e1798925affb581108e3b40e731"
    },
    "silicon_phonon_dos_extracted_values": {
      "path": "C:\\develop\\waveP\\data\\quantum\\sources\\hadley_si_phonon_dos\\extracted_values.json",
      "sha256": "322e42459408b8c66a2fd8515432e2e3fbb98b196ded3aa781e81e7cfac11161"
    },
    "silicon_phonon_anharmonicity_extracted_values": {
      "path": "C:\\develop\\waveP\\data\\quantum\\sources\\osti_kim2015_prb91_014307_si_phonon_anharmonicity\\extracted_values.json",
      "sha256": "57fc7c392be0c65bc8969e750666dd5e0e6fbbc04d1814402cdf1747b872a499"
    }
  },
  "dos": {
    "integral_dos_domega_per_m3": 1.498453217241528e+29,
    "implied_atom_number_density_per_m3": 4.99484405747176e+28,
    "integral_per_atom": 2.999999999999996,
    "splits": {
      "acoustic_optical": {
        "omega_rad_s": 73015966594013.5,
        "nu_THz": 11.62085200806995
      },
      "ta_la": {
        "omega_rad_s": 43604038360860.27,
        "nu_THz": 6.9397982438995385
      },
      "to_lo": {
        "omega_rad_s": 92148534711842.6,
        "nu_THz": 14.66589479806485
      }
    }
  },
  "model": {
    "name": "DOS-split Grüneisen 4-group (TA/LA/TO/LO; mode-count split; weighted LS)",
    "groups": 4,
    "fit_range_T_K": {
      "min": 50.0,
      "max": 600.0
    },
    "enforce_signs": true,
    "dos_softening": {
      "mode": "kim2015_linear_proxy",
      "source": {
        "path": "C:\\develop\\waveP\\data\\quantum\\sources\\osti_kim2015_prb91_014307_si_phonon_anharmonicity\\extracted_values.json",
        "sha256": "57fc7c392be0c65bc8969e750666dd5e0e6fbbc04d1814402cdf1747b872a499"
      },
      "proxy": {
        "kind": "kim2015_linear_proxy",
        "t_ref_K": 100.0,
        "t_max_K": 1500.0,
        "fractional_energy_shift_at_t_max_isobaric": -0.07
      }
    },
    "A_TA_mol_per_J": -1.527779108927836e-07,
    "A_LA_mol_per_J": 3.7365061857988694e-07,
    "A_TO_mol_per_J": 0.0,
    "A_LO_mol_per_J": 9.63060070812025e-07
  },
  "fit_metrics": {
    "n": 551,
    "sign_mismatch_n": 0,
    "max_abs_z": 6.870474072117456,
    "rms_z": 2.8337500532352315,
    "reduced_chi2": 8.088860675831961,
    "exceed_3sigma_n": 198
  },
  "holdout_splits": [
    {
      "name": "A",
      "train_T_K": [
        50.0,
        300.0
      ],
      "test_T_K": [
        300.0,
        600.0
      ],
      "params": {
        "A_TA_mol_per_J": -1.5619016968419174e-07,
        "A_LA_mol_per_J": 3.5875728634914356e-07,
        "A_TO_mol_per_J": 1.4790499094864042e-07,
        "A_LO_mol_per_J": 6.693429871228187e-07,
        "softening_frac_at_Tmax": "",
        "enforce_signs": true,
        "fit_sse": 44.25622539445679
      },
      "train": {
        "n": 251,
        "sign_mismatch_n": 0,
        "max_abs_z": 1.1383528069849487,
        "rms_z": 0.4199043022945648,
        "reduced_chi2": 0.17917500159699112,
        "exceed_3sigma_n": 0
      },
      "test": {
        "n": 301,
        "sign_mismatch_n": 0,
        "max_abs_z": 18.906647807765022,
        "rms_z": 10.155241569111412,
        "reduced_chi2": 103.12893132700843,
        "exceed_3sigma_n": 230
      }
    },
    {
      "name": "B",
      "train_T_K": [
        200.0,
        600.0
      ],
      "test_T_K": [
        50.0,
        200.0
      ],
      "params": {
        "A_TA_mol_per_J": -5.7512119554935654e-08,
        "A_LA_mol_per_J": 0.0,
        "A_TO_mol_per_J": 0.0,
        "A_LO_mol_per_J": 1.1535180823472405e-06,
        "softening_frac_at_Tmax": "",
        "enforce_signs": true,
        "fit_sse": 1394.853082598901
      },
      "train": {
        "n": 401,
        "sign_mismatch_n": 0,
        "max_abs_z": 4.526715003070311,
        "rms_z": 1.8650567323703195,
        "reduced_chi2": 3.5134838352617157,
        "exceed_3sigma_n": 32
      },
      "test": {
        "n": 151,
        "sign_mismatch_n": 11,
        "max_abs_z": 54.79160534525052,
        "rms_z": 33.25463960742321,
        "reduced_chi2": 1105.8710554196005,
        "exceed_3sigma_n": 125
      }
    }
  ],
  "falsification": {
    "strict_criteria": {
      "max_abs_z_le": 3.0,
      "reduced_chi2_le": 2.0,
      "sign_mismatch_n_eq": 0
    },
    "strict_ok": false,
    "holdout_ok": false,
    "notes": [
      "This test freezes the mode-weighting via a phonon DOS proxy, and fits only a small number of effective coefficients (per-group A).",
      "holdout_ok requires the test ranges (A/B) to remain within the same strict criteria, to reject range-selection artifacts.",
      "A global ω(T) softening scale is frozen from a primary INS-based reference (Kim et al. PRB 91, 014307); it is not fit and is not counted as a free parameter."
    ]
  },
  "outputs": {
    "csv": "C:\\develop\\waveP\\output\\quantum\\condensed_silicon_thermal_expansion_gruneisen_phonon_dos_mode_gamma_four_group_dos_softening_kim2015_linear_model.csv",
    "png": "C:\\develop\\waveP\\output\\quantum\\condensed_silicon_thermal_expansion_gruneisen_phonon_dos_mode_gamma_four_group_dos_softening_kim2015_linear_model.png"
  },
  "notes": [
    "ω-split is defined at the half-integral of D(ω) to proxy the 3+3 mode count split (acoustic vs optical) in diamond Si.",
    "For groups=3, TA/LA split uses the 2:1 mode-count ratio within acoustic branches (2 TA, 1 LA).",
    "A parameters correspond to effective (γ/(B V_m)) per group up to a convention factor; this step focuses on procedure sensitivity (holdout) rather than absolute γ values."
  ]
}
