{
  "generated_utc": "2026-01-25T20:11:40.841953+00:00",
  "phase": 7,
  "step": "7.12",
  "title": "Molecular baseline (H2; NIST WebBook diatomic constants)",
  "source_cache": {
    "extracted_values": "C:\\develop\\waveP\\data\\quantum\\sources\\nist_webbook_diatomic_h2\\extracted_values.json"
  },
  "species": "H2",
  "webbook_id": "C1333740",
  "state": "X 1Σg 1sσ2",
  "constants": {
    "Te_cm^-1": 0.0,
    "omega_e_cm^-1": 4401.213,
    "omega_e_x_e_cm^-1": 121.336,
    "B_e_cm^-1": 60.853,
    "alpha_e_cm^-1": 3.0622,
    "D_e_cm^-1": 0.0471,
    "r_e_A": 0.74144
  },
  "derived": {
    "omega_e": {
      "frequency_THz": 131.9450463451554,
      "energy_eV": 0.5456808659387806
    },
    "omega_e_x_e": {
      "frequency_THz": 3.6375617683888004,
      "energy_eV": 0.015043746701090788
    },
    "B_e": {
      "frequency_THz": 1.8243270446674003,
      "energy_eV": 0.007544810427255536
    },
    "alpha_e": {
      "frequency_THz": 0.09180244648876,
      "energy_eV": 0.0003796644124421458
    },
    "D_e": {
      "frequency_THz": 0.0014120224771800001,
      "energy_eV": 5.839655746203733e-06
    },
    "r_e": {
      "meters": 7.4144e-11
    },
    "morse": {
      "D_e_cm^-1": 39911.22970793705,
      "D0_cm^-1": 37740.95720793705,
      "D_e_eV": 4.948361823821904,
      "D0_eV": 4.679282327527787
    }
  },
  "note": "This output fixes a small set of diatomic constants as a reproducible baseline. The Morse D0/De values are phenomenological estimates derived from ωe and ωexe, not independent data. P-model derivation of molecular binding is tracked in Roadmap Step 7.12+."
}