{
  "generated_utc": "2026-01-24T13:23:17.432940+00:00",
  "dataset": {
    "source": "NIST belltestdata (Shalm et al. 2015; time-tag repository)",
    "subset": "03_31 ... afterTimingfix2_training (documented as no mode-lock; pipeline validation)",
    "alice_zip": "C:\\develop\\waveP\\data\\quantum\\sources\\nist_belltestdata\\compressed\\alice\\2015_09_18\\03_31_CH_pockel_100kHz.run4.afterTimingfix2_training.alice.dat.compressed.zip",
    "bob_zip": "C:\\develop\\waveP\\data\\quantum\\sources\\nist_belltestdata\\compressed\\bob\\2015_09_18\\03_31_CH_pockel_100kHz.run4.afterTimingfix2_training.bob.dat.compressed.zip"
  },
  "config": {
    "seconds_per_timetag": 7.8125e-11,
    "windows_ns": [
      0.5,
      1.0,
      2.0,
      5.0,
      10.0,
      20.0,
      50.0,
      100.0,
      200.0,
      500.0,
      1000.0,
      2000.0,
      5000.0
    ],
    "pairing": "greedy (1-1 pairing on sorted click streams)",
    "max_seconds": null
  },
  "alignment": {
    "pps_a_count": 161,
    "pps_b_count": 288,
    "pps_b_count_aligned": 288,
    "offset_counts": 1117312239511945,
    "shift": 0,
    "mad_counts": 486400986380.0,
    "n_used": 161,
    "offset_seconds": 87290.01871187071
  },
  "counts": {
    "alice_click_total": 1841955,
    "bob_click_total": 1069954,
    "alice_click_by_setting": {
      "0": 912134,
      "1": 929821
    },
    "bob_click_by_setting": {
      "0": 522911,
      "1": 547043
    },
    "alice_counts_by_channel": {
      "0": 1841955,
      "2": 14347325,
      "4": 14339951,
      "5": 161,
      "6": 28687276,
      "64": 288
    },
    "bob_counts_by_channel": {
      "0": 1069954,
      "2": 14362115,
      "4": 14356484,
      "5": 288,
      "6": 28718608,
      "64": 289
    }
  },
  "delay_stats_ns": {
    "alice": {
      "ks_setting0_vs_1": 0.02013739019539227,
      "setting0_median": 5004.921875,
      "setting1_median": 4910.15625
    },
    "bob": {
      "ks_setting0_vs_1": 0.04006367081391972,
      "setting0_median": 5015.546875,
      "setting1_median": 4796.09375
    }
  },
  "coincidence_sweep": {
    "csv": "C:\\develop\\waveP\\output\\quantum\\nist_belltest_coincidence_sweep.csv",
    "windows_ns": [
      0.5,
      1.0,
      2.0,
      5.0,
      10.0,
      20.0,
      50.0,
      100.0,
      200.0,
      500.0,
      1000.0,
      2000.0,
      5000.0
    ],
    "pairs_total": [
      12,
      22,
      35,
      75,
      120,
      252,
      594,
      1231,
      2462,
      6128,
      12051,
      23756,
      56430
    ],
    "counts": {
      "c00": [
        3,
        5,
        10,
        23,
        26,
        63,
        142,
        304,
        587,
        1514,
        2919,
        5713,
        13495
      ],
      "c01": [
        3,
        6,
        8,
        11,
        23,
        54,
        141,
        299,
        594,
        1548,
        3057,
        6024,
        14239
      ],
      "c10": [
        2,
        5,
        8,
        16,
        32,
        69,
        151,
        305,
        639,
        1486,
        2955,
        5826,
        13918
      ],
      "c11": [
        4,
        6,
        9,
        25,
        39,
        66,
        160,
        323,
        642,
        1580,
        3120,
        6193,
        14778
      ]
    }
  },
  "outputs": {
    "png": "C:\\develop\\waveP\\output\\quantum\\nist_belltest_time_tag_bias.png",
    "csv": "C:\\develop\\waveP\\output\\quantum\\nist_belltest_coincidence_sweep.csv"
  },
  "notes": [
    "This script does NOT reproduce the official loophole-free p-value calculation.",
    "It demonstrates that detection-time distributions depend on settings, which can make coincidence selection setting-dependent.",
    "Pairing algorithm choice matters; here we use a simple greedy 1-1 match on click timestamps."
  ]
}