{
  "generated_utc": "2026-01-24T18:37:56.656683+00:00",
  "dataset": {
    "source": "NIST belltestdata (Shalm et al. 2015; time-tag repository)",
    "run_base_alice": "21_15_CH_pockel_100kHz.run.200nsadditiondelay_lightconeshift",
    "run_base_bob": "21_15_CH_pockel_100kHz.run.200nsadditiondelay_lightconeshift",
    "alice_zip": "data\\quantum\\sources\\nist_belltestdata\\compressed\\alice\\2015_09_18\\21_15_CH_pockel_100kHz.run.200nsadditiondelay_lightconeshift.alice.dat.compressed.zip",
    "bob_zip": "data\\quantum\\sources\\nist_belltestdata\\compressed\\bob\\2015_09_18\\21_15_CH_pockel_100kHz.run.200nsadditiondelay_lightconeshift.bob.dat.compressed.zip"
  },
  "config": {
    "seconds_per_timetag": 7.8125e-11,
    "windows_ns": [
      0.5,
      1.0,
      2.0,
      5.0,
      10.0,
      20.0,
      50.0,
      100.0,
      200.0,
      500.0,
      1000.0,
      2000.0,
      5000.0
    ],
    "pairing": "greedy (1-1 pairing on sorted click streams)",
    "max_seconds": 3600,
    "out_tag": "21_15_200nsadditiondelay_lightconeshift_s3600"
  },
  "alignment": {
    "pps_a_count": 1804,
    "pps_b_count": 1805,
    "pps_b_count_aligned": 1805,
    "offset_counts": -129403178506607,
    "shift": -4,
    "mad_counts": 535.0,
    "n_used": 1801,
    "offset_seconds": -10109.623320828672
  },
  "counts": {
    "alice_click_total": 9055938,
    "bob_click_total": 7174983,
    "alice_click_by_setting": {
      "0": 4474013,
      "1": 4581925
    },
    "bob_click_by_setting": {
      "0": 3516392,
      "1": 3658591
    },
    "alice_counts_by_channel": {
      "0": 9055938,
      "2": 89433193,
      "4": 89405396,
      "5": 1804,
      "6": 178838588,
      "64": 1804
    },
    "bob_counts_by_channel": {
      "0": 7174983,
      "2": 89493058,
      "4": 89481338,
      "5": 1805,
      "6": 178974396,
      "64": 1806
    }
  },
  "delay_stats_ns": {
    "alice": {
      "ks_setting0_vs_1": 0.022275582628001042,
      "setting0_median": 5037.65625,
      "setting1_median": 4919.765625
    },
    "bob": {
      "ks_setting0_vs_1": 0.03565856362250208,
      "setting0_median": 5040.390625,
      "setting1_median": 4850.937500000001
    }
  },
  "coincidence_sweep": {
    "csv": "C:\\develop\\waveP\\output\\quantum\\nist_belltest_coincidence_sweep__21_15_200nsadditiondelay_lightconeshift_s3600.csv",
    "windows_ns": [
      0.5,
      1.0,
      2.0,
      5.0,
      10.0,
      20.0,
      50.0,
      100.0,
      200.0,
      500.0,
      1000.0,
      2000.0,
      5000.0
    ],
    "pairs_total": [
      42,
      74,
      156,
      366,
      732,
      1427,
      3552,
      7192,
      14209,
      35477,
      71010,
      140053,
      341374
    ],
    "counts": {
      "c00": [
        12,
        21,
        42,
        89,
        165,
        338,
        852,
        1763,
        3456,
        8662,
        17134,
        33834,
        82512
      ],
      "c01": [
        13,
        17,
        34,
        83,
        174,
        338,
        860,
        1835,
        3620,
        9093,
        18035,
        35403,
        86065
      ],
      "c10": [
        11,
        18,
        40,
        91,
        190,
        362,
        882,
        1776,
        3531,
        8740,
        17623,
        34493,
        84769
      ],
      "c11": [
        6,
        18,
        40,
        103,
        203,
        389,
        958,
        1818,
        3602,
        8982,
        18218,
        36323,
        88028
      ]
    }
  },
  "outputs": {
    "png": "C:\\develop\\waveP\\output\\quantum\\nist_belltest_time_tag_bias__21_15_200nsadditiondelay_lightconeshift_s3600.png",
    "csv": "C:\\develop\\waveP\\output\\quantum\\nist_belltest_coincidence_sweep__21_15_200nsadditiondelay_lightconeshift_s3600.csv"
  },
  "notes": [
    "This script does NOT reproduce the official loophole-free p-value calculation.",
    "It demonstrates that detection-time distributions depend on settings, which can make coincidence selection setting-dependent.",
    "Pairing algorithm choice matters; here we use a simple greedy 1-1 match on click timestamps."
  ]
}