{
  "generated_utc": "2026-01-24T20:06:10.267059+00:00",
  "dataset": {
    "source": "NIST belltestdata (Shalm et al. 2015; time-tag repository)",
    "run_base_alice": "17_04_CH_pockel_100kHz.run.completeblind",
    "run_base_bob": "17_04_CH_pockel_100kHz.run.completeblind",
    "alice_zip": "data\\quantum\\sources\\nist_belltestdata\\compressed\\alice\\2015_09_18\\17_04_CH_pockel_100kHz.run.completeblind.alice.dat.compressed.zip",
    "bob_zip": "data\\quantum\\sources\\nist_belltestdata\\compressed\\bob\\2015_09_18\\17_04_CH_pockel_100kHz.run.completeblind.bob.dat.compressed.zip"
  },
  "config": {
    "seconds_per_timetag": 7.8125e-11,
    "windows_ns": [
      0.5,
      1.0,
      2.0,
      5.0,
      10.0,
      20.0,
      50.0,
      100.0,
      200.0,
      500.0,
      1000.0,
      2000.0,
      5000.0
    ],
    "pairing": "greedy (1-1 pairing on sorted click streams)",
    "max_seconds": 3600,
    "out_tag": "17_04_completeblind_s3600"
  },
  "alignment": {
    "pps_a_count": 3386,
    "pps_b_count": 3597,
    "pps_b_count_aligned": 3597,
    "offset_counts": -12243073632244,
    "shift": -3,
    "mad_counts": 64000129782.0,
    "n_used": 3386,
    "offset_seconds": -956.4901275190625
  },
  "counts": {
    "alice_click_total": 17662485,
    "bob_click_total": 15197727,
    "alice_click_by_setting": {
      "0": 8705280,
      "1": 8957205
    },
    "bob_click_by_setting": {
      "0": 7452554,
      "1": 7745173
    },
    "alice_counts_by_channel": {
      "0": 17662485,
      "2": 178333964,
      "4": 178246991,
      "5": 3386,
      "6": 356580953,
      "64": 3597
    },
    "bob_counts_by_channel": {
      "0": 15197727,
      "2": 178307684,
      "4": 178301757,
      "5": 3597,
      "6": 356609441,
      "64": 3597
    }
  },
  "delay_stats_ns": {
    "alice": {
      "ks_setting0_vs_1": 0.027029307901742683,
      "setting0_median": 5044.53125,
      "setting1_median": 4898.75
    },
    "bob": {
      "ks_setting0_vs_1": 0.036768235680523384,
      "setting0_median": 5052.65625,
      "setting1_median": 4845.859375
    }
  },
  "coincidence_sweep": {
    "csv": "C:\\develop\\waveP\\output\\quantum\\nist_belltest_coincidence_sweep__17_04_completeblind_s3600.csv",
    "windows_ns": [
      0.5,
      1.0,
      2.0,
      5.0,
      10.0,
      20.0,
      50.0,
      100.0,
      200.0,
      500.0,
      1000.0,
      2000.0,
      5000.0
    ],
    "pairs_total": [
      66,
      143,
      287,
      765,
      1483,
      2972,
      7435,
      14706,
      29436,
      73478,
      146765,
      290747,
      706743
    ],
    "counts": {
      "c00": [
        12,
        28,
        62,
        160,
        329,
        719,
        1836,
        3542,
        7136,
        17773,
        35401,
        70611,
        170877
      ],
      "c01": [
        23,
        38,
        74,
        205,
        383,
        740,
        1825,
        3700,
        7350,
        18452,
        36998,
        72937,
        177719
      ],
      "c10": [
        15,
        37,
        81,
        213,
        398,
        762,
        1888,
        3751,
        7413,
        18326,
        36560,
        72243,
        175854
      ],
      "c11": [
        16,
        40,
        70,
        187,
        373,
        751,
        1886,
        3713,
        7537,
        18927,
        37806,
        74956,
        182293
      ]
    }
  },
  "outputs": {
    "png": "C:\\develop\\waveP\\output\\quantum\\nist_belltest_time_tag_bias__17_04_completeblind_s3600.png",
    "csv": "C:\\develop\\waveP\\output\\quantum\\nist_belltest_coincidence_sweep__17_04_completeblind_s3600.csv"
  },
  "notes": [
    "This script does NOT reproduce the official loophole-free p-value calculation.",
    "It demonstrates that detection-time distributions depend on settings, which can make coincidence selection setting-dependent.",
    "Pairing algorithm choice matters; here we use a simple greedy 1-1 match on click timestamps."
  ]
}