{
  "generated_utc": "2026-01-24T19:19:43.655306+00:00",
  "dataset": {
    "source": "NIST belltestdata (Shalm et al. 2015; time-tag repository)",
    "run_base_alice": "22_20_CH_pockel_100kHz.run.200nsreduceddelay_lightconeshift",
    "run_base_bob": "22_20_CH_pockel_100kHz.run.200nsreduceddelay_lightconeshift",
    "alice_zip": "data\\quantum\\sources\\nist_belltestdata\\compressed\\alice\\2015_09_18\\22_20_CH_pockel_100kHz.run.200nsreduceddelay_lightconeshift.alice.dat.compressed.zip",
    "bob_zip": "data\\quantum\\sources\\nist_belltestdata\\compressed\\bob\\2015_09_18\\22_20_CH_pockel_100kHz.run.200nsreduceddelay_lightconeshift.bob.dat.compressed.zip"
  },
  "config": {
    "seconds_per_timetag": 7.8125e-11,
    "windows_ns": [
      0.5,
      1.0,
      2.0,
      5.0,
      10.0,
      20.0,
      50.0,
      100.0,
      200.0,
      500.0,
      1000.0,
      2000.0,
      5000.0
    ],
    "pairing": "greedy (1-1 pairing on sorted click streams)",
    "max_seconds": 3600,
    "out_tag": "22_20_200nsreduceddelay_lightconeshift_s3600"
  },
  "alignment": {
    "pps_a_count": 1695,
    "pps_b_count": 1807,
    "pps_b_count_aligned": 1807,
    "offset_counts": -128571176816216,
    "shift": -5,
    "mad_counts": 499201014202.0,
    "n_used": 1695,
    "offset_seconds": -10044.623188766875
  },
  "counts": {
    "alice_click_total": 9107466,
    "bob_click_total": 7202419,
    "alice_click_by_setting": {
      "0": 4495864,
      "1": 4611602
    },
    "bob_click_by_setting": {
      "0": 3530897,
      "1": 3671522
    },
    "alice_counts_by_channel": {
      "0": 9107466,
      "2": 89579018,
      "4": 89535227,
      "5": 1695,
      "6": 179114242,
      "64": 1807
    },
    "bob_counts_by_channel": {
      "0": 7202419,
      "2": 89576801,
      "4": 89563994,
      "5": 1807,
      "6": 179140795,
      "64": 1807
    }
  },
  "delay_stats_ns": {
    "alice": {
      "ks_setting0_vs_1": 0.02566696832642963,
      "setting0_median": 5050.0,
      "setting1_median": 4911.40625
    },
    "bob": {
      "ks_setting0_vs_1": 0.037475727319676605,
      "setting0_median": 5040.390625,
      "setting1_median": 4838.671875000001
    }
  },
  "coincidence_sweep": {
    "csv": "C:\\develop\\waveP\\output\\quantum\\nist_belltest_coincidence_sweep__22_20_200nsreduceddelay_lightconeshift_s3600.csv",
    "windows_ns": [
      0.5,
      1.0,
      2.0,
      5.0,
      10.0,
      20.0,
      50.0,
      100.0,
      200.0,
      500.0,
      1000.0,
      2000.0,
      5000.0
    ],
    "pairs_total": [
      35,
      64,
      159,
      376,
      718,
      1372,
      3484,
      7175,
      14056,
      34876,
      69436,
      137210,
      332869
    ],
    "counts": {
      "c00": [
        14,
        19,
        40,
        95,
        181,
        344,
        868,
        1747,
        3451,
        8504,
        16849,
        33159,
        80199
      ],
      "c01": [
        9,
        17,
        43,
        88,
        182,
        325,
        870,
        1771,
        3500,
        8771,
        17391,
        34390,
        83705
      ],
      "c10": [
        6,
        13,
        33,
        91,
        163,
        334,
        844,
        1811,
        3464,
        8547,
        17189,
        34253,
        83110
      ],
      "c11": [
        6,
        15,
        43,
        102,
        192,
        369,
        902,
        1846,
        3641,
        9054,
        18007,
        35408,
        85855
      ]
    }
  },
  "outputs": {
    "png": "C:\\develop\\waveP\\output\\quantum\\nist_belltest_time_tag_bias__22_20_200nsreduceddelay_lightconeshift_s3600.png",
    "csv": "C:\\develop\\waveP\\output\\quantum\\nist_belltest_coincidence_sweep__22_20_200nsreduceddelay_lightconeshift_s3600.csv"
  },
  "notes": [
    "This script does NOT reproduce the official loophole-free p-value calculation.",
    "It demonstrates that detection-time distributions depend on settings, which can make coincidence selection setting-dependent.",
    "Pairing algorithm choice matters; here we use a simple greedy 1-1 match on click timestamps."
  ]
}