{
  "generated_utc": "2026-02-07T23:25:41.855936+00:00",
  "phase": 7,
  "step": "7.16.6",
  "inputs": {
    "spectroscopy_json": {
      "path": "C:\\develop\\waveP\\data\\quantum\\sources\\nndc_nudat3_primary_secondary\\extracted_spectroscopy.json",
      "sha256": "095101891a1ec8f36fe3eb53eb3e8c05e5b9a32a0299f10993d13020a6ffaf20"
    },
    "ame_all_nuclei_csv": {
      "path": "C:\\develop\\waveP\\output\\quantum\\nuclear_binding_energy_frequency_mapping_ame2020_all_nuclei.csv",
      "sha256": "c45ed52344102f3be025d1d15f2cfdb621a55ccb2bbcd17789c61e93f1c53f0d"
    }
  },
  "counts": {
    "n_spectroscopy_rows_input": 666,
    "n_joined_rows": 665,
    "n_fit_e2plus": 665,
    "n_fit_e4plus": 611,
    "n_fit_e3minus": 327,
    "n_fit_r42": 611
  },
  "frozen_models": {
    "energy_log_linear_features": [
      "1",
      "logA",
      "I_asym",
      "is_magic_any"
    ],
    "r42_linear_features": [
      "1",
      "logA",
      "I_asym",
      "is_magic_any"
    ],
    "beta_e2plus": [
      -2.5249817941406683,
      -0.5977133440833847,
      19.17105867305256,
      3.2509977503051535
    ],
    "beta_e4plus": [
      -5.0251777926585675,
      1.774407798994067,
      -26.09650346807937,
      1.005225421262777
    ],
    "beta_e3minus": [
      3.792138477959517,
      -0.5920808300239675,
      -2.8849725124635963,
      0.32162878007491885
    ],
    "beta_r42": [
      3.4889004553326615,
      -0.3146494066079697,
      3.5798206930493635,
      -0.9171120085585915
    ]
  },
  "summary": [
    {
      "observable": "e2plus",
      "n": 665,
      "fit_n": 665,
      "median_log10_ratio": -0.4099228047545684,
      "median_abs_log10_ratio": 0.6972501734680049,
      "rms_log10_ratio": 1.0866090686946868,
      "median_abs_z": 0.6744907594765952,
      "z_pass_fraction": 0.9864661654135338
    },
    {
      "observable": "e4plus",
      "n": 611,
      "fit_n": 611,
      "median_log10_ratio": -0.013179878467356763,
      "median_abs_log10_ratio": 0.5148294056277201,
      "rms_log10_ratio": 0.9293374496384061,
      "median_abs_z": 0.6744907594765952,
      "z_pass_fraction": 0.9705400981996727
    },
    {
      "observable": "e3minus",
      "n": 327,
      "fit_n": 327,
      "median_log10_ratio": -0.0005814313530523197,
      "median_abs_log10_ratio": 0.07382742150218573,
      "rms_log10_ratio": 0.1443414915963253,
      "median_abs_z": 0.6744907594765952,
      "z_pass_fraction": 0.9480122324159022
    },
    {
      "observable": "r42",
      "n": 611,
      "fit_n": 611,
      "median_resid": 0.01613684243211022,
      "median_abs_resid": 0.3641175302127335,
      "rms_resid": 0.5242706909373038,
      "median_abs_z": 0.6744907594765952,
      "z_pass_fraction": 0.9967266775777414,
      "class_match_fraction": 0.5646481178396072
    }
  ],
  "level_density_summary": [
    {
      "group_type": "A_band",
      "group": "A_2_40",
      "n": 67,
      "median_n_observed_levels": 2.0,
      "rms_n_observed_levels": 2.256003599023275
    },
    {
      "group_type": "A_band",
      "group": "A_41_100",
      "n": 166,
      "median_n_observed_levels": 3.0,
      "rms_n_observed_levels": 2.5233846079260434
    },
    {
      "group_type": "A_band",
      "group": "A_101_plus",
      "n": 432,
      "median_n_observed_levels": 2.0,
      "rms_n_observed_levels": 2.5078580206725922
    },
    {
      "group_type": "magic",
      "group": "magic_any",
      "n": 123,
      "median_n_observed_levels": 2.0,
      "rms_n_observed_levels": 2.439512146351217
    },
    {
      "group_type": "magic",
      "group": "nonmagic",
      "n": 542,
      "median_n_observed_levels": 2.0,
      "rms_n_observed_levels": 2.498338931565165
    }
  ],
  "notes": [
    "ENSDF-derived NuDat fields include low-lying excitation energies and R4/2; this Step uses them as independent cross-check observables.",
    "This initial Step freezes an operational prediction interface; explicit Jπ level assignment is left as a follow-up extension.",
    "Class proxy uses R4/2 thresholds: <2.0 vibrational-like, 2.0-2.8 transitional, >=2.8 rotational-like."
  ],
  "outputs": {
    "full_csv": "C:\\develop\\waveP\\output\\quantum\\nuclear_excitation_level_prediction_full.csv",
    "summary_csv": "C:\\develop\\waveP\\output\\quantum\\nuclear_excitation_level_prediction_summary.csv",
    "level_density_summary_csv": "C:\\develop\\waveP\\output\\quantum\\nuclear_excitation_level_prediction_level_density_summary.csv",
    "representative_csv": "C:\\develop\\waveP\\output\\quantum\\nuclear_excitation_level_prediction_representative.csv",
    "figure_png": "C:\\develop\\waveP\\output\\quantum\\nuclear_excitation_level_prediction.png"
  }
}