{
  "generated_utc": "2026-02-07T15:35:54.726068+00:00",
  "phase": 7,
  "step": "7.16.5",
  "inputs": {
    "ame_all_nuclei_csv": {
      "path": "C:\\develop\\waveP\\output\\quantum\\nuclear_binding_energy_frequency_mapping_ame2020_all_nuclei.csv",
      "sha256": "c45ed52344102f3be025d1d15f2cfdb621a55ccb2bbcd17789c61e93f1c53f0d"
    },
    "iaea_charge_radii_csv": {
      "path": "C:\\develop\\waveP\\data\\quantum\\sources\\iaea_charge_radii\\charge_radii.csv",
      "sha256": "683d028dae93235376ddf7a345f736561ee7c0dba070091912c034bdf740eee6"
    }
  },
  "counts": {
    "n_iaea_raw_rows": 955,
    "n_iaea_unique_za": 955,
    "n_joined_rows": 955,
    "n_ame_all_rows": 3556
  },
  "radius_fit": {
    "model_a13": {
      "formula": "r_ch = r0*A^(1/3)",
      "r0_fm": 0.95272893402399
    },
    "model_a13_i": {
      "formula": "r_ch = r0*A^(1/3) + rI*I",
      "r0_fm": 1.003495937887484,
      "rI_fm": -1.7458036406187467
    }
  },
  "residual_stats_radius_fm": {
    "rms_a13": 0.11995692847538347,
    "rms_a13_i": 0.13193940194894896,
    "median_abs_a13": 0.05561401507564767,
    "median_abs_a13_i": 0.05267133599961982
  },
  "j_consistency": {
    "measured_subset_median_abs_rel_diff": 0.0,
    "measured_subset_rms_rel_diff": 0.06946758757409091,
    "internal_all_nuclei_median_abs_rel_diff": 0.0,
    "internal_all_nuclei_rms_rel_diff": 0.0
  },
  "a_band_summary": [
    {
      "A_band": "A_2_16",
      "n": 24,
      "rms_radius_resid_a13_fm": 0.4535730240496408,
      "rms_radius_resid_a13_i_fm": 0.6061054100685618,
      "median_abs_radius_resid_a13_fm": 0.3282859372290825,
      "median_abs_radius_resid_a13_i_fm": 0.5839083918128958,
      "median_neutron_skin_proxy_fm": 0.17634380208270167
    },
    {
      "A_band": "A_17_40",
      "n": 63,
      "rms_radius_resid_a13_fm": 0.26133784378533087,
      "rms_radius_resid_a13_i_fm": 0.23461665209983296,
      "median_abs_radius_resid_a13_fm": 0.21609582734990518,
      "median_abs_radius_resid_a13_i_fm": 0.17007253131113442,
      "median_neutron_skin_proxy_fm": 0.08729018203093734
    },
    {
      "A_band": "A_41_100",
      "n": 217,
      "rms_radius_resid_a13_fm": 0.08887658558097711,
      "rms_radius_resid_a13_i_fm": 0.0937784188621146,
      "median_abs_radius_resid_a13_fm": 0.04992905904752121,
      "median_abs_radius_resid_a13_i_fm": 0.06144170352740863,
      "median_neutron_skin_proxy_fm": 0.20783376674032697
    },
    {
      "A_band": "A_101_plus",
      "n": 651,
      "rms_radius_resid_a13_fm": 0.06543969493789394,
      "rms_radius_resid_a13_i_fm": 0.0611173323785681,
      "median_abs_radius_resid_a13_fm": 0.04756356127678618,
      "median_abs_radius_resid_a13_i_fm": 0.044053137526223196,
      "median_neutron_skin_proxy_fm": 0.29645722199186264
    }
  ],
  "neutron_skin_proxy": {
    "definition": "max(0, -rI*I) from r_ch=A^(1/3)+I fit (proxy, not direct neutron-radius measurement)",
    "top50_csv": "C:\\develop\\waveP\\output\\quantum\\nuclear_charge_radius_consistency_neutron_skin_proxy.csv",
    "median_proxy_fm": 0.27831652241748134,
    "max_proxy_fm": 0.8729018203093734
  },
  "outputs": {
    "full_csv": "C:\\develop\\waveP\\output\\quantum\\nuclear_charge_radius_consistency_full.csv",
    "a_band_summary_csv": "C:\\develop\\waveP\\output\\quantum\\nuclear_charge_radius_consistency_a_band_summary.csv",
    "skin_proxy_csv": "C:\\develop\\waveP\\output\\quantum\\nuclear_charge_radius_consistency_neutron_skin_proxy.csv",
    "figure_png": "C:\\develop\\waveP\\output\\quantum\\nuclear_charge_radius_consistency.png"
  },
  "notes": [
    "Step 7.16.5 integrates IAEA charge radii with AME2020 all-nuclei table via (Z,A).",
    "J_E(R) self-consistency is checked on measured-radii joins and on internal all-nuclei reconstruction from R_model.",
    "Neutron-skin values are reported as asymmetry-driven proxies under the frozen radius fit; they are not direct r_n-r_p measurements."
  ]
}