{
  "generated_utc": "2026-02-06T14:55:44.332601+00:00",
  "phase": 7,
  "step": "7.13.17.3",
  "inputs": {
    "light_nuclei_metrics": {
      "path": "C:\\develop\\waveP\\output\\quantum\\nuclear_binding_light_nuclei_metrics.json",
      "sha256": "7cefc36aa17adc6b19363642f2a6f2265a5629692c3896bd52c814f8673dfe92"
    }
  },
  "constants": {
    "c_m_per_s": 299792458.0,
    "h_J_s": 6.62607015e-34,
    "hbar_J_s": 1.0545718176461565e-34,
    "e_C": 1.602176634e-19
  },
  "mapping_frozen": {
    "B_equals_hbar_Delta_omega": "B = ħ Δω",
    "Delta_m_equals_B_over_c2": "Δm = B / c^2 = ħ Δω / c^2",
    "m_equals_hbar_omega0_over_c2": "m = ħ ω0 / c^2",
    "Delta_omega_obs_equals_B_obs_over_hbar": "Δω_obs = B_obs / ħ"
  },
  "rows": [
    {
      "key": "d",
      "label": "deuteron",
      "A": 2,
      "Z": 1,
      "N": 1,
      "B_MeV": 2.22456634198942,
      "sigma_B_MeV": 7.919062410999653e-07,
      "B_over_A_MeV": 1.11228317099471,
      "sigma_B_over_A_MeV": 3.9595312054998266e-07,
      "Delta_omega_per_s": 3.379711229030957e+21,
      "sigma_Delta_omega_per_s": 1203117373875100.2,
      "Delta_omega_over_A_per_s": 1.6898556145154785e+21,
      "sigma_Delta_omega_over_A_per_s": 601558686937550.1,
      "Delta_m_kg_from_B_over_c2": 3.965649709999603e-30,
      "sigma_Delta_m_kg_from_B_over_c2": 1.4117011015083894e-36,
      "Delta_m_kg_mass_defect_source": 3.965649709999603e-30,
      "sigma_Delta_m_kg_mass_defect_source": 1.4117011015083894e-36,
      "Delta_m_diff_kg": 0.0,
      "Delta_m_diff_over_sigma": 0.0,
      "rest_energy_per_nucleon_MeV": 938.9187556811313,
      "omega0_eff_per_s": 1.4264687017090473e+24,
      "B_over_rest_per_nucleon": 0.0011846426160566075,
      "Delta_omega_over_omega0_per_nucleon": 0.0011846426160566077
    },
    {
      "key": "t",
      "label": "triton",
      "A": 3,
      "Z": 1,
      "N": 2,
      "B_MeV": 8.481796624787078,
      "sigma_B_MeV": 1.3416653726328973e-06,
      "B_over_A_MeV": 2.827265541595693,
      "sigma_B_over_A_MeV": 4.472217908776324e-07,
      "Delta_omega_per_s": 1.2886117511565807e+22,
      "sigma_Delta_omega_per_s": 2038348526587107.8,
      "Delta_omega_over_A_per_s": 4.295372503855269e+21,
      "sigma_Delta_omega_over_A_per_s": 679449508862369.2,
      "Delta_m_kg_from_B_over_c2": 1.5120175869999948e-29,
      "sigma_Delta_m_kg_from_B_over_c2": 2.39173577135937e-36,
      "Delta_m_kg_mass_defect_source": 1.512017586999995e-29,
      "sigma_Delta_m_kg_mass_defect_source": 2.39173577135937e-36,
      "Delta_m_diff_kg": -2.802596928649634e-45,
      "Delta_m_diff_over_sigma": -8.285761817470352e-10,
      "rest_energy_per_nucleon_MeV": 939.1343110987559,
      "omega0_eff_per_s": 1.4267961880382584e+24,
      "B_over_rest_per_nucleon": 0.003010501808083112,
      "Delta_omega_over_omega0_per_nucleon": 0.003010501808083112
    },
    {
      "key": "h",
      "label": "helion",
      "A": 3,
      "Z": 2,
      "N": 1,
      "B_MeV": 7.717989649678434,
      "sigma_B_MeV": 1.1718670925100384e-06,
      "B_over_A_MeV": 2.572663216559478,
      "sigma_B_over_A_MeV": 3.906223641700128e-07,
      "Delta_omega_per_s": 1.1725690437820605e+22,
      "sigma_Delta_omega_per_s": 1780379526890671.5,
      "Delta_omega_over_A_per_s": 3.908563479273535e+21,
      "sigma_Delta_omega_over_A_per_s": 593459842296890.5,
      "Delta_m_kg_from_B_over_c2": 1.3758566259999983e-29,
      "sigma_Delta_m_kg_from_B_over_c2": 2.089042843026442e-36,
      "Delta_m_kg_mass_defect_source": 1.375856625999998e-29,
      "sigma_Delta_m_kg_mass_defect_source": 2.0890428430264423e-36,
      "Delta_m_diff_kg": 2.802596928649634e-45,
      "Delta_m_diff_over_sigma": 9.4863315024682e-10,
      "rest_energy_per_nucleon_MeV": 938.7032002635068,
      "omega0_eff_per_s": 1.4261412153798365e+24,
      "B_over_rest_per_nucleon": 0.0027406567015402696,
      "Delta_omega_over_omega0_per_nucleon": 0.0027406567015402705
    },
    {
      "key": "alpha",
      "label": "alpha",
      "A": 4,
      "Z": 2,
      "N": 2,
      "B_MeV": 28.295610854770015,
      "sigma_B_MeV": 1.6240316081956133e-06,
      "B_over_A_MeV": 7.073902713692504,
      "sigma_B_over_A_MeV": 4.060079020489033e-07,
      "Delta_omega_per_s": 4.298860048949319e+22,
      "sigma_Delta_omega_per_s": 2467338356657570.0,
      "Delta_omega_over_A_per_s": 1.0747150122373297e+22,
      "sigma_Delta_omega_over_A_per_s": 616834589164392.5,
      "Delta_m_kg_from_B_over_c2": 5.044150801999951e-29,
      "sigma_Delta_m_kg_from_B_over_c2": 2.8950993074504368e-36,
      "Delta_m_kg_mass_defect_source": 5.044150801999951e-29,
      "sigma_Delta_m_kg_mass_defect_source": 2.8950993074504368e-36,
      "Delta_m_diff_kg": 0.0,
      "Delta_m_diff_over_sigma": 0.0,
      "rest_energy_per_nucleon_MeV": 938.9187556811313,
      "omega0_eff_per_s": 1.4264687017090473e+24,
      "B_over_rest_per_nucleon": 0.007534094585809819,
      "Delta_omega_over_omega0_per_nucleon": 0.00753409458580982
    }
  ],
  "outputs": {
    "png": "C:\\develop\\waveP\\output\\quantum\\nuclear_binding_energy_frequency_mapping_interface.png",
    "csv": "C:\\develop\\waveP\\output\\quantum\\nuclear_binding_energy_frequency_mapping_interface.csv"
  },
  "notes": [
    "This step is a sanity check that the frozen mapping between (B, Δω, Δm) is internally consistent with the primary light-nuclei baselines.",
    "It does not yet choose a multi-body reduction (pair-wise sum vs collective); that is deferred to ROADMAP 7.13.17.5."
  ]
}