{
  "generated_utc": "2026-01-26T22:51:23.843457+00:00",
  "phase": 7,
  "step": "7.13.15.21",
  "domain_min_A": 16,
  "radius_model": {
    "form": "r_charge = r0*A^(1/3)",
    "r0_fm": 0.9491391043003727,
    "fit_min_A": 40,
    "n_fit": 834,
    "fit_rms_fm": 0.0702302531592175
  },
  "frozen_inputs": {
    "pn_triplet_weight": 0.5,
    "surface_term_fit_by_eq": {
      "18": {
        "C3_inf": 1308.5652015401538,
        "C_surf_MeV_fm": 163.87770929969497
      },
      "19": {
        "C3_inf": 1333.4773563624492,
        "C_surf_MeV_fm": 166.99783338882077
      }
    }
  },
  "diag": {
    "n_ame_total": 3556,
    "n_in_domain": 3487,
    "n_skipped": 0,
    "pairing": {
      "a_n_MeV": 5.538988784156382,
      "a_p_MeV": 6.615241823661158,
      "exclude_near_observed_magic_tol": 1
    },
    "fit": {
      "kN": 0.09575296883340911,
      "kZ": 0.08756616284938279,
      "kZ_over_kN": 0.9145007608247665,
      "n_fit_pairs_kN": 52,
      "n_fit_pairs_kZ": 75
    },
    "coverage": {
      "baseline_counts": {
        "gap_Sn:8": 1,
        "gap_Sn:20": 3,
        "gap_Sn:28": 2,
        "gap_Sn:50": 7,
        "gap_Sn:82": 5,
        "gap_Sn:126": 3,
        "gap_Sp:20": 5,
        "gap_Sp:50": 2,
        "gap_Sp:82": 8
      },
      "expanded_counts": {
        "gap_Sn:8": 4,
        "gap_Sn:20": 18,
        "gap_Sn:28": 22,
        "gap_Sn:50": 24,
        "gap_Sn:82": 28,
        "gap_Sn:126": 17,
        "gap_Sp:8": 10,
        "gap_Sp:20": 27,
        "gap_Sp:28": 29,
        "gap_Sp:50": 38,
        "gap_Sp:82": 37
      }
    },
    "gap_Sn": {
      "train_magic": {
        "n": 52,
        "rms_resid_uncorrected_MeV": 3.685007437888086,
        "rms_resid_pairing_only_MeV": 1.645493948018531,
        "rms_resid_pairing_shell_MeV": 0.6239665796098364
      },
      "other_magic": {
        "n": 61,
        "rms_resid_uncorrected_MeV": 3.382647776598299,
        "rms_resid_pairing_only_MeV": 1.18958138501816,
        "rms_resid_pairing_shell_MeV": 2.1857636862492167
      }
    },
    "gap_Sp": {
      "train_magic": {
        "n": 75,
        "rms_resid_uncorrected_MeV": 3.481768172144138,
        "rms_resid_pairing_only_MeV": 1.3891573533599852,
        "rms_resid_pairing_shell_MeV": 0.5780768291491671
      },
      "other_magic": {
        "n": 66,
        "rms_resid_uncorrected_MeV": 4.401150549316591,
        "rms_resid_pairing_only_MeV": 1.1714028537711032,
        "rms_resid_pairing_shell_MeV": 1.8778289943331623
      }
    }
  },
  "inputs": {
    "ame2020_extracted": {
      "path": "C:\\develop\\waveP\\data\\quantum\\sources\\iaea_amdc_ame2020_mass_1_mas20\\extracted_values.json",
      "sha256": "612448cecf66277b94672a3f389b6d71ebf5fe24861b5fce6cbb7555f6990565"
    },
    "iaea_charge_radii_csv": {
      "path": "C:\\develop\\waveP\\data\\quantum\\sources\\iaea_charge_radii\\charge_radii.csv",
      "sha256": "683d028dae93235376ddf7a345f736561ee7c0dba070091912c034bdf740eee6"
    },
    "metrics_7_13_15": {
      "path": "C:\\develop\\waveP\\output\\quantum\\nuclear_a_dependence_hf_three_body_radii_frozen_metrics.json",
      "sha256": "a7bd0b9a3403cd20f9e11caf08ee4668e2f73accbfa6db8cec5b8ea968ab0df9"
    },
    "metrics_7_13_15_7": {
      "path": "C:\\develop\\waveP\\output\\quantum\\nuclear_a_dependence_hf_three_body_surface_term_metrics.json",
      "sha256": "76a872d4fd4763d103fc5918aeacb67b0d11c77e375b7bc120b16a0535ac296a"
    }
  },
  "outputs": {
    "png": "C:\\develop\\waveP\\output\\quantum\\nuclear_a_dependence_hf_three_body_shellgap_coverage_expanded.png",
    "csv": "C:\\develop\\waveP\\output\\quantum\\nuclear_a_dependence_hf_three_body_shellgap_coverage_expanded.csv"
  }
}