{
  "generated_utc": "2026-01-26T17:28:25.794403+00:00",
  "phase": 7,
  "step": "7.13.15.4",
  "inputs": {
    "metrics_7_13_15_2": {
      "path": "C:\\develop\\waveP\\output\\quantum\\nuclear_a_dependence_hf_three_body_uncertainty_metrics.json",
      "sha256": "8a8684d7f047470277f628bd390b625872f41d2b1083c5d807418554114d40ea"
    },
    "codata_light_nuclei": {
      "path": "C:\\develop\\waveP\\data\\quantum\\sources\\nist_codata_2022_nuclear_light_nuclei\\extracted_values.json",
      "sha256": "989ad72e5fd2b0b2dc1e9e161002b574f29b9b34b27ffd1d7e33c1db07dce9b0"
    }
  },
  "definition": {
    "sigma_r_source_fm": "0.5*|r_charge(CODATA) - r_charge(IAEA)|  (for nuclei where CODATA exists; else 0)",
    "sigma_BA_from_r_source_MeV": "|d(B/A)/dR| * sigma_R_source, with |d(B/A)/dR| inferred from (sigma_BA_from_radii / sigma_R_sharp)",
    "sigma_total_plus_r_source_MeV": "sqrt(sigma_total^2 + sigma_BA_from_r_source^2)"
  },
  "diag": {
    "n_rows": 11,
    "radii_source": {
      "codata_path": "C:\\develop\\waveP\\data\\quantum\\sources\\nist_codata_2022_nuclear_light_nuclei\\extracted_values.json",
      "used_keys": [
        "alpha",
        "d"
      ]
    },
    "chi2_like_eq18": 892.5788067425136,
    "n_eq18": 11,
    "frac_within_3sigma_eq18": 0.2727272727272727,
    "chi2_like_eq19": 946.3852322843511,
    "n_eq19": 11,
    "frac_within_3sigma_eq19": 0.2727272727272727
  },
  "rows": [
    {
      "key": "d",
      "label": "d (H-2)",
      "A": 2,
      "Z": 1,
      "N": 1,
      "r_charge_iaea_fm": 2.1421,
      "sigma_r_charge_iaea_fm": 0.0088,
      "r_charge_codata_fm": 2.12778,
      "sigma_r_charge_codata_fm": 0.00027,
      "delta_r_codata_minus_iaea_fm": -0.01432000000000011,
      "sigma_r_source_fm": 0.007160000000000055,
      "sigma_R_sharp_fm": 0.01136075114887509,
      "sigma_R_source_fm": 0.00924352025294844,
      "B_over_A_obs_MeV": 1.1122831000000002,
      "sigma_B_over_A_obs_MeV": 2.0000000000000002e-07,
      "per_eq": {
        "18": {
          "B_over_A_pred_MeV": 3.7057735872744026,
          "B_over_A_residual_MeV": 2.5934904872744022,
          "sigma_total_MeV": 0.10576108442194408,
          "sigma_BA_from_radii_MeV": 0.06443540491564793,
          "sigma_BA_from_r_source_MeV": 0.052426988545004855,
          "sigma_total_plus_r_source_MeV": 0.11804234878213689,
          "z_residual_plus_r_source": 21.970847869700048
        },
        "19": {
          "B_over_A_pred_MeV": 3.832517411809347,
          "B_over_A_residual_MeV": 2.720234311809347,
          "sigma_total_MeV": 0.10799356294453427,
          "sigma_BA_from_radii_MeV": 0.06595218405780522,
          "sigma_BA_from_r_source_MeV": 0.053661095210669196,
          "sigma_total_plus_r_source_MeV": 0.12059072425631912,
          "z_residual_plus_r_source": 22.557575042234667
        }
      }
    },
    {
      "key": "t",
      "label": "t (H-3)",
      "A": 3,
      "Z": 1,
      "N": 2,
      "r_charge_iaea_fm": 1.7591,
      "sigma_r_charge_iaea_fm": 0.0363,
      "r_charge_codata_fm": NaN,
      "sigma_r_charge_codata_fm": NaN,
      "delta_r_codata_minus_iaea_fm": NaN,
      "sigma_r_source_fm": 0.0,
      "sigma_R_sharp_fm": 0.046863098489109745,
      "sigma_R_source_fm": 0.0,
      "B_over_A_obs_MeV": 2.8272654000000004,
      "sigma_B_over_A_obs_MeV": 3e-07,
      "per_eq": {
        "18": {
          "B_over_A_pred_MeV": 10.279517578886555,
          "B_over_A_residual_MeV": 7.452252178886555,
          "sigma_total_MeV": 0.8404048461893585,
          "sigma_BA_from_radii_MeV": 0.5724751040654745,
          "sigma_BA_from_r_source_MeV": 0.0,
          "sigma_total_plus_r_source_MeV": 0.8404048461893585,
          "z_residual_plus_r_source": 8.867455027987102
        },
        "19": {
          "B_over_A_pred_MeV": 10.593118404416046,
          "B_over_A_residual_MeV": 7.765853004416046,
          "sigma_total_MeV": 0.8588508603225294,
          "sigma_BA_from_radii_MeV": 0.586543022772168,
          "sigma_BA_from_r_source_MeV": 0.0,
          "sigma_total_plus_r_source_MeV": 0.8588508603225294,
          "z_residual_plus_r_source": 9.042143826344528
        }
      }
    },
    {
      "key": "h",
      "label": "h (He-3)",
      "A": 3,
      "Z": 2,
      "N": 1,
      "r_charge_iaea_fm": 1.9661,
      "sigma_r_charge_iaea_fm": 0.003,
      "r_charge_codata_fm": NaN,
      "sigma_r_charge_codata_fm": NaN,
      "delta_r_codata_minus_iaea_fm": NaN,
      "sigma_r_source_fm": 0.0,
      "sigma_R_sharp_fm": 0.003872983346207417,
      "sigma_R_source_fm": 0.0,
      "B_over_A_obs_MeV": 2.57268044,
      "sigma_B_over_A_obs_MeV": 1.5e-07,
      "per_eq": {
        "18": {
          "B_over_A_pred_MeV": 7.099571819341077,
          "B_over_A_residual_MeV": 4.526891379341077,
          "sigma_total_MeV": 0.31781986399941403,
          "sigma_BA_from_radii_MeV": 0.03727936868974587,
          "sigma_BA_from_r_source_MeV": 0.0,
          "sigma_total_plus_r_source_MeV": 0.31781986399941403,
          "z_residual_plus_r_source": 14.243575975318594
        },
        "19": {
          "B_over_A_pred_MeV": 7.3403749967663945,
          "B_over_A_residual_MeV": 4.767694556766394,
          "sigma_total_MeV": 0.3240954740963105,
          "sigma_BA_from_radii_MeV": 0.038214763407857795,
          "sigma_BA_from_r_source_MeV": 0.0,
          "sigma_total_plus_r_source_MeV": 0.3240954740963105,
          "z_residual_plus_r_source": 14.710771787419631
        }
      }
    },
    {
      "key": "alpha",
      "label": "alpha (He-4)",
      "A": 4,
      "Z": 2,
      "N": 2,
      "r_charge_iaea_fm": 1.6755,
      "sigma_r_charge_iaea_fm": 0.0028,
      "r_charge_codata_fm": 1.6784999999999999,
      "sigma_r_charge_codata_fm": 0.0021,
      "delta_r_codata_minus_iaea_fm": 0.0029999999999998916,
      "sigma_r_source_fm": 0.0014999999999999458,
      "sigma_R_sharp_fm": 0.0036147844564602557,
      "sigma_R_source_fm": 0.0019364916731036384,
      "B_over_A_obs_MeV": 7.0739156,
      "sigma_B_over_A_obs_MeV": 2.0000000000000002e-07,
      "per_eq": {
        "18": {
          "B_over_A_pred_MeV": 15.659494700650127,
          "B_over_A_residual_MeV": 8.585579100650126,
          "sigma_total_MeV": 1.4654202086620274,
          "sigma_BA_from_radii_MeV": 0.03786534536333485,
          "sigma_BA_from_r_source_MeV": 0.02028500644464294,
          "sigma_total_plus_r_source_MeV": 1.4655605990342122,
          "z_residual_plus_r_source": 5.8582218342304815
        },
        "19": {
          "B_over_A_pred_MeV": 16.042969216154432,
          "B_over_A_residual_MeV": 8.969053616154433,
          "sigma_total_MeV": 1.4942459131661041,
          "sigma_BA_from_radii_MeV": 0.03858590425128222,
          "sigma_BA_from_r_source_MeV": 0.020671020134614727,
          "sigma_total_plus_r_source_MeV": 1.4943888851590839,
          "z_residual_plus_r_source": 6.001820346247851
        }
      }
    },
    {
      "key": "li6",
      "label": "Li-6",
      "A": 6,
      "Z": 3,
      "N": 3,
      "r_charge_iaea_fm": 2.589,
      "sigma_r_charge_iaea_fm": 0.039,
      "r_charge_codata_fm": NaN,
      "sigma_r_charge_codata_fm": NaN,
      "delta_r_codata_minus_iaea_fm": NaN,
      "sigma_r_source_fm": 0.0,
      "sigma_R_sharp_fm": 0.050348783500696416,
      "sigma_R_source_fm": 0.0,
      "B_over_A_obs_MeV": 5.3323312,
      "sigma_B_over_A_obs_MeV": 3e-07,
      "per_eq": {
        "18": {
          "B_over_A_pred_MeV": 7.016887533270961,
          "B_over_A_residual_MeV": 1.6845563332709617,
          "sigma_total_MeV": 0.4431477206291506,
          "sigma_BA_from_radii_MeV": 0.3711416443292826,
          "sigma_BA_from_r_source_MeV": 0.0,
          "sigma_total_plus_r_source_MeV": 0.4431477206291506,
          "z_residual_plus_r_source": 3.8013426558515175
        },
        "19": {
          "B_over_A_pred_MeV": 7.224122784392479,
          "B_over_A_residual_MeV": 1.8917915843924797,
          "sigma_total_MeV": 0.4525949440348587,