{
  "generated_utc": "2026-01-26T17:37:37.003097+00:00",
  "phase": 7,
  "step": "7.13.15.5",
  "inputs": {
    "metrics_7_13_15_2": {
      "path": "C:\\develop\\waveP\\output\\quantum\\nuclear_a_dependence_hf_three_body_uncertainty_metrics.json",
      "sha256": "8a8684d7f047470277f628bd390b625872f41d2b1083c5d807418554114d40ea"
    },
    "metrics_7_13_15_4": {
      "path": "C:\\develop\\waveP\\output\\quantum\\nuclear_a_dependence_hf_three_body_uncertainty_radii_source_systematic_metrics.json",
      "sha256": "5dd1152b2d8607b2925f6e52cd8e33b6d6eb133031718d4a993b4c4c9378c0f5"
    }
  },
  "definition": {
    "sigma_set_MeV": "0.5*|pred(eq18)-pred(eq19)|",
    "sigma_final_MeV": "sqrt(sigma_total^2 + sigma_set^2 + sigma_r_source^2)",
    "domain_min_A": 16
  },
  "diag": {
    "domain_min_A": 16,
    "n_total": 11,
    "n_in_domain": 5,
    "chi2_like_all_eq18": 753.8304225658156,
    "n_all_eq18": 11,
    "frac_within_3sigma_all_eq18": 0.2727272727272727,
    "chi2_like_domain_eq18": 49.453500373437095,
    "n_domain_eq18": 5,
    "frac_within_3sigma_domain_eq18": 0.6,
    "chi2_like_all_eq19": 804.5758107672809,
    "n_all_eq19": 11,
    "frac_within_3sigma_all_eq19": 0.2727272727272727,
    "chi2_like_domain_eq19": 53.73599365881708,
    "n_domain_eq19": 5,
    "frac_within_3sigma_domain_eq19": 0.6
  },
  "rows": [
    {
      "key": "d",
      "label": "d (H-2)",
      "A": 2,
      "Z": 1,
      "N": 1,
      "in_domain": false,
      "r_charge_fm": 2.1421,
      "sigma_r_charge_fm": 0.0088,
      "B_over_A_obs_MeV": 1.1122831000000002,
      "sigma_B_over_A_obs_MeV": 2.0000000000000002e-07,
      "sigma_set_MeV": 0.06337191226747207,
      "per_eq": {
        "18": {
          "B_over_A_pred_MeV": 3.7057735872744026,
          "B_over_A_residual_MeV": 2.5934904872744022,
          "sigma_total_MeV": 0.10576108442194408,
          "sigma_set_MeV": 0.06337191226747207,
          "sigma_r_source_MeV": 0.052426988545004855,
          "sigma_final_MeV": 0.13397759279237642,
          "z_final": 19.357643567260574,
          "pass_3sigma": 0.0
        },
        "19": {
          "B_over_A_pred_MeV": 3.832517411809347,
          "B_over_A_residual_MeV": 2.720234311809347,
          "sigma_total_MeV": 0.10799356294453427,
          "sigma_set_MeV": 0.06337191226747207,
          "sigma_r_source_MeV": 0.053661095210669196,
          "sigma_final_MeV": 0.13622819840656988,
          "z_final": 19.968217620340766,
          "pass_3sigma": 0.0
        }
      }
    },
    {
      "key": "t",
      "label": "t (H-3)",
      "A": 3,
      "Z": 1,
      "N": 2,
      "in_domain": false,
      "r_charge_fm": 1.7591,
      "sigma_r_charge_fm": 0.0363,
      "B_over_A_obs_MeV": 2.8272654000000004,
      "sigma_B_over_A_obs_MeV": 3e-07,
      "sigma_set_MeV": 0.15680041276474554,
      "per_eq": {
        "18": {
          "B_over_A_pred_MeV": 10.279517578886555,
          "B_over_A_residual_MeV": 7.452252178886555,
          "sigma_total_MeV": 0.8404048461893585,
          "sigma_set_MeV": 0.15680041276474554,
          "sigma_r_source_MeV": 0.0,
          "sigma_final_MeV": 0.8549074072329436,
          "z_final": 8.717028435871278,
          "pass_3sigma": 0.0
        },
        "19": {
          "B_over_A_pred_MeV": 10.593118404416046,
          "B_over_A_residual_MeV": 7.765853004416046,
          "sigma_total_MeV": 0.8588508603225294,
          "sigma_set_MeV": 0.15680041276474554,
          "sigma_r_source_MeV": 0.0,
          "sigma_final_MeV": 0.8730470604268383,
          "z_final": 8.895113856312935,
          "pass_3sigma": 0.0
        }
      }
    },
    {
      "key": "h",
      "label": "h (He-3)",
      "A": 3,
      "Z": 2,
      "N": 1,
      "in_domain": false,
      "r_charge_fm": 1.9661,
      "sigma_r_charge_fm": 0.003,
      "B_over_A_obs_MeV": 2.57268044,
      "sigma_B_over_A_obs_MeV": 1.5e-07,
      "sigma_set_MeV": 0.12040158871265882,
      "per_eq": {
        "18": {
          "B_over_A_pred_MeV": 7.099571819341077,
          "B_over_A_residual_MeV": 4.526891379341077,
          "sigma_total_MeV": 0.31781986399941403,
          "sigma_set_MeV": 0.12040158871265882,
          "sigma_r_source_MeV": 0.0,
          "sigma_final_MeV": 0.3398617491232844,
          "z_final": 13.319802510929094,
          "pass_3sigma": 0.0
        },
        "19": {
          "B_over_A_pred_MeV": 7.3403749967663945,
          "B_over_A_residual_MeV": 4.767694556766394,
          "sigma_total_MeV": 0.3240954740963105,
          "sigma_set_MeV": 0.12040158871265882,
          "sigma_r_source_MeV": 0.0,
          "sigma_final_MeV": 0.34573749998263786,
          "z_final": 13.78992604795782,
          "pass_3sigma": 0.0
        }
      }
    },
    {
      "key": "alpha",
      "label": "alpha (He-4)",
      "A": 4,
      "Z": 2,
      "N": 2,
      "in_domain": false,
      "r_charge_fm": 1.6755,
      "sigma_r_charge_fm": 0.0028,
      "B_over_A_obs_MeV": 7.0739156,
      "sigma_B_over_A_obs_MeV": 2.0000000000000002e-07,
      "sigma_set_MeV": 0.19173725775215278,
      "per_eq": {
        "18": {
          "B_over_A_pred_MeV": 15.659494700650127,
          "B_over_A_residual_MeV": 8.585579100650126,
          "sigma_total_MeV": 1.4654202086620274,
          "sigma_set_MeV": 0.19173725775215278,
          "sigma_r_source_MeV": 0.02028500644464294,
          "sigma_final_MeV": 1.4780497439030373,
          "z_final": 5.808721347888109,
          "pass_3sigma": 0.0
        },
        "19": {
          "B_over_A_pred_MeV": 16.042969216154432,
          "B_over_A_residual_MeV": 8.969053616154433,
          "sigma_total_MeV": 1.4942459131661041,
          "sigma_set_MeV": 0.19173725775215278,
          "sigma_r_source_MeV": 0.020671020134614727,
          "sigma_final_MeV": 1.5066390795732485,
          "z_final": 5.953020692052468,
          "pass_3sigma": 0.0
        }
      }
    },
    {
      "key": "li6",
      "label": "Li-6",
      "A": 6,
      "Z": 3,
      "N": 3,
      "in_domain": false,
      "r_charge_fm": 2.589,
      "sigma_r_charge_fm": 0.039,
      "B_over_A_obs_MeV": 5.3323312,
      "sigma_B_over_A_obs_MeV": 3e-07,
      "sigma_set_MeV": 0.10361762556075904,
      "per_eq": {
        "18": {
          "B_over_A_pred_MeV": 7.016887533270961,
          "B_over_A_residual_MeV": 1.6845563332709617,
          "sigma_total_MeV": 0.4431477206291506,
          "sigma_set_MeV": 0.10361762556075904,
          "sigma_r_source_MeV": 0.0,
          "sigma_final_MeV": 0.4551005544115073,
          "z_final": 3.701503584079939,
          "pass_3sigma": 0.0
        },
        "19": {
          "B_over_A_pred_MeV": 7.224122784392479,
          "B_over_A_residual_MeV": 1.8917915843924797,
          "sigma_total_MeV": 0.4525949440348587,
          "sigma_set_MeV": 0.10361762556075904,
          "sigma_r_source_MeV": 0.0,
          "sigma_final_MeV": 0.4643046367340806,
          "z_final": 4.074461968976541,
          "pass_3sigma": 0.0
        }
      }
    },
    {
      "key": "c12",
      "label": "C-12",
      "A": 12,
      "Z": 6,
      "N": 6,
      "in_domain": false,
      "r_charge_fm": 2.4702,
      "sigma_r_charge_fm": 0.0022,
      "B_over_A_obs_MeV": 7.680144599999999,
      "sigma_B_over_A_obs_MeV": 2.0000000000000002e-07,
      "sigma_set_MeV": 0.18661547645408394,
      "per_eq": {
        "18": {
          "B_over_A_pred_MeV": 14.64525788237786,
          "B_over_A_residual_MeV": 6.965113282377861,
          "sigma_total_MeV": 1.284102195219599,
          "sigma_set_MeV": 0.18661547645408394,
          "sigma_r_source_MeV": 0.0,
          "sigma_final_MeV": 1.297591531962188,
          "z_final": 5.367724057080873,
          "pass_3sigma": 0.0
        },
        "19": {
          "B_over_A_pred_MeV": 15.018488835286028,
          "B_over_A_residual_MeV": 7.338344235286029,
          "sigma_total_MeV": 1.3093618646773686,
          "sigma_set_MeV": 0.18661547645408394,
          "sigma_r_source_MeV": 0.0,