{
  "generated_utc": "2026-01-26T17:15:48.902789+00:00",
  "phase": 7,
  "step": "7.13.15.3",
  "inputs": {
    "metrics_7_13_15_2": {
      "path": "C:\\develop\\waveP\\output\\quantum\\nuclear_a_dependence_hf_three_body_uncertainty_metrics.json",
      "sha256": "8a8684d7f047470277f628bd390b625872f41d2b1083c5d807418554114d40ea"
    }
  },
  "definition": {
    "sigma_set": "0.5*|pred_eq18 - pred_eq19|",
    "pred_mean": "0.5*(pred_eq18 + pred_eq19)",
    "sigma_total_with_set": "sqrt(0.5*(sigma_total_eq18^2 + sigma_total_eq19^2) + sigma_set^2)"
  },
  "diag": {
    "n": 11,
    "chi2_like_mean": 849.6242310984657,
    "mean_abs_z": 6.709210872043417,
    "frac_within_3sigma": 0.2727272727272727,
    "sigma_set_median_MeV": 0.18839021740367823,
    "sigma_set_max_MeV": 0.20325257988021406
  },
  "rows": [
    {
      "key": "d",
      "label": "d (H-2)",
      "A": 2,
      "Z": 1,
      "N": 1,
      "r_charge_fm": 2.1421,
      "sigma_r_charge_fm": 0.0088,
      "R_sharp_fm": 2.7654392086369692,
      "sigma_R_sharp_fm": 0.01136075114887509,
      "rho_fm3": 0.02257610614473508,
      "B_over_A_obs_MeV": 1.1122831000000002,
      "sigma_B_over_A_obs_MeV": 2.0000000000000002e-07,
      "B_over_A_pred_eq18_MeV": 3.7057735872744026,
      "B_over_A_pred_eq19_MeV": 3.832517411809347,
      "sigma_total_eq18_MeV": 0.10576108442194408,
      "sigma_total_eq19_MeV": 0.10799356294453427,
      "sigma_radii_rms_MeV": 0.0651982054532106,
      "sigma_C3_rms_MeV": 0.08469475965737948,
      "sigma_set_MeV": 0.06337191226747207,
      "B_over_A_pred_mean_MeV": 3.7691454995418745,
      "residual_mean_MeV": 2.6568623995418745,
      "sigma_total_with_set_MeV": 0.12425782700585308,
      "z_mean": 21.381851458071328
    },
    {
      "key": "t",
      "label": "t (H-3)",
      "A": 3,
      "Z": 1,
      "N": 2,
      "r_charge_fm": 1.7591,
      "sigma_r_charge_fm": 0.0363,
      "R_sharp_fm": 2.2709883347711557,
      "sigma_R_sharp_fm": 0.046863098489109745,
      "rho_fm3": 0.061148799496561705,
      "B_over_A_obs_MeV": 2.8272654000000004,
      "sigma_B_over_A_obs_MeV": 3e-07,
      "B_over_A_pred_eq18_MeV": 10.279517578886555,
      "B_over_A_pred_eq19_MeV": 10.593118404416046,
      "sigma_total_eq18_MeV": 0.8404048461893585,
      "sigma_total_eq19_MeV": 0.8588508603225294,
      "sigma_radii_rms_MeV": 0.5795517502076445,
      "sigma_C3_rms_MeV": 0.6213471829169422,
      "sigma_set_MeV": 0.15680041276474554,
      "B_over_A_pred_mean_MeV": 10.4363179916513,
      "residual_mean_MeV": 7.6090525916513005,
      "sigma_total_with_set_MeV": 0.8640248389547888,
      "z_mean": 8.806520656114442
    },
    {
      "key": "h",
      "label": "h (He-3)",
      "A": 3,
      "Z": 2,
      "N": 1,
      "r_charge_fm": 1.9661,
      "sigma_r_charge_fm": 0.003,
      "R_sharp_fm": 2.5382241856594674,
      "sigma_R_sharp_fm": 0.003872983346207417,
      "rho_fm3": 0.043796833414932436,
      "B_over_A_obs_MeV": 2.57268044,
      "sigma_B_over_A_obs_MeV": 1.5e-07,
      "B_over_A_pred_eq18_MeV": 7.099571819341077,
      "B_over_A_pred_eq19_MeV": 7.3403749967663945,
      "sigma_total_eq18_MeV": 0.31781986399941403,
      "sigma_total_eq19_MeV": 0.3240954740963105,
      "sigma_radii_rms_MeV": 0.03774996339219783,
      "sigma_C3_rms_MeV": 0.31874537079779586,
      "sigma_set_MeV": 0.12040158871265882,
      "B_over_A_pred_mean_MeV": 7.219973408053736,
      "residual_mean_MeV": 4.647292968053736,
      "sigma_total_with_set_MeV": 0.342812213472174,
      "z_mean": 13.556380973080342
    },
    {
      "key": "alpha",
      "label": "alpha (He-4)",
      "A": 4,
      "Z": 2,
      "N": 2,
      "r_charge_fm": 1.6755,
      "sigma_r_charge_fm": 0.0028,
      "R_sharp_fm": 2.1630611988568424,
      "sigma_R_sharp_fm": 0.0036147844564602557,
      "rho_fm3": 0.09435500915103119,
      "B_over_A_obs_MeV": 7.0739156,
      "sigma_B_over_A_obs_MeV": 2.0000000000000002e-07,
      "B_over_A_pred_eq18_MeV": 15.659494700650127,
      "B_over_A_pred_eq19_MeV": 16.042969216154432,
      "sigma_total_eq18_MeV": 1.4654202086620274,
      "sigma_total_eq19_MeV": 1.4942459131661041,
      "sigma_radii_rms_MeV": 0.038227322600293,
      "sigma_C3_rms_MeV": 1.479409439705961,
      "sigma_set_MeV": 0.19173725775215278,
      "B_over_A_pred_mean_MeV": 15.85123195840228,
      "residual_mean_MeV": 8.777316358402281,
      "sigma_total_with_set_MeV": 1.4922723593549025,
      "z_mean": 5.881846100933375
    },
    {
      "key": "li6",
      "label": "Li-6",
      "A": 6,
      "Z": 3,
      "N": 3,
      "r_charge_fm": 2.589,
      "sigma_r_charge_fm": 0.039,
      "R_sharp_fm": 3.3423846277770006,
      "sigma_R_sharp_fm": 0.050348783500696416,
      "rho_fm3": 0.03836130433646229,
      "B_over_A_obs_MeV": 5.3323312,
      "sigma_B_over_A_obs_MeV": 3e-07,
      "B_over_A_pred_eq18_MeV": 7.016887533270961,
      "B_over_A_pred_eq19_MeV": 7.224122784392479,
      "sigma_total_eq18_MeV": 0.4431477206291506,
      "sigma_total_eq19_MeV": 0.4525949440348587,
      "sigma_radii_rms_MeV": 0.3752499558399139,
      "sigma_C3_rms_MeV": 0.2445373457662796,
      "sigma_set_MeV": 0.10361762556075904,
      "B_over_A_pred_mean_MeV": 7.120505158831721,
      "residual_mean_MeV": 1.7881739588317211,
      "sigma_total_with_set_MeV": 0.4597256303048743,
      "z_mean": 3.8896547004478856
    },
    {
      "key": "c12",
      "label": "C-12",
      "A": 12,
      "Z": 6,
      "N": 6,
      "r_charge_fm": 2.4702,
      "sigma_r_charge_fm": 0.0022,
      "R_sharp_fm": 3.1890144872671873,
      "sigma_R_sharp_fm": 0.0028401877872187725,
      "rho_fm3": 0.08833303657239168,
      "B_over_A_obs_MeV": 7.680144599999999,
      "sigma_B_over_A_obs_MeV": 2.0000000000000002e-07,
      "B_over_A_pred_eq18_MeV": 14.64525788237786,
      "B_over_A_pred_eq19_MeV": 15.018488835286028,
      "sigma_total_eq18_MeV": 1.284102195219599,
      "sigma_total_eq19_MeV": 1.3093618646773686,
      "sigma_radii_rms_MeV": 0.022615499269565964,
      "sigma_C3_rms_MeV": 1.2965963170595323,
      "sigma_set_MeV": 0.18661547645408394,
      "B_over_A_pred_mean_MeV": 14.831873358831945,
      "residual_mean_MeV": 7.151728758831946,
      "sigma_total_with_set_MeV": 1.3101522072918776,
      "z_mean": 5.458700690673777
    },
    {
      "key": "o16",
      "label": "O-16",
      "A": 16,
      "Z": 8,
      "N": 8,
      "r_charge_fm": 2.6991,
      "sigma_r_charge_fm": 0.0052,
      "R_sharp_fm": 3.484523116582813,
      "sigma_R_sharp_fm": 0.006713171133426189,
      "rho_fm3": 0.09028203159327217,
      "B_over_A_obs_MeV": 7.9762072,
      "sigma_B_over_A_obs_MeV": 2.0000000000000002e-07,
      "B_over_A_pred_eq18_MeV": 14.63941890355031,
      "B_over_A_pred_eq19_MeV": 15.016199338357666,
      "sigma_total_eq18_MeV": 1.3419899261515695,
      "sigma_total_eq19_MeV": 1.3683885415351291,
      "sigma_radii_rms_MeV": 0.04683008009073328,
      "sigma_C3_rms_MeV": 1.354444175611207,
      "sigma_set_MeV": 0.18839021740367823,
      "B_over_A_pred_mean_MeV": 14.827809120953987,
      "residual_mean_MeV": 6.8516019209539865,
      "sigma_total_with_set_MeV": 1.3682846762504766,
      "z_mean": 5.00743890498686
    },
    {
      "key": "ca40",
      "label": "Ca-40",
      "A": 40,
      "Z": 20,
      "N": 20,
      "r_charge_fm": 3.4776,
      "sigma_r_charge_fm": 0.0019,
      "R_sharp_fm": 4.489562294923637,
      "sigma_R_sharp_fm": 0.0024528894525980304,
      "rho_fm3": 0.10552597562534592,
      "B_over_A_obs_MeV": 8.5513046,
      "sigma_B_over_A_obs_MeV": 6e-07,
      "B_over_A_pred_eq18_MeV": 14.757450616184542,
      "B_over_A_pred_eq19_MeV": 15.154242637210555,
      "sigma_total_eq18_MeV": 1.8323550207914543,
      "sigma_total_eq19_MeV": 1.8683993447752227,
      "sigma_radii_rms_MeV": 0.007583637058557478,
      "sigma_C3_rms_MeV": 1.8504494063163872,
      "sigma_set_MeV": 0.19839601051300626,
      "B_over_A_pred_mean_MeV": 14.955846626697548,
      "residual_mean_MeV": 6.404542026697548,