{
  "generated_utc": "2026-01-24T22:10:41.199791+00:00",
  "dataset": "Weihs et al. 1998 time-tag (Zenodo 7185335)",
  "source_dir": "C:\\develop\\waveP\\data\\quantum\\sources\\zenodo_7185335",
  "subdir": "loccorr",
  "run": "loccorr0",
  "encoding": "bit0-setting",
  "events": {
    "alice": 855514,
    "bob": 1128929
  },
  "offset": {
    "offset_s": 3.930797041897203e-09,
    "offset_method": "nearest_neighbor_dt_peak",
    "offset_median_s": 4.180797041897222e-09,
    "offset_peak_count": 4587.0,
    "offset_hist_bin_width_s": 5e-10,
    "offset_hist_half_range_s": 2e-07,
    "offset_used_s": 3.930797041897203e-09
  },
  "windows_ns": [
    0.25,
    0.5,
    0.75,
    1.0,
    1.5,
    2.0,
    3.0,
    4.0,
    6.0,
    8.0,
    10.0
  ],
  "fixed_variant": {
    "ref_window_ns": 1.0,
    "swap_a": false,
    "swap_b": false,
    "sign_matrix": [
      [
        -1,
        -1
      ],
      [
        1,
        -1
      ]
    ]
  },
  "best_overall": {
    "window_ns": 0.25,
    "offset_ns": 3.930797041897203,
    "pairs_total": 19438,
    "N00": 5285,
    "N01": 3998,
    "N10": 5267,
    "N11": 4888,
    "E00": -0.9890255439924314,
    "E01": -0.13906953476738368,
    "E10": -0.15549648756407822,
    "E11": -0.972176759410802,
    "S_canonical": -0.3114148069130913,
    "S_fixed": 1.9447753506065388,
    "S_fixed_abs": 1.9447753506065388,
    "S_best": -1.977629256199928,
    "S_best_abs": 1.977629256199928,
    "S_best_swap_a": true,
    "S_best_swap_b": false,
    "S_best_sign00": 1,
    "S_best_sign01": 1,
    "S_best_sign10": 1,
    "S_best_sign11": -1
  },
  "repro": {
    "fetch": "python -B scripts/quantum/fetch_weihs1998_zenodo_7185335.py",
    "run": "python -B scripts/quantum/weihs1998_time_tag_reanalysis.py --subdir loccorr --run loccorr0 --encoding bit0-setting --out-tag weihs1998_loccorr_loccorr0"
  },
  "outputs": {
    "csv": "C:\\develop\\waveP\\output\\quantum\\weihs1998_chsh_sweep__weihs1998_loccorr_loccorr0.csv",
    "png": "C:\\develop\\waveP\\output\\quantum\\weihs1998_chsh_sweep__weihs1998_loccorr_loccorr0.png"
  }
}