{
  "generated_utc": "2026-02-21T05:04:58.975879+00:00",
  "schema": "wavep.gw.polarization.network_reject_factor_decomposition.v1",
  "source_network_audit_json": "C:/develop/waveP/output/private/gw/tmp_ng_tune_0022.json",
  "focus_pairs": [
    "H1-V1",
    "L1-V1"
  ],
  "focus_pair_rows": [
    {
      "pair": "H1-V1",
      "n_rows": 3,
      "n_reject_event_rows": 3,
      "n_tensor_fail": 3,
      "tensor_fail_rate": 1.0,
      "scalar_overlap_rate": 0.6666666666666666,
      "mean_reject_tensor_mismatch_share": 0.8446680040500155,
      "median_tensor_mismatch": 0.6268396082264573,
      "median_scalar_mismatch": 0.39307126965246597,
      "median_abs_corr": 0.10593324451963249,
      "median_abs_lag_over_tolerance": 7.5,
      "median_obs_ratio_iqr_rel": 0.7011838679867864,
      "bottleneck_rank": 1
    },
    {
      "pair": "L1-V1",
      "n_rows": 3,
      "n_reject_event_rows": 3,
      "n_tensor_fail": 2,
      "tensor_fail_rate": 0.6666666666666666,
      "scalar_overlap_rate": 0.3333333333333333,
      "mean_reject_tensor_mismatch_share": 0.48169461491918136,
      "median_tensor_mismatch": 0.4988463707726793,
      "median_scalar_mismatch": 1.911912788578578,
      "median_abs_corr": 0.09321891096218114,
      "median_abs_lag_over_tolerance": 11.0,
      "median_obs_ratio_iqr_rel": 0.686617178106805,
      "bottleneck_rank": 2
    }
  ],
  "pair_summary_rows": [
    {
      "pair": "H1-V1",
      "n_rows": 3,
      "n_reject_event_rows": 3,
      "n_tensor_fail": 3,
      "tensor_fail_rate": 1.0,
      "scalar_overlap_rate": 0.6666666666666666,
      "mean_reject_tensor_mismatch_share": 0.8446680040500155,
      "median_tensor_mismatch": 0.6268396082264573,
      "median_scalar_mismatch": 0.39307126965246597,
      "median_abs_corr": 0.10593324451963249,
      "median_abs_lag_over_tolerance": 7.5,
      "median_obs_ratio_iqr_rel": 0.7011838679867864,
      "bottleneck_rank": 1
    },
    {
      "pair": "L1-V1",
      "n_rows": 3,
      "n_reject_event_rows": 3,
      "n_tensor_fail": 2,
      "tensor_fail_rate": 0.6666666666666666,
      "scalar_overlap_rate": 0.3333333333333333,
      "mean_reject_tensor_mismatch_share": 0.48169461491918136,
      "median_tensor_mismatch": 0.4988463707726793,
      "median_scalar_mismatch": 1.911912788578578,
      "median_abs_corr": 0.09321891096218114,
      "median_abs_lag_over_tolerance": 11.0,
      "median_obs_ratio_iqr_rel": 0.686617178106805,
      "bottleneck_rank": 2
    },
    {
      "pair": "H1-L1",
      "n_rows": 3,
      "n_reject_event_rows": 3,
      "n_tensor_fail": 0,
      "tensor_fail_rate": 0.0,
      "scalar_overlap_rate": 0.6666666666666666,
      "mean_reject_tensor_mismatch_share": 0.006970714364136585,
      "median_tensor_mismatch": 0.0006065382966215201,
      "median_scalar_mismatch": 0.0207608840638479,
      "median_abs_corr": 0.5302713347183263,
      "median_abs_lag_over_tolerance": 4.375,
      "median_obs_ratio_iqr_rel": 0.751326670245182,
      "bottleneck_rank": 3
    }
  ],
  "detail_rows_count": 9
}