scenario_id,label,rho_ratio,v_ratio,temp_ratio,lpath_ratio,lpath_pred_kpc,tau_free_pred_gyr,note
baseline,baseline,1.0,1.0,1.0,1.0,180.0,0.03200047270930238,reference state
rho_x2,density x2,2.0,1.0,1.0,0.5413914163798542,97.45045494837376,0.017324781244914086,rho→2rho
rho_x0_5,density x0.5,0.5,1.0,1.0,1.7347444792096876,312.25400625774375,0.05551264336456258,rho→0.5rho
v_x2,speed x2,1.0,2.0,1.0,0.8673722396048438,156.12700312887188,0.02775632168228129,v→2v
v_x0_5,speed x0.5,1.0,0.5,1.0,1.0827828327597084,194.90090989674752,0.03464956248982817,v→0.5v
T_x2,temperature x2,1.0,1.0,2.0,2.2104334643701375,397.87802358662475,0.07073491575230531,T→2T
T_x0_5,temperature x0.5,1.0,1.0,0.5,0.3923342869951569,70.62017165912823,0.012554882643912127,T→0.5T
rho2_v2_T2,"rho,v,T all x2",2.0,2.0,2.0,1.1052167321850688,198.93901179331237,0.035367457876152655,combined hot+dense+fast
