{
  "generated_utc": "2026-02-10T15:36:33.025244+00:00",
  "purpose": "動的P（放射・波動）の最小仮定として採用する四重極則のスケーリングを可視化（データフィットはしない）。",
  "constants": {
    "c_m_per_s": 299792458.0,
    "G_m3_kg_s2": 6.6743e-11,
    "M_sun_kg": 1.98847e+30,
    "sec_per_year": 31557600.0
  },
  "formulas": {
    "pbdot_quadrupole": "Pdot_b = -(192π/5) * (2π G M_c /(c^3 P_b))^(5/3) * F(e),  F(e)=(1+73/24 e^2+37/96 e^4)/(1-e^2)^(7/2)",
    "chirp_time": "t_c - t = (5/256) * (G M_c / c^3)^(-5/3) * (π f)^(-8/3)"
  },
  "example_values": {
    "chirp_mass_nsns_solar": 1.1752432604497676,
    "chirp_mass_bhbh_solar": 28.09555579546043,
    "orbital_decay": {
      "pb_hours": 8.0,
      "mc_solar": 1.1752432604497676,
      "pbdot_circular_s_per_s": -1.7800988122881294e-13,
      "pbdot_e0p6_s_per_s": -1.8206705796324837e-12,
      "pbdot_circular_us_per_year": -5.617564627866387,
      "pbdot_e0p6_us_per_year": -57.455993883810066
    },
    "chirp": {
      "f_hz": 30.0,
      "mc_ns_solar": 1.1752432604497676,
      "mc_bh_solar": 28.09555579546043,
      "ttc_ns_s": 56.8883040614294,
      "ttc_bh_s": 0.2867520662914685
    }
  },
  "outputs": {
    "png": "C:\\develop\\waveP\\output\\theory\\dynamic_p_quadrupole_scalings.png",
    "metrics_json": "C:\\develop\\waveP\\output\\theory\\dynamic_p_quadrupole_scalings_metrics.json"
  }
}