subset,n_points,point_rms_ns,weighted_rms_ns_bin_rms,median_abs_z_np,p90_abs_z_np,p95_abs_z_np,chi2_like_np,median_abs_z_np_mean,p95_abs_z_np_mean,model_floor_ns_for_chi2eq1,median_np_bin_rms_ns
all,13064,4.375644977009524,2.218502683606913,17.340035614092088,50.81347667860416,85.21020890770748,213833.9905895683,125.85568066888979,1021.5907551366529,4.368266281772879,0.1737
exclude_nglr1,13040,4.281637974262467,2.2183321814525594,17.295271956136546,50.53932694832566,83.54270416892811,214194.22810133503,125.61987182113685,1020.6915419814474,4.276244924599037,0.1737
modern_2023_all,619,6.524424493699244,5.219156492549252,22.606200433291644,54.366862027805354,91.04060712772777,8002.552345992066,201.93961167271502,1137.517655757117,6.506125986047015,0.1827
modern_2023_exclude_nglr1,595,5.067213945607477,4.999386409856197,22.066824038096673,48.68458750012833,69.5889566173112,7595.06097724018,194.39482841476502,1144.3300979681644,5.0623741009006995,0.1829
modern_2023_apol_exclude_nglr1,595,5.067213945607477,4.999386409856197,22.066824038096673,48.68458750012833,69.5889566173112,7595.06097724018,194.39482841476502,1144.3300979681644,5.0623741009006995,0.1829
