{
  "generated_utc": "2026-02-19T01:00:39.819063+00:00",
  "selection_metric": "weighted_rms_sr_ns (offset aligned per station×target)",
  "min_points_per_group": 30,
  "min_points_per_group_selection": 30,
  "selection_sample_per_group": 80,
  "selection_sample_points_total": 1237,
  "best_mode_by_station": {
    "APOL": "tx",
    "GRSM": "tx",
    "MATM": "tx",
    "MDOL": "tx",
    "WETL": "tx"
  },
  "rms_by_station_and_mode_ns": {
    "APOL": {
      "tx": 8.80347504438809,
      "rx": 3451.031744351738,
      "mid": 1724.5745718843646
    },
    "GRSM": {
      "tx": 8.799558543824336,
      "rx": 2789.097157416357,
      "mid": 1395.1585928599316
    },
    "MATM": {
      "tx": 7.017466580789868,
      "rx": 2736.283801228706,
      "mid": 1367.8636600388377
    },
    "MDOL": {
      "tx": 11.769128859082304,
      "rx": 2262.2847700542757,
      "mid": 1132.9523325737016
    },
    "WETL": {
      "tx": 2.7816545263001307,
      "rx": 1512.1034067803216,
      "mid": 756.1801645487693
    }
  }
}
