station,n_points,point_rms_ns,weighted_rms_ns_bin_rms,median_abs_z_np,p90_abs_z_np,p95_abs_z_np,chi2_like_np,median_abs_z_np_mean,p95_abs_z_np_mean,model_floor_ns_for_chi2eq1,median_np_bin_rms_ns
APOL,1416,5.899338993904686,5.256100219408827,47.36734613487859,356.133584271524,467.03778038101007,37845.8662679687,642.7055901569913,9255.600789726755,5.888133865536991,0.0657
GRSM,10878,4.18551837233033,3.931861142198598,16.613048279842523,41.43339643781483,51.22162753245563,680.1728071776489,118.75428811511237,521.3222879407002,4.1800217800252515,0.178
MATM,345,3.522620635869545,2.1986767412684878,4.249676839567925,25.55995057493929,4124.931803535978,7918475.359366378,21.998252590974484,16588.460260524425,3.5033899802502146,0.315
MDOL,31,11.33508777937953,15.454453691484895,11.924282105776088,49.956518601914915,88.46379570653437,7285.736873140755,32.41156377160546,218.24429913246618,11.328342802565988,0.2703
WETL,394,2.2619878279958776,2.9044740589220135,11.034101898800394,45.19237128178732,69.53681776613297,1113.5274257104995,81.08684174886159,359.3959795901949,2.259033036187274,0.133
