doppler_bin_minutes,range_bin_minutes,min_joint_rows,max_station_bias_per_channel,n_rows_joint,n_rows_range,n_rows_doppler,beta_dyn,beta_sigma,beta_z_from_1,status_data,status_sigma,replay_status,replay_dyn_status,replay_lt_status,replay_z_delta_beta,replay_dyn_z_delta_beta,replay_lt_z_delta_beta,replay_delta_beta,score
80,60,120,14,1547,562,985,399.3573769527737,208.0902758024091,1.9143488344983095,pass,watch,pass,pass,pass,1.9571653261565023,1.9571653261565023,2.0446348174405086e-05,407.2682664827239,2165.2556019589115
80,60,120,16,1547,562,985,399.3573769527737,208.0902758024091,1.9143488344983095,pass,watch,pass,pass,pass,1.9571653261565023,1.9571653261565023,2.0446348174405086e-05,407.2682664827239,2165.2556019589115
80,60,120,20,1547,562,985,399.3573769527737,208.0902758024091,1.9143488344983095,pass,watch,pass,pass,pass,1.9571653261565023,1.9571653261565023,2.0446348174405086e-05,407.2682664827239,2165.2556019589115
80,60,150,14,1547,562,985,399.3573769527737,208.0902758024091,1.9143488344983095,pass,watch,pass,pass,pass,1.9571653261565023,1.9571653261565023,2.0446348174405086e-05,407.2682664827239,2165.2556019589115
80,60,150,16,1547,562,985,399.3573769527737,208.0902758024091,1.9143488344983095,pass,watch,pass,pass,pass,1.9571653261565023,1.9571653261565023,2.0446348174405086e-05,407.2682664827239,2165.2556019589115
80,60,150,20,1547,562,985,399.3573769527737,208.0902758024091,1.9143488344983095,pass,watch,pass,pass,pass,1.9571653261565023,1.9571653261565023,2.0446348174405086e-05,407.2682664827239,2165.2556019589115
80,60,180,14,1547,562,985,399.3573769527737,208.0902758024091,1.9143488344983095,pass,watch,pass,pass,pass,1.9571653261565023,1.9571653261565023,2.0446348174405086e-05,407.2682664827239,2165.2556019589115
80,60,180,16,1547,562,985,399.3573769527737,208.0902758024091,1.9143488344983095,pass,watch,pass,pass,pass,1.9571653261565023,1.9571653261565023,2.0446348174405086e-05,407.2682664827239,2165.2556019589115
80,60,180,20,1547,562,985,399.3573769527737,208.0902758024091,1.9143488344983095,pass,watch,pass,pass,pass,1.9571653261565023,1.9571653261565023,2.0446348174405086e-05,407.2682664827239,2165.2556019589115
80,60,220,14,1547,562,985,399.3573769527737,208.0902758024091,1.9143488344983095,pass,watch,pass,pass,pass,1.9571653261565023,1.9571653261565023,2.0446348174405086e-05,407.2682664827239,2165.2556019589115
80,60,220,16,1547,562,985,399.3573769527737,208.0902758024091,1.9143488344983095,pass,watch,pass,pass,pass,1.9571653261565023,1.9571653261565023,2.0446348174405086e-05,407.2682664827239,2165.2556019589115
80,60,220,20,1547,562,985,399.3573769527737,208.0902758024091,1.9143488344983095,pass,watch,pass,pass,pass,1.9571653261565023,1.9571653261565023,2.0446348174405086e-05,407.2682664827239,2165.2556019589115
80,60,260,14,1547,562,985,399.3573769527737,208.0902758024091,1.9143488344983095,pass,watch,pass,pass,pass,1.9571653261565023,1.9571653261565023,2.0446348174405086e-05,407.2682664827239,2165.2556019589115
80,60,260,16,1547,562,985,399.3573769527737,208.0902758024091,1.9143488344983095,pass,watch,pass,pass,pass,1.9571653261565023,1.9571653261565023,2.0446348174405086e-05,407.2682664827239,2165.2556019589115
80,60,260,20,1547,562,985,399.3573769527737,208.0902758024091,1.9143488344983095,pass,watch,pass,pass,pass,1.9571653261565023,1.9571653261565023,2.0446348174405086e-05,407.2682664827239,2165.2556019589115
80,60,320,14,1547,562,985,399.3573769527737,208.0902758024091,1.9143488344983095,pass,watch,pass,pass,pass,1.9571653261565023,1.9571653261565023,2.0446348174405086e-05,407.2682664827239,2165.2556019589115
80,60,320,16,1547,562,985,399.3573769527737,208.0902758024091,1.9143488344983095,pass,watch,pass,pass,pass,1.9571653261565023,1.9571653261565023,2.0446348174405086e-05,407.2682664827239,2165.2556019589115
80,60,320,20,1547,562,985,399.3573769527737,208.0902758024091,1.9143488344983095,pass,watch,pass,pass,pass,1.9571653261565023,1.9571653261565023,2.0446348174405086e-05,407.2682664827239,2165.2556019589115
80,50,120,14,1639,654,985,399.35737695277646,202.0535830667912,1.9715432456404138,pass,watch,watch,watch,pass,2.0156385940798205,2.0156385940798205,0.00022280905144309157,407.2682664827267,1002217.6921771466
80,50,120,16,1639,654,985,399.35737695277646,202.0535830667912,1.9715432456404138,pass,watch,watch,watch,pass,2.0156385940798205,2.0156385940798205,0.00022280905144309157,407.2682664827267,1002217.6921771466
80,50,120,20,1639,654,985,399.35737695277646,202.0535830667912,1.9715432456404138,pass,watch,watch,watch,pass,2.0156385940798205,2.0156385940798205,0.00022280905144309157,407.2682664827267,1002217.6921771466
80,50,150,14,1639,654,985,399.35737695277646,202.0535830667912,1.9715432456404138,pass,watch,watch,watch,pass,2.0156385940798205,2.0156385940798205,0.00022280905144309157,407.2682664827267,1002217.6921771466
80,50,150,16,1639,654,985,399.35737695277646,202.0535830667912,1.9715432456404138,pass,watch,watch,watch,pass,2.0156385940798205,2.0156385940798205,0.00022280905144309157,407.2682664827267,1002217.6921771466
80,50,150,20,1639,654,985,399.35737695277646,202.0535830667912,1.9715432456404138,pass,watch,watch,watch,pass,2.0156385940798205,2.0156385940798205,0.00022280905144309157,407.2682664827267,1002217.6921771466
80,50,180,14,1639,654,985,399.35737695277646,202.0535830667912,1.9715432456404138,pass,watch,watch,watch,pass,2.0156385940798205,2.0156385940798205,0.00022280905144309157,407.2682664827267,1002217.6921771466
80,50,180,16,1639,654,985,399.35737695277646,202.0535830667912,1.9715432456404138,pass,watch,watch,watch,pass,2.0156385940798205,2.0156385940798205,0.00022280905144309157,407.2682664827267,1002217.6921771466
80,50,180,20,1639,654,985,399.35737695277646,202.0535830667912,1.9715432456404138,pass,watch,watch,watch,pass,2.0156385940798205,2.0156385940798205,0.00022280905144309157,407.2682664827267,1002217.6921771466
80,50,220,14,1639,654,985,399.35737695277646,202.0535830667912,1.9715432456404138,pass,watch,watch,watch,pass,2.0156385940798205,2.0156385940798205,0.00022280905144309157,407.2682664827267,1002217.6921771466
80,50,220,16,1639,654,985,399.35737695277646,202.0535830667912,1.9715432456404138,pass,watch,watch,watch,pass,2.0156385940798205,2.0156385940798205,0.00022280905144309157,407.2682664827267,1002217.6921771466
80,50,220,20,1639,654,985,399.35737695277646,202.0535830667912,1.9715432456404138,pass,watch,watch,watch,pass,2.0156385940798205,2.0156385940798205,0.00022280905144309157,407.2682664827267,1002217.6921771466
80,50,260,14,1639,654,985,399.35737695277646,202.0535830667912,1.9715432456404138,pass,watch,watch,watch,pass,2.0156385940798205,2.0156385940798205,0.00022280905144309157,407.2682664827267,1002217.6921771466
80,50,260,16,1639,654,985,399.35737695277646,202.0535830667912,1.9715432456404138,pass,watch,watch,watch,pass,2.0156385940798205,2.0156385940798205,0.00022280905144309157,407.2682664827267,1002217.6921771466
80,50,260,20,1639,654,985,399.35737695277646,202.0535830667912,1.9715432456404138,pass,watch,watch,watch,pass,2.0156385940798205,2.0156385940798205,0.00022280905144309157,407.2682664827267,1002217.6921771466
80,50,320,14,1639,654,985,399.35737695277646,202.0535830667912,1.9715432456404138,pass,watch,watch,watch,pass,2.0156385940798205,2.0156385940798205,0.00022280905144309157,407.2682664827267,1002217.6921771466
80,50,320,16,1639,654,985,399.35737695277646,202.0535830667912,1.9715432456404138,pass,watch,watch,watch,pass,2.0156385940798205,2.0156385940798205,0.00022280905144309157,407.2682664827267,1002217.6921771466
80,50,320,20,1639,654,985,399.35737695277646,202.0535830667912,1.9715432456404138,pass,watch,watch,watch,pass,2.0156385940798205,2.0156385940798205,0.00022280905144309157,407.2682664827267,1002217.6921771466
80,60,120,8,1547,562,985,408.99604001315544,206.17960190350735,1.9788380433681252,pass,watch,watch,watch,pass,2.022051069587811,2.022051069587811,0.00011467078909879416,416.90692954310566,1002228.2306714914
80,60,150,8,1547,562,985,408.99604001315544,206.17960190350735,1.9788380433681252,pass,watch,watch,watch,pass,2.022051069587811,2.022051069587811,0.00011467078909879416,416.90692954310566,1002228.2306714914
80,60,180,8,1547,562,985,408.99604001315544,206.17960190350735,1.9788380433681252,pass,watch,watch,watch,pass,2.022051069587811,2.022051069587811,0.00011467078909879416,416.90692954310566,1002228.2306714914
80,60,220,8,1547,562,985,408.99604001315544,206.17960190350735,1.9788380433681252,pass,watch,watch,watch,pass,2.022051069587811,2.022051069587811,0.00011467078909879416,416.90692954310566,1002228.2306714914
80,60,260,8,1547,562,985,408.99604001315544,206.17960190350735,1.9788380433681252,pass,watch,watch,watch,pass,2.022051069587811,2.022051069587811,0.00011467078909879416,416.90692954310566,1002228.2306714914
80,60,320,8,1547,562,985,408.99604001315544,206.17960190350735,1.9788380433681252,pass,watch,watch,watch,pass,2.022051069587811,2.022051069587811,0.00011467078909879416,416.90692954310566,1002228.2306714914
90,60,120,8,1449,562,887,434.0193807962144,217.4090939968653,1.9917261639591668,pass,watch,watch,watch,pass,2.0327074424426104,2.0327074424426104,0.00011317224859431032,441.93027032616465,1002250.1165364395
90,60,150,8,1449,562,887,434.0193807962144,217.4090939968653,1.9917261639591668,pass,watch,watch,watch,pass,2.0327074424426104,2.0327074424426104,0.00011317224859431032,441.93027032616465,1002250.1165364395
90,60,180,8,1449,562,887,434.0193807962144,217.4090939968653,1.9917261639591668,pass,watch,watch,watch,pass,2.0327074424426104,2.0327074424426104,0.00011317224859431032,441.93027032616465,1002250.1165364395
90,60,220,8,1449,562,887,434.0193807962144,217.4090939968653,1.9917261639591668,pass,watch,watch,watch,pass,2.0327074424426104,2.0327074424426104,0.00011317224859431032,441.93027032616465,1002250.1165364395
90,60,260,8,1449,562,887,434.0193807962144,217.4090939968653,1.9917261639591668,pass,watch,watch,watch,pass,2.0327074424426104,2.0327074424426104,0.00011317224859431032,441.93027032616465,1002250.1165364395
90,60,320,8,1449,562,887,434.0193807962144,217.4090939968653,1.9917261639591668,pass,watch,watch,watch,pass,2.0327074424426104,2.0327074424426104,0.00011317224859431032,441.93027032616465,1002250.1165364395
90,60,120,14,1449,562,887,441.3237065423803,219.38304367142072,2.007099998128715,pass,watch,watch,watch,pass,2.0477125471823507,2.0477125471823507,2.1780745447334264e-05,449.23459607233053,1002267.0955908537
90,60,120,16,1449,562,887,441.3237065423803,219.38304367142072,2.007099998128715,pass,watch,watch,watch,pass,2.0477125471823507,2.0477125471823507,2.1780745447334264e-05,449.23459607233053,1002267.0955908537
90,60,120,20,1449,562,887,441.3237065423803,219.38304367142072,2.007099998128715,pass,watch,watch,watch,pass,2.0477125471823507,2.0477125471823507,2.1780745447334264e-05,449.23459607233053,1002267.0955908537
90,60,150,14,1449,562,887,441.3237065423803,219.38304367142072,2.007099998128715,pass,watch,watch,watch,pass,2.0477125471823507,2.0477125471823507,2.1780745447334264e-05,449.23459607233053,1002267.0955908537
90,60,150,16,1449,562,887,441.3237065423803,219.38304367142072,2.007099998128715,pass,watch,watch,watch,pass,2.0477125471823507,2.0477125471823507,2.1780745447334264e-05,449.23459607233053,1002267.0955908537
90,60,150,20,1449,562,887,441.3237065423803,219.38304367142072,2.007099998128715,pass,watch,watch,watch,pass,2.0477125471823507,2.0477125471823507,2.1780745447334264e-05,449.23459607233053,1002267.0955908537
90,60,180,14,1449,562,887,441.3237065423803,219.38304367142072,2.007099998128715,pass,watch,watch,watch,pass,2.0477125471823507,2.0477125471823507,2.1780745447334264e-05,449.23459607233053,1002267.0955908537
90,60,180,16,1449,562,887,441.3237065423803,219.38304367142072,2.007099998128715,pass,watch,watch,watch,pass,2.0477125471823507,2.0477125471823507,2.1780745447334264e-05,449.23459607233053,1002267.0955908537
90,60,180,20,1449,562,887,441.3237065423803,219.38304367142072,2.007099998128715,pass,watch,watch,watch,pass,2.0477125471823507,2.0477125471823507,2.1780745447334264e-05,449.23459607233053,1002267.0955908537
90,60,220,14,1449,562,887,441.3237065423803,219.38304367142072,2.007099998128715,pass,watch,watch,watch,pass,2.0477125471823507,2.0477125471823507,2.1780745447334264e-05,449.23459607233053,1002267.0955908537
90,60,220,16,1449,562,887,441.3237065423803,219.38304367142072,2.007099998128715,pass,watch,watch,watch,pass,2.0477125471823507,2.0477125471823507,2.1780745447334264e-05,449.23459607233053,1002267.0955908537
90,60,220,20,1449,562,887,441.3237065423803,219.38304367142072,2.007099998128715,pass,watch,watch,watch,pass,2.0477125471823507,2.0477125471823507,2.1780745447334264e-05,449.23459607233053,1002267.0955908537
90,60,260,14,1449,562,887,441.3237065423803,219.38304367142072,2.007099998128715,pass,watch,watch,watch,pass,2.0477125471823507,2.0477125471823507,2.1780745447334264e-05,449.23459607233053,1002267.0955908537
90,60,260,16,1449,562,887,441.3237065423803,219.38304367142072,2.007099998128715,pass,watch,watch,watch,pass,2.0477125471823507,2.0477125471823507,2.1780745447334264e-05,449.23459607233053,1002267.0955908537
90,60,260,20,1449,562,887,441.3237065423803,219.38304367142072,2.007099998128715,pass,watch,watch,watch,pass,2.0477125471823507,2.0477125471823507,2.1780745447334264e-05,449.23459607233053,1002267.0955908537
90,60,320,14,1449,562,887,441.3237065423803,219.38304367142072,2.007099998128715,pass,watch,watch,watch,pass,2.0477125471823507,2.0477125471823507,2.1780745447334264e-05,449.23459607233053,1002267.0955908537
90,60,320,16,1449,562,887,441.3237065423803,219.38304367142072,2.007099998128715,pass,watch,watch,watch,pass,2.0477125471823507,2.0477125471823507,2.1780745447334264e-05,449.23459607233053,1002267.0955908537
90,60,320,20,1449,562,887,441.3237065423803,219.38304367142072,2.007099998128715,pass,watch,watch,watch,pass,2.0477125471823507,2.0477125471823507,2.1780745447334264e-05,449.23459607233053,1002267.0955908537
80,60,120,12,1547,562,985,419.9513492892436,207.71431574357277,2.016959436760473,pass,watch,watch,watch,pass,2.059853113139232,2.059853113139232,1.5425157022685333e-05,427.8622388191938,1002267.5674288828
80,60,150,12,1547,562,985,419.9513492892436,207.71431574357277,2.016959436760473,pass,watch,watch,watch,pass,2.059853113139232,2.059853113139232,1.5425157022685333e-05,427.8622388191938,1002267.5674288828
80,60,180,12,1547,562,985,419.9513492892436,207.71431574357277,2.016959436760473,pass,watch,watch,watch,pass,2.059853113139232,2.059853113139232,1.5425157022685333e-05,427.8622388191938,1002267.5674288828
80,60,220,12,1547,562,985,419.9513492892436,207.71431574357277,2.016959436760473,pass,watch,watch,watch,pass,2.059853113139232,2.059853113139232,1.5425157022685333e-05,427.8622388191938,1002267.5674288828
80,60,260,12,1547,562,985,419.9513492892436,207.71431574357277,2.016959436760473,pass,watch,watch,watch,pass,2.059853113139232,2.059853113139232,1.5425157022685333e-05,427.8622388191938,1002267.5674288828
80,60,320,12,1547,562,985,419.9513492892436,207.71431574357277,2.016959436760473,pass,watch,watch,watch,pass,2.059853113139232,2.059853113139232,1.5425157022685333e-05,427.8622388191938,1002267.5674288828
80,50,120,8,1639,654,985,408.9960400131475,200.2358303398483,2.0375775869917,pass,watch,watch,watch,pass,2.0820729678595127,2.0820729678595127,0.00010822490193382255,416.9069295430977,1002282.3087981994
80,50,150,8,1639,654,985,408.9960400131475,200.2358303398483,2.0375775869917,pass,watch,watch,watch,pass,2.0820729678595127,2.0820729678595127,0.00010822490193382255,416.9069295430977,1002282.3087981994
80,50,180,8,1639,654,985,408.9960400131475,200.2358303398483,2.0375775869917,pass,watch,watch,watch,pass,2.0820729678595127,2.0820729678595127,0.00010822490193382255,416.9069295430977,1002282.3087981994
80,50,220,8,1639,654,985,408.9960400131475,200.2358303398483,2.0375775869917,pass,watch,watch,watch,pass,2.0820729678595127,2.0820729678595127,0.00010822490193382255,416.9069295430977,1002282.3087981994
80,50,260,8,1639,654,985,408.9960400131475,200.2358303398483,2.0375775869917,pass,watch,watch,watch,pass,2.0820729678595127,2.0820729678595127,0.00010822490193382255,416.9069295430977,1002282.3087981994
80,50,320,8,1639,654,985,408.9960400131475,200.2358303398483,2.0375775869917,pass,watch,watch,watch,pass,2.0820729678595127,2.0820729678595127,0.00010822490193382255,416.9069295430977,1002282.3087981994
80,40,120,14,1763,778,985,399.3573769527705,194.69074080648156,2.0461033498697776,pass,watch,watch,watch,pass,2.0918658012158526,2.0918658012158526,0.00010027626090445075,407.2682664827207,1002286.5565420224
80,40,120,16,1763,778,985,399.3573769527705,194.69074080648156,2.0461033498697776,pass,watch,watch,watch,pass,2.0918658012158526,2.0918658012158526,0.00010027626090445075,407.2682664827207,1002286.5565420224
80,40,120,20,1763,778,985,399.3573769527705,194.69074080648156,2.0461033498697776,pass,watch,watch,watch,pass,2.0918658012158526,2.0918658012158526,0.00010027626090445075,407.2682664827207,1002286.5565420224
80,40,150,14,1763,778,985,399.3573769527705,194.69074080648156,2.0461033498697776,pass,watch,watch,watch,pass,2.0918658012158526,2.0918658012158526,0.00010027626090445075,407.2682664827207,1002286.5565420224
80,40,150,16,1763,778,985,399.3573769527705,194.69074080648156,2.0461033498697776,pass,watch,watch,watch,pass,2.0918658012158526,2.0918658012158526,0.00010027626090445075,407.2682664827207,1002286.5565420224
80,40,150,20,1763,778,985,399.3573769527705,194.69074080648156,2.0461033498697776,pass,watch,watch,watch,pass,2.0918658012158526,2.0918658012158526,0.00010027626090445075,407.2682664827207,1002286.5565420224
80,40,180,14,1763,778,985,399.3573769527705,194.69074080648156,2.0461033498697776,pass,watch,watch,watch,pass,2.0918658012158526,2.0918658012158526,0.00010027626090445075,407.2682664827207,1002286.5565420224
80,40,180,16,1763,778,985,399.3573769527705,194.69074080648156,2.0461033498697776,pass,watch,watch,watch,pass,2.0918658012158526,2.0918658012158526,0.00010027626090445075,407.2682664827207,1002286.5565420224
80,40,180,20,1763,778,985,399.3573769527705,194.69074080648156,2.0461033498697776,pass,watch,watch,watch,pass,2.0918658012158526,2.0918658012158526,0.00010027626090445075,407.2682664827207,1002286.5565420224
80,40,220,14,1763,778,985,399.3573769527705,194.69074080648156,2.0461033498697776,pass,watch,watch,watch,pass,2.0918658012158526,2.0918658012158526,0.00010027626090445075,407.2682664827207,1002286.5565420224
80,40,220,16,1763,778,985,399.3573769527705,194.69074080648156,2.0461033498697776,pass,watch,watch,watch,pass,2.0918658012158526,2.0918658012158526,0.00010027626090445075,407.2682664827207,1002286.5565420224
80,40,220,20,1763,778,985,399.3573769527705,194.69074080648156,2.0461033498697776,pass,watch,watch,watch,pass,2.0918658012158526,2.0918658012158526,0.00010027626090445075,407.2682664827207,1002286.5565420224
80,40,260,14,1763,778,985,399.3573769527705,194.69074080648156,2.0461033498697776,pass,watch,watch,watch,pass,2.0918658012158526,2.0918658012158526,0.00010027626090445075,407.2682664827207,1002286.5565420224
80,40,260,16,1763,778,985,399.3573769527705,194.69074080648156,2.0461033498697776,pass,watch,watch,watch,pass,2.0918658012158526,2.0918658012158526,0.00010027626090445075,407.2682664827207,1002286.5565420224
80,40,260,20,1763,778,985,399.3573769527705,194.69074080648156,2.0461033498697776,pass,watch,watch,watch,pass,2.0918658012158526,2.0918658012158526,0.00010027626090445075,407.2682664827207,1002286.5565420224
80,40,320,14,1763,778,985,399.3573769527705,194.69074080648156,2.0461033498697776,pass,watch,watch,watch,pass,2.0918658012158526,2.0918658012158526,0.00010027626090445075,407.2682664827207,1002286.5565420224
80,40,320,16,1763,778,985,399.3573769527705,194.69074080648156,2.0461033498697776,pass,watch,watch,watch,pass,2.0918658012158526,2.0918658012158526,0.00010027626090445075,407.2682664827207,1002286.5565420224
80,40,320,20,1763,778,985,399.3573769527705,194.69074080648156,2.0461033498697776,pass,watch,watch,watch,pass,2.0918658012158526,2.0918658012158526,0.00010027626090445075,407.2682664827207,1002286.5565420224
90,60,120,12,1449,562,887,447.68913032370745,219.09225039325207,2.038817573519548,pass,watch,watch,watch,pass,2.0794839349498506,2.0794839349498506,1.6770828973717216e-05,455.60001985365767,1002298.5761853431
90,60,150,12,1449,562,887,447.68913032370745,219.09225039325207,2.038817573519548,pass,watch,watch,watch,pass,2.0794839349498506,2.0794839349498506,1.6770828973717216e-05,455.60001985365767,1002298.5761853431
90,60,180,12,1449,562,887,447.68913032370745,219.09225039325207,2.038817573519548,pass,watch,watch,watch,pass,2.0794839349498506,2.0794839349498506,1.6770828973717216e-05,455.60001985365767,1002298.5761853431
90,60,220,12,1449,562,887,447.68913032370745,219.09225039325207,2.038817573519548,pass,watch,watch,watch,pass,2.0794839349498506,2.0794839349498506,1.6770828973717216e-05,455.60001985365767,1002298.5761853431
90,60,260,12,1449,562,887,447.68913032370745,219.09225039325207,2.038817573519548,pass,watch,watch,watch,pass,2.0794839349498506,2.0794839349498506,1.6770828973717216e-05,455.60001985365767,1002298.5761853431
90,60,320,12,1449,562,887,447.68913032370745,219.09225039325207,2.038817573519548,pass,watch,watch,watch,pass,2.0794839349498506,2.0794839349498506,1.6770828973717216e-05,455.60001985365767,1002298.5761853431
90,50,120,8,1541,654,887,434.01938079621453,210.73138228025684,2.054840508853738,pass,watch,watch,watch,pass,2.097120050306729,2.097120050306729,0.00010997209513614409,441.93027032616476,1002307.851432587
90,50,150,8,1541,654,887,434.01938079621453,210.73138228025684,2.054840508853738,pass,watch,watch,watch,pass,2.097120050306729,2.097120050306729,0.00010997209513614409,441.93027032616476,1002307.851432587
90,50,180,8,1541,654,887,434.01938079621453,210.73138228025684,2.054840508853738,pass,watch,watch,watch,pass,2.097120050306729,2.097120050306729,0.00010997209513614409,441.93027032616476,1002307.851432587
90,50,220,8,1541,654,887,434.01938079621453,210.73138228025684,2.054840508853738,pass,watch,watch,watch,pass,2.097120050306729,2.097120050306729,0.00010997209513614409,441.93027032616476,1002307.851432587
90,50,260,8,1541,654,887,434.01938079621453,210.73138228025684,2.054840508853738,pass,watch,watch,watch,pass,2.097120050306729,2.097120050306729,0.00010997209513614409,441.93027032616476,1002307.851432587
90,50,320,8,1541,654,887,434.01938079621453,210.73138228025684,2.054840508853738,pass,watch,watch,watch,pass,2.097120050306729,2.097120050306729,0.00010997209513614409,441.93027032616476,1002307.851432587
80,60,120,10,1547,562,985,428.30235125481215,206.2797940805806,2.07146973924112,pass,watch,watch,watch,pass,2.114661503099633,2.114661503099633,0.00012762396454425878,436.2132407847624,1002320.9412971801
80,60,150,10,1547,562,985,428.30235125481215,206.2797940805806,2.07146973924112,pass,watch,watch,watch,pass,2.114661503099633,2.114661503099633,0.00012762396454425878,436.2132407847624,1002320.9412971801
80,60,180,10,1547,562,985,428.30235125481215,206.2797940805806,2.07146973924112,pass,watch,watch,watch,pass,2.114661503099633,2.114661503099633,0.00012762396454425878,436.2132407847624,1002320.9412971801
80,60,220,10,1547,562,985,428.30235125481215,206.2797940805806,2.07146973924112,pass,watch,watch,watch,pass,2.114661503099633,2.114661503099633,0.00012762396454425878,436.2132407847624,1002320.9412971801
80,60,260,10,1547,562,985,428.30235125481215,206.2797940805806,2.07146973924112,pass,watch,watch,watch,pass,2.114661503099633,2.114661503099633,0.00012762396454425878,436.2132407847624,1002320.9412971801
80,60,320,10,1547,562,985,428.30235125481215,206.2797940805806,2.07146973924112,pass,watch,watch,watch,pass,2.114661503099633,2.114661503099633,0.00012762396454425878,436.2132407847624,1002320.9412971801
80,50,120,12,1639,654,985,419.9513492892484,201.69612200813418,2.0771413209042886,pass,watch,watch,watch,pass,2.1213144775529926,2.1213144775529926,0.0002168755018216444,427.86223881919864,1002323.0105995612
80,50,150,12,1639,654,985,419.9513492892484,201.69612200813418,2.0771413209042886,pass,watch,watch,watch,pass,2.1213144775529926,2.1213144775529926,0.0002168755018216444,427.86223881919864,1002323.0105995612
80,50,180,12,1639,654,985,419.9513492892484,201.69612200813418,2.0771413209042886,pass,watch,watch,watch,pass,2.1213144775529926,2.1213144775529926,0.0002168755018216444,427.86223881919864,1002323.0105995612
80,50,220,12,1639,654,985,419.9513492892484,201.69612200813418,2.0771413209042886,pass,watch,watch,watch,pass,2.1213144775529926,2.1213144775529926,0.0002168755018216444,427.86223881919864,1002323.0105995612
80,50,260,12,1639,654,985,419.9513492892484,201.69612200813418,2.0771413209042886,pass,watch,watch,watch,pass,2.1213144775529926,2.1213144775529926,0.0002168755018216444,427.86223881919864,1002323.0105995612
80,50,320,12,1639,654,985,419.9513492892484,201.69612200813418,2.0771413209042886,pass,watch,watch,watch,pass,2.1213144775529926,2.1213144775529926,0.0002168755018216444,427.86223881919864,1002323.0105995612
90,50,120,14,1541,654,887,441.3237065423821,212.5993955059714,2.0711427964996942,pass,watch,watch,watch,pass,2.1130508545119526,2.1130508545119526,0.000224602347433834,449.23459607233235,1002325.6502500179
90,50,120,16,1541,654,887,441.3237065423821,212.5993955059714,2.0711427964996942,pass,watch,watch,watch,pass,2.1130508545119526,2.1130508545119526,0.000224602347433834,449.23459607233235,1002325.6502500179
90,50,120,20,1541,654,887,441.3237065423821,212.5993955059714,2.0711427964996942,pass,watch,watch,watch,pass,2.1130508545119526,2.1130508545119526,0.000224602347433834,449.23459607233235,1002325.6502500179
90,50,150,14,1541,654,887,441.3237065423821,212.5993955059714,2.0711427964996942,pass,watch,watch,watch,pass,2.1130508545119526,2.1130508545119526,0.000224602347433834,449.23459607233235,1002325.6502500179
90,50,150,16,1541,654,887,441.3237065423821,212.5993955059714,2.0711427964996942,pass,watch,watch,watch,pass,2.1130508545119526,2.1130508545119526,0.000224602347433834,449.23459607233235,1002325.6502500179
90,50,150,20,1541,654,887,441.3237065423821,212.5993955059714,2.0711427964996942,pass,watch,watch,watch,pass,2.1130508545119526,2.1130508545119526,0.000224602347433834,449.23459607233235,1002325.6502500179
90,50,180,14,1541,654,887,441.3237065423821,212.5993955059714,2.0711427964996942,pass,watch,watch,watch,pass,2.1130508545119526,2.1130508545119526,0.000224602347433834,449.23459607233235,1002325.6502500179
90,50,180,16,1541,654,887,441.3237065423821,212.5993955059714,2.0711427964996942,pass,watch,watch,watch,pass,2.1130508545119526,2.1130508545119526,0.000224602347433834,449.23459607233235,1002325.6502500179
90,50,180,20,1541,654,887,441.3237065423821,212.5993955059714,2.0711427964996942,pass,watch,watch,watch,pass,2.1130508545119526,2.1130508545119526,0.000224602347433834,449.23459607233235,1002325.6502500179
90,50,220,14,1541,654,887,441.3237065423821,212.5993955059714,2.0711427964996942,pass,watch,watch,watch,pass,2.1130508545119526,2.1130508545119526,0.000224602347433834,449.23459607233235,1002325.6502500179
90,50,220,16,1541,654,887,441.3237065423821,212.5993955059714,2.0711427964996942,pass,watch,watch,watch,pass,2.1130508545119526,2.1130508545119526,0.000224602347433834,449.23459607233235,1002325.6502500179
90,50,220,20,1541,654,887,441.3237065423821,212.5993955059714,2.0711427964996942,pass,watch,watch,watch,pass,2.1130508545119526,2.1130508545119526,0.000224602347433834,449.23459607233235,1002325.6502500179
90,50,260,14,1541,654,887,441.3237065423821,212.5993955059714,2.0711427964996942,pass,watch,watch,watch,pass,2.1130508545119526,2.1130508545119526,0.000224602347433834,449.23459607233235,1002325.6502500179
90,50,260,16,1541,654,887,441.3237065423821,212.5993955059714,2.0711427964996942,pass,watch,watch,watch,pass,2.1130508545119526,2.1130508545119526,0.000224602347433834,449.23459607233235,1002325.6502500179
90,50,260,20,1541,654,887,441.3237065423821,212.5993955059714,2.0711427964996942,pass,watch,watch,watch,pass,2.1130508545119526,2.1130508545119526,0.000224602347433834,449.23459607233235,1002325.6502500179
90,50,320,14,1541,654,887,441.3237065423821,212.5993955059714,2.0711427964996942,pass,watch,watch,watch,pass,2.1130508545119526,2.1130508545119526,0.000224602347433834,449.23459607233235,1002325.6502500179
90,50,320,16,1541,654,887,441.3237065423821,212.5993955059714,2.0711427964996942,pass,watch,watch,watch,pass,2.1130508545119526,2.1130508545119526,0.000224602347433834,449.23459607233235,1002325.6502500179
90,50,320,20,1541,654,887,441.3237065423821,212.5993955059714,2.0711427964996942,pass,watch,watch,watch,pass,2.1130508545119526,2.1130508545119526,0.000224602347433834,449.23459607233235,1002325.6502500179
80,40,120,8,1763,778,985,408.9960400131584,192.98187623845163,2.1141676512100633,pass,watch,watch,watch,pass,2.1603350354713684,2.1603350354713684,0.00019945178959679318,416.9069295431086,1002353.3169117098
80,40,150,8,1763,778,985,408.9960400131584,192.98187623845163,2.1141676512100633,pass,watch,watch,watch,pass,2.1603350354713684,2.1603350354713684,0.00019945178959679318,416.9069295431086,1002353.3169117098
80,40,180,8,1763,778,985,408.9960400131584,192.98187623845163,2.1141676512100633,pass,watch,watch,watch,pass,2.1603350354713684,2.1603350354713684,0.00019945178959679318,416.9069295431086,1002353.3169117098
80,40,220,8,1763,778,985,408.9960400131584,192.98187623845163,2.1141676512100633,pass,watch,watch,watch,pass,2.1603350354713684,2.1603350354713684,0.00019945178959679318,416.9069295431086,1002353.3169117098
80,40,260,8,1763,778,985,408.9960400131584,192.98187623845163,2.1141676512100633,pass,watch,watch,watch,pass,2.1603350354713684,2.1603350354713684,0.00019945178959679318,416.9069295431086,1002353.3169117098
80,40,320,8,1763,778,985,408.9960400131584,192.98187623845163,2.1141676512100633,pass,watch,watch,watch,pass,2.1603350354713684,2.1603350354713684,0.00019945178959679318,416.9069295431086,1002353.3169117098
90,60,120,10,1449,562,887,456.63683555411205,217.3387692013211,2.0964360717992987,pass,watch,watch,watch,pass,2.137430327480493,2.137430327480493,0.00012621672833528402,464.5477250840623,1002354.7690966818
90,60,150,10,1449,562,887,456.63683555411205,217.3387692013211,2.0964360717992987,pass,watch,watch,watch,pass,2.137430327480493,2.137430327480493,0.00012621672833528402,464.5477250840623,1002354.7690966818
90,60,180,10,1449,562,887,456.63683555411205,217.3387692013211,2.0964360717992987,pass,watch,watch,watch,pass,2.137430327480493,2.137430327480493,0.00012621672833528402,464.5477250840623,1002354.7690966818
90,60,220,10,1449,562,887,456.63683555411205,217.3387692013211,2.0964360717992987,pass,watch,watch,watch,pass,2.137430327480493,2.137430327480493,0.00012621672833528402,464.5477250840623,1002354.7690966818
90,60,260,10,1449,562,887,456.63683555411205,217.3387692013211,2.0964360717992987,pass,watch,watch,watch,pass,2.137430327480493,2.137430327480493,0.00012621672833528402,464.5477250840623,1002354.7690966818
90,60,320,10,1449,562,887,456.63683555411205,217.3387692013211,2.0964360717992987,pass,watch,watch,watch,pass,2.137430327480493,2.137430327480493,0.00012621672833528402,464.5477250840623,1002354.7690966818
90,50,120,12,1541,654,887,447.689130323702,212.3266919284958,2.103782271868726,pass,watch,watch,watch,pass,2.145744055157498,2.145744055157498,0.00021880604206285476,455.6000198536522,1002358.0707470861
90,50,150,12,1541,654,887,447.689130323702,212.3266919284958,2.103782271868726,pass,watch,watch,watch,pass,2.145744055157498,2.145744055157498,0.00021880604206285476,455.6000198536522,1002358.0707470861
90,50,180,12,1541,654,887,447.689130323702,212.3266919284958,2.103782271868726,pass,watch,watch,watch,pass,2.145744055157498,2.145744055157498,0.00021880604206285476,455.6000198536522,1002358.0707470861
90,50,220,12,1541,654,887,447.689130323702,212.3266919284958,2.103782271868726,pass,watch,watch,watch,pass,2.145744055157498,2.145744055157498,0.00021880604206285476,455.6000198536522,1002358.0707470861
90,50,260,12,1541,654,887,447.689130323702,212.3266919284958,2.103782271868726,pass,watch,watch,watch,pass,2.145744055157498,2.145744055157498,0.00021880604206285476,455.6000198536522,1002358.0707470861
90,50,320,12,1541,654,887,447.689130323702,212.3266919284958,2.103782271868726,pass,watch,watch,watch,pass,2.145744055157498,2.145744055157498,0.00021880604206285476,455.6000198536522,1002358.0707470861
80,50,120,10,1639,654,985,428.3023512548143,200.31818643624564,2.13311811002647,pass,watch,watch,watch,pass,2.1775948981868933,2.1775948981868933,6.865566455039411e-05,436.21324078476454,1002377.913084623
80,50,150,10,1639,654,985,428.3023512548143,200.31818643624564,2.13311811002647,pass,watch,watch,watch,pass,2.1775948981868933,2.1775948981868933,6.865566455039411e-05,436.21324078476454,1002377.913084623
80,50,180,10,1639,654,985,428.3023512548143,200.31818643624564,2.13311811002647,pass,watch,watch,watch,pass,2.1775948981868933,2.1775948981868933,6.865566455039411e-05,436.21324078476454,1002377.913084623
80,50,220,10,1639,654,985,428.3023512548143,200.31818643624564,2.13311811002647,pass,watch,watch,watch,pass,2.1775948981868933,2.1775948981868933,6.865566455039411e-05,436.21324078476454,1002377.913084623
80,50,260,10,1639,654,985,428.3023512548143,200.31818643624564,2.13311811002647,pass,watch,watch,watch,pass,2.1775948981868933,2.1775948981868933,6.865566455039411e-05,436.21324078476454,1002377.913084623
80,50,320,10,1639,654,985,428.3023512548143,200.31818643624564,2.13311811002647,pass,watch,watch,watch,pass,2.1775948981868933,2.1775948981868933,6.865566455039411e-05,436.21324078476454,1002377.913084623
90,40,120,8,1665,778,887,434.01938079621624,202.63332574027046,2.136960340626536,pass,watch,watch,watch,pass,2.1809290372274166,2.1809290372274166,0.00019860369378337601,441.93027032616646,1002383.5623629676
90,40,150,8,1665,778,887,434.01938079621624,202.63332574027046,2.136960340626536,pass,watch,watch,watch,pass,2.1809290372274166,2.1809290372274166,0.00019860369378337601,441.93027032616646,1002383.5623629676
90,40,180,8,1665,778,887,434.01938079621624,202.63332574027046,2.136960340626536,pass,watch,watch,watch,pass,2.1809290372274166,2.1809290372274166,0.00019860369378337601,441.93027032616646,1002383.5623629676
90,40,220,8,1665,778,887,434.01938079621624,202.63332574027046,2.136960340626536,pass,watch,watch,watch,pass,2.1809290372274166,2.1809290372274166,0.00019860369378337601,441.93027032616646,1002383.5623629676
90,40,260,8,1665,778,887,434.01938079621624,202.63332574027046,2.136960340626536,pass,watch,watch,watch,pass,2.1809290372274166,2.1809290372274166,0.00019860369378337601,441.93027032616646,1002383.5623629676
90,40,320,8,1665,778,887,434.01938079621624,202.63332574027046,2.136960340626536,pass,watch,watch,watch,pass,2.1809290372274166,2.1809290372274166,0.00019860369378337601,441.93027032616646,1002383.5623629676
80,40,120,12,1763,778,985,419.9513492892454,194.35493806990308,2.155599201387733,pass,watch,watch,watch,pass,2.2014403398496656,2.2014403398496656,9.973355091091132e-05,427.8622388191956,1002395.7952779196
80,40,150,12,1763,778,985,419.9513492892454,194.35493806990308,2.155599201387733,pass,watch,watch,watch,pass,2.2014403398496656,2.2014403398496656,9.973355091091132e-05,427.8622388191956,1002395.7952779196
80,40,180,12,1763,778,985,419.9513492892454,194.35493806990308,2.155599201387733,pass,watch,watch,watch,pass,2.2014403398496656,2.2014403398496656,9.973355091091132e-05,427.8622388191956,1002395.7952779196
80,40,220,12,1763,778,985,419.9513492892454,194.35493806990308,2.155599201387733,pass,watch,watch,watch,pass,2.2014403398496656,2.2014403398496656,9.973355091091132e-05,427.8622388191956,1002395.7952779196
80,40,260,12,1763,778,985,419.9513492892454,194.35493806990308,2.155599201387733,pass,watch,watch,watch,pass,2.2014403398496656,2.2014403398496656,9.973355091091132e-05,427.8622388191956,1002395.7952779196
80,40,320,12,1763,778,985,419.9513492892454,194.35493806990308,2.155599201387733,pass,watch,watch,watch,pass,2.2014403398496656,2.2014403398496656,9.973355091091132e-05,427.8622388191956,1002395.7952779196
80,30,120,14,1971,986,985,399.3573769527684,183.96356328539866,2.1654145518738512,pass,watch,watch,watch,pass,2.2138445870768857,2.2138445870768857,9.199998230527248e-05,407.2682664827186,1002397.8081503623
80,30,120,16,1971,986,985,399.3573769527684,183.96356328539866,2.1654145518738512,pass,watch,watch,watch,pass,2.2138445870768857,2.2138445870768857,9.199998230527248e-05,407.2682664827186,1002397.8081503623
80,30,120,20,1971,986,985,399.3573769527684,183.96356328539866,2.1654145518738512,pass,watch,watch,watch,pass,2.2138445870768857,2.2138445870768857,9.199998230527248e-05,407.2682664827186,1002397.8081503623
80,30,150,14,1971,986,985,399.3573769527684,183.96356328539866,2.1654145518738512,pass,watch,watch,watch,pass,2.2138445870768857,2.2138445870768857,9.199998230527248e-05,407.2682664827186,1002397.8081503623
80,30,150,16,1971,986,985,399.3573769527684,183.96356328539866,2.1654145518738512,pass,watch,watch,watch,pass,2.2138445870768857,2.2138445870768857,9.199998230527248e-05,407.2682664827186,1002397.8081503623
80,30,150,20,1971,986,985,399.3573769527684,183.96356328539866,2.1654145518738512,pass,watch,watch,watch,pass,2.2138445870768857,2.2138445870768857,9.199998230527248e-05,407.2682664827186,1002397.8081503623
80,30,180,14,1971,986,985,399.3573769527684,183.96356328539866,2.1654145518738512,pass,watch,watch,watch,pass,2.2138445870768857,2.2138445870768857,9.199998230527248e-05,407.2682664827186,1002397.8081503623
80,30,180,16,1971,986,985,399.3573769527684,183.96356328539866,2.1654145518738512,pass,watch,watch,watch,pass,2.2138445870768857,2.2138445870768857,9.199998230527248e-05,407.2682664827186,1002397.8081503623
80,30,180,20,1971,986,985,399.3573769527684,183.96356328539866,2.1654145518738512,pass,watch,watch,watch,pass,2.2138445870768857,2.2138445870768857,9.199998230527248e-05,407.2682664827186,1002397.8081503623
80,30,220,14,1971,986,985,399.3573769527684,183.96356328539866,2.1654145518738512,pass,watch,watch,watch,pass,2.2138445870768857,2.2138445870768857,9.199998230527248e-05,407.2682664827186,1002397.8081503623
80,30,220,16,1971,986,985,399.3573769527684,183.96356328539866,2.1654145518738512,pass,watch,watch,watch,pass,2.2138445870768857,2.2138445870768857,9.199998230527248e-05,407.2682664827186,1002397.8081503623
80,30,220,20,1971,986,985,399.3573769527684,183.96356328539866,2.1654145518738512,pass,watch,watch,watch,pass,2.2138445870768857,2.2138445870768857,9.199998230527248e-05,407.2682664827186,1002397.8081503623
80,30,260,14,1971,986,985,399.3573769527684,183.96356328539866,2.1654145518738512,pass,watch,watch,watch,pass,2.2138445870768857,2.2138445870768857,9.199998230527248e-05,407.2682664827186,1002397.8081503623
80,30,260,16,1971,986,985,399.3573769527684,183.96356328539866,2.1654145518738512,pass,watch,watch,watch,pass,2.2138445870768857,2.2138445870768857,9.199998230527248e-05,407.2682664827186,1002397.8081503623
80,30,260,20,1971,986,985,399.3573769527684,183.96356328539866,2.1654145518738512,pass,watch,watch,watch,pass,2.2138445870768857,2.2138445870768857,9.199998230527248e-05,407.2682664827186,1002397.8081503623
80,30,320,14,1971,986,985,399.3573769527684,183.96356328539866,2.1654145518738512,pass,watch,watch,watch,pass,2.2138445870768857,2.2138445870768857,9.199998230527248e-05,407.2682664827186,1002397.8081503623
80,30,320,16,1971,986,985,399.3573769527684,183.96356328539866,2.1654145518738512,pass,watch,watch,watch,pass,2.2138445870768857,2.2138445870768857,9.199998230527248e-05,407.2682664827186,1002397.8081503623
80,30,320,20,1971,986,985,399.3573769527684,183.96356328539866,2.1654145518738512,pass,watch,watch,watch,pass,2.2138445870768857,2.2138445870768857,9.199998230527248e-05,407.2682664827186,1002397.8081503623
90,40,120,14,1665,778,887,441.3237065423744,204.37858108074647,2.154451333471241,pass,watch,watch,watch,pass,2.198044572106762,2.198044572106762,9.916231158137462e-05,449.2345960723246,1002402.4231531875
90,40,120,16,1665,778,887,441.3237065423744,204.37858108074647,2.154451333471241,pass,watch,watch,watch,pass,2.198044572106762,2.198044572106762,9.916231158137462e-05,449.2345960723246,1002402.4231531875
90,40,120,20,1665,778,887,441.3237065423744,204.37858108074647,2.154451333471241,pass,watch,watch,watch,pass,2.198044572106762,2.198044572106762,9.916231158137462e-05,449.2345960723246,1002402.4231531875
90,40,150,14,1665,778,887,441.3237065423744,204.37858108074647,2.154451333471241,pass,watch,watch,watch,pass,2.198044572106762,2.198044572106762,9.916231158137462e-05,449.2345960723246,1002402.4231531875
90,40,150,16,1665,778,887,441.3237065423744,204.37858108074647,2.154451333471241,pass,watch,watch,watch,pass,2.198044572106762,2.198044572106762,9.916231158137462e-05,449.2345960723246,1002402.4231531875
90,40,150,20,1665,778,887,441.3237065423744,204.37858108074647,2.154451333471241,pass,watch,watch,watch,pass,2.198044572106762,2.198044572106762,9.916231158137462e-05,449.2345960723246,1002402.4231531875
90,40,180,14,1665,778,887,441.3237065423744,204.37858108074647,2.154451333471241,pass,watch,watch,watch,pass,2.198044572106762,2.198044572106762,9.916231158137462e-05,449.2345960723246,1002402.4231531875
90,40,180,16,1665,778,887,441.3237065423744,204.37858108074647,2.154451333471241,pass,watch,watch,watch,pass,2.198044572106762,2.198044572106762,9.916231158137462e-05,449.2345960723246,1002402.4231531875
90,40,180,20,1665,778,887,441.3237065423744,204.37858108074647,2.154451333471241,pass,watch,watch,watch,pass,2.198044572106762,2.198044572106762,9.916231158137462e-05,449.2345960723246,1002402.4231531875
90,40,220,14,1665,778,887,441.3237065423744,204.37858108074647,2.154451333471241,pass,watch,watch,watch,pass,2.198044572106762,2.198044572106762,9.916231158137462e-05,449.2345960723246,1002402.4231531875
90,40,220,16,1665,778,887,441.3237065423744,204.37858108074647,2.154451333471241,pass,watch,watch,watch,pass,2.198044572106762,2.198044572106762,9.916231158137462e-05,449.2345960723246,1002402.4231531875
90,40,220,20,1665,778,887,441.3237065423744,204.37858108074647,2.154451333471241,pass,watch,watch,watch,pass,2.198044572106762,2.198044572106762,9.916231158137462e-05,449.2345960723246,1002402.4231531875
90,40,260,14,1665,778,887,441.3237065423744,204.37858108074647,2.154451333471241,pass,watch,watch,watch,pass,2.198044572106762,2.198044572106762,9.916231158137462e-05,449.2345960723246,1002402.4231531875
90,40,260,16,1665,778,887,441.3237065423744,204.37858108074647,2.154451333471241,pass,watch,watch,watch,pass,2.198044572106762,2.198044572106762,9.916231158137462e-05,449.2345960723246,1002402.4231531875
90,40,260,20,1665,778,887,441.3237065423744,204.37858108074647,2.154451333471241,pass,watch,watch,watch,pass,2.198044572106762,2.198044572106762,9.916231158137462e-05,449.2345960723246,1002402.4231531875
90,40,320,14,1665,778,887,441.3237065423744,204.37858108074647,2.154451333471241,pass,watch,watch,watch,pass,2.198044572106762,2.198044572106762,9.916231158137462e-05,449.2345960723246,1002402.4231531875
90,40,320,16,1665,778,887,441.3237065423744,204.37858108074647,2.154451333471241,pass,watch,watch,watch,pass,2.198044572106762,2.198044572106762,9.916231158137462e-05,449.2345960723246,1002402.4231531875
90,40,320,20,1665,778,887,441.3237065423744,204.37858108074647,2.154451333471241,pass,watch,watch,watch,pass,2.198044572106762,2.198044572106762,9.916231158137462e-05,449.2345960723246,1002402.4231531875
90,50,120,10,1541,654,887,456.6368355541054,210.64533587985997,2.1630520972653984,pass,watch,watch,watch,pass,2.2053485973761493,2.2053485973761493,7.035482011396655e-05,464.5477250840556,1002415.993933256
90,50,150,10,1541,654,887,456.6368355541054,210.64533587985997,2.1630520972653984,pass,watch,watch,watch,pass,2.2053485973761493,2.2053485973761493,7.035482011396655e-05,464.5477250840556,1002415.993933256
90,50,180,10,1541,654,887,456.6368355541054,210.64533587985997,2.1630520972653984,pass,watch,watch,watch,pass,2.2053485973761493,2.2053485973761493,7.035482011396655e-05,464.5477250840556,1002415.993933256
90,50,220,10,1541,654,887,456.6368355541054,210.64533587985997,2.1630520972653984,pass,watch,watch,watch,pass,2.2053485973761493,2.2053485973761493,7.035482011396655e-05,464.5477250840556,1002415.993933256
90,50,260,10,1541,654,887,456.6368355541054,210.64533587985997,2.1630520972653984,pass,watch,watch,watch,pass,2.2053485973761493,2.2053485973761493,7.035482011396655e-05,464.5477250840556,1002415.993933256
90,50,320,10,1541,654,887,456.6368355541054,210.64533587985997,2.1630520972653984,pass,watch,watch,watch,pass,2.2053485973761493,2.2053485973761493,7.035482011396655e-05,464.5477250840556,1002415.993933256
90,40,120,12,1665,778,887,447.6891303237026,204.1266547859187,2.1882939824403405,pass,watch,watch,watch,pass,2.231940910870031,2.231940910870031,9.868697974491044e-05,455.60001985365284,1002436.0675656559
90,40,150,12,1665,778,887,447.6891303237026,204.1266547859187,2.1882939824403405,pass,watch,watch,watch,pass,2.231940910870031,2.231940910870031,9.868697974491044e-05,455.60001985365284,1002436.0675656559
90,40,180,12,1665,778,887,447.6891303237026,204.1266547859187,2.1882939824403405,pass,watch,watch,watch,pass,2.231940910870031,2.231940910870031,9.868697974491044e-05,455.60001985365284,1002436.0675656559
90,40,220,12,1665,778,887,447.6891303237026,204.1266547859187,2.1882939824403405,pass,watch,watch,watch,pass,2.231940910870031,2.231940910870031,9.868697974491044e-05,455.60001985365284,1002436.0675656559
90,40,260,12,1665,778,887,447.6891303237026,204.1266547859187,2.1882939824403405,pass,watch,watch,watch,pass,2.231940910870031,2.231940910870031,9.868697974491044e-05,455.60001985365284,1002436.0675656559
90,40,320,12,1665,778,887,447.6891303237026,204.1266547859187,2.1882939824403405,pass,watch,watch,watch,pass,2.231940910870031,2.231940910870031,9.868697974491044e-05,455.60001985365284,1002436.0675656559
80,40,120,10,1763,778,985,428.3023512548178,193.0442421418072,2.2134944120266917,pass,watch,watch,watch,pass,2.259646545282945,2.259646545282945,0.00022786786316696575,436.213240784768,1002452.6907874247
80,40,150,10,1763,778,985,428.3023512548178,193.0442421418072,2.2134944120266917,pass,watch,watch,watch,pass,2.259646545282945,2.259646545282945,0.00022786786316696575,436.213240784768,1002452.6907874247
80,40,180,10,1763,778,985,428.3023512548178,193.0442421418072,2.2134944120266917,pass,watch,watch,watch,pass,2.259646545282945,2.259646545282945,0.00022786786316696575,436.213240784768,1002452.6907874247
80,40,220,10,1763,778,985,428.3023512548178,193.0442421418072,2.2134944120266917,pass,watch,watch,watch,pass,2.259646545282945,2.259646545282945,0.00022786786316696575,436.213240784768,1002452.6907874247
80,40,260,10,1763,778,985,428.3023512548178,193.0442421418072,2.2134944120266917,pass,watch,watch,watch,pass,2.259646545282945,2.259646545282945,0.00022786786316696575,436.213240784768,1002452.6907874247
80,40,320,10,1763,778,985,428.3023512548178,193.0442421418072,2.2134944120266917,pass,watch,watch,watch,pass,2.259646545282945,2.259646545282945,0.00022786786316696575,436.213240784768,1002452.6907874247
80,30,120,8,1971,986,985,408.9960400131541,182.40493542759668,2.2367598719668575,pass,watch,watch,watch,pass,2.28560339053904,2.28560339053904,4.3772716806464405e-05,416.9069295431043,1002468.0083259667
80,30,150,8,1971,986,985,408.9960400131541,182.40493542759668,2.2367598719668575,pass,watch,watch,watch,pass,2.28560339053904,2.28560339053904,4.3772716806464405e-05,416.9069295431043,1002468.0083259667
80,30,180,8,1971,986,985,408.9960400131541,182.40493542759668,2.2367598719668575,pass,watch,watch,watch,pass,2.28560339053904,2.28560339053904,4.3772716806464405e-05,416.9069295431043,1002468.0083259667
80,30,220,8,1971,986,985,408.9960400131541,182.40493542759668,2.2367598719668575,pass,watch,watch,watch,pass,2.28560339053904,2.28560339053904,4.3772716806464405e-05,416.9069295431043,1002468.0083259667
80,30,260,8,1971,986,985,408.9960400131541,182.40493542759668,2.2367598719668575,pass,watch,watch,watch,pass,2.28560339053904,2.28560339053904,4.3772716806464405e-05,416.9069295431043,1002468.0083259667
80,30,320,8,1971,986,985,408.9960400131541,182.40493542759668,2.2367598719668575,pass,watch,watch,watch,pass,2.28560339053904,2.28560339053904,4.3772716806464405e-05,416.9069295431043,1002468.0083259667
90,40,120,10,1665,778,887,456.63683555411524,202.5304594315596,2.2497200511614253,pass,watch,watch,watch,pass,2.293710727232332,2.293710727232332,0.0002272935827095638,464.54772508406546,1002496.2411866639
90,40,150,10,1665,778,887,456.63683555411524,202.5304594315596,2.2497200511614253,pass,watch,watch,watch,pass,2.293710727232332,2.293710727232332,0.0002272935827095638,464.54772508406546,1002496.2411866639
90,40,180,10,1665,778,887,456.63683555411524,202.5304594315596,2.2497200511614253,pass,watch,watch,watch,pass,2.293710727232332,2.293710727232332,0.0002272935827095638,464.54772508406546,1002496.2411866639
90,40,220,10,1665,778,887,456.63683555411524,202.5304594315596,2.2497200511614253,pass,watch,watch,watch,pass,2.293710727232332,2.293710727232332,0.0002272935827095638,464.54772508406546,1002496.2411866639
90,40,260,10,1665,778,887,456.63683555411524,202.5304594315596,2.2497200511614253,pass,watch,watch,watch,pass,2.293710727232332,2.293710727232332,0.0002272935827095638,464.54772508406546,1002496.2411866639
90,40,320,10,1665,778,887,456.63683555411524,202.5304594315596,2.2497200511614253,pass,watch,watch,watch,pass,2.293710727232332,2.293710727232332,0.0002272935827095638,464.54772508406546,1002496.2411866639
90,30,120,8,1873,986,887,434.01938079621425,190.92206181466108,2.2680426592950313,pass,watch,watch,watch,pass,2.314707514973025,2.314707514973025,4.233285011148974e-05,441.9302703261645,1002505.6295767877
90,30,150,8,1873,986,887,434.01938079621425,190.92206181466108,2.2680426592950313,pass,watch,watch,watch,pass,2.314707514973025,2.314707514973025,4.233285011148974e-05,441.9302703261645,1002505.6295767877
90,30,180,8,1873,986,887,434.01938079621425,190.92206181466108,2.2680426592950313,pass,watch,watch,watch,pass,2.314707514973025,2.314707514973025,4.233285011148974e-05,441.9302703261645,1002505.6295767877
90,30,220,8,1873,986,887,434.01938079621425,190.92206181466108,2.2680426592950313,pass,watch,watch,watch,pass,2.314707514973025,2.314707514973025,4.233285011148974e-05,441.9302703261645,1002505.6295767877
90,30,260,8,1873,986,887,434.01938079621425,190.92206181466108,2.2680426592950313,pass,watch,watch,watch,pass,2.314707514973025,2.314707514973025,4.233285011148974e-05,441.9302703261645,1002505.6295767877
90,30,320,8,1873,986,887,434.01938079621425,190.92206181466108,2.2680426592950313,pass,watch,watch,watch,pass,2.314707514973025,2.314707514973025,4.233285011148974e-05,441.9302703261645,1002505.6295767877
80,30,120,12,1971,986,985,419.95134928924506,183.65760664710723,2.2811543553120996,pass,watch,watch,watch,pass,2.329664620733913,2.329664620733913,8.205429947477614e-05,427.8622388191953,1002513.322227381
80,30,150,12,1971,986,985,419.95134928924506,183.65760664710723,2.2811543553120996,pass,watch,watch,watch,pass,2.329664620733913,2.329664620733913,8.205429947477614e-05,427.8622388191953,1002513.322227381
80,30,180,12,1971,986,985,419.95134928924506,183.65760664710723,2.2811543553120996,pass,watch,watch,watch,pass,2.329664620733913,2.329664620733913,8.205429947477614e-05,427.8622388191953,1002513.322227381
80,30,220,12,1971,986,985,419.95134928924506,183.65760664710723,2.2811543553120996,pass,watch,watch,watch,pass,2.329664620733913,2.329664620733913,8.205429947477614e-05,427.8622388191953,1002513.322227381
80,30,260,12,1971,986,985,419.95134928924506,183.65760664710723,2.2811543553120996,pass,watch,watch,watch,pass,2.329664620733913,2.329664620733913,8.205429947477614e-05,427.8622388191953,1002513.322227381
80,30,320,12,1971,986,985,419.95134928924506,183.65760664710723,2.2811543553120996,pass,watch,watch,watch,pass,2.329664620733913,2.329664620733913,8.205429947477614e-05,427.8622388191953,1002513.322227381
90,30,120,14,1873,986,887,441.3237065423855,192.50038058171066,2.287391355860106,pass,watch,watch,watch,pass,2.333673604990888,2.333673604990888,9.419181230426891e-05,449.2345960723357,1002526.1739855726
90,30,120,16,1873,986,887,441.3237065423855,192.50038058171066,2.287391355860106,pass,watch,watch,watch,pass,2.333673604990888,2.333673604990888,9.419181230426891e-05,449.2345960723357,1002526.1739855726
90,30,120,20,1873,986,887,441.3237065423855,192.50038058171066,2.287391355860106,pass,watch,watch,watch,pass,2.333673604990888,2.333673604990888,9.419181230426891e-05,449.2345960723357,1002526.1739855726
90,30,150,14,1873,986,887,441.3237065423855,192.50038058171066,2.287391355860106,pass,watch,watch,watch,pass,2.333673604990888,2.333673604990888,9.419181230426891e-05,449.2345960723357,1002526.1739855726
90,30,150,16,1873,986,887,441.3237065423855,192.50038058171066,2.287391355860106,pass,watch,watch,watch,pass,2.333673604990888,2.333673604990888,9.419181230426891e-05,449.2345960723357,1002526.1739855726
90,30,150,20,1873,986,887,441.3237065423855,192.50038058171066,2.287391355860106,pass,watch,watch,watch,pass,2.333673604990888,2.333673604990888,9.419181230426891e-05,449.2345960723357,1002526.1739855726
90,30,180,14,1873,986,887,441.3237065423855,192.50038058171066,2.287391355860106,pass,watch,watch,watch,pass,2.333673604990888,2.333673604990888,9.419181230426891e-05,449.2345960723357,1002526.1739855726
90,30,180,16,1873,986,887,441.3237065423855,192.50038058171066,2.287391355860106,pass,watch,watch,watch,pass,2.333673604990888,2.333673604990888,9.419181230426891e-05,449.2345960723357,1002526.1739855726
90,30,180,20,1873,986,887,441.3237065423855,192.50038058171066,2.287391355860106,pass,watch,watch,watch,pass,2.333673604990888,2.333673604990888,9.419181230426891e-05,449.2345960723357,1002526.1739855726
90,30,220,14,1873,986,887,441.3237065423855,192.50038058171066,2.287391355860106,pass,watch,watch,watch,pass,2.333673604990888,2.333673604990888,9.419181230426891e-05,449.2345960723357,1002526.1739855726
90,30,220,16,1873,986,887,441.3237065423855,192.50038058171066,2.287391355860106,pass,watch,watch,watch,pass,2.333673604990888,2.333673604990888,9.419181230426891e-05,449.2345960723357,1002526.1739855726
90,30,220,20,1873,986,887,441.3237065423855,192.50038058171066,2.287391355860106,pass,watch,watch,watch,pass,2.333673604990888,2.333673604990888,9.419181230426891e-05,449.2345960723357,1002526.1739855726
90,30,260,14,1873,986,887,441.3237065423855,192.50038058171066,2.287391355860106,pass,watch,watch,watch,pass,2.333673604990888,2.333673604990888,9.419181230426891e-05,449.2345960723357,1002526.1739855726
90,30,260,16,1873,986,887,441.3237065423855,192.50038058171066,2.287391355860106,pass,watch,watch,watch,pass,2.333673604990888,2.333673604990888,9.419181230426891e-05,449.2345960723357,1002526.1739855726
90,30,260,20,1873,986,887,441.3237065423855,192.50038058171066,2.287391355860106,pass,watch,watch,watch,pass,2.333673604990888,2.333673604990888,9.419181230426891e-05,449.2345960723357,1002526.1739855726
90,30,320,14,1873,986,887,441.3237065423855,192.50038058171066,2.287391355860106,pass,watch,watch,watch,pass,2.333673604990888,2.333673604990888,9.419181230426891e-05,449.2345960723357,1002526.1739855726
90,30,320,16,1873,986,887,441.3237065423855,192.50038058171066,2.287391355860106,pass,watch,watch,watch,pass,2.333673604990888,2.333673604990888,9.419181230426891e-05,449.2345960723357,1002526.1739855726
90,30,320,20,1873,986,887,441.3237065423855,192.50038058171066,2.287391355860106,pass,watch,watch,watch,pass,2.333673604990888,2.333673604990888,9.419181230426891e-05,449.2345960723357,1002526.1739855726
90,30,120,12,1873,986,887,447.689130323702,192.27635243536946,2.323162077218254,pass,watch,watch,watch,pass,2.369498119137371,2.369498119137371,8.42316482748812e-05,455.6000198536522,1002561.7744715727
90,30,150,12,1873,986,887,447.689130323702,192.27635243536946,2.323162077218254,pass,watch,watch,watch,pass,2.369498119137371,2.369498119137371,8.42316482748812e-05,455.6000198536522,1002561.7744715727
90,30,180,12,1873,986,887,447.689130323702,192.27635243536946,2.323162077218254,pass,watch,watch,watch,pass,2.369498119137371,2.369498119137371,8.42316482748812e-05,455.6000198536522,1002561.7744715727
90,30,220,12,1873,986,887,447.689130323702,192.27635243536946,2.323162077218254,pass,watch,watch,watch,pass,2.369498119137371,2.369498119137371,8.42316482748812e-05,455.6000198536522,1002561.7744715727
90,30,260,12,1873,986,887,447.689130323702,192.27635243536946,2.323162077218254,pass,watch,watch,watch,pass,2.369498119137371,2.369498119137371,8.42316482748812e-05,455.6000198536522,1002561.7744715727
90,30,320,12,1873,986,887,447.689130323702,192.27635243536946,2.323162077218254,pass,watch,watch,watch,pass,2.369498119137371,2.369498119137371,8.42316482748812e-05,455.6000198536522,1002561.7744715727
80,20,120,14,2296,1311,985,399.35737695276885,170.26078563078605,2.3396895267276334,pass,watch,watch,watch,pass,2.3920157627432745,2.3920157627432745,1.0993607446738582e-05,407.26826648271907,1002562.2765483741
80,20,120,16,2296,1311,985,399.35737695276885,170.26078563078605,2.3396895267276334,pass,watch,watch,watch,pass,2.3920157627432745,2.3920157627432745,1.0993607446738582e-05,407.26826648271907,1002562.2765483741
80,20,120,20,2296,1311,985,399.35737695276885,170.26078563078605,2.3396895267276334,pass,watch,watch,watch,pass,2.3920157627432745,2.3920157627432745,1.0993607446738582e-05,407.26826648271907,1002562.2765483741
80,20,150,14,2296,1311,985,399.35737695276885,170.26078563078605,2.3396895267276334,pass,watch,watch,watch,pass,2.3920157627432745,2.3920157627432745,1.0993607446738582e-05,407.26826648271907,1002562.2765483741
80,20,150,16,2296,1311,985,399.35737695276885,170.26078563078605,2.3396895267276334,pass,watch,watch,watch,pass,2.3920157627432745,2.3920157627432745,1.0993607446738582e-05,407.26826648271907,1002562.2765483741
80,20,150,20,2296,1311,985,399.35737695276885,170.26078563078605,2.3396895267276334,pass,watch,watch,watch,pass,2.3920157627432745,2.3920157627432745,1.0993607446738582e-05,407.26826648271907,1002562.2765483741
80,20,180,14,2296,1311,985,399.35737695276885,170.26078563078605,2.3396895267276334,pass,watch,watch,watch,pass,2.3920157627432745,2.3920157627432745,1.0993607446738582e-05,407.26826648271907,1002562.2765483741
80,20,180,16,2296,1311,985,399.35737695276885,170.26078563078605,2.3396895267276334,pass,watch,watch,watch,pass,2.3920157627432745,2.3920157627432745,1.0993607446738582e-05,407.26826648271907,1002562.2765483741
80,20,180,20,2296,1311,985,399.35737695276885,170.26078563078605,2.3396895267276334,pass,watch,watch,watch,pass,2.3920157627432745,2.3920157627432745,1.0993607446738582e-05,407.26826648271907,1002562.2765483741
80,20,220,14,2296,1311,985,399.35737695276885,170.26078563078605,2.3396895267276334,pass,watch,watch,watch,pass,2.3920157627432745,2.3920157627432745,1.0993607446738582e-05,407.26826648271907,1002562.2765483741
80,20,220,16,2296,1311,985,399.35737695276885,170.26078563078605,2.3396895267276334,pass,watch,watch,watch,pass,2.3920157627432745,2.3920157627432745,1.0993607446738582e-05,407.26826648271907,1002562.2765483741
80,20,220,20,2296,1311,985,399.35737695276885,170.26078563078605,2.3396895267276334,pass,watch,watch,watch,pass,2.3920157627432745,2.3920157627432745,1.0993607446738582e-05,407.26826648271907,1002562.2765483741
80,20,260,14,2296,1311,985,399.35737695276885,170.26078563078605,2.3396895267276334,pass,watch,watch,watch,pass,2.3920157627432745,2.3920157627432745,1.0993607446738582e-05,407.26826648271907,1002562.2765483741
80,20,260,16,2296,1311,985,399.35737695276885,170.26078563078605,2.3396895267276334,pass,watch,watch,watch,pass,2.3920157627432745,2.3920157627432745,1.0993607446738582e-05,407.26826648271907,1002562.2765483741
80,20,260,20,2296,1311,985,399.35737695276885,170.26078563078605,2.3396895267276334,pass,watch,watch,watch,pass,2.3920157627432745,2.3920157627432745,1.0993607446738582e-05,407.26826648271907,1002562.2765483741
80,20,320,14,2296,1311,985,399.35737695276885,170.26078563078605,2.3396895267276334,pass,watch,watch,watch,pass,2.3920157627432745,2.3920157627432745,1.0993607446738582e-05,407.26826648271907,1002562.2765483741
80,20,320,16,2296,1311,985,399.35737695276885,170.26078563078605,2.3396895267276334,pass,watch,watch,watch,pass,2.3920157627432745,2.3920157627432745,1.0993607446738582e-05,407.26826648271907,1002562.2765483741
80,20,320,20,2296,1311,985,399.35737695276885,170.26078563078605,2.3396895267276334,pass,watch,watch,watch,pass,2.3920157627432745,2.3920157627432745,1.0993607446738582e-05,407.26826648271907,1002562.2765483741
80,30,120,10,1971,986,985,428.3023512548117,182.44151485795396,2.342133321944309,pass,watch,watch,watch,pass,2.3909666473177738,2.3909666473177738,9.186872184946771e-05,436.2132407847619,1002573.4081621757
80,30,150,10,1971,986,985,428.3023512548117,182.44151485795396,2.342133321944309,pass,watch,watch,watch,pass,2.3909666473177738,2.3909666473177738,9.186872184946771e-05,436.2132407847619,1002573.4081621757
80,30,180,10,1971,986,985,428.3023512548117,182.44151485795396,2.342133321944309,pass,watch,watch,watch,pass,2.3909666473177738,2.3909666473177738,9.186872184946771e-05,436.2132407847619,1002573.4081621757
80,30,220,10,1971,986,985,428.3023512548117,182.44151485795396,2.342133321944309,pass,watch,watch,watch,pass,2.3909666473177738,2.3909666473177738,9.186872184946771e-05,436.2132407847619,1002573.4081621757
80,30,260,10,1971,986,985,428.3023512548117,182.44151485795396,2.342133321944309,pass,watch,watch,watch,pass,2.3909666473177738,2.3909666473177738,9.186872184946771e-05,436.2132407847619,1002573.4081621757
80,30,320,10,1971,986,985,428.3023512548117,182.44151485795396,2.342133321944309,pass,watch,watch,watch,pass,2.3909666473177738,2.3909666473177738,9.186872184946771e-05,436.2132407847619,1002573.4081621757
70,60,120,14,1655,562,1093,524.3484656581013,226.41348804512103,2.311472121986855,pass,watch,watch,watch,pass,2.3508230084734985,2.3508230084734985,1.7958704227158653e-05,532.2593551880516,1002577.2364965186
70,60,120,16,1655,562,1093,524.3484656581013,226.41348804512103,2.311472121986855,pass,watch,watch,watch,pass,2.3508230084734985,2.3508230084734985,1.7958704227158653e-05,532.2593551880516,1002577.2364965186
70,60,120,20,1655,562,1093,524.3484656581013,226.41348804512103,2.311472121986855,pass,watch,watch,watch,pass,2.3508230084734985,2.3508230084734985,1.7958704227158653e-05,532.2593551880516,1002577.2364965186
70,60,150,14,1655,562,1093,524.3484656581013,226.41348804512103,2.311472121986855,pass,watch,watch,watch,pass,2.3508230084734985,2.3508230084734985,1.7958704227158653e-05,532.2593551880516,1002577.2364965186
70,60,150,16,1655,562,1093,524.3484656581013,226.41348804512103,2.311472121986855,pass,watch,watch,watch,pass,2.3508230084734985,2.3508230084734985,1.7958704227158653e-05,532.2593551880516,1002577.2364965186
70,60,150,20,1655,562,1093,524.3484656581013,226.41348804512103,2.311472121986855,pass,watch,watch,watch,pass,2.3508230084734985,2.3508230084734985,1.7958704227158653e-05,532.2593551880516,1002577.2364965186
70,60,180,14,1655,562,1093,524.3484656581013,226.41348804512103,2.311472121986855,pass,watch,watch,watch,pass,2.3508230084734985,2.3508230084734985,1.7958704227158653e-05,532.2593551880516,1002577.2364965186
70,60,180,16,1655,562,1093,524.3484656581013,226.41348804512103,2.311472121986855,pass,watch,watch,watch,pass,2.3508230084734985,2.3508230084734985,1.7958704227158653e-05,532.2593551880516,1002577.2364965186
70,60,180,20,1655,562,1093,524.3484656581013,226.41348804512103,2.311472121986855,pass,watch,watch,watch,pass,2.3508230084734985,2.3508230084734985,1.7958704227158653e-05,532.2593551880516,1002577.2364965186
70,60,220,14,1655,562,1093,524.3484656581013,226.41348804512103,2.311472121986855,pass,watch,watch,watch,pass,2.3508230084734985,2.3508230084734985,1.7958704227158653e-05,532.2593551880516,1002577.2364965186
70,60,220,16,1655,562,1093,524.3484656581013,226.41348804512103,2.311472121986855,pass,watch,watch,watch,pass,2.3508230084734985,2.3508230084734985,1.7958704227158653e-05,532.2593551880516,1002577.2364965186
70,60,220,20,1655,562,1093,524.3484656581013,226.41348804512103,2.311472121986855,pass,watch,watch,watch,pass,2.3508230084734985,2.3508230084734985,1.7958704227158653e-05,532.2593551880516,1002577.2364965186
70,60,260,14,1655,562,1093,524.3484656581013,226.41348804512103,2.311472121986855,pass,watch,watch,watch,pass,2.3508230084734985,2.3508230084734985,1.7958704227158653e-05,532.2593551880516,1002577.2364965186
70,60,260,16,1655,562,1093,524.3484656581013,226.41348804512103,2.311472121986855,pass,watch,watch,watch,pass,2.3508230084734985,2.3508230084734985,1.7958704227158653e-05,532.2593551880516,1002577.2364965186
70,60,260,20,1655,562,1093,524.3484656581013,226.41348804512103,2.311472121986855,pass,watch,watch,watch,pass,2.3508230084734985,2.3508230084734985,1.7958704227158653e-05,532.2593551880516,1002577.2364965186
70,60,320,14,1655,562,1093,524.3484656581013,226.41348804512103,2.311472121986855,pass,watch,watch,watch,pass,2.3508230084734985,2.3508230084734985,1.7958704227158653e-05,532.2593551880516,1002577.2364965186
70,60,320,16,1655,562,1093,524.3484656581013,226.41348804512103,2.311472121986855,pass,watch,watch,watch,pass,2.3508230084734985,2.3508230084734985,1.7958704227158653e-05,532.2593551880516,1002577.2364965186
70,60,320,20,1655,562,1093,524.3484656581013,226.41348804512103,2.311472121986855,pass,watch,watch,watch,pass,2.3508230084734985,2.3508230084734985,1.7958704227158653e-05,532.2593551880516,1002577.2364965186
70,60,120,12,1655,562,1093,531.5998507705865,226.15774746725006,2.346149343601075,pass,watch,watch,watch,pass,2.3855446355449987,2.3855446355449987,1.355602371865454e-05,539.5107403005368,1002611.7023830123
70,60,150,12,1655,562,1093,531.5998507705865,226.15774746725006,2.346149343601075,pass,watch,watch,watch,pass,2.3855446355449987,2.3855446355449987,1.355602371865454e-05,539.5107403005368,1002611.7023830123
70,60,180,12,1655,562,1093,531.5998507705865,226.15774746725006,2.346149343601075,pass,watch,watch,watch,pass,2.3855446355449987,2.3855446355449987,1.355602371865454e-05,539.5107403005368,1002611.7023830123
70,60,220,12,1655,562,1093,531.5998507705865,226.15774746725006,2.346149343601075,pass,watch,watch,watch,pass,2.3855446355449987,2.3855446355449987,1.355602371865454e-05,539.5107403005368,1002611.7023830123
70,60,260,12,1655,562,1093,531.5998507705865,226.15774746725006,2.346149343601075,pass,watch,watch,watch,pass,2.3855446355449987,2.3855446355449987,1.355602371865454e-05,539.5107403005368,1002611.7023830123
70,60,320,12,1655,562,1093,531.5998507705865,226.15774746725006,2.346149343601075,pass,watch,watch,watch,pass,2.3855446355449987,2.3855446355449987,1.355602371865454e-05,539.5107403005368,1002611.7023830123
90,30,120,10,1873,986,887,456.63683555410796,190.79903978447345,2.3880457473412613,pass,watch,watch,watch,pass,2.4347402674800334,2.4347402674800334,9.08591483851132e-05,464.5477250840582,1002625.5393072645
90,30,150,10,1873,986,887,456.63683555410796,190.79903978447345,2.3880457473412613,pass,watch,watch,watch,pass,2.4347402674800334,2.4347402674800334,9.08591483851132e-05,464.5477250840582,1002625.5393072645
90,30,180,10,1873,986,887,456.63683555410796,190.79903978447345,2.3880457473412613,pass,watch,watch,watch,pass,2.4347402674800334,2.4347402674800334,9.08591483851132e-05,464.5477250840582,1002625.5393072645
90,30,220,10,1873,986,887,456.63683555410796,190.79903978447345,2.3880457473412613,pass,watch,watch,watch,pass,2.4347402674800334,2.4347402674800334,9.08591483851132e-05,464.5477250840582,1002625.5393072645
90,30,260,10,1873,986,887,456.63683555410796,190.79903978447345,2.3880457473412613,pass,watch,watch,watch,pass,2.4347402674800334,2.4347402674800334,9.08591483851132e-05,464.5477250840582,1002625.5393072645
90,30,320,10,1873,986,887,456.63683555410796,190.79903978447345,2.3880457473412613,pass,watch,watch,watch,pass,2.4347402674800334,2.4347402674800334,9.08591483851132e-05,464.5477250840582,1002625.5393072645
70,50,120,14,1747,654,1093,524.3484656581034,220.26415733058678,2.3760037583991838,pass,watch,watch,watch,pass,2.416452903429188,2.416452903429188,0.0001953284064618793,532.2593551880536,1002636.7170607598
70,50,120,16,1747,654,1093,524.3484656581034,220.26415733058678,2.3760037583991838,pass,watch,watch,watch,pass,2.416452903429188,2.416452903429188,0.0001953284064618793,532.2593551880536,1002636.7170607598
70,50,120,20,1747,654,1093,524.3484656581034,220.26415733058678,2.3760037583991838,pass,watch,watch,watch,pass,2.416452903429188,2.416452903429188,0.0001953284064618793,532.2593551880536,1002636.7170607598
70,50,150,14,1747,654,1093,524.3484656581034,220.26415733058678,2.3760037583991838,pass,watch,watch,watch,pass,2.416452903429188,2.416452903429188,0.0001953284064618793,532.2593551880536,1002636.7170607598
70,50,150,16,1747,654,1093,524.3484656581034,220.26415733058678,2.3760037583991838,pass,watch,watch,watch,pass,2.416452903429188,2.416452903429188,0.0001953284064618793,532.2593551880536,1002636.7170607598
70,50,150,20,1747,654,1093,524.3484656581034,220.26415733058678,2.3760037583991838,pass,watch,watch,watch,pass,2.416452903429188,2.416452903429188,0.0001953284064618793,532.2593551880536,1002636.7170607598
70,50,180,14,1747,654,1093,524.3484656581034,220.26415733058678,2.3760037583991838,pass,watch,watch,watch,pass,2.416452903429188,2.416452903429188,0.0001953284064618793,532.2593551880536,1002636.7170607598
70,50,180,16,1747,654,1093,524.3484656581034,220.26415733058678,2.3760037583991838,pass,watch,watch,watch,pass,2.416452903429188,2.416452903429188,0.0001953284064618793,532.2593551880536,1002636.7170607598
70,50,180,20,1747,654,1093,524.3484656581034,220.26415733058678,2.3760037583991838,pass,watch,watch,watch,pass,2.416452903429188,2.416452903429188,0.0001953284064618793,532.2593551880536,1002636.7170607598
70,50,220,14,1747,654,1093,524.3484656581034,220.26415733058678,2.3760037583991838,pass,watch,watch,watch,pass,2.416452903429188,2.416452903429188,0.0001953284064618793,532.2593551880536,1002636.7170607598
70,50,220,16,1747,654,1093,524.3484656581034,220.26415733058678,2.3760037583991838,pass,watch,watch,watch,pass,2.416452903429188,2.416452903429188,0.0001953284064618793,532.2593551880536,1002636.7170607598
70,50,220,20,1747,654,1093,524.3484656581034,220.26415733058678,2.3760037583991838,pass,watch,watch,watch,pass,2.416452903429188,2.416452903429188,0.0001953284064618793,532.2593551880536,1002636.7170607598
70,50,260,14,1747,654,1093,524.3484656581034,220.26415733058678,2.3760037583991838,pass,watch,watch,watch,pass,2.416452903429188,2.416452903429188,0.0001953284064618793,532.2593551880536,1002636.7170607598
70,50,260,16,1747,654,1093,524.3484656581034,220.26415733058678,2.3760037583991838,pass,watch,watch,watch,pass,2.416452903429188,2.416452903429188,0.0001953284064618793,532.2593551880536,1002636.7170607598
70,50,260,20,1747,654,1093,524.3484656581034,220.26415733058678,2.3760037583991838,pass,watch,watch,watch,pass,2.416452903429188,2.416452903429188,0.0001953284064618793,532.2593551880536,1002636.7170607598
70,50,320,14,1747,654,1093,524.3484656581034,220.26415733058678,2.3760037583991838,pass,watch,watch,watch,pass,2.416452903429188,2.416452903429188,0.0001953284064618793,532.2593551880536,1002636.7170607598
70,50,320,16,1747,654,1093,524.3484656581034,220.26415733058678,2.3760037583991838,pass,watch,watch,watch,pass,2.416452903429188,2.416452903429188,0.0001953284064618793,532.2593551880536,1002636.7170607598
70,50,320,20,1747,654,1093,524.3484656581034,220.26415733058678,2.3760037583991838,pass,watch,watch,watch,pass,2.416452903429188,2.416452903429188,0.0001953284064618793,532.2593551880536,1002636.7170607598
80,20,120,8,2296,1311,985,408.9960400131587,168.88034049905337,2.4158883077065183,pass,watch,watch,watch,pass,2.4686418363260363,2.4686418363260363,0.0001519876214945752,416.9069295431089,1002637.5221768251
80,20,150,8,2296,1311,985,408.9960400131587,168.88034049905337,2.4158883077065183,pass,watch,watch,watch,pass,2.4686418363260363,2.4686418363260363,0.0001519876214945752,416.9069295431089,1002637.5221768251
80,20,180,8,2296,1311,985,408.9960400131587,168.88034049905337,2.4158883077065183,pass,watch,watch,watch,pass,2.4686418363260363,2.4686418363260363,0.0001519876214945752,416.9069295431089,1002637.5221768251
80,20,220,8,2296,1311,985,408.9960400131587,168.88034049905337,2.4158883077065183,pass,watch,watch,watch,pass,2.4686418363260363,2.4686418363260363,0.0001519876214945752,416.9069295431089,1002637.5221768251
80,20,260,8,2296,1311,985,408.9960400131587,168.88034049905337,2.4158883077065183,pass,watch,watch,watch,pass,2.4686418363260363,2.4686418363260363,0.0001519876214945752,416.9069295431089,1002637.5221768251
80,20,320,8,2296,1311,985,408.9960400131587,168.88034049905337,2.4158883077065183,pass,watch,watch,watch,pass,2.4686418363260363,2.4686418363260363,0.0001519876214945752,416.9069295431089,1002637.5221768251
70,50,120,12,1747,654,1093,531.5998507705857,220.022608701394,2.411569674145146,pass,watch,watch,watch,pass,2.4520631253522547,2.4520631253522547,0.0001902341975568174,539.510740300536,1002672.0857340536
70,50,150,12,1747,654,1093,531.5998507705857,220.022608701394,2.411569674145146,pass,watch,watch,watch,pass,2.4520631253522547,2.4520631253522547,0.0001902341975568174,539.510740300536,1002672.0857340536
70,50,180,12,1747,654,1093,531.5998507705857,220.022608701394,2.411569674145146,pass,watch,watch,watch,pass,2.4520631253522547,2.4520631253522547,0.0001902341975568174,539.510740300536,1002672.0857340536
70,50,220,12,1747,654,1093,531.5998507705857,220.022608701394,2.411569674145146,pass,watch,watch,watch,pass,2.4520631253522547,2.4520631253522547,0.0001902341975568174,539.510740300536,1002672.0857340536
70,50,260,12,1747,654,1093,531.5998507705857,220.022608701394,2.411569674145146,pass,watch,watch,watch,pass,2.4520631253522547,2.4520631253522547,0.0001902341975568174,539.510740300536,1002672.0857340536
70,50,320,12,1747,654,1093,531.5998507705857,220.022608701394,2.411569674145146,pass,watch,watch,watch,pass,2.4520631253522547,2.4520631253522547,0.0001902341975568174,539.510740300536,1002672.0857340536
70,60,120,8,1655,562,1093,542.4015354428578,224.39771376670473,2.4126873948712615,pass,watch,watch,watch,pass,2.452391463233906,2.452391463233906,0.00010075507008821204,550.3124249728081,1002676.7891770005
70,60,150,8,1655,562,1093,542.4015354428578,224.39771376670473,2.4126873948712615,pass,watch,watch,watch,pass,2.452391463233906,2.452391463233906,0.00010075507008821204,550.3124249728081,1002676.7891770005
70,60,180,8,1655,562,1093,542.4015354428578,224.39771376670473,2.4126873948712615,pass,watch,watch,watch,pass,2.452391463233906,2.452391463233906,0.00010075507008821204,550.3124249728081,1002676.7891770005
70,60,220,8,1655,562,1093,542.4015354428578,224.39771376670473,2.4126873948712615,pass,watch,watch,watch,pass,2.452391463233906,2.452391463233906,0.00010075507008821204,550.3124249728081,1002676.7891770005
70,60,260,8,1655,562,1093,542.4015354428578,224.39771376670473,2.4126873948712615,pass,watch,watch,watch,pass,2.452391463233906,2.452391463233906,0.00010075507008821204,550.3124249728081,1002676.7891770005
70,60,320,8,1655,562,1093,542.4015354428578,224.39771376670473,2.4126873948712615,pass,watch,watch,watch,pass,2.452391463233906,2.452391463233906,0.00010075507008821204,550.3124249728081,1002676.7891770005
90,20,120,8,2198,1311,887,434.0193807962163,176.10224522681213,2.4589089153207895,pass,watch,watch,watch,pass,2.509499301100352,2.509499301100352,0.00015174378825048068,441.9302703261665,1002685.6015463272
90,20,150,8,2198,1311,887,434.0193807962163,176.10224522681213,2.4589089153207895,pass,watch,watch,watch,pass,2.509499301100352,2.509499301100352,0.00015174378825048068,441.9302703261665,1002685.6015463272
90,20,180,8,2198,1311,887,434.0193807962163,176.10224522681213,2.4589089153207895,pass,watch,watch,watch,pass,2.509499301100352,2.509499301100352,0.00015174378825048068,441.9302703261665,1002685.6015463272
90,20,220,8,2198,1311,887,434.0193807962163,176.10224522681213,2.4589089153207895,pass,watch,watch,watch,pass,2.509499301100352,2.509499301100352,0.00015174378825048068,441.9302703261665,1002685.6015463272
90,20,260,8,2198,1311,887,434.0193807962163,176.10224522681213,2.4589089153207895,pass,watch,watch,watch,pass,2.509499301100352,2.509499301100352,0.00015174378825048068,441.9302703261665,1002685.6015463272
90,20,320,8,2198,1311,887,434.0193807962163,176.10224522681213,2.4589089153207895,pass,watch,watch,watch,pass,2.509499301100352,2.509499301100352,0.00015174378825048068,441.9302703261665,1002685.6015463272
80,20,120,12,2296,1311,985,419.95134928924506,169.9901670522847,2.4645622541237113,pass,watch,watch,watch,pass,2.516971226088433,2.516971226088433,7.455631031099111e-07,427.8622388191953,1002686.9613931407
80,20,150,12,2296,1311,985,419.95134928924506,169.9901670522847,2.4645622541237113,pass,watch,watch,watch,pass,2.516971226088433,2.516971226088433,7.455631031099111e-07,427.8622388191953,1002686.9613931407
80,20,180,12,2296,1311,985,419.95134928924506,169.9901670522847,2.4645622541237113,pass,watch,watch,watch,pass,2.516971226088433,2.516971226088433,7.455631031099111e-07,427.8622388191953,1002686.9613931407
80,20,220,12,2296,1311,985,419.95134928924506,169.9901670522847,2.4645622541237113,pass,watch,watch,watch,pass,2.516971226088433,2.516971226088433,7.455631031099111e-07,427.8622388191953,1002686.9613931407
80,20,260,12,2296,1311,985,419.95134928924506,169.9901670522847,2.4645622541237113,pass,watch,watch,watch,pass,2.516971226088433,2.516971226088433,7.455631031099111e-07,427.8622388191953,1002686.9613931407
80,20,320,12,2296,1311,985,419.95134928924506,169.9901670522847,2.4645622541237113,pass,watch,watch,watch,pass,2.516971226088433,2.516971226088433,7.455631031099111e-07,427.8622388191953,1002686.9613931407
90,20,120,14,2198,1311,887,441.3237065423838,177.48621442571272,2.480889617073231,pass,watch,watch,watch,pass,2.5310855109797075,2.5310855109797075,1.2772484442150753e-05,449.234596072334,1002708.5717254055
90,20,120,16,2198,1311,887,441.3237065423838,177.48621442571272,2.480889617073231,pass,watch,watch,watch,pass,2.5310855109797075,2.5310855109797075,1.2772484442150753e-05,449.234596072334,1002708.5717254055
90,20,120,20,2198,1311,887,441.3237065423838,177.48621442571272,2.480889617073231,pass,watch,watch,watch,pass,2.5310855109797075,2.5310855109797075,1.2772484442150753e-05,449.234596072334,1002708.5717254055
90,20,150,14,2198,1311,887,441.3237065423838,177.48621442571272,2.480889617073231,pass,watch,watch,watch,pass,2.5310855109797075,2.5310855109797075,1.2772484442150753e-05,449.234596072334,1002708.5717254055
90,20,150,16,2198,1311,887,441.3237065423838,177.48621442571272,2.480889617073231,pass,watch,watch,watch,pass,2.5310855109797075,2.5310855109797075,1.2772484442150753e-05,449.234596072334,1002708.5717254055
90,20,150,20,2198,1311,887,441.3237065423838,177.48621442571272,2.480889617073231,pass,watch,watch,watch,pass,2.5310855109797075,2.5310855109797075,1.2772484442150753e-05,449.234596072334,1002708.5717254055
90,20,180,14,2198,1311,887,441.3237065423838,177.48621442571272,2.480889617073231,pass,watch,watch,watch,pass,2.5310855109797075,2.5310855109797075,1.2772484442150753e-05,449.234596072334,1002708.5717254055
90,20,180,16,2198,1311,887,441.3237065423838,177.48621442571272,2.480889617073231,pass,watch,watch,watch,pass,2.5310855109797075,2.5310855109797075,1.2772484442150753e-05,449.234596072334,1002708.5717254055
90,20,180,20,2198,1311,887,441.3237065423838,177.48621442571272,2.480889617073231,pass,watch,watch,watch,pass,2.5310855109797075,2.5310855109797075,1.2772484442150753e-05,449.234596072334,1002708.5717254055
90,20,220,14,2198,1311,887,441.3237065423838,177.48621442571272,2.480889617073231,pass,watch,watch,watch,pass,2.5310855109797075,2.5310855109797075,1.2772484442150753e-05,449.234596072334,1002708.5717254055
90,20,220,16,2198,1311,887,441.3237065423838,177.48621442571272,2.480889617073231,pass,watch,watch,watch,pass,2.5310855109797075,2.5310855109797075,1.2772484442150753e-05,449.234596072334,1002708.5717254055
90,20,220,20,2198,1311,887,441.3237065423838,177.48621442571272,2.480889617073231,pass,watch,watch,watch,pass,2.5310855109797075,2.5310855109797075,1.2772484442150753e-05,449.234596072334,1002708.5717254055
90,20,260,14,2198,1311,887,441.3237065423838,177.48621442571272,2.480889617073231,pass,watch,watch,watch,pass,2.5310855109797075,2.5310855109797075,1.2772484442150753e-05,449.234596072334,1002708.5717254055
90,20,260,16,2198,1311,887,441.3237065423838,177.48621442571272,2.480889617073231,pass,watch,watch,watch,pass,2.5310855109797075,2.5310855109797075,1.2772484442150753e-05,449.234596072334,1002708.5717254055
90,20,260,20,2198,1311,887,441.3237065423838,177.48621442571272,2.480889617073231,pass,watch,watch,watch,pass,2.5310855109797075,2.5310855109797075,1.2772484442150753e-05,449.234596072334,1002708.5717254055
90,20,320,14,2198,1311,887,441.3237065423838,177.48621442571272,2.480889617073231,pass,watch,watch,watch,pass,2.5310855109797075,2.5310855109797075,1.2772484442150753e-05,449.234596072334,1002708.5717254055
90,20,320,16,2198,1311,887,441.3237065423838,177.48621442571272,2.480889617073231,pass,watch,watch,watch,pass,2.5310855109797075,2.5310855109797075,1.2772484442150753e-05,449.234596072334,1002708.5717254055
90,20,320,20,2198,1311,887,441.3237065423838,177.48621442571272,2.480889617073231,pass,watch,watch,watch,pass,2.5310855109797075,2.5310855109797075,1.2772484442150753e-05,449.234596072334,1002708.5717254055
70,40,120,14,1871,778,1093,524.3484656581,212.7169443347462,2.4603045483509884,pass,watch,watch,watch,pass,2.502188359228182,2.502188359228182,8.771044851530699e-05,532.2593551880503,1002714.905303563
70,40,120,16,1871,778,1093,524.3484656581,212.7169443347462,2.4603045483509884,pass,watch,watch,watch,pass,2.502188359228182,2.502188359228182,8.771044851530699e-05,532.2593551880503,1002714.905303563
70,40,120,20,1871,778,1093,524.3484656581,212.7169443347462,2.4603045483509884,pass,watch,watch,watch,pass,2.502188359228182,2.502188359228182,8.771044851530699e-05,532.2593551880503,1002714.905303563
70,40,150,14,1871,778,1093,524.3484656581,212.7169443347462,2.4603045483509884,pass,watch,watch,watch,pass,2.502188359228182,2.502188359228182,8.771044851530699e-05,532.2593551880503,1002714.905303563
70,40,150,16,1871,778,1093,524.3484656581,212.7169443347462,2.4603045483509884,pass,watch,watch,watch,pass,2.502188359228182,2.502188359228182,8.771044851530699e-05,532.2593551880503,1002714.905303563
70,40,150,20,1871,778,1093,524.3484656581,212.7169443347462,2.4603045483509884,pass,watch,watch,watch,pass,2.502188359228182,2.502188359228182,8.771044851530699e-05,532.2593551880503,1002714.905303563
70,40,180,14,1871,778,1093,524.3484656581,212.7169443347462,2.4603045483509884,pass,watch,watch,watch,pass,2.502188359228182,2.502188359228182,8.771044851530699e-05,532.2593551880503,1002714.905303563
70,40,180,16,1871,778,1093,524.3484656581,212.7169443347462,2.4603045483509884,pass,watch,watch,watch,pass,2.502188359228182,2.502188359228182,8.771044851530699e-05,532.2593551880503,1002714.905303563
70,40,180,20,1871,778,1093,524.3484656581,212.7169443347462,2.4603045483509884,pass,watch,watch,watch,pass,2.502188359228182,2.502188359228182,8.771044851530699e-05,532.2593551880503,1002714.905303563
70,40,220,14,1871,778,1093,524.3484656581,212.7169443347462,2.4603045483509884,pass,watch,watch,watch,pass,2.502188359228182,2.502188359228182,8.771044851530699e-05,532.2593551880503,1002714.905303563
70,40,220,16,1871,778,1093,524.3484656581,212.7169443347462,2.4603045483509884,pass,watch,watch,watch,pass,2.502188359228182,2.502188359228182,8.771044851530699e-05,532.2593551880503,1002714.905303563
70,40,220,20,1871,778,1093,524.3484656581,212.7169443347462,2.4603045483509884,pass,watch,watch,watch,pass,2.502188359228182,2.502188359228182,8.771044851530699e-05,532.2593551880503,1002714.905303563
70,40,260,14,1871,778,1093,524.3484656581,212.7169443347462,2.4603045483509884,pass,watch,watch,watch,pass,2.502188359228182,2.502188359228182,8.771044851530699e-05,532.2593551880503,1002714.905303563
70,40,260,16,1871,778,1093,524.3484656581,212.7169443347462,2.4603045483509884,pass,watch,watch,watch,pass,2.502188359228182,2.502188359228182,8.771044851530699e-05,532.2593551880503,1002714.905303563
70,40,260,20,1871,778,1093,524.3484656581,212.7169443347462,2.4603045483509884,pass,watch,watch,watch,pass,2.502188359228182,2.502188359228182,8.771044851530699e-05,532.2593551880503,1002714.905303563
70,40,320,14,1871,778,1093,524.3484656581,212.7169443347462,2.4603045483509884,pass,watch,watch,watch,pass,2.502188359228182,2.502188359228182,8.771044851530699e-05,532.2593551880503,1002714.905303563
70,40,320,16,1871,778,1093,524.3484656581,212.7169443347462,2.4603045483509884,pass,watch,watch,watch,pass,2.502188359228182,2.502188359228182,8.771044851530699e-05,532.2593551880503,1002714.905303563
70,40,320,20,1871,778,1093,524.3484656581,212.7169443347462,2.4603045483509884,pass,watch,watch,watch,pass,2.502188359228182,2.502188359228182,8.771044851530699e-05,532.2593551880503,1002714.905303563
70,50,120,8,1747,654,1093,542.4015354428604,218.33891064333795,2.479638346860003,pass,watch,watch,watch,pass,2.5204438270936818,2.5204438270936818,9.491280143465928e-05,550.3124249728107,1002738.782737737
70,50,150,8,1747,654,1093,542.4015354428604,218.33891064333795,2.479638346860003,pass,watch,watch,watch,pass,2.5204438270936818,2.5204438270936818,9.491280143465928e-05,550.3124249728107,1002738.782737737
70,50,180,8,1747,654,1093,542.4015354428604,218.33891064333795,2.479638346860003,pass,watch,watch,watch,pass,2.5204438270936818,2.5204438270936818,9.491280143465928e-05,550.3124249728107,1002738.782737737
70,50,220,8,1747,654,1093,542.4015354428604,218.33891064333795,2.479638346860003,pass,watch,watch,watch,pass,2.5204438270936818,2.5204438270936818,9.491280143465928e-05,550.3124249728107,1002738.782737737
70,50,260,8,1747,654,1093,542.4015354428604,218.33891064333795,2.479638346860003,pass,watch,watch,watch,pass,2.5204438270936818,2.5204438270936818,9.491280143465928e-05,550.3124249728107,1002738.782737737
70,50,320,8,1747,654,1093,542.4015354428604,218.33891064333795,2.479638346860003,pass,watch,watch,watch,pass,2.5204438270936818,2.5204438270936818,9.491280143465928e-05,550.3124249728107,1002738.782737737
90,20,120,12,2198,1311,887,447.68913032370426,177.2940653446095,2.5194815712272547,pass,watch,watch,watch,pass,2.5697316996704993,2.5697316996704993,2.406648334472528e-06,455.6000198536545,1002747.0257650152
90,20,150,12,2198,1311,887,447.68913032370426,177.2940653446095,2.5194815712272547,pass,watch,watch,watch,pass,2.5697316996704993,2.5697316996704993,2.406648334472528e-06,455.6000198536545,1002747.0257650152
90,20,180,12,2198,1311,887,447.68913032370426,177.2940653446095,2.5194815712272547,pass,watch,watch,watch,pass,2.5697316996704993,2.5697316996704993,2.406648334472528e-06,455.6000198536545,1002747.0257650152
90,20,220,12,2198,1311,887,447.68913032370426,177.2940653446095,2.5194815712272547,pass,watch,watch,watch,pass,2.5697316996704993,2.5697316996704993,2.406648334472528e-06,455.6000198536545,1002747.0257650152
90,20,260,12,2198,1311,887,447.68913032370426,177.2940653446095,2.5194815712272547,pass,watch,watch,watch,pass,2.5697316996704993,2.5697316996704993,2.406648334472528e-06,455.6000198536545,1002747.0257650152
90,20,320,12,2198,1311,887,447.68913032370426,177.2940653446095,2.5194815712272547,pass,watch,watch,watch,pass,2.5697316996704993,2.5697316996704993,2.406648334472528e-06,455.6000198536545,1002747.0257650152
70,40,120,12,1871,778,1093,531.599850770584,212.49199834522898,2.4970344996640077,pass,watch,watch,watch,pass,2.538962538301056,2.538962538301056,8.7285533172022e-05,539.5107403005343,1002751.4545366463
70,40,150,12,1871,778,1093,531.599850770584,212.49199834522898,2.4970344996640077,pass,watch,watch,watch,pass,2.538962538301056,2.538962538301056,8.7285533172022e-05,539.5107403005343,1002751.4545366463
70,40,180,12,1871,778,1093,531.599850770584,212.49199834522898,2.4970344996640077,pass,watch,watch,watch,pass,2.538962538301056,2.538962538301056,8.7285533172022e-05,539.5107403005343,1002751.4545366463
70,40,220,12,1871,778,1093,531.599850770584,212.49199834522898,2.4970344996640077,pass,watch,watch,watch,pass,2.538962538301056,2.538962538301056,8.7285533172022e-05,539.5107403005343,1002751.4545366463
70,40,260,12,1871,778,1093,531.599850770584,212.49199834522898,2.4970344996640077,pass,watch,watch,watch,pass,2.538962538301056,2.538962538301056,8.7285533172022e-05,539.5107403005343,1002751.4545366463
70,40,320,12,1871,778,1093,531.599850770584,212.49199834522898,2.4970344996640077,pass,watch,watch,watch,pass,2.538962538301056,2.538962538301056,8.7285533172022e-05,539.5107403005343,1002751.4545366463
80,20,120,10,2296,1311,985,428.3023512548159,168.88943659203926,2.530071506407981,pass,watch,watch,watch,pass,2.5828216862430153,2.5828216862430153,0.00017316139237819495,436.2132407847661,1002751.711122835
80,20,150,10,2296,1311,985,428.3023512548159,168.88943659203926,2.530071506407981,pass,watch,watch,watch,pass,2.5828216862430153,2.5828216862430153,0.00017316139237819495,436.2132407847661,1002751.711122835
80,20,180,10,2296,1311,985,428.3023512548159,168.88943659203926,2.530071506407981,pass,watch,watch,watch,pass,2.5828216862430153,2.5828216862430153,0.00017316139237819495,436.2132407847661,1002751.711122835
80,20,220,10,2296,1311,985,428.3023512548159,168.88943659203926,2.530071506407981,pass,watch,watch,watch,pass,2.5828216862430153,2.5828216862430153,0.00017316139237819495,436.2132407847661,1002751.711122835
80,20,260,10,2296,1311,985,428.3023512548159,168.88943659203926,2.530071506407981,pass,watch,watch,watch,pass,2.5828216862430153,2.5828216862430153,0.00017316139237819495,436.2132407847661,1002751.711122835
80,20,320,10,2296,1311,985,428.3023512548159,168.88943659203926,2.530071506407981,pass,watch,watch,watch,pass,2.5828216862430153,2.5828216862430153,0.00017316139237819495,436.2132407847661,1002751.711122835
70,60,120,10,1655,562,1093,563.3780511728206,225.08845781443654,2.49847573986422,pass,watch,watch,watch,pass,2.5380577699582925,2.5380577699582925,0.00011201130364260576,571.2889407027709,1002763.1462277727
70,60,150,10,1655,562,1093,563.3780511728206,225.08845781443654,2.49847573986422,pass,watch,watch,watch,pass,2.5380577699582925,2.5380577699582925,0.00011201130364260576,571.2889407027709,1002763.1462277727
70,60,180,10,1655,562,1093,563.3780511728206,225.08845781443654,2.49847573986422,pass,watch,watch,watch,pass,2.5380577699582925,2.5380577699582925,0.00011201130364260576,571.2889407027709,1002763.1462277727
70,60,220,10,1655,562,1093,563.3780511728206,225.08845781443654,2.49847573986422,pass,watch,watch,watch,pass,2.5380577699582925,2.5380577699582925,0.00011201130364260576,571.2889407027709,1002763.1462277727
70,60,260,10,1655,562,1093,563.3780511728206,225.08845781443654,2.49847573986422,pass,watch,watch,watch,pass,2.5380577699582925,2.5380577699582925,0.00011201130364260576,571.2889407027709,1002763.1462277727
70,60,320,10,1655,562,1093,563.3780511728206,225.08845781443654,2.49847573986422,pass,watch,watch,watch,pass,2.5380577699582925,2.5380577699582925,0.00011201130364260576,571.2889407027709,1002763.1462277727
90,20,120,10,2198,1311,887,456.6368355541052,175.96037377097375,2.589428663905615,pass,watch,watch,watch,pass,2.640059295571958,2.640059295571958,0.00017331354887601977,464.5477250840554,1002816.019669343
90,20,150,10,2198,1311,887,456.6368355541052,175.96037377097375,2.589428663905615,pass,watch,watch,watch,pass,2.640059295571958,2.640059295571958,0.00017331354887601977,464.5477250840554,1002816.019669343
90,20,180,10,2198,1311,887,456.6368355541052,175.96037377097375,2.589428663905615,pass,watch,watch,watch,pass,2.640059295571958,2.640059295571958,0.00017331354887601977,464.5477250840554,1002816.019669343
90,20,220,10,2198,1311,887,456.6368355541052,175.96037377097375,2.589428663905615,pass,watch,watch,watch,pass,2.640059295571958,2.640059295571958,0.00017331354887601977,464.5477250840554,1002816.019669343
90,20,260,10,2198,1311,887,456.6368355541052,175.96037377097375,2.589428663905615,pass,watch,watch,watch,pass,2.640059295571958,2.640059295571958,0.00017331354887601977,464.5477250840554,1002816.019669343
90,20,320,10,2198,1311,887,456.6368355541052,175.96037377097375,2.589428663905615,pass,watch,watch,watch,pass,2.640059295571958,2.640059295571958,0.00017331354887601977,464.5477250840554,1002816.019669343
70,40,120,8,1871,778,1093,542.401535442858,210.8987953063051,2.5671153533927846,pass,watch,watch,watch,pass,2.6093598758004846,2.6093598758004846,0.0001745289404922044,550.3124249728082,1002820.2586711068
70,40,150,8,1871,778,1093,542.401535442858,210.8987953063051,2.5671153533927846,pass,watch,watch,watch,pass,2.6093598758004846,2.6093598758004846,0.0001745289404922044,550.3124249728082,1002820.2586711068
70,40,180,8,1871,778,1093,542.401535442858,210.8987953063051,2.5671153533927846,pass,watch,watch,watch,pass,2.6093598758004846,2.6093598758004846,0.0001745289404922044,550.3124249728082,1002820.2586711068
70,40,220,8,1871,778,1093,542.401535442858,210.8987953063051,2.5671153533927846,pass,watch,watch,watch,pass,2.6093598758004846,2.6093598758004846,0.0001745289404922044,550.3124249728082,1002820.2586711068
70,40,260,8,1871,778,1093,542.401535442858,210.8987953063051,2.5671153533927846,pass,watch,watch,watch,pass,2.6093598758004846,2.6093598758004846,0.0001745289404922044,550.3124249728082,1002820.2586711068
70,40,320,8,1871,778,1093,542.401535442858,210.8987953063051,2.5671153533927846,pass,watch,watch,watch,pass,2.6093598758004846,2.6093598758004846,0.0001745289404922044,550.3124249728082,1002820.2586711068
70,50,120,10,1747,654,1093,563.378051172826,218.99669916980906,2.567975011973859,pass,watch,watch,watch,pass,2.6086577135987605,2.6086577135987605,6.014304972149864e-05,571.2889407027762,1002827.6544127687
70,50,150,10,1747,654,1093,563.378051172826,218.99669916980906,2.567975011973859,pass,watch,watch,watch,pass,2.6086577135987605,2.6086577135987605,6.014304972149864e-05,571.2889407027762,1002827.6544127687
70,50,180,10,1747,654,1093,563.378051172826,218.99669916980906,2.567975011973859,pass,watch,watch,watch,pass,2.6086577135987605,2.6086577135987605,6.014304972149864e-05,571.2889407027762,1002827.6544127687
70,50,220,10,1747,654,1093,563.378051172826,218.99669916980906,2.567975011973859,pass,watch,watch,watch,pass,2.6086577135987605,2.6086577135987605,6.014304972149864e-05,571.2889407027762,1002827.6544127687
70,50,260,10,1747,654,1093,563.378051172826,218.99669916980906,2.567975011973859,pass,watch,watch,watch,pass,2.6086577135987605,2.6086577135987605,6.014304972149864e-05,571.2889407027762,1002827.6544127687
70,50,320,10,1747,654,1093,563.378051172826,218.99669916980906,2.567975011973859,pass,watch,watch,watch,pass,2.6086577135987605,2.6086577135987605,6.014304972149864e-05,571.2889407027762,1002827.6544127687
70,30,120,14,2079,986,1093,524.3484656581031,201.63132408295024,2.5955712389350767,pass,watch,watch,watch,pass,2.6397569704738277,2.6397569704738277,8.021799440384251e-05,532.2593551880534,1002841.3882945568
70,30,120,16,2079,986,1093,524.3484656581031,201.63132408295024,2.5955712389350767,pass,watch,watch,watch,pass,2.6397569704738277,2.6397569704738277,8.021799440384251e-05,532.2593551880534,1002841.3882945568
70,30,120,20,2079,986,1093,524.3484656581031,201.63132408295024,2.5955712389350767,pass,watch,watch,watch,pass,2.6397569704738277,2.6397569704738277,8.021799440384251e-05,532.2593551880534,1002841.3882945568
70,30,150,14,2079,986,1093,524.3484656581031,201.63132408295024,2.5955712389350767,pass,watch,watch,watch,pass,2.6397569704738277,2.6397569704738277,8.021799440384251e-05,532.2593551880534,1002841.3882945568
70,30,150,16,2079,986,1093,524.3484656581031,201.63132408295024,2.5955712389350767,pass,watch,watch,watch,pass,2.6397569704738277,2.6397569704738277,8.021799440384251e-05,532.2593551880534,1002841.3882945568
70,30,150,20,2079,986,1093,524.3484656581031,201.63132408295024,2.5955712389350767,pass,watch,watch,watch,pass,2.6397569704738277,2.6397569704738277,8.021799440384251e-05,532.2593551880534,1002841.3882945568
70,30,180,14,2079,986,1093,524.3484656581031,201.63132408295024,2.5955712389350767,pass,watch,watch,watch,pass,2.6397569704738277,2.6397569704738277,8.021799440384251e-05,532.2593551880534,1002841.3882945568
70,30,180,16,2079,986,1093,524.3484656581031,201.63132408295024,2.5955712389350767,pass,watch,watch,watch,pass,2.6397569704738277,2.6397569704738277,8.021799440384251e-05,532.2593551880534,1002841.3882945568
70,30,180,20,2079,986,1093,524.3484656581031,201.63132408295024,2.5955712389350767,pass,watch,watch,watch,pass,2.6397569704738277,2.6397569704738277,8.021799440384251e-05,532.2593551880534,1002841.3882945568
70,30,220,14,2079,986,1093,524.3484656581031,201.63132408295024,2.5955712389350767,pass,watch,watch,watch,pass,2.6397569704738277,2.6397569704738277,8.021799440384251e-05,532.2593551880534,1002841.3882945568
70,30,220,16,2079,986,1093,524.3484656581031,201.63132408295024,2.5955712389350767,pass,watch,watch,watch,pass,2.6397569704738277,2.6397569704738277,8.021799440384251e-05,532.2593551880534,1002841.3882945568
70,30,220,20,2079,986,1093,524.3484656581031,201.63132408295024,2.5955712389350767,pass,watch,watch,watch,pass,2.6397569704738277,2.6397569704738277,8.021799440384251e-05,532.2593551880534,1002841.3882945568
70,30,260,14,2079,986,1093,524.3484656581031,201.63132408295024,2.5955712389350767,pass,watch,watch,watch,pass,2.6397569704738277,2.6397569704738277,8.021799440384251e-05,532.2593551880534,1002841.3882945568
70,30,260,16,2079,986,1093,524.3484656581031,201.63132408295024,2.5955712389350767,pass,watch,watch,watch,pass,2.6397569704738277,2.6397569704738277,8.021799440384251e-05,532.2593551880534,1002841.3882945568
70,30,260,20,2079,986,1093,524.3484656581031,201.63132408295024,2.5955712389350767,pass,watch,watch,watch,pass,2.6397569704738277,2.6397569704738277,8.021799440384251e-05,532.2593551880534,1002841.3882945568
70,30,320,14,2079,986,1093,524.3484656581031,201.63132408295024,2.5955712389350767,pass,watch,watch,watch,pass,2.6397569704738277,2.6397569704738277,8.021799440384251e-05,532.2593551880534,1002841.3882945568
70,30,320,16,2079,986,1093,524.3484656581031,201.63132408295024,2.5955712389350767,pass,watch,watch,watch,pass,2.6397569704738277,2.6397569704738277,8.021799440384251e-05,532.2593551880534,1002841.3882945568
70,30,320,20,2079,986,1093,524.3484656581031,201.63132408295024,2.5955712389350767,pass,watch,watch,watch,pass,2.6397569704738277,2.6397569704738277,8.021799440384251e-05,532.2593551880534,1002841.3882945568
50,60,120,14,1999,562,1437,513.4677211204413,197.04448857421116,2.6007716573480057,pass,watch,watch,watch,pass,2.6459857352434253,2.6459857352434253,1.8775206994863614e-05,521.3786106503916,1002843.0302238177
50,60,120,16,1999,562,1437,513.4677211204413,197.04448857421116,2.6007716573480057,pass,watch,watch,watch,pass,2.6459857352434253,2.6459857352434253,1.8775206994863614e-05,521.3786106503916,1002843.0302238177
50,60,120,20,1999,562,1437,513.4677211204413,197.04448857421116,2.6007716573480057,pass,watch,watch,watch,pass,2.6459857352434253,2.6459857352434253,1.8775206994863614e-05,521.3786106503916,1002843.0302238177
50,60,150,14,1999,562,1437,513.4677211204413,197.04448857421116,2.6007716573480057,pass,watch,watch,watch,pass,2.6459857352434253,2.6459857352434253,1.8775206994863614e-05,521.3786106503916,1002843.0302238177
50,60,150,16,1999,562,1437,513.4677211204413,197.04448857421116,2.6007716573480057,pass,watch,watch,watch,pass,2.6459857352434253,2.6459857352434253,1.8775206994863614e-05,521.3786106503916,1002843.0302238177
50,60,150,20,1999,562,1437,513.4677211204413,197.04448857421116,2.6007716573480057,pass,watch,watch,watch,pass,2.6459857352434253,2.6459857352434253,1.8775206994863614e-05,521.3786106503916,1002843.0302238177
50,60,180,14,1999,562,1437,513.4677211204413,197.04448857421116,2.6007716573480057,pass,watch,watch,watch,pass,2.6459857352434253,2.6459857352434253,1.8775206994863614e-05,521.3786106503916,1002843.0302238177
50,60,180,16,1999,562,1437,513.4677211204413,197.04448857421116,2.6007716573480057,pass,watch,watch,watch,pass,2.6459857352434253,2.6459857352434253,1.8775206994863614e-05,521.3786106503916,1002843.0302238177
50,60,180,20,1999,562,1437,513.4677211204413,197.04448857421116,2.6007716573480057,pass,watch,watch,watch,pass,2.6459857352434253,2.6459857352434253,1.8775206994863614e-05,521.3786106503916,1002843.0302238177
50,60,220,14,1999,562,1437,513.4677211204413,197.04448857421116,2.6007716573480057,pass,watch,watch,watch,pass,2.6459857352434253,2.6459857352434253,1.8775206994863614e-05,521.3786106503916,1002843.0302238177
50,60,220,16,1999,562,1437,513.4677211204413,197.04448857421116,2.6007716573480057,pass,watch,watch,watch,pass,2.6459857352434253,2.6459857352434253,1.8775206994863614e-05,521.3786106503916,1002843.0302238177
50,60,220,20,1999,562,1437,513.4677211204413,197.04448857421116,2.6007716573480057,pass,watch,watch,watch,pass,2.6459857352434253,2.6459857352434253,1.8775206994863614e-05,521.3786106503916,1002843.0302238177
50,60,260,14,1999,562,1437,513.4677211204413,197.04448857421116,2.6007716573480057,pass,watch,watch,watch,pass,2.6459857352434253,2.6459857352434253,1.8775206994863614e-05,521.3786106503916,1002843.0302238177
50,60,260,16,1999,562,1437,513.4677211204413,197.04448857421116,2.6007716573480057,pass,watch,watch,watch,pass,2.6459857352434253,2.6459857352434253,1.8775206994863614e-05,521.3786106503916,1002843.0302238177
50,60,260,20,1999,562,1437,513.4677211204413,197.04448857421116,2.6007716573480057,pass,watch,watch,watch,pass,2.6459857352434253,2.6459857352434253,1.8775206994863614e-05,521.3786106503916,1002843.0302238177
50,60,320,14,1999,562,1437,513.4677211204413,197.04448857421116,2.6007716573480057,pass,watch,watch,watch,pass,2.6459857352434253,2.6459857352434253,1.8775206994863614e-05,521.3786106503916,1002843.0302238177
50,60,320,16,1999,562,1437,513.4677211204413,197.04448857421116,2.6007716573480057,pass,watch,watch,watch,pass,2.6459857352434253,2.6459857352434253,1.8775206994863614e-05,521.3786106503916,1002843.0302238177
50,60,320,20,1999,562,1437,513.4677211204413,197.04448857421116,2.6007716573480057,pass,watch,watch,watch,pass,2.6459857352434253,2.6459857352434253,1.8775206994863614e-05,521.3786106503916,1002843.0302238177
50,60,120,10,1999,562,1437,515.3949715259072,196.11922917151884,2.622868617722517,pass,watch,watch,watch,pass,2.66829589382093,2.66829589382093,0.00011140665293079423,523.3058610558575,1002864.4151229925
50,60,150,10,1999,562,1437,515.3949715259072,196.11922917151884,2.622868617722517,pass,watch,watch,watch,pass,2.66829589382093,2.66829589382093,0.00011140665293079423,523.3058610558575,1002864.4151229925
50,60,180,10,1999,562,1437,515.3949715259072,196.11922917151884,2.622868617722517,pass,watch,watch,watch,pass,2.66829589382093,2.66829589382093,0.00011140665293079423,523.3058610558575,1002864.4151229925
50,60,220,10,1999,562,1437,515.3949715259072,196.11922917151884,2.622868617722517,pass,watch,watch,watch,pass,2.66829589382093,2.66829589382093,0.00011140665293079423,523.3058610558575,1002864.4151229925
50,60,260,10,1999,562,1437,515.3949715259072,196.11922917151884,2.622868617722517,pass,watch,watch,watch,pass,2.66829589382093,2.66829589382093,0.00011140665293079423,523.3058610558575,1002864.4151229925
50,60,320,10,1999,562,1437,515.3949715259072,196.11922917151884,2.622868617722517,pass,watch,watch,watch,pass,2.66829589382093,2.66829589382093,0.00011140665293079423,523.3058610558575,1002864.4151229925
70,30,120,12,2079,986,1093,531.5998507705815,201.42919610418343,2.6341754871331764,pass,watch,watch,watch,pass,2.6784054284875998,2.6784054284875998,7.158731749523855e-05,539.5107403005318,1002879.8346245917
70,30,150,12,2079,986,1093,531.5998507705815,201.42919610418343,2.6341754871331764,pass,watch,watch,watch,pass,2.6784054284875998,2.6784054284875998,7.158731749523855e-05,539.5107403005318,1002879.8346245917
70,30,180,12,2079,986,1093,531.5998507705815,201.42919610418343,2.6341754871331764,pass,watch,watch,watch,pass,2.6784054284875998,2.6784054284875998,7.158731749523855e-05,539.5107403005318,1002879.8346245917
70,30,220,12,2079,986,1093,531.5998507705815,201.42919610418343,2.6341754871331764,pass,watch,watch,watch,pass,2.6784054284875998,2.6784054284875998,7.158731749523855e-05,539.5107403005318,1002879.8346245917
70,30,260,12,2079,986,1093,531.5998507705815,201.42919610418343,2.6341754871331764,pass,watch,watch,watch,pass,2.6784054284875998,2.6784054284875998,7.158731749523855e-05,539.5107403005318,1002879.8346245917
70,30,320,12,2079,986,1093,531.5998507705815,201.42919610418343,2.6341754871331764,pass,watch,watch,watch,pass,2.6784054284875998,2.6784054284875998,7.158731749523855e-05,539.5107403005318,1002879.8346245917
60,60,120,10,1792,562,1230,594.6780483784204,225.3308987208223,2.634694361708326,pass,watch,watch,watch,pass,2.6742334705642845,2.6742334705642845,0.00010509443521247066,602.5889379083707,1002899.564369285
60,60,150,10,1792,562,1230,594.6780483784204,225.3308987208223,2.634694361708326,pass,watch,watch,watch,pass,2.6742334705642845,2.6742334705642845,0.00010509443521247066,602.5889379083707,1002899.564369285
60,60,180,10,1792,562,1230,594.6780483784204,225.3308987208223,2.634694361708326,pass,watch,watch,watch,pass,2.6742334705642845,2.6742334705642845,0.00010509443521247066,602.5889379083707,1002899.564369285
60,60,220,10,1792,562,1230,594.6780483784204,225.3308987208223,2.634694361708326,pass,watch,watch,watch,pass,2.6742334705642845,2.6742334705642845,0.00010509443521247066,602.5889379083707,1002899.564369285
60,60,260,10,1792,562,1230,594.6780483784204,225.3308987208223,2.634694361708326,pass,watch,watch,watch,pass,2.6742334705642845,2.6742334705642845,0.00010509443521247066,602.5889379083707,1002899.564369285
60,60,320,10,1792,562,1230,594.6780483784204,225.3308987208223,2.634694361708326,pass,watch,watch,watch,pass,2.6742334705642845,2.6742334705642845,0.00010509443521247066,602.5889379083707,1002899.564369285
50,50,120,14,2091,654,1437,513.4677211204455,192.59639572079644,2.6608375468425733,pass,watch,watch,watch,pass,2.7070954488803016,2.7070954488803016,0.00019556287008625194,521.3786106503958,1002899.6918446012
50,50,120,16,2091,654,1437,513.4677211204455,192.59639572079644,2.6608375468425733,pass,watch,watch,watch,pass,2.7070954488803016,2.7070954488803016,0.00019556287008625194,521.3786106503958,1002899.6918446012
50,50,120,20,2091,654,1437,513.4677211204455,192.59639572079644,2.6608375468425733,pass,watch,watch,watch,pass,2.7070954488803016,2.7070954488803016,0.00019556287008625194,521.3786106503958,1002899.6918446012
50,50,150,14,2091,654,1437,513.4677211204455,192.59639572079644,2.6608375468425733,pass,watch,watch,watch,pass,2.7070954488803016,2.7070954488803016,0.00019556287008625194,521.3786106503958,1002899.6918446012
50,50,150,16,2091,654,1437,513.4677211204455,192.59639572079644,2.6608375468425733,pass,watch,watch,watch,pass,2.7070954488803016,2.7070954488803016,0.00019556287008625194,521.3786106503958,1002899.6918446012
50,50,150,20,2091,654,1437,513.4677211204455,192.59639572079644,2.6608375468425733,pass,watch,watch,watch,pass,2.7070954488803016,2.7070954488803016,0.00019556287008625194,521.3786106503958,1002899.6918446012
50,50,180,14,2091,654,1437,513.4677211204455,192.59639572079644,2.6608375468425733,pass,watch,watch,watch,pass,2.7070954488803016,2.7070954488803016,0.00019556287008625194,521.3786106503958,1002899.6918446012
50,50,180,16,2091,654,1437,513.4677211204455,192.59639572079644,2.6608375468425733,pass,watch,watch,watch,pass,2.7070954488803016,2.7070954488803016,0.00019556287008625194,521.3786106503958,1002899.6918446012
50,50,180,20,2091,654,1437,513.4677211204455,192.59639572079644,2.6608375468425733,pass,watch,watch,watch,pass,2.7070954488803016,2.7070954488803016,0.00019556287008625194,521.3786106503958,1002899.6918446012
50,50,220,14,2091,654,1437,513.4677211204455,192.59639572079644,2.6608375468425733,pass,watch,watch,watch,pass,2.7070954488803016,2.7070954488803016,0.00019556287008625194,521.3786106503958,1002899.6918446012
50,50,220,16,2091,654,1437,513.4677211204455,192.59639572079644,2.6608375468425733,pass,watch,watch,watch,pass,2.7070954488803016,2.7070954488803016,0.00019556287008625194,521.3786106503958,1002899.6918446012
50,50,220,20,2091,654,1437,513.4677211204455,192.59639572079644,2.6608375468425733,pass,watch,watch,watch,pass,2.7070954488803016,2.7070954488803016,0.00019556287008625194,521.3786106503958,1002899.6918446012
50,50,260,14,2091,654,1437,513.4677211204455,192.59639572079644,2.6608375468425733,pass,watch,watch,watch,pass,2.7070954488803016,2.7070954488803016,0.00019556287008625194,521.3786106503958,1002899.6918446012
50,50,260,16,2091,654,1437,513.4677211204455,192.59639572079644,2.6608375468425733,pass,watch,watch,watch,pass,2.7070954488803016,2.7070954488803016,0.00019556287008625194,521.3786106503958,1002899.6918446012
50,50,260,20,2091,654,1437,513.4677211204455,192.59639572079644,2.6608375468425733,pass,watch,watch,watch,pass,2.7070954488803016,2.7070954488803016,0.00019556287008625194,521.3786106503958,1002899.6918446012
50,50,320,14,2091,654,1437,513.4677211204455,192.59639572079644,2.6608375468425733,pass,watch,watch,watch,pass,2.7070954488803016,2.7070954488803016,0.00019556287008625194,521.3786106503958,1002899.6918446012
50,50,320,16,2091,654,1437,513.4677211204455,192.59639572079644,2.6608375468425733,pass,watch,watch,watch,pass,2.7070954488803016,2.7070954488803016,0.00019556287008625194,521.3786106503958,1002899.6918446012
50,50,320,20,2091,654,1437,513.4677211204455,192.59639572079644,2.6608375468425733,pass,watch,watch,watch,pass,2.7070954488803016,2.7070954488803016,0.00019556287008625194,521.3786106503958,1002899.6918446012
50,60,120,12,1999,562,1437,526.210739774562,196.79625853106103,2.6688044970716054,pass,watch,watch,watch,pass,2.7140753718815525,2.7140753718815525,1.4359829711866401e-05,534.1216293045122,1002910.8716304126
50,60,150,12,1999,562,1437,526.210739774562,196.79625853106103,2.6688044970716054,pass,watch,watch,watch,pass,2.7140753718815525,2.7140753718815525,1.4359829711866401e-05,534.1216293045122,1002910.8716304126
50,60,180,12,1999,562,1437,526.210739774562,196.79625853106103,2.6688044970716054,pass,watch,watch,watch,pass,2.7140753718815525,2.7140753718815525,1.4359829711866401e-05,534.1216293045122,1002910.8716304126
50,60,220,12,1999,562,1437,526.210739774562,196.79625853106103,2.6688044970716054,pass,watch,watch,watch,pass,2.7140753718815525,2.7140753718815525,1.4359829711866401e-05,534.1216293045122,1002910.8716304126
50,60,260,12,1999,562,1437,526.210739774562,196.79625853106103,2.6688044970716054,pass,watch,watch,watch,pass,2.7140753718815525,2.7140753718815525,1.4359829711866401e-05,534.1216293045122,1002910.8716304126
50,60,320,12,1999,562,1437,526.210739774562,196.79625853106103,2.6688044970716054,pass,watch,watch,watch,pass,2.7140753718815525,2.7140753718815525,1.4359829711866401e-05,534.1216293045122,1002910.8716304126
60,60,120,14,1792,562,1230,599.8613994995803,226.30304051951651,2.646280837079315,pass,watch,watch,watch,pass,2.685650096018201,2.685650096018201,1.6844411636254336e-05,607.7722890295306,1002911.9531365377
60,60,120,16,1792,562,1230,599.8613994995803,226.30304051951651,2.646280837079315,pass,watch,watch,watch,pass,2.685650096018201,2.685650096018201,1.6844411636254336e-05,607.7722890295306,1002911.9531365377
60,60,120,20,1792,562,1230,599.8613994995803,226.30304051951651,2.646280837079315,pass,watch,watch,watch,pass,2.685650096018201,2.685650096018201,1.6844411636254336e-05,607.7722890295306,1002911.9531365377
60,60,150,14,1792,562,1230,599.8613994995803,226.30304051951651,2.646280837079315,pass,watch,watch,watch,pass,2.685650096018201,2.685650096018201,1.6844411636254336e-05,607.7722890295306,1002911.9531365377
60,60,150,16,1792,562,1230,599.8613994995803,226.30304051951651,2.646280837079315,pass,watch,watch,watch,pass,2.685650096018201,2.685650096018201,1.6844411636254336e-05,607.7722890295306,1002911.9531365377
60,60,150,20,1792,562,1230,599.8613994995803,226.30304051951651,2.646280837079315,pass,watch,watch,watch,pass,2.685650096018201,2.685650096018201,1.6844411636254336e-05,607.7722890295306,1002911.9531365377
60,60,180,14,1792,562,1230,599.8613994995803,226.30304051951651,2.646280837079315,pass,watch,watch,watch,pass,2.685650096018201,2.685650096018201,1.6844411636254336e-05,607.7722890295306,1002911.9531365377
60,60,180,16,1792,562,1230,599.8613994995803,226.30304051951651,2.646280837079315,pass,watch,watch,watch,pass,2.685650096018201,2.685650096018201,1.6844411636254336e-05,607.7722890295306,1002911.9531365377
60,60,180,20,1792,562,1230,599.8613994995803,226.30304051951651,2.646280837079315,pass,watch,watch,watch,pass,2.685650096018201,2.685650096018201,1.6844411636254336e-05,607.7722890295306,1002911.9531365377
60,60,220,14,1792,562,1230,599.8613994995803,226.30304051951651,2.646280837079315,pass,watch,watch,watch,pass,2.685650096018201,2.685650096018201,1.6844411636254336e-05,607.7722890295306,1002911.9531365377
60,60,220,16,1792,562,1230,599.8613994995803,226.30304051951651,2.646280837079315,pass,watch,watch,watch,pass,2.685650096018201,2.685650096018201,1.6844411636254336e-05,607.7722890295306,1002911.9531365377
60,60,220,20,1792,562,1230,599.8613994995803,226.30304051951651,2.646280837079315,pass,watch,watch,watch,pass,2.685650096018201,2.685650096018201,1.6844411636254336e-05,607.7722890295306,1002911.9531365377
60,60,260,14,1792,562,1230,599.8613994995803,226.30304051951651,2.646280837079315,pass,watch,watch,watch,pass,2.685650096018201,2.685650096018201,1.6844411636254336e-05,607.7722890295306,1002911.9531365377
60,60,260,16,1792,562,1230,599.8613994995803,226.30304051951651,2.646280837079315,pass,watch,watch,watch,pass,2.685650096018201,2.685650096018201,1.6844411636254336e-05,607.7722890295306,1002911.9531365377
60,60,260,20,1792,562,1230,599.8613994995803,226.30304051951651,2.646280837079315,pass,watch,watch,watch,pass,2.685650096018201,2.685650096018201,1.6844411636254336e-05,607.7722890295306,1002911.9531365377
60,60,320,14,1792,562,1230,599.8613994995803,226.30304051951651,2.646280837079315,pass,watch,watch,watch,pass,2.685650096018201,2.685650096018201,1.6844411636254336e-05,607.7722890295306,1002911.9531365377
60,60,320,16,1792,562,1230,599.8613994995803,226.30304051951651,2.646280837079315,pass,watch,watch,watch,pass,2.685650096018201,2.685650096018201,1.6844411636254336e-05,607.7722890295306,1002911.9531365377
60,60,320,20,1792,562,1230,599.8613994995803,226.30304051951651,2.646280837079315,pass,watch,watch,watch,pass,2.685650096018201,2.685650096018201,1.6844411636254336e-05,607.7722890295306,1002911.9531365377
70,40,120,10,1871,778,1093,563.3780511728129,211.51772191762313,2.658775094939016,pass,watch,watch,watch,pass,2.70089576673157,2.70089576673157,0.00019916800585547678,571.2889407027632,1002912.4134886492
70,40,150,10,1871,778,1093,563.3780511728129,211.51772191762313,2.658775094939016,pass,watch,watch,watch,pass,2.70089576673157,2.70089576673157,0.00019916800585547678,571.2889407027632,1002912.4134886492
70,40,180,10,1871,778,1093,563.3780511728129,211.51772191762313,2.658775094939016,pass,watch,watch,watch,pass,2.70089576673157,2.70089576673157,0.00019916800585547678,571.2889407027632,1002912.4134886492
70,40,220,10,1871,778,1093,563.3780511728129,211.51772191762313,2.658775094939016,pass,watch,watch,watch,pass,2.70089576673157,2.70089576673157,0.00019916800585547678,571.2889407027632,1002912.4134886492
70,40,260,10,1871,778,1093,563.3780511728129,211.51772191762313,2.658775094939016,pass,watch,watch,watch,pass,2.70089576673157,2.70089576673157,0.00019916800585547678,571.2889407027632,1002912.4134886492
70,40,320,10,1871,778,1093,563.3780511728129,211.51772191762313,2.658775094939016,pass,watch,watch,watch,pass,2.70089576673157,2.70089576673157,0.00019916800585547678,571.2889407027632,1002912.4134886492
50,50,120,10,2091,654,1437,515.3949715259096,191.7050222479503,2.6832628873989215,pass,watch,watch,watch,pass,2.7297357539559823,2.7297357539559823,6.0889959401998316e-05,523.3058610558599,1002921.440776204
50,50,150,10,2091,654,1437,515.3949715259096,191.7050222479503,2.6832628873989215,pass,watch,watch,watch,pass,2.7297357539559823,2.7297357539559823,6.0889959401998316e-05,523.3058610558599,1002921.440776204
50,50,180,10,2091,654,1437,515.3949715259096,191.7050222479503,2.6832628873989215,pass,watch,watch,watch,pass,2.7297357539559823,2.7297357539559823,6.0889959401998316e-05,523.3058610558599,1002921.440776204
50,50,220,10,2091,654,1437,515.3949715259096,191.7050222479503,2.6832628873989215,pass,watch,watch,watch,pass,2.7297357539559823,2.7297357539559823,6.0889959401998316e-05,523.3058610558599,1002921.440776204
50,50,260,10,2091,654,1437,515.3949715259096,191.7050222479503,2.6832628873989215,pass,watch,watch,watch,pass,2.7297357539559823,2.7297357539559823,6.0889959401998316e-05,523.3058610558599,1002921.440776204
50,50,320,10,2091,654,1437,515.3949715259096,191.7050222479503,2.6832628873989215,pass,watch,watch,watch,pass,2.7297357539559823,2.7297357539559823,6.0889959401998316e-05,523.3058610558599,1002921.440776204
70,30,120,8,2079,986,1093,542.4015354428506,199.96276636435354,2.707511729740521,pass,watch,watch,watch,pass,2.7520657362227006,2.7520657362227006,3.818372788658713e-05,550.3124249728008,1002952.028502587
70,30,150,8,2079,986,1093,542.4015354428506,199.96276636435354,2.707511729740521,pass,watch,watch,watch,pass,2.7520657362227006,2.7520657362227006,3.818372788658713e-05,550.3124249728008,1002952.028502587
70,30,180,8,2079,986,1093,542.4015354428506,199.96276636435354,2.707511729740521,pass,watch,watch,watch,pass,2.7520657362227006,2.7520657362227006,3.818372788658713e-05,550.3124249728008,1002952.028502587
70,30,220,8,2079,986,1093,542.4015354428506,199.96276636435354,2.707511729740521,pass,watch,watch,watch,pass,2.7520657362227006,2.7520657362227006,3.818372788658713e-05,550.3124249728008,1002952.028502587
70,30,260,8,2079,986,1093,542.4015354428506,199.96276636435354,2.707511729740521,pass,watch,watch,watch,pass,2.7520657362227006,2.7520657362227006,3.818372788658713e-05,550.3124249728008,1002952.028502587
70,30,320,8,2079,986,1093,542.4015354428506,199.96276636435354,2.707511729740521,pass,watch,watch,watch,pass,2.7520657362227006,2.7520657362227006,3.818372788658713e-05,550.3124249728008,1002952.028502587
60,50,120,10,1884,654,1230,594.6780483784246,219.68753119051746,2.7023748009784634,pass,watch,watch,watch,pass,2.742929239765223,2.742929239765223,5.631227068919162e-05,602.5889379083749,1002962.6167709559
60,50,150,10,1884,654,1230,594.6780483784246,219.68753119051746,2.7023748009784634,pass,watch,watch,watch,pass,2.742929239765223,2.742929239765223,5.631227068919162e-05,602.5889379083749,1002962.6167709559
60,50,180,10,1884,654,1230,594.6780483784246,219.68753119051746,2.7023748009784634,pass,watch,watch,watch,pass,2.742929239765223,2.742929239765223,5.631227068919162e-05,602.5889379083749,1002962.6167709559
60,50,220,10,1884,654,1230,594.6780483784246,219.68753119051746,2.7023748009784634,pass,watch,watch,watch,pass,2.742929239765223,2.742929239765223,5.631227068919162e-05,602.5889379083749,1002962.6167709559
60,50,260,10,1884,654,1230,594.6780483784246,219.68753119051746,2.7023748009784634,pass,watch,watch,watch,pass,2.742929239765223,2.742929239765223,5.631227068919162e-05,602.5889379083749,1002962.6167709559
60,50,320,10,1884,654,1230,594.6780483784246,219.68753119051746,2.7023748009784634,pass,watch,watch,watch,pass,2.742929239765223,2.742929239765223,5.631227068919162e-05,602.5889379083749,1002962.6167709559
50,50,120,12,2091,654,1437,526.2107397745608,192.3581257449677,2.7303797941496675,pass,watch,watch,watch,pass,2.7766947446081707,2.7766947446081707,0.00019042217738875027,534.1216293045111,1002969.0528703531
50,50,150,12,2091,654,1437,526.2107397745608,192.3581257449677,2.7303797941496675,pass,watch,watch,watch,pass,2.7766947446081707,2.7766947446081707,0.00019042217738875027,534.1216293045111,1002969.0528703531
50,50,180,12,2091,654,1437,526.2107397745608,192.3581257449677,2.7303797941496675,pass,watch,watch,watch,pass,2.7766947446081707,2.7766947446081707,0.00019042217738875027,534.1216293045111,1002969.0528703531
50,50,220,12,2091,654,1437,526.2107397745608,192.3581257449677,2.7303797941496675,pass,watch,watch,watch,pass,2.7766947446081707,2.7766947446081707,0.00019042217738875027,534.1216293045111,1002969.0528703531
50,50,260,12,2091,654,1437,526.2107397745608,192.3581257449677,2.7303797941496675,pass,watch,watch,watch,pass,2.7766947446081707,2.7766947446081707,0.00019042217738875027,534.1216293045111,1002969.0528703531
50,50,320,12,2091,654,1437,526.2107397745608,192.3581257449677,2.7303797941496675,pass,watch,watch,watch,pass,2.7766947446081707,2.7766947446081707,0.00019042217738875027,534.1216293045111,1002969.0528703531
50,40,120,14,2215,778,1437,513.4677211204427,187.05160155599364,2.7397130891019725,pass,watch,watch,watch,pass,2.7873416460282967,2.7873416460282967,8.607965230613557e-05,521.378610650393,1002974.3932475843
50,40,120,16,2215,778,1437,513.4677211204427,187.05160155599364,2.7397130891019725,pass,watch,watch,watch,pass,2.7873416460282967,2.7873416460282967,8.607965230613557e-05,521.378610650393,1002974.3932475843
50,40,120,20,2215,778,1437,513.4677211204427,187.05160155599364,2.7397130891019725,pass,watch,watch,watch,pass,2.7873416460282967,2.7873416460282967,8.607965230613557e-05,521.378610650393,1002974.3932475843
50,40,150,14,2215,778,1437,513.4677211204427,187.05160155599364,2.7397130891019725,pass,watch,watch,watch,pass,2.7873416460282967,2.7873416460282967,8.607965230613557e-05,521.378610650393,1002974.3932475843
50,40,150,16,2215,778,1437,513.4677211204427,187.05160155599364,2.7397130891019725,pass,watch,watch,watch,pass,2.7873416460282967,2.7873416460282967,8.607965230613557e-05,521.378610650393,1002974.3932475843
50,40,150,20,2215,778,1437,513.4677211204427,187.05160155599364,2.7397130891019725,pass,watch,watch,watch,pass,2.7873416460282967,2.7873416460282967,8.607965230613557e-05,521.378610650393,1002974.3932475843
50,40,180,14,2215,778,1437,513.4677211204427,187.05160155599364,2.7397130891019725,pass,watch,watch,watch,pass,2.7873416460282967,2.7873416460282967,8.607965230613557e-05,521.378610650393,1002974.3932475843
50,40,180,16,2215,778,1437,513.4677211204427,187.05160155599364,2.7397130891019725,pass,watch,watch,watch,pass,2.7873416460282967,2.7873416460282967,8.607965230613557e-05,521.378610650393,1002974.3932475843
50,40,180,20,2215,778,1437,513.4677211204427,187.05160155599364,2.7397130891019725,pass,watch,watch,watch,pass,2.7873416460282967,2.7873416460282967,8.607965230613557e-05,521.378610650393,1002974.3932475843
50,40,220,14,2215,778,1437,513.4677211204427,187.05160155599364,2.7397130891019725,pass,watch,watch,watch,pass,2.7873416460282967,2.7873416460282967,8.607965230613557e-05,521.378610650393,1002974.3932475843
50,40,220,16,2215,778,1437,513.4677211204427,187.05160155599364,2.7397130891019725,pass,watch,watch,watch,pass,2.7873416460282967,2.7873416460282967,8.607965230613557e-05,521.378610650393,1002974.3932475843
50,40,220,20,2215,778,1437,513.4677211204427,187.05160155599364,2.7397130891019725,pass,watch,watch,watch,pass,2.7873416460282967,2.7873416460282967,8.607965230613557e-05,521.378610650393,1002974.3932475843
50,40,260,14,2215,778,1437,513.4677211204427,187.05160155599364,2.7397130891019725,pass,watch,watch,watch,pass,2.7873416460282967,2.7873416460282967,8.607965230613557e-05,521.378610650393,1002974.3932475843
50,40,260,16,2215,778,1437,513.4677211204427,187.05160155599364,2.7397130891019725,pass,watch,watch,watch,pass,2.7873416460282967,2.7873416460282967,8.607965230613557e-05,521.378610650393,1002974.3932475843
50,40,260,20,2215,778,1437,513.4677211204427,187.05160155599364,2.7397130891019725,pass,watch,watch,watch,pass,2.7873416460282967,2.7873416460282967,8.607965230613557e-05,521.378610650393,1002974.3932475843
50,40,320,14,2215,778,1437,513.4677211204427,187.05160155599364,2.7397130891019725,pass,watch,watch,watch,pass,2.7873416460282967,2.7873416460282967,8.607965230613557e-05,521.378610650393,1002974.3932475843
50,40,320,16,2215,778,1437,513.4677211204427,187.05160155599364,2.7397130891019725,pass,watch,watch,watch,pass,2.7873416460282967,2.7873416460282967,8.607965230613557e-05,521.378610650393,1002974.3932475843
50,40,320,20,2215,778,1437,513.4677211204427,187.05160155599364,2.7397130891019725,pass,watch,watch,watch,pass,2.7873416460282967,2.7873416460282967,8.607965230613557e-05,521.378610650393,1002974.3932475843
60,50,120,14,1884,654,1230,599.8613994995771,220.61674739357716,2.7144874837231505,pass,watch,watch,watch,pass,2.7548711102857184,2.7548711102857184,0.0001828267452964146,607.7722890295274,1002975.4878576794
60,50,120,16,1884,654,1230,599.8613994995771,220.61674739357716,2.7144874837231505,pass,watch,watch,watch,pass,2.7548711102857184,2.7548711102857184,0.0001828267452964146,607.7722890295274,1002975.4878576794
60,50,120,20,1884,654,1230,599.8613994995771,220.61674739357716,2.7144874837231505,pass,watch,watch,watch,pass,2.7548711102857184,2.7548711102857184,0.0001828267452964146,607.7722890295274,1002975.4878576794
60,50,150,14,1884,654,1230,599.8613994995771,220.61674739357716,2.7144874837231505,pass,watch,watch,watch,pass,2.7548711102857184,2.7548711102857184,0.0001828267452964146,607.7722890295274,1002975.4878576794
60,50,150,16,1884,654,1230,599.8613994995771,220.61674739357716,2.7144874837231505,pass,watch,watch,watch,pass,2.7548711102857184,2.7548711102857184,0.0001828267452964146,607.7722890295274,1002975.4878576794
60,50,150,20,1884,654,1230,599.8613994995771,220.61674739357716,2.7144874837231505,pass,watch,watch,watch,pass,2.7548711102857184,2.7548711102857184,0.0001828267452964146,607.7722890295274,1002975.4878576794
60,50,180,14,1884,654,1230,599.8613994995771,220.61674739357716,2.7144874837231505,pass,watch,watch,watch,pass,2.7548711102857184,2.7548711102857184,0.0001828267452964146,607.7722890295274,1002975.4878576794
60,50,180,16,1884,654,1230,599.8613994995771,220.61674739357716,2.7144874837231505,pass,watch,watch,watch,pass,2.7548711102857184,2.7548711102857184,0.0001828267452964146,607.7722890295274,1002975.4878576794
60,50,180,20,1884,654,1230,599.8613994995771,220.61674739357716,2.7144874837231505,pass,watch,watch,watch,pass,2.7548711102857184,2.7548711102857184,0.0001828267452964146,607.7722890295274,1002975.4878576794
60,50,220,14,1884,654,1230,599.8613994995771,220.61674739357716,2.7144874837231505,pass,watch,watch,watch,pass,2.7548711102857184,2.7548711102857184,0.0001828267452964146,607.7722890295274,1002975.4878576794
60,50,220,16,1884,654,1230,599.8613994995771,220.61674739357716,2.7144874837231505,pass,watch,watch,watch,pass,2.7548711102857184,2.7548711102857184,0.0001828267452964146,607.7722890295274,1002975.4878576794
60,50,220,20,1884,654,1230,599.8613994995771,220.61674739357716,2.7144874837231505,pass,watch,watch,watch,pass,2.7548711102857184,2.7548711102857184,0.0001828267452964146,607.7722890295274,1002975.4878576794
60,50,260,14,1884,654,1230,599.8613994995771,220.61674739357716,2.7144874837231505,pass,watch,watch,watch,pass,2.7548711102857184,2.7548711102857184,0.0001828267452964146,607.7722890295274,1002975.4878576794
60,50,260,16,1884,654,1230,599.8613994995771,220.61674739357716,2.7144874837231505,pass,watch,watch,watch,pass,2.7548711102857184,2.7548711102857184,0.0001828267452964146,607.7722890295274,1002975.4878576794
60,50,260,20,1884,654,1230,599.8613994995771,220.61674739357716,2.7144874837231505,pass,watch,watch,watch,pass,2.7548711102857184,2.7548711102857184,0.0001828267452964146,607.7722890295274,1002975.4878576794
60,50,320,14,1884,654,1230,599.8613994995771,220.61674739357716,2.7144874837231505,pass,watch,watch,watch,pass,2.7548711102857184,2.7548711102857184,0.0001828267452964146,607.7722890295274,1002975.4878576794
60,50,320,16,1884,654,1230,599.8613994995771,220.61674739357716,2.7144874837231505,pass,watch,watch,watch,pass,2.7548711102857184,2.7548711102857184,0.0001828267452964146,607.7722890295274,1002975.4878576794
60,50,320,20,1884,654,1230,599.8613994995771,220.61674739357716,2.7144874837231505,pass,watch,watch,watch,pass,2.7548711102857184,2.7548711102857184,0.0001828267452964146,607.7722890295274,1002975.4878576794
60,60,120,12,1792,562,1230,616.2080142739946,225.98495013383297,2.7223406421961096,pass,watch,watch,watch,pass,2.761765117666008,2.761765117666008,1.2710205020988056e-05,624.1189038039449,1002987.7500677998
60,60,150,12,1792,562,1230,616.2080142739946,225.98495013383297,2.7223406421961096,pass,watch,watch,watch,pass,2.761765117666008,2.761765117666008,1.2710205020988056e-05,624.1189038039449,1002987.7500677998
60,60,180,12,1792,562,1230,616.2080142739946,225.98495013383297,2.7223406421961096,pass,watch,watch,watch,pass,2.761765117666008,2.761765117666008,1.2710205020988056e-05,624.1189038039449,1002987.7500677998
60,60,220,12,1792,562,1230,616.2080142739946,225.98495013383297,2.7223406421961096,pass,watch,watch,watch,pass,2.761765117666008,2.761765117666008,1.2710205020988056e-05,624.1189038039449,1002987.7500677998
60,60,260,12,1792,562,1230,616.2080142739946,225.98495013383297,2.7223406421961096,pass,watch,watch,watch,pass,2.761765117666008,2.761765117666008,1.2710205020988056e-05,624.1189038039449,1002987.7500677998
60,60,320,12,1792,562,1230,616.2080142739946,225.98495013383297,2.7223406421961096,pass,watch,watch,watch,pass,2.761765117666008,2.761765117666008,1.2710205020988056e-05,624.1189038039449,1002987.7500677998
50,40,120,10,2215,778,1437,515.3949715259085,186.2012278413426,2.7625756150448786,pass,watch,watch,watch,pass,2.810421558822248,2.810421558822248,0.00019662757629548133,523.3058610558588,1002996.6227866636
50,40,150,10,2215,778,1437,515.3949715259085,186.2012278413426,2.7625756150448786,pass,watch,watch,watch,pass,2.810421558822248,2.810421558822248,0.00019662757629548133,523.3058610558588,1002996.6227866636
50,40,180,10,2215,778,1437,515.3949715259085,186.2012278413426,2.7625756150448786,pass,watch,watch,watch,pass,2.810421558822248,2.810421558822248,0.00019662757629548133,523.3058610558588,1002996.6227866636
50,40,220,10,2215,778,1437,515.3949715259085,186.2012278413426,2.7625756150448786,pass,watch,watch,watch,pass,2.810421558822248,2.810421558822248,0.00019662757629548133,523.3058610558588,1002996.6227866636
50,40,260,10,2215,778,1437,515.3949715259085,186.2012278413426,2.7625756150448786,pass,watch,watch,watch,pass,2.810421558822248,2.810421558822248,0.00019662757629548133,523.3058610558588,1002996.6227866636
50,40,320,10,2215,778,1437,515.3949715259085,186.2012278413426,2.7625756150448786,pass,watch,watch,watch,pass,2.810421558822248,2.810421558822248,0.00019662757629548133,523.3058610558588,1002996.6227866636
70,20,120,14,2404,1311,1093,524.3484656581114,187.32193166905327,2.793845125314666,pass,watch,watch,watch,pass,2.8414047669727798,2.8414047669727798,9.549417055420116e-06,532.2593551880617,1003028.7266986418
70,20,120,16,2404,1311,1093,524.3484656581114,187.32193166905327,2.793845125314666,pass,watch,watch,watch,pass,2.8414047669727798,2.8414047669727798,9.549417055420116e-06,532.2593551880617,1003028.7266986418
70,20,120,20,2404,1311,1093,524.3484656581114,187.32193166905327,2.793845125314666,pass,watch,watch,watch,pass,2.8414047669727798,2.8414047669727798,9.549417055420116e-06,532.2593551880617,1003028.7266986418
70,20,150,14,2404,1311,1093,524.3484656581114,187.32193166905327,2.793845125314666,pass,watch,watch,watch,pass,2.8414047669727798,2.8414047669727798,9.549417055420116e-06,532.2593551880617,1003028.7266986418
70,20,150,16,2404,1311,1093,524.3484656581114,187.32193166905327,2.793845125314666,pass,watch,watch,watch,pass,2.8414047669727798,2.8414047669727798,9.549417055420116e-06,532.2593551880617,1003028.7266986418
70,20,150,20,2404,1311,1093,524.3484656581114,187.32193166905327,2.793845125314666,pass,watch,watch,watch,pass,2.8414047669727798,2.8414047669727798,9.549417055420116e-06,532.2593551880617,1003028.7266986418
70,20,180,14,2404,1311,1093,524.3484656581114,187.32193166905327,2.793845125314666,pass,watch,watch,watch,pass,2.8414047669727798,2.8414047669727798,9.549417055420116e-06,532.2593551880617,1003028.7266986418
70,20,180,16,2404,1311,1093,524.3484656581114,187.32193166905327,2.793845125314666,pass,watch,watch,watch,pass,2.8414047669727798,2.8414047669727798,9.549417055420116e-06,532.2593551880617,1003028.7266986418
70,20,180,20,2404,1311,1093,524.3484656581114,187.32193166905327,2.793845125314666,pass,watch,watch,watch,pass,2.8414047669727798,2.8414047669727798,9.549417055420116e-06,532.2593551880617,1003028.7266986418
70,20,220,14,2404,1311,1093,524.3484656581114,187.32193166905327,2.793845125314666,pass,watch,watch,watch,pass,2.8414047669727798,2.8414047669727798,9.549417055420116e-06,532.2593551880617,1003028.7266986418
70,20,220,16,2404,1311,1093,524.3484656581114,187.32193166905327,2.793845125314666,pass,watch,watch,watch,pass,2.8414047669727798,2.8414047669727798,9.549417055420116e-06,532.2593551880617,1003028.7266986418
70,20,220,20,2404,1311,1093,524.3484656581114,187.32193166905327,2.793845125314666,pass,watch,watch,watch,pass,2.8414047669727798,2.8414047669727798,9.549417055420116e-06,532.2593551880617,1003028.7266986418
70,20,260,14,2404,1311,1093,524.3484656581114,187.32193166905327,2.793845125314666,pass,watch,watch,watch,pass,2.8414047669727798,2.8414047669727798,9.549417055420116e-06,532.2593551880617,1003028.7266986418
70,20,260,16,2404,1311,1093,524.3484656581114,187.32193166905327,2.793845125314666,pass,watch,watch,watch,pass,2.8414047669727798,2.8414047669727798,9.549417055420116e-06,532.2593551880617,1003028.7266986418
70,20,260,20,2404,1311,1093,524.3484656581114,187.32193166905327,2.793845125314666,pass,watch,watch,watch,pass,2.8414047669727798,2.8414047669727798,9.549417055420116e-06,532.2593551880617,1003028.7266986418
70,20,320,14,2404,1311,1093,524.3484656581114,187.32193166905327,2.793845125314666,pass,watch,watch,watch,pass,2.8414047669727798,2.8414047669727798,9.549417055420116e-06,532.2593551880617,1003028.7266986418
70,20,320,16,2404,1311,1093,524.3484656581114,187.32193166905327,2.793845125314666,pass,watch,watch,watch,pass,2.8414047669727798,2.8414047669727798,9.549417055420116e-06,532.2593551880617,1003028.7266986418
70,20,320,20,2404,1311,1093,524.3484656581114,187.32193166905327,2.793845125314666,pass,watch,watch,watch,pass,2.8414047669727798,2.8414047669727798,9.549417055420116e-06,532.2593551880617,1003028.7266986418
100,60,120,14,1384,562,822,665.2169686104145,240.2860119957158,2.7642764682542453,pass,watch,watch,watch,pass,2.801354821122283,2.801354821122283,2.0279857367587933e-05,673.1278581403648,1003041.640833118
100,60,120,16,1384,562,822,665.2169686104145,240.2860119957158,2.7642764682542453,pass,watch,watch,watch,pass,2.801354821122283,2.801354821122283,2.0279857367587933e-05,673.1278581403648,1003041.640833118
100,60,120,20,1384,562,822,665.2169686104145,240.2860119957158,2.7642764682542453,pass,watch,watch,watch,pass,2.801354821122283,2.801354821122283,2.0279857367587933e-05,673.1278581403648,1003041.640833118
100,60,150,14,1384,562,822,665.2169686104145,240.2860119957158,2.7642764682542453,pass,watch,watch,watch,pass,2.801354821122283,2.801354821122283,2.0279857367587933e-05,673.1278581403648,1003041.640833118
100,60,150,16,1384,562,822,665.2169686104145,240.2860119957158,2.7642764682542453,pass,watch,watch,watch,pass,2.801354821122283,2.801354821122283,2.0279857367587933e-05,673.1278581403648,1003041.640833118
100,60,150,20,1384,562,822,665.2169686104145,240.2860119957158,2.7642764682542453,pass,watch,watch,watch,pass,2.801354821122283,2.801354821122283,2.0279857367587933e-05,673.1278581403648,1003041.640833118
100,60,180,14,1384,562,822,665.2169686104145,240.2860119957158,2.7642764682542453,pass,watch,watch,watch,pass,2.801354821122283,2.801354821122283,2.0279857367587933e-05,673.1278581403648,1003041.640833118
100,60,180,16,1384,562,822,665.2169686104145,240.2860119957158,2.7642764682542453,pass,watch,watch,watch,pass,2.801354821122283,2.801354821122283,2.0279857367587933e-05,673.1278581403648,1003041.640833118
100,60,180,20,1384,562,822,665.2169686104145,240.2860119957158,2.7642764682542453,pass,watch,watch,watch,pass,2.801354821122283,2.801354821122283,2.0279857367587933e-05,673.1278581403648,1003041.640833118
100,60,220,14,1384,562,822,665.2169686104145,240.2860119957158,2.7642764682542453,pass,watch,watch,watch,pass,2.801354821122283,2.801354821122283,2.0279857367587933e-05,673.1278581403648,1003041.640833118
100,60,220,16,1384,562,822,665.2169686104145,240.2860119957158,2.7642764682542453,pass,watch,watch,watch,pass,2.801354821122283,2.801354821122283,2.0279857367587933e-05,673.1278581403648,1003041.640833118
100,60,220,20,1384,562,822,665.2169686104145,240.2860119957158,2.7642764682542453,pass,watch,watch,watch,pass,2.801354821122283,2.801354821122283,2.0279857367587933e-05,673.1278581403648,1003041.640833118
100,60,260,14,1384,562,822,665.2169686104145,240.2860119957158,2.7642764682542453,pass,watch,watch,watch,pass,2.801354821122283,2.801354821122283,2.0279857367587933e-05,673.1278581403648,1003041.640833118
100,60,260,16,1384,562,822,665.2169686104145,240.2860119957158,2.7642764682542453,pass,watch,watch,watch,pass,2.801354821122283,2.801354821122283,2.0279857367587933e-05,673.1278581403648,1003041.640833118
100,60,260,20,1384,562,822,665.2169686104145,240.2860119957158,2.7642764682542453,pass,watch,watch,watch,pass,2.801354821122283,2.801354821122283,2.0279857367587933e-05,673.1278581403648,1003041.640833118
100,60,320,14,1384,562,822,665.2169686104145,240.2860119957158,2.7642764682542453,pass,watch,watch,watch,pass,2.801354821122283,2.801354821122283,2.0279857367587933e-05,673.1278581403648,1003041.640833118
100,60,320,16,1384,562,822,665.2169686104145,240.2860119957158,2.7642764682542453,pass,watch,watch,watch,pass,2.801354821122283,2.801354821122283,2.0279857367587933e-05,673.1278581403648,1003041.640833118
100,60,320,20,1384,562,822,665.2169686104145,240.2860119957158,2.7642764682542453,pass,watch,watch,watch,pass,2.801354821122283,2.801354821122283,2.0279857367587933e-05,673.1278581403648,1003041.640833118
50,60,120,8,1999,562,1437,548.2527692252311,195.13489964647886,2.804484334768796,pass,watch,watch,watch,pass,2.8501401112397065,2.8501401112397065,0.00010004269764696409,556.1636587551814,1003045.2750108863
50,60,150,8,1999,562,1437,548.2527692252311,195.13489964647886,2.804484334768796,pass,watch,watch,watch,pass,2.8501401112397065,2.8501401112397065,0.00010004269764696409,556.1636587551814,1003045.2750108863
50,60,180,8,1999,562,1437,548.2527692252311,195.13489964647886,2.804484334768796,pass,watch,watch,watch,pass,2.8501401112397065,2.8501401112397065,0.00010004269764696409,556.1636587551814,1003045.2750108863
50,60,220,8,1999,562,1437,548.2527692252311,195.13489964647886,2.804484334768796,pass,watch,watch,watch,pass,2.8501401112397065,2.8501401112397065,0.00010004269764696409,556.1636587551814,1003045.2750108863
50,60,260,8,1999,562,1437,548.2527692252311,195.13489964647886,2.804484334768796,pass,watch,watch,watch,pass,2.8501401112397065,2.8501401112397065,0.00010004269764696409,556.1636587551814,1003045.2750108863
50,60,320,8,1999,562,1437,548.2527692252311,195.13489964647886,2.804484334768796,pass,watch,watch,watch,pass,2.8501401112397065,2.8501401112397065,0.00010004269764696409,556.1636587551814,1003045.2750108863
60,40,120,10,2008,778,1230,594.6780483784236,212.71153758435452,2.791000690985039,pass,watch,watch,watch,pass,2.8328846384720108,2.8328846384720108,0.00018602049029370774,602.5889379083739,1003045.5961760563
60,40,150,10,2008,778,1230,594.6780483784236,212.71153758435452,2.791000690985039,pass,watch,watch,watch,pass,2.8328846384720108,2.8328846384720108,0.00018602049029370774,602.5889379083739,1003045.5961760563
60,40,180,10,2008,778,1230,594.6780483784236,212.71153758435452,2.791000690985039,pass,watch,watch,watch,pass,2.8328846384720108,2.8328846384720108,0.00018602049029370774,602.5889379083739,1003045.5961760563
60,40,220,10,2008,778,1230,594.6780483784236,212.71153758435452,2.791000690985039,pass,watch,watch,watch,pass,2.8328846384720108,2.8328846384720108,0.00018602049029370774,602.5889379083739,1003045.5961760563
60,40,260,10,2008,778,1230,594.6780483784236,212.71153758435452,2.791000690985039,pass,watch,watch,watch,pass,2.8328846384720108,2.8328846384720108,0.00018602049029370774,602.5889379083739,1003045.5961760563
60,40,320,10,2008,778,1230,594.6780483784236,212.71153758435452,2.791000690985039,pass,watch,watch,watch,pass,2.8328846384720108,2.8328846384720108,0.00018602049029370774,602.5889379083739,1003045.5961760563
50,40,120,12,2215,778,1437,526.2107397745642,186.82533070690562,2.8112394491008432,pass,watch,watch,watch,pass,2.8589254180628734,2.8589254180628734,8.563300987780647e-05,534.1216293045145,1003045.7507487697
50,40,150,12,2215,778,1437,526.2107397745642,186.82533070690562,2.8112394491008432,pass,watch,watch,watch,pass,2.8589254180628734,2.8589254180628734,8.563300987780647e-05,534.1216293045145,1003045.7507487697
50,40,180,12,2215,778,1437,526.2107397745642,186.82533070690562,2.8112394491008432,pass,watch,watch,watch,pass,2.8589254180628734,2.8589254180628734,8.563300987780647e-05,534.1216293045145,1003045.7507487697
50,40,220,12,2215,778,1437,526.2107397745642,186.82533070690562,2.8112394491008432,pass,watch,watch,watch,pass,2.8589254180628734,2.8589254180628734,8.563300987780647e-05,534.1216293045145,1003045.7507487697
50,40,260,12,2215,778,1437,526.2107397745642,186.82533070690562,2.8112394491008432,pass,watch,watch,watch,pass,2.8589254180628734,2.8589254180628734,8.563300987780647e-05,534.1216293045145,1003045.7507487697
50,40,320,12,2215,778,1437,526.2107397745642,186.82533070690562,2.8112394491008432,pass,watch,watch,watch,pass,2.8589254180628734,2.8589254180628734,8.563300987780647e-05,534.1216293045145,1003045.7507487697
70,30,120,10,2079,986,1093,563.3780511728132,200.52766477149012,2.8044911000866994,pass,watch,watch,watch,pass,2.848919314052698,2.848919314052698,8.004675552012788e-05,571.2889407027635,1003049.4469788242
70,30,150,10,2079,986,1093,563.3780511728132,200.52766477149012,2.8044911000866994,pass,watch,watch,watch,pass,2.848919314052698,2.848919314052698,8.004675552012788e-05,571.2889407027635,1003049.4469788242
70,30,180,10,2079,986,1093,563.3780511728132,200.52766477149012,2.8044911000866994,pass,watch,watch,watch,pass,2.848919314052698,2.848919314052698,8.004675552012788e-05,571.2889407027635,1003049.4469788242
70,30,220,10,2079,986,1093,563.3780511728132,200.52766477149012,2.8044911000866994,pass,watch,watch,watch,pass,2.848919314052698,2.848919314052698,8.004675552012788e-05,571.2889407027635,1003049.4469788242
70,30,260,10,2079,986,1093,563.3780511728132,200.52766477149012,2.8044911000866994,pass,watch,watch,watch,pass,2.848919314052698,2.848919314052698,8.004675552012788e-05,571.2889407027635,1003049.4469788242
70,30,320,10,2079,986,1093,563.3780511728132,200.52766477149012,2.8044911000866994,pass,watch,watch,watch,pass,2.848919314052698,2.848919314052698,8.004675552012788e-05,571.2889407027635,1003049.4469788242
60,50,120,12,1884,654,1230,616.2080142739915,220.31284725884262,2.792429138511345,pass,watch,watch,watch,pass,2.832868256438056,2.832868256438056,0.00017799360629023036,624.1189038039417,1003053.1811036969
60,50,150,12,1884,654,1230,616.2080142739915,220.31284725884262,2.792429138511345,pass,watch,watch,watch,pass,2.832868256438056,2.832868256438056,0.00017799360629023036,624.1189038039417,1003053.1811036969
60,50,180,12,1884,654,1230,616.2080142739915,220.31284725884262,2.792429138511345,pass,watch,watch,watch,pass,2.832868256438056,2.832868256438056,0.00017799360629023036,624.1189038039417,1003053.1811036969
60,50,220,12,1884,654,1230,616.2080142739915,220.31284725884262,2.792429138511345,pass,watch,watch,watch,pass,2.832868256438056,2.832868256438056,0.00017799360629023036,624.1189038039417,1003053.1811036969
60,50,260,12,1884,654,1230,616.2080142739915,220.31284725884262,2.792429138511345,pass,watch,watch,watch,pass,2.832868256438056,2.832868256438056,0.00017799360629023036,624.1189038039417,1003053.1811036969
60,50,320,12,1884,654,1230,616.2080142739915,220.31284725884262,2.792429138511345,pass,watch,watch,watch,pass,2.832868256438056,2.832868256438056,0.00017799360629023036,624.1189038039417,1003053.1811036969
60,40,120,14,2008,778,1230,599.8613994995756,213.58964751842248,2.803794127933671,pass,watch,watch,watch,pass,2.845505879522877,2.845505879522877,8.189214412398738e-05,607.7722890295258,1003059.0955270414
60,40,120,16,2008,778,1230,599.8613994995756,213.58964751842248,2.803794127933671,pass,watch,watch,watch,pass,2.845505879522877,2.845505879522877,8.189214412398738e-05,607.7722890295258,1003059.0955270414
60,40,120,20,2008,778,1230,599.8613994995756,213.58964751842248,2.803794127933671,pass,watch,watch,watch,pass,2.845505879522877,2.845505879522877,8.189214412398738e-05,607.7722890295258,1003059.0955270414
60,40,150,14,2008,778,1230,599.8613994995756,213.58964751842248,2.803794127933671,pass,watch,watch,watch,pass,2.845505879522877,2.845505879522877,8.189214412398738e-05,607.7722890295258,1003059.0955270414
60,40,150,16,2008,778,1230,599.8613994995756,213.58964751842248,2.803794127933671,pass,watch,watch,watch,pass,2.845505879522877,2.845505879522877,8.189214412398738e-05,607.7722890295258,1003059.0955270414
60,40,150,20,2008,778,1230,599.8613994995756,213.58964751842248,2.803794127933671,pass,watch,watch,watch,pass,2.845505879522877,2.845505879522877,8.189214412398738e-05,607.7722890295258,1003059.0955270414
60,40,180,14,2008,778,1230,599.8613994995756,213.58964751842248,2.803794127933671,pass,watch,watch,watch,pass,2.845505879522877,2.845505879522877,8.189214412398738e-05,607.7722890295258,1003059.0955270414
60,40,180,16,2008,778,1230,599.8613994995756,213.58964751842248,2.803794127933671,pass,watch,watch,watch,pass,2.845505879522877,2.845505879522877,8.189214412398738e-05,607.7722890295258,1003059.0955270414
60,40,180,20,2008,778,1230,599.8613994995756,213.58964751842248,2.803794127933671,pass,watch,watch,watch,pass,2.845505879522877,2.845505879522877,8.189214412398738e-05,607.7722890295258,1003059.0955270414
60,40,220,14,2008,778,1230,599.8613994995756,213.58964751842248,2.803794127933671,pass,watch,watch,watch,pass,2.845505879522877,2.845505879522877,8.189214412398738e-05,607.7722890295258,1003059.0955270414
60,40,220,16,2008,778,1230,599.8613994995756,213.58964751842248,2.803794127933671,pass,watch,watch,watch,pass,2.845505879522877,2.845505879522877,8.189214412398738e-05,607.7722890295258,1003059.0955270414
60,40,220,20,2008,778,1230,599.8613994995756,213.58964751842248,2.803794127933671,pass,watch,watch,watch,pass,2.845505879522877,2.845505879522877,8.189214412398738e-05,607.7722890295258,1003059.0955270414
60,40,260,14,2008,778,1230,599.8613994995756,213.58964751842248,2.803794127933671,pass,watch,watch,watch,pass,2.845505879522877,2.845505879522877,8.189214412398738e-05,607.7722890295258,1003059.0955270414
60,40,260,16,2008,778,1230,599.8613994995756,213.58964751842248,2.803794127933671,pass,watch,watch,watch,pass,2.845505879522877,2.845505879522877,8.189214412398738e-05,607.7722890295258,1003059.0955270414
60,40,260,20,2008,778,1230,599.8613994995756,213.58964751842248,2.803794127933671,pass,watch,watch,watch,pass,2.845505879522877,2.845505879522877,8.189214412398738e-05,607.7722890295258,1003059.0955270414
60,40,320,14,2008,778,1230,599.8613994995756,213.58964751842248,2.803794127933671,pass,watch,watch,watch,pass,2.845505879522877,2.845505879522877,8.189214412398738e-05,607.7722890295258,1003059.0955270414
60,40,320,16,2008,778,1230,599.8613994995756,213.58964751842248,2.803794127933671,pass,watch,watch,watch,pass,2.845505879522877,2.845505879522877,8.189214412398738e-05,607.7722890295258,1003059.0955270414
60,40,320,20,2008,778,1230,599.8613994995756,213.58964751842248,2.803794127933671,pass,watch,watch,watch,pass,2.845505879522877,2.845505879522877,8.189214412398738e-05,607.7722890295258,1003059.0955270414
60,60,120,8,1792,562,1230,629.539587122037,224.30068341119946,2.802218778664023,pass,watch,watch,watch,pass,2.8419390370365516,2.8419390370365516,9.44559717773739e-05,637.4504766519873,1003066.2397204477
60,60,150,8,1792,562,1230,629.539587122037,224.30068341119946,2.802218778664023,pass,watch,watch,watch,pass,2.8419390370365516,2.8419390370365516,9.44559717773739e-05,637.4504766519873,1003066.2397204477
60,60,180,8,1792,562,1230,629.539587122037,224.30068341119946,2.802218778664023,pass,watch,watch,watch,pass,2.8419390370365516,2.8419390370365516,9.44559717773739e-05,637.4504766519873,1003066.2397204477
60,60,220,8,1792,562,1230,629.539587122037,224.30068341119946,2.802218778664023,pass,watch,watch,watch,pass,2.8419390370365516,2.8419390370365516,9.44559717773739e-05,637.4504766519873,1003066.2397204477
60,60,260,8,1792,562,1230,629.539587122037,224.30068341119946,2.802218778664023,pass,watch,watch,watch,pass,2.8419390370365516,2.8419390370365516,9.44559717773739e-05,637.4504766519873,1003066.2397204477
60,60,320,8,1792,562,1230,629.539587122037,224.30068341119946,2.802218778664023,pass,watch,watch,watch,pass,2.8419390370365516,2.8419390370365516,9.44559717773739e-05,637.4504766519873,1003066.2397204477
70,20,120,12,2404,1311,1093,531.5998507705843,187.14664037260977,2.83520906233827,pass,watch,watch,watch,pass,2.8828130911114034,2.8828130911114034,6.479998127346808e-07,539.5107403005346,1003069.959731484
70,20,150,12,2404,1311,1093,531.5998507705843,187.14664037260977,2.83520906233827,pass,watch,watch,watch,pass,2.8828130911114034,2.8828130911114034,6.479998127346808e-07,539.5107403005346,1003069.959731484
70,20,180,12,2404,1311,1093,531.5998507705843,187.14664037260977,2.83520906233827,pass,watch,watch,watch,pass,2.8828130911114034,2.8828130911114034,6.479998127346808e-07,539.5107403005346,1003069.959731484
70,20,220,12,2404,1311,1093,531.5998507705843,187.14664037260977,2.83520906233827,pass,watch,watch,watch,pass,2.8828130911114034,2.8828130911114034,6.479998127346808e-07,539.5107403005346,1003069.959731484
70,20,260,12,2404,1311,1093,531.5998507705843,187.14664037260977,2.83520906233827,pass,watch,watch,watch,pass,2.8828130911114034,2.8828130911114034,6.479998127346808e-07,539.5107403005346,1003069.959731484
70,20,320,12,2404,1311,1093,531.5998507705843,187.14664037260977,2.83520906233827,pass,watch,watch,watch,pass,2.8828130911114034,2.8828130911114034,6.479998127346808e-07,539.5107403005346,1003069.959731484
50,30,120,14,2423,986,1437,513.467721120448,178.73755113895126,2.867151965856652,pass,watch,watch,watch,pass,2.9169949771316497,2.9169949771316497,7.975340591693188e-05,521.3786106503983,1003095.7325282706
50,30,120,16,2423,986,1437,513.467721120448,178.73755113895126,2.867151965856652,pass,watch,watch,watch,pass,2.9169949771316497,2.9169949771316497,7.975340591693188e-05,521.3786106503983,1003095.7325282706
50,30,120,20,2423,986,1437,513.467721120448,178.73755113895126,2.867151965856652,pass,watch,watch,watch,pass,2.9169949771316497,2.9169949771316497,7.975340591693188e-05,521.3786106503983,1003095.7325282706
50,30,150,14,2423,986,1437,513.467721120448,178.73755113895126,2.867151965856652,pass,watch,watch,watch,pass,2.9169949771316497,2.9169949771316497,7.975340591693188e-05,521.3786106503983,1003095.7325282706
50,30,150,16,2423,986,1437,513.467721120448,178.73755113895126,2.867151965856652,pass,watch,watch,watch,pass,2.9169949771316497,2.9169949771316497,7.975340591693188e-05,521.3786106503983,1003095.7325282706
50,30,150,20,2423,986,1437,513.467721120448,178.73755113895126,2.867151965856652,pass,watch,watch,watch,pass,2.9169949771316497,2.9169949771316497,7.975340591693188e-05,521.3786106503983,1003095.7325282706
50,30,180,14,2423,986,1437,513.467721120448,178.73755113895126,2.867151965856652,pass,watch,watch,watch,pass,2.9169949771316497,2.9169949771316497,7.975340591693188e-05,521.3786106503983,1003095.7325282706
50,30,180,16,2423,986,1437,513.467721120448,178.73755113895126,2.867151965856652,pass,watch,watch,watch,pass,2.9169949771316497,2.9169949771316497,7.975340591693188e-05,521.3786106503983,1003095.7325282706
50,30,180,20,2423,986,1437,513.467721120448,178.73755113895126,2.867151965856652,pass,watch,watch,watch,pass,2.9169949771316497,2.9169949771316497,7.975340591693188e-05,521.3786106503983,1003095.7325282706
50,30,220,14,2423,986,1437,513.467721120448,178.73755113895126,2.867151965856652,pass,watch,watch,watch,pass,2.9169949771316497,2.9169949771316497,7.975340591693188e-05,521.3786106503983,1003095.7325282706
50,30,220,16,2423,986,1437,513.467721120448,178.73755113895126,2.867151965856652,pass,watch,watch,watch,pass,2.9169949771316497,2.9169949771316497,7.975340591693188e-05,521.3786106503983,1003095.7325282706
50,30,220,20,2423,986,1437,513.467721120448,178.73755113895126,2.867151965856652,pass,watch,watch,watch,pass,2.9169949771316497,2.9169949771316497,7.975340591693188e-05,521.3786106503983,1003095.7325282706
50,30,260,14,2423,986,1437,513.467721120448,178.73755113895126,2.867151965856652,pass,watch,watch,watch,pass,2.9169949771316497,2.9169949771316497,7.975340591693188e-05,521.3786106503983,1003095.7325282706
50,30,260,16,2423,986,1437,513.467721120448,178.73755113895126,2.867151965856652,pass,watch,watch,watch,pass,2.9169949771316497,2.9169949771316497,7.975340591693188e-05,521.3786106503983,1003095.7325282706
50,30,260,20,2423,986,1437,513.467721120448,178.73755113895126,2.867151965856652,pass,watch,watch,watch,pass,2.9169949771316497,2.9169949771316497,7.975340591693188e-05,521.3786106503983,1003095.7325282706
50,30,320,14,2423,986,1437,513.467721120448,178.73755113895126,2.867151965856652,pass,watch,watch,watch,pass,2.9169949771316497,2.9169949771316497,7.975340591693188e-05,521.3786106503983,1003095.7325282706
50,30,320,16,2423,986,1437,513.467721120448,178.73755113895126,2.867151965856652,pass,watch,watch,watch,pass,2.9169949771316497,2.9169949771316497,7.975340591693188e-05,521.3786106503983,1003095.7325282706
50,30,320,20,2423,986,1437,513.467721120448,178.73755113895126,2.867151965856652,pass,watch,watch,watch,pass,2.9169949771316497,2.9169949771316497,7.975340591693188e-05,521.3786106503983,1003095.7325282706
50,50,120,8,2091,654,1437,548.2527692252268,190.75142821842093,2.8689314378217503,pass,watch,watch,watch,pass,2.91563593302116,2.91563593302116,9.552292128312452e-05,556.163658755177,1003106.3873612396
50,50,150,8,2091,654,1437,548.2527692252268,190.75142821842093,2.8689314378217503,pass,watch,watch,watch,pass,2.91563593302116,2.91563593302116,9.552292128312452e-05,556.163658755177,1003106.3873612396
50,50,180,8,2091,654,1437,548.2527692252268,190.75142821842093,2.8689314378217503,pass,watch,watch,watch,pass,2.91563593302116,2.91563593302116,9.552292128312452e-05,556.163658755177,1003106.3873612396
50,50,220,8,2091,654,1437,548.2527692252268,190.75142821842093,2.8689314378217503,pass,watch,watch,watch,pass,2.91563593302116,2.91563593302116,9.552292128312452e-05,556.163658755177,1003106.3873612396
50,50,260,8,2091,654,1437,548.2527692252268,190.75142821842093,2.8689314378217503,pass,watch,watch,watch,pass,2.91563593302116,2.91563593302116,9.552292128312452e-05,556.163658755177,1003106.3873612396
50,50,320,8,2091,654,1437,548.2527692252268,190.75142821842093,2.8689314378217503,pass,watch,watch,watch,pass,2.91563593302116,2.91563593302116,9.552292128312452e-05,556.163658755177,1003106.3873612396
50,30,120,10,2423,986,1437,515.3949715259032,177.94615416849,2.890733851088703,pass,watch,watch,watch,pass,2.940798386752486,2.940798386752486,7.77885224168386e-05,523.3058610558535,1003118.744540921
50,30,150,10,2423,986,1437,515.3949715259032,177.94615416849,2.890733851088703,pass,watch,watch,watch,pass,2.940798386752486,2.940798386752486,7.77885224168386e-05,523.3058610558535,1003118.744540921
50,30,180,10,2423,986,1437,515.3949715259032,177.94615416849,2.890733851088703,pass,watch,watch,watch,pass,2.940798386752486,2.940798386752486,7.77885224168386e-05,523.3058610558535,1003118.744540921
50,30,220,10,2423,986,1437,515.3949715259032,177.94615416849,2.890733851088703,pass,watch,watch,watch,pass,2.940798386752486,2.940798386752486,7.77885224168386e-05,523.3058610558535,1003118.744540921
50,30,260,10,2423,986,1437,515.3949715259032,177.94615416849,2.890733851088703,pass,watch,watch,watch,pass,2.940798386752486,2.940798386752486,7.77885224168386e-05,523.3058610558535,1003118.744540921
50,30,320,10,2423,986,1437,515.3949715259032,177.94615416849,2.890733851088703,pass,watch,watch,watch,pass,2.940798386752486,2.940798386752486,7.77885224168386e-05,523.3058610558535,1003118.744540921
100,50,120,14,1476,654,822,665.2169686104115,232.51644665410356,2.8566451026086552,pass,watch,watch,watch,pass,2.894962000660926,2.894962000660926,0.0002133659778038155,673.1278581403618,1003127.478447315
100,50,120,16,1476,654,822,665.2169686104115,232.51644665410356,2.8566451026086552,pass,watch,watch,watch,pass,2.894962000660926,2.894962000660926,0.0002133659778038155,673.1278581403618,1003127.478447315
100,50,120,20,1476,654,822,665.2169686104115,232.51644665410356,2.8566451026086552,pass,watch,watch,watch,pass,2.894962000660926,2.894962000660926,0.0002133659778038155,673.1278581403618,1003127.478447315
100,50,150,14,1476,654,822,665.2169686104115,232.51644665410356,2.8566451026086552,pass,watch,watch,watch,pass,2.894962000660926,2.894962000660926,0.0002133659778038155,673.1278581403618,1003127.478447315
100,50,150,16,1476,654,822,665.2169686104115,232.51644665410356,2.8566451026086552,pass,watch,watch,watch,pass,2.894962000660926,2.894962000660926,0.0002133659778038155,673.1278581403618,1003127.478447315
100,50,150,20,1476,654,822,665.2169686104115,232.51644665410356,2.8566451026086552,pass,watch,watch,watch,pass,2.894962000660926,2.894962000660926,0.0002133659778038155,673.1278581403618,1003127.478447315
100,50,180,14,1476,654,822,665.2169686104115,232.51644665410356,2.8566451026086552,pass,watch,watch,watch,pass,2.894962000660926,2.894962000660926,0.0002133659778038155,673.1278581403618,1003127.478447315
100,50,180,16,1476,654,822,665.2169686104115,232.51644665410356,2.8566451026086552,pass,watch,watch,watch,pass,2.894962000660926,2.894962000660926,0.0002133659778038155,673.1278581403618,1003127.478447315
100,50,180,20,1476,654,822,665.2169686104115,232.51644665410356,2.8566451026086552,pass,watch,watch,watch,pass,2.894962000660926,2.894962000660926,0.0002133659778038155,673.1278581403618,1003127.478447315
100,50,220,14,1476,654,822,665.2169686104115,232.51644665410356,2.8566451026086552,pass,watch,watch,watch,pass,2.894962000660926,2.894962000660926,0.0002133659778038155,673.1278581403618,1003127.478447315
100,50,220,16,1476,654,822,665.2169686104115,232.51644665410356,2.8566451026086552,pass,watch,watch,watch,pass,2.894962000660926,2.894962000660926,0.0002133659778038155,673.1278581403618,1003127.478447315
100,50,220,20,1476,654,822,665.2169686104115,232.51644665410356,2.8566451026086552,pass,watch,watch,watch,pass,2.894962000660926,2.894962000660926,0.0002133659778038155,673.1278581403618,1003127.478447315
100,50,260,14,1476,654,822,665.2169686104115,232.51644665410356,2.8566451026086552,pass,watch,watch,watch,pass,2.894962000660926,2.894962000660926,0.0002133659778038155,673.1278581403618,1003127.478447315
100,50,260,16,1476,654,822,665.2169686104115,232.51644665410356,2.8566451026086552,pass,watch,watch,watch,pass,2.894962000660926,2.894962000660926,0.0002133659778038155,673.1278581403618,1003127.478447315
100,50,260,20,1476,654,822,665.2169686104115,232.51644665410356,2.8566451026086552,pass,watch,watch,watch,pass,2.894962000660926,2.894962000660926,0.0002133659778038155,673.1278581403618,1003127.478447315
100,50,320,14,1476,654,822,665.2169686104115,232.51644665410356,2.8566451026086552,pass,watch,watch,watch,pass,2.894962000660926,2.894962000660926,0.0002133659778038155,673.1278581403618,1003127.478447315
100,50,320,16,1476,654,822,665.2169686104115,232.51644665410356,2.8566451026086552,pass,watch,watch,watch,pass,2.894962000660926,2.894962000660926,0.0002133659778038155,673.1278581403618,1003127.478447315
100,50,320,20,1476,654,822,665.2169686104115,232.51644665410356,2.8566451026086552,pass,watch,watch,watch,pass,2.894962000660926,2.894962000660926,0.0002133659778038155,673.1278581403618,1003127.478447315
60,50,120,8,1884,654,1230,629.5395871220397,218.69532677448825,2.8740421498360136,pass,watch,watch,watch,pass,2.914780092078442,2.914780092078442,8.879553998847156e-05,637.45047665199,1003133.475418853
60,50,150,8,1884,654,1230,629.5395871220397,218.69532677448825,2.8740421498360136,pass,watch,watch,watch,pass,2.914780092078442,2.914780092078442,8.879553998847156e-05,637.45047665199,1003133.475418853
60,50,180,8,1884,654,1230,629.5395871220397,218.69532677448825,2.8740421498360136,pass,watch,watch,watch,pass,2.914780092078442,2.914780092078442,8.879553998847156e-05,637.45047665199,1003133.475418853
60,50,220,8,1884,654,1230,629.5395871220397,218.69532677448825,2.8740421498360136,pass,watch,watch,watch,pass,2.914780092078442,2.914780092078442,8.879553998847156e-05,637.45047665199,1003133.475418853
60,50,260,8,1884,654,1230,629.5395871220397,218.69532677448825,2.8740421498360136,pass,watch,watch,watch,pass,2.914780092078442,2.914780092078442,8.879553998847156e-05,637.45047665199,1003133.475418853
60,50,320,8,1884,654,1230,629.5395871220397,218.69532677448825,2.8740421498360136,pass,watch,watch,watch,pass,2.914780092078442,2.914780092078442,8.879553998847156e-05,637.45047665199,1003133.475418853
60,40,120,12,2008,778,1230,616.2080142739891,213.3026320153038,2.8842026395147804,pass,watch,watch,watch,pass,2.925970282377728,2.925970282377728,8.146611755685506e-05,624.1189038039394,1003139.272914393
60,40,150,12,2008,778,1230,616.2080142739891,213.3026320153038,2.8842026395147804,pass,watch,watch,watch,pass,2.925970282377728,2.925970282377728,8.146611755685506e-05,624.1189038039394,1003139.272914393
60,40,180,12,2008,778,1230,616.2080142739891,213.3026320153038,2.8842026395147804,pass,watch,watch,watch,pass,2.925970282377728,2.925970282377728,8.146611755685506e-05,624.1189038039394,1003139.272914393
60,40,220,12,2008,778,1230,616.2080142739891,213.3026320153038,2.8842026395147804,pass,watch,watch,watch,pass,2.925970282377728,2.925970282377728,8.146611755685506e-05,624.1189038039394,1003139.272914393
60,40,260,12,2008,778,1230,616.2080142739891,213.3026320153038,2.8842026395147804,pass,watch,watch,watch,pass,2.925970282377728,2.925970282377728,8.146611755685506e-05,624.1189038039394,1003139.272914393
60,40,320,12,2008,778,1230,616.2080142739891,213.3026320153038,2.8842026395147804,pass,watch,watch,watch,pass,2.925970282377728,2.925970282377728,8.146611755685506e-05,624.1189038039394,1003139.272914393
70,20,120,8,2404,1311,1093,542.4015354428584,185.83357753820292,2.913367662695722,pass,watch,watch,watch,pass,2.9613076891069405,2.9613076891069405,0.00013208420784734231,550.3124249728087,1003147.1412666452
70,20,150,8,2404,1311,1093,542.4015354428584,185.83357753820292,2.913367662695722,pass,watch,watch,watch,pass,2.9613076891069405,2.9613076891069405,0.00013208420784734231,550.3124249728087,1003147.1412666452
70,20,180,8,2404,1311,1093,542.4015354428584,185.83357753820292,2.913367662695722,pass,watch,watch,watch,pass,2.9613076891069405,2.9613076891069405,0.00013208420784734231,550.3124249728087,1003147.1412666452
70,20,220,8,2404,1311,1093,542.4015354428584,185.83357753820292,2.913367662695722,pass,watch,watch,watch,pass,2.9613076891069405,2.9613076891069405,0.00013208420784734231,550.3124249728087,1003147.1412666452
70,20,260,8,2404,1311,1093,542.4015354428584,185.83357753820292,2.913367662695722,pass,watch,watch,watch,pass,2.9613076891069405,2.9613076891069405,0.00013208420784734231,550.3124249728087,1003147.1412666452
70,20,320,8,2404,1311,1093,542.4015354428584,185.83357753820292,2.913367662695722,pass,watch,watch,watch,pass,2.9613076891069405,2.9613076891069405,0.00013208420784734231,550.3124249728087,1003147.1412666452
100,60,120,12,1384,562,822,691.5377793493491,239.61539792503356,2.88185895117388,pass,watch,watch,watch,pass,2.919040798118073,2.919040798118073,1.5508961797712757e-05,699.4486688792994,1003158.6561960431
100,60,150,12,1384,562,822,691.5377793493491,239.61539792503356,2.88185895117388,pass,watch,watch,watch,pass,2.919040798118073,2.919040798118073,1.5508961797712757e-05,699.4486688792994,1003158.6561960431
100,60,180,12,1384,562,822,691.5377793493491,239.61539792503356,2.88185895117388,pass,watch,watch,watch,pass,2.919040798118073,2.919040798118073,1.5508961797712757e-05,699.4486688792994,1003158.6561960431
100,60,220,12,1384,562,822,691.5377793493491,239.61539792503356,2.88185895117388,pass,watch,watch,watch,pass,2.919040798118073,2.919040798118073,1.5508961797712757e-05,699.4486688792994,1003158.6561960431
100,60,260,12,1384,562,822,691.5377793493491,239.61539792503356,2.88185895117388,pass,watch,watch,watch,pass,2.919040798118073,2.919040798118073,1.5508961797712757e-05,699.4486688792994,1003158.6561960431
100,60,320,12,1384,562,822,691.5377793493491,239.61539792503356,2.88185895117388,pass,watch,watch,watch,pass,2.919040798118073,2.919040798118073,1.5508961797712757e-05,699.4486688792994,1003158.6561960431
50,30,120,12,2423,986,1437,526.2107397745708,178.52843313331013,2.9418884743271527,pass,watch,watch,watch,pass,2.9917895573626017,2.9917895573626017,7.12460770663471e-05,534.1216293045211,1003170.3179904958
50,30,150,12,2423,986,1437,526.2107397745708,178.52843313331013,2.9418884743271527,pass,watch,watch,watch,pass,2.9917895573626017,2.9917895573626017,7.12460770663471e-05,534.1216293045211,1003170.3179904958
50,30,180,12,2423,986,1437,526.2107397745708,178.52843313331013,2.9418884743271527,pass,watch,watch,watch,pass,2.9917895573626017,2.9917895573626017,7.12460770663471e-05,534.1216293045211,1003170.3179904958
50,30,220,12,2423,986,1437,526.2107397745708,178.52843313331013,2.9418884743271527,pass,watch,watch,watch,pass,2.9917895573626017,2.9917895573626017,7.12460770663471e-05,534.1216293045211,1003170.3179904958
50,30,260,12,2423,986,1437,526.2107397745708,178.52843313331013,2.9418884743271527,pass,watch,watch,watch,pass,2.9917895573626017,2.9917895573626017,7.12460770663471e-05,534.1216293045211,1003170.3179904958
50,30,320,12,2423,986,1437,526.2107397745708,178.52843313331013,2.9418884743271527,pass,watch,watch,watch,pass,2.9917895573626017,2.9917895573626017,7.12460770663471e-05,534.1216293045211,1003170.3179904958
60,30,120,10,2216,986,1230,594.6780483784224,202.36789159934025,2.933657329166728,pass,watch,watch,watch,pass,2.977681218301898,2.977681218301898,7.450099043300344e-05,602.5889379083727,1003180.0491099012
60,30,150,10,2216,986,1230,594.6780483784224,202.36789159934025,2.933657329166728,pass,watch,watch,watch,pass,2.977681218301898,2.977681218301898,7.450099043300344e-05,602.5889379083727,1003180.0491099012
60,30,180,10,2216,986,1230,594.6780483784224,202.36789159934025,2.933657329166728,pass,watch,watch,watch,pass,2.977681218301898,2.977681218301898,7.450099043300344e-05,602.5889379083727,1003180.0491099012
60,30,220,10,2216,986,1230,594.6780483784224,202.36789159934025,2.933657329166728,pass,watch,watch,watch,pass,2.977681218301898,2.977681218301898,7.450099043300344e-05,602.5889379083727,1003180.0491099012
60,30,260,10,2216,986,1230,594.6780483784224,202.36789159934025,2.933657329166728,pass,watch,watch,watch,pass,2.977681218301898,2.977681218301898,7.450099043300344e-05,602.5889379083727,1003180.0491099012
60,30,320,10,2216,986,1230,594.6780483784224,202.36789159934025,2.933657329166728,pass,watch,watch,watch,pass,2.977681218301898,2.977681218301898,7.450099043300344e-05,602.5889379083727,1003180.0491099012
50,40,120,8,2215,778,1437,548.2527692252298,185.2851382318654,2.953570774469774,pass,watch,watch,watch,pass,3.0016525206410196,3.0016525206410196,0.00017206041428944176,556.1636587551801,1003186.9376588728
50,40,150,8,2215,778,1437,548.2527692252298,185.2851382318654,2.953570774469774,pass,watch,watch,watch,pass,3.0016525206410196,3.0016525206410196,0.00017206041428944176,556.1636587551801,1003186.9376588728
50,40,180,8,2215,778,1437,548.2527692252298,185.2851382318654,2.953570774469774,pass,watch,watch,watch,pass,3.0016525206410196,3.0016525206410196,0.00017206041428944176,556.1636587551801,1003186.9376588728
50,40,220,8,2215,778,1437,548.2527692252298,185.2851382318654,2.953570774469774,pass,watch,watch,watch,pass,3.0016525206410196,3.0016525206410196,0.00017206041428944176,556.1636587551801,1003186.9376588728
50,40,260,8,2215,778,1437,548.2527692252298,185.2851382318654,2.953570774469774,pass,watch,watch,watch,pass,3.0016525206410196,3.0016525206410196,0.00017206041428944176,556.1636587551801,1003186.9376588728
50,40,320,8,2215,778,1437,548.2527692252298,185.2851382318654,2.953570774469774,pass,watch,watch,watch,pass,3.0016525206410196,3.0016525206410196,0.00017206041428944176,556.1636587551801,1003186.9376588728
60,30,120,14,2216,986,1230,599.8613994995891,203.17406269384176,2.9475287916154893,pass,watch,watch,watch,pass,2.9913779934272315,2.9913779934272315,7.463296185477203e-05,607.7722890295394,1003194.552056121
60,30,120,16,2216,986,1230,599.8613994995891,203.17406269384176,2.9475287916154893,pass,watch,watch,watch,pass,2.9913779934272315,2.9913779934272315,7.463296185477203e-05,607.7722890295394,1003194.552056121
60,30,120,20,2216,986,1230,599.8613994995891,203.17406269384176,2.9475287916154893,pass,watch,watch,watch,pass,2.9913779934272315,2.9913779934272315,7.463296185477203e-05,607.7722890295394,1003194.552056121
60,30,150,14,2216,986,1230,599.8613994995891,203.17406269384176,2.9475287916154893,pass,watch,watch,watch,pass,2.9913779934272315,2.9913779934272315,7.463296185477203e-05,607.7722890295394,1003194.552056121
60,30,150,16,2216,986,1230,599.8613994995891,203.17406269384176,2.9475287916154893,pass,watch,watch,watch,pass,2.9913779934272315,2.9913779934272315,7.463296185477203e-05,607.7722890295394,1003194.552056121
60,30,150,20,2216,986,1230,599.8613994995891,203.17406269384176,2.9475287916154893,pass,watch,watch,watch,pass,2.9913779934272315,2.9913779934272315,7.463296185477203e-05,607.7722890295394,1003194.552056121
60,30,180,14,2216,986,1230,599.8613994995891,203.17406269384176,2.9475287916154893,pass,watch,watch,watch,pass,2.9913779934272315,2.9913779934272315,7.463296185477203e-05,607.7722890295394,1003194.552056121
60,30,180,16,2216,986,1230,599.8613994995891,203.17406269384176,2.9475287916154893,pass,watch,watch,watch,pass,2.9913779934272315,2.9913779934272315,7.463296185477203e-05,607.7722890295394,1003194.552056121
60,30,180,20,2216,986,1230,599.8613994995891,203.17406269384176,2.9475287916154893,pass,watch,watch,watch,pass,2.9913779934272315,2.9913779934272315,7.463296185477203e-05,607.7722890295394,1003194.552056121
60,30,220,14,2216,986,1230,599.8613994995891,203.17406269384176,2.9475287916154893,pass,watch,watch,watch,pass,2.9913779934272315,2.9913779934272315,7.463296185477203e-05,607.7722890295394,1003194.552056121
60,30,220,16,2216,986,1230,599.8613994995891,203.17406269384176,2.9475287916154893,pass,watch,watch,watch,pass,2.9913779934272315,2.9913779934272315,7.463296185477203e-05,607.7722890295394,1003194.552056121
60,30,220,20,2216,986,1230,599.8613994995891,203.17406269384176,2.9475287916154893,pass,watch,watch,watch,pass,2.9913779934272315,2.9913779934272315,7.463296185477203e-05,607.7722890295394,1003194.552056121
60,30,260,14,2216,986,1230,599.8613994995891,203.17406269384176,2.9475287916154893,pass,watch,watch,watch,pass,2.9913779934272315,2.9913779934272315,7.463296185477203e-05,607.7722890295394,1003194.552056121
60,30,260,16,2216,986,1230,599.8613994995891,203.17406269384176,2.9475287916154893,pass,watch,watch,watch,pass,2.9913779934272315,2.9913779934272315,7.463296185477203e-05,607.7722890295394,1003194.552056121
60,30,260,20,2216,986,1230,599.8613994995891,203.17406269384176,2.9475287916154893,pass,watch,watch,watch,pass,2.9913779934272315,2.9913779934272315,7.463296185477203e-05,607.7722890295394,1003194.552056121
60,30,320,14,2216,986,1230,599.8613994995891,203.17406269384176,2.9475287916154893,pass,watch,watch,watch,pass,2.9913779934272315,2.9913779934272315,7.463296185477203e-05,607.7722890295394,1003194.552056121
60,30,320,16,2216,986,1230,599.8613994995891,203.17406269384176,2.9475287916154893,pass,watch,watch,watch,pass,2.9913779934272315,2.9913779934272315,7.463296185477203e-05,607.7722890295394,1003194.552056121
60,30,320,20,2216,986,1230,599.8613994995891,203.17406269384176,2.9475287916154893,pass,watch,watch,watch,pass,2.9913779934272315,2.9913779934272315,7.463296185477203e-05,607.7722890295394,1003194.552056121
60,40,120,8,2008,778,1230,629.5395871220366,211.76504124461175,2.9680989054090596,pass,watch,watch,watch,pass,3.0101695181270856,3.0101695181270856,0.00016287786684909822,637.4504766519868,1003221.9345593717
60,40,150,8,2008,778,1230,629.5395871220366,211.76504124461175,2.9680989054090596,pass,watch,watch,watch,pass,3.0101695181270856,3.0101695181270856,0.00016287786684909822,637.4504766519868,1003221.9345593717
60,40,180,8,2008,778,1230,629.5395871220366,211.76504124461175,2.9680989054090596,pass,watch,watch,watch,pass,3.0101695181270856,3.0101695181270856,0.00016287786684909822,637.4504766519868,1003221.9345593717
60,40,220,8,2008,778,1230,629.5395871220366,211.76504124461175,2.9680989054090596,pass,watch,watch,watch,pass,3.0101695181270856,3.0101695181270856,0.00016287786684909822,637.4504766519868,1003221.9345593717
60,40,260,8,2008,778,1230,629.5395871220366,211.76504124461175,2.9680989054090596,pass,watch,watch,watch,pass,3.0101695181270856,3.0101695181270856,0.00016287786684909822,637.4504766519868,1003221.9345593717
60,40,320,8,2008,778,1230,629.5395871220366,211.76504124461175,2.9680989054090596,pass,watch,watch,watch,pass,3.0101695181270856,3.0101695181270856,0.00016287786684909822,637.4504766519868,1003221.9345593717
100,40,120,14,1600,778,822,665.2169686104149,223.14543069871166,2.9766102157262315,pass,watch,watch,watch,pass,3.016535628568177,3.016535628568177,9.504255493251684e-05,673.1278581403652,1003239.6810592669
100,40,120,16,1600,778,822,665.2169686104149,223.14543069871166,2.9766102157262315,pass,watch,watch,watch,pass,3.016535628568177,3.016535628568177,9.504255493251684e-05,673.1278581403652,1003239.6810592669
100,40,120,20,1600,778,822,665.2169686104149,223.14543069871166,2.9766102157262315,pass,watch,watch,watch,pass,3.016535628568177,3.016535628568177,9.504255493251684e-05,673.1278581403652,1003239.6810592669
100,40,150,14,1600,778,822,665.2169686104149,223.14543069871166,2.9766102157262315,pass,watch,watch,watch,pass,3.016535628568177,3.016535628568177,9.504255493251684e-05,673.1278581403652,1003239.6810592669
100,40,150,16,1600,778,822,665.2169686104149,223.14543069871166,2.9766102157262315,pass,watch,watch,watch,pass,3.016535628568177,3.016535628568177,9.504255493251684e-05,673.1278581403652,1003239.6810592669
100,40,150,20,1600,778,822,665.2169686104149,223.14543069871166,2.9766102157262315,pass,watch,watch,watch,pass,3.016535628568177,3.016535628568177,9.504255493251684e-05,673.1278581403652,1003239.6810592669
100,40,180,14,1600,778,822,665.2169686104149,223.14543069871166,2.9766102157262315,pass,watch,watch,watch,pass,3.016535628568177,3.016535628568177,9.504255493251684e-05,673.1278581403652,1003239.6810592669
100,40,180,16,1600,778,822,665.2169686104149,223.14543069871166,2.9766102157262315,pass,watch,watch,watch,pass,3.016535628568177,3.016535628568177,9.504255493251684e-05,673.1278581403652,1003239.6810592669
100,40,180,20,1600,778,822,665.2169686104149,223.14543069871166,2.9766102157262315,pass,watch,watch,watch,pass,3.016535628568177,3.016535628568177,9.504255493251684e-05,673.1278581403652,1003239.6810592669
100,40,220,14,1600,778,822,665.2169686104149,223.14543069871166,2.9766102157262315,pass,watch,watch,watch,pass,3.016535628568177,3.016535628568177,9.504255493251684e-05,673.1278581403652,1003239.6810592669
100,40,220,16,1600,778,822,665.2169686104149,223.14543069871166,2.9766102157262315,pass,watch,watch,watch,pass,3.016535628568177,3.016535628568177,9.504255493251684e-05,673.1278581403652,1003239.6810592669
100,40,220,20,1600,778,822,665.2169686104149,223.14543069871166,2.9766102157262315,pass,watch,watch,watch,pass,3.016535628568177,3.016535628568177,9.504255493251684e-05,673.1278581403652,1003239.6810592669
100,40,260,14,1600,778,822,665.2169686104149,223.14543069871166,2.9766102157262315,pass,watch,watch,watch,pass,3.016535628568177,3.016535628568177,9.504255493251684e-05,673.1278581403652,1003239.6810592669
100,40,260,16,1600,778,822,665.2169686104149,223.14543069871166,2.9766102157262315,pass,watch,watch,watch,pass,3.016535628568177,3.016535628568177,9.504255493251684e-05,673.1278581403652,1003239.6810592669
100,40,260,20,1600,778,822,665.2169686104149,223.14543069871166,2.9766102157262315,pass,watch,watch,watch,pass,3.016535628568177,3.016535628568177,9.504255493251684e-05,673.1278581403652,1003239.6810592669
100,40,320,14,1600,778,822,665.2169686104149,223.14543069871166,2.9766102157262315,pass,watch,watch,watch,pass,3.016535628568177,3.016535628568177,9.504255493251684e-05,673.1278581403652,1003239.6810592669
100,40,320,16,1600,778,822,665.2169686104149,223.14543069871166,2.9766102157262315,pass,watch,watch,watch,pass,3.016535628568177,3.016535628568177,9.504255493251684e-05,673.1278581403652,1003239.6810592669
100,40,320,20,1600,778,822,665.2169686104149,223.14543069871166,2.9766102157262315,pass,watch,watch,watch,pass,3.016535628568177,3.016535628568177,9.504255493251684e-05,673.1278581403652,1003239.6810592669
100,60,120,8,1384,562,822,706.1782657694603,237.49967778404104,2.9691756736220936,pass,watch,watch,watch,pass,3.006688492625622,3.006688492625622,0.00010816301285452956,714.0891552994105,1003244.1881704096
100,60,150,8,1384,562,822,706.1782657694603,237.49967778404104,2.9691756736220936,pass,watch,watch,watch,pass,3.006688492625622,3.006688492625622,0.00010816301285452956,714.0891552994105,1003244.1881704096
100,60,180,8,1384,562,822,706.1782657694603,237.49967778404104,2.9691756736220936,pass,watch,watch,watch,pass,3.006688492625622,3.006688492625622,0.00010816301285452956,714.0891552994105,1003244.1881704096
100,60,220,8,1384,562,822,706.1782657694603,237.49967778404104,2.9691756736220936,pass,watch,watch,watch,pass,3.006688492625622,3.006688492625622,0.00010816301285452956,714.0891552994105,1003244.1881704096
100,60,260,8,1384,562,822,706.1782657694603,237.49967778404104,2.9691756736220936,pass,watch,watch,watch,pass,3.006688492625622,3.006688492625622,0.00010816301285452956,714.0891552994105,1003244.1881704096
100,60,320,8,1384,562,822,706.1782657694603,237.49967778404104,2.9691756736220936,pass,watch,watch,watch,pass,3.006688492625622,3.006688492625622,0.00010816301285452956,714.0891552994105,1003244.1881704096
100,60,120,10,1384,562,822,708.097885916924,237.98754157116838,2.9711550497506685,pass,watch,watch,watch,pass,3.008590978736538,3.008590978736538,0.00012030751096350791,716.0087754468743,1003246.5785203077
100,60,150,10,1384,562,822,708.097885916924,237.98754157116838,2.9711550497506685,pass,watch,watch,watch,pass,3.008590978736538,3.008590978736538,0.00012030751096350791,716.0087754468743,1003246.5785203077
100,60,180,10,1384,562,822,708.097885916924,237.98754157116838,2.9711550497506685,pass,watch,watch,watch,pass,3.008590978736538,3.008590978736538,0.00012030751096350791,716.0087754468743,1003246.5785203077
100,60,220,10,1384,562,822,708.097885916924,237.98754157116838,2.9711550497506685,pass,watch,watch,watch,pass,3.008590978736538,3.008590978736538,0.00012030751096350791,716.0087754468743,1003246.5785203077
100,60,260,10,1384,562,822,708.097885916924,237.98754157116838,2.9711550497506685,pass,watch,watch,watch,pass,3.008590978736538,3.008590978736538,0.00012030751096350791,716.0087754468743,1003246.5785203077
100,60,320,10,1384,562,822,708.097885916924,237.98754157116838,2.9711550497506685,pass,watch,watch,watch,pass,3.008590978736538,3.008590978736538,0.00012030751096350791,716.0087754468743,1003246.5785203077
100,50,120,12,1476,654,822,691.5377793493412,231.87839669254376,2.9780168795325554,pass,watch,watch,watch,pass,3.016438907005771,3.016438907005771,0.0002077298958139991,699.4486688792915,1003248.3173036984
100,50,150,12,1476,654,822,691.5377793493412,231.87839669254376,2.9780168795325554,pass,watch,watch,watch,pass,3.016438907005771,3.016438907005771,0.0002077298958139991,699.4486688792915,1003248.3173036984
100,50,180,12,1476,654,822,691.5377793493412,231.87839669254376,2.9780168795325554,pass,watch,watch,watch,pass,3.016438907005771,3.016438907005771,0.0002077298958139991,699.4486688792915,1003248.3173036984
100,50,220,12,1476,654,822,691.5377793493412,231.87839669254376,2.9780168795325554,pass,watch,watch,watch,pass,3.016438907005771,3.016438907005771,0.0002077298958139991,699.4486688792915,1003248.3173036984
100,50,260,12,1476,654,822,691.5377793493412,231.87839669254376,2.9780168795325554,pass,watch,watch,watch,pass,3.016438907005771,3.016438907005771,0.0002077298958139991,699.4486688792915,1003248.3173036984
100,50,320,12,1476,654,822,691.5377793493412,231.87839669254376,2.9780168795325554,pass,watch,watch,watch,pass,3.016438907005771,3.016438907005771,0.0002077298958139991,699.4486688792915,1003248.3173036984
70,20,120,10,2404,1311,1093,563.378051172817,186.33384018204808,3.018120866415751,pass,watch,watch,watch,pass,3.0659318317193422,3.0659318317193422,0.00015031035482888515,571.2889407027673,1003252.2656719014
70,20,150,10,2404,1311,1093,563.378051172817,186.33384018204808,3.018120866415751,pass,watch,watch,watch,pass,3.0659318317193422,3.0659318317193422,0.00015031035482888515,571.2889407027673,1003252.2656719014
70,20,180,10,2404,1311,1093,563.378051172817,186.33384018204808,3.018120866415751,pass,watch,watch,watch,pass,3.0659318317193422,3.0659318317193422,0.00015031035482888515,571.2889407027673,1003252.2656719014
70,20,220,10,2404,1311,1093,563.378051172817,186.33384018204808,3.018120866415751,pass,watch,watch,watch,pass,3.0659318317193422,3.0659318317193422,0.00015031035482888515,571.2889407027673,1003252.2656719014
70,20,260,10,2404,1311,1093,563.378051172817,186.33384018204808,3.018120866415751,pass,watch,watch,watch,pass,3.0659318317193422,3.0659318317193422,0.00015031035482888515,571.2889407027673,1003252.2656719014
70,20,320,10,2404,1311,1093,563.378051172817,186.33384018204808,3.018120866415751,pass,watch,watch,watch,pass,3.0659318317193422,3.0659318317193422,0.00015031035482888515,571.2889407027673,1003252.2656719014
50,20,120,14,2748,1311,1437,513.4677211204469,167.71134023098122,3.0556533649701225,pass,watch,watch,watch,pass,3.108771635897816,3.108771635897816,1.0222333930342936e-05,521.3786106503971,1003276.4829761288
50,20,120,16,2748,1311,1437,513.4677211204469,167.71134023098122,3.0556533649701225,pass,watch,watch,watch,pass,3.108771635897816,3.108771635897816,1.0222333930342936e-05,521.3786106503971,1003276.4829761288
50,20,120,20,2748,1311,1437,513.4677211204469,167.71134023098122,3.0556533649701225,pass,watch,watch,watch,pass,3.108771635897816,3.108771635897816,1.0222333930342936e-05,521.3786106503971,1003276.4829761288
50,20,150,14,2748,1311,1437,513.4677211204469,167.71134023098122,3.0556533649701225,pass,watch,watch,watch,pass,3.108771635897816,3.108771635897816,1.0222333930342936e-05,521.3786106503971,1003276.4829761288
50,20,150,16,2748,1311,1437,513.4677211204469,167.71134023098122,3.0556533649701225,pass,watch,watch,watch,pass,3.108771635897816,3.108771635897816,1.0222333930342936e-05,521.3786106503971,1003276.4829761288
50,20,150,20,2748,1311,1437,513.4677211204469,167.71134023098122,3.0556533649701225,pass,watch,watch,watch,pass,3.108771635897816,3.108771635897816,1.0222333930342936e-05,521.3786106503971,1003276.4829761288
50,20,180,14,2748,1311,1437,513.4677211204469,167.71134023098122,3.0556533649701225,pass,watch,watch,watch,pass,3.108771635897816,3.108771635897816,1.0222333930342936e-05,521.3786106503971,1003276.4829761288
50,20,180,16,2748,1311,1437,513.4677211204469,167.71134023098122,3.0556533649701225,pass,watch,watch,watch,pass,3.108771635897816,3.108771635897816,1.0222333930342936e-05,521.3786106503971,1003276.4829761288
50,20,180,20,2748,1311,1437,513.4677211204469,167.71134023098122,3.0556533649701225,pass,watch,watch,watch,pass,3.108771635897816,3.108771635897816,1.0222333930342936e-05,521.3786106503971,1003276.4829761288
50,20,220,14,2748,1311,1437,513.4677211204469,167.71134023098122,3.0556533649701225,pass,watch,watch,watch,pass,3.108771635897816,3.108771635897816,1.0222333930342936e-05,521.3786106503971,1003276.4829761288
50,20,220,16,2748,1311,1437,513.4677211204469,167.71134023098122,3.0556533649701225,pass,watch,watch,watch,pass,3.108771635897816,3.108771635897816,1.0222333930342936e-05,521.3786106503971,1003276.4829761288
50,20,220,20,2748,1311,1437,513.4677211204469,167.71134023098122,3.0556533649701225,pass,watch,watch,watch,pass,3.108771635897816,3.108771635897816,1.0222333930342936e-05,521.3786106503971,1003276.4829761288
50,20,260,14,2748,1311,1437,513.4677211204469,167.71134023098122,3.0556533649701225,pass,watch,watch,watch,pass,3.108771635897816,3.108771635897816,1.0222333930342936e-05,521.3786106503971,1003276.4829761288
50,20,260,16,2748,1311,1437,513.4677211204469,167.71134023098122,3.0556533649701225,pass,watch,watch,watch,pass,3.108771635897816,3.108771635897816,1.0222333930342936e-05,521.3786106503971,1003276.4829761288
50,20,260,20,2748,1311,1437,513.4677211204469,167.71134023098122,3.0556533649701225,pass,watch,watch,watch,pass,3.108771635897816,3.108771635897816,1.0222333930342936e-05,521.3786106503971,1003276.4829761288
50,20,320,14,2748,1311,1437,513.4677211204469,167.71134023098122,3.0556533649701225,pass,watch,watch,watch,pass,3.108771635897816,3.108771635897816,1.0222333930342936e-05,521.3786106503971,1003276.4829761288
50,20,320,16,2748,1311,1437,513.4677211204469,167.71134023098122,3.0556533649701225,pass,watch,watch,watch,pass,3.108771635897816,3.108771635897816,1.0222333930342936e-05,521.3786106503971,1003276.4829761288
50,20,320,20,2748,1311,1437,513.4677211204469,167.71134023098122,3.0556533649701225,pass,watch,watch,watch,pass,3.108771635897816,3.108771635897816,1.0222333930342936e-05,521.3786106503971,1003276.4829761288
60,30,120,12,2216,986,1230,616.2080142739861,202.91079467199492,3.031913680435135,pass,watch,watch,watch,pass,3.075819502393786,3.075819502393786,6.657970383707326e-05,624.1189038039364,1003278.7302970658
60,30,150,12,2216,986,1230,616.2080142739861,202.91079467199492,3.031913680435135,pass,watch,watch,watch,pass,3.075819502393786,3.075819502393786,6.657970383707326e-05,624.1189038039364,1003278.7302970658
60,30,180,12,2216,986,1230,616.2080142739861,202.91079467199492,3.031913680435135,pass,watch,watch,watch,pass,3.075819502393786,3.075819502393786,6.657970383707326e-05,624.1189038039364,1003278.7302970658
60,30,220,12,2216,986,1230,616.2080142739861,202.91079467199492,3.031913680435135,pass,watch,watch,watch,pass,3.075819502393786,3.075819502393786,6.657970383707326e-05,624.1189038039364,1003278.7302970658
60,30,260,12,2216,986,1230,616.2080142739861,202.91079467199492,3.031913680435135,pass,watch,watch,watch,pass,3.075819502393786,3.075819502393786,6.657970383707326e-05,624.1189038039364,1003278.7302970658
60,30,320,12,2216,986,1230,616.2080142739861,202.91079467199492,3.031913680435135,pass,watch,watch,watch,pass,3.075819502393786,3.075819502393786,6.657970383707326e-05,624.1189038039364,1003278.7302970658
50,20,120,10,2748,1311,1437,515.3949715259114,166.99373630373074,3.0803249445854783,pass,watch,watch,watch,pass,3.1336713009528614,3.1336713009528614,0.0001454170617752003,523.3058610558617,1003300.6650372567
50,20,150,10,2748,1311,1437,515.3949715259114,166.99373630373074,3.0803249445854783,pass,watch,watch,watch,pass,3.1336713009528614,3.1336713009528614,0.0001454170617752003,523.3058610558617,1003300.6650372567
50,20,180,10,2748,1311,1437,515.3949715259114,166.99373630373074,3.0803249445854783,pass,watch,watch,watch,pass,3.1336713009528614,3.1336713009528614,0.0001454170617752003,523.3058610558617,1003300.6650372567
50,20,220,10,2748,1311,1437,515.3949715259114,166.99373630373074,3.0803249445854783,pass,watch,watch,watch,pass,3.1336713009528614,3.1336713009528614,0.0001454170617752003,523.3058610558617,1003300.6650372567
50,20,260,10,2748,1311,1437,515.3949715259114,166.99373630373074,3.0803249445854783,pass,watch,watch,watch,pass,3.1336713009528614,3.1336713009528614,0.0001454170617752003,523.3058610558617,1003300.6650372567
50,20,320,10,2748,1311,1437,515.3949715259114,166.99373630373074,3.0803249445854783,pass,watch,watch,watch,pass,3.1336713009528614,3.1336713009528614,0.0001454170617752003,523.3058610558617,1003300.6650372567
50,30,120,8,2423,986,1437,548.2527692252294,177.08466890359426,3.090345271634759,pass,watch,watch,watch,pass,3.140652495644082,3.140652495644082,3.6554121059964315e-05,556.1636587551797,1003317.7371645477
50,30,150,8,2423,986,1437,548.2527692252294,177.08466890359426,3.090345271634759,pass,watch,watch,watch,pass,3.140652495644082,3.140652495644082,3.6554121059964315e-05,556.1636587551797,1003317.7371645477
50,30,180,8,2423,986,1437,548.2527692252294,177.08466890359426,3.090345271634759,pass,watch,watch,watch,pass,3.140652495644082,3.140652495644082,3.6554121059964315e-05,556.1636587551797,1003317.7371645477
50,30,220,8,2423,986,1437,548.2527692252294,177.08466890359426,3.090345271634759,pass,watch,watch,watch,pass,3.140652495644082,3.140652495644082,3.6554121059964315e-05,556.1636587551797,1003317.7371645477
50,30,260,8,2423,986,1437,548.2527692252294,177.08466890359426,3.090345271634759,pass,watch,watch,watch,pass,3.140652495644082,3.140652495644082,3.6554121059964315e-05,556.1636587551797,1003317.7371645477
50,30,320,8,2423,986,1437,548.2527692252294,177.08466890359426,3.090345271634759,pass,watch,watch,watch,pass,3.140652495644082,3.140652495644082,3.6554121059964315e-05,556.1636587551797,1003317.7371645477
100,50,120,8,1476,654,822,706.1782657694638,229.87382619576942,3.0676753305916034,pass,watch,watch,watch,pass,3.10643213112398,3.10643213112398,0.00010430550694736028,714.0891552994141,1003336.3059573197
100,50,150,8,1476,654,822,706.1782657694638,229.87382619576942,3.0676753305916034,pass,watch,watch,watch,pass,3.10643213112398,3.10643213112398,0.00010430550694736028,714.0891552994141,1003336.3059573197
100,50,180,8,1476,654,822,706.1782657694638,229.87382619576942,3.0676753305916034,pass,watch,watch,watch,pass,3.10643213112398,3.10643213112398,0.00010430550694736028,714.0891552994141,1003336.3059573197
100,50,220,8,1476,654,822,706.1782657694638,229.87382619576942,3.0676753305916034,pass,watch,watch,watch,pass,3.10643213112398,3.10643213112398,0.00010430550694736028,714.0891552994141,1003336.3059573197
100,50,260,8,1476,654,822,706.1782657694638,229.87382619576942,3.0676753305916034,pass,watch,watch,watch,pass,3.10643213112398,3.10643213112398,0.00010430550694736028,714.0891552994141,1003336.3059573197
100,50,320,8,1476,654,822,706.1782657694638,229.87382619576942,3.0676753305916034,pass,watch,watch,watch,pass,3.10643213112398,3.10643213112398,0.00010430550694736028,714.0891552994141,1003336.3059573197
100,50,120,10,1476,654,822,708.0978859169267,230.32462403557258,3.070005601345163,pass,watch,watch,watch,pass,3.108686555159185,3.108686555159185,6.64131958817769e-05,716.0087754468769,1003339.0111791948
100,50,150,10,1476,654,822,708.0978859169267,230.32462403557258,3.070005601345163,pass,watch,watch,watch,pass,3.108686555159185,3.108686555159185,6.64131958817769e-05,716.0087754468769,1003339.0111791948
100,50,180,10,1476,654,822,708.0978859169267,230.32462403557258,3.070005601345163,pass,watch,watch,watch,pass,3.108686555159185,3.108686555159185,6.64131958817769e-05,716.0087754468769,1003339.0111791948
100,50,220,10,1476,654,822,708.0978859169267,230.32462403557258,3.070005601345163,pass,watch,watch,watch,pass,3.108686555159185,3.108686555159185,6.64131958817769e-05,716.0087754468769,1003339.0111791948
100,50,260,10,1476,654,822,708.0978859169267,230.32462403557258,3.070005601345163,pass,watch,watch,watch,pass,3.108686555159185,3.108686555159185,6.64131958817769e-05,716.0087754468769,1003339.0111791948
100,50,320,10,1476,654,822,708.0978859169267,230.32462403557258,3.070005601345163,pass,watch,watch,watch,pass,3.108686555159185,3.108686555159185,6.64131958817769e-05,716.0087754468769,1003339.0111791948
50,20,120,12,2748,1311,1437,526.210739774566,167.5234866045727,3.1351469004121717,pass,watch,watch,watch,pass,3.1883243602810354,3.1883243602810354,1.5519400594631134e-06,534.1216293045163,1003355.8478468856
50,20,150,12,2748,1311,1437,526.210739774566,167.5234866045727,3.1351469004121717,pass,watch,watch,watch,pass,3.1883243602810354,3.1883243602810354,1.5519400594631134e-06,534.1216293045163,1003355.8478468856
50,20,180,12,2748,1311,1437,526.210739774566,167.5234866045727,3.1351469004121717,pass,watch,watch,watch,pass,3.1883243602810354,3.1883243602810354,1.5519400594631134e-06,534.1216293045163,1003355.8478468856
50,20,220,12,2748,1311,1437,526.210739774566,167.5234866045727,3.1351469004121717,pass,watch,watch,watch,pass,3.1883243602810354,3.1883243602810354,1.5519400594631134e-06,534.1216293045163,1003355.8478468856
50,20,260,12,2748,1311,1437,526.210739774566,167.5234866045727,3.1351469004121717,pass,watch,watch,watch,pass,3.1883243602810354,3.1883243602810354,1.5519400594631134e-06,534.1216293045163,1003355.8478468856
50,20,320,12,2748,1311,1437,526.210739774566,167.5234866045727,3.1351469004121717,pass,watch,watch,watch,pass,3.1883243602810354,3.1883243602810354,1.5519400594631134e-06,534.1216293045163,1003355.8478468856
60,30,120,8,2216,986,1230,629.5395871220392,201.48665657646382,3.1195097372788534,pass,watch,watch,watch,pass,3.163725549827758,3.163725549827758,3.5510443358859714e-05,637.4504766519894,1003365.2122064043
60,30,150,8,2216,986,1230,629.5395871220392,201.48665657646382,3.1195097372788534,pass,watch,watch,watch,pass,3.163725549827758,3.163725549827758,3.5510443358859714e-05,637.4504766519894,1003365.2122064043
60,30,180,8,2216,986,1230,629.5395871220392,201.48665657646382,3.1195097372788534,pass,watch,watch,watch,pass,3.163725549827758,3.163725549827758,3.5510443358859714e-05,637.4504766519894,1003365.2122064043
60,30,220,8,2216,986,1230,629.5395871220392,201.48665657646382,3.1195097372788534,pass,watch,watch,watch,pass,3.163725549827758,3.163725549827758,3.5510443358859714e-05,637.4504766519894,1003365.2122064043
60,30,260,8,2216,986,1230,629.5395871220392,201.48665657646382,3.1195097372788534,pass,watch,watch,watch,pass,3.163725549827758,3.163725549827758,3.5510443358859714e-05,637.4504766519894,1003365.2122064043
60,30,320,8,2216,986,1230,629.5395871220392,201.48665657646382,3.1195097372788534,pass,watch,watch,watch,pass,3.163725549827758,3.163725549827758,3.5510443358859714e-05,637.4504766519894,1003365.2122064043
100,40,120,12,1600,778,822,691.5377793493476,222.54523482373602,3.1029097517917146,pass,watch,watch,watch,pass,3.142942497122733,3.142942497122733,9.453437853176476e-05,699.4486688792979,1003365.4877319464
100,40,150,12,1600,778,822,691.5377793493476,222.54523482373602,3.1029097517917146,pass,watch,watch,watch,pass,3.142942497122733,3.142942497122733,9.453437853176476e-05,699.4486688792979,1003365.4877319464
100,40,180,12,1600,778,822,691.5377793493476,222.54523482373602,3.1029097517917146,pass,watch,watch,watch,pass,3.142942497122733,3.142942497122733,9.453437853176476e-05,699.4486688792979,1003365.4877319464
100,40,220,12,1600,778,822,691.5377793493476,222.54523482373602,3.1029097517917146,pass,watch,watch,watch,pass,3.142942497122733,3.142942497122733,9.453437853176476e-05,699.4486688792979,1003365.4877319464
100,40,260,12,1600,778,822,691.5377793493476,222.54523482373602,3.1029097517917146,pass,watch,watch,watch,pass,3.142942497122733,3.142942497122733,9.453437853176476e-05,699.4486688792979,1003365.4877319464
100,40,320,12,1600,778,822,691.5377793493476,222.54523482373602,3.1029097517917146,pass,watch,watch,watch,pass,3.142942497122733,3.142942497122733,9.453437853176476e-05,699.4486688792979,1003365.4877319464
40,60,120,14,2294,562,1732,616.7878392292278,196.78795309766772,3.1291947984417847,pass,watch,watch,watch,pass,3.1744660743294224,3.1744660743294224,1.63831206204696e-05,624.698728759178,1003371.2540274272
40,60,120,16,2294,562,1732,616.7878392292278,196.78795309766772,3.1291947984417847,pass,watch,watch,watch,pass,3.1744660743294224,3.1744660743294224,1.63831206204696e-05,624.698728759178,1003371.2540274272
40,60,120,20,2294,562,1732,616.7878392292278,196.78795309766772,3.1291947984417847,pass,watch,watch,watch,pass,3.1744660743294224,3.1744660743294224,1.63831206204696e-05,624.698728759178,1003371.2540274272
40,60,150,14,2294,562,1732,616.7878392292278,196.78795309766772,3.1291947984417847,pass,watch,watch,watch,pass,3.1744660743294224,3.1744660743294224,1.63831206204696e-05,624.698728759178,1003371.2540274272
40,60,150,16,2294,562,1732,616.7878392292278,196.78795309766772,3.1291947984417847,pass,watch,watch,watch,pass,3.1744660743294224,3.1744660743294224,1.63831206204696e-05,624.698728759178,1003371.2540274272
40,60,150,20,2294,562,1732,616.7878392292278,196.78795309766772,3.1291947984417847,pass,watch,watch,watch,pass,3.1744660743294224,3.1744660743294224,1.63831206204696e-05,624.698728759178,1003371.2540274272
40,60,180,14,2294,562,1732,616.7878392292278,196.78795309766772,3.1291947984417847,pass,watch,watch,watch,pass,3.1744660743294224,3.1744660743294224,1.63831206204696e-05,624.698728759178,1003371.2540274272
40,60,180,16,2294,562,1732,616.7878392292278,196.78795309766772,3.1291947984417847,pass,watch,watch,watch,pass,3.1744660743294224,3.1744660743294224,1.63831206204696e-05,624.698728759178,1003371.2540274272
40,60,180,20,2294,562,1732,616.7878392292278,196.78795309766772,3.1291947984417847,pass,watch,watch,watch,pass,3.1744660743294224,3.1744660743294224,1.63831206204696e-05,624.698728759178,1003371.2540274272
40,60,220,14,2294,562,1732,616.7878392292278,196.78795309766772,3.1291947984417847,pass,watch,watch,watch,pass,3.1744660743294224,3.1744660743294224,1.63831206204696e-05,624.698728759178,1003371.2540274272
40,60,220,16,2294,562,1732,616.7878392292278,196.78795309766772,3.1291947984417847,pass,watch,watch,watch,pass,3.1744660743294224,3.1744660743294224,1.63831206204696e-05,624.698728759178,1003371.2540274272
40,60,220,20,2294,562,1732,616.7878392292278,196.78795309766772,3.1291947984417847,pass,watch,watch,watch,pass,3.1744660743294224,3.1744660743294224,1.63831206204696e-05,624.698728759178,1003371.2540274272
40,60,260,14,2294,562,1732,616.7878392292278,196.78795309766772,3.1291947984417847,pass,watch,watch,watch,pass,3.1744660743294224,3.1744660743294224,1.63831206204696e-05,624.698728759178,1003371.2540274272
40,60,260,16,2294,562,1732,616.7878392292278,196.78795309766772,3.1291947984417847,pass,watch,watch,watch,pass,3.1744660743294224,3.1744660743294224,1.63831206204696e-05,624.698728759178,1003371.2540274272
40,60,260,20,2294,562,1732,616.7878392292278,196.78795309766772,3.1291947984417847,pass,watch,watch,watch,pass,3.1744660743294224,3.1744660743294224,1.63831206204696e-05,624.698728759178,1003371.2540274272
40,60,320,14,2294,562,1732,616.7878392292278,196.78795309766772,3.1291947984417847,pass,watch,watch,watch,pass,3.1744660743294224,3.1744660743294224,1.63831206204696e-05,624.698728759178,1003371.2540274272
40,60,320,16,2294,562,1732,616.7878392292278,196.78795309766772,3.1291947984417847,pass,watch,watch,watch,pass,3.1744660743294224,3.1744660743294224,1.63831206204696e-05,624.698728759178,1003371.2540274272
40,60,320,20,2294,562,1732,616.7878392292278,196.78795309766772,3.1291947984417847,pass,watch,watch,watch,pass,3.1744660743294224,3.1744660743294224,1.63831206204696e-05,624.698728759178,1003371.2540274272
60,20,120,10,2541,1311,1230,594.6780483784221,188.8514297054448,3.1436248552864714,pass,watch,watch,watch,pass,3.190798152793398,3.190798152793398,0.00013929840951958151,602.5889379083724,1003379.6495824988
60,20,150,10,2541,1311,1230,594.6780483784221,188.8514297054448,3.1436248552864714,pass,watch,watch,watch,pass,3.190798152793398,3.190798152793398,0.00013929840951958151,602.5889379083724,1003379.6495824988
60,20,180,10,2541,1311,1230,594.6780483784221,188.8514297054448,3.1436248552864714,pass,watch,watch,watch,pass,3.190798152793398,3.190798152793398,0.00013929840951958151,602.5889379083724,1003379.6495824988
60,20,220,10,2541,1311,1230,594.6780483784221,188.8514297054448,3.1436248552864714,pass,watch,watch,watch,pass,3.190798152793398,3.190798152793398,0.00013929840951958151,602.5889379083724,1003379.6495824988
60,20,260,10,2541,1311,1230,594.6780483784221,188.8514297054448,3.1436248552864714,pass,watch,watch,watch,pass,3.190798152793398,3.190798152793398,0.00013929840951958151,602.5889379083724,1003379.6495824988
60,20,320,10,2541,1311,1230,594.6780483784221,188.8514297054448,3.1436248552864714,pass,watch,watch,watch,pass,3.190798152793398,3.190798152793398,0.00013929840951958151,602.5889379083724,1003379.6495824988
60,20,120,14,2541,1311,1230,599.8613994995779,189.5701659564184,3.159048769505505,pass,watch,watch,watch,pass,3.2060432032354202,3.2060432032354202,8.846364214112098e-06,607.7722890295282,1003395.6133691918
60,20,120,16,2541,1311,1230,599.8613994995779,189.5701659564184,3.159048769505505,pass,watch,watch,watch,pass,3.2060432032354202,3.2060432032354202,8.846364214112098e-06,607.7722890295282,1003395.6133691918
60,20,120,20,2541,1311,1230,599.8613994995779,189.5701659564184,3.159048769505505,pass,watch,watch,watch,pass,3.2060432032354202,3.2060432032354202,8.846364214112098e-06,607.7722890295282,1003395.6133691918
60,20,150,14,2541,1311,1230,599.8613994995779,189.5701659564184,3.159048769505505,pass,watch,watch,watch,pass,3.2060432032354202,3.2060432032354202,8.846364214112098e-06,607.7722890295282,1003395.6133691918
60,20,150,16,2541,1311,1230,599.8613994995779,189.5701659564184,3.159048769505505,pass,watch,watch,watch,pass,3.2060432032354202,3.2060432032354202,8.846364214112098e-06,607.7722890295282,1003395.6133691918
60,20,150,20,2541,1311,1230,599.8613994995779,189.5701659564184,3.159048769505505,pass,watch,watch,watch,pass,3.2060432032354202,3.2060432032354202,8.846364214112098e-06,607.7722890295282,1003395.6133691918
60,20,180,14,2541,1311,1230,599.8613994995779,189.5701659564184,3.159048769505505,pass,watch,watch,watch,pass,3.2060432032354202,3.2060432032354202,8.846364214112098e-06,607.7722890295282,1003395.6133691918
60,20,180,16,2541,1311,1230,599.8613994995779,189.5701659564184,3.159048769505505,pass,watch,watch,watch,pass,3.2060432032354202,3.2060432032354202,8.846364214112098e-06,607.7722890295282,1003395.6133691918
60,20,180,20,2541,1311,1230,599.8613994995779,189.5701659564184,3.159048769505505,pass,watch,watch,watch,pass,3.2060432032354202,3.2060432032354202,8.846364214112098e-06,607.7722890295282,1003395.6133691918
60,20,220,14,2541,1311,1230,599.8613994995779,189.5701659564184,3.159048769505505,pass,watch,watch,watch,pass,3.2060432032354202,3.2060432032354202,8.846364214112098e-06,607.7722890295282,1003395.6133691918
60,20,220,16,2541,1311,1230,599.8613994995779,189.5701659564184,3.159048769505505,pass,watch,watch,watch,pass,3.2060432032354202,3.2060432032354202,8.846364214112098e-06,607.7722890295282,1003395.6133691918
60,20,220,20,2541,1311,1230,599.8613994995779,189.5701659564184,3.159048769505505,pass,watch,watch,watch,pass,3.2060432032354202,3.2060432032354202,8.846364214112098e-06,607.7722890295282,1003395.6133691918
60,20,260,14,2541,1311,1230,599.8613994995779,189.5701659564184,3.159048769505505,pass,watch,watch,watch,pass,3.2060432032354202,3.2060432032354202,8.846364214112098e-06,607.7722890295282,1003395.6133691918
60,20,260,16,2541,1311,1230,599.8613994995779,189.5701659564184,3.159048769505505,pass,watch,watch,watch,pass,3.2060432032354202,3.2060432032354202,8.846364214112098e-06,607.7722890295282,1003395.6133691918
60,20,260,20,2541,1311,1230,599.8613994995779,189.5701659564184,3.159048769505505,pass,watch,watch,watch,pass,3.2060432032354202,3.2060432032354202,8.846364214112098e-06,607.7722890295282,1003395.6133691918
60,20,320,14,2541,1311,1230,599.8613994995779,189.5701659564184,3.159048769505505,pass,watch,watch,watch,pass,3.2060432032354202,3.2060432032354202,8.846364214112098e-06,607.7722890295282,1003395.6133691918
60,20,320,16,2541,1311,1230,599.8613994995779,189.5701659564184,3.159048769505505,pass,watch,watch,watch,pass,3.2060432032354202,3.2060432032354202,8.846364214112098e-06,607.7722890295282,1003395.6133691918
60,20,320,20,2541,1311,1230,599.8613994995779,189.5701659564184,3.159048769505505,pass,watch,watch,watch,pass,3.2060432032354202,3.2060432032354202,8.846364214112098e-06,607.7722890295282,1003395.6133691918
100,30,120,14,1808,986,822,665.216968610423,209.6872132683633,3.1676560447219084,pass,watch,watch,watch,pass,3.2101428800065883,3.2101428800065883,8.954410405758316e-05,673.1278581403733,1003419.8300932749
100,30,120,16,1808,986,822,665.216968610423,209.6872132683633,3.1676560447219084,pass,watch,watch,watch,pass,3.2101428800065883,3.2101428800065883,8.954410405758316e-05,673.1278581403733,1003419.8300932749
100,30,120,20,1808,986,822,665.216968610423,209.6872132683633,3.1676560447219084,pass,watch,watch,watch,pass,3.2101428800065883,3.2101428800065883,8.954410405758316e-05,673.1278581403733,1003419.8300932749
100,30,150,14,1808,986,822,665.216968610423,209.6872132683633,3.1676560447219084,pass,watch,watch,watch,pass,3.2101428800065883,3.2101428800065883,8.954410405758316e-05,673.1278581403733,1003419.8300932749
100,30,150,16,1808,986,822,665.216968610423,209.6872132683633,3.1676560447219084,pass,watch,watch,watch,pass,3.2101428800065883,3.2101428800065883,8.954410405758316e-05,673.1278581403733,1003419.8300932749
100,30,150,20,1808,986,822,665.216968610423,209.6872132683633,3.1676560447219084,pass,watch,watch,watch,pass,3.2101428800065883,3.2101428800065883,8.954410405758316e-05,673.1278581403733,1003419.8300932749
100,30,180,14,1808,986,822,665.216968610423,209.6872132683633,3.1676560447219084,pass,watch,watch,watch,pass,3.2101428800065883,3.2101428800065883,8.954410405758316e-05,673.1278581403733,1003419.8300932749
100,30,180,16,1808,986,822,665.216968610423,209.6872132683633,3.1676560447219084,pass,watch,watch,watch,pass,3.2101428800065883,3.2101428800065883,8.954410405758316e-05,673.1278581403733,1003419.8300932749
100,30,180,20,1808,986,822,665.216968610423,209.6872132683633,3.1676560447219084,pass,watch,watch,watch,pass,3.2101428800065883,3.2101428800065883,8.954410405758316e-05,673.1278581403733,1003419.8300932749
100,30,220,14,1808,986,822,665.216968610423,209.6872132683633,3.1676560447219084,pass,watch,watch,watch,pass,3.2101428800065883,3.2101428800065883,8.954410405758316e-05,673.1278581403733,1003419.8300932749
100,30,220,16,1808,986,822,665.216968610423,209.6872132683633,3.1676560447219084,pass,watch,watch,watch,pass,3.2101428800065883,3.2101428800065883,8.954410405758316e-05,673.1278581403733,1003419.8300932749
100,30,220,20,1808,986,822,665.216968610423,209.6872132683633,3.1676560447219084,pass,watch,watch,watch,pass,3.2101428800065883,3.2101428800065883,8.954410405758316e-05,673.1278581403733,1003419.8300932749
100,30,260,14,1808,986,822,665.216968610423,209.6872132683633,3.1676560447219084,pass,watch,watch,watch,pass,3.2101428800065883,3.2101428800065883,8.954410405758316e-05,673.1278581403733,1003419.8300932749
100,30,260,16,1808,986,822,665.216968610423,209.6872132683633,3.1676560447219084,pass,watch,watch,watch,pass,3.2101428800065883,3.2101428800065883,8.954410405758316e-05,673.1278581403733,1003419.8300932749
100,30,260,20,1808,986,822,665.216968610423,209.6872132683633,3.1676560447219084,pass,watch,watch,watch,pass,3.2101428800065883,3.2101428800065883,8.954410405758316e-05,673.1278581403733,1003419.8300932749
100,30,320,14,1808,986,822,665.216968610423,209.6872132683633,3.1676560447219084,pass,watch,watch,watch,pass,3.2101428800065883,3.2101428800065883,8.954410405758316e-05,673.1278581403733,1003419.8300932749
100,30,320,16,1808,986,822,665.216968610423,209.6872132683633,3.1676560447219084,pass,watch,watch,watch,pass,3.2101428800065883,3.2101428800065883,8.954410405758316e-05,673.1278581403733,1003419.8300932749
100,30,320,20,1808,986,822,665.216968610423,209.6872132683633,3.1676560447219084,pass,watch,watch,watch,pass,3.2101428800065883,3.2101428800065883,8.954410405758316e-05,673.1278581403733,1003419.8300932749
40,50,120,14,2386,654,1732,616.7878392292312,192.90748433634582,3.192140737036247,pass,watch,watch,watch,pass,3.2383222448822426,3.2383222448822426,0.00017683900694081653,624.6987287591814,1003431.2297292185
40,50,120,16,2386,654,1732,616.7878392292312,192.90748433634582,3.192140737036247,pass,watch,watch,watch,pass,3.2383222448822426,3.2383222448822426,0.00017683900694081653,624.6987287591814,1003431.2297292185
40,50,120,20,2386,654,1732,616.7878392292312,192.90748433634582,3.192140737036247,pass,watch,watch,watch,pass,3.2383222448822426,3.2383222448822426,0.00017683900694081653,624.6987287591814,1003431.2297292185
40,50,150,14,2386,654,1732,616.7878392292312,192.90748433634582,3.192140737036247,pass,watch,watch,watch,pass,3.2383222448822426,3.2383222448822426,0.00017683900694081653,624.6987287591814,1003431.2297292185
40,50,150,16,2386,654,1732,616.7878392292312,192.90748433634582,3.192140737036247,pass,watch,watch,watch,pass,3.2383222448822426,3.2383222448822426,0.00017683900694081653,624.6987287591814,1003431.2297292185
40,50,150,20,2386,654,1732,616.7878392292312,192.90748433634582,3.192140737036247,pass,watch,watch,watch,pass,3.2383222448822426,3.2383222448822426,0.00017683900694081653,624.6987287591814,1003431.2297292185
40,50,180,14,2386,654,1732,616.7878392292312,192.90748433634582,3.192140737036247,pass,watch,watch,watch,pass,3.2383222448822426,3.2383222448822426,0.00017683900694081653,624.6987287591814,1003431.2297292185
40,50,180,16,2386,654,1732,616.7878392292312,192.90748433634582,3.192140737036247,pass,watch,watch,watch,pass,3.2383222448822426,3.2383222448822426,0.00017683900694081653,624.6987287591814,1003431.2297292185
40,50,180,20,2386,654,1732,616.7878392292312,192.90748433634582,3.192140737036247,pass,watch,watch,watch,pass,3.2383222448822426,3.2383222448822426,0.00017683900694081653,624.6987287591814,1003431.2297292185
40,50,220,14,2386,654,1732,616.7878392292312,192.90748433634582,3.192140737036247,pass,watch,watch,watch,pass,3.2383222448822426,3.2383222448822426,0.00017683900694081653,624.6987287591814,1003431.2297292185
40,50,220,16,2386,654,1732,616.7878392292312,192.90748433634582,3.192140737036247,pass,watch,watch,watch,pass,3.2383222448822426,3.2383222448822426,0.00017683900694081653,624.6987287591814,1003431.2297292185
40,50,220,20,2386,654,1732,616.7878392292312,192.90748433634582,3.192140737036247,pass,watch,watch,watch,pass,3.2383222448822426,3.2383222448822426,0.00017683900694081653,624.6987287591814,1003431.2297292185
40,50,260,14,2386,654,1732,616.7878392292312,192.90748433634582,3.192140737036247,pass,watch,watch,watch,pass,3.2383222448822426,3.2383222448822426,0.00017683900694081653,624.6987287591814,1003431.2297292185
40,50,260,16,2386,654,1732,616.7878392292312,192.90748433634582,3.192140737036247,pass,watch,watch,watch,pass,3.2383222448822426,3.2383222448822426,0.00017683900694081653,624.6987287591814,1003431.2297292185
40,50,260,20,2386,654,1732,616.7878392292312,192.90748433634582,3.192140737036247,pass,watch,watch,watch,pass,3.2383222448822426,3.2383222448822426,0.00017683900694081653,624.6987287591814,1003431.2297292185
40,50,320,14,2386,654,1732,616.7878392292312,192.90748433634582,3.192140737036247,pass,watch,watch,watch,pass,3.2383222448822426,3.2383222448822426,0.00017683900694081653,624.6987287591814,1003431.2297292185
40,50,320,16,2386,654,1732,616.7878392292312,192.90748433634582,3.192140737036247,pass,watch,watch,watch,pass,3.2383222448822426,3.2383222448822426,0.00017683900694081653,624.6987287591814,1003431.2297292185
40,50,320,20,2386,654,1732,616.7878392292312,192.90748433634582,3.192140737036247,pass,watch,watch,watch,pass,3.2383222448822426,3.2383222448822426,0.00017683900694081653,624.6987287591814,1003431.2297292185
40,60,120,12,2294,562,1732,628.7447262599934,196.62345149879553,3.1926238781534093,pass,watch,watch,watch,pass,3.2379328123569038,3.2379328123569038,1.236140426766402e-05,636.6556157899437,1003434.5562638557
40,60,150,12,2294,562,1732,628.7447262599934,196.62345149879553,3.1926238781534093,pass,watch,watch,watch,pass,3.2379328123569038,3.2379328123569038,1.236140426766402e-05,636.6556157899437,1003434.5562638557
40,60,180,12,2294,562,1732,628.7447262599934,196.62345149879553,3.1926238781534093,pass,watch,watch,watch,pass,3.2379328123569038,3.2379328123569038,1.236140426766402e-05,636.6556157899437,1003434.5562638557
40,60,220,12,2294,562,1732,628.7447262599934,196.62345149879553,3.1926238781534093,pass,watch,watch,watch,pass,3.2379328123569038,3.2379328123569038,1.236140426766402e-05,636.6556157899437,1003434.5562638557
40,60,260,12,2294,562,1732,628.7447262599934,196.62345149879553,3.1926238781534093,pass,watch,watch,watch,pass,3.2379328123569038,3.2379328123569038,1.236140426766402e-05,636.6556157899437,1003434.5562638557
40,60,320,12,2294,562,1732,628.7447262599934,196.62345149879553,3.1926238781534093,pass,watch,watch,watch,pass,3.2379328123569038,3.2379328123569038,1.236140426766402e-05,636.6556157899437,1003434.5562638557
100,40,120,8,1600,778,822,706.1782657694611,220.66917391297565,3.1956355899875675,pass,watch,watch,watch,pass,3.236008369618577,3.236008369618577,0.00019010831359165517,714.0891552994113,1003456.6775435315
100,40,150,8,1600,778,822,706.1782657694611,220.66917391297565,3.1956355899875675,pass,watch,watch,watch,pass,3.236008369618577,3.236008369618577,0.00019010831359165517,714.0891552994113,1003456.6775435315
100,40,180,8,1600,778,822,706.1782657694611,220.66917391297565,3.1956355899875675,pass,watch,watch,watch,pass,3.236008369618577,3.236008369618577,0.00019010831359165517,714.0891552994113,1003456.6775435315
100,40,220,8,1600,778,822,706.1782657694611,220.66917391297565,3.1956355899875675,pass,watch,watch,watch,pass,3.236008369618577,3.236008369618577,0.00019010831359165517,714.0891552994113,1003456.6775435315
100,40,260,8,1600,778,822,706.1782657694611,220.66917391297565,3.1956355899875675,pass,watch,watch,watch,pass,3.236008369618577,3.236008369618577,0.00019010831359165517,714.0891552994113,1003456.6775435315
100,40,320,8,1600,778,822,706.1782657694611,220.66917391297565,3.1956355899875675,pass,watch,watch,watch,pass,3.236008369618577,3.236008369618577,0.00019010831359165517,714.0891552994113,1003456.6775435315
100,40,120,10,1600,778,822,708.0978859169236,221.07802345328443,3.1984087557501573,pass,watch,watch,watch,pass,3.2387068807460166,3.2387068807460166,0.00021701853784099285,716.0087754468739,1003459.7849041993
100,40,150,10,1600,778,822,708.0978859169236,221.07802345328443,3.1984087557501573,pass,watch,watch,watch,pass,3.2387068807460166,3.2387068807460166,0.00021701853784099285,716.0087754468739,1003459.7849041993
100,40,180,10,1600,778,822,708.0978859169236,221.07802345328443,3.1984087557501573,pass,watch,watch,watch,pass,3.2387068807460166,3.2387068807460166,0.00021701853784099285,716.0087754468739,1003459.7849041993
100,40,220,10,1600,778,822,708.0978859169236,221.07802345328443,3.1984087557501573,pass,watch,watch,watch,pass,3.2387068807460166,3.2387068807460166,0.00021701853784099285,716.0087754468739,1003459.7849041993
100,40,260,10,1600,778,822,708.0978859169236,221.07802345328443,3.1984087557501573,pass,watch,watch,watch,pass,3.2387068807460166,3.2387068807460166,0.00021701853784099285,716.0087754468739,1003459.7849041993
100,40,320,10,1600,778,822,708.0978859169236,221.07802345328443,3.1984087557501573,pass,watch,watch,watch,pass,3.2387068807460166,3.2387068807460166,0.00021701853784099285,716.0087754468739,1003459.7849041993
60,20,120,12,2541,1311,1230,616.2080142739923,189.335725963671,3.249297041763983,pass,watch,watch,watch,pass,3.296349331283376,3.296349331283376,6.000852744014909e-07,624.1189038039425,1003485.685057247
60,20,150,12,2541,1311,1230,616.2080142739923,189.335725963671,3.249297041763983,pass,watch,watch,watch,pass,3.296349331283376,3.296349331283376,6.000852744014909e-07,624.1189038039425,1003485.685057247
60,20,180,12,2541,1311,1230,616.2080142739923,189.335725963671,3.249297041763983,pass,watch,watch,watch,pass,3.296349331283376,3.296349331283376,6.000852744014909e-07,624.1189038039425,1003485.685057247
60,20,220,12,2541,1311,1230,616.2080142739923,189.335725963671,3.249297041763983,pass,watch,watch,watch,pass,3.296349331283376,3.296349331283376,6.000852744014909e-07,624.1189038039425,1003485.685057247
60,20,260,12,2541,1311,1230,616.2080142739923,189.335725963671,3.249297041763983,pass,watch,watch,watch,pass,3.296349331283376,3.296349331283376,6.000852744014909e-07,624.1189038039425,1003485.685057247
60,20,320,12,2541,1311,1230,616.2080142739923,189.335725963671,3.249297041763983,pass,watch,watch,watch,pass,3.296349331283376,3.296349331283376,6.000852744014909e-07,624.1189038039425,1003485.685057247
40,50,120,12,2386,654,1732,628.744726259997,192.74954816863837,3.256789612345951,pass,watch,watch,watch,pass,3.3030087305597946,3.3030087305597946,0.0001721559116360189,636.6556157899473,1003495.7582787285
40,50,150,12,2386,654,1732,628.744726259997,192.74954816863837,3.256789612345951,pass,watch,watch,watch,pass,3.3030087305597946,3.3030087305597946,0.0001721559116360189,636.6556157899473,1003495.7582787285
40,50,180,12,2386,654,1732,628.744726259997,192.74954816863837,3.256789612345951,pass,watch,watch,watch,pass,3.3030087305597946,3.3030087305597946,0.0001721559116360189,636.6556157899473,1003495.7582787285
40,50,220,12,2386,654,1732,628.744726259997,192.74954816863837,3.256789612345951,pass,watch,watch,watch,pass,3.3030087305597946,3.3030087305597946,0.0001721559116360189,636.6556157899473,1003495.7582787285
40,50,260,12,2386,654,1732,628.744726259997,192.74954816863837,3.256789612345951,pass,watch,watch,watch,pass,3.3030087305597946,3.3030087305597946,0.0001721559116360189,636.6556157899473,1003495.7582787285
40,50,320,12,2386,654,1732,628.744726259997,192.74954816863837,3.256789612345951,pass,watch,watch,watch,pass,3.3030087305597946,3.3030087305597946,0.0001721559116360189,636.6556157899473,1003495.7582787285
40,40,120,14,2510,778,1732,616.7878392292281,188.02295785912202,3.275067290934828,pass,watch,watch,watch,pass,3.322447921705015,3.322447921705015,7.86793099954343e-05,624.6987287591784,1003510.4708795641
40,40,120,16,2510,778,1732,616.7878392292281,188.02295785912202,3.275067290934828,pass,watch,watch,watch,pass,3.322447921705015,3.322447921705015,7.86793099954343e-05,624.6987287591784,1003510.4708795641
40,40,120,20,2510,778,1732,616.7878392292281,188.02295785912202,3.275067290934828,pass,watch,watch,watch,pass,3.322447921705015,3.322447921705015,7.86793099954343e-05,624.6987287591784,1003510.4708795641
40,40,150,14,2510,778,1732,616.7878392292281,188.02295785912202,3.275067290934828,pass,watch,watch,watch,pass,3.322447921705015,3.322447921705015,7.86793099954343e-05,624.6987287591784,1003510.4708795641
40,40,150,16,2510,778,1732,616.7878392292281,188.02295785912202,3.275067290934828,pass,watch,watch,watch,pass,3.322447921705015,3.322447921705015,7.86793099954343e-05,624.6987287591784,1003510.4708795641
40,40,150,20,2510,778,1732,616.7878392292281,188.02295785912202,3.275067290934828,pass,watch,watch,watch,pass,3.322447921705015,3.322447921705015,7.86793099954343e-05,624.6987287591784,1003510.4708795641
40,40,180,14,2510,778,1732,616.7878392292281,188.02295785912202,3.275067290934828,pass,watch,watch,watch,pass,3.322447921705015,3.322447921705015,7.86793099954343e-05,624.6987287591784,1003510.4708795641
40,40,180,16,2510,778,1732,616.7878392292281,188.02295785912202,3.275067290934828,pass,watch,watch,watch,pass,3.322447921705015,3.322447921705015,7.86793099954343e-05,624.6987287591784,1003510.4708795641
40,40,180,20,2510,778,1732,616.7878392292281,188.02295785912202,3.275067290934828,pass,watch,watch,watch,pass,3.322447921705015,3.322447921705015,7.86793099954343e-05,624.6987287591784,1003510.4708795641
40,40,220,14,2510,778,1732,616.7878392292281,188.02295785912202,3.275067290934828,pass,watch,watch,watch,pass,3.322447921705015,3.322447921705015,7.86793099954343e-05,624.6987287591784,1003510.4708795641
40,40,220,16,2510,778,1732,616.7878392292281,188.02295785912202,3.275067290934828,pass,watch,watch,watch,pass,3.322447921705015,3.322447921705015,7.86793099954343e-05,624.6987287591784,1003510.4708795641
40,40,220,20,2510,778,1732,616.7878392292281,188.02295785912202,3.275067290934828,pass,watch,watch,watch,pass,3.322447921705015,3.322447921705015,7.86793099954343e-05,624.6987287591784,1003510.4708795641
40,40,260,14,2510,778,1732,616.7878392292281,188.02295785912202,3.275067290934828,pass,watch,watch,watch,pass,3.322447921705015,3.322447921705015,7.86793099954343e-05,624.6987287591784,1003510.4708795641
40,40,260,16,2510,778,1732,616.7878392292281,188.02295785912202,3.275067290934828,pass,watch,watch,watch,pass,3.322447921705015,3.322447921705015,7.86793099954343e-05,624.6987287591784,1003510.4708795641
40,40,260,20,2510,778,1732,616.7878392292281,188.02295785912202,3.275067290934828,pass,watch,watch,watch,pass,3.322447921705015,3.322447921705015,7.86793099954343e-05,624.6987287591784,1003510.4708795641
40,40,320,14,2510,778,1732,616.7878392292281,188.02295785912202,3.275067290934828,pass,watch,watch,watch,pass,3.322447921705015,3.322447921705015,7.86793099954343e-05,624.6987287591784,1003510.4708795641
40,40,320,16,2510,778,1732,616.7878392292281,188.02295785912202,3.275067290934828,pass,watch,watch,watch,pass,3.322447921705015,3.322447921705015,7.86793099954343e-05,624.6987287591784,1003510.4708795641
40,40,320,20,2510,778,1732,616.7878392292281,188.02295785912202,3.275067290934828,pass,watch,watch,watch,pass,3.322447921705015,3.322447921705015,7.86793099954343e-05,624.6987287591784,1003510.4708795641
50,20,120,8,2748,1311,1437,548.252769225225,166.2017794193594,3.2927010236418703,pass,watch,watch,watch,pass,3.3463005316667527,3.3463005316667527,0.00012755199822973308,556.1636587551753,1003512.502311086
50,20,150,8,2748,1311,1437,548.252769225225,166.2017794193594,3.2927010236418703,pass,watch,watch,watch,pass,3.3463005316667527,3.3463005316667527,0.00012755199822973308,556.1636587551753,1003512.502311086
50,20,180,8,2748,1311,1437,548.252769225225,166.2017794193594,3.2927010236418703,pass,watch,watch,watch,pass,3.3463005316667527,3.3463005316667527,0.00012755199822973308,556.1636587551753,1003512.502311086
50,20,220,8,2748,1311,1437,548.252769225225,166.2017794193594,3.2927010236418703,pass,watch,watch,watch,pass,3.3463005316667527,3.3463005316667527,0.00012755199822973308,556.1636587551753,1003512.502311086
50,20,260,8,2748,1311,1437,548.252769225225,166.2017794193594,3.2927010236418703,pass,watch,watch,watch,pass,3.3463005316667527,3.3463005316667527,0.00012755199822973308,556.1636587551753,1003512.502311086
50,20,320,8,2748,1311,1437,548.252769225225,166.2017794193594,3.2927010236418703,pass,watch,watch,watch,pass,3.3463005316667527,3.3463005316667527,0.00012755199822973308,556.1636587551753,1003512.502311086
100,30,120,12,1808,986,822,691.5377793493451,209.13878036441412,3.3018160388337194,pass,watch,watch,watch,pass,3.344413874959536,3.344413874959536,7.99769093910035e-05,699.4486688792954,1003553.552655324
100,30,150,12,1808,986,822,691.5377793493451,209.13878036441412,3.3018160388337194,pass,watch,watch,watch,pass,3.344413874959536,3.344413874959536,7.99769093910035e-05,699.4486688792954,1003553.552655324
100,30,180,12,1808,986,822,691.5377793493451,209.13878036441412,3.3018160388337194,pass,watch,watch,watch,pass,3.344413874959536,3.344413874959536,7.99769093910035e-05,699.4486688792954,1003553.552655324
100,30,220,12,1808,986,822,691.5377793493451,209.13878036441412,3.3018160388337194,pass,watch,watch,watch,pass,3.344413874959536,3.344413874959536,7.99769093910035e-05,699.4486688792954,1003553.552655324
100,30,260,12,1808,986,822,691.5377793493451,209.13878036441412,3.3018160388337194,pass,watch,watch,watch,pass,3.344413874959536,3.344413874959536,7.99769093910035e-05,699.4486688792954,1003553.552655324
100,30,320,12,1808,986,822,691.5377793493451,209.13878036441412,3.3018160388337194,pass,watch,watch,watch,pass,3.344413874959536,3.344413874959536,7.99769093910035e-05,699.4486688792954,1003553.552655324
40,40,120,12,2510,778,1732,628.7447262600035,187.87300450256234,3.3413247843781724,pass,watch,watch,watch,pass,3.3887429846685118,3.3887429846685118,7.82672329535876e-05,636.6556157899538,1003576.6159891711
40,40,150,12,2510,778,1732,628.7447262600035,187.87300450256234,3.3413247843781724,pass,watch,watch,watch,pass,3.3887429846685118,3.3887429846685118,7.82672329535876e-05,636.6556157899538,1003576.6159891711
40,40,180,12,2510,778,1732,628.7447262600035,187.87300450256234,3.3413247843781724,pass,watch,watch,watch,pass,3.3887429846685118,3.3887429846685118,7.82672329535876e-05,636.6556157899538,1003576.6159891711
40,40,220,12,2510,778,1732,628.7447262600035,187.87300450256234,3.3413247843781724,pass,watch,watch,watch,pass,3.3887429846685118,3.3887429846685118,7.82672329535876e-05,636.6556157899538,1003576.6159891711
40,40,260,12,2510,778,1732,628.7447262600035,187.87300450256234,3.3413247843781724,pass,watch,watch,watch,pass,3.3887429846685118,3.3887429846685118,7.82672329535876e-05,636.6556157899538,1003576.6159891711
40,40,320,12,2510,778,1732,628.7447262600035,187.87300450256234,3.3413247843781724,pass,watch,watch,watch,pass,3.3887429846685118,3.3887429846685118,7.82672329535876e-05,636.6556157899538,1003576.6159891711
60,20,120,8,2541,1311,1230,629.5395871220383,188.05116935026803,3.3423859542787917,pass,watch,watch,watch,pass,3.3897592371506056,3.3897592371506056,0.00012231342999955306,637.4504766519885,1003577.8104065009
60,20,150,8,2541,1311,1230,629.5395871220383,188.05116935026803,3.3423859542787917,pass,watch,watch,watch,pass,3.3897592371506056,3.3897592371506056,0.00012231342999955306,637.4504766519885,1003577.8104065009
60,20,180,8,2541,1311,1230,629.5395871220383,188.05116935026803,3.3423859542787917,pass,watch,watch,watch,pass,3.3897592371506056,3.3897592371506056,0.00012231342999955306,637.4504766519885,1003577.8104065009
60,20,220,8,2541,1311,1230,629.5395871220383,188.05116935026803,3.3423859542787917,pass,watch,watch,watch,pass,3.3897592371506056,3.3897592371506056,0.00012231342999955306,637.4504766519885,1003577.8104065009
60,20,260,8,2541,1311,1230,629.5395871220383,188.05116935026803,3.3423859542787917,pass,watch,watch,watch,pass,3.3897592371506056,3.3897592371506056,0.00012231342999955306,637.4504766519885,1003577.8104065009
60,20,320,8,2541,1311,1230,629.5395871220383,188.05116935026803,3.3423859542787917,pass,watch,watch,watch,pass,3.3897592371506056,3.3897592371506056,0.00012231342999955306,637.4504766519885,1003577.8104065009
40,60,120,8,2294,562,1732,653.6944285689475,195.10578863378095,3.345336051479607,pass,watch,watch,watch,pass,3.3909968349789845,3.3909968349789845,9.187764411062745e-05,661.6053180988978,1003586.1026236127
40,60,150,8,2294,562,1732,653.6944285689475,195.10578863378095,3.345336051479607,pass,watch,watch,watch,pass,3.3909968349789845,3.3909968349789845,9.187764411062745e-05,661.6053180988978,1003586.1026236127
40,60,180,8,2294,562,1732,653.6944285689475,195.10578863378095,3.345336051479607,pass,watch,watch,watch,pass,3.3909968349789845,3.3909968349789845,9.187764411062745e-05,661.6053180988978,1003586.1026236127
40,60,220,8,2294,562,1732,653.6944285689475,195.10578863378095,3.345336051479607,pass,watch,watch,watch,pass,3.3909968349789845,3.3909968349789845,9.187764411062745e-05,661.6053180988978,1003586.1026236127
40,60,260,8,2294,562,1732,653.6944285689475,195.10578863378095,3.345336051479607,pass,watch,watch,watch,pass,3.3909968349789845,3.3909968349789845,9.187764411062745e-05,661.6053180988978,1003586.1026236127
40,60,320,8,2294,562,1732,653.6944285689475,195.10578863378095,3.345336051479607,pass,watch,watch,watch,pass,3.3909968349789845,3.3909968349789845,9.187764411062745e-05,661.6053180988978,1003586.1026236127
40,60,120,10,2294,562,1732,657.2540056057572,195.30648211157632,3.36012403946146,pass,watch,watch,watch,pass,3.40573786529949,3.40573786529949,0.00010219677593150447,665.1648951357075,1003601.044347411
40,60,150,10,2294,562,1732,657.2540056057572,195.30648211157632,3.36012403946146,pass,watch,watch,watch,pass,3.40573786529949,3.40573786529949,0.00010219677593150447,665.1648951357075,1003601.044347411
40,60,180,10,2294,562,1732,657.2540056057572,195.30648211157632,3.36012403946146,pass,watch,watch,watch,pass,3.40573786529949,3.40573786529949,0.00010219677593150447,665.1648951357075,1003601.044347411
40,60,220,10,2294,562,1732,657.2540056057572,195.30648211157632,3.36012403946146,pass,watch,watch,watch,pass,3.40573786529949,3.40573786529949,0.00010219677593150447,665.1648951357075,1003601.044347411
40,60,260,10,2294,562,1732,657.2540056057572,195.30648211157632,3.36012403946146,pass,watch,watch,watch,pass,3.40573786529949,3.40573786529949,0.00010219677593150447,665.1648951357075,1003601.044347411
40,60,320,10,2294,562,1732,657.2540056057572,195.30648211157632,3.36012403946146,pass,watch,watch,watch,pass,3.40573786529949,3.40573786529949,0.00010219677593150447,665.1648951357075,1003601.044347411
40,30,120,14,2718,986,1732,616.7878392292134,180.6018062201923,3.409643857484106,pass,watch,watch,watch,pass,3.458970375263206,3.458970375263206,7.101104911503545e-05,624.6987287591637,1003639.5721814835
40,30,120,16,2718,986,1732,616.7878392292134,180.6018062201923,3.409643857484106,pass,watch,watch,watch,pass,3.458970375263206,3.458970375263206,7.101104911503545e-05,624.6987287591637,1003639.5721814835
40,30,120,20,2718,986,1732,616.7878392292134,180.6018062201923,3.409643857484106,pass,watch,watch,watch,pass,3.458970375263206,3.458970375263206,7.101104911503545e-05,624.6987287591637,1003639.5721814835
40,30,150,14,2718,986,1732,616.7878392292134,180.6018062201923,3.409643857484106,pass,watch,watch,watch,pass,3.458970375263206,3.458970375263206,7.101104911503545e-05,624.6987287591637,1003639.5721814835
40,30,150,16,2718,986,1732,616.7878392292134,180.6018062201923,3.409643857484106,pass,watch,watch,watch,pass,3.458970375263206,3.458970375263206,7.101104911503545e-05,624.6987287591637,1003639.5721814835
40,30,150,20,2718,986,1732,616.7878392292134,180.6018062201923,3.409643857484106,pass,watch,watch,watch,pass,3.458970375263206,3.458970375263206,7.101104911503545e-05,624.6987287591637,1003639.5721814835
40,30,180,14,2718,986,1732,616.7878392292134,180.6018062201923,3.409643857484106,pass,watch,watch,watch,pass,3.458970375263206,3.458970375263206,7.101104911503545e-05,624.6987287591637,1003639.5721814835
40,30,180,16,2718,986,1732,616.7878392292134,180.6018062201923,3.409643857484106,pass,watch,watch,watch,pass,3.458970375263206,3.458970375263206,7.101104911503545e-05,624.6987287591637,1003639.5721814835
40,30,180,20,2718,986,1732,616.7878392292134,180.6018062201923,3.409643857484106,pass,watch,watch,watch,pass,3.458970375263206,3.458970375263206,7.101104911503545e-05,624.6987287591637,1003639.5721814835
40,30,220,14,2718,986,1732,616.7878392292134,180.6018062201923,3.409643857484106,pass,watch,watch,watch,pass,3.458970375263206,3.458970375263206,7.101104911503545e-05,624.6987287591637,1003639.5721814835
40,30,220,16,2718,986,1732,616.7878392292134,180.6018062201923,3.409643857484106,pass,watch,watch,watch,pass,3.458970375263206,3.458970375263206,7.101104911503545e-05,624.6987287591637,1003639.5721814835
40,30,220,20,2718,986,1732,616.7878392292134,180.6018062201923,3.409643857484106,pass,watch,watch,watch,pass,3.458970375263206,3.458970375263206,7.101104911503545e-05,624.6987287591637,1003639.5721814835
40,30,260,14,2718,986,1732,616.7878392292134,180.6018062201923,3.409643857484106,pass,watch,watch,watch,pass,3.458970375263206,3.458970375263206,7.101104911503545e-05,624.6987287591637,1003639.5721814835
40,30,260,16,2718,986,1732,616.7878392292134,180.6018062201923,3.409643857484106,pass,watch,watch,watch,pass,3.458970375263206,3.458970375263206,7.101104911503545e-05,624.6987287591637,1003639.5721814835
40,30,260,20,2718,986,1732,616.7878392292134,180.6018062201923,3.409643857484106,pass,watch,watch,watch,pass,3.458970375263206,3.458970375263206,7.101104911503545e-05,624.6987287591637,1003639.5721814835
40,30,320,14,2718,986,1732,616.7878392292134,180.6018062201923,3.409643857484106,pass,watch,watch,watch,pass,3.458970375263206,3.458970375263206,7.101104911503545e-05,624.6987287591637,1003639.5721814835
40,30,320,16,2718,986,1732,616.7878392292134,180.6018062201923,3.409643857484106,pass,watch,watch,watch,pass,3.458970375263206,3.458970375263206,7.101104911503545e-05,624.6987287591637,1003639.5721814835
40,30,320,20,2718,986,1732,616.7878392292134,180.6018062201923,3.409643857484106,pass,watch,watch,watch,pass,3.458970375263206,3.458970375263206,7.101104911503545e-05,624.6987287591637,1003639.5721814835
100,30,120,8,1808,986,822,706.1782657694603,207.43711191786042,3.399479771241185,pass,watch,watch,watch,pass,3.442426680678276,3.442426680678276,4.1063104793968875e-05,714.0891552994105,1003649.8637925962
100,30,150,8,1808,986,822,706.1782657694603,207.43711191786042,3.399479771241185,pass,watch,watch,watch,pass,3.442426680678276,3.442426680678276,4.1063104793968875e-05,714.0891552994105,1003649.8637925962
100,30,180,8,1808,986,822,706.1782657694603,207.43711191786042,3.399479771241185,pass,watch,watch,watch,pass,3.442426680678276,3.442426680678276,4.1063104793968875e-05,714.0891552994105,1003649.8637925962
100,30,220,8,1808,986,822,706.1782657694603,207.43711191786042,3.399479771241185,pass,watch,watch,watch,pass,3.442426680678276,3.442426680678276,4.1063104793968875e-05,714.0891552994105,1003649.8637925962
100,30,260,8,1808,986,822,706.1782657694603,207.43711191786042,3.399479771241185,pass,watch,watch,watch,pass,3.442426680678276,3.442426680678276,4.1063104793968875e-05,714.0891552994105,1003649.8637925962
100,30,320,8,1808,986,822,706.1782657694603,207.43711191786042,3.399479771241185,pass,watch,watch,watch,pass,3.442426680678276,3.442426680678276,4.1063104793968875e-05,714.0891552994105,1003649.8637925962
40,50,120,8,2386,654,1732,653.6944285689523,191.27491415362894,3.4123368004479593,pass,watch,watch,watch,pass,3.458911616339978,3.458911616339978,8.58998996133287e-05,661.6053180989026,1003650.1865304935
40,50,150,8,2386,654,1732,653.6944285689523,191.27491415362894,3.4123368004479593,pass,watch,watch,watch,pass,3.458911616339978,3.458911616339978,8.58998996133287e-05,661.6053180989026,1003650.1865304935
40,50,180,8,2386,654,1732,653.6944285689523,191.27491415362894,3.4123368004479593,pass,watch,watch,watch,pass,3.458911616339978,3.458911616339978,8.58998996133287e-05,661.6053180989026,1003650.1865304935
40,50,220,8,2386,654,1732,653.6944285689523,191.27491415362894,3.4123368004479593,pass,watch,watch,watch,pass,3.458911616339978,3.458911616339978,8.58998996133287e-05,661.6053180989026,1003650.1865304935
40,50,260,8,2386,654,1732,653.6944285689523,191.27491415362894,3.4123368004479593,pass,watch,watch,watch,pass,3.458911616339978,3.458911616339978,8.58998996133287e-05,661.6053180989026,1003650.1865304935
40,50,320,8,2386,654,1732,653.6944285689523,191.27491415362894,3.4123368004479593,pass,watch,watch,watch,pass,3.458911616339978,3.458911616339978,8.58998996133287e-05,661.6053180989026,1003650.1865304935
100,30,120,10,1808,986,822,708.0978859169289,207.79077193889626,3.4029320903859044,pass,watch,watch,watch,pass,3.445805911477031,3.445805911477031,8.729573534854835e-05,716.0087754468792,1003653.5966834159
100,30,150,10,1808,986,822,708.0978859169289,207.79077193889626,3.4029320903859044,pass,watch,watch,watch,pass,3.445805911477031,3.445805911477031,8.729573534854835e-05,716.0087754468792,1003653.5966834159
100,30,180,10,1808,986,822,708.0978859169289,207.79077193889626,3.4029320903859044,pass,watch,watch,watch,pass,3.445805911477031,3.445805911477031,8.729573534854835e-05,716.0087754468792,1003653.5966834159
100,30,220,10,1808,986,822,708.0978859169289,207.79077193889626,3.4029320903859044,pass,watch,watch,watch,pass,3.445805911477031,3.445805911477031,8.729573534854835e-05,716.0087754468792,1003653.5966834159
100,30,260,10,1808,986,822,708.0978859169289,207.79077193889626,3.4029320903859044,pass,watch,watch,watch,pass,3.445805911477031,3.445805911477031,8.729573534854835e-05,716.0087754468792,1003653.5966834159
100,30,320,10,1808,986,822,708.0978859169289,207.79077193889626,3.4029320903859044,pass,watch,watch,watch,pass,3.445805911477031,3.445805911477031,8.729573534854835e-05,716.0087754468792,1003653.5966834159
40,50,120,10,2386,654,1732,657.254005605763,191.46510771430334,3.4275383825286814,pass,watch,watch,watch,pass,3.474066892343784,3.474066892343784,5.4459320629727367e-05,665.1648951357133,1003665.5320000581
40,50,150,10,2386,654,1732,657.254005605763,191.46510771430334,3.4275383825286814,pass,watch,watch,watch,pass,3.474066892343784,3.474066892343784,5.4459320629727367e-05,665.1648951357133,1003665.5320000581
40,50,180,10,2386,654,1732,657.254005605763,191.46510771430334,3.4275383825286814,pass,watch,watch,watch,pass,3.474066892343784,3.474066892343784,5.4459320629727367e-05,665.1648951357133,1003665.5320000581
40,50,220,10,2386,654,1732,657.254005605763,191.46510771430334,3.4275383825286814,pass,watch,watch,watch,pass,3.474066892343784,3.474066892343784,5.4459320629727367e-05,665.1648951357133,1003665.5320000581
40,50,260,10,2386,654,1732,657.254005605763,191.46510771430334,3.4275383825286814,pass,watch,watch,watch,pass,3.474066892343784,3.474066892343784,5.4459320629727367e-05,665.1648951357133,1003665.5320000581
40,50,320,10,2386,654,1732,657.254005605763,191.46510771430334,3.4275383825286814,pass,watch,watch,watch,pass,3.474066892343784,3.474066892343784,5.4459320629727367e-05,665.1648951357133,1003665.5320000581
100,20,120,14,2133,1311,822,665.2169686104121,192.80495684776014,3.445020187602757,pass,watch,watch,watch,pass,3.4912253837684135,3.4912253837684135,1.1712180211472678e-05,673.1278581403624,1003684.0303406162
100,20,120,16,2133,1311,822,665.2169686104121,192.80495684776014,3.445020187602757,pass,watch,watch,watch,pass,3.4912253837684135,3.4912253837684135,1.1712180211472678e-05,673.1278581403624,1003684.0303406162
100,20,120,20,2133,1311,822,665.2169686104121,192.80495684776014,3.445020187602757,pass,watch,watch,watch,pass,3.4912253837684135,3.4912253837684135,1.1712180211472678e-05,673.1278581403624,1003684.0303406162
100,20,150,14,2133,1311,822,665.2169686104121,192.80495684776014,3.445020187602757,pass,watch,watch,watch,pass,3.4912253837684135,3.4912253837684135,1.1712180211472678e-05,673.1278581403624,1003684.0303406162
100,20,150,16,2133,1311,822,665.2169686104121,192.80495684776014,3.445020187602757,pass,watch,watch,watch,pass,3.4912253837684135,3.4912253837684135,1.1712180211472678e-05,673.1278581403624,1003684.0303406162
100,20,150,20,2133,1311,822,665.2169686104121,192.80495684776014,3.445020187602757,pass,watch,watch,watch,pass,3.4912253837684135,3.4912253837684135,1.1712180211472678e-05,673.1278581403624,1003684.0303406162
100,20,180,14,2133,1311,822,665.2169686104121,192.80495684776014,3.445020187602757,pass,watch,watch,watch,pass,3.4912253837684135,3.4912253837684135,1.1712180211472678e-05,673.1278581403624,1003684.0303406162
100,20,180,16,2133,1311,822,665.2169686104121,192.80495684776014,3.445020187602757,pass,watch,watch,watch,pass,3.4912253837684135,3.4912253837684135,1.1712180211472678e-05,673.1278581403624,1003684.0303406162
100,20,180,20,2133,1311,822,665.2169686104121,192.80495684776014,3.445020187602757,pass,watch,watch,watch,pass,3.4912253837684135,3.4912253837684135,1.1712180211472678e-05,673.1278581403624,1003684.0303406162
100,20,220,14,2133,1311,822,665.2169686104121,192.80495684776014,3.445020187602757,pass,watch,watch,watch,pass,3.4912253837684135,3.4912253837684135,1.1712180211472678e-05,673.1278581403624,1003684.0303406162
100,20,220,16,2133,1311,822,665.2169686104121,192.80495684776014,3.445020187602757,pass,watch,watch,watch,pass,3.4912253837684135,3.4912253837684135,1.1712180211472678e-05,673.1278581403624,1003684.0303406162
100,20,220,20,2133,1311,822,665.2169686104121,192.80495684776014,3.445020187602757,pass,watch,watch,watch,pass,3.4912253837684135,3.4912253837684135,1.1712180211472678e-05,673.1278581403624,1003684.0303406162
100,20,260,14,2133,1311,822,665.2169686104121,192.80495684776014,3.445020187602757,pass,watch,watch,watch,pass,3.4912253837684135,3.4912253837684135,1.1712180211472678e-05,673.1278581403624,1003684.0303406162
100,20,260,16,2133,1311,822,665.2169686104121,192.80495684776014,3.445020187602757,pass,watch,watch,watch,pass,3.4912253837684135,3.4912253837684135,1.1712180211472678e-05,673.1278581403624,1003684.0303406162
100,20,260,20,2133,1311,822,665.2169686104121,192.80495684776014,3.445020187602757,pass,watch,watch,watch,pass,3.4912253837684135,3.4912253837684135,1.1712180211472678e-05,673.1278581403624,1003684.0303406162
100,20,320,14,2133,1311,822,665.2169686104121,192.80495684776014,3.445020187602757,pass,watch,watch,watch,pass,3.4912253837684135,3.4912253837684135,1.1712180211472678e-05,673.1278581403624,1003684.0303406162
100,20,320,16,2133,1311,822,665.2169686104121,192.80495684776014,3.445020187602757,pass,watch,watch,watch,pass,3.4912253837684135,3.4912253837684135,1.1712180211472678e-05,673.1278581403624,1003684.0303406162
100,20,320,20,2133,1311,822,665.2169686104121,192.80495684776014,3.445020187602757,pass,watch,watch,watch,pass,3.4912253837684135,3.4912253837684135,1.1712180211472678e-05,673.1278581403624,1003684.0303406162
40,30,120,12,2718,986,1732,628.7447262599964,180.46339780023152,3.478515499053687,pass,watch,watch,watch,pass,3.527879569417088,3.527879569417088,6.334744425795764e-05,636.6556157899466,1003708.3429672173
40,30,150,12,2718,986,1732,628.7447262599964,180.46339780023152,3.478515499053687,pass,watch,watch,watch,pass,3.527879569417088,3.527879569417088,6.334744425795764e-05,636.6556157899466,1003708.3429672173
40,30,180,12,2718,986,1732,628.7447262599964,180.46339780023152,3.478515499053687,pass,watch,watch,watch,pass,3.527879569417088,3.527879569417088,6.334744425795764e-05,636.6556157899466,1003708.3429672173
40,30,220,12,2718,986,1732,628.7447262599964,180.46339780023152,3.478515499053687,pass,watch,watch,watch,pass,3.527879569417088,3.527879569417088,6.334744425795764e-05,636.6556157899466,1003708.3429672173
40,30,260,12,2718,986,1732,628.7447262599964,180.46339780023152,3.478515499053687,pass,watch,watch,watch,pass,3.527879569417088,3.527879569417088,6.334744425795764e-05,636.6556157899466,1003708.3429672173
40,30,320,12,2718,986,1732,628.7447262599964,180.46339780023152,3.478515499053687,pass,watch,watch,watch,pass,3.527879569417088,3.527879569417088,6.334744425795764e-05,636.6556157899466,1003708.3429672173
40,40,120,8,2510,778,1732,653.6944285689478,186.45142742791757,3.5006137393143884,pass,watch,watch,watch,pass,3.548392797504794,3.548392797504794,0.00015652030769669958,661.6053180988981,1003734.8442249327
40,40,150,8,2510,778,1732,653.6944285689478,186.45142742791757,3.5006137393143884,pass,watch,watch,watch,pass,3.548392797504794,3.548392797504794,0.00015652030769669958,661.6053180988981,1003734.8442249327
40,40,180,8,2510,778,1732,653.6944285689478,186.45142742791757,3.5006137393143884,pass,watch,watch,watch,pass,3.548392797504794,3.548392797504794,0.00015652030769669958,661.6053180988981,1003734.8442249327
40,40,220,8,2510,778,1732,653.6944285689478,186.45142742791757,3.5006137393143884,pass,watch,watch,watch,pass,3.548392797504794,3.548392797504794,0.00015652030769669958,661.6053180988981,1003734.8442249327
40,40,260,8,2510,778,1732,653.6944285689478,186.45142742791757,3.5006137393143884,pass,watch,watch,watch,pass,3.548392797504794,3.548392797504794,0.00015652030769669958,661.6053180988981,1003734.8442249327
40,40,320,8,2510,778,1732,653.6944285689478,186.45142742791757,3.5006137393143884,pass,watch,watch,watch,pass,3.548392797504794,3.548392797504794,0.00015652030769669958,661.6053180988981,1003734.8442249327
40,40,120,10,2510,778,1732,657.2540056057599,186.62895535967746,3.5163568500986653,pass,watch,watch,watch,pass,3.564090414293562,3.564090414293562,0.00017870070517638626,665.1648951357101,1003750.7193696533
40,40,150,10,2510,778,1732,657.2540056057599,186.62895535967746,3.5163568500986653,pass,watch,watch,watch,pass,3.564090414293562,3.564090414293562,0.00017870070517638626,665.1648951357101,1003750.7193696533
40,40,180,10,2510,778,1732,657.2540056057599,186.62895535967746,3.5163568500986653,pass,watch,watch,watch,pass,3.564090414293562,3.564090414293562,0.00017870070517638626,665.1648951357101,1003750.7193696533
40,40,220,10,2510,778,1732,657.2540056057599,186.62895535967746,3.5163568500986653,pass,watch,watch,watch,pass,3.564090414293562,3.564090414293562,0.00017870070517638626,665.1648951357101,1003750.7193696533
40,40,260,10,2510,778,1732,657.2540056057599,186.62895535967746,3.5163568500986653,pass,watch,watch,watch,pass,3.564090414293562,3.564090414293562,0.00017870070517638626,665.1648951357101,1003750.7193696533
40,40,320,10,2510,778,1732,657.2540056057599,186.62895535967746,3.5163568500986653,pass,watch,watch,watch,pass,3.564090414293562,3.564090414293562,0.00017870070517638626,665.1648951357101,1003750.7193696533
100,20,120,12,2133,1311,822,691.5377793493457,192.3173770491487,3.5906156268597176,pass,watch,watch,watch,pass,3.636937436045398,3.636937436045398,1.7777163005271588e-06,699.448668879296,1003829.2548130945
100,20,150,12,2133,1311,822,691.5377793493457,192.3173770491487,3.5906156268597176,pass,watch,watch,watch,pass,3.636937436045398,3.636937436045398,1.7777163005271588e-06,699.448668879296,1003829.2548130945
100,20,180,12,2133,1311,822,691.5377793493457,192.3173770491487,3.5906156268597176,pass,watch,watch,watch,pass,3.636937436045398,3.636937436045398,1.7777163005271588e-06,699.448668879296,1003829.2548130945
100,20,220,12,2133,1311,822,691.5377793493457,192.3173770491487,3.5906156268597176,pass,watch,watch,watch,pass,3.636937436045398,3.636937436045398,1.7777163005271588e-06,699.448668879296,1003829.2548130945
100,20,260,12,2133,1311,822,691.5377793493457,192.3173770491487,3.5906156268597176,pass,watch,watch,watch,pass,3.636937436045398,3.636937436045398,1.7777163005271588e-06,699.448668879296,1003829.2548130945
100,20,320,12,2133,1311,822,691.5377793493457,192.3173770491487,3.5906156268597176,pass,watch,watch,watch,pass,3.636937436045398,3.636937436045398,1.7777163005271588e-06,699.448668879296,1003829.2548130945
40,20,120,14,3043,1311,1732,616.7878392292304,170.58355381520994,3.6098898484451913,pass,watch,watch,watch,pass,3.6621115547130407,3.6621115547130407,8.314705100918708e-06,624.6987287591807,1003832.6951085282
40,20,120,16,3043,1311,1732,616.7878392292304,170.58355381520994,3.6098898484451913,pass,watch,watch,watch,pass,3.6621115547130407,3.6621115547130407,8.314705100918708e-06,624.6987287591807,1003832.6951085282
40,20,120,20,3043,1311,1732,616.7878392292304,170.58355381520994,3.6098898484451913,pass,watch,watch,watch,pass,3.6621115547130407,3.6621115547130407,8.314705100918708e-06,624.6987287591807,1003832.6951085282
40,20,150,14,3043,1311,1732,616.7878392292304,170.58355381520994,3.6098898484451913,pass,watch,watch,watch,pass,3.6621115547130407,3.6621115547130407,8.314705100918708e-06,624.6987287591807,1003832.6951085282
40,20,150,16,3043,1311,1732,616.7878392292304,170.58355381520994,3.6098898484451913,pass,watch,watch,watch,pass,3.6621115547130407,3.6621115547130407,8.314705100918708e-06,624.6987287591807,1003832.6951085282
40,20,150,20,3043,1311,1732,616.7878392292304,170.58355381520994,3.6098898484451913,pass,watch,watch,watch,pass,3.6621115547130407,3.6621115547130407,8.314705100918708e-06,624.6987287591807,1003832.6951085282
40,20,180,14,3043,1311,1732,616.7878392292304,170.58355381520994,3.6098898484451913,pass,watch,watch,watch,pass,3.6621115547130407,3.6621115547130407,8.314705100918708e-06,624.6987287591807,1003832.6951085282
40,20,180,16,3043,1311,1732,616.7878392292304,170.58355381520994,3.6098898484451913,pass,watch,watch,watch,pass,3.6621115547130407,3.6621115547130407,8.314705100918708e-06,624.6987287591807,1003832.6951085282
40,20,180,20,3043,1311,1732,616.7878392292304,170.58355381520994,3.6098898484451913,pass,watch,watch,watch,pass,3.6621115547130407,3.6621115547130407,8.314705100918708e-06,624.6987287591807,1003832.6951085282
40,20,220,14,3043,1311,1732,616.7878392292304,170.58355381520994,3.6098898484451913,pass,watch,watch,watch,pass,3.6621115547130407,3.6621115547130407,8.314705100918708e-06,624.6987287591807,1003832.6951085282
40,20,220,16,3043,1311,1732,616.7878392292304,170.58355381520994,3.6098898484451913,pass,watch,watch,watch,pass,3.6621115547130407,3.6621115547130407,8.314705100918708e-06,624.6987287591807,1003832.6951085282
40,20,220,20,3043,1311,1732,616.7878392292304,170.58355381520994,3.6098898484451913,pass,watch,watch,watch,pass,3.6621115547130407,3.6621115547130407,8.314705100918708e-06,624.6987287591807,1003832.6951085282
40,20,260,14,3043,1311,1732,616.7878392292304,170.58355381520994,3.6098898484451913,pass,watch,watch,watch,pass,3.6621115547130407,3.6621115547130407,8.314705100918708e-06,624.6987287591807,1003832.6951085282
40,20,260,16,3043,1311,1732,616.7878392292304,170.58355381520994,3.6098898484451913,pass,watch,watch,watch,pass,3.6621115547130407,3.6621115547130407,8.314705100918708e-06,624.6987287591807,1003832.6951085282
40,20,260,20,3043,1311,1732,616.7878392292304,170.58355381520994,3.6098898484451913,pass,watch,watch,watch,pass,3.6621115547130407,3.6621115547130407,8.314705100918708e-06,624.6987287591807,1003832.6951085282
40,20,320,14,3043,1311,1732,616.7878392292304,170.58355381520994,3.6098898484451913,pass,watch,watch,watch,pass,3.6621115547130407,3.6621115547130407,8.314705100918708e-06,624.6987287591807,1003832.6951085282
40,20,320,16,3043,1311,1732,616.7878392292304,170.58355381520994,3.6098898484451913,pass,watch,watch,watch,pass,3.6621115547130407,3.6621115547130407,8.314705100918708e-06,624.6987287591807,1003832.6951085282
40,20,320,20,3043,1311,1732,616.7878392292304,170.58355381520994,3.6098898484451913,pass,watch,watch,watch,pass,3.6621115547130407,3.6621115547130407,8.314705100918708e-06,624.6987287591807,1003832.6951085282
40,30,120,8,2718,986,1732,653.6944285689482,179.12013760674975,3.643891955922397,pass,watch,watch,watch,pass,3.693625458299269,3.693625458299269,3.37969985654395e-05,661.6053180988985,1003872.745595906
40,30,150,8,2718,986,1732,653.6944285689482,179.12013760674975,3.643891955922397,pass,watch,watch,watch,pass,3.693625458299269,3.693625458299269,3.37969985654395e-05,661.6053180988985,1003872.745595906
40,30,180,8,2718,986,1732,653.6944285689482,179.12013760674975,3.643891955922397,pass,watch,watch,watch,pass,3.693625458299269,3.693625458299269,3.37969985654395e-05,661.6053180988985,1003872.745595906
40,30,220,8,2718,986,1732,653.6944285689482,179.12013760674975,3.643891955922397,pass,watch,watch,watch,pass,3.693625458299269,3.693625458299269,3.37969985654395e-05,661.6053180988985,1003872.745595906
40,30,260,8,2718,986,1732,653.6944285689482,179.12013760674975,3.643891955922397,pass,watch,watch,watch,pass,3.693625458299269,3.693625458299269,3.37969985654395e-05,661.6053180988985,1003872.745595906
40,30,320,8,2718,986,1732,653.6944285689482,179.12013760674975,3.643891955922397,pass,watch,watch,watch,pass,3.693625458299269,3.693625458299269,3.37969985654395e-05,661.6053180988985,1003872.745595906
40,30,120,10,2718,986,1732,657.2540056057637,179.27956607446316,3.6605064368194133,pass,watch,watch,watch,pass,3.710195660076586,3.710195660076586,7.088044230677537e-05,665.164895135714,1003889.4752261511
40,30,150,10,2718,986,1732,657.2540056057637,179.27956607446316,3.6605064368194133,pass,watch,watch,watch,pass,3.710195660076586,3.710195660076586,7.088044230677537e-05,665.164895135714,1003889.4752261511
40,30,180,10,2718,986,1732,657.2540056057637,179.27956607446316,3.6605064368194133,pass,watch,watch,watch,pass,3.710195660076586,3.710195660076586,7.088044230677537e-05,665.164895135714,1003889.4752261511
40,30,220,10,2718,986,1732,657.2540056057637,179.27956607446316,3.6605064368194133,pass,watch,watch,watch,pass,3.710195660076586,3.710195660076586,7.088044230677537e-05,665.164895135714,1003889.4752261511
40,30,260,10,2718,986,1732,657.2540056057637,179.27956607446316,3.6605064368194133,pass,watch,watch,watch,pass,3.710195660076586,3.710195660076586,7.088044230677537e-05,665.164895135714,1003889.4752261511
40,30,320,10,2718,986,1732,657.2540056057637,179.27956607446316,3.6605064368194133,pass,watch,watch,watch,pass,3.710195660076586,3.710195660076586,7.088044230677537e-05,665.164895135714,1003889.4752261511
40,20,120,12,3043,1311,1732,628.7447262600026,170.45965849043634,3.6826585939407024,pass,watch,watch,watch,pass,3.734917926845315,3.734917926845315,5.640211973866727e-07,636.6556157899529,1003905.3775853358
40,20,150,12,3043,1311,1732,628.7447262600026,170.45965849043634,3.6826585939407024,pass,watch,watch,watch,pass,3.734917926845315,3.734917926845315,5.640211973866727e-07,636.6556157899529,1003905.3775853358
40,20,180,12,3043,1311,1732,628.7447262600026,170.45965849043634,3.6826585939407024,pass,watch,watch,watch,pass,3.734917926845315,3.734917926845315,5.640211973866727e-07,636.6556157899529,1003905.3775853358
40,20,220,12,3043,1311,1732,628.7447262600026,170.45965849043634,3.6826585939407024,pass,watch,watch,watch,pass,3.734917926845315,3.734917926845315,5.640211973866727e-07,636.6556157899529,1003905.3775853358
40,20,260,12,3043,1311,1732,628.7447262600026,170.45965849043634,3.6826585939407024,pass,watch,watch,watch,pass,3.734917926845315,3.734917926845315,5.640211973866727e-07,636.6556157899529,1003905.3775853358
40,20,320,12,3043,1311,1732,628.7447262600026,170.45965849043634,3.6826585939407024,pass,watch,watch,watch,pass,3.734917926845315,3.734917926845315,5.640211973866727e-07,636.6556157899529,1003905.3775853358
100,20,120,8,2133,1311,822,706.1782657694617,190.81849711771267,3.6955445956292663,pass,watch,watch,watch,pass,3.742229796865816,3.742229796865816,0.00014619177417250377,714.089155299412,1003933.0482939836
100,20,150,8,2133,1311,822,706.1782657694617,190.81849711771267,3.6955445956292663,pass,watch,watch,watch,pass,3.742229796865816,3.742229796865816,0.00014619177417250377,714.089155299412,1003933.0482939836
100,20,180,8,2133,1311,822,706.1782657694617,190.81849711771267,3.6955445956292663,pass,watch,watch,watch,pass,3.742229796865816,3.742229796865816,0.00014619177417250377,714.089155299412,1003933.0482939836
100,20,220,8,2133,1311,822,706.1782657694617,190.81849711771267,3.6955445956292663,pass,watch,watch,watch,pass,3.742229796865816,3.742229796865816,0.00014619177417250377,714.089155299412,1003933.0482939836
100,20,260,8,2133,1311,822,706.1782657694617,190.81849711771267,3.6955445956292663,pass,watch,watch,watch,pass,3.742229796865816,3.742229796865816,0.00014619177417250377,714.089155299412,1003933.0482939836
100,20,320,8,2133,1311,822,706.1782657694617,190.81849711771267,3.6955445956292663,pass,watch,watch,watch,pass,3.742229796865816,3.742229796865816,0.00014619177417250377,714.089155299412,1003933.0482939836
100,20,120,10,2133,1311,822,708.09788591693,191.11087315092496,3.699935405341994,pass,watch,watch,watch,pass,3.7465491889028697,3.7465491889028697,0.00016651173617460627,716.0087754468802,1003937.6600620537
100,20,150,10,2133,1311,822,708.09788591693,191.11087315092496,3.699935405341994,pass,watch,watch,watch,pass,3.7465491889028697,3.7465491889028697,0.00016651173617460627,716.0087754468802,1003937.6600620537
100,20,180,10,2133,1311,822,708.09788591693,191.11087315092496,3.699935405341994,pass,watch,watch,watch,pass,3.7465491889028697,3.7465491889028697,0.00016651173617460627,716.0087754468802,1003937.6600620537
100,20,220,10,2133,1311,822,708.09788591693,191.11087315092496,3.699935405341994,pass,watch,watch,watch,pass,3.7465491889028697,3.7465491889028697,0.00016651173617460627,716.0087754468802,1003937.6600620537
100,20,260,10,2133,1311,822,708.09788591693,191.11087315092496,3.699935405341994,pass,watch,watch,watch,pass,3.7465491889028697,3.7465491889028697,0.00016651173617460627,716.0087754468802,1003937.6600620537
100,20,320,10,2133,1311,822,708.09788591693,191.11087315092496,3.699935405341994,pass,watch,watch,watch,pass,3.7465491889028697,3.7465491889028697,0.00016651173617460627,716.0087754468802,1003937.6600620537
120,60,120,14,1283,562,721,1058.5166223622098,292.3675097114081,3.617079830129106,pass,watch,watch,watch,pass,3.6475527981143983,3.6475527981143983,1.721179333478657e-05,1066.42751189216,1003939.9203078258
120,60,120,16,1283,562,721,1058.5166223622098,292.3675097114081,3.617079830129106,pass,watch,watch,watch,pass,3.6475527981143983,3.6475527981143983,1.721179333478657e-05,1066.42751189216,1003939.9203078258
120,60,120,20,1283,562,721,1058.5166223622098,292.3675097114081,3.617079830129106,pass,watch,watch,watch,pass,3.6475527981143983,3.6475527981143983,1.721179333478657e-05,1066.42751189216,1003939.9203078258
120,60,150,14,1283,562,721,1058.5166223622098,292.3675097114081,3.617079830129106,pass,watch,watch,watch,pass,3.6475527981143983,3.6475527981143983,1.721179333478657e-05,1066.42751189216,1003939.9203078258
120,60,150,16,1283,562,721,1058.5166223622098,292.3675097114081,3.617079830129106,pass,watch,watch,watch,pass,3.6475527981143983,3.6475527981143983,1.721179333478657e-05,1066.42751189216,1003939.9203078258
120,60,150,20,1283,562,721,1058.5166223622098,292.3675097114081,3.617079830129106,pass,watch,watch,watch,pass,3.6475527981143983,3.6475527981143983,1.721179333478657e-05,1066.42751189216,1003939.9203078258
120,60,180,14,1283,562,721,1058.5166223622098,292.3675097114081,3.617079830129106,pass,watch,watch,watch,pass,3.6475527981143983,3.6475527981143983,1.721179333478657e-05,1066.42751189216,1003939.9203078258
120,60,180,16,1283,562,721,1058.5166223622098,292.3675097114081,3.617079830129106,pass,watch,watch,watch,pass,3.6475527981143983,3.6475527981143983,1.721179333478657e-05,1066.42751189216,1003939.9203078258
120,60,180,20,1283,562,721,1058.5166223622098,292.3675097114081,3.617079830129106,pass,watch,watch,watch,pass,3.6475527981143983,3.6475527981143983,1.721179333478657e-05,1066.42751189216,1003939.9203078258
120,60,220,14,1283,562,721,1058.5166223622098,292.3675097114081,3.617079830129106,pass,watch,watch,watch,pass,3.6475527981143983,3.6475527981143983,1.721179333478657e-05,1066.42751189216,1003939.9203078258
120,60,220,16,1283,562,721,1058.5166223622098,292.3675097114081,3.617079830129106,pass,watch,watch,watch,pass,3.6475527981143983,3.6475527981143983,1.721179333478657e-05,1066.42751189216,1003939.9203078258
120,60,220,20,1283,562,721,1058.5166223622098,292.3675097114081,3.617079830129106,pass,watch,watch,watch,pass,3.6475527981143983,3.6475527981143983,1.721179333478657e-05,1066.42751189216,1003939.9203078258
120,60,260,14,1283,562,721,1058.5166223622098,292.3675097114081,3.617079830129106,pass,watch,watch,watch,pass,3.6475527981143983,3.6475527981143983,1.721179333478657e-05,1066.42751189216,1003939.9203078258
120,60,260,16,1283,562,721,1058.5166223622098,292.3675097114081,3.617079830129106,pass,watch,watch,watch,pass,3.6475527981143983,3.6475527981143983,1.721179333478657e-05,1066.42751189216,1003939.9203078258
120,60,260,20,1283,562,721,1058.5166223622098,292.3675097114081,3.617079830129106,pass,watch,watch,watch,pass,3.6475527981143983,3.6475527981143983,1.721179333478657e-05,1066.42751189216,1003939.9203078258
120,60,320,14,1283,562,721,1058.5166223622098,292.3675097114081,3.617079830129106,pass,watch,watch,watch,pass,3.6475527981143983,3.6475527981143983,1.721179333478657e-05,1066.42751189216,1003939.9203078258
120,60,320,16,1283,562,721,1058.5166223622098,292.3675097114081,3.617079830129106,pass,watch,watch,watch,pass,3.6475527981143983,3.6475527981143983,1.721179333478657e-05,1066.42751189216,1003939.9203078258
120,60,320,20,1283,562,721,1058.5166223622098,292.3675097114081,3.617079830129106,pass,watch,watch,watch,pass,3.6475527981143983,3.6475527981143983,1.721179333478657e-05,1066.42751189216,1003939.9203078258
120,50,120,14,1375,654,721,1058.516622362204,282.1912242938666,3.747517751512123,pass,watch,watch,watch,pass,3.779089213381032,3.779089213381032,0.00018868773764893674,1066.4275118921544,1004061.280437675
120,50,120,16,1375,654,721,1058.516622362204,282.1912242938666,3.747517751512123,pass,watch,watch,watch,pass,3.779089213381032,3.779089213381032,0.00018868773764893674,1066.4275118921544,1004061.280437675
120,50,120,20,1375,654,721,1058.516622362204,282.1912242938666,3.747517751512123,pass,watch,watch,watch,pass,3.779089213381032,3.779089213381032,0.00018868773764893674,1066.4275118921544,1004061.280437675
120,50,150,14,1375,654,721,1058.516622362204,282.1912242938666,3.747517751512123,pass,watch,watch,watch,pass,3.779089213381032,3.779089213381032,0.00018868773764893674,1066.4275118921544,1004061.280437675
120,50,150,16,1375,654,721,1058.516622362204,282.1912242938666,3.747517751512123,pass,watch,watch,watch,pass,3.779089213381032,3.779089213381032,0.00018868773764893674,1066.4275118921544,1004061.280437675
120,50,150,20,1375,654,721,1058.516622362204,282.1912242938666,3.747517751512123,pass,watch,watch,watch,pass,3.779089213381032,3.779089213381032,0.00018868773764893674,1066.4275118921544,1004061.280437675
120,50,180,14,1375,654,721,1058.516622362204,282.1912242938666,3.747517751512123,pass,watch,watch,watch,pass,3.779089213381032,3.779089213381032,0.00018868773764893674,1066.4275118921544,1004061.280437675
120,50,180,16,1375,654,721,1058.516622362204,282.1912242938666,3.747517751512123,pass,watch,watch,watch,pass,3.779089213381032,3.779089213381032,0.00018868773764893674,1066.4275118921544,1004061.280437675
120,50,180,20,1375,654,721,1058.516622362204,282.1912242938666,3.747517751512123,pass,watch,watch,watch,pass,3.779089213381032,3.779089213381032,0.00018868773764893674,1066.4275118921544,1004061.280437675
120,50,220,14,1375,654,721,1058.516622362204,282.1912242938666,3.747517751512123,pass,watch,watch,watch,pass,3.779089213381032,3.779089213381032,0.00018868773764893674,1066.4275118921544,1004061.280437675
120,50,220,16,1375,654,721,1058.516622362204,282.1912242938666,3.747517751512123,pass,watch,watch,watch,pass,3.779089213381032,3.779089213381032,0.00018868773764893674,1066.4275118921544,1004061.280437675
120,50,220,20,1375,654,721,1058.516622362204,282.1912242938666,3.747517751512123,pass,watch,watch,watch,pass,3.779089213381032,3.779089213381032,0.00018868773764893674,1066.4275118921544,1004061.280437675
120,50,260,14,1375,654,721,1058.516622362204,282.1912242938666,3.747517751512123,pass,watch,watch,watch,pass,3.779089213381032,3.779089213381032,0.00018868773764893674,1066.4275118921544,1004061.280437675
120,50,260,16,1375,654,721,1058.516622362204,282.1912242938666,3.747517751512123,pass,watch,watch,watch,pass,3.779089213381032,3.779089213381032,0.00018868773764893674,1066.4275118921544,1004061.280437675
120,50,260,20,1375,654,721,1058.516622362204,282.1912242938666,3.747517751512123,pass,watch,watch,watch,pass,3.779089213381032,3.779089213381032,0.00018868773764893674,1066.4275118921544,1004061.280437675
120,50,320,14,1375,654,721,1058.516622362204,282.1912242938666,3.747517751512123,pass,watch,watch,watch,pass,3.779089213381032,3.779089213381032,0.00018868773764893674,1066.4275118921544,1004061.280437675
120,50,320,16,1375,654,721,1058.516622362204,282.1912242938666,3.747517751512123,pass,watch,watch,watch,pass,3.779089213381032,3.779089213381032,0.00018868773764893674,1066.4275118921544,1004061.280437675
120,50,320,20,1375,654,721,1058.516622362204,282.1912242938666,3.747517751512123,pass,watch,watch,watch,pass,3.779089213381032,3.779089213381032,0.00018868773764893674,1066.4275118921544,1004061.280437675
120,60,120,12,1283,562,721,1093.205818994288,291.5313916376971,3.746443265882102,pass,watch,watch,watch,pass,3.777003422036895,3.777003422036895,1.2985225524911046e-05,1101.1167085242382,1004068.5348136746
120,60,150,12,1283,562,721,1093.205818994288,291.5313916376971,3.746443265882102,pass,watch,watch,watch,pass,3.777003422036895,3.777003422036895,1.2985225524911046e-05,1101.1167085242382,1004068.5348136746
120,60,180,12,1283,562,721,1093.205818994288,291.5313916376971,3.746443265882102,pass,watch,watch,watch,pass,3.777003422036895,3.777003422036895,1.2985225524911046e-05,1101.1167085242382,1004068.5348136746
120,60,220,12,1283,562,721,1093.205818994288,291.5313916376971,3.746443265882102,pass,watch,watch,watch,pass,3.777003422036895,3.777003422036895,1.2985225524911046e-05,1101.1167085242382,1004068.5348136746
120,60,260,12,1283,562,721,1093.205818994288,291.5313916376971,3.746443265882102,pass,watch,watch,watch,pass,3.777003422036895,3.777003422036895,1.2985225524911046e-05,1101.1167085242382,1004068.5348136746
120,60,320,12,1283,562,721,1093.205818994288,291.5313916376971,3.746443265882102,pass,watch,watch,watch,pass,3.777003422036895,3.777003422036895,1.2985225524911046e-05,1101.1167085242382,1004068.5348136746
40,20,120,8,3043,1311,1732,653.69442856895,169.2179055762883,3.8571239039162823,pass,watch,watch,watch,pass,3.90976582989464,3.90976582989464,0.00011500697977740641,661.6053180989003,1004078.983735471
40,20,150,8,3043,1311,1732,653.69442856895,169.2179055762883,3.8571239039162823,pass,watch,watch,watch,pass,3.90976582989464,3.90976582989464,0.00011500697977740641,661.6053180989003,1004078.983735471
40,20,180,8,3043,1311,1732,653.69442856895,169.2179055762883,3.8571239039162823,pass,watch,watch,watch,pass,3.90976582989464,3.90976582989464,0.00011500697977740641,661.6053180989003,1004078.983735471
40,20,220,8,3043,1311,1732,653.69442856895,169.2179055762883,3.8571239039162823,pass,watch,watch,watch,pass,3.90976582989464,3.90976582989464,0.00011500697977740641,661.6053180989003,1004078.983735471
40,20,260,8,3043,1311,1732,653.69442856895,169.2179055762883,3.8571239039162823,pass,watch,watch,watch,pass,3.90976582989464,3.90976582989464,0.00011500697977740641,661.6053180989003,1004078.983735471
40,20,320,8,3043,1311,1732,653.69442856895,169.2179055762883,3.8571239039162823,pass,watch,watch,watch,pass,3.90976582989464,3.90976582989464,0.00011500697977740641,661.6053180989003,1004078.983735471
40,20,120,10,3043,1311,1732,657.2540056057626,169.355004105826,3.8750198677075094,pass,watch,watch,watch,pass,3.927619113289142,3.927619113289142,0.00013092486154201412,665.1648951357129,1004096.974117395
40,20,150,10,3043,1311,1732,657.2540056057626,169.355004105826,3.8750198677075094,pass,watch,watch,watch,pass,3.927619113289142,3.927619113289142,0.00013092486154201412,665.1648951357129,1004096.974117395
40,20,180,10,3043,1311,1732,657.2540056057626,169.355004105826,3.8750198677075094,pass,watch,watch,watch,pass,3.927619113289142,3.927619113289142,0.00013092486154201412,665.1648951357129,1004096.974117395
40,20,220,10,3043,1311,1732,657.2540056057626,169.355004105826,3.8750198677075094,pass,watch,watch,watch,pass,3.927619113289142,3.927619113289142,0.00013092486154201412,665.1648951357129,1004096.974117395
40,20,260,10,3043,1311,1732,657.2540056057626,169.355004105826,3.8750198677075094,pass,watch,watch,watch,pass,3.927619113289142,3.927619113289142,0.00013092486154201412,665.1648951357129,1004096.974117395
40,20,320,10,3043,1311,1732,657.2540056057626,169.355004105826,3.8750198677075094,pass,watch,watch,watch,pass,3.927619113289142,3.927619113289142,0.00013092486154201412,665.1648951357129,1004096.974117395
120,60,120,8,1283,562,721,1116.9625697178076,289.5389575663042,3.854274323213494,pass,watch,watch,watch,pass,3.8850445734069727,3.8850445734069727,9.651494577509728e-05,1124.8734592477579,1004174.5835309732
120,60,150,8,1283,562,721,1116.9625697178076,289.5389575663042,3.854274323213494,pass,watch,watch,watch,pass,3.8850445734069727,3.8850445734069727,9.651494577509728e-05,1124.8734592477579,1004174.5835309732
120,60,180,8,1283,562,721,1116.9625697178076,289.5389575663042,3.854274323213494,pass,watch,watch,watch,pass,3.8850445734069727,3.8850445734069727,9.651494577509728e-05,1124.8734592477579,1004174.5835309732
120,60,220,8,1283,562,721,1116.9625697178076,289.5389575663042,3.854274323213494,pass,watch,watch,watch,pass,3.8850445734069727,3.8850445734069727,9.651494577509728e-05,1124.8734592477579,1004174.5835309732
120,60,260,8,1283,562,721,1116.9625697178076,289.5389575663042,3.854274323213494,pass,watch,watch,watch,pass,3.8850445734069727,3.8850445734069727,9.651494577509728e-05,1124.8734592477579,1004174.5835309732
120,60,320,8,1283,562,721,1116.9625697178076,289.5389575663042,3.854274323213494,pass,watch,watch,watch,pass,3.8850445734069727,3.8850445734069727,9.651494577509728e-05,1124.8734592477579,1004174.5835309732
120,60,120,10,1283,562,721,1124.7030130488722,290.5674143891701,3.8672712678781176,pass,watch,watch,watch,pass,3.897932608834625,3.897932608834625,0.00010721049729258652,1132.6139025788225,1004188.5000232238
120,60,150,10,1283,562,721,1124.7030130488722,290.5674143891701,3.8672712678781176,pass,watch,watch,watch,pass,3.897932608834625,3.897932608834625,0.00010721049729258652,1132.6139025788225,1004188.5000232238
120,60,180,10,1283,562,721,1124.7030130488722,290.5674143891701,3.8672712678781176,pass,watch,watch,watch,pass,3.897932608834625,3.897932608834625,0.00010721049729258652,1132.6139025788225,1004188.5000232238
120,60,220,10,1283,562,721,1124.7030130488722,290.5674143891701,3.8672712678781176,pass,watch,watch,watch,pass,3.897932608834625,3.897932608834625,0.00010721049729258652,1132.6139025788225,1004188.5000232238
120,60,260,10,1283,562,721,1124.7030130488722,290.5674143891701,3.8672712678781176,pass,watch,watch,watch,pass,3.897932608834625,3.897932608834625,0.00010721049729258652,1132.6139025788225,1004188.5000232238
120,60,320,10,1283,562,721,1124.7030130488722,290.5674143891701,3.8672712678781176,pass,watch,watch,watch,pass,3.897932608834625,3.897932608834625,0.00010721049729258652,1132.6139025788225,1004188.5000232238
120,50,120,12,1375,654,721,1093.2058189942848,281.39954613377785,3.88133468585997,pass,watch,watch,watch,pass,3.912994737943149,3.912994737943149,0.00018366379013266677,1101.116708524235,1004194.394284077
120,50,150,12,1375,654,721,1093.2058189942848,281.39954613377785,3.88133468585997,pass,watch,watch,watch,pass,3.912994737943149,3.912994737943149,0.00018366379013266677,1101.116708524235,1004194.394284077
120,50,180,12,1375,654,721,1093.2058189942848,281.39954613377785,3.88133468585997,pass,watch,watch,watch,pass,3.912994737943149,3.912994737943149,0.00018366379013266677,1101.116708524235,1004194.394284077
120,50,220,12,1375,654,721,1093.2058189942848,281.39954613377785,3.88133468585997,pass,watch,watch,watch,pass,3.912994737943149,3.912994737943149,0.00018366379013266677,1101.116708524235,1004194.394284077
120,50,260,12,1375,654,721,1093.2058189942848,281.39954613377785,3.88133468585997,pass,watch,watch,watch,pass,3.912994737943149,3.912994737943149,0.00018366379013266677,1101.116708524235,1004194.394284077
120,50,320,12,1375,654,721,1093.2058189942848,281.39954613377785,3.88133468585997,pass,watch,watch,watch,pass,3.912994737943149,3.912994737943149,0.00018366379013266677,1101.116708524235,1004194.394284077
120,40,120,14,1499,778,721,1058.5166223622175,270.01864189158687,3.91645782288918,pass,watch,watch,watch,pass,3.9494519624125863,3.9494519624125863,8.551407456544448e-05,1066.4275118921678,1004219.4706043041
120,40,120,16,1499,778,721,1058.5166223622175,270.01864189158687,3.91645782288918,pass,watch,watch,watch,pass,3.9494519624125863,3.9494519624125863,8.551407456544448e-05,1066.4275118921678,1004219.4706043041
120,40,120,20,1499,778,721,1058.5166223622175,270.01864189158687,3.91645782288918,pass,watch,watch,watch,pass,3.9494519624125863,3.9494519624125863,8.551407456544448e-05,1066.4275118921678,1004219.4706043041
120,40,150,14,1499,778,721,1058.5166223622175,270.01864189158687,3.91645782288918,pass,watch,watch,watch,pass,3.9494519624125863,3.9494519624125863,8.551407456544448e-05,1066.4275118921678,1004219.4706043041
120,40,150,16,1499,778,721,1058.5166223622175,270.01864189158687,3.91645782288918,pass,watch,watch,watch,pass,3.9494519624125863,3.9494519624125863,8.551407456544448e-05,1066.4275118921678,1004219.4706043041
120,40,150,20,1499,778,721,1058.5166223622175,270.01864189158687,3.91645782288918,pass,watch,watch,watch,pass,3.9494519624125863,3.9494519624125863,8.551407456544448e-05,1066.4275118921678,1004219.4706043041
120,40,180,14,1499,778,721,1058.5166223622175,270.01864189158687,3.91645782288918,pass,watch,watch,watch,pass,3.9494519624125863,3.9494519624125863,8.551407456544448e-05,1066.4275118921678,1004219.4706043041
120,40,180,16,1499,778,721,1058.5166223622175,270.01864189158687,3.91645782288918,pass,watch,watch,watch,pass,3.9494519624125863,3.9494519624125863,8.551407456544448e-05,1066.4275118921678,1004219.4706043041
120,40,180,20,1499,778,721,1058.5166223622175,270.01864189158687,3.91645782288918,pass,watch,watch,watch,pass,3.9494519624125863,3.9494519624125863,8.551407456544448e-05,1066.4275118921678,1004219.4706043041
120,40,220,14,1499,778,721,1058.5166223622175,270.01864189158687,3.91645782288918,pass,watch,watch,watch,pass,3.9494519624125863,3.9494519624125863,8.551407456544448e-05,1066.4275118921678,1004219.4706043041
120,40,220,16,1499,778,721,1058.5166223622175,270.01864189158687,3.91645782288918,pass,watch,watch,watch,pass,3.9494519624125863,3.9494519624125863,8.551407456544448e-05,1066.4275118921678,1004219.4706043041
120,40,220,20,1499,778,721,1058.5166223622175,270.01864189158687,3.91645782288918,pass,watch,watch,watch,pass,3.9494519624125863,3.9494519624125863,8.551407456544448e-05,1066.4275118921678,1004219.4706043041
120,40,260,14,1499,778,721,1058.5166223622175,270.01864189158687,3.91645782288918,pass,watch,watch,watch,pass,3.9494519624125863,3.9494519624125863,8.551407456544448e-05,1066.4275118921678,1004219.4706043041
120,40,260,16,1499,778,721,1058.5166223622175,270.01864189158687,3.91645782288918,pass,watch,watch,watch,pass,3.9494519624125863,3.9494519624125863,8.551407456544448e-05,1066.4275118921678,1004219.4706043041
120,40,260,20,1499,778,721,1058.5166223622175,270.01864189158687,3.91645782288918,pass,watch,watch,watch,pass,3.9494519624125863,3.9494519624125863,8.551407456544448e-05,1066.4275118921678,1004219.4706043041
120,40,320,14,1499,778,721,1058.5166223622175,270.01864189158687,3.91645782288918,pass,watch,watch,watch,pass,3.9494519624125863,3.9494519624125863,8.551407456544448e-05,1066.4275118921678,1004219.4706043041
120,40,320,16,1499,778,721,1058.5166223622175,270.01864189158687,3.91645782288918,pass,watch,watch,watch,pass,3.9494519624125863,3.9494519624125863,8.551407456544448e-05,1066.4275118921678,1004219.4706043041
120,40,320,20,1499,778,721,1058.5166223622175,270.01864189158687,3.91645782288918,pass,watch,watch,watch,pass,3.9494519624125863,3.9494519624125863,8.551407456544448e-05,1066.4275118921678,1004219.4706043041
120,50,120,8,1375,654,721,1116.962569717808,279.5368300717398,3.9921843909849355,pass,watch,watch,watch,pass,4.024055189855533,4.024055189855533,9.1629040323419e-05,1124.8734592477583,1004303.5920199272
120,50,150,8,1375,654,721,1116.962569717808,279.5368300717398,3.9921843909849355,pass,watch,watch,watch,pass,4.024055189855533,4.024055189855533,9.1629040323419e-05,1124.8734592477583,1004303.5920199272
120,50,180,8,1375,654,721,1116.962569717808,279.5368300717398,3.9921843909849355,pass,watch,watch,watch,pass,4.024055189855533,4.024055189855533,9.1629040323419e-05,1124.8734592477583,1004303.5920199272
120,50,220,8,1375,654,721,1116.962569717808,279.5368300717398,3.9921843909849355,pass,watch,watch,watch,pass,4.024055189855533,4.024055189855533,9.1629040323419e-05,1124.8734592477583,1004303.5920199272
120,50,260,8,1375,654,721,1116.962569717808,279.5368300717398,3.9921843909849355,pass,watch,watch,watch,pass,4.024055189855533,4.024055189855533,9.1629040323419e-05,1124.8734592477583,1004303.5920199272
120,50,320,8,1375,654,721,1116.962569717808,279.5368300717398,3.9921843909849355,pass,watch,watch,watch,pass,4.024055189855533,4.024055189855533,9.1629040323419e-05,1124.8734592477583,1004303.5920199272
120,50,120,10,1375,654,721,1124.7030130488665,280.49950632265694,4.00607839842783,pass,watch,watch,watch,pass,4.037839816614269,4.037839816614269,5.80176399148099e-05,1132.6139025788168,1004318.339322937
120,50,150,10,1375,654,721,1124.7030130488665,280.49950632265694,4.00607839842783,pass,watch,watch,watch,pass,4.037839816614269,4.037839816614269,5.80176399148099e-05,1132.6139025788168,1004318.339322937
120,50,180,10,1375,654,721,1124.7030130488665,280.49950632265694,4.00607839842783,pass,watch,watch,watch,pass,4.037839816614269,4.037839816614269,5.80176399148099e-05,1132.6139025788168,1004318.339322937
120,50,220,10,1375,654,721,1124.7030130488665,280.49950632265694,4.00607839842783,pass,watch,watch,watch,pass,4.037839816614269,4.037839816614269,5.80176399148099e-05,1132.6139025788168,1004318.339322937
120,50,260,10,1375,654,721,1124.7030130488665,280.49950632265694,4.00607839842783,pass,watch,watch,watch,pass,4.037839816614269,4.037839816614269,5.80176399148099e-05,1132.6139025788168,1004318.339322937
120,50,320,10,1375,654,721,1124.7030130488665,280.49950632265694,4.00607839842783,pass,watch,watch,watch,pass,4.037839816614269,4.037839816614269,5.80176399148099e-05,1132.6139025788168,1004318.339322937
120,40,120,12,1499,778,721,1093.2058189942884,269.27798862564157,4.056053094308819,pass,watch,watch,watch,pass,4.089137721205768,4.089137721205768,8.505013883245896e-05,1101.1167085242387,1004358.4157098314
120,40,150,12,1499,778,721,1093.2058189942884,269.27798862564157,4.056053094308819,pass,watch,watch,watch,pass,4.089137721205768,4.089137721205768,8.505013883245896e-05,1101.1167085242387,1004358.4157098314
120,40,180,12,1499,778,721,1093.2058189942884,269.27798862564157,4.056053094308819,pass,watch,watch,watch,pass,4.089137721205768,4.089137721205768,8.505013883245896e-05,1101.1167085242387,1004358.4157098314
120,40,220,12,1499,778,721,1093.2058189942884,269.27798862564157,4.056053094308819,pass,watch,watch,watch,pass,4.089137721205768,4.089137721205768,8.505013883245896e-05,1101.1167085242387,1004358.4157098314
120,40,260,12,1499,778,721,1093.2058189942884,269.27798862564157,4.056053094308819,pass,watch,watch,watch,pass,4.089137721205768,4.089137721205768,8.505013883245896e-05,1101.1167085242387,1004358.4157098314
120,40,320,12,1499,778,721,1093.2058189942884,269.27798862564157,4.056053094308819,pass,watch,watch,watch,pass,4.089137721205768,4.089137721205768,8.505013883245896e-05,1101.1167085242387,1004358.4157098314
120,40,120,8,1499,778,721,1116.9625697178096,267.5621007220251,4.170854417372072,pass,watch,watch,watch,pass,4.204150967331957,4.204150967331957,0.00017003299027050443,1124.87345924776,1004471.7130680539
120,40,150,8,1499,778,721,1116.9625697178096,267.5621007220251,4.170854417372072,pass,watch,watch,watch,pass,4.204150967331957,4.204150967331957,0.00017003299027050443,1124.87345924776,1004471.7130680539
120,40,180,8,1499,778,721,1116.9625697178096,267.5621007220251,4.170854417372072,pass,watch,watch,watch,pass,4.204150967331957,4.204150967331957,0.00017003299027050443,1124.87345924776,1004471.7130680539
120,40,220,8,1499,778,721,1116.9625697178096,267.5621007220251,4.170854417372072,pass,watch,watch,watch,pass,4.204150967331957,4.204150967331957,0.00017003299027050443,1124.87345924776,1004471.7130680539
120,40,260,8,1499,778,721,1116.9625697178096,267.5621007220251,4.170854417372072,pass,watch,watch,watch,pass,4.204150967331957,4.204150967331957,0.00017003299027050443,1124.87345924776,1004471.7130680539
120,40,320,8,1499,778,721,1116.9625697178096,267.5621007220251,4.170854417372072,pass,watch,watch,watch,pass,4.204150967331957,4.204150967331957,0.00017003299027050443,1124.87345924776,1004471.7130680539
120,30,120,14,1707,986,721,1058.516622362206,252.71912933680736,4.184553124796571,pass,watch,watch,watch,pass,4.219804788811848,4.219804788811848,7.920810002682641e-05,1066.4275118921562,1004472.5239181486
120,30,120,16,1707,986,721,1058.516622362206,252.71912933680736,4.184553124796571,pass,watch,watch,watch,pass,4.219804788811848,4.219804788811848,7.920810002682641e-05,1066.4275118921562,1004472.5239181486
120,30,120,20,1707,986,721,1058.516622362206,252.71912933680736,4.184553124796571,pass,watch,watch,watch,pass,4.219804788811848,4.219804788811848,7.920810002682641e-05,1066.4275118921562,1004472.5239181486
120,30,150,14,1707,986,721,1058.516622362206,252.71912933680736,4.184553124796571,pass,watch,watch,watch,pass,4.219804788811848,4.219804788811848,7.920810002682641e-05,1066.4275118921562,1004472.5239181486
120,30,150,16,1707,986,721,1058.516622362206,252.71912933680736,4.184553124796571,pass,watch,watch,watch,pass,4.219804788811848,4.219804788811848,7.920810002682641e-05,1066.4275118921562,1004472.5239181486
120,30,150,20,1707,986,721,1058.516622362206,252.71912933680736,4.184553124796571,pass,watch,watch,watch,pass,4.219804788811848,4.219804788811848,7.920810002682641e-05,1066.4275118921562,1004472.5239181486
120,30,180,14,1707,986,721,1058.516622362206,252.71912933680736,4.184553124796571,pass,watch,watch,watch,pass,4.219804788811848,4.219804788811848,7.920810002682641e-05,1066.4275118921562,1004472.5239181486
120,30,180,16,1707,986,721,1058.516622362206,252.71912933680736,4.184553124796571,pass,watch,watch,watch,pass,4.219804788811848,4.219804788811848,7.920810002682641e-05,1066.4275118921562,1004472.5239181486
120,30,180,20,1707,986,721,1058.516622362206,252.71912933680736,4.184553124796571,pass,watch,watch,watch,pass,4.219804788811848,4.219804788811848,7.920810002682641e-05,1066.4275118921562,1004472.5239181486
120,30,220,14,1707,986,721,1058.516622362206,252.71912933680736,4.184553124796571,pass,watch,watch,watch,pass,4.219804788811848,4.219804788811848,7.920810002682641e-05,1066.4275118921562,1004472.5239181486
120,30,220,16,1707,986,721,1058.516622362206,252.71912933680736,4.184553124796571,pass,watch,watch,watch,pass,4.219804788811848,4.219804788811848,7.920810002682641e-05,1066.4275118921562,1004472.5239181486
120,30,220,20,1707,986,721,1058.516622362206,252.71912933680736,4.184553124796571,pass,watch,watch,watch,pass,4.219804788811848,4.219804788811848,7.920810002682641e-05,1066.4275118921562,1004472.5239181486
120,30,260,14,1707,986,721,1058.516622362206,252.71912933680736,4.184553124796571,pass,watch,watch,watch,pass,4.219804788811848,4.219804788811848,7.920810002682641e-05,1066.4275118921562,1004472.5239181486
120,30,260,16,1707,986,721,1058.516622362206,252.71912933680736,4.184553124796571,pass,watch,watch,watch,pass,4.219804788811848,4.219804788811848,7.920810002682641e-05,1066.4275118921562,1004472.5239181486
120,30,260,20,1707,986,721,1058.516622362206,252.71912933680736,4.184553124796571,pass,watch,watch,watch,pass,4.219804788811848,4.219804788811848,7.920810002682641e-05,1066.4275118921562,1004472.5239181486
120,30,320,14,1707,986,721,1058.516622362206,252.71912933680736,4.184553124796571,pass,watch,watch,watch,pass,4.219804788811848,4.219804788811848,7.920810002682641e-05,1066.4275118921562,1004472.5239181486
120,30,320,16,1707,986,721,1058.516622362206,252.71912933680736,4.184553124796571,pass,watch,watch,watch,pass,4.219804788811848,4.219804788811848,7.920810002682641e-05,1066.4275118921562,1004472.5239181486
120,30,320,20,1707,986,721,1058.516622362206,252.71912933680736,4.184553124796571,pass,watch,watch,watch,pass,4.219804788811848,4.219804788811848,7.920810002682641e-05,1066.4275118921562,1004472.5239181486
120,40,120,10,1499,778,721,1124.7030130488695,268.4502211600664,4.185889690062312,pass,watch,watch,watch,pass,4.219076082521724,4.219076082521724,0.00019389727652647775,1132.6139025788198,1004487.5263036818
120,40,150,10,1499,778,721,1124.7030130488695,268.4502211600664,4.185889690062312,pass,watch,watch,watch,pass,4.219076082521724,4.219076082521724,0.00019389727652647775,1132.6139025788198,1004487.5263036818
120,40,180,10,1499,778,721,1124.7030130488695,268.4502211600664,4.185889690062312,pass,watch,watch,watch,pass,4.219076082521724,4.219076082521724,0.00019389727652647775,1132.6139025788198,1004487.5263036818
120,40,220,10,1499,778,721,1124.7030130488695,268.4502211600664,4.185889690062312,pass,watch,watch,watch,pass,4.219076082521724,4.219076082521724,0.00019389727652647775,1132.6139025788198,1004487.5263036818
120,40,260,10,1499,778,721,1124.7030130488695,268.4502211600664,4.185889690062312,pass,watch,watch,watch,pass,4.219076082521724,4.219076082521724,0.00019389727652647775,1132.6139025788198,1004487.5263036818
120,40,320,10,1499,778,721,1124.7030130488695,268.4502211600664,4.185889690062312,pass,watch,watch,watch,pass,4.219076082521724,4.219076082521724,0.00019389727652647775,1132.6139025788198,1004487.5263036818
120,30,120,12,1707,986,721,1093.2058189942832,252.04718100792746,4.333338760729607,pass,watch,watch,watch,pass,4.368684084436694,4.368684084436694,7.0642761880187e-05,1101.1167085242334,1004620.7312654447
120,30,150,12,1707,986,721,1093.2058189942832,252.04718100792746,4.333338760729607,pass,watch,watch,watch,pass,4.368684084436694,4.368684084436694,7.0642761880187e-05,1101.1167085242334,1004620.7312654447
120,30,180,12,1707,986,721,1093.2058189942832,252.04718100792746,4.333338760729607,pass,watch,watch,watch,pass,4.368684084436694,4.368684084436694,7.0642761880187e-05,1101.1167085242334,1004620.7312654447
120,30,220,12,1707,986,721,1093.2058189942832,252.04718100792746,4.333338760729607,pass,watch,watch,watch,pass,4.368684084436694,4.368684084436694,7.0642761880187e-05,1101.1167085242334,1004620.7312654447
120,30,260,12,1707,986,721,1093.2058189942832,252.04718100792746,4.333338760729607,pass,watch,watch,watch,pass,4.368684084436694,4.368684084436694,7.0642761880187e-05,1101.1167085242334,1004620.7312654447
120,30,320,12,1707,986,721,1093.2058189942832,252.04718100792746,4.333338760729607,pass,watch,watch,watch,pass,4.368684084436694,4.368684084436694,7.0642761880187e-05,1101.1167085242334,1004620.7312654447
120,30,120,8,1707,986,721,1116.9625697178074,250.52504240662125,4.454495083595336,pass,watch,watch,watch,pass,4.490054859364581,4.490054859364581,3.7669731460718236e-05,1124.8734592477576,1004740.5799017713
120,30,150,8,1707,986,721,1116.9625697178074,250.52504240662125,4.454495083595336,pass,watch,watch,watch,pass,4.490054859364581,4.490054859364581,3.7669731460718236e-05,1124.8734592477576,1004740.5799017713
120,30,180,8,1707,986,721,1116.9625697178074,250.52504240662125,4.454495083595336,pass,watch,watch,watch,pass,4.490054859364581,4.490054859364581,3.7669731460718236e-05,1124.8734592477576,1004740.5799017713
120,30,220,8,1707,986,721,1116.9625697178074,250.52504240662125,4.454495083595336,pass,watch,watch,watch,pass,4.490054859364581,4.490054859364581,3.7669731460718236e-05,1124.8734592477576,1004740.5799017713
120,30,260,8,1707,986,721,1116.9625697178074,250.52504240662125,4.454495083595336,pass,watch,watch,watch,pass,4.490054859364581,4.490054859364581,3.7669731460718236e-05,1124.8734592477576,1004740.5799017713
120,30,320,8,1707,986,721,1116.9625697178074,250.52504240662125,4.454495083595336,pass,watch,watch,watch,pass,4.490054859364581,4.490054859364581,3.7669731460718236e-05,1124.8734592477576,1004740.5799017713
120,30,120,10,1707,986,721,1124.7030130488663,251.31460018999667,4.471300164014881,pass,watch,watch,watch,pass,4.506748216143775,4.506748216143775,7.89167922881343e-05,1132.6139025788166,1004758.0628163338
120,30,150,10,1707,986,721,1124.7030130488663,251.31460018999667,4.471300164014881,pass,watch,watch,watch,pass,4.506748216143775,4.506748216143775,7.89167922881343e-05,1132.6139025788166,1004758.0628163338
120,30,180,10,1707,986,721,1124.7030130488663,251.31460018999667,4.471300164014881,pass,watch,watch,watch,pass,4.506748216143775,4.506748216143775,7.89167922881343e-05,1132.6139025788166,1004758.0628163338
120,30,220,10,1707,986,721,1124.7030130488663,251.31460018999667,4.471300164014881,pass,watch,watch,watch,pass,4.506748216143775,4.506748216143775,7.89167922881343e-05,1132.6139025788166,1004758.0628163338
120,30,260,10,1707,986,721,1124.7030130488663,251.31460018999667,4.471300164014881,pass,watch,watch,watch,pass,4.506748216143775,4.506748216143775,7.89167922881343e-05,1132.6139025788166,1004758.0628163338
120,30,320,10,1707,986,721,1124.7030130488663,251.31460018999667,4.471300164014881,pass,watch,watch,watch,pass,4.506748216143775,4.506748216143775,7.89167922881343e-05,1132.6139025788166,1004758.0628163338
120,20,120,14,2032,1311,721,1058.5166223622123,231.2983931617284,4.572088062984405,pass,watch,watch,watch,pass,4.610602636839702,4.610602636839702,9.571295506479985e-06,1066.4275118921626,1004841.9010300015
120,20,120,16,2032,1311,721,1058.5166223622123,231.2983931617284,4.572088062984405,pass,watch,watch,watch,pass,4.610602636839702,4.610602636839702,9.571295506479985e-06,1066.4275118921626,1004841.9010300015
120,20,120,20,2032,1311,721,1058.5166223622123,231.2983931617284,4.572088062984405,pass,watch,watch,watch,pass,4.610602636839702,4.610602636839702,9.571295506479985e-06,1066.4275118921626,1004841.9010300015
120,20,150,14,2032,1311,721,1058.5166223622123,231.2983931617284,4.572088062984405,pass,watch,watch,watch,pass,4.610602636839702,4.610602636839702,9.571295506479985e-06,1066.4275118921626,1004841.9010300015
120,20,150,16,2032,1311,721,1058.5166223622123,231.2983931617284,4.572088062984405,pass,watch,watch,watch,pass,4.610602636839702,4.610602636839702,9.571295506479985e-06,1066.4275118921626,1004841.9010300015
120,20,150,20,2032,1311,721,1058.5166223622123,231.2983931617284,4.572088062984405,pass,watch,watch,watch,pass,4.610602636839702,4.610602636839702,9.571295506479985e-06,1066.4275118921626,1004841.9010300015
120,20,180,14,2032,1311,721,1058.5166223622123,231.2983931617284,4.572088062984405,pass,watch,watch,watch,pass,4.610602636839702,4.610602636839702,9.571295506479985e-06,1066.4275118921626,1004841.9010300015
120,20,180,16,2032,1311,721,1058.5166223622123,231.2983931617284,4.572088062984405,pass,watch,watch,watch,pass,4.610602636839702,4.610602636839702,9.571295506479985e-06,1066.4275118921626,1004841.9010300015
120,20,180,20,2032,1311,721,1058.5166223622123,231.2983931617284,4.572088062984405,pass,watch,watch,watch,pass,4.610602636839702,4.610602636839702,9.571295506479985e-06,1066.4275118921626,1004841.9010300015
120,20,220,14,2032,1311,721,1058.5166223622123,231.2983931617284,4.572088062984405,pass,watch,watch,watch,pass,4.610602636839702,4.610602636839702,9.571295506479985e-06,1066.4275118921626,1004841.9010300015
120,20,220,16,2032,1311,721,1058.5166223622123,231.2983931617284,4.572088062984405,pass,watch,watch,watch,pass,4.610602636839702,4.610602636839702,9.571295506479985e-06,1066.4275118921626,1004841.9010300015
120,20,220,20,2032,1311,721,1058.5166223622123,231.2983931617284,4.572088062984405,pass,watch,watch,watch,pass,4.610602636839702,4.610602636839702,9.571295506479985e-06,1066.4275118921626,1004841.9010300015
120,20,260,14,2032,1311,721,1058.5166223622123,231.2983931617284,4.572088062984405,pass,watch,watch,watch,pass,4.610602636839702,4.610602636839702,9.571295506479985e-06,1066.4275118921626,1004841.9010300015
120,20,260,16,2032,1311,721,1058.5166223622123,231.2983931617284,4.572088062984405,pass,watch,watch,watch,pass,4.610602636839702,4.610602636839702,9.571295506479985e-06,1066.4275118921626,1004841.9010300015
120,20,260,20,2032,1311,721,1058.5166223622123,231.2983931617284,4.572088062984405,pass,watch,watch,watch,pass,4.610602636839702,4.610602636839702,9.571295506479985e-06,1066.4275118921626,1004841.9010300015
120,20,320,14,2032,1311,721,1058.5166223622123,231.2983931617284,4.572088062984405,pass,watch,watch,watch,pass,4.610602636839702,4.610602636839702,9.571295506479985e-06,1066.4275118921626,1004841.9010300015
120,20,320,16,2032,1311,721,1058.5166223622123,231.2983931617284,4.572088062984405,pass,watch,watch,watch,pass,4.610602636839702,4.610602636839702,9.571295506479985e-06,1066.4275118921626,1004841.9010300015
120,20,320,20,2032,1311,721,1058.5166223622123,231.2983931617284,4.572088062984405,pass,watch,watch,watch,pass,4.610602636839702,4.610602636839702,9.571295506479985e-06,1066.4275118921626,1004841.9010300015
120,20,120,12,2032,1311,721,1093.2058189942873,230.70570721503373,4.734195058192798,pass,watch,watch,watch,pass,4.772808161436458,4.772808161436458,6.490663020388977e-07,1101.1167085242375,1005003.5138686515
120,20,150,12,2032,1311,721,1093.2058189942873,230.70570721503373,4.734195058192798,pass,watch,watch,watch,pass,4.772808161436458,4.772808161436458,6.490663020388977e-07,1101.1167085242375,1005003.5138686515
120,20,180,12,2032,1311,721,1093.2058189942873,230.70570721503373,4.734195058192798,pass,watch,watch,watch,pass,4.772808161436458,4.772808161436458,6.490663020388977e-07,1101.1167085242375,1005003.5138686515
120,20,220,12,2032,1311,721,1093.2058189942873,230.70570721503373,4.734195058192798,pass,watch,watch,watch,pass,4.772808161436458,4.772808161436458,6.490663020388977e-07,1101.1167085242375,1005003.5138686515
120,20,260,12,2032,1311,721,1093.2058189942873,230.70570721503373,4.734195058192798,pass,watch,watch,watch,pass,4.772808161436458,4.772808161436458,6.490663020388977e-07,1101.1167085242375,1005003.5138686515
120,20,320,12,2032,1311,721,1093.2058189942873,230.70570721503373,4.734195058192798,pass,watch,watch,watch,pass,4.772808161436458,4.772808161436458,6.490663020388977e-07,1101.1167085242375,1005003.5138686515
120,20,120,8,2032,1311,721,1116.9625697178028,229.40068041455982,4.864687269894313,pass,watch,watch,watch,pass,4.903519656973837,4.903519656973837,0.00013225025071548523,1124.873459247753,1005132.9203373884
120,20,150,8,2032,1311,721,1116.9625697178028,229.40068041455982,4.864687269894313,pass,watch,watch,watch,pass,4.903519656973837,4.903519656973837,0.00013225025071548523,1124.873459247753,1005132.9203373884
120,20,180,8,2032,1311,721,1116.9625697178028,229.40068041455982,4.864687269894313,pass,watch,watch,watch,pass,4.903519656973837,4.903519656973837,0.00013225025071548523,1124.873459247753,1005132.9203373884
120,20,220,8,2032,1311,721,1116.9625697178028,229.40068041455982,4.864687269894313,pass,watch,watch,watch,pass,4.903519656973837,4.903519656973837,0.00013225025071548523,1124.873459247753,1005132.9203373884
120,20,260,8,2032,1311,721,1116.9625697178028,229.40068041455982,4.864687269894313,pass,watch,watch,watch,pass,4.903519656973837,4.903519656973837,0.00013225025071548523,1124.873459247753,1005132.9203373884
120,20,320,8,2032,1311,721,1116.9625697178028,229.40068041455982,4.864687269894313,pass,watch,watch,watch,pass,4.903519656973837,4.903519656973837,0.00013225025071548523,1124.873459247753,1005132.9203373884
120,20,120,10,2032,1311,721,1124.7030130488627,230.0795015443407,4.883977084035466,pass,watch,watch,watch,pass,4.922694889769316,4.922694889769316,0.00015040827655463877,1132.613902578813,1005152.7743913137
120,20,150,10,2032,1311,721,1124.7030130488627,230.0795015443407,4.883977084035466,pass,watch,watch,watch,pass,4.922694889769316,4.922694889769316,0.00015040827655463877,1132.613902578813,1005152.7743913137
120,20,180,10,2032,1311,721,1124.7030130488627,230.0795015443407,4.883977084035466,pass,watch,watch,watch,pass,4.922694889769316,4.922694889769316,0.00015040827655463877,1132.613902578813,1005152.7743913137
120,20,220,10,2032,1311,721,1124.7030130488627,230.0795015443407,4.883977084035466,pass,watch,watch,watch,pass,4.922694889769316,4.922694889769316,0.00015040827655463877,1132.613902578813,1005152.7743913137
120,20,260,10,2032,1311,721,1124.7030130488627,230.0795015443407,4.883977084035466,pass,watch,watch,watch,pass,4.922694889769316,4.922694889769316,0.00015040827655463877,1132.613902578813,1005152.7743913137
120,20,320,10,2032,1311,721,1124.7030130488627,230.0795015443407,4.883977084035466,pass,watch,watch,watch,pass,4.922694889769316,4.922694889769316,0.00015040827655463877,1132.613902578813,1005152.7743913137
