obs_index,gravity_template_s,obs_minus_base_s,fit_s,obs_minus_base_minus_fit_s,sigma_s,flag
0,5.1107514885856888e-10,5.6081189433150949e-06,5.6196526300823274e-06,-1.1533686767232519e-08,2.0823758334706211e-11,0
1,7.7186696901501110e-10,-4.0551876422463464e-06,-4.0362157344350159e-06,-1.8971907811330508e-08,2.4606358336470539e-11,0
2,3.6563175378561647e-10,-1.8024412658810413e-04,-1.8022002061609000e-04,-2.4105972014121279e-08,1.0189600002926488e-11,0
3,-8.2813151412879845e-12,-3.2022279891906784e-05,-3.2028019754849814e-05,5.7398629430303405e-09,3.5603419405970507e-11,0
4,1.9100146783182279e-11,2.0807840637189490e-05,2.0774596865232573e-05,3.3243771956916433e-08,1.2711239915307608e-11,0
5,6.9131399058740944e-10,1.1683797187253889e-07,1.4200638780634115e-07,-2.5168415933802262e-08,2.6471742383619366e-11,0
6,6.9130170847720573e-10,-2.6906984822105094e-06,-2.6716120058542639e-06,-1.9086476356245563e-08,1.0010458999264235e-11,0
7,2.6079182268360891e-10,-9.6634331749291189e-06,-9.6551266267152591e-06,-8.3065482138597498e-09,6.0176355584698382e-11,0
8,-1.4544339316967783e-10,-1.8585224285603153e-04,-1.8583387046922065e-04,-1.8372386810879991e-08,2.3356682194104485e-11,0
9,-5.1935646283468230e-10,-3.7630400663578138e-05,-3.7656024448660808e-05,2.5623785082669998e-08,3.8967240167044748e-11,0
10,-4.9197500084871052e-10,1.5199648668487442e-05,1.5146957739065703e-05,5.2690929421739358e-08,2.4349280452877976e-11,0
12,1.8022656204557129e-10,-8.2988289494870769e-06,-8.2962951833848830e-06,-2.5337661021939556e-09,3.0639651842747127e-11,0
13,-4.0623521529168732e-10,-1.7618892702425150e-04,-1.7618719047077079e-04,-1.7365534807117951e-09,1.2366449371444054e-11,0
14,-7.5276682235782279e-10,2.4863076997371988e-05,2.4810665688145081e-05,5.2411309226907383e-08,2.5849655573008462e-11,0
15,-8.0552978440359133e-11,4.1720704235313592e-06,4.1758889085084198e-06,-3.8184849770605484e-09,1.3786156974490533e-11,0
16,-8.0565260543949722e-11,1.3645283692669680e-06,1.3669153909714567e-06,-2.3870217044887407e-09,4.8832975200093550e-12,0
17,-3.4653160815114408e-10,2.0105194919831440e-04,2.0099760650609460e-04,5.4342692219799035e-08,1.0940673115659019e-11,0
18,3.2568223769609112e-10,1.8036096126193123e-04,1.8035866318405093e-04,2.2980778803082923e-09,1.3933423225881104e-11,0
19,3.2566995558496799e-10,1.7755344909606893e-04,1.7754960311076068e-04,3.8459853082481194e-09,4.9982440675717758e-12,0
20,7.8014828377966763e-10,2.7967060728714428e-05,2.7992195603378098e-05,-2.5134874663670708e-08,8.2765393610855433e-11,0
21,3.7391306872946198e-10,-1.4822182707099375e-04,-1.4819407111663969e-04,-2.7755954354064926e-08,4.6028239613822666e-11,0
22,2.7381461906043234e-11,5.2830089856030840e-05,5.2803256935461387e-05,2.6832920569452932e-08,4.2799122702811914e-11,0
23,6.9959530537598018e-10,3.2139214975291513e-05,3.2167964131028119e-05,-2.8749155736605204e-08,1.0272385201468064e-10,0
24,6.9958302326516559e-10,2.9331578293440540e-05,2.9352804707491204e-05,-2.1226414050663794e-08,5.6868266208896296e-11,0
25,6.7221384295732180e-10,-2.0690935087133884e-05,-2.0633707225745093e-05,-5.7227861388790889e-08,2.7051809907095165e-11,0
26,6.7220156083861456e-10,-2.3498524983867411e-05,-2.3446120634770313e-05,-5.2404349097098053e-08,1.1686505125300097e-11,0
27,-1.2282113619921832e-14,-2.8075460099566315e-06,-2.8077028091641806e-06,1.5679920754901723e-10,4.7815564779143953e-12,0
28,-7.1577899229986463e-11,2.0300198579183484e-06,2.0145217254451339e-06,1.5498132473214544e-08,1.8726019446258372e-11,0
29,-1.7692389949128397e-10,8.9014934969615725e-06,8.8958224199491459e-06,5.6710770124266215e-09,1.6152556482315379e-11,0
30,-1.0534600036041690e-10,6.8714603081885747e-06,6.8868229423797794e-06,-1.5362634191204637e-08,1.9682021649239536e-11,0
31,4.8438984417596469e-11,5.6070292880662509e-06,5.6154264937522711e-06,-8.3972056860201580e-09,2.4987372762871156e-11,0
32,7.0950304988018425e-10,-1.8017220203358358e-04,-1.8021680990733951e-04,4.4607873755930783e-08,1.9654391429299674e-11,0
33,6.5317403917109511e-11,2.0825858133832580e-05,2.0775098428414342e-05,5.0759705418238030e-08,3.7354507125883890e-11,0
34,6.6106406533053300e-10,-1.8577918356583664e-04,-1.8582644198052075e-04,4.7258414684109209e-08,2.4327346733191709e-11,0
35,1.6878420717352821e-11,1.5218851105204545e-05,1.5151707541540344e-05,6.7143563664201215e-08,3.6242491416144310e-11,0
36,-6.4418564661915317e-10,2.0099796438893431e-04,2.0099490028196865e-04,3.0641069656599587e-09,3.4725572939109900e-11,0
37,-1.7499156037835275e-10,3.5385617725494645e-06,3.5241394124135097e-06,1.4422360135954748e-08,4.6672363554412338e-11,0
38,2.1629587226572638e-10,-3.7067019407489507e-05,-3.7118858187979169e-05,5.1838780489661847e-08,5.7898696329047315e-11,0
39,-5.7802847107267521e-11,6.8852490393558549e-06,6.8874415087203970e-06,-2.1924693645420740e-09,1.8494739913767580e-11,0
40,-2.7409871931287952e-10,4.3952029543777027e-05,4.4012179999977703e-05,-6.0150456200676219e-08,6.1441198622761810e-11,0
41,-1.9596332779411227e-11,6.8884561868596422e-06,6.8879997881825505e-06,4.5639867709172324e-10,2.5526410166286487e-11,0
42,4.1838110082023932e-10,5.6532155645518806e-06,5.6187578210706304e-06,3.4457743481250210e-08,2.5575000996982054e-11,0
44,2.2728542377342274e-10,-1.8023075110370641e-04,-1.8022106226700535e-04,-9.6888367010644367e-09,3.9975078990996543e-11,0
45,-4.9440618194784950e-11,-3.2029867189548294e-05,-3.2028457980356146e-05,-1.4092091921481006e-09,4.1662608589993384e-11,0
46,-7.7760414198586799e-11,2.0771649665622238e-05,2.0773924038677971e-05,-2.2743730557331409e-09,1.4598332353170950e-11,0
47,2.4837293656595546e-10,-2.6820806378205844e-06,-2.6757032872867560e-06,-6.3773505338283840e-09,7.4537347546792630e-11,0
49,-1.9109567798117354e-10,-1.8588393240841390e-04,-1.8583403862974324e-04,-4.9893778670661443e-08,4.3865594470791496e-11,0
50,-4.6782171928056706e-10,-3.7683058938984063e-05,-3.7655468122857797e-05,-2.7590816126265606e-08,2.7408340148496094e-11,0
51,-4.9614151530167167e-10,1.5118463520409284e-05,1.5147236110170316e-05,-2.8772589761032031e-08,2.6946737408211669e-11,0
52,-1.7000816552963634e-10,-8.3353882250648825e-06,-8.2994674132780938e-06,-3.5920811786788732e-08,5.9297332275701627e-11,0
53,-1.0593279582892477e-11,-1.7617897009976563e-04,-1.7618323438125052e-04,4.2642814848887003e-09,2.8576902948521813e-11,0
55,1.0494233119070211e-11,1.3699138026366207e-06,1.3678316422352584e-06,2.0821604013623564e-09,1.1926757023830223e-11,0
56,-3.0504583798069090e-10,2.0100246282787502e-04,2.0099798278358386e-04,4.4800442911647684e-09,3.3385784231533530e-11,0
57,2.1087512796922291e-11,1.7754884603333500e-04,1.7754656419563899e-04,2.2818376960078574e-09,1.1452568940889743e-11,0
60,-2.8319795997241518e-11,5.2801487561633317e-05,5.2803015847116400e-05,-1.5282854830831263e-09,5.2220627910212242e-11,0
62,3.2613335085464189e-10,-2.3453798766833595e-05,-2.3449546175766291e-05,-4.2525910673033094e-09,6.9394399473296815e-11,0
67,4.4529709627451662e-10,-1.8022747995338328e-04,-1.8021896837679444e-04,-8.5115765888340786e-09,8.2103915247388959e-12,0
68,-2.0167314624109303e-12,2.0775387376373820e-05,2.0774720301842326e-05,6.6707453149416154e-10,5.6676887201525578e-12,0
69,6.4194632531694729e-10,-2.6532244940136868e-06,-2.6721589941106476e-06,1.8934500096960857e-08,7.6979450484230184e-12,0
70,3.3719372357697627e-10,-1.8535718508751881e-04,-1.8531223347126685e-04,-4.4951616251959507e-08,3.0066129992947291e-11,0
71,-1.1012010403257562e-10,1.5645620786907885e-05,1.5677127610945464e-05,-3.1506824037579268e-08,4.7823180142783423e-11,0
72,5.3384295234777980e-10,-7.7827769662553456e-06,-7.7691972792937579e-06,-1.3579686961587767e-08,2.3045925456287412e-11,0
73,-4.4731382770685220e-10,2.0100286436327197e-04,2.0099668902111742e-04,6.1753421545459892e-09,8.5260885324096368e-12,0
74,1.9664922897617306e-10,1.7757428508046597e-04,1.7754802015473875e-04,2.6264925727219075e-08,4.8571882958416739e-12,0
75,6.4396305667076078e-10,-2.3428606786324996e-05,-2.3446801820044255e-05,1.8195033719259059e-08,8.8677824744769192e-12,0
76,-1.1908027836679981e-10,8.9193791355758265e-06,8.8967895117822763e-06,2.2589623793550177e-08,2.1203455680636380e-11,0
77,1.1572896655656853e-10,-1.8023750267532647e-04,-1.8022185904540265e-04,-1.5643629923818266e-08,1.9316945787997443e-11,0
78,-1.0060985826411791e-10,2.0772235735344612e-05,2.0773925308188790e-05,-1.6895728441778041e-09,1.6381692765248586e-11,0
79,1.1220317202336791e-10,-2.6900163914971714e-06,-2.6770063098028037e-06,-1.3010081694367711e-08,1.9770087098607259e-11,0
80,-2.1633882554872095e-10,2.0100973239711543e-04,2.0099878833061046e-04,1.0944066504978752e-08,1.4361159166493916e-11,0
81,-3.5257941900290874e-12,1.7754746921523710e-04,1.7754606873307137e-04,1.4004821657291437e-09,1.5007768900966438e-11,0
82,2.1281303034442787e-10,-2.3462256931046019e-05,-2.3450857597661669e-05,-1.1399333384350119e-08,1.4995199815653877e-11,0
83,3.1549128765353577e-11,4.1785910036643828e-06,4.1771029513894340e-06,1.4880522749487706e-09,2.0177721665728561e-11,0
84,1.0060981643192551e-10,2.7969396947704825e-05,2.7985858581877372e-05,-1.6461634172546674e-08,5.1796138568215913e-11,0
85,1.3215894520667394e-10,3.2147898858727632e-05,3.2162821708677895e-05,-1.4922849950263224e-08,6.0504265947173175e-11,0
86,-3.9877728280334680e-09,6.0448518533779555e-06,6.0223470001620308e-06,2.2504853215924711e-08,7.1472999478180064e-11,0
87,-1.1375004829495040e-10,6.8633754222993323e-06,6.8876757807111434e-06,-2.4300358411811061e-08,2.7431608419157267e-11,0
88,-8.5394863129187709e-11,-2.2338922292201163e-06,-2.2446540321882776e-06,1.0761802968161303e-08,2.9282018668014826e-11,0
89,1.5176468483234584e-11,-3.0678100907143881e-06,-3.0797829078355074e-06,1.1972817121119381e-08,2.5671113048062308e-11,0
90,-8.8414677851348969e-11,-7.1502312656551020e-06,-7.1302875126490540e-06,-1.9943753006048041e-08,2.0764666669058259e-11,0
91,4.4864397734024526e-11,-1.8332478254820539e-04,-1.8330981119178024e-04,-1.4971356425148418e-08,1.2118882987583055e-11,0
92,-7.6750467718762965e-11,-3.5109539361678765e-05,-3.5118539247652829e-05,8.9998859740639020e-09,5.2633557348125683e-11,0
93,-1.1981105135616005e-10,1.7693315219507663e-05,1.7686724907879573e-05,6.5903116280903603e-09,1.7176038339474348e-11,0
94,-5.3163998102765334e-11,-2.9718479115439789e-06,-2.9478957832819119e-06,-2.3952128262067007e-08,2.2388642721892900e-11,0
95,-1.0359114648054250e-10,-4.0823994970351496e-06,-4.0445297605830352e-06,-3.7869736452114426e-08,3.1641955659489697e-11,0
96,2.9687929132494575e-11,-1.8025697027431592e-04,-1.8022253121172411e-04,-3.4439062591805477e-08,1.5262310846496856e-11,0
97,-9.1926936197490562e-11,-3.2041842475330831e-05,-3.2028941286942744e-05,-1.2901188388086764e-08,6.6489225413526051e-11,0
98,-1.3498751982986465e-10,2.0761126844293099e-05,2.0773718566454191e-05,-1.2591722161092890e-08,1.4148066224235918e-11,0
99,-6.8340466731646555e-11,9.5985066013437592e-08,1.3497658666560710e-07,-3.8991520652169512e-08,3.5984695023018708e-11,0
100,1.3327907534810823e-10,-1.7617456368879819e-04,-1.7618138179966637e-04,6.8181108681803198e-09,1.4919055785860953e-11,0
101,-3.1396374819354066e-11,2.4843586346679630e-05,2.4818108769580794e-05,2.5477577098836343e-08,2.2960361543043276e-11,0
102,3.5250679747492681e-11,4.1784125734986223e-06,4.1771849665993083e-06,1.2276068993140074e-09,2.8990400096510635e-11,0
103,-1.6467544995407128e-10,2.0101808541934420e-04,2.0099925755076437e-04,1.8827868579826676e-08,1.1607837844996732e-11,0
104,-9.8028395648306328e-11,1.8035294559379288e-04,1.8035418243554703e-04,-1.2368417541509195e-09,1.5229374619464005e-11,0
105,-1.1664210061351930e-11,2.7959198750055619e-05,2.7984798353313558e-05,-2.5599603257938215e-08,9.5570523535510936e-11,0
106,1.2161486550965187e-10,-1.4821528550671911e-04,-1.4819568484178034e-04,-1.9600664938768803e-08,4.7496802722214869e-11,0
107,-4.3060583641619223e-11,5.2802884724143651e-05,5.2803283850421042e-05,-3.9912627739104424e-10,7.1790709832040280e-11,0
108,2.3586469685063959e-11,3.2137639449479269e-05,3.2161838671611297e-05,-2.4199222132028351e-08,8.0470809002694686e-11,0
109,6.6647053318848473e-11,-2.0665151411757704e-05,-2.0639874543928642e-05,-2.5276867829061915e-08,2.4414220495072966e-11,0
110,2.8527006734149279e-10,4.9544314064536854e-07,5.2595201286527604e-07,-3.0508872219907499e-08,2.8154847664115646e-11,0
111,6.6463702526554007e-11,5.5988929695601625e-06,5.6154538497960166e-06,-1.6560880235854154e-08,9.7429911918751426e-12,0
114,7.5615099147329768e-10,-2.2176620194346019e-06,-2.2369908798740732e-06,1.9328860439471235e-08,5.1303888085758346e-11,0
115,3.0141355431808784e-11,-1.7617663670058928e-04,-1.7618201654922877e-04,5.3798486394918132e-09,1.7555046783918199e-11,0
116,-2.7593312447294953e-10,2.4822839734230800e-05,2.4816182307037997e-05,6.6574271928034577e-09,1.8269640110191357e-11,0
117,2.0293721059583924e-11,4.1784006917083285e-06,4.1771305019257018e-06,1.2701897826267406e-09,2.9904915820844036e-11,0
118,-3.0607447996217449e-10,2.0099944913233754e-04,2.0099797140977064e-04,1.4777225668973198e-09,9.1616658590827833e-12,0
119,-9.8476343451779068e-12,1.8035502650564305e-04,1.8035477339407250e-04,2.5311157054834499e-10,1.6105696019882824e-11,0
120,2.9622684595292186e-10,-2.0644419651592340e-05,-2.0638009344191841e-05,-6.4103074004990591e-09,1.6462391868228818e-11,0
121,9.7740199655077681e-11,-3.5086179315810609e-05,-3.5116903464930073e-05,3.0724149119464484e-08,5.7023451074245983e-11,0
122,4.3237495249278173e-10,5.3513035147036148e-07,5.2743475307632994e-07,7.6955983940315371e-09,2.7428094619393858e-11,0
123,6.2571985565149320e-10,5.6517075759637131e-06,5.6204763977522377e-06,3.1231178211475362e-08,1.6598747280489999e-11,0
124,-7.4786930163710866e-12,-4.0686283672014545e-06,-4.0438924390344214e-06,-2.4735928167033039e-08,2.3429862155280453e-11,0
125,1.2635574568761420e-11,-1.8024551842792114e-04,-1.8022232486958700e-04,-2.3193558334138166e-08,1.6400048454514687e-11,0
126,-9.0957123803016627e-11,-3.2031554945789373e-05,-3.2029039629462805e-05,-2.5153163265681012e-09,6.5775237078122570e-11,0
127,-1.1601673151878206e-10,2.0776653103317757e-05,2.0774238481860559e-05,2.4146214571976407e-09,1.7121727745790286e-11,0
128,-1.4800951393816036e-12,1.0913341527002407e-07,1.3550193185207087e-07,-2.6368516582046797e-08,2.6298168420175925e-11,0
129,-6.3319854920880629e-10,-9.7202801065208316e-06,-9.6635294734608270e-06,-5.6750633060004656e-08,2.3806128158349586e-11,0
130,-6.1308428136560856e-10,-1.8589720052406347e-04,-1.8583708777846576e-04,-6.0112745597711795e-08,1.5704383039128417e-11,0
131,-7.1667697929756157e-10,-3.7683287167382049e-05,-3.7657450343065325e-05,-2.5836824316723822e-08,5.5125139017690815e-11,0
132,-7.4173658701664157e-10,1.5124916625322560e-05,1.5146011759042740e-05,-2.1095133720180152e-08,1.8603870351004461e-11,0
133,-6.2719995129075543e-10,-5.5425923318891401e-06,-5.4870640860887393e-06,-5.5528245800400827e-08,3.2452577789273455e-11,0
134,2.0114266972206405e-11,-1.7617691741860344e-04,-1.7618180929392636e-04,4.8918753229253934e-09,2.1677796771486158e-11,0
135,-1.0853804016069507e-10,2.4845306691027511e-05,2.4817996254124491e-05,2.7310436903019169e-08,2.8645271562120246e-11,0
136,5.9985977895432927e-12,4.1777003311738690e-06,4.1770808595998818e-06,6.1947157398727266e-10,1.8871892897269515e-11,0
137,-1.2865230746466146e-10,2.0102217449869883e-04,2.0099958359190054e-04,2.2590906798285616e-08,1.4951864276467126e-11,0
138,-1.4115669008103423e-11,1.8035462005027108e-04,1.8035452701369134e-04,9.3036579742328263e-11,2.1094971965920252e-11,0
139,8.3478430905325816e-11,2.7962851376382020e-05,2.7985530854485496e-05,-2.2679478103476193e-08,8.3440852552009804e-11,0
140,1.0359269844877747e-10,-1.4821400269848101e-04,-1.4819539655784651e-04,-1.8606140634496240e-08,7.2785934312135939e-11,0
141,-2.5059607717164057e-11,5.2808142528260786e-05,5.2803891256140913e-05,4.2512721198733304e-09,8.9288144980990360e-11,0
142,8.9477028774714900e-11,3.2140703007353666e-05,3.2162450927190662e-05,-2.1747919836996468e-08,7.1068138467917271e-11,0
143,1.1453663627803839e-10,-2.0667555392716447e-05,-2.0639879632164170e-05,-2.7675760552277253e-08,3.3029667513326849e-11,0
144,9.5563463795234348e-11,2.0561297579546611e-06,2.0153459585668282e-06,4.0783799387832976e-08,2.5802254546854127e-11,0
145,3.1771298212654618e-10,-5.7434824267035139e-06,-5.7551446070985166e-06,1.1662180395002651e-08,1.1815911706577973e-11,0
146,-7.1131083184820111e-12,8.9099481639098865e-06,8.8984541725857553e-06,1.1493991324131270e-08,2.1168420308811508e-11,0
147,2.2214951688699387e-10,-7.7996146087095861e-06,-7.7716449799656464e-06,-2.7969628743939646e-08,1.7096329434873878e-11,0
148,-1.0267657215387872e-10,6.8538475466589643e-06,6.8886215605146613e-06,-3.4774013855696968e-08,2.2921974640924534e-11,0
149,-3.2482608926961659e-10,1.4653450984216873e-05,1.4658812706700823e-05,-5.3617224839504110e-09,1.3453933049606062e-11,0
150,-3.0624018193461156e-10,3.5217314746376245e-06,3.5229462686644130e-06,-1.2147940267884445e-09,3.2714921042440563e-11,0
151,3.5050933229233645e-10,5.6212150316157020e-06,5.6179428266037221e-06,3.2722050119799115e-09,2.2441694573047284e-11,0
152,3.4989739432605483e-10,-1.8022452466837525e-04,-1.8021912757555932e-04,-5.3970928159290717e-09,3.1790571286071504e-11,0
153,-4.5386972293518657e-11,2.0773644063690807e-05,2.0775006846699558e-05,-1.3627830087514293e-09,1.8072790755817728e-11,0
154,-6.1193855666585202e-13,-1.8584572045187494e-04,-1.8583136987552337e-04,-1.4350576351562392e-08,2.7749614882021448e-11,0
155,-3.9589630502694689e-10,1.5152398179134677e-05,1.5149347980723191e-05,3.0501984114860592e-09,1.8813481907450207e-11,0
156,-3.9528436645913157e-10,2.0099814123169038e-04,2.0099715919440566e-04,9.8203728471617929e-10,2.5302103332329920e-11,0
157,4.7893668741154335e-10,5.6228760449729409e-06,5.6190871435211961e-06,3.7889014517448458e-09,1.5014427373044302e-11,0
158,3.1788369764535706e-10,-4.0508730399227075e-06,-4.0410833996604263e-06,-9.7896402622812124e-09,1.9384077020169907e-11,0
159,2.2763957374361382e-10,-1.8023150159135644e-04,-1.8022014297935904e-04,-1.1358611997394326e-08,8.9891249945829929e-12,0
160,-4.8164796597487363e-11,-3.2029327282434601e-05,-3.2028718035734975e-05,-6.0924669962583635e-10,4.5662368271532121e-11,0
161,-6.4676006121390550e-11,2.0774623391151730e-05,2.0774923809001117e-05,-3.0041784938679883e-10,1.0660385017696000e-11,0
162,3.0849426014605429e-10,1.2562489266443148e-07,1.3826793829103270e-07,-1.2643045626601219e-08,2.4924858998232428e-11,0
163,3.0849150723515660e-10,-2.6820983282215948e-06,-2.6754313223267330e-06,-6.6670058948618614e-09,8.2940576873188295e-12,0
164,-1.6105299067258703e-10,-9.6737684210322899e-06,-9.6593066475723690e-06,-1.4461773459920849e-08,2.4820252540763569e-11,0
165,-2.5129711430981701e-10,-1.8585439929478566e-04,-1.8583353907117132e-04,-2.0860223614335531e-08,1.2232261459876016e-11,0
166,-5.2710148425935020e-10,-3.7652209771297553e-05,-3.7655634519406653e-05,3.4247481091006279e-09,4.0993070508695915e-11,0
167,-5.4361269379839190e-10,1.5151721916124676e-05,1.5148145687736094e-05,3.5762283885823053e-09,1.4176012406319568e-11,0
168,-1.7044242813167815e-10,-5.4973253495564645e-06,-5.4829119405301361e-06,-1.4413409026328391e-08,3.3834718799274147e-11,0
169,-1.7044518104189576e-10,-8.3050220709545569e-06,-8.2994219643478012e-06,-5.6001066067557046e-09,1.1779169878407458e-11,0
170,-9.0244123718212245e-11,-1.7618061492697193e-04,-1.7618243425037558e-04,1.8193234036531589e-09,1.5049114005692106e-11,0
171,-3.8255970331626750e-10,2.4825509093998749e-05,2.4815875618892672e-05,9.6334751060767618e-09,1.7673547689428152e-11,0
172,-9.3894374706805115e-12,4.1764628297843130e-06,4.1770427776861166e-06,-5.7994790180362183e-10,1.6465465802155089e-11,0
173,-9.3921903818259263e-12,1.3687639120033880e-06,1.3680259768677315e-06,7.3793513565647450e-10,6.2634855981368761e-12,0
174,-2.9231558013187310e-10,2.0100610220243845e-04,2.0099809487300003e-04,8.0073294384246530e-09,7.9126610125951380e-12,0
175,8.0854686568230922e-11,1.8035708926221125e-04,1.8035512722049875e-04,1.9620417125037776e-09,1.7160779173505039e-11,0
176,8.0851933659337545e-11,1.7754939000168106e-04,1.7754596231420267e-04,3.4276874783889608e-09,6.2140590060370768e-12,0
177,3.6604849423784319e-10,2.7978351841790629e-05,2.7988016310190561e-05,-9.6644683999320621e-09,6.2021097811083771e-11,0
178,2.7580437033670190e-10,-1.4820213236143697e-04,-1.4819354657988283e-04,-8.5857815541401719e-09,3.7859518247474169e-11,0
179,-1.6511209522964237e-11,5.2803958648674687e-05,5.2804248161873854e-05,-2.8951319916729543e-10,4.1819364934057626e-11,0
180,3.5665905673781606e-10,3.2154816293765822e-05,3.2164888147363792e-05,-1.0071853597970091e-08,6.9062329410841455e-11,0
181,3.5665630382944179e-10,2.9347202292621987e-05,2.9349633877163283e-05,-2.4315845412959595e-09,4.3336374924227190e-11,0
182,3.7317026610023930e-10,-2.0649053302638208e-05,-2.0637805570287633e-05,-1.1247732350574155e-08,1.8001690348668547e-11,0
183,3.7316751319210465e-10,-2.3456734270201594e-05,-2.3450304031557858e-05,-6.4302386437359890e-09,7.1847294497974840e-12,0
186,1.0172830504215075e-10,5.1182707563914021e-06,5.0868378132487541e-06,3.1432943142647964e-08,4.7879703697856756e-11,0
187,3.5633738841816751e-10,5.6178307799769142e-06,5.6179544388224812e-06,-1.2365884556700965e-10,9.3339546637274210e-12,0
188,4.2813751382198456e-10,-1.8022618671070367e-04,-1.8021824497088513e-04,-7.9417398185348004e-09,9.7001863327744618e-12,0
189,-9.6929040047949515e-12,-3.2028549946416665e-05,-3.2028390639969976e-05,-1.5930644668959429e-10,1.5657053898155723e-11,0
190,-1.7867494083024793e-11,2.0775818166164379e-05,2.0775421772198408e-05,3.9639396597074142e-10,5.7888193185705056e-12,0
191,2.5460908401869855e-10,4.9978781777385017e-07,5.2611596169493306e-07,-2.6328143921082882e-08,1.8185337825540566e-11,0
192,3.2640920785377806e-10,-1.8534448938200589e-04,-1.8531065905830424e-04,-3.3830323701645234e-08,3.3903007414070250e-11,0
193,-1.1142120967931189e-10,-3.7146496758686323e-05,-3.7120945493196991e-05,-2.5551265489332572e-08,5.0917242227495375e-11,0
194,-1.1959579981822955e-10,1.5657575276559546e-05,1.5678824972664551e-05,-2.1249696105004733e-08,5.0300298061673088e-11,0
195,7.1800125415191613e-11,-1.8584407098640697e-04,-1.8583051579318112e-04,-1.3555193225853451e-08,1.2922826591060046e-11,0
196,-3.6603029241318004e-10,-3.7646363867235508e-05,-3.7654139632270497e-05,7.7757650349894727e-09,2.7505550979540477e-11,0
197,-3.7420488249193121e-10,1.5157984764732884e-05,1.5149796022050398e-05,8.1887426824860094e-09,1.3448141156301703e-11,0
198,-4.4600500783948132e-10,2.0100200468436597e-04,2.0099669742711638e-04,5.3072572495885696e-09,8.4155853499097753e-12,0
199,4.3783041778881924e-10,-1.4819764008220737e-04,-1.4819197938651302e-04,-5.6606956943595389e-09,5.8115838138957680e-11,0
200,-8.1745900886741747e-12,5.2804393937124069e-05,5.2804416466761120e-05,-2.2529637050817779e-11,2.8210074478030687e-11,0
201,-3.5353308978945511e-10,3.5397450495119887e-06,3.5225163423405055e-06,1.7228707171483168e-08,6.2075421753407702e-11,0
202,3.2577009769283719e-11,-1.7618575919998124e-04,-1.7618101598183551e-04,-4.7432181457269379e-09,3.8204438313268127e-11,0
203,2.5981386336562533e-10,5.6253396496421665e-06,5.6170476746948234e-06,8.2919749473431325e-09,7.7999619172776079e-12,0
204,-5.5424637971307337e-11,2.0772917202245154e-05,2.0775197024807592e-05,-2.2798225624373223e-09,4.9406009986041529e-12,0
205,-1.4963168254361059e-10,1.1978101341503494e-05,1.1987720636743962e-05,-9.6192952404685109e-09,1.3072826114474562e-11,0
206,-3.1523850173729800e-10,1.5147574342306430e-05,1.5150509713895697e-05,-2.9353715892665164e-09,6.9429313353639807e-12,0
207,-4.0944554629369732e-10,6.3527686130371991e-06,6.3682806094264497e-06,-1.5511996389250602e-08,1.5508768232341243e-11,0
208,-9.4207044576944625e-11,-8.7948094283948723e-06,-8.7937317976213853e-06,-1.0776307734870213e-09,1.0621655020813233e-11,0
209,-1.5797120616201789e-10,5.0860102684740713e-06,5.0843076704785167e-06,1.7025979955545822e-09,1.8624577635381435e-11,0
210,2.8096482235892192e-10,5.6541508684799374e-06,5.6172224064280756e-06,3.6928462051861849e-08,1.4476023901833260e-11,0
211,-3.0578293792077248e-11,-3.2030204402705648e-05,-3.2028638036689453e-05,-1.5663660161947205e-09,5.0755247465888998e-11,0
212,-6.8625770623025420e-11,2.0771868316285351e-05,2.0775146893195690e-05,-3.2785769103391670e-09,1.0894382381199696e-11,0
213,-1.7053275351997208e-10,1.1976417769542398e-05,1.1987590716637488e-05,-1.1172947095089834e-08,2.0893343398241433e-11,0
214,4.3893602835302088e-10,5.6812885566512317e-07,5.2792307390607009e-07,4.0205781759053073e-08,2.3964843828512685e-11,0
215,1.2739291243516567e-10,-3.7116136412400705e-05,-3.7118618811566848e-05,2.4823991661427334e-09,6.5832821539679606e-11,0
216,8.9345435620179002e-11,1.5685894277378803e-05,1.5681117877123936e-05,4.7764002548665867e-09,1.7982452009372789e-11,0
217,-1.2561547299597124e-11,6.8904555788210434e-06,6.8903868322387979e-06,6.8746582245501984e-11,1.5553245648849616e-11,0
218,-3.1154311660005476e-10,-3.7684303973169186e-05,-3.7653565413228133e-05,-3.0738559941053799e-08,3.4834628999388482e-11,0
219,-3.4959059347049341e-10,1.5117788369047383e-05,1.5150303820809230e-05,-3.2515451761847206e-08,1.2728953826635616e-11,0
220,-4.5149757631870146e-10,6.3223146765378768e-06,6.3679830189090119e-06,-4.5668342371135088e-08,3.0111273087825738e-11,0
221,-3.8047476829621232e-11,5.2802049910110780e-05,5.2804383157924244e-05,-2.3332478134633055e-09,4.4736445419299437e-11,0
222,-1.3995445972986921e-10,4.4006621921433703e-05,4.4014854281835135e-05,-8.2323604014316243e-09,5.1118217015025857e-11,0
223,-1.0190698290706124e-10,-8.7954596196372983e-06,-8.7938010524355032e-06,-1.6585672017950840e-09,1.6843111544493450e-11,0
224,-5.7943146353232428e-10,3.5226194846330156e-06,3.5204627647153355e-06,2.1567199176801244e-09,2.6793169818211063e-11,0
225,-1.5506830929449301e-10,-3.6056900043403978e-06,-3.6080602034120569e-06,2.3701990716591673e-09,4.9241402031385395e-11,0
226,-5.2274502857296118e-11,5.7580547426112905e-07,5.9071722354304767e-07,-1.4911749281918622e-08,5.0398767300564406e-11,0
227,-5.2261751637695492e-11,-2.2316518506846489e-06,-2.2442649411689026e-06,1.2613090484253756e-08,1.9540986112675566e-11,0
228,4.2436315423024776e-10,-7.1282601304088755e-06,-7.1260600335799808e-06,-2.2000968288946737e-09,8.3470684423360713e-12,0
229,5.2715696066639859e-10,-2.9468306752553422e-06,-2.9426621200666111e-06,-4.1685551887310799e-09,8.7084576162891489e-12,0
230,5.2716971188622233e-10,-5.7542607213986394e-06,-5.7532916403633922e-06,-9.6908103524720115e-10,3.2867681267678751e-12,0
231,1.0279380636430773e-10,4.1814283634085663e-06,4.1782172536015390e-06,3.2111098070273559e-09,1.1017594183017386e-11,0
232,1.0280655758660992e-10,1.3740095034383507e-06,1.3691873630950908e-06,4.8221403432598836e-09,4.6022964125820349e-12,0
233,1.2751219744196872e-14,-2.8074285911037078e-06,-2.8077890535152625e-06,3.6046241155464088e-10,3.6014646560886553e-12,0
234,3.3459486800054048e-10,5.6320779583222957e-06,5.6176840258893672e-06,1.4393932432928526e-08,3.0357336377157866e-11,0
235,3.0706988371238384e-10,-1.8021349944850711e-04,-1.8021904420638851e-04,5.5447578814070593e-09,2.9827688525079142e-11,0
236,-6.7697987777970802e-11,2.0772966830508513e-05,2.0775258538915916e-05,-2.2917084074033174e-09,2.0918026403422542e-11,0
237,-2.7524985097522430e-11,-1.8584545302532837e-04,-1.8583107435651223e-04,-1.4378668816142012e-08,5.0944731828102180e-11,0
238,-4.0229285632608732e-10,1.5140936024820445e-05,1.5149981867359172e-05,-9.0458425387268210e-09,2.3554669872460023e-11,0
239,-3.7476787124016828e-10,2.0098641925689505e-04,2.0099734382689880e-04,-1.0924570003749976e-08,2.8501087445513742e-11,0
245,8.6317063502916839e-11,1.3766058387103437e-06,1.3690871497234369e-06,7.5186889869068421e-09,8.4778774836066814e-12,0
246,-1.3022659998994906e-10,5.0868873707433579e-06,5.0843847826389305e-06,2.5025881044273506e-09,1.8747077253386669e-11,0
247,-4.0250231896248605e-11,-3.2030700244131075e-05,-3.2028785472220719e-05,-1.9147719103565389e-09,3.7259612923963954e-11,0
248,-7.9537447501427708e-11,2.0771624984267621e-05,2.0775240658907773e-05,-3.6156746401520910e-09,1.0111908581926594e-11,0
249,-1.5104133410344885e-10,1.1977507831320653e-05,1.1987933831919323e-05,-1.0426000598669563e-08,2.3325394564611096e-11,0
250,8.9976368141903357e-11,-3.7117605319358579e-05,-3.7118797913872134e-05,1.1925945135545001e-09,5.7998211775626395e-11,0
251,5.0689152545290614e-11,1.5684739262336698e-05,1.5681173464854539e-05,3.5657974821588659e-09,2.1374336373304589e-11,0
252,-2.0814734085443511e-11,6.8906244076144367e-06,6.8907013597160938e-06,-7.6952101657128222e-11,1.2085974459519015e-11,0
253,-3.9287215599907184e-11,5.2802358406892069e-05,5.2804618332388673e-05,-2.2599254966037315e-09,4.5593739860804911e-11,0
254,-1.1079110221706190e-10,4.4008206041441181e-05,4.4015343043773188e-05,-7.1370023320069254e-09,5.2966802122267829e-11,0
255,-7.1503886628193688e-11,-8.7941020189007710e-06,-8.7935226144454316e-06,-5.7940445533937357e-10,2.4862195059593118e-11,0
256,1.2635907105501031e-10,-1.8584314957048381e-04,-1.8582950934913837e-04,-1.3640221345435563e-08,1.8265918973350162e-11,0
257,1.0917859950995411e-09,-5.4688101807347927e-06,-5.4714376272551679e-06,2.6274465203751321e-09,4.6350126247311004e-11,0
258,9.6542692353067773e-10,1.8037427283488366e-04,1.8036256439171234e-04,1.1708443171324755e-08,2.4016835589651868e-11,0
259,5.5717957165763343e-11,-3.0748062921348834e-06,-3.0792703364489231e-06,4.4640443140397220e-09,1.2872281290824762e-11,0
260,-6.6426825297603241e-11,1.7691879182089778e-05,1.7688714756439020e-05,3.1644256507578847e-09,9.9892220090267806e-12,0
261,2.2155465101375501e-11,-5.7733847160252455e-06,-5.7579057016971409e-06,-1.5479014328104565e-08,6.7420143002975551e-12,0
262,-1.2214478246035068e-10,2.0766678976378346e-05,2.0774978335520423e-05,-8.2993591420765344e-09,7.9246861943086186e-12,0
263,-3.3562492140254433e-11,-2.6986012098169365e-06,-2.6787206776295100e-06,-1.9880532187426488e-08,6.2932807454409880e-12,0
264,8.8582290577074770e-11,-2.3465269883497786e-05,-2.3453667597061346e-05,-1.1602286436439714e-08,5.5439521929013029e-12,0
265,8.6650595817603343e-09,-1.8581322438660994e-04,-1.8575179046271048e-04,-6.1433923899455265e-08,2.7129903269124770e-11,0
266,8.7681973534291464e-11,4.1796369436820306e-06,4.1782043725372148e-06,1.4325711448157300e-09,5.0539245840662297e-11,0
267,9.4919821737325469e-11,-7.1374776065983095e-06,-7.1292249922043165e-06,-8.2526143939929721e-09,9.4108560155783501e-12,0
268,3.9457575402840173e-10,-1.8330466877055935e-04,-1.8330524556099551e-04,5.7679043615962988e-10,8.0030667948237375e-12,0
269,1.6280907440697219e-10,-2.9583146835838320e-06,-2.9459907095745902e-06,-1.2323974009241775e-08,1.2079463822107841e-11,0
270,1.6281734569672055e-10,-5.7658311105792531e-06,-5.7566370925648443e-06,-9.1940180144088330e-09,4.3798704011787556e-12,0
271,2.9965593243858908e-10,-1.7616719056846343e-04,-1.7617770612940572e-04,1.0515560942294354e-08,6.6808692417046184e-12,0
272,6.7889252721486478e-11,4.1791903292445406e-06,4.1780638514615611e-06,1.1264777829795642e-09,1.1647147545580949e-11,0
273,6.7897524007814787e-11,1.3716558969637058e-06,1.3690198978030186e-06,2.6359991606872531e-09,5.1541483307922063e-12,0
274,-2.3176667959171452e-10,1.8034636327281424e-04,1.8035146189040736e-04,-5.0986175931201291e-09,4.4957632790441378e-12,0
275,-2.3175840830314367e-10,1.7753883753285522e-04,1.7754223115426521e-04,-3.3936214099820373e-09,1.9187940019737358e-12,0
277,-2.6756159833044724e-10,5.0667229786159618e-06,5.0828797585291005e-06,-1.6156779913138756e-08,2.2948119608109646e-11,0
278,2.1573494435955959e-10,5.6506443483553270e-06,5.6165099813968629e-06,3.4134366958464113e-08,2.1907558807616396e-11,0
279,-2.3130900035523011e-11,-3.2027757448239503e-05,-3.2028717035362047e-05,9.5958712254418793e-10,4.2224961545003138e-11,0
280,-6.7927349957609359e-11,2.0768943658875218e-05,2.0775628912781726e-05,-6.6852539065082668e-09,2.0202803466966906e-11,0
281,-3.0576260333983151e-10,1.1957452915796821e-05,1.1986770403501075e-05,-2.9317487704253993e-08,2.3767557882949466e-11,0
282,4.8329654204600288e-10,5.8389541320730265e-07,5.2866151397205687e-07,5.5233899235245780e-08,3.0620529944566642e-11,0
283,2.4443069827181515e-10,-3.7094405288606164e-05,-3.7117157870128642e-05,2.2752581522478570e-08,9.1626648275575042e-11,0
284,1.9963424842194753e-10,1.5702160697753098e-05,1.5683123785937940e-05,1.9036911815158153e-08,2.9461042519404751e-11,0
285,-3.8201004829892769e-11,6.8907026432544084e-06,6.8911140492331776e-06,-4.1140597876923157e-10,2.6600003471187731e-11,0
286,-2.3886584453637180e-10,-3.7678496148253315e-05,-3.7652703564661437e-05,-2.5792583591877527e-08,5.0641905110261967e-11,0
287,-2.8366229447368345e-10,1.5118299801470704e-05,1.5151627402425302e-05,-3.3327600954598003e-08,3.2886189427608264e-11,0
288,-5.2149754788626253e-10,6.3067659147389432e-06,6.3679231996273173e-06,-6.1157284888374079e-08,3.2198725724033190e-11,0
289,-4.4796449923510307e-11,5.2796656759983339e-05,5.2804929319471933e-05,-8.2725594885936699e-09,6.2809208113080885e-11,0
290,-2.8263170330916769e-10,4.3985289902249633e-05,4.4014108557586452e-05,-2.8818655336819324e-08,1.0469956978266657e-10,0
291,-2.3783525337074514e-10,-8.8114865065373749e-06,-8.7950316788189305e-06,-1.6454827718444351e-08,3.4063250423386301e-11,0
292,2.4503612354617534e-10,-1.7617219264938477e-04,-1.7617805734078583e-04,5.8646914010524690e-09,2.5895273030038047e-11,0
293,5.0965164792104089e-11,1.3711407952795803e-06,1.3689017349352229e-06,2.2390603443574102e-09,1.8992666373364970e-11,0
294,-1.9407095875093625e-10,1.7754329696043807e-04,1.7754246457602190e-04,8.3238441616825809e-10,9.2248133669512859e-12,0
295,-1.9755635048558585e-10,3.5471843987597285e-06,3.5239342823485468e-06,2.3250116411181712e-08,4.7817697867730374e-11,0
296,1.5050571088142466e-10,-2.0651049474500915e-05,-2.0640891841451115e-05,-1.0157633049799895e-08,2.8378019931571963e-11,0
297,3.3111002129082687e-10,-1.7617255368347195e-04,-1.7617713287382286e-04,4.5791903509079940e-09,4.1396918171290796e-11,0
298,6.1008117524445559e-11,1.3708622223419136e-06,1.3690279778957997e-06,1.8342444461138834e-09,2.8379061941922930e-11,0
299,-2.7010190372141849e-10,1.7754334816120912e-04,1.7754166671671780e-04,1.6814444913184397e-09,2.0970183753752170e-11,0
300,-3.0858972087572108e-10,5.0603943458921857e-06,5.0823677458193469e-06,-2.1973399927161125e-08,2.1293684780082437e-11,0
301,1.7186538228646341e-10,5.5991141519719581e-06,5.6160727041944690e-06,-1.6958552222510899e-08,2.1636359487070279e-11,0
302,4.8045510229504766e-10,5.3871004802863443e-07,5.2874364274336356e-07,9.9664052852708612e-09,3.0183434738077968e-11,0
303,7.2813007286940326e-10,-2.9207161502918522e-06,-2.9408622664992304e-06,2.0146116207378254e-08,3.9179654707365990e-11,0
304,-4.3249447912349788e-11,5.2806896906629555e-05,5.2805208658714324e-05,1.6882479152315446e-09,9.6501304781071064e-11,0
305,-9.6184298672686471e-11,2.9322047906895493e-05,2.9345471018926564e-05,-2.3423112031071332e-08,6.5141664699342923e-11,0
306,-5.2934850779971580e-11,-2.3484687871000443e-05,-2.3455445861235744e-05,-2.9242009764698695e-08,1.1451198706199532e-11,0
307,-3.4477895288502094e-12,6.8928413140588798e-06,6.8919295428155308e-06,9.1177124334906342e-10,1.4619569182730111e-11,0
308,-2.7878533624598689e-10,6.0428651116103266e-06,6.0556118248561341e-06,-1.2746713245807525e-08,3.4988278748997305e-11,0
309,5.5010536727877279e-10,1.5212571282882670e-07,1.4022883321889468e-07,1.1896879609932016e-08,1.6126212672383714e-11,0
310,1.5024748710016051e-10,1.7734336933496880e-05,1.7691262503887348e-05,4.3074429609532479e-08,1.8524781142482398e-11,0
311,1.1842708363757885e-10,-5.7656255237053394e-06,-5.7570719843112155e-06,-8.5535393941239344e-09,1.1062670861520814e-11,0
312,-3.1820404122104111e-11,-2.3499991187531100e-05,-2.3455353133036012e-05,-4.4638054495087942e-08,1.0171923347352029e-11,0
313,1.4972076345086669e-10,-1.7617463565900663e-04,-1.7617847898577691e-04,3.8433267702804412e-09,1.9527141254048146e-11,0
314,-3.1422806621550957e-10,5.0827780570233266e-06,5.0821646530159791e-06,6.1340400734755091e-10,2.0184009618927091e-11,0
315,9.6109510060570785e-11,5.5994963563035099e-06,5.6153420163364366e-06,-1.5845660032926665e-08,1.4830829716548504e-11,0
316,3.3347331084603849e-11,-3.1990404601960846e-05,-3.2028302462875227e-05,3.7897860914380915e-08,3.3215871317786077e-11,0
317,-2.4780135004466158e-10,1.2022259673166637e-05,1.1987572934555607e-05,3.4686738611030749e-08,2.5150759174234087e-11,0
318,4.1033757607539508e-10,5.1670593211386451e-07,5.2822412151241387e-07,-1.1518189398549365e-08,2.5080613152225884e-11,0
320,6.6426716178553567e-11,6.9394471171775607e-06,6.8927122910420432e-06,4.6734826135517468e-08,2.7869234803789800e-11,0
321,-6.2762177987411101e-11,-3.7589932517907709e-05,-3.7650967103785001e-05,6.1034585877291843e-08,3.4986986490779989e-11,0
322,-3.4391085840002855e-10,6.4227468782561414e-06,6.3699260871484307e-06,5.2820791107710698e-08,2.9493997027873731e-11,0
325,5.0743977422763839e-10,5.6229450498979788e-06,5.6190544205537482e-06,3.8906293442306651e-09,1.4568724777418194e-11,0
326,2.2715195563226722e-10,-4.0519046579884192e-06,-4.0426990095858092e-06,-9.2056484026100099e-09,2.3427544672543366e-11,0
327,1.7713242067253624e-10,-1.8023015556041175e-04,-1.8021939336885124e-04,-1.0762191560511909e-08,1.0995048827414493e-11,0
328,-5.9139321525078877e-11,-3.2029735553407694e-05,-3.2029176250196784e-05,-5.5930321090941638e-10,4.2632060703666397e-11,0
329,-7.9944824410728058e-11,2.0775766746621710e-05,2.0775947255898890e-05,-1.8050927717960645e-10,9.5459080099700016e-12,0
330,2.2495252087405825e-10,1.2525015643258600e-07,1.3723264271492190e-07,-1.1982486282335904e-08,2.4572387296245017e-11,0
331,2.2495081695279074e-10,-2.6825460793474844e-06,-2.6765530446733173e-06,-5.9930346741670326e-09,8.5324413228381052e-12,0
332,-2.8028781952128693e-10,-9.6747402326190050e-06,-9.6607591033402661e-06,-1.3981129278738892e-08,2.9304296662309807e-11,0
333,-3.3030735420858918e-10,-1.8585311023043387e-04,-1.8583287602970039e-04,-2.0234200733476116e-08,1.3887537230964261e-11,0
334,-5.6657909594067860e-10,-3.7652604631593055e-05,-3.7655501884946035e-05,2.8972533529803284e-09,3.8249837571275940e-11,0
335,-5.8738459883857525e-10,1.5152799149660556e-05,1.5149517390450145e-05,3.2817592104114959e-09,1.3342799866226054e-11,0
336,-2.8248725424092044e-10,-5.4977510861413392e-06,-5.4839310752824926e-06,-1.3820010858846659e-08,3.3416195782110462e-11,0
337,-2.8248895816355884e-10,-8.3055192962068480e-06,-8.3003753101360138e-06,-5.1439860708342536e-09,1.2355687990417785e-11,0
338,-5.0019534797036104e-11,-1.7617832137395428e-04,-1.7618005737203590e-04,1.7359980816148562e-09,1.8214635296892419e-11,0
339,-3.0709677961489188e-10,2.4827608557941722e-05,2.4818531035156049e-05,9.0775227856722230e-09,1.7409525454885629e-11,0
340,-2.1994347372007371e-12,4.1770675555732883e-06,4.1776494152014378e-06,-5.8185962814945893e-10,2.7069788963810109e-11,0
341,-2.2011386605740292e-12,1.3693393805247478e-06,1.3685863167081028e-06,7.5306381664494917e-10,1.0119822646527157e-11,0
342,-2.5707724539619680e-10,2.0100593168366487e-04,2.0099841041464623e-04,7.5212690186469023e-09,7.0095743233686052e-12,0
343,4.7820100359259541e-11,1.8035540583478428e-04,1.8035342786356455e-04,1.9779712197287840e-09,1.9991138827602612e-11,0
344,4.7818396440163413e-11,1.7754762563203762e-04,1.7754415094130703e-04,3.4746907305908351e-09,7.0871882787469404e-12,0
345,2.8629127716614769e-10,2.7977785460647688e-05,2.7986848334782318e-05,-9.0628741346293748e-09,6.1951578550196376e-11,0
346,2.3627174220469296e-10,-1.4820050760442662e-04,-1.4819239361563220e-04,-8.1139887944138827e-09,3.8317105502762618e-11,0
347,-2.0805502886112334e-11,5.2805401206032759e-05,5.2805693522402030e-05,-2.9231636927110234e-10,3.7523784907700606e-11,0
348,2.8409184240508964e-10,3.2154898725210304e-05,3.2164272825576623e-05,-9.3741003663188075e-09,4.6365659846907602e-11,0
349,2.8409013848311495e-10,2.9347126347866077e-05,2.9348917202099252e-05,-1.7908542331743986e-09,2.4230485660393871e-11,0
350,3.0489734512561892e-10,-2.0650507795697008e-05,-2.0639899495707973e-05,-1.0608299989035570e-08,1.9084853892288897e-11,0
351,3.0489564120505560e-10,-2.3458297265897822e-05,-2.3452488852492535e-05,-5.8084134052865618e-09,6.9819873215019532e-12,0
353,-4.3430154969958937e-11,6.8922865278425640e-06,6.8919297453451937e-06,3.5678249737029321e-10,2.8033952878124320e-11,0
354,5.2789687561456422e-10,5.6173713398829125e-06,5.6192201081563801e-06,-1.8487682734675626e-09,2.1560144458411850e-11,0
355,4.2697677158221778e-10,-4.0443890871608504e-06,-4.0409374178568122e-06,-3.4516693040382020e-09,3.7617376523373665e-11,0
356,2.6788057056396323e-10,-1.8022992898370643e-04,-1.8021848439707638e-04,-1.1444586630053773e-08,2.6244147379545285e-11,0
357,-5.4111860597175316e-11,2.0778205442062176e-05,2.0776262870224204e-05,1.9425718379725387e-09,1.5548100494663150e-11,0
358,-1.0092010408261993e-10,-9.6618009767981267e-06,-9.6591541344900175e-06,-2.6468423081091541e-09,3.9706494033453753e-11,0
359,-2.6001630508753058e-10,-1.8584735953503613e-04,-1.8583214103608654e-04,-1.5218498949584342e-08,1.9970769123943448e-11,0
360,-5.8200873622611585e-10,1.5160746196278118e-05,1.5149689246098330e-05,1.1056950179788350e-08,2.2793394854289257e-11,0
361,-1.5909620061719386e-10,-1.7618555239946009e-04,-1.7618090918178586e-04,-4.6432176742275226e-09,1.9468887854643706e-11,0
362,-4.8108863116033385e-10,2.4822494116383525e-05,2.4817086194707262e-05,5.4079216762628688e-09,5.0647986449767168e-11,0
363,-3.2199243147286494e-10,2.0100811325106382e-04,2.0099781995563151e-04,1.0293295432315091e-08,2.5923831363184661e-11,0
364,-3.2004055994999313e-11,2.0115163942165636e-06,2.0130357230580088e-06,-1.5193288414452038e-09,2.2458684606001075e-11,0
365,-1.1614355848335408e-10,8.9000739823918811e-06,8.8992637286783211e-06,8.1025371355991399e-10,2.2479989818322991e-11,0
366,-8.4139502500959426e-11,6.8885797318944675e-06,6.8917266203639167e-06,-3.1468884694492297e-09,1.6808101195464382e-11,0
367,-3.1982437622714171e-10,3.5223329896568421e-06,3.5228227786321790e-06,-4.8978897533689071e-10,3.2556338229784688e-11,0
368,1.2845499981573344e-10,-3.7115687837279213e-05,-3.7117710858985842e-05,2.0230217066293096e-09,3.8497080976599175e-11,0
369,-9.4718935528695428e-12,6.8931893792527343e-06,6.8925878847812392e-06,6.0149447149513146e-10,9.7036677661084364e-12,0
370,-1.3792689337200188e-10,4.4008891524097496e-05,4.4016120228603630e-05,-7.2287045061340057e-09,4.0932362165957105e-11,0
371,-9.3907698845295420e-11,-1.8584538985980050e-04,-1.8583049461240805e-04,-1.4895247392443783e-08,2.7309532556643990e-11,0
372,-4.6291819498524983e-10,1.5152830077079169e-05,1.5150946581302654e-05,1.8834957765147942e-09,2.4509108786537235e-11,0
373,-3.6901049618729321e-10,2.0099814784270680e-04,2.0099739205391799e-04,7.5578878881233172e-10,2.9779893780901249e-11,0
374,-1.6320538198642016e-10,1.9893417845494310e-06,2.0116969713509574e-06,-2.2355186801526371e-08,1.8392060078816904e-11,0
375,-8.0275494261428626e-11,-3.5127669065370196e-05,-3.5118058962361609e-05,-9.6101030085861557e-09,6.0881327919426771e-11,0
376,-1.9726274942352418e-10,8.8816516691288955e-06,8.8987548594520641e-06,-1.7103190323168631e-08,1.4993022872028614e-11,0
377,8.2929887910432565e-11,-3.7116932987140902e-05,-3.7118046066940572e-05,1.1130797996698164e-09,8.7602811034235933e-11,0
378,-3.4057367320528056e-11,6.8923153172626035e-06,6.8925546329716303e-06,-2.3931570902672696e-10,1.6142777101937340e-11,0
379,-1.1698725522051655e-10,4.4009151969671891e-05,4.4016419807429433e-05,-7.2678377575422491e-09,6.3734815091513786e-11,0
380,4.1446769091766059e-10,5.6314936979270230e-06,5.6181302022170307e-06,1.3363495709992315e-08,1.6353557929622933e-11,0
381,2.2323494452294761e-10,-4.0459700549593663e-06,-4.0429487821846583e-06,-3.0212727747080779e-09,3.1675583275561175e-11,0
382,2.2924044664690390e-10,-1.8022498510883098e-04,-1.8021859231196922e-04,-6.3927968617545627e-09,1.9002484449718768e-11,0
383,-8.2079838921967536e-11,2.0774539007722558e-05,2.0776242610147537e-05,-1.7036024249789410e-09,7.6266617746617881e-12,0
384,2.3799243839100388e-10,-2.6765293606473978e-06,-2.6765325997520123e-06,3.2391046144950866e-12,2.2489532181728995e-11,0
385,-1.9123274767951200e-10,-9.6775048335677807e-06,-9.6600493339904407e-06,-1.7455499577340069e-08,3.0728604257370923e-11,0
386,-1.8522724521793859e-10,-1.8585650907623937e-04,-1.8583118306136464e-04,-2.5326014874724277e-08,2.2505543892888387e-11,0
387,-4.9654753026087319e-10,1.5143030179753242e-05,1.5150822416220748e-05,-7.7922364675058099e-09,1.2143013498915425e-11,0
388,-1.7647525376321764e-10,-8.3079968682419660e-06,-8.2993939089256952e-06,-8.6029593162707184e-09,1.9298421464994922e-11,0
389,6.0055023955736414e-12,-1.7617901296998993e-04,-1.7617900338533826e-04,-9.5846516758469474e-12,1.3541564573639206e-11,0
390,-3.0531478275339412e-10,2.4820486097785338e-05,2.4819080592499733e-05,1.4055052856055972e-09,2.5921363850724365e-11,0
391,1.4757493906530814e-11,1.3694693204600785e-06,1.3688745309523592e-06,5.9478950771926645e-10,1.3767850296875446e-11,0
392,-3.1132028537916170e-10,2.0099952756486451e-04,2.0099791600671182e-04,1.6115581526860660e-09,1.5658067854519836e-11,0
393,8.7519916383824598e-12,1.7754847783317367e-04,1.7754338656781040e-04,5.0912653632654691e-09,8.8126416598448480e-12,0
394,3.2007227735846529e-10,-2.3451055966823911e-05,-2.3452774500361856e-05,1.7185335379452419e-09,1.5846094213747670e-11,0
395,1.1150284402369988e-10,-2.9580900034239382e-06,-2.9464988393907590e-06,-1.1591164033179287e-08,2.0237531656760975e-11,0
396,7.0065125174344729e-13,-2.2280335781922622e-06,-2.2436628768363237e-06,1.5629298644061496e-08,3.1897818693080452e-11,0
397,4.6589979671468961e-10,5.3228127590027735e-07,5.2913486037978795e-07,3.1464155204894017e-09,2.4633709579841937e-11,0
398,6.6400065661146251e-12,6.8953877678163723e-06,6.8933309806490998e-06,2.0567871672724880e-09,1.6000697349103966e-11,0
399,-4.5925979056321887e-10,6.3630754860101359e-06,6.3695752246714802e-06,-6.4997386613442284e-09,3.1598640408449052e-11,0
401,-8.0381694613487759e-10,-8.3348866636613617e-06,-8.3050810307268884e-06,-2.9805632934473228e-08,1.4234117412693903e-11,0
402,1.4885161815263447e-10,-3.0662102977708702e-06,-3.0782716679985782e-06,1.2061370227707983e-08,1.4257535541273119e-11,0
403,-1.4923075609965126e-11,-7.1445705373800877e-06,-7.1307548594335286e-06,-1.3815677946559096e-08,1.6702852160545814e-11,0
404,1.4612624794460937e-10,-1.8331450458066844e-04,-1.8330628473143477e-04,-8.2198492336706466e-09,1.1764114591375311e-11,0
405,6.3752088346110879e-11,-3.5106667295875375e-05,-3.5116658801849391e-05,9.9915059740166381e-09,6.3546756817486913e-11,0
406,2.0873185701778207e-11,1.7697736726746859e-05,1.7691096462826446e-05,6.6402639204132244e-09,1.0221629577419879e-11,0
407,2.5392217701919896e-11,-2.9650511768931909e-06,-2.9472911798407581e-06,-1.7759997052432726e-08,1.7690570795379139e-11,0
408,-1.6377469397435720e-10,-4.0783851205650201e-06,-4.0466754701575980e-06,-3.1709650407422118e-08,1.6735055497378216e-11,0
409,-2.7253703886605650e-12,-1.8024829310075638e-04,-1.8022038235660689e-04,-2.7910744149493892e-08,8.0141065843467012e-12,0
410,-8.5099529802354649e-11,-3.2040528922974536e-05,-3.2029603828006945e-05,-1.0925094967591091e-08,4.5709189611020386e-11,0
411,-1.2797843243317810e-10,2.0763932390980427e-05,2.0776131788344586e-05,-1.2199397364158840e-08,8.1004813894374269e-12,0
412,-1.2345940066281967e-10,1.0114438361678857e-07,1.3391789951359909e-07,-3.2773515896810520e-08,1.6394201439585051e-11,0
413,1.6104932344614561e-10,-1.7616989922345731e-04,-1.7617706366838325e-04,7.1644449259398828e-09,1.2057580378704260e-11,0
414,3.5796260504218949e-11,2.4842328510899653e-05,2.4822700771843488e-05,1.9627739056164771e-08,1.1864878050670168e-11,0
415,4.0315293320849110e-11,4.1795354064809117e-06,4.1783252015999099e-06,1.2102048810017687e-09,2.0219096528884295e-11,0
416,-1.2525306269512309e-10,2.0101223019292330e-04,2.0099960622518850e-04,1.2623967734793360e-08,6.9777065240275908e-12,0
417,-1.2073403016697945e-10,1.8034942274102947e-04,1.8035114783185045e-04,-1.7250908209787228e-09,1.1315867160893351e-11,0
418,-7.8675163975596459e-11,2.7962127718514015e-05,2.7983293797324928e-05,-2.1166078810912800e-08,6.5019286348655646e-11,0
419,8.2374159583144249e-11,-1.4820771996789002e-04,-1.4819298434716298e-04,-1.4735620727042344e-08,3.5672544257772349e-11,0
420,-4.2878902638317919e-11,5.2804448157597395e-05,5.2806286230834542e-05,-1.8380732371464279e-09,3.5647290762179352e-11,0
421,-3.8359870662741133e-11,3.2141700434532711e-05,3.2161365221570488e-05,-1.9664787037777093e-08,5.9854203107983125e-11,0
422,4.5190320058146285e-12,-2.0662796505461697e-05,-2.0643417575695131e-05,-1.9378929766566814e-08,1.3205291614976695e-11,0
423,1.3123613206734418e-10,2.0349535799577684e-06,2.0139923338913249e-06,2.0961246066443505e-08,2.5274789524030194e-11,0
424,2.2633213345737925e-10,-7.1244533453238001e-06,-7.1286236383463427e-06,4.1702930225425322e-09,1.9677850778102840e-11,0
426,2.8112535960046918e-10,-2.9366500440535653e-06,-2.9449723598646652e-06,8.3223158110998421e-09,1.9525182647788137e-11,0
427,3.0868705764349151e-11,8.9098656923091574e-06,8.9014255386316843e-06,8.4401536774731116e-09,1.9479143591606676e-11,0
428,9.5096000317018784e-11,-9.1593972739211285e-06,-9.1328324308843856e-06,-2.6564843036742952e-08,2.6420603586301440e-11,0
430,1.4988922645887549e-10,-4.9715900765706037e-06,-4.9548842325696722e-06,-1.6705844000931532e-08,2.5938184293891092e-11,0
431,-1.0036742635647073e-10,6.8749311945203936e-06,6.8929250671598920e-06,-1.7993872639498316e-08,1.9818289973034071e-11,0
433,5.4793226142988347e-11,4.1877759031829637e-06,4.1785165268065997e-06,9.2593763763639274e-09,1.8406812980114442e-11,0
434,-1.9546342695324254e-10,1.6034305339133158e-05,1.6025596139221873e-05,8.7091999112850907e-09,2.2724812326160184e-11,0
437,-2.5025665289029002e-10,1.1846557747504684e-05,1.1845300351262784e-05,1.2573962418994044e-09,2.1689266144667993e-11,0
438,3.7409832572878460e-10,-1.8022357158679544e-04,-1.8021681474939504e-04,-6.7568374004082533e-09,6.1646004646051307e-12,0
439,-3.2087327003994886e-11,-3.2029307830667248e-05,-3.2029164021430628e-05,-1.4380923662055947e-10,2.0521692467877522e-11,0
440,4.0618565268133701e-10,-1.4819423542177749e-04,-1.4818986299183179e-04,-4.3724299456972000e-09,3.7449089149995195e-11,0
441,-4.7001825514294123e-10,3.4908879724439290e-06,3.5214574089570081e-06,-3.0569436513079045e-08,5.7179546926345648e-11,0
442,-6.3193834126667751e-11,-3.2043570293230437e-05,-3.2029481796472423e-05,-1.4088496758014218e-08,6.2744087006203449e-11,0
443,-1.1089554969914918e-10,2.0757712152699379e-05,2.0776537099416658e-05,-1.8824946717279571e-08,1.5590456835830188e-11,0
444,-4.7701715577858471e-11,5.2801456259832756e-05,5.2806561701588741e-05,-5.1054417559844262e-09,5.0144141910433097e-11,0
445,-1.6955908680338158e-11,-3.0969351338203804e-06,-3.0797297854398437e-06,-1.7205348380536691e-08,2.3134128454865417e-11,0
447,1.8354824105303470e-10,-1.8330736940481464e-04,-1.8330551152270124e-04,-1.8578821133993263e-09,5.4282724173276988e-11,0
448,-1.1363554339621976e-10,1.7676306433494354e-05,1.7690387574468347e-05,-1.4081140973992370e-08,2.2848564622040391e-11,0
450,1.1350595316971113e-10,-4.0443282322390542e-06,-4.0444204243122063e-06,9.2192073152154311e-11,6.3397416516335176e-11,0
451,2.0050415010084131e-10,-1.8021044227430408e-04,-1.8021812882483996e-04,7.6865505358792753e-09,3.7929748989853708e-11,0
452,-9.6679634652100654e-11,2.0773237463836761e-05,2.0776806725539837e-05,-3.5692617030767771e-09,2.0521820627011601e-11,0
453,1.4686597621446075e-10,1.3801405670393896e-07,1.3628269316627837e-07,1.7313635376605928e-09,8.3525096722553388e-11,0
454,8.6998197080522850e-11,-1.7616613031242812e-04,-1.7617706126648268e-04,1.0930954054562923e-08,2.3900220904760690e-11,0
456,3.3360023069304341e-11,4.1822344655731859e-06,4.1784437915519400e-06,3.7906740212458289e-09,4.5248940034316959e-11,0
457,-2.9718378447103920e-10,2.0098368420921713e-04,2.0099804163972696e-04,-1.4357430509835244e-08,3.9790639826806242e-11,0
458,-5.3638174032467635e-11,1.8034832851930964e-04,1.8035128783032087e-04,-2.9593110112207614e-09,2.5825269883040380e-11,0
460,2.3610885198908500e-10,-3.7094943578582992e-05,-3.7116031333232600e-05,2.1087754649608140e-08,9.5474862496970315e-11,0
461,-5.6360835892165999e-11,6.8934195217654204e-06,6.8938570355874964e-06,-4.3751382207602205e-10,2.3994608296064246e-11,0
462,-2.9246968807937553e-10,4.3988467968195458e-05,4.4015688668018985e-05,-2.7220699823527091e-08,9.6823819844035693e-11,0
463,1.2206143380566697e-10,-3.7115021854147723e-05,-3.7116966987099960e-05,1.9451329522367266e-09,4.5122144649991150e-11,0
464,8.0027825649721858e-11,1.5689886993377773e-05,1.5685330346363203e-05,4.5566470145697036e-09,9.2334343976590727e-12,0
465,-2.3120669331827611e-11,6.8949139247736612e-06,6.8944038166553840e-06,5.1010811827720975e-10,1.0968337930898016e-11,0
466,-4.2033608170146817e-11,5.2804943176299910e-05,5.2806948917359689e-05,-2.0057410597790442e-09,2.1561009625812458e-11,0
467,-1.4518210314054762e-10,4.4009977831477483e-05,4.4017168046402432e-05,-7.1902149249489494e-09,5.0367181943721589e-11,0
468,-1.0314849497371191e-10,-8.7949895940554745e-06,-8.7937906720829707e-06,-1.1989219725038196e-09,9.9301999431995582e-12,0
469,1.1238597071718866e-10,-3.7114561796535057e-05,-3.7116917979025322e-05,2.3561824902650487e-09,5.6158052193015174e-11,0
470,-4.2344894794908291e-11,6.8944104515744403e-06,6.8945603704561171e-06,-1.4991888167683801e-10,1.4745454181549000e-11,0
471,-1.5473086550322349e-10,4.4008931819966568e-05,4.4017271452034904e-05,-8.3396320683362581e-09,5.1985176734141005e-11,0
472,1.7050884000541139e-11,-3.0953868423990935e-06,-3.0793825947772953e-06,-1.6004247621798189e-08,1.5178812467154822e-11,0
473,2.5513034297757263e-12,-7.1540571176895856e-06,-7.1309305950187447e-06,-2.3126522670840888e-08,2.2609416193676290e-11,0
474,1.1157402726510385e-10,-1.8332388155574593e-04,-1.8330583092552346e-04,-1.8050630222466151e-08,1.2057198875964695e-11,0
475,-9.2672995288873848e-11,1.7677992663049646e-05,1.7690975582650961e-05,-1.2982919601314726e-08,1.2157082912524517e-11,0
476,3.5390962120516079e-11,-2.9742392745873286e-06,-2.9472325599583978e-06,-2.7006714628930771e-08,2.3598000402423614e-11,0
477,-1.4499580053870388e-11,-4.0586777751224108e-06,-4.0457895266488152e-06,-1.2888248473595658e-08,2.2282533239998643e-11,0
478,9.4523143653248543e-11,-1.8022851337746873e-04,-1.8021877824454528e-04,-9.7351329234540099e-09,1.0652515942822053e-11,0
479,-1.0972387927385702e-10,2.0773375963411850e-05,2.0776990085786220e-05,-3.6141223743695451e-09,1.0863723874324467e-11,0
480,1.8340078626884296e-11,1.2114028656107570e-07,1.3504263995581603e-07,-1.3902353394740327e-08,2.2321782394011928e-11,0
481,1.0902272365311103e-10,-1.7616979007830345e-04,-1.7617633855524097e-04,6.5484769375188760e-09,1.6839809278009607e-11,0
482,-9.5224299431281905e-11,2.4832127629538931e-05,2.4822682871065508e-05,9.4447584734238784e-09,1.9701132173092643e-11,0
483,3.2839658678321057e-11,4.1798967586403424e-06,4.1785796791837653e-06,1.3170794565771289e-09,3.0449346085277370e-11,0
484,-2.0424702301649958e-10,2.0100184282370050e-04,2.0099888525430072e-04,2.9575693997812777e-09,9.5841338783970790e-12,0
485,-7.6183064996368348e-11,1.8034961253324169e-04,1.8035071942166541e-04,-1.1068884237192076e-09,1.5712442336599176e-11,0
486,1.2806395812052863e-10,-2.0652221034850652e-05,-2.0643172091096370e-05,-9.0489437542815910e-09,1.7678944703864050e-11,0
487,4.8253074781964101e-11,-3.0857745035358514e-06,-3.0790797203239524e-06,-6.6947832118989519e-09,1.3972226079538391e-11,0
488,-8.0300809720868431e-11,1.9981441893753005e-06,2.0115024008967664e-06,-1.3358211521465965e-08,1.1213382943483347e-11,0
489,1.4361366556161234e-10,-7.1200154951231963e-06,-7.1297219711168438e-06,9.7064759936475446e-09,2.3010841015034794e-11,0
490,-6.6443085457979128e-12,-3.5118060470217156e-05,-3.5117081842021254e-05,-9.7862819590225541e-10,4.0356791765630173e-11,0
491,-5.1087657688173459e-11,1.7686787588492084e-05,1.7691554454477713e-05,-4.7668659856286261e-09,1.4645229980051989e-11,0
492,1.8184894230932985e-10,-2.9268104163966344e-06,-2.9459082649127351e-06,1.9097848516100756e-08,2.5626602848329885e-11,0
493,-1.3021852135865919e-10,8.8924730177811218e-06,8.9008484063238453e-06,-8.3753885427235216e-09,1.0049178468883536e-11,0
494,-1.2855388454645653e-10,5.0838927200722549e-06,5.0824249545195026e-06,1.4677655527522789e-09,1.4532165456822623e-11,0
495,9.5360591038042456e-11,-4.0342084570103159e-06,-4.0448946299345864e-06,1.0686172924270476e-08,1.2847049925032819e-11,0
496,-5.4897383298169169e-11,-3.2032360313211106e-05,-3.2029589850665335e-05,-2.7704625457704323e-09,2.8810100380925621e-11,0
497,-9.9340732436244934e-11,2.0772553812873663e-05,2.0777237049548262e-05,-4.6832366745989549e-09,8.6660948912944882e-12,0
498,1.3359586777287120e-10,1.5892472975814753e-07,1.3605418658127448e-07,2.2870543176873056e-08,1.1103565448295555e-11,0
499,-1.7847159613988844e-10,1.1978257812562260e-05,1.1989555943585147e-05,-1.1298131022887146e-08,1.9615697716219626e-11,0
500,2.2391447580989350e-10,-9.1181180788182242e-06,-9.1315057439504005e-06,1.3387665132176305e-08,2.8658783901708419e-11,0
501,7.3656501299322410e-11,-3.7116179317993846e-05,-3.7117129882511800e-05,9.5056451795418832e-10,8.0538595817548182e-11,0
502,2.9213152167389075e-11,1.5688651305784617e-05,1.5685568824937456e-05,3.0824808471608442e-09,1.9939734340370902e-11,0
503,2.6214975253333636e-10,-4.9250132638182370e-06,-4.9533084946931035e-06,2.8295230874866519e-08,2.7888557208130139e-11,0
504,-4.9917711563457246e-11,6.8943217059374076e-06,6.8948306090997957e-06,-5.0890316238811446e-10,1.4952377691229643e-11,0
505,-1.9470132309884599e-10,2.4806770384752999e-05,2.4822037085689985e-05,-1.5266700936985726e-08,1.7069865575862497e-11,0
506,3.8235276757165928e-11,4.1931281416223050e-06,4.1786997846459858e-06,1.4428356976319156e-08,1.8706134566898097e-11,0
507,-2.7383218674538867e-10,1.6012440682670187e-05,1.6026110020277115e-05,-1.3669337606927502e-08,3.3885756427985961e-11,0
508,1.5025797445938637e-10,2.7998014433717675e-05,2.7985052968883420e-05,1.2961464834254286e-08,5.8817966944751385e-11,0
509,-4.4443349136298794e-11,5.2804917944184468e-05,5.2807351125013421e-05,-2.4331808289528674e-09,4.7941905147332305e-11,0
510,1.8849325118473857e-10,3.2191245600565049e-05,3.2163459731402263e-05,2.7785869162786454e-08,5.6428032735824634e-11,0
511,-1.2357421285675759e-10,4.4010499358787970e-05,4.4017749357037856e-05,-7.2499982498865859e-09,5.9949271544205495e-11,0
512,2.3293660040456171e-10,-2.0613624216231710e-05,-2.0642412126843916e-05,2.8787910612205792e-08,1.6117759640487687e-11,0
513,-7.9130863735833083e-11,-8.7943543730366770e-06,-8.7935688030962598e-06,-7.8556994041718104e-10,2.2850588083799404e-11,0
514,-3.1206746342803425e-10,1.1819332603933697e-05,1.1845649887167304e-05,-2.6317283233607641e-08,3.2331490437617700e-11,0
515,8.8035845403099084e-11,5.1017697059070610e-06,5.0842356744784025e-06,1.7534031428658529e-08,5.2602879503378842e-11,0
516,4.3541320723941088e-10,-4.0010312331861808e-06,-4.0419219495236825e-06,4.0890716337501648e-08,2.3309081695110721e-11,0
517,3.4080749510867576e-10,-1.8022245347575246e-04,-1.8021619931851332e-04,-6.2541572391316795e-09,9.8323036259397621e-12,0
518,-4.2365298686056994e-11,-3.2029646163674692e-05,-3.2029529702175658e-05,-1.1646149903422930e-10,2.6653262007690446e-11,0
519,-6.6045613826234190e-11,2.0777656109212568e-05,2.0777714095724441e-05,-5.7986511873089376e-11,6.7385476500585966e-12,0
520,4.3139326238612205e-10,1.4765995464023629e-07,1.3871999385064513e-07,8.9399607895911563e-09,2.2412771240040883e-11,0
521,3.4737736021277631e-10,-9.1027815197573109e-06,-9.1303455134405282e-06,2.7563993683217300e-08,6.0204769644926089e-11,0
522,2.5277164848552417e-10,-1.8532427954041485e-04,-1.8530592819376304e-04,-1.8351346651817278e-08,2.5950677707938890e-11,0
523,-1.3040114473483448e-10,-3.7131302319992968e-05,-3.7118839387059973e-05,-1.2462932932994181e-08,5.8444137487948852e-11,0
524,-1.5408145991726052e-10,1.5675848540791168e-05,1.5684270334193569e-05,-8.4217934024011709e-09,3.4560849163352274e-11,0
525,3.4335741541481893e-10,-4.9541578713003902e-06,-4.9524351812143847e-06,-1.7226900860054577e-09,3.8042660643068932e-11,0
526,-9.4605711586708878e-11,-1.7622143765382015e-04,-1.7617762392693962e-04,-4.3813726880527525e-08,1.0649642255249318e-11,0
527,-5.0145881979698109e-10,2.4778712509313308e-05,2.4819543905830613e-05,-4.0831396517304684e-08,1.5854396142072603e-11,0
528,-4.0199447786852131e-12,4.1486749991826756e-06,4.1783968607058009e-06,-2.9721861523125330e-08,2.5044165303855013e-11,0
529,-4.0685310870037740e-10,2.0100011544432229e-04,2.0099704206996992e-04,3.0733743523769265e-09,7.9359952931419851e-12,0
530,9.0585767125237070e-11,1.8037006304538056e-04,1.8035184191464874e-04,1.8221130731820674e-08,8.7047950425125810e-12,0
531,4.7777850583855532e-10,2.8028546516026265e-05,2.7987963913519239e-05,4.0582602507025742e-08,6.7906112303237840e-11,0
532,3.8317279374134350e-10,-1.4819286782667435e-04,-1.4818892354772310e-04,-3.9442789512484679e-09,4.6408264314043550e-11,0
533,-2.3680315145013040e-11,5.2807285460970384e-05,5.2807762576574022e-05,-4.7711560363753206e-10,2.7579717701406086e-11,0
534,4.7375856098324625e-10,3.2177195214163831e-05,3.2166059653024548e-05,1.1135561139283051e-08,3.6882901356006122e-11,0
535,4.9743887602432634e-10,-2.0630026998707737e-05,-2.0640228644166485e-05,1.0201645458748237e-08,1.5299982464839448e-11,0
536,5.5254443128567638e-11,8.9101223842598387e-06,8.9027773354108704e-06,7.3450488489682647e-09,1.5064492346792221e-11,0
537,-9.4836021591159491e-11,-1.7618281709134119e-04,-1.7617750288543324e-04,-5.3142059079527675e-09,2.8124568957400221e-11,0
538,-3.6751443496216793e-10,2.4823811575643701e-05,2.4820882131771678e-05,2.9294438720227269e-09,4.3742690090565760e-11,0
539,-2.7267841448773972e-10,2.0100671272883265e-04,2.0099826151993294e-04,8.4512088997150490e-09,2.9258133011434627e-11,0
540,7.2580941637341347e-11,2.0139557956383100e-06,2.0126574290321164e-06,1.2983666061936278e-09,2.4372794852600948e-11,0
541,-2.9937125782421220e-11,8.9043322746563112e-06,8.9021274813117961e-06,2.2047933445150630e-09,2.2469166129112552e-11,0
542,-1.0251806747239557e-10,6.8903213185792303e-06,6.8949516498686699e-06,-4.6303312894395676e-09,1.7173787014500075e-11,0
544,2.1840964277350518e-10,-1.7616898678035923e-04,-1.7617444226792833e-04,5.4554875691004579e-09,1.6351836618520597e-11,0
547,-2.9992490811349492e-10,2.7926049501390132e-05,2.7980820009331535e-05,-5.4770507941402310e-08,6.9358440199887249e-11,0
548,-8.1515265389708122e-11,-1.4824302398057029e-04,-1.4819289514172063e-04,-5.0128838849665056e-08,6.3406939601458082e-11,0
549,-4.0764316769651597e-11,5.2821352034463634e-05,5.2807855352873624e-05,1.3496681590009362e-08,9.9578677979283836e-11,0
550,4.9687478563004753e-10,-2.9436050909929790e-06,-2.9430624158182389e-06,-5.4267517474008387e-10,1.5037882031893496e-11,0
551,-6.7080023643401679e-11,6.8959093944691329e-06,6.8955002923814775e-06,4.0910208765542952e-10,2.0587526604844587e-11,0
552,4.0105281915520946e-10,-4.0361331493966868e-06,-4.0424401867596542e-06,6.3070373629674418e-09,4.2955040282579036e-11,0
553,1.9058203786543519e-10,-1.8023010319288910e-04,-1.8021725028517343e-04,-1.2852907715671553e-08,1.4805692411766796e-11,0
554,-6.9097244024696949e-11,-3.2027197771685324e-05,-3.2029866033768429e-05,2.6682620831052135e-09,4.2832229594376061e-11,0
555,-7.0054047393850193e-11,2.0787406173111179e-05,2.0777980239014814e-05,9.4259340963657936e-09,9.8476773229117078e-12,0
556,3.5956100702544968e-10,1.3024928973131428e-07,1.3799517421007281e-07,-7.7458844787585312e-09,5.1301073448757714e-11,0
557,-2.1047078067292198e-10,-1.7619394790342920e-04,-1.7617815362132067e-04,-1.5794282108528776e-08,1.3857494399727689e-11,0
558,-4.7110686461217682e-10,2.4823565268532275e-05,2.4820332545412058e-05,3.2327231202173093e-09,2.3861285113398058e-11,0
559,-4.1491812066647845e-11,4.1663586829287363e-06,4.1781971313261407e-06,-1.1838448397404314e-08,2.7156803078590071e-11,0
560,-2.6063608630060469e-10,2.0101751235631141e-04,2.0099837003753770e-04,1.9142318773710323e-08,9.6471421755421725e-12,0
561,1.6897896960210388e-10,1.8036027801833499e-04,1.8035219033370829e-04,8.0876846266940330e-09,1.4813278159797957e-11,0
562,4.7015006258890216e-10,2.7990959791978839e-05,2.7987779253467734e-05,3.1805385111053437e-09,7.3249930594925335e-11,0
563,2.5967928149187506e-10,-1.4820297999744610e-04,-1.4818965246534151e-04,-1.3327532104588950e-08,4.3827076539881248e-11,0
564,-9.5680337638804870e-13,5.2814573815492937e-05,5.2808355600827030e-05,6.2182146659070666e-09,3.5311043132971351e-11,0
565,4.2865825047740585e-10,3.2157389272957941e-05,3.2165661209320038e-05,-8.2719363620975214e-09,6.5368755681418452e-11,0
566,4.2961505311756131e-10,-2.0657180714175926e-05,-2.0641228766705328e-05,-1.5951947470597744e-08,2.6171571881087735e-11,0
567,-3.3079764155029691e-10,3.5376322238336866e-06,3.5227230238098257e-06,1.4909200023860894e-08,5.7676524382885386e-11,0
568,-5.3611321281496733e-10,5.0715404892045460e-06,5.0781923036254420e-06,-6.6518144208959514e-09,1.9786069593027646e-11,0
569,1.9185720190077743e-10,-1.7616755560095378e-04,-1.7617429538447884e-04,6.7397835250607684e-09,1.2737629156563569e-11,0
570,1.3994109988484919e-10,2.4851654067768042e-05,2.4826084022568738e-05,2.5570045199304193e-08,1.7927653252739293e-11,0
571,-5.1916101751305530e-11,2.0101920761448656e-04,2.0100026697212565e-04,1.8940642360917121e-08,9.4588194060161176e-12,0
572,-1.8207583981058123e-10,2.7954930531547822e-05,2.7981805834749357e-05,-2.6875303201534967e-08,7.3258559113814265e-11,0
573,9.7813621426226220e-12,-1.4821257114063999e-04,-1.4819177323182556e-04,-2.0797908814422505e-08,4.0880132759513979e-11,0
574,-4.2134739019555315e-11,5.2806650512245899e-05,5.2808129458216262e-05,-1.4789459703627131e-09,5.4210425624059633e-11,0
575,1.5559716324955099e-11,5.0931455370800682e-06,5.0830602224981541e-06,1.0085314581914177e-08,3.2194700471984637e-11,0
576,2.2200060673149428e-10,-1.8022176880793002e-04,-1.8021668731396052e-04,-5.0814939695019001e-09,1.5913156942072907e-11,0
577,-9.1188597335993794e-11,2.0776828913025424e-05,2.0778054794014388e-05,-1.2258809889642780e-09,1.3320017711470885e-11,0
578,2.0644088968774436e-10,-1.8531483755628584e-04,-1.8530522341645041e-04,-9.6141398354281961e-09,5.3013146245096672e-11,0
579,-1.0674831396717494e-10,1.5683636492709943e-05,1.5685901346763211e-05,-2.2648540532679438e-09,2.7564768098464936e-11,0
580,-3.1318920379823277e-10,2.0099856266512020e-04,2.0099789119077188e-04,6.7147434831891888e-10,1.7013768196917911e-11,0
581,2.2444934822617708e-10,-7.1269898526855890e-06,-7.1293616721172249e-06,2.3718194316358352e-09,1.4294782979554005e-11,0
582,2.8252221410805452e-10,-2.9409677779375365e-06,-2.9450292039589623e-06,4.0614260214258399e-09,1.3058891096129300e-11,0
583,1.1569763400079332e-10,8.9172224206676004e-06,8.9040434448729448e-06,1.3178975794655610e-08,1.3741890284206565e-11,0
584,5.8072865872801316e-11,4.1860489598476679e-06,4.1792410721914664e-06,6.8078876562015106e-09,1.9390493742595883e-11,0
585,-1.0875171351931651e-10,1.6044201983190804e-05,1.6028936844663833e-05,1.5265138526970585e-08,2.8356326863687216e-11,0
586,-1.6682457918432405e-10,1.1858183603024610e-05,1.1847955876104608e-05,1.0227726920001781e-08,2.5382601924069531e-11,0
587,7.7903943680738320e-11,-3.0873329946914246e-06,-3.0786928886921889e-06,-8.6401059992357817e-09,2.9307722322123347e-11,0
588,-7.9912495959478171e-11,1.9937672269786100e-06,2.0107696564912981e-06,-1.7002429512688109e-08,2.7376268790860780e-11,0
589,2.4035273191604996e-11,-3.5119737663005454e-05,-3.5116563975918647e-05,-3.1736870868075118e-09,6.9385790968136860e-11,0
590,-2.2790593548200913e-11,1.7686049430315140e-05,1.7693036935282376e-05,-6.9875049672359058e-09,1.7509622589163276e-11,0
591,-1.3673678436504852e-10,8.8900712578929286e-06,8.9019414849813643e-06,-1.1870227088435682e-08,2.0617481992971859e-11,0
592,-1.5781643966809530e-10,5.0811654676401197e-06,5.0813142389581926e-06,-1.4877131807294192e-10,2.0701727678408456e-11,0
593,-5.3868670455747086e-11,-3.2032475812857411e-05,-3.2029867573817530e-05,-2.6082390398813942e-09,4.9121692288339828e-11,0
594,-1.0069453718694444e-10,2.0773415792916562e-05,2.0778155569292888e-05,-4.7397763763253129e-09,1.0362080774244275e-11,0
595,-2.1464072802392964e-10,1.1977432498391956e-05,1.1990027546179154e-05,-1.2595047787198566e-08,2.2888769725034019e-11,0
596,1.0394776929330693e-10,-3.7113522094258528e-05,-3.7116077665181254e-05,2.5555709227265263e-09,6.2718805131413621e-11,0
597,5.7121902576014326e-11,1.5692244186255293e-05,1.5687785875619575e-05,4.4583106357180119e-09,1.6920165610179999e-11,0
598,-5.6824288292431557e-11,6.8963003304358100e-06,6.8966470048804306e-06,-3.4667444462064862e-10,1.6293110074558892e-11,0
599,-4.6825866724086223e-11,5.2805800579191434e-05,5.2808518295209146e-05,-2.7177160177117637e-09,4.4766887429600488e-11,0
600,-1.6077205757264855e-10,4.4009944885414071e-05,4.4018490053393879e-05,-8.5451679798079542e-09,6.1983741783251141e-11,0
601,-1.1394619085656376e-10,-8.7959708184618887e-06,-8.7938754000257654e-06,-2.0954184361233422e-09,1.7746884046471699e-11,0
602,1.1651640722199170e-10,-3.0798531417976747e-06,-3.0783326655577412e-06,-1.5204762399335794e-09,2.6084592258885405e-11,0
603,1.4583706855222950e-10,-7.1260798512489711e-06,-7.1301869145507812e-06,4.1070633018101097e-09,4.0312790490628050e-11,0
604,2.7684746720620082e-10,-1.8324648872408440e-04,-1.8330304577727623e-04,5.6557053191837268e-08,2.6135334591772162e-11,0
605,9.9361959701644852e-12,1.7692626506861722e-05,1.7693430641733243e-05,-8.0413487152069109e-10,1.5276665248829957e-11,0
606,1.8790965263779159e-10,-2.9382360048979886e-06,-2.9458999687059367e-06,7.6639638079480741e-09,4.8195968969326933e-11,0
607,2.9320661401249433e-11,-4.0462270508084472e-06,-4.0461780372888841e-06,-4.9013519563045134e-11,2.5246816273026782e-11,0
608,1.6033106003227100e-10,-1.8016663318889785e-04,-1.8021697724739379e-04,5.0344058495941724e-08,9.5639171114360885e-12,0
609,-1.0658021124243320e-10,2.0772536418034622e-05,2.0778175145753068e-05,-5.6387277184457001e-09,7.0629279538021572e-12,0
610,7.1393245483391507e-11,1.4168664860814140e-07,1.3525045899341918e-07,6.4361896147222132e-09,1.5458496301010280e-11,0
611,1.3101039871253380e-10,-1.7612043794071244e-04,-1.7617413744741307e-04,5.3699506700631474e-08,2.3817745559487242e-11,0
612,-1.3590087241612409e-10,2.4818771897559128e-05,2.4824272719906159e-05,-5.5008223470310994e-09,1.9014579902111496e-11,0
613,4.2072584093007150e-11,4.1879681087252443e-06,4.1792022013555891e-06,8.7659073696552572e-09,3.5606759261834217e-11,0
614,-2.6691127099457176e-10,2.0093914015641319e-04,2.0099831081534501e-04,-5.9170658931817846e-08,8.7266050586936441e-12,0
615,-8.8937814689935048e-11,1.8030834107088389e-04,1.8034921136802115e-04,-4.0870297137260035e-08,1.2873882349979561e-11,0
616,1.7797345695243454e-10,-2.0630821599988344e-05,-2.0644184340318730e-05,1.3362740330385726e-08,1.2349477609663772e-11,0
617,-1.6079749346792183e-10,5.0827466104210600e-06,5.0811213408827441e-06,1.6252695383158939e-09,6.8377160476049646e-12,0
618,-4.9447620039767364e-11,-3.2031365982693660e-05,-3.2029883730653856e-05,-1.4822520398040905e-09,1.3828752899864625e-11,0
619,-9.5600673211195553e-11,2.0775374564678973e-05,2.0778384579762943e-05,-3.0100150839700024e-09,4.8861121095475546e-12,0
620,-2.0433252566659545e-10,1.1980215230620629e-05,1.1990278359557240e-05,-1.0063128936611118e-08,7.1039792483416408e-12,0
621,1.1134987348388539e-10,-3.7114035417668348e-05,-3.7115857894257423e-05,1.8224765890753440e-09,3.1231061034788441e-11,0
622,6.5196820332109531e-11,1.5692631807702820e-05,1.5688244648753140e-05,4.3871589496803328e-09,8.9791182373736155e-12,0
623,-4.3535032138402904e-11,6.8974830065686183e-06,6.8971366613223175e-06,3.4634524630077249e-10,8.1969540987466558e-12,0
624,-4.6153053166348007e-11,5.2806710528779987e-05,5.2808757756096897e-05,-2.0472273169102250e-09,2.1552640244770286e-11,0
625,-1.5488490562631272e-10,4.4011517034013310e-05,4.4018755329823059e-05,-7.2382958097493228e-09,3.1000011743678018e-11,0
626,-1.0873185246438909e-10,-8.7951593088818683e-06,-8.7938260549255006e-06,-1.3332539563676630e-09,9.3985608169226265e-12,0
632,8.5223076629599485e-11,4.1875854983237665e-06,4.1796697053347505e-06,7.9157929890160669e-09,1.9589744495524227e-11,0
633,8.5716798705290989e-11,5.0984350957964525e-06,5.0832291116557637e-06,1.5205984140688763e-08,3.2654385670311913e-11,0
634,2.9386623277473704e-10,-1.8022121740661132e-04,-1.8021549663074825e-04,-5.7207758630641904e-09,9.0396487933214967e-12,0
635,-5.4430003910029926e-11,-3.2029988644197475e-05,-3.2029974299668018e-05,-1.4344529456942166e-11,1.8946348120233205e-11,0
636,-8.3204023974313306e-11,2.0778528571432225e-05,2.0778644078112889e-05,-1.1550668066332218e-10,7.1301679622466866e-12,0
637,2.0814943274697499e-10,-1.8531982979752559e-04,-1.8530418590106718e-04,-1.5643896458415393e-08,2.7459920840920109e-11,0
638,-1.4014680326466466e-10,-3.7128508278652661e-05,-3.7118021659321708e-05,-1.0486619330952714e-08,7.0693741407762197e-11,0
639,-1.6892082335902778e-10,1.5679925001630193e-05,1.5686425997343221e-05,-6.5009957130274330e-09,2.7859090902492544e-11,0
640,-3.7707025644851937e-10,2.0099976402602202e-04,2.0099730833243992e-04,2.4556935821027238e-09,7.5900214378433733e-12,0
641,3.4829623663327485e-10,-1.4819123918759745e-04,-1.4818782752228812e-04,-3.4116653093373920e-09,4.6266711884738373e-11,0
642,-2.8774020066846774e-11,5.2808502319161852e-05,5.2809103238303521e-05,-6.0091914166974505e-10,2.8977280750936325e-11,0
643,-3.6354655341581193e-10,3.5321036596144134e-06,3.5224253128013688e-06,9.6783468130445857e-09,2.8383107168172407e-11,0
644,2.3210158015605209e-11,-3.5928653193476046e-06,-3.6084096173255856e-06,1.5544297977981027e-08,4.9229886591776687e-11,0
645,1.1953735722610279e-10,5.9122943961084640e-07,5.9101368356201919e-07,2.1575604882720934e-10,5.8666794067451616e-11,0
646,3.8675671031692225e-10,-7.1250031915409684e-06,-7.1281402229142111e-06,3.1370313732427291e-09,1.0536572135259622e-11,0
647,4.8308390936446979e-10,-2.9408493652594361e-06,-2.9432304605816245e-06,2.3810953221883578e-09,1.0479873164906693e-11,0
648,9.6327199002920720e-11,4.1841122025398610e-06,4.1798336442687160e-06,4.2785582711450331e-09,1.3624037126857312e-11,0
649,-3.4304720909675579e-10,5.0818839816028569e-06,5.0792458235174079e-06,2.6381580854490188e-09,1.6026132705223728e-11,0
650,-6.4266616508395788e-12,-3.2024528491008623e-05,-3.2029566978354411e-05,5.0384873457879806e-09,2.8707232664386810e-11,0
651,-5.7446166118662170e-11,2.0787178319684515e-05,2.0778972472042411e-05,8.2058476421042461e-09,8.6398141404006866e-12,0
652,-3.2876062566069635e-10,1.1987669310649200e-05,1.1989354486852114e-05,-1.6851762029134474e-09,2.0742535417830871e-11,0
653,3.3662054731064976e-10,-3.7106428608316665e-05,-3.7113608855606525e-05,7.1802472898603240e-09,6.3880687158832926e-11,0
654,2.8560104288135510e-10,1.5705306101330453e-05,1.5690756693782958e-05,1.4549407547495628e-08,1.7126262618724895e-11,0
655,1.4286583486019128e-11,6.9058141784986843e-06,6.8981489211249992e-06,7.6652573736851171e-09,2.0495627963499421e-11,0
656,-5.1019504511082957e-11,5.2811641389234956e-05,5.2809021367608416e-05,2.6200216265404009e-09,3.9244632540073883e-11,0
657,-3.2233396420068172e-10,4.4012002436071918e-05,4.4017512470208795e-05,-5.5100341368771017e-09,8.4660140389767232e-11,0
658,-2.7131445973237541e-10,-8.7995021877452541e-06,-8.7953014835459744e-06,-4.2007041992796521e-09,2.0602857829577724e-11,0
659,2.2965707619820608e-10,-7.1367432014396610e-06,-7.1296126730562447e-06,-7.1305283834163403e-09,4.3610186151278580e-11,0
660,6.3953733013666434e-10,-1.8327551848702425e-04,-1.8329931778428128e-04,2.3799297257026198e-08,2.7500303024159728e-11,0
661,3.1276745620318929e-10,-2.9560355020753770e-06,-2.9447830323960180e-06,-1.1252469679359024e-08,4.7961233678366480e-11,0
662,4.0988025402416659e-10,-1.7613870914163186e-04,-1.7617093006959969e-04,3.2220927967830520e-08,3.8867604554560123e-11,0
663,8.3110380027628437e-11,4.1807611962765877e-06,4.1797561869142428e-06,1.0050093623449529e-09,5.4685762557059947e-11,0
664,-3.2676987369091530e-10,1.8031956575303900e-04,1.8034658166889592e-04,-2.7015915856921360e-08,3.5083246971256227e-11,0
665,-2.6941968099372599e-10,5.0560829724325546e-06,5.0798220706834962e-06,-2.3739098250941594e-08,2.1091248893766333e-11,0
666,-4.6136620986747600e-11,-3.2036519328880290e-05,-3.2029959603854509e-05,-6.5597250257815477e-09,3.8056239671694583e-11,0
667,-1.0007545592959526e-10,2.0762774621056225e-05,2.0778687511784712e-05,-1.5912890728487394e-08,1.7035264295415180e-11,0
668,-3.4967679086138049e-10,1.1952985758394152e-05,1.1989252542956838e-05,-3.6266784562685443e-08,2.2761344431393767e-11,0
669,2.2328306002412047e-10,-3.7092544467064170e-05,-3.7114553571255225e-05,2.2009104191055007e-08,9.1383143202702209e-11,0
670,1.6934422514255027e-10,1.5706693744101108e-05,1.5689916182269948e-05,1.6777561831160200e-08,2.4552592543648708e-11,0
671,-8.0257109652516845e-11,6.8969410701898159e-06,6.8974965237428257e-06,-5.5545355300972858e-10,2.3555627307854148e-11,0
672,-5.3938834938707348e-11,5.2799260447155237e-05,5.2809125829247807e-05,-9.8653820925702178e-09,5.0529387777692135e-11,0
673,-3.0354016985906621e-10,4.3989395489160005e-05,4.4017802200918495e-05,-2.8406711758489954e-08,9.1870273378894704e-11,0
674,-2.4960133490260072e-10,-8.8097992658343199e-06,-8.7951030048982490e-06,-1.4696260936070964e-08,2.6306726551274927e-11,0
675,6.6551500312556649e-11,-7.1430277904377393e-06,-7.1311363136373712e-06,-1.1891476800368039e-08,9.8522546982035960e-12,0
676,4.0946720474767625e-10,-1.8330530419174485e-04,-1.8330131543040814e-04,-3.9887613367155846e-09,9.8805369219298994e-12,0
677,1.3331264846127273e-10,-2.9629090717020468e-06,-2.9464183496475480e-06,-1.6490722054498718e-08,1.2586514809985727e-11,0
678,3.4291570474768767e-10,-1.7616226267457534e-04,-1.7617139239416437e-04,9.1297195890262511e-09,4.2379243928812581e-12,0
679,6.6761148234912005e-11,4.1801592211958023e-06,4.1796469696142075e-06,5.1225158159474732e-10,7.1624705840330439e-12,0
680,-2.7615455632674228e-10,1.8034240840189911e-04,1.8034693993703842e-04,-4.5315351393168668e-09,3.8909937801991338e-12,0
681,-2.4947384692046195e-10,3.5476366161586725e-06,3.5234623152101074e-06,2.4174300948565164e-08,4.5518013593177717e-11,0
682,2.7818635893555583e-10,-4.0313560658103431e-06,-4.0443374559245911e-06,1.2981390114247977e-08,2.9115010228410307e-11,0
683,1.2175895999867082e-10,-1.8022726585243450e-04,-1.8021668318069975e-04,-1.0582671734749288e-08,9.2258142755811040e-12,0
684,-8.3717517375313393e-11,-3.2028080310569310e-05,-3.2030352645648892e-05,2.2723350795813722e-09,2.9950914281630915e-11,0
685,-9.0337286152201432e-11,2.0786066749739485e-05,2.0778942715680750e-05,7.1240340587350073e-09,5.8877669037420975e-12,0
686,2.4629908296905397e-10,1.3278436026675083e-07,1.3669335243302076e-07,-3.9089921662699301e-09,2.7965348328969886e-11,0
687,-1.5642739821532843e-10,-1.7619590306861346e-04,-1.7617567774409862e-04,-2.0225324514841232e-08,1.0708562945598632e-11,0
688,-3.6852364253907599e-10,2.4817409275761180e-05,2.4823208434127105e-05,-5.7991583659247202e-09,1.7481227828300384e-11,0
689,-3.1887275896832616e-11,4.1641403892293989e-06,4.1788185534213036e-06,-1.4678164191904665e-08,1.9119408299015266e-11,0
690,-2.1209624699871387e-10,2.0101331817190538e-04,2.0099880656290555e-04,1.4511608999824349e-08,6.7893442900657720e-12,0
691,1.2454012327812973e-10,1.8036002987672876e-04,1.8035040582412980e-04,9.6240525989635568e-09,1.1153180793797221e-11,0
692,3.6190387570563227e-10,2.7996641730448912e-05,2.7986358156292766e-05,1.0283574156145923e-08,6.6620672755892053e-11,0
693,2.0547647694109781e-10,-1.4819923788380891e-04,-1.4818865288347555e-04,-1.0585000333353375e-08,4.3753113785836695e-11,0
694,-6.6197687676450342e-12,5.2814112002236464e-05,5.2809768869082702e-05,4.3431331537625070e-09,2.5688860650267829e-11,0
695,3.3001659975076233e-10,3.2160995988166335e-05,3.2164808264969900e-05,-3.8122768035648343e-09,8.9892901412784245e-11,0
696,3.3663636777092216e-10,-2.0653243652346272e-05,-2.0643527782353024e-05,-9.7158699932477287e-09,1.8207388406824420e-11,0
697,-8.2854932369434352e-11,6.8981472351332929e-06,6.8978106944350093e-06,3.3654069828359607e-10,2.6493238738031389e-11,0
698,-4.2830446438781851e-10,-4.0713343398678797e-06,-4.0508467620416379e-06,-2.0487577826241880e-08,1.8762246480857541e-11,0
699,-2.8096931720044127e-10,-1.8024183992225093e-04,-1.8022021159195514e-04,-2.1628330295784745e-08,8.7481096609716136e-12,0
700,-1.1156457070591475e-10,-3.2030938658535884e-05,-3.2030645139546287e-05,-2.9351898959728865e-10,4.6732603187970493e-11,0
701,-1.3611124474066804e-10,2.0788154295886714e-05,2.0778654169683155e-05,9.5001262035592816e-09,1.3173065905626456e-11,0
702,-4.0726363422657750e-10,1.0769497007200035e-07,1.3072172321393580e-07,-2.3026753141935447e-08,1.7541846451081277e-11,0
703,1.4733514696930759e-10,-1.7617048749004032e-04,-1.7617269556964070e-04,2.2080796003751905e-09,1.1543537914104496e-11,0
704,2.9219321853774958e-10,2.4859474558176081e-05,2.4829430989871679e-05,3.0043568304401826e-08,2.1501244558998400e-11,0
705,2.1040830148496229e-11,4.1790832028894449e-06,4.1793591196235660e-06,-2.7591673412102842e-10,2.0984376853630579e-11,0
706,1.4485807109153600e-10,2.0102996837223844e-04,2.0100205100584534e-04,2.7917366393100237e-08,1.1452317563080238e-11,0
707,-1.2629431671074442e-10,1.8034955353302910e-04,1.8034797199628243e-04,1.5815367466706122e-09,1.0886265258567683e-11,0
708,-3.1673989366606262e-10,2.7959590295651912e-05,2.7980140182794138e-05,-2.0549887142225589e-08,6.9060882504468295e-11,0
709,-1.6940474648135358e-10,-1.4821082117723837e-04,-1.4819189482249691e-04,-1.8926354741462606e-08,4.9448373346223831e-11,0
710,-2.4546674039020941e-11,5.2819125266209254e-05,5.2809768832500609e-05,9.3564337086448138e-09,6.6229397507187390e-11,0
711,-2.9569906350619587e-10,3.2138650099019020e-05,3.2159124932249477e-05,-2.0474833230457051e-08,8.0524031255463466e-11,0
712,-2.7115238968707482e-10,-2.0680430964196972e-05,-2.0649214727343635e-05,-3.1216236853337244e-08,2.2061580293932314e-11,0
713,-1.6468323643793571e-10,6.8884655328436441e-06,6.8974162512595165e-06,-8.9507184158724195e-09,2.2949736392745702e-11,0
714,-1.9014530681775967e-10,3.5507411552566925e-06,3.5240016540307913e-06,2.6739501225901281e-08,3.4463659001445416e-11,0
715,1.8597452638133093e-10,-3.0744251912130129e-06,-3.0775709529421006e-06,3.1457617290877391e-09,1.2325010016173211e-11,0
716,6.3627108214749169e-11,2.0058121339625295e-06,2.0111988136799614e-06,-5.3866797174318712e-09,9.9505251755763935e-12,0
717,1.4693057416280231e-10,-7.1293692774413407e-06,-7.1306766904280194e-06,1.3074129866787019e-09,1.8417841804290041e-11,0
718,3.0189153787459629e-10,-1.8325441679867965e-04,-1.8330167122054773e-04,4.7254421868075892e-08,1.4525565216476694e-11,0
719,1.2038789822790232e-10,-3.5109504936429873e-05,-3.5115403836067531e-05,5.8988996376579928e-09,3.9553454195776040e-11,0
720,7.3332574974677055e-11,1.7697470180447206e-05,1.7695368056920664e-05,2.1021235265416443e-09,7.8655254080157579e-12,0
721,1.9245949071504538e-10,-2.9436813537989451e-06,-2.9459068120045606e-06,2.2254582056155295e-09,2.2537955717197321e-11,0
722,-1.1514734900236955e-11,8.9028636836110432e-06,8.9044504223471505e-06,-1.5867387361072881e-09,8.7700540252134228e-12,0
723,-1.2234741813838899e-10,5.0802356320375081e-06,5.0806319989934692e-06,-3.9636695596114926e-10,1.6362658089158255e-11,0
724,-3.9043952350826228e-11,-4.0549072850900193e-06,-4.0475030781226251e-06,-7.4042069673941428e-09,1.2009664109234180e-11,0
725,1.1591701139937965e-10,-1.8017999526847087e-04,-1.8021630558946920e-04,3.6310320998333501e-08,1.1550207880935760e-11,0
726,-6.5586628161315453e-11,-3.2035103885319320e-05,-3.2030315543556443e-05,-4.7883417628771493e-09,3.0002619999188769e-11,0
727,-1.1264195141600242e-10,2.0771906502084492e-05,2.0779154078512060e-05,-7.2475764275681601e-09,4.8810440108101321e-12,0
728,6.4849642054916120e-12,1.3079088193122118e-07,1.3441498415000024e-07,-3.6241022187790606e-09,1.1768502295238289e-11,0
729,-1.9748926127193161e-10,1.1977290515060614e-05,1.1991135463129479e-05,-1.3844948068865234e-08,1.9709786169654716e-11,0
730,8.3303466018778354e-11,-9.1351007664164374e-06,-9.1323414551145696e-06,-2.7593113018678202e-09,2.5859221455699597e-11,0
731,2.3826442971094608e-10,-1.8526022955546971e-04,-1.8530237408708966e-04,4.2144531619945800e-08,2.4903186177903075e-11,0
732,5.6760790030015247e-11,-3.7115332186778599e-05,-3.7115582650163102e-05,2.5046338450235208e-10,7.4457058550872899e-11,0
733,9.7054667774144619e-12,1.5691665878121274e-05,1.5689690011272863e-05,1.9758668484115539e-09,1.0969390970352856e-11,0
734,1.2883238256754982e-10,-4.9494536961047428e-06,-4.9529417230674910e-06,3.4880269627482618e-09,2.7780353756224814e-11,0
735,-7.5141843105662471e-11,6.8970867227909072e-06,6.8987155723036959e-06,-1.6288495127887194e-09,1.6307919965625596e-11,0
736,1.5496096376655395e-10,-1.7612506465526211e-04,-1.7617213037678358e-04,4.7065721521467787e-08,1.6661613813373053e-11,0
737,-7.3597999009014018e-11,2.4826827501850390e-05,2.4826591248255964e-05,2.3625359442624961e-10,9.4252790836155282e-12,0
738,4.5528916556927986e-11,4.1856893934024732e-06,4.1797151866877634e-06,5.9742067147097288e-09,1.5821804953296360e-11,0
739,-1.5844530885750522e-10,1.6032184697367668e-05,1.6030645943107515e-05,1.5387542601531259e-09,2.8989089479004369e-11,0
740,-2.2855896258646647e-10,2.0095188507438487e-04,2.0099865519474541e-04,-4.6770120360541427e-08,9.0471398713854708e-12,0
741,-1.0943204729560405e-10,1.8031075716649697e-04,1.8034778034710052e-04,-3.7023180603554641e-08,1.1429818115882806e-11,0
742,-3.1340627238775350e-10,1.9215729257404494e-04,1.9221333671879602e-04,-5.6044144751074294e-08,2.4817626269008461e-11,0
743,2.6542675975809510e-11,2.7980151656828954e-05,2.7983151662210974e-05,-3.0000053820200437e-09,6.4958953544732333e-11,0
744,1.8150363967243490e-10,-1.4814484163012259e-04,-1.4818833194205698e-04,4.3490311934390622e-08,6.3240759820098846e-11,0
745,-4.7055323253277151e-11,5.2806972079526976e-05,5.2809930195272630e-05,-2.9581157456545510e-09,2.6310438729639648e-11,0
746,7.2071592523114827e-11,3.2165819709876163e-05,3.2162479168856769e-05,3.3405410193945457e-09,5.2235666928296325e-11,0
747,-1.3190263313330480e-10,4.4012399322921041e-05,4.4020035676338459e-05,-7.6363534174176111e-09,7.4073644646800289e-11,0
748,1.1912691587857362e-10,-2.0641128193853164e-05,-2.0646030049681891e-05,4.9018558287270862e-09,8.5802650800050644e-12,0
749,-8.4847309897806302e-11,-8.7945769553325875e-06,-8.7935990962743820e-06,-9.7785905820547232e-10,1.2264432073329472e-11,0
750,-2.0397422531096250e-10,1.1846515190974335e-05,1.1849224185631569e-05,-2.7089946572334103e-09,3.2243752342687096e-11,0
751,1.6146134881355729e-10,-3.0791402328181035e-06,-3.0777775596396200e-06,-1.3626731784835156e-09,2.3308594029932527e-11,0
752,6.7525529911074381e-12,1.9994405448973615e-06,2.0105798610449774e-06,-1.1139316147615912e-08,2.0971041930743557e-11,0
753,1.8387499376059225e-10,-7.0933862471745518e-06,-7.1304031102060188e-06,3.7016863031466956e-08,2.5102262030106498e-11,0
754,1.0066717636970955e-10,-3.5112975347060833e-05,-3.5115550031407375e-05,2.5746843465421958e-09,5.5679183542936980e-11,0
755,5.1937592476283271e-11,1.7694126332115298e-05,1.7695343170949915e-05,-1.2168388346166866e-09,1.6231686702195069e-11,0
756,-6.5679470170226407e-11,8.8978011985769989e-06,8.9041175435570087e-06,-6.3163449800097537e-09,1.6582308786928705e-11,0
757,-1.5470879582815158e-10,5.0786403553836762e-06,5.0802208796091616e-06,-1.5805242254854511e-09,1.6855760057888838e-11,0
758,2.2413644989150037e-11,-4.0141921494318833e-06,-4.0470320567440750e-06,3.2839907312191729e-08,2.9169614181218578e-11,0
759,-6.0794172436821243e-11,-3.2033920899327169e-05,-3.2030311716415046e-05,-3.6091829121222556e-09,3.9668637326739288e-11,0
760,-1.0952375633245852e-10,2.0773300915006426e-05,2.0779311279256107e-05,-6.0103642496802550e-09,9.5767797025856969e-12,0
761,-2.2714081898079617e-10,1.1976995910750049e-05,1.1990976709266259e-05,-1.3980798516210048e-08,1.7410864988445240e-11,0
762,1.7712244121968261e-10,-9.0928712450071697e-06,-9.1314605927140894e-06,3.8589347706919659e-08,3.7313100341785637e-11,0
763,9.3914623474717676e-11,-3.7112431713023572e-05,-3.7115137356385644e-05,2.7056433620720947e-09,5.8760201989478624e-11,0
764,4.5185039592446982e-11,1.5694693606981653e-05,1.5690284330637509e-05,4.4092763441440786e-09,1.5885231845645245e-11,0
765,-7.2432023089233970e-11,6.8982947885665776e-06,6.8990003411327019e-06,-7.0555256612428658e-10,1.5496232901595684e-11,0
766,-1.3193740095384576e-10,2.4787491899757111e-05,2.4826279241329498e-05,-3.8787341572386837e-08,2.3815868565220575e-11,0
767,-2.4955446356720868e-10,1.5991168477749035e-05,1.6030038168175649e-05,-3.8869690426613772e-08,3.6428394908394744e-11,0
769,-4.8729583892896268e-11,5.2807176787524057e-05,5.2810079544348489e-05,-2.9027568244314062e-09,4.4224596817665238e-11,0
770,-1.6634664655192594e-10,4.4010867493587090e-05,4.4019871900769621e-05,-9.0044071825311927e-09,5.1686540743151758e-11,0
771,-1.1761706266712344e-10,-8.7963209499377845e-06,-8.7938956263880408e-06,-2.4253235497436831e-09,1.5912585848064024e-11,0
772,1.9254406470898199e-10,-3.0809565182035419e-06,-3.0774763367173195e-06,-3.4801814862223725e-09,1.9657675717436339e-11,0
773,1.5751718003169363e-12,-7.1473603963437271e-06,-7.1321319109647144e-06,-1.5228485379012696e-08,2.7255029973124519e-11,0
774,1.6716438160040906e-10,-1.8331238668710566e-04,-1.8330258882254873e-04,-9.7978645569268916e-09,1.4799118394675330e-11,0
775,7.1673989946847829e-11,1.7692807193831449e-05,1.7695717513493759e-05,-2.9103196623097357e-09,1.3197887292227989e-11,0
776,4.1715103559416332e-11,-2.9665629306847852e-06,-2.9472900965324422e-06,-1.9272834152343001e-08,2.7114140080750466e-11,0
777,-1.9096889282403913e-10,-4.0664037605428471e-06,-4.0490726139586664e-06,-1.7331146584180768e-08,2.2201940814339348e-11,0
778,-2.5379683039335435e-11,-1.8023143033748211e-04,-1.8021730205594695e-04,-1.4128281535164726e-08,1.1951845413147102e-11,0
779,-1.2087007476500878e-10,2.0773784249152136e-05,2.0779356219195795e-05,-5.5719700436587935e-09,1.1864239375470750e-11,0
780,-1.5082896106373706e-10,1.1437044169192168e-07,1.3291916090912377e-07,-1.8548719217202094e-08,2.0547197979440074e-11,0
781,1.6558920968413802e-10,-1.7616504620326543e-04,-1.7617155452959087e-04,6.5083263254357617e-09,1.7085048166650608e-11,0
782,7.0098817462713646e-11,2.4840163386797946e-05,2.4828366822882481e-05,1.1796563915465546e-08,2.1303649179799047e-11,0
783,4.0139931764155171e-11,4.1808529069170802e-06,4.1797951715431698e-06,1.0577353739103863e-09,3.1667413017093343e-11,0
784,-9.5490392054060187e-11,2.0100521872726479e-04,2.0099986373939266e-04,5.3549878721299675e-09,1.0223499573902168e-11,0
785,-1.2544927795494050e-10,1.8034585467208153e-04,1.8034730137491295e-04,-1.4467028314245692e-09,1.6029219976131500e-11,0
786,-2.9958886065140392e-11,-2.0659446774713708e-05,-2.0647736396967395e-05,-1.1710377746312347e-08,1.8338396878418112e-11,0
787,8.5320657279407556e-11,5.0956572813405654e-06,5.0821097178746805e-06,1.3547563465884863e-08,3.2986708181124786e-11,0
788,2.3921958252992184e-10,-4.0262045238846633e-06,-4.0452809703641838e-06,1.9076446479520447e-08,2.3269522294049321e-11,0
789,2.3360017799238910e-10,-1.8021992101018881e-04,-1.8021476573042039e-04,-5.1552797684245328e-09,7.5957237268477947e-12,0
790,-6.7102575657582001e-11,-3.2030477925317218e-05,-3.2030468710136313e-05,-9.2151809051371422e-12,2.1909666406550252e-11,0
791,-1.0075570428555891e-10,2.0779586315934889e-05,2.0779714084018908e-05,-1.2776808401904270e-10,7.5123559626243624e-12,0
792,2.5136589902358460e-10,1.4114576963979164e-07,1.3653386358681342e-07,4.6119060529782233e-09,1.8454556870336436e-11,0
793,1.5389892343422465e-10,-9.1218950953996653e-06,-9.1316015500697505e-06,9.7064546700852236e-09,4.1801643765947591e-11,0
794,1.4827951929212399e-10,-1.8531576584787570e-04,-1.8530229819564557e-04,-1.3467652230133697e-08,2.1700720441082558e-11,0
795,-1.5242323358768311e-10,-3.7126143775191578e-05,-3.7117107093778362e-05,-9.0366814132163522e-09,8.1184251559295111e-11,0
796,-1.8607636223714045e-10,1.5683787321580170e-05,1.5688863489241731e-05,-5.0761676615613280e-09,2.6028374474303927e-11,0
797,1.6604523997588451e-10,-4.9546524549842937e-06,-4.9522533218680940e-06,-2.3991331161996854e-09,4.2019638824639124e-11,0
798,-5.6194040089060420e-12,-1.7619379097665727e-04,-1.7617280809221540e-04,-2.0982884441875542e-08,1.0940380795929064e-11,0
799,-3.3997528527556518e-10,2.4805746535324150e-05,2.4824935507521175e-05,-1.9188972197025771e-08,1.6365770151615933e-11,0
800,1.2146316554807551e-11,4.1673097598907138e-06,4.1796221943468918e-06,-1.2312434456177929e-08,1.7349329626928872e-11,0
801,-3.3435588190719603e-10,2.0099949068820566e-04,2.0099769155863771e-04,1.7991295679544838e-09,7.7636798428311445e-12,0
802,1.7765720859825329e-11,1.8036106023389294e-04,1.8034839263398022e-04,1.2667599912715051e-08,7.9830975795155046e-12,0
803,3.0632215812610565e-10,2.8004201491751979e-05,2.7985522822448451e-05,1.8678669303527423e-08,5.0314753515518360e-11,0
804,3.0070275361080364e-10,-1.4818947688078569e-04,-1.4818666024947266e-04,-2.8166313130321193e-09,3.2880644073967489e-11,0
805,-3.3653128628093443e-11,5.2810055223671262e-05,5.2810629251481715e-05,-5.7402781045336063e-10,2.9200828817847934e-11,0
806,3.1846847462292808e-10,3.2171586875781588e-05,3.2164736344670485e-05,6.8505311111028821e-09,5.5370494507257311e-11,0
807,3.5212160314963206e-10,-2.0638431865099144e-05,-2.0644484856934591e-05,6.0529918354473118e-09,1.5713110421181438e-11,0
808,-1.7962838654162777e-10,3.5659912404860383e-06,3.5240972603506023e-06,4.1893980135436066e-08,6.9525684774586344e-11,0
809,1.7135416837298730e-10,-4.0278214055444739e-06,-4.0459598529687553e-06,1.8138447424281457e-08,3.8147336145294047e-11,0
810,5.8915670738998193e-11,-1.8022520632430140e-04,-1.8021625906369419e-04,-8.9472606072107594e-09,1.3373003042252671e-11,0
811,-9.4895013316426699e-11,-3.2028698276131496e-05,-3.2030749438069522e-05,2.0511619380260155e-09,2.6593499856207294e-11,0
812,-1.0540483293901536e-10,2.0785564256584760e-05,2.0779762851388367e-05,5.8014051963929799e-09,9.2962885638669892e-12,0
813,1.4689213705439659e-10,1.3462705893314830e-07,1.3556251764961016e-07,-9.3545871646186074e-10,4.1611097157333073e-11,0
814,-1.1243849686242944e-10,-1.7619737899924638e-04,-1.7617362162979761e-04,-2.3757369448768571e-08,1.4710440762863461e-11,0
815,-2.7675899830035526e-10,2.4813482232034952e-05,2.4825664438832652e-05,-1.2182206797700586e-08,2.9747123165658855e-11,0
816,-2.4462031255251815e-11,4.1625349339376866e-06,4.1793317927294420e-06,-1.6796858791755394e-08,2.6235647135207468e-11,0
817,-1.6432050431569926e-10,2.0101077267078559e-04,2.0099923692576182e-04,1.1535745023767089e-08,1.0562905310189399e-11,0
818,8.7976466529208654e-11,1.8035982669498823e-04,1.8034892132180529e-04,1.0905373182940568e-08,1.6100100028615413e-11,0
819,2.6624918107816479e-10,2.8000846150068662e-05,2.7985123839116734e-05,1.5722310951928184e-08,5.9611163283116711e-11,0
820,1.5381068360530283e-10,-1.4819655832022660e-04,-1.4818787715168523e-04,-8.6811685413759176e-09,4.4008614260097470e-11,0
821,-1.0509819611308588e-11,5.2814278211286893e-05,5.2810955903586440e-05,3.3223077004532176e-09,3.6376623878667950e-11,0
822,2.4178714977762037e-10,3.2163323801028508e-05,3.2164042731528940e-05,-7.1893050043183530e-10,8.2279643507076611e-11,0
823,2.5229696863542666e-10,-2.0650930542777260e-05,-2.0645507725893853e-05,-5.4228168834076680e-09,3.0953773444330633e-11,0
824,-1.7198831358383198e-10,6.8958043565317192e-06,6.8990659549177963e-06,-3.2615983860770522e-09,2.0142167413399937e-11,0
825,1.4628657457436061e-10,-3.1188060850215193e-06,-3.0778506475477478e-06,-4.0955437473771503e-08,4.4419086565596702e-11,0
826,-7.7937822566978634e-11,-7.1825480769220629e-06,-7.1330319497679699e-06,-4.9516127154092937e-08,4.4630707584268640e-11,0
827,7.7370002442045359e-11,-1.8334892134639486e-04,-1.8330299840957473e-04,-4.5922936820126138e-08,2.4459309145577297e-11,0
828,6.0880173557596302e-11,-3.5151881983275235e-05,-3.5115779567818615e-05,-3.6102415456619723e-08,6.0071572350896357e-11,0
829,2.4111973431343285e-11,1.7658183807873692e-05,1.7695767811190396e-05,-3.7584003316703884e-08,5.6717394226487539e-11,0
830,-4.2839694816600173e-11,-5.8100874019591242e-06,-5.7589434187209866e-06,-5.1143983238137611e-08,2.4816375337966384e-11,0
831,-2.2422439657095235e-10,-4.0637261106996753e-06,-4.0496244249636023e-06,-1.4101685736072979e-08,6.8828067682967268e-11,0
832,-6.8916571661545964e-11,-1.8023009142037125e-04,-1.8021731647565960e-04,-1.2774944711644752e-08,3.2301269744785808e-11,0
833,-8.5406401013530777e-11,-3.2033233655184064e-05,-3.2030694220270357e-05,-2.5394349137072315e-09,5.4500201577448904e-11,0
834,-1.2217460116423497e-10,2.0776866391381075e-05,2.0779711049463045e-05,-2.8446580819701313e-09,2.3269851186416559e-11,0
835,-1.8912626882031402e-10,-2.6912343373142883e-06,-2.6816101513532436e-06,-9.6241859610446839e-09,2.7374188175328465e-11,0
836,1.5530782481275987e-10,-1.7616634383902958e-04,-1.7617101346023862e-04,4.6696212090493756e-09,1.6301214124505556e-11,0
837,1.0204979480956988e-10,2.4840825217464606e-05,2.4829278625544578e-05,1.1546591920027642e-08,6.9807316430821077e-11,0
838,3.5098127754114642e-11,1.3725409508946198e-06,1.3706917716457239e-06,1.8491792488958865e-09,1.3951638401010104e-11,0
839,-5.3258029995648984e-11,2.0100694426756268e-04,2.0100024614734503e-04,6.6981202176538343e-09,4.1908652986513420e-11,0
840,-1.2020969705798533e-10,1.7753889411111276e-04,1.7753723091878387e-04,1.6631923288959200e-09,8.0007198040628431e-12,0
841,-1.3881799539682729e-10,2.7969215947431028e-05,2.7981403133140367e-05,-1.2187185709338488e-08,8.9498217231874493e-11,0
842,1.6489829488568136e-11,-1.4819688453809269e-04,-1.4818899453220724e-04,-7.8900058854522621e-09,7.5579645773325049e-11,0
843,-3.6768200156221764e-11,5.2809999299705351e-05,5.2810845740325934e-05,-8.4644062058373236e-10,6.8051386126943672e-11,0
844,-1.0371986764301031e-10,2.9341927100998838e-05,2.9345188329338650e-05,-3.2612283398118292e-09,8.7627975635392040e-11,0
845,-6.6951667491853029e-11,-2.3468169290028623e-05,-2.3461451256559776e-05,-6.7180334688470911e-09,2.9925491560037446e-11,0
846,1.9951588207834053e-10,6.0865372214155555e-07,5.9125067511310438e-07,1.7403047028451174e-08,3.6522530588876483e-11,0
847,1.4687573041777288e-09,5.6027572953396693e-06,5.6267296411306389e-06,-2.3972345790969589e-08,2.0192883022343322e-11,0
848,4.7922697645995256e-11,1.5695866372319404e-05,1.5691646506787879e-05,4.2198655315244579e-09,9.2094549808984789e-12,0
849,-6.6528986926438536e-11,6.9005162788390753e-06,6.9003339698593409e-06,1.8230897973442288e-10,1.2165009406902168e-11,0
850,-1.1445168456675313e-10,-8.7953604375992818e-06,-8.7938601081547312e-06,-1.5003294445505608e-09,9.6812493140403131e-12,0
851,-6.3317075607633966e-10,-2.2726260719089370e-06,-2.2490527487692066e-06,-2.3573323139730343e-08,4.2771729415655306e-11,0
852,7.0284656540177414e-10,5.3116571976279461e-07,5.3403258265254499e-07,-2.8668628897503780e-09,1.7478091446314984e-11,0
853,3.2594071016195909e-10,-3.7108453712019450e-05,-3.7112419221478827e-05,3.9655094593769001e-09,7.4003180819228386e-11,0
854,-1.7005360607699984e-11,6.9057746248163063e-06,6.9009770111258710e-06,4.7976136904352563e-09,1.9178991706837018e-11,0
855,-3.7690585519163628e-10,-3.7639643051901560e-05,-3.7651932747161127e-05,1.2289695259567600e-08,1.7067356587444653e-11,0
856,-7.1985192592562084e-10,6.3745690404345273e-06,6.3719257251157885e-06,2.6433153187387995e-09,2.1836198351169562e-11,0
857,-3.4294607116604607e-10,4.4014048666688940e-05,4.4019112031841845e-05,-5.0633651529048500e-09,7.5730515986736385e-11,0
858,2.1486828110401699e-10,-3.0755417987475293e-06,-3.0771988391104934e-06,1.6570403629641387e-09,2.8084683798526181e-11,0
860,2.6802328942822293e-10,-1.8329374949295051e-04,-1.8330101566412858e-04,7.2661711780633905e-09,5.7128589774037302e-11,0
861,9.7478613507075793e-11,1.7697935794972440e-05,1.7696730950485840e-05,1.2048444866003970e-09,2.2915716672836558e-11,0
863,-1.1423357463692248e-10,-4.0617652205770897e-06,-4.0487776288313305e-06,-1.2987591745759262e-08,6.5557591029535198e-11,0
864,5.3155008255687073e-11,-1.8021826559386570e-04,-1.8021597274036149e-04,-2.2928535042007845e-09,3.9717347419243588e-11,0
865,-1.1738966760163993e-10,2.0773442650957527e-05,2.0779979561843869e-05,-6.5369108863421767e-09,2.4129833285505711e-11,0
866,-6.9172978649343688e-11,1.2042039863120919e-07,1.3352104098051759e-07,-1.3100642349308398e-08,7.4555215773780336e-11,0
867,1.6738858284509729e-10,-1.7615642865397539e-04,-1.7617051426408107e-04,1.4085610105678053e-08,3.0331885888237007e-11,0
868,-3.1560931391324187e-12,2.4835276025981113e-05,2.4828703509013516e-05,6.5725169675969765e-09,6.9803679355385889e-11,0
869,4.5060595985267079e-11,4.1823505556261211e-06,4.1801154676357248e-06,2.2350879903963088e-09,5.0760613442306314e-11,0
870,-1.7054467577251217e-10,2.0099181039124909e-04,2.0099917899864435e-04,-7.3686073952597408e-09,4.5427681524284266e-11,0
871,-1.2232798693180515e-10,1.8033879050149190e-04,1.8034661749255043e-04,-7.8269910585345576e-09,3.1057080515205097e-11,0
872,4.8216689227544556e-11,-2.0652925978038514e-05,-2.0647775771214761e-05,-5.1502068237526397e-09,7.7899755628989461e-11,0
873,-2.9931852242713624e-10,-2.2454004739158595e-06,-2.2460051410989467e-06,6.0466718308715839e-10,1.2135711550654196e-11,0
874,-7.2728024430941312e-11,6.9040730893235071e-06,6.9006089319253140e-06,3.4641573981930977e-09,1.9784875381793265e-11,0
875,-2.3636654344917196e-11,6.9176347182167350e-06,6.9012325132482321e-06,1.6402204968502887e-08,2.5492634389344472e-11,0
876,2.0001779080544781e-10,-1.8331075097784665e-04,-1.8330146608008411e-04,-9.2848977625327456e-09,2.0015624657372886e-11,0
877,1.5703241559976270e-11,-5.7741858550570957e-06,-5.7584467504507183e-06,-1.5739104606377427e-08,1.2061543684586892e-11,0
878,-1.8431454926833172e-10,1.7753655986842056e-04,1.7753615891514317e-04,4.0095327738846019e-10,7.8248759921596176e-12,0
879,-6.5478787660102112e-10,-3.7646923010970943e-05,-3.7654389490294708e-05,7.4664793237643541e-09,6.8635302543514567e-11,0
880,-6.7614709116670408e-10,1.5174925317599846e-05,1.5155602528428841e-05,1.9322789171005307e-08,1.5825589706527365e-11,0
881,-2.1359214567020403e-11,5.2821787041796306e-05,5.2811469701886055e-05,1.0317339910251289e-08,3.9281512028036046e-11,0
882,5.3469762973669467e-10,5.5768420771720728e-06,5.6181385706483567e-06,-4.1296493476283890e-08,1.8181705022099650e-11,0
883,-8.3167626133754904e-10,-4.1047699007035199e-06,-4.0554776567419786e-06,-4.9292243961541237e-08,3.8087570020188074e-11,0
884,-5.9935445622653917e-10,-1.8027480979783579e-04,-1.8022163249737904e-04,-5.3177300456754050e-08,1.4836209074988633e-11,0
885,-8.0757412271733565e-10,7.3816945198729167e-08,1.2674637123931961e-07,-5.2929426040590448e-08,3.4803116519501401e-11,0
886,-1.3663738916736257e-09,-9.6815718841746640e-06,-9.6721018304975812e-06,-9.4700536770827464e-09,2.9280293083124003e-11,0
887,-1.1340520865493557e-09,-1.8585163387265478e-04,-1.8583467496298211e-04,-1.6958909672675371e-08,1.3827026767690350e-11,0
888,-1.3422717530440510e-09,-5.5030575584176858e-06,-5.4935675353140780e-06,-9.4900231036077913e-09,3.7170289707605049e-11,0
889,2.3232180515829671e-10,-1.7616999220214369e-04,-1.7616947136967580e-04,-5.2083246789296107e-10,1.8588459892083817e-11,0
890,2.4102138641490617e-11,4.1785777642380090e-06,4.1800467496066999e-06,-1.4689853686909393e-09,3.3001248946445490e-11,0
891,-2.0821966652348648e-10,1.8034863363480293e-04,1.8034552183192440e-04,3.1118028785259016e-09,1.6694273423526362e-11,0
895,-1.5991537984978134e-10,6.9072169613416945e-06,6.9002706015167428e-06,6.9463598249516653e-09,2.0828633078862000e-11,0
896,2.6984075917072755e-10,-3.0663384901147631e-06,-3.0766462737203434e-06,1.0307783605580378e-08,2.1270247790077696e-11,0
897,1.5358690479556826e-10,2.0102003045591697e-06,2.0109978966820003e-06,-7.9759212283058421e-10,1.6498143645320592e-11,0
898,1.4657407657721929e-10,-7.1317810394684079e-06,-7.1313023309350401e-06,-4.7870853336784576e-10,2.9079220238290928e-11,0
899,3.2868169906011460e-10,-1.8326072777150731e-04,-1.8329999922350420e-04,3.9271451996884593e-08,2.4541477808634140e-11,0
900,1.9928168383756517e-10,-3.5104991006776418e-05,-3.5114355998637155e-05,9.3649918607362713e-09,6.1399681301388677e-11,0
901,1.5175156120421811e-10,1.7702983042441368e-05,1.7697776194779718e-05,5.2068476616499689e-09,1.4163639142423236e-11,0
902,1.9563324628395373e-10,-2.9471777900965529e-06,-2.9459379993542592e-06,-1.2397907422937324e-09,3.4637869973437293e-11,0
903,6.4147458636253406e-11,8.9080407268322427e-06,8.9067326256794753e-06,1.3081011527674180e-09,1.4071492687189456e-11,0
904,-1.1625385428874354e-10,5.0764836996902360e-06,5.0795186622066773e-06,-3.0349625164412768e-09,2.6647290079620718e-11,0
905,-1.2326668297794970e-10,-4.0654751209540096e-06,-4.0491450076795333e-06,-1.6330113274476395e-08,1.9055239638933399e-11,0
906,5.8840939607643911e-11,-1.8019442938535394e-04,-1.8021548501873512e-04,2.1055633381180912e-08,1.8294124240737496e-11,0
907,-7.0559075359435039e-11,-3.2038832171520787e-05,-3.2030757945998651e-05,-8.0742255221356385e-09,4.6790587333193867e-11,0
908,-1.1808919798846385e-10,2.0769304537956827e-05,2.0780392459310704e-05,-1.1087921353876288e-08,9.2710492487167268e-12,0
909,-7.4207513261192825e-11,1.1913165873711148e-07,1.3337576969961914e-07,-1.4244110962507659e-08,1.9102589613730684e-11,0
910,-2.0569330050041163e-10,1.1974383663994337e-05,1.1992168331135744e-05,-1.7784667141407525e-08,3.2166126998885288e-11,0
911,-7.0128284728263443e-12,-9.1419279393795778e-06,-9.1328828251641398e-06,-9.0451142154379622e-09,2.2127053111772438e-11,0
912,1.7509479406719953e-10,-1.8527091069400758e-04,-1.8530040099326589e-04,2.9490299258301805e-08,2.5358935694228709e-11,0
913,4.5694778980952440e-11,-3.7115213790786994e-05,-3.7114608394285056e-05,-6.0539650193830929e-10,6.2147887673834473e-11,0
914,-1.8353436494131043e-12,1.5692826772343606e-05,1.5692301591867953e-05,5.2518047565273214e-10,2.0515413713948775e-11,0
915,4.2046341242256509e-11,-4.9573571053369327e-06,-4.9527329815967450e-06,-4.6241237401876538e-09,2.3390489728954147e-11,0
916,-8.9439446187055425e-11,6.8978615194318152e-06,6.9011856489621893e-06,-3.3241295303741288e-09,1.3343945366201399e-11,0
917,1.8210762253615274e-10,-1.7612897190646438e-04,-1.7616965495827221e-04,4.0683051807829636e-08,1.4059836241173746e-11,0
918,5.1774848156486543e-12,2.4834808727928863e-05,2.4829489686638012e-05,5.3190412908504802e-09,1.4656505050207885e-11,0
919,4.9059169711373144e-11,4.1846290349798788e-06,4.1803470707080428e-06,4.2819642718360735e-09,1.2957731610910634e-11,0
920,-8.2426617723596247e-11,1.6039795419011283e-05,1.6033540634282216e-05,6.2547847290672339e-09,2.3472563688804909e-11,0
921,-1.7693013745451868e-10,2.0096376049575509e-04,2.0099911921874224e-04,-3.5358722987142033e-08,1.8256311570704895e-11,0
922,-1.3304845292316159e-10,1.8031359599747498e-04,1.8034601535962301e-04,-3.2419362148023703e-08,1.2752957349257020e-11,0
923,-2.6453423993335316e-10,1.9216885190556816e-04,1.9221350379898893e-04,-4.4651893420770026e-08,2.5096206200680686e-11,0
924,-5.2707607437179397e-11,2.7973302924446200e-05,2.7981940411373816e-05,-8.6374869276163160e-09,4.3979754548179157e-11,0
925,1.2940001509829623e-10,-1.4815575491161290e-04,-1.4818712976048812e-04,3.1374848875220145e-08,6.6326679966828973e-11,0
926,-4.7530122627853041e-11,5.2807994994141967e-05,5.2811570753267896e-05,-3.5757591259293455e-09,4.4802122315842095e-11,0
927,-3.6484377234845369e-12,3.2157803093446451e-05,3.2161839982049024e-05,-4.0368886025735897e-09,4.8751618115968495e-11,0
928,-1.3513422517123216e-10,4.4012936161931353e-05,4.4021499007086409e-05,-8.5628451550561727e-09,6.6653261246410758e-11,0
929,4.3881685015950625e-11,-2.0650178945808353e-05,-2.0648346631438948e-05,-1.8323143694052961e-09,1.5596997669221642e-11,0
930,-8.7604102556785962e-11,-8.7949308539436331e-06,-8.7936104607720360e-06,-1.3203931715970803e-09,2.2068975316297760e-11,0
931,-1.3148578731762020e-10,1.1855175658511893e-05,1.1851520978111636e-05,3.6546804002573650e-09,2.5576735159816011e-11,0
932,2.4290346105775190e-10,-3.0721657851037580e-06,-3.0768828332711526e-06,4.7170481673946121e-09,1.9719318421280018e-11,0
933,1.2662817333980826e-10,1.7700036174274781e-05,1.7697634719660061e-05,2.4014546147203462e-09,2.3348179984455433e-11,0
934,2.3483411645301428e-10,-5.7214597560875657e-06,-5.7564862283507617e-06,3.5026472263195984e-08,7.9211397211365752e-12,0
935,-1.1627528773740177e-10,2.0772248938839659e-05,2.0780474978775547e-05,-8.2260399358878610e-09,1.5023071853711683e-11,0
936,-8.0693447955647908e-12,-2.6492720180213564e-06,-2.6801856176243158e-06,3.0913599602959433e-08,9.1577664821826254e-12,0
937,1.0820594319598243e-10,-2.3421487508301989e-05,-2.3460814884946134e-05,3.9327376644145666e-08,1.3258420060017655e-11,0
938,2.0678198994834339e-09,6.0665165028603307e-06,6.0755386555427811e-06,-9.0221526824503512e-09,7.4197887157062898e-11,0
939,8.6876176124178684e-11,5.0938653271912632e-06,5.0811651380270637e-06,1.2700189164199506e-08,2.7778105072688511e-11,0
940,1.4304434773459045e-10,-4.0336537598644612e-06,-4.0468740958992888e-06,1.3220336034827675e-08,2.4997685800989036e-11,0
941,1.7663668632893683e-10,-1.8021885802003458e-04,-1.8021418482082988e-04,-4.6731992046965352e-09,8.5642484902487255e-12,0
942,-7.6973443617597419e-11,-3.2030796885772162e-05,-3.2030884269421456e-05,8.7383649293826075e-11,2.0941464296289325e-11,0
943,-1.1399618585548012e-10,2.0780560114579908e-05,2.0780650194174340e-05,-9.0079594431964442e-11,8.3194513588341920e-12,0
944,1.6175519581946340e-10,1.3842001423021444e-07,1.3546850095284035e-07,2.9515132773740866e-09,2.3326534626182064e-11,0
945,9.7815910516159496e-11,1.2043255195562375e-05,1.1995117074557203e-05,4.8138121005171261e-08,1.6391103088206697e-11,0
946,5.6168169735307027e-11,-9.1275558398440371e-06,-9.1322605770700279e-06,4.7047372259907862e-09,4.0515579631113895e-11,0
947,8.9760508705773974e-11,-1.8531283293425627e-04,-1.8530074056134644e-04,-1.2092372909830408e-08,1.7090813903341804e-11,0
948,-1.6384962039913328e-10,-3.7124755390020858e-05,-3.7116329255950062e-05,-8.4261340707966368e-09,7.3691649578578997e-11,0
949,-2.0087236264253990e-10,1.5686602663007171e-05,1.5690957347109458e-05,-4.3546841022875466e-09,2.1468280248850437e-11,0
950,7.4879017860987961e-11,-4.9554708812507217e-06,-4.9522636754198501e-06,-3.2072058308715712e-09,3.4109377275825632e-11,0
951,1.0939734241682088e-11,6.9493987833457727e-06,6.9025433729686988e-06,4.6855410377073826e-08,1.6109880209539831e-11,0
952,3.3592339085383176e-11,-1.7618531978544696e-04,-1.7617062346016226e-04,-1.4696325284708264e-08,1.1832874507025511e-11,0
953,-2.5704053200955445e-10,2.4814151119521149e-05,2.4827479613790023e-05,-1.3328494268873421e-08,1.8546573166244225e-11,0
954,1.8710848138250303e-11,4.1720438495470268e-06,4.1801738847591287e-06,-8.1300352121018959e-09,1.6701540980401761e-11,0
955,-4.5228434967588953e-11,1.6076904736966185e-05,1.6034256118212118e-05,4.2648618754067896e-08,3.9304756376982519e-11,0
956,-2.9063287176835992e-10,2.0099940866866086e-04,2.0099808466889028e-04,1.3239997705778630e-09,7.7185010531133132e-12,0
957,-1.4881490675881038e-11,1.8035731286211287e-04,1.8034682412513078e-04,1.0488736982086373e-08,8.6802391203346311e-12,0
958,-7.8820775146325556e-11,1.9226229916045889e-04,1.9221514460201342e-04,4.7154558445477350e-08,2.1379419368754482e-11,0
959,2.2001779132072928e-10,2.7997135078065144e-05,2.7984335639128153e-05,1.2799438936991216e-08,5.0156576655560189e-11,0
960,2.5361012992472266e-10,-1.4818808331500382e-04,-1.4818571364847609e-04,-2.3696665277261365e-09,3.0356841989967377e-11,0
961,-3.7022742234247473e-11,5.2811357757556049e-05,5.2811947923806980e-05,-5.9016625093155249e-10,2.8961113836931762e-11,0
962,2.3872863940540541e-10,3.2169337254316782e-05,3.2164051780908743e-05,5.2854734080393876e-09,6.3062359300386954e-11,0
963,1.7478935415001091e-10,4.4073995176314995e-05,4.4024572029502546e-05,4.9423146812449233e-08,5.6455321060869686e-11,0
964,2.7575138154461219e-10,-2.0642132353939843e-05,-2.0646518310692219e-05,4.3859567523759529e-09,1.7671679489666584e-11,0
965,2.1181209642893377e-10,-8.7371299748902065e-06,-8.7908862083041745e-06,5.3756233413968050e-08,4.9529805063912129e-11,0
966,-6.3939283395601074e-11,1.1904920003446770e-05,1.1852415467275940e-05,5.2504536170829886e-08,3.8485235475586230e-11,0
967,-1.8908826204797098e-10,3.5503704457675450e-06,3.5240112633230236e-06,2.6359182444521438e-08,4.0756092102630957e-11,0
968,7.9877877337152594e-10,5.6131716176114135e-06,5.6204204619766764e-06,-7.2488443652628985e-09,1.3815881152340302e-11,0
969,5.0050413547848644e-11,-4.0249223388060668e-06,-4.0477840317830657e-06,2.2861692976998908e-08,4.4392338116365223e-11,0
970,-1.5501972360003571e-11,-1.8022308574550442e-04,-1.8021583282451381e-04,-7.2529209906035692e-09,1.2881325119121139e-11,0
971,-1.0602079816635329e-10,-3.2029299069361332e-05,-3.2031177591705717e-05,1.8785223443855436e-09,3.1491240844150602e-11,0
972,-1.1989300677358678e-10,2.0785426846273332e-05,2.0780691465521340e-05,4.7353807519917720e-09,7.9818003933429845e-12,0
973,3.3075136571512482e-11,1.3629920508993060e-07,1.3427618959903398e-07,2.0230154908966136e-09,3.9117892747246739e-11,0
974,3.3071834650646409e-11,-2.6718531374115076e-06,-2.6798893457713151e-06,8.0362083598075457e-09,1.5724358929971052e-11,0
975,-7.4872835886532719e-10,-9.6380963258650004e-06,-9.6666370035167091e-06,2.8540677651708721e-08,8.0924691724423497e-11,0
976,-8.1428074498251424e-10,-1.8583624277016529e-04,-1.8583120574045076e-04,-5.0370297145242975e-09,2.4634451313021830e-11,0
977,-9.0479957150867452e-10,-3.7642490412364421e-05,-3.7656416653712244e-05,1.3926241347822846e-08,3.0114892243484478e-11,0
978,-9.1867178013019757e-10,1.5172255994020181e-05,1.5154282127985270e-05,1.7973866034911670e-08,1.2596248295749320e-11,0
980,-7.6570693776535953e-10,-8.2850607904371570e-06,-8.3044815400309254e-06,1.9420749593768364e-08,3.4178865950039490e-11,0
981,-6.5552385155965573e-11,-1.7619820485806348e-04,-1.7617136057629417e-04,-2.6844281769309534e-08,1.4234361361301683e-11,0
982,-1.6994341688625968e-10,2.4810311802538759e-05,2.4828432156502190e-05,-1.8120353963430854e-08,2.6385102313768378e-11,0
983,-1.6975276952118375e-11,4.1611594726715349e-06,4.1798936581187219e-06,-1.8734185447186965e-08,3.0154155445496260e-11,0
984,-1.6978578866793451e-11,1.3530614580343527e-06,1.3706270538960667e-06,-1.7565595861714013e-08,1.0794836337721587e-11,0
985,-1.0439103480854756e-10,2.0100850874580928e-04,2.0099977734842458e-04,8.7313973847044559e-09,9.8681143226310243e-12,0
986,4.8577109041280584e-11,1.8035936587689795e-04,1.8034728680106749e-04,1.2079075830463996e-08,1.3389021428627862e-11,0
987,4.8573807123423219e-11,1.7755125944917023e-04,1.7753751758235327e-04,1.3741866816962016e-08,5.2235241402996177e-12,0
988,1.5607121112144515e-10,2.8004431256908532e-05,2.7983718161854569e-05,2.0713095053963022e-08,6.5054831755017649e-11,0
989,9.0518825344518542e-11,-1.4819377047285871e-04,-1.4818707280830581e-04,-6.6976645529052796e-09,3.9396689679010188e-11,0
990,-1.3872208591823775e-11,5.2814761521249257e-05,5.2812279554105175e-05,2.4819671440827343e-09,3.0078188670342511e-11,0
991,1.3909593415450610e-10,3.2165758630673703e-05,3.2163149670146594e-05,2.6089605271095370e-09,6.9543048628671484e-11,0
992,1.3909263223636671e-10,2.9357554225259257e-05,2.9347348606036177e-05,1.0205619223079335e-08,4.1764416956350342e-11,0
993,1.5296814199381893e-10,-2.0649126101922929e-05,-2.0647754765481398e-05,-1.3713364415310586e-09,2.8141729953931316e-11,0
994,1.5296484007595468e-10,-2.3457262927616910e-05,-2.3460743607579669e-05,3.4806799627587742e-09,1.0966280732406591e-11,0
996,1.6073833835756354e-10,8.9185687838315691e-06,8.9080844961447037e-06,1.0484287686865382e-08,1.7660362994194365e-11,0
997,6.3215218562589815e-10,5.6168082383607418e-06,5.6188833325768326e-06,-2.0750942160908308e-09,3.7505454831303863e-11,0
998,-3.9204165680421238e-11,-4.0470543955992144e-06,-4.0486560486423099e-06,1.6016530430954236e-09,3.1434450324229124e-11,0
999,-5.6054504148922208e-12,-1.8022271408102072e-04,-1.8021565018449506e-04,-7.0638965256591274e-09,1.7514467368839906e-11,0
1000,-1.2054590775165360e-10,2.0782068438437214e-05,2.0780774638259873e-05,1.2938001773414359e-09,1.1990920323661644e-11,0
1001,-6.7135635193571081e-10,-9.6637751116415704e-06,-9.6659618910261532e-06,2.1867793845827736e-09,4.5343859490284464e-11,0
1002,-6.3775763652741918e-10,-1.8583948425630100e-04,-1.8582949511698304e-04,-9.9891393179579561e-09,2.2485200622945987e-11,0
1003,-7.5269809337995539e-10,1.5165306669723830e-05,1.5155926621555317e-05,9.3800481685128744e-09,3.9130068092731379e-11,0
1004,3.3598715606420984e-11,-1.7617568239251639e-04,-1.7617030502562562e-04,-5.3773668907714390e-09,1.7581686016114806e-11,0
1005,-8.1341740554556950e-11,2.4829105254108030e-05,2.4829388600336370e-05,-2.8334622833992690e-10,2.4407719564013438e-11,0
1006,-1.1494045750363730e-10,2.0100474249760535e-04,2.0099968107862611e-04,5.0614189792477782e-09,1.4479512828001013e-11,0
1007,2.0588694126672396e-10,-3.7082985820922204e-05,-3.7112787249889999e-05,2.9801428967795077e-08,9.6196970366091305e-11,0
1008,2.2643469892320832e-10,-3.1076447871442731e-06,-3.0769718847089666e-06,-3.0672902435306472e-08,4.4254820238061546e-11,0
1009,-8.1700027593139767e-11,-7.1745550781938949e-06,-7.1336420797312220e-06,-4.0912998462672937e-08,4.7572064171214321e-11,0
1010,9.5941503461099918e-11,-1.8333867061923886e-04,-1.8330150778023076e-04,-3.7162839008105918e-08,2.5085968762992612e-11,0
1011,1.3848477418062430e-10,-3.5141671926385010e-05,-3.5114768136652114e-05,-2.6903789732895882e-08,5.7938946615413291e-11,0
1012,1.0286702630024254e-10,1.7669992371816337e-05,1.7698052429726964e-05,-2.8060057910627383e-08,4.2617775719189119e-11,0
1013,-4.4537718983871106e-11,-5.8015084363309544e-06,-5.7590713730904833e-06,-4.2437063240471054e-08,2.7033228665117010e-11,0
1014,-3.0813472612695609e-10,-4.0668405743293778e-06,-4.0511980876359886e-06,-1.5642486693389288e-08,6.8842204288183377e-11,0
1015,-1.3049319511715413e-10,-1.8023098771829428e-04,-1.8021663682559795e-04,-1.4350892696331783e-08,3.1355824595232211e-11,0
1016,-8.7949924748271019e-11,-3.2034255658470751e-05,-3.2031084885566192e-05,-3.1707729045588615e-09,5.8299528857838828e-11,0
1017,-1.2356767265259633e-10,2.0777660552843361e-05,2.0780890125816887e-05,-3.2295729735258225e-09,2.4452290464754501e-11,0
1018,-2.7097241751047093e-10,-2.6938357785104283e-06,-2.6827256609305331e-06,-1.1110117579895219e-08,2.8705193761138203e-11,0
1019,1.7764153092837870e-10,-1.7616419738591445e-04,-1.7616874819380973e-04,4.5508078952882954e-09,1.7760277814200356e-11,0
1020,1.8456705277620570e-10,2.4844502564685608e-05,2.4832048139087123e-05,1.2454425598485151e-08,6.8443705263704570e-11,0
1021,3.7162308631310485e-11,1.3729807397938197e-06,1.3712180630500373e-06,1.7626767437824400e-09,1.6984132374991548e-11,0
1022,6.9255218838947899e-12,2.0100860130265689e-04,2.0100078833705187e-04,7.8129656050200409e-09,3.3824400168038536e-11,0
1023,-1.4047922230408606e-10,1.7753716081816192e-04,1.7753549724042642e-04,1.6635777355005540e-09,9.3432532801293600e-12,0
1025,-4.2543270237069663e-11,-1.4819693181167357e-04,-1.4818798046951212e-04,-8.9513421614513967e-09,6.7397477237510210e-11,0
1026,-3.5617747912171786e-11,5.2811798021843478e-05,5.2812378260108222e-05,-5.8023826474368038e-10,5.6588546829660483e-11,0
1027,-1.8302249260750147e-10,2.9340354652599918e-05,2.9344408968903572e-05,-4.0543163036540846e-09,9.2309451457969569e-11,0
1028,-1.4740474470606211e-10,-2.3471533616651469e-05,-2.3463786500236417e-05,-7.7471164150514054e-09,2.3305143060967727e-11,0
1029,6.9678282776623798e-10,5.3255248229778628e-07,5.3469839343968478e-07,-2.1459111418984992e-09,2.2802397184359949e-11,0
1030,-1.8262641590383510e-10,6.9016103785272563e-06,6.9015369439996409e-06,7.3434527615330049e-11,2.2087730922570198e-11,0
1031,-8.7940924370706740e-10,6.3690046234541730e-06,6.3717153195108817e-06,-2.7106960567086831e-09,1.9164136196041419e-11,0
1032,-1.1988337475812326e-10,2.0777416341516419e-05,2.0781015932118604e-05,-3.5995906021843633e-09,2.3947041863845209e-11,0
1033,-7.3648651668944376e-11,-2.6832481473326123e-06,-2.6809606213154817e-06,-2.2875260171306340e-09,2.2929148716298248e-11,0
1034,4.6234723334636393e-11,-2.3460651498251502e-05,-2.3462150416311869e-05,1.4989180603676140e-09,1.9924717699565310e-11,0
1038,5.0611061982132888e-10,5.6137560051563605e-06,5.6176486699201976e-06,-3.8926647638370991e-09,2.6506163586366551e-11,0
1039,-6.0743466463865219e-10,-4.0703230727292747e-06,-4.0540624410101342e-06,-1.6260631719140476e-08,2.0645468380814682e-11,0
1040,-4.2435070595189936e-10,-1.8023781261868217e-04,-1.8021908885068071e-04,-1.8723768001462993e-08,1.2036819293486903e-11,0
1041,-1.1092238593371308e-10,-3.2030340011201028e-05,-3.2031358768235063e-05,1.0187570340344549e-09,6.0495646508970827e-11,0
1042,-1.2891035159458893e-10,2.0793271130551457e-05,2.0781052467527393e-05,1.2218663024064319e-08,1.8906578339534491e-11,0
1043,-5.8566776030645807e-10,1.0932580170319728e-07,1.2854624138327070e-07,-1.9220439680073423e-08,2.1853102234896121e-11,0
1044,-1.1135452844559885e-09,-9.6841029792243613e-06,-9.6700939086427814e-06,-1.4009070581579881e-08,3.1356952443656403e-11,0
1045,-9.3046132576669408e-10,-1.8585156831421069e-04,-1.8583173544107367e-04,-1.9832873137022328e-08,1.8279834338588585e-11,0
1046,-6.1703300573868277e-10,-3.7644117115090941e-05,-3.7653613316158480e-05,9.4962010675387633e-09,9.8264401096691552e-11,0
1047,-6.3502097139620904e-10,1.5179561689003182e-05,1.5157535183050675e-05,2.2026505952507045e-08,2.2176642643798020e-11,0
1048,-1.0917783801235514e-09,-5.5044058145034547e-06,-5.4912908186577810e-06,-1.3114995845673675e-08,3.9017117813285918e-11,0
1049,1.8308395865478935e-10,-1.7616747023898281e-04,-1.7616833374999041e-04,8.6351100759846783e-10,1.4287203002196317e-11,0
1050,4.7852431237231190e-10,2.4863637294014404e-05,2.4835077802873558e-05,2.8559491140846060e-08,2.9483270837288080e-11,0
1051,2.1766904355901204e-11,4.1796665748478241e-06,4.1804521518425367e-06,-7.8557699471254775e-10,2.3414936435609708e-11,0
1052,2.9544035322152337e-10,2.0103110489675877e-04,2.0100341027197544e-04,2.7694624783329872e-08,1.6318007778692391e-11,0
1053,-1.6131705425936050e-10,1.8034715985154820e-04,1.8034484548489963e-04,2.3143666485754381e-09,1.5538904485038189e-11,0
1054,-4.9651227872059261e-10,2.7960024575403829e-05,2.7977616896761732e-05,-1.7592321357902803e-08,6.6726053672342885e-11,0
1055,-3.1342832003114488e-10,-1.4820742595868241e-04,-1.4819016856734739e-04,-1.7257391335021802e-08,7.5613970002249261e-11,0
1056,-1.7987965657656194e-11,5.2823610567851505e-05,5.2812807897078137e-05,1.0802670773368730e-08,8.8229412434518543e-11,0
1057,-4.7474537438744837e-10,3.2139745921646104e-05,3.2157586323559098e-05,-1.7840401912994346e-08,9.2967152901510184e-11,0
1058,-4.5675740891203976e-10,-2.0683917656211942e-05,-2.0653859125188637e-05,-3.0058531023304799e-08,3.2637002058745027e-11,0
1059,-2.0272984251223336e-10,6.8712384848315829e-06,6.9017398617233704e-06,-3.0501376891787498e-08,2.0101096792632984e-11,0
1060,3.0431654769375544e-10,1.7734677104782118e-05,1.7700307352168520e-05,3.4369752613597876e-08,2.2388528458118111e-11,0
1061,5.4355009357763911e-10,5.6149623227179628e-06,5.6179536083568038e-06,-2.9912856388409888e-09,2.8599929963388868e-11,0
1062,5.3876993979792695e-10,-1.8015825159347146e-04,-1.8021018671826459e-04,5.1935124793128003e-08,2.2193887149558660e-11,0
1063,-4.7801539453135931e-12,-1.8577321063035709e-04,-1.8582315272268365e-04,4.9942092326553172e-08,1.5774709532230713e-11,0
1064,3.0110714187504798e-10,-3.0661675385216039e-06,-3.0762399902396734e-06,1.0072451718069462e-08,3.6436833514624395e-11,0
1065,1.5541500436206861e-10,2.0052160129500050e-06,2.0102483234700634e-06,-5.0323105200583785e-09,3.1792975078562389e-11,0
1066,1.8443974917833685e-10,-7.1226781787588414e-06,-7.1314262213567315e-06,8.7480425978900777e-09,2.9015032116166210e-11,0
1067,2.3127726843006718e-10,-3.5104930079975921e-05,-3.5113816459045480e-05,8.8863790695590497e-09,9.6470951678359954e-11,0
1068,1.8120922018725643e-10,1.7703886557491689e-05,1.7699319012154720e-05,4.5675453369685881e-09,1.9360404773469684e-11,0
1069,2.3683151844537519e-10,-2.9287919121028655e-06,-2.9456086339265944e-06,1.6816721823728931e-08,2.9745294595651478e-11,0
1070,5.8654029180466245e-11,8.9063730379598284e-06,8.9078818443084399e-06,-1.5088063486115252e-09,2.5403011006128595e-11,0
1071,-1.4569213745358979e-10,5.0713443140561545e-06,5.0783720260227101e-06,-7.0277119665555817e-09,1.5286626869227473e-11,0
1072,-1.1666739308234514e-10,-4.0565782139566440e-06,-4.0497440827500705e-06,-6.8341312065734610e-09,2.3912887021625168e-11,0
1073,-6.9829873476556681e-11,-3.2038883539946793e-05,-3.2031050056808130e-05,-7.8334831386624366e-09,3.6192694367125087e-11,0
1074,-1.1989792172381121e-10,2.0770048718387647e-05,2.0781344666368664e-05,-1.1295947981016636e-08,1.1919703531145576e-11,0
1075,-6.4275623801531794e-11,1.3740428484463121e-07,1.3323616441832633e-07,4.1681204263048795e-09,2.1510393199211102e-11,0
1076,-2.4245311269561062e-10,1.1972544036963767e-05,1.1992667087401722e-05,-2.0123050437955418e-08,1.6469844337161050e-11,0
1077,2.9024744785010624e-11,-9.1278962112356990e-06,-9.1323448740384881e-06,4.4486628027890618e-09,3.6547325955320544e-11,0
1078,7.5862264061168441e-11,-3.7110242255197160e-05,-3.7113525736089424e-05,3.2834808922634854e-09,6.2261553944874957e-11,0
1079,2.5794215820485751e-11,1.5698706630757784e-05,1.5694595882102598e-05,4.1107486551860350e-09,1.9440865231273038e-11,0
1080,8.1416514048887582e-11,-4.9339584396960318e-06,-4.9516247015574704e-06,1.7666261861438610e-08,2.8762378258102067e-11,0
1081,-9.6760975188615556e-11,6.9012118984763254e-06,6.9030746304560583e-06,-1.8627319797328860e-09,1.6085233538384057e-11,0
1082,-3.2305286157365578e-12,2.4826614465590750e-05,2.4831054603139240e-05,-4.4401375484899640e-09,2.4774360884026479e-11,0
1083,5.2391769279743817e-11,4.1939604388334904e-06,4.1808284788889450e-06,1.3131959944545417e-08,2.6042523333731153e-11,0
1084,-1.2578571958674493e-10,1.6029201032082344e-05,1.6034803851011863e-05,-5.6028189295198236e-09,3.3212491174498918e-11,0
1086,-5.0068048244604441e-11,5.2808896797815804e-05,5.2812784817105437e-05,-3.8880192896326767e-09,5.5917773594097019e-11,0
1087,5.5542498363893267e-12,3.2176288438578657e-05,3.2161960616834172e-05,1.4327821744485243e-08,7.5029412629549388e-11,0
1088,-1.7262323923590073e-10,4.4011351667387101e-05,4.4022280894128446e-05,-1.0929226741344521e-08,5.4656677018132254e-11,0
1089,5.5622298201271079e-11,-2.0632646733005286e-05,-2.0649467766134710e-05,1.6821033129424043e-08,2.2751261545231509e-11,0
1090,-1.2255519100167456e-10,-8.7974846098392949e-06,-8.7939178896259131e-06,-3.5667202133818251e-09,2.0175844399257131e-11,0
1091,-1.7817748874472489e-10,1.1835187901872851e-05,1.1852328347549853e-05,-1.7140445677001545e-08,2.6264539555094609e-11,0
1092,-3.7118163034817296e-10,3.5008846692441420e-06,3.5223559044966744e-06,-2.1471235252532364e-08,6.3157810607943985e-11,0
1093,5.7106313724038053e-10,5.6190686780130394e-06,5.6181483483229399e-06,9.2032969009956642e-10,1.5380487387993367e-11,0
1094,5.9327372165064122e-11,-4.0385985187879614e-06,-4.0482471029616480e-06,9.6485841736865764e-09,1.6342239281797318e-11,0
1095,1.2501268485793109e-10,-1.8021795901294185e-04,-1.8021371871694723e-04,-4.2402959946183285e-09,1.3676923033383614e-11,0
1096,-1.2377561012483378e-10,2.0781387203214468e-05,2.0781460706818225e-05,-7.3503603756960162e-11,8.8747575006598888e-12,0
1097,8.3125009598057964e-11,-2.6719281729665340e-06,-2.6796851035998042e-06,7.7569306332701991e-09,1.2874825756327554e-11,0
1098,-5.1173576642298235e-10,-9.6576764292491402e-06,-9.6647376736142443e-06,7.0612443651041530e-09,2.5314509893483274e-11,0
1099,-4.4605045346252729e-10,-1.8583710380428494e-04,-1.8582690209589643e-04,-1.0201708388512176e-08,1.2720689542768354e-11,0
1100,-6.9483874776778070e-10,1.5162224044847766e-05,1.5157541901974864e-05,4.6821428729021283e-09,1.1606039298070710e-11,0
1101,-4.8793812896971803e-10,-8.2909775916163719e-06,-8.3019112817129881e-06,1.0933690096616175e-08,1.7322218519639655e-11,0
1102,6.5685313135749822e-11,-1.7617941165479732e-04,-1.7616877532768260e-04,-1.0636327114720142e-08,1.4349209015924605e-11,0
1103,-1.8310298072468265e-10,2.4819976932734938e-05,2.4829675793338890e-05,-9.6988606039520489e-09,2.0944852686002431e-11,0
1104,2.3797637467243519e-11,1.3666851798675283e-06,1.3713403670191564e-06,-4.6551871516281101e-09,8.3056322273402164e-12,0
1105,-2.4878829455060252e-10,2.0099930623451463e-04,2.0099846135149341e-04,8.4488302121090049e-10,7.6094804747900495e-12,0
1106,-4.1887675415153774e-11,1.7754606843589388e-04,1.7753564922260844e-04,1.0419213285445088e-08,5.8046251094623764e-12,0
1107,2.0690061962088343e-10,-2.3453249148973690e-05,-2.3461336054499242e-05,8.0869055255519792e-09,7.8947668303025566e-12,0
1108,3.3165807754483473e-10,-2.9151903291613213e-06,-2.9447541536657511e-06,2.9563824504429888e-08,1.9586386479528131e-11,0
1109,-5.3292398531130635e-10,-2.2661855258593322e-06,-2.2479752256627035e-06,-1.8210300196628725e-08,3.5679393745011539e-11,0
1110,3.4765745015257277e-10,-3.0527494421766360e-06,-3.0757796585733286e-06,2.3030216396692586e-08,2.2747846947968003e-11,0
1111,2.3887148192911583e-10,2.0164578683531248e-06,2.0107737474894436e-06,5.6841208636811664e-09,1.7322327125734307e-11,0
1112,1.4438078803047552e-10,-7.1335011528374237e-06,-7.1319328965669947e-06,-1.5682562704289865e-09,2.8328377341362673e-11,0
1113,3.4970807296923291e-10,-1.8326471014861768e-04,-1.8329840664247092e-04,3.3696493853237544e-08,1.8123335421175624e-11,0
1114,2.7368958811110593e-10,-3.5099767451883535e-05,-3.5113355195024998e-05,1.3587743141463260e-08,7.0820136021536366e-11,0
1115,2.2659369342266799e-10,1.7708598691458348e-05,1.7700119750963309e-05,8.4789404950385064e-09,1.2967264068556877e-11,0
1116,1.9600116841852180e-10,-2.9492227436034302e-06,-2.9459935581029755e-06,-3.2291855004547176e-09,3.3210031872192194e-11,0
1117,1.3699900202763442e-10,8.9131029501398826e-06,8.9089591206838280e-06,4.1438294560545584e-09,1.4343017069443472e-11,0
1118,-1.0878596807655838e-10,5.0691843014893413e-06,5.0784399254143213e-06,-9.2556239249800120e-09,2.8843916959859872e-11,0
1119,-2.0327666272206373e-10,-4.0806998537219058e-06,-4.0507320654971624e-06,-2.9967788224743430e-08,1.9840516797779418e-11,0
1120,2.0506223575631346e-12,-1.8021201914011475e-04,-1.8021468718550671e-04,2.6680453919585793e-09,1.3060488171202333e-11,0
1121,-7.3967862072336878e-11,-3.2047183945378352e-05,-3.2031178620670662e-05,-1.6005324707689861e-08,5.2766926006589242e-11,0
1122,-1.2106375675182815e-10,2.0761323196805473e-05,2.0781628958127398e-05,-2.0305761321924695e-08,8.9661998553314176e-12,0
1123,-1.5165628232639408e-10,1.0350966899753955e-07,1.3237182444055741e-07,-2.8862155443017862e-08,2.1770214631160408e-11,0
1124,-2.1065844804272789e-10,1.1965790251574314e-05,1.1993209695721238e-05,-2.7419444146924388e-08,3.5800265385441589e-11,0
1125,-9.4490694459150615e-11,-9.1498797038696081e-06,-9.1334036817882605e-06,-1.6476022081347584e-08,2.3285768823033356e-11,0
1126,1.1083659058380894e-10,-1.8528118888665873e-04,-1.8529848597814675e-04,1.7297091488017568e-08,2.4951774917417944e-11,0
1127,3.4818106046661951e-11,-3.7116372207588117e-05,-3.7113652747922637e-05,-2.7194596654794389e-09,7.7386268810261882e-11,0
1128,-1.2277788633405064e-11,1.5692165386152999e-05,1.5694871775208180e-05,-2.7063890551809998e-09,1.0714550685710280e-11,0
1129,-4.2870314064529377e-11,-4.9656388323650498e-06,-4.9525261172344826e-06,-1.3112715130567156e-08,3.0628898858276418e-11,0
1130,-1.0187247995408226e-10,6.8966399905047611e-06,6.9036234962069377e-06,-6.9835057021766376e-09,1.4421647750938614e-11,0
1131,2.0532728498059815e-10,-1.7613126377081373e-04,-1.7616725739335237e-04,3.5993622538640219e-08,1.2783673593150039e-11,0
1132,8.2212905577254721e-11,2.4842069395597738e-05,2.4832331028409378e-05,9.7383671883606842e-09,7.9328571963838460e-12,0
1133,5.1620380390499687e-11,4.1842358934718153e-06,4.1809588004538258e-06,3.2770930179895538e-09,1.5786850757811933e-11,0
1134,-7.3817857848337289e-12,1.6046487025288183e-05,1.6036384791034892e-05,1.0102234253291196e-08,2.6232142503955809e-11,0
1135,-1.2311437906970093e-10,2.0097333468151440e-04,2.0099960322413150e-04,-2.6268542617101289e-08,7.4404189398692364e-12,0
1136,-1.5370690469536088e-10,1.8031552380607177e-04,1.8034430658575495e-04,-2.8782779683175211e-08,1.2229628116057834e-11,0
1137,-2.1270907035800628e-10,1.9217783466575315e-04,1.9221370296854232e-04,-3.5868302789162330e-08,2.4033511304289966e-11,0
1138,-1.2930880045756366e-10,2.7966448093908261e-05,2.7980762526258525e-05,-1.4314432350264069e-08,5.3066487696535143e-11,0
1139,7.6018484573287518e-11,-1.4816492714316010e-04,-1.4818597089432910e-04,2.1043751169007091e-08,6.5943556752638668e-11,0
1140,-4.7095894678314074e-11,5.2808508517625252e-05,5.2813188462366817e-05,-4.6799447415648730e-09,2.5938976159670657e-11,0
1141,-7.7688420064061595e-11,3.2150670025247194e-05,3.2161215138176682e-05,-1.0545112929487689e-08,6.2032442811418485e-11,0
1142,-1.3669058600904037e-10,4.4012935435636027e-05,4.4022949332481413e-05,-1.0013896845386652e-08,7.1619907737422144e-11,0
1143,-3.0592525270309491e-11,-2.0657794495239172e-05,-2.0650625324597625e-05,-7.1691706415472913e-09,9.2052003825681232e-12,0
1144,-8.9594691347787091e-11,-8.7955050831878658e-06,-8.7936151190008744e-06,-1.8899641869913648e-09,1.2388637958567427e-11,0
1145,-5.9002166045217169e-11,1.1862281365245409e-05,1.1853786747615711e-05,8.4946176296981214e-09,3.2678218586621597e-11,0
1146,4.4876557882285287e-10,5.5865517131527265e-06,5.6169845832185119e-06,-3.0432870065785420e-08,3.1852307405001456e-11,0
1147,-9.0305186713965272e-10,-2.7183415928829641e-06,-2.6887146986419865e-06,-2.9626894240977529e-08,2.2657936473976317e-11,0
1148,-1.3518174468786621e-09,-8.3048765702007504e-06,-8.3097529439084832e-06,4.8763737077327674e-09,2.1163982770467257e-11,0
1149,-2.8631968342673809e-10,3.5526355420239381e-06,3.5231273602293510e-06,2.9508181794587020e-08,4.1724078817139281e-11,0
1150,-9.0200506582964914e-10,-1.8583438944373373e-04,-1.8583072477093766e-04,-3.6646727960706026e-09,2.9535790875183314e-11,0
1152,-8.9164859094188548e-10,-8.2841193300552812e-06,-8.3055660832879392e-06,2.1446753232657925e-08,4.1870581739530725e-11,0
1153,1.0358652076334511e-11,1.8035857533313729e-04,1.8034564449533050e-04,1.2930837806789846e-08,1.8128882955995582e-11,0
1154,1.0356474809298497e-11,1.7755041692193475e-04,1.7753577160300964e-04,1.4645318925117631e-08,6.7957250742011634e-12,0
1156,-7.0377590059471573e-10,-1.8583803964457475e-04,-1.8582885415636412e-04,-9.1854882106263188e-09,3.0882873789590306e-11,0
1157,2.5868517364767522e-10,-3.0793954096440621e-06,-3.0765642478975982e-06,-2.8311617464639403e-09,6.7477866894588202e-12,0
1158,1.0821085101215382e-10,1.9973899736810616e-06,2.0094338261741024e-06,-1.2043852493040823e-08,1.1056951877516787e-11,0
1159,1.8593766908310596e-10,-7.1102874075676392e-06,-7.1316480565408656e-06,2.1360648973226346e-08,1.0706880770182042e-11,0
1160,1.8838237573820336e-10,-3.5113829909585309e-05,-3.5114081325236377e-05,2.5141565106792099e-10,3.0647397573434399e-11,0
1161,1.3671824460236281e-10,1.7696991011711266e-05,1.7699555867732870e-05,-2.5648560216037645e-09,5.5374227583086847e-12,0
1162,1.6912259649467335e-11,8.9011261958042015e-06,8.9081055319962668e-06,-6.9793361920652506e-09,8.8391817400950402e-12,0
1163,-1.5047432264131031e-10,5.0767958815001527e-06,5.0778864240986760e-06,-1.0905425985233000e-09,9.6716546491152214e-12,0
1164,-7.2747504504046113e-11,-4.0308888354951417e-06,-4.0496763160550195e-06,1.8787480559877809e-08,1.3201925480267461e-11,0
1165,-7.0302797902413140e-11,-3.2034488912252492e-05,-3.2031204615611786e-05,-3.2842966407061304e-09,1.9125822840387299e-11,0
1166,-1.2196692903475179e-10,2.0776392899906314e-05,2.0781813067232197e-05,-5.4201673258831963e-09,3.6404673299437029e-12,0
1167,-2.4177291399225185e-10,1.1980549610216690e-05,1.1993092216102720e-05,-1.2542605886030084e-08,9.5269063663061833e-12,0
1168,7.7726818515225559e-11,-9.1077082026297385e-06,-9.1317963390346021e-06,2.4088136404863604e-08,2.0970023948639099e-11,0
1169,8.0171524812334757e-11,-3.7111285746401629e-05,-3.7113079947142638e-05,1.7942007410088343e-09,4.3941315441209585e-11,0
1170,2.8507393689553069e-11,1.5699575671024508e-05,1.5695648190458720e-05,3.9274805657881775e-09,6.7899633070573658e-12,0
1171,-9.1298591287121349e-11,6.9037699027450165e-06,6.9041078810501992e-06,-3.3797830518272741e-10,1.0952582371282311e-11,0
1172,-4.9219424163192365e-11,2.4807282586088164e-05,2.4831462095101634e-05,-2.4179509013470168e-08,9.5847878272741905e-12,0
1173,-1.6902540909818519e-10,1.6011408239965941e-05,1.6035244398260830e-05,-2.3836158294889193e-08,1.9368249010195373e-11,0
1174,-2.4447064567320663e-12,2.8003530476978719e-05,2.7981842519961033e-05,2.1687957017686450e-08,5.2072673816041862e-11,0
1175,-5.1664131126790218e-11,5.2810870207352281e-05,5.2813392559656349e-05,-2.5223523040680536e-09,1.7217552194713555e-11,0
1176,-1.7147011609471964e-10,4.4014931282049079e-05,4.4022856064872452e-05,-7.9247828233734805e-09,4.1292549542105699e-11,0
1177,-1.1980598497228955e-10,-8.7958448755170136e-06,-8.7938877159426115e-06,-1.9571595744021219e-09,7.0902215134361436e-12,0
1178,7.9212192682956485e-10,5.3485787631681048e-07,5.3623182286517774e-07,-1.3739465483672629e-09,2.6374590752889006e-11,0
1179,3.0799851196401267e-10,-3.7108731130949292e-05,-3.7110938749511891e-05,2.2076185625984957e-09,6.5440222247911181e-11,0
1180,-5.8907143114767619e-11,6.9077620685528002e-06,6.9045718829377707e-06,3.1901856150294585e-09,1.8973385061045088e-11,0
1181,-4.8412341536735483e-10,-3.7643682474736845e-05,-3.7652074595487771e-05,8.3921207509260465e-09,3.1420782373143525e-11,0
1182,-8.5102907074782535e-10,6.3729746382073659e-06,6.3731201605509563e-06,-1.4552234359041158e-10,2.8397861900167898e-11,0
1183,-3.6690565550561659e-10,4.4016485449332229e-05,4.4021176750561762e-05,-4.6913012295330433e-09,7.4483980679374120e-11,0
1184,2.5066551013614672e-10,-3.0821286282874463e-06,-3.0766205936709280e-06,-5.5080346165183467e-09,2.7829635327333772e-11,0
1185,6.8114051090851809e-11,-7.1429247401029808e-06,-7.1327826675875669e-06,-1.0142072515413893e-08,7.0321642379942551e-11,0
1186,2.5042885949684813e-10,-1.8330092170012482e-04,-1.8329895009229670e-04,-1.9716078281171827e-09,5.7331028480896037e-11,0
1187,1.2769581414040614e-10,1.7695424280264431e-05,1.7699646832418070e-05,-4.2225521536386082e-09,1.7680175169908567e-11,0
1188,1.1387127421275229e-10,-5.7685990158934906e-06,-5.7577294955752047e-06,-1.0869520318285914e-08,3.6429588344010903e-11,0
1189,-1.8255145887453893e-10,-4.0607699854527425e-06,-4.0507639292688010e-06,-1.0006056183941524e-08,3.5086776915474154e-11,0
1190,-2.3665051027626270e-13,-1.8021887986241513e-04,-1.8021437128672949e-04,-4.5085756856426754e-09,2.2540807283643629e-11,0
1191,-1.2296969598702249e-10,2.0777566460030393e-05,2.0781935369747999e-05,-4.3689097176055635e-09,1.4706158872348214e-11,0
1192,-1.3679423575635715e-10,-2.6864536030969319e-06,-2.6818299971127076e-06,-4.6236059842242255e-09,1.4307390776395314e-11,0
1193,1.8231480833074842e-10,-1.7615812242196150e-04,-1.7616690638356470e-04,8.7839616031988154e-09,2.5833112592225497e-11,0
1194,5.9581762751600382e-11,2.4838296970794860e-05,2.4832673860625478e-05,5.6231101693826331e-09,2.6112147356896985e-11,0
1195,4.5757223114738861e-11,1.3742804221331638e-06,1.3717390199999073e-06,2.5414021332565188e-09,1.7512535150155488e-11,0
1196,-1.2273304541456141e-10,2.0099641250149146e-04,2.0099960535371785e-04,-3.1928522263959588e-09,1.9506277542738114e-11,0
1197,-1.3655758526629833e-10,1.7753238051356444e-04,1.7753418100853707e-04,-1.8004949726242378e-09,9.2057777552208913e-12,0
1198,-1.3824539501479563e-11,-2.3464035173139091e-05,-2.3463971554723600e-05,-6.3618415491005628e-11,1.1382449140763148e-11,0
1199,-8.0390204609902649e-10,-5.5026048653115944e-06,-5.4886742416480265e-06,-1.3930623663567943e-08,3.5321769748119433e-11,0
1200,-1.0737113429186345e-10,6.9068626577925216e-06,6.9043383829710799e-06,2.5242748214416910e-09,1.3506871142762474e-11,0
1201,9.8608975440930029e-10,5.3089595258154487e-07,5.3814871154736388e-07,-7.2527589658190092e-09,2.2109682226035170e-11,0
1202,5.4123149060236194e-10,-3.7103052674413578e-05,-3.7108636588516795e-05,5.5839141032171962e-09,7.4622081159942689e-11,0
1203,-7.3598784544147084e-11,6.9120306536597093e-06,6.9048783541451914e-06,7.1522995145178648e-09,1.6984274385344758e-11,0
1204,-4.4485826341660956e-10,-3.7634041653458392e-05,-3.7651625471352238e-05,1.7583817893846452e-08,2.7429260561906231e-11,0
1205,-1.0596885380173395e-09,6.3811410156797838e-06,6.3714874752882778e-06,9.6535403915059477e-09,2.2330335121017847e-11,0
1206,-6.1483027631825564e-10,4.4015022607425376e-05,4.4019175562205337e-05,-4.1529547799607652e-09,6.2689926625822687e-11,0
1208,3.6025920456127589e-10,2.0560815344079775e-06,2.0113478612034878e-06,4.4733673204489675e-08,3.2008282717987341e-11,0
1209,2.1684123987554831e-10,8.9181441119915578e-06,8.9105134815779303e-06,7.6306304136274485e-09,2.1684575238194833e-11,0
1210,-1.4341796477485885e-10,6.8620875204672763e-06,6.9045969650924882e-06,-4.2509444625211929e-08,8.6312855001110255e-12,0
1211,2.0106391862757888e-09,6.0589089218032483e-06,6.0745168063625261e-06,-1.5607884559277769e-08,7.2526329182213867e-11,0
1212,-6.8556557525192321e-10,-4.0692514491312559e-06,-4.0556005756380960e-06,-1.3650873493159903e-08,1.6612274921080394e-11,0
1213,-4.9293012198580742e-10,-1.8023521807876940e-04,-1.8021844685907223e-04,-1.6771219697161782e-08,9.0811022381653273e-12,0
1214,-1.0755277348286563e-10,-3.2030292009979460e-05,-3.2031703389587060e-05,1.4113796076000102e-09,5.6755748318672172e-11,0
1215,-1.2059889481831680e-10,2.0795054976416750e-05,2.0782344766523400e-05,1.2710209893349532e-08,1.0790508015314856e-11,0
1216,-6.6534164607190984e-10,-2.6974786003636231e-06,-2.6867557632028157e-06,-1.0722837160807406e-08,7.8767638176994443e-12,0
1217,1.9263545330502998e-10,-1.7616594603746087e-04,-1.7616614141928184e-04,1.9538182096517920e-10,1.0868941542557174e-11,0
1218,5.6496667998225797e-10,2.4864312619100187e-05,2.4837925362929715e-05,2.6387256170472804e-08,1.6714802485218360e-11,0
1219,2.0223929211861381e-11,1.3717908336732983e-06,1.3716720754687721e-06,1.1875820452613540e-10,9.4823500597178135e-12,0
1220,3.7233122619421008e-10,2.0103027390697484e-04,2.0100410423991443e-04,2.6169667060406193e-08,9.1167066711451408e-12,0
1221,-1.7241152409764643e-10,1.7753774925923730e-04,1.7753335082349090e-04,4.3984357464001925e-09,5.3912174032008992e-12,0
1222,-5.7801280179436115e-10,2.7960831746822075e-05,2.7976412307514795e-05,-1.5580560692719748e-08,6.2589728630884332e-11,0
1223,-3.8537734852878137e-10,-1.4820507720721653e-04,-1.4818923938717516e-04,-1.5837820041363472e-08,5.2298374256381724e-11,0
1224,-1.3046121332158762e-11,5.2825226857173505e-05,5.2814406814680432e-05,1.0820042493072735e-08,5.0165909842254289e-11,0
1225,-5.5778887261290435e-10,2.9332685840915279e-05,2.9340932062703277e-05,-8.2462217879981795e-09,5.2678123936510439e-11,0
1226,-5.4474275143149733e-10,-2.3492525856207494e-05,-2.3469319949403788e-05,-2.3205906803705603e-08,7.3751061567055722e-12,0
1227,3.2615340798687296e-10,-2.9169165827805377e-06,-2.9448466019241381e-06,2.7930019143600383e-08,1.6981991863744676e-11,0
1228,-4.7766931044506731e-10,-2.2645118318894569e-06,-2.2473873791348683e-06,-1.7124452754588605e-08,3.8708933474756409e-11,0
1229,9.4059309118209025e-11,5.0915738035606922e-06,5.0794945019488350e-06,1.2079301611857259e-08,2.3971029604384105e-11,0
1230,5.7719836064161305e-10,5.6200035848368718e-06,5.6179496302511087e-06,2.0539545857630853e-09,1.5476758379065530e-11,0
1231,-3.5888676380764435e-11,-4.0430904378919996e-06,-4.0498022847771697e-06,6.7118468851700346e-09,1.7071852852370073e-11,0
1232,6.4099708831841817e-11,-1.8021721460459439e-04,-1.8021321838098238e-04,-3.9962236120065497e-09,9.9712499735985468e-12,0
1233,-9.1983429130197489e-11,-3.2031482703190914e-05,-3.2031610687486737e-05,1.2798429582295580e-10,2.1020219651580372e-11,0
1234,-1.3301626906328181e-10,2.0782312291616617e-05,2.0782390226845065e-05,-7.7935228447656088e-11,9.1191531782216033e-12,0
1235,-6.9871131097079030e-12,1.3407678408315638e-07,1.3348050785404430e-07,5.9627622911207196e-10,1.4692397408553233e-11,0
1236,7.0710296903686661e-11,1.2028679270831288e-05,1.1996515576350213e-05,3.2163694481075007e-08,1.1473981724991620e-11,0
1237,4.8313905129023400e-10,5.2840580111912679e-07,5.3384123430882879e-07,-5.4354331897020062e-09,1.4090154079610265e-11,0
1238,-1.2994798742336356e-10,-9.1346773747429371e-06,-9.1335371081685276e-06,-1.1402665744094981e-09,3.6936721837155918e-11,0
1239,-2.9959601884407017e-11,-1.8530881004523003e-04,-1.8529804528137590e-04,-1.0764763854126998e-08,1.3937902110829579e-11,0
1240,-1.8604273889783861e-10,-3.7123182760650381e-05,-3.7114934509586668e-05,-8.2482510637121170e-09,5.7542418079311320e-11,0
1241,-2.2707557882102672e-10,1.5690665529166994e-05,1.5694753994564906e-05,-4.0884653979120136e-09,1.8902815716845705e-11,0
1242,-1.0104642413644328e-10,-4.9574429683347967e-06,-4.9523810804763842e-06,-5.0618878584125004e-09,2.9287007070828413e-11,0
1243,-2.3349012341582577e-11,6.9371759224522156e-06,6.9060935629290223e-06,3.1082359523193265e-08,1.5000022766984682e-11,0
1244,-6.1308703848576570e-10,-9.6630911394935542e-06,-9.6659803967568179e-06,2.8892572632636628e-09,2.5169537573127141e-11,0
1245,-5.1309865299114786e-10,-1.8583719485892793e-04,-1.8582630706869943e-04,-1.0887790228506769e-08,8.2943705513867657e-12,0
1246,-6.6918179013238837e-10,-3.7651451039878714e-05,-3.7653505864706318e-05,2.0548248276045238e-09,2.2118698991983275e-11,0
1247,-7.1021463005412028e-10,1.5162243283744700e-05,1.5158945295856182e-05,3.2979878885181196e-09,1.1326717876183911e-11,0
1248,-5.8418547519852958e-10,-5.4858523367586325e-06,-5.4866771075657574e-06,8.2477080712490582e-10,3.0037085272618113e-11,0
1249,-5.0648806364498710e-10,6.4088736425795684e-06,6.3769717820873541e-06,3.1901860492214272e-08,2.6026036446596330e-11,0
1250,9.9988385594552183e-11,-1.7617413894802265e-04,-1.7616670964379661e-04,-7.4293042260406127e-09,1.1799540040005342e-11,0
1251,-9.7127591183177005e-11,2.4825397420404766e-05,2.4832174761190202e-05,-6.7773407854359148e-09,2.0136835952451213e-11,0
1252,2.8901563296133531e-11,4.1772109148265762e-06,4.1811574055946013e-06,-3.9464907680250542e-09,1.4040096242975265e-11,0
1253,1.0659897538045130e-10,1.6071822944981572e-05,1.6038909420401745e-05,3.2913524579826736e-08,3.3319035796917660e-11,0
1254,-1.9711597745940635e-10,2.0099945742636793e-04,2.0099892690401147e-04,5.3052235646005794e-10,7.8133838141753200e-12,0
1255,-7.1086822079392353e-11,1.8035131824167393e-04,1.8034401049674240e-04,7.3077449315363946e-09,8.4644278063869984e-12,0
1256,6.6105887416194246e-12,1.9224597067435574e-04,1.9221550950230564e-04,3.0461172050103838e-08,1.6629261223260747e-11,0
1257,5.6094752772773280e-11,2.7988399009559392e-05,2.7982116454882369e-05,6.2825546770227153e-09,4.6398475954556017e-11,0
1258,1.5608313797782777e-10,-1.4818575066647376e-04,-1.4818411108531520e-04,-1.6395811585582371e-09,2.5296896668457449e-11,0
1259,-4.1032839931723056e-11,5.2813748182003952e-05,5.2814354627338955e-05,-6.0644533500324969e-10,3.0554144256337509e-11,0
1260,8.4996316039277466e-11,3.2165630958794558e-05,3.2162727265904293e-05,2.9036928902653552e-09,5.2920243407629625e-11,0
1261,1.6269372602583942e-10,4.4060116238552050e-05,4.4026679215131561e-05,3.3437023420488027e-08,4.3637433453593066e-11,0
1262,1.2602915589518932e-10,-2.0648162318495297e-05,-2.0650304243748698e-05,2.1419252534007980e-09,2.2748334766873062e-11,0
1263,2.0372656599046263e-10,-8.7535172113330229e-06,-8.7909393675985509e-06,3.7422156265528060e-08,4.2450490205409094e-11,0
1264,7.7697411817842376e-11,1.1894671162232702e-05,1.1856135727580708e-05,3.8535434651994433e-08,2.8925927650528633e-11,0
1265,-1.5053042360231902e-10,-2.2405348677190229e-06,-2.2444017263636623e-06,3.8668586446394325e-09,9.0382753940910497e-12,0
1266,4.0525906491548936e-10,-3.0266901103262467e-06,-3.0751295264387620e-06,4.8439416112515279e-08,2.5459786956471868e-11,0
1267,3.0335635262364268e-10,2.0263992060540886e-06,2.0105658799123810e-06,1.5833326141707657e-08,1.7528185377590025e-11,0
1268,1.4136563941883760e-10,-7.1344172973743930e-06,-7.1324454621780231e-06,-1.9718351963699210e-09,2.7969850459468194e-11,0
1269,3.6240923442551960e-10,-1.8326668259838023e-04,-1.8329717770992435e-04,3.0495111544114181e-08,1.8373613943872428e-11,0
1270,3.2966853686499884e-10,-3.5093513039685317e-05,-3.5112588577744504e-05,1.9075538059186794e-08,6.7974822802366064e-11,0
1271,2.8354782985950474e-10,1.7714106811516500e-05,1.7701958941581420e-05,1.2147869935079652e-08,1.3230316723079881e-11,0
1272,1.9434800349266239e-10,-2.9503169367024046e-06,-2.9460553865339207e-06,-4.2615501684839299e-09,3.5340553949564556e-11,0
1273,1.9290340235288397e-10,8.9177679246377206e-06,8.9107101384826803e-06,7.0577861550403555e-09,1.4474422594747002e-11,0
1274,-1.0190271209127060e-10,5.0530306896210721e-06,5.0775914818361496e-06,-2.4560792215077564e-08,3.5718843225619320e-11,0
1275,-2.6389342624362403e-10,-4.1077754400417610e-06,-4.0519661723965377e-06,-5.5809267645223333e-08,2.1936243575584401e-11,0
1276,-4.2849831083708486e-11,-1.8024002782398413e-04,-1.8021405128501458e-04,-2.5976538969548282e-08,1.4831491168566294e-11,0
1277,-7.5590528075552430e-11,-3.2067014897883481e-05,-3.2031502985688418e-05,-3.5511912195063144e-08,7.0426691915648838e-11,0
1278,-1.2171123506380888e-10,2.0740784285112543e-05,2.0782626980326779e-05,-4.1842695214236382e-08,1.0870074505668811e-11,0
1279,-2.1091106216810934e-10,7.6389194136883276e-08,1.3159489484683084e-07,-5.5205700709947569e-08,2.3888331780162068e-11,0
1280,-2.1235566243830793e-10,1.1944446573345854e-05,1.1994057514457244e-05,-4.9610941111390025e-08,4.0255685444681733e-11,0
1281,-1.6199071398704419e-10,-9.1608514675243363e-06,-9.1337993049003034e-06,-2.7052162624032917e-08,2.2534336698053354e-11,0
1282,5.9052881144285458e-11,-1.8529308210434644e-04,-1.8529697108865580e-04,3.8889843093634687e-09,2.8763234275314254e-11,0
1283,2.6312184053441469e-11,-3.7120009607549210e-05,-3.7112892232567132e-05,-7.1173749820771341e-09,5.7808462163596269e-11,0
1284,-1.9808522939454096e-11,1.5687736728996291e-05,1.5696920802196793e-05,-9.1840732005020009e-09,1.0783926678737664e-11,0
1285,-1.0900834991317170e-10,-4.9766804879483942e-06,-4.9523496686735811e-06,-2.4330819274813077e-08,2.7154322456557891e-11,0
1286,-1.1045295033610862e-10,6.8913747634400876e-06,6.9055722141414721e-06,-1.4197450701384437e-08,1.5285459353999303e-11,0
1287,2.2104359504319998e-10,-1.7613225479817980e-04,-1.7616537731630748e-04,3.3122518127673591e-08,1.3784166387633110e-11,0
1288,1.4218219061805281e-10,2.4848555757221551e-05,2.4834577288165018e-05,1.3978469056532595e-08,7.5637934079135852e-12,0
1289,5.2982364074577242e-11,4.1841649159892434e-06,4.1814387147027781e-06,2.7262012864653337e-09,1.2402720481192729e-11,0
1290,5.1537763141304406e-11,1.6052215055530148e-05,1.6038638122043973e-05,1.3576933486175139e-08,2.3173608627539565e-11,0
1291,-7.8861404038754532e-11,2.0098081538879459e-04,2.0100000136924213e-04,-1.9185980447541853e-08,8.5319558886102060e-12,0
1292,-1.6806123106617567e-10,1.8031641180000623e-04,1.8034296764975021e-04,-2.6555849743975426e-08,1.2302881787535828e-11,0
1293,-1.6950583142344900e-10,1.9218449607541488e-04,1.9221387964042154e-04,-2.9383565006656492e-08,2.6450286868011960e-11,0
1294,-1.8830289797411860e-10,2.7959163183447801e-05,2.7979843645825600e-05,-2.0680462377799702e-08,4.1119326548434292e-11,0
1295,3.2740697146343485e-11,-1.4817307736088780e-04,-1.4818505801540826e-04,1.1980654520462328e-08,6.1224395489123703e-11,0
1296,-4.6120706995666574e-11,5.2807710598852097e-05,5.2814479494315292e-05,-6.7688954631949004e-09,2.5177904544542279e-11,0
1297,-1.3532053389753452e-10,3.2143359489565822e-05,3.2160729542771270e-05,-1.7370053205448407e-08,4.8187072530261101e-11,0
1298,-1.3676513440469791e-10,4.4011366798493538e-05,4.4024112209330759e-05,-1.2745410837221001e-08,6.3510249738764172e-11,0
1299,-8.9199826793024234e-11,-2.0664400977413698e-05,-2.0652430666073107e-05,-1.1970311340590714e-08,8.2895366429028698e-12,0
1300,-9.0644427428149641e-11,-8.7963076287549775e-06,-8.7936139853663690e-06,-2.6936433886084587e-09,1.1933291113473940e-11,0
1301,-1.4446007923335634e-12,1.1868054198574613e-05,1.1855586655674974e-05,1.2467542899638440e-08,2.5654509451442539e-11,0
1302,3.8507878609087348e-10,5.5915515652163461e-06,5.6161533866940052e-06,-2.4601821477659121e-08,3.2512911317205961e-11,0
1303,-9.5475731271926748e-10,-2.7099933329107623e-06,-2.6894978595883125e-06,-2.0495473322449820e-08,2.4734843885308493e-11,0
1304,-1.3398360999477846e-09,-8.3014983206148620e-06,-8.3095876611302712e-06,8.0893405154092282e-09,2.2215902630540644e-11,0
1305,-2.4719667286359587e-10,3.5257936714678390e-06,3.5234830163493600e-06,2.3106551184789114e-09,3.0319362898490740e-11,0
1308,-2.8787230767034580e-10,1.7753944259465667e-04,1.7753165276567228e-04,7.7898289843896136e-09,1.0431061747146470e-11,0
1309,3.9444643766933278e-10,-3.0479021802271716e-06,-3.0751985807084860e-06,2.7296400481314406e-08,2.3549600716055677e-11,0
1310,2.5785688846237327e-10,2.0097376986771831e-06,2.0099686957354083e-06,-2.3099705822516350e-10,2.1798800978122844e-11,0
1311,1.8165884133901327e-10,-7.1285326158198464e-06,-7.1321913178526969e-06,3.6587020328504498e-09,1.6294829355280062e-11,0
1312,3.2062006918652094e-10,-3.5098168209027336e-05,-3.5112611257662750e-05,1.4443048635414161e-08,5.5650293489980278e-11,0
1313,2.7114058643771045e-10,1.7710825576621597e-05,1.7702151617112397e-05,8.6739595092003138e-09,1.3778849627889638e-11,0
1314,2.3706739291593987e-10,-2.9397648948752825e-06,-2.9456778551467153e-06,5.9129602714327885e-09,1.8766890192249209e-11,0
1315,1.4624719013300866e-10,8.9116077505691730e-06,8.9105732901397538e-06,1.0344604294191639e-09,1.6268487868783721e-11,0
1316,-1.3658954908654050e-10,5.0576400365803104e-06,5.0770655609448607e-06,-1.9425524364550300e-08,1.9868677818066391e-11,0
1317,-2.1278759701277193e-10,-4.0806237163555290e-06,-4.0516594808974416e-06,-2.8964235458087302e-08,2.5453747973626757e-11,0
1318,-7.3826368527360601e-11,-3.2050339434941139e-05,-3.2031558519229372e-05,-1.8780915711766918e-08,5.3759369297913015e-11,0
1319,-1.2330585127437416e-10,2.0758730510195798e-05,2.0782844549760040e-05,-2.4114039564241796e-08,9.3742939457387123e-12,0
1320,-1.5737904541896286e-10,1.0812595728146301e-07,1.3202646212152803e-07,-2.3900504840065013e-08,2.4123595797155049e-11,0
1321,-2.4819924751001601e-10,1.1959457444515181e-05,1.1993931220876013e-05,-3.4473776360831803e-08,2.0852701004573420e-11,0
1322,-7.6198047529528609e-11,-9.1382580684024831e-06,-9.1329689948349005e-06,-5.2890735675826319e-09,3.3259416361877225e-11,0
1323,6.2763180641283543e-11,-3.7107912501253143e-05,-3.7112367189967451e-05,4.4546887143076248e-09,6.5853687405694182e-11,0
1324,1.3283697894549126e-11,1.5701085399154332e-05,1.5697711117016322e-05,3.3742821380108152e-09,1.3743367907306846e-11,0
1325,-2.0789495945724521e-11,-4.9495661472204362e-06,-4.9513679235983207e-06,1.8017763778844926e-09,2.5644496825869588e-11,0
1326,-1.1160969837799354e-10,6.9018990584233247e-06,6.9060301996476130e-06,-4.1311412242882705e-09,1.7230635419357067e-11,0
1327,8.9481745485973499e-11,2.4839329401238732e-05,2.4834491432576033e-05,4.8379686626991191e-09,1.5868578956829776e-11,0
1328,5.5408551589258307e-11,4.1887230434792776e-06,4.1815688464000983e-06,7.1541970791792493e-09,2.4661790832074857e-11,0
1329,-3.5411650775838294e-11,1.6040176583737367e-05,1.6038244759410278e-05,1.9318243270895717e-09,2.9649672658173746e-11,0
1330,-1.3896122829776247e-10,2.7969719056415840e-05,2.7980203758377995e-05,-1.0484701962155344e-08,6.2319363636296522e-11,0
1331,-4.9479482748428131e-11,5.2808987136245249e-05,5.2814745349136800e-05,-5.7582128915509268e-09,3.9604535248838551e-11,0
1332,-8.3552676708792616e-11,3.2158385201708000e-05,3.2161209008107702e-05,-2.8238063997016762e-09,5.7016578969642908e-11,0
1333,-1.7437287900635833e-10,4.4009861640987094e-05,4.4024039297886184e-05,-1.4177656899089957e-08,6.1098219703283976e-11,0
1334,-3.4073193832519598e-11,-2.0650620877079012e-05,-2.0652223693177413e-05,1.6028160984016824e-09,1.6296388472787687e-11,0
1335,-1.2489339627138764e-10,-8.7992083282160960e-06,-8.7939228649647169e-06,-5.2854632513791254e-09,1.4513335431303303e-11,0
1336,-9.0820202223757865e-11,1.1851441550602727e-05,1.1855069285130843e-05,-3.6277345281151684e-09,2.2450825123074816e-11,0
1337,3.3438702819132474e-10,-3.0730736155044555e-06,-3.0757330937265011e-06,2.6594782220456217e-09,8.9890062363711583e-12,0
1338,1.8502909627473199e-10,-7.1223221076825716e-06,-7.1322046722393132e-06,9.8825645567415907e-09,1.4631630052977499e-11,0
1339,2.0814894151625110e-10,1.7702358700490833e-05,1.7701698801824815e-05,6.5989866601846728e-10,7.3682613079979099e-12,0
1340,-1.4935793211010933e-10,-4.0492334030129556e-06,-4.0511447974210167e-06,1.9113944080610567e-09,2.0104081609427841e-11,0
1341,-1.2623808669749354e-10,2.0775448234459752e-05,2.0782908924915712e-05,-7.4606904559593743e-09,5.0843167522919842e-12,0
1342,2.3119845582486042e-11,2.4824655670383985e-05,2.4834042405583188e-05,-9.3867351992027947e-09,1.3754642234804316e-11,0
1343,3.2103425009089700e-10,-3.0766470784312789e-06,-3.0758426062220040e-06,-8.0447220927492484e-10,3.2392389577773476e-11,0
1345,2.6774991870555099e-10,-1.8329771852774158e-04,-1.8329757535148441e-04,-1.4317625717289416e-10,6.4026993505760457e-11,0
1346,1.9629610281899542e-10,1.7700555951973528e-05,1.7701715093972218e-05,-1.1591419986908076e-09,2.2827601197147043e-11,0
1347,1.1306775122224951e-10,-5.7673882294852902e-06,-5.7578404209455275e-06,-9.5478085397627117e-09,4.1169414872220289e-11,0
1348,-2.5572401626985564e-10,-4.0652363259190485e-06,-4.0521758595230841e-06,-1.3060466395964486e-08,3.5216147478878342e-11,0
1349,-5.3284331417811553e-11,-1.8022103878432411e-04,-1.8021371210977932e-04,-7.3266745447843860e-09,2.3098180012083828e-11,0
1350,-1.2473814727219864e-10,2.0777209832767950e-05,2.0783016797034044e-05,-5.8069642660939929e-09,1.8097458718770638e-11,0
1351,-2.0796649890854984e-10,-2.6906474760828025e-06,-2.6828190995696825e-06,-7.8283765131200357e-09,1.3135904132821129e-11,0
1352,2.0243968477909469e-10,-1.7615583763118045e-04,-1.7616482426790155e-04,8.9866367210982619e-09,2.5939524349502769e-11,0
1353,1.3098586866086755e-10,2.4842476864592265e-05,2.4835182666240097e-05,7.2941983521677544e-09,3.2066706429195744e-11,0
1354,4.7757517359525555e-11,1.3745842362116595e-06,1.3722245980851296e-06,2.3596381265298740e-09,1.7445279208810175e-11,0
1355,-7.1453815894955586e-11,2.0099825321215131e-04,2.0100006698596089e-04,-1.8137738095843660e-09,2.2683093421659005e-11,0
1356,-1.5468216747994867e-10,1.7753039424763580e-04,1.7753258934879347e-04,-2.1951011576731416e-09,9.3827750178596389e-12,0
1357,-8.3228351354369762e-11,-2.3467862889407927e-05,-2.3466079527209964e-05,-1.7833621979635903e-09,1.3960045842462385e-11,0
1358,8.2999135621387636e-10,5.3709124733965219e-07,5.3738419820658095e-07,-2.9295086692876385e-10,1.8850652084629094e-11,0
1359,2.9564772359347104e-10,-3.7108467460585104e-05,-3.7110093877429338e-05,1.6264168442337327e-09,6.5615441215527286e-11,0
1360,-8.3547450083282108e-11,6.9093915774100755e-06,6.9066632125585228e-06,2.7283648515526819e-09,1.7831150093483839e-11,0
1361,-5.3434363342945647e-10,-3.7645731306918014e-05,-3.7652046125525415e-05,6.3148186074009891e-09,1.5828696874575631e-11,0
1362,-9.1353880760669580e-10,6.3722916813888260e-06,6.3739419468819743e-06,-1.6502654931483258e-09,2.0326489121689905e-11,0
1363,-3.7919517410998448e-10,4.4017981454563815e-05,4.4022394275960519e-05,-4.4128213967046387e-09,6.9859338633512077e-11,0
1364,-1.1090377261181126e-10,6.9066955516049102e-06,6.9065762993069247e-06,1.1925229798551937e-10,1.4516225238498600e-11,0
1365,8.0272281711650913e-10,5.6131230911970814e-06,5.6198229040153432e-06,-6.6998128182618123e-09,1.4101401307343462e-11,0
1366,-2.4094797968716053e-10,-4.0233327741386743e-06,-4.0521457817101860e-06,2.8813007571511665e-08,4.3216969132784572e-11,0
1367,-2.0655037710934385e-10,-1.8021870934707067e-04,-1.8021494606245444e-04,-3.7632846162233280e-09,1.5094900051707736e-11,0
1368,-1.2630147591836574e-10,-3.2030598003681028e-05,-3.2032139946317807e-05,1.5419426367788321e-09,3.4025307999448642e-11,0
1369,-1.4392410414197702e-10,2.0786025209312137e-05,2.0782995597581098e-05,3.0296117310391567e-09,8.9840456066158747e-12,0
1370,-2.4382666097244830e-10,1.3837316685007262e-07,1.3116025821392669e-07,7.2129086361459205e-09,4.5003899050113860e-11,0
1371,-2.4382748818806486e-10,-2.6700597548588029e-06,-2.6831928591086883e-06,1.3133104249885462e-08,1.5472928205760553e-11,0
1372,-1.0436707966505757e-09,-9.6364943425047977e-06,-9.6701181029727180e-06,3.3623760467920257e-08,6.5858569871897906e-11,0
1373,-1.0092731940989034e-09,-1.8583180773041014e-04,-1.8582998033606538e-04,-1.8273943447582718e-09,2.5349240080321017e-11,0
1374,-9.2902429307430861e-10,-3.7643718788071562e-05,-3.7655570073843719e-05,1.1851285772156975e-08,3.7810468633964865e-11,0
1375,-9.4664692130817659e-10,1.5172959303743142e-05,1.5157868661777319e-05,1.5090641965822020e-08,1.4306427018818122e-11,0
1377,-1.0465503051417972e-09,-8.2831887997097953e-06,-8.3068930680114611e-06,2.3704268301665812e-08,2.9579165730417198e-11,0
1378,3.4397603107236268e-11,-1.7619538348977865e-04,-1.7616608676157235e-04,-2.9296728206292194e-08,1.4108324192203912e-11,0
1379,9.7023879570224802e-11,2.4809403655406612e-05,2.4835133545608645e-05,-2.5729890202033694e-08,3.2546925217117368e-11,0
1380,-2.8786813468601387e-12,4.1616554531847053e-06,4.1811966094005362e-06,-1.9541156215830969e-08,2.8369107717702282e-11,0
1381,-2.8795085630237932e-12,1.3533408530965602e-06,1.3718295208488025e-06,-1.8488667752242321e-08,1.1561033980011078e-11,0
1382,6.2626273162569627e-11,2.0100476482908447e-04,2.0100128523701003e-04,3.4795920744344275e-09,1.1544417152747926e-11,0
1383,-3.7276283888870947e-11,1.8035700942268217e-04,1.8034346978655421e-04,1.3539636127952960e-08,1.5082187317486463e-11,0
1384,-3.7277111107923074e-11,1.7754871340584788e-04,1.7753345744619300e-04,1.5255959654884898e-08,5.5341094311073917e-12,0
1385,-1.1464650424270385e-10,2.8007158894652676e-05,2.7980295803450297e-05,2.6863091202378783e-08,6.7176456776980020e-11,0
1386,-8.0248901603496344e-11,-1.4818816058878418e-04,-1.4818534276329947e-04,-2.8178254847196528e-09,4.1387376314270836e-11,0
1387,-1.7622628196553589e-11,5.2816625451014131e-05,5.2815467252155229e-05,1.1581988589018572e-09,3.3858768919687955e-11,0
1388,-1.1752518553762075e-10,3.2168850099998161e-05,3.2160913094451087e-05,7.9370055470746968e-09,7.6300140208813617e-11,0
1389,-1.1752601276013060e-10,2.9360566025890197e-05,2.9344892051365402e-05,1.5673974524795724e-08,3.9438922195665392e-11,0
1390,-9.9902558006262716e-11,-2.0647811644482032e-05,-2.0653251191249310e-05,5.4395467672772467e-09,3.6256398028831859e-11,0
1391,-9.9903385228386410e-11,-2.3456062782391089e-05,-2.3466437314421304e-05,1.0374532030214812e-08,1.3706079789185144e-11,0
1393,-3.0187603255841891e-10,3.5160333014781775e-06,3.5229859419004944e-06,-6.9526404223169034e-09,3.8285468372220024e-11,0
1394,-1.2912783952819150e-10,6.9089238119205386e-06,6.9066759409546636e-06,2.2478709658750178e-09,9.8513286344446293e-12,0
1395,-1.3680639652895264e-10,-3.2025504666565244e-05,-3.2032259168749356e-05,6.7545021841119318e-09,1.2495194411318130e-11,0
1396,-1.0878880196719181e-10,2.0806802951725892e-05,2.0783391930417053e-05,2.3411021308838927e-08,2.6818351900090047e-12,0
1397,2.8017594587000364e-11,5.2832274070047959e-05,5.2815980404720131e-05,1.6293665327828382e-08,1.4665134401224762e-11,0
1398,-1.1492405765703489e-09,-9.6785488953822149e-06,-9.6711072816509542e-06,-7.4416137312606896e-09,2.0378183813309902e-11,0
1399,-9.5366328255140523e-10,-1.8584346917327119e-04,-1.8582936432863032e-04,-1.4104844640866606e-08,1.2738796190793054e-11,0
1400,1.9557729408790251e-10,-1.7616488876512695e-04,-1.7616446067074220e-04,-4.2809438475675463e-10,1.7290010235935028e-11,0
1401,9.9310306170640083e-11,5.0909060751152396e-06,5.0787248813910066e-06,1.2181193724233003e-08,2.9460792393690725e-11,0
1402,5.7683168248090636e-10,5.6212109547579270e-06,5.6177201357531032e-06,3.4908190048237400e-09,2.7264438041814117e-11,0
1403,-1.2030760515977557e-10,-4.0464168854937449e-06,-4.0511825454549007e-06,4.7656599611557989e-09,1.7232801613641627e-11,0
1404,8.1577768459092932e-12,-1.8021649670924011e-04,-1.8021279019674077e-04,-3.7065124993491873e-09,1.2484334634859940e-11,0
1405,-9.7607550663398238e-11,-3.2031746368209118e-05,-3.2031939597288028e-05,1.9322907890992422e-10,2.5797695800206177e-11,0
1406,-1.3955100222680873e-10,2.0783145056472877e-05,2.0783231518180062e-05,-8.6461707185395229e-11,8.8333425828169035e-12,0
1407,-8.7476634966361661e-11,1.3240110526002713e-07,1.3253503485778932e-07,-1.3392959776218905e-10,1.5338016833971579e-11,0
1408,6.1058411880955431e-11,1.2026456713051109e-05,1.1997202331211468e-05,2.9254381839641193e-08,1.4534692900254896e-11,0
1409,4.7752137596758754e-10,5.3032755069207845e-07,5.3442482287266328e-07,-4.0972721805848246e-09,2.7821424788794836e-11,0
1410,-2.1961791327081404e-10,-9.1373359437655266e-06,-9.1341566841160729e-06,-3.1792596494536893e-09,4.4844899857523809e-11,0
1411,-9.1152530963938942e-11,-1.8530736327620340e-04,-1.8529682007152181e-04,-1.0543204681588529e-08,1.6919632137163667e-11,0
1412,-1.9691785748811853e-10,-3.7122754676334122e-05,-3.7114281670032497e-05,-8.4730063016247477e-09,7.2589588499563827e-11,0
1413,-2.3886130903156748e-10,1.5692189358674016e-05,1.5696546642410303e-05,-4.3572837362864183e-09,1.7481010786937648e-11,0
1414,-1.8678694306532435e-10,-4.9585595407149793e-06,-4.9524627866313393e-06,-6.0967540836399632e-09,4.4432287639750673e-11,0
1415,-3.8251894411718718e-11,6.9355608967114693e-06,6.9077764390803452e-06,2.7784457631124060e-08,1.9839411941664124e-11,0
1416,-6.9713928917248580e-10,-9.6676584277807093e-06,-9.6670300841604139e-06,-6.2834362029540679e-10,3.5749947250132458e-11,0
1417,-5.6867390687906668e-10,-1.8583765411746018e-04,-1.8582574183632878e-04,-1.1912281131399183e-08,1.5643649899709521e-11,0
1418,-6.7443923344239316e-10,-3.7652960175875438e-05,-3.7653172755482866e-05,2.1257960742724312e-10,3.6042925933421733e-11,0
1419,-7.1638268498736019e-10,1.5161898993518164e-05,1.5160260606594270e-05,1.6383869238938039e-09,1.0853223168397590e-11,0
1420,-6.6430831897028640e-10,-5.4888075894155876e-06,-5.4874059210407685e-06,-1.4016683748190820e-09,4.8022656214031395e-11,0
1421,-5.1577327038988254e-10,6.4054493883972802e-06,6.3779790512506397e-06,2.7470337146640487e-08,5.2338091885797888e-11,0
1422,1.2846538232667586e-10,-1.7617004969825573e-04,-1.7616489216448240e-04,-5.1575337733228421e-09,1.3837518338295945e-11,0
1423,-1.9243395667997337e-11,2.4829612167820425e-05,2.4834408991091587e-05,-4.7968232711618813e-09,1.7447992420132632e-11,0
1424,3.2830970202077079e-11,4.1788318926440447e-06,4.1816125926407354e-06,-2.7806999966907222e-09,1.4049650449689487e-11,0
1425,1.8136601898714572e-10,1.6072956823273178e-05,1.6041130219178581e-05,3.1826604094597279e-08,3.3856305311915307e-11,0
1426,-1.4770877865625773e-10,2.0099955673542457e-04,2.0099937233095330e-04,1.8440447126645380e-10,8.4775456709679536e-12,0
1427,-9.5634411934446568e-11,1.8034885439671168e-04,1.8034270313655677e-04,6.1512601549137003e-09,1.1085276302739008e-11,0
1428,5.2900635662530781e-11,1.9224299042358388e-04,1.9221573645022952e-04,2.7253973354355752e-08,1.8866449120722610e-11,0
1429,-2.2700054445438074e-11,2.7985231382129938e-05,2.7981056904986635e-05,4.1744771433031033e-09,5.5814431643136614e-11,0
1430,1.0576532755171527e-10,-1.4818474091972574e-04,-1.4818339650605987e-04,-1.3444136658699157e-09,3.0291500684689840e-11,0
1431,-4.1943451562677548e-11,5.2814854754066666e-05,5.2815496696832605e-05,-6.4194276593921868e-10,2.9844398253012406e-11,0
1432,1.0130915746563210e-11,3.2164023111952780e-05,3.2162081067769998e-05,1.9420441827824896e-09,6.6598143185458936e-11,0
1433,1.5866596252739029e-10,4.4058159379613271e-05,4.4027686529729750e-05,3.0472849883520631e-08,5.3513756018140647e-11,0
1434,5.2074367241972393e-11,-2.0650763069680889e-05,-2.0652118273407698e-05,1.3552037268092429e-09,2.1951112434679688e-11,0
1435,2.0060941411568209e-10,-8.7566487605890420e-06,-8.7909581258971559e-06,3.4309365308113972e-08,3.7983379209584787e-11,0
1436,1.4853504852937899e-10,1.1894075470823308e-05,1.1857925107047872e-05,3.6150363775436014e-08,3.7852279121888231e-11,0
1437,-4.1594997284951341e-10,-2.2637715521266200e-06,-2.2467337899959397e-06,-1.7037762130680224e-08,2.7167048696362564e-11,0
1438,3.7590722135878743e-10,-3.0938488770546058e-06,-3.0752816563939567e-06,-1.8567220660649079e-08,3.1059908223659484e-11,0
1439,-9.6130314842755631e-11,-7.1697774710575979e-06,-7.1350443942175775e-06,-3.4733076840020343e-08,5.3892687477051339e-11,0
1440,1.1532496812931510e-10,-1.8332956705931214e-04,-1.8329841422263081e-04,-3.1152836681326438e-08,2.9111960045724571e-11,0
1441,2.8801091191265446e-10,-3.5131597709260436e-05,-3.5112733575022333e-05,-1.8864134238102297e-08,6.2507356050504415e-11,0
1442,2.5802122891393931e-10,1.7684525680487437e-05,1.7702925124272169e-05,-1.8399443784732295e-08,1.9892686171181275e-11,0
1443,-5.7967721738210123e-11,-2.9878567411080470e-06,-2.9483915535236986e-06,-3.9465187584348370e-08,5.3766611886313513e-11,0
1444,-4.7203753608583455e-10,-4.0760043109929617e-06,-4.0544777260672262e-06,-2.1526584925735442e-08,3.6504793482507031e-11,0
1445,-2.6058225310375029e-10,-1.8023574531181828e-04,-1.8021508389118494e-04,-2.0661420633340819e-08,3.1287072059950476e-11,0
1446,-8.7896309461013899e-11,-3.2037767398522283e-05,-3.2031895602201571e-05,-5.8717963207120740e-09,4.8243714280492976e-11,0
1447,-1.1788599247194111e-10,2.0778343803903908e-05,2.0783572067223064e-05,-5.2282633191561912e-09,1.6829797222854707e-11,0
1448,-4.3387494296927731e-10,1.0596257433125034e-07,1.2935194593123627e-07,-2.3389371599985936e-08,4.4218415278639305e-11,0
1449,2.1145528301422615e-10,-1.7615968869178541e-04,-1.7616388923795775e-04,4.2005461723423725e-09,2.5981147405621665e-11,0
1450,3.5415154285067982e-10,2.4854429289287647e-05,2.4838046741970864e-05,1.6382547316782560e-08,4.0574531530692947e-11,0
1451,3.8162593162202762e-11,4.1820094572863351e-06,4.1817279366099161e-06,2.8152067641902615e-10,3.9568892576087384e-11,0
1452,1.4269625990834461e-10,2.0101406889306943e-04,2.0100201172720315e-04,1.2057165866278174e-08,1.7963722153621856e-11,0
1453,-1.7329268985602218e-10,1.8034172237203837e-04,1.8034182431185471e-04,-1.0193981634298507e-10,2.4343713330844665e-11,0
1454,-3.8414122651387851e-10,2.7961567406128984e-05,2.7977716422113752e-05,-1.6149015984767462e-08,8.9693075587757385e-11,0
1455,-1.7268594352728216e-10,-1.4819792839016604e-04,-1.4818574097374818e-04,-1.2187416417860572e-08,6.6981451490191265e-11,0
1456,-2.9989683023706217e-11,5.2816192090185084e-05,5.2815788765744222e-05,4.0332444086182018e-10,3.5983922031476145e-11,0
1457,-3.4597863339203244e-10,3.2143629620140848e-05,3.2158849259041244e-05,-1.5219638900395769e-08,7.3413541294412609e-11,0
1458,-3.1598895038712294e-10,-2.0672363415357928e-05,-2.0655646258303841e-05,-1.6717157054086935e-08,4.4726632524083869e-11,0
1459,8.0785909483516445e-10,5.3561131964233524e-07,5.3753127112399713e-07,-1.9199514816618850e-09,1.6452576557162594e-11,0
1460,-1.9649205259238843e-10,6.9102810776777886e-06,6.9066342952660561e-06,3.6467824117324813e-09,1.9407332747489356e-11,0
1461,-1.0043511476492066e-09,6.3746997735623012e-06,6.3737154611623522e-06,9.8431239994897063e-10,1.6313258392814699e-11,0
1462,-6.3819991806477909e-10,-4.0753608752976123e-06,-4.0560741882203649e-06,-1.9286687077247349e-08,4.2818629951290434e-11,0
1463,-4.2938961876265967e-10,-1.8023710322746453e-04,-1.8021648712764686e-04,-2.0616099817664111e-08,2.0003881786684128e-11,0
1464,-1.1127040473859185e-10,2.0789149760279814e-05,2.0783758497504091e-05,5.3912627757227746e-09,2.3822202583098632e-11,0
1465,-6.1033564476134177e-10,-2.7022773302146086e-06,-2.6866699509200477e-06,-1.5607379294560883e-08,1.7757106526985487e-11,0
1466,2.0881029944132727e-10,-1.7616169853117147e-04,-1.7616369474552116e-04,1.9962143496901098e-09,2.5501854117377426e-11,0
1467,5.2692951284496731e-10,2.4864529783891545e-05,2.4839831412019157e-05,2.4698371872388107e-08,4.0555590562631865e-11,0
1468,2.7864273362983955e-11,1.3731429040486631e-06,1.3723074824291617e-06,8.3542161950138108e-10,1.8862954891022512e-11,0
1469,3.1811921320124329e-10,2.0102618642097239e-04,2.0100360592562505e-04,2.2580495347341613e-08,2.0628621168436497e-11,0
1470,-1.8094602610674608e-10,1.7753478346725290e-04,1.7753154546308689e-04,3.2380041660104442e-09,1.1346391643790750e-11,0
1471,-4.9906524006350359e-10,-2.3491459672776022e-05,-2.3470693206188798e-05,-2.0766466587223364e-08,1.6027715187121907e-11,0
1472,3.6652679141171766e-10,2.0544426955430156e-06,2.0103120891133535e-06,4.4130606429662108e-08,2.3049550644695434e-11,0
1473,2.4848181193961265e-10,8.9242942163149375e-06,8.9125113652444590e-06,1.1782851070478418e-08,1.8695294112348800e-11,0
1474,-1.1804497953614174e-10,6.8698414163346697e-06,6.9076166292555573e-06,-3.7775212920887610e-08,2.7451199849991010e-11,0
1475,1.9394963636893944e-09,6.0520475559308617e-06,6.0734721876700509e-06,-2.1424631739189142e-08,6.5166988833985116e-11,0
1476,-9.9824605269336043e-11,-3.2032106998947769e-05,-3.2032075016815250e-05,-3.1982132518487347e-11,2.8575761807711129e-11,0
1477,-1.2529160242695503e-10,2.0784281741512210e-05,2.0783734887375282e-05,5.4685413692812817e-10,6.2463315375707096e-12,0
1478,-4.1270421795606107e-10,-2.6867876133369710e-06,-2.6849057112479197e-06,-1.8819020890512523e-09,7.9389997763509029e-12,0
1479,-2.5466997160171714e-11,5.2816371918227786e-05,5.2816123812425011e-05,2.4810580277539671e-10,2.7761859106507459e-11,0
1480,-3.1287961261815612e-10,2.9345284745060062e-05,2.9343088199335741e-05,2.1965457243209750e-09,3.9795361293001433e-11,0
1481,-2.8741261558092342e-10,-2.3471041950748166e-05,-2.3468908899451303e-05,-2.1330512968622671e-09,6.8044061647352128e-12,0
1482,2.5269189907763904e-10,-1.7616036138534187e-04,-1.7616310613567595e-04,2.7447503340798617e-09,2.6019098836874165e-11,0
1483,3.4485673315964530e-11,4.1814233836547608e-06,4.1818043780141411e-06,-3.8099435938031674e-10,4.3673767156167046e-11,0
1484,-2.1820622577702152e-10,1.8034172112769314e-04,1.8034113203888196e-04,5.8908881117873853e-10,2.6596921107462032e-11,0
1485,4.3683220695545097e-10,2.0625386845402743e-06,2.0108670409471649e-06,5.1671643593109427e-08,1.9182260675338248e-11,0
1486,2.5643761435456505e-10,8.9182964510708430e-06,8.9127154298740941e-06,5.5810211967488913e-09,9.6118829311418242e-12,0
1487,-1.8039459266181842e-10,6.8557431388404505e-06,6.9072646642766652e-06,-5.1521525436214663e-08,2.7355551471750965e-11,0
1488,4.3132449376425032e-11,5.0980327253834223e-06,5.0777644933656952e-06,2.0268232017727130e-08,3.3448871042894380e-11,0
1489,-9.1014148280424278e-11,-1.8021885709832564e-04,-1.8021317636871486e-04,-5.6807296107798735e-09,1.2114103903837352e-11,0
1490,-1.3110477195861182e-10,2.0782337999482141e-05,2.0783803843915226e-05,-1.4658444330854954e-09,1.4209383435996036e-11,0
1491,-2.3412870511371269e-10,-2.6846525988885334e-06,-2.6833202984731000e-06,-1.3323004154334016e-09,1.0326471969118002e-11,0
1492,-1.3414659858019310e-10,-1.8531680999173128e-04,-1.8529623077780745e-04,-2.0579213923829342e-08,2.8369066269382118e-11,0
1493,-1.7423722161835701e-10,1.5684352857498612e-05,1.5698179343285209e-05,-1.3826485786596319e-08,2.6195925646514473e-11,0
1494,-2.7726115556533050e-10,-7.7826467757679402e-06,-7.7695479898807366e-06,-1.3098785887203556e-08,2.1041244222542656e-11,0
1495,-4.0090623703125607e-11,2.0100116783597160e-04,2.0100034861032616e-04,8.1922564543722431e-10,1.4370327379409182e-11,0
1496,-1.4311455682710664e-10,1.7753418853839152e-04,1.7753159599802896e-04,2.5925403625650691e-09,7.4834580870327942e-12,0
1497,-1.0302393296047156e-10,-2.3467003760927006e-05,-2.3467396598658846e-05,3.9283773184005302e-10,9.7151705629207894e-12,0
1498,1.4910114722589107e-09,6.0630653199609738e-06,6.0693498697006259e-06,-6.2845497396520509e-09,7.9834930236616203e-11,0
1499,1.7821682378567960e-10,-7.1308292901349837e-06,-7.1327344072992325e-06,1.9051171642487581e-09,2.0515038235685453e-11,0
1500,3.7852345179747589e-10,-3.5090288973652073e-05,-3.5111812992223452e-05,2.1524018571379006e-08,7.5802040389080390e-11,0
1501,2.3490212826707410e-10,-2.9434624734241827e-06,-2.9457469090439202e-06,2.2844356197375178e-09,2.4212324985751314e-11,0
1502,2.0433357623639532e-10,8.9154269416261145e-06,8.9124123949550062e-06,3.0145466711082789e-09,2.1857904485354539e-11,0
1503,5.6685304491142286e-11,4.1873710041333452e-06,4.1820736613349738e-06,5.2973427983714016e-09,1.8596445431389471e-11,0
1504,2.6116752885169859e-11,1.6046220119057993e-05,1.6040616138240463e-05,5.6039808175291307e-09,2.2996385936147698e-11,0
1505,-2.0030662863459743e-10,2.7959588916127813e-05,2.7979242492675683e-05,-1.9653576547870382e-08,6.0891323302695595e-11,0
1506,-1.4362132413982690e-10,3.2147103083223112e-05,3.2160703367382570e-05,-1.3600284159458122e-08,7.1023979047211250e-11,0
1507,-1.7418987548005714e-10,4.4005695918052090e-05,4.4025268414975270e-05,-1.9572496923180320e-08,7.4166164722201877e-11,0
1508,-3.0568551453453479e-11,1.1858880747213016e-05,1.1856963795147587e-05,1.9169520654286509e-09,2.3185146830982834e-11,0
1509,2.5326303984499862e-10,1.7704586253049258e-05,1.7703490269923261e-05,1.0959831259972261e-09,2.9492057542357116e-11,0
1510,6.8399921513474972e-10,6.0566534131287772e-06,6.0619716416759506e-06,-5.3182285471733593e-09,5.6583945802321253e-11,0
1511,4.0591039107025108e-10,-3.0656290909650968e-06,-3.0749400865785082e-06,9.3109956134113391e-09,7.6781350736708159e-12,0
1512,2.6877295828647907e-10,2.0038008797179999e-06,2.0090994153142988e-06,-5.2985355962989731e-09,1.0533960555930266e-11,0
1513,1.8259874378063340e-10,-7.1279031971212617e-06,-7.1327745023910020e-06,4.8713052697403278e-09,9.5155043162898609e-12,0
1514,3.2862201202226170e-10,-3.5105403747020310e-05,-3.5112224170926287e-05,6.8204239059760146e-09,2.8678383978087681e-11,0
1515,2.7739189453343687e-10,1.7707155812934005e-05,1.7703820160102786e-05,3.3356528312194567e-09,7.4347058114597791e-12,0
1516,2.3985928755101121e-10,-2.9375438894713862e-06,-2.9457095552656876e-06,8.1656657943013851e-09,9.8381745593437705e-12,0
1517,2.3986596283802195e-10,-5.7458786552923302e-06,-5.7567858474950549e-06,1.0907192202724645e-08,4.2179834448293620e-12,0
1518,-1.3713743272356662e-10,5.0694269329324901e-06,5.0759494417022742e-06,-6.5225087697841515e-09,8.1747558804053044e-12,0
1519,-2.2331164773689993e-10,-4.0622759437488514e-06,-4.0525882550177202e-06,-9.6876887311312125e-09,1.2949101428731955e-11,0
1520,-7.7288379081193916e-11,-3.2039840557342245e-05,-3.2031967617435509e-05,-7.8729399067357974e-09,1.8369929020979670e-11,0
1521,-1.2851849657456616e-10,2.0772777017236642e-05,2.0784021597788441e-05,-1.1244580551799115e-08,5.2624167757696478e-12,0
1522,-1.6605110394829400e-10,1.2808844379965691e-07,1.3165702723536882e-07,-3.5685834357119148e-09,1.1056890499163939e-11,0
1523,-1.6604442866073990e-10,-2.6802473779179766e-06,-2.6827619099015816e-06,2.5145319836050050e-09,4.5512934699722937e-12,0
1524,-8.6174214628285113e-11,-9.1317099998981799e-06,-9.1327937973500799e-06,1.0837974518999817e-09,2.0206781743750879e-11,0
1525,5.9849053714161693e-11,-3.7109325366144631e-05,-3.7111371794551334e-05,2.0464284067033011e-09,3.8456922767105964e-11,0
1526,8.6189362235743597e-12,1.5703355090006981e-05,1.5700251341703122e-05,3.1037483038591582e-09,9.8575883668401961e-12,0
1527,-2.8913670853296374e-11,-4.9413394735044885e-06,-4.9504932539026918e-06,9.1537803982032114e-09,1.1252596093501465e-11,0
1528,-2.8906995566800335e-11,-7.7496828621908750e-06,-7.7671572787381259e-06,1.7474416547250823e-08,4.6756403752382949e-12,0
1529,9.4793151111632902e-11,2.4835059891126741e-05,2.4836614489437640e-05,-1.5545983108983220e-09,1.2077301441669152e-11,0
1530,5.7260543785641658e-11,4.1903628109668696e-06,4.1821559171550727e-06,8.2068938117969037e-09,1.2220240462494094e-11,0
1531,5.7267219073896003e-11,1.3820097683435451e-06,1.3727535980940548e-06,9.2561702494902673e-09,5.5767810657491091e-12,0
1532,-1.4602326846173142e-10,2.7977438698431091e-05,2.7979672936465809e-05,-2.2342380347178243e-09,4.2400042087497913e-11,0
1533,-5.1230117491690422e-11,5.2812621867357259e-05,5.2816293252355393e-05,-3.6713849981334840e-09,2.5481300759769796e-11,0
1534,-8.8762724681949806e-11,3.2167946798018071e-05,3.2161208384783813e-05,6.7384132342577412e-09,3.4536744316911025e-11,0
1535,-8.8756049395364816e-11,2.9359614521549601e-05,2.9345110143818878e-05,1.4504377730723174e-08,2.2780197102667892e-11,0
1536,-3.7532607060087154e-11,-2.0644684854696609e-05,-2.0653807241413451e-05,9.1223867168424393e-09,1.1709069399088487e-11,0
1537,-3.7525931772125425e-11,-2.3453029842773754e-05,-2.3467062590800155e-05,1.4032748026401160e-08,5.2898994134586393e-12,0
1540,3.2100242165229271e-10,-1.8328812502760652e-04,-1.8329581210873536e-04,7.6870811288370835e-09,6.2482200923754832e-11,0
1541,2.3402493940445598e-10,-1.7614948531744640e-04,-1.7616254145784790e-04,1.3056140401505965e-08,4.0578041645304447e-11,0
1542,4.9629950059660968e-10,5.6168210570599689e-06,5.6167828054877651e-06,3.8251572203737893e-11,8.4913997724491727e-12,0
1543,-7.8731547540120949e-11,-3.2031477390681747e-05,-3.2032020081153436e-05,5.4269047168966668e-10,1.8454430380413187e-11,0
1544,-1.6123486198322573e-10,2.0783997560529861e-05,2.0783851754642702e-05,1.4580588715969135e-10,4.9182743278614268e-12,0
1545,-4.6888420869822748e-10,1.1988036636728910e-05,1.1993087609850369e-05,-5.0509731214595397e-09,1.1795243248722624e-11,0
1546,-5.7503104863709519e-10,-3.7648259832444991e-05,-3.7651923404621527e-05,3.6635721765361268e-09,1.5770133989492299e-11,0
1547,-6.5753436315193924e-10,1.5167174140104205e-05,1.5162040073143915e-05,5.1340669602895897e-09,7.8053128541036725e-12,0
1548,-9.6518371012443728e-10,6.3712264954836340e-06,6.3748842581872587e-06,-3.6577627036247129e-09,1.5153274635633097e-11,0
1549,-8.2503314458568807e-11,5.2815370029024133e-05,5.2816171888445660e-05,-8.0185942152692646e-10,2.1687361815855037e-11,0
1550,-3.9015266122173636e-10,4.4019389974824311e-05,4.4023644714773161e-05,-4.2547399488500532e-09,4.9509196639871321e-11,0
1551,-3.0764934673893113e-10,-8.7959616729303344e-06,-8.7955698686510927e-06,-3.9180427924172050e-10,1.1360585897981711e-11,0
1552,5.0620689875831225e-10,5.1386530854902190e-06,5.0815512402230550e-06,5.7101845267164009e-08,1.8445095670390741e-11,0
1553,7.8691969661270275e-10,5.6130661406241346e-06,5.6193885327473323e-06,-6.3223921231977273e-09,1.0986930967505266e-11,0
1554,-3.7066295456058446e-10,-4.0256246710661248e-06,-4.0541127238193921e-06,2.8488052753267340e-08,3.0126122724704749e-11,0
1555,-2.9756575238762905e-10,-1.8021698473192249e-04,-1.8021456936764422e-04,-2.4153642782685433e-09,1.1416541479359923e-11,0
1556,-1.3234506638418403e-10,-3.2031054852690822e-05,-3.2032551951092288e-05,1.4970984014658385e-09,3.4252213689821497e-11,0
1557,-1.4962215601770022e-10,2.0786691120730158e-05,2.0784101562127021e-05,2.5895586031368081e-09,6.8775134843147006e-12,0
1558,-3.6906351961680272e-10,1.3826553765285132e-07,1.2974698923591704e-07,8.5185484169342864e-09,3.7440870786198925e-11,0
1559,-3.6906342301073053e-10,-2.6701108763096254e-06,-2.6846922222641238e-06,1.4581345954498371e-08,1.2126713131750869e-11,0
1560,2.8071279473283302e-10,4.7439284062145148e-07,5.3331326226047923e-07,-5.8920421639027747e-08,2.5600514122161658e-11,0
1561,-8.7686985929378317e-10,-9.1643572045422943e-06,-9.1399227613786468e-06,-2.4434443163647438e-08,7.9776258859409294e-11,0
1562,-8.0377265674594051e-10,-1.8535569751055268e-04,-1.8530139634322741e-04,-5.4301167325273517e-08,4.6487965132461964e-11,0
1563,-6.3855196693185633e-10,-3.7169562749928345e-05,-3.7117493910653137e-05,-5.2068839275207820e-08,7.0367304691622324e-11,0
1564,-6.5582905631679712e-10,1.5648027984265997e-05,1.5694784351665569e-05,-4.6756367399572473e-08,1.5767375488624310e-11,0
1566,-8.7527032787063314e-10,-7.8087983896232838e-06,-7.7746652218278741e-06,-3.4133167795409627e-08,3.5704589394921218e-11,0
1567,-1.1575826512711794e-09,-9.6386818280464609e-06,-9.6715207462213104e-06,3.2838918174849478e-08,4.1420141579876817e-11,0
1568,-1.0844854490841879e-09,-1.8583003885117044e-04,-1.8582928810140638e-04,-7.5074976405931429e-10,1.5658491304840599e-11,0
1569,-9.1926476295082683e-10,-3.7644130709972015e-05,-3.7654991736321472e-05,1.0861026349457043e-08,3.6597716046512374e-11,0
1570,-9.3654185257256265e-10,1.5173618471373343e-05,1.5159723312166921e-05,1.3895159206421824e-08,1.0282062226134917e-11,0
1571,-1.1559832163210812e-09,-5.4747194625070356e-06,-5.4918760664652863e-06,1.7156603958250744e-08,5.8071604079286523e-11,0
1572,-1.1559831197313551e-09,-8.2831927773474590e-06,-8.3078229300692511e-06,2.4630152721792189e-08,1.7835175207586283e-11,0
1573,7.3097202513399986e-11,-1.7619141993191478e-04,-1.7616373151175917e-04,-2.7688420155616567e-08,1.0101667741859033e-11,0
1574,2.2104080258757656e-10,2.4812312510360396e-05,2.4838222748540514e-05,-2.5910238180118289e-08,2.3346087252735687e-11,0
1575,1.5994348354523034e-12,4.1638502083301242e-06,4.1817765040635798e-06,-1.7926295733455632e-08,1.3328636732325881e-11,0
1576,1.5995314269528266e-12,1.3554842603594359e-06,1.3723632954912407e-06,-1.6879035131804755e-08,4.9789952230265298e-12,0
1577,1.4794359679111685e-10,2.0100366005844144e-04,2.0100205605098025e-04,1.6040074611958256e-09,9.1257106045751592e-12,0
1578,-7.1497767277507304e-11,1.8035528257550129e-04,1.8034176504160996e-04,1.3517533891326764e-08,1.1045389706924647e-11,0
1579,-7.1497670687477418e-11,1.7754689819687169e-04,1.7753164111668020e-04,1.5257080191491109e-08,4.1285792267484184e-12,0
1580,-2.3831788860201552e-10,2.8005454850441383e-05,2.7978730327020423e-05,2.6724523420960353e-08,6.2492181961401441e-11,0
1581,-1.6522068638732633e-10,-1.4818597259633887e-04,-1.4818460871261611e-04,-1.3638837227571837e-09,3.8897578130287280e-11,0
1582,-1.7277089609997723e-11,5.2817668740480234e-05,5.2816949060801861e-05,7.1967967837319874e-10,2.8072603114094043e-11,0
1583,-2.3671845366128803e-10,3.2169314562988799e-05,3.2159873737222474e-05,9.4408257663247219e-09,7.8686096722623145e-11,0
1584,-2.3671835706854441e-10,2.9360950112753206e-05,2.9343751731084241e-05,1.7198381668964995e-08,4.0646301206753297e-11,0
1585,-2.1944136464385904e-10,-2.0648440320894176e-05,-2.0655805471877081e-05,7.3651509829047892e-09,2.9926285155177010e-11,0
1586,-2.1944126805128484e-10,-2.3456788258096641e-05,-2.3469082140716577e-05,1.2293882619936121e-08,1.0167834747233765e-11,0
1588,-2.5284824140008769e-10,3.5189957423280988e-06,3.5234316395532312e-06,-4.4358972251324613e-09,3.8998822105471635e-11,0
1589,5.6940250472608794e-10,5.6234293729171686e-06,5.6173866787996312e-06,6.0426941175373606e-09,1.7589134216546916e-11,0
1590,-5.8974342901151100e-11,-1.8021572123822719e-04,-1.8021229906038007e-04,-3.4221778471177789e-09,1.0374917507058643e-11,0
1591,-1.0292651458038501e-10,-3.2032082280965225e-05,-3.2032314567352927e-05,2.3228638770225653e-10,2.6145662718591519e-11,0
1592,-1.4511996473460051e-10,2.0784151129675326e-05,2.0784239932186332e-05,-8.8802511005704136e-11,8.9812799981434221e-12,0
1593,5.2449649128527015e-11,1.2026000862044861e-05,1.1998034725992338e-05,2.7966136052523207e-08,1.1275231541019328e-11,0
1594,-6.2837684890769134e-10,-1.8583904553730150e-04,-1.8582502594152072e-04,-1.4019595780785047e-08,1.2198549880151268e-11,0
1595,-6.7232901950226782e-10,-3.7655537402927000e-05,-3.7652705705947650e-05,-2.8316969793504960e-09,2.5411781941091509e-11,0
1596,-7.1452246962311115e-10,1.5160705296076923e-05,1.5161889990111775e-05,-1.1846940348518543e-09,1.0171820004478026e-11,0
1597,-5.1695285521339560e-10,6.4027887449096335e-06,6.3792519241356665e-06,2.3536820773967055e-08,3.1934177666199479e-11,0
1598,-8.6145621459679421e-11,2.0099980511473735e-04,2.0099992761029952e-04,-1.2249556216917777e-10,9.4571394059806341e-12,0
1599,1.1142399258618717e-10,1.9224176541430757e-04,1.9221604052666136e-04,2.5724887646206293e-08,1.7429512954581663e-11,0
1600,4.3952171743281086e-11,-1.4818359927022164e-04,-1.4818258038855185e-04,-1.0188816697894593e-09,3.3035568298165669e-11,0
1601,-4.2193450155357986e-11,5.2816178071349946e-05,5.2816847003698330e-05,-6.6893234838317790e-10,2.9403951843945666e-11,0
1602,1.5537616367319383e-10,4.4058011259579671e-05,4.4028884076563821e-05,2.9127183015850841e-08,4.9735776525612480e-11,0
1603,1.9756961385083371e-10,-8.7581121758946445e-06,-8.7909744970476137e-06,3.2862321152969220e-08,3.8469010628120187e-11,0
1605,3.4574207629994445e-10,5.6091294274472278e-06,5.6153244713165970e-06,-6.1950438693691604e-09,2.8196360032201417e-11,0
1606,-7.9554672135438912e-10,-4.0666725569958248e-06,-4.0581200324629026e-06,-8.5525245329221651e-09,2.1560469447206135e-11,0
1607,-6.0237093964883537e-10,-1.8023021738110961e-04,-1.8021711891477911e-04,-1.3098466330508946e-08,1.8067666387572399e-11,0
1608,-9.7854260118814162e-11,2.0796812813896927e-05,2.0784785002965070e-05,1.2027810931857294e-08,1.2846980361488377e-11,0
1609,-7.8148064973564794e-10,-2.6947030725751192e-06,-2.6885077305280891e-06,-6.1953420470301082e-09,8.4748204079998025e-12,0
1610,-1.1412887977906903e-09,-9.6757636463495021e-06,-9.6714401086274012e-06,-4.3235377221009287e-09,3.2132819045498225e-11,0
1611,-9.4811301605766791e-10,-1.8583934914551299e-04,-1.8582779543208894e-04,-1.1553713424053641e-08,2.0303451851948619e-11,0
1612,-4.4359633659101352e-10,1.5187694945336359e-05,1.5164528595407479e-05,2.3166349928880741e-08,2.4095991096371581e-11,0
1613,-1.1272227261632620e-09,-8.3038081860236160e-06,-8.3075495357596627e-06,3.7413497360466724e-09,1.5977994330277856e-11,0
1614,1.9317578180558191e-10,-1.7616353240027319e-04,-1.7616227161543476e-04,-1.2607848384282947e-09,2.5876819449019600e-11,0
1615,6.9769246109775573e-10,2.4863479079191217e-05,2.4842916493755823e-05,2.0562585435393967e-08,1.8967399814770927e-11,0
1616,1.4066071651757101e-11,1.3720128269989300e-06,1.3725672647364448e-06,-5.5443773751480643e-10,1.2305497023417219e-11,0
1617,5.0451667889962337e-10,2.0102701747001447e-04,2.0100529667608938e-04,2.1720793925094316e-08,1.5049876544201762e-11,0
1618,-1.7910971026794827e-10,1.7753552582890422e-04,1.7753038613553150e-04,5.1396933727250460e-09,1.0572620605446838e-11,0
1619,-6.8362638971905316e-10,-2.3491512503578255e-05,-2.3473588350902676e-05,-1.7924152675578885e-08,8.3495033819770316e-12,0
1620,2.9644163478117315e-10,-3.7055184135485753e-05,-3.7108802613827719e-05,5.3618478341966799e-08,7.0991447050656470e-11,0
1621,4.2686443580798818e-10,-3.0892559818225009e-06,-3.0746731870058960e-06,-1.4582794816604863e-08,3.1762218020202422e-11,0
1622,-1.0485614028686445e-10,-7.1712720138943087e-06,-7.1356807488881600e-06,-3.5591265006148717e-08,4.1776320812503739e-11,0
1623,1.1410228163326518e-10,-1.8332917158528361e-04,-1.8329714690930519e-04,-3.2024675978426084e-08,3.1413261679242830e-11,0
1624,3.4144983470164540e-10,-3.5129567794695438e-05,-3.5111951866372239e-05,-1.7615928323199629e-08,6.0527729409526288e-11,0
1625,3.1516708467763484e-10,1.7688873129880107e-05,1.7704961826174216e-05,-1.6088696294108701e-08,3.7834212312379603e-11,0
1626,-6.7811229153871118e-11,-2.9888134796644816e-06,-2.9485347713504538e-06,-4.0278708314027843e-08,4.4125213287358748e-11,0
1627,-5.3172057603760882e-10,-4.0820071141919184e-06,-4.0558045384125418e-06,-2.6202575779376594e-08,2.9896335570664019e-11,0
1628,-3.1276215410657680e-10,-1.8023997105598433e-04,-1.8021435948789525e-04,-2.5611568089072131e-08,3.3812457763048635e-11,0
1629,-8.5414601114641771e-11,-3.2040352620398265e-05,-3.2032228524238576e-05,-8.1240961596895644e-09,4.8268131244871665e-11,0
1630,-1.1169735114915756e-10,2.0778145831965369e-05,2.0784780961781087e-05,-6.6351298157172104e-09,3.4372491268117241e-11,0
1631,-4.9467566490054075e-10,1.0036522590448071e-07,1.2852566464798046e-07,-2.8160438743499749e-08,3.6394813588034474e-11,0
1632,2.1895842203713332e-10,-1.7615792519701592e-04,-1.7616182646086799e-04,3.9012638520618918e-09,3.4312140607295142e-11,0
1633,4.2002322418142797e-10,2.4860246052469878e-05,2.4840598672964002e-05,1.9647379505875832e-08,5.5366861921889641e-11,0
1634,3.7044911201350631e-11,4.1824495327625580e-06,4.1822545730514505e-06,1.9495971110749854e-10,2.9254894648004933e-11,0
1635,2.0106480221201422e-10,2.0101806956230109e-04,2.0100253757867617e-04,1.5531983624922883e-08,3.6156684226825267e-11,0
1636,-1.8191351083248322e-10,1.8034030038196558e-04,1.8034035846863341e-04,-5.8086667827040792e-11,2.9084738329645607e-11,0
1637,-4.4630597483581762e-10,2.7958289336780032e-05,2.7976712039394447e-05,-1.8422702614415766e-08,4.9259251641684314e-11,0
1638,-2.2734755289084705e-10,-1.4819954562876082e-04,-1.4818473805524617e-04,-1.4807573514656050e-08,7.1539401279104170e-11,0
1639,-2.6282750047560723e-11,5.2818492718915793e-05,5.2817294581845685e-05,1.1981370701076490e-09,8.2799639000142488e-11,0
1640,-4.0926106369052654e-10,3.2140727862254789e-05,3.2158317975509089e-05,-1.7590113254299276e-08,6.3286081690197850e-11,0
1641,-3.8297831366736824e-10,-2.0677801981399888e-05,-2.0657716326002969e-05,-2.0085655396918982e-08,7.9735330095885878e-11,0
1642,5.4653038514328167e-10,5.6640813805549153e-07,5.3599082440010469e-07,3.0417313655386844e-08,3.0185869689645610e-11,0
1643,-2.1414910688234288e-10,6.9057017787362267e-06,6.9088667597713119e-06,-3.1649810350851100e-09,1.4842506771447570e-11,0
1644,-7.6067949188538264e-10,6.3393445266400270e-06,6.3773672748386369e-06,-3.8022748198609991e-08,2.5987624651336455e-11,0
1645,6.4650697815818979e-10,5.6175358246306206e-06,5.6179876519450089e-06,-4.5182731438823357e-10,1.3491816378678631e-11,0
1646,3.0743983690064124e-10,-1.8017503684083711e-04,-1.8020855406286664e-04,3.3517222029533266e-08,2.2114344009374944e-11,0
1647,-1.7699873731604213e-10,2.0784562721711279e-05,2.0784348232909095e-05,2.1448880218387736e-10,2.0208617923851418e-11,0
1648,-3.3906714255023043e-10,-1.8579251444015253e-04,-1.8582192277778964e-04,2.9408337637109542e-08,3.4672075370795507e-11,0
1649,-8.2350571670798509e-10,1.5167063066246628e-05,1.5161505395946797e-05,5.5576702998305752e-09,2.5288461313843263e-11,0
1650,-4.8443857409598444e-10,2.0095962869584594e-04,2.0099630519864966e-04,-3.6676502803724680e-08,1.9286658898680042e-11,0
1651,3.8819118698122096e-10,2.0250499798753901e-06,2.0094609077099747e-06,1.5589072165415441e-08,2.2896593406633056e-11,0
1652,1.7348114332197212e-10,-7.1326157090323417e-06,-7.1332997904604084e-06,6.8408142806674526e-10,1.8623142212846048e-11,0
1653,4.3332448990853549e-10,-3.5075082486343140e-05,-3.5111037333671388e-05,3.5954847328248515e-08,6.8384956788482886e-11,0
1654,3.8680573868428334e-10,1.7725757433995418e-05,1.7706019798491588e-05,1.9737635503829849e-08,1.4458687703989075e-11,0
1655,2.3076314893967477e-10,-2.9458722635589824e-06,-2.9458349215093351e-06,-3.7342049647286495e-11,2.2087818462821313e-11,0
1656,2.6049494650533259e-10,8.9197678925130586e-06,8.9142609830360429e-06,5.5069094770156685e-09,1.8773520206402484e-11,0
1657,-2.1471004455713388e-10,-9.1576747854064597e-06,-9.1337634903436760e-06,-2.3911295062783663e-08,3.4534009257240003e-11,0
1658,4.5133302737090540e-11,-3.7100120065499407e-05,-3.7110741563645250e-05,1.0621498145843198e-08,7.5546746705031519e-11,0
1659,-1.3854484709153781e-12,1.5700718416388447e-05,1.5702091282993510e-05,-1.3728666050628836e-09,1.6236016037821371e-11,0
1660,-1.5742803893071887e-10,-4.9708958896237457e-06,-4.9509523828892084e-06,-1.9943506734537302e-08,2.4730802061555110e-11,0
1661,-1.2769624055881402e-10,6.8947520990743361e-06,6.9102040082069942e-06,-1.5451909132658104e-08,1.8769756940514536e-11,0
1662,2.1332459573976514e-10,2.4858333707239791e-05,2.4839243216046678e-05,1.9090491193112370e-08,1.8274001161132655e-11,0
1663,5.7282005622499696e-11,4.1867357552954378e-06,4.1825824448902950e-06,4.1533104051427776e-09,2.4011239529866242e-11,0
1664,8.7013803606615574e-11,1.6052404077858753e-05,1.6043019071457299e-05,9.3850064014541204e-09,2.8133671791926091e-11,0
1665,-2.5984334736608584e-10,2.7942458242422724e-05,2.7978289362804888e-05,-3.5831120382164282e-08,7.6510501585656967e-11,0
1666,-4.6518751206774210e-11,5.2800832183734665e-05,5.2817505260958377e-05,-1.6673077223711402e-08,4.8663871605702566e-11,0
1667,-2.0256134173869510e-10,3.2129323429948287e-05,3.2160208818725255e-05,-3.0885388776968003e-08,6.3209026652051769e-11,0
1668,-1.7282954328757837e-10,4.3994737561596324e-05,4.4026533497182414e-05,-3.1795935586089656e-08,6.6844088442981836e-11,0
1669,-1.5604259040730781e-10,-2.0671597184164850e-05,-2.0656044999833375e-05,-1.5552184331475000e-08,1.7906471563054118e-11,0
1670,-1.2631079210023640e-10,-8.8059708394198910e-06,-8.7939129926925921e-06,-1.2057846727298949e-08,1.6848647428701768e-11,0
1671,2.9731798144026944e-11,1.1865569311608499e-05,1.1858886466092809e-05,6.6828455156895414e-09,2.0233264116761456e-11,0
1672,-1.4554469806495250e-10,-1.7982334701073174e-04,-1.7979054639311130e-04,-3.2800617620447337e-08,5.2786968891784265e-11,0
1673,-3.5664458751454637e-10,-2.2907662585221894e-06,-2.2460432658129508e-06,-4.4722992709238627e-08,4.0832760555751175e-11,0
1674,-2.1109988984287870e-10,1.7753251564920990e-04,1.7752952439751207e-04,2.9912516978343809e-09,5.0430962372871218e-12,0
1675,-3.7947563093308181e-11,-5.7930500029588355e-06,-5.7594087575263443e-06,-3.3641245432491203e-08,9.3816464001737997e-12,0
1676,4.4120048573142559e-10,5.6272673814791729e-06,5.6160491552221706e-06,1.1218226257002330e-08,1.3800800794413363e-11,0
1677,-5.3042121271480701e-10,-4.0609814852582589e-06,-4.0560976157912824e-06,-4.8838694669764443e-09,2.4589340442790854e-11,0
1678,-1.2055327640807000e-10,2.0785790833265897e-05,2.0785148559728591e-05,6.4227353730600401e-10,8.8644839297670371e-12,0
1679,-9.7162169856784960e-10,-9.6882161716074083e-06,-9.6700784192544349e-06,-1.8137752352973479e-08,2.5279467433278780e-11,0
1680,-5.6175376152951852e-10,1.5158529053902609e-05,1.5164322189012795e-05,-5.7931351101864838e-09,1.1185182333122333e-11,0
1681,4.0986793615560027e-10,2.4846805987293642e-05,2.4841265655658158e-05,5.5403316354839987e-09,2.2502315737989525e-11,0
1682,2.9723829353662687e-10,5.1411446258271126e-06,5.0788743510260755e-06,6.2270274801037128e-08,2.5435888149009950e-11,0
1683,5.7998800476470081e-10,5.6168957621475710e-06,5.6172923215266486e-06,-3.9655937907767278e-10,2.6939927389069286e-11,0
1684,-2.9282858010760626e-10,-1.8021741467169096e-04,-1.8021363557041206e-04,-3.7791012789001755e-09,1.0649594209271294e-11,0
1685,-1.3774083235090829e-10,2.0786051530572195e-05,2.0785066035072337e-05,9.8549549985878638e-10,1.6838184287000507e-11,0
1686,-4.2512412391205700e-10,-2.6810243739091785e-06,-2.6854688166481754e-06,4.4444427389968316e-09,1.0720660640458799e-11,0
1687,2.8274970940027393e-10,4.7584360166573469e-07,5.3393526829600214e-07,-5.8091666630267443e-08,7.6471621683388104e-11,0
1688,-5.9006687662778799e-10,-1.8535855788540112e-04,-1.8529775959759049e-04,-6.0798287810633978e-08,3.0136514873605991e-11,0
1689,-4.3497912666933072e-10,1.5644894518085026e-05,1.5698598524656453e-05,-5.3704006571427416e-08,3.0201244843455136e-11,0
1690,-7.2236242064514132e-10,-7.8221992243845961e-06,-7.7726887754535808e-06,-4.9510448931015320e-08,2.8866320441467134e-11,0
1691,-8.7281658538156743e-10,-1.8583433522582557e-04,-1.8582634599925504e-04,-7.9892265705328643e-09,1.8876924407384786e-11,0
1692,-7.1772883666072653e-10,1.5169184308821450e-05,1.5163016512544609e-05,6.1677962768405499e-09,5.6729209949322383e-11,0
1693,-1.0051121292796500e-09,-8.2979635966575361e-06,-8.3064033500833644e-06,8.4397534258283364e-09,2.5863790961268140e-11,0
1694,1.5508774760872012e-10,2.0100353379993692e-04,2.0100211745929875e-04,1.4163406381691081e-09,1.6433313663882811e-11,0
1695,-1.3229554379065957e-10,1.7753638591136434e-04,1.7752997490956830e-04,6.4110017960322934e-09,6.8454465041055584e-12,0
1696,-2.8738329178511715e-10,-2.3467158972621631e-05,-2.3470852427375557e-05,3.6934547539260645e-09,1.2155443591252507e-11,0
1697,1.2827603349133786e-10,-7.1365425140328641e-06,-7.1338501497820112e-06,-2.6923642508528626e-09,2.0252578837411521e-11,0
1698,1.8186824781885529e-10,-2.9520392279061558e-06,-2.9462928593669538e-06,-5.7463685392019725e-09,2.0126076235530877e-11,0
1699,3.2693494375107947e-10,8.9438892924183222e-06,8.9152220984901103e-06,2.8667193928211883e-08,9.0845125259442160e-12,0
1700,5.3592214323157336e-11,4.1844901045337383e-06,4.1826832505693931e-06,1.8068539643452175e-09,1.6838246508802203e-11,0
1701,1.9865891042887761e-10,1.6080432794243066e-05,1.6044527600138506e-05,3.5905194104560227e-08,3.2713102242686206e-11,0
1702,1.4506669624273145e-10,1.1895889526037512e-05,1.1860301801536959e-05,3.5587724500552498e-08,3.4456215988801974e-11,0
1703,-1.6016812229604182e-11,5.2818715421279775e-05,5.2818176365447198e-05,5.3905583257763193e-10,1.9806645227992425e-11,0
1704,-2.8705049570917103e-10,-2.2654301539337326e-06,-2.2453736980379308e-06,-2.0056455895801862e-08,3.9062186797510756e-11,0
1705,1.1507504027747961e-10,5.0904148078227685e-06,5.0770351062905475e-06,1.3379701532220982e-08,4.2260431620945708e-11,0
1706,5.5620292386241160e-10,5.6266458571836014e-06,5.6170253929817226e-06,9.6204642018788599e-09,2.5457655632345814e-11,0
1707,-3.0430844807234681e-10,-4.0523028692843882e-06,-4.0542296464149515e-06,1.9267771305633258e-09,2.8383698481770279e-11,0
1708,-1.2038500473153198e-10,-1.8021492269653088e-04,-1.8021185791946981e-04,-3.0647770610681569e-09,1.0878240146292135e-11,0
1709,-1.0648188920256226e-10,-3.2032338775640767e-05,-3.2032643255504507e-05,3.0447986373947217e-10,3.3435205984702401e-11,0
1710,-1.4813197695380453e-10,2.0785130655502312e-05,2.0785173507708755e-05,-4.2852206443119885e-11,8.1759554835929720e-12,0
1711,-2.6495198338879506e-10,1.2897449806585637e-07,1.3044224373660431e-07,-1.4677456707479458e-09,2.3999333635632308e-11,0
1712,4.7298085672348558e-11,1.2027248796571410e-05,1.1998814208899581e-05,2.8434587671829066e-08,1.7956251640368756e-11,0
1713,4.4112788301759869e-10,5.3621917528012125e-07,5.3551732876075075e-07,7.0184651937050627e-10,2.4533157733098590e-11,0
1714,-4.1938349026404659e-10,-9.1426447851841904e-06,-9.1355340503970955e-06,-7.1107347870948622e-09,4.2006636464747571e-11,0
1715,-2.3546004670206486e-10,-1.8530537396925680e-04,-1.8529413655770716e-04,-1.1237411549631492e-08,2.1710917851041330e-11,0
1716,-2.2155693012469337e-10,-3.7122801862844029e-05,-3.7112819810912495e-05,-9.9820519315347699e-09,7.1704317789219510e-11,0
1717,-2.6320701783128606e-10,1.5694699694200273e-05,1.5700585987101259e-05,-5.8862929009856151e-09,1.4381053812274127e-11,0
1719,-6.7776954686372226e-11,6.9368658224934834e-06,6.9115860661092479e-06,2.5279756384235573e-08,2.3127442801222937e-11,0
1720,-8.6051137347169467e-10,-9.6789285516396019e-06,-9.6691557525088823e-06,-9.7727991307196331e-09,3.0704030898991756e-11,0
1721,-6.7658792988399735e-10,-1.8584146396578155e-04,-1.8582432214618499e-04,-1.7141819596563175e-08,1.6877354294409004e-11,0
1722,-6.6268481315595993e-10,-3.7659011401274672e-05,-3.7652211646170246e-05,-6.7997551044261849e-09,2.9281128661106914e-11,0
1723,-7.0433490085654883e-10,1.5158482246768051e-05,1.5163445736030992e-05,-4.9634892629401661e-09,9.0263289854669655e-12,0
1724,-8.2115490879934213e-10,-5.4976566074881397e-06,-5.4888327544510178e-06,-8.8238530371219034e-09,3.3257696896673844e-11,0
1725,-5.0890483763919047e-10,6.4008504460900083e-06,6.3804898022464182e-06,2.0360643843590084e-08,4.7286552020669330e-11,0
1726,1.8392344352068649e-10,-1.7616269573760435e-04,-1.7616089252477226e-04,-1.8032128320903673e-09,3.0401179932358859e-11,0
1727,1.5617647217260988e-10,2.4837480366714931e-05,2.4839426514338798e-05,-1.9461476238665930e-09,1.6462184667064985e-11,0
1728,3.9356464679783614e-11,4.1813191781966963e-06,4.1826126522293157e-06,-1.2934740326193804e-09,2.0248946243195572e-11,0
1730,-2.7746971910170193e-11,2.0100005332285807e-04,2.0100045452708419e-04,-4.0120422611857227e-10,9.7881575340886013e-12,0
1731,-1.4456697872286055e-10,1.8034392944282947e-04,1.8033982675287063e-04,4.1026899588400296e-09,1.5643659932689732e-11,0
1732,1.6768309086609354e-10,1.9224227053647042e-04,1.9221634513028006e-04,2.5925406190358035e-08,2.1672872501264137e-11,0
1733,-1.9782655876126954e-10,2.7980056111757967e-05,2.7978695074264525e-05,1.3610374934421238e-09,8.6297578415229468e-11,0
1734,-1.3903115436837098e-11,-1.4818267402131116e-04,-1.4818185591868331e-04,-8.1810262785118187e-10,4.3252850634120409e-11,0
1735,-4.1650087758386629e-11,5.2817462758766723e-05,5.2818079253612626e-05,-6.1649484590253116e-10,2.5462261345437611e-11,0
1736,-1.5847009407512300e-10,3.2161246950003150e-05,3.2160625472449682e-05,6.2147755346776473e-10,8.9915424722258561e-11,0
1737,1.5377997482463805e-10,4.4059635189098306e-05,4.4029983338906241e-05,2.9651850192065083e-08,5.8343096973777160e-11,0
1738,-1.1682000635863479e-10,-2.0656164027708923e-05,-2.0656214202134213e-05,5.0174425290266163e-11,1.5902533711519482e-11,0
1739,1.9543006259827949e-10,-8.7578353580516910e-06,-8.7909837273962125e-06,3.3148369344521508e-08,3.1306109162354011e-11,0
1740,3.1225007033135018e-10,1.1898402075074394e-05,1.1861982220497931e-05,3.6419854576462253e-08,5.2298153265076344e-11,0
1741,5.9231556162221011e-10,5.6261084892365865e-06,5.6173221327817214e-06,8.7863564548650350e-09,1.5390859720950488e-11,0
1742,-1.4192172760183028e-10,-4.0274937853981840e-06,-4.0528389262938886e-06,2.5345140895704570e-08,2.9267127080933595e-11,0
1743,5.8550257213433104e-11,-1.8020672399801305e-04,-1.8021010059369568e-04,3.3765956826371443e-09,1.4750515773793721e-11,0
1744,-8.8191641561455851e-11,1.4923578546197080e-07,1.3201930084186429e-07,1.7216484620106516e-08,2.8107435898332045e-11,0
1745,-7.3423729151306147e-10,-9.6535817306667680e-06,-9.6680476715254419e-06,1.4465940858673866e-08,3.2717101204402493e-11,0
1746,-5.3376530619474316e-10,-1.8583281772132547e-04,-1.8582287445664824e-04,-9.9432646772290231e-09,1.6388008216931849e-11,0
1747,-6.8050720541381273e-10,-5.4768700016591745e-06,-5.4875542276539559e-06,1.0684225994781341e-08,4.0105270086457881e-11,0
1748,2.0047198542184310e-10,-1.7617925307294655e-04,-1.7616052465880110e-04,-1.8728414145446860e-08,1.9557558734856836e-11,0
1749,5.3730086111503471e-11,4.1766404952296027e-06,4.1828018349618818e-06,-6.1613397322791307e-09,3.7654001539576579e-11,0
1750,-1.4674189913050231e-10,1.8035596225326588e-04,1.8033965573275586e-04,1.6306520510018119e-08,1.8060920710635622e-11,0
1751,3.9174352507678668e-10,1.9959931873043957e-06,2.0090652287975840e-06,-1.3072041493188364e-08,4.8691249363315315e-11,0
1752,2.0344824881045828e-10,1.7667395449246989e-05,1.7705065139901283e-05,-3.7669690654293597e-08,2.9852893972093824e-11,0
1753,-1.4407822866495310e-11,-5.8037016622911747e-06,-5.7592348933069479e-06,-4.4466768984226770e-08,2.0932749530422371e-11,0
1754,-1.8829527624946208e-10,1.5671529214306146e-05,1.5701533364404198e-05,-3.0004150098052266e-08,2.4137164254353403e-11,0
1755,-4.0615134788523827e-10,-7.7996522941450874e-06,-7.7695894610949320e-06,-3.0062833050155467e-08,2.2237929723989236e-11,0
1756,-2.1785607061688538e-10,-2.3471146124900055e-05,-2.3470662107517519e-05,-4.8401738253635957e-10,7.6574962829724385e-12,0
1757,-4.0067172579524860e-10,4.4021015031796545e-05,4.4025112383192595e-05,-4.0973513960504936e-09,5.4105043878614744e-11,0
1758,-1.6563443557380021e-10,6.9150924153051421e-06,6.9112542728068848e-06,3.8381424982573341e-09,2.3162702833527643e-11,0
1759,-1.1318995942672690e-10,3.5274333716125983e-06,3.5247012331243500e-06,2.7321384882483182e-09,4.6896169908402846e-11,0
1760,1.7481217163649390e-10,5.6005406519404541e-06,5.6134797257713342e-06,-1.2939073830880116e-08,1.6739909411320549e-11,0
1761,-1.0374993352075194e-09,-4.0600638522843456e-06,-4.0611077310855175e-06,1.0438788011718307e-09,2.1776785193888761e-11,0
1762,-8.5588399264767479e-10,-1.8023046158708624e-04,-1.8021821877325017e-04,-1.2242813836067096e-08,1.0336351820686768e-11,0
1763,-8.0210432697915848e-11,-3.2024616538476377e-05,-3.2032500911662424e-05,7.8843731860468919e-09,6.6721359675891016e-11,0
1764,-5.5970377721800820e-11,2.0824719840517071e-05,2.0786324162356839e-05,3.8395678160231653e-08,1.7211346836459145e-11,0
1765,-1.0408710185891357e-09,-2.6925225487545862e-06,-2.6912268531665348e-06,-1.2956955880513986e-09,1.2620790516776318e-11,0
1766,-1.2123115085339868e-09,-9.6606144298584315e-06,-9.6724530621818007e-06,1.1838632323369220e-08,2.4832492490634575e-11,0
1767,-1.0306961656672460e-09,-1.8583101860769960e-04,-1.8582716944224174e-04,-3.8491654578596494e-09,1.3467585843114686e-11,0
1768,-2.5502260548972705e-10,-3.7625051413352206e-05,-3.7648373405968177e-05,2.3321992615970405e-08,5.4922089624066407e-11,0
1769,-2.3078255057081833e-10,1.5224155055651792e-05,1.5168226988948823e-05,5.5928066702969290e-08,1.7643550965301355e-11,0
1770,-1.2156831918647778e-09,-8.2930611514518866e-06,-8.3082887082117708e-06,1.5227556759884149e-08,1.2094589518438388e-11,0
1771,1.8161534255783130e-10,-1.7617039522988508e-04,-1.7616037215595847e-04,-1.0023073926607520e-08,1.2688591992028469e-11,0
1772,9.8152895748849410e-10,2.4884764877465375e-05,2.4847459657071457e-05,3.7305220393918105e-08,3.0456741342706004e-11,0
1773,-3.3716833869029630e-12,1.3675615750515999e-06,1.3729020730626908e-06,-5.3404980110909701e-09,1.3242029300767715e-11,0
1774,7.9991361517952379e-10,2.0105519167152100e-04,2.0100797726119618e-04,4.7214410324816509e-08,1.4897253805983191e-11,0
1775,-1.8498702633412503e-10,1.7753793703887029e-04,1.7752882663288761e-04,9.1104059826751030e-09,7.6929734709115076e-12,0
1776,-9.5728890235947973e-10,2.7964383257158762e-05,2.7971671797978910e-05,-7.2885408201483917e-09,6.5536188362558119e-11,0
1777,-7.7567355988610685e-10,-1.4820604518578362e-04,-1.4818837388300813e-04,-1.7671302775490146e-08,5.4262271120166907e-11,0
1778,2.4240054992086300e-11,5.2849010789101595e-05,5.2819077793428360e-05,2.9932995673235196e-08,1.0096893349558395e-10,0
1779,-9.6066058575372231e-10,2.9331989857343289e-05,2.9337103333456297e-05,-5.1134761130080988e-09,7.3460312893953032e-11,0
1780,-9.8490064058558860e-10,-2.3517238307111700e-05,-2.3477886153395206e-05,-3.9352153716493702e-08,1.3336864521110218e-11,0
1781,-3.5842078048302162e-10,1.5188967147867181e-05,1.5167200388259914e-05,2.1766759607267313e-08,2.4302965408482474e-11,0
1782,-1.1040946999128841e-09,-5.4929691429691715e-06,-5.4914050748580351e-06,-1.5640681111364486e-09,4.7029310442990458e-11,0
1783,-7.4567391950307927e-10,-2.0681856011660685e-05,-2.0662438819557277e-05,-1.9417192103408194e-08,1.7683918349621887e-11,0
1784,-1.7145349586239839e-10,6.9134549604023526e-06,6.9114576254135026e-06,1.9973349888499880e-09,1.2398604230045385e-11,0
1785,4.7128966939100696e-11,-2.2329725975584955e-06,-2.2422935523874960e-06,9.3209548290005156e-09,1.5178266305898157e-11,0
1786,6.6945615761956687e-10,5.5014712887265643e-07,5.3797695226219017e-07,1.2170176610466266e-08,7.6188417106655939e-11,0
1787,-2.1727879373618562e-10,6.9132259173560503e-06,6.9113270593844736e-06,1.8988579715767742e-09,1.6927010384838273e-11,0
1788,-8.8673495140669820e-10,6.3632453686244053e-06,6.3777155025098338e-06,-1.4470133885428530e-08,5.6430931996891986e-11,0
1789,4.7181914610413262e-10,-3.0842302649769938e-06,-3.0741018374557945e-06,-1.0128427521199288e-08,4.9106840436718286e-11,0
1790,-1.1612055836332436e-10,-7.1754243367409820e-06,-7.1364070992149147e-06,-3.9017237526067306e-08,5.4695632599273349e-11,0
1791,1.0568596969828011e-10,-1.8333129755395208e-04,-1.8329579140911767e-04,-3.5506144834414029e-08,4.0422480758105433e-11,0
1792,3.9090247431061985e-10,-3.5128812771130936e-05,-3.5111170847106796e-05,-1.7641924024139257e-08,8.6313683326346117e-11,0
1793,3.6956575691148976e-10,1.7693163154881581e-05,1.7707155821363111e-05,-1.3992666481530254e-08,2.8634511942200382e-11,0
1794,-8.1430010332673033e-11,-2.9926641583293001e-06,-2.9487187642829400e-06,-4.3945394046360059e-08,5.4293743807703233e-11,0
1795,-5.8793970445244156e-10,-4.0912094731483661e-06,-4.0571940761141902e-06,-3.4015397034175941e-08,3.3142304007631665e-11,0
1797,-8.0916671796783393e-11,-3.2044720542328663e-05,-3.2032585822741419e-05,-1.2134719587244245e-08,5.1816392522298854e-11,0
1798,-1.0225338920132686e-10,2.0777393027766183e-05,2.0786157919631619e-05,-8.7648918654360493e-09,2.3130424240293584e-11,0
1799,-5.5324915641842666e-10,9.1580514151312631e-08,1.2768676685208729e-07,-3.6106252700774663e-08,3.5812995027869008e-11,0
1800,2.2180652827085232e-10,-1.7615589240593354e-04,-1.7615956638693074e-04,3.6739809971988828e-09,4.1339069423233508e-11,0
1801,4.8568631464576283e-10,2.4868697889158728e-05,2.4843383341662733e-05,2.5314547495994472e-08,2.5722549703761456e-11,0
1802,3.4690548115298920e-11,4.1827617573108027e-06,4.1828344544667709e-06,-7.2697155968163012e-11,3.9357074191229654e-11,0
1803,2.6387978643929923e-10,2.0102451226330226e-04,2.0100310327961411e-04,2.1408983688148619e-08,2.5734768003798485e-11,0
1804,-1.8711598014426650e-10,1.8033866008965215e-04,1.8033875701861307e-04,-9.6928960924237348e-11,3.1733864435510312e-11,0
1805,-5.0702303259357666e-10,2.7953394303194962e-05,2.7975668047294796e-05,-2.2273744099834085e-08,5.4955078282562563e-11,0
1806,-2.8521650449567632e-10,-1.4820248941185658e-04,-1.4818358411378631e-04,-1.8905298070271857e-08,6.5662141512522475e-11,0
1807,-2.1336717418172411e-11,5.2822033751355555e-05,5.2818988512840846e-05,3.0452385147095246e-09,4.9013656265618006e-11,0
1808,-4.7233248455000865e-10,3.2136146471640689e-05,3.2157793895953626e-05,-2.1647424312937181e-08,5.5520463969992836e-11,0
1809,-4.5099576715511569e-10,-2.0685802419651012e-05,-2.0659971265187540e-05,-2.5831154463471829e-08,3.7389350273195221e-11,0
1810,5.5115261662381630e-11,-2.2301212289832159e-06,-2.2422028059781640e-06,1.2081576994948126e-08,2.8901783801662004e-11,0
1811,4.0671021720409441e-10,5.6280186465969967e-06,5.6154951266847619e-06,1.2523519912234753e-08,1.2398554542005979e-11,0
1812,-5.8694806878063435e-10,-4.0618239492665360e-06,-4.0572631375805086e-06,-4.5608116860274022e-09,2.6735826300965001e-11,0
1813,-3.9493395115384258e-10,-1.8022055536725742e-04,-1.8021364437943930e-04,-6.9109878181262876e-09,1.2034289582366027e-11,0
1814,-1.1514588730806356e-10,2.0786905744855271e-05,2.0786155468298361e-05,7.5027655690944437e-10,8.8018575843824060e-12,0
1815,-9.9365828596260452e-10,-9.6898881518665131e-06,-9.6705824308732963e-06,-1.9305720993216823e-08,2.4985179231553384e-11,0
1816,-8.0164416839405945e-10,-1.8584858297495885e-04,-1.8582464834905320e-04,-2.3934625905649770e-08,1.2545999580733426e-11,0
1817,-5.2185610383979370e-10,1.5158867612993093e-05,1.5166143140502926e-05,-7.2755275098331245e-09,1.1539647639188172e-11,0
1818,1.9201411764657750e-10,-1.7615873448435966e-04,-1.7615963865187179e-04,9.0416751212865631e-10,1.5160017027462583e-11,0
1819,4.7180218128257917e-10,2.4848709146398779e-05,2.4843451566989773e-05,5.2575794090052520e-09,2.2471411254838389e-11,0
1820,2.7978806318067615e-10,2.0100746344016950e-04,2.0100324742330626e-04,4.2160168632328441e-09,1.0583109216320721e-11,0
1821,3.6301281485447282e-10,8.9452081220645074e-06,8.9166000296323553e-06,2.8608092432152137e-08,1.6978978934034153e-11,0
1822,5.2802153171300760e-10,5.1108341548138092e-06,5.0800968048910758e-06,3.0737349922733382e-08,2.3935354394912827e-11,0
1823,7.4039415155695920e-10,5.6128983459292209e-06,5.6185082700044226e-06,-5.6099240752017002e-09,1.4566359641495822e-11,0
1824,-5.6266632933126239e-10,-4.0313376055266942e-06,-4.0570973578451188e-06,2.5759752318424607e-08,4.1521660406986689e-11,0
1825,-4.3999323330119905e-10,-1.8021443225949745e-04,-1.8021396999425815e-04,-4.6226523929787482e-10,1.4359335615022751e-11,0
1826,-1.3734328198285090e-10,-3.2031681011933984e-05,-3.2033159082488749e-05,1.4780705547644117e-09,3.3134456020007011e-11,0
1827,-1.5145231815910996e-10,2.0788010017038297e-05,2.0785906191126625e-05,2.1038259116718883e-09,8.9875478844782894e-12,0
1828,-5.5681553503525434e-10,1.3735582936325041e-07,1.2760794126163565e-07,9.7478881016147638e-09,4.2698653823494524e-11,0
1829,-5.5681430706213719e-10,-2.6712015756078650e-06,-2.6869667070284153e-06,1.5765131420550331e-08,1.5117869701431126e-11,0
1830,2.1237261625107883e-10,5.0207443294536525e-07,5.3397531881446318e-07,-3.1900885869097939e-08,2.9615449784370462e-11,0
1831,-1.0906878662361389e-09,-9.1421832292467317e-06,-9.1414710288808770e-06,-7.1220036585475629e-10,7.3255725588407143e-11,0
1832,-9.6801477023800034e-10,-1.8532528670131380e-04,-1.8529928711972919e-04,-2.5999581584619080e-08,5.6459788954676408e-11,0
1833,-6.6536481535985191e-10,-3.7142430578838634e-05,-3.7116217668699242e-05,-2.6212910139391437e-08,6.1827090443502303e-11,0
1834,-6.7947385123144355e-10,1.5677184508665690e-05,1.5698410897736247e-05,-2.1226389070557649e-08,1.7624599303342432e-11,0
1836,-1.0848358441714702e-09,-7.7820837494527000e-06,-7.7753233352426923e-06,-6.7604142100076929e-09,3.3155650703416422e-11,0
1837,-1.3030604811561116e-09,-9.6441968484746454e-06,-9.6734207297442808e-06,2.9223881269635352e-08,3.7691990449974375e-11,0
1838,-1.1803873851391518e-09,-1.8582735526493418e-04,-1.8582799539775796e-04,6.4013282378267387e-10,1.6913761299864310e-11,0
1839,-8.7773743321861440e-10,-3.7644578232043065e-05,-3.7653844012674400e-05,9.2657806313351811e-09,3.6526240679555036e-11,0
1840,-8.9184646933893345e-10,1.5175104222552493e-05,1.5162902648932657e-05,1.2201573619836852e-08,1.3864429152139983e-11,0
1841,-1.2972096868946781e-09,-5.4755912206137097e-06,-5.4931608048423631e-06,1.7569584228653412e-08,5.1504876288537988e-11,0
1842,-1.2972084589288016e-09,-8.2841164666842826e-06,-8.3090045807453014e-06,2.4888114061018818e-08,1.7388605362409143e-11,0
1843,1.2267309599017524e-10,-1.7618311757646235e-04,-1.7616012923622458e-04,-2.2988340237769861e-08,1.1137516310005064e-11,0
1844,4.1121401492489600e-10,2.4819336836437791e-05,2.4843037647068012e-05,-2.3700810630220101e-08,2.9727111287625288e-11,0
1845,5.8507940911148741e-12,4.1687001970940225e-06,4.1826633389365080e-06,-1.3963141842485452e-08,1.4248809704517597e-11,0
1846,5.8520220640903096e-12,1.3601532481361325e-06,1.3731775765088904e-06,-1.3024328372757889e-08,5.7733611230936659e-12,0
1847,2.8854091582932095e-10,2.0100244606999375e-04,2.0100332665940048e-04,-8.8058940673173269e-10,1.1784455684208523e-11,0
1848,-1.1682230177248135e-10,1.8035178652488562e-04,1.8033916067713586e-04,1.2625847749763016e-08,1.1880813010210454e-11,0
1849,-1.1682107379624461e-10,1.7754327088072112e-04,1.7752886121674471e-04,1.4409663976410695e-08,4.6210200915687509e-12,0
1850,-4.2532304763448862e-10,2.8000355044988448e-05,2.7976336245449694e-05,2.4018799538753834e-08,5.6524868580371465e-11,0
1851,-3.0264995161299043e-10,-1.4818275398759671e-04,-1.4818348817545714e-04,7.3418786043668964e-10,3.8179472879798589e-11,0
1852,-1.4109036154399095e-11,5.2819715420505129e-05,5.2819303937214464e-05,4.1148329066472387e-10,3.0970312849877340e-11,0
1853,-4.1947225335437739e-10,3.2169044695518415e-05,3.2158281896899574e-05,1.0762798618840482e-08,7.3498311363228519e-11,0
1854,-4.1947102538197476e-10,2.9360538950640169e-05,2.9342001063897219e-05,1.8537886742950717e-08,3.9148032474604075e-11,0
1855,-4.0536321769718104e-10,-2.0650666256573011e-05,-2.0659804281088906e-05,9.1380245158950713e-09,3.4973825722404075e-11,0
1856,-4.0536198972981831e-10,-2.3459191386682524e-05,-2.3473223389311430e-05,1.4032002628906753e-08,1.2446842534301730e-11,0
1858,-1.3611717842446851e-10,3.5278305936812041e-06,3.5244928083218116e-06,3.3377853593924672e-09,2.5701475980839597e-11,0
1859,-1.1321503892811274e-10,-3.2032194655513897e-05,-3.2032968209756104e-05,7.7355424220700757e-10,6.9105991358748503e-11,0
1860,-1.3549112552411411e-10,2.0787186242704611e-05,2.0786143603173559e-05,1.0426395310513881e-09,1.3153746449896078e-11,0
1861,-2.2276086600956333e-11,5.2819437873338239e-05,5.2819347593285423e-05,9.0280052815580776e-11,6.0380780626621471e-11,0
1862,-7.1397882023969033e-10,-1.8583540257080446e-04,-1.8582364112760733e-04,-1.1761443197133830e-08,2.3106384201509102e-11,0
1863,1.2419917515037264e-10,5.0908617067121908e-06,5.0762570642265018e-06,1.4604642485689052e-08,3.3139555719082197e-11,0
1864,5.3729871902910149e-10,5.6317637580453883e-06,5.6166153064626502e-06,1.5148451582738093e-08,3.1418483876146238e-11,0
1865,-3.8605974083851261e-10,-4.0544383843668652e-06,-4.0556183698430441e-06,1.1799854761788544e-09,2.3558846611534992e-11,0
1866,-1.8074227381244147e-10,-1.8021438198961631e-04,-1.8021141987007615e-04,-2.9621195401564361e-09,6.3691040829103770e-12,0
1867,-1.0876275162526474e-10,-3.2032700564200382e-05,-3.2032956600939968e-05,2.5603673958681525e-10,2.3393546364205722e-11,0
1868,-1.4916380569514183e-10,2.0786048600748169e-05,2.0786112904273408e-05,-6.4303525239208393e-11,7.0179409363842663e-12,0
1869,-3.4480520215227250e-10,1.2758647107563581e-07,1.2949114420800167e-07,-1.9046731323658597e-09,1.7488695482472291e-11,0
1870,4.4756340306162980e-11,1.2030251481989426e-05,1.1999606943287800e-05,3.0644538701625937e-08,1.1358585511757196e-11,0
1871,4.1309954320900368e-10,5.4087104368709393e-07,5.3593106687234447e-07,4.9399768147494599e-09,2.8446269197270347e-11,0
1872,-5.1025891787230918e-10,-9.1453757342556743e-06,-9.1361541445898284e-06,-9.2215896658459488e-09,4.4162620976827278e-11,0
1873,-3.0494145067339531e-10,-1.8530525951522894e-04,-1.8529289159829125e-04,-1.2367916937691898e-08,1.5424767299077425e-11,0
1874,-2.3296192741784157e-10,-3.7123589081143257e-05,-3.7112131661884913e-05,-1.1457419258344658e-08,5.1107037352318700e-11,0
1875,-2.7336298143461931e-10,1.5695171792421900e-05,1.5702494862890005e-05,-7.3230704681050899e-09,1.2901766406274330e-11,0
1876,-4.6900437920716031e-10,-4.9632848548352218e-06,-4.9527285459245294e-06,-1.0556308910692407e-08,3.0294344660323174e-11,0
1877,-7.9442834904913108e-11,6.9394442870499354e-06,6.9133954340803079e-06,2.6048852969627430e-08,1.7942191100341448e-11,0
1878,-9.2335846133479878e-10,-9.6861166068969509e-06,-9.6700279149762766e-06,-1.6088691920674306e-08,3.3076236762663668e-11,0
1879,-7.1804099409771617e-10,-1.8584597887106105e-04,-1.8582357139149987e-04,-2.2407479561181894e-08,2.0534758214920825e-11,0
1880,-6.4606147061963818e-10,-3.7664438690489938e-05,-3.7651659292061485e-05,-1.2779398428452266e-08,3.3112379321549512e-11,0
1881,-6.8646252462763317e-10,1.5154333388528451e-05,1.5165052796951255e-05,-1.0719408422803963e-08,9.7712936684851660e-12,0
1882,-8.8210392267557015e-10,-5.5040477100701951e-06,-5.4893872875772009e-06,-1.4660422492994188e-08,3.6096831534597275e-11,0
1883,-4.9254237798873825e-10,6.3986979759826906e-06,6.3817885016666786e-06,1.6909474316011960e-08,6.0736996086877461e-11,0
1885,2.3689593598981483e-10,2.4840514018709473e-05,2.4841767988974896e-05,-1.2539702654236929e-09,1.5314360991329212e-11,0
1886,4.1254538673088492e-11,4.1820544798482941e-06,4.1830717644275918e-06,-1.0172845792977834e-09,1.4852731561303673e-11,0
1887,4.3081608233681214e-10,1.6084855221857285e-05,1.6048477538327146e-05,3.6377683530139100e-08,3.9848438486754528e-11,0
1888,3.1578468350408574e-11,2.0100045979529841e-04,2.0100098991936193e-04,-5.3012406351629279e-10,9.3695729622707491e-12,0
1889,-1.6406292837981847e-10,1.8034200311098023e-04,1.8033850743998925e-04,3.4956709909800699e-09,1.1438642454794452e-11,0
1890,2.2549861446189867e-10,1.9224469410662054e-04,1.9221666650453393e-04,2.8027602086612034e-08,1.2879990334946868e-11,0
1891,-2.7729698907351480e-10,2.7978143860310500e-05,2.7977611059582549e-05,5.3280072795177280e-10,5.4002298225195478e-11,0
1892,-7.1979522069857227e-11,-1.4818177160525001e-04,-1.4818114930811445e-04,-6.2229713556120024e-10,2.9360454605092195e-11,0
1893,-4.0401054072226256e-11,5.2818696035582789e-05,5.2819302362281029e-05,-6.0632669824050960e-10,2.6117315312680844e-11,0
1894,-2.3604245038925253e-10,3.2160230494793218e-05,3.2159956501480886e-05,2.7399331233219672e-10,7.2050557659595221e-11,0
1895,1.5351909187117835e-10,4.4062807328465459e-05,4.4031080622932584e-05,3.1726705532874190e-08,4.8885608851328519e-11,0
1896,-1.9564139634417844e-10,-2.0658486002403040e-05,-2.0658133418999808e-05,-3.5258340323223087e-10,1.4450698125851569e-11,0
1897,1.9392014595865271e-10,-8.7557001322985384e-06,-8.7909873634522040e-06,3.5287231153665602e-08,2.7498886381637572e-11,0
1898,3.8956154348266688e-10,1.1902702227846451e-05,1.1863891594899301e-05,3.8810632947149678e-08,3.3133994414060188e-11,0
1899,-2.8108482793212207e-10,-2.2856363970490817e-06,-2.2452256535027915e-06,-4.0410743546290271e-08,3.9259865789205728e-11,0
1900,5.3833532510573538e-10,-3.0175951012071517e-06,-3.0734345579053727e-06,5.5839456698221052e-08,1.3854166257068617e-11,0
1901,4.1993433584145071e-10,2.0141668852988182e-06,2.0085796511184047e-06,5.5872341804134228e-09,9.3003302695663559e-12,0
1902,1.7267474348393629e-10,-7.1332482651223147e-06,-7.1340218430045947e-06,7.7357788227992545e-10,7.4388449644492356e-12,0
1903,4.5924108153906281e-10,-3.5092403772798639e-05,-3.5110422052640254e-05,1.8018279841614904e-08,2.5921030110516874e-11,0
1904,4.1165185920319013e-10,1.7719122188689096e-05,1.7708192381880646e-05,1.0929806808449846e-08,4.7899629037682503e-12,0
1905,2.3192407564178865e-10,-2.9459984561656938e-06,-2.9458933126550567e-06,-1.0514351063712349e-10,8.0428922021189277e-12,0
1906,2.3193147390877661e-10,-5.7544359139127810e-06,-5.7570840428464238e-06,2.6481289336427802e-09,3.1126521868769946e-12,0
1907,-1.1840098910095775e-10,5.0317506944371274e-06,5.0739469407605147e-06,-4.2196246323387367e-08,1.9204701024809177e-11,0
1908,-3.6566058254358716e-10,-4.1156722167361159e-06,-4.0555114392413172e-06,-6.0160777494798733e-08,2.0401179969818103e-11,0
1909,-7.9094243610513817e-11,-3.2074843537770875e-05,-3.2032722480799417e-05,-4.2121056971457986e-08,4.2890961028427418e-11,0
1910,-1.2668346593496000e-10,2.0736707370367508e-05,2.0786432658376083e-05,-4.9725288008575325e-08,6.8853963840516259e-12,0
1911,-3.0641125036445342e-10,7.1590707515813146e-08,1.2981278630574847e-07,-5.8222078789935325e-08,2.4888456645072508e-11,0
1912,-3.0640385209782845e-10,-2.7368479989624273e-06,-2.6847842135389594e-06,-5.2063785423467898e-08,8.7432027404354117e-12,0
1913,-2.4725959310071084e-10,-9.1474271749041047e-06,-9.1337382353054064e-06,-1.3688939598698320e-08,1.6632215322150557e-11,0
1914,3.9306745557361896e-11,-3.7106563635608096e-05,-3.7109560241628805e-05,2.9966060207086689e-09,4.2132841499323847e-11,0
1915,-8.2824767734189543e-12,1.5704934868473715e-05,1.5705148023362406e-05,-2.1315488869138362e-10,6.6097316634429303e-12,0
1916,-1.8801026092967209e-10,-4.9601851155819682e-06,-4.9500847188948540e-06,-1.0100396687114263e-08,1.1950443483006008e-11,0
1917,-1.8800286266337826e-10,-7.7686128638629684e-06,-7.7669641877341905e-06,-1.6486761287778928e-09,6.5619947973564721e-12,0
1918,2.3897711608083416e-10,2.4852378902492402e-05,2.4841982436676965e-05,1.0396465815437059e-08,7.0614486133357480e-12,0
1919,5.9249332164611906e-11,4.1872498926049870e-06,4.1832890893653541e-06,3.9608032396329181e-09,9.5011872904587219e-12,0
1920,5.9256730432229539e-11,1.3788221582423238e-06,1.3737913784028931e-06,5.0307798394307268e-09,3.8534123603944796e-12,0
1921,-2.8656633871092851e-10,2.7959149302451622e-05,2.7977482819636275e-05,-1.8333517184653003e-08,3.2886622762013499e-11,0
1922,-4.7589222327050067e-11,5.2811524747670494e-05,5.2819384392189286e-05,-7.8596445187925374e-09,1.7193476682739556e-11,0
1923,-2.2731700654016865e-10,3.2146395219600360e-05,3.2160040226791709e-05,-1.3645007191349467e-08,3.1857515591546021e-11,0
1924,-2.2730960827279100e-10,2.9338004320714206e-05,2.9343733172704650e-05,-5.7288519904436191e-09,1.8765775556382845e-11,0
1925,-1.7972778407502985e-10,-2.0665120097979148e-05,-2.0658135024069489e-05,-6.9850739096596578e-09,7.6901333919869358e-12,0
1926,-1.7972038580839411e-10,-2.3473557933500924e-05,-2.3471577642318543e-05,-1.9802911823813528e-09,3.0128209198861140e-12,0
1928,1.3857502210157311e-09,6.0520714143903406e-06,6.0676796157975592e-06,-1.5608201407218611e-08,8.2337043167299789e-11,0
1929,1.6428843282377737e-10,-7.1342870200611502e-06,-7.1341619005387330e-06,-1.2511952241727570e-10,1.8220110810955114e-11,0
1931,2.2112671637745074e-10,-5.7563373919468364e-06,-5.7571947341998586e-06,8.5734225302220337e-10,7.6205781072640283e-12,0
1932,3.3655459264266997e-10,8.9293536433797394e-06,8.9169467833120089e-06,1.2406860067730430e-08,1.8981766830333266e-11,0
1934,5.6838283555208363e-11,1.3779511826893590e-06,1.3738256331564008e-06,4.1255495329581317e-09,1.0969138649878087e-11,0
1935,1.7226616021412875e-10,1.6063609216151672e-05,1.6046550529523368e-05,1.7058686628304126e-08,3.4751155151884821e-11,0
1938,1.1542787682118023e-10,1.4685749130114237e-05,1.4678414875755358e-05,7.3342543588784096e-09,1.4683420834746337e-11,0
1939,-9.3310840704636142e-10,-1.8026339899910974e-04,-1.8021799939645479e-04,-4.5399602654951771e-08,8.3789930785485359e-11,0
1940,-6.2354756818716112e-10,-3.7659783049964063e-05,-3.7651338591474603e-05,-8.4444584894595898e-09,1.8546012021212893e-11,0
1941,2.2221275450973157e-10,5.6079667028197111e-06,5.6136503444258666e-06,-5.6836416061554725e-09,2.0601845048796451e-11,0
1942,-8.5592314126416235e-10,-4.0637061109296060e-06,-4.0601623761090534e-06,-3.5437348205526688e-09,1.5133835251280262e-11,0
1943,-6.8356494016263141e-10,-1.8022510260448654e-04,-1.8021557418971217e-04,-9.5284147743723673e-09,1.3583917140979188e-11,0
1944,-7.9187248520240035e-11,-3.2030391938791918e-05,-3.2032811307220374e-05,2.4193684284565036e-09,5.9547623776302292e-11,0
1945,-6.7297886290142438e-11,2.0797577959806666e-05,2.0787257789779797e-05,1.0320170026868557e-08,1.6370419862734264e-11,0
1946,-8.5175368651733737e-10,1.1677644938534737e-07,1.2478752874505987e-07,-8.0110793597124994e-09,1.4582561893161202e-11,0
1947,-1.0781358960317554e-09,-9.6716727103471128e-06,-9.6715619953258453e-06,-1.1071502126753347e-10,2.4130367831083800e-11,0
1948,-9.0577769486675260e-10,-1.8583307822057048e-04,-1.8582480187291880e-04,-8.2763476516752293e-09,1.5335661586031962e-11,0
1949,-3.0140000325335430e-10,-3.7638339627431208e-05,-3.7648356632158798e-05,1.0017004727590467e-08,5.9721954206846754e-11,0
1950,-2.8951064103556263e-10,1.5189627418343496e-05,1.5169271418915097e-05,2.0355999428398768e-08,1.8066737938568449e-11,0
1951,-1.0739664412699260e-09,-5.4911804172144175e-06,-5.4911316505009125e-06,-4.8766713505059615e-11,3.4726705035915649e-11,0
1952,1.7235820118249794e-10,-1.7616139445321422e-04,-1.7615866252980371e-04,-2.7319234105016663e-09,1.8682887243349870e-11,0
1953,7.8862525499622573e-10,2.4861284311919647e-05,2.4847462520370397e-05,1.3821791549250613e-08,2.2497280678519752e-11,0
1954,4.1694547652163166e-12,4.1804964580208562e-06,4.1829212296814829e-06,-2.4247716606267639e-09,2.0447081953333333e-11,0
1955,6.1626705359096007e-10,2.0102268014759311e-04,2.0100630350165655e-04,1.6376645936561204e-08,1.3034360111905852e-11,0
1956,-1.6818874664629532e-10,1.8034188480158409e-04,1.8033798763573126e-04,3.8971658528324377e-09,1.9441983786164032e-11,0
1957,-7.7673589272776542e-10,2.7966619694210805e-05,2.7972918112345131e-05,-6.2984181343261132e-09,5.5923434744452112e-11,0
1958,-6.0437769165782699e-10,-1.4819471410580480e-04,-1.4818546783374343e-04,-9.2462720613709082e-09,6.9027873853107089e-11,0
1959,1.1889362237493093e-11,5.2828047806201695e-05,5.2820289439992013e-05,7.7583662096822781e-09,9.7824654253224170e-11,0
1960,-7.7256643799172791e-10,3.2147247075629652e-05,3.2155094409494829e-05,-7.8473338651770491e-09,7.5649324979758137e-11,0
1961,-7.8445580022899038e-10,-2.0680816398076229e-05,-2.0663994048674858e-05,-1.6822349401371709e-08,2.4108221122820677e-11,0
1962,3.4730610070747430e-10,1.9968819955891795e-06,2.0076932526394082e-06,-1.0811257050228666e-08,2.9020128313281332e-11,0
1963,1.8411645544188845e-10,8.9096833846488699e-06,8.9157514802090490e-06,-6.0680955601791241e-09,2.3649702015389217e-11,0
1964,-1.6318964520384191e-10,6.9127961906086458e-06,6.9134442862719328e-06,-6.4809566328706352e-10,2.1452642804962558e-11,0
1965,-9.7453417823664424e-10,-1.8582796957812521e-04,-1.8582534539657861e-04,-2.6241815465955810e-09,1.5011800096366293e-11,0
1966,-1.2791450459822332e-10,1.5211174262999214e-05,1.5170844883084427e-05,4.0329379914786492e-08,2.9042031275491366e-11,0
1967,-1.1397252915567037e-09,-8.2902420795753426e-06,-8.3075361856829914e-06,1.7294106107648818e-08,1.2792579335651154e-11,0
1968,8.4661967373126026e-10,2.0103911962318470e-04,2.0100839728827703e-04,3.0722334907665573e-08,2.3778598387882472e-11,0
1969,-1.6519111341077033e-10,1.7753772729113115e-04,1.7752756969594379e-04,1.0157595187356002e-08,9.0049401279399040e-12,0
1970,-1.0118107859772778e-09,-2.3501410507824338e-05,-2.3479618181190922e-05,-2.1792326633416167e-08,2.0210983369964419e-11,0
1972,4.7631765387495802e-10,-3.7105246354846196e-05,-3.7105154669586727e-05,-9.1685259468658568e-11,5.5139986956986041e-11,0
1973,-1.9817362074553811e-10,6.9171688418649159e-06,6.9135960523121611e-06,3.5727895527547793e-09,1.6960868377127008e-11,0
1974,-6.7449127590190336e-10,4.4022432302120214e-05,4.4024288254513951e-05,-1.8559523937367256e-09,5.8318333033637144e-11,0
1975,5.7679171936204030e-10,5.6407966300669327e-06,5.6168146450273564e-06,2.3981985039576219e-08,1.5705730128404339e-11,0
1976,-2.8708833087785679e-10,-4.0429730807072656e-06,-4.0551513391438215e-06,1.2178258436555885e-08,2.4952564450582614e-11,0
1977,-4.2619716434407885e-11,-1.8020666686668213e-04,-1.8020950285478821e-04,2.8359881060831434e-09,1.5404679709548168e-11,0
1978,-1.7236557922583138e-10,2.0786295576491736e-05,2.0786537920338966e-05,-2.4234384722986581e-10,1.2680035570896987e-11,0
1979,-2.2812826263731217e-10,-2.6697159503132062e-06,-2.6842348881872714e-06,1.4518937874065166e-08,1.0837721969643667e-11,0
1980,-8.6388005275169265e-10,-9.6837786808345698e-06,-9.6696888561989148e-06,-1.4089824635654961e-08,2.4003051720355537e-11,0
1981,-6.1941143776408783e-10,-1.8584748126119262e-04,-1.8582191898652506e-04,-2.5562274667568228e-08,1.9487610032226216e-11,0
1982,-7.4915729939105341e-10,1.5145530848005573e-05,1.5165451121209207e-05,-1.9920273203634099e-08,1.6294942144725603e-11,0
1983,-8.0491998445428753e-10,-8.3104974503409902e-06,-8.3044832142197129e-06,-6.0142361212773296e-09,1.3361986411691692e-11,0
1984,2.4446861490488919e-10,-1.7616365733206379e-04,-1.7615759987196742e-04,-6.0574600963729606e-09,1.9168227583133779e-11,0
1985,1.1472275309143243e-10,2.4829265598101322e-05,2.4841734925568300e-05,-1.2469327466978263e-08,2.6961963123413104e-11,0
1986,5.8960068288371469e-11,1.3732833752135823e-06,1.3740103660605472e-06,-7.2699084696488744e-10,1.2787465803545801e-11,0
1987,-1.2974586209102171e-10,2.0099296872082978e-04,2.0099952073956718e-04,-6.5520187374017679e-09,1.6378018644358371e-11,0
1988,-1.8550854649717056e-10,1.7753692741742785e-04,1.7752716829471654e-04,9.7591227113120581e-09,8.4940237807589525e-12,0
1989,-5.5762683205810066e-11,-2.3456008168250622e-05,-2.3471151337989327e-05,1.5143169738704497e-08,1.3183664748425729e-11,0
1990,3.4102405622698249e-10,8.9222136636733090e-06,8.9176286578242021e-06,4.5850058491069630e-09,1.7772270434787516e-11,0
1991,3.3673179337299324e-10,2.0100783413010137e-04,2.0100376081466208e-04,4.0733154392860738e-09,1.0576654998522106e-11,0
1992,-1.7236909351434177e-10,1.8033948724166656e-04,1.8033750900628388e-04,1.9782353826878693e-09,1.5858600001892102e-11,0
1993,-5.0910088752507629e-10,-2.0668321153979007e-05,-2.0661954880447188e-05,-6.3662735318185330e-09,2.4327641649337957e-11,0
1994,5.4223011224341554e-10,5.1035347916478235e-06,5.0792899385851273e-06,2.4244853062696200e-08,1.6136723060331785e-11,0
1995,7.0292622409736874e-10,5.6129285421783678e-06,5.6179086610103939e-06,-4.9801188320261044e-09,1.1326616569355884e-11,0
1996,-6.6220834221871241e-10,-4.0350502782584424e-06,-4.0587040787954473e-06,2.3653800537004910e-08,2.7063944871603675e-11,0
1997,-5.1827807591771501e-10,-1.8021297631620010e-04,-1.8021360891291722e-04,6.3259671711558309e-10,1.1138883051662639e-11,0
1998,-1.3765705704771593e-10,-3.2031998348145546e-05,-3.2033480050281674e-05,1.4817021361281644e-09,3.2695920476316043e-11,0
1999,-1.4859124219845108e-10,2.0788893347541658e-05,2.0786963674398612e-05,1.9296731430463912e-09,8.2364742967585983e-12,0
2000,-6.5552445946473933e-10,1.3645114982537010e-07,1.2646580300660433e-07,9.9853468187657679e-09,3.1480495761368300e-11,0
2001,-6.5552278106698555e-10,-2.6721490787966207e-06,-2.6881855516229730e-06,1.6036472826352311e-08,1.0743406148379487e-11,0
2002,1.6069610804311746e-10,5.0939738877216201e-07,5.3423234919953072e-07,-2.4834960427368711e-08,2.5602485656433232e-11,0
2003,-1.2044384591749655e-09,-9.1387423734509406e-06,-9.1422811167923928e-06,3.5387433414521996e-09,8.5676425234394829e-11,0
2004,-1.0605081931221364e-09,-1.8531668748020778e-04,-1.8529808778792791e-04,-1.8599692279869283e-08,5.7228902450433944e-11,0
2005,-6.7988717090408052e-10,-3.7135438747289140e-05,-3.7115488841192541e-05,-1.9949906096599019e-08,6.8199085260177153e-11,0
2006,-6.9082135570640546e-10,1.5685405509457268e-05,1.5700483370551778e-05,-1.5077861094510371e-08,1.5163697960144989e-11,0
2007,-1.1977545766656567e-09,-4.9670977308015687e-06,-4.9586983779193264e-06,-8.3993528822423873e-09,7.5007162264853718e-11,0
2008,-1.1977528982652085e-09,-7.7758030862821667e-06,-7.7756436010873611e-06,-1.5948519480562086e-10,3.1431216475133461e-11,0
2009,-1.3651345665477829e-09,-9.6479667359098548e-06,-9.6743120867167659e-06,2.6345350806911155e-08,2.8663476479242195e-11,0
2010,-1.2212043003057582e-09,-1.8582588372790306e-04,-1.8582714057660936e-04,1.2568487063005940e-09,1.3704906305553303e-11,0
2011,-8.4058328059324363e-10,-3.7644899924697134e-05,-3.7653070046230921e-05,8.1701215337871553e-09,3.5674393259175132e-11,0
2012,-8.5151746565315696e-10,1.5175991081724802e-05,1.5164839770077433e-05,1.1151311647368734e-08,1.2543418029084601e-11,0
2013,-1.3584506838557152e-09,-5.4764795786692300e-06,-5.4937180326630724e-06,1.7238453993842459e-08,3.7093178595312934e-11,0
2014,-1.3584490054519521e-09,-8.2850499424410445e-06,-8.3095034265893488e-06,2.4453484148304216e-08,1.2863954100885411e-11,0
2015,1.4393026605307010e-10,-1.7617787881504289e-04,-1.7615815108778415e-04,-1.9727727258744311e-08,1.0181919633299789e-11,0
2016,5.1361710346898480e-10,2.4823996753265201e-05,2.4845716369952565e-05,-2.1719616687364003e-08,2.5532185862476751e-11,0
2017,6.6838825135855080e-12,4.1715346522901847e-06,4.1831512828969453e-06,-1.1616630606760615e-08,1.4543497869829114e-11,0
2018,6.6855609089782197e-12,1.3629600660387993e-06,1.3736244278720442e-06,-1.0664361833244900e-08,5.5791181028204386e-12,0
2019,3.6968683449846324e-10,2.0100188969647128e-04,2.0100406007388501e-04,-2.1703774137334184e-09,1.0817067451140003e-11,0
2020,-1.3724638354451987e-10,1.8034943525091843e-04,1.8033773338064121e-04,1.1701870277213170e-08,1.1527395073634061e-11,0
2021,-1.3724470515304041e-10,1.7754083616555207e-04,1.7752733450403276e-04,1.3501661519306528e-08,4.2077134385313226e-12,0
2022,-5.2455128538630674e-10,2.7996837244336978e-05,2.7975041102810770e-05,2.1796141526208022e-08,5.8542512305076891e-11,0
2023,-3.8062101909509374e-10,-1.4818096433811948e-04,-1.4818285481407609e-04,1.8904759566053427e-09,3.7380792759261209e-11,0
2024,-1.0934185119973567e-11,5.2820937921887372e-05,5.2820650172042445e-05,2.8774984492738057e-10,2.9605113945747348e-11,0
2025,-5.1786740264645796e-10,3.2168493000819809e-05,3.2157426788631844e-05,1.1066212187964687e-08,8.2585908927107946e-11,0
2026,-5.1786572425247075e-10,2.9359888362643499e-05,2.9341056002324274e-05,1.8832360319224908e-08,4.0378299419171372e-11,0
2027,-5.0693321795112160e-10,-2.0652439438667222e-05,-2.0662035126752008e-05,9.5956880847857830e-09,3.1695125727204954e-11,0
2028,-5.0693153955680982e-10,-2.3461065472232465e-05,-2.3475534907231771e-05,1.4469434999306080e-08,1.0661797704328571e-11,0
2030,-1.7923969110134583e-10,3.5202869723451047e-06,3.5241007938698830e-06,-3.8138215247783322e-09,3.9479405327018050e-11,0
2031,5.1298230254231410e-10,5.6404663541075734e-06,5.6161577897290842e-06,2.4308564378489118e-08,3.6523558360107793e-11,0
2032,-2.3968732451602376e-10,-1.8021374373490269e-04,-1.8021097631648749e-04,-2.7674184151964612e-09,8.3404852602388588e-12,0
2033,-1.0979242720702973e-10,-3.2032984478630976e-05,-3.2033256397383302e-05,2.7191875232599264e-10,2.6961356710298073e-11,0
2034,-1.4826798839970057e-10,2.0786989157987575e-05,2.0787062772799704e-05,-7.3614812128844267e-11,9.0012842273129798e-12,0
2035,4.4761981446876192e-11,1.2035344579996998e-05,1.2000416771558859e-05,3.4927808438139172e-08,1.6205586964650159e-11,0
2036,-7.5266962825061046e-10,-1.8585407001907653e-04,-1.8582276697862556e-04,-3.1303040450968850e-08,2.1516070864683786e-11,0
2037,-6.2277472957710504e-10,-3.7673450903346131e-05,-3.7651049345059013e-05,-2.2401558287117834e-08,3.3754682305158368e-11,0
2038,-6.6125029069108326e-10,1.5146567127952842e-05,1.5166715845617958e-05,-2.0148717665115294e-08,1.0655050510569946e-11,0
2039,-4.6822032017168489e-10,6.3952182380014235e-06,6.3831510125737724e-06,1.2067225427651126e-08,5.2748907349695258e-11,0
2040,9.1419336252013625e-11,2.0100077099606496e-04,2.0100153002636820e-04,-7.5903030323683229e-10,1.0757066305070354e-11,0
2041,2.8444930616178576e-10,1.9224911719764419e-04,1.9221699971605524e-04,3.2117481588953304e-08,2.0778468336533368e-11,0
2042,-1.2989489717005704e-10,-1.4818081025813872e-04,-1.4818045040948673e-04,-3.5984865198843315e-10,4.0147143759291279e-11,0
2043,-3.8475561202378483e-11,5.2819994138592475e-05,5.2820522614166582e-05,-5.2847557410653622e-10,2.9594455326286618e-11,0
2044,1.5455440857639900e-10,4.4068247869486626e-05,4.4032181517223738e-05,3.6066352262887984e-08,6.3560983534240702e-11,0
2045,1.9302996978159423e-10,-8.7516208840225651e-06,-8.7909854406190446e-06,3.9364556596479502e-08,3.7315522460578857e-11,0
2047,-6.9562222650021357e-11,-7.1625067321976627e-06,-7.1366682115096578e-06,-2.5838520688004844e-08,5.5941448142884644e-11,0
2049,3.1252762497164960e-10,1.7688563144312511e-05,1.7708501323109636e-05,-1.9938178797125568e-08,5.1131949245166087e-11,0
2051,-5.0643667665369745e-10,-4.0662291411978219e-06,-4.0574166760275093e-06,-8.8124651703125234e-09,3.4731534022858102e-11,0
2052,-2.7306239559149933e-10,-1.8021954510196066e-04,-1.8021118304586983e-04,-8.3620560908275517e-09,2.0780536307370494e-11,0
2053,-1.2434682948897230e-10,2.0784829939592131e-05,2.0787373187692892e-05,-2.5432481007610786e-09,1.4963940668906109e-11,0
2054,-4.6349621443356537e-10,-2.6911355745741147e-06,-2.6864988404968653e-06,-4.6367340772493833e-09,1.2724702503987882e-11,0
2055,2.3337428103453053e-10,-1.7615336250814402e-04,-1.7615701072660114e-04,3.6482184571212922e-09,3.4882717789817315e-11,0
2056,3.8208984665374632e-10,2.4851053532240486e-05,2.4844841142348551e-05,6.2123898919349955e-09,2.4471931756883819e-11,0
2057,4.2940462236733299e-11,1.3750804336220367e-06,1.3740345489282086e-06,1.0458846938280576e-09,1.8256974282625671e-11,0
2058,1.4871556570556169e-10,2.0100436057719903e-04,2.0100205050613927e-04,2.3100710597613160e-09,1.5269324325923114e-11,0
2059,-1.9043381880586947e-10,1.7752837975388972e-04,1.7752660510442063e-04,1.7746494690982530e-09,1.1803440135874748e-11,0
2060,-3.3914938472239422e-10,-2.3475975768748152e-05,-2.3474264161266272e-05,-1.7116074818793593e-09,9.1895687916103005e-12,0
2062,-1.5963346750837439e-10,6.9071899166427489e-06,6.9148290556977174e-06,-7.6391390549685549e-09,2.6426035318921183e-11,0
2063,4.7796492310900845e-10,2.0266444824470348e-06,2.0082684867990635e-06,1.8375995647971271e-08,1.1182084948741137e-11,0
2064,1.6635256886730744e-10,-7.1346763787227818e-06,-7.1345917347481894e-06,-8.4643974592395850e-11,8.9462957348298512e-12,0
2065,5.0886352114670239e-10,-3.5078777068089581e-05,-3.5109698737734365e-05,3.0921669644784066e-08,2.8299596624452853e-11,0
2066,4.6386991475042493e-10,1.7727531235609689e-05,1.7710062775125706e-05,1.7468460483983385e-08,5.8783278662931260e-12,0
2067,2.2530143874229082e-10,-2.9477752996436013e-06,-2.9460029470209713e-06,-1.7723526226299948e-09,9.5022860383291238e-12,0
2068,2.2530900972841859e-10,-5.7562869074014728e-06,-5.7572443560330699e-06,9.5744863159719491e-10,3.5216695715299370e-12,0
2069,-3.1161235522415997e-10,-9.1613476658550241e-06,-9.1340929972630031e-06,-2.7254668592021001e-08,1.9981128758424417e-11,0
2070,3.0898597849933135e-11,-3.7105418891774516e-05,-3.7108751755734517e-05,3.3328639600008051e-09,3.1446303485674641e-11,0
2071,-1.4095008526985379e-11,1.5700871000829840e-05,1.5707331660355033e-05,-6.4606595251938599e-09,8.4051861776744048e-12,0
2072,-2.5266348533672031e-10,-4.9744280887923167e-06,-4.9498510706961726e-06,-2.4577018096144177e-08,1.3295325163636977e-11,0
2073,-2.5265591434963476e-10,-7.7829468866589396e-06,-7.7668259476716981e-06,-1.6120938987241546e-08,5.0904305547676187e-12,0
2074,2.9751734623390566e-10,2.4862203509565597e-05,2.4844311296910061e-05,1.7892212655536149e-08,8.7611617183754190e-12,0
2075,5.8948869881609666e-11,4.1869080073574441e-06,4.1837801633917805e-06,3.1278439656636301e-09,1.1482955420564234e-11,0
2076,5.8956440866535691e-11,1.3783965123505271e-06,1.3742402079282958e-06,4.1563044222313049e-09,4.5553927351780483e-12,0
2077,-3.4251095310146550e-10,2.7944169704315069e-05,2.7976570162326770e-05,-3.2400458011700562e-08,4.2419824908110674e-11,0
2078,-4.4993606377684559e-11,5.2806373315046271e-05,5.2820762205229920e-05,-1.4388890183649828e-08,2.0813037286576270e-11,0
2079,-2.8356208321348844e-10,3.2131080099041462e-05,3.2159569393998891e-05,-2.8489294957429444e-08,2.4867812576879230e-11,0
2080,-2.8355451222890480e-10,2.9322568259148099e-05,2.9343169868182156e-05,-2.0601609034057156e-08,1.2707899909592994e-11,0
2081,-2.3856847670361674e-10,-2.0675295969599036e-05,-2.0660013997589460e-05,-1.5281972009576470e-08,8.9962066403081935e-12,0
2082,-2.3856090571752061e-10,-2.3483809206688560e-05,-2.3473539546950856e-05,-1.0269659737703737e-08,3.5850296279481310e-12,0
2085,-8.6642584299287465e-10,6.3582872910292187e-06,6.3798993355961430e-06,-2.1612044566924230e-08,7.1837854132904747e-11,0
2087,4.3509251461242838e-10,1.7725902739103641e-05,1.7709927742404922e-05,1.5974996698719034e-08,3.9061311704228434e-11,0
2088,3.9604051906315530e-10,2.4868166891385199e-05,2.4845369883187396e-05,2.2797008197802699e-08,3.5408135246628798e-11,0
2089,-1.6708903204251442e-10,5.4266846066450269e-07,5.8508219675855222e-07,-4.2413736094049529e-08,6.1407830382832538e-11,0
2090,-1.7048889468064062e-10,6.9144241139065463e-06,6.9154525368988899e-06,-1.0284229923436164e-09,2.3178630856700125e-11,0
2091,2.5566547736391591e-11,5.6034258255474242e-06,5.6116027253248967e-06,-8.1768997774724165e-09,1.7214810166540556e-11,0
2092,-1.0158267189435300e-09,-4.0485000163724763e-06,-4.0623204438900256e-06,1.3820427517549268e-08,2.3159446409959120e-11,0
2093,-8.9144475076698000e-10,-1.8022207415113387e-04,-1.8021638721893015e-04,-5.6869322037167522e-09,1.1785035706849076e-11,0
2094,-5.3266612873835063e-11,-3.2027641108715388e-05,-3.2032894971734913e-05,5.2538630195247526e-09,7.0956209945811091e-11,0
2095,-1.1600741018769850e-11,2.0807558997047726e-05,2.0788799437065728e-05,1.8759559981997568e-08,1.4400062456552607e-11,0
2096,-1.0356079333575929e-09,-2.6844098703760052e-06,-2.6918248335473213e-06,7.4149631713161081e-09,1.1346816539355592e-11,0
2097,-1.0413932684558417e-09,-9.6518710710515043e-06,-9.6715562573830231e-06,1.9685186331518790e-08,2.2328772170867798e-11,0
2098,-9.1701129993046505e-10,-1.8582550473830511e-04,-1.8582367354702208e-04,-1.8311912830266258e-09,1.2218071132962847e-11,0
2099,-7.8833161613976125e-11,-3.7631209872672836e-05,-3.7645895505259352e-05,1.4685632586516548e-08,4.6628736987430525e-11,0
2100,-3.7167289794108721e-11,1.5204100539002036e-05,1.5173141758405506e-05,3.0958780596529917e-08,1.5187962099445147e-11,0
2101,-1.0611744828156790e-09,-8.2878333613756183e-06,-8.3067678611162316e-06,1.8934499740613249e-08,1.0586150156901200e-11,0
2102,1.2438196795859412e-10,-1.7617359235578764e-04,-1.7615730710651134e-04,-1.6285249276301638e-08,1.5258031757630241e-11,0
2103,1.0042259774716507e-09,2.4856038107533914e-05,2.4851176808238430e-05,4.8612992954841141e-09,2.5572166584561073e-11,0
2104,-1.9781214447954441e-11,1.3641131135378598e-06,1.3736352686464825e-06,-9.5221551086227414e-09,1.2763975920646311e-11,0
2105,8.7984401019897820e-10,2.0102962173526411e-04,2.0100869532874046e-04,2.0926406523640376e-08,1.2720225496599969e-11,0
2106,-1.4416318293266758e-10,1.7753766772937111e-04,1.7752650398764505e-04,1.1163741726053422e-08,7.4662293291468872e-12,0
2107,-9.6256010581903328e-10,2.7979276845799565e-05,2.7970834284585055e-05,8.4425612145097313e-09,6.6771290214577489e-11,0
2108,-8.3817813776386195e-10,-1.4819430926439961e-04,-1.4818624606775682e-04,-8.0631966427877674e-09,6.6889183940905450e-11,0
2109,4.1665871868814892e-11,5.2835235097741830e-05,5.2821882415420391e-05,1.3352682321438665e-08,8.4373671891649539e-11,0
2110,-9.8234132025600250e-10,2.9343295771701219e-05,2.9336804633047557e-05,6.4911386536617834e-09,7.3406797515206835e-11,0
2111,-1.0240071918359362e-09,-2.3491974502285341e-05,-2.3481030094783630e-05,-1.0944407501710336e-08,1.1510272340406726e-11,0
2113,-4.3332181061915890e-11,-5.7812331128587191e-06,-5.7597246278813536e-06,-2.1508484977365475e-08,2.8128079312083936e-11,0
2114,-4.3257767410362852e-10,-2.3485229755693809e-05,-2.3475846835746029e-05,-9.3829199477805773e-09,1.1400261178534697e-11,0
2115,6.5984931355740983e-10,5.2714706432442637e-07,5.3929625453446025e-07,-1.2149190210033876e-08,2.7153262975993859e-11,0
2116,-1.7638832677111164e-09,-1.8528628602572394e-04,-1.8530300478533199e-04,1.6718759608046153e-08,2.5720973266749671e-11,0
2117,1.0261763114204133e-10,6.9690490196736357e-06,6.9182652919014759e-06,5.0783727772159843e-08,2.6450358458885453e-11,0
2118,-2.4237325716221714e-09,-1.8581338337955722e-04,-1.8583718481954606e-04,2.3801439988846082e-08,1.2404350109152586e-11,0
2119,-5.5723169635496191e-10,6.4419785383261485e-06,6.3831304857435809e-06,5.8848052582567664e-08,3.2719363022488332e-11,0
2120,1.8665009037586864e-09,1.9225544637216461e-04,1.9223124164593819e-04,2.4204726226421339e-08,3.2029145836838362e-11,0
2121,-8.7006212232541597e-10,1.1853836231340287e-07,1.2433688245408095e-07,-5.7985201406780811e-09,2.3982170481612143e-11,0
2122,3.2520738237370496e-10,5.6295214853081116e-06,5.6142671161622656e-06,1.5254369145845998e-08,1.6093353942309035e-11,0
2123,-6.8035741783365347e-10,-4.0636004798692837e-06,-4.0594321746860582e-06,-4.1683051832255177e-09,1.3972614905055418e-11,0
2124,-4.8388890832165454e-10,-1.8021900305074078e-04,-1.8021243556009349e-04,-6.5674906472878471e-09,6.8764180752088849e-12,0
2125,-8.9152297745910180e-11,-3.2033278100770815e-05,-3.2033294350942854e-05,1.6250172038610559e-11,2.3440880725914405e-11,0
2126,-9.9211995295319848e-11,2.0789187021629039e-05,2.0788240182321062e-05,9.4683930797740778e-10,8.7182110171139820e-12,0
2127,-6.5871215852084835e-10,1.1933058065381058e-07,1.2624040350575414e-07,-6.9098228519435577e-09,1.5486425525151894e-11,0
2128,-6.5870814414642850e-10,-2.6892595624038521e-06,-2.6884724794037031e-06,-7.8708300014897426e-10,6.0549805879812689e-12,0
2129,-1.0055647999092854e-09,-9.6931119372267033e-06,-9.6713057603873251e-06,-2.1806176839378211e-08,2.2841812535269254e-11,0
2130,-8.0909629054857144e-10,-1.8584849980898821e-04,-1.8582241062431546e-04,-2.6089184672751890e-08,1.2393725946945422e-11,0
2131,-4.1435967944515798e-10,-3.7662806920253644e-05,-3.7648845372033399e-05,-1.3961548220245564e-08,2.9193970125581348e-11,0
2132,-4.2441937691910702e-10,1.5159705242425055e-05,1.5169982507298557e-05,-1.0277264873502129e-08,1.5172304525014417e-11,0
2133,-9.8391954066335674e-10,-5.5102326038808380e-06,-5.4903136808726678e-06,-1.9918923008170208e-08,3.0566561523937579e-11,0
2134,-9.8391552628657012e-10,-8.3187621292869773e-06,-8.3060522133858550e-06,-1.2709915901122323e-08,1.0071850521526893e-11,0
2135,1.9646850958190218e-10,-1.7615539355725438e-04,-1.7615624133771138e-04,8.4778045700154361e-10,6.2925464129788457e-12,0
2136,5.8114542232560017e-10,2.4852853070573069e-05,2.4847732622953295e-05,5.1204476197743408e-09,2.2613376180894465e-11,0
2137,2.1645259338981702e-11,4.1829530276194220e-06,4.1836727234741586e-06,-7.1969585473652783e-10,9.8250737962997106e-12,0
2138,2.1649273715046039e-11,1.3743769685236207e-06,1.3741129152727472e-06,2.6405325087354526e-10,3.6762905273407004e-12,0
2139,3.8467691237350869e-10,2.0100821194750026e-04,2.0100419292642594e-04,4.0190210743294187e-09,1.1088772786439442e-11,0
2140,-1.7482325029087832e-10,1.8033832852118632e-04,1.8033639554610527e-04,1.9329750810506870e-09,7.0494424906136695e-12,0
2141,-1.7481923591677761e-10,1.7752975608508912e-04,1.7752591691968058e-04,3.8391654085413035e-09,2.6027658205587290e-12,0
2142,-5.9120512004622383e-10,2.7969587467835746e-05,2.7974119773822655e-05,-4.5323059869088961e-09,6.2927711667539988e-11,0
2143,-3.9473661051610763e-10,-1.4818575477198569e-04,-1.4818190622577795e-04,-3.8485462077386332e-09,3.4976173845802128e-11,0
2144,-1.0059697558522025e-11,5.2822452450657130e-05,5.2821715131550523e-05,7.3731910660778614e-10,3.8579308788838367e-11,0
2145,-5.6955986072707547e-10,3.2152567271124741e-05,3.2156988459398224e-05,-4.4211882734829081e-09,6.6418400472777556e-11,0
2146,-5.6955584635398614e-10,2.9344024875095631e-05,2.9340545515952706e-05,3.4793591429251958e-09,3.4909799524294226e-11,0
2147,-5.5950016324931524e-10,-2.0669808587992639e-05,-2.0663562087221679e-05,-6.2465007709598089e-09,2.3918457233446409e-11,0
2148,-5.5949614887485662e-10,-2.3478474063296818e-05,-2.3477126578081843e-05,-1.3474852149749283e-09,1.1100951123708294e-11,0
2150,-6.3296552728464287e-11,3.5263619274565443e-06,3.5251547998408405e-06,1.2071276157038054e-09,3.9668048620028067e-11,0
2151,-3.3955920919093755e-10,5.0723047515409056e-06,5.0703796969986610e-06,1.9250545422446283e-09,1.1842094494180932e-11,0
2152,5.1754600354316105e-10,5.6601848841663499e-06,5.6159760133384729e-06,4.4208870827877007e-08,1.2053360769626375e-11,0
2153,-1.1006629923347715e-10,-3.2033523008157395e-05,-3.2033533110814150e-05,1.0102656755053233e-11,2.0543873060792341e-11,0
2154,-1.9959536919273223e-10,2.0786638870182953e-05,2.0787485327787544e-05,-8.4645760459043555e-10,7.8746855161530276e-12,0
2155,-5.2371921375910236e-10,1.1990679349975497e-05,1.1996013446311925e-05,-5.3340963364277132e-09,1.9506857306519425e-11,0
2156,8.5710521204734038e-10,5.8790245602291513e-07,5.4125748895756245e-07,4.6644967065352686e-08,1.6551817451257141e-11,0
2157,2.2949290980300731e-10,-3.7105629484894716e-05,-3.7106399601789328e-05,7.7011689461213475e-10,5.1046861430903628e-11,0
2158,1.3996383992882999e-10,1.5714396677989940e-05,1.5710114075615640e-05,4.2826023743007871e-09,1.6389509520038362e-11,0
2159,-1.8416000429287324e-10,6.9183741805850258e-06,6.9161397214820517e-06,2.2344591029741290e-09,1.8492264250268157e-11,0
2160,-6.2761230374280200e-10,-3.7693679363888163e-05,-3.7650717298822912e-05,-4.2962065065251377e-08,2.0054886807658886e-11,0
2161,-7.1714137385624919e-10,1.5126464459540995e-05,1.5167561569184995e-05,-4.1097109644000750e-08,1.2460589791602871e-11,0
2162,-1.0412652190435502e-09,6.3304511765741034e-06,6.3790193174061802e-06,-4.8568140832076774e-08,2.2478860061256880e-11,0
2163,-8.9529069948813423e-11,5.2820168177534262e-05,5.2821194111348212e-05,-1.0259338139499783e-09,2.9966058316719198e-11,0
2164,-4.1365291447131033e-10,4.4024074930522870e-05,4.4028046662320478e-05,-3.9717317976072325e-09,7.8503758424477824e-11,0
2165,-3.2412384445039631e-10,-8.7960175794042292e-06,-8.7956772821837696e-06,-3.4029722045957511e-10,1.7852359948837720e-11,0
2166,-1.3516577551922790e-10,3.5217186842829117e-06,3.5245014572540120e-06,-2.7827729711003770e-09,8.3814586787799555e-11,0
2167,3.5872400100788376e-10,8.9231543736988106e-06,8.9192220446893832e-06,3.9323290094274112e-09,1.7104269449790231e-11,0
2168,5.5911319684813801e-10,5.0982501066023506e-06,5.0784143057598233e-06,1.9835800842527217e-08,2.4715778532501754e-11,0
2169,6.5318187605943927e-10,5.6129348435084853e-06,5.6171716955773153e-06,-4.2368520688300620e-09,1.1672051216798680e-11,0
2170,-7.6192649106156446e-10,-4.0393188946823144e-06,-4.0603821896787366e-06,2.1063294996422179e-08,2.3002930687555287e-11,0
2171,-6.0076625126023378e-10,-1.8021160244744046e-04,-1.8021317936826916e-04,1.5769208286983260e-09,1.1337751160826707e-11,0
2172,-1.3588794994597730e-10,-3.2032383441566023e-05,-3.2033813716783817e-05,1.4302752177945363e-09,3.1924209956243307e-11,0
2173,-1.4224008504469103e-10,2.0789922069707704e-05,2.0788155455448327e-05,1.7666142593766767e-09,8.6960177814078312e-12,0
2174,-7.5566181452044201e-10,1.3522490273885912e-07,1.2528633586803756e-07,9.9385668708215577e-09,2.6342565585366258e-11,0
2175,-7.5565980937686089e-10,-2.6734663055236196e-06,-2.6894493543605554e-06,1.5983048836935739e-08,9.6482280158828145e-12,0
2176,9.4068675216679531e-11,5.1471679132948644e-07,5.3442573913197684e-07,-1.9708947802490397e-08,3.7632834907519248e-11,0
2178,-1.1598794527510075e-09,-1.8530980974634098e-04,-1.8529674810543930e-04,-1.3061640901680660e-08,7.3156012636461360e-11,0
2179,-6.9500114831021625e-10,-3.7130600167464139e-05,-3.7114679788859180e-05,-1.5920378604959554e-08,6.7852405827424763e-11,0
2180,-7.0135328305651549e-10,1.5691664537700878e-05,1.5702779603573629e-05,-1.1115065872751092e-08,1.8480010353734997e-11,0
2182,-1.3147730106524087e-09,-7.7717722457115550e-06,-7.7759309386106156e-06,4.1586928990606478e-09,5.1251056561270124e-11,0
2183,-1.4151083671775233e-09,-9.6522222731397489e-06,-9.6751259664315246e-06,2.2903693291775721e-08,2.3887139052661592e-11,0
2184,-1.2539481275409870e-09,-1.8582453129038648e-04,-1.8582609046341420e-04,1.5591730277209927e-09,1.2595922662584762e-11,0
2185,-7.8906982513917954e-10,-3.7645249139651830e-05,-3.7652122166594784e-05,6.8730269429535785e-09,3.4129784258285434e-11,0
2186,-7.9542196012478958e-10,1.5176968637889508e-05,1.5167076391692096e-05,9.8922461974117610e-09,1.2868614487925749e-11,0
2187,-1.4088436907232327e-09,-5.4776927831340708e-06,-5.4941766945612671e-06,1.6483911427196354e-08,3.3233620406485846e-11,0
2188,-1.4088416855867048e-09,-8.2864005458548745e-06,-8.3098979025011471e-06,2.3497356646272596e-08,1.1261485712987810e-11,0
2189,1.6116023930923889e-10,-1.7617231492923074e-04,-1.7615603205727598e-04,-1.6282871954763226e-08,1.0199286162820058e-11,0
2190,6.1968640901196242e-10,2.4829232755771771e-05,2.4848602224291875e-05,-1.9369468520103611e-08,2.4751743324744707e-11,0
2191,6.2646762627814690e-12,4.1745183342431665e-06,4.1836756109661229e-06,-9.1572767229564667e-09,1.5104224866918958e-11,0
2192,6.2666813945520190e-12,1.3658417241336693e-06,1.3741035755379346e-06,-8.2618514042653076e-09,5.3828006639093284e-12,0
2193,4.5852616702605566e-10,2.0100150642116002e-04,2.0100486300339177e-04,-3.3565822317525428e-09,1.1210211816401913e-11,0
2194,-1.5489556320621458e-10,1.8034683054744295e-04,1.8033620784179823e-04,1.0622705644720018e-08,1.1449849814069095e-11,0
2195,-1.5489355806679519e-10,1.7753815714473091e-04,1.7752569966142818e-04,1.2457483302731609e-08,4.2093182895753391e-12,0
2196,-6.2603854126507726e-10,2.7993045960990684e-05,2.7973686335251874e-05,1.9359625738809823e-08,5.3325265292238528e-11,0
2197,-4.6487830149110661e-10,-1.4817926792683915e-04,-1.4818214513222057e-04,2.8772053814170393e-09,3.8199578924697455e-11,0
2198,-6.3521350772128156e-12,5.2822252477108559e-05,5.2822140199753781e-05,1.1227735477865831e-10,2.9880356706748398e-11,0
2199,-6.1977386473226591e-10,3.2167426249103334e-05,3.2156543675392387e-05,1.0882573710947329e-08,7.0726250168021092e-11,0
2200,-6.1977185959009441e-10,2.9358918212393434e-05,2.9340073989233336e-05,1.8844223160097428e-08,3.7539306022249524e-11,0
2201,-6.1342172999715966e-10,-2.0654705351123154e-05,-2.0664440704024520e-05,9.7353529013663063e-09,2.8448141701619322e-11,0
2202,-6.1341972486065610e-10,-2.3463367173612304e-05,-2.3478029180394488e-05,1.4662006782183759e-08,1.0472406449893115e-11,0
2205,4.7668938853161845e-10,5.6627704472338170e-06,5.6155426245362391e-06,4.7227822697577869e-08,4.8728926379525099e-11,0
2206,-3.0855442232324576e-10,-1.8021318285522023e-04,-1.8021042094636331e-04,-2.7619088569191905e-09,8.5846915297575898e-12,0
2207,-1.0938257215767575e-10,-3.2033434954967330e-05,-3.2033603013587743e-05,1.6805862041222421e-10,3.1338021205713001e-11,0
2208,-1.4465840847827273e-10,2.0788069800562999e-05,2.0788231554149341e-05,-1.6175358634169888e-10,8.8117753399678247e-12,0
2209,4.8117258093270461e-11,1.2045842154658967e-05,1.2001424077249843e-05,4.4418077409124731e-08,1.6948457046085258e-11,0
2210,-7.8524381194017610e-10,-1.8587592342278816e-04,-1.8582171303758858e-04,-5.4210385199587353e-08,1.8590299385548255e-11,0
2211,-5.8607196035606369e-10,-3.7696205291950363e-05,-3.7650235291826882e-05,-4.5970000123480973e-08,2.7701193228391261e-11,0
2212,-6.2134779657786876e-10,1.5125216879331715e-05,1.5168808189408129e-05,-4.3591310076413300e-08,1.1246322376027664e-11,0
2213,-4.2857212929270131e-10,6.3831976738601328e-06,6.3848882785420720e-06,-1.6906046819391629e-09,4.7526097507333624e-11,0
2214,1.6389601384537659e-10,2.0100128497908321e-04,2.0100218419970758e-04,-8.9922062436703469e-10,8.9598517248567392e-12,0
2215,3.5667168041722774e-10,1.9225901590347316e-04,1.9221741176876178e-04,4.1604134711382013e-08,2.3231072923299955e-11,0
2216,-1.9917185000286007e-10,-1.4817980969105164e-04,-1.4817960204323194e-04,-2.0764781970164341e-10,3.5794395715625294e-11,0
2217,-3.5275836331401091e-11,5.2821472655973782e-05,5.2822002531812640e-05,-5.2987583885769161e-10,2.8384591723204149e-11,0
2218,1.5749983015966449e-10,4.4079141710940545e-05,4.4033524907934755e-05,4.5616803005789580e-08,5.5505739962680965e-11,0
2219,1.9277566649189096e-10,-8.7422634400050048e-06,-8.7909756714902200e-06,4.8712231485215264e-08,3.2784432808965128e-11,0
2220,3.3828878339539864e-10,5.1420991281012074e-06,5.0762177859746218e-06,6.5881342126585635e-08,5.5633941965245438e-11,0
2221,4.5967129676048664e-10,5.6184867734312277e-06,5.6153602312927269e-06,3.1265421385008504e-09,2.7369774517327851e-11,0
2222,-4.9326551245578100e-10,-1.8021404045571272e-04,-1.8021198542695119e-04,-2.0550287615269530e-09,1.0921716128558037e-11,0
2223,-1.2245752161963887e-10,2.0789532503222297e-05,2.0788543639303172e-05,9.8886391912436059e-10,1.1775058927726686e-11,0
2224,-6.6857885554501126e-10,-2.6832244131840682e-06,-2.6887226685082497e-06,5.4982553241814384e-09,1.1081125754603881e-11,0
2226,-8.3155429845950816e-10,-1.8535627271547284e-04,-1.8529335130507003e-04,-6.2921410402810981e-08,6.4100742380455692e-11,0
2227,-4.6074630564115340e-10,1.5647312103161601e-05,1.5705406345784091e-05,-5.8094242622490014e-08,3.8068471567817369e-11,0
2228,-1.0068676414210062e-09,-7.8253448370351614e-06,-7.7729892080685374e-06,-5.2355628966623937e-08,6.1026342404143054e-11,0
2229,-9.5293680940615574e-10,-1.8583255439560964e-04,-1.8582310644220265e-04,-9.4479534069858394e-09,2.8546396819355744e-11,0
2230,-5.8212881742403389e-10,1.5171022040915555e-05,1.5169332602531634e-05,1.6894383839214256e-09,3.4022256338704417e-11,0
2231,-1.1282501524216417e-09,-8.3016945401073391e-06,-8.3073354349799820e-06,5.6408948726428858e-09,3.5176961179199024e-11,0
2232,3.7080799058575707e-10,2.0100357012021270e-04,2.0100406472204060e-04,-4.9460182789131356e-10,1.0345660991919262e-11,0
2233,-1.7531334310471071e-10,1.7753081984865811e-04,1.7752524315443768e-04,5.5766942204241773e-09,6.2292570645266890e-12,0
2234,-5.4612133400921911e-10,-2.3472758427556077e-05,-2.3477697786390429e-05,4.9393588343515839e-09,8.9693340356294244e-12,0
2235,1.5021943635771310e-10,-7.1360022716425442e-06,-7.1352281992916337e-06,-7.7407235091053056e-10,2.5908433288702494e-11,0
2236,2.0440290826666003e-10,-2.9496358809645573e-06,-2.9462401778515478e-06,-3.3957031130094623e-09,2.8792795638804490e-11,0
2237,4.1288571013473260e-10,8.9604225266270987e-06,8.9200445586962520e-06,4.0377967930846730e-08,3.5445363553124977e-11,0
2238,5.4183471901353931e-11,4.1863594150357009e-06,4.1842088536472436e-06,2.1505613884572236e-09,1.8961117846655818e-11,0
2239,2.6266627411145363e-10,1.6096361282332342e-05,1.6050694773186320e-05,4.5666509146021492e-08,3.1950827051070327e-11,0
2240,2.0848280236145972e-10,1.1909957097922669e-05,1.1865029510520271e-05,4.4927587402397826e-08,3.0140416161755627e-11,0
2241,-2.3409979621699621e-10,3.4891715595883332e-06,3.5236020763159966e-06,-3.4430516727663337e-08,3.5168412140020036e-11,0
2242,1.5803970156907693e-10,-7.1359225228394968e-06,-7.1352398256201067e-06,-6.8269721939007605e-10,1.2354625490790865e-11,0
2243,4.3388018698315601e-10,-1.8322532537170741e-04,-1.8328976682224711e-04,6.4441450539702268e-08,8.8481050666927345e-12,0
2244,2.1579778262076019e-10,-2.9491390609332618e-06,-2.9461445696088869e-06,-2.9944913243749080e-09,1.3796875777895209e-11,0
2245,2.1580543457964047e-10,-5.7577081685397657e-06,-5.7574426026505030e-06,-2.6556588926277490e-10,5.2355021255116557e-12,0
2246,2.7584048547063572e-10,-1.7608940537403375e-04,-1.7615433059223808e-04,6.4925218204328703e-08,7.2123585404723444e-12,0
2247,5.7758081049016416e-11,4.1867782320046537e-06,4.1843210628527727e-06,2.4571691518809858e-09,1.0800979950381207e-11,0
2248,5.7765733008167035e-11,1.3782313543569090e-06,1.3747339069528008e-06,3.4974474041081976e-09,4.1480702469465717e-12,0
2249,-2.1808240454055447e-10,1.8027619697755931e-04,1.8033517505260260e-04,-5.8978075043284199e-08,6.3705910601991911e-12,0
2250,-2.1807475258259536e-10,1.7746763528131600e-04,1.7752463022023161e-04,-5.6994938915611807e-08,2.4392369328532453e-12,0
2252,-5.7111248309080698e-10,5.0717435599216890e-06,5.0677610288486877e-06,3.9825310730012527e-09,1.6038333536058562e-11,0
2253,5.9348514739476063e-10,5.6185539322557362e-06,5.6165242189857726e-06,2.0297132699636312e-09,1.6145540612534017e-11,0
2254,-1.2313140803502185e-10,-3.2032844153373919e-05,-3.2033826459898290e-05,9.8230652437062208e-10,3.7374719767686803e-11,0
2255,-2.4445462696571030e-10,2.0788465624679538e-05,2.0787643585730427e-05,8.2203894911117526e-10,8.7665361734150676e-12,0
2256,-8.1030529662903605e-10,1.1991918632698814e-05,1.1993894922231840e-05,-1.9762895330259820e-09,1.6031296556390780e-11,0
2257,1.1645976290789620e-09,5.4681516798056606e-07,5.4445167761798674e-07,2.3634903625793187e-09,2.2993547564359610e-11,0
2258,4.4798107436122024e-10,-3.7104519170428479e-05,-3.7103940966195770e-05,-5.7820423270935105e-10,5.6692587369018869e-11,0
2259,3.2665785560524707e-10,1.5716742310041380e-05,1.5713005217253208e-05,3.7370927881725667e-09,1.5137200160353212e-11,0
2260,-2.3919281305825918e-10,6.9201850752013613e-06,6.9167822144125394e-06,3.4028607888219207e-09,1.5720503323244717e-11,0
2261,-7.1661655620430002e-10,-3.7651338235951057e-05,-3.7651287024971400e-05,-5.1210979657182951e-11,2.6715138967661772e-11,0
2262,-8.3793977531279270e-10,1.5169926560369869e-05,1.5167325297987891e-05,2.6012623819774572e-09,1.4705691824252627e-11,0
2263,-1.4037904460540963e-09,6.3733834173990145e-06,6.3764097908690607e-06,-3.0263734700461837e-09,2.6762190998540932e-11,0
2264,-1.2132321894252574e-10,5.2821285938414210e-05,5.2821628038488580e-05,-3.4210007436997862e-10,3.9425120684172685e-11,0
2265,-6.8717388866997337e-10,4.4024655192782119e-05,4.4026216239560527e-05,-1.5610467784076660e-09,5.2148172252945246e-11,0
2266,-5.6585066958840997e-10,-8.7965451216194361e-06,-8.7978687317311142e-06,1.3236101116780984e-09,1.5052119568070212e-11,0
2267,-2.7417061121781425e-10,3.4874489010065790e-06,3.5232378039764283e-06,-3.5788902969849249e-08,5.8636682374058377e-11,0
2269,4.3635999250157125e-11,1.3762473655867628e-06,1.3746668849402255e-06,1.5804806465373228e-09,2.5362228553295296e-11,0
2271,1.3312649303623027e-10,5.6024812672269761e-06,5.6123089677542901e-06,-9.8277005273140060e-09,1.7254006108112462e-11,0
2272,-1.4965546839573101e-10,2.0790891124459823e-05,2.0788625898091281e-05,2.2652263685413090e-09,1.7124852445594099e-11,0
2273,-2.8278196149825526e-10,1.5188347176677344e-05,1.5172555580934933e-05,1.5791595742411699e-08,2.2430287977718590e-11,0
2274,1.4696291568028136e-10,-7.1281923143436121e-06,-7.1354650634173608e-06,7.2727490737486749e-09,2.8899832930794353e-11,0
2275,1.8864253593675876e-10,-2.9382409334295298e-06,-2.9464034439921964e-06,8.1625105626665575e-09,2.9621202691171039e-11,0
2276,4.1679620226967845e-11,4.1899703235519052e-06,4.1842949161653837e-06,5.6754073865215125e-09,3.7700648062945842e-11,0
2277,1.2213073729203852e-09,5.0821556337767027e-06,5.0838349235773521e-06,-1.6792898006494901e-09,2.0554156078870070e-11,0
2278,1.8184653459745040e-09,5.6118667233434703e-06,5.6275991570915341e-06,-1.5732433748063851e-08,1.3041744770525636e-11,0
2279,-7.5572122638746905e-10,-1.8020035143301999e-04,-1.8021390130194140e-04,1.3549868921406685e-08,1.0922933801793368e-11,0
2280,-3.0849806145574845e-10,-3.2032391393280830e-05,-3.2035586507306576e-05,3.1951140257456588e-09,4.3510433240489436e-11,0
2281,-3.4360859080624280e-10,2.0790818782829429e-05,2.0786985169095964e-05,3.8336137334650251e-09,9.8580231300120770e-12,0
2282,1.2818680348325409e-09,1.2029652711192593e-05,1.2013123194065402e-05,1.6529517127190465e-08,2.2986017532978768e-11,0
2283,5.9715796138995868e-10,5.2970166893387405e-07,5.3946444495122802e-07,-9.7627760173539722e-09,2.5931620015681082e-11,0
2284,-1.9770286180571610e-09,-1.8528252472075615e-04,-1.8530287056651870e-04,2.0345845762553914e-08,2.7121336555475212e-11,0
2285,-1.5298054428417890e-09,-3.7114519256585196e-05,-3.7121717686471463e-05,7.1984298862664848e-09,6.9709781127727563e-11,0
2286,-1.5649159711074253e-09,1.5708657139325288e-05,1.5696321929262592e-05,1.2335210062696007e-08,2.1721132983669020e-11,0
2287,6.0560663254982363e-11,6.9474678533083811e-06,6.9199976902993030e-06,2.7470163009078105e-08,1.9348274593845471e-11,0
2288,-2.5741865730693169e-09,-1.8581219365681849e-04,-1.8583730763067587e-04,2.5113973857384276e-08,1.2291052977792017e-11,0
2289,-2.1269634070373165e-09,-3.7644293719547362e-05,-3.7664005336599087e-05,1.9711617051724171e-08,4.2527279520135887e-11,0
2290,-2.1620739362242658e-09,1.5178977665241972e-05,1.5155657904071912e-05,2.3319761170059923e-08,1.1495713740389202e-11,0
2291,-5.3659730971420662e-10,6.4178138298228576e-06,6.3845876773011244e-06,3.3226152521733284e-08,2.9766471829624133e-11,0
2292,4.1211265147514697e-10,2.0099115397205318e-04,2.0100443834440327e-04,-1.3284372350091424e-08,1.0998809781314095e-11,0
2293,2.0375892892576473e-09,1.9223002223332959e-04,1.9223257150254635e-04,-2.5492692167568710e-09,2.6917920120751581e-11,0
2294,-4.4722316724349716e-10,-1.4816797184147648e-04,-1.4818112544281398e-04,1.3153601337501835e-08,5.5713891114774455e-11,0
2295,-3.5110529129584051e-11,5.2823310703739882e-05,5.2822722080728899e-05,5.8862301098301477e-10,6.1498088364091355e-11,0
2296,1.5903660984526891e-09,4.4062010350476646e-05,4.4047202306385471e-05,1.4808044091175695e-08,9.3628973016161790e-11,0
2297,1.6254766290251647e-09,-8.7612132623742650e-06,-8.7779454169494111e-06,1.6732154575146115e-08,2.2450642981402192e-11,0
2298,-9.6611496065478545e-11,3.5228679696216840e-06,3.5248519432018697e-06,-1.9839735801857334e-09,6.4597095771517818e-11,0
2299,8.0460729232851498e-11,5.6072630080588291e-06,5.6117672595390595e-06,-4.5042514802303942e-09,1.3370345086716058e-11,0
2300,-8.6374269553578563e-10,-4.0604897534550878e-06,-4.0618442725983249e-06,1.3545191432370600e-09,1.8665391782680816e-11,0
2301,-7.3606891069641734e-10,-1.8021975677785969e-04,-1.8021358930509369e-04,-6.1674727660013251e-09,1.0617707363693979e-11,0
2302,-2.7407242230817176e-11,2.0798008538552935e-05,2.0789987878342677e-05,8.0206602102578771e-09,1.0591537821540252e-11,0
2303,-8.7380485188809612e-10,-2.6885050612166297e-06,-2.6907691586091237e-06,2.2640973924939523e-09,8.0010203064993802e-12,0
2304,-9.4420342509066164e-10,-9.6677846658428136e-06,-9.6710951244217412e-06,3.3104585789276055e-09,1.9128875252798424e-11,0
2305,-8.1652964016676584e-10,-1.8582702334983547e-04,-1.8582117689589682e-04,-5.8464539386495797e-09,1.2042681094112249e-11,0
2306,-1.0786797169676147e-10,1.5190748781844683e-05,1.5174527318679501e-05,1.6221463165181995e-08,1.2384006584121875e-11,0
2307,-9.5426558142770755e-10,-8.2957648401968875e-06,-8.3057212387674323e-06,9.9563985705447978e-09,8.6061934132991898e-12,0
2308,1.2767378482100067e-10,-1.7615923763932700e-04,-1.7615497200206177e-04,-4.2656372652312945e-09,1.4865960785655364e-11,0
2309,8.3633545328638808e-10,2.4858546931726903e-05,2.4851907828871427e-05,6.6391028554759965e-09,1.5229678768419647e-11,0
2310,-1.0062156358569628e-11,1.3720258780474531e-06,1.3742909376543590e-06,-2.2650596069058331e-09,1.0995610157324965e-11,0
2311,7.0866166850241753e-10,2.0101773665880465e-04,2.0100713365734833e-04,1.0603001456325166e-08,8.9943719431024798e-12,0
2312,-1.3773594153507655e-10,1.7753124002382447e-04,1.7752483047284739e-04,6.4095509770751343e-09,6.7344062747633000e-12,0
2313,-8.4639760951875924e-10,-2.3486502944494725e-05,-2.3481208308567835e-05,-5.2946359268902555e-09,7.0189253702969503e-12,0
2314,2.3896404597707938e-10,6.0625491830890166e-07,5.8829561744652615e-07,1.7959300862375505e-08,3.0641445993684028e-11,0
2315,3.3644985479866619e-10,8.8915921010240470e-06,8.9201949060525344e-06,-2.8602805028487348e-08,2.9101453001955362e-11,0
2316,2.6711923872588536e-10,5.6302422572884064e-06,5.6134312811302294e-06,1.6810976158177047e-08,1.3359614120727010e-11,0
2317,-7.2319017014521620e-10,-4.0647656389149189e-06,-4.0606555303479689e-06,-4.1101085669499853e-09,1.8540543589085809e-11,0
2318,-5.3158300805238278e-10,-1.8021802766266665e-04,-1.8021159437200902e-04,-6.4332906576252714e-09,8.3375566515126164e-12,0
2319,-8.2123065574849220e-11,-3.2033576528322583e-05,-3.2033608471676422e-05,3.1943353839055267e-11,2.9896581497485877e-11,0
2320,-8.5990402426830887e-11,2.0790627853004581e-05,2.0789586092876536e-05,1.0417601280454875e-09,5.4983716792251609e-12,0
2321,-7.0550747812269553e-10,1.1866458031733335e-07,1.2552409664393555e-07,-6.8595163266022075e-09,1.8545214947028262e-11,0
2322,-7.0550369909478310e-10,-2.6899716249507988e-06,-2.6892799446201580e-06,-6.9168033064073478e-10,7.0095827024489248e-12,0
2323,-9.9030940842103828e-10,-9.6949387111185809e-06,-9.6715557275488069e-06,-2.3382983569773927e-08,1.5981667383836967e-11,0
2324,-7.9870224652965094e-10,-1.8584825982575701e-04,-1.8582085940721681e-04,-2.7400418540194814e-08,8.1764715921510075e-12,0
2325,-3.4924230360620941e-10,-3.7663828163439148e-05,-3.7647735054963200e-05,-1.6093108475947527e-08,2.6370123176176470e-11,0
2326,-3.5310964037864067e-10,1.5160385528303899e-05,1.5172497015603236e-05,-1.2111487299336482e-08,1.0773641221537953e-11,0
2327,-9.7262671646730005e-10,-5.5115788668239768e-06,-5.4902116192308007e-06,-2.1367247593176119e-08,1.5829892410422060e-11,0
2328,-9.7262293744082392e-10,-8.3202158327345260e-06,-8.3058807825285421e-06,-1.4335050205983906e-08,4.8690623219624264e-12,0
2329,1.9160716220869038e-10,-1.7615329391459673e-04,-1.7615416449947061e-04,8.7058487388503789e-10,1.0231563277081278e-11,0
2330,6.3719976753859457e-10,2.4855384057856540e-05,2.4850319141928888e-05,5.0649159276519107e-09,1.4612770541911970e-11,0
2331,1.7682692064871908e-11,4.1834467963425964e-06,4.1842075328334807e-06,-7.6073649088432378e-10,1.5704380968358122e-11,0
2332,1.7686471089877520e-11,1.3747789967266666e-06,1.3745988866473160e-06,1.8011007935054375e-10,6.0096844372411220e-12,0
2333,4.4559260500671048e-10,2.0100868850160200e-04,2.0100474163149560e-04,3.9468701064034918e-09,7.1581565021169618e-12,0
2334,-1.7392447022493632e-10,1.8033670016900667e-04,1.8033492827177310e-04,1.7718972335656769e-09,9.9349054794355803e-12,0
2335,-1.7392069119532882e-10,1.7752805266443069e-04,1.7752433150048904e-04,3.7211639416535880e-09,3.7089117767602278e-12,0
2336,-6.4106710454080678e-10,2.7968859707030568e-05,2.7973199381224904e-05,-4.3396741943354372e-09,6.0027509764699798e-11,0
2337,-4.4945994242325710e-10,-1.4818441129105589e-04,-1.4818080877338299e-04,-3.6025176728998916e-09,3.8497518516163421e-11,0
2338,-3.8673368590465934e-12,5.2824259282304754e-05,5.2823336879778575e-05,9.2240252617942350e-10,2.6415920776381859e-11,0
2339,-6.2338441251021664e-10,3.2152352903300901e-05,3.2156545944441024e-05,-4.1930411401224963e-09,8.0017961429531477e-11,0
2340,-6.2338063348318320e-10,2.9343634259057852e-05,2.9339996101063288e-05,3.6381579945637293e-09,4.3786288406564086e-11,0
2341,-6.1951707571558820e-10,-2.0671961169176252e-05,-2.0665661408772281e-05,-6.2997604039714264e-09,1.5006120890732700e-11,0
2342,-6.1951329668675699e-10,-2.3480627319120463e-05,-2.3479321770749477e-05,-1.3055483709865608e-09,6.3861298685704643e-12,0
2344,1.5871458211048580e-10,5.0992361860756341e-06,5.0738529075045049e-06,2.5383278571129235e-08,6.0973926673681122e-11,0
2345,-6.1173088121361852e-10,-4.0604148438940033e-06,-4.0597077127077827e-06,-7.0713118622059683e-10,2.5294775650557507e-11,0
2346,-3.6164981091015166e-10,-1.8021274998107455e-04,-1.8020994955038499e-04,-2.8004306895613399e-09,9.4599334166047275e-12,0
2347,-1.0773753007185603e-10,-3.2033798091300400e-05,-3.2033870981957215e-05,7.2890656814680269e-11,2.8463809253836439e-11,0
2348,-1.3976355871807881e-10,2.0788931351861401e-05,2.0789193416257193e-05,-2.6206439579165575e-10,9.1109124324683494e-12,0
2349,-7.7044546505330447e-10,-9.1595565632294346e-06,-9.1378690447426041e-06,-2.1687518486830466e-08,5.2064043939111649e-11,0
2350,-5.2036439473614788e-10,-1.8531187787691403e-04,-1.8528892599275565e-04,-2.2951884158376509e-08,2.3000965477629291e-11,0
2351,-2.6645211281343207e-10,-3.7132830809669809e-05,-3.7109936501309769e-05,-2.2894308360040167e-08,8.4008374108238723e-11,0
2352,-2.9847814137471687e-10,1.5689854361506175e-05,1.5708583852144351e-05,-1.8729490638176181e-08,1.6803635535925441e-11,0
2353,2.5008107030022106e-10,-1.7615232717490322e-04,-1.7615346653096164e-04,1.1393560584197718e-09,2.7114467613771104e-11,0
2354,4.7196732263433764e-10,2.4849342634974611e-05,2.4848980001183601e-05,3.6263379101051253e-10,2.4252643552626902e-11,0
2355,2.2188625207479052e-10,2.0100171538345703e-04,2.0100270758377441e-04,-9.9220031737662535e-10,8.6923680613294968e-12,0
2356,-5.0399335095945720e-10,2.7973457681382524e-05,2.7974408833807107e-05,-9.5115242458322083e-10,9.8701326873607089e-11,0
2357,-2.5391228066119501e-10,-1.4817895262403901e-04,-1.4817890598042236e-04,-4.6643616649199443e-11,4.0501095709009973e-11,0
2358,-3.2026028662255791e-11,5.2822708651856390e-05,5.2823203710061724e-05,-4.9505820533339009e-10,2.9928927565383288e-11,0
2359,-1.1535669849154603e-11,3.5300191789057120e-06,3.5256253432501571e-06,4.3938356555548926e-09,2.5313824819925009e-11,0
2360,-9.2516487811617677e-11,5.6045790625732644e-06,5.6101065621515204e-06,-5.5274995782559505e-09,1.9620536937349579e-11,0
2361,-9.5823434555807449e-10,-4.0391788907051529e-06,-4.0629422956173764e-06,2.3763404912223470e-08,2.3157817277282506e-11,0
2362,-8.9282560713344239e-10,-1.8021685879159553e-04,-1.8021464897494737e-04,-2.2098166481637847e-09,1.1430418126516087e-11,0
2363,-2.9224482832042140e-11,-3.2029486173470231e-05,-3.2033195597994618e-05,3.7094245243878801e-09,7.2173518695538524e-11,0
2364,2.6682685716669713e-11,2.0802050478860128e-05,2.0790830898213229e-05,1.1219580646898837e-08,1.3897963440250688e-11,0
2365,-9.9289637802082083e-10,-2.6790949796975071e-06,-2.6919612882799524e-06,1.2866308582445355e-08,1.0958945695955974e-11,0
2366,-8.6571785939883477e-10,-9.6437135683191677e-06,-9.6704930257453047e-06,2.6779457426137003e-08,2.4037640460090813e-11,0
2367,-8.0030912064666841e-10,-1.8582144272099996e-04,-1.8582061192574646e-04,-8.3079525350178082e-10,1.3763258576683446e-11,0
2368,6.3292004189792509e-11,-3.7634162137705103e-05,-3.7643891563072764e-05,9.7294253676610040e-09,4.8242535629406125e-11,0
2369,1.1919917270753372e-10,1.5197417556754578e-05,1.5177126409346939e-05,2.0291147407638639e-08,1.6149854056872147e-11,0
2370,-9.0037989182161526e-10,-8.2837260472895524e-06,-8.3052116682120997e-06,2.1485620922547267e-08,1.1945631220461252e-11,0
2371,6.5408738019021540e-11,-1.7617765862779945e-04,-1.7615493012516421e-04,-2.2728502635245128e-08,1.5041458130811830e-11,0
2372,9.8491703026750768e-10,2.4841258944715769e-05,2.4853853816580145e-05,-1.2594871864376182e-08,2.3763139094559598e-11,0
2373,-3.4662032517878100e-11,1.3600679333891121e-06,1.3742169169587780e-06,-1.4148983569665994e-08,1.3568434183677674e-11,0
2374,9.1950829330737548e-10,2.0101887221336129e-04,2.0100904895296759e-04,9.8232603937004753e-09,1.1860211375806874e-11,0
2375,-1.0007077115628325e-10,1.7753773234889525e-04,1.7752471613661477e-04,1.3016212280475125e-08,7.4831721036715287e-12,0
2376,-9.2900986241106117e-10,2.7990378180037072e-05,2.7970497734829506e-05,1.9880445207565969e-08,6.6454045025890058e-11,0
2377,-8.6360112411001099e-10,-1.4818737591372911e-04,-1.4818428665931653e-04,-3.0892544125831877e-09,5.9791901194093394e-11,0
2378,5.5907168554044040e-11,5.2831503573998618e-05,5.2824161923686191e-05,7.3416503124264232e-09,7.3987964259478851e-11,0
2379,-9.6367189489209357e-10,2.9350498795312381e-05,2.9336891795742974e-05,1.3606999569407569e-08,7.0634868119230768e-11,0
2380,-1.0195790630743959e-09,-2.3481139813417680e-05,-2.3483255443281679e-05,2.1156298639983767e-09,1.0858473272969936e-11,0
2381,-1.8948967157533158e-10,6.9250439376569717e-06,6.9187456795742948e-06,6.2982580826768518e-09,1.6236442693274413e-11,0
2382,-8.0902924787774976e-11,5.4783654519947877e-07,5.8525225634604277e-07,-3.7415711146563996e-08,7.4195564178902582e-11,0
2383,-2.4220440284114766e-11,5.2257024212888636e-07,5.3425744694474510e-07,-1.1687204815858736e-08,3.1781039726418250e-11,0
2384,-1.9868640598898228e-10,6.9442936478469712e-06,6.9189066788905144e-06,2.5386968956456850e-08,2.9922259615832474e-11,0
2385,-1.7446596825604561e-10,6.4218099784484062e-06,6.3886396112984037e-06,3.3170367150002474e-08,2.8025821779783907e-11,0
2387,6.4645771142086093e-11,-5.7670471679789961e-06,-5.7589031833420889e-06,-8.1439846369072257e-09,7.9864414612536509e-11,0
2389,-8.7344029363361592e-10,-1.8021984931368895e-04,-1.8021423473088427e-04,-5.6145828046755362e-09,7.7301307111167561e-11,0
2390,-1.7833850835321382e-10,3.5042848788996439e-06,3.5241089862649723e-06,-1.9824107365328378e-08,3.1228808201429861e-11,0
2391,-4.0235224522251780e-11,-2.2579732472747388e-06,-2.2427119504331156e-06,-1.5261296841623247e-08,4.2629394248858080e-11,0
2392,1.3810328409955884e-10,-5.7622372460798543e-06,-5.7582442994071298e-06,-3.9929466727244895e-09,8.4367447154018414e-12,0
2393,-5.4609934188495019e-10,-9.7112038062487083e-06,-9.6676716182507200e-06,-4.3532187997988260e-08,3.0488525749681930e-11,0
2394,-5.3252699357242272e-10,-5.5306010427070423e-06,-5.4862110354437966e-06,-4.4390007263245784e-08,4.2811497701060336e-11,0
2395,1.3572348353889342e-11,4.1806140543437266e-06,4.1843964694877181e-06,-3.7824151439914952e-09,2.9775782719394275e-11,0
2396,-2.3119976159712917e-10,6.9207074177405920e-06,6.9188621844706598e-06,1.8452332699322470e-09,1.9546352740178344e-11,0
2397,-7.8968225812510170e-12,5.2823987244664293e-05,5.2823956069821435e-05,3.1174842858561723e-11,5.5757640066493467e-11,0
2398,-2.1852525325196628e-10,3.4917514139011507e-06,3.5237436600397981e-06,-3.1992246138647334e-08,5.3336185080220695e-11,0
2399,-2.8051781881560245e-11,-2.2671425632930092e-06,-2.2425896528461538e-06,-2.4552910446855420e-08,4.9907760257734788e-11,0
2400,1.9047347164129525e-10,-5.7588290860235980e-06,-5.7577795353734968e-06,-1.0495506501012098e-09,6.6757917348573518e-12,0
2401,-2.2923318458241350e-10,5.5667354792142409e-06,5.6087679332694522e-06,-4.2032454055211270e-08,2.3506326041738952e-11,0
2402,-8.0015251849603865e-10,-4.0703909526518776e-06,-4.0617647457019270e-06,-8.6262069499506202e-09,4.3504269054939431e-11,0
2403,-7.0379199719876787e-10,-1.8025348746221817e-04,-1.8021253382817851e-04,-4.0953634039661742e-08,1.9854107239904718e-11,0
2404,-8.1632781850175683e-10,9.3342625273693663e-08,1.2437379507100579e-07,-3.1031169797312126e-08,4.3704279959850602e-11,0
2405,-5.7091933593370862e-10,-9.6370446567555640e-06,-9.6679340413481631e-06,3.0889384592599096e-08,3.3906584698530751e-11,0
2406,-4.7455881406857598e-10,-1.8582020737099446e-04,-1.8581719729998222e-04,-3.0100710122409145e-09,1.6421066744664385e-11,0
2407,-5.8709463586080112e-10,-5.4732825657613504e-06,-5.4867071509302821e-06,1.3424585168931701e-08,3.9907276557111770e-11,0
2408,9.6360521323956719e-11,-1.7618312962803043e-04,-1.7615398870235292e-04,-2.9140925677509019e-08,2.3975901957518369e-11,0
2409,-1.6175300001034658e-11,4.1637499805908217e-06,4.1841800800686531e-06,-2.0430099477831475e-08,3.9542981268754899e-11,0
2410,-1.1253582176036266e-10,1.8034692289695380e-04,1.8033476173450353e-04,1.2161162450273402e-08,2.2081421399708661e-11,0
2411,-7.1357160734596721e-10,-3.7126264958135466e-05,-3.7113569911412288e-05,-1.2695046723178020e-08,6.4586452729332591e-11,0
2412,-7.1205100708188080e-10,1.5697802833917682e-05,1.5705914022404519e-05,-8.1111884868375922e-09,1.6143789838566839e-11,0
2413,1.5205998814616839e-12,5.2824142303431118e-05,5.2824168587595687e-05,-2.6284164569238128e-11,2.9414190272157880e-11,0
2414,-6.3610722304846280e-10,-9.6724549538843105e-06,-9.6685508347836217e-06,-3.9041191006888062e-09,4.7692137116745750e-11,0
2415,-5.0174555649595459e-10,-1.8582959299471517e-04,-1.8581735378235146e-04,-1.2239212363702404e-08,1.4911555504197295e-11,0
2416,-6.3739140733395303e-10,-5.4917469378152478e-06,-5.4871644217517893e-06,-4.5825160634584643e-09,4.5652751569874706e-11,0
2417,1.3436166660374513e-10,-1.7615708907020057e-04,-1.7615351123499284e-04,-3.5778352077352714e-09,2.1301854833249877e-11,0
2418,-1.2841842763553881e-12,4.1807534878228123e-06,4.1843509786698370e-06,-3.5974908470247480e-09,3.6395803254894781e-11,0
2419,-1.3564585110109368e-10,1.8033786348210052e-04,1.8033445981835712e-04,3.4036637434019506e-09,1.6547136939785855e-11,0
2420,2.0388177286050597e-10,-5.7587451873005596e-06,-5.7576661179962562e-06,-1.0790693043034335e-09,5.2222181812248993e-12,0
2421,4.3834134320202616e-10,8.9444818344060206e-06,8.9219973275096077e-06,2.2484506896412970e-08,1.3016601759628746e-11,0
2422,2.3445957083209338e-10,1.4703242027670933e-05,1.4683684334011960e-05,1.9557693658973362e-08,6.1528010292811266e-12,0
2423,-4.9899404204529217e-11,-3.2031783853949270e-05,-3.2033534005095124e-05,1.7501511458538235e-09,8.2644318352987532e-12,0
2424,3.9038751804412148e-11,2.0794154159227245e-05,2.0791431074366180e-05,2.7230848610651905e-09,1.4633978887202144e-12,0
2425,8.8938156053710466e-11,5.2825937880926835e-05,5.2825085269801192e-05,8.5261112564252077e-10,7.4640044825927650e-12,0
2426,3.6777768414466748e-11,4.1924056795161063e-06,4.1847581922295918e-06,7.6474872865145411e-09,2.8134349129620091e-11,0
2427,1.2493027753926151e-09,5.0800849971700812e-06,5.0831173209607088e-06,-3.0323237906275979e-09,1.5978952708158032e-11,0
2428,1.7576681128964534e-09,5.6119467508348314e-06,5.6267774879761202e-06,-1.4830737141288756e-08,8.6869274858286398e-12,0
2429,-9.4878822455364015e-10,-1.8019948581545105e-04,-1.8021454233599856e-04,1.5056520547511833e-08,8.2305688808775188e-12,0
2430,-3.1584981465780857e-10,-3.2032818533728408e-05,-3.2035983713368102e-05,3.1651796396939226e-09,3.6871177779881558e-11,0
2431,-3.4709362470940975e-10,2.0791572830326614e-05,2.0788024707742713e-05,3.5481225839012281e-09,1.0963262608293904e-11,0
2432,1.2720231970830585e-09,1.2019815727019184e-05,1.2013954825671572e-05,5.8609013476119059e-09,1.6663317057904716e-11,0
2433,5.0836532578383721e-10,5.3183518011843539e-07,5.3941206944544989e-07,-7.5768893270144963e-09,1.3782899046985493e-11,0
2434,-2.1980910174683912e-09,-1.8527957517800418e-04,-1.8530276140446274e-04,2.3186226458552991e-08,1.8776813409581367e-11,0
2435,-1.5651525980771197e-09,-3.7112904870121276e-05,-3.7121145000075402e-05,8.2401299541262521e-09,7.4923791280024621e-11,0
2436,-1.5963964070282692e-09,1.5711525591682873e-05,1.5698295213431654e-05,1.3230378251219822e-08,2.0394311486911189e-11,0
2437,2.2720423264058510e-11,6.9397213588971718e-06,6.9218163072455645e-06,1.7905051651607279e-08,1.6121335042985126e-11,0
2438,-2.7064563395786594e-09,-1.8581140827016521e-04,-1.8583723694430074e-04,2.5828674135537416e-08,8.4608491712722885e-12,0
2439,-2.0735179262797066e-09,-3.7644735770309351e-05,-3.7663066461805347e-05,1.8330691495995334e-08,2.1039254603555951e-11,0
2440,-2.1047617359086786e-09,1.5179624062913770e-05,1.5157809931143616e-05,2.1814131770154607e-08,1.2062366573399700e-11,0
2441,-4.8564491107097395e-10,6.4078933746155448e-06,6.3863492300747255e-06,2.1544144540819278e-08,1.5007609695068829e-11,0
2442,6.0169461618266851e-10,2.0099107601390977e-04,2.0100615735587789e-04,-1.5081341968119742e-08,1.1936717273550888e-11,0
2443,2.2208114509033784e-09,1.9221932337112804e-04,1.9223400655859533e-04,-1.4683187467295520e-08,1.8904041944680213e-11,0
2444,-6.3293841173326871e-10,-1.4816668740500957e-04,-1.4818141983465619e-04,1.4732429646612932e-08,4.0569749996372070e-11,0
2445,-3.1243809789797880e-11,5.2824404172541065e-05,5.2824125367804199e-05,2.7880473686572697e-10,5.1779200083186244e-11,0
2446,1.5878730136727948e-09,4.4052586938037389e-05,4.4048421213120517e-05,4.1657249168713072e-09,6.5364584773660222e-11,0
2447,1.6191168246987105e-09,-8.7717396406155473e-06,-8.7779918397730787e-06,6.2521991575313754e-09,2.1756376369840810e-11,0
2448,3.3434684387824649e-11,3.5290049108941193e-06,3.5260341559021779e-06,2.9707549919414529e-09,3.9864762227008579e-11,0
2449,-4.9010756854884904e-10,-4.0356822958616256e-06,-4.0591978911872037e-06,2.3515595325578074e-08,3.7876963159185210e-11,0
2450,-1.1666369524302914e-10,-1.8019034609251076e-04,-1.8020681171710746e-04,1.6465624596694473e-08,2.0736810921484632e-11,0
2451,-2.1240481863609175e-10,2.0789203613542917e-05,2.0789408750483663e-05,-2.0513694074571903e-10,1.9546707045324465e-11,0
2452,-4.0309557211208389e-10,-2.6566738489559871e-06,-2.6868337692364029e-06,3.0159920280415790e-08,1.8871529276810705e-11,0
2453,3.7344387409955921e-10,-1.7615468717403662e-04,-1.7615082973557883e-04,-3.8574384577934155e-09,2.9242565468330012e-11,0
2454,2.7770275169226324e-10,2.4824795619084183e-05,2.4848697839881031e-05,-2.3902220796847835e-08,3.8824906088156751e-11,0
2455,8.7011996565682138e-11,1.3790233260337331e-06,1.3756429891307302e-06,3.3803369030028420e-09,1.5992333449633371e-11,0
2456,-9.5741122493893903e-11,2.0097951655846831e-04,2.0099981650744666e-04,-2.0299948978350860e-08,1.7656378805310771e-11,0
2457,-2.8643187748060008e-10,1.7753367132153711e-04,1.7752204515847261e-04,1.1626163064497493e-08,1.2973278602116413e-11,0
2458,-1.9069075307399501e-10,-2.3445828773858979e-05,-2.3476731409043269e-05,3.0902635184290144e-08,1.7091857771725350e-11,0
2459,8.1101799398881722e-10,-3.0956546385298503e-06,-3.0704730521384452e-06,-2.5181586391405137e-08,1.5529684109788056e-11,0
2460,4.9238865749734905e-10,1.9736404254320356e-06,2.0062085331480693e-06,-3.2568107716033739e-08,1.9235506635967326e-11,0
2461,6.9319665241540318e-10,-3.5130456586381087e-05,-3.5107311877730138e-05,-2.3144708650948856e-08,4.4605339644564685e-11,0
2462,6.0554358837244493e-10,1.7692092209567814e-05,1.7714996876837151e-05,-2.2904667269337328e-08,1.4556025489155955e-11,0
2463,2.7696697929519395e-10,8.8957266742399621e-06,8.9209834755044184e-06,-2.5256801264456278e-08,1.6935982722065640e-11,0
2464,-3.1862933621624791e-10,5.0692988877026890e-06,5.0686507780041439e-06,6.4810969854507249e-10,1.7544375213098347e-11,0
2465,-1.1782134144191313e-10,-3.2034862451048958e-05,-3.2034255854903865e-05,-6.0659614509276380e-10,2.3530215174412867e-11,0
2466,-2.0547440540979765e-10,2.0787745693051553e-05,2.0789546757530388e-05,-1.8010644788346846e-09,7.7227177992238335e-12,0
2467,-5.3405101410599757e-10,1.1991420375629530e-05,1.1997738075816826e-05,-6.3177001872955955e-09,1.9218422896908629e-11,0
2468,2.0080799464122927e-10,-3.7104168212421032e-05,-3.7104895339408498e-05,7.2712698746612387e-10,9.7267683574133194e-11,0
2469,1.1315493075026164e-10,1.5718455828103630e-05,1.5714331148130607e-05,4.1246799730231085e-09,1.6614949616408545e-11,0
2470,-2.1542167759448524e-10,6.9220848676295518e-06,6.9201251033734722e-06,1.9597642560795434e-09,1.9898090599416191e-11,0
2471,-8.7653063948777099e-11,5.2822634788816242e-05,5.2823912230882581e-05,-1.2774420663392043e-09,3.1386379439016298e-11,0
2472,-4.1622967256319976e-10,4.4026037423642271e-05,4.4030474429607996e-05,-4.4370059657249149e-09,7.4558328813853469e-11,0
2473,-3.2857660851485962e-10,-8.7963414208457394e-06,-8.7956952694672107e-06,-6.4615137852871063e-10,1.7770956380971563e-11,0
2474,-7.5586053972557181e-10,-1.8582409303673133e-04,-1.8581919835620331e-04,-4.8946805280224680e-09,2.2227357539228640e-11,0
2475,-8.7137974208960394e-10,-5.4852806074886401e-06,-5.4892917340638315e-06,4.0111265751914895e-09,5.0778569096924648e-11,0
2476,-1.1551920264077847e-10,1.8033872168453109e-04,1.8033417128981717e-04,4.5503947139176673e-09,2.4891781874539040e-11,0
2478,4.1905936460633638e-10,-1.7975760487322096e-04,-1.7977382233660949e-04,1.6217463388531767e-08,4.5901877628210390e-11,0
2479,-2.4500570506635272e-10,-1.8580637109384939e-04,-1.8581447356072798e-04,8.1024668785868552e-09,5.5502953983136813e-12,0
2480,-2.3116887427216708e-10,6.9218974051842453e-06,6.9201683152112938e-06,1.7290899729514693e-09,1.6575907322922214e-11,0
2481,5.9171133053379521e-10,-3.1064645259620827e-06,-3.0724498246125085e-06,-3.4014701349574181e-08,1.8278920122259127e-11,0
2482,-6.1129388005515612e-13,-7.1650020087967239e-06,-7.1375129754653608e-06,-2.7489033331363183e-08,2.7429609192660804e-11,0
2483,4.2253104834755935e-10,1.7682666342142689e-05,1.7713509522425382e-05,-3.0843180282693141e-08,1.7119369874633954e-11,0
2484,6.2900667372574789e-11,-5.7885950613695974e-06,-5.7589949473768541e-06,-2.9600113992743353e-08,1.3754142133065496e-11,0
2485,-5.9232262294708195e-10,-4.0585547372486847e-06,-4.0602692936058795e-06,1.7145563571948426e-09,2.3226152198142377e-11,0
2486,-1.6918028212263457e-10,2.0789148830298570e-05,2.0790010679688815e-05,-8.6184939024529033e-10,1.1845208795166242e-11,0
2487,-5.2881066170422419e-10,-2.6821712800903161e-06,-2.6880417512871258e-06,5.8704711968097466e-09,1.1188333849535692e-11,0
2488,4.2314234127491071e-10,2.4847691781788687e-05,2.4850374113124093e-05,-2.6823313354059426e-09,2.4135121329914843e-11,0
2489,6.3511961244308114e-11,1.3763999225037860e-06,1.3755183584425325e-06,8.8156406125350608e-10,1.2960538736107006e-11,0
2490,-3.5963037916483308e-10,-2.3471287371322654e-05,-2.3478548450167217e-05,7.2610788445633893e-09,9.7640535273023120e-12,0
2491,8.4665717177354550e-10,6.0517089191980573e-06,6.0616835564527908e-06,-9.9746372547334213e-09,3.5760445450137439e-11,0
2492,-5.9683421301624517e-10,-1.8532242683804226e-04,-1.8528737431589289e-04,-3.5052522149371960e-08,2.7676204539912209e-11,0
2493,-2.7758196940551121e-10,-3.7144332524363319e-05,-3.7109089625413516e-05,-3.5242898949803105e-08,9.4455191064127938e-11,0
2495,-2.1692109508930307e-10,1.8033461725980087e-04,1.8033305424008424e-04,1.5630197166389102e-09,4.3283824360765314e-11,0
2496,-3.1925224235080652e-10,-1.4817814374217008e-04,-1.4817802182410503e-04,-1.2191806505329472e-10,4.4684178049573460e-11,0
2497,-5.3617333743881267e-10,3.2156289922285921e-05,3.2157385788814703e-05,-1.0958665287814028e-09,1.0353975958651264e-10,0
2498,-2.7023525948041867e-10,1.5161632769738163e-05,1.5175248424662421e-05,-1.3615654924257361e-08,1.5196712306499877e-11,0
2499,-9.4245024362623782e-10,-8.3214011132610316e-06,-8.3055328621817194e-06,-1.5868251079312199e-08,8.7608371513451161e-12,0
2500,-6.7221498390423785e-10,-2.3483018895886949e-05,-2.3481566933026709e-05,-1.4519628602398054e-09,9.8869020290291711e-12,0
2501,-1.9467946546505946e-10,6.9184780483707090e-06,6.9208792312347304e-06,-2.4011828640214846e-09,3.4766564091676344e-11,0
2502,-2.6323654344157986e-10,1.8033677126286186e-04,1.8033249198282189e-04,4.2792800399667381e-09,3.1816682825059564e-11,0
2504,2.2414707255708152e-10,1.5195153985847476e-05,1.5179862770300864e-05,1.5291215546612053e-08,2.7840129278833231e-11,0
2505,-7.7321255783048019e-10,-8.2811001648058769e-06,-8.3039899464803856e-06,2.2889781674508762e-08,1.8777190494680287e-11,0
2506,-9.9735962884731220e-10,-2.3476269474227468e-05,-2.3484628849443625e-05,8.3593752161572092e-09,1.9417617192957110e-11,0
2507,-1.3596197958455905e-10,-3.2033891884007887e-05,-3.2034529902173788e-05,6.3801816590082060e-10,3.7323760247799704e-11,0
2508,-2.0800065400175133e-10,6.9210456813647344e-06,6.9210532101991950e-06,-7.5288344606399367e-12,1.5801806759753497e-11,0
2509,-2.8061907156667197e-10,5.5804925746128636e-06,5.6080754425531178e-06,-2.7582867940254174e-08,3.1208303458563849e-11,0
2510,-7.4571283681587632e-10,-4.0382767422005982e-06,-4.0618805014961279e-06,2.3603759295529640e-08,4.5129820998631401e-11,0
2511,-6.8492671800808084e-10,-1.8023692095751366e-04,-1.8021142892651781e-04,-2.5492030995849123e-08,1.5513225291852213e-11,0
2512,-7.6973106569313339e-10,1.1270842399050546e-07,1.2458438784868855e-07,-1.1875963858183095e-08,3.4149660752557170e-11,0
2513,-4.6509376718936362e-10,-9.6186780677871148e-06,-9.6672565873594993e-06,4.8578519572384582e-08,4.1824911265257954e-11,0
2514,-4.0430764783890777e-10,-1.8581743814550427e-04,-1.8581549202498245e-04,-1.9461205218141656e-09,2.2162766683065275e-11,0
2515,-4.8911199599939804e-10,-5.4677568807025290e-06,-5.4858168567356449e-06,1.8059976033115980e-08,4.9575917251881162e-11,0
2516,6.0786118720959738e-11,-1.7619877854977220e-04,-1.7615275904265450e-04,-4.6019507117701789e-08,2.4519909978834296e-11,0
2517,-2.4018228887271325e-11,4.1509683772955261e-06,4.1845267554096066e-06,-3.3558378114080498e-08,4.1761600840056118e-11,0
2518,-8.4804348057519138e-11,1.8034965840096808e-04,1.8033393348674081e-04,1.5724914227270874e-08,1.4598838070303720e-11,0
2519,-1.2197996218141722e-10,3.5117567562543278e-06,3.5246213257187183e-06,-1.2864569464390500e-08,2.5719547613991557e-11,0
2520,2.4271373517625415e-12,-2.2508295325681521e-06,-2.2422222215847483e-06,-8.6073109834038275e-09,3.3872150865658504e-11,0
2521,1.2440709975019452e-10,-5.7626127257927144e-06,-5.7584687361859374e-06,-4.1439896067770285e-09,7.0770124814419055e-12,0
2522,-6.3683780095875172e-10,5.0493964290129062e-06,5.0652309720500481e-06,-1.5834543037141937e-08,1.9485801457954372e-11,0
2523,1.0332427702720277e-10,5.6289137812018906e-06,5.6115335681698608e-06,1.7380213032029855e-08,1.6053113412617990e-11,0
2524,-5.9667545190946758e-11,-3.2029924227203492e-05,-3.2033906320583554e-05,3.9820933800624480e-09,4.9598459861658513e-11,0
2525,-1.4851199067630060e-10,2.0786907423511508e-05,2.0790645391731102e-05,-3.7379682195934436e-09,1.1547718658311000e-11,0
2526,-8.9456335109297090e-10,1.1971925608898065e-05,1.1994960187870380e-05,-2.3034578972314519e-08,1.8047600026075485e-11,0
2527,7.4016207830552136e-10,5.7948912734334668e-07,5.4209384692006051e-07,3.7395280423286168e-08,2.3559798032478000e-11,0
2528,5.7717025469749331e-10,-3.7079277097269367e-05,-3.7100989210038908e-05,2.1712112769541330e-08,6.7178928188671531e-11,0
2529,4.8832580923003915e-10,1.5737505626063630e-05,1.5718966778862120e-05,1.8538847201510732e-08,1.7620777787091171e-11,0
2530,-2.5772554971740411e-10,6.9225204723203791e-06,6.9209130780821329e-06,1.6073942382462762e-09,1.7096650052965511e-11,0
2531,-1.6299182199171843e-10,-3.7658883314114436e-05,-3.7645353568300732e-05,-1.3529745813704495e-08,3.9648933288392635e-11,0
2532,-2.5183626747726044e-10,1.5158039194285329e-05,1.5175895912631988e-05,-1.7856718346658592e-08,1.4782789549703397e-11,0
2533,-9.9788762813327023e-10,6.3430608838142832e-06,6.3826809157300588e-06,-3.9620031915775534e-08,2.2746648055913183e-11,0
2534,-8.8844445486576188e-11,5.2816783733227639e-05,5.2824643190358363e-05,-7.8594571307236084e-09,5.4194735545772387e-11,0
2535,-8.3489580595378434e-10,4.4001787526334185e-05,4.4027341622885590e-05,-2.5554096551404627e-08,6.7653985904886063e-11,0
2536,-7.4605136032167346e-10,-8.8149948342646639e-06,-8.7994842364359409e-06,-1.5510597828722960e-08,1.7443781032110591e-11,0
2537,1.3975552139834476e-10,-7.1377073514325776e-06,-7.1364621695778718e-06,-1.2451818547057724e-09,1.2620183119848129e-11,0
2538,1.9303243572940290e-10,-2.9507361795876041e-06,-2.9464534009969142e-06,-4.2827785906899680e-09,1.2649463652981031e-11,0
2539,1.9303992386735721e-10,-5.7593530821530708e-06,-5.7578558910613224e-06,-1.4971910917484728e-09,4.7995592425977309e-12,0
2540,5.3276914323802582e-11,4.1870084835950172e-06,4.1852980905104856e-06,1.7103930845315882e-09,1.5890665812414323e-11,0
2541,5.3284402460811686e-11,1.3783835718897582e-06,1.3756238612611920e-06,2.7597106285661696e-09,6.3796982568885430e-12,0
2545,2.3901601255100482e-10,-1.7614260591119167e-04,-1.7615072613628988e-04,8.1202250982049650e-09,3.5403452935675241e-11,0
2546,-8.4602144624721069e-10,5.5997868124522260e-06,5.6028751676872838e-06,-3.0883552350578086e-09,2.3143737134943747e-11,0
2547,6.6759183878771438e-11,2.0805890683745117e-05,2.0792714546947633e-05,1.3176136797484036e-08,2.1412366498677926e-11,0
2548,9.1278062740790634e-10,1.5206113929985485e-05,1.5186653925142961e-05,1.9460004842523931e-08,2.4859363854893841e-11,0
2549,1.2800329705100050e-09,5.0784866690994912e-06,5.0824455224895431e-06,-3.9588533900519079e-09,1.6697238376736770e-11,0
2550,1.6785957726566381e-09,5.6120969928403000e-06,5.6257954799547304e-06,-1.3698487114430433e-08,1.4542642418880153e-11,0
2551,-1.1342693167882931e-09,-1.8019864054651981e-04,-1.8021513841053670e-04,1.6497864016893704e-08,1.1670967327213550e-11,0
2552,-3.1868706427010479e-10,-3.2033250297710397e-05,-3.2036332761807139e-05,3.0824640967421109e-09,3.5925114224389520e-11,0
2553,-3.4372820346788229e-10,2.0792418337574163e-05,2.0789103443571133e-05,3.3148940030303261e-09,1.0405242788097380e-11,0
2554,1.2713147187541570e-09,1.2014610075451390e-05,1.2014849668539898e-05,-2.3959308850770363e-10,1.6476256007458702e-11,0
2555,3.9856279061810496e-10,5.3362889906221136e-07,5.3915243726044358e-07,-5.5235381982322145e-09,2.7143617584214086e-11,0
2556,-2.4143023035096493e-09,-1.8527711692594134e-04,-1.8530265378922597e-04,2.5536863284636533e-08,2.6754163993173903e-11,0
2557,-1.5987200422306110e-09,-3.7111656837890764e-05,-3.7120575395529702e-05,8.9185576389384552e-09,6.8804045437490372e-11,0
2558,-1.6237611802719082e-09,1.5713945713662428e-05,1.5700257234058963e-05,1.3688479603465024e-08,2.0793299054407748e-11,0
2559,-8.7182499574544833e-12,6.9361071281153278e-06,6.9236465277309691e-06,1.2460600384358670e-08,1.6308186666168245e-11,0
2560,-2.8128650924322388e-09,-1.8581074981396072e-04,-1.8583695859076291e-04,2.6208776802191368e-08,1.3824935831951179e-11,0
2561,-1.9972828343811741e-09,-3.7645253354561502e-05,-3.7661930172958566e-05,1.6676818397064230e-08,3.9022765510930657e-11,0
2562,-2.0223239728517848e-09,1.5180311332737857e-05,1.5160155228900123e-05,2.0156103837733308e-08,1.1743823118413488e-11,0
2563,-4.0728104558087302e-10,6.4024984241899119e-06,6.3883320008388569e-06,1.4166423351054997e-08,2.8615054579942339e-11,0
2564,7.9054112969320916e-10,2.0099109960937910e-04,2.0100786977688713e-04,-1.6770167508037108e-08,1.2076369393270873e-11,0
2565,2.4055840652755443e-09,1.9221322144990756e-04,1.9223546067664168e-04,-2.2239226734119396e-08,2.5661765282233385e-11,0
2566,-8.1558225386303136e-10,-1.4816557333459379e-04,-1.4818171633525478e-04,1.6143000660989639e-08,5.9057839428475060e-11,0
2567,-2.5041138963921063e-11,5.2825662491411498e-05,5.2825520415248835e-05,1.4207616266332041e-10,5.7777733425645316e-11,0
2568,1.5900017845401404e-09,4.4047616659673161e-05,4.4049655387445375e-05,-2.0387277722142341e-09,6.2881842429123709e-11,0
2569,1.6150429244692333e-09,-8.7778174037850265e-06,-8.7780177275316378e-06,2.0032374661128416e-10,2.1925047045901121e-11,0
2570,-1.5241020796473924e-10,3.5068520150872973e-06,3.5243446930416716e-06,-1.7492677954374312e-08,4.2417123859111142e-11,0
2571,-2.4926341651728650e-11,-3.6308437296322937e-06,-3.6158638458649413e-06,-1.4979883767352391e-08,7.0435360974108273e-11,0
2572,2.2374655713983480e-11,-2.2525686236528342e-06,-2.2420067539749465e-06,-1.0561869677887681e-08,3.6632862245107527e-11,0
2573,1.2748386651899910e-10,-7.1377259625938008e-06,-7.1366883558049998e-06,-1.0376067888010328e-09,1.3064535029874177e-11,0
2574,1.7478486391956951e-10,-5.7593439913685221e-06,-5.7580442372760049e-06,-1.2997540925172260e-09,5.3265922563860725e-12,0
2575,4.7300997385442728e-11,1.3783703833938898e-06,1.3756704817199668e-06,2.6999016739230794e-09,7.3832556329804666e-12,0
2576,-4.2145533214264376e-10,-1.8582335608272570e-04,-1.8581505211410514e-04,-8.3039686205553780e-09,1.1605064593623051e-11,0
2577,-5.2610121564533127e-10,-5.4854968928364802e-06,-5.4861533598324657e-06,6.5646699598549002e-10,3.5028725558001212e-11,0
2578,-1.0464588368054075e-10,1.8033790510300039e-04,1.8033314966222030e-04,4.7554407800898951e-09,1.3173100781681082e-11,0
2579,7.5625068559011199e-10,-3.1057403458000649e-06,-3.0708478263185047e-06,-3.4892519481560196e-08,3.0796095461526703e-11,0
2580,5.4594407390176526e-10,1.7684148713377132e-05,1.7715741070654805e-05,-3.1592357277673448e-08,2.3487172262487806e-11,0
2581,2.4817332961678328e-10,-5.7740302481954983e-06,-5.7573902783867686e-06,-1.6639969808729709e-08,2.1913799072430575e-11,0
2582,-2.1030661142428444e-10,2.0789931825376633e-05,2.0790479812822838e-05,-5.4798744620503711e-10,2.1544444083319345e-11,0
2583,-5.0807735404085334e-10,-2.6681896679609657e-06,-2.6881160369950976e-06,1.9926369034131885e-08,2.1082319870644305e-11,0
2584,-2.9777074210665240e-10,-2.3458119469589242e-05,-2.3479120629059571e-05,2.1001159470328555e-08,1.7806142400184187e-11,0
2585,8.9913880860412510e-10,-3.0854588742613986e-06,-3.0695403899001299e-06,-1.5918484361268717e-08,1.7390279095700674e-11,0
2586,5.9288526726446463e-10,1.9819658684944175e-06,2.0062960922176459e-06,-2.4330223723228463e-08,1.9999002262421467e-11,0
2587,7.7999804127767698e-10,-3.5121215218104559e-05,-3.5106254694052462e-05,-1.4960524052097838e-08,4.4331920879093053e-11,0
2588,6.9469244139659946e-10,1.7702479175867036e-05,1.7717181901684172e-05,-1.4702725817135733e-08,1.1990146835068380e-11,0
2589,3.6515095318239488e-10,8.9051301842245356e-06,8.9230779356681365e-06,-1.7947751443600862e-08,1.7531202352656524e-11,0
2590,-3.0625354120662382e-10,5.0674250369085391e-06,5.0678156154092130e-06,-3.9057850067392022e-10,1.7503379271984653e-11,0
2591,-1.1914076726636854e-10,-3.2035728823152140e-05,-3.2034589918980295e-05,-1.1389041718447377e-09,2.6523286174820599e-11,0
2592,-2.0444636710846486e-10,2.0787970453933768e-05,2.0790600398486064e-05,-2.6299445522959481e-09,7.8165493992997257e-12,0
2593,-5.3398785512137975e-10,1.1990583693763379e-05,1.1998636625957505e-05,-8.0529321941254635e-09,1.9510445133209412e-11,0
2594,1.8711277381167848e-10,-3.7103290466465252e-05,-3.7104148292269729e-05,8.5782580447639131e-10,8.1873127137232805e-11,0
2595,1.0180717403407707e-10,1.5720512223710813e-05,1.5716430661906524e-05,4.0815618042891423e-09,1.6981206369149363e-11,0
2596,-2.2773431362628403e-10,6.9231790719571744e-06,6.9221214279899758e-06,1.0576439671986104e-09,1.9818975552136372e-11,0
2597,-8.5305599821232615e-11,5.2823685535954411e-05,5.2825267319227263e-05,-1.5817832728519713e-09,3.1887780598918672e-11,0
2598,-4.1484708773015703e-10,4.4026277847291143e-05,4.4031697362505245e-05,-5.4195152141025518e-09,7.6993447693058242e-11,0
2599,-3.2954148780715216e-10,-8.7973736949556805e-06,-8.7956929349100839e-06,-1.6807600455966338e-09,1.8308978694108223e-11,0
2600,-7.6388291324245038e-10,-9.6647059043761252e-06,-9.6701632568682315e-06,5.4573524921063167e-09,3.7933337429033903e-11,0
2601,-6.9663331153774992e-10,-1.8582178181076377e-04,-1.8581743558608243e-04,-4.3462246813389793e-09,2.2940612361763778e-11,0
2602,-7.8985003907078458e-10,-5.4839326115926901e-06,-5.4885510735841420e-06,4.6184619914519325e-09,5.3080644107324613e-11,0
2603,6.7249601475073513e-11,-1.7615703842675801e-04,-1.7615166084649156e-04,-5.3775802664481585e-09,2.4611671664007971e-11,0
2604,-2.5967125869662773e-11,4.1808035730348317e-06,4.1847887820140992e-06,-3.9852089792675015e-09,4.7588753773478397e-11,0
2605,-9.3216727802529952e-11,1.8033787676055568e-04,1.8033313395160328e-04,4.7428089524042660e-09,2.4871390176740655e-11,0
2606,6.0173505829657450e-10,6.0426922387181101e-06,6.0591921400430896e-06,-1.6499901324979576e-08,8.1040858777064534e-11,0
2607,4.3525992808270846e-10,-1.7975785524469105e-04,-1.7977145766016832e-04,1.3602415477271873e-08,6.1474040773126325e-11,0
2608,-1.6647513061699363e-10,-1.8580067504989604e-04,-1.8581253378562319e-04,1.1858735727150434e-08,5.4709551899994506e-12,0
2609,6.5672230952391644e-10,1.7728829504662716e-05,1.7716947267705178e-05,1.1882236957537907e-08,1.9092305260863185e-11,0
2610,3.4726267449239134e-10,-5.7347729842428807e-06,-5.7565037696128651e-06,2.1730785369984321e-08,1.4774602233137264e-11,0
2611,-3.0945963583793583e-10,-2.3463586707288264e-05,-2.3479430500419374e-05,1.5843793131109540e-08,9.7928059863794650e-12,0
2612,-1.9653290689183887e-10,6.9195715676727276e-06,6.9226095550081803e-06,-3.0379873354526382e-09,3.1440305555624867e-11,0
2613,-7.3038096199252998e-10,-4.0643442434859511e-06,-4.0622143786330861e-06,-2.1298648528650499e-09,2.2479825318712320e-11,0
2614,-9.9677568163518670e-11,-3.2034785270456962e-05,-3.2034445013610013e-05,-3.4025684694924049e-10,2.7586574458467250e-11,0
2615,-6.9238676764177581e-10,1.2066184806869273e-07,1.2512242390709396e-07,-4.4605758384012278e-09,2.9237134115422754e-11,0
2616,3.7994194373652250e-11,4.1850281959700556e-06,4.1854144218514014e-06,-3.8622588134575882e-10,1.9128512945923165e-11,0
2617,-6.3070339365068099e-10,2.7970421927584876e-05,2.7972457093776562e-05,-2.0351661916861215e-09,9.6359702882793593e-11,0
2619,-1.6873134605448818e-10,6.9012305838091204e-06,6.9230150069125950e-06,-2.1784423103474687e-08,2.1024579393520425e-11,0
2620,-3.9281425154090676e-10,-5.4867288656682543e-06,-5.4849418203125097e-06,-1.7870453557445660e-09,4.1705946747482584e-11,0
2622,-1.0902116768950308e-10,-7.1562315241222724e-06,-7.1390347723781969e-06,-1.7196751744075446e-08,7.0327031208252868e-11,0
2623,1.2565275696898252e-10,-1.8330216069893310e-04,-1.8328943106306981e-04,-1.2729635863283203e-08,7.5406917807408746e-11,0
2625,-7.5505070288175460e-11,-5.7795754483218331e-06,-5.7603579251943073e-06,-1.9217523127525784e-08,2.4985514959674804e-11,0
2626,-6.7729068169173208e-10,-4.0837730648276421e-06,-4.0617967408073336e-06,-2.1976324020308510e-08,7.6893078153095116e-11,0
2627,-4.4261675704942081e-10,-1.8022969183426399e-04,-1.8020840342794782e-04,-2.1288406316168377e-08,1.8161984865646068e-11,0
2628,-8.9321023922468224e-11,2.0783156584409414e-05,2.0791846341418790e-05,-8.6897570093762567e-09,1.8699059193485727e-11,0
2629,-6.4377458429982997e-10,-2.7072891368214863e-06,-2.6894327478414382e-06,-1.7856388980048092e-08,1.6541293295780189e-11,0
2630,2.3467392483437092e-10,-1.7614600841350239e-04,-1.7614980936993523e-04,3.8009564328443657e-09,5.5077305432528232e-11,0
2631,5.8796965703901882e-10,2.4866946695329892e-05,2.4853752841565679e-05,1.3193853764212370e-08,5.0045650699265823e-11,0
2632,3.3516097482070392e-11,1.3764104087726894e-06,1.3757182557892840e-06,6.9215298340542314e-10,3.2471710671700058e-11,0
2633,3.5329573239305700e-10,2.0101286039993747e-04,2.0100389312730600e-04,8.9672726314750373e-09,1.2980817676352259e-11,0
2634,-2.0115782732936662e-10,1.7752238724702595e-04,1.7752110592029652e-04,1.2813267294246606e-09,1.0501931970251391e-11,0
2635,-5.5445356022747986e-10,-2.3490461730708498e-05,-2.3481812966741870e-05,-8.6487639666282562e-09,1.0943327524159380e-11,0
2636,-6.9596703933388890e-10,3.2151610564181039e-05,3.2155977320162413e-05,-4.3667559813741859e-09,6.4163821801579260e-11,0
2637,-7.4758620033974040e-11,3.5158327109634929e-06,3.5250506014592111e-06,-9.2178904957181393e-09,3.5531998004733808e-11,0
2638,-2.0430006073865002e-10,6.9230597134627321e-06,6.9229556791169747e-06,1.0403434575739627e-10,1.6509542654692953e-11,0
2639,2.9929409365655674e-10,5.6227538997241644e-06,5.6131149896367855e-06,9.6389100873788490e-09,3.1755963917822636e-11,0
2640,-8.3253489886015507e-10,-4.0607537629844953e-06,-4.0632991831959939e-06,2.5454202114986101e-09,6.1833400497870194e-11,0
2641,-6.4110999047603492e-10,-1.8021105351136331e-04,-1.8021006852956341e-04,-9.8498179989907342e-10,2.1609386226769524e-11,0
2642,-8.7900365698897991e-11,2.0792870944476546e-05,2.0791993238862164e-05,8.7770561438198593e-10,1.2263831563887265e-11,0
2643,-8.2113651928794455e-10,-2.6853981380901967e-06,-2.6910868574133402e-06,5.6887193231435511e-09,2.0356406058166230e-11,0
2645,-9.4040408385373455e-10,-1.8583381413576384e-04,-1.8581926612179373e-04,-1.4548013970117025e-08,4.9686671587466698e-11,0
2646,-3.8719445802042879e-10,1.5170055188225631e-05,1.5175878668880036e-05,-5.8234806544045850e-09,2.8317302181089080e-11,0
2647,-1.1204306123702245e-09,-8.3081477227874012e-06,-8.3070884242999428e-06,-1.0592984874583874e-09,4.7971433537885086e-11,0
2648,1.9142490828113800e-10,-1.7615044776781320e-04,-1.7614997068525831e-04,-4.7708255488526641e-10,3.0943068820989927e-11,0
2649,7.4463453329731445e-10,2.4853548167902157e-05,2.4855404067298059e-05,-1.8558993959016555e-09,3.0674353882171413e-11,0
2650,1.1398379538082013e-11,1.3752709234606062e-06,1.3755742491248718e-06,-3.0332566426559147e-10,1.3371003717111755e-11,0
2651,5.5320962440785364e-10,2.0100390022898896e-04,2.0100570993408955e-04,-1.8097051005915975e-09,1.3421939697730322e-11,0
2652,-1.8002652891378664e-10,1.7752566463552413e-04,1.7752112382443674e-04,4.5408110873820795e-09,1.1151343051912674e-11,0
2653,-7.3323615359293939e-10,-2.3478244490355541e-05,-2.3483618544747674e-05,5.3740543921331515e-09,1.0427248133568748e-11,0
2654,-3.3517283694641627e-10,5.5891532216943013e-06,5.6073217988345182e-06,-1.8168577140216917e-08,2.4370287352915409e-11,0
2655,-6.5579935545486245e-10,-1.8022529374627991e-04,-1.8021009672521444e-04,-1.5197021065470112e-08,1.2565607409214337e-11,0
2656,2.0202354030944469e-11,-3.2008336480954681e-05,-3.2033457237809487e-05,2.5120756854806478e-08,5.3809627732691685e-11,0
2657,-7.0715119337831927e-10,1.2902438972458609e-07,1.2490969717080360e-07,4.1146925537824930e-09,2.8354756415021477e-11,0
2658,-3.2062651981223053e-10,-1.8581441885883853e-04,-1.8581351152276095e-04,-9.0733607758207435e-10,1.8207250838697157e-11,0
2659,3.5537519074192108e-10,-3.7597493330817494e-05,-3.7640261423055904e-05,4.2768092238409830e-08,6.1143876584844620e-11,0
2660,-3.7197835817474406e-10,-5.4602232934884004e-06,-5.4847525291718186e-06,2.4529235683418157e-08,4.4423552358406324e-11,0
2661,-5.1351838210376080e-11,1.8035423779792087e-04,1.8033300214036918e-04,2.1235657551692006e-08,1.4564353545884185e-11,0
2662,-6.7600170922080900e-10,-1.4821697882076365e-04,-1.4817958158341716e-04,-3.7397237346491414e-08,6.2138428059210611e-11,0
2664,1.4000170713670741e-10,3.5389834597554515e-06,3.5270029262827350e-06,1.1980533472716442e-08,3.6855178124391005e-11,0
2665,-1.6054845701414913e-09,-9.1404002583580710e-06,-9.1449218281193134e-06,4.5215697612423970e-09,7.0342448135025568e-11,0
2666,-7.1936615851620841e-10,1.5703128387780166e-05,1.5709986492390046e-05,-6.8581046098801872e-09,1.2747495045208330e-11,0
2667,-1.6091031006483846e-09,-7.7680964650664146e-06,-7.7762140274513029e-06,8.1175623848883232e-09,2.6845619844552153e-11,0
2668,8.8611841147012658e-10,2.4843523354026870e-05,2.4856945529885721e-05,-1.3422175858851835e-08,1.1034415935374819e-11,0
2669,-3.6185304622624766e-12,1.3723204721049348e-06,1.3755018921513837e-06,-3.1814200464489264e-09,5.0509151937103187e-12,0
2670,-8.8973694045667431e-10,-2.3471212492142540e-05,-2.3485243996928042e-05,1.4031504785502069e-08,4.8233082350005071e-12,0
2671,-6.4277826330152281e-10,5.5843886579767799e-06,5.6044934129335604e-06,-2.0104754956780586e-08,2.5368122293378701e-11,0
2672,-7.1836467966585528e-10,1.1983447262916072e-05,1.1997443949603505e-05,-1.3996686687432712e-08,2.5336481630539487e-11,0
2673,-7.5586419700110822e-11,6.3990994189112860e-06,6.3923084851139301e-06,6.7909337973558607e-09,2.7500559980359914e-11,0
2674,-4.2550668407878889e-10,5.0555008023391718e-06,5.0661689688624531e-06,-1.0668166523281384e-08,1.6418162234837124e-11,0
2675,-9.5425366161355434e-11,-3.2039129430164702e-05,-3.2034565514587231e-05,-4.5639155774710610e-09,4.3370053991493320e-11,0
2676,3.3008131728868104e-10,-3.7094659576830322e-05,-3.7102331242368365e-05,7.6716655380429182e-09,8.0009483148335891e-11,0
2677,7.2851419494605911e-10,6.0439233103039280e-06,6.0601923977196335e-06,-1.6269087415705503e-08,4.5201610088976628e-11,0
2679,7.9525126807445957e-11,-1.8330708227897244e-04,-1.8328931357001520e-04,-1.7768708957243426e-08,1.6851709785329936e-11,0
2681,-9.9867214039099310e-11,-2.9764113878248677e-06,-2.9491686358888483e-06,-2.7242751936019368e-08,4.1790238015687338e-11,0
2682,2.0349270734471158e-10,-1.7614547881305946e-04,-1.7614925528833196e-04,3.7764752724999979e-09,3.6761870772073127e-11,0
2684,2.4100366280420545e-11,4.1852367072351402e-06,4.1855580082725764e-06,-3.2130103743620932e-10,3.4144739101359584e-11,0
2686,-1.7939234102456332e-10,1.8033069548506649e-04,1.8033153875034798e-04,-8.4326528149592656e-10,1.9027003937377032e-11,0
2688,-7.0773736600234834e-10,-2.6817667170579360e-06,-2.6901730739364772e-06,8.4063568785412729e-09,4.2992586627727991e-11,0
2689,5.2298570981422442e-10,6.0591711788834501e-06,6.0582978253004580e-06,8.7335358299209871e-10,6.6721234816138557e-11,0
2690,-2.6293684900158814e-10,6.9248889580483981e-06,6.9233376297232216e-06,1.5513283251765412e-09,2.3705245015011153e-11,0
2691,7.0790287794010125e-12,-2.2746372748076032e-06,-2.2420448921551672e-06,-3.2592382652436036e-08,1.7065819728146387e-11,0
2692,-1.9726772985064574e-10,6.9201823060752871e-06,6.9242076855880801e-06,-4.0253795127930412e-09,2.6390203359684529e-11,0
2693,8.3737464710191628e-10,-3.0934810877798757e-06,-3.0699883018224703e-06,-2.3492785957405415e-08,2.0561378934617569e-11,0
2694,1.5080766099158867e-10,-7.1473056293381264e-06,-7.1370119799359908e-06,-1.0293649402135532e-08,2.9627053863901942e-11,0
2695,5.6496627924636467e-10,-1.8328738922995520e-04,-1.8328465881355010e-04,-2.7304164050979528e-09,1.7740279361058067e-11,0
2696,7.0124479845586631e-10,-3.5128630445446438e-05,-3.5106739221089559e-05,-2.1891224356878789e-08,6.7770607320903695e-11,0
2697,6.3163581921205266e-10,1.7697081355603356e-05,1.7717795096054639e-05,-2.0713740451283000e-08,1.4405298369314102e-11,0
2698,2.3907066547997269e-10,-2.9594695570608464e-06,-2.9460976093030334e-06,-1.3371947757812997e-08,3.9290991589196140e-11,0
2699,-6.8656698459784562e-10,-4.0537338668591646e-06,-4.0623586856584769e-06,8.6248187993122105e-09,2.3413555200533541e-11,0
2700,-2.7240836683935050e-10,-1.8019394894644956e-04,-1.8020612605773668e-04,1.2177111287115525e-08,1.4212565941937532e-11,0
2701,-1.3612984850209891e-10,-3.2035183571354868e-05,-3.2035022342095697e-05,-1.6122925917120461e-10,4.5449853742681122e-11,0
2702,-2.0573882772055027e-10,2.0790569453306255e-05,2.0791489986889528e-05,-9.2053358327208760e-10,1.2722522106984788e-11,0
2703,-5.9830398017732937e-10,1.3410959440185444e-07,1.2578843351209198e-07,8.3211608897624609e-09,2.7399835186980373e-11,0
2704,4.1415861813680059e-10,-1.7614015146530035e-04,-1.7614696301382997e-04,6.8115485296171407e-09,1.7408077590392736e-11,0
2705,4.8082815789278661e-10,2.4844304821889512e-05,2.4853968312536227e-05,-9.6634906467143165e-09,2.4509538892884334e-11,0
2706,8.8263004471715981e-11,4.1878539058227927e-06,4.1862428002683969e-06,1.6111055543958331e-09,2.9887404755517704e-11,0
2707,6.6669539922770108e-11,2.0098447531498309e-04,2.0100128459135842e-04,-1.6809276375331916e-08,1.2154490255179393e-11,0
2708,-3.2589561374325306e-10,1.8032797103407681e-04,1.8032994456101378e-04,-1.9735269369777243e-09,1.8619135604325393e-11,0
2709,-5.5043713568093970e-10,2.7981411609404386e-05,2.7972882855751239e-05,8.5287536531466958e-09,6.7935087128985324e-11,0
2710,-1.3627851807555349e-10,-1.4815885661777217e-04,-1.4817406784066781e-04,1.5211222895638796e-08,5.3352474708737824e-11,0
2711,-6.9608979209538502e-11,5.2825736053996666e-05,5.2826561179080858e-05,-8.2512508419130227e-10,6.3971904393668812e-11,0
2712,-4.6217413128308029e-10,3.2169311574703832e-05,3.2158125692017720e-05,1.1185882686112173e-08,6.7765262950819280e-11,0
2713,-3.9256515184825327e-10,-2.0656466387006245e-05,-2.0667391552780891e-05,1.0925165774646243e-08,2.6360928204254916e-11,0
2715,6.8157937074252553e-10,1.9862720915314255e-06,2.0063148958533756e-06,-2.0042804321950096e-08,1.5766054023272049e-11,0
2716,7.7393312459798919e-10,1.7708779464073107e-05,1.7719212723154397e-05,-1.0433259081289313e-08,9.9926066243460061e-12,0
2717,4.4425262456143670e-10,8.9110780254180594e-06,8.9250295161928127e-06,-1.3951490774753291e-08,1.4174468487577675e-11,0
2718,9.2353753791647348e-11,1.5722520173735814e-05,1.5718444632191452e-05,4.0755415443624447e-09,1.4315250628428490e-11,0
2719,-2.3732674586778812e-10,6.9248077558740732e-06,6.9240441218404087e-06,7.6363403366454550e-10,1.7942234048797919e-11,0
2720,-3.2968049977362367e-10,-8.7976945129224909e-06,-8.7956836107724847e-06,-2.0109021500062452e-09,1.4829366897508333e-11,0
2721,7.3948240431242928e-11,-2.2458104473738194e-06,-2.2414155251509495e-06,-4.3949222228699481e-09,3.5626619027911624e-11,0
2722,-2.3576586050258126e-10,5.5634521925820857e-06,5.6080630617823191e-06,-4.4610869200233403e-08,1.6463937413597714e-11,0
2723,-5.8025654025271227e-10,-1.8025544437168597e-04,-1.8020873727032027e-04,-4.6707101365706626e-08,1.3215352948299430e-11,0
2724,-3.4449068061485715e-10,-1.8581885026276420e-04,-1.8581295972112071e-04,-5.8905416434906245e-09,1.5865909222892575e-11,0
2725,6.5676547495622043e-10,2.0084884783146129e-06,2.0060066664112055e-06,2.4818119034073951e-09,1.7391703256086482e-11,0
2726,2.6438194541686248e-10,-7.1298399740814256e-06,-7.1360755483128541e-06,6.2355742314285854e-09,6.5764845105734258e-11,0
2727,6.9969480152188532e-10,1.7739187471348464e-05,1.7718675387943636e-05,2.0512083404827488e-08,1.6626116567825853e-11,0
2728,3.3639220202237315e-10,-2.9339705082415818e-06,-2.9452221513621021e-06,1.1251643120520324e-08,3.5015251696901066e-11,0
2729,4.7394087025459282e-10,8.9242172546096996e-06,8.9254287634039656e-06,-1.2115087942660900e-09,1.4062117166228263e-11,0
2731,4.2929326538336024e-11,1.5730690304712955e-05,1.5718215731348737e-05,1.2474573364217679e-08,2.7180605322740524e-11,0
2732,-3.2037327384544716e-10,-4.9424006065008474e-06,-4.9466595922034187e-06,4.2589857025713561e-09,4.4991606960015894e-11,0
2733,-1.8282460487024895e-10,6.9157381799959949e-06,6.9247505401924644e-06,-9.0123601964694878e-09,2.2303468521169522e-11,0
2734,4.3531285693888966e-10,2.4869032623093309e-05,2.4853891289091855e-05,1.5141334001453810e-08,3.4792052306727540e-11,0
2735,7.2010256639238493e-11,4.1959335898263464e-06,4.1861876023793416e-06,9.7459874470048487e-09,4.1364689064275215e-11,0
2736,2.0955892554318073e-10,1.6054005683920070e-05,1.6056886489205824e-05,-2.8808052857543388e-09,6.3881105990543835e-11,0
2737,-3.6330260052837333e-10,-2.0673140563251519e-05,-2.0667377446750162e-05,-5.7631165013567309e-09,1.6357086352047348e-11,0
2738,-2.2575393143252736e-10,-8.8149752766331080e-06,-8.7947377327274403e-06,-2.0237543905667700e-08,2.8555908635203588e-11,0
2739,1.3754866908660253e-10,1.1858198246319542e-05,1.1869345414943746e-05,-1.1147168624204613e-08,3.5127382784317826e-11,0
2740,5.7214809214872924e-10,-3.1251510818012390e-06,-3.0723607099036254e-06,-5.2790371897613580e-08,4.4341107652420974e-11,0
2741,5.1085524444581186e-11,-1.8333742974505768e-04,-1.8328898977435480e-04,-4.8439970702879136e-08,2.3000082818646555e-11,0
2743,4.6240103896965877e-10,1.7666489883320924e-05,1.7716660825258762e-05,-5.0170941937838589e-08,2.9957403769167088e-11,0
2744,-1.7039745117941605e-10,-5.8150240679205600e-06,-5.7613158329019029e-06,-5.3708235018657091e-08,1.2634124089980971e-11,0
2745,-5.2106256689883219e-10,-1.8021225826939449e-04,-1.8020806714498386e-04,-4.1911244106317136e-09,1.3280942190620451e-11,0
2746,-9.3156833829937339e-11,-3.2035392516191995e-05,-3.2034726389766552e-05,-6.6612642544262119e-10,3.9625375786152514e-11,0
2747,-1.0974705333705048e-10,2.0791661182350662e-05,2.0792669690978870e-05,-1.0085086282083592e-09,9.1001492306038119e-12,0
2748,-7.4254554258990702e-10,-2.6900262132985298e-06,-2.6906451666832425e-06,6.1895338471270518e-10,1.2536389345267334e-11,0
2749,4.1131551302224942e-10,2.0100394235787397e-04,2.0100441640133576e-04,-4.7404346179241545e-10,8.9217769050481425e-12,0
2751,-4.2790573286062845e-10,-1.4817688804556750e-04,-1.4817631937461004e-04,-5.6867095746455411e-10,5.8108729326428201e-11,0
2752,-1.6590219530939397e-11,5.2827054891749072e-05,5.2827435340052982e-05,-3.8044830390974831e-10,2.9219629463941161e-11,0
2753,-6.4938870857333297e-10,2.9345458022535763e-05,2.9339597858607410e-05,5.8601639283530169e-09,6.7085494770652764e-11,0
2754,-6.3279848903738823e-10,-2.3481650681363066e-05,-2.3483883159721561e-05,2.2324783584948662e-09,9.2965435186434453e-12,0
2755,-1.2594698662897934e-10,5.6066229828494575e-06,5.6090037669909713e-06,-2.3807841415137256e-09,1.8359168031211886e-11,0
2756,-7.6485708039477143e-10,-4.0566250704191474e-06,-4.0633491173142745e-06,6.7240468951271167e-09,2.6234501860531194e-11,0
2757,-7.3957009068176241e-10,-1.8021245343772304e-04,-1.8020994685989710e-04,-2.5065778259426852e-09,1.3863371376003439e-11,0
2758,-1.3616210189945072e-11,-3.2032201791332322e-05,-3.2034034942261031e-05,1.8331509287088424e-09,8.8518572446264714e-11,0
2759,3.9341649167837530e-11,2.0799208280885759e-05,2.0794127584256766e-05,5.0806966289927171e-09,1.3818612253598555e-11,0
2760,-8.0081675753194542e-10,1.2431270429019703e-07,1.2385022609985567e-07,4.6247819034136073e-10,2.8513446934624908e-11,0
2761,-6.3891009397188060e-10,-9.6632058555522551e-06,-9.6694400031802330e-06,6.2341476279778710e-09,2.6687666207480198e-11,0
2762,-6.1362310420521175e-10,-1.8581899162332157e-04,-1.8581513357162914e-04,-3.8580516924355181e-09,1.5518596330556975e-11,0
2763,1.1233077634178851e-10,-3.7638781421860373e-05,-3.7642100269308721e-05,3.3188474483488383e-09,6.3279640667109311e-11,0
2764,1.6528863569867275e-10,1.5192584558810888e-05,1.5182389646501223e-05,1.0194912309665602e-08,1.6238880791883423e-11,0
2765,-6.7486977110165628e-10,-5.4822079646093050e-06,-5.4875064562231120e-06,5.2984916138069845e-09,3.7617946900383956e-11,0
2766,2.5286989480953214e-11,-1.7615580624219355e-04,-1.7614978927545850e-04,-6.0169667350504826e-09,2.0554208787129718e-11,0
2767,8.0419872913077928e-10,2.4855830423342129e-05,2.4857602107504425e-05,-1.7716841622956580e-09,2.1594944544332077e-11,0
2768,-3.5959677176534765e-11,4.1809798717947107e-06,4.1853043022293639e-06,-4.3244304346532671e-09,2.2023532421226171e-11,0
2769,7.7891174017319647e-10,2.0101160348391482e-04,2.0100775769008690e-04,3.8457938279258530e-09,1.1675719972305781e-11,0
2770,-6.1246667153526199e-11,1.8033672583458137e-04,1.8033185730794530e-04,4.8685266360634204e-09,2.0286409377992392e-11,0
2771,-7.5124087006791146e-10,2.7975640344915509e-05,2.7970901295309143e-05,4.7390496063661304e-09,5.9807595673028021e-11,0
2772,-7.2595388042590194e-10,-1.4818012075313615e-04,-1.4817889537857172e-04,-1.2253745644314352e-09,8.0968245721807452e-11,0
2773,5.2957859365872211e-11,5.2831389660921730e-05,5.2828198582222223e-05,3.1910786995071878e-09,8.5771915319794738e-11,0
2774,-7.8720054722131534e-10,3.2156488302208315e-05,3.2155186606671257e-05,1.3016955370580632e-09,8.0462612294005214e-11,0
2775,-8.4015840636321635e-10,-2.0674859060619555e-05,-2.0671979757950499e-05,-2.8793026690553298e-09,2.5386091900186734e-11,0
2776,-1.7944857268101251e-11,3.5194579507541457e-06,3.5255670791570563e-06,-6.1091284029106036e-09,2.9000085945721644e-11,0
2777,8.0138359172545233e-11,-2.2439933850381538e-06,-2.2413349971180466e-06,-2.6583879201072446e-09,3.4746605984106120e-11,0
2778,9.8083216540089429e-11,-5.7634563018266107e-06,-5.7588853201923181e-06,-4.5709816342925813e-09,8.3649558922154780e-12,0
2779,-1.8450347071890888e-10,6.9137410526930523e-06,6.9252503705514893e-06,-1.1509317858437014e-08,2.5769784515984009e-11,0
2780,-2.9633527241598959e-10,5.6055286701901970e-06,5.6074350165685707e-06,-1.9063463783737221e-09,2.2993007375238866e-11,0
2781,-8.2573584528773052e-10,-1.8020891707953672e-04,-1.8021064816207066e-04,1.7310825339367578e-09,1.6337606629400829e-11,0
2782,1.0102213836415681e-10,2.0799370632085951e-05,2.0794767155005548e-05,4.6034770804026320e-09,1.8782813514757876e-11,0
2783,-5.2940057364784624e-10,-1.8581445829584970e-04,-1.8581427421655560e-04,-1.8407929409827543e-10,1.4899575743508610e-11,0
2784,3.9735741047025223e-10,1.5193875772499810e-05,1.5184619374477065e-05,9.2563980227450331e-09,2.2667779228418063e-11,0
2785,9.2675798383651250e-10,2.0100829851401984e-04,2.0100910139243241e-04,-8.0287841257081424e-10,1.5970018337165763e-11,0
2786,1.7156642437464689e-10,3.5371713060540488e-06,3.5272898721159018e-06,9.8814339381470009e-09,5.1215504398906074e-11,0
2787,6.3367152410894938e-10,5.0891001996677954e-06,5.0749989156354501e-06,1.4101284032345223e-08,1.7215247500760851e-11,0
2788,3.8445565644578558e-10,5.6145898742684941e-06,5.6135962059178437e-06,9.9366835065044007e-10,1.4262657777528112e-11,0
2789,-1.0287741282514524e-09,-4.0527822776064565e-06,-4.0658769848253530e-06,1.3094707218896496e-08,1.7330816121301845e-11,0
2790,-8.6662904519039549e-10,-1.8020673156845645e-04,-1.8021090523527626e-04,4.1736668198117180e-09,1.0616761664552638e-11,0
2791,-1.0801491615907843e-10,-3.2033679502940267e-05,-3.2034951418390901e-05,1.2719154506344145e-09,2.6369490842748512e-11,0
2792,-8.6543622699480136e-11,2.0794257960377212e-05,2.0793172311448281e-05,1.0856489289303470e-09,5.5528816816006337e-12,0
2793,-1.0375496846376892e-09,1.2978892636669737e-07,1.2165327144685180e-07,8.1356549198455701e-09,2.1567221539900273e-11,0
2794,-1.0375481868717859e-09,-2.6792331587581486e-06,-2.6934178706378528e-06,1.4184711879704201e-08,7.6270961346247443e-12,0
2795,-2.4921587183122226e-10,5.2542064057697555e-07,5.3448329239617730e-07,-9.0626518192017585e-09,4.2664905105296672e-11,0
2796,-1.6624456540740755e-09,-9.1419807340068632e-06,-9.1452189998176817e-06,3.2382658108185043e-09,5.1146107760569122e-11,0
2797,-1.5003005723547385e-09,-1.8529593156966714e-04,-1.8529092134247324e-04,-5.0102271938992811e-09,3.7087882970662505e-11,0
2798,-7.4168644143980206e-10,-3.7122746610392110e-05,-3.7111339795555507e-05,-1.1406814836602535e-08,5.6435401709822239e-11,0
2799,-7.2021514756367085e-10,1.5705131160701630e-05,1.5712121952308035e-05,-6.9907916064055470e-09,8.2030419966047900e-12,0
2800,-1.6712212108712869e-09,-4.9594732062846134e-06,-4.9586298807900922e-06,-8.4332549452111879e-10,5.5778674306718336e-11,0
2801,-1.6712197131063896e-09,-7.7684015976865403e-06,-7.7760830151917614e-06,7.6814175052210385e-09,2.0024427354316097e-11,0
2802,-1.4132297829326429e-09,-9.6673702217645822e-06,-9.6765390866542602e-06,9.1688648896780689e-09,2.1878492334635372e-11,0
2803,-1.2510847008391454e-09,-1.8582133105436369e-04,-1.8582070379637400e-04,-6.2725798968994717e-10,1.1463995925657452e-11,0
2804,-4.9247057044881539e-10,-3.7648281242717851e-05,-3.7647518369586812e-05,-7.6287313103976309e-10,2.7001566408934911e-11,0
2805,-4.7099927669261719e-10,1.5179671579197349e-05,1.5176893276317038e-05,2.7783028803108175e-09,1.1374672120311566e-11,0
2806,-1.4220053396180236e-09,-5.4848238124586158e-06,-5.4942985446760762e-06,9.4747322174603611e-09,3.1737326022610258e-11,0
2807,-1.4220038418527330e-09,-8.2938236230332019e-06,-8.3097644764472435e-06,1.5940853414041556e-08,1.0842436731959035e-11,0
2808,1.6214508196713443e-10,-1.7615394581468359e-04,-1.7614821788643290e-04,-5.7279282506873287e-09,1.0942162340676297e-11,0
2809,9.4223050633860699e-10,2.4847078206602369e-05,2.4859177364123738e-05,-1.2099157521368759e-08,8.7836969569569533e-12,0
2810,-8.7755567231271152e-12,4.1825734093596349e-06,4.1856394982253880e-06,-3.0660888657530478e-09,1.2905142937334814e-11,0
2811,-8.7740589616115992e-12,1.3735774040638405e-06,1.3758877463610233e-06,-2.3103422971827755e-09,4.3207963679490408e-12,0
2812,7.8008542295737936e-10,2.0100100887334512e-04,2.0100776757867692e-04,-6.7587053318091724e-09,7.6813052853983770e-12,0
2813,-1.7092063926182006e-10,1.8033652351481019e-04,1.8033063264869754e-04,5.8908661126476792e-09,1.2258859105823295e-11,0
2814,-1.7091914149643175e-10,1.7752750845045646e-04,1.7751968970839213e-04,7.8187420643276682e-09,4.4812014386189277e-12,0
2815,-9.2075921208564857e-10,2.7980861327525294e-05,2.7969288182424426e-05,1.1573145100868406e-08,4.7698138217499076e-11,0
2816,-7.5861412900000846e-10,-1.4817307491726307e-04,-1.4817894620441382e-04,5.8712871507421611e-09,2.9619645552059752e-11,0
2817,2.1471293449018482e-11,5.2827917223260425e-05,5.2828153878899609e-05,-2.3665563918387001e-10,2.1387955589633390e-11,0
2818,-9.2953476846499581e-10,3.2163403064869658e-05,3.2153899905864455e-05,9.5031590052031085e-09,6.2780063634551877e-11,0
2819,-9.2953327070020248e-10,2.9354482313906360e-05,2.9337036840161056e-05,1.7445473745304426e-08,3.3629408526068399e-11,0
2820,-9.5100606201406054e-10,-2.0664480657864304e-05,-2.0673227164547379e-05,8.7465066830756915e-09,1.0332658375988887e-11,0
2821,-9.5100456425147154e-10,-2.3473498697723291e-05,-2.3487168435344689e-05,1.3669737621397970e-08,3.8684634272110702e-12,0
2823,4.5306366143594253e-10,8.9402493091798874e-06,8.9258445057127597e-06,1.4404803467127635e-08,3.7363737024800619e-11,0
2824,-3.9051971029022367e-10,5.5945930358229645e-06,5.6065274636922434e-06,-1.1934427869278885e-08,2.3911484179621519e-11,0
2825,-6.1367073979162369e-10,-1.8021667320933851e-04,-1.8020850765624428e-04,-8.1655530942274009e-09,1.5791147381698863e-11,0
2826,3.5819944205557341e-11,-3.2020085808042754e-05,-3.2033672920104631e-05,1.3587112061876614e-08,4.7455191715878653e-11,0
2827,-2.2315103064833585e-10,-1.8581127068244621e-04,-1.8581124714745878e-04,-2.3534987435465393e-11,1.6967998569325091e-11,0
2828,4.2633965443270414e-10,-3.7614681592693794e-05,-3.7639125875639356e-05,2.4444282945561985e-08,5.8067549074857764e-11,0
2829,-6.4949068370746003e-10,-1.4819654166022770e-04,-1.4817783157183219e-04,-1.8710088395512388e-08,9.3733065548884718e-11,0
2830,-1.9707084226140986e-10,6.9205316954703069e-06,6.9258116976783161e-06,-5.2800022080091224e-09,3.8021172177941684e-11,0
2832,-1.1856737759103468e-10,-7.1771379315781897e-06,-7.1398641585552892e-06,-3.7273773022900479e-08,7.1355873622467152e-11,0
2833,2.3672576798914848e-10,-1.8332189182078407e-04,-1.8328671699581960e-04,-3.5174824964464158e-08,6.6644580090998769e-11,0
2835,-5.7615336627172386e-11,-5.8000988210505505e-06,-5.7603403759191639e-06,-3.9758445131386620e-08,3.8311461070175714e-11,0
2836,-8.4784483650006203e-10,-4.0609998459518667e-06,-4.0643927223685170e-06,3.3928764166502487e-09,4.0439186953343111e-11,0
2838,-1.7159355398279955e-10,2.0792335030956916e-05,2.0792635058829156e-05,-3.0002787223981533e-10,2.2837773528902491e-11,0
2839,-7.8689279547663739e-10,-2.6840626480119714e-06,-2.6912127686293920e-06,7.1501206174205460e-09,2.8547288925824898e-11,0
2840,3.5529314544347042e-10,-1.7614465554059776e-04,-1.7614605380055105e-04,1.3982599532977140e-09,4.9472449858821541e-11,0
2841,6.7625128290479261e-10,2.4853416899148911e-05,2.4857159169658637e-05,-3.7422705097256686e-09,6.1544493341772059e-11,0
2842,6.0952041011617987e-11,1.3769938564519652e-06,1.3766220742952845e-06,3.7178215668071511e-10,2.3908155812249036e-11,0
2843,3.2095813743262947e-10,2.0099797095549012e-04,2.0100359280930232e-04,-5.6218538122020708e-09,7.5739381323275147e-11,0
2844,-2.9434110443038249e-10,1.7752164069844074e-04,1.7751826099895622e-04,3.3796994845206214e-09,1.4285097988041462e-11,0
2845,-6.1529924098435533e-10,-2.3476471325720345e-05,-2.3484434129151936e-05,7.9628034315908449e-09,3.8997569725347144e-11,0
2846,4.8845635775517379e-10,6.0465590649628380e-06,6.0577045289198252e-06,-1.1145463956987191e-08,4.3007209857784776e-11,0
2848,-4.0492839221820168e-10,-5.4964159982677507e-06,-5.4850527045802825e-06,-1.1363293687468190e-08,1.8643071125058618e-11,0
2849,-1.9677585500851764e-10,6.9262298726937774e-06,6.9261146342182084e-06,1.1523847556899194e-10,1.5032205915244715e-11,0
2850,1.4335511263248071e-10,2.0098664281197401e-04,2.0100197773080810e-04,-1.5334918834086384e-08,1.0427624573206709e-11,0
2851,-3.3885823385232676e-10,1.7751575516536909e-04,1.7751768627931216e-04,-1.9311139430708453e-09,8.7860726734237054e-12,0
2852,-2.0848006419884582e-10,-1.4815977904374111e-04,-1.4817346794937733e-04,1.3688905636219427e-08,5.8707484967050784e-11,0
2853,-6.5124952547998541e-11,5.2826820955484324e-05,5.2827834983718182e-05,-1.0140282338583131e-09,5.6869542258288717e-11,0
2854,-5.4733829762048724e-10,2.9355950794523848e-05,2.9340493283116296e-05,1.5457511407552263e-08,5.8246974074213252e-11,0
2855,-4.8221334482559377e-10,-2.3470889478807710e-05,-2.3483400285961545e-05,1.2510807153834114e-08,9.3193806779712766e-12,0
2857,1.0412436661472035e-09,-3.0733576852474444e-06,-3.0679989631244662e-06,-5.3587221229781321e-09,1.2940588361789089e-11,0
2858,7.6139435902676905e-10,1.9891431471477650e-06,2.0062610952048648e-06,-1.7117948057099872e-08,1.6203655112036592e-11,0
2859,4.0221444613737722e-10,-7.1105031458620557e-06,-7.1352482254556239e-06,2.4745079593568181e-08,2.3232414669765619e-11,0
2860,9.2424267377795855e-10,-3.5111927681226111e-05,-3.5104434862263381e-05,-7.4928189627303699e-09,3.3705720031313675e-11,0
2861,8.4582337426634086e-10,1.7713590596216394e-05,1.7721163222661581e-05,-7.5726264451879746e-09,1.2276011920626846e-11,0
2862,5.1675819660378555e-10,8.9154404960007511e-06,8.9269084355625995e-06,-1.1467939561848466e-08,1.4652323874705414e-11,0
2863,-2.7984930720330116e-10,5.0625142897844921e-06,5.0662580475899873e-06,-3.7437578054951685e-09,1.8790293596931155e-11,0
2864,-6.3902922044355777e-10,-4.0371778733195099e-06,-4.0626610598125278e-06,2.5483186493017860e-08,2.3801745830388646e-11,0
2865,-1.1700099240931302e-10,-3.2038650255494273e-05,-3.2035181390727641e-05,-3.4688647666323408e-09,2.5921984211887727e-11,0
2866,-1.9542029193852373e-10,2.0786967612403465e-05,2.0792663343696307e-05,-5.6957312928426664e-09,8.4230544646076096e-12,0
2867,-5.2448546974275613e-10,1.1988823844179611e-05,1.2000426352450068e-05,-1.1602508270457001e-08,2.0245613827779784e-11,0
2868,-3.5917991238645759e-10,-9.0996525450182802e-06,-9.1332669767507320e-06,3.3614431732451757e-08,5.1329582443843807e-11,0
2869,1.6284831467919762e-10,-3.7101151899647695e-05,-3.7102715663824180e-05,1.5637641764847847e-09,9.4408786604936269e-11,0
2870,8.4429015201495633e-11,1.5724492798113894e-05,1.5720450864682115e-05,4.0419334317791204e-09,1.7383178478494456e-11,0
2871,-2.4463616226350773e-10,6.9263418222961434e-06,6.9259668627019927e-06,3.7495959415076972e-10,1.9881319737346199e-11,0
2872,4.4360892916036853e-10,2.4824135394126146e-05,2.4855459238914456e-05,-3.1323844788310389e-08,2.1320578893422333e-11,0
2873,1.1454375111340253e-10,1.6025892683412674e-05,1.6057529843105312e-05,-3.1637159692638801e-08,4.8132897036310894e-11,0
2874,-5.2202822764288017e-10,2.8001539689281700e-05,2.7972729703076666e-05,2.8809986205034549e-08,7.8680715705955160e-11,0
2875,-7.8419299504723820e-11,5.2825643353552124e-05,5.2827859866593605e-05,-2.2165130414815654e-09,3.1639220996993427e-11,0
2876,-4.0748447717249129e-10,4.4027439466082750e-05,4.4034060196547168e-05,-6.6207304644176732e-09,7.7469627973091540e-11,0
2877,-3.2906517755362400e-10,-8.7981201363903846e-06,-8.7956675382810126e-06,-2.4525981093720438e-09,1.9217261963521860e-11,0
2878,-8.9970776541712522e-10,-1.8583703205585222e-04,-1.8581693582810788e-04,-2.0096227744349684e-08,6.4213701156554608e-11,0
2880,5.8940429730591170e-10,-3.1124340456288591e-06,-3.0720934204231273e-06,-4.0340625205731750e-08,2.1889635683848440e-11,0
2881,-2.1595199394689368e-10,-7.1808533362929805e-06,-7.1409179886118383e-06,-3.9935347681142214e-08,3.5439129337642457e-11,0
2882,3.3684203950981940e-11,-1.8332504341759571e-04,-1.8328817598945818e-04,-3.6867428137535730e-08,1.3010373263185176e-11,0
2883,5.0245508230156258e-10,-3.5148526457735516e-05,-3.5108242551260303e-05,-4.0283906475212716e-08,7.9520559901128860e-11,0
2884,4.9100962284457746e-10,1.7679721220452763e-05,1.7718074412502329e-05,-3.8353192049566629e-08,2.0587092661671945e-11,0
2885,-1.8513835764695181e-10,-2.9949964280052976e-06,-2.9500091402202741e-06,-4.4987287785023505e-08,1.9888594534612996e-11,0
2886,-8.0535629079737865e-10,-4.0684963042540712e-06,-4.0642437528156990e-06,-4.2525514383722049e-09,2.7864753264587954e-11,0
2887,-5.5572009273262901e-10,-1.8021252765721817e-04,-1.8020747080550097e-04,-5.0568517172061220e-09,1.1708088557604565e-11,0
2888,-8.6949215064727620e-11,-3.2035995817910039e-05,-3.2034940227615436e-05,-1.0555902946039102e-09,3.3357562220882604e-11,0
2889,-9.8394674609423021e-11,2.0792291285268855e-05,2.0793649228460657e-05,-1.3579431918022561e-09,8.2335592085819825e-12,0
2890,-7.7454265441958973e-10,1.1736927294208471e-07,1.2390543573159216e-07,-6.5361627895074509e-09,2.1881547076783807e-11,0
2891,2.4963619820707279e-10,-1.7614408852736321e-04,-1.7614641082433673e-04,2.3222969735105844e-09,2.1888847107159615e-11,0
2892,7.0696161567241219e-10,2.4860788784903526e-05,2.4858029278463583e-05,2.7595064399426271e-09,2.1873271554547439e-11,0
2893,3.0813636444574851e-11,4.1858551979667789e-06,4.1862716719423677e-06,-4.1647397558879578e-10,2.0622630814328561e-11,0
2894,4.5732541749030495e-10,2.0100484919113523e-04,2.0100483104505134e-04,1.8146083892228368e-11,8.5685961011398289e-12,0
2897,-4.6877087746853524e-10,-1.4817649947467156e-04,-1.4817555056220001e-04,-9.4891247154815436e-10,4.8558000034085923e-11,0
2898,-1.1445459568476253e-11,5.2828294237925620e-05,5.2828601344596835e-05,-3.0710667121597746e-10,2.6644809250702955e-11,0
2899,-6.8759343918225837e-10,3.2153447566398048e-05,3.2156121643030035e-05,-2.6740766319869247e-09,5.0765733988121417e-11,0
2900,-6.7614797960758612e-10,-2.0674898668956998e-05,-2.0671469615478346e-05,-3.4290534786516258e-09,2.0138552373943690e-11,0
2902,-1.4267717627852915e-10,6.9297915889928417e-06,6.9271538773647025e-06,2.6377116281391832e-09,1.9304695120823338e-11,0
2904,-7.9232830032937988e-10,-4.0683421275496817e-06,-4.0641972887027742e-06,-4.1448388469074901e-09,2.1714733300548373e-11,0
2905,-4.5696287611918212e-10,-1.8020925637880466e-04,-1.8020646302365206e-04,-2.7933551526005372e-09,1.5434260712815376e-11,0
2906,-1.4334485437869922e-10,2.0790405774955868e-05,2.0793346374981366e-05,-2.9406000254977079e-09,1.2324878786141018e-11,0
2907,-7.3438222202667022e-10,-2.6907475950428000e-06,-2.6908770839886271e-06,1.2948894582709571e-10,1.4039974191672452e-11,0
2908,3.3536542413981285e-10,-1.7614094246493029e-04,-1.7614544844562384e-04,4.5059806935503731e-09,2.0251263809956828e-11,0
2909,6.4898344530608506e-10,2.4858738244166101e-05,2.4857681449732667e-05,1.0567944334331661e-09,2.0229249683854288e-11,0
2910,5.7946078316893412e-11,1.3776061252044952e-06,1.3767883123932766e-06,8.1781281121857518e-10,1.4014262261394090e-11,0
2911,3.1361802153973273e-10,2.0099965701449131e-04,2.0100352420529647e-04,-3.8671908051605801e-09,1.2404933915939393e-11,0
2912,-2.7741934588164584e-10,1.7751852143443056e-04,1.7751782390221092e-04,6.9753221964728371e-10,9.3037162786737241e-12,0
2913,-5.9103736713300257e-10,-2.3481133031113524e-05,-2.3484825267033145e-05,3.6922359196206629e-09,1.0328462119941642e-11,0
2914,5.0501247902764824e-10,2.0337166959788489e-06,2.0037483604174234e-06,2.9968335561425446e-08,2.2102820599321847e-11,0
2915,3.5519502619299968e-10,8.9236567679682258e-06,8.9257246200108910e-06,-2.0678520426652694e-09,1.5164753754814952e-11,0
2916,-1.4981745277774316e-10,6.8900077441532565e-06,6.9272934510865928e-06,-3.7285706933336366e-08,2.9256888599703906e-11,0
2918,1.2823099288874020e-10,3.5291273501993417e-06,3.5268959220798653e-06,2.2314281194763590e-09,5.1034617761602554e-11,0
2919,-9.8863925059147917e-11,5.3699577912688992e-07,5.3642061297287947e-07,5.7516615401045223e-10,2.1147438533505724e-11,0
2920,-1.2668558805439117e-10,6.9324457663611817e-06,6.9277030433935712e-06,4.7427229676105247e-09,1.6068954186897782e-11,0
2921,-2.7821662848855269e-11,6.3954249372947386e-06,6.3948607899353500e-06,5.6414735938857020e-10,2.0371085988085559e-11,0
2922,-5.9888696577019853e-11,5.2819429755011048e-05,5.2828471268248617e-05,-9.0415132375694113e-09,8.7104378937583862e-11,0
2923,-1.2898854115591539e-10,1.7752001920894674e-04,1.7751896237730284e-04,1.0568316438988590e-09,1.2490400550196223e-11,0
2924,7.0475825865495537e-10,2.0244557558772580e-06,2.0054019279329511e-06,1.9053827944306913e-08,1.7048034684975545e-11,0
2925,2.5150833319389148e-10,-7.1329350506202371e-06,-7.1368286097872306e-06,3.8935591669935084e-09,2.5892558885282309e-11,0
2927,3.2004534529505769e-10,-2.9394962162924282e-06,-2.9454321099673329e-06,5.9358936749047251e-09,3.0824071601673504e-11,0
2928,5.2195740344761406e-10,8.9293115496970332e-06,8.9274945671525116e-06,1.8169825445215986e-09,1.4284518525228473e-11,0
2929,-4.5324992668225452e-10,-9.1573697363935003e-06,-9.1340276179171874e-06,-2.3342118476312834e-08,3.9913667554359888e-11,0
2931,-3.8471291454643440e-10,-4.9640102716980855e-06,-4.9462249460922731e-06,-1.7785325605812454e-08,3.5344826748555749e-11,0
2932,-1.8280085540524520e-10,6.9048659812314533e-06,6.9274077530723083e-06,-2.2541771840854908e-08,1.8552623660700658e-11,0
2934,6.8537012123921980e-11,4.1933564637109712e-06,4.1867689559012748e-06,6.5875078096963347e-09,1.8803582399349147e-11,0
2935,2.7044907092525350e-10,1.6062273897663945e-05,1.6059691913701335e-05,2.5819839626099121e-09,3.8594435965531540e-11,0
2938,2.0191205898550364e-10,1.1868810620647811e-05,1.1871604215570548e-05,-2.7935949227369947e-09,3.3912612282586596e-11,0
2939,-2.9632445025336908e-10,5.5813459413339012e-06,5.6071716090619953e-06,-2.5825667728094135e-08,1.6387126337259449e-11,0
2940,-5.4666501977742015e-10,-1.8023305186348065e-04,-1.8020701979431445e-04,-2.6032069166200163e-08,1.2724979759643809e-11,0
2941,2.0261632675438625e-11,-3.1999891654308985e-05,-3.2034074938023105e-05,3.4183283714119982e-08,8.1852048916082754e-11,0
2942,-5.8334406096730259e-10,-2.7025326854402884e-06,-2.6895815702274134e-06,-1.2951115212874985e-08,1.3290416639151245e-11,0
2943,-2.5034057036826013e-10,-1.8581441506695213e-04,-1.8581049015282730e-04,-3.9249141248285518e-09,9.1746569904638571e-12,0
2944,3.1658608268979195e-10,-3.7581384712328039e-05,-3.7639766297060504e-05,5.8381584732465229e-08,5.1786042018117730e-11,0
2945,-2.8701961187848987e-10,-8.2838803978713474e-06,-8.2993939639202428e-06,1.5513566048895377e-08,9.9342817178973108e-12,0
2946,-3.6679041531076260e-11,1.7753053993492095e-04,1.7751968901865770e-04,1.0850916263254037e-08,4.6828641030274367e-12,0
2947,-5.6692665232061312e-10,-1.4823312755294499e-04,-1.4817598157418484e-04,-5.7145978760143011e-08,8.3914165564961326e-11,0
2948,-6.0360569343607970e-10,2.9297556004732016e-05,2.9339953698309315e-05,-4.2397693577299334e-08,9.4736752077751552e-11,0
2949,1.3385623678332380e-09,-3.0913448620583858e-06,-3.0652264156068166e-06,-2.6118446451569198e-08,1.7663156971690458e-11,0
2950,1.1957235698619391e-09,-3.5127235740731004e-05,-3.5101824876407496e-05,-2.5410864323507530e-08,4.8220855783293542e-11,0
2951,1.0814573542983281e-09,1.7699981971250334e-05,1.7724033528666936e-05,-2.4051557416601975e-08,1.3068697521707897e-11,0
2952,-1.4283879783292773e-10,-3.2035884300168167e-05,-3.2035586898550816e-05,-2.9740161735066417e-10,3.6291686120292316e-11,0
2953,-2.5710501328134759e-10,2.0791337025314379e-05,2.0792655824847540e-05,-1.3187995331610759e-09,1.1040262562790884e-11,0
2954,-1.1426621541688824e-10,5.2827337872475956e-05,5.2828240576132064e-05,-9.0270365610793527e-10,4.5762496812476500e-11,0
2955,-5.0386858224978384e-10,-9.6619076693626321e-06,-9.6686217623173502e-06,6.7140929547181047e-09,4.2270577502934081e-11,0
2956,-5.2397855988758748e-10,-1.8581634684949194e-04,-1.8581278419839013e-04,-3.5626511018095434e-09,2.2592279380458149e-11,0
2957,-5.4999468924653802e-10,-8.2897995339974682e-06,-8.3017754590903825e-06,1.1975925092914293e-08,1.9026031329545797e-11,0
2958,-2.0109977966256643e-11,-1.7615434068312362e-04,-1.7614796778371285e-04,-6.3728994107717027e-09,2.5404812099990878e-11,0
2959,-4.6126107053012967e-11,1.3721776831931640e-06,1.3760174946100799e-06,-3.8398114169159323e-09,9.4944176386270470e-12,0
2960,-2.6016129606701439e-11,1.7752656873698102e-04,1.7751957425170045e-04,6.9944852805698191e-09,1.1585021837680540e-11,0
2961,1.3788203644922836e-09,5.0748466510139312e-06,5.0807012712866931e-06,-5.8546202727619134e-09,1.8872310280832065e-11,0
2962,1.3673436565952188e-09,5.6137056916576861e-06,5.6222348556407034e-06,-8.5291639830173294e-09,1.0841684722584265e-11,0
2963,-1.6101454653545381e-09,-1.8019714421755456e-04,-1.8021643623939991e-04,1.9292021845345375e-08,9.6708074937730116e-12,0
2964,-3.0381720895408985e-10,-3.2034158572925934e-05,-3.2037095582914235e-05,2.9370099883014211e-09,3.5803540783224684e-11,0
2965,-2.9991703045042594e-10,2.0795035288714652e-05,2.0792413436972415e-05,2.6218517422367050e-09,1.0489369696527750e-11,0
2966,-1.9896975112700181e-09,1.8146383823358647e-07,1.1271731365786692e-07,6.8746524575719553e-08,1.8530286681689831e-11,0
2967,1.3151444286026750e-09,1.2011177173530327e-05,1.2017751860785525e-05,-6.5746872551977330e-09,1.9267540631512561e-11,0
2968,-1.1476718907683758e-11,5.3887355390760949e-07,5.3747656714169141e-07,1.3969867659180792e-09,2.1580763163918594e-11,0
2969,-2.9889658425770600e-09,-1.8527196397328562e-04,-1.8530211877343120e-04,3.0154800145586842e-08,2.2424682962026226e-11,0
2970,-1.6826375797194034e-09,-3.7108839325884074e-05,-3.7118908208128541e-05,1.0068882244466948e-08,7.1186874546695655e-11,0
2971,-1.6787374000875620e-09,1.5720206364070247e-05,1.5705898983795503e-05,1.4307380274743712e-08,2.0769527742201147e-11,0
2973,-6.3675933775302589e-11,6.9363079849655770e-06,6.9290251892076729e-06,7.2827957579041938e-09,1.6491667284634560e-11,0
2974,-2.9774891244979394e-09,-1.8581083709583212e-04,-1.8583499465040082e-04,2.4157554568700985e-08,1.0372047029943702e-11,0
2975,-1.6711608586738272e-09,-3.7647844390942611e-05,-3.7657734130283198e-05,9.8897393405867045e-09,3.2011744864950700e-11,0
2976,-1.6672606785124807e-09,1.5181345823601922e-05,1.5167816332155086e-05,1.3529491446835604e-08,1.1714783256911908e-11,0
2977,-3.3570411671754006e-09,-5.4321981178273582e-06,-5.5118899792596858e-06,7.9691861432327597e-08,2.6465322169329772e-11,0
2978,-5.2199208772909745e-11,6.3974953642422470e-06,6.3950890608748373e-06,2.4063033674097151e-09,2.3073687240130635e-11,0
2979,1.3102284487942414e-09,2.0099215136350559e-04,2.0101258208080346e-04,-2.0430717297863568e-08,1.1860007860826708e-11,0
2980,-3.7955204182701681e-10,1.8037861092936192e-04,1.8032731461262638e-04,5.1296316735542679e-08,1.2172644258044968e-11,0
2981,2.9252899210531796e-09,1.9220832118529825e-04,1.9223955846976764e-04,-3.1237284469390033e-08,2.0456268590249558e-11,0
2982,-1.3063282565071751e-09,-1.4816300838712236e-04,-1.4818238878226388e-04,1.9380395141520897e-08,4.9865508834807867e-11,0
2983,3.9001785738408433e-12,5.2829172578922621e-05,5.2829502287463296e-05,-3.2970854067510946e-10,5.5059277068741111e-11,0
2984,-1.6858803023747510e-09,3.2215477179312058e-05,3.2147069260243153e-05,6.8407919068904949e-08,7.1386275132443520e-11,0
2985,1.6189616377868607e-09,4.4045305498393444e-05,4.4053293407197823e-05,-7.9879088043784217e-09,6.9653298475911144e-11,0
2986,-1.6897804811723325e-09,-2.0613610409912775e-05,-2.0681439993581439e-05,6.7829583668664606e-08,2.1550022638685191e-11,0
2987,1.6150614595336644e-09,-8.7839190190015792e-06,-8.7779865931360170e-06,-5.9324258655622260e-09,2.2921235626968378e-11,0
2988,3.3048419763726092e-09,1.1829690894265069e-05,1.1900148760475673e-05,-7.0457866210604417e-08,3.4992185880878956e-11,0
2989,2.3015809815831850e-10,3.5448629375559038e-06,3.5278225122952438e-06,1.7040425260659995e-08,4.8757129430420626e-11,0
2990,-4.4073837375330261e-10,5.5978822821930313e-06,5.6057631678579500e-06,-7.8808856649187155e-09,1.2653854897776035e-11,0
2991,-5.5929433689008187e-10,-1.8021025932191993e-04,-1.8020673857435998e-04,-3.5207475599481012e-09,1.9349080006563732e-11,0
2992,1.2105172024138045e-10,2.0825786945842181e-05,2.0796379454872162e-05,2.9407490970019534e-08,2.1076943766120045e-11,0
2993,-5.2821846499609431e-10,-2.6445509091919603e-06,-2.6891991336020708e-06,4.4648224410110466e-08,4.8767548837601993e-11,0
2994,-1.1855596409280144e-10,-1.8580819955118285e-04,-1.8580883957575723e-04,6.4002457438147760e-10,1.7345719558149073e-11,0
2995,5.6179009411311234e-10,1.5227895868379082e-05,1.5188291804240996e-05,3.9604064138086629e-08,2.6261359755303610e-11,0
2996,-8.7480092517937544e-11,-8.2424706471968812e-06,-8.2975586413962532e-06,5.5087994199372049e-08,4.5035799436451619e-11,0
2997,6.8034605745185261e-10,2.0103607210968447e-04,2.0100685542528878e-04,2.9216684395682582e-08,2.2661963343107889e-11,0
2998,3.1075871801080329e-11,1.7756572544583640e-04,1.7751980988023732e-04,4.5915565599088069e-08,2.8976036148943995e-11,0
2999,-6.4927018443072383e-10,-2.3470379142568189e-05,-2.3486201873622407e-05,1.5822731054218896e-08,4.9693650130978226e-11,0
3000,1.2755331214443216e-10,-7.1444844804732614e-06,-7.1381726233052715e-06,-6.3118571679898950e-09,2.2116621064395954e-11,0
3001,2.1269845289976937e-10,-2.9564653392375514e-06,-2.9464289193367886e-06,-1.0036419900762771e-08,2.6628444562269416e-11,0
3002,8.5145140748184810e-11,4.1880254173752574e-06,4.1871292207937061e-06,8.9619658155125516e-10,2.9154755935925255e-11,0
3003,3.1190940898813412e-10,-1.7973675035353777e-04,-1.7976633885841015e-04,2.9588504872379894e-08,4.5880422518170828e-11,0
3004,1.4879551507608743e-10,-2.2400748082117413e-06,-2.2405505711725814e-06,4.7576296084007633e-10,3.1451447480891427e-11,0
3005,-1.6311389380420074e-10,1.7749661763676039e-04,1.7751783535646993e-04,-2.1217719709535265e-08,3.4235160010989281e-12,0
3006,1.0992477907206265e-09,-3.0666810633007274e-06,-3.0673442833726128e-06,6.6322007188539795e-10,1.4431671137342730e-11,0
3007,8.3400376385810326e-10,1.9914907551617841e-06,2.0061215076114298e-06,-1.4630752449645740e-08,1.7100600315125077e-11,0
3008,3.9128514764859953e-10,-7.1233483756134516e-06,-7.1358361442067245e-06,1.2487768593272866e-08,2.9095602019263349e-11,0
3009,9.8565279670362867e-10,-3.5108227445148493e-05,-3.5103617061374591e-05,-4.6103837739018159e-09,3.6325776951969671e-11,0
3010,9.1188470583783504e-10,1.7717986449346246e-05,1.7723094486313975e-05,-5.1080369677293123e-09,1.0463673982725845e-11,0
3011,4.9339205109367259e-10,-2.9168551238592522e-06,-2.9438831013232078e-06,2.7027977463955592e-08,2.2379235571892195e-11,0
3012,5.8422175818947282e-10,8.9192026596165465e-06,8.9287732642020016e-06,-9.5706045854551636e-09,1.4715346931371546e-11,0
3013,-2.6524402703076294e-10,5.0582050397937964e-06,5.0654734035017072e-06,-7.2683637079107793e-09,1.8734153726518231e-11,0
3014,-7.0796264403440891e-10,-4.0566809957278023e-06,-4.0639755690695890e-06,7.2945733417867142e-09,2.9298721525845801e-11,0
3015,-1.1359499408937339e-10,-3.2041570631385040e-05,-3.2035462216403397e-05,-6.1084149816426395e-09,2.8993134954202950e-11,0
3016,-1.8736308499023697e-10,2.0784702718391543e-05,2.0793747549422496e-05,-9.0448310309530538e-09,7.7324969271760616e-12,0
3017,-6.0585574050923096e-10,1.4984706190029201e-07,1.2522363311255694e-07,2.4623428787735068e-08,2.1505953804621696e-11,0
3018,-5.1502603294166149e-10,1.1985852461822433e-05,1.2001381656797704e-05,-1.5529194975271110e-08,2.1399380644871048e-11,0
3020,1.5164903283650565e-10,-3.7099735129679425e-05,-3.7101973747821568e-05,2.2386181421429961e-09,8.7147202230482896e-11,0
3021,7.7880941975112469e-11,1.5726504358350201e-05,1.5722523698551457e-05,3.9806597987441497e-09,1.7206986361233247e-11,0
3022,-3.4061171270280055e-10,-4.9083566342790486e-06,-4.9453780792759827e-06,3.7021444996934162e-08,4.2180105488641669e-11,0
3023,-2.4978200565249126e-10,6.9276897938929001e-06,6.9279610400734569e-06,-2.7124618055683381e-10,1.9829104656172790e-11,0
3024,5.2059955926277801e-10,2.4841332396459588e-05,2.4857872183809648e-05,-1.6539787350059430e-08,1.8340210108085128e-11,0
3025,1.0210690354325978e-10,4.2064896756256569e-06,4.1873422301327951e-06,1.9147445492861796e-08,3.1657855051919471e-11,0
3026,1.9293661123464038e-10,1.6042543606669193e-05,1.6059972266079956e-05,-1.7428659410762616e-08,6.1534325148939920e-11,0
3027,-5.9436764951103117e-10,2.7984986880263268e-05,2.7971686816752811e-05,1.3300063510457904e-08,9.0828128300938740e-11,0
3028,-7.3768090883787377e-11,5.2826280312093590e-05,5.2829193322479151e-05,-2.9130103855609050e-09,3.2064248167169396e-11,0
3029,-4.9226074602655722e-10,3.2191435852073173e-05,3.2157931983336511e-05,3.3503868736662679e-08,5.5025484608326375e-11,0
3030,-4.0143103868683492e-10,4.4027419174466273e-05,4.4035286954292042e-05,-7.8677798257686818e-09,7.9976199756694240e-11,0
3031,-4.1849265485012894e-10,-2.0634815373512042e-05,-2.0670277198442365e-05,3.5461824930323735e-08,1.7246263085580494e-11,0
3032,-3.2766294769152202e-10,-8.7988124679279703e-06,-8.7956440395296534e-06,-3.1684283983168826e-09,1.6759728368437625e-11,0
3033,9.0829707856723966e-11,1.1836031485098694e-05,1.1871326484768906e-05,-3.5294999670211930e-08,5.0986363289581273e-11,0
3034,1.1896933294765303e-09,-3.0652109410055604e-06,-3.0665049446834746e-06,1.2940036779141861e-09,1.2949723414727237e-11,0
3035,5.7991454150469238e-10,1.9737350504169665e-06,2.0037041549025555e-06,-2.9969104485589035e-08,1.5989070982267688e-11,0
3036,1.1357931731499091e-09,-3.5105197348567945e-05,-3.5102217287608069e-05,-2.9800609598754145e-09,5.4845051993329250e-11,0
3037,1.0553068280942500e-09,1.7714874567656847e-05,1.7724577187713076e-05,-9.7026200562284448e-09,8.5182688304326782e-12,0
3038,3.1206148887550981e-10,8.9031145865687417e-06,8.9264673800517519e-06,-2.3352793483010189e-08,1.3411503793509506e-11,0
3039,-6.0977878809354351e-10,5.0389387157064730e-06,5.0622180057823997e-06,-2.3279290075926656e-08,1.7362168859832982e-11,0
3040,-5.3900156312461365e-11,-3.2039788225442581e-05,-3.2034961462190305e-05,-4.8267632522761982e-09,5.2340204189903445e-11,0
3041,-1.3438650136188702e-10,2.0780079188601180e-05,2.0794365050261159e-05,-1.4285861659979563e-08,8.8968494361773064e-12,0
3042,-8.7763184075214946e-10,1.1968283536577251e-05,1.1998202174580802e-05,-2.9918638003551161e-08,1.7118705422272523e-11,0
3043,5.5587863057977580e-10,-3.7078790267800268e-05,-3.7098185587852794e-05,1.9395320052525511e-08,8.7082718086226254e-11,0
3044,4.7539228550408334e-10,1.5741142138444783e-05,1.5726424019178535e-05,1.4718119266248099e-08,1.2649873795788631e-11,0
3045,-2.6785305239546408e-10,6.9293509396689545e-06,6.9280711321988424e-06,1.2798074701121897e-09,2.0871147751606158e-11,0
3046,-8.0486345055566557e-11,5.2820003151104675e-05,5.2829305824329970e-05,-9.3026732252954303e-09,4.3574756963278471e-11,0
3047,-8.2373168437581041e-10,4.4008161148870184e-05,4.4031605457922600e-05,-2.3444309052416269e-08,6.9591934004289430e-11,0
3048,-7.4324533911491366e-10,-8.8117755408078507e-06,-8.7994205350596985e-06,-1.2355005748152252e-08,1.1842678088515501e-11,0
3049,4.2794447693728703e-10,6.0339842943989315e-06,6.0567684010543831e-06,-2.2784106655451632e-08,5.4627164205587696e-11,0
3050,1.5485510221879617e-10,-3.6325949119859341e-06,-3.6160612582997047e-06,-1.6533653686229426e-08,5.6389526446103923e-11,0
3051,2.0161986591744260e-10,-1.7978542638103813e-04,-1.7976700520686971e-04,-1.8421174168416037e-08,4.0252937312976909e-11,0
3052,1.3935298589765177e-10,5.4815979561202710e-07,5.8551031336824056e-07,-3.7350517756213462e-08,6.7226689924686703e-11,0
3053,-2.7308937507780755e-10,-9.6665958807884769e-06,-9.6666935437129875e-06,9.7662924510624185e-11,1.7331574531847505e-11,0
3054,-2.2632461124710065e-10,-1.8581950534521472e-04,-1.8580944213573142e-04,-1.0063209483296637e-08,8.7544230657696373e-12,0
3055,-2.8859149137434400e-10,-5.4859936599676272e-06,-5.4839958020126548e-06,-1.9978579549723673e-09,2.2254409352767014e-11,0
3056,4.6764763791017948e-11,-1.7615288766927202e-04,-1.7614643355729547e-04,-6.4541119765510000e-09,9.3763062767986642e-12,0
3057,-1.5502116306940716e-11,4.1806388048847530e-06,4.1863408514726479e-06,-5.7020465878948788e-09,1.3340834460322941e-11,0
3058,-6.2266880274278761e-11,1.8033353375834348e-04,1.8032964952799905e-04,3.8842303444279989e-09,8.3273926297065333e-12,0
3059,-5.7092801935017558e-10,5.0592774898678555e-06,5.0624507652036244e-06,-3.1732753357689058e-09,2.0371008676148293e-11,0
3060,-6.6930934205886226e-10,5.5982224972661587e-06,5.6035747088888732e-06,-5.3522116227144344e-09,2.4545924818062951e-11,0
3061,9.0681563230923826e-11,-3.2025574455470801e-05,-3.2033688037019092e-05,8.1135815482912075e-09,3.1205009861883685e-11,0
3062,8.4534711148034753e-11,2.0805619759378842e-05,2.0796487901019901e-05,9.1318583589410042e-09,9.7628063423315543e-12,0
3063,-6.8209966884791487e-10,1.1992760710632239e-05,1.2000093809179163e-05,-7.3330985469244244e-09,1.7986136521543854e-11,0
3064,-9.8381320730104363e-11,5.3896614297553255e-07,5.3709489107821852e-07,1.8712518973140287e-09,2.9616842736086071e-11,0
3065,6.6160958372986196e-10,-3.7084776950127227e-05,-3.7097113668941861e-05,1.2336718814634224e-08,7.6441346231004918e-11,0
3066,6.5546273141473868e-10,1.5746313330903400e-05,1.5728340885868045e-05,1.7972445035354702e-08,1.6437374001405551e-11,0
3067,-1.1117165009491016e-10,6.9334848947751396e-06,6.9297633779386664e-06,3.7215168364731758e-09,2.4449352034976664e-11,0
3068,7.5999090473029526e-10,-3.7623870902957039e-05,-3.7635388144343206e-05,1.1517241386166540e-08,3.1622298518823860e-11,0
3069,7.5384405250066377e-10,1.5207333143111776e-05,1.5190708274196830e-05,1.6624868914945484e-08,1.9674477766069411e-11,0
3070,-1.2790328505646838e-11,6.3944814588306554e-06,6.3961497194612104e-06,-1.6682606305550186e-09,2.5518071641212624e-11,0
3071,-6.1468520154843725e-12,5.2831202906770917e-05,5.2830151105256224e-05,1.0518015146926299e-09,3.8008528703472453e-11,0
3072,-7.7278123154552813e-10,4.4018341255163719e-05,4.4032222437131019e-05,-1.3881181967299991e-08,5.0097403771964084e-11,0
3073,-7.6663437952809795e-10,-8.8128188505988414e-06,-8.7996317468893001e-06,-1.3187103709541342e-08,1.6099256393236934e-11,0
3076,-1.6598278789210580e-10,1.7751483315530791e-04,1.7751739754381040e-04,-2.5643885024901995e-09,1.7005442942924277e-11,0
3080,-1.1512730456654509e-10,5.0438479005561216e-06,5.0665239278753727e-06,-2.2676027319251141e-08,1.0624704762376494e-11,0
3081,-6.0012864922702128e-10,5.5532412016456173e-06,5.6041841335953756e-06,-5.0942931949758346e-08,8.9761477779524461e-12,0
3082,-4.8500134461071968e-10,5.0939336932592783e-07,5.3363489612967716e-07,-2.4241526803749339e-08,1.3851299863573307e-11,0
3083,2.4276424304192177e-10,1.4685102021662344e-05,1.4689771830268715e-05,-4.6698086063712925e-09,2.6926929162931208e-11,0
3084,-2.3402237499872637e-10,-7.1726700088588918e-06,-7.1417306846567958e-06,-3.0939324202096047e-08,3.0986173800714163e-11,0
3085,-2.2590052872745633e-13,-1.8331447060710923e-04,-1.8328699607484528e-04,-2.7474532263952085e-08,1.4233724328884388e-11,0
3086,5.2382844632268304e-10,-3.5138088517185431e-05,-3.5107703791036715e-05,-3.0384726148716568e-08,9.9340836666128141e-11,0
3087,5.2083199758650966e-10,1.7691971835806508e-05,1.7720111654108620e-05,-2.8139818302112102e-08,2.1684419644632335e-11,0
3088,-2.0972316106667364e-10,-2.9862227424320986e-06,-2.9502951830488797e-06,-3.5927559383218952e-08,2.3969370064912062e-11,0
3089,2.3379647489870752e-10,-1.7614170581764608e-04,-1.7614423299936669e-04,2.5271817206181518e-09,2.0729024778515724e-11,0
3090,7.5485437167213936e-10,2.4864838447085508e-05,2.4860738217317922e-05,4.1002297675858895e-09,2.3186043146215091e-11,0
3091,2.4299214097556313e-11,4.1863939537208723e-06,4.1868373210753695e-06,-4.4336735449716579e-10,1.6954089019070014e-11,0
3092,5.2105789686347516e-10,2.0100655100913425e-04,2.0100540487751983e-04,1.1461316144203634e-09,8.9979016580542576e-12,0
3095,-5.2405434623012726e-10,-1.4817637370656642e-04,-1.4817430721769054e-04,-2.0664888758785849e-09,5.6710375271537410e-11,0
3096,-2.9964488300244614e-12,5.2830242518128105e-05,5.2830391801632649e-05,-1.4928350454402033e-10,2.7655913562629083e-11,0
3097,-7.3355160690581837e-10,3.2151984100120198e-05,3.2155755068387419e-05,-3.7709682672206878e-09,1.0359734749499887e-10,0
3098,-7.3055515807366846e-10,-2.0678434568094720e-05,-2.0673665024332013e-05,-4.7695437627062569e-09,1.8987973998163876e-11,0
3099,2.4521074095497807e-10,5.6172983044205232e-06,5.6118395763426771e-06,5.4587280778461283e-09,1.7769640101836376e-11,0
3100,-1.0894937390123257e-09,-2.6815183720527852e-06,-2.6944993509328537e-06,1.2980978880068452e-08,1.0870365762782357e-11,0
3101,-1.3347044774914843e-09,-8.2988226897473885e-06,-8.3088611926849854e-06,1.0038502937596884e-08,1.3052119861638831e-11,0
3102,-2.4022510180212856e-10,5.6062311237036651e-06,5.6074039210831295e-06,-1.1727973794643925e-09,1.1977151789683939e-11,0
3103,-6.4012606547487125e-10,-4.0551071398831073e-06,-4.0637353090695251e-06,8.6281691864177842e-09,2.6146869704853056e-11,0
3104,-6.9521838070529919e-10,-1.8020827133843377e-04,-1.8020722016492431e-04,-1.0511735094561117e-09,1.0221893861526007e-11,0
3105,1.4294461305764059e-11,-3.2032984529941928e-05,-3.2034470233585243e-05,1.4857036433158313e-09,5.1872236207260600e-11,0
3106,8.1797329092173208e-11,2.0800395159256517e-05,2.0796747649248662e-05,3.6475100078545662e-09,1.1722633025432282e-11,0
3107,-6.9370753947359361e-10,1.2631773951441924e-07,1.2429369512100249e-07,2.0240443934167538e-09,1.9154057505830036e-11,0
3108,-3.9990096367619725e-10,-9.6612130570704682e-06,-9.6679756304941373e-06,6.7625734236691036e-09,2.9189395513797342e-11,0
3109,-4.5499327890704298e-10,-1.8581451530976911e-04,-1.8581103633721969e-04,-3.4789725494139504e-09,1.1122924637573992e-11,0
3110,2.5451956310825846e-10,-3.7639223047475140e-05,-3.7639862869191317e-05,6.3982171617733884e-10,3.3194460561287579e-11,0
3111,3.2202243088987890e-10,1.5194162595744652e-05,1.5187216083588303e-05,6.9465121563496221e-09,1.1930050775921520e-11,0
3112,-4.5348243767585107e-10,-5.4799343232195610e-06,-5.4854949775141466e-06,5.5606542945855602e-09,2.6608726153605291e-11,0
3113,-5.5092315572369724e-11,-1.7615322090424289e-04,-1.7614665397957272e-04,-6.5669246701724124e-09,1.7946633853964286e-11,0
3114,7.2192339376770774e-10,2.4855513411979873e-05,2.4860639810828418e-05,-5.1263988485453281e-09,2.2657512090951162e-11,0
3115,-5.3581474050012906e-11,4.1814065891341255e-06,4.1861845621418479e-06,-4.7779730077223724e-09,3.3625268233090145e-11,0
3116,7.7701571016981903e-10,2.0100869276774846e-04,2.0100773122713319e-04,9.6154061527743175e-10,1.0223119761846747e-11,0
3117,1.5108409944064288e-12,1.8033461572031229e-04,1.8032973852699541e-04,4.8771933168804352e-09,1.3142241357466227e-11,0
3118,-6.5442052661771057e-10,2.7977844342496304e-05,2.7970930057808510e-05,6.9142846877937470e-09,8.3741541514044042e-11,0
3119,-7.0951284191409800e-10,-1.4817530340076757e-04,-1.4817583884710404e-04,5.3544633646634282e-10,5.4924383501511449e-11,0
3120,6.7502867788314944e-11,5.2833354449592466e-05,5.2831184160051015e-05,2.1702895414512681e-09,4.9803053753063423e-11,0
3121,-7.0800200062944438e-10,3.2159244067505276e-05,3.2155991859711151e-05,3.2522077941251433e-09,9.6089306716421375e-11,0
3122,-7.7550486813542524e-10,-2.0674084552348669e-05,-2.0674223983577673e-05,1.3943122900361639e-10,1.9286198720697857e-11,0
3123,4.7055082707115577e-10,2.0239876170387999e-06,2.0023641347159201e-06,2.1623482322879837e-08,1.3234235334469601e-11,0
3124,3.3216046073735816e-10,8.9233668899816210e-06,8.9271913420078333e-06,-3.8244520262123281e-09,9.8025002809216463e-12,0
3125,-1.3839036628084459e-10,6.8993787956262570e-06,6.9301306863737961e-06,-3.0751890747539141e-08,1.6667526291651029e-11,0
3126,1.7724245217933849e-10,-2.2384276760815079e-06,-2.2402351870278259e-06,1.8075109463179751e-09,4.3639981877697223e-11,0
3127,2.7513214949815575e-10,3.5580943020842304e-06,3.5282313585565709e-06,2.9862943527659452e-08,5.2471673053853126e-11,0
3128,1.4163098273849435e-09,5.0738131260295860e-06,5.0801234972745326e-06,-6.3103712449465534e-09,1.8244822314946376e-11,0
3129,1.2320171447372439e-09,5.6151913495859629e-06,5.6207504712563436e-06,-5.5591216703806717e-09,1.0665104634063301e-11,0
3130,-2.1463920861192293e-09,-4.0038797243201196e-06,-4.0775291009281004e-06,7.3649376607980755e-08,2.0631031607507289e-11,0
3131,-1.7550978885979276e-09,-1.8019690596385307e-04,-1.8021670121549029e-04,1.9795251637221229e-08,1.0371520796149642e-11,0
3132,-2.9101221807030801e-10,-3.2034456935064017e-05,-3.2037291360451816e-05,2.8344253877988319e-09,3.6852937233807049e-11,0
3133,-2.7343344455203367e-10,2.0796003595360577e-05,2.0793666433779769e-05,2.3371615808075055e-09,1.0719597541480521e-11,0
3134,-2.1482366284935818e-09,1.5988598340427318e-07,1.1103584059359359e-07,4.8850142810679593e-08,1.9069582832587456e-11,0
3135,1.3454767187843165e-09,1.2011255261096254e-05,1.2018898016771753e-05,-7.6427556754985273e-09,1.8247726038876475e-11,0
3136,-1.8429269329595301e-10,5.4134139620184291e-07,5.3661880182289716e-07,4.7225943789457504e-09,2.1333736724944689e-11,0
3137,-3.5627019214823283e-09,-9.0777177129894304e-06,-9.1620174552434136e-06,8.4299742253983145e-08,4.3957877769468588e-11,0
3138,-3.1714077276705812e-09,-1.8527070514926663e-04,-1.8530177517650929e-04,3.1070027242658229e-08,2.0523351697890063e-11,0
3139,-1.7073220514693975e-09,-3.7108240713509995e-05,-3.7118287812098907e-05,1.0047098588912649e-08,8.2022926588583080e-11,0
3140,-1.6897432768599377e-09,1.5722185333934963e-05,1.5707933997370788e-05,1.4251336564174435e-08,2.2644882845553108e-11,0
3141,-3.5645464650827796e-09,-4.9139927683853474e-06,-4.9741426588725074e-06,6.0149890487159979e-08,3.3714669765609585e-11,0
3142,-7.0833106360543471e-11,6.9374004907666806e-06,6.9310036705638844e-06,6.3968202027961615e-09,1.6974182957424763e-11,0
3143,-3.3784092261119130e-09,-9.6190478290547263e-06,-9.6950993538369061e-06,7.6051524782179782e-08,2.3431206656317324e-11,0
3144,-2.9871150351492414e-09,-1.8581206227442703e-04,-1.8583387913734267e-04,2.1816862915639140e-08,1.0259282920291917e-11,0
3145,-1.5230293545597643e-09,-3.7649662726872354e-05,-3.7655959433582791e-05,6.2967067104361383e-09,2.9782535538267055e-11,0
3146,-1.5054505790454994e-09,1.5180826197712730e-05,1.5170828521066355e-05,9.9976766463745980e-09,1.0925136982672358e-11,0
3147,-3.3802537706248641e-09,-5.4553307334212486e-06,-5.5121014924255392e-06,5.6770759004290591e-08,2.7379649206536796e-11,0
3148,1.1345959682362334e-10,6.3960993401906444e-06,6.3978218932840776e-06,-1.7225530934331221e-09,2.2600801422634969e-11,0
3149,3.9129418647409534e-10,-1.7619300329015184e-04,-1.7614233975300710e-04,-5.0663537144745620e-08,1.3642292707289432e-11,0
3150,1.8729586509341447e-09,2.4799899273651033e-05,2.4871354471717989e-05,-7.1455198066956661e-08,1.9381807078549977e-11,0
3151,-1.8445460201840418e-12,4.1637481974277947e-06,4.1867238533572557e-06,-2.2975655929461031e-08,2.6398559931530780e-11,0
3152,3.4918688353531194e-09,1.6015132347193400e-05,1.6091161901151521e-05,-7.6029553958121047e-08,4.0928786340869438e-11,0
3153,1.4816644563482534e-09,2.0099289330696886e-04,2.0101413637613590e-04,-2.1243069167040151e-08,1.0710422631431317e-11,0
3154,-3.9313873537272246e-10,1.8035677834753877e-04,1.8032597262316197e-04,3.0805724376796462e-08,1.1929821796179010e-11,0
3155,3.1005746325100352e-09,1.9220817523675054e-04,1.9224093406286838e-04,-3.2758826117842890e-08,1.9981951968549873e-11,0
3156,-1.8553798679238558e-09,2.8030624294884954e-05,2.7959956044792308e-05,7.0668250092645752e-08,6.2787301920525137e-11,0
3157,-1.4640856702613477e-09,-1.4816247531879503e-04,-1.4818250576077770e-04,2.0030441982664534e-08,5.5612651868788244e-11,0
3158,1.7578773516026216e-11,5.2830418096796910e-05,5.2830919446246204e-05,-5.0134944929418205e-10,4.8629776506411019e-11,0
3159,-1.8572244102632512e-09,3.2194404175865665e-05,3.2145550259686664e-05,4.8853916179001549e-08,7.7194391338256992e-11,0
3160,1.6364889366432548e-09,4.4045684557224643e-05,4.4054625956552849e-05,-8.9413993282057508e-09,6.6408756594648096e-11,0
3161,-1.8748031838163610e-09,-2.0636124694342617e-05,-2.0684405105408210e-05,4.8280411065593611e-08,1.9224222037460131e-11,0
3162,1.6189101632576067e-09,-8.7847387838894953e-06,-8.7779408405538505e-06,-6.7979433356447834e-09,1.8590052742581302e-11,0
3163,3.4937133792256312e-09,1.1851327890656689e-05,1.1903153003287924e-05,-5.1825112631234904e-08,3.7408171586883262e-11,0
3164,1.9697547605408536e-10,3.5319046601117732e-06,3.5275208585508244e-06,4.3838015609487481e-09,8.5453276912503159e-11,0
3165,-7.7461233742425621e-10,-2.0659807626394709e-05,-2.0674570171128097e-05,1.4762544733388150e-08,2.4805672355547856e-11,0
3166,-3.5027630196853395e-10,5.5901238090495797e-06,5.6063303972156411e-06,-1.6206588166061360e-08,1.7185589915140870e-11,0
3167,-4.5669520092524867e-10,-4.0425145924603313e-06,-4.0622658169716016e-06,1.9751224511270246e-08,4.2764107832920983e-11,0
3168,-5.0043210323210417e-10,-1.8022022194307333e-04,-1.8020514672929276e-04,-1.5075213780562724e-08,1.4121405270774887e-11,0
3169,-4.9635729543877990e-10,-2.6877101684149836e-06,-2.6892262111080885e-06,1.5160426931048976e-09,1.5135544070010181e-11,0
3170,-1.0641890006638136e-10,-9.6327838118217407e-06,-9.6653999527845868e-06,3.2616140962846079e-08,4.5611423506438401e-11,0
3171,-1.5015580203844471e-10,-1.8581035844970092e-04,-1.8580791925007731e-04,-2.4391996236142102e-09,1.4068287215589616e-11,0
3172,-1.4608099453727657e-10,-8.2778543517240261e-06,-8.2980343542470667e-06,2.0180002523040641e-08,1.5302534293747161e-11,0
3173,-4.3736902405833592e-11,-1.7617758402924642e-04,-1.7614604711673756e-04,-3.1536912508864888e-08,2.3312386177017804e-11,0
3174,-3.9662094524883427e-11,1.3548575866959532e-06,1.3766018023210514e-06,-2.1744215625098164e-08,1.9425508840469488e-11,0
3175,4.0748075431292705e-12,1.7753250406839834e-04,1.7751824337715232e-04,1.4260691246018855e-08,7.7823022087736904e-12,0
3176,-7.0063492646434955e-11,3.5060674478046283e-06,3.5250932835219038e-06,-1.9025835717275505e-08,3.8424129494587625e-11,0
3177,-4.7783218596421053e-10,5.5997198847371199e-06,5.6051492532733856e-06,-5.4293685362656645e-09,1.4874357895279023e-11,0
3178,-5.0261277222686804e-10,-1.8020579647026226e-04,-1.8020507721315038e-04,-7.1925711187751512e-10,1.0008105288826489e-11,0
3179,6.4998710739768599e-11,-3.2028681451124613e-05,-3.2034125549195543e-05,5.4440980709301854e-09,3.4479266072428971e-11,0
3180,1.3985240340745308e-10,2.0814332546213732e-05,2.0797652357744346e-05,1.6680188469385751e-08,1.5151908272575115e-11,0
3181,-2.4780587027609305e-11,-1.8580552746514691e-04,-1.8580667740694161e-04,1.1499417947003713e-09,1.0658410133393950e-11,0
3182,5.4283089691713596e-10,-3.7628323941843456e-05,-3.7637082503166895e-05,8.7585613234392678e-09,3.0090042794942742e-11,0
3183,6.1768458962442511e-10,1.5214584545177393e-05,1.5190477794873875e-05,2.4106750303517778e-08,1.8865371172529676e-11,0
3184,6.4246517575257923e-10,2.0102013459981274e-04,2.0100650650988180e-04,1.3628089930937384e-08,1.5381578145771030e-11,0
3185,-5.6761148264674743e-10,-1.4817721884179038e-04,-1.4817405837238345e-04,-3.1604694069339943e-09,4.7662542514951035e-11,0
3186,7.4853692656474526e-11,5.2843081133846937e-05,5.2831732410914275e-05,1.1348722932661760e-08,6.4816408057008612e-11,0
3187,-5.1396860791964401e-10,-9.1232983964271291e-06,-9.1342452156279690e-06,1.0946819200839854e-08,5.2400477826080170e-11,0
3188,-4.1430250879102210e-10,-7.7335886342500687e-06,-7.7629752167738611e-06,2.9386582523792379e-08,2.5989610295231973e-11,0
3189,-2.5240752351289490e-10,6.9285746843246628e-06,6.9298836522490352e-06,-1.3089679243724698e-09,2.3944013535993081e-11,0
3190,9.9666099182655406e-11,1.3896803531441258e-06,1.3779194481180597e-06,1.1760905026066163e-08,1.0951994380059518e-11,0
3191,2.6156108485885538e-10,1.6051882950018220e-05,1.6062245815382064e-05,-1.0362865363843226e-08,5.1380361507147577e-11,0
3192,1.6189498586886682e-10,1.4662151339677257e-05,1.4689768132385041e-05,-2.7616792707784425e-08,2.4659070861884456e-11,0
3193,-1.9111346067466470e-10,6.9173880440677460e-06,6.9305974575339448e-06,-1.3209413466198767e-08,3.6943929452094159e-11,0
3194,1.4631069616842808e-10,-2.2452228303757905e-06,-2.2404660780890235e-06,-4.7567522867669958e-09,1.2231931484290290e-11,0
3195,1.0320385522808530e-09,-3.0745573421564129e-06,-3.0678099506989161e-06,-6.7473914574968312e-09,2.0781555950642432e-11,0
3196,1.0944057696585723e-10,-7.1444082987235508e-06,-7.1389556532247709e-06,-5.4526454987798495e-09,3.1733734723415813e-11,0
3197,5.4365680856396081e-10,-1.8327600984310074e-04,-1.8328125472997202e-04,5.2448868712766730e-09,1.7941207290658314e-11,0
3198,9.1066488462209942e-10,-3.5113694259619440e-05,-3.5104002679838740e-05,-9.6915797806994015e-09,6.1094325844381744e-11,0
3199,8.5903463620845654e-10,1.7715778376643267e-05,1.7724132090489817e-05,-8.3537138465500469e-09,1.3258577237519813e-11,0
3200,1.9031771612134393e-10,-2.9560885342667540e-06,-2.9466920267754156e-06,-9.3965074913384014e-09,3.6178669997294272e-11,0
3201,-9.2259797573728094e-10,-4.0698229032366459e-06,-4.0667114446422771e-06,-3.1114585943688169e-09,2.6434367350490724e-11,0
3202,-4.8838174403004909e-10,-1.8020148102708910e-04,-1.8020471582567000e-04,3.2347985809075275e-09,1.5375967037535654e-11,0
3203,-1.2137366768286605e-10,-3.2039076560342033e-05,-3.2035888610353412e-05,-3.1879499886208989e-09,6.5227898011839364e-11,0
3204,-1.7300391608914410e-10,2.0790332365100417e-05,2.0795031360979463e-05,-4.6989958790465472e-09,1.2991419384136171e-11,0
3205,-8.4172083656702994e-10,1.1856205497234873e-07,1.2280573943588641e-07,-4.2436844635376819e-09,3.1734042426151655e-11,0
3206,4.3421623152060067e-10,-1.7613165441244995e-04,-1.7614116748610077e-04,9.5130736508185730e-09,1.6608206011438725e-11,0
3207,7.4959405893846235e-10,2.4860234542974048e-05,2.4861908104043563e-05,-1.6735610695147644e-09,2.3800809453931365e-11,0
3208,8.0877139150653299e-11,4.1883450450877924e-06,4.1876863319268965e-06,6.5871316089591736e-10,2.6073480084016637e-11,0
3209,3.1537782810078794e-10,2.0099183474917882e-04,2.0100353213083790e-04,-1.1697381659077138e-08,1.2293192412821233e-11,0
3210,-3.5333909259309663e-10,1.8031995466038933e-04,1.8032579039863470e-04,-5.8357382453700420e-09,1.8503278657477853e-11,0
3211,-8.0122430748254831e-10,2.7969153113509260e-05,2.7969366836885012e-05,-2.1372337575178827e-10,5.6990532372152931e-11,0
3212,-3.6700807593166129e-10,-1.4816245889288579e-04,-1.4817194445409748e-04,9.4855612116871973e-09,6.2138098213589853e-11,0
3213,-5.1630248411992208e-11,5.2829420892143517e-05,5.2830867507469838e-05,-1.4466153263210371e-09,6.2256822998946968e-11,0
3214,-7.2034716832907418e-10,3.2157618208293148e-05,3.2155902538233128e-05,1.7156700600205505e-09,6.8746518158264778e-11,0
3215,-6.6871691963378116e-10,-2.0671879523301729e-05,-2.0674013814937948e-05,2.1342916362195041e-09,2.4593308008245943e-11,0
3216,3.4736957749549160e-10,6.4066588109073369e-06,6.4005559124265763e-06,6.1028984807606136e-09,2.5792014532869920e-11,0
3217,6.9576094984177532e-10,1.7717537043818806e-05,1.7722808143603117e-05,-5.2710997843119143e-09,1.5335732026299452e-11,0
3218,-1.2771807109239933e-11,-5.7706878375017936e-06,-5.7601716734425201e-06,-1.0516164059273591e-08,1.3831855355376435e-11,0
3219,-7.0853275683967677e-10,-2.3488236332694194e-05,-2.3488687858281415e-05,4.5152558722047378e-10,8.9861196455115163e-12,0
3220,-3.4063590512464263e-09,5.0656051311690842e-06,5.0357287489943849e-06,2.9876382174699280e-08,4.8771150460587292e-11,0
3221,6.6194507435465018e-10,-1.8015637733602083e-04,-1.8019409452075966e-04,3.7717184738828881e-08,1.3809674776616548e-11,0
3223,6.8137344249032837e-10,5.0897741322459417e-06,5.0727966601855080e-06,1.6977472060433708e-08,1.6604690909129563e-11,0
3224,1.7554532961778024e-10,5.6195429917922646e-06,5.6109677122492699e-06,8.5752795429947212e-09,2.1775332766703178e-11,0
3225,-1.0694867483144456e-09,-4.0587735559392824e-06,-4.0682234212653225e-06,9.4498653260401423e-09,1.6379413139300737e-11,0
3226,-9.6304014539481552e-10,-1.8020414880513011e-04,-1.8020876078959534e-04,4.6119844652288064e-09,9.0633540779903279e-12,0
3227,-7.5112895302774610e-11,-3.2034494384689666e-05,-3.2035548139419231e-05,1.0537547295651857e-09,2.5128791022466392e-11,0
3228,-3.0133364145283832e-11,2.0797167914240317e-05,2.0796589787821173e-05,5.7812641914334914e-10,7.2098677999731600e-12,0
3229,-1.0977844484256055e-09,1.2659502723368077e-07,1.2041631893931007e-07,6.1787082943707017e-09,1.8900560516745578e-11,0
3230,-1.0977847381821334e-09,-2.6826165941077479e-06,-2.6948708586478296e-06,1.2254264540081736e-08,7.0015179335671458e-12,0
3231,-5.0582811676056830e-10,5.2968205349569406e-07,5.3419721689196801e-07,-4.5151633962739552e-09,5.8117780664507028e-11,0
3232,-1.7508601909865890e-09,-9.1485125520316887e-06,-9.1453919980424598e-06,-3.1205539892289590e-09,3.2794421690789855e-11,0
3233,-1.6444135898261167e-09,-1.8529395539820456e-04,-1.8528648626246796e-04,-7.4691357366076828e-09,2.7071581169064642e-11,0
3234,-7.5648633875515653e-10,-3.7124176844770956e-05,-3.7109050164632139e-05,-1.5126680138817137e-08,5.1344588373416470e-11,0
3235,-7.1150680719019310e-10,1.5707381819727098e-05,1.5718327766410897e-05,-1.0945946683798462e-08,1.2681693744739243e-11,0
3236,-1.7791578915603952e-09,-4.9631986614936952e-06,-4.9573609644454661e-06,-5.8376970482290651e-09,3.7080968086157839e-11,0
3237,-1.7791581813139940e-09,-7.7723772597413157e-06,-7.7750754823154894e-06,2.6982225741736712e-09,1.3421257962599817e-11,0
3238,-1.2450320745490671e-09,-9.6782456939156769e-06,-9.6759310593486880e-06,-2.3146345669889263e-09,3.2365296738813921e-11,0
3239,-1.1385854732343537e-09,-1.8582374296699164e-04,-1.8581622898832895e-04,-7.5139786626923430e-09,1.5539509964573060e-11,0
3240,-2.5065822225187485e-10,-3.7654135218410933e-05,-3.7644091743825848e-05,-1.0043474585085313e-08,3.3160335289233593e-11,0
3241,-2.0567869072689976e-10,1.5177560095275613e-05,1.5183727817425784e-05,-6.1677221501701040e-09,1.5847774444209721e-11,0
3242,-1.2733297750875812e-09,-5.4929796281140419e-06,-5.4929483951574269e-06,-3.1232956615085176e-11,4.6628110025715468e-11,0
3243,-1.2733300648405220e-09,-8.3021973434184784e-06,-8.3082499490313031e-06,6.0526056128246890e-09,1.4233374017828784e-11,0
3244,1.0644660196566777e-10,-1.7614539017907650e-04,-1.7614369786918927e-04,-1.6923098872224061e-09,1.0985625643246884e-11,0
3245,1.0393533839638058e-09,2.4855921246589273e-05,2.4864982161993527e-05,-9.0609154042543491e-09,1.5289640995765258e-11,0
3246,-2.8297700367945590e-11,4.1853271639563823e-06,4.1868147682951568e-06,-1.4876043387744662e-09,1.4598195027681724e-11,0
3247,-2.8297990124734020e-11,1.3761681493535804e-06,1.3769472704661193e-06,-7.7912111253894019e-10,5.0396668007893688e-12,0
3248,9.3290678134804028e-10,2.0100133284722821e-04,2.0100914483800201e-04,-7.8119907738016890e-09,7.7703774052205993e-12,0
3249,-1.3474430293938439e-10,1.8033075018761627e-04,1.8032746505260294e-04,3.2851350133310340e-09,1.2371898860252517e-11,0
3250,-1.3474459269274169e-10,1.7752156239720686e-04,1.7751624212498918e-04,5.3202722176794517e-09,4.3684492223672699e-12,0
3251,-9.9437385306847812e-10,2.7975756071814059e-05,2.7967512025903629e-05,8.2440459104305927e-09,4.6202900041697993e-11,0
3252,-8.8792725002766444e-10,-1.4816967680341547e-04,-1.4817634214411252e-04,6.6653406970466293e-09,3.0868518171210312e-11,0
3253,4.4979531126834721e-11,5.2831668536923232e-05,5.2832077354255961e-05,-4.0881733272908529e-10,2.2565443693240541e-11,0
3254,-1.0226715531456304e-09,3.2161088496057873e-05,3.2153164104341215e-05,7.9243917166572399e-09,5.9189798854658342e-11,0
3255,-1.0226718428999487e-09,2.9352006322458900e-05,2.9336047699219071e-05,1.5958623239828776e-08,3.7078261062703238e-11,0
3256,-1.0676510842698937e-09,-2.0670526293172647e-05,-2.0677969521684451e-05,7.4432285118033819e-09,1.6465347667374389e-11,0
3257,-1.0676513740299104e-09,-2.3479769687143742e-05,-2.3492137996146561e-05,1.2368309002819142e-08,6.4727825171960025e-12,0
3260,-5.1692606297211532e-12,6.3937535526611793e-06,6.3977178242518771e-06,-3.9642715906978797e-09,2.3386091100008361e-11,0
3261,5.9356372102811094e-10,-3.0944547804263520e-06,-3.0717505243726408e-06,-2.2704256053711198e-08,2.3361787365468572e-11,0
3262,-3.3417977717181037e-11,-1.8330938545872699e-04,-1.8328610044332044e-04,-2.3285015406549359e-08,1.2770990961614409e-11,0
3263,5.2796113187587923e-10,-3.5132928890111749e-05,-3.5107389073168067e-05,-2.5539816943682394e-08,7.8625835142720978e-11,0
3264,5.3214801180541288e-10,1.7698755829958536e-05,1.7721635533454546e-05,-2.2879703496009774e-08,2.2469147884313531e-11,0
3265,-6.2698169850982530e-10,-1.8021484550326088e-04,-1.8020560043702184e-04,-9.2450662390365645e-09,1.6693605050662373e-11,0
3266,-6.5602589194841851e-11,-3.2038398874489286e-05,-3.2035492922117851e-05,-2.9059523714349564e-09,3.2278906439380815e-11,0
3267,-6.1415709313309770e-11,2.0793355149718081e-05,2.0796406697267272e-05,-3.0515475491912989e-09,7.7383447553015926e-12,0
3268,5.6556598837953836e-10,2.0100822259053013e-04,2.0100580502941154e-04,2.4175611185802033e-09,9.9501797875126268e-12,0
3269,-5.6137910914584001e-10,-1.4817643273498920e-04,-1.4817324178986187e-04,-3.1909451273241969e-09,4.6714632172944600e-11,0
3270,4.1868798529127501e-12,5.2831784266853889e-05,5.2831835882842309e-05,-5.1615988420255013e-11,2.9423871822224617e-11,0
3271,-4.9490104052120299e-10,5.2417240931253162e-07,5.3441490071832308e-07,-1.0242491405791463e-08,1.6352984824346705e-11,0
3272,6.7815666093050397e-12,6.9800438366887999e-06,6.9334848887253236e-06,4.6558947963476214e-08,1.9074726114712557e-11,0
3273,5.0168260660342736e-10,6.4558573144510301e-06,6.4024171553180121e-06,5.3440159133017923e-08,1.7967329545558400e-11,0
3274,8.3908868177305591e-10,-3.0869883519604041e-06,-3.0695068955723428e-06,-1.7481456388061272e-08,5.0352728817962625e-11,0
3275,-1.6094680115250655e-10,-7.1557831025012564e-06,-7.1416327003310433e-06,-1.4150402170213051e-08,7.2119643978755876e-11,0
3276,1.8522649054776303e-10,-1.8329418887032961e-04,-1.8328401042084106e-04,-1.0178449488552075e-08,7.3321897694898576e-11,0
3278,-1.1156012910388532e-10,-5.7777458513149499e-06,-5.7611010218958000e-06,-1.6644829419149876e-08,2.8560177990318460e-11,0
3279,-1.0000354823689174e-09,-4.0689385164272007e-06,-4.0677237858641670e-06,-1.2147305630337598e-09,3.2977033954562723e-11,0
3280,-6.5386219064095712e-10,-1.8020718511232645e-04,-1.8020574879275739e-04,-1.4363195690594247e-09,4.5397695950120551e-11,0
3281,-1.3153820925195326e-10,2.0793833177777058e-05,2.0795861547040598e-05,-2.0283692635399402e-09,2.6118002198319107e-11,0
3282,-9.5064881027554885e-10,-2.6907389097351186e-06,-2.6935936342587088e-06,2.8547245235901203e-09,1.7108989224411267e-11,0
3283,3.4617329175643141e-10,-1.7613824536683162e-04,-1.7614118356583080e-04,2.9381989991798373e-09,5.5242653892408891e-11,0
3284,8.6849727235234438e-10,2.4862794840661883e-05,2.4863757010876214e-05,-9.6217021433180104e-10,4.0253828721297057e-11,0
3285,4.9386672141650235e-11,1.3781678159432834e-06,1.3777359287249360e-06,4.3188721834749194e-10,2.1473477585374354e-11,0
3287,-2.9678661962183045e-10,1.7751642323012278e-04,1.7751451734035405e-04,1.9058897687319627e-09,1.4812509256839764e-11,0
3288,-8.1911060044999252e-10,-2.3484588411232981e-05,-2.3490139135941646e-05,5.5507247086658529e-09,1.9474765862810887e-11,0
3290,2.9023180487076142e-10,1.1889139527066286e-05,1.1875319148891008e-05,1.3820378175278853e-08,4.8521034544699874e-11,0
3291,7.6093041887613543e-10,2.0100727688208714e-04,2.0100758003619961e-04,-3.0315411246313421e-10,1.1571856665765779e-11,0
3292,3.8227578804770097e-11,1.7752414614898796e-04,1.7751736949460413e-04,6.7766543838303304e-09,8.4979963827067843e-12,0
3293,-6.8638706792930639e-10,-1.4817285993773497e-04,-1.4817406455487717e-04,1.2046171422018005e-09,8.5114285326595388e-11,0
3294,7.4543350475429596e-11,5.2834453380511386e-05,5.2832783324462435e-05,1.6700560489510191e-09,5.5471664029114548e-11,0
3295,-6.4815948887385291e-10,2.9351413046238214e-05,2.9339435496315000e-05,1.1977549923214913e-08,7.0871691687568588e-11,0
3296,-7.2270283905042988e-10,-2.3483141716398035e-05,-2.3489462880436310e-05,6.3211640382752551e-09,7.5775300608380277e-12,0
3297,1.4603753339906311e-09,5.0728279637445028e-06,5.0794682116816695e-06,-6.6402479371666310e-09,1.8421795267779223e-11,0
3298,1.0626519435321199e-09,5.6182580464945314e-06,5.6189186622333066e-06,-6.6061573877516325e-10,1.1520954906123131e-11,0
3299,-2.2881925429305647e-09,-4.0328107779458167e-06,-4.0796098343195192e-06,4.6799056373702558e-08,1.8742925245843451e-11,0
3300,-1.9045694659766817e-09,-1.8019650019737016e-04,-1.8021684992887847e-04,2.0349731508310107e-08,1.0225592287634816e-11,0
3301,-2.7172089002275424e-10,-3.2034757745853923e-05,-3.2037474832104617e-05,2.7170862506941491e-09,3.8342301864434989e-11,0
3302,-2.3005570067300676e-09,1.4650965646581526e-07,1.0937499375304837e-07,3.7134662712766896e-08,1.7120632135097284e-11,0
3303,1.3891974716287871e-09,1.2011750107275912e-05,1.2020295976962047e-05,-8.5458696861350723e-09,1.7945650435914760e-11,0
3304,-3.9772340081105689e-10,5.4540381823342532e-07,5.3549842390899732e-07,9.9053943244280000e-09,2.5533605838331917e-11,0
3305,-3.7485678835481053e-09,-9.1056695458793802e-06,-9.1634544464652072e-06,5.7784900585827010e-08,4.2671074196821532e-11,0
3306,-3.3649448105578790e-09,-1.8526928899458006e-04,-1.8530123320203491e-04,3.1944207454844432e-08,2.1544249255141072e-11,0
3307,-1.7320962296339021e-09,-3.7107452780734546e-05,-3.7117541967003818e-05,1.0089186269272269e-08,6.4615182874662889e-11,0
3308,-3.7609323485980625e-09,-4.9263367631925681e-06,-4.9750266005317382e-06,4.8689837339170136e-08,3.5041142372423229e-11,0
3309,-7.1177860081107966e-11,6.9389472579324193e-06,6.9333495133786785e-06,5.5977445537408734e-09,1.7420297176861671e-11,0
3310,-3.3508444787054885e-09,-9.6510147680754950e-06,-9.6952177031033078e-06,4.4202935027812848e-08,2.3905588932948107e-11,0
3311,-2.9672214100491022e-09,-1.8581473345471392e-04,-1.8583231546529671e-04,1.7582010582791081e-08,1.1620674951264277e-11,0
3312,-1.3343728237575411e-09,-3.7653055258889817e-05,-3.7653752354550791e-05,6.9709566097368681e-10,3.0793447410568322e-11,0
3313,-3.3632089450782155e-09,-5.4718014902695004e-06,-5.5119471106335422e-06,4.0145620364041783e-08,3.0089781986698671e-11,0
3314,3.2654555462192777e-10,6.3935351586781597e-06,6.4011692432733877e-06,-7.6340845952279599e-09,2.7706776763109629e-11,0
3315,3.8362306614603198e-10,-1.7616370118018164e-04,-1.7614039606223464e-04,-2.3305117947004100e-08,1.3430781690293562e-11,0
3316,-1.2364467124678402e-11,4.1793358238498366e-06,4.1871700921154038e-06,-7.8342682655672309e-09,2.3123793377422747e-11,0
3317,3.6773900389542812e-09,1.6044572727811138e-05,1.6094839254165145e-05,-5.0266526354007346e-08,3.4956736546301850e-11,0
3318,-3.9598753608335155e-10,1.8034298533556488e-04,1.8032454613323379e-04,1.8439202331091854e-08,1.3197903511176669e-11,0
3319,3.2937669597904412e-09,1.9220830050412961e-04,1.9224243988574959e-04,-3.4139381619981363e-08,2.1549503275256679e-11,0
3320,-2.0164716527566045e-09,2.8001966217914426e-05,2.7958048191437934e-05,4.3918026476492109e-08,6.3281093109732027e-11,0
3321,-1.6328485754085079e-09,-1.4816170007186588e-04,-1.4818252592374890e-04,2.0825851883017176e-08,5.2690377124162807e-11,0
3322,-2.0288361164831716e-09,3.2181234441812367e-05,3.2144034601641575e-05,3.7199840170792009e-08,6.5310018967338033e-11,0
3323,1.6609183608213261e-09,4.4046566534698336e-05,4.4056196601652472e-05,-9.6300669541354877e-09,6.5823245514061077e-11,0
3324,3.6897545045662622e-09,1.1865306051453937e-05,1.1906414821066254e-05,-4.1108769612317004e-08,3.6108740991676484e-11,0
3325,2.2626060592751184e-10,3.4900683444946505e-06,3.5277870813060478e-06,-3.7718736811397282e-08,5.3024782846434672e-11,0
3326,1.1810560124680200e-09,-3.0390873521878026e-06,-3.0663501075836895e-06,2.7262755395886929e-08,1.6516695565488988e-11,0
3327,3.6618137612039680e-10,-7.1332534520799490e-06,-7.1370250629612156e-06,3.7716108812666345e-09,2.0108685510611308e-11,0
3328,1.0158265437220539e-09,1.7727245128986054e-05,1.7726656106823913e-05,5.8902216214056207e-10,9.1020613290697266e-12,0
3329,4.6230856522879133e-10,-5.7472350746441692e-06,-5.7559201584867804e-06,8.6850838426112348e-09,1.1628743985274676e-11,0
3330,-8.1487463828931087e-10,-4.0941414090230055e-06,-4.0663000683356548e-06,-2.7841340687350726e-08,2.2912593850061032e-11,0
3331,-1.6522946888949731e-10,2.0766328484897456e-05,2.0795936703263498e-05,-2.9608218366041536e-08,7.4848056576594532e-12,0
3332,-7.1874744904986802e-10,-2.7081485909430728e-06,-2.6916043794404839e-06,-1.6544211502588842e-08,1.3688478493968193e-11,0
3333,6.4964516870560577e-10,2.4860504592801491e-05,2.4862413818499568e-05,-1.9092256980769522e-09,1.3244612087854531e-11,0
3334,9.6127189189087227e-11,1.3860146887891694e-06,1.3783232746710529e-06,7.6914141181165529e-09,1.1187147220271139e-11,0
3335,-5.5351797939833639e-10,-2.3474483203957206e-05,-2.3488238050447629e-05,1.3754846490423266e-08,7.9210438340139012e-12,0
3336,-6.7225395113436338e-11,-1.8580729713356782e-04,-1.8580580386147786e-04,-1.4932720899651225e-09,1.2778150278491789e-11,0
3337,-2.8926284858870717e-11,-5.4631858188731314e-06,-5.4816361598649110e-06,1.8450340991779627e-08,3.6507197664564894e-11,0
3338,3.8299110337892510e-11,1.8034408311090079e-04,1.8032834363229615e-04,1.5739478604644272e-08,1.6251415719777577e-11,0
3339,-1.0603348178672296e-10,-1.8581042624684881e-04,-1.8580606903771766e-04,-4.3572091311524716e-09,1.4177585591449911e-11,0
3340,-1.1961378054651583e-10,-8.2837895453392527e-06,-8.2977253348969223e-06,1.3935789557669660e-08,1.2959771286419706e-11,0
3341,-1.3580298794213976e-11,1.7752662011808525e-04,1.7751649762667897e-04,1.0122491406281547e-08,8.5145445546655890e-12,0
3342,1.5277864792742048e-09,-3.0734546793750178e-06,-3.0631858830014487e-06,-1.0268796373569083e-08,1.9003447549762577e-11,0
3343,1.0637530881192157e-09,1.9854384383198587e-06,2.0065610817456534e-06,-2.1122643425794753e-08,2.5416743723990750e-11,0
3344,6.6166217395111393e-10,-7.0962764365731235e-06,-7.1343857120469304e-06,3.8109275473806916e-08,2.6298067635212909e-11,0
3345,1.3931353116207386e-09,-3.5112636333905421e-05,-3.5099377547563549e-05,-1.3258786341871541e-08,4.9961104668358005e-11,0
3346,1.2919609679394788e-09,1.7716992109049947e-05,1.7729293784280078e-05,-1.2301675230131346e-08,1.2630484558961606e-11,0
3347,7.1882905826508517e-10,8.9182395277935533e-06,8.9325777886911460e-06,-1.4338260897592657e-08,2.1996955385468826e-11,0
3348,-4.6403339141279233e-10,5.0588768162563788e-06,5.0617744218006154e-06,-2.8976055442365625e-09,2.2274036557471338e-11,0
3349,-8.6612430582450391e-10,-4.0227470714951710e-06,-4.0668318275473630e-06,4.4084756052191949e-08,3.3814149351115799e-11,0
3350,-1.3465116768478892e-10,-3.2039250174252607e-05,-3.2036296584912346e-05,-2.9535893402606581e-09,4.5236439737004778e-11,0
3351,-2.3582551140558522e-10,2.0790459954170802e-05,2.0795391735653454e-05,-4.9317814826517947e-09,1.0838002415676989e-11,0
3352,-8.0895742144748310e-10,1.1991644272357077e-05,1.2000502254956291e-05,-8.8579825992134208e-09,2.1138988527692128e-11,0
3353,-4.0209091366165454e-10,-9.0817268645852073e-06,-9.1329848312316459e-06,5.1257966646438635e-08,3.7264623335557314e-11,0
3354,3.2938222305844016e-10,-3.7098179422496123e-05,-3.7098618143282210e-05,4.3872078608626474e-10,6.4156131669147715e-11,0
3355,2.2820787944876143e-10,1.5731531553880938e-05,1.5728287510833188e-05,3.2440430477498111e-09,1.7886634010412073e-11,0
3356,-3.4492402949150922e-10,6.9327965177782419e-06,6.9313048764347256e-06,1.4916413435162954e-09,1.8720153887940081e-11,0
3357,6.3029879546723358e-10,2.4813283258099533e-05,2.4862401972651823e-05,-4.9118714552290045e-08,2.7516796959430935e-11,0
3358,5.7166884530736606e-11,1.6014528404204031e-05,1.6062305067978996e-05,-4.7776663774964353e-08,3.6345176366914950e-11,0
3359,-7.3147313763538416e-10,2.8016428304914603e-05,2.7969645949409849e-05,4.6782355504754311e-08,7.0257145454088498e-11,0
3360,-1.0117434367624028e-10,5.2829713131852078e-05,5.2831606763979551e-05,-1.8936321274730774e-09,4.3753880311132046e-11,0
3361,-6.7430625332769328e-10,4.4030878065150561e-05,4.4035222593980501e-05,-4.3445288299396754e-09,5.0024280458639901e-11,0
3362,-5.7313190930847369e-10,-8.7987541759976598e-06,-8.7978533566895304e-06,-9.0081930812937843e-10,1.7966186278653857e-11,0
3363,-1.3917892775494681e-14,-2.8092663827671274e-06,-2.8091117388426131e-06,-1.5464392451435214e-10,2.7805068744132745e-12,0
3364,4.3665337943960355e-11,-1.8579518340056111e-04,-1.8580460074242694e-04,9.4173418658247739e-09,1.2122141189420135e-11,0
3365,-1.5762940234324103e-10,2.0788455286527979e-05,2.0796192984362650e-05,-7.7376978346711356e-09,2.2465167944730593e-11,0
3366,-8.9600848489831506e-10,-2.6967564615183737e-06,-2.6932741570157653e-06,-3.4823045026084086e-09,1.7737448027296367e-11,0
3367,-7.3837908167989476e-10,-2.3485205361783632e-05,-2.3490170495383359e-05,4.9651335997268531e-09,1.5642071510235747e-11,0
3368,2.7765429549466763e-10,3.5352686228486141e-06,3.5282542866657913e-06,7.0143361828227579e-09,3.5210566095809808e-11,0
3369,8.1481441273197824e-11,-9.6294303778259732e-06,-9.6641532241545906e-06,3.4722846328617374e-08,2.8738114586803574e-11,0
3370,-1.7227698787755645e-10,-1.8580731298175517e-04,-1.8580639086412945e-04,-9.2211762571926641e-10,1.5883448682442902e-11,0
3371,-1.8606246936890536e-11,-5.4650564209213909e-06,-5.4815424944604447e-06,1.6486073539053839e-08,3.2517447260907597e-11,0
3372,-2.5375842971567837e-10,-1.7617787110348927e-04,-1.7614543819240516e-04,-3.2432911084112441e-08,2.1003939900513900e-11,0
3373,-1.0008768819948844e-10,4.1643702624882817e-06,4.1865750437906706e-06,-2.2204781302388915e-08,3.3936379318884322e-11,0
3374,1.5367074100661882e-10,1.8034225615702962e-04,1.8032901972325148e-04,1.3236433778142549e-08,2.1100915641488370e-11,0
3375,2.3954853914065558e-10,-2.2351971980570998e-06,-2.2395015843478507e-06,4.3043862907509750e-09,3.5093865065816493e-11,0
3376,1.2204852435342337e-09,-3.0330360772249168e-06,-3.0659500690197587e-06,3.2913991794841920e-08,1.7744165889524907e-11,0
3377,6.2839906711076102e-10,1.9819178195996934e-06,2.0024188269377463e-06,-2.0501007338052972e-08,1.7079251927881294e-11,0
3378,1.1747725464933583e-09,-3.5088181622006456e-05,-3.5101302714848524e-05,1.3121092842067420e-08,5.2353894398928172e-11,0
3379,1.1014264829416913e-09,1.7729251931594258e-05,1.7727868843569263e-05,1.3830880249952621e-09,8.8455799380160592e-12,0
3380,3.6226220054536693e-10,8.9151451419921396e-06,8.9296252183820871e-06,-1.4480076389947465e-08,1.3662964796044576e-11,0
3381,-5.9208617690906429e-10,5.0149924593016065e-06,5.0603985742301482e-06,-4.5406114928541624e-08,2.5734750274653025e-11,0
3382,-4.5712696928699108e-11,-3.2055226393649721e-05,-3.2035560037096993e-05,-1.9666356552728312e-08,5.9892896202490031e-11,0
3383,-1.1905876046808487e-10,2.0762300158920846e-05,2.0796686576615672e-05,-3.4386417694825578e-08,1.2521584746608977e-11,0
3384,-8.5822304354586402e-10,1.1948183651102479e-05,1.2000255047955629e-05,-5.2071396853150111e-08,2.4773612319808284e-11,0
3385,5.4637347868619807e-10,-3.7070038598620986e-05,-3.7096450790690426e-05,2.6412192069440231e-08,8.5902380721662674e-11,0
3386,4.7302741511895481e-10,1.5747303926300776e-05,1.5731005282552328e-05,1.6298643748448061e-08,1.5209007918195939e-11,0
3387,-2.6613686647479320e-10,6.9332079745943430e-06,6.9324921976178043e-06,7.1577697653867262e-10,2.2488139735822071e-11,0
3388,-7.3346063538789384e-11,5.2817499835937972e-05,5.2832157768928217e-05,-1.4657932990244529e-08,4.2260794081700866e-11,0
3389,-8.1251034648942369e-10,4.4003253447170293e-05,4.4034236675871019e-05,-3.0983228700725727e-08,7.2894226559351863e-11,0
3390,-7.3916428270604703e-10,-8.8140816374010500e-06,-8.7993602279611806e-06,-1.4721409439869389e-08,1.2876116418060594e-11,0
3391,1.5005772432776218e-10,-1.7613778114064981e-04,-1.7614151872600225e-04,3.7375853524342431e-09,3.6419734251275211e-11,0
3392,7.0814226763222582e-12,1.3780776872480863e-06,1.3777076224860841e-06,3.7006476200213191e-10,2.1592331841105802e-11,0
3393,-1.4297630158590367e-10,1.7751581155578790e-04,1.7751482791249638e-04,9.8364329152050324e-10,1.2638703358908542e-11,0
3394,-5.8599069660682362e-10,5.0595437253424941e-06,5.0603335646752875e-06,-7.8983933279346870e-10,1.8995554333837983e-11,0
3395,-6.5688344798320088e-10,5.6031158761436078e-06,5.6031397314279854e-06,-2.3855284377578378e-11,2.1828642497346642e-11,0
3396,1.0139235171343146e-10,-3.2031277303262023e-05,-3.2034263673061316e-05,2.9863697992922773e-09,3.1435253425855627e-11,0
3397,9.5893869153409119e-11,2.0800969255835387e-05,2.0798773350120345e-05,2.1959057150419486e-09,6.6471051551707040e-12,0
3398,-6.6540881949053480e-10,1.1996111817137375e-05,1.2002121974466029e-05,-6.0101573286537856e-09,2.8023877376753927e-11,0
3399,-7.0892749351641462e-11,5.4352055561032037e-07,5.3888241405145682e-07,4.6381415588635508e-09,2.9127168406042400e-11,0
3400,6.8738304954286349e-10,-3.7090827472569671e-05,-3.7095058163937421e-05,4.2306913677507335e-09,6.3891585268254546e-11,0
3401,6.8188456673786727e-10,1.5741432529631574e-05,1.5733183840965271e-05,8.2486886663029994e-09,1.3132477675725280e-11,0
3402,-7.9418123598480157e-11,6.9365318097259522e-06,6.9344575042456026e-06,2.0743054803496486e-09,3.2885429271271937e-11,0
3403,7.5827579959754251e-10,-3.7634382920126962e-05,-3.7634480892965144e-05,9.7972838182362482e-11,2.9997354703750373e-11,0
3404,7.5277731700384554e-10,1.5197887158458889e-05,1.5194021129784555e-05,3.8660286743340321e-09,1.4352428120951319e-11,0
3405,-8.5253718466557111e-12,6.3929961704907445e-06,6.3988333827974796e-06,-5.8372123067350909e-09,4.1573541055010342e-11,0
3406,-5.4984825244642334e-12,5.2832247171209822e-05,5.2832944033735581e-05,-6.9686252575980757e-10,2.7232100582814244e-11,0
3407,-7.6680117083798144e-10,4.4027400395423716e-05,4.4034806008124913e-05,-7.4056127011973283e-09,9.8513971547241111e-11,0
3409,-1.2480731970877678e-10,5.0594705774706199e-06,5.0644638040629819e-06,-4.9932265923620589e-09,1.5179784266387039e-11,0
3410,-6.1835496338724413e-10,5.5890902096698836e-06,5.6034727592230286e-06,-1.4382549553145055e-08,6.7228529796294983e-12,0
3411,9.9866395421806620e-11,-3.2003800707639148e-05,-3.2034298700061889e-05,3.0497992422741740e-08,3.3215337779227000e-11,0
3412,-1.0093958828437522e-10,1.2016281255552812e-05,1.2007312386175049e-05,8.9688693777630166e-09,1.5284141318300141e-11,0
3413,-4.9354764363869022e-10,5.2960558743347930e-07,5.3508851239665749e-07,-5.4829249631781968e-09,1.6651356923669373e-11,0
3414,2.2467371532333341e-10,-3.7063142733002874e-05,-3.7099207275330531e-05,3.6064542327656781e-08,7.8792469293190979e-11,0
3415,2.3867731343288526e-11,6.9568378162710234e-06,6.9355349260946413e-06,2.1302890176382131e-08,1.7976957949421606e-11,0
3416,7.1822135943969162e-10,-3.7592861804129282e-05,-3.7634816008163871e-05,4.1954204034588675e-08,2.5610366212787664e-11,0
3417,5.1741537461335420e-10,6.4272017093556372e-06,6.4036976984673285e-06,2.3504010888308657e-08,1.8192654149329457e-11,0
3418,-2.0080598336809025e-10,4.4019807848587030e-05,4.4040030810921887e-05,-2.0222962334857009e-08,7.8824659136335353e-11,0
3419,2.0302061670278898e-11,3.5137415451674120e-06,3.5259147709782155e-06,-1.2173225810803477e-08,3.9433448622654319e-11,0
3420,1.0382090178143223e-10,-1.7613858191727093e-04,-1.7614171718655089e-04,3.1352692799553519e-09,3.5871046457358414e-11,0
3421,-2.7347922725775147e-12,4.1867779088053956e-06,4.1875866373343604e-06,-8.0872852896483291e-10,3.7051904238950744e-11,0
3422,-1.0655569403080710e-10,1.8032538458468078e-04,1.8032632688831445e-04,-9.4230363366799158e-10,2.2799399497815917e-11,0
3423,-5.4352272645367495e-11,-3.2040126746312337e-05,-3.2035725371693376e-05,-4.4013746189613002e-09,3.8397658791590536e-11,0
3424,-8.2785695639321788e-10,-2.7010715144062947e-06,-2.6927868932710201e-06,-8.2846211352745492e-09,7.7110553047587880e-12,0
3425,-7.7350468366513641e-10,2.9339155786945598e-05,2.9338254615321634e-05,9.0117162396383035e-10,6.4596074638941961e-11,0
3426,2.2539977877410121e-10,1.5748452831622350e-05,1.5729380221721327e-05,1.9072609901023263e-08,9.7980416124254902e-12,0
3430,-2.6045831595942207e-10,-1.8583183073410045e-04,-1.8580670488777288e-04,-2.5125846327567897e-08,3.6929009943803985e-11,0
3432,2.9901733182463778e-11,-1.7614170599502404e-04,-1.7614214955018819e-04,4.4355516414201594e-10,4.4054120380780852e-11,0
3433,-2.0247443014576714e-11,4.1856580490873090e-06,4.1874919221149003e-06,-1.8338730275913349e-09,4.9719704069392771e-11,0
3434,-5.0149176328675162e-11,1.8032734165943261e-04,1.8032667298180553e-04,6.6867762707673896e-10,5.5965493351280682e-11,0
3439,-2.1942439573899743e-10,6.9342684063779594e-06,6.9337205468785214e-06,5.4785949943805243e-10,3.4723250831508680e-11,0
3441,9.7085694281163931e-11,-3.2009327962813534e-05,-3.2034391990854285e-05,2.5064028040750266e-08,9.2694913642377172e-11,0
3443,4.4775627649393658e-11,-1.7614113626825698e-04,-1.7614179357998067e-04,6.5731172368683859e-10,1.6976238217806193e-11,0
3444,-1.3386246534559376e-11,1.3763267786128311e-06,1.3776894582078971e-06,-1.3626795950659876e-09,1.5847731125958799e-11,0
3445,-5.8161874248301285e-11,1.7751745775114556e-04,1.7751508635445486e-04,2.3713966906954102e-09,9.5871053172867230e-12,0
3446,4.2235216522751573e-11,-3.2033662233108516e-05,-3.2034933523953681e-05,1.2712908451645299e-09,4.3117009323959155e-11,0
3447,1.2271159216350168e-10,2.0801905509956059e-05,2.0799445373996081e-05,2.4601359599783290e-09,1.7329304095609066e-11,0
3448,8.0476375644501249e-11,5.2835737293142546e-05,5.2834272533459067e-05,1.4647596834790042e-09,8.7531319970385713e-11,0
3449,-2.7819103658603763e-11,3.4980840743423225e-06,3.5254773152020664e-06,-2.7393240859743930e-08,3.6274474057116193e-11,0
3450,2.3787403784608009e-10,-2.2565800484749231e-06,-2.2394515084262534e-06,-1.7128540048669659e-08,6.0120183962879363e-11,0
3451,2.6569314148960093e-10,-5.7546520566848641e-06,-5.7578024987057755e-06,3.1504420209113777e-09,9.0823954246617848e-12,0
3452,1.5083078505275480e-09,5.0719011322856999e-06,5.0787625630231344e-06,-6.8614307374344501e-09,1.6641897889311667e-11,0
3453,8.6618089065540491e-10,5.6253310025764641e-06,5.6168167792408269e-06,8.5142233356372629e-09,1.1026915134907490e-11,0
3454,-2.3992172408545653e-09,-4.0467017829899643e-06,-4.0814749124697605e-06,3.4773129479796209e-08,1.5220404421421216e-11,0
3455,-2.0426524750229325e-09,-1.8019612687593910e-04,-1.8021679710474991e-04,2.0670228810808385e-08,1.1106237865813039e-11,0
3456,-2.4573484717076772e-10,-3.2035182879401212e-05,-3.2037626507383026e-05,2.4436279818138246e-09,3.4316929308859161e-11,0
3457,-1.8935329734881395e-10,2.0798315256105983e-05,2.0796852085984435e-05,1.4631701215483007e-09,8.1817552355847684e-12,0
3458,-2.4263127261165140e-09,1.3807068239245213e-07,1.0793327311736427e-07,3.0137409275087861e-08,1.7811952330326154e-11,0
3459,1.4462374571524796e-09,1.2013496287504102e-05,1.2021896051317466e-05,-8.3997638133632648e-09,1.5462861717116892e-11,0
3460,-6.4212696980077849e-10,5.5342368149996490e-07,5.3416288241507975e-07,1.9260799084885157e-08,2.2020348062662087e-11,0
3461,-3.9075250966030994e-09,-9.1185583484983124e-06,-9.1646263543025297e-06,4.6068005804217289e-08,3.2709168031336071e-11,0
3462,-3.5509603349568690e-09,-1.8526801935678065e-04,-1.8530043645968686e-04,3.2417102906212060e-08,2.4468677630103177e-11,0
3463,-1.7540427030857705e-09,-3.7107003075504894e-05,-3.7116691768211577e-05,9.6886927066831309e-09,6.1968564712063585e-11,0
3464,-1.6976611520898311e-09,1.5726417019791723e-05,1.5712969136639478e-05,1.3447883152245598e-08,1.8236196040137312e-11,0
3465,-3.9346205831480611e-09,-4.9338292037797923e-06,-4.9756312027394468e-06,4.1801998959654460e-08,3.4866498025099677e-11,0
3466,-6.2070390861038295e-11,6.9416327673653064e-06,6.9359715313673966e-06,5.6612359979097305e-09,1.7310213350726053e-11,0
3467,-3.2653981202125153e-09,-9.6719929734426701e-06,-9.6948397476523799e-06,2.2846774209709761e-08,2.1461284271932603e-11,0
3468,-2.9088333645399662e-09,-1.8582141289562835e-04,-1.8583028985408553e-04,8.8769584571772326e-09,1.2893480498662310e-11,0
3469,-1.1119157267650706e-09,-3.7660515531012101e-05,-3.7651198151721779e-05,-9.3173792903219208e-09,2.9081095046610141e-11,0
3470,-1.0555341742977825e-09,1.5173016007643397e-05,1.5178605210915252e-05,-5.5892032718547015e-09,9.7543360280944277e-12,0
3471,-3.2924936085189855e-09,-5.4872712887507787e-06,-5.5113048715392759e-06,2.4033582788497208e-08,2.7141233342434647e-11,0
3472,5.8005659643609710e-10,6.3882477127951212e-06,6.4049983044625743e-06,-1.6750591667453083e-08,2.4085799633914589e-11,0
3473,3.5656475596819598e-10,-1.7614942929117076e-04,-1.7613846554394451e-04,-1.0963747226251262e-08,1.5038576012320383e-11,0
3474,2.2098639458540629e-09,2.4845001825394772e-05,2.4878520016816108e-05,-3.3518191421336423e-08,1.4569659895771190e-11,0
3475,-2.7095488231663002e-11,4.1847698764902082e-06,4.1876219361483183e-06,-2.8520596581101433e-09,2.0242435239269553e-11,0
3476,3.8454547161647164e-09,1.6060284449829175e-05,1.6098519155877681e-05,-3.8234706048506417e-08,3.1459422352844330e-11,0
3477,1.8532991857319990e-09,2.0099443822355761e-04,2.0101750480159601e-04,-2.3066578038393815e-08,9.5992375871749350e-12,0
3478,-3.8366024654749549e-10,1.8033419826896015e-04,1.8032314416840879e-04,1.1054100551360566e-08,1.4448794090078575e-11,0
3479,3.4888899507392736e-09,1.9220960098309932e-04,1.9224394297670633e-04,-3.4341993607010920e-08,2.3834521459488105e-11,0
3480,-2.1534823936524487e-09,2.7988585941296842e-05,2.7956323339115656e-05,3.2262602181186450e-08,5.3326918689493326e-11,0
3481,-1.7969176270281252e-09,-1.4816083466397817e-04,-1.4818238079374418e-04,2.1546129766008811e-08,6.2770036796113959e-11,0
3482,5.6381549657462893e-11,5.2833534536964131e-05,5.2834364620317096e-05,-8.3008335296543001e-10,3.7598596506240631e-11,0
3483,-2.1805778787286685e-09,3.2173301995386955e-05,3.2142703172831192e-05,3.0598822555762389e-08,6.7070836804220973e-11,0
3484,1.6919723028811685e-09,4.4048661113814391e-05,4.4057936690906278e-05,-9.2755770918868594e-09,7.0914763796754332e-11,0
3485,-2.2369594282866358e-09,-2.0660249731527594e-05,-2.0690766621273973e-05,3.0516889746378886e-08,1.4854999279762160e-11,0
3486,1.6355907528828944e-09,-8.7847796696252645e-06,-8.7777634517015200e-06,-7.0162179237444409e-09,1.7299696126789317e-11,0
3487,3.8725502033784735e-09,1.1875455883051528e-05,1.1909676068998596e-05,-3.4220185947067837e-08,3.6136389010435885e-11,0
3488,2.9859488824653315e-10,3.5402344750832399e-06,3.5284446516162798e-06,1.1789823466960021e-08,4.5364933949810174e-11,0
3489,-1.1244506072925829e-09,-5.5029506799367939e-06,-5.4915958650582138e-06,-1.1354814878580052e-08,4.8338843412380363e-11,0
3490,1.0866424694109350e-09,-3.0582526909152946e-06,-3.0670450688442217e-06,8.7923779289270651e-09,2.6473058042732284e-11,0
3491,7.5283273249004816e-11,-7.1449329748240770e-06,-7.1402959617310556e-06,-4.6370130930214077e-09,3.4362912595222547e-11,0
3492,4.9123403630988770e-10,-1.8327305144792000e-04,-1.8327936783321707e-04,6.3163852970704246e-09,2.0769787234036543e-11,0
3493,9.4806427025224328e-10,1.7724877372618780e-05,1.7727746322365611e-05,-2.8689497468309855e-09,1.6605084635693335e-11,0
3494,1.4543274760718319e-10,-5.7653699607290677e-06,-5.7589231699609120e-06,-6.4467907681557145e-09,1.3691732586501157e-11,0
3495,-1.0113591976358931e-09,-4.0866995735279465e-06,-4.0689682084628351e-06,-1.7731365065111438e-08,4.0141857505059689e-11,0
3496,-5.9540843428908073e-10,-1.8021482513213378e-04,-1.8020347260983881e-04,-1.1352522294975778e-08,1.9121717431400794e-11,0
3497,-1.3857819914894868e-10,2.0783111533030120e-05,2.0797475216359049e-05,-1.4363683328929043e-08,1.7169620330743358e-11,0
3498,-9.4120972327291741e-10,-2.7071444366737890e-06,-2.6940307611017287e-06,-1.3113675572060304e-08,1.4589050174240034e-11,0
3499,4.1595076300386712e-10,-1.7612810995140237e-04,-1.7613764613254979e-04,9.5361811474205076e-09,2.3986696198384841e-11,0
3500,8.7278099668657210e-10,2.4869786858870875e-05,2.4866638717045141e-05,3.1481418257343614e-09,2.6120350174669427e-11,0
3501,7.0149474364093193e-11,1.3796184529873100e-06,1.3786391459190738e-06,9.7930706823620689e-10,1.8289092740558803e-11,0
3502,4.5683023468617013e-10,2.0099792070818489e-04,2.0100480923385179e-04,-6.8885256669008830e-09,1.5375476185810772e-11,0
3503,-3.4580128887305693e-10,1.7750768654138747e-04,1.7751189058062768e-04,-4.2040392402107468e-09,5.6948350587541812e-12,0
3504,-8.0263152323417972e-10,-2.3490254959046206e-05,-2.3492247167882764e-05,1.9922088365583747e-09,1.1864524076054217e-11,0
3505,1.5924130846350573e-09,-3.0646676587994456e-06,-3.0624358634176138e-06,-2.2317953818318520e-09,1.9753612918771641e-11,0
3506,1.1520436295677075e-09,1.9883805719652400e-06,2.0063434687976182e-06,-1.7962896832378172e-08,2.5580142094189866e-11,0
3507,6.4186197470101557e-10,-7.1212649305502779e-06,-7.1351890391120604e-06,1.3924108561782513e-08,2.2526430853615210e-11,0
3508,1.4663243211777889e-09,-3.5107797475432845e-05,-3.5098381076890619e-05,-9.4163985422262859e-09,4.9467345497739174e-11,0
3509,1.3738188016047396e-09,1.7722621160452682e-05,1.7731735715207598e-05,-9.1145547549161118e-09,1.4913656401461716e-11,0
3510,7.7833740903307360e-10,-2.9064023329295613e-06,-2.9414500592988912e-06,3.5047726369329866e-08,2.7838955632547811e-11,0
3511,8.0470609750966172e-10,8.9236855097120198e-06,8.9349552331256664e-06,-1.1269723413646603e-08,2.3598986715154364e-11,0
3512,-4.4036945577689186e-10,5.0530870533997338e-06,5.0608190670038029e-06,-7.7320136040690904e-09,2.2545510679305756e-11,0
3513,-9.5055111135080680e-10,-4.0565769118734198e-06,-4.0684769208296317e-06,1.1900008956211970e-08,2.8108704743051454e-11,0
3514,-1.2608876354918764e-10,-3.2043100664326963e-05,-3.2036616539015008e-05,-6.4841253119552172e-09,5.2011558724505053e-11,0
3515,-2.1859428321201346e-10,2.0787315723835506e-05,2.0796838203187704e-05,-9.5224793521984051e-09,1.3332348446625203e-11,0
3516,-8.1407567684909434e-10,1.5827633179522210e-07,1.2252986631699566e-07,3.5746465478226438e-08,3.1811499333565581e-11,0
3517,-7.8770698831436121e-10,1.1988380304101681e-05,1.2001804538893083e-05,-1.3424234791401706e-08,2.0367743590487151e-11,0
3518,-5.1018165482630481e-10,-9.1096521996156948e-06,-9.1336873660765028e-06,2.4035166460807929e-08,3.4685860885098888e-11,0
3519,3.1428069156565639e-10,-3.7096186186662793e-05,-3.7097678968110461e-05,1.4927814476686373e-09,6.3317474451780741e-11,0
3520,2.2177517199426861e-10,1.5734236144605927e-05,1.5730949584222130e-05,3.2865603837965447e-09,2.2930959758658579e-11,0
3521,-3.7370622050044500e-10,-4.8948661834566365e-06,-4.9430647792999500e-06,4.8198595843313527e-08,3.5197946133403853e-11,0
3522,-3.4733753202601484e-10,6.9352982237161354e-06,6.9338868706649630e-06,1.4113530511723261e-09,1.8920779526820584e-11,0
3523,7.3195682844718622e-10,2.4843937208904321e-05,2.4865511688560423e-05,-2.1574479656101764e-08,2.8540444967318379e-11,0
3524,1.3647543454731162e-10,4.2148698272985105e-06,4.1892262437497293e-06,2.5643583548781249e-08,2.2168880850702924e-11,0
3525,1.6284412309359609e-10,1.6044975238401968e-05,1.6065472667173897e-05,-2.0497428771929546e-08,2.8961102406537456e-11,0
3526,-8.2446234721514332e-10,2.7986381965751372e-05,2.7968309069001580e-05,1.8072896749792532e-08,7.0802132631167533e-11,0
3527,-9.2505519623723538e-11,5.2830424942334597e-05,5.2833332900303265e-05,-2.9079579686681141e-09,5.1819148820124556e-11,0
3528,-6.8798691278734897e-10,3.2201398685744072e-05,3.2156281508319390e-05,4.5117177424681726e-08,5.6525014112881126e-11,0
3529,-6.6161822428070441e-10,4.4031426653674127e-05,4.4036832874490631e-05,-5.4062208165034376e-09,5.0911361073584746e-11,0
3530,-5.9548139278766575e-10,-2.0629059158512597e-05,-2.0676163771803759e-05,4.7104613291162119e-08,2.5964863151021246e-11,0
3531,-5.6911270430072298e-10,-8.7989438172040441e-06,-8.7978031020738014e-06,-1.1407151302426135e-09,2.0786750925619679e-11,0
3532,2.6368688567862047e-11,1.1830109332743380e-05,1.1875031920902417e-05,-4.4922588159036761e-08,3.0058228909501584e-11,0
3534,5.4999658443850903e-10,-3.0846796207075703e-06,-3.0718986041718738e-06,-1.2781016535696530e-08,1.9738805094049017e-11,0
3535,-1.0570730476326222e-10,-1.8330461293581020e-04,-1.8328457474886618e-04,-2.0038186944020811e-08,1.4036349864584296e-11,0
3536,5.2318683796599463e-10,1.7708303441463756e-05,1.7724144626205921e-05,-1.5841184742164573e-08,2.1688431412167511e-11,0
3537,-2.7178801657369845e-10,-5.7896318275268976e-06,-5.7627347073989073e-06,-2.6897120127990322e-08,8.4116157305687782e-12,0
3538,-6.5570388915097001e-10,-1.8021988116163901e-04,-1.8020381472327472e-04,-1.6066438364285320e-08,2.1419153838740647e-11,0
3539,-2.6809746506441612e-11,2.0793009309498338e-05,2.0798689360627609e-05,-5.6800511292711591e-09,7.7730213324338733e-12,0
3540,-8.2178460099951671e-10,-2.7050290834079727e-06,-2.6930068464915188e-06,-1.2022236916453897e-08,7.2150891410883293e-12,0
3541,6.2889414179631030e-10,2.0101285908577862e-04,2.0100637259961904e-04,6.4864861595837191e-09,1.1874069687177882e-11,0
3543,-7.9497485440707478e-10,-2.3498046981798928e-05,-2.3492444155613687e-05,-5.6028261852413192e-09,7.7262463258494442e-12,0
3544,-1.7924905806449089e-10,5.6203602619023588e-06,5.6072028104190857e-06,1.3157451483273018e-08,2.1498825705528278e-11,0
3545,-6.1693079529490218e-10,-1.8021133611228514e-04,-1.8020337957532875e-04,-7.9565369563879256e-09,1.2295232138139362e-11,0
3546,-6.6004540486326665e-10,-2.6943480526987751e-06,-2.6915612995953508e-06,-2.7867531034243254e-09,6.6659511455527621e-12,0
3547,-4.3768173677653731e-10,-1.8583174376464451e-04,-1.8580730342756583e-04,-2.4440337078674356e-08,1.6574307297301384e-11,0
3548,-4.8079634612443385e-10,-8.3147443456881021e-06,-8.3009246824123898e-06,-1.3819663275712238e-08,1.1568333968732306e-11,0
3549,-4.3114610109990858e-11,1.7751699393273035e-04,1.7751428132789507e-04,2.7126048352790668e-09,6.8005282597247066e-12,0
3550,1.0026008018129213e-09,2.0063106799961955e-06,2.0048277331321443e-06,1.4829468640511925e-09,2.1138120354534901e-11,0
3551,3.4343924919760040e-10,-7.1368708696520344e-06,-7.1379979546873487e-06,1.1270850353142575e-09,2.5512369566943286e-11,0
3552,1.1235186141105951e-09,-3.5081141658970319e-05,-3.5101446406628644e-05,2.0304747658325022e-08,5.4826971574714087e-11,0
3553,1.0712228616584691e-09,1.7738369229429798e-05,1.7729246489014667e-05,9.1227404151312229e-09,1.2461057038506997e-11,0
3554,4.3229212320590038e-10,-2.9439505463794979e-06,-2.9446051225656832e-06,6.5457618618527857e-10,2.7299929514155364e-11,0
3555,7.5441619997202909e-10,8.9321653258967598e-06,8.9347440838154362e-06,-2.5787579186763751e-09,1.9735102568343211e-11,0
3556,-6.5916155408647282e-10,-9.1431710040976860e-06,-9.1349985452169030e-06,-8.1724588807829973e-09,6.8589426914186065e-11,0
3557,1.2091781247732890e-10,-3.7087245921142275e-05,-3.7099270918851147e-05,1.2024997708871702e-08,8.7370675502878637e-11,0
3558,6.8622060010791235e-11,1.5732069322099077e-05,1.5729976483432262e-05,2.0928386668156885e-09,2.0195941546789095e-11,0
3559,-5.7030867998448548e-10,-4.9501428304957878e-06,-4.9446980871700239e-06,-5.4447433257639755e-09,5.8009929519014042e-11,0
3560,-2.4818460220675764e-10,6.9259143325494169e-06,6.9351894443047162e-06,-9.2751117552993727e-09,1.9799762815089184e-11,0
3561,7.2778361352221104e-10,2.4875249707953691e-05,2.4865810494217605e-05,9.4392137360861509e-09,1.7830926269733871e-11,0
3562,8.8852874069623082e-11,4.1929179394571692e-06,4.1888858718495181e-06,4.0320676076511107e-09,2.5799462522199157e-11,0
3563,4.1097695148791198e-10,1.6068887598952395e-05,1.6068068403912701e-05,8.1919503969399700e-10,5.4109011008292077e-11,0
3564,-7.8007936685628162e-10,2.7944247775973582e-05,2.7968636807395119e-05,-2.4389031421536800e-08,7.7786942981485575e-11,0
3565,-5.2295752470405808e-11,5.2819537305339066e-05,5.2833952249167540e-05,-1.4414943828473521e-08,4.1882482822275121e-11,0
3566,-6.9122649273778831e-10,3.2137126496646282e-05,3.2156259644253175e-05,-1.9133147606893621e-08,5.5335001815461598e-11,0
3567,-3.6910241478251907e-10,4.4013273464664840e-05,4.4039722385481690e-05,-2.6448920816850492e-08,8.8336641019620009e-11,0
3568,-6.3893073995768968e-10,-2.0682297984968246e-05,-2.0676810668884069e-05,-5.4873160841776409e-09,2.0588338565940959e-11,0
3569,-3.1680666220779621e-10,-8.8062313838331921e-06,-8.7955073463941135e-06,-1.0724037439078599e-08,1.9952314155999860e-11,0
3570,3.2212407764643406e-10,1.1876017287518713e-05,1.1877973273670192e-05,-1.9559861514795043e-09,4.5774421831586118e-11,0
3571,8.4997296382145507e-10,-3.0764750930515651e-06,-3.0691469684336657e-06,-7.3281246178993889e-09,5.5558612081301650e-11,0
3572,-1.9617548402346465e-10,-7.1532791540897950e-06,-7.1429539365074979e-06,-1.0325217582297062e-08,7.7612648201171483e-11,0
3573,1.1605826187189570e-10,-1.8328761889062871e-04,-1.8328234187785778e-04,-5.2770127709276908e-09,5.4326986367154642e-11,0
3574,7.5730936920562095e-10,1.7716788452316109e-05,1.7726530335262694e-05,-9.7418829465849191e-09,5.1691615784433857e-11,0
3575,-1.5991087934242764e-10,-5.7743244016809220e-06,-5.7617361247599050e-06,-1.2588276921016963e-08,3.6543881471883548e-11,0
3576,-1.0461484479392090e-09,-4.0767369602484615e-06,-4.0695522818618136e-06,-7.1846783866478999e-09,3.7425196386571472e-11,0
3577,-7.3391470206453347e-10,-1.8021111617832868e-04,-1.8020432236698122e-04,-6.7938113474514100e-09,2.5263909410031200e-11,0
3578,-9.2663594601030105e-11,2.0793176985952656e-05,2.0798286227007465e-05,-5.1092410548082433e-09,2.8113936468072290e-11,0
3579,-1.0098838432681196e-09,-2.6978875642923172e-06,-2.6947777487967727e-06,-3.1098154955444993e-09,2.1071272116409886e-11,0
3580,3.1223374609727969e-10,-1.7613437194416914e-04,-1.7613790786816084e-04,3.5359239917011169e-09,5.8019080813879273e-11,0
3581,9.5348485202793935e-10,2.4869994484657230e-05,2.4868039341470084e-05,1.9551431871465920e-09,3.3186546148650392e-11,0
3582,3.6264604805019850e-11,1.3789042867198452e-06,1.3784987366924228e-06,4.0555002742231376e-10,2.5514639129989049e-11,0
3583,6.4125110650956263e-10,2.0100441334628934e-04,2.0100648412575700e-04,-2.0707794676591042e-09,5.6479565120562850e-11,0
3584,-2.7596914125683438e-10,1.7751322251496806e-04,1.7751201365642476e-04,1.2088585432960732e-09,1.9154958059611571e-11,0
3585,-9.1722024813234947e-10,-2.3491108282180581e-05,-2.3493818594876935e-05,2.7103126963543846e-09,1.5248693099852669e-11,0
3586,-4.8052367753165848e-10,5.3396682439012244e-07,5.3605884091864410e-07,-2.0920165285216608e-09,7.7633546942389895e-12,0
3587,2.4049341312047481e-10,-3.7082449799742505e-05,-3.7098054416525881e-05,1.5604616783376009e-08,3.3242138203068995e-11,0
3588,4.4307168646252315e-11,6.9495241057059010e-06,6.9381616004079458e-06,1.1362505297955114e-08,7.8174044376502027e-12,0
3589,7.2101709101712757e-10,-3.7616506293674384e-05,-3.7634279288111151e-05,1.7772994436766757e-08,1.1317783603985637e-11,0
3590,5.2483084597963690e-10,6.4155366017414062e-06,6.4052305234430473e-06,1.0306078298358837e-08,8.1437666986665690e-12,0
3591,-1.9618624384013070e-10,4.4031924186168714e-05,4.4041474125583962e-05,-9.5499394152473872e-09,3.0392644187498618e-11,0
3592,3.0216460349397584e-10,-2.2305877672140068e-06,-2.2387883699654080e-06,8.2006027514012804e-09,4.6324096416604753e-11,0
3593,-3.4591863343609957e-11,5.4755866723751878e-07,5.4019850526982860e-07,7.3601619676901794e-09,2.7279475748690422e-11,0
3594,7.0378201397763000e-10,-3.7091867757584052e-05,-3.7093741138445413e-05,1.8733808613617090e-09,5.1529423503802900e-11,0
3595,6.9682278858295307e-10,1.5741854402116437e-05,1.5736271411188307e-05,5.5829909281303379e-09,1.4575751574306429e-11,0
3596,-6.2584562833564368e-11,6.9397589735750373e-06,6.9374357765983949e-06,2.3231969766423653e-09,2.3418009353231851e-11,0
3597,7.3837387818334482e-10,-3.7639505011453727e-05,-3.7634069992481001e-05,-5.4350189727256034e-09,1.6353898348992275e-11,0
3598,7.3141465307723295e-10,1.5194298928985790e-05,1.5195957695574638e-05,-1.6587665888480405e-09,1.6768612035136468e-11,0
3599,-2.7992696241831258e-11,6.3921585127524327e-06,6.4003525915409705e-06,-8.1940787885377971e-09,2.7399077880994321e-11,0
3600,-6.9592251162750116e-12,5.2833798101521246e-05,5.2834718091779835e-05,-9.1999025858915430e-10,2.9426944424054589e-11,0
3601,-7.6636657451719035e-10,4.4031649996055175e-05,4.4036431950983211e-05,-4.7819549280363107e-09,4.8094472713606829e-11,0
3602,-7.5940734953998858e-10,-8.8020788634752406e-06,-8.7995279576495445e-06,-2.5509058256960619e-09,1.5275725650938479e-11,0
3603,-4.3680088236279238e-10,5.0197988874876170e-06,5.0603529498908332e-06,-4.0554062403216158e-08,1.5611444043078592e-11,0
3609,2.9657113729447849e-10,-2.2305976605917904e-06,-2.2388260724967003e-06,8.2284119049098826e-09,3.9134446120051138e-11,0
3610,-1.8907934652845796e-10,-7.1745706251777341e-06,-7.1430204753664594e-06,-3.1550149811274762e-08,6.2560470189219932e-11,0
3611,-7.7861749432302319e-11,-1.8331025399918183e-04,-1.8328380398445758e-04,-2.6450014724245172e-08,4.7697846235386908e-11,0
3612,-1.9149463055507203e-10,-2.9870487866720530e-06,-2.9502933024989621e-06,-3.6755484173090861e-08,8.5513825580495051e-11,0
3613,1.1121759765751498e-10,-1.7613562018826924e-04,-1.7613926600367022e-04,3.6458154009872193e-09,1.8351885359762923e-11,0
3614,-2.4152838794083157e-12,4.1875802098927236e-06,4.1882311307074750e-06,-6.5092081475135496e-10,3.0701162843039998e-11,0
3615,-1.1363288147840330e-10,1.8032318071474745e-04,1.8032460421948037e-04,-1.4235047329259898e-09,1.8937870987353181e-11,0
3616,6.3328338293426551e-10,-3.7634476844817036e-05,-3.7634944008540337e-05,4.6716372330073922e-10,2.6308873714512910e-11,0
3617,7.1849620055571398e-10,1.5204253081217006e-05,1.5196133079553404e-05,8.1200016636020329e-09,1.7744562208965027e-11,0
3618,8.5212817561463601e-11,5.2838689625247029e-05,5.2835801627329029e-05,2.8879979179998903e-09,4.8701262257365507e-11,0
3619,3.3217327181744432e-10,3.5463856150851070e-06,3.5287499031152088e-06,1.7635711969898144e-08,7.0632948506335039e-11,0
3620,1.1344857631111279e-10,3.5182724821471861e-06,3.5267615393509120e-06,-8.4890572037258357e-09,3.8433056616224137e-11,0
3621,1.5512435450905908e-09,5.0713393701194015e-06,5.0781173678098657e-06,-6.7779976904641995e-09,1.7447259394931890e-11,0
3622,6.7912043326728244e-10,5.6415774932101759e-06,5.6148297416027463e-06,2.6747751607429554e-08,1.0686596251257858e-11,0
3623,-2.4600870659883261e-09,-4.0539362200549961e-06,-4.0828046623080874e-06,2.8868442253091254e-08,2.0058120064964878e-11,0
3624,-2.1444984615442841e-09,-1.8019598707519520e-04,-1.8021653620255783e-04,2.0549127362630122e-08,8.1456283642022878e-12,0
3625,-2.1796989611135613e-10,-3.2035582612129901e-05,-3.2037726027898918e-05,2.1434157690178161e-09,3.4047679805256926e-11,0
3626,-1.4096424535758427e-10,2.0799418685667898e-05,2.0798433073253101e-05,9.8561241479666823e-10,9.7200250155536964e-12,0
3627,-2.5033232400831064e-09,1.3299781198572447e-07,1.0696237187806977e-07,2.6035440107654700e-08,1.7697443400579749e-11,0
3628,1.5058073161658701e-09,1.2014683827511405e-05,1.2023418797677911e-05,-8.7349701665063773e-09,1.8064935837132531e-11,0
3629,-8.7212312133302268e-10,5.7026515649753751e-07,5.3287610281180817e-07,3.7389053685729338e-08,2.4179776035229074e-11,0
3630,-4.0113306151912892e-09,-9.1252153826132387e-06,-9.1653222297523476e-06,4.0106847139108860e-08,3.7492527915626082e-11,0
3631,-3.6957420151356310e-09,-1.8526729299249748e-04,-1.8529949564270178e-04,3.2202650204304732e-08,1.9050256564120535e-11,0
3632,-1.7692134462890366e-09,-3.7107019716879804e-05,-3.7115877346707294e-05,8.8576298274905900e-09,8.2447365693094526e-11,0
3633,-1.6922077944921956e-09,1.5728064500130506e-05,1.5715425561112626e-05,1.2638939017880444e-08,2.0775677045617305e-11,0
3634,-4.0545667905679198e-09,-4.9383634993169223e-06,-4.9758376344600818e-06,3.7474135143159522e-08,3.3097680741358458e-11,0
3635,-4.5436226341224248e-11,6.9433277468506326e-06,6.9384264276060179e-06,4.9013192446146096e-09,1.9953372606076935e-11,0
3636,-3.1392074848374018e-09,-9.6954975116469999e-06,-9.6940544027263075e-06,-1.4431089206924045e-09,2.4044306578097563e-11,0
3637,-2.8236188921870110e-09,-1.8583755975976057e-04,-1.8582815903490788e-04,-9.4007248526936128e-09,1.0553505982163318e-11,0
3638,-8.9709031761574528e-10,-3.7677285838474267e-05,-3.7648762667577857e-05,-2.8523170896409679e-08,3.0697953524439102e-11,0
3639,-8.2008466406856457e-10,1.5157840723305227e-05,1.5182483025388392e-05,-2.4642302083165163e-08,1.1805465836198518e-11,0
3640,-3.1824436622570783e-09,-5.5085687478322390e-06,-5.5103049957960992e-06,1.7362479638601840e-09,2.8307438934677090e-11,0
3641,8.2668691518697981e-10,6.3730722113814614e-06,6.4086234018271332e-06,-3.5551190445671785e-08,2.4300270502527383e-11,0
3642,3.1558859593174657e-10,-1.7614205400000044e-04,-1.7613686344619090e-04,-5.1905538095452838e-09,1.4540722269024838e-11,0
3643,2.3191228207172970e-09,2.4853385609532180e-05,2.4881446815570472e-05,-2.8061206038291694e-08,1.8960083339079474e-11,0
3644,-4.3236176511369142e-11,4.1869046910486280e-06,4.1880066287875088e-06,-1.1019377388808311e-09,2.3634501101650471e-11,0
3645,3.9658943950629427e-09,1.6068562205006232e-05,1.6101566480616491e-05,-3.3004275610259168e-08,3.5421742095182907e-11,0
3646,2.0035342221976632e-09,2.0099538947977030e-04,2.0101886583279675e-04,-2.3476353026451093e-08,9.9181868574441699e-12,0
3647,-3.5882477428006282e-10,1.8032893808561700e-04,1.8032199635696964e-04,6.9417286473606558e-09,1.1458110059390105e-11,0
3648,3.6503057926721371e-09,1.9221065264328247e-04,1.9224516475792542e-04,-3.4512114642948778e-08,1.7560008257753650e-11,0
3649,-2.2421171701712402e-09,2.7981715295576082e-05,2.7955082722420303e-05,2.6632573155778872e-08,7.2794344278725644e-11,0
3650,-1.9265285645817958e-09,-1.4816033002064931e-04,-1.4818207423318707e-04,2.1744212537765139e-08,4.2644626583242661e-11,0
3651,7.7005650430458894e-11,5.2835036879010145e-05,5.2836009488012027e-05,-9.7260900188181863e-10,4.9968449893461373e-11,0
3652,-2.2853533439616047e-09,3.2168575568189417e-05,3.2141794247484902e-05,2.6781320704514892e-08,6.7972398013410718e-11,0
3653,1.7237772102500346e-09,4.4050399234819154e-05,4.4059548379048164e-05,-9.1491442290097744e-09,7.5627878174402196e-11,0
3654,-2.3623589942982070e-09,-2.0666408917697360e-05,-2.0693353052333340e-05,2.6944134635980199e-08,1.7319530559011422e-11,0
3655,1.6467715592995081e-09,-8.7847077954866792e-06,-8.7776496747134703e-06,-7.0581207732089648e-09,1.8855031369705319e-11,0
3656,4.0091305710097878e-09,1.1881683200418592e-05,1.1912368812540579e-05,-3.0685612121986598e-08,3.3218660044700024e-11,0
3657,-1.0096383415859291e-09,-5.5147554650584324e-06,-5.4905527092560215e-06,-2.4202755802410887e-08,3.0905336453387118e-11,0
3658,1.0903998083044514e-09,-3.0361028568078041e-06,-3.0668693148861778e-06,3.0766458078373701e-08,2.8271443869818205e-11,0
3659,5.5831803907563985e-11,-7.1453787957292264e-06,-7.1410158789109510e-06,-4.3629168182753950e-09,3.4684357745101133e-11,0
3660,4.5240742156330325e-10,-1.8327171584349173e-04,-1.8327847436272972e-04,6.7585192379930343e-09,2.4386714565999131e-11,0
3661,9.7333383001006791e-10,1.7731114121172578e-05,1.7729455273638351e-05,1.6588475342268854e-09,1.7723173309967133e-11,0
3662,1.1866947450021373e-10,-5.7655538322677223e-06,-5.7592725695806648e-06,-6.2812626870574866e-09,1.4760775268612775e-11,0
3663,-1.0345680062546138e-09,-4.1092513733131941e-06,-4.0699438159032649e-06,-3.9307557409929196e-08,4.0634644266854661e-11,0
3664,-6.3799238832033623e-10,-1.8023565079706896e-04,-1.8020269097476736e-04,-3.2959822301596763e-08,2.6262706250442369e-11,0
3665,-1.1706597822829997e-10,2.0767216358913952e-05,2.0798794565266623e-05,-3.1578206352670399e-08,2.0682711669348565e-11,0
3666,-9.7173033568457143e-10,-2.7294460527831771e-06,-2.6946585037204347e-06,-3.4787549062742389e-08,1.8386502195908452e-11,0
3667,3.9657561760637450e-10,-1.7612639462474128e-04,-1.7613587761794152e-04,9.4829932002370079e-09,2.3822228319736654e-11,0
3668,9.1750202576595085e-10,2.4876501096835965e-05,2.4868949491424846e-05,7.5516054111195478e-09,2.7773570611119263e-11,0
3669,6.2837670597015447e-11,1.3798209727077047e-06,1.3790512638103581e-06,7.6970889734657115e-10,1.7016266805942320e-11,0
3670,5.2092640928662405e-10,2.0100288577541399e-04,2.0100538727273428e-04,-2.5014973202921748e-09,1.6328728122349079e-11,0
3671,-3.3373794722021136e-10,1.7750619640691159e-04,1.7751053917856266e-04,-4.3427716510781658e-09,1.0424360696976262e-11,0
3672,-8.5466435659363633e-10,-2.3496682718265188e-05,-2.3494232598853978e-05,-2.4501194112103359e-09,1.1954621258434119e-11,0
3673,1.6299357571982437e-09,-3.0522357468386330e-06,-3.0619531584506653e-06,9.7174116120323801e-09,1.9339532691965084e-11,0
3674,1.2105159574112176e-09,1.9911186843334268e-06,2.0059861196847187e-06,-1.4867435351291867e-08,2.9099543304464781e-11,0
3675,6.2294941899101285e-10,-7.1294511476780592e-06,-7.1359040571819845e-06,6.4529095039253368e-09,2.0443195274900573e-11,0
3676,1.5135507918942184e-09,-3.5102821486101762e-05,-3.5097663249864114e-05,-5.1582362376478862e-09,4.6654352063243839e-11,0
3677,1.4295242644812111e-09,1.7727731279610151e-05,1.7733721350586608e-05,-5.9900709764572574e-09,1.5092511055877551e-11,0
3678,7.5390664009602456e-10,-2.9275288470024391e-06,-2.9417245409286706e-06,1.4195693926231535e-08,2.2681860990647755e-11,0
3679,8.6505920417972498e-10,8.9273398964707148e-06,8.9368950995373154e-06,-9.5552030666006161e-09,2.2956450679528515e-11,0
3680,-4.1941980084609562e-10,5.0433851809424113e-06,5.0599897101756263e-06,-1.6604529233215058e-08,1.9939913722637041e-11,0
3681,-1.0069863403553290e-09,-4.0772924707393673e-06,-4.0697545801721539e-06,-7.5378905672134384e-09,2.2069713023706945e-11,0
3682,-1.1638496540944314e-10,-3.2050599139605597e-05,-3.2036874910146518e-05,-1.3724229459079239e-08,3.4471249195399217e-11,0
3683,-2.0041149294121453e-10,2.0779959630156872e-05,2.0798127285191738e-05,-1.8167655034866603e-08,1.3717179726461460e-11,0
3684,-8.7602911901514711e-10,1.2464627182484775e-07,1.2169995257243709e-07,2.9463192524106545e-09,2.7901099574604011e-11,0
3685,-7.6487655478837970e-10,1.1979557022673282e-05,1.2002978414045182e-05,-2.3421391371899818e-08,1.7831512531422820e-11,0
3686,-5.8756653879212064e-10,-9.1205646915370683e-06,-9.1341468177054347e-06,1.3582126168366356e-08,3.0336925853986445e-11,0
3687,3.0303483479886666e-10,-3.7094004528498339e-05,-3.7096843312105869e-05,2.8387836075301166e-09,6.3504313110792069e-11,0
3688,2.1900830734135750e-10,1.5736571303908830e-05,1.5733294772609401e-05,3.2765312994288232e-09,2.1450798332734354e-11,0
3689,-4.5660931760731195e-10,-4.9186552973871228e-06,-4.9429478711379607e-06,2.4292573750837934e-08,3.4187920921524712e-11,0
3690,-3.4545675347421644e-10,6.9362038489350492e-06,6.9361727046260072e-06,3.1144309041984154e-11,1.9263047510582818e-11,0
3691,8.0657484705049121e-10,2.4857239491210374e-05,2.4868094247936759e-05,-1.0854756726384925e-08,2.4647566462673175e-11,0
3692,1.3095722129601586e-10,4.2019813904213034e-06,4.1896994413657445e-06,1.2281949055558933e-08,1.9223962701282349e-11,0
3693,2.4210978550030885e-10,1.6056796556281408e-05,1.6068116074990053e-05,-1.1319518708644780e-08,2.5590536494529688e-11,0
3694,-8.9060137431562812e-10,2.7973359963522461e-05,2.7967279550982238e-05,6.0804125402227091e-09,4.9459483907726764e-11,0
3695,-8.4026527496475262e-11,5.2830499549663158e-05,5.2834845253958673e-05,-4.3457042955144325e-09,5.6698930273199595e-11,0
3696,-7.5964415304803457e-10,3.2175330133821060e-05,3.2155672990582810e-05,1.9657143238250110e-08,4.7545987822118477e-11,0
3697,-6.4849158886595322e-10,4.4030177517384930e-05,4.4038254702509247e-05,-8.0771851243170234e-09,5.4669811185999540e-11,0
3698,-6.7561762516183609e-10,-2.0655323048881548e-05,-2.0678316786142661e-05,2.2993737261113232e-08,2.7232523130539710e-11,0
3699,-5.6446506100926533e-10,-8.8004176266960263e-06,-8.7977489002839403e-06,-2.6687264120860230e-09,2.1649566847292539e-11,0
3700,1.1115256422420531e-10,1.1854864115182565e-05,1.1877231785794248e-05,-2.2367670611682963e-08,2.8482989169378557e-11,0
3701,-9.4481008781509392e-11,-1.8582016488344084e-04,-1.8580302161015663e-04,-1.7143273284210862e-08,1.4405514560386921e-11,0
3702,-1.1282167592098130e-10,-8.3031388295297728e-06,-8.2975246766703511e-06,-5.6141528594217391e-09,1.1601866773369585e-11,0
3703,-1.8340667337746360e-11,1.7751699937302396e-04,1.7751323550459723e-04,3.7638684267297766e-09,9.4262310661604391e-12,0
3704,3.5066672958439613e-10,3.5366896558091873e-06,3.5289180218601694e-06,7.7716339490179017e-09,3.6700861282898780e-11,0
3705,-5.1465583474673675e-10,5.6054554464120276e-06,5.6038775007446258e-06,1.5779456674018777e-09,2.3120093010517377e-11,0
3706,-4.8066463167208928e-10,-1.8019801304549644e-04,-1.8020099673339907e-04,2.9836879026224738e-09,1.7893735952639723e-11,0
3707,2.1316918202678256e-10,2.0802645355614754e-05,2.0802050500685178e-05,5.9485492957610893e-10,1.9859206841277654e-11,0
3708,-2.3904058296006622e-10,-2.6703416531864005e-06,-2.6880769599701988e-06,1.7735306783798356e-08,1.4592550041569975e-11,0
3709,3.3991203591248914e-11,-1.8580345364084473e-04,-1.8580170818554699e-04,-1.7454552977394424e-09,2.2928576830577498e-11,0
3710,7.2782501665131253e-10,1.5197185332816961e-05,1.5197160771812530e-05,2.4561004431303398e-11,2.1590289157147445e-11,0
3711,2.7561525239183225e-10,-8.2757831374891816e-06,-8.2939866373261012e-06,1.8203499836919564e-08,1.9226244562931489e-11,0
3712,6.9383381302062050e-10,2.0100060464018011e-04,2.0100695807615231e-04,-6.3534359722068612e-09,1.5405728506329749e-11,0
3713,2.4162404881025267e-10,1.7752765517376791e-04,1.7751543957754854e-04,1.2215596219370415e-08,1.2006985453496050e-11,0
3714,-4.5220976435981258e-10,-2.3473009526700159e-05,-2.3490915651345948e-05,1.7906124645788985e-08,1.4689263903165305e-11,0
3715,3.2851020547292916e-10,1.9781464121286507e-06,1.9977976796331443e-06,-1.9651267504493602e-08,2.8677469806971777e-11,0
3716,1.7239704542661606e-10,8.9164460117616834e-06,8.9308649614735369e-06,-1.4418949711853522e-08,2.2357696763203804e-11,0
3717,-1.5611316019805406e-10,6.9383321064488482e-06,6.9383288250946669e-06,3.2813541812586468e-12,1.6018398391962586e-11,0
3718,-2.3116500709208840e-10,5.6173865698953135e-06,5.6064325822041113e-06,1.0953987691202217e-08,1.4724537176136027e-11,0
3719,-5.6275543476085450e-10,-4.0724243910127134e-06,-4.0658871862221397e-06,-6.5372047905736747e-09,2.2461920546053807e-11,0
3720,-5.9149994216564871e-10,-1.8021020173975867e-04,-1.8020191296543449e-04,-8.2887743241863258e-09,1.1479170188480959e-11,0
3721,1.3723796685679583e-11,-3.2035658693870201e-05,-3.2035769630845451e-05,1.1093697525009754e-10,4.5912470275878225e-11,0
3722,6.8892396989121219e-11,2.0804172835226734e-05,2.0800826747565570e-05,3.3460876611638823e-09,1.0161515321197688e-11,0
3723,-6.0381828342877105e-10,1.1468017082315318e-07,1.2411490216688453e-07,-9.4347313437313517e-09,1.7768214174134764e-11,0
3724,-6.0382092975426532e-10,-2.6946139963252708e-06,-2.6914204496150930e-06,-3.1935467101777442e-09,6.5233126533340483e-12,0
3725,-3.3159042699908644e-10,-9.6898334670247888e-06,-9.6686852351867955e-06,-2.1148231837993242e-08,2.5634773649839783e-11,0
3726,-3.6033493466199363e-10,-1.8582761692292893e-04,-1.8580518851338626e-04,-2.2428409542671161e-08,1.5062386043948537e-11,0
3727,2.4488880405249663e-10,-3.7653061445356087e-05,-3.7638175763478710e-05,-1.4885681877376737e-08,4.1254301312999180e-11,0
3728,3.0005740439162150e-10,1.5186778730534416e-05,1.5193405780591042e-05,-6.6270500566264221e-09,1.4848877002904416e-11,0
3729,-3.7265327571965014e-10,-5.5027128894567789e-06,-5.4847622306963161e-06,-1.7950658760462822e-08,1.5980462024624803e-11,0
3730,-3.7265592204648170e-10,-8.3120003687153776e-06,-8.2998749577177618e-06,-1.2125410997615834e-08,5.6544688873955511e-12,0
3731,-2.8744506987451285e-11,-1.7613774934482906e-04,-1.7613915281099993e-04,1.4034661708619764e-09,1.9956988547008718e-11,0
3732,6.3164783234050200e-10,2.4876612781013496e-05,2.4866929853545557e-05,9.6829274679396406e-09,1.4193464404506927e-11,0
3733,-4.1062848581604558e-11,4.1871642064725354e-06,4.1882526885067405e-06,-1.0884820342051138e-09,2.5051091400195270e-11,0
3734,-4.1065494909042623e-11,1.3778303276420351e-06,1.3782522243936538e-06,-4.2189675161875747e-10,9.7916126332160381e-12,0
3735,6.6039233944360132e-10,2.0101437534019925e-04,2.0100665370654971e-04,7.7216336495395527e-09,9.9673801885009572e-12,0
3736,-1.2318341823554598e-11,1.8032488472391256e-04,1.8032456141746887e-04,3.2330644368291916e-10,1.9112255213211211e-11,0
3737,-1.2320988148739273e-11,1.7751560135655922e-04,1.7751301685082902e-04,2.5845057301980903e-09,7.1289580408810002e-12,0
3738,-5.7647923148875671e-10,2.7963168433730277e-05,2.7970039378069441e-05,-6.8709443391633653e-09,5.5990028413364449e-11,0
3739,-6.0522373886828407e-10,-1.4817452903580046e-04,-1.4816943032992875e-04,-5.0987058717070436e-09,5.7810140417052770e-11,0
3740,5.5168600297552087e-11,5.2839801118248399e-05,5.2836431588202663e-05,3.3695300457364428e-09,4.0419204299191642e-11,0
3741,-6.1754208014920765e-10,3.2150241754324779e-05,3.2156974392617192e-05,-6.7326382924130269e-09,5.8201514762010572e-11,0
3742,-6.1754472647948250e-10,2.9341054974315467e-05,2.9339566960313040e-05,1.4880140024274287e-09,3.6787499017682912e-11,0
3743,-6.7271068033611841e-10,-2.0689502055254091e-05,-2.0678608906053167e-05,-1.0893149200924475e-08,1.5158786203690796e-11,0
3744,-6.7271332666590099e-10,-2.3498785920452250e-05,-2.3493038384170537e-05,-5.7475362817132757e-09,5.9585124783831950e-12,0
3746,4.9703763119662570e-10,-3.0769412113895841e-06,-3.0722104939824683e-06,-4.7307174071158745e-09,2.8364504426692581e-11,0
3747,-2.9628006751844698e-10,-7.1691883312130500e-06,-7.1444197501574105e-06,-2.4768581055639494e-08,5.9165817002786781e-11,0
3748,-1.6233059190361229e-10,-1.8330355510002075e-04,-1.8328359704714435e-04,-1.9958052876399264e-08,1.4308240139502074e-11,0
3749,4.6811174107737643e-10,-3.5123049210034236e-05,-3.5107082444893483e-05,-1.5966765140753127e-08,1.0016215883824762e-10,0
3750,4.9528586796874164e-10,1.7714535743216121e-05,1.7725662184340653e-05,-1.1126441124531924e-08,2.2230581397622470e-11,0
3751,-7.9331769871122293e-10,-4.0922796363113134e-06,-4.0680363758493150e-06,-2.4243260461998376e-08,2.2240223743066117e-11,0
3752,-6.5936822310037664e-10,-1.8022656707385697e-04,-1.8020244859721484e-04,-2.4118476642123830e-08,2.2756821849910903e-11,0
3753,-2.8925890116255233e-11,-3.2046210889557537e-05,-3.2036181467589561e-05,-1.0029421967976343e-08,2.5648407532996782e-11,0
3754,-1.7517632242387322e-12,2.0791552428290651e-05,2.0800262751637946e-05,-8.7103233472952447e-09,8.1065591468242881e-12,0
3755,1.3394947640763698e-10,-1.7613441381974615e-04,-1.7613753846866832e-04,3.1246489221720391e-09,4.8797699337774697e-11,0
3756,7.9156593537202239e-10,2.4883871840774771e-05,2.4868516148094588e-05,1.5355692680183222e-08,1.6665099871605094e-11,0
3757,6.5761645908127851e-10,2.0101811770949218e-04,2.0100662814881361e-04,1.1489560678573391e-08,1.3899660711329768e-11,0
3758,-7.6439180860752455e-10,2.7953998328257568e-05,2.7968301313243311e-05,-1.4302984985743738e-08,9.1463356378371074e-11,0
3759,-6.3044233288853371e-10,-1.4818031832165672e-04,-1.4816955781663950e-04,-1.0760505017218648e-08,5.5236192868391520e-11,0
3760,2.7174126860283921e-11,5.2837875025328910e-05,5.2836276986271288e-05,1.5980390576222697e-09,2.7078359633985748e-11,0
3761,3.6106536847659938e-10,3.5558411271112422e-06,3.5290125529176863e-06,2.6828574193555920e-08,6.7267043483316420e-11,0
3762,7.0937822777800230e-11,1.5726730371604537e-05,1.5732831668330874e-05,-6.1012967263369706e-09,2.7134996009054218e-11,0
3763,-2.3966369811655371e-10,6.9067288746690533e-06,6.9379795530831940e-06,-3.1250678414140709e-08,3.0497612628882229e-11,0
3764,-3.1060152085915393e-10,-8.8200598202413036e-06,-8.7954366473701129e-06,-2.4623172871190681e-08,2.5025268918735582e-11,0
3765,-2.9999555654369387e-10,5.5504564669016029e-06,5.6057595385087095e-06,-5.5303071607106572e-08,3.2665910450118208e-11,0
3767,-4.2524706435727080e-10,-1.8026476361151199e-04,-1.8020020559339839e-04,-6.4558018113600830e-08,3.7197089088337033e-11,0
3769,-1.2525150815325134e-10,-1.8581528827112982e-04,-1.8580282744231092e-04,-1.2460828818897140e-08,3.8874773292820004e-11,0
3770,-3.8675487877214663e-11,-1.7614026347056652e-04,-1.7613891694886037e-04,-1.3465217061476263e-09,4.3555516758565120e-11,0
3771,2.8619207719079857e-10,3.5339206749841756e-06,3.5283319012017850e-06,5.5887737823906039e-09,5.2878780472004705e-11,0
3772,3.4291338739754267e-10,-2.2262333360754255e-06,-2.2383028908349944e-06,1.2069554759568906e-08,4.7787878344714176e-11,0
3773,5.6721309993742029e-11,-5.7600646409883619e-06,-5.7598921935587483e-06,-1.7244742961353924e-10,8.2073476143931563e-12,0
3774,-2.4447827194670248e-10,6.9285586871310756e-06,6.9381454459126307e-06,-9.5867587815550909e-09,1.3353938196604564e-11,0
3775,-3.9908318240031527e-10,5.6054103071937096e-06,5.6048299477789836e-06,5.8035941472601982e-10,1.6787600553725793e-11,0
3776,-2.8059145871970381e-10,-4.0548837403307780e-06,-4.0635284270062765e-06,8.6446866754985132e-09,3.0416592243579591e-11,0
3777,-5.1045935867661613e-10,-1.8020080397602046e-04,-1.8020086089182491e-04,5.6915804453336674e-11,1.7798266703090114e-11,0
3778,6.5631512805073439e-11,-3.2034300678656464e-05,-3.2035391269436305e-05,1.0905907798410409e-09,7.2390224448567608e-11,0
3779,1.5544815087838795e-10,2.0803782345011484e-05,2.0801916825094718e-05,1.8655199167665233e-09,1.6265011288261410e-11,0
3780,-3.6741114914608453e-10,1.2850682011740500e-07,1.2619204667350658e-07,2.3147734438984173e-09,3.5082411644510530e-11,0
3781,1.1849172415194934e-10,-9.6603142741681983e-06,-9.6646898128918027e-06,4.3755387236044747e-09,2.8962746829015168e-11,0
3782,-1.1137617591788063e-10,-1.8580623750199827e-04,-1.8580256492786615e-04,-3.6725741321230569e-09,1.7116068844863453e-11,0
3783,4.6471469525268819e-10,-3.7639706101372803e-05,-3.7636049156186801e-05,-3.6569451860012916e-09,5.3021669290183394e-11,0
3784,5.5453133332114368e-10,1.5198332652439949e-05,1.5196180813026726e-05,2.1518394132225384e-09,1.4720967155296550e-11,0
3785,3.1672033711600000e-11,-5.4768197105233354e-06,-5.4810867727223732e-06,4.2670621990377683e-09,3.5569965180266630e-11,0
3786,-2.2986790032256881e-10,-1.7614584568249533e-04,-1.7614045645514072e-04,-5.3892273546086219e-09,2.0385907038942186e-11,0
3787,4.3603960825712129e-10,2.4858685681512435e-05,2.4865665439913716e-05,-6.9797584012807430e-09,2.8398700258446304e-11,0
3788,-8.6819690459514617e-11,4.1834566218770797e-06,4.1879779413405800e-06,-4.5213194635003036e-09,2.4431494512625649e-11,0
3789,6.6590750984769299e-10,2.0100457148512166e-04,2.0100670259110166e-04,-2.1311059799993502e-09,1.4901556225582326e-11,0
3790,1.4304820942303754e-10,1.8032935615494572e-04,1.8032560880759118e-04,3.7473473545404385e-09,2.2016620592878084e-11,0
3791,-3.4622297138684353e-10,2.7979297987827147e-05,2.7972017015638480e-05,7.2809721886663470e-09,8.0387158122285969e-11,0
3793,8.9816638069108566e-11,5.2838216625245666e-05,5.2837133833670033e-05,1.0827915756332347e-09,7.9491425534798106e-11,0
3794,-4.3304266182304516e-10,3.2162901198836552e-05,3.2158663198971353e-05,4.2379998651994591e-09,7.7512384803689335e-11,0
3795,-5.2285929958310436e-10,-2.0675259535275162e-05,-2.0677631018076122e-05,2.3714828009592948e-09,2.8040707482265951e-11,0
3796,2.4312955512029760e-10,3.5268070402781453e-06,3.5279404321073325e-06,-1.1333918291872103e-09,2.5795569606747706e-11,0
3797,3.1057050829853445e-10,-2.2353097309159992e-06,-2.2385849990154676e-06,3.2752680994684560e-09,1.5412784192584778e-11,0
3798,6.7440953109556352e-11,-5.7621551037591312e-06,-5.7598064258908112e-06,-2.3486778683199801e-09,3.1987528865424879e-12,0
3799,3.1797073370554548e-10,5.0984296685457897e-06,5.0661107873112981e-06,3.2318881234491627e-08,2.8365239302790283e-11,0
3800,-5.4030320978576489e-10,5.6021962197561059e-06,5.6035242650725205e-06,-1.3280453164145323e-09,2.1795277187603990e-11,0
3801,-2.3540093371047124e-10,-1.8019431351375386e-04,-1.8019826974079433e-04,3.9562270404678614e-09,1.3784807000296330e-11,0
3802,1.9192306129569652e-10,2.0805860654038097e-05,2.0802335592971362e-05,3.5250610667345592e-09,1.2800527108073683e-11,0
3803,-8.5827394211212385e-10,5.0377604336737658e-07,5.3361949388578825e-07,-2.9843450518411668e-08,3.7784859307938215e-11,0
3804,-5.5337166564780267e-10,-1.8529270406826819e-04,-1.8526919593649566e-04,-2.3508131772535367e-08,2.7956111166666444e-11,0
3805,-1.2604767205963814e-10,1.5707434869849553e-05,1.5731511482043489e-05,-2.4076612193936432e-08,2.5009437136277267e-11,0
3806,3.0490227594595243e-10,-1.8579650587783984e-04,-1.8579867704267877e-04,2.1711648389257428e-09,1.5208065858226591e-11,0
3807,7.3222627141060360e-10,1.5203669793434349e-05,1.5197928932927035e-05,5.7408605073136482e-09,1.7097885117304530e-11,0
3808,4.2732399443471422e-10,2.0100017954324795e-04,2.0100453333640918e-04,-4.3537931612258433e-09,1.2160820222003631e-11,0
3809,-4.5097697990681254e-10,5.5992156679264549e-06,5.6043168271050761e-06,-5.1011591786212837e-09,1.5666599055128179e-11,0
3810,-2.9340370826448768e-10,-1.8020026963810301e-04,-1.8019871635478889e-04,-1.5532833141181004e-09,8.9707672914169391e-12,0
3811,7.7694628917445677e-11,-3.2031262410103269e-05,-3.2035332418555716e-05,4.0700084524470282e-09,3.9096360118951899e-11,0
3812,1.4850390214270214e-10,2.0813180220333183e-05,2.0802018450690765e-05,1.1161769642417435e-08,1.5469511075699471e-11,0
3813,-1.6003243280084703e-10,1.5579936132360805e-07,1.2803816574831323e-07,2.7761195575294824e-08,1.9126766879453132e-11,0
3814,1.5757327129536858e-10,-1.8579945686302436e-04,-1.8579992418028124e-04,4.6731725688578182e-10,1.3387629748764766e-11,0
3815,5.2867160903255482e-10,-3.7630587639425270e-05,-3.7635398068044918e-05,4.8104286196482948e-09,4.1596211261143673e-11,0
3816,5.9948088228232787e-10,1.5213967363442854e-05,1.5196840287341436e-05,1.7127076101418408e-08,1.7710431233807550e-11,0
3817,2.9094454662320015e-10,-5.4434565645283123e-06,-5.4787298807322783e-06,3.5273316203966046e-08,3.2799828661958610e-11,0
3818,4.4190761051044461e-10,2.0101344367432546e-04,2.0100466559154687e-04,8.7780827785907071e-09,1.5002914572580959e-11,0
3819,1.3337127543699925e-10,1.8035607220403573e-04,1.8032532251656476e-04,3.0749687470968011e-08,1.1742748813629637e-11,0
3820,-3.7109833697937136e-10,-1.4816902927818065e-04,-1.4816669302110481e-04,-2.3362570758446877e-09,4.7596253507704659e-11,0
3821,7.0809273214693176e-11,5.2844536453501220e-05,5.2837171462597425e-05,7.3649909037947197e-09,7.6691077146197585e-11,0
3822,-2.3772706146827123e-10,3.2187088036030216e-05,3.2160445046398365e-05,2.6642989631850867e-08,7.9379736629405804e-11,0
3823,-3.0853633442276800e-10,-2.0657348130504339e-05,-2.0675891511920006e-05,1.8543381415667484e-08,3.2587444262978351e-11,0
3824,-1.2297888386578491e-10,-7.1497784293796801e-06,-7.1430543668490626e-06,-6.7240625306175573e-09,3.8833166279845795e-11,0
3825,-9.8815786861187932e-11,-5.7703622817865952e-06,-5.7613303473635943e-06,-9.0319344230008918e-09,1.5738815484086803e-11,0
3826,2.4163097085460845e-11,1.3794483226725260e-06,1.3790636073041868e-06,3.8471536833922372e-10,1.5519643704532859e-11,0
3827,3.1054346447714893e-11,6.9530016723997126e-06,6.9411459137032723e-06,1.1855758696440302e-08,2.4162183786545272e-11,0
3828,1.6301849863515663e-10,1.5147336473581713e-05,1.5193021871605762e-05,-4.5685398024048976e-08,1.8161611399335171e-11,0
3829,1.2896692092277147e-10,3.5147444616620560e-06,3.5269026121915267e-06,-1.2158150529470644e-08,3.5469235690442571e-11,0
3830,3.5307112270988306e-10,-2.2412002456453635e-06,-2.2381717904490947e-06,-3.0284551962687589e-09,5.6756740085401666e-11,0
3831,2.2410420181924001e-10,-5.7558274838536566e-06,-5.7584085738978662e-06,2.5810900442096115e-09,9.4282412406899184e-12,0
3832,1.5932336718345967e-09,5.0708467097485693e-06,5.0774548504902148e-06,-6.6081407416454855e-09,1.8544041708656414e-11,0
3833,-2.4819567276701504e-09,-4.0590389775527896e-06,-4.0837864154879801e-06,2.4747437935190416e-08,1.7358527038030073e-11,0
3834,-2.2228127139447172e-09,-1.8019576912951113e-04,-1.8021605137934457e-04,2.0282249833439682e-08,1.0403681427411384e-11,0
3835,-1.8641370391051405e-10,-3.2036106058757306e-05,-3.2037794048973585e-05,1.6879902162790354e-09,3.7985649265649517e-11,0
3836,-8.7564118784167238e-11,2.0800425402464195e-05,2.0800069230749521e-05,3.5617171467342652e-10,8.2368999759243422e-12,0
3837,-2.5438630328627199e-09,1.2906720366252789e-07,1.0632073335683113e-07,2.2746470305696753e-08,1.6381490512305704e-11,0
3838,1.5723498226702936e-09,1.2016282111778492e-05,1.2025013199041551e-05,-8.7310872630590240e-09,1.7456933444181129e-11,0
3839,-4.0751904025757713e-09,-9.1299121434324816e-06,-9.1656528818382524e-06,3.5740738405770820e-08,3.5284690594793583e-11,0
3840,-3.8160463934327889e-09,-1.8526665801056196e-04,-1.8529831329000901e-04,3.1655279447050577e-08,2.1095102876292242e-11,0
3841,-1.7796473806636595e-09,-3.7106889983134356e-05,-3.7115011838936345e-05,8.1218558019895896e-09,8.8783668821424690e-11,0
3842,-1.6807977945521684e-09,1.5729553721003861e-05,1.5717956418160854e-05,1.1597302843006766e-08,1.7453493687574758e-11,0
3843,-4.1370967089851703e-09,-4.9416965447589972e-06,-4.9756964762358445e-06,3.3999931476847231e-08,3.0194710605905624e-11,0
3844,-2.0883846385721477e-11,6.9454484593247517e-06,6.9409727191126384e-06,4.4757402121133584e-09,1.9868541649343647e-11,0
3845,2.5914400712758309e-10,-1.7613670717218878e-04,-1.7613538532761680e-04,-1.3218445719779832e-09,1.4156659081768262e-11,0
3846,2.3943926076540846e-09,2.4859495396349282e-05,2.4884080923253857e-05,-2.4585526904575238e-08,1.4746869253192531e-11,0
3847,-6.1906306922353916e-11,4.1881389685373015e-06,4.1883728052743480e-06,-2.3383673704650121e-10,2.0089469241704765e-11,0
3848,4.0543065586793675e-09,1.6075371104231002e-05,1.6104339105520177e-05,-2.8968001289175700e-08,3.2803615394943683e-11,0
3849,2.1352485991905695e-09,2.0099620175982082e-04,2.0102005845825643e-04,-2.3856698435617335e-08,8.1187013647284243e-12,0
3850,-3.2105031529541903e-10,1.8032483330560718e-04,1.8032095459502191e-04,3.8787105852719581e-09,1.3133902440552608e-11,0
3851,3.7951625478257185e-09,1.9221207258147337e-04,1.9224623393551633e-04,-3.4161354042967253e-08,1.9092218363680008e-11,0
3852,-2.2955430243231345e-09,2.7977064984684510e-05,2.7954158515408658e-05,2.2906469275852254e-08,5.8598685985591652e-11,0
3853,-2.0363990091099078e-09,-1.4815965645623846e-04,-1.4818157570494414e-04,2.1919248705670876e-08,4.7913367583246301e-11,0
3854,9.8849584846221488e-11,5.2836521008444077e-05,5.2837677726157505e-05,-1.1567177134275759e-09,4.3430305350917184e-11,0
3855,-2.3574493291229649e-09,3.2165233200686857e-05,3.2141182769028430e-05,2.4050431658427279e-08,6.2942644075199512e-11,0
3856,1.7587635241805001e-09,4.4052478989356145e-05,4.4061200133607370e-05,-8.7211442512249516e-09,8.1690552201037808e-11,0
3857,-2.4562989138584177e-09,-2.0671309184519884e-05,-2.0695665681992711e-05,2.4356497472826695e-08,1.4517629751086966e-11,0
3858,1.6599139386849266e-09,-8.7841319951469793e-06,-8.7775179633603747e-06,-6.6140317866045998e-09,1.7445726678335730e-11,0
3859,4.1162128653969251e-09,1.1887203025200902e-05,1.1914805626147009e-05,-2.7602600946106650e-08,2.8923903755581429e-11,0
3860,1.6485667833961417e-09,-3.0255040255871418e-06,-3.0616520464923080e-06,3.6148020905166175e-08,3.2234934603187482e-11,0
3861,6.0424292928969070e-10,-7.1336345551283736e-06,-7.1365794056669496e-06,2.9448505385760158e-09,2.9885551856092433e-11,0
3862,1.4674518128658369e-09,1.7733266604091913e-05,1.7735442424834827e-05,-2.1758207429145072e-09,1.8033183629605315e-11,0
3863,7.2892696972904782e-10,-2.9361598351037438e-06,-2.9420003664891490e-06,5.8405313854052570e-09,3.2025161868291330e-11,0
3867,8.6320888510735497e-10,2.4866946896569958e-05,2.4870380795351561e-05,-3.4338987816028054e-09,2.9741527272476791e-11,0
3868,1.2468404060970925e-10,4.1976409154570460e-06,4.1901293524122337e-06,7.5115630448123287e-09,4.0722818097316837e-11,0
3869,-7.3852484441602054e-10,-2.0669380076547561e-05,-2.0680214037089473e-05,1.0833960541911685e-08,3.2080086035987874e-11,0
3870,-3.5056762068657527e-11,-1.8581169928177845e-04,-1.8580127990560450e-04,-1.0419376173946603e-08,2.0128680062137740e-11,0
3871,-2.8973712873083800e-11,-8.2945685867048986e-06,-8.2967057153096001e-06,2.1371286047014291e-09,1.7641234738853225e-11,0
3872,6.0830490528183181e-12,1.7751715903182056e-04,1.7751214315724266e-04,5.0158745779082820e-09,1.1789805043874530e-11,0
3873,6.4420761823206599e-10,1.9868578366600415e-06,1.9999505891214414e-06,-1.3092752461399914e-08,2.3656587634226088e-11,0
3874,1.1219158680248044e-09,1.7755389611909950e-05,1.7732401671902796e-05,2.2987940007153525e-08,1.6406173594911317e-11,0
3875,3.9176230500478238e-10,8.9260093042633354e-06,8.9339813252386874e-06,-7.9720209753519867e-09,1.7580629455838521e-11,0
3876,4.7770824985568517e-10,1.5768565750187355e-05,1.5738012824607848e-05,3.0552925579506473e-08,2.5478986618237218e-11,0
3877,-2.5244531322859981e-10,6.9391243609721182e-06,6.9392830988097018e-06,-1.5873783758360040e-10,2.1190899255253896e-11,0
3878,-7.3015356405635191e-10,-8.8293785246371104e-06,-8.7992431962251227e-06,-3.0135328411987690e-08,2.4196356065543906e-11,0
3879,2.9785456464529208e-11,4.1938629875195449e-06,4.1893111407630725e-06,4.5518467564723640e-09,1.4983770423335797e-11,0
3880,2.9790765611148576e-11,1.3847332780499329e-06,1.3792752970079593e-06,5.4579810419735850e-09,6.7728420989200887e-12,0
3882,-5.3622695891308015e-10,5.5990649708917428e-06,5.6034182198628434e-06,-4.3532489711005487e-09,4.0038453981299675e-12,0
3883,-6.9247028573171124e-11,-1.8016348589264264e-04,-1.8019616657230335e-04,3.2680679660709866e-08,2.8138855049379876e-12,0
3884,1.0454649961282776e-10,-3.2030899517729999e-05,-3.2035240157127550e-05,4.3406393975505063e-09,1.3312733543148095e-11,0
3885,4.6697993049239061e-10,-1.8576255240826400e-04,-1.8579652632351044e-04,3.3973915246441212e-08,3.1397196784288552e-12,0
3886,6.4077345919761108e-10,-3.7630032830028928e-05,-3.7634170773152441e-05,4.1379431235124241e-09,1.1996037905839147e-11,0
3887,-1.7379352798847510e-10,-1.4813258660506361e-04,-1.4816425873944751e-04,3.1672134383903261e-08,1.8228838613703723e-11,0
3888,9.5086502990649409e-10,2.4888401722279394e-05,2.4871490497600252e-05,1.6911224679141545e-08,3.4237230787067561e-11,0
3889,3.8621484359216179e-10,3.5732531042213800e-06,3.5292411796161716e-06,4.4011924605208402e-08,7.6122481240465962e-11,0
3890,2.5894629314165108e-10,1.9944196988836739e-06,1.9962936301996137e-06,-1.8739313159398171e-09,1.6525794343269558e-11,0
3891,1.7242787693659203e-10,8.9220632515630248e-06,8.9322294722676192e-06,-1.0166220704594395e-08,1.3282247375980292e-11,0
3892,-8.6518416178320849e-11,6.9276568349695491e-06,6.9411862245119388e-06,-1.3529389542389656e-08,2.2613097067853934e-11,0
3893,-2.7419757187348605e-10,5.6145529853520934e-06,5.6057662898031208e-06,8.7866955489725781e-09,1.4705636337293107e-11,0
3894,-4.9442130521547864e-10,-4.0730263751653437e-06,-4.0660114110447264e-06,-7.0149641206172423e-09,2.5503316692135177e-11,0
3895,-5.6063186535074473e-10,-1.8020910244252036e-04,-1.8020049293443637e-04,-8.6095080839955831e-09,1.0934823235911504e-11,0
3896,2.5669781205535215e-11,-3.2035828005373169e-05,-3.2035998919661697e-05,1.7091428852712351e-10,4.7447823925077585e-11,0
3897,8.6546655187165901e-11,2.0805859570423562e-05,2.0802082817962783e-05,3.7767524607793803e-09,1.0406334372658480e-11,0
3898,-5.4311183466175024e-10,1.1445661841739951e-07,1.2440674891611774e-07,-9.9501304987182307e-09,2.2049543455227704e-11,0
3899,-5.4311549061563388e-10,-2.6948501604256991e-06,-2.6912100900627869e-06,-3.6400703629122595e-09,7.3282416695558923e-12,0
3900,-2.2022373274519238e-10,-9.6875687361410584e-06,-9.6680202184065808e-06,-1.9548517734477628e-08,2.8449399174036175e-11,0
3901,-2.8643429310759855e-10,-1.8582367321343107e-04,-1.8580321463898655e-04,-2.0458574444520271e-08,1.5488026981722977e-11,0
3902,2.9986735329132550e-10,-3.7650375729609935e-05,-3.7637212649990457e-05,-1.3163079619478121e-08,5.1507270457785764e-11,0
3903,3.6074422729905441e-10,1.5191299462744869e-05,1.5195625576172723e-05,-4.3261134278544153e-09,1.5097176509277067e-11,0
3904,-2.6891426223564287e-10,-5.5000468958260607e-06,-5.4838197036278919e-06,-1.6227192198168770e-08,1.7974740046440356e-11,0
3905,-2.6891791818948106e-10,-8.3094153938440690e-06,-8.2988704337367705e-06,-1.0544960107298514e-08,6.4306439354251059e-12,0
3906,-6.6210559720820504e-11,-1.7613609386543747e-04,-1.7613759756601074e-04,1.5037005732644691e-09,1.9666687522770385e-11,0
3907,5.8096796105278753e-10,2.4878837354882360e-05,2.4868325569771791e-05,1.0511785110569162e-08,1.4775478351850738e-11,0
3908,-4.8690529362718812e-11,4.1874800112660926e-06,4.1886935732560832e-06,-1.2135619899905582e-09,2.4151294091956838e-11,0
3909,-4.8694185315759811e-11,1.3781317679292630e-06,1.3786494490968277e-06,-5.1768116756462296e-10,9.5500178557073274e-12,0
3910,6.4717852094884870e-10,2.0101496023457177e-04,2.0100652905884767e-04,8.4311757241029538e-09,9.5492316286628998e-12,0
3911,1.7520030118294860e-11,1.8032358814179224e-04,1.8032351387497225e-04,7.4266819988710528e-11,2.0483979280715550e-11,0
3912,1.7516374162484308e-11,1.7751425225228388e-04,1.7751186369982969e-04,2.3885524541860000e-09,7.4016005561121456e-12,0
3913,-5.2009108646028199e-10,2.7962943113055833e-05,2.7970134469020847e-05,-7.1913559650142527e-09,6.4357876008092101e-11,0
3914,-5.8630164657395898e-10,-1.4817330329672598e-04,-1.4816783272383142e-04,-5.4705728945588731e-09,5.5425381330534140e-11,0
3915,6.0876873975571359e-11,5.2841690132730563e-05,5.2837882728926951e-05,3.8074038036120614e-09,4.2658931853389250e-11,0
3916,-5.6878161589808946e-10,3.2150365323904695e-05,3.2157459481128042e-05,-7.0941572233475378e-09,6.1518381866037551e-11,0
3917,-5.6878527185493741e-10,2.9341058626399311e-05,2.9339956491357053e-05,1.1021350422573014e-09,3.6016994734224174e-11,0
3918,-6.2965848974600000e-10,-2.0691356576023681e-05,-2.0679606294431018e-05,-1.1750281592663020e-08,1.4351352840220707e-11,0
3919,-6.2966214569809734e-10,-2.3500693972888786e-05,-2.3494121472146383e-05,-6.5725007424030451e-09,5.8102252065943966e-12,0
3921,2.8662733454475173e-10,1.9798653474621328e-06,1.9964773224509891e-06,-1.6611974988856334e-08,2.9788692188319043e-11,0
3922,1.3996974725419769e-10,8.9203226644671285e-06,8.9320407495803070e-06,-1.1718085113178521e-08,2.5631112998752436e-11,0
3923,-1.4665758741586316e-10,6.9404508875395288e-06,6.9408129395609308e-06,-3.6205202140199825e-10,1.5810382642399436e-11,0
3925,-6.5268140571120743e-10,-1.8023586233281708e-04,-1.8020125039129161e-04,-3.4611941525467546e-08,2.6178611103559329e-11,0
3926,-1.5693673163057991e-11,-3.2052106559783428e-05,-3.2036398470504019e-05,-1.5708089279409623e-08,2.7777390672797351e-11,0
3927,1.8983629578256401e-11,2.0788799603222493e-05,2.0801544908554367e-05,-1.2745305331874517e-08,6.5158714288022974e-12,0
3932,-6.3698773247085643e-10,-1.4818371230413373e-04,-1.4816819423074012e-04,-1.5518073393611890e-08,4.9084846046818041e-11,0
3933,3.4677302715335302e-11,5.2840900729745255e-05,5.2837741987680623e-05,3.1587420646318688e-09,1.6785161517400545e-11,0
3934,-3.2958838379923173e-10,5.5649784877973008e-06,5.6052197690817033e-06,-4.0241281284402518e-08,4.2488120646976034e-11,0
3936,-3.8827244314118959e-10,-1.8024519062373283e-04,-1.8019874805088801e-04,-4.6442572844819594e-08,3.8603823654257321e-11,0
3938,-5.8684059708753082e-11,-1.8581011976229710e-04,-1.8580094080282339e-04,-9.1789594737110795e-09,4.6896403192766124e-11,0
3939,-7.2500002536863453e-11,-1.7614010021253790e-04,-1.7613735855149086e-04,-2.7416610470342839e-09,5.3892068378229840e-11,0
3940,3.3137867773907159e-10,3.5397791861308675e-06,3.5287426796872869e-06,1.1036506443580622e-08,5.9400077184131279e-11,0
3941,3.1070218179858762e-10,5.0862002507218868e-06,5.0651604540935075e-06,2.1039796628379263e-08,2.6304676646775452e-11,0
3942,-5.3581899176325745e-10,5.6023165384351710e-06,5.6033203572775179e-06,-1.0038188423468981e-09,2.0260380337982036e-11,0
3943,-1.6642439704051689e-10,-1.8019246523716219e-04,-1.8019662928604415e-04,4.1640488819636584e-09,1.3055015398589650e-11,0
3944,1.1110013647003593e-10,-3.2033875030115962e-05,-3.2035305334881491e-05,1.4303047655292380e-09,5.3483516291986413e-11,0
3945,1.9866057792280239e-10,2.0805974403285965e-05,2.0803371261048218e-05,2.6031422377472714e-09,1.2311794418639012e-11,0
3946,-8.4652117213126242e-10,5.1613692107939368e-07,5.3441293924328687e-07,-1.8276018163893183e-08,3.8758765587061559e-11,0
3947,-4.7712657719859461e-10,-1.8527863479654485e-04,-1.8526657550035544e-04,-1.2059296189404194e-08,2.4910924292941404e-11,0
3948,-1.9960204489894107e-10,-3.7119979383576363e-05,-3.7100063856763993e-05,-1.9915526812369188e-08,6.7132979019374223e-11,0
3949,-1.1204160356939857e-10,1.5719793094236094e-05,1.5733694094474987e-05,-1.3901000238893162e-08,2.2218921697666837e-11,0
3950,3.6939459467990432e-10,-1.8579478413510882e-04,-1.8579693269328581e-04,2.1485581769948529e-09,1.5427722898532510e-11,0
3951,6.4691912845024696e-10,-3.7636136310211996e-05,-3.7633943837096705e-05,-2.1924731152903618e-09,5.1817543483499261e-11,0
3952,7.3447956993139320e-10,1.5203730392664844e-05,1.5199433048196545e-05,4.2973444682988996e-09,1.5869538160854884e-11,0
3953,3.6508497428667943e-10,2.0099847052603456e-04,2.0100396351498045e-04,-5.4929889458873744e-09,1.1627773262791298e-11,0
3954,-2.7752453327720827e-10,-1.4815867061498955e-04,-1.4816467536926404e-04,6.0047542744883463e-09,6.3431530703547793e-11,0
3955,8.7560441430206486e-11,5.2839848448207362e-05,5.2838469177773019e-05,1.3792704343424831e-09,5.0542493330969683e-11,0
3956,4.3218123064100322e-11,-7.1433640763486411e-06,-7.1420007905468412e-06,-1.3632858017999174e-09,1.1435935498954054e-11,0
3957,5.1384731135521192e-11,-2.9533527736544558e-06,-2.9481907003439934e-06,-5.1620733104624868e-09,7.7745517631658316e-12,0
3958,5.1387416349915718e-11,-5.7625033312287775e-06,-5.7600542295242558e-06,-2.4491017045216590e-09,3.3925588334755926e-12,0
3959,8.1666080666806570e-12,4.1900002377844546e-06,4.1893797243938227e-06,6.2051339063192459e-10,1.2333764055831724e-11,0
3960,8.1692932841063369e-12,1.3808754308596840e-06,1.3793211757023808e-06,1.5542551573032170e-09,5.1587702313724992e-12,0
3962,-4.5762435187003540e-10,5.5997810541859663e-06,5.6040052864523359e-06,-4.2242322663695411e-09,1.2180576418063020e-11,0
3963,-2.3646115809577065e-10,-1.8019754954331574e-04,-1.8019715862892325e-04,-3.9091439249039697e-10,9.6599891194848361e-12,0
3964,1.5742861172362835e-10,2.0811113692141558e-05,2.0803099644525846e-05,8.0140476157120543e-09,9.5911152377858156e-12,0
3965,2.2116319352763283e-10,-1.8579735011563497e-04,-1.8579815755884004e-04,8.0744320507097206e-10,9.7307585598495804e-12,0
3966,6.1505296385327014e-10,1.5211354918522740e-05,1.5198504522791028e-05,1.2850395731712022e-08,1.0843127395683052e-11,0
3967,3.9388976980554166e-10,2.0100870048028567e-04,2.0100422494489880e-04,4.4755353868742524e-09,8.9231971337441211e-12,0
3968,-1.9374594988648435e-10,4.4039611127668059e-05,4.4044492128204758e-05,-4.8810005366989773e-09,9.5701870093575786e-11,0
3969,5.8530466485643095e-10,5.0832952224483946e-06,5.0674345591544112e-06,1.5860663293983385e-08,2.2476317743671181e-11,0
3970,-5.2236530320322516e-10,5.6054712327998496e-06,5.6033811708466243e-06,2.0900619532252532e-09,2.0783738252631510e-11,0
3971,7.2194098248637075e-11,-4.0413663879006884e-06,-4.0612102881873724e-06,1.9843900286684028e-08,2.1100201102417943e-11,0
3972,-3.5519366360190484e-10,-1.8019571795271049e-04,-1.8019809064793643e-04,2.3726952259493436e-09,1.0941535429171662e-11,0
3973,2.3062097745361565e-10,2.0804074000205404e-05,2.0803906690855886e-05,1.6730934951746513e-10,1.2907220647160015e-11,0
3974,-5.5238863057927210e-11,-2.6723700042446952e-06,-2.6869352003858522e-06,1.4565196141156977e-08,1.1481099728372436e-11,0
3975,-1.1076699658108336e-09,5.2218398623529727e-07,5.3221146461082155e-07,-1.0027478375524276e-08,3.3850103033768743e-11,0
3976,-5.1311056249518030e-10,-9.1246648158641464e-06,-9.1330658378053855e-06,8.4010219412390983e-09,3.8755036689790483e-11,0
3977,-9.4049832442324862e-10,-1.8527901492015886e-04,-1.8527030351623270e-04,-8.7114039261555493e-09,2.0705978516962438e-11,0
3978,-3.5468368610905645e-10,1.5720761216036702e-05,1.5732004830713904e-05,-1.1243614677202015e-08,2.0531895040271596e-11,0
3980,5.9455940215574287e-10,-9.6468495996079873e-06,-9.6607762789554900e-06,1.3926679347502774e-08,3.3588658387254431e-11,0
3982,7.5298628029645758e-10,1.5198556986304856e-05,1.5199974147357359e-05,-1.4171610525029075e-09,1.5029194259676327e-11,0
3983,4.6712644089801383e-10,-8.2778751326929856e-06,-8.2921504172801799e-06,1.4275284587194300e-08,1.6025426350089255e-11,0
3984,-4.2738776193282880e-10,-1.7615433502273653e-04,-1.7613999124537253e-04,-1.4343777364001289e-08,1.5604494853604454e-11,0
3985,1.5842687618573759e-10,2.4845475581243559e-05,2.4865355556548163e-05,-1.9879975304603535e-08,2.0187241300745326e-11,0
3986,-1.2743296117500259e-10,1.3690166858963508e-06,1.3781526117876868e-06,-9.1359258913359757e-09,1.5199581433782684e-11,0
3987,5.8581464028241275e-10,2.0099979643490532e-04,2.0100596909399776e-04,-6.1726590924401654e-09,1.0653232571587412e-11,0
3988,2.9995480060106558e-10,1.7752333367988815e-04,1.7751376282694345e-04,9.5708529447005239e-09,8.0606399238790421e-12,0
3989,-2.8585984003914885e-10,-2.3476472337092755e-05,-2.3491687995709834e-05,1.5215658617078880e-08,9.2868711151968857e-12,0
3990,3.7108449979103423e-10,-2.9482091745223343e-06,-2.9452923803235631e-06,-2.9167941987712558e-09,3.0881426006883290e-11,0
3991,8.0122017522683764e-10,8.9498123005821162e-06,8.9386440279805897e-06,1.1168272601526474e-08,2.1197987548405052e-11,0
3992,4.3013567618473377e-10,1.1897977727467861e-05,1.1882524304895573e-05,1.5453422572287562e-08,7.4162645850714031e-11,0
3993,1.7642917135476241e-10,-5.4765604255014970e-06,-5.4797715033253700e-06,3.2110778238730311e-09,4.6790454262969549e-11,0
3994,1.6524454355633134e-10,5.2838549532518812e-05,5.2839620783260056e-05,-1.0712507412440151e-09,1.0992019808849056e-11,0
3995,-1.9852612844514151e-09,-5.8195028389915887e-06,-5.7785935161012397e-06,-4.0909322890348984e-08,1.6330775373496715e-11,0
3996,2.2005222224115348e-09,8.8818978016122138e-06,8.9514765836463429e-06,-6.9578782034129122e-08,3.5680407471846926e-11,0
3997,4.1857834975360158e-09,1.4701409207733230e-05,1.4733267231578030e-05,-3.1858023844799689e-08,2.2259493269560998e-11,0
3998,-4.4848099086217077e-10,5.5911284549230167e-06,5.6040056681856483e-06,-1.2877213262631613e-08,1.4414366571959549e-11,0
3999,-1.3552978371897265e-10,-1.8018741004467622e-04,-1.8019589839844474e-04,8.4883537685201925e-09,1.1895042228031091e-11,0
4000,3.1295120696106685e-10,-1.8577851635382357e-04,-1.8579693153033153e-04,1.8415176507958564e-08,1.1858578094361158e-11,0
4001,7.3740762551471790e-10,2.4875015293810213e-05,2.4870981718851249e-05,4.0335749589635980e-09,6.0206493251585345e-11,0
4002,-5.1385086122440628e-11,4.1883863392507600e-06,4.1890082331807828e-06,-6.2189393002285267e-10,4.1819513503075669e-11,0
4003,-7.8879271105318207e-10,-2.0686542519790171e-05,-2.0681976071848906e-05,-4.5664479412652265e-09,5.3566222561754108e-11,0
4004,6.3532474584783074e-10,1.9881287444383638e-06,1.9991051667495318e-06,-1.0976422311167930e-08,2.0320069187614475e-11,0
4005,3.8920445892399408e-10,8.9284668116024549e-06,8.9351548495620060e-06,-6.6880379595510986e-09,1.6481535249975760e-11,0
4006,-2.4612028693358607e-10,6.9403637825201508e-06,6.9412922546354882e-06,-9.2847211533731165e-10,2.5448926819479487e-11,0
4007,3.7285921965315638e-10,-2.2127023414225677e-06,-2.2378735878512755e-06,2.5171246428707806e-08,3.5010349713565809e-11,0
4008,-8.5450372987903566e-10,5.0613843307414919e-06,5.0539977868056550e-06,7.3865439358368560e-09,1.8646118902797816e-11,0
4009,-9.8907952979322763e-10,5.6208246932282213e-06,5.5990421457238803e-06,2.1782547504341047e-08,1.1348034651012039e-11,0
4010,-6.6773538673674979e-10,1.2007488278276395e-05,1.2005791400850451e-05,1.6968774259439864e-09,2.0842741350475147e-11,0
4011,-1.3457579832508444e-10,5.5944743332890512e-07,5.4132771046286088e-07,1.8119722866044235e-08,2.1154571333137018e-11,0
4012,1.8676834257379829e-10,6.9460607431998285e-06,6.9455420127017255e-06,5.1873049810302472e-10,1.8662909915405234e-11,0
4013,3.2134415115061705e-10,6.3866115598554263e-06,6.4070341156607645e-06,-2.0422555805338198e-08,2.5981205568199977e-11,0
4014,1.3672522124302857e-11,-7.1464633012528062e-06,-7.1425342650598174e-06,-3.9290361929887873e-09,2.0730308106410678e-11,0
4016,9.8233363764144393e-10,-3.5057328391133527e-05,-3.5101912586211285e-05,4.4584195077758382e-08,5.3589894891906038e-11,0
4017,9.7570381070187026e-10,1.7759967796375162e-05,1.7732568609337816e-05,2.7399187037346168e-08,1.7100349816086901e-11,0
4018,5.8187475390969887e-11,-2.9566729484613091e-06,-2.9481544102515692e-06,-8.5185382097398797e-09,2.5559872505256482e-11,0
4020,9.6203128819919327e-10,2.4906415746978397e-05,2.4873334381166376e-05,3.3081365812021480e-08,2.5862916876229794e-11,0
4021,4.4514953281922042e-11,4.1898284416554826e-06,4.1899654190082786e-06,-1.3697735279599130e-10,2.4917031273616078e-11,0
4022,6.2594708260355782e-10,2.0102928412317912e-04,2.0100633228509724e-04,2.2951838081871267e-08,1.5126919942311496e-11,0
4024,-9.6866111729801046e-10,2.7910588930476349e-05,2.7965709244944049e-05,-5.5120314467700578e-08,7.9936981314094766e-11,0
4025,-6.3257691034376395e-10,-1.4821211179536723e-04,-1.4816706721410594e-04,-4.5044581261293815e-08,6.8480551802208424e-11,0
4026,-6.6298268004979232e-12,5.2817243191594174e-05,5.2838433311182973e-05,-2.1190119588799020e-08,9.3143366025793319e-11,0
4027,-9.2414616410817071e-10,3.2100610594941112e-05,3.2154263761326349e-05,-5.3653166385237100e-08,1.0071501025553242e-10,0
4028,-9.1751633710959321e-10,-2.0716611886338956e-05,-2.0683378670230641e-05,-3.3233216108315350e-08,2.9760380550008599e-11,0
4029,-3.0994717083669289e-10,5.6120411265525756e-06,5.6051814967990112e-06,6.8596297535644240e-09,1.6408423828217612e-11,0
4030,1.0235249115090044e-10,2.0807532553855038e-05,2.0803261183678865e-05,4.2713701761729181e-09,1.2068307534266184e-11,0
4031,-4.7885077787900966e-10,-2.6948516151301116e-06,-2.6909483910543920e-06,-3.9032240757195811e-09,1.1077028723078993e-11,0
4032,4.1229966215985952e-10,1.5195454744665066e-05,1.5197669633964048e-05,-2.2148892989813136e-09,1.7135218923765440e-11,0
4033,-1.6890360655841568e-10,-8.3069164658385736e-06,-8.2979031778550118e-06,-9.0132879835618055e-09,1.4209038067306829e-11,0
4034,-5.8120326890098499e-10,-2.3502364754816527e-05,-2.3495073438262712e-05,-7.2913165538148806e-09,6.9665835399744143e-12,0
4035,-4.5839662400570678e-10,5.6001147676525490e-06,5.6038104153841945e-06,-3.6956477316455122e-09,1.9413699389874020e-11,0
4036,-1.9245634925708735e-10,-1.8019559218164320e-04,-1.8019598053586894e-04,3.8835422573081646e-10,1.1720705277144749e-11,0
4037,8.9489866521267153e-11,-3.2033038633259240e-05,-3.2035764346525974e-05,2.7257132667336250e-09,3.9985514283467788e-11,0
4038,1.6290595749081084e-10,2.0810391123438771e-05,2.0803897560702768e-05,6.4935627360030259e-09,9.8324856445352104e-12,0
4039,2.6594027456899718e-10,-1.8579572374587128e-04,-1.8579686138113114e-04,1.1376352598672923e-09,1.5711239781953483e-11,0
4040,5.4788649077064399e-10,-3.7633250052637041e-05,-3.7634484086512581e-05,1.2340338755400366e-09,5.4327567259640465e-11,0
4041,6.2130258176424196e-10,1.5210277117582230e-05,1.5199700413640076e-05,1.0576703942154149e-08,1.5562118070173095e-11,0
4042,3.5536230665659185e-10,2.0100596830718376e-04,2.0100387161304801e-04,2.0966941357484885e-09,9.3898104031610010e-12,0
4043,-2.8194621559088772e-10,-1.4816250729611535e-04,-1.4816360779224062e-04,1.1004961252719138e-09,5.5288846336127133e-11,0
4044,7.3416090955165740e-11,5.2843500742970860e-05,5.2839427899163653e-05,4.0728438072075218e-09,4.5146210505822803e-11,0
4045,8.6476091255302735e-10,2.0405682301799510e-06,2.0008876739501103e-06,3.9680556229840697e-08,1.0898742458840058e-11,0
4046,4.7307398763649424e-10,-7.1281034177868297e-06,-7.1384611427933186e-06,1.0357725006488909e-08,1.1118505924344001e-11,0
4047,5.4920291202584800e-10,-2.9170465002809065e-06,-2.9437006808145122e-06,2.6654180533605676e-08,8.2364155692096582e-12,0
4048,5.4921392302416053e-10,-5.7263901694568076e-06,-5.7556005359424905e-06,2.9210366485682960e-08,4.3342535321041858e-12,0
4049,6.3741315157929380e-10,8.9397222637552232e-06,8.9378858278987358e-06,1.8364358564873772e-09,8.6791156923402213e-12,0
4050,-3.9168692484891429e-10,-9.1686731891298112e-06,-9.1318293446109201e-06,-3.6843844518891138e-08,2.6542396121593679e-11,0
4051,-3.1555800038104207e-10,-4.9576184909254535e-06,-4.9397506874362890e-06,-1.7867803489164556e-08,2.1847360846751188e-11,0
4052,-3.1554698938184441e-10,-7.7669777334416065e-06,-7.7579651671114709e-06,-9.0125663301356341e-09,1.1092210914643511e-11,0
4053,-2.2734776130160320e-10,6.8991438315997231e-06,6.9422368431826204e-06,-4.3093011582897384e-08,1.7540124206943398e-11,0
4054,7.6128924450741714e-11,4.2110485351230277e-06,4.1903522304985021e-06,2.0696304624525657e-08,1.4522547403055890e-11,0
4055,7.6139935446324638e-11,1.4017148978716365e-06,1.3802634138833748e-06,2.1451483988261718e-08,8.3346086962370389e-12,0
4056,1.6433916363596547e-10,1.6067835473636705e-05,1.6071638644220853e-05,-3.8031705841479397e-09,1.9359111510881751e-11,0
4058,8.8210239098248313e-11,1.1856732252150601e-05,1.1880166796063150e-05,-2.3434543912549365e-08,1.5516799867008027e-11,0
4059,8.8199228103033019e-11,1.4666094483009942e-05,1.4696645610720668e-05,-3.0551127710725471e-08,8.4746391716100550e-12,0
4060,-7.3648699155735263e-11,6.9324906185417451e-06,6.9438398556170988e-06,-1.1349237075353736e-08,2.2074873972781567e-11,0
4061,3.6856369463896961e-10,-3.0537828248765764e-06,-3.0730915849005403e-06,1.9308760023963813e-08,3.5716660412730780e-11,0
4062,-3.2668935508394912e-10,-7.1760119849419157e-06,-7.1457963124170507e-06,-3.0215672524865063e-08,5.9431347081780973e-11,0
4063,-2.6725318228216255e-10,-1.8330682927599276e-04,-1.8328202600788253e-04,-2.4803268110229221e-08,1.4296030889347464e-11,0
4064,3.6742604855498513e-10,-3.5116724441357780e-05,-3.5107413334457313e-05,-9.3111069004675018e-09,8.3619384732253764e-11,0
4066,-6.9525304964678736e-10,-4.1221985758871371e-06,-4.0686937717753698e-06,-5.3504804111767326e-08,2.5568304338598347e-11,0
4067,-6.3581687693443819e-10,-1.8025305675196945e-04,-1.8019986698913673e-04,-5.3189762832720313e-08,3.2891579752842482e-11,0
4068,-1.1376460585231047e-12,-3.2063026197271926e-05,-3.2036630920725159e-05,-2.6395276546767061e-08,3.5964087168762531e-11,0
4070,5.9436173760083196e-11,-1.7613099266803114e-04,-1.7613427663111162e-04,3.2839630804732019e-09,3.4610423349360264e-11,0
4073,-6.9411540365213306e-10,2.7940823496521577e-05,2.7968072648232882e-05,-2.7249151711304838e-08,9.4070380762382015e-11,0
4074,-6.3467923082784919e-10,-1.4818999307490005e-04,-1.4816663420739177e-04,-2.3358867508283757e-08,4.9436662209461006e-11,0
4075,4.2521990089152716e-11,5.2846246223818734e-05,5.2839323900304974e-05,6.9223235137598612e-09,3.5963264429592149e-11,0
4076,-1.0604277994204131e-11,6.9487388003939654e-06,6.9445708671119581e-06,4.1679332820072681e-09,4.4347679747112255e-11,0
4077,2.2234517819728380e-10,6.0513712154238244e-06,6.0529656616566980e-06,-1.5944462328735878e-09,4.3344235938627081e-11,0
4078,-7.8615281603449632e-10,-1.8024892271768962e-04,-1.8020114964398910e-04,-4.7773073700522334e-08,4.6544534941781241e-11,0
4079,-1.4605046288796154e-11,2.0769269774218498e-05,2.0802503103172327e-05,-3.3233328953829127e-08,4.4828883517594281e-11,0
4080,-9.8743973494088452e-10,-2.7403762488907579e-06,-2.6956669434705953e-06,-4.4709305420162595e-08,4.3369278675693293e-11,0
4081,7.7154776819054952e-10,2.0101814787585638e-04,2.0100765413080463e-04,1.0493745051756058e-08,3.0941417972391816e-11,0
4082,-2.0128691929659809e-10,1.7750845196872530e-04,1.7750813267694370e-04,3.1929178159924299e-10,2.4512717183040357e-11,0
4083,-9.7283468832071070e-10,-2.3509702567087523e-05,-2.3499044320652952e-05,-1.0658246434571214e-08,1.7298694658843526e-11,0
4084,3.1449426671048459e-11,-7.1427013497978186e-06,-7.1425861164359298e-06,-1.1523336188878783e-10,3.6046622634879172e-11,0
4085,2.8056591090901887e-11,-2.9531120927527878e-06,-2.9484489123148786e-06,-4.6631804379092422e-09,3.5060775176978634e-11,0
4086,-3.3928355789593131e-12,4.1895210119127682e-06,4.1897356054860006e-06,-2.1459357323241727e-10,3.8132018674384744e-11,0
4087,1.8843745583901592e-11,6.9760560190632037e-06,6.9450275241988493e-06,3.1028494864354371e-08,5.6985904083695319e-11,0
4088,3.4670146538163664e-10,3.5341427221096539e-06,3.5288819747753242e-06,5.2607473343296138e-09,5.2275893158154588e-11,0
4089,3.8310083369291391e-10,-2.2291926136484147e-06,-2.2377199999819725e-06,8.5273863335577942e-09,1.5184481940649421e-11,0
4090,3.6399368111570834e-11,-5.7633113501369621e-06,-5.7602902892165664e-06,-3.0210609203957053e-09,6.7713664846801038e-12,0
4091,-4.3253691881263819e-10,5.6051095148100874e-06,5.6039587364108130e-06,1.1507783992744405e-09,1.5796952310325400e-11,0
4092,-6.8944100205523529e-11,-4.0562807318324234e-06,-4.0631410619188748e-06,6.8603300864513350e-09,2.6021985562493534e-11,0
4093,-3.8166135192616375e-10,-1.8019763552065324e-04,-1.8019734118445764e-04,-2.9433619560745305e-10,1.7738415910833599e-11,0
4094,8.5598599518554543e-11,-3.2035005854177414e-05,-3.2035906286601139e-05,9.0043242372499612e-10,6.8418298704049694e-11,0
4095,1.8164543762835114e-10,2.0805730617726517e-05,2.0804413450156706e-05,1.3171675698113536e-09,1.6355508824866653e-11,0
4096,-1.6914970624421836e-10,1.2864555157081348e-07,1.2745837298387099e-07,1.1871785869424875e-09,3.0167564529245795e-11,0
4097,3.6359281921226766e-10,-9.6614566151946579e-06,-9.6631777841001370e-06,1.7211689054791139e-09,2.7135174942166866e-11,0
4098,5.0875567352844485e-11,-1.8580279384578218e-04,-1.8579840581593103e-04,-4.3880298511520671e-09,1.5708328510741216e-11,0
4099,5.1813551826743632e-10,-3.7640267975053848e-05,-3.7634608418279353e-05,-5.6595567744956296e-09,4.6891088519866620e-11,0
4100,6.1418235636141561e-10,1.5200567498579965e-05,1.5200161789127226e-05,4.0570945273941505e-10,1.5119942075485828e-11,0
4101,2.6338721316435926e-10,-5.4764749019308497e-06,-5.4789814184025098e-06,2.5065164716600282e-09,3.3679667526025033e-11,0
4102,-3.1271725199808551e-10,-1.7614131004817929e-04,-1.7613730145935464e-04,-4.0085888246472502e-09,1.8950835686241984e-11,0
4103,2.5058953645122382e-10,2.4862089652260937e-05,2.4867806489357648e-05,-5.7168370967114576e-09,2.9044847018639772e-11,0
4104,-1.0020560604923046e-10,4.1849756612405593e-06,4.1889080534265346e-06,-3.9323921859752464e-09,2.3860785928326164e-11,0
4105,5.6330678979084920e-10,2.0100338850954219e-04,2.0100576054995369e-04,-2.3720404115034049e-09,1.6513213519065411e-11,0
4106,2.1251164562313254e-10,1.8032634507938756e-04,1.8032352166462334e-04,2.8234147642200360e-09,2.1318130789306717e-11,0
4107,-1.5454269962265936e-10,2.7978742436311765e-05,2.7972898839067702e-05,5.8435972440628854e-09,8.0418077514370903e-11,0
4108,-4.6725995136387120e-10,-1.4816260579191476e-04,-1.4816484281069865e-04,2.2370187838900105e-09,9.1968449814653773e-11,0
4109,9.6046838108993380e-11,5.2840916332974738e-05,5.2840074936553811e-05,8.4139642092696939e-10,8.3300376164608926e-11,0
4110,-2.5474830566772436e-10,3.2163643584163376e-05,3.2160370233626136e-05,3.2733505372396776e-09,9.6760365603105664e-11,0
4111,-3.5079514348341388e-10,-2.0677049238506263e-05,-2.0678929683910741e-05,1.8804454044786013e-09,3.0655322330650000e-11,0
4112,7.9837882176157645e-10,8.9649155604366870e-06,8.9398070388323978e-06,2.5108521604289265e-08,2.3830992295959673e-11,0
4113,-3.5959042297741553e-10,5.5770858140959459e-06,5.6045985317066944e-06,-2.7512717610748470e-08,4.6973180796626028e-11,0
4114,-3.3362018832354468e-10,-1.8022764815593673e-04,-1.8019680778209361e-04,-3.0840373843116697e-08,3.9589975698073585e-11,0
4115,-2.6616099967357292e-10,-2.7120871945113603e-06,-2.6891783436196541e-06,-2.2908850891706254e-08,8.8171641329081569e-11,0
4116,2.5970234279894501e-11,-1.8580458121404599e-04,-1.8579852174959894e-04,-6.0594644470514467e-09,4.3967884095041189e-11,0
4117,9.3429422741766753e-11,-8.2891066233252691e-06,-8.2954889603526073e-06,6.3823370273382419e-09,5.1313189363623706e-11,0
4118,6.7459188298846993e-11,1.7751559715073473e-04,1.7751029072560326e-04,5.3064251314685010e-09,2.5137644517960143e-11,0
4119,-1.6470837634659282e-09,1.5730607545429154e-05,1.5722511397907900e-05,8.0961475212535663e-09,2.4592739904172196e-11,0
4120,2.4788350592725249e-10,8.9292382648513934e-06,8.9349383518686794e-06,-5.7000870172860393e-09,2.8259261388578039e-11,0
4121,3.9193428656230194e-10,-2.1964970002615741e-06,-2.2376158741837136e-06,4.1118873922139440e-08,4.3057981709283951e-11,0
4122,1.7465682332263454e-10,-9.6496449371432161e-06,-9.6649681174605700e-06,1.5323180317353919e-08,1.9883477399909997e-11,0
4123,8.0542228983629838e-11,-1.8580111176378028e-04,-1.8579786336925827e-04,-3.2483945220122476e-09,1.1343207791460171e-11,0
4124,1.3494009566762961e-10,-5.4725052019300585e-06,-5.4801492064838627e-06,7.6440045538042229e-09,2.1499317767434724e-11,0
4125,-9.4114594514695676e-11,-1.7615142675686014e-04,-1.7613491706628583e-04,-1.6509690574313717e-08,1.9673858686201809e-11,0
4126,-3.9716727684389487e-11,4.1771501719163086e-06,4.1895648222613124e-06,-1.2414650345003795e-08,3.5184491699810724e-11,0
4127,5.4397866650372427e-11,1.8032860961107559e-04,1.8032180803731991e-04,6.8015737556806257e-09,1.6532092501925375e-11,0
4128,-6.4070544912099409e-10,5.0547935980700676e-06,5.0552072000241144e-06,-4.1360195404680010e-10,1.9555392592421188e-11,0
4129,1.0262140820960996e-10,-3.2036291858090148e-05,-3.2035825678348549e-05,-4.6617974159901066e-10,3.2552030258786720e-11,0
4130,8.5123875618137990e-11,2.0801632722828103e-05,2.0803776399674624e-05,-2.1436768465204776e-09,8.2679385052727448e-12,0
4131,-6.7540817948170559e-10,1.2001321583691299e-05,1.2006417319226110e-05,-5.0957355348111498e-09,1.9750450542718468e-11,0
4132,7.4332685866465827e-10,-3.7091179416954764e-05,-3.7090292445965257e-05,-8.8697098950751233e-10,7.0645373781572427e-11,0
4133,7.2582932584453833e-10,1.5746794631621430e-05,1.5744342488605490e-05,2.4521430159404358e-09,1.4614489752492260e-11,0
4134,-3.4702731224959018e-11,6.9465014340486047e-06,6.9451619654889972e-06,1.3394685596074705e-09,2.5196749481309423e-11,0
4135,-1.7497532593810274e-11,5.2837861227941199e-05,5.2839349769373587e-05,-1.4885414323880289e-09,2.7685982799370219e-11,0
4136,-7.7802958774482015e-10,4.4037635215484622e-05,4.4040616068871982e-05,-2.9808533873597223e-09,2.9432315742222838e-11,0
4137,-7.6053205544366712e-10,-8.8003167926890835e-06,-8.7994988167504900e-06,-8.1797593859354585e-10,1.3704944250272993e-11,0
4139,5.5512827015608912e-11,2.0801425473479344e-05,2.0803607861335384e-05,-2.1823878560397797e-09,1.0368472260053077e-11,0
4141,2.6892338321292113e-10,3.5212731113280771e-06,3.5281749164347799e-06,-6.9018051067028301e-09,3.5802435823113028e-11,0
4142,4.5372222296783214e-10,-2.2344991059373986e-06,-2.2370389949047347e-06,2.5398889673360166e-09,4.7141757029912387e-11,0
4143,1.8479883978706269e-10,-5.7556747140290881e-06,-5.7589794845134002e-06,3.3047704843120268e-09,1.0147381347847100e-11,0
4144,-1.3155727356884593e-10,-1.7613165032767208e-04,-1.7613493241446616e-04,3.2820867940748163e-09,1.0243652660576724e-11,0
4145,-8.5605776748264047e-11,4.1889810791106595e-06,4.1892351338299982e-06,-2.5405471933871449e-10,1.5778484372559637e-11,0
4146,4.5951496563582726e-11,1.8032063395029729e-04,1.8032150515265557e-04,-8.7120235827439600e-10,1.0924573373889255e-11,0
4147,-8.0654636379013794e-10,2.7968198845171191e-05,2.7966812617212313e-05,1.3862279588783668e-09,5.2074142778842195e-11,0
4148,-9.3810363765052931e-10,-1.4816356690089752e-04,-1.4816858007376063e-04,5.0131728631069676e-09,3.1807360290612621e-11,0
4149,-8.9215214060425459e-10,3.2157051084337820e-05,3.2154591707995315e-05,2.4593763425049685e-09,6.5631343934938494e-11,0
4150,2.1180422233464515e-10,1.9818414400058545e-06,1.9942591651755566e-06,-1.2417725169702105e-08,3.1107487822129492e-11,0
4151,8.0608523394957546e-11,8.9255462694627294e-06,8.9339081591021367e-06,-8.3618896394073048e-09,2.3681754280003662e-11,0
4152,-1.3119569898998902e-10,6.9437049740189716e-06,6.9448788142456224e-06,-1.1738402266508327e-09,1.6058302227354459e-11,0
4153,-3.3880075391777687e-10,5.6099449949648279e-06,5.6046746855403844e-06,5.2703094244435010e-09,1.5453645692183386e-11,0
4154,-3.5095829889369403e-10,-4.0734129867882676e-06,-4.0660737804050326e-06,-7.3392063832350177e-09,1.7929982085112635e-11,0
4155,-4.8724662610032507e-10,-1.8020672925435702e-04,-1.8019773698806850e-04,-8.9922662885213826e-09,9.1150521773107041e-12,0
4156,4.6355851873363726e-11,-3.2036063879542487e-05,-3.2036430293857528e-05,3.6641431504073375e-10,5.0003545045719597e-11,0
4157,1.1625928777561354e-10,2.0809041375160781e-05,2.0804361384568171e-05,4.6799905926102727e-09,1.2265557764277777e-11,0
4158,-4.1301604934807768e-10,1.1471957009692724e-07,1.2511273780058636e-07,-1.0393167703659124e-08,2.2217184040081655e-11,0
4159,-4.1302156215299563e-10,-2.6947527565594764e-06,-2.6906534864800339e-06,-4.0992700794425741e-09,7.8078370605438890e-12,0
4160,-1.2157544525469764e-11,-9.6833562492765202e-06,-9.6667655886246534e-06,-1.6590660651866792e-08,2.3682867859233961e-11,0
4161,-1.4844587190647835e-10,-1.8581668195189957e-04,-1.8579957323388861e-04,-1.7108718010963022e-08,1.2682293360537907e-11,0
4162,3.8515660589844917e-10,-3.7646037850490224e-05,-3.7635587936408144e-05,-1.0449914082079554e-08,3.9946950469266501e-11,0
4163,4.5506004181562634e-10,1.5199078942834936e-05,1.5199541011470862e-05,-4.6206863592552583e-10,1.6829922155100981e-11,0
4164,-7.4215295013349191e-11,-5.4952445779979375e-06,-5.4820507311082810e-06,-1.3193846889656548e-08,3.0989130358523338e-11,0
4165,-7.4220807813503863e-11,-8.3047093369491981e-06,-8.2969878063111012e-06,-7.7215306380969286e-09,1.1353965801192082e-11,0
4166,-1.3628832684031640e-10,-1.7613330037490049e-04,-1.7613475910454571e-04,1.4587296452142282e-09,1.5304109404030969e-11,0
4167,4.6721758736593628e-10,2.4882479433810736e-05,2.4870694776078148e-05,1.1784657732587966e-08,2.0262202324370025e-11,0
4168,-6.2057750390673083e-11,4.1881569856484606e-06,4.1895074199063305e-06,-1.3504342578699510e-09,1.0811550416487199e-11,0
4169,-6.2063263193867322e-11,1.3786781441209491e-06,1.3793832565326966e-06,-7.0511241174754771e-10,4.2049916818616894e-12,0
4170,6.0350591448771735e-10,2.0101578754910809e-04,2.0100612374889898e-04,9.6638002091147153e-09,8.2126984804623238e-12,0
4171,7.4230576191158888e-11,1.8032144627436100e-04,1.8032161175283716e-04,-1.6547847616374227e-10,1.7497093300339380e-11,0
4172,7.4225063389864141e-11,1.7751197083515184e-04,1.7750976797235141e-04,2.2028628004285185e-09,6.2772470584233414e-12,0
4173,-3.9731415079261995e-10,2.7962573431000032e-05,2.7970485190918253e-05,-7.9117599182213524e-09,5.5608437081225212e-11,0
4174,-5.3360247798902124e-10,-1.4817072469581333e-04,-1.4816474020670558e-04,-5.9844891077463856e-09,3.8770686062529543e-11,0
4175,6.9903435897089612e-11,5.2845140202124798e-05,5.2840529939168484e-05,4.6102629563138397e-09,4.5222385562371768e-11,0
4176,-4.5937190124628632e-10,3.2150781570693468e-05,3.2158530761456933e-05,-7.7491907634653912e-09,6.1376306908665424e-11,0
4177,-4.5937741404761524e-10,2.9341321477784066e-05,2.9340852592261596e-05,4.6888552247018002e-10,3.5227903044469335e-11,0
4178,-5.2927533697469980e-10,-2.0694328015932045e-05,-2.0681239670922327e-05,-1.3088345009718325e-08,1.9471960191141412e-11,0
4179,-5.2928084977905480e-10,-2.3503804980767179e-05,-2.3495911956264002e-05,-7.8930245031770215e-09,7.5693389050005789e-12,0
4181,4.1316233894629694e-10,3.5371932990014426e-06,3.5294861516033391e-06,7.7071473981035079e-09,3.2492694588170646e-11,0
4182,-4.5395079703419796e-10,5.6004376332036837e-06,5.6036045488993381e-06,-3.1669156956543694e-09,1.2151453631556495e-11,0
4183,-1.3352297989221468e-10,-1.8019346738635394e-04,-1.8019442471352276e-04,9.5732716881829355e-10,1.3394691931591909e-11,0
4184,9.4579611440384844e-11,-3.2033805029937131e-05,-3.2036020573373147e-05,2.2155434360160409e-09,4.3989752754888181e-11,0
4185,1.6845913744330958e-10,2.0809821910729685e-05,2.0804928872965896e-05,4.8930377637897171e-09,1.0929802680960442e-11,0
4186,3.2042781704710770e-10,-1.8579385946397488e-04,-1.8579520036343363e-04,1.3408994587425782e-09,1.3799750100771769e-11,0
4187,5.4853040870050260e-10,-3.7634233742844456e-05,-3.7634063441519161e-05,-1.7030132529470597e-10,3.5246466942298527e-11,0
4188,6.2240993472964775e-10,1.5209403753419989e-05,1.5201203872177111e-05,8.1998812428783058e-09,1.3851716047704444e-11,0
4189,3.0198211714525475e-10,2.0100326284179125e-04,2.0100338229824409e-04,-1.1945645284039928e-10,1.0330692201641392e-11,0
4190,-2.2810259115276733e-10,-1.4815968152991397e-04,-1.4816184204028961e-04,2.1605103756386357e-09,5.9183435686917246e-11,0
4191,7.3879525988490291e-11,5.2843588626757480e-05,5.2840684803816140e-05,2.9038229413391606e-09,5.8275696344067121e-11,0
4192,-8.5715902516138988e-13,6.9505397693084931e-06,6.9464881830025990e-06,4.0515863058941128e-09,2.4933455777516946e-11,0
4193,-3.3841538235516493e-10,-7.1818508557766614e-06,-7.1463660699331105e-06,-3.5484785843550891e-08,5.9981447132337600e-11,0
4194,-3.1345692814117316e-10,-1.8331120962223821e-04,-1.8328138304602289e-04,-2.9826576215319974e-08,1.6406742448998556e-11,0
4195,3.1222180858537710e-10,-3.5113022501698890e-05,-3.5107669136819319e-05,-5.3533648795706643e-09,1.0901500161508051e-10,0
4197,-3.6739746764699277e-10,-2.9926095512014528e-06,-2.9520841573075226e-06,-4.0525393893930167e-08,6.0961738207820298e-11,0
4198,-3.6739845598443058e-10,-5.8021460312696060e-06,-5.7640363339642544e-06,-3.8109697305351593e-08,1.8261779410397321e-11,0
4199,2.4958455236783895e-11,-1.7612951462895980e-04,-1.7613293161579881e-04,3.4169868390126427e-09,2.5211889603973186e-11,0
4201,-2.8982085035569582e-11,4.1891845210809608e-06,4.1899054293752674e-06,-7.2090829430655474e-10,1.9567619257961995e-11,0
4202,-2.8983073375146641e-11,1.3797481523275534e-06,1.3797729805184593e-06,-2.4828190905834123e-11,7.6718944918543657e-12,0
4204,-5.3940540196575878e-11,1.8031862045069609e-04,1.8032019501936934e-04,-1.5745686732541661e-09,1.5726016292630601e-11,0
4205,-5.3941528538657003e-11,1.7750920032604239e-04,1.7750833113643324e-04,8.6918960914904135e-10,5.7305181122107984e-12,0
4206,-6.5063719094003403e-10,2.7931231622313479e-05,2.7968102659986771e-05,-3.6871037673291549e-08,8.5464294636792036e-11,0
4207,-6.2567873672579014e-10,-1.4819819649294214e-04,-1.4816530530736841e-04,-3.2891185573730814e-08,5.0564107305284392e-11,0
4208,4.8578206115920238e-11,5.2854076012137739e-05,5.2840602990986809e-05,1.3473021150929652e-08,4.3500469774824078e-11,0
4209,-6.7961927622843202e-10,3.2120225469115665e-05,3.2156536533015534e-05,-3.6311063899869146e-08,8.2112686680980912e-11,0
4210,-6.7962026457203890e-10,2.9310955484678630e-05,2.9338840178653449e-05,-2.7884693974818494e-08,4.9449628270748551e-11,0
4214,3.8319482218317698e-10,3.5390560008292937e-06,3.5292137254637126e-06,9.8422753655811485e-09,4.7796808447376574e-11,0
4215,-3.0454663128306485e-10,5.2892521493035083e-07,5.4078580947854996e-07,-1.1860594548199127e-08,3.0548969455244240e-11,0
4216,-5.4764808880505389e-10,-4.0745037361723108e-06,-4.0680773038410076e-06,-6.4264323313031858e-09,5.0135846480601333e-11,0
4217,-6.5358666627259695e-10,-1.8020551112961705e-04,-1.8019891978004340e-04,-6.5913495736512947e-09,2.2253271406167926e-11,0
4218,1.0676804313184954e-10,2.0804633406797200e-05,2.0804591788624634e-05,4.1618172565160722e-11,1.2369452092621383e-11,0
4219,-1.0593857667648141e-10,-1.7613101976225861e-04,-1.7613393519657445e-04,2.9154343158394047e-09,2.0095735806503660e-11,0
4220,6.5441613302254177e-10,2.4879157947370681e-05,2.4872933161138142e-05,6.2247862325384522e-09,4.3152836668651096e-11,0
4221,7.6035470978027039e-10,2.0101011683704845e-04,2.0100754830863296e-04,2.5685284154848640e-09,1.7058730896247002e-11,0
4222,1.4278876499072414e-10,4.4086045217489947e-05,4.4049706199865775e-05,3.6339017624172174e-08,3.0007615330785690e-11,0
4223,1.7202475426617187e-10,3.4819058632833133e-06,3.5272940386620997e-06,-4.5388175378786366e-08,5.9994144758692765e-11,0
4224,3.8498359142341645e-10,-3.0985054738207757e-06,-3.0727912686696038e-06,-2.5714205151171866e-08,1.4469568503745486e-11,0
4225,2.0730549994426341e-09,1.9741800721452020e-06,2.0108177193930672e-06,-3.6637647247865217e-08,1.9233602241410732e-11,0
4226,-1.9760556514665273e-09,-7.1664249684799675e-06,-7.1613695672429672e-06,-5.0554012370003084e-09,1.9215218669046535e-11,0
4227,-1.9186361093032072e-09,-1.8329476913293320e-04,-1.8329570863618902e-04,9.3950325581845968e-10,1.1227150236245706e-11,0
4228,2.8989336271764286e-10,-3.5136075742061776e-05,-3.5107810401718274e-05,-2.8265340343501782e-08,4.9546866238345463e-11,0
4229,4.4572747071176609e-10,1.7704059659709795e-05,1.7729786062217554e-05,-2.5726402507759278e-08,1.2097185955262067e-11,0
4230,-2.0932397898153375e-09,-2.9765817221426988e-06,-2.9677845040486979e-06,-8.7972180940008504e-09,1.7250911478864018e-11,0
4231,2.1451588731034785e-09,8.9240943362202570e-06,8.9532422470537905e-06,-2.9147910833533580e-08,1.5215955954542634e-11,0
4232,1.6880713993443805e-09,5.0726826403548961e-06,5.0756956369233144e-06,-3.0129965684183344e-09,1.8841950164933611e-11,0
4233,-2.3610392503814706e-09,-4.0679244001955639e-06,-4.0846526143665801e-06,1.6728214171016215e-08,1.8667973317374908e-11,0
4234,-2.3036197004848869e-09,-1.8019626925035040e-04,-1.8021378174902806e-04,1.7512498677661574e-08,8.8575413803709377e-12,0
4235,-9.5090230222906649e-11,-3.2037607240724235e-05,-3.2037854734503225e-05,2.4749377899060910e-10,3.7312281704169417e-11,0
4236,6.0743876260423447e-11,2.0802561178442144e-05,2.0804306096577267e-05,-1.7449181351229446e-09,9.0188352751553683e-12,0
4237,-2.4782233868329510e-09,1.2192595465448496e-07,1.0623187283442996e-07,1.5694081820054998e-08,1.7194591681858219e-11,0
4238,1.7601752684777766e-09,1.2022574006294307e-05,1.2029204570641156e-05,-6.6305643468493857e-09,1.9464111542212372e-11,0
4239,-4.0491106505118553e-09,-9.1406554050777952e-06,-9.1647885253773673e-06,2.4133120299572029e-08,3.6070959658127677e-11,0
4240,-3.9916911058401063e-09,-1.8526890803858415e-04,-1.8529419655488079e-04,2.5288516296642638e-08,1.9803612286283992e-11,0
4241,-1.7831616343283430e-09,-3.7110407076025587e-05,-3.7112632988931568e-05,2.2259129059810749e-09,8.0006056886985992e-11,0
4242,-1.6273275268593039e-09,1.5729945689700944e-05,1.5724535346099333e-05,5.4103436016109943e-09,1.6837552789523450e-11,0
4243,-4.1662947882415420e-09,-4.9507559324252562e-06,-4.9737241849831367e-06,2.2968252557880528e-08,3.3919387596368864e-11,0
4244,7.2103872222737367e-11,6.9498710314502181e-06,6.9476497187298446e-06,2.2213127203735405e-09,2.1592304191305555e-11,0
4245,5.7419549522172999e-11,-1.7612830170284902e-04,-1.7613222052399803e-04,3.9188211490139100e-09,1.4294591575969974e-11,0
4246,2.4217831265014052e-09,2.4870531123864260e-05,2.4889224647450854e-05,-1.8693523586593860e-08,1.5985640954863124e-11,0
4247,-1.1718413647019452e-10,4.1898932315602064e-06,4.1892155668046944e-06,6.7766475551201663e-10,2.1055309496776952e-11,0
4248,4.1212145191942942e-09,1.6090458654629755e-05,1.6109889876833721e-05,-1.9431222203965688e-08,3.1291703817402889e-11,0
4249,2.3643635773046735e-09,2.0099885677248453e-04,2.0102212934728635e-04,-2.3272574801823506e-08,8.4973765323791570e-12,0
4250,-1.7460368530054087e-10,1.8031820033740460e-04,1.8031880872659150e-04,-6.0838918690235555e-10,1.1875207853013425e-11,0
4251,4.0637949712630540e-09,1.9221888948486084e-04,1.9224805425902079e-04,-2.9164774159942675e-08,1.8435978510763007e-11,0
4252,-2.2659490219696182e-09,2.7969657982726114e-05,2.7953326706829801e-05,1.6331275896313543e-08,7.0340132693855291e-11,0
4253,-2.2085294697665497e-09,-1.4815864515876302e-04,-1.4817938173901929e-04,2.0736580256278071e-08,4.0265254301293462e-11,0
4254,1.5583410601350972e-10,5.2840168348980659e-05,5.2841885056031519e-05,-1.7167070508601568e-09,4.7398816445153832e-11,0
4255,-2.3831331578155399e-09,3.2159586984254959e-05,3.2141059551294657e-05,1.8527432960301895e-08,6.2213240990558678e-11,0
4256,1.8552654952904310e-09,4.4060099883540954e-05,4.4065425411090665e-05,-5.3255275497105480e-09,6.2187093316866775e-11,0
4257,-2.5389672641090554e-09,-2.0680666419048768e-05,-2.0700078851463328e-05,1.9412432414559491e-08,1.5445610716899366e-11,0
4258,1.6994313881407796e-09,-8.7799709161673345e-06,-8.7771280010468050e-06,-2.8429151205295363e-09,1.8841155937165640e-11,0
4259,4.2383986559435989e-09,1.1900648175683717e-05,1.1919589861856358e-05,-1.8941686172640307e-08,2.9741444383178667e-11,0
4260,4.3293976691124464e-10,-2.1792760706053349e-06,-2.2371619450396677e-06,5.7885874434332779e-08,4.6104851601686754e-11,0
4261,-4.3635636645491994e-10,5.6050441124295275e-06,5.6036421585743593e-06,1.4019538551681592e-09,1.8113649924102553e-11,0
4262,3.8178861959307509e-11,-4.0573432962612288e-06,-4.0629309880796946e-06,5.5876918184658356e-09,3.8886063690094383e-11,0
4263,-3.1209898391888560e-10,-1.8019608297401902e-04,-1.8019554139262116e-04,-5.4158139786513425e-10,1.7079300165108466e-11,0
4264,1.9115907344515905e-10,2.0806673183258653e-05,2.0805622441221935e-05,1.0507420367173077e-09,1.6100257984932674e-11,0
4265,-6.7452976919525992e-11,1.2851110154504797e-07,1.2811646052157338e-07,3.9464102347458435e-10,3.3842460140908118e-11,0
4266,4.7453522902264573e-10,-9.6623368788062262e-06,-9.6625251616500304e-06,1.8828284380412912e-10,3.3775103098128529e-11,0
4267,1.2425738302013488e-10,-1.8580110999592402e-04,-1.8579640465877825e-04,-4.7053371457679311e-09,1.7943574890030787e-11,0
4268,6.2751543972265924e-10,1.5201590705265795e-05,1.5201992100453428e-05,-4.0139518763315850e-10,1.6014512027014570e-11,0
4269,3.6890339014974434e-10,-5.4764984058182711e-06,-5.4780227487884037e-06,1.5243429701325672e-09,4.6108379936063706e-11,0
4270,-3.5027784608888238e-10,-1.7613876123159615e-04,-1.7613570048212086e-04,-3.0607494752945847e-09,2.2497400034127997e-11,0
4271,1.5298021015724065e-10,2.4864027618573536e-05,2.4868821206573262e-05,-4.7935879997259559e-09,2.6856175141582770e-11,0
4272,-1.0563183886839990e-10,4.1858051323326317e-06,4.1893814901058728e-06,-3.5763577732410810e-09,3.9738068328051003e-11,0
4273,5.0325805757965476e-10,2.0100276243094784e-04,2.0100521002822496e-04,-2.4475972771177777e-09,1.6867792537614650e-11,0
4274,2.4464600695928798e-10,1.8032461152865664e-04,1.8032246258391064e-04,2.1489447459997410e-09,2.2070987029917545e-11,0
4275,-2.5861205002441716e-10,-2.0678113435012354e-05,-2.0679514567217733e-05,1.4011322053792080e-09,2.8706726078052434e-11,0
4277,5.6527559729849179e-10,5.0782220678280421e-06,5.0652803550610054e-06,1.2941712767036640e-08,2.2987286165771118e-11,0
4278,-4.9786015993258774e-10,5.6059469662143174e-06,5.6030582559546041e-06,2.8887102597133517e-09,1.8196553024121995e-11,0
4279,3.1372335919924838e-10,-4.0493478608676081e-06,-4.0604932633728734e-06,1.1145402505265252e-08,2.1573468943847547e-11,0
4280,-1.8738112160558079e-10,-1.8019319105391698e-04,-1.8019430494383264e-04,1.1138899156618465e-09,1.0498764373596977e-11,0
4281,2.4263579310853256e-10,2.0806000473095471e-05,2.0806189125438821e-05,-1.8865234335024221e-10,1.2451380235284919e-11,0
4282,1.7743846942704042e-10,-2.6753029920834059e-06,-2.6854973946872644e-06,1.0194402603858412e-08,8.9383322758619994e-12,0
4283,-1.0631357546349318e-09,5.2769114928640642e-07,5.3414762064239238e-07,-6.4564713559859543e-09,3.1358564480545524e-11,0
4284,-2.5155223457081129e-10,-9.1275889559120575e-06,-9.1302161693691369e-06,2.6272134570794322e-09,4.3592156236056304e-11,0
4286,-3.2263980303286756e-10,1.5727745160188863e-05,1.5736879963964834e-05,-9.1348037759700416e-09,2.1293970412759454e-11,0
4287,-3.8783712416154723e-10,-7.7534787716201058e-06,-7.7575526750567296e-06,4.0739034366238646e-09,1.8838915980827421e-11,0
4288,8.1158351966689413e-10,-9.6553357512045232e-06,-9.6594924552268810e-06,4.1567040223578188e-09,3.1645903239216829e-11,0
4289,3.1047903898323751e-10,-1.8579913030454445e-04,-1.8579459444027996e-04,-4.5358642644828528e-09,1.9360627413133872e-11,0
4290,7.4049595221820458e-10,1.5200032876887780e-05,1.5203169489302196e-05,-3.1366124144162219e-09,1.4893075667037432e-11,0
4291,6.7529863000148999e-10,-8.2812384759791552e-06,-8.2901360476702017e-06,8.8975716910465462e-09,1.5212937332720729e-11,0
4292,-5.0110448058833196e-10,-1.7614379740878497e-04,-1.7613690076778837e-04,-6.8966409965981901e-09,1.4773414188785529e-11,0
4293,-7.1087568489874391e-11,2.4855393003120341e-05,2.4866951555678571e-05,-1.1558552558229885e-08,1.8876849992577163e-11,0
4294,-1.3628488958478517e-10,1.3740957943418099e-06,1.3789976470390905e-06,-4.9018526972805850e-09,1.0475106640371380e-11,0
4295,4.3001691396474189e-10,2.0099916118014420e-04,2.0100454380617600e-04,-5.3826260317945025e-09,1.1783546022159873e-11,0
4296,3.6481959102161461e-10,1.7751787567632255e-04,1.7751152704340823e-04,6.3486329143259707e-09,6.3254279045800502e-12,0
4297,-6.5197323408168503e-11,-2.3481293379789756e-05,-2.3492606766477050e-05,1.1313386687294671e-08,8.8480908221277601e-12,0
4298,1.6825552495487853e-10,5.2841324752334973e-05,5.2842434370817045e-05,-1.1096184820725283e-09,1.1135899993817607e-11,0
4299,5.8998250039272955e-12,8.9222817647952729e-06,8.9342273759546729e-06,-1.1945611159399966e-08,1.9177489421047630e-11,0
4300,1.2354369633083195e-10,6.0445661522376924e-06,6.0516363609375981e-06,-7.0702086999056900e-09,4.8427636133553596e-11,0
4301,-1.7895480882622123e-10,-1.7612977965894973e-04,-1.7613360390085050e-04,3.8242419007721278e-09,1.2067430862956813e-11,0
4302,-9.5279110504231655e-11,4.1894260416026419e-06,4.1896207002037807e-06,-1.9465860113876610e-10,2.0917064624954142e-11,0
4303,-9.5287401218062510e-11,1.3798200322132775e-06,1.3794609829887041e-06,3.5904922457345075e-10,6.8654062782207737e-12,0
4304,8.3675698134003117e-11,1.8031922642613323e-04,1.8032062421415683e-04,-1.3977880235921131e-09,1.1858416500243325e-11,0
4305,8.3667407417667831e-11,1.7750959916182287e-04,1.7750869445835329e-04,9.0470346958328868e-10,3.9033441577464630e-12,0
4307,9.3544990986956654e-11,-3.1108367019375138e-06,-3.0753787807956819e-06,-3.5457921141831912e-08,1.8797535579350223e-11,0
4308,-5.6313248509437066e-10,1.9419251725133480e-06,1.9864644712919506e-06,-4.4539298778602633e-08,4.1334757345763765e-11,0
4309,1.9134734666052509e-10,-3.5148151933039537e-05,-3.5108580188918092e-05,-3.9571744121445469e-08,4.6492391297133522e-11,0
4310,1.6837889305134581e-10,1.7690996063531028e-05,1.7727911138788849e-05,-3.6915075257820912e-08,1.5915355718976867e-11,0
4311,-5.9452410413194479e-10,8.8906156371811040e-06,8.9289444831553626e-06,-3.8328845974258612e-08,2.9026915948015559e-11,0
4312,-6.5667747704605231e-10,5.0527136620116125e-06,5.0539345753464981e-06,-1.2209133348855237e-09,2.1028417462054225e-11,0
4313,9.7802355550893935e-11,-3.2037397769802832e-05,-3.2036252648916405e-05,-1.1451208864268216e-09,2.9583025817219126e-11,0
4314,7.4833901809096698e-11,2.0801819150422819e-05,2.0804925240987094e-05,-3.1060905642745927e-09,8.2144250717053083e-12,0
4315,-6.8806909664306078e-10,1.2001489967671669e-05,1.2007370532725061e-05,-5.8805650533918038e-09,1.7972545366398598e-11,0
4316,7.5447983393727273e-10,-3.7090055417184770e-05,-3.7089154189997864e-05,-9.0122718690604413e-10,7.5901093635574610e-11,0
4317,7.3151137998725970e-10,1.5749062762455621e-05,1.5747014633795810e-05,2.0481286598109593e-09,1.4612174844492449e-11,0
4318,-3.1391620472393690e-11,6.9487391729680615e-06,6.9477002295864529e-06,1.0389433816086635e-09,2.5389936347521120e-11,0
4319,-2.2968453755514742e-11,5.2839208968598773e-05,5.2840886777607239e-05,-1.6778090084667218e-09,2.7430968940123103e-11,0
4320,-7.8587145235166377e-10,4.4038777130427434e-05,4.4041984735197933e-05,-3.2076047704987336e-09,5.0931575303277193e-11,0
4321,-7.6290299893114869e-10,-8.8003081175000442e-06,-8.7995071576586984e-06,-8.0095984134580115e-10,1.4131752063197977e-11,0
4322,-1.9013683677325675e-10,5.0579114725174054e-06,5.0581065351106890e-06,-1.9506259328357751e-10,1.2766535764268394e-11,0
4323,1.1489634395704961e-10,-3.2034642484516122e-05,-3.2036120779835172e-05,1.4782953190498288e-09,1.5587456435072419e-11,0
4324,1.4735751477480146e-10,2.0806834417102854e-05,2.0805660819217372e-05,1.1735978854822361e-09,5.0866563284323673e-12,0
4325,-8.6514573189446904e-11,1.2009302947296914e-05,1.2012904691162968e-05,-3.6017438660542654e-09,1.3796634309587968e-11,0
4326,3.0503318116189969e-10,-3.7092524005754440e-05,-3.7093176313908350e-05,6.5230815391017832e-10,6.6948271822171985e-11,0
4327,3.3749435197106007e-10,1.5748917479920486e-05,1.5743593644837903e-05,5.3238350825839510e-09,9.9467269398023698e-12,0
4328,1.0362226349311590e-10,6.9513890257658605e-06,6.9490816123150834e-06,2.3074134507770227e-09,1.5944928371843406e-11,0
4329,3.2461170817638309e-11,5.2841494162506736e-05,5.2841488104076354e-05,6.0584303822634397e-12,2.1450366148922950e-11,0
4330,-2.0141091700389505e-10,4.4043883113207248e-05,4.4047386317327690e-05,-3.5032041204415476e-09,5.3111046193318081e-11,0
4331,-2.3387208783741667e-10,-8.7975152223362073e-06,-8.7946970773723507e-06,-2.8181449638565374e-09,9.3092033788220893e-12,0
4332,2.6691974141866704e-10,6.0841061519326806e-06,6.0528953659517221e-06,3.1210785980958453e-08,4.4172081902148399e-11,0
4333,-4.1830323460535008e-11,-1.7612962187202449e-04,-1.7613209775901089e-04,2.4758869863973545e-09,2.3825337241873385e-11,0
4334,-3.4607233246182524e-11,4.1888561466865530e-06,4.1902421121486208e-06,-1.3859654620678171e-09,3.9657997726074309e-11,0
4335,7.2230901801479478e-12,1.8031845643839449e-04,1.8031974863309431e-04,-1.2921946998208957e-09,2.2485397230609551e-11,0
4336,1.6734369330924299e-10,1.9827195551441696e-06,1.9929878871176669e-06,-1.0268331973497222e-08,3.0275890821202039e-11,0
4337,4.4618507904467995e-11,8.9281711766293556e-06,8.9349380720914031e-06,-6.7668954620475391e-09,2.2550195861247883e-11,0
4338,-1.2272518540976494e-10,6.9453893150684190e-06,6.9471689029147983e-06,-1.7795878463793463e-09,1.6527797978943615e-11,0
4339,-3.6655205328022900e-10,5.6074404412996721e-06,5.6041318577581691e-06,3.3085835415030176e-09,1.5654291466183665e-11,0
4340,-2.6000890065333338e-10,-4.0735490936310778e-06,-4.0660342895149908e-06,-7.5148041160869790e-09,2.5689809008611018e-11,0
4341,-4.3632200026919674e-10,-1.8020533599506609e-04,-1.8019607062394615e-04,-9.2653711199414731e-09,1.0320717875011669e-11,0
4342,5.7215967946890581e-11,-3.2036055019340662e-05,-3.2036688434151635e-05,6.3341481097213027e-10,5.5313847580580997e-11,0
4343,1.3132457316206512e-10,2.0810750932900510e-05,2.0805655461620241e-05,5.0954712802691682e-09,1.0089940522846244e-11,0
4344,-3.2918313349864118e-10,1.1495349309768865e-07,1.2560021460270909e-07,-1.0646721505020442e-08,2.2364936311426586e-11,0
4345,-3.2918968864493825e-10,-2.6946372225604420e-06,-2.6902520740533193e-06,-4.3851485071226788e-09,8.6243392258069324e-12,0
4346,1.0654315299347906e-10,-9.6810419011484489e-06,-9.6660534143004607e-06,-1.4988486847988206e-08,2.9161154431637112e-11,0
4347,-6.9769946765566400e-11,-1.8581280683185875e-04,-1.8579748280760373e-04,-1.5324024255010697e-08,1.3197485620560530e-11,0
4348,4.2376802128912407e-10,-3.7643591102672416e-05,-3.7634747585739142e-05,-8.8435169332741503e-09,4.3670980762105028e-11,0
4349,4.9787662651750657e-10,1.5203267019404726e-05,1.5201692056840334e-05,1.5749625643913211e-09,1.4660284464324311e-11,0
4350,3.7368920121429952e-11,-5.4925063552122705e-06,-5.4810369155864296e-06,-1.1469439625840894e-08,3.3612526022946480e-11,0
4351,3.7362364977341277e-11,-8.3020579492477931e-06,-8.2959085110935189e-06,-6.1494381542741457e-09,1.2443446667990322e-11,0
4352,-1.7631309928509912e-10,-1.7613175119271084e-04,-1.7613312062484844e-04,1.3694321375934838e-09,1.8081649618083706e-11,0
4353,3.9133347450951778e-10,2.4884336291873879e-05,2.4871965649493310e-05,1.2370642380569465e-08,2.0029618066959211e-11,0
4354,-6.9174232788275070e-11,4.1885069342086079e-06,4.1899816128315012e-06,-1.4746786228933667e-09,2.7257822547280298e-11,0
4355,-6.9180787934358956e-11,1.3789454302109115e-06,1.3798113371053085e-06,-8.6590689439697074e-10,1.0103289240807545e-11,0
4356,5.6764657413648418e-10,2.0101609375248672e-04,2.0100579298305862e-04,1.0300769428102591e-08,7.0240308593190919e-12,0
4357,1.0713886623379020e-10,1.8032026154665313e-04,1.8032051803717485e-04,-2.5649052171994140e-10,1.7415661718312799e-11,0
4358,1.0713231108800709e-10,1.7751068918688429e-04,1.7750856271603693e-04,2.1264708473624824e-09,6.4127411316623375e-12,0
4359,-3.1722486861347748e-10,2.7962538241600027e-05,2.7970772288842524e-05,-8.2340472424976229e-09,7.8390808140875012e-11,0
4360,-4.9353796822492592e-10,-1.4816922651584782e-04,-1.4816287032093110e-04,-6.3561949167282705e-09,4.4527203027363879e-11,0
4361,7.4108605214895726e-11,5.2846904412112098e-05,5.2842046015863483e-05,4.8583962486151914e-09,4.4822434752221999e-11,0
4362,-3.8639910146023703e-10,3.2151149923179134e-05,3.2159238306620153e-05,-8.0883834410185821e-09,7.0165476272426585e-11,0
4363,-3.8640565660523351e-10,2.9341616982611271e-05,2.9341459212407367e-05,1.5777020390405098e-10,4.9019734867188015e-11,0
4364,-4.6050770648709166e-10,-2.0695804116614702e-05,-2.0682081298871155e-05,-1.3722817743547168e-08,1.7786348814442512e-11,0
4365,-4.6051426163109088e-10,-2.3505413073540704e-05,-2.3496844097613400e-05,-8.5689759273037359e-09,6.7055789435826351e-12,0
4367,4.2297881958255983e-10,3.5369139143306624e-06,3.5295753904263485e-06,7.3385239043139744e-09,3.6625017391285167e-11,0
4368,-3.8297294015700549e-10,5.5855593709928930e-06,5.6039585958157273e-06,-1.8399224822834324e-08,4.2581994546892844e-11,0
4369,-9.1404292441810851e-11,-4.0717436180423821e-06,-4.0645665439117737e-06,-7.1770741306084198e-09,8.4900166813917512e-11,0
4370,-2.5762860679943718e-10,-1.8021366986558686e-04,-1.8019434683259449e-04,-1.9323032992364826e-08,2.9047709475547628e-11,0
4371,6.5157867608349737e-11,-3.2022996388811559e-05,-3.2036645695395714e-05,1.3649306584154674e-08,4.9842862089366652e-11,0
4372,2.9156864716007564e-10,-9.6571465894789918e-06,-9.6644016873768907e-06,7.2550978978989456e-09,5.3799884386189311e-11,0
4373,1.2534433301396738e-10,-1.8579909781155177e-04,-1.8579559555823570e-04,-3.5022533160784623e-09,2.7275136085717187e-11,0
4374,4.4813080776834330e-10,-3.7608516125687066e-05,-3.7634485715892277e-05,2.5969590205210098e-08,5.1607656578702394e-11,0
4375,-1.6622431431961901e-10,-1.7614204376498535e-04,-1.7613286362100662e-04,-9.1801439787333582e-09,3.7497236702404347e-11,0
4377,-3.2278647432271624e-10,-1.4819084627312393e-04,-1.4816119377702018e-04,-2.9652496103747513e-08,9.4247689282354846e-11,0
4378,4.2075992640624760e-10,3.5492382218435536e-06,3.5295552191019425e-06,1.9683002741611186e-08,4.9570606645273816e-11,0
4379,8.2761688324745330e-11,1.5743314404584752e-05,1.5741845851237191e-05,1.4685533475618294e-09,8.2935920047380392e-12,0
4380,1.6247082421440477e-10,6.9704317194824519e-06,6.9501601526763408e-06,2.0271566806111116e-08,1.2370123923231085e-11,0
4381,7.9709135866194703e-11,-8.7728920585544018e-06,-8.7918435365650605e-06,1.8951478010658754e-08,8.1013572635072145e-12,0
4382,-2.2383831602616164e-10,-1.8525871429325106e-04,-1.8525815117180364e-04,-5.6312144742142953e-10,2.5174246021515689e-11,0
4383,-7.3561035751255874e-11,1.5736415059059740e-05,1.5740572151711603e-05,-4.1570926518635248e-09,2.2909431566352923e-11,0
4384,1.5027728049234783e-10,2.0099518103862835e-04,2.0100199797722440e-04,-6.8169385960485229e-09,1.2010101831269941e-11,0
4386,2.6671148523145692e-10,3.5016635494908993e-06,3.5281548087016934e-06,-2.6491259210794137e-08,5.4613293718957413e-11,0
4387,5.6867589340651023e-10,-2.2579286173066149e-06,-2.2358361693086940e-06,-2.2092447997920846e-08,5.7297203514959862e-11,0
4388,3.0196440779910479e-10,-5.7595260167155743e-06,-5.7580691311542201e-06,-1.4568855613542419e-09,1.0562188883589737e-11,0
4389,-4.3319899880095383e-10,5.6051144592585839e-06,5.6034456659834556e-06,1.6687932751282690e-09,1.0918391458881370e-11,0
4390,1.2310670106586387e-10,-4.0582109315408232e-06,-4.0627691485590644e-06,4.5582170182411456e-09,1.9858297991695048e-11,0
4391,-2.5488717010732735e-10,-1.8019488405627095e-04,-1.8019408856027782e-04,-7.9549599313376643e-10,1.1198450793237319e-11,0
4392,9.8647620697132827e-11,-3.2035669351680013e-05,-3.2036410448103229e-05,7.4109642321561545e-10,4.8810825388853524e-11,0
4393,1.9693470793482651e-10,2.0807523810175213e-05,2.0806571796203122e-05,9.5201397209054763e-10,9.0318925218257587e-12,0
4394,1.3809100498142192e-11,1.2833494602258744e-07,1.2864233801528582e-07,-3.0739199269838732e-10,2.2203696946882251e-11,0
4395,5.5630570044611710e-10,-9.6632997738728584e-06,-9.6620661824151458e-06,-1.2335914577125387e-09,1.6438772184807609e-11,0
4396,1.7831182916154896e-10,-1.8579999123499377e-04,-1.8579484738542382e-04,-5.1438495699484502e-09,9.9407439572194140e-12,0
4397,5.3184661925747576e-10,-3.7640798229678779e-05,-3.7633629792446489e-05,-7.1684372322897583e-09,3.1425008901266956e-11,0
4398,6.3013370645454710e-10,1.5202398771988271e-05,1.5203381428694561e-05,-9.8265670629021657e-10,8.6170089630727305e-12,0
4399,4.4700809988786027e-10,-5.4767603560639523e-06,-5.4773131588688048e-06,5.5280280485254759e-10,2.3345843029241245e-11,0
4400,-3.7799387132738296e-10,-1.7613665901163901e-04,-1.7613440049348328e-04,-2.2585181557257823e-09,1.2582187046458665e-11,0
4401,7.3828005614050300e-11,2.4865739983561189e-05,2.4869621345783607e-05,-3.8813622224181693e-09,1.6738390982189852e-11,0
4402,-1.0929760055083762e-10,4.1865722097801997e-06,4.1897658403290950e-06,-3.1936305488953524e-09,2.2143504976216607e-11,0
4403,4.5182187824977826e-10,2.0100239346460685e-04,2.0100473873269068e-04,-2.3452680838218030e-09,9.6412170787379572e-12,0
4404,2.6869627057536501e-10,1.8032326416110491e-04,1.8032160164299416e-04,1.6625181107547508e-09,1.3357801931099592e-11,0
4405,2.4459080419797900e-11,2.7977557017712547e-05,2.7973756531785685e-05,3.8004859268622358e-09,6.6680956341039024e-11,0
4406,-3.5353479076368773e-10,-1.4815909893364592e-04,-1.4816118134286882e-04,2.0824092228962764e-09,6.3757711907863317e-11,0
4407,9.8287087234949146e-11,5.2843231304499977e-05,5.2842674373159738e-05,5.5693134023808433e-10,4.9235544035595148e-11,0
4408,-8.4838520150525016e-11,3.2164002641658918e-05,3.2161991918835534e-05,2.0107228233836563e-09,9.1310703790911074e-11,0
4409,-1.8312560713321136e-10,-2.0679132106615154e-05,-2.0679965193598090e-05,8.3308698293685498e-10,1.6434453675678645e-11,0
4410,1.1774970148394770e-11,6.9525650038404366e-06,6.9491862455412603e-06,3.3787582991763406e-09,1.5953331445462872e-11,0
4411,3.6769598564924660e-10,3.5247792901296890e-06,3.5290728299654632e-06,-4.2935398357742587e-09,2.7636135637123394e-11,0
4412,5.2320230460722036e-10,-2.2296300358284893e-06,-2.2362368426799475e-06,6.6068068514582562e-09,4.1000488433843524e-11,0
4413,1.5550631895764979e-10,-5.7543897458659649e-06,-5.7594130082156470e-06,5.0232623496821490e-09,9.0548098232505039e-12,0
4414,2.4723416784919242e-10,5.0980220169076496e-06,5.0615560681541747e-06,3.6465948753474903e-08,1.9219872904163443e-11,0
4415,-4.3525137088113277e-10,5.6006318752640540e-06,5.6033969072935167e-06,-2.7650320294627661e-09,1.8123812540505673e-11,0
4416,-4.1987621065737632e-11,-1.8019043587830762e-04,-1.8019202847531249e-04,1.5925970048757867e-09,1.2228051325257524e-11,0
4417,1.0007127949184568e-10,-3.2034678549336740e-05,-3.2036434477793305e-05,1.7559284565650882e-09,4.5799231694028013e-11,0
4418,1.7324844863555115e-10,2.0809836859013615e-05,2.0806476350390617e-05,3.3605086229979619e-09,9.7403702475885300e-12,0
4419,1.9628423078820000e-10,1.7534667400703752e-07,1.3027271594882936e-07,4.5073958058208161e-08,2.1449185871129680e-11,0
4420,-6.8248553764630727e-10,5.0264555536902455e-07,5.3825485660191276e-07,-3.5609301232888206e-08,3.3734599245944947e-11,0
4421,-2.8922178774174137e-10,-1.8528844890023342e-04,-1.8525826879770550e-04,-3.0180102527927865e-08,2.6794409045033413e-11,0
4422,-1.4716288810720442e-10,-3.7132579404706989e-05,-3.7096802906789271e-05,-3.5776497917718183e-08,6.2637184869050872e-11,0
4423,-7.3985719054159533e-11,1.5711776252013906e-05,1.5741076704201591e-05,-2.9300452187684954e-08,2.0002895661951013e-11,0
4424,-5.0949935857534985e-11,-4.9227028043764137e-06,-4.9354238286942805e-06,1.2721024317866828e-08,4.1245763134813466e-11,0
4425,3.9326374980072299e-10,-1.8579105956800616e-04,-1.8579275084602270e-04,1.6912780165343356e-09,1.6415602738815387e-11,0
4426,5.3532265053383506e-10,-3.7635346261363604e-05,-3.7633547496121705e-05,-1.7987652418992653e-09,4.8737389233157719e-11,0
4427,6.0849981969234417e-10,1.5209200340023619e-05,1.5203367286883716e-05,5.8330531399039591e-09,1.4958911878169454e-11,0
4428,6.3153560165349332e-10,-5.4252512460377378e-06,-5.4756357305358910e-06,5.0384484498153224e-08,3.8284642380007207e-11,0
4429,2.1523606938958033e-10,2.0100024207003018e-04,2.0100258750355349e-04,-2.3454335233155047e-09,9.9105825503515887e-12,0
4430,2.3827185186509946e-10,1.8036578613426189e-04,1.8032118075984088e-04,4.4605374421017490e-08,1.7044034081942743e-11,0
4431,-1.4205890040536726e-10,-1.4815581224122769e-04,-1.4815910288676424e-04,3.2906455365482382e-09,6.2717454454539981e-11,0
4432,7.3177169130179759e-11,5.2844484689586885e-05,5.2842599212825700e-05,1.8854767611846488e-09,4.7521879602691381e-11,0
4433,9.6212951453571565e-11,3.2210003513607338e-05,3.2163642382165687e-05,4.6361131441651263e-08,5.1136990377978098e-11,0
4434,2.3035782486252297e-11,-2.0634436633868228e-05,-2.0678242998760207e-05,4.3806364891979175e-08,1.8819915825345531e-11,0
4435,-3.6235703138034837e-11,-7.1481182347173794e-06,-7.1443551391250929e-06,-3.7630955922864442e-09,4.0742066307498690e-11,0
4436,1.9658936531548837e-10,-1.8326678554032600e-04,-1.8327505695815168e-04,8.2714178256779354e-09,2.8301229875229758e-11,0
4437,-1.7615889533445744e-11,-5.7669121202880841e-06,-5.7610003706473465e-06,-5.9117496407376193e-09,1.7597092422329671e-11,0
4438,2.3282506852503437e-10,-1.7611871203162752e-04,-1.7612840620112214e-04,9.6941694946244775e-09,2.7485472374345113e-11,0
4439,1.8619813646998902e-11,1.3812456570211525e-06,1.3808543977298322e-06,3.9125929132023329e-10,1.9474915987081170e-11,0
4440,-2.1420525479442319e-10,1.7749988195599371e-04,1.7750489390867282e-04,-5.0119526791053866e-09,1.0889140098847888e-11,0
4441,-4.2722864214956921e-10,5.5971941791475681e-06,5.6034353923117954e-06,-6.2412131642273415e-09,2.8722779215805793e-11,0
4442,1.2270835631255298e-10,2.0811281753348003e-05,2.0806154092811208e-05,5.1276605367954063e-09,1.4328454299226580e-11,0
4447,6.5767741559854622e-11,-3.0935854301384139e-06,-3.0755200698530743e-06,-1.8065360285339571e-08,1.5290281869986964e-11,0
4448,-6.0253650836461361e-10,1.9573510500348751e-06,1.9854080168159519e-06,-2.8056966781076775e-08,2.9723874606886249e-11,0
4449,1.5900329557739051e-10,-3.5131886653894280e-05,-3.5108647595994777e-05,-2.3239057899502994e-08,3.6449764591318637e-11,0
4450,1.3165072875733985e-10,1.7708225392844973e-05,1.7728739206601343e-05,-2.0513813756370012e-08,1.1685562955211919e-11,0
4451,-6.3351719410889416e-10,8.9077525068509411e-06,8.9296828210308393e-06,-2.1930314179898164e-08,2.2986469047525439e-11,0
4452,-6.6830425052920107e-10,5.0509665012569982e-06,5.0530278127377397e-06,-2.0613114807414878e-09,2.0699987463980988e-11,0
4453,9.3235553956917821e-11,-3.2038260699326568e-05,-3.2036566411044616e-05,-1.6942882819518052e-09,2.8810307663482346e-11,0
4454,6.5882987054657479e-11,2.0801796315949792e-05,2.0805726617676989e-05,-3.9303017271970447e-09,8.3041624949716275e-12,0
4455,-6.9928493662598981e-10,1.2001319004710867e-05,1.2008027635294776e-05,-6.7086305839094069e-09,1.7800729510457347e-11,0
4456,7.6153980583779106e-10,-3.7089275385216933e-05,-3.7088353288197350e-05,-9.2209701958284032e-10,6.8569443153594176e-11,0
4457,7.3418723874012579e-10,1.5750820892712451e-05,1.5748900887263097e-05,1.9200054493547620e-09,1.4857304698410572e-11,0
4458,-3.0980686966572114e-11,6.9503457841442982e-06,6.9494860816035770e-06,8.5970254072126963e-10,2.4269792067721849e-11,0
4459,-2.7352566925650971e-11,5.2840041920414367e-05,5.2841974345413221e-05,-1.9324249988540970e-09,2.8241898385833322e-11,0
4460,-7.9252049080596475e-10,4.4039537393819606e-05,4.4042947416237953e-05,-3.4100224183478546e-09,5.3333308467818737e-11,0
4461,-7.6516792424498460e-10,-8.8004869510036055e-06,-8.7995183595039528e-06,-9.6859149965262460e-10,1.3594998848171138e-11,0
4462,3.0358491620712565e-11,4.1936704802836983e-06,4.1911987220812991e-06,2.4717582023991774e-09,3.0260139459390098e-11,0
4463,-1.0499088139464728e-10,1.7750449625902453e-04,1.7750575922501532e-04,-1.2629659907953047e-09,1.0619456520922058e-11,0
4464,5.9367814747035202e-11,6.0395654227062695e-06,6.0507739100914442e-06,-1.1208487385174650e-08,4.8976761661464728e-11,0
4465,-2.0232234020828515e-10,5.0571212636390389e-06,5.0571946932474469e-06,-7.3429608407961399e-11,6.9169590993906170e-12,0
4466,1.1231099780345340e-10,-3.2035267111524225e-05,-3.2036416529117644e-05,1.1494175934193018e-09,1.4838411422282570e-11,0
4467,1.4099671513695092e-10,2.0807104080215440e-05,2.0806485741904351e-05,6.1833831108880572e-10,5.0019898057263117e-12,0
4468,-9.3988164013879112e-11,1.2009865696391200e-05,1.2013595813451429e-05,-3.7301170602294906e-09,6.8311124730267709e-12,0
4469,3.1463333847368940e-10,-3.7092367152426371e-05,-3.7092352320007441e-05,-1.4832418930230129e-11,3.5389835581524923e-11,0
4470,3.4331905579828418e-10,1.5749990461447899e-05,1.5745508523556813e-05,4.4819378910860024e-09,9.5675780965621098e-12,0
4471,1.0833417610735947e-10,6.9527431969403607e-06,6.9509065633054181e-06,1.8366336349426047e-09,8.4149004958232823e-12,0
4472,2.8685717334440921e-11,5.2842425168056408e-05,5.2842581205033780e-05,-1.5603697737246120e-10,2.0751961378402890e-11,0
4473,-2.0629916170390907e-10,4.4045093499235632e-05,4.4048365005241055e-05,-3.2715060054220820e-09,2.8461537769894167e-11,0
4474,-2.3498487907936822e-10,-8.7972251655880560e-06,-8.7946978054956755e-06,-2.5273600923804993e-09,8.9312103574510483e-12,0
4475,3.5974467676797465e-09,-7.1439948696227010e-06,-7.1114298717280407e-06,-3.2564997894660223e-08,6.9736542725085991e-11,0
4476,7.6319964673674724e-09,-1.8325673566039818e-04,-1.8320721706815122e-04,-4.9518592246957337e-08,2.8280834765910629e-11,0
4478,4.0345496936268949e-09,-1.7611283175465991e-04,-1.7609346087175845e-04,-1.9370882901458431e-08,4.1399722414259200e-11,0
4479,8.0830865992827889e-10,1.3833198352372709e-06,1.3881279682318771e-06,-4.8081329946062052e-09,1.0079709552388740e-11,0
4480,-3.2262410554612546e-09,1.7749606055372747e-04,1.7747722313828578e-04,1.8837415441690011e-08,1.0017513309349778e-11,0
4481,2.0530263308167420e-10,6.0650181194429886e-06,6.0520581213718323e-06,1.2959998071156350e-08,5.0133183139594859e-11,0
4482,1.5312440861028610e-10,-3.0873432389933592e-06,-3.0746972605131400e-06,-1.2645978480219207e-08,2.2433642496281945e-11,0
4483,1.8843211193630535e-09,1.9917842223600261e-06,2.0078353175446699e-06,-1.6051095184643749e-08,3.4471395826275059e-11,0
4484,-2.0362707404626364e-09,-7.1598708472273009e-06,-7.1626908601123262e-06,2.8200128850252985e-09,2.4700563586049042e-11,0
4485,-2.1215714632364348e-09,-1.8328484558513027e-04,-1.8329577731550776e-04,1.0931730377497896e-08,1.6242390078717108e-11,0
4486,1.1339107987510137e-10,-3.5126455207781966e-05,-3.5109003818551634e-05,-1.7451389230331972e-08,9.9780928651691217e-11,0
4487,3.0042894281095054e-10,1.7715907821395926e-05,1.7730573080594831e-05,-1.4665259198904848e-08,1.3668158453310293e-11,0
4488,-2.1876136611184531e-09,-2.9693126261162023e-06,-2.9687170828129695e-06,-5.9554330323278976e-10,2.6923849284327498e-11,0
4489,2.0244648327371027e-09,8.9421138816110201e-06,8.9541275114556935e-06,-1.2013629844673373e-08,2.6326172065337877e-11,0
4490,1.7311967066508011e-09,5.0791799436258195e-06,5.0746344703956275e-06,4.5454732301920169e-09,2.0177782531983780e-11,0
4491,-2.1893951534067148e-09,-4.0725590780624210e-06,-4.0841818234497817e-06,1.1622745387360712e-08,1.9469802270966191e-11,0
4492,-2.2746958723181968e-09,-1.8019745064599664e-04,-1.8021185335349374e-04,1.4402707497099916e-08,8.6487333164625352e-12,0
4493,-3.9733329433223545e-11,-3.2038960135622341e-05,-3.2037845380244857e-05,-1.1147553774846055e-09,3.7892864756924244e-11,0
4494,1.4730453280524730e-10,2.0803273332153146e-05,2.0806694375881786e-05,-3.4210437286398023e-09,9.7239487794044125e-12,0
4495,-2.3407380731475560e-09,1.1812377953644010e-07,1.0710165079361811e-07,1.1022128742821986e-08,1.8254373646055539e-11,0
4496,1.8713404178091299e-09,1.2029480528865169e-05,1.2031592148029766e-05,-2.1116191645974080e-09,1.8926026018299038e-11,0
4497,-3.9205918596976295e-09,-9.1517298576905548e-06,-9.1632724552513534e-06,1.1542597560798551e-08,3.9412511687338923e-11,0
4498,-4.0058925841665050e-09,-1.8527664283289787e-04,-1.8529115826837898e-04,1.4515435481111125e-08,1.8362109738110584e-11,0
4499,-1.7709300409383264e-09,-3.7117977511427411e-05,-3.7111185316732409e-05,-6.7921946950014796e-09,8.9617196465417275e-11,0
4500,-1.5838921776589786e-09,1.5724137484596570e-05,1.5728307906813330e-05,-4.1704222167595023e-09,1.8633143461870496e-11,0
4501,-4.0719347807758204e-09,-4.9611164458073648e-06,-4.9716258544247743e-06,1.0509408617409491e-08,2.7507000028957526e-11,0
4502,1.4014371434563373e-10,6.9502868426752967e-06,6.9515011664399308e-06,-1.2143237646340658e-09,2.2134398069773397e-11,0
4503,-8.5300715232645825e-11,-1.7612495235995191e-04,-1.7613074685676728e-04,5.7944968153669958e-09,1.3262158376643862e-11,0
4504,2.3366996890657364e-09,2.4875794565372260e-05,2.4891164676341346e-05,-1.5370110969086252e-08,1.6809770466139318e-11,0
4505,-1.5134291884243944e-10,4.1906212721666862e-06,4.1896508226193272e-06,9.7044954735896611e-10,2.1751914660126769e-11,0
4506,4.0607355693013745e-09,1.6101975235485386e-05,1.6112080080033517e-05,-1.0104844548131445e-08,3.1830885155629769e-11,0
4507,2.4220004048408779e-09,2.0100073321199004e-04,2.0102264669366943e-04,-2.1913481679382936e-08,8.5110816228480636e-12,0
4508,-6.6042201834205104e-11,1.8031552096387546e-04,1.8031786798090952e-04,-2.3470170340631619e-09,1.2711644016832361e-11,0
4509,4.1460362881123297e-09,1.9222693434044549e-04,1.9224845721770912e-04,-2.1522877263627574e-08,1.7474495457297295e-11,0
4510,-2.1496618264662727e-09,2.7966282777578408e-05,2.7953773566150489e-05,1.2509211427919292e-08,7.2957746742761897e-11,0
4511,-2.2349625427440175e-09,-1.4815846404343867e-04,-1.4817753828631590e-04,1.9074242877227879e-08,4.3999835348575964e-11,0
4512,1.8703786181689737e-10,5.2842239128403595e-05,5.2844213964819526e-05,-1.9748364159312176e-09,5.0240436219434821e-11,0
4513,-2.3010047455477749e-09,3.2157129730161615e-05,3.2141867285965466e-05,1.5262444196148495e-08,5.3037559990995395e-11,0
4514,1.9110737433305623e-09,4.4068447298196284e-05,4.4067788788336938e-05,6.5850985934626368e-10,7.2620882340137762e-11,0
4515,-2.4880426078110496e-09,-2.0685221570175343e-05,-2.0701645828823170e-05,1.6424258647826969e-08,1.5979089185901947e-11,0
4516,1.7240358805026876e-09,-8.7737881760002745e-06,-8.7768872980684632e-06,3.0991220681887059e-09,1.7960096905268911e-11,0
4517,4.2120784885670389e-09,1.1911421782582685e-05,1.1921387066755598e-05,-9.9652841729139095e-09,2.3886070747072691e-11,0
4518,3.2921505844939700e-10,3.4955934238318359e-06,3.5287230108420046e-06,-3.3129587010168647e-08,6.1006417652918302e-11,0
4519,-4.5875711699936983e-10,5.6069587264662851e-06,5.6030343271474651e-06,3.9243993188199926e-09,1.9751452807612738e-11,0
4520,4.7023841149288344e-10,-4.0538667736220169e-06,-4.0600985049627232e-06,6.2317313407063532e-09,3.7097821729070312e-11,0
4522,2.4378989452173776e-10,2.0807393616576256e-05,2.0807710607927396e-05,-3.1699135114019090e-10,1.7222506667635207e-11,0
4523,3.3060444226531037e-10,-2.6772289748819983e-06,-2.6845759876520175e-06,7.3470127700192129e-09,1.3206386904233365e-11,0
4524,9.2899552869805095e-10,-9.6608223923056076e-06,-9.6589042002710869e-06,-1.9181920345206815e-09,3.4968721158815357e-11,0
4526,7.0254701032122612e-10,1.5200441776067053e-05,1.5205125110701100e-05,-4.6833346340473963e-09,2.0009918673876233e-11,0
4527,7.8936155963487428e-10,-8.2841708547719576e-06,-8.2890143546795389e-06,4.8434999075812671e-09,1.5559297473420936e-11,0
4529,-2.2644851881368546e-10,2.4861277803545079e-05,2.4868099547936947e-05,-6.8217443918685476e-09,2.8021627582333748e-11,0
4530,-1.3963396901625645e-10,1.3766199330391294e-06,1.3796106872698810e-06,-2.9907542307516117e-09,1.6217698222717261e-11,0
4531,3.1468853293174574e-10,2.0099895960962481e-04,2.0100348914853041e-04,-4.5295389055992601e-09,1.4684093137121403e-11,0
4533,8.6814547883184349e-11,-2.3484637571187517e-05,-2.3493258391316156e-05,8.6208201286396783e-09,1.3472901526072065e-11,0
4534,1.1837892477005995e-10,1.9836662980799672e-06,1.9916046716543162e-06,-7.9383735743490379e-09,2.8436984013632232e-11,0
4535,4.4283861269618948e-12,8.9307616497192981e-06,8.9360409097288995e-06,-5.2792600096014566e-09,2.2260065537095304e-11,0
4536,-1.1395053859579543e-10,6.9471058490146523e-06,6.9496429446710774e-06,-2.5370956564250887e-09,1.7085568905427711e-11,0
4537,-3.8653097824013533e-10,5.6054861490698916e-06,5.6036637106321747e-06,1.8224384377169830e-09,1.3668305588876711e-11,0
4538,-1.6625918646110453e-10,-4.0734729278620735e-06,-4.0659584372628161e-06,-7.5144905992573617e-09,2.2868911721529595e-11,0
4539,-3.8095345656096095e-10,-1.8020373137643715e-04,-1.8019438052934209e-04,-9.3508470950620474e-09,1.3213241052819334e-11,0
4540,6.6937810941832259e-11,-3.2036100053748614e-05,-3.2036951979411902e-05,8.5192566328805459e-10,4.9333453376129806e-11,0
4541,1.4438968314339024e-10,2.0812407711624488e-05,2.0806915329016542e-05,5.4923826079467705e-09,1.2280876518017319e-11,0
4542,-2.4188183656728827e-10,1.1542826220713176e-07,1.2612302512778215e-07,-1.0694762920650395e-08,2.0105734498336668e-11,0
4543,-2.4188937805541652e-10,-2.6942106247634240e-06,-2.6898141354984592e-06,-4.3964892649648054e-09,8.0290816323882893e-12,0
4544,2.2027179206297810e-10,-9.6790103639669139e-06,-9.6653813578250913e-06,-1.3629006141822688e-08,2.7458753008300440e-11,0
4545,5.5775218515716336e-12,-1.8580923904497511e-04,-1.8579544168654015e-04,-1.3797358434962988e-08,1.4656839663954676e-11,0
4546,4.5346878920404129e-10,-3.7641650467603975e-05,-3.7633995016858421e-05,-7.6554507455540749e-09,4.1322714839291670e-11,0
4547,5.3092066140986122e-10,1.5206870578029889e-05,1.5203729860920849e-05,3.1407171090396305e-09,1.6489449422706012e-11,0
4548,1.4464914194145215e-10,-5.4900966991698608e-06,-5.4800622186174398e-06,-1.0034480552420955e-08,2.8299756855617424e-11,0
4549,1.4464160045065968e-10,-8.2997139017777777e-06,-8.2948692409719790e-06,-4.8446608057986940e-09,1.1082572275937139e-11,0
4550,-2.1469426981298362e-10,-1.7613021345295674e-04,-1.7613149493678600e-04,1.2814838292623566e-09,1.7092613511511723e-11,0
4551,3.1064887026732336e-10,2.4885930481807587e-05,2.4873165726305076e-05,1.2764755502511885e-08,1.9499975813007605e-11,0
4552,-7.5622650058397644e-11,4.1889474473814220e-06,4.1904544151394456e-06,-1.5069677580236291e-09,2.3210264534178658e-11,0
4553,-7.5630191548301182e-11,1.3793028699827029e-06,1.3802386661137665e-06,-9.3579613106363509e-10,8.9860798508929075e-12,0
4554,5.2534314048525154e-10,2.0101612811144337e-04,2.0100540370199431e-04,1.0724409449060961e-08,8.6771511394790893e-12,0
4555,1.3907161949370660e-10,1.8031910371244658e-04,1.8031943474509102e-04,-3.3103264443848368e-10,1.9275727704441953e-11,0
4556,1.3906407800520619e-10,1.7750948562353288e-04,1.7750736942856319e-04,2.1161949696930915e-09,7.1256532998867614e-12,0
4557,-2.3319699740360352e-10,2.7962722765353942e-05,2.7971101298985131e-05,-8.3785336311883573e-09,6.3549385814467263e-11,0
4558,-4.4789126750628425e-10,-1.4816755370648457e-04,-1.4816097054321783e-04,-6.5831632667400809e-09,4.8320814067238584e-11,0
4559,7.7451872200430292e-11,5.2848528851763468e-05,5.2843533788431874e-05,4.9950633315934303e-09,4.7085354534675527e-11,0
4560,-3.0881964750774567e-10,3.2151504215512453e-05,3.2159987117784642e-05,-8.4829022721898280e-09,7.1788048811838444e-11,0
4561,-3.0882718899680802e-10,2.9342060146382576e-05,2.9342108496785664e-05,-4.8350403087998265e-11,4.0193247861023266e-11,0
4562,-3.8627151950915392e-10,-2.0696944834487294e-05,-2.0682852898293044e-05,-1.4091936194250037e-08,2.2137855572380116e-11,0
4563,-3.8627906099735569e-10,-2.3506636732629690e-05,-2.3497704956409852e-05,-8.9317762198381882e-09,8.9447767329629761e-12,0
4565,4.2717591900413166e-10,3.5362638831420642e-06,3.5296135450589822e-06,6.6503380830819994e-09,3.2768120982484193e-11,0
4566,-4.2408930458590438e-10,5.6051828541273455e-06,5.6032941090737367e-06,1.8887450536087940e-09,1.1432759196498384e-11,0
4567,2.0984726655639786e-10,-4.0591574293402308e-06,-4.0626156922958996e-06,3.4582629556687884e-09,2.2285480215634938e-11,0
4568,-1.9449235191372982e-10,-1.8019383528667049e-04,-1.8019256878932236e-04,-1.2664973481307622e-09,1.2640065416841161e-11,0
4569,1.0293507200386095e-10,-3.2035910479933716e-05,-3.2036659337834272e-05,7.4885790055562217e-10,5.3911160755194718e-11,0
4570,2.0115270054779502e-10,2.0808393020113830e-05,2.0807543531828069e-05,8.4948828576181788e-10,1.0237414942518325e-11,0
4571,6.3393657165072929e-10,-9.6643320288015283e-06,-9.6616564214144722e-06,-2.6756073870560669e-09,1.7359127995292611e-11,0
4572,2.2959695311139500e-10,-1.8579904518605320e-04,-1.8579327185963177e-04,-5.7733264214243282e-09,1.1156874409941845e-11,0
4573,5.2702437623927492e-10,-3.7641196257040717e-05,-3.7633278900564119e-05,-7.9173564765977239e-09,3.3417473277762074e-11,0
4574,6.2524200473069744e-10,1.5203194156603213e-05,1.5204758122125541e-05,-1.5639655223285368e-09,9.4597882690008001e-12,0
4575,-4.0433961856091892e-10,-1.7613468076958967e-04,-1.7613302481645608e-04,-1.6559531335958496e-09,1.3778824779013882e-11,0
4576,-8.6945671563731820e-12,2.4867552946184965e-05,2.4870452763229792e-05,-2.8998170448267611e-09,1.8455285511696566e-11,0
4577,3.9564505266644529e-10,2.0100224081111414e-04,2.0100422419038478e-04,-1.9833792706347528e-09,1.0338102473838725e-11,0
4578,1.0691219458184968e-10,2.7976732202291722e-05,2.7974150381144495e-05,2.5818211472276691e-09,6.5277070420149495e-11,0
4579,-2.9742742389075683e-10,-1.4815796600712813e-04,-1.4815945674021165e-04,1.4907330835251323e-09,6.5367413545709535e-11,0
4580,9.8217628541666776e-11,5.2844371985786599e-05,5.2843865845724500e-05,5.0614006209944926e-10,5.2182389214630212e-11,0
4581,5.4589853467290387e-10,1.9995276840708426e-06,1.9953263306545839e-06,4.2013534162587073e-09,2.2976313330352707e-11,0
4582,3.3225661411830246e-10,8.9377988252261134e-06,8.9392790286311402e-06,-1.4802034050267825e-09,1.7090312841811394e-11,0
4583,-2.1364192050730808e-10,6.9382798907812945e-06,6.9491572944718962e-06,-1.0877403690601690e-08,2.5842828285321585e-11,0
4584,-5.4758838006140098e-10,-4.0735635396717956e-06,-4.0695772187682861e-06,-3.9863209035095204e-09,3.1834490466704577e-11,0
4585,-8.0414147713736298e-10,-1.8020042690702030e-04,-1.8019799492684140e-04,-2.4319801788998553e-09,1.3841716416357929e-11,0
4586,5.5671427482810192e-11,-3.2038382138746720e-05,-3.2037123399669611e-05,-1.2587390771086164e-09,3.3295889505191592e-11,0
4587,1.7078519173052190e-10,2.0805571022938828e-05,2.0807379014834853e-05,-1.8079918960249152e-09,9.0340647873742567e-12,0
4588,-6.5785181624073864e-10,1.1663478802041716e-07,1.2228846169219754e-07,-5.6536736717803851e-09,2.4348416118874244e-11,0
4589,-6.5786216914572249e-10,-2.6930387892250968e-06,-2.6936653633616513e-06,6.2657413655450869e-10,8.3084670425473971e-12,0
4590,-2.5655309578574191e-10,-1.7612692528343004e-04,-1.7613148830863975e-04,4.5630252097151377e-09,1.9278341271601787e-11,0
4591,7.1837357393851435e-10,2.4879163259223201e-05,2.4877251342812071e-05,1.9119164111298448e-09,2.2000179549965730e-11,0
4592,-1.1026343592290935e-10,4.1901547503052881e-06,4.1902437003844071e-06,-8.8950079118964276e-11,2.5558682544393955e-11,0
4593,-1.1027378882770174e-10,1.3805168005785046e-06,1.3800190117266958e-06,4.9778885180879113e-10,8.7630258630372592e-12,0
4594,9.7492666979074576e-10,2.0100601132410929e-04,2.0100948981351761e-04,-3.4784894083260496e-09,9.8968723402147799e-12,0
4595,1.4628965976118479e-10,1.8031709861462145e-04,1.8031923104724234e-04,-2.1324326208906758e-09,1.9805927134434655e-11,0
4596,1.4627930685916012e-10,1.7750740118461058e-04,1.7750714414040293e-04,2.5704420764192243e-10,6.8010066719629567e-12,0
4597,-6.0325980814733393e-10,2.7964908691107716e-05,2.7967651901107106e-05,-2.7432099993899585e-09,9.3729044112488459e-11,0
4598,-8.5981290487798255e-10,-1.4816205658298165e-04,-1.4816442408107451e-04,2.3674980928608744e-09,5.3642694292519149e-11,0
4599,1.1511376421455449e-10,5.2843964982168237e-05,5.2844161906647605e-05,-1.9692447936800039e-10,3.2193930003362128e-11,0
4600,-7.1352324425120024e-10,3.2155132359609241e-05,3.2156316613325139e-05,-1.1842537158974608e-09,7.7370184844685463e-11,0
4601,-7.1353359715016036e-10,2.9345406692613679e-05,2.9338418454566726e-05,6.9882380469535766e-09,4.6920890177270099e-11,0
4602,-8.2863700839167795e-10,-2.0688916797322564e-05,-2.0687157920221286e-05,-1.7588771012775456e-09,2.1884919523898701e-11,0
4603,-8.2864736129458445e-10,-2.3498621231596815e-05,-2.3502027502992711e-05,3.4062713958958157e-09,8.6847549963755201e-12,0
4604,-1.0352909216158817e-14,-2.8096971906809985e-06,-2.8096143049699946e-06,-8.2885711003976849e-11,4.4309506671046796e-12,0
4605,-3.9049828925250142e-10,5.5896135885162221e-06,5.6035474824894773e-06,-1.3933893973255262e-08,5.6581735363014002e-11,0
4606,-1.9133697902443484e-10,-1.8020571469511658e-04,-1.8019232475536949e-04,-1.3389939747092145e-08,4.0138451245195043e-11,0
4607,1.3551677757859690e-10,2.0851114371590873e-05,2.0807153918478195e-05,4.3960453112677756e-08,2.5644886393600124e-11,0
4608,1.9916130993867428e-10,-1.8579531843288346e-04,-1.8579330245189628e-04,-2.0159809871814205e-09,2.8450227122150108e-11,0
4609,5.2601506690557747e-10,1.5261482111188565e-05,1.5204171349986431e-05,5.7310761202134072e-08,5.7937473695144871e-11,0
4610,3.2685375704877877e-10,2.0105683992019743e-04,2.0100359797319890e-04,5.3241946998535891e-08,4.3046150621333321e-11,0
4611,7.6722167177201646e-10,-3.7088259310667782e-05,-3.7087637676993036e-05,-6.2163367474523746e-10,5.1533419913570481e-11,0
4612,-6.8464281820580407e-11,8.9265200707610085e-06,8.9358084046197415e-06,-9.2883338587330006e-09,2.0512744787133128e-11,0
4613,6.0122162083374170e-10,-3.6318638645341933e-06,-3.6176848200140515e-06,-1.4179044520141769e-08,7.8026334446166415e-11,0
4614,2.3663154727512620e-10,5.0838363921078267e-06,5.0604451143286461e-06,2.3391277779180605e-08,2.4026734597824010e-11,0
4615,-4.1231321410239638e-10,5.6007162282068704e-06,5.6033247019814079e-06,-2.6084737745374234e-09,1.7134045512430233e-11,0
4616,2.5597339907054917e-11,-1.8018852682299708e-04,-1.8019025132653279e-04,1.7245035357127316e-09,1.1010848055833571e-11,0
4617,1.0225726666333408e-10,-3.2035207044004256e-05,-3.2036759411808316e-05,1.5523678040593866e-09,5.3624243659888780e-11,0
4618,1.7381479606819762e-10,2.0810269987245247e-05,2.0807599516754450e-05,2.6704704907969568e-09,1.1494111115077057e-11,0
4619,2.8500370421449421e-10,1.7360107664073088e-07,1.3081389598296444e-07,4.2787180657766442e-08,2.6681035821545915e-11,0
4620,-6.4894476025575271e-10,5.1682180001247358e-07,5.3934755430338517e-07,-2.2525754290911593e-08,3.1777538780157055e-11,0
4621,-2.1103420630953187e-10,-1.8527238454816783e-04,-1.8525534667772334e-04,-1.7037870444488535e-08,2.2489880782197781e-11,0
4622,-1.3437428038663204e-10,-3.7119087172842249e-05,-3.7095753575503420e-05,-2.3333597338829335e-08,6.8978724282067494e-11,0
4623,-6.2816751084037907e-11,1.5726369199688811e-05,1.5743536409800724e-05,-1.7167210111913254e-08,2.1108771416803286e-11,0
4624,4.8372157956117870e-11,-4.9102834465395741e-06,-4.9336548328301299e-06,2.3371386290555834e-08,4.4111589974970223e-11,0
4625,4.3791055401752624e-10,-1.8578928245205090e-04,-1.8579101624386412e-04,1.7337918132166296e-09,1.4237856498715019e-11,0
4626,5.1457048083669245e-10,-3.7636027007629386e-05,-3.7633263340289025e-05,-2.7636673403605167e-09,4.3676939517463048e-11,0
4627,5.8612801024678246e-10,1.5209526576747019e-05,1.5204866182710615e-05,4.6603940364040367e-09,1.4487222458963285e-11,0
4628,6.9731691832656002e-10,-5.4270698219699431e-06,-5.4750382770031297e-06,4.7968455033186571e-08,3.8720270359657675e-11,0
4629,1.4821745578584882e-10,2.0099878491497327e-04,2.0100197363915557e-04,-3.1887241822980018e-09,1.0555250136667017e-11,0
4630,2.5940636429081182e-10,1.8036219015082552e-04,1.8032002708437539e-04,4.2163066450137720e-08,1.6615455108018537e-11,0
4631,-7.6659926628271185e-11,-1.4815334513863928e-04,-1.4815705357677398e-04,3.7084381347002315e-09,4.8873649529774610e-11,0
4632,7.1557529385953812e-11,5.2845336380677585e-05,5.2844012393927082e-05,1.3239867505023938e-09,5.5170689680586287e-11,0
4633,1.8274643767270253e-10,3.2208916654011960e-05,3.2164471710922912e-05,4.4444943089047757e-08,4.9010747916842944e-11,0
4634,1.1118890841993589e-10,-2.0636644552938024e-05,-2.0678858829027979e-05,4.2214276089954798e-08,2.3727153462603975e-11,0
4635,5.0727780047630947e-10,-7.1416442017167153e-06,-7.1399080433444236e-06,-1.7361583722917332e-09,2.5448769416679991e-11,0
4636,9.2592057764432470e-10,8.9635030677617800e-06,8.9450115589438926e-06,1.8491508817887410e-08,3.1013304494831442e-11,0
4637,4.1864277712546837e-10,1.6105123521016965e-05,1.6080174128870880e-05,2.4949392146084371e-08,3.8793433184452495e-11,0
4638,-3.9850699016782107e-10,5.5969804634275339e-06,5.6034297673870666e-06,-6.4493039595327607e-09,1.8153002991673094e-11,0
4639,-2.2759900393741291e-11,-1.8018934779070800e-04,-1.8019060625543146e-04,1.2584647234622614e-09,1.3478297988537255e-11,0
4640,1.4797723936747778e-10,2.0817479104088231e-05,2.0807446050194192e-05,1.0033053894038460e-08,1.2583918958665393e-11,0
4641,3.7574708971041392e-10,-1.8578633680619433e-04,-1.8579148459453121e-04,5.1477883368771654e-09,1.5484166819282633e-11,0
4642,5.4648422987334064e-10,1.5220544746678139e-05,1.5204629753709975e-05,1.5914992968163203e-08,1.4679971722250539e-11,0
4643,1.7073713964142736e-10,2.0100686152737515e-04,2.0100217802293457e-04,4.6835044405820880e-09,1.1329564434448804e-11,0
4644,2.1840897036193310e-10,-1.8577430162086423e-04,-1.8579280824628625e-04,1.8506625422019460e-08,2.8969716226974643e-11,0
4645,4.3154268177088201e-10,3.5273134369674837e-06,3.5296532420526510e-06,-2.3398050851672972e-09,2.9696874241961105e-11,0
4646,5.0859421356820870e-11,4.2026836799486170e-06,4.1918905391623560e-06,1.0793140786260942e-08,1.7359423684814675e-11,0
4647,2.4249978430804478e-11,6.9548903363492306e-06,6.9522452563361568e-06,2.6450800130737754e-09,1.7423499642056978e-11,0
4648,-6.4059451880090475e-10,-3.2042136175450178e-05,-3.2043583640908970e-05,1.4474654587922384e-09,2.5363099601637155e-11,0
4649,-1.0463036269722741e-09,2.0799739142964881e-05,2.0796738551999131e-05,3.0005909657493098e-09,1.3429841939928533e-11,0
4650,-4.0570910582195219e-10,5.2841817663994324e-05,5.2839968450186229e-05,1.8492138080950914e-09,3.7020871636312554e-11,0
4651,1.5419104779436106e-10,-1.8580112629616773e-04,-1.8579326632174351e-04,-7.8599744242206001e-09,2.2722582094859090e-11,0
4654,2.1888971762221520e-11,4.1942082284608488e-06,4.1916731541242376e-06,2.5350743366112568e-09,3.0813120180438038e-11,0
4655,3.4914312563460998e-10,1.5751742765917828e-05,1.5748023756738641e-05,3.7190091791875846e-09,9.4254534639556735e-12,0
4656,1.1182450532865822e-10,6.9546962783817272e-06,6.9532950349771808e-06,1.4012434045463851e-09,1.3516673552105583e-11,0
4657,-2.3731861971905314e-10,-8.7970498614158357e-06,-8.7947066058718747e-06,-2.3432555439610201e-09,9.2873891927695121e-12,0
4658,-5.9121742151865380e-11,-7.1492067623812189e-06,-7.1452404248736432e-06,-3.9663375075756549e-09,4.6508392067745703e-11,0
4659,-3.8660483388968515e-10,5.5730576676692872e-06,5.6034528140089336e-06,-3.0395146339646370e-08,1.6281171444480163e-11,0
4660,-1.2503654892140539e-10,-1.8021604223753679e-04,-1.8019118333033218e-04,-2.4858907204608092e-08,1.3371361010917689e-11,0
4661,7.5141786425558885e-12,1.2962316546635735e-07,1.2819150986811891e-07,1.4316555982384348e-09,2.4335596059225409e-11,0
4662,2.6156828461710690e-10,-1.8578911024853817e-04,-1.8579211952326558e-04,3.0092747274092224e-09,1.1778910484627344e-11,0
4663,3.9411901195904427e-10,-5.4434433346493144e-06,-5.4777947678513719e-06,3.4351433202057536e-08,2.6234362998009494e-11,0
4664,1.3255072743201388e-10,1.8034566509850074e-04,1.8031836765641202e-04,2.7297442088718626e-08,1.8601612248828636e-11,0
4665,4.2495393941340628e-11,-3.7097540848142138e-05,-3.7093784565742850e-05,-3.7562823992882488e-09,6.8041328171180772e-11,0
4666,9.7652107541358654e-11,1.5747467198894572e-05,1.5745907896186656e-05,1.5593027079163400e-09,8.0539557918248542e-12,0
4667,1.7675168249794736e-10,6.9635875736551167e-06,6.9540483388779425e-06,9.5392347771742147e-09,1.4825671800846126e-11,0
4668,5.5156713620823603e-11,5.2845011977151191e-05,5.2844415956894719e-05,5.9602025647141925e-10,1.2731309989657511e-11,0
4669,1.3425628854462266e-10,4.4061174461084221e-05,4.4052907539189358e-05,8.2669218948625239e-09,6.0148629451490853e-11,0
4670,7.9099574935258367e-11,-8.7838672025945114e-06,-8.7918292793692490e-06,7.9620767747376660e-09,8.0424103025725099e-12,0
4671,5.4230228961512384e-11,6.9580420857993062e-06,6.9530730109501343e-06,4.9690748491719173e-09,4.9629687706919545e-11,0
4673,5.8900171747296090e-10,-1.8578818052038823e-04,-1.8578896844729755e-04,7.8792690931918721e-10,1.5044732998284944e-11,0
4674,5.2351780727528819e-10,-3.7638926523421781e-05,-3.7632942074386527e-05,-5.9844490352546197e-09,4.5808939576618897e-11,0
4675,6.0111923283278906e-10,1.5206219875768447e-05,1.5205866288366107e-05,3.5358740234013553e-10,1.5288791312381091e-11,0
4676,1.2117515064573074e-11,2.0099440364735894e-04,2.0100073405037366e-04,-6.3304030147211254e-09,1.0237573386093084e-11,0
4677,6.5483909948571698e-11,-1.4814925680107539e-04,-1.4815502315027444e-04,5.7663491990491648e-09,4.7756787604799721e-11,0
4678,7.7601425613208295e-11,5.2845190257666324e-05,5.2844791933439864e-05,3.9832422646049080e-10,4.1272540583868947e-11,0
4679,-2.0497563290568591e-10,6.9331735309142301e-06,6.9509418356304467e-06,-1.7768304716216618e-08,2.9740882989911936e-11,0
4680,-3.9855376768474595e-10,5.6037962064968590e-06,5.6032773876206317e-06,5.1881887622732192e-10,1.2554204593181424e-11,0
4681,-7.3265842453948526e-11,-4.0733149527568541e-06,-4.0658637263614038e-06,-7.4512263954502794e-09,2.3503128575824909e-11,0
4682,-3.2343275088595106e-10,-1.8020207654597005e-04,-1.8019271020630856e-04,-9.3663396614931775e-09,1.0726770294608701e-11,0
4683,7.5250533153016784e-11,-3.2036218920340328e-05,-3.2037216669698281e-05,9.9774935795343299e-10,4.4188251481421368e-11,0
4684,1.5512285792876720e-10,2.0813954785873362e-05,2.0808116174603759e-05,5.8386112696033826e-09,9.5539866892029450e-12,0
4685,-1.5448316558655515e-10,1.1593394472035612e-07,1.2665569749180147e-07,-1.0721752771445350e-08,2.1239491650760953e-11,0
4687,3.2528792545028485e-10,-9.6771366743450549e-06,-9.6647765114039740e-06,-1.2360162941080913e-08,2.3977848024859572e-11,0
4688,7.5121016931263107e-11,-1.8580584212061352e-04,-1.8579349827907196e-04,-1.2343841541555571e-08,1.1988071126774589e-11,0
4689,4.7380430083884529e-10,-3.7640027345394638e-05,-3.7633343580069720e-05,-6.6837653249181891e-09,3.4449391543849783e-11,0
4690,5.5367662561440107e-10,1.5210141971167717e-05,1.5205616550772446e-05,4.5254203952704766e-09,1.2108773720075742e-11,0
4691,2.4407060230368979e-10,-5.4879057986186031e-06,-5.4791589449462376e-06,-8.7468536723654775e-09,2.6967963988990167e-11,0
4693,-2.5016690818973199e-10,-1.7612871113695684e-04,-1.7612990825832369e-04,1.1971213668526392e-09,1.4732191272151765e-11,0
4694,2.2838870099418574e-10,2.4887286725917661e-05,2.4874287390277215e-05,1.2999335640446211e-08,1.5794355112532906e-11,0
4695,-8.1217323096339416e-11,4.1892156874183753e-06,4.1909173640089462e-06,-1.7016765905709190e-09,2.0525732464653979e-11,0
4697,4.7855560964202832e-10,2.0101601633858851e-04,2.0100497381348757e-04,1.1042525100937077e-08,7.3281616618520497e-12,0
4698,1.6894958483377553e-10,1.8031792849244714e-04,1.8031837830241235e-04,-4.4980996520820743e-10,1.5118821157478318e-11,0
4700,-1.4851637559892555e-10,2.7962876291691419e-05,2.7971450657103506e-05,-8.5743654120877576e-09,7.4500297393470054e-11,0
4701,-3.9868328403413198e-10,-1.4816591331117020e-04,-1.4815908760673047e-04,-6.8257044397309567e-09,3.8399389910955747e-11,0
4702,7.9872324772507104e-11,5.2850176370329051e-05,5.2844964865546026e-05,5.2115047830249782e-09,3.6784281316812537e-11,0
4703,-2.2973369873280804e-10,3.2152082322603297e-05,3.2160748180270617e-05,-8.6658576673202337e-09,8.2742410171809431e-11,0
4705,-3.0960602329674393e-10,-2.0698032393661955e-05,-2.0683554469117286e-05,-1.4477924544669708e-08,1.6350904127571615e-11,0
4708,4.6016193634612279e-10,3.5342452466523289e-06,3.5299134115256355e-06,4.3318351266933375e-09,1.3530832344299520e-11,0
4709,-1.0552946682797900e-10,6.9485322160608293e-06,6.9521758938799645e-06,-3.6436778191352776e-09,1.5729638270604762e-11,0
4710,-3.8985273680886666e-10,5.5914693176265309e-06,5.6033252582655966e-06,-1.1855940639065703e-08,3.1389198191261015e-11,0
4711,8.1661393365050316e-11,-4.0544004671354446e-06,-4.0645399459265983e-06,1.0139478791153730e-08,5.8761082242026330e-11,0
4712,-1.4542083371948450e-10,-1.8020160538892004e-04,-1.8019096260783079e-04,-1.0642781089254851e-08,2.7608647550665520e-11,0
4713,7.7983984354644703e-11,-3.2029619366408246e-05,-3.2037230176409351e-05,7.6108100011042928e-09,4.0442401636924666e-11,0
4714,1.4075530948356403e-10,2.0838226541526443e-05,2.0808109929988287e-05,3.0116611538155762e-08,1.2601615933849070e-11,0
4715,4.7151412976426764e-10,-9.6459094173200616e-06,-9.6634866448350205e-06,1.7577227514958897e-08,3.8731779010865584e-11,0
4716,2.4443190284590403e-10,-1.8579302983226043e-04,-1.8579181131607919e-04,-1.2185161812395574e-09,1.6411503459200890e-11,0
4717,4.6783672128054308e-10,-3.7621063697290333e-05,-3.7633345235176964e-05,1.2281537886631015e-08,6.1285487903265320e-11,0
4718,5.3060804641513053e-10,1.5246795527612544e-05,1.5205596199094233e-05,4.1199328518311129e-08,3.1141197302495828e-11,0
4719,-2.2708222715623082e-10,-1.7614713527569319e-04,-1.7612948319282965e-04,-1.7652082863532604e-08,2.1789898771149416e-11,0
4720,5.9093915885231325e-11,2.4892721321017773e-05,2.4872959115760596e-05,1.9762205257176373e-08,5.7405017572679690e-11,0
4721,2.8617614360141691e-10,2.0103985969604533e-04,2.0100322443305992e-04,3.6635262985415269e-08,2.2138200003491980e-11,0
4723,-2.2340481796859340e-10,-1.4817204445294850e-04,-1.4815733237190997e-04,-1.4712081038533364e-08,7.3136349333247208e-11,0
4724,6.2771325129427053e-11,5.2867906409190604e-05,5.2844968243272503e-05,2.2938165918101215e-08,4.4528756217396642e-11,0
4725,4.3408321782840577e-10,3.5155955509652559e-06,3.5296763373406655e-06,-1.4080786375409631e-08,5.2084573012365929e-11,0
4726,-3.8319876423307503e-11,1.9775694635984671e-06,1.9891132795345025e-06,-1.1543815936035389e-08,2.2255837709596258e-11,0
4727,-7.1400798526282216e-11,8.9239574471468297e-06,8.9370213419653189e-06,-1.3063894818489237e-08,1.8475385450945943e-11,0
4728,-3.3080922117692711e-11,6.9463288145774245e-06,6.9531011085564928e-06,-6.7722939790682910e-09,1.6980799498269075e-11,0
4729,-4.2639676284092021e-10,-4.0760736642834333e-06,-4.0692623683196160e-06,-6.8112959638172760e-09,3.6486773616164040e-11,0
4730,-7.3794620813209154e-10,-1.8020090118954675e-04,-1.8019619040837777e-04,-4.7107811689841000e-09,1.3544865472906363e-11,0
4731,7.1017242725436119e-11,-3.2039279250072484e-05,-3.2037340564043192e-05,-1.9386860292919619e-09,3.4999260521068715e-11,0
4732,1.9231263258188118e-10,2.0806443753578537e-05,2.0808731196432119e-05,-2.2874428535812940e-09,9.4115562258745292e-12,0
4733,-5.4665632550182103e-10,1.1458043678268248e-07,1.2302483599747263e-07,-8.4443992147901491e-09,3.5629959323004962e-11,0
4734,-5.4666811805349454e-10,-2.6951132980866654e-06,-2.6930150093677284e-06,-2.0982887189370902e-09,1.2022108414357104e-11,0
4735,-3.1154944378179429e-10,-1.7612484099271953e-04,-1.7612998704058768e-04,5.1460478681596665e-09,2.0433293108586799e-11,0
4736,6.1870939816336223e-10,2.4882514675059891e-05,2.4878304952195811e-05,4.2097228640805508e-09,2.5966889648848185e-11,0
4737,-1.2025956237790511e-10,4.1906589898537327e-06,4.1906914167352836e-06,-3.2426881550909694e-11,1.7016060563657520e-11,0
4738,-1.2027135493756276e-10,1.3809373059389630e-06,1.3804206376549235e-06,5.1666828403951938e-10,6.0786359987543704e-12,0
4739,9.3025884199330029e-10,2.0100736031278613e-04,2.0100907897488009e-04,-1.7186620939618497e-09,9.8230415658150400e-12,0
4740,1.9128988136939334e-10,1.8031552492780195e-04,1.8031824802755404e-04,-2.7230997520907504e-09,1.9972587574549195e-11,0
4741,1.9127808881740243e-10,1.7750578413149471e-04,1.7750604963824083e-04,-2.6550674611896911e-10,6.8226363371219809e-12,0
4742,-4.9741400618317174e-10,2.7963216320420550e-05,2.7968173388504848e-05,-4.9570680842980601e-09,6.4798861212803166e-11,0
4743,-8.0896345115601461e-10,-1.4816160060894361e-04,-1.4816245698662006e-04,8.5637767645481422e-10,5.0496578496493548e-11,0
4744,1.2129538982720492e-10,5.2845807379152615e-05,5.2845695131989798e-05,1.1224716281780199e-10,3.0503515806565628e-11,0
4745,-6.1767356879336980e-10,3.2153968940176400e-05,3.2157232101163027e-05,-3.2631609866271721e-09,4.9687236477457360e-11,0
4746,-6.1768536134255815e-10,2.9344240358133294e-05,2.9339233069684254e-05,5.0072884490402487e-09,2.7714742416212405e-11,0
4747,-7.3896895852804306e-10,-2.0691858643603900e-05,-2.0687808735806673e-05,-4.0499077972267416e-09,2.2818898064840881e-11,0
4748,-7.3898075108024535e-10,-2.3501557409438475e-05,-2.3502768785449817e-05,1.2113760113416231e-09,8.9841433140596955e-12,0
4749,-1.1792555687284214e-14,-2.8097200905946690e-06,-2.8096847130696980e-06,-3.5377524971013909e-11,5.3595965737543859e-12,0
4750,1.0023866602729484e-10,6.0519947988205494e-06,6.0506483710823379e-06,1.3464277382115058e-09,4.6465267503455877e-11,0
4751,-4.9514427269247321e-10,-1.8020553956740737e-04,-1.8019391316008942e-04,-1.1626407317953929e-08,2.8501076345561373e-11,0
4752,1.6006866217318374e-10,2.0809583707377040e-05,2.0808505387557458e-05,1.0783198195819831e-09,2.0876788811517160e-11,0
4753,6.5521293579130010e-10,2.0101509727111881e-04,2.0100657833307625e-04,8.5189380425658261e-09,2.3556920343455704e-11,0
4754,-6.6180643525423040e-10,1.9694842730202250e-06,1.9833403764773484e-06,-1.3856103457123450e-08,2.8201840565579037e-11,0
4755,-6.9752250711788799e-10,8.9232740141283184e-06,8.9314937273277575e-06,-8.2197131994390108e-09,2.5744498064488818e-11,0
4756,-3.5716072604547841e-11,6.9537410108734023e-06,6.9533450529973630e-06,3.9595787603924831e-10,2.5779451785137588e-11,0
4757,-2.0519235357103555e-10,4.1904433009435325e-06,4.1899805201915059e-06,4.6278075202667952e-10,6.4258918450137246e-12,0
4758,-2.0521672598473981e-10,1.3806243231873766e-06,1.3797043906904701e-06,9.1993249690653405e-10,2.5761290468284604e-12,0
4759,-2.4372409133296411e-14,-2.8098186081757101e-06,-2.8096928268627691e-06,-1.2578131294101771e-10,1.3303209137151302e-12,0
4760,1.8988954848940113e-10,6.0785212464709720e-06,6.0514246347128676e-06,2.7096611758104453e-08,4.4451030032877462e-11,0
4761,-8.8165717391848044e-10,8.9283688826059457e-06,8.9299301246362389e-06,-1.5612420302932078e-09,2.3848910656989918e-11,0
4762,3.4580363651635788e-11,-1.8018653876340947e-04,-1.8018896824169018e-04,2.4294782807157862e-09,8.0886073199823138e-12,0
4763,9.0091129776937295e-11,-3.2033960649182052e-05,-3.2037226284064503e-05,3.2656348824508822e-09,3.8528932888961258e-11,0
4764,1.4881431674116219e-10,2.0815670061019240e-05,2.0808527444181810e-05,7.1426168374291916e-09,7.2764755538403806e-12,0
4765,1.1423395289263027e-10,2.0100219344931650e-04,2.0100165993396061e-04,5.3351535589016806e-10,7.8376157908481132e-12,0
4766,-5.5510765995813103e-11,-1.4815269708116506e-04,-1.4815535814753826e-04,2.6610663731959413e-09,4.0075106365740840e-11,0
4767,5.8723186948826823e-11,5.2849650734711120e-05,5.2845371113027014e-05,4.2796216841059324e-09,3.4394303683533622e-11,0
4768,4.8490604008295636e-10,-7.1426446207655328e-06,-7.1406935435771548e-06,-1.9510771883780398e-09,2.8672779828823979e-11,0
4769,2.2325397110461335e-10,5.0755880801108683e-06,5.0591815313724470e-06,1.6406548738421298e-08,2.1465426124104942e-11,0
4770,-3.7777374709536230e-10,5.6008038415519433e-06,5.6033227087064475e-06,-2.5188671545042275e-09,1.4710967418813163e-11,0
4771,9.9691264540725420e-11,-1.8018649681890864e-04,-1.8018826899575714e-04,1.7721768484928093e-09,1.0877035303290617e-11,0
4772,1.0273168582325215e-10,-3.2035767513367234e-05,-3.2037143203684511e-05,1.3756903172775902e-09,4.6319348795661774e-11,0
4773,1.7138114585794430e-10,2.0810932688459030e-05,2.0808835804294079e-05,2.0968841649508503e-09,1.1052156435262444e-11,0
4774,3.7872150816334545e-10,1.6863541644346336e-07,1.3136719434516357e-07,3.7268222098299786e-08,2.3034958972384763e-11,0
4775,-6.0102771706033795e-10,5.2526371597562405e-07,5.4066986775512757e-07,-1.5406151779503528e-08,2.8151528282419906e-11,0
4776,-1.2356270564953095e-10,-1.8526203094103820e-04,-1.8525206247493726e-04,-9.9684661009405689e-09,2.4796051268953187e-11,0
4777,-1.2052228508633939e-10,-3.7111253127282418e-05,-3.7094577408032345e-05,-1.6675719250072816e-08,7.0746113509835769e-11,0
4778,-5.1872825153349043e-11,1.5735405252745652e-05,1.5746290193232083e-05,-1.0884940486430880e-08,1.9270550523674626e-11,0
4779,1.5546753786712204e-10,-4.9068802072151085e-06,-4.9317064147486402e-06,2.4826207533531703e-08,3.5705051480448328e-11,0
4780,4.7746501162337432e-10,-1.8578725942369843e-04,-1.8578916108153695e-04,1.9016578385231374e-09,1.2302713175984425e-11,0
4781,4.8050543286355095e-10,-3.7636576509204270e-05,-3.7633040835941322e-05,-3.5356732629488494e-09,3.8409227058396902e-11,0
4782,5.4915489289383872e-10,1.5210119970794460e-05,1.5206446102233892e-05,3.6738685605682388e-09,1.4456120284512079e-11,0
4783,7.5649525524066135e-10,-5.4321097538948676e-06,-5.4745009177918679e-06,4.2391163897000302e-08,3.1007178941008443e-11,0
4784,7.1689880915045943e-11,2.0099743433610057e-04,2.0100127275169359e-04,-3.8384155930213000e-09,1.0004828282799661e-11,0
4785,2.7903024356983013e-10,1.8035515160731708e-04,1.8031869067908850e-04,3.6460928228579598e-08,1.6962513721541766e-11,0
4786,-3.0404211802972997e-12,-1.4815065383301605e-04,-1.4815474685378677e-04,4.0930207707281716e-09,3.9320914359815660e-11,0
4787,6.8649460021620913e-11,5.2846698033906557e-05,5.2845593169133352e-05,1.1048647732052829e-09,5.3112746419720671e-11,0
4788,2.7598982242648653e-10,3.2204523497180587e-05,3.2165367396615465e-05,3.9156100565122570e-08,5.5808458354847959e-11,0
4789,2.0734036250677460e-10,-2.0642257101927824e-05,-2.0679579912041710e-05,3.7322810113885269e-08,2.0999591614473062e-11,0
4790,-3.8652508848794760e-10,5.6093322411653046e-06,5.6032177196934739e-06,6.1145214718306853e-09,1.9190637444641587e-11,0
4791,6.4441517287324962e-10,-4.0584577900553559e-06,-4.0597974816869989e-06,1.3396916316430317e-09,3.5700204596999912e-11,0
4792,6.8291088572417655e-11,-1.8018957648277328e-04,-1.8018844910462021e-04,-1.1273781530714289e-09,1.6540717174228315e-11,0
4793,2.3687556009271535e-10,2.0809152613781608e-05,2.0809532483631624e-05,-3.7986985001594122e-10,1.8583441098025799e-11,0
4794,1.0309402609650256e-09,-9.6678806208564966e-06,-9.6585750595086547e-06,-9.3055613478419278e-09,3.3508102567456640e-11,0
4795,4.5481617723690204e-10,-1.8579893514183987e-04,-1.8578924659748940e-04,-9.6885443504751700e-09,2.1725338512256260e-11,0
4796,6.2340064690905543e-10,1.5199846072478165e-05,1.5207275268744065e-05,-7.4291962658994739e-09,1.8775999980764952e-11,0
4797,-5.7612408379295310e-10,-1.7613112564918675e-04,-1.7613170664962391e-04,5.8100043715978919e-10,2.0734494638349517e-11,0
4798,-4.0753961391658340e-10,2.4867657941286120e-05,2.4869646929194187e-05,-1.9889879080668704e-09,3.0337208211898178e-11,0
4799,1.6858447110233713e-10,2.0099878846065525e-04,2.0100215317443932e-04,-3.3647137840688013e-09,1.4721163163715943e-11,0
4800,4.8226183783400624e-10,3.5300288203045024e-06,3.5301143154208782e-06,-8.5495116375775086e-11,2.8119640689936926e-11,0
4801,2.4041570978143277e-10,5.0652516234948874e-06,5.0591566202261853e-06,6.0950032687021578e-09,2.4355486507395062e-11,0
4802,-3.6316651674982436e-10,5.6031248602504691e-06,5.6034054375777660e-06,-2.8057732729689429e-10,1.9326538700230749e-11,0
4803,2.4161748073075289e-10,-1.8018439962443934e-04,-1.8018677143628013e-04,2.3718118407874481e-09,1.3195414096714270e-11,0
4804,1.1731692630963419e-10,-3.2036286214801469e-05,-3.2037072101230034e-05,7.8588642856553242e-10,4.6569887961945414e-11,0
4805,1.9099390052565028e-10,2.0809752111020270e-05,2.0809213469551962e-05,5.3864146830855239e-10,1.3565907956093716e-11,0
4806,5.9662221904008060e-10,1.6168946025477138e-07,1.3330074996126648e-07,2.8388710293504894e-08,2.9774713448235497e-11,0
4807,4.8286440361860683e-10,1.2042639609535777e-05,1.2020794525606338e-05,2.1845083929438776e-08,2.4418353783467817e-11,0
4808,-6.0358222515831336e-10,5.3779348878433414e-07,5.4078712830084818e-07,-2.9936395165140416e-09,2.8523825622281745e-11,0
4809,1.2017716926297456e-12,-1.8524969648194304e-04,-1.8525053393814321e-04,8.3745620017123233e-10,2.4362761204993174e-11,0
4810,-1.2309878322968218e-10,-3.7101659158850220e-05,-3.7094434439231125e-05,-7.2247196190947929e-09,6.2946445447071782e-11,0
4811,-4.9421809151772436e-11,1.5744550734950527e-05,1.5746732997309803e-05,-2.1822623592757844e-09,2.3254788468542298e-11,0
4812,3.5620650966323907e-10,-4.9035907433896478e-06,-4.9297271084922838e-06,2.6136365102635979e-08,3.7060402345103925e-11,0
4813,2.4244869360277377e-10,6.9774032759621282e-06,6.9567150008619992e-06,2.0688275100129033e-08,2.4637916790084939e-11,0
4814,6.0478399706970450e-10,-1.8578753102141410e-04,-1.8578776671415237e-04,2.3569273827550238e-10,1.6872348718514526e-11,0
4815,4.8048344232127477e-10,-3.7639525502794827e-05,-3.7632956722060009e-05,-6.5687807348179233e-09,4.7112089744138952e-11,0
4816,5.5416041644950340e-10,1.5206669475232443e-05,1.5206795164766719e-05,-1.2568953427589881e-10,1.6577774102378219e-11,0
4817,9.5978873516173335e-10,-5.4413783216553796e-06,-5.4726529321042741e-06,3.1274610448894463e-08,4.4015104252609060e-11,0
4818,8.4603091932075659e-10,6.4394488792397786e-06,6.4182078881351734e-06,2.1240991104605226e-08,2.8107183058117483e-11,0
4819,-5.0623580797184188e-11,2.0099415469271645e-04,2.0100016001154601e-04,-6.0053188295642115e-09,1.0872781875777213e-11,0
4820,3.5500473800118137e-10,1.8034606257038947e-04,1.8031914135023113e-04,2.6921220158346044e-08,2.2127099851950521e-11,0
4821,2.4124692198055189e-10,1.9222704152196957e-04,1.9221250317906323e-04,1.4538342906335409e-08,2.3941851275801764e-11,0
4822,1.2430055445601790e-10,-1.4814802254848117e-04,-1.4815332980751148e-04,5.3072590303093227e-09,5.3674678180401803e-11,0
4823,7.3676974205754439e-11,5.2846123801516078e-05,5.2845893504932619e-05,2.3029658345938677e-10,4.7438053176439712e-11,0
4824,4.7930529274155643e-10,3.2198032500867224e-05,3.2167223290013973e-05,3.0809210853250952e-08,6.7715508731604628e-11,0
4825,3.6554747727084153e-10,4.4079008227528721e-05,4.4056198215252208e-05,2.2810012276512550e-08,5.1609649391020329e-11,0
4826,4.0562831856122695e-10,-2.0648105453255350e-05,-2.0678030056928345e-05,2.9924603672995537e-08,2.3096943246789047e-11,0
4827,2.9187050303340360e-10,-8.7670489866114448e-06,-8.7898841381358100e-06,2.2835151524365220e-08,2.3218539346477920e-11,0
4828,-1.1375781656578683e-10,1.1880927178290228e-05,1.1884760574237505e-05,-3.8333959472775848e-09,3.7098904877206390e-11,0
4830,-3.4782275347903154e-10,5.6017310823461806e-06,5.6035223877204877e-06,-1.7913053743070760e-09,6.9924707849759885e-12,0
4831,-6.0033385989518801e-10,-1.7614279066998240e-04,-1.7613156953080652e-04,-1.1221139175883552e-08,5.7091811679096140e-11,0
4832,-7.7240175191457465e-10,2.4850870990470592e-05,2.4866679850042072e-05,-1.5808859571480395e-08,4.7158053002520124e-11,0
4833,-1.7206789154162689e-10,2.0099352061340482e-04,2.0099905554855281e-04,-5.5349351479872227e-09,5.3663105008832901e-11,0
4834,2.2219621973579453e-09,1.5027315624326076e-07,1.4803806294101036e-07,2.2350933022504059e-09,3.0451447800864983e-11,0
4835,3.4230687513734443e-11,6.9573590970465130e-06,6.9552440603072418e-06,2.1150367392711535e-09,2.4533274281928070e-11,0
4836,4.9768062867091307e-10,3.5186802668221370e-06,3.5302544832465481e-06,-1.1574216424411031e-08,5.1740168996063927e-11,0
4837,-3.8518579072682308e-10,5.6057142962294762e-06,5.6031461911030891e-06,2.5681051263870672e-09,1.6429300838099363e-11,0
4839,-6.5432331880282657e-11,-1.8019134540280066e-04,-1.8018931805359345e-04,-2.0273492072132079e-09,1.1432626420052314e-11,0
4840,1.0811921101041171e-10,-3.2036615015280825e-05,-3.2037228274595663e-05,6.1325931483745483e-10,5.5995250287405111e-11,0
4841,2.0384468444569697e-10,2.0810308185223230e-05,2.0809565563320308e-05,7.4262190292290458e-10,1.7454491543317998e-11,0
4842,2.6872436036055946e-10,1.2742762161774279e-07,1.3026408639868883e-07,-2.8364647809460359e-09,2.0982011648756707e-11,0
4844,3.1975345914914896e-10,-1.8579708571739295e-04,-1.8579007823289712e-04,-7.0074844958265513e-09,1.3302998318290866e-11,0
4845,4.9330500114795627e-10,-3.7642384657262697e-05,-3.7632740669233514e-05,-9.6439880291826008e-09,5.1421343945936783e-11,0
4846,5.8903047450319422e-10,1.5204555158509873e-05,1.5207470377352754e-05,-2.9152188428803086e-09,1.6204825528218998e-11,0
4847,6.5391015142141012e-10,-5.4783133404362298e-06,-5.4754337018070702e-06,-2.8796386291596028e-09,3.0162693793105572e-11,0
4851,2.6927701656011099e-10,2.0100166909754183e-04,2.0100306716490168e-04,-1.3980673598521821e-09,1.5240007489034039e-11,0
4852,3.3415669223325045e-10,1.8031876573218735e-04,1.8031866862143521e-04,9.7110752138264075e-11,1.3557055029377512e-11,0
4854,-1.7355154290046893e-10,-1.4815476582844315e-04,-1.4815573135674580e-04,9.6552830265500197e-10,5.9706873768994833e-11,0
4855,9.5725473436281272e-11,5.2846946995534130e-05,5.2846394423801320e-05,5.5257173280933401e-10,7.7243937264721514e-11,0
4856,1.6060514934227075e-10,3.2164157063551725e-05,3.2164335058875331e-05,-1.7799532360589189e-10,7.9820745902860219e-11,0
4857,6.4879676085011155e-11,-2.0682886903039890e-05,-2.0681425936233536e-05,-1.4609668063541616e-09,2.7520425693906447e-11,0
4858,4.3681132296257249e-11,6.9866282697643965e-06,6.9555021004865689e-06,3.1126169277827615e-08,3.2781814873512552e-11,0
4859,5.6693699784617015e-10,1.5212983354009240e-05,1.5207398373518567e-05,5.5849804906723562e-09,1.4475586634679340e-11,0
4860,-3.8359870234895910e-10,5.5930271340336526e-06,5.6031218253952125e-06,-1.0094691361559854e-08,3.5461956234994022e-11,0
4861,1.5926180286636839e-10,-4.0463360375785767e-06,-4.0645398051230028e-06,1.8203767544426083e-08,6.9428532432057390e-11,0
4862,-9.1994073044213323e-11,-1.8019761474520179e-04,-1.8018939884017571e-04,-8.2159050260799046e-09,4.4606154726266153e-11,0
4863,8.2140785828776704e-11,-3.2031420936727822e-05,-3.2037512085147064e-05,6.0911484192426686e-09,4.8002935276094086e-11,0
4864,1.4506105623562119e-10,2.0829900561087494e-05,2.0809185674872311e-05,2.0714886215183288e-08,2.3296798219162353e-11,0
4865,5.4286050489323911e-10,-9.6393487247214971e-06,-9.6631667406392423e-06,2.3818015917745279e-08,3.2840061263947307e-11,0
4866,2.9160462911320898e-10,-1.8579053678684720e-04,-1.8579015051112461e-04,-3.8627572258973127e-10,2.7930742573579864e-11,0
4867,4.6573948833796542e-10,-3.7624424705624826e-05,-3.7632925923030504e-05,8.5012174056776132e-09,5.3453255559824224e-11,0
4868,5.2865975875196910e-10,1.5236955571658328e-05,1.5207156798038012e-05,2.9798773620315908e-08,5.0837903257248389e-11,0
4869,-2.5125587601253576e-10,-1.7615107285254110e-04,-1.7612790916838599e-04,-2.3163684155107006e-08,3.0815626677395715e-11,0
4870,-1.4200746999757424e-11,2.4876261652212385e-05,2.4874049310692058e-05,2.2123415203276144e-09,9.0659003244462037e-11,0
4871,2.3705512961233113e-10,2.0102735749382220e-04,2.0100277360686852e-04,2.4583886953677718e-08,4.3882318471457382e-11,0
4872,7.7121017188989793e-11,2.7985056277245353e-05,2.7973059425518402e-05,1.1996851726951376e-08,1.1317689756241724e-10,0
4873,-1.7413485876404305e-10,-1.4816601850359268e-04,-1.4815553562534770e-04,-1.0482878244979805e-08,9.5437728630077149e-11,0
4874,6.2920270401433609e-11,5.2861407953607494e-05,5.2846293520476996e-05,1.5114433130498364e-08,8.3295260686122798e-11,0
4875,-2.5880614579951541e-11,6.9488353662836358e-06,6.9550975140800402e-06,-6.2621477964043692e-09,1.5401877164948814e-11,0
4876,5.7373173784394902e-10,3.5113292101637827e-06,3.5309458421686133e-06,-1.9616632004830600e-08,6.1186563427877975e-11,0
4877,-2.4308401140923181e-10,5.0541995667780296e-06,5.0542859742155946e-06,-8.6407437565083113e-11,1.1073159225820309e-11,0
4878,1.1044544144519573e-10,2.0808643794742541e-05,2.0809004976845518e-05,-3.6118210297722076e-10,5.0534574583536335e-12,0
4879,-1.3170164975168509e-10,1.2011715378355652e-05,1.2015658047163773e-05,-3.9426688081213763e-09,1.1232075660721732e-11,0
4880,3.5352945341111846e-10,1.5754429136141321e-05,1.5751500829104333e-05,2.9283070369881157e-09,9.3032482049756131e-12,0
4881,1.1138236158853740e-10,6.9575103642965409e-06,6.9565808773982220e-06,9.2948689831897637e-10,1.4398481290741362e-11,0
4882,-2.4214709128591616e-10,-8.7969110582723775e-06,-8.7947331695880672e-06,-2.1778886843102935e-09,9.4172505023285449e-12,0
4883,1.3363874363797729e-10,1.8031976438190669e-04,1.8031645530185459e-04,3.3090800520996656e-09,1.6051587712911279e-11,0
4884,4.9924394987677805e-10,3.5410489413970764e-06,3.5302686949533263e-06,1.0780246443750066e-08,1.8213634625537646e-11,0
4885,-7.0721298009581597e-10,5.0405806124812630e-06,5.0499986457525608e-06,-9.4180332712978231e-09,2.4764095785964215e-11,0
4886,7.1807402619344228e-11,-3.2043908742309529e-05,-3.2037670476436379e-05,-6.2382658731497667e-09,2.2062129270830071e-11,0
4887,2.7456387987507098e-11,2.0798269603620502e-05,2.0808325551691248e-05,-1.0055948070745877e-08,8.7027626079438418e-12,0
4888,-7.4845357879543391e-10,1.1995981108355036e-05,1.2010115826962471e-05,-1.4134718607434799e-08,2.0265822909797952e-11,0
4889,7.7902038406654738e-10,-3.7084555101020433e-05,-3.7085733823372241e-05,1.1787223518072839e-09,7.1202604861650651e-11,0
4890,7.3466936928889950e-10,1.5757607359941778e-05,1.5755123866302588e-05,2.4834936391894037e-09,1.6187139987188890e-11,0
4891,-4.1240599501137068e-11,6.9553376598795527e-06,6.9553448472801027e-06,-7.1874005499409505e-12,2.7269051959736446e-11,0
4892,-4.4351014649088825e-11,5.2842184499202801e-05,5.2845585261243155e-05,-3.4007620403541869e-09,3.0163430735230691e-11,0
4893,-8.2026098183147883e-10,4.4039955449850371e-05,4.4046112340950010e-05,-6.1568910996394983e-09,5.3051376531882905e-11,0
4894,-7.7590996761260128e-10,-8.8022730077227940e-06,-8.7995846578471686e-06,-2.6883498756253644e-09,1.4159364066499852e-11,0
4895,3.0571405557218465e-10,-9.6821251108006323e-06,-9.6653906662905870e-06,-1.6734444510045328e-08,4.4274614076317267e-11,0
4896,-2.9190492425808807e-10,-4.0790799178160031e-06,-4.0688671740556042e-06,-1.0212743760398928e-08,2.5668088686635733e-11,0
4897,-6.6006496224810667e-10,-1.8020184347966768e-04,-1.8019421765142038e-04,-7.6258282472995570e-09,1.1329026281201989e-11,0
4898,8.5781585773800299e-11,-3.2040423066152963e-05,-3.2037581401442369e-05,-2.8416647105943015e-09,2.2877964157056825e-11,0
4899,2.1241243708736855e-10,2.0807303032467899e-05,2.0810130018866654e-05,-2.8269863987547938e-09,1.0313859247377229e-11,0
4900,-4.2189366933373222e-10,1.1213904946294484e-07,1.2387039591262632e-07,-1.1731346449681479e-08,2.4279245285663654e-11,0
4901,-3.6816003631647211e-10,-1.7612275757873338e-04,-1.7612839727985146e-04,5.6397011180835035e-09,1.5379558419555949e-11,0
4902,5.0431736468675510e-10,2.4886410413687415e-05,2.4879325697778568e-05,7.0847159088469091e-09,2.6112897415371335e-11,0
4903,-1.2998874477311726e-10,4.1912000742342671e-06,4.1911693251588731e-06,3.0749075394030212e-11,1.7257075210174718e-11,0
4904,8.7247740099304446e-10,2.0100916750154241e-04,2.0100854867790720e-04,6.1882363521100457e-10,1.0668295806949562e-11,0
4905,2.3817129154583846e-10,1.8031393375485618e-04,1.8031721034332779e-04,-3.2765884716014996e-09,1.6298989146336324e-11,0
4906,-3.7768651066463221e-10,2.7961385229003169e-05,2.7968798350032608e-05,-7.4131210294392427e-09,5.7253028569546654e-11,0
4907,-7.4584654834563888e-10,-1.4816145034688387e-04,-1.4816030079479220e-04,-1.1495520916735783e-09,3.8638752187548048e-11,0
4908,1.2663085129144544e-10,5.2847736773969597e-05,5.2847296809100386e-05,4.3996486921054397e-10,3.3879034776709110e-11,0
4909,-5.0767525568626533e-10,3.2152498853018491e-05,3.2158278486035650e-05,-5.7796330171593340e-09,4.4502569634164845e-11,0
4910,-6.3430610686366529e-10,-2.0695186402106686e-05,-2.0688398811370469e-05,-6.7875907362162249e-09,2.5048109153334361e-11,0
4911,5.0802384989684154e-10,3.5044499902634613e-06,3.5303485105178818e-06,-2.5898520254420499e-08,5.7339693391414108e-11,0
4912,-9.6685817446949104e-11,6.9494955213262460e-06,6.9551125930805689e-06,-5.6170717543228447e-09,1.6967726048242679e-11,0
4913,-3.4325470188223483e-10,5.6009030639805023e-06,5.6033789614488011e-06,-2.4758974682987866e-09,2.3751240047831538e-11,0
4914,1.5752519645491924e-10,-1.8018510285550560e-04,-1.8018667649794329e-04,1.5736424376848034e-09,1.4853680660693328e-11,0
4915,1.6702318551784249e-10,2.0811630416261648e-05,2.0809821891780396e-05,1.8085244812516491e-09,1.4566707902621019e-11,0
4916,5.0077989827704707e-10,-1.8578595856545092e-04,-1.8578773011346906e-04,1.7715480181445566e-09,2.0884850148588142e-11,0
4917,5.1027788720743363e-10,1.5210765117300122e-05,1.5207654399501290e-05,3.1107177988323650e-09,1.8861761045324236e-11,0
4918,9.4979886609399532e-12,2.0099671635814701e-04,2.0100070314688765e-04,-3.9867887406382172e-09,1.2651728491650940e-11,0
4919,-2.0596478382440734e-10,4.1911395420935523e-06,4.1905413446531166e-06,5.9819744043570832e-10,5.1232486029555725e-12,0
4921,9.2141473840180953e-11,8.9419810711090578e-06,8.9402579872674599e-06,1.7230838415978594e-09,3.2307462445664950e-11,0
4922,-1.4150918313466726e-10,6.9330283105689325e-06,6.9549691338947371e-06,-2.1940823325804570e-08,2.3243490507886186e-11,0
4923,9.4859297624363717e-11,5.2851780624443368e-05,5.2847288815167160e-05,4.4918092762080805e-09,6.8600679884780131e-11,0
4924,-3.7325184255857480e-10,5.5869604247693605e-06,5.6030756819390283e-06,-1.6115257169667808e-08,1.5594934676498148e-11,0
4925,-2.7522093459808385e-11,-1.8019670761877920e-04,-1.8018823203393435e-04,-8.4755848448522103e-09,1.3051183276905285e-11,0
4926,3.4572974888681479e-10,-1.8578366488691041e-04,-1.8578899487159585e-04,5.3299846854344170e-09,1.3270445079955431e-11,0
4927,3.1333768849824169e-09,-7.1453305401536927e-06,-7.1171880231639497e-06,-2.8142516989743024e-08,6.3020119720660032e-11,0
4929,6.1970485300338996e-10,4.1935456381529245e-06,4.1980989211470080e-06,-4.5532829940834438e-09,3.0252802472565008e-11,0
4930,4.0080155774594924e-10,3.5104092775354451e-06,3.5293737832702602e-06,-1.8964505734815100e-08,4.4786244923270699e-11,0
4931,2.2397862415935127e-10,5.0637495287442214e-06,5.0580100793831235e-06,5.7394493610978317e-09,2.1064504453500483e-11,0
4932,-3.0743011634393594e-10,5.6037015056728534e-06,5.6036362207983816e-06,6.5284874471804139e-11,1.7177238283460531e-11,0
4933,7.6660789716782391e-10,-4.0139106150111070e-06,-4.0595010097726580e-06,4.5590394761550938e-08,2.9501174004503689e-11,0
4934,3.0632501164198559e-10,-1.8018336365905468e-04,-1.8018504044688409e-04,1.6767878294079823e-09,1.0923453913441368e-11,0
4935,1.1250000053126048e-10,-3.2036809364204824e-05,-3.2037454765428133e-05,6.4540122330953176e-10,4.1341988324348666e-11,0
4936,1.8055680291044161e-10,2.0810718091149706e-05,2.0810217374779566e-05,5.0071637014057445e-10,1.0382241321192363e-11,0
4937,6.6882447324983632e-10,1.5269852277760565e-07,1.3369634106376231e-07,1.9002181713843338e-08,2.5798219920667467e-11,0
4938,4.7046024412949177e-10,1.2038181015420341e-05,1.2021626594628138e-05,1.6554420792202194e-08,2.0688556202226116e-11,0
4939,-5.3140873919598293e-10,5.3993790677451907e-07,5.4221747352662012e-07,-2.2795667521010466e-09,2.6090989609350220e-11,0
4940,5.4262927306391997e-10,-9.0776995894849971e-06,-9.1219992033028192e-06,4.4299613817822082e-08,4.4488842324055782e-11,0
4941,8.2346388062501936e-11,-1.8524709748154533e-04,-1.8524762297568900e-04,5.2549414366926013e-10,1.8938511784244082e-11,0
4942,-1.1147862342140544e-10,-3.7100530788907599e-05,-3.7093411780551449e-05,-7.1190083561500656e-09,6.5359835468148357e-11,0
4943,-4.3421821175830120e-11,1.5746981552204609e-05,1.5749105148307316e-05,-2.1235961027069700e-09,1.8296796652643945e-11,0
4944,4.4484584928825424e-10,-4.9109816661349961e-06,-4.9280701247833555e-06,1.7088458648359326e-08,4.0200523576352062e-11,0
4945,2.4648161971014846e-10,6.9744065226834406e-06,6.9589699254988565e-06,1.5436597184584125e-08,2.4550473845499694e-11,0
4946,1.0740380124574189e-09,-9.6176049724349538e-06,-9.6585627726367378e-06,4.0957800201783925e-08,3.1415350138708279e-11,0
4947,6.1375512736855275e-10,-1.8578703248980856e-04,-1.8578637928596845e-04,-6.5320384011143852e-10,1.3877705707522137e-11,0
4948,4.1993011594830148e-10,-3.7640549199960058e-05,-3.7633042520343173e-05,-7.5066796168844763e-09,3.8672971684895747e-11,0
4949,4.8798691821082128e-10,1.5207044123375681e-05,1.5207866589751249e-05,-8.2246637556850804e-10,1.2662302348622790e-11,0
4950,9.7625458865971904e-10,-5.4509746659284208e-06,-5.4725037819824597e-06,2.1529116054038880e-08,3.6817943583193620e-11,0
4951,7.7789035915126000e-10,6.4345075930227758e-06,6.4189202116151969e-06,1.5587381407578885e-08,2.7351453286219388e-11,0
4952,-4.6028288451293467e-10,-1.7616940579670733e-04,-1.7612858245866141e-04,-4.0823338045913688e-08,1.8776117425667401e-11,0
4953,-5.8605109422729065e-10,2.4824658935381633e-05,2.4870052195142892e-05,-4.5393259761259666e-08,1.7841050617611505e-11,0
4954,-9.7783423643458566e-11,4.1665961033597078e-06,4.1916376432698741e-06,-2.5041539910166325e-08,3.3557169170434399e-11,0
4955,-2.9614765365799614e-10,1.6052161504255189e-05,1.6077983611182757e-05,-2.5822106927568170e-08,4.1128763849006065e-11,0
4956,-1.2576820921050693e-10,2.0099406727676176e-04,2.0099947235529360e-04,-5.4050785318316384e-09,8.3332852888506458e-12,0
4957,3.6249946124842323e-10,1.8033604991264402e-04,1.8031788682962201e-04,1.8163083022006881e-08,1.6773190119954502e-11,0
4958,1.6413523169601710e-10,1.9222151296025437e-04,1.9221156568125243e-04,9.9472790019360883e-09,1.9483531308246829e-11,0
4959,6.5410789662710858e-10,2.8022951679355923e-05,2.7978034446973532e-05,4.4917232382391355e-08,8.3852469537372635e-11,0
4960,1.9382501112400023e-10,-1.4814660114992675e-04,-1.4815126801893272e-04,4.6668690059615495e-09,3.8903062880829996e-11,0
4961,6.8056802371423997e-11,5.2847495735764793e-05,5.2847245755756576e-05,2.4998000821711873e-10,3.5955380667745491e-11,0
4962,5.5632447271566244e-10,3.2189520177531433e-05,3.2167965392797359e-05,2.1554784734074560e-08,5.7513029984783174e-11,0
4963,3.5796024358100550e-10,4.4074938789669116e-05,4.4057402761988185e-05,1.7536027680931240e-08,4.9634406313221372e-11,0
4964,4.8826767035597580e-10,-2.0658027032143672e-05,-2.0678671632813432e-05,2.0644600669760243e-08,1.7538917819929880e-11,0
4965,2.8990344118000186e-10,-8.7725471140335382e-06,-8.7898903346315124e-06,1.7343220597974241e-08,1.5368945793291966e-11,0
4966,-1.9836422992510699e-10,1.1885442567764661e-05,1.1885388765939866e-05,5.3801824794760074e-11,3.9952318459898121e-11,0
4967,-3.5728274015417110e-10,5.6062353728618397e-06,5.6031567869168510e-06,3.0785859449886555e-09,1.7583221917684709e-11,0
4968,4.6343750578453491e-10,-4.0624510715915260e-06,-4.0623281425202068e-06,-1.2292907131918258e-10,3.2579151000042697e-11,0
4969,-4.5348006754083518e-12,-1.8019037852067292e-04,-1.8018775770993836e-04,-2.6208107345567985e-09,1.6526700623462314e-11,0
4970,2.0201036749102656e-10,2.0811276698798776e-05,2.0810516896652328e-05,7.5980214644832847e-10,1.3397382095870701e-11,0
4971,8.2072024604628627e-10,-9.6686416996686654e-06,-9.6608987449152452e-06,-7.7429547534202528e-09,2.7316923565366568e-11,0
4972,3.5274793968510632e-10,-1.8579657870994998e-04,-1.8578862784022839e-04,-7.9508697215858234e-09,1.3715624570582667e-11,0
4973,5.5929310682917098e-10,1.5205066388189123e-05,1.5208673913877310e-05,-3.6075256881866740e-09,1.5109992059189874e-11,0
4974,-4.6797230638692310e-10,-1.7612792465834283e-04,-1.7612847154085818e-04,5.4688251534739871e-10,2.1629892199144821e-11,0
4975,-2.6142713900174114e-10,2.4873729509875160e-05,2.4873180320572155e-05,5.4918930300556037e-10,2.7683916565751195e-11,0
4976,2.0654516841496516e-10,2.0100162154263520e-04,2.0100249288978976e-04,-8.7134715455873361e-10,1.4156466592464870e-11,0
4977,1.2528885586897732e-09,-2.9416414784938158e-06,-2.9375961604281287e-06,-4.0453180656871367e-09,4.2103674758947967e-11,0
4978,4.9924675886130353e-10,5.0756902259824904e-06,5.0603228135784194e-06,1.5367412404070973e-08,2.5012014018913942e-11,0
4979,-3.1749352278420931e-10,5.6127059497330239e-06,5.6034922614221159e-06,9.2136883109080478e-09,1.7494033905623140e-11,0
4980,7.5470751659053232e-10,-4.0613255258134182e-06,-4.0597513872750837e-06,-1.5741385383344456e-09,2.4958336005020097e-11,0
4981,1.6418302172595547e-10,-1.8018844843075278e-04,-1.8018611526962746e-04,-2.3331611253196629e-09,1.2675716191011556e-11,0
4982,2.2584822757265227e-10,2.0810511173064935e-05,2.0810838093474814e-05,-3.2692040987845027e-10,1.2138750843071933e-11,0
4983,-8.1674027867376201e-10,5.3703520041809959e-07,5.3977086450871876e-07,-2.7356640906191623e-09,3.3767555757186503e-11,0
4984,2.5546075969862066e-10,-9.1369537080984720e-06,-9.1245643883495212e-06,-1.2389319748950752e-08,4.3401434437404242e-11,0
4985,-3.3506373431496528e-10,-1.8526410533988708e-04,-1.8525100417385432e-04,-1.3101166032759978e-08,2.5750705256995037e-11,0
4986,-2.7339853040349221e-10,1.5734837187746098e-05,1.5747455300729613e-05,-1.2618112983515522e-08,2.2921796076373311e-11,0
4987,1.0722010384306528e-09,-9.6740362105799879e-06,-9.6586457376080023e-06,-1.5390472971985606e-08,3.0558242955882564e-11,0
4988,4.8167654436860141e-10,-1.8580114101837686e-04,-1.8578733159952063e-04,-1.3809418856228174e-08,1.7644650741357780e-11,0
4989,5.4334174838240855e-10,1.5197828918882966e-05,1.5208688004553696e-05,-1.0859085670729705e-08,1.2628123941560719e-11,0
4990,-5.9052449434910317e-10,-1.7612711298201338e-04,-1.7612940480766994e-04,2.2918256565532952e-09,1.5916811813852913e-11,0
4991,-5.2885928967144708e-10,2.4871867271450063e-05,2.4870926232965669e-05,9.4103848439385700e-10,2.1930487482318497e-11,0
4992,6.1665205626028922e-11,2.0099898143886743e-04,2.0100117539585959e-04,-2.1939569921545186e-09,1.0059629995959084e-11,0
4993,5.7061172942465774e-10,3.5216761507155317e-06,3.5309174790627879e-06,-9.2413283472562397e-09,5.1953520360694324e-11,0
4994,7.8244590194345295e-10,5.7109354166637490e-07,5.8671378661884403e-07,-1.5620244952469136e-08,7.1015586825279922e-11,0
4995,2.1183417244737056e-10,-2.9506519314522264e-06,-2.9470646610602670e-06,-3.5872703919594582e-09,3.0628595740110701e-11,0
4996,-7.7313707329417488e-10,8.9119124737011002e-06,8.9331157672568299e-06,-2.1203293555729726e-08,2.7807641120598184e-11,0
4997,6.2357521969798042e-11,5.2858227768001319e-05,5.2847640984223216e-05,1.0586783778103492e-08,8.6800971327225114e-11,0
4998,-2.0242103595345239e-09,-1.8020813959665136e-04,-1.8020583398272182e-04,-2.3056139295397730e-09,9.4975419209579834e-12,0
4999,-1.7970666506946004e-09,1.0223399887938911e-07,1.1119001458394211e-07,-8.9560157045529983e-09,1.5744602843179445e-11,0
5000,2.2714370328830708e-10,1.8031037574607264e-04,1.8031620183178945e-04,-5.8260857168106108e-09,1.2720822442492490e-11,0
5001,1.4668742520162625e-10,6.0860321029494041e-06,6.0505074028097799e-06,3.5524700139624215e-08,2.3314596529072745e-11,0
5002,4.1233775274108608e-11,6.9596985544892768e-06,6.9580307246678476e-06,1.6678298214292594e-09,2.5658295244229935e-11,0
5003,-9.6078929320499957e-11,-7.1519813932196738e-06,-7.1468410190559810e-06,-5.1403741636928081e-09,5.1298515594250341e-11,0
5004,-4.6528254315637362e-11,-1.8326474804524449e-04,-1.8327281034725816e-04,8.0623020136632965e-09,3.3602384727849002e-11,0
5005,4.9550675291265889e-11,-1.7611270827421269e-04,-1.7612311904077741e-04,1.0410766564718796e-08,1.9511178467441713e-11,0
5006,-2.5396889117108507e-11,5.2810253691430633e-05,5.2847074940950856e-05,-3.6821249520222767e-08,5.6021941061843629e-11,0
5008,5.3472403727226067e-11,6.9705720844152365e-06,6.9584008229718890e-06,1.2171261443347531e-08,1.9625903367190225e-11,0
5009,-4.0853990056766771e-11,6.0414576040297881e-06,6.0487639672312678e-06,-7.3063632014797229e-09,4.6574304323518509e-11,0
5010,3.9458826112367676e-10,-7.1335406726571321e-06,-7.1424564061067484e-06,8.9157334496163475e-09,1.5670227841382785e-11,0
5011,4.2470041486505084e-10,-2.9290286252953157e-06,-2.9451490697549223e-06,1.6120444459606626e-08,1.3533974466285971e-11,0
5012,3.0112153730876331e-11,4.2045189841957362e-06,4.1930964692966084e-06,1.1422514899127743e-08,1.1160921119500113e-11,0
5013,4.1793604886359677e-10,-1.8015981487352201e-04,-1.8018335777309445e-04,2.3542899572448310e-08,3.4977389563823901e-12,0
5014,9.8333213662847908e-11,-3.2036919200659317e-05,-3.2037781657040355e-05,8.6245638103823238e-10,1.8340515443696974e-11,0
5015,1.3978107059540193e-10,2.0811287846789510e-05,2.0810489041655783e-05,7.9880513372687515e-10,4.4153696723448021e-12,0
5016,-2.7815497836786173e-10,2.0097112198754451e-04,2.0099808439784150e-04,-2.6962410296994029e-08,4.8066444797600358e-12,0
5017,3.1960283520338864e-10,-1.4812293251771635e-04,-1.4814928877368566e-04,2.6356255969307765e-08,2.1923461828253606e-11,0
5018,4.1447856930145198e-11,5.2848199680992911e-05,5.2847824251678572e-05,3.7542931433874041e-10,2.1936382535225205e-11,0
5019,6.0765379489767095e-10,3.5124398277339153e-06,3.5312542179050609e-06,-1.8814390171145585e-08,5.7416103620082446e-11,0
5020,-2.6240403895519701e-10,5.0526097614697965e-06,5.0529253207819519e-06,-3.1555931215538713e-10,1.3084564820612047e-11,0
5021,-2.2235061432293717e-10,5.6308546089230832e-06,5.6042261498567073e-06,2.6628459066375926e-08,8.1828569453206191e-12,0
5022,8.6344809862350018e-11,-3.2037748171108080e-05,-3.2037917924173654e-05,1.6975306557420527e-10,2.5444563352845004e-11,0
5023,9.1405881941388048e-11,2.0809401470434476e-05,2.0810137743635751e-05,-7.3627320127495847e-10,4.8479924710918948e-12,0
5024,-1.5583577731280516e-10,1.2012397706177499e-05,1.2016561534108286e-05,-4.1638279307867887e-09,1.1909909370233255e-11,0
5025,4.0053424597738811e-11,5.7822485686337410e-07,5.4792742612460113e-07,3.0297430738772973e-08,1.4909000898970931e-11,0
5026,3.4874884941623368e-10,-3.7090234023233123e-05,-3.7088618061952483e-05,-1.6159612806405411e-09,6.6085387334590778e-11,0
5027,3.5380992148993286e-10,1.5756799378894258e-05,1.5754257734122339e-05,2.5416447719191801e-09,9.4463124998750693e-12,0
5028,1.0656826158360667e-10,6.9597877120311947e-06,6.9591734035355294e-06,6.1430849566532426e-10,1.6243082692383026e-11,0
5029,3.0869542329920253e-10,-3.7668610843370059e-05,-3.7633744662979510e-05,-3.4866180390549111e-08,2.2207062100740721e-11,0
5030,3.1375649538384800e-10,1.5178561403181995e-05,1.5207395434099401e-05,-2.8834030917405750e-08,6.5689522659708089e-12,0
5031,6.6514837046331748e-11,6.3815446279952281e-06,6.4133390744161822e-06,-3.1794446420954017e-08,1.4986142132490938e-11,0
5032,5.0610720804213885e-12,5.2847135818881712e-05,5.2847606457683914e-05,-4.7063880220186418e-10,1.9954189002646882e-11,0
5033,-2.4218058721736290e-10,4.4049993695925022e-05,4.4052794085072503e-05,-2.8003891474809631e-09,5.3462557028707056e-11,0
5034,-2.4724165942035186e-10,-8.7970020561959836e-06,-8.7947655952401540e-06,-2.2364609558295337e-09,8.7152867496241367e-12,0
5035,-1.9716027542323945e-10,-1.7612170272396019e-04,-1.7612481381254125e-04,3.1110885810624930e-09,1.2268282835391332e-11,0
5036,-7.0569897742133334e-11,4.1910401573550492e-06,4.1922555370233777e-06,-1.2153796683285562e-09,1.8127203093640500e-11,0
5037,1.2659037761494062e-10,1.8031271229982727e-04,1.8031478459733293e-04,-2.0722975056601794e-09,1.0200746633004913e-11,0
5039,-2.5758403595932999e-10,5.6079393325235774e-06,5.6038892730951931e-06,4.0500594283842550e-09,2.2888023339942236e-11,0
5040,8.0508945292185997e-11,-3.2036736719406119e-05,-3.2037991340480068e-05,1.2546210739492803e-09,2.9014092011987012e-11,0
5041,9.0537780324113833e-11,2.0810466236626955e-05,2.0810195881696367e-05,2.7035493058814386e-10,1.4283823604364909e-11,0
5045,3.0738634075764005e-10,1.5759635581851644e-05,1.5753974983358334e-05,5.6605984933105172e-09,3.9408048256240973e-11,0
5046,8.6132627126699515e-11,6.9602164177859013e-06,6.9591209318365007e-06,1.0954859494005946e-09,2.1716005675173655e-11,0
5050,1.0028835032315859e-11,5.2847246560502881e-05,5.2847735949731235e-05,-4.8938922835392194e-10,3.6025259683454130e-11,0
5053,5.2715292727267303e-10,3.5566750014870419e-06,3.5305224074992467e-06,2.6152593987795148e-08,2.8940375495866313e-11,0
5054,-2.0077766144474481e-10,-1.7612735213203435e-04,-1.7612470914073764e-04,-2.6429912967126500e-09,3.0839853370482299e-11,0
5055,1.5939305162269724e-10,2.0812527889149321e-05,2.0810940422388761e-05,1.5874667605595349e-09,1.4306622541545619e-11,0
5056,5.2224926423422655e-10,1.5684178886546385e-07,1.3214660258414892e-07,2.4695186281314925e-08,3.3169127460242905e-11,0
5057,3.6285621270357459e-10,-2.0655634428620381e-05,-2.0680972130565999e-05,2.5337701945618118e-08,2.5429935305211465e-11,0
5059,2.0854770213090027e-10,5.0624771751918429e-06,5.0569587839829852e-06,5.5183912088576774e-09,2.1419895607614937e-11,0
5060,-2.5160700824697183e-10,5.6045037872230752e-06,5.6038916156328425e-06,6.1217159023271839e-10,1.6403004721224012e-11,0
5061,8.1976385588942386e-10,-4.0321440454363366e-06,-4.0597008413344902e-06,2.7556795898153540e-08,2.7084152598673291e-11,0
5062,3.6008901753187795e-10,-1.8018235605505618e-04,-1.8018350761595938e-04,1.1515609031934829e-09,1.1066456070419722e-11,0
5063,1.0655122436879318e-10,-3.2037166210661274e-05,-3.2037818457878306e-05,6.5224721703180518e-10,3.9344895712639141e-11,0
5064,1.6879173035157843e-10,2.0811605109835856e-05,2.0811114330103552e-05,4.9077973230396898e-10,1.0294678659737966e-11,0
5065,7.2522521068671526e-10,1.4662430618608835e-07,1.3397080275973649e-07,1.2653503426351863e-08,2.7422089295798709e-11,0
5066,4.5611290693629607e-10,1.2036091254028630e-05,1.2022359414709206e-05,1.3731839319424123e-08,2.1704588833658344e-11,0
5067,-4.6015470914028353e-10,5.4198522841995920e-07,5.4357260666652230e-07,-1.5873782465631061e-09,2.5049416981457114e-11,0
5068,6.1121615363702051e-10,-9.0946735255958283e-06,-9.1211576992567696e-06,2.6484173660941244e-08,4.5022041844634517e-11,0
5069,1.5154131583608407e-10,-1.8524485762056657e-04,-1.8524500830394470e-04,1.5068337812858441e-10,1.9631984723299923e-11,0
5070,-1.0199647757917635e-10,-3.7099570323372369e-05,-3.7092487740806568e-05,-7.0825825658010983e-09,6.0546670168259203e-11,0
5071,-3.9755971730680437e-11,1.5749091831641915e-05,1.5751255960242360e-05,-2.1641286004447750e-09,1.6604661612615069e-11,0
5072,5.1667750857366578e-10,-4.9158507527246459e-06,-4.9266394331122249e-06,1.0788680387578965e-08,3.1798344307093326e-11,0
5073,2.4756520452471479e-10,6.9736296752481025e-06,6.9610064966002437e-06,1.2623178647858765e-08,2.2611181996216793e-11,0
5074,1.0713708627570971e-09,-9.6366682119496810e-06,-9.6589053375666635e-06,2.2237125616982471e-08,2.9074692926442593e-11,0
5075,6.1169602496453747e-10,-1.8578685406950290e-04,-1.8578520488974685e-04,-1.6491797560555781e-09,1.3879435478016461e-11,0
5076,3.5815823154635393e-10,-3.7641598864773460e-05,-3.7633179519794250e-05,-8.4193449792095481e-09,3.3887813195391851e-11,0
5077,4.2039873739194346e-10,1.5207072290841436e-05,1.5208780695435289e-05,-1.7084045938530135e-09,1.2314551947094857e-11,0
5078,9.7683221769770344e-10,-5.4577932078114441e-06,-5.4724990208692633e-06,1.4705813057819167e-08,3.5175817747711204e-11,0
5079,7.0771991364167787e-10,6.4316059121436939e-06,6.4194990866900146e-06,1.2106825453679255e-08,2.5711543581648158e-11,0
5081,-6.5097212521758710e-10,2.4843801683230304e-05,2.4871163112689767e-05,-2.7361429459462537e-08,1.7656497339080863e-11,0
5082,-9.4538644935940423e-11,4.1788255931308332e-06,4.1921346734708757e-06,-1.3309080340042491e-08,3.1415894275028185e-11,0
5083,-3.6365094924734058e-10,1.6068252264675453e-05,1.6079087668204134e-05,-1.0835403528680442e-08,3.8060329684434886e-11,0
5085,3.6513619276796473e-10,1.8032896472232936e-04,1.8031670235447390e-04,1.2262367855467955e-08,1.6999512035843838e-11,0
5086,9.6023888738374570e-11,1.9221847475891281e-04,1.9221073042404631e-04,7.7443348665037336e-09,1.9035613920708044e-11,0
5087,7.1321263151688814e-10,2.8004833752599823e-05,2.7978189169310610e-05,2.6644583289212975e-08,6.6638300364495822e-11,0
5088,2.5353779316464079e-10,-1.4814525433854732e-04,-1.4814941888214707e-04,4.1645435997557812e-09,3.8410608397556155e-11,0
5089,6.2240505978157395e-11,5.2848683638412786e-05,5.2848475048262181e-05,2.0859015060462234e-10,3.6772007017737713e-11,0
5090,6.1867398631187129e-10,3.2183679413502753e-05,3.2168570516113994e-05,1.5108897388758956e-08,5.1929638882520520e-11,0
5091,3.4956168256126832e-10,4.4073208465037275e-05,4.4058489967615143e-05,1.4718497422132120e-08,5.7187768459971541e-11,0
5092,5.5643348033150277e-10,-2.0664999761199274e-05,-2.0679324516124062e-05,1.4324754924788691e-08,1.7362707597413375e-11,0
5093,2.8732117656503726e-10,-8.7754924441591636e-06,-8.7899031327764008e-06,1.4410688617237186e-08,1.5588320247320209e-11,0
5094,-2.6911230425822480e-10,1.1889444020284469e-05,1.1886022284058951e-05,3.4217362255181921e-09,3.1574899122608722e-11,0
5095,-3.2277649780752844e-10,5.6067411011388041e-06,5.6032198449294056e-06,3.5212562093984802e-09,1.3250355471428073e-11,0
5096,5.3770885367851266e-10,-4.0636621067994053e-06,-4.0623320944910587e-06,-1.3300123083465849e-09,4.4503194304337832e-11,0
5097,5.6078653439184806e-11,-1.8018918583474069e-04,-1.8018616861308179e-04,-3.0172216589064143e-09,2.5401067679645980e-11,0
5098,1.9799507766672183e-10,2.0812221003834743e-05,2.0811478533451123e-05,7.4247038361948000e-10,1.1758109400037815e-11,0
5099,8.6048535139827951e-10,-9.6703976360228844e-06,-9.6608537409108158e-06,-9.5438951120685591e-09,3.4771697666611967e-11,0
5100,3.7885515132821578e-10,-1.8579597466797035e-04,-1.8578720424906921e-04,-8.7704189011370438e-09,1.8461328679781180e-11,0
5101,5.2077157452272406e-10,1.5205473378364191e-05,1.5209843471506615e-05,-4.3700931424236653e-09,1.1956976546010604e-11,0
5102,-4.8163020013937661e-10,-1.7612559978917586e-04,-1.7612686848024855e-04,1.2686910726893239e-09,2.6404825933383398e-11,0
5103,-3.3971377655921780e-10,2.4875872867827220e-05,2.4874159958790997e-05,1.7129090362229911e-09,3.1714242299263308e-11,0
5104,1.4191642450889949e-10,2.0100144582258428e-04,2.0100190124610546e-04,-4.5542352118785497e-10,1.9220691842064026e-11,0
5105,4.3445707017504858e-10,3.5150210738535415e-06,3.5296797359256200e-06,-1.4658662072078498e-08,4.2177796205149346e-11,0
5106,-2.0450004465685851e-10,4.1918447331376748e-06,4.1912332694728876e-06,6.1146366478726069e-10,3.4888259565855163e-12,0
5107,-5.4736871993159509e-10,-1.8020409247932259e-04,-1.8019153237179870e-04,-1.2560107523891485e-08,1.0850705941493393e-11,0
5108,1.0257370577468497e-10,-3.2042204158503392e-05,-3.2037921244626657e-05,-4.2829138767352839e-09,2.6797843978001600e-11,0
5109,2.3423265794744973e-10,2.0808406289824031e-05,2.0811925273895755e-05,-3.5189840717245147e-09,1.0826241748413487e-11,0
5110,7.8160138003091144e-10,2.0101251241058313e-04,2.0100771595491556e-04,4.7964556675668835e-09,1.0153725434918798e-11,0
5111,-6.4994242605380337e-10,-1.4816184712987401e-04,-1.4815735104873836e-04,-4.4960811356516833e-09,4.3983146684502716e-11,0
5112,1.3165895216420086e-10,5.2850687049497275e-05,5.2849382031212968e-05,1.3050182843071215e-09,3.6669037524289814e-11,0
5113,-5.5122899060984937e-11,6.9578474749219799e-06,6.9586922857845133e-06,-8.4481086253341620e-10,1.4285381935385429e-11,0
5114,6.3653297317652717e-10,3.5242759985163342e-06,3.5315167502702306e-06,-7.2407517538964090e-09,4.1590078754235653e-11,0
5116,1.9044438487127737e-10,-2.9505079139945448e-06,-2.9473104221350256e-06,-3.1974918595191987e-09,2.1923615920707979e-11,0
5117,4.8081903627014104e-10,5.0774531683058649e-06,5.0591238532937836e-06,1.8329315012081267e-08,1.9808262391382580e-11,0
5118,-2.5352509441175611e-10,5.6171826566878136e-06,5.6037883825010209e-06,1.3394274186792717e-08,1.7393990278063271e-11,0
5119,8.2941261423116581e-10,-4.0634126024022277e-06,-4.0598456109380396e-06,-3.5669914641880992e-09,2.2504171212507786e-11,0
5120,2.3486204448073790e-10,-1.8018751834573168e-04,-1.8018429065884327e-04,-3.2276868884063576e-09,1.3082596526885654e-11,0
5121,2.1346679759689585e-10,2.0811609349222584e-05,2.0811862146183947e-05,-2.5279696136301611e-10,1.1682052470547355e-11,0
5122,-7.3434412769618439e-10,5.3967536689476315e-07,5.4132079215094661e-07,-1.6454252561834662e-09,3.0966647321547374e-11,0
5123,3.4859357953831416e-10,-9.1408821218707040e-06,-9.1234709280461052e-06,-1.7411193824598732e-08,4.0458513471779441e-11,0
5124,-2.4595698922732778e-10,-1.8526497099643352e-04,-1.8524794601975394e-04,-1.7024976679575355e-08,2.5409122202325880e-11,0
5125,-2.6735223785822447e-10,1.5734138147954768e-05,1.5749907650266393e-05,-1.5769502311624727e-08,2.0611691118991221e-11,0
5126,1.0829377072342487e-09,-9.6806315177371677e-06,-9.6589085288514633e-06,-2.1722988885704341e-08,3.0433872108280674e-11,0
5127,4.8838713846886220e-10,-1.8580474853738260e-04,-1.8578591976989704e-04,-1.8828767485559511e-08,1.8425743467816147e-11,0
5128,4.6699188982927892e-10,1.5194424159162279e-05,1.5209724507467185e-05,-1.5300348304906109e-08,1.1965179840984949e-11,0
5129,-5.9455056929131791e-10,-1.7612409581688540e-04,-1.7612747457252358e-04,3.3787556381740559e-09,1.6233326278684566e-11,0
5130,-6.1594581698470449e-10,2.4875069095631717e-05,2.4872060507844583e-05,3.0085877871347292e-09,2.0684505921018940e-11,0
5131,-2.1395246955518215e-11,2.0099913953377157e-04,2.0100041562290448e-04,-1.2760891329082272e-09,1.0594615360676767e-11,0
5132,5.6449235413728270e-10,3.5407828846058947e-06,3.5308618495690384e-06,9.9210350368563833e-09,2.5376751952221311e-11,0
5133,3.2316377275444210e-10,6.4411226120830722e-06,6.4165929359932622e-06,2.4529676089810068e-08,2.7766855314197659e-11,0
5134,1.2577006513891622e-10,2.0101293319642853e-04,2.0100175281739043e-04,1.1180379038105547e-08,2.8780799442248679e-11,0
5135,-6.4834476869377367e-11,-1.4815643866002495e-04,-1.4815166580026430e-04,-4.7728597606544899e-09,7.9836467144527260e-11,0
5136,6.0935587977149741e-11,5.2856484522057455e-05,5.2849098537753791e-05,7.3859843036639642e-09,4.9442563458412560e-11,0
5139,2.4981872863283495e-10,6.4602428867356967e-06,6.4160124236088506e-06,4.4230463126846153e-08,3.4327096522040473e-11,0
5140,-8.9806502048606718e-10,-3.0514202125171350e-06,-3.0836415401980650e-06,3.2221327680930054e-08,2.3992371760899513e-11,0
5141,-2.1841057196050235e-09,-7.1569797063519847e-06,-7.1663812542179404e-06,9.4015478659557344e-09,1.4153350745079248e-11,0
5142,-2.7797948110193774e-09,-1.8327343372785253e-04,-1.8329637570965967e-04,2.2941981807139342e-08,1.2728399438880136e-11,0
5143,-7.7078460589614043e-10,-3.5108802093401087e-05,-3.5115795095984594e-05,6.9930025835073613e-09,6.4076100392438494e-11,0
5144,-5.0276707035179008e-10,1.7739134369157850e-05,1.7729662618732218e-05,9.4717504256322429e-09,1.9814030454989239e-11,0
5145,-2.4409557780209477e-09,-2.9645252201150607e-06,-2.9712464930036893e-06,6.7212728886285698e-09,1.5358044899233548e-11,0
5146,-1.2860406899858813e-09,-4.1055268886237839e-06,-4.0792733099834380e-06,-2.6253578640345919e-08,2.7534693869694170e-11,0
5147,-1.8817297875098414e-09,-1.8022199655752004e-04,-1.8020323130189060e-04,-1.8765255629439072e-08,1.3740209221700465e-11,0
5148,1.2728041540471738e-10,-3.2057476294083433e-05,-3.2037824561338078e-05,-1.9651732745354930e-08,9.2456688830546279e-11,0
5149,3.9529795178812883e-10,2.0790583571660311e-05,2.0813804241741250e-05,-2.3220670080938935e-08,1.8921526408821733e-11,0
5150,-1.5428907497283161e-09,8.6939098351002109e-08,1.1320229599065369e-07,-2.6263197639651583e-08,2.9943144348372344e-11,0
5151,-5.9568908380280237e-10,-1.7611643988843777e-04,-1.7612698461639620e-04,1.0544727958427397e-08,1.6012676184745127e-11,0
5152,1.6813386584999197e-09,2.4896094098520588e-05,2.4893434372159956e-05,2.6597263606325465e-09,2.4996199582708349e-11,0
5153,-2.5685005674670124e-10,4.1924353298988413e-06,4.1909529221904743e-06,1.4824077083670168e-09,1.7135925733032700e-11,0
5154,2.2770277412132322e-09,2.0101258285958046e-04,2.0102130873608361e-04,-8.7258765031552211e-09,1.2402891424803688e-11,0
5155,3.3883903087614279e-10,1.8030887320541217e-04,1.8031570396510651e-04,-6.8307596943399749e-09,1.5323839670528196e-11,0
5156,-1.4133211090935071e-09,2.7951717192388828e-05,2.7958617061856323e-05,-6.8998694674945733e-09,5.4014305369184207e-11,0
5157,-2.0090102039141032e-09,-1.4816458072224037e-04,-1.4816916624010894e-04,4.5855178685736374e-09,5.8295310274252005e-11,0
5158,2.6801753600355698e-10,5.2847977718625317e-05,5.2851151361195136e-05,-3.1736425698186753e-09,7.1590508560288388e-11,0
5159,-1.6701711682636473e-09,3.2144291429123464e-05,3.2147787357772306e-05,-3.4959286488413168e-09,6.9969901521712538e-11,0
5160,-1.9381887048778062e-09,-2.0703735996805556e-05,-2.0702802029994013e-05,-9.3396681154314957e-10,2.3966538635663922e-11,0
5161,5.9268577499955619e-11,6.9682199813057323e-06,6.9605734174277401e-06,7.6465638779921787e-09,2.7509170293356340e-11,0
5162,-4.4150042736544591e-10,5.6382745183321953e-06,5.6019850637411848e-06,3.6289454591010510e-08,5.4572872857144657e-11,0
5163,1.9319679625924249e-10,2.0816444455971808e-05,2.0812054182712191e-05,4.3902732596173843e-09,2.0061165031291164e-11,0
5164,6.3469722353093192e-10,1.5178111828107778e-05,1.5211822023712954e-05,-3.3710195605176263e-08,6.2199274305713970e-11,0
5165,4.5221423137252529e-10,-1.8521801958339655e-04,-1.8524078384004513e-04,2.2764256648574776e-08,7.8475036136506829e-12,0
5166,1.8166313966643197e-10,6.9655389899857256e-06,6.9619293814517353e-06,3.6096085339902938e-09,9.8762130592625849e-12,0
5167,-2.7055109150546955e-10,1.9218357596948767e-04,1.9220723573125863e-04,-2.3659761770968880e-08,7.5352426640221921e-12,0
5168,1.8473732817612351e-10,5.0655164388624385e-06,5.0559627884148044e-06,9.5536504476341304e-09,1.7334238892035967e-11,0
5169,-2.5526403450408381e-10,5.6011492055307865e-06,5.6036426724901337e-06,-2.4934669593471777e-09,1.1756265237849978e-11,0
5170,6.5558971183252844e-10,-4.0050273617704690e-06,-4.0617777822333397e-06,5.6750420462870647e-08,2.0932781524773031e-11,0
5171,2.6698496500225968e-10,-1.8018242111348184e-04,-1.8018346059850467e-04,1.0394850228246256e-09,9.1247675729437614e-12,0
5172,9.4691359051605873e-11,-3.2037050525258624e-05,-3.2038191203897612e-05,1.1406786389875139e-09,4.0251197345264234e-11,0
5173,1.5140673005082667e-10,2.0813306317407805e-05,2.0811815315513915e-05,1.4910018938897249e-09,8.2472638968876065e-12,0
5174,5.7351325123680161e-10,1.5208040376329945e-07,1.3238775643406756e-07,1.9692647329231893e-08,1.9522855647899042e-11,0
5175,3.9274973596219574e-10,1.2079992957030744e-05,1.2022522064763403e-05,5.7470892267341125e-08,1.7851309569640024e-11,0
5176,-4.4000136159130177e-10,5.3558364663391922e-07,5.4436111087477792e-07,-8.7774642408587043e-09,2.3366894653908950e-11,0
5177,4.7085238383673679e-10,-9.0705582903444215e-06,-9.1222471670109201e-06,5.1688876666498629e-08,4.0805889624018686e-11,0
5178,8.2247637358019007e-11,-1.8524793521028111e-04,-1.8524393915371541e-04,-3.9960565656981233e-09,1.7967232820008018e-11,0
5179,-9.0045968999604939e-11,-3.7102422178487277e-05,-3.7091662176248324e-05,-1.0760002238952579e-08,5.2899978161012141e-11,0
5180,-3.3330598107257956e-11,1.5747790775171022e-05,1.5753126269460040e-05,-5.3354942890177859e-09,1.5882515262639811e-11,0
5181,3.8877592334525612e-10,-4.9134811650995702e-06,-4.9271366931056570e-06,1.3655528006086787e-08,3.0253947243420529e-11,0
5182,2.0801240761881789e-10,7.0144589644502778e-06,6.9623811642742857e-06,5.2077800175992099e-08,2.3356269306652476e-11,0
5183,9.1085374591961024e-10,-9.6061411985568640e-06,-9.6606369327796447e-06,5.4495734222780731e-08,2.4240335888504589e-11,0
5184,5.2224899924992402e-10,-1.8578352741118647e-04,-1.8578499709863452e-04,1.4696874480488262e-09,1.0460980073024019e-11,0
5185,3.4995539311001613e-10,-3.7638206006941968e-05,-3.7632890808170462e-05,-5.3151987715064557e-09,2.8863154880478095e-11,0
5186,4.0667076406289597e-10,1.5212170383326930e-05,1.5209963836359247e-05,2.2065469676830319e-09,1.0295614104685399e-11,0
5187,8.2877728537133400e-10,-5.4490801625808188e-06,-5.4738453652314925e-06,2.4765202650673705e-08,2.8286023817744988e-11,0
5188,6.4801376988714864e-10,6.4788214314825954e-06,6.4199974888180650e-06,5.8823942664530381e-08,2.6907920144757556e-11,0
5189,-3.8860474626419944e-10,-1.7617740395632804e-04,-1.7612470715173774e-04,-5.2696804590297462e-08,1.3993192556534082e-11,0
5190,-5.0418298204637385e-10,2.4818349281325452e-05,2.4873953130361654e-05,-5.5603849036202010e-08,1.5065280398393275e-11,0
5191,-8.2076460429511221e-11,4.1571095770083499e-06,4.1926480236650934e-06,-3.5538446656743436e-08,2.6639286278874711e-11,0
5192,-2.6283997643650143e-10,1.6084927844311423e-05,1.6081473927866838e-05,3.4539164445857419e-09,4.7401235512396172e-11,0
5193,-1.1557823528241226e-10,2.0099572716181669e-04,2.0099955729567845e-04,-3.8301338617634934e-09,7.2896402142511657e-12,0
5194,3.0652828607673628e-10,1.8033445260035204e-04,1.8031513552062430e-04,1.9317079727736598e-08,1.3280921310796194e-11,0
5195,1.2576477050883417e-10,1.9226240071130302e-04,1.9221081589692406e-04,5.1584814378960670e-08,1.8287621037202437e-11,0
5196,5.6089835278729466e-10,2.8032039492888877e-05,2.7976477154725682e-05,5.5562338163195628e-08,5.9826553225507112e-11,0
5197,1.7229360598193474e-10,-1.4814533321277305e-04,-1.4814903966658432e-04,3.7064538112687503e-09,3.3548504200825428e-11,0
5198,5.6715370993821157e-11,5.2850358091668199e-05,5.2849521949513099e-05,8.3614215510028960e-10,3.4616788071584229e-11,0
5199,4.7882189219790383e-10,3.2189071922785611e-05,3.2167331951879625e-05,2.1739970905986525e-08,4.8877138350831285e-11,0
5200,2.9805837688756603e-10,4.4117022371181064e-05,4.4059017399926111e-05,5.8004971254953155e-08,5.4672659501514016e-11,0
5201,4.2210652123317850e-10,-2.0661266466827713e-05,-2.0681634551802461e-05,2.0368084974748259e-08,1.4640938639768575e-11,0
5202,2.4134300587457492e-10,-8.7333613791942821e-06,-8.7903119715100390e-06,5.6950592315756910e-08,1.4722039541188492e-11,0
5203,-1.8076351591444256e-10,1.1927917807981643e-05,1.1887917861689165e-05,3.9999946292477992e-08,3.4224665278299544e-11,0
5204,7.4182272707070012e-10,3.5246932459106302e-06,3.5324739093642705e-06,-7.7806634536403571e-09,6.3480676581549743e-11,0
5205,-2.8823918020798241e-10,5.6074362585565446e-06,5.6033150572560370e-06,4.1212013005076248e-09,1.9607582683526625e-11,0
5206,5.9666216152295913e-10,-4.0646303179295989e-06,-4.0623889348359819e-06,-2.2413830936170853e-09,3.2960733493966521e-11,0
5207,1.0657260722300921e-10,-1.8018839820544037e-04,-1.8018480351953737e-04,-3.5946859029993214e-09,1.5942918183078608e-11,0
5208,1.9276688691069144e-10,2.0813127478958005e-05,2.0812302213186933e-05,8.2526577107157936e-10,1.7463126207036233e-11,0
5209,8.8490134146056861e-10,-9.6719978732381917e-06,-9.6609080241480127e-06,-1.1089849090179055e-08,2.5053398515227123e-11,0
5210,3.9481178740011567e-10,-1.8579578515383333e-04,-1.8578602378750703e-04,-9.7613663263009486e-09,1.4250777304734204e-11,0
5211,4.8100606604883785e-10,1.5205723751429354e-05,1.5210808458021588e-05,-5.0847065922339632e-09,1.9788408634591432e-11,0
5212,-4.9008955417808790e-10,-1.7612378312359053e-04,-1.7612543780775163e-04,1.6546841610928179e-09,2.3546328545844471e-11,0
5213,-4.0389527502853749e-10,2.4877701258697350e-05,2.4875052741685685e-05,2.6485170116656630e-09,3.2838778279995583e-11,0
5214,8.6194279983890299e-11,2.0100151564750139e-04,2.0100139109398692e-04,1.2455351447492394e-10,1.7678727882952189e-11,0
5215,1.9210999820244153e-10,5.0614091246584114e-06,5.0558506328839270e-06,5.5584917744844531e-09,2.3845174225452590e-11,0
5216,-1.8862686135336172e-10,5.6057601318902639e-06,5.6041988736240736e-06,1.5612582661902476e-09,2.0286694852670790e-11,0
5217,8.6401902303233810e-10,-4.0434503081575313e-06,-4.0600173541763033e-06,1.6567046018772024e-08,2.8723096047309308e-11,0
5218,4.1035094745768745e-10,-1.8018158991488925e-04,-1.8018195195067244e-04,3.6203578318832336e-10,1.2570476719048784e-11,0
5219,9.8781562184209895e-11,-3.2037536605957861e-05,-3.2038214915701616e-05,6.7830974375489208e-10,4.5448932374322439e-11,0
5220,1.5428378430133062e-10,2.0812575730971784e-05,2.0812038918101235e-05,5.3681287054949990e-10,1.3623786663777067e-11,0
5221,7.7387869817545641e-10,1.4167472164351713e-07,1.3416236041104321e-07,7.5123612324739171e-09,3.2462069239905425e-11,0
5222,4.3811608970438704e-10,1.2035210800596247e-05,1.2023104260392166e-05,1.2106540204080587e-08,2.3814719640058480e-11,0
5223,-3.8073685840721492e-10,5.4429605560310165e-07,5.4503899526365464e-07,-7.4293966055299180e-10,3.3224749671210232e-11,0
5224,6.7190902452883659e-10,-9.1048351524456936e-06,-9.1203765423134113e-06,1.5541389867717705e-08,4.5746246275843539e-11,0
5225,2.1824094953748008e-10,-1.8524299298880019e-04,-1.8524231234269838e-04,-6.8064610181774524e-10,2.0948648287950888e-11,0
5226,-9.3328435867060771e-11,-3.7098800086220532e-05,-3.7091527230265212e-05,-7.2728559553204104e-09,5.3405896572066792e-11,0
5227,-3.7826213875125169e-11,1.5751236745898539e-05,1.5753501867203485e-05,-2.2651213049462238e-09,2.2250755315776484e-11,0
5228,5.8176869981573347e-10,-4.9196959206335503e-06,-4.9252292951282517e-06,5.5333744947014740e-09,4.2596200136610931e-11,0
5229,2.4600609120282139e-10,6.9737765112419872e-06,6.9631251682622746e-06,1.0651342979712668e-08,2.1952943264256558e-11,0
5230,1.0526458826606824e-09,-9.6492663706152643e-06,-9.6594105476739634e-06,1.0144177058699140e-08,3.3296031113693016e-11,0
5231,5.9897780778007171e-10,-1.8578734622126105e-04,-1.8578406491776635e-04,-3.2813034947054391e-09,1.7279236755946105e-11,0
5232,2.8740842235267670e-10,-3.7643268650728798e-05,-3.7633375904350667e-05,-9.8927463781310187e-09,4.2968914854734310e-11,0
5233,3.4291064432153104e-10,1.5206788981696195e-05,1.5209684841840971e-05,-2.8958601447759533e-09,2.0389371816138920e-11,0
5234,9.6250555797527847e-10,-5.4640141764861032e-06,-5.4726297760452192e-06,8.6155995591160231e-09,4.5475723872112347e-11,0
5235,6.2674294933436441e-10,6.4294025546121104e-06,6.4200434363980817e-06,9.3591182140287111e-09,3.4967512474321921e-11,0
5236,-4.5366807455495052e-10,-1.7613809436544531e-04,-1.7612495695146463e-04,-1.3137413980681203e-08,1.8456169132976798e-11,0
5237,-7.0973523815885350e-10,2.4856058949911108e-05,2.4872419084109499e-05,-1.6360134198390342e-08,2.4466496094675319e-11,0
5238,-9.0140324607830620e-11,4.1852362229659670e-06,4.1926666714750106e-06,-7.4304485090435525e-09,3.1061291553199481e-11,0
5239,-4.2590293332835359e-10,1.6078600905125888e-05,1.6080329407356642e-05,-1.7285022307544017e-09,4.0514273417262422e-11,0
5240,-2.5606716338414653e-10,2.0099417118363445e-04,2.0099827933549739e-04,-4.1081518629352675e-09,1.0985244370883483e-11,0
5241,3.6352775032258730e-10,1.8032328333442496e-04,1.8031541601021316e-04,7.8673242118014464e-09,1.8916444567886355e-11,0
5242,2.7765141723213898e-11,1.9221675771621295e-04,1.9220988251248493e-04,6.8752037280254887e-09,2.0200389853560556e-11,0
5243,7.6523746086092089e-10,2.7994008725728409e-05,2.7978259497221639e-05,1.5749228506769619e-08,6.4774373826564981e-11,0
5244,3.1156938526921693e-10,-1.4814408831910486e-04,-1.4814751662691611e-04,3.4283078112484766e-09,4.5462134984746791e-11,0
5245,5.5502222119146106e-11,5.2850067576332615e-05,5.2849763096967873e-05,3.0447936474219854e-10,4.5958971421334374e-11,0
5246,6.7509713599752278e-10,3.2179168428863106e-05,3.2169123771175563e-05,1.0044657687543004e-08,6.9725117086683416e-11,0
5247,3.3933452753042677e-10,4.4072577795321172e-05,4.4059621476882455e-05,1.2956318438717184e-08,4.9760551360379082e-11,0
5248,6.1959491387490430e-10,-2.0670867820838171e-05,-2.0680089527438890e-05,9.2217066007195981e-09,2.4714160976320025e-11,0
5249,2.8383230540051669e-10,-8.7774188704831807e-06,-8.7899236135729182e-06,1.2504743089737462e-08,2.0018313358331204e-11,0
5250,-3.3576260869639627e-10,1.1893439422772491e-05,1.1886759903662240e-05,6.6795191102508736e-09,4.0671193509787835e-11,0
5252,-2.4281906283405917e-10,5.5993587133966721e-06,5.6036790240681611e-06,-4.3203106714890627e-09,1.9501314016144152e-11,0
5253,3.1788479891584340e-10,-1.8016354805057769e-04,-1.8018267985897966e-04,1.9131808401976142e-08,1.0249098236936779e-11,0
5254,1.2383676964335412e-10,2.0813975620340326e-05,2.0811870473016684e-05,2.1051473236424832e-09,1.1189675904480830e-11,0
5255,5.6070386166482647e-10,-1.8576290233582836e-04,-1.8578428409639255e-04,2.1381760564192793e-08,1.7062123117349591e-11,0
5256,3.6665583235241299e-10,1.5214626108235509e-05,1.5210065658927482e-05,4.5604493080276837e-09,1.4870325503734930e-11,0
5257,-1.9404802958541235e-10,2.0097754827679698e-04,2.0099884268630252e-04,-2.1294409505541933e-08,1.2188878008271180e-11,0
5258,-2.0212044416297582e-10,4.1922886978979206e-06,4.1917036257931650e-06,5.8507210475563316e-10,6.3778178635474255e-12,0
5259,4.0500014686056269e-10,3.5183871199464395e-06,3.5294119514452686e-06,-1.1024831498829088e-08,6.9290819607950222e-11,0
5260,5.5334710770422350e-10,-5.4806314667516995e-06,-5.4763494172608163e-06,-4.2820494908832313e-09,3.2037002521013850e-11,0
5261,1.5701115640067701e-11,6.0553480434842599e-06,6.0487799482891746e-06,6.5680951950853033e-09,2.0696205970162979e-11,0
5262,-6.7082329544474230e-10,-3.0626339564011201e-06,-3.0814784177142051e-06,1.8844461313084935e-08,2.4178295167961404e-11,0
5263,-1.8208509740681441e-09,1.9817917320807954e-06,1.9697010349863306e-06,1.2090697094464805e-08,2.5844970029696370e-11,0
5264,1.3024317336148652e-09,-7.1439283435056206e-06,-7.1350594534750261e-06,-8.8688900305944557e-09,2.5447691518849897e-11,0
5266,-7.5666532096810011e-10,1.7735850808466274e-05,1.7728371316633769e-05,7.4794918325052384e-09,1.5691400241520589e-11,0
5267,-1.8228189127172865e-09,8.9391157174867168e-06,8.9261201316718956e-06,1.2995585814821233e-08,1.9558110908340097e-11,0
5268,-1.1500276723622485e-09,5.0444773462589299e-06,5.0433349168383903e-06,1.1424294205395158e-09,2.6464273842017541e-11,0
5269,1.9732550280981578e-09,-4.0812468401693613e-06,-4.0501695794717674e-06,-3.1077260697593993e-08,2.4270130491880171e-11,0
5271,-8.5842024922739880e-11,2.0798495036635639e-05,2.0810202819242232e-05,-1.1707782606592366e-08,9.9949046720906305e-12,0
5272,-1.1519956092954676e-09,1.2001812822563795e-05,1.2008947231728499e-05,-7.1344091647031123e-09,3.2247474362230463e-11,0
5273,3.1232827029163357e-09,-9.1256414116846346e-06,-9.0980164923088630e-06,-2.7624919375771590e-08,4.3192919905716959e-11,0
5275,1.0641856493375490e-09,1.5754082617850263e-05,1.5764251462449970e-05,-1.0168844599707353e-08,2.2692984764106025e-11,0
5276,-1.9679375194127391e-12,6.9574078349655955e-06,6.9615710705142149e-06,-4.1632355486194691e-09,1.9626537334700452e-11,0
5278,-2.0590970539249732e-09,2.4879761585515901e-05,2.4860740092196785e-05,1.9021493319115517e-08,1.9244993788455570e-11,0
5279,-3.1252506427287093e-09,1.6082916223107528e-05,1.6056383818696108e-05,2.6532404411419889e-08,4.1390210810720045e-11,0
5280,-1.9557014823793120e-09,2.0096280295758308e-04,2.0098282701280236e-04,-2.0024055219286171e-08,1.2218332731590397e-11,0
5282,-1.0661535891098068e-09,-8.7967171034508814e-06,-8.8021922615752006e-06,5.4751581243191102e-09,2.4000805066251151e-11,0
5283,-5.9805814408242127e-10,-3.1122033848241665e-06,-3.0808027950224657e-06,-3.1400589801700746e-08,1.4153164992816301e-11,0
5284,-5.2920638749894220e-10,-3.5150998184775573e-05,-3.5113371860177010e-05,-3.7626324598562244e-08,4.2329313999585908e-11,0
5285,-5.3667629064400919e-10,1.7698114830400416e-05,1.7730518844248033e-05,-3.2404013847617345e-08,8.7654011271398755e-12,0
5286,6.8851756693025455e-11,-3.2038870805515011e-05,-3.2038628559362545e-05,-2.4224615246566791e-10,1.8799402226594545e-11,0
5287,6.1381853539474816e-11,2.0810319765077710e-05,2.0811653375916445e-05,-1.3336108387346105e-09,3.9773905361013137e-12,0
5288,-7.4699031565725171e-12,5.2849213949543840e-05,5.2849776862318610e-05,-5.6291277476978874e-10,1.6558238193020696e-11,0
5289,8.6757129924879958e-10,5.7685527111907969e-07,5.8667280789576865e-07,-9.8175367766889521e-09,7.7065363211758887e-11,0
5290,4.0221553759072585e-10,-1.8578317296938764e-04,-1.8578526621256834e-04,2.0932431807048433e-09,4.0154260829266648e-11,0
5291,-6.5628241432097026e-10,1.9781322252113848e-06,1.9801295875623674e-06,-1.9973623509826113e-09,3.1509564086525583e-11,0
5292,8.9645174315130619e-10,-7.0963050487257012e-06,-7.1388467610515520e-06,4.2541712325850741e-08,2.4408289710683048e-11,0
5293,1.2960837576573531e-10,-3.5092127430786865e-05,-3.5107360216104274e-05,1.5232785317408765e-08,4.2621392422870671e-11,0
5294,6.5080329154958406e-11,1.7746234792241980e-05,1.7736104846512631e-05,1.0129945729349377e-08,1.2312520380953170e-11,0
5295,-7.2641481300307146e-10,8.9374792541598892e-06,8.9363348373644702e-06,1.1444167954190480e-09,2.6648310816556192e-11,0
5296,1.5527341575800085e-09,-9.0745086163378230e-06,-9.1122504677579403e-06,3.7741851420117288e-08,6.3404556741745872e-11,0
5297,7.8589078964878580e-10,-3.7070159225720441e-05,-3.7083078127804855e-05,1.2918902084414112e-08,5.2003413403989706e-11,0
5298,7.2136274306938972e-10,1.5768126786688992e-05,1.5761556832033425e-05,6.5699546555672149e-09,1.7073552109574439e-11,0
5299,-7.0132398469553775e-11,6.9593501065608881e-06,6.9613551979253038e-06,-2.0050913644156857e-09,1.5205599524704910e-11,0
5300,-8.3137141595318420e-10,2.4842547048543363e-05,2.4872239911173923e-05,-2.9692862630559757e-08,2.9646589840990139e-11,0
5301,-1.6228665557526645e-09,1.6033734043701189e-05,1.6070383789312210e-05,-3.6649745611020903e-08,4.6334836662374837e-11,0
5302,7.6684336912251205e-10,2.7995870819592060e-05,2.7978065703744426e-05,1.7805115847634433e-08,7.5062997977354234e-11,0
5303,-6.4528046517450424e-11,5.2838319489579687e-05,5.2849370332152343e-05,-1.1050842572655226e-08,3.1681933179956288e-11,0
5304,-8.5602318668904794e-10,4.4029480974323854e-05,4.4049388609172244e-05,-1.9907634848390706e-08,4.1741507243466448e-11,0
5305,-7.9149514064363530e-10,-8.8087479436244759e-06,-8.7996932929150849e-06,-9.0546507093910181e-09,1.5944275908966581e-11,0
5306,-9.2386281627173416e-11,1.0283477678944830e-07,1.2614848309612162e-07,-2.3313706306673319e-08,2.8807584774987338e-11,0
5307,3.8280215591344128e-10,-1.8576980756553584e-04,-1.8578531393518763e-04,1.5506369651795051e-08,2.6847748044027453e-11,0
5308,3.3374603471473134e-10,3.5149399381581570e-06,3.5287642006537084e-06,-1.3824262495551440e-08,5.0874732135474141e-11,0
5309,-4.2036590252405103e-13,5.0559193481378856e-06,5.0535006121695185e-06,2.4187359683670899e-09,1.0346573604758041e-11,0
5310,8.2407489278964433e-11,-3.2037662449953418e-05,-3.2038567606710393e-05,9.0515675697463473e-10,2.4689743342190869e-11,0
5311,1.1089988041311674e-10,2.0813048185516048e-05,2.0812305465727606e-05,7.4271978844231033e-10,4.6582609646549506e-12,0
5312,1.7713138096369347e-10,1.2022776802133456e-05,1.2021300055162461e-05,1.4767469709945638e-09,1.1150990840801375e-11,0
5313,8.2827855118339905e-11,-3.7093642648840155e-05,-3.7089374238788996e-05,-4.2684100511587524e-09,5.6307538035729308e-11,0
5314,1.1132024623093662e-10,1.5757129281450486e-05,1.5756251794808063e-05,8.7748664242295838e-10,7.6946712803242230e-12,0
5315,1.7755174681408527e-10,6.9668680867263771e-06,6.9638371917598233e-06,3.0308949665538043e-09,1.4336208648959655e-11,0
5316,2.8492391129647983e-11,5.2850699416995278e-05,5.2850361692383350e-05,3.3772461192779985e-10,1.7610798016783872e-11,0
5317,9.4723891681933023e-11,4.4060380650587719e-05,4.4058163835318864e-05,2.2168152688544678e-09,4.7687649205130735e-11,0
5318,6.6231500550660545e-11,-8.7902902639004285e-06,-8.7918947313409215e-06,1.6044674404930444e-09,7.5509351855321129e-12,0
5319,5.6690758560779024e-10,-9.6593042572703895e-06,-9.6640522905489670e-06,4.7480332785774875e-09,4.7069112549189523e-11,0
5320,3.1746791635659234e-10,-1.8578890565734262e-04,-1.8578577682555540e-04,-3.1288317872181243e-09,3.7694872429345321e-11,0
5321,4.9915362328178653e-10,-5.4731344271474530e-06,-5.4768423241101512e-06,3.7078969626981706e-09,6.2971628009222559e-11,0
5322,-2.4943966936857354e-10,-1.7612958649017123e-04,-1.7612186679879613e-04,-7.7196913751003977e-09,2.7120950573677551e-11,0
5323,-6.7753962344915612e-11,4.1862573633322415e-06,4.1932021696200117e-06,-6.9448062877701245e-09,3.5598742904684576e-11,0
5324,1.8168570680730340e-10,1.8031580812772480e-04,1.8031290483217966e-04,2.9032955451379055e-09,2.8971634860224269e-11,0
5325,6.4105193594875942e-11,6.9681162885174355e-06,6.9630440147243401e-06,5.0722737930954426e-09,1.8710989729344454e-11,0
5326,4.7092121353248150e-10,3.5193984515950738e-06,3.5300112210429277e-06,-1.0612769447853847e-08,4.3512226906243956e-11,0
5327,2.9787914981212040e-11,2.0100142986411535e-04,2.0100087459473329e-04,5.5526938206934204e-10,1.5535062430229395e-11,0
5328,5.3231419742502203e-11,-1.4814950628500847e-04,-1.4814880404366505e-04,-7.0224134341746736e-10,9.0586670185229764e-11,0
5329,8.3019334459860597e-11,5.2851795167969257e-05,5.2851054700669639e-05,7.4046729961778010e-10,8.9713837800549809e-11,0
5330,3.5028260288355281e-10,3.5307438100099647e-06,3.5289145298739943e-06,1.8292801359704330e-09,3.4293551279570245e-11,0
5331,1.6998940053093483e-10,5.0635115597767733e-06,5.0548048428188766e-06,8.7067169578966712e-09,1.7292834679125823e-11,0
5332,-2.0137312270449091e-10,5.6013554774244495e-06,5.6038492743369508e-06,-2.4937969125013118e-09,1.1996975277672606e-11,0
5333,7.0420843493508850e-10,-4.0259844591612748e-06,-4.0621034793455446e-06,3.6119020184269821e-08,2.0580392610764048e-11,0
5334,3.1711277914879349e-10,-1.8018117913404241e-04,-1.8018183148020249e-04,6.5234616008200998e-10,8.9788224914500670e-12,0
5335,8.8766152604414097e-11,-3.2037358105855467e-05,-3.2038593037817822e-05,1.2349319623546420e-09,3.7859906798609552e-11,0
5336,1.3983418616356793e-10,2.0814258364298130e-05,2.0812838387726823e-05,1.4199765713069289e-09,8.1084558796760775e-12,0
5337,6.2539375574447871e-10,1.4694989542221593e-07,1.3259160957587421e-07,1.4358285846341719e-08,1.9320461719427044e-11,0
5338,3.7856487990990034e-10,1.2061862695960518e-05,1.2023363303191115e-05,3.8499392769403276e-08,1.7775726273775916e-11,0
5339,-3.7136252219110942e-10,5.3787441750031972e-07,5.4578010245150367e-07,-7.9056849511839431e-09,2.0788333141486417e-11,0
5340,5.3421903440957170e-10,-9.0894701093944402e-06,-9.1214261121632337e-06,3.1956002768793499e-08,4.0233899734831069e-11,0
5341,1.4712337901733646e-10,-1.8524464751889635e-04,-1.8524111776035458e-04,-3.5297585417688390e-09,1.7774483281570239e-11,0
5342,-8.1223247825864140e-11,-3.7100736162504200e-05,-3.7090640337395669e-05,-1.0095825108530875e-08,7.3835737272260219e-11,0
5343,-3.0155214376129874e-11,1.5750802558927440e-05,1.5755534942269657e-05,-4.7323833422169596e-09,1.4505111436410651e-11,0
5344,4.5540435532073992e-10,-4.9165543249728508e-06,-4.9256569602348550e-06,9.1026352620042031e-09,2.8656121119779919e-11,0
5345,2.0857547918837893e-10,6.9983642236376084e-06,6.9646640787522744e-06,3.3700144885333961e-08,2.1408996666244678e-11,0
5346,9.0558155700912223e-10,-9.6273351291864540e-06,-9.6610426134864542e-06,3.3707484300000257e-08,2.4838410869493742e-11,0
5347,5.1848590145752716e-10,-1.8578251593999814e-04,-1.8578369038688391e-04,1.1744468857719306e-09,1.0503982393407988e-11,0
5348,2.9013927473292925e-10,-3.7638720834086425e-05,-3.7632957433856075e-05,-5.7634002303499931e-09,2.8221907523636741e-11,0
5349,3.4120730822565009e-10,1.5212933893922823e-05,1.5211086615501079e-05,1.8472784217431101e-09,9.7728829073221405e-12,0
5350,8.2676687787818018e-10,-5.4543837050800847e-06,-5.4738641919154762e-06,1.9480486835391461e-08,2.7929400640704069e-11,0
5351,5.7993800185919580e-10,6.4605275652846600e-06,6.4207461430864757e-06,3.9781422198184295e-08,2.5864809341915377e-11,0
5352,-3.8709565515991197e-10,-1.7615517036129701e-04,-1.7612274101921541e-04,-3.2429342081597042e-08,1.3830162877752213e-11,0
5353,-5.6437424878955290e-10,2.4840268587282555e-05,2.4875317780888760e-05,-3.5049193606205093e-08,1.4818949298900920e-11,0
5354,-7.8814679025390364e-11,4.1729097968717238e-06,4.1932031275718082e-06,-2.0293330700084365e-08,2.7335774430609124e-11,0
5355,-3.2564355533770102e-10,1.6087838654951743e-05,1.6082833502911557e-05,5.0051520401857904e-09,3.7545170715870077e-11,0
5356,-1.7727859325661975e-10,2.0099543752838574e-04,2.0099899173566354e-04,-3.5542072778004061e-09,6.7717127094176972e-12,0
5357,3.0828097640040829e-10,1.8032809820695168e-04,1.8031379330372816e-04,1.4304903223522373e-08,1.3256093769288081e-11,0
5358,6.1452100364962079e-11,1.9224303577337204e-04,1.9220998840427871e-04,3.3047369093325805e-08,1.8067197628208012e-11,0
5359,6.1544228232667193e-10,2.8011350908678512e-05,2.7976543020875659e-05,3.4807887802852969e-08,5.6018526546506178e-11,0
5360,2.2834662655943850e-10,-1.4814380346965614e-04,-1.4814706197132049e-04,3.2585016643488576e-09,3.7896439836986314e-11,0
5361,5.1068033554790844e-11,5.2851680973073313e-05,5.2850911616008474e-05,7.6935706483843630e-10,3.7092550198569549e-11,0
5362,5.3662760313996064e-10,3.2184360900069583e-05,3.2167900516170197e-05,1.6460383899386932e-08,4.8527614657647702e-11,0
5363,2.8979872729174062e-10,4.4099231790200449e-05,4.4060250012407121e-05,3.8981777793328765e-08,5.3256256127691447e-11,0
5364,4.8555956959724460e-10,-2.0667322123654394e-05,-2.0682487925306213e-05,1.5165801651819181e-08,1.4582576004851518e-11,0
5365,2.3873069372170699e-10,-8.7524127491932224e-06,-8.7903237201787646e-06,3.7910970985542182e-08,1.3425212175287738e-11,0
5367,-1.2346993211254940e-10,5.6079963951620460e-06,5.6045309101542684e-06,3.4654850077775598e-09,2.7231921357290290e-11,0
5368,8.9518760093330049e-10,-4.0506380788399993e-06,-4.0604393118982099e-06,9.8012330582106661e-09,4.1349239105685886e-11,0
5369,4.5268211769410052e-10,-1.8018078949274489e-04,-1.8018048904986243e-04,-3.0044288245960858e-10,2.0033636042052776e-11,0
5370,1.3812643561456586e-10,2.0813537336346972e-05,2.0812928638826521e-05,6.0869752045107140e-10,1.6140836446278561e-11,0
5371,1.0186575309788264e-09,-9.6586299706121967e-06,-9.6600482114081686e-06,1.4182407959718857e-09,5.1473920477168234e-11,0
5372,5.7615204856289833e-10,-1.8578878800332762e-04,-1.8578304044905978e-04,-5.7475542678344944e-09,1.8065229149219267e-11,0
5373,2.6159636629899693e-10,1.5205607910372121e-05,1.5210523947224169e-05,-4.9160368520481109e-09,2.0027441066600848e-11,0
5374,-4.4250548227338502e-10,-1.7613016443376699e-04,-1.7612306169534074e-04,-7.1027384262480325e-09,2.7990706623118589e-11,0
5375,-7.5706116456941898e-10,2.4864269160098165e-05,2.4873745353410570e-05,-9.4761933124052429e-09,3.1015157637456867e-11,0
5376,-3.1455568219078065e-10,2.0099434622546791e-04,2.0099774335199399e-04,-3.3971265260741585e-09,1.4238644436772770e-11,0
5377,5.2667724605724975e-10,3.5458768960772158e-06,3.5305180832171170e-06,1.5358812860098833e-08,5.3609258547225665e-11,0
5378,-1.9848805431513741e-10,4.1926949518198624e-06,4.1922032839995967e-06,4.9166782026563254e-10,5.3210379047275736e-12,0
5379,-2.0961362852104369e-10,4.9993446660859253e-06,5.0511765469271710e-06,-5.1831880841245699e-08,2.4980371663199383e-11,0
5380,4.9573653138788110e-10,-1.8577634454564236e-04,-1.8578366481939872e-04,7.3202737563564553e-09,1.1452583560668488e-11,0
5381,3.2294244391211978e-10,-3.7635254863340123e-05,-3.7632576542451430e-05,-2.6783208886935368e-09,3.3795197637787622e-11,0
5382,3.6841561929190241e-10,1.5217323360902819e-05,1.5211631660797756e-05,5.6917001050631801e-09,1.1505278482584057e-11,0
5383,-1.2732091237526932e-10,2.0099369106304880e-04,2.0099944507917774e-04,-5.7540161289371203e-09,1.0310171721486062e-11,0
5384,1.7279408751201704e-10,-1.4814106282806400e-04,-1.4814731256277365e-04,6.2497347096503782e-09,4.9556393095136168e-11,0
5385,4.5473175372572846e-11,5.2852561378943482e-05,5.2851110474336621e-05,1.4509046068606726e-09,4.2950242512396974e-11,0
5386,-3.5748980159259240e-10,5.5985345900537529e-06,5.6023592359162698e-06,-3.8246458625169267e-09,1.3685992063340945e-11,0
5387,3.4784823639002758e-10,-4.0713335090107952e-06,-4.0655349671861463e-06,-5.7985418246489506e-09,1.5277952476400532e-11,0
5388,-3.1103713309052286e-11,-1.8019320641773397e-04,-1.8018470366176135e-04,-8.5027559726131435e-09,6.3114773284216828e-12,0
5389,9.6589206836440027e-11,-3.2036794924180832e-05,-3.2038608913055151e-05,1.8139888743193213e-09,2.4602822812588302e-11,0
5390,1.7644459095750735e-10,2.0819759346344963e-05,2.0813453271191497e-05,6.3060751534658110e-09,1.0400701576848688e-11,0
5391,2.5112152190674350e-10,1.1940450093689964e-07,1.2912226311865056e-07,-9.7177621817509217e-09,1.5282318907197103e-11,0
5392,7.0533803801458612e-10,-9.6698082600950482e-06,-9.6629524083368140e-06,-6.8558517582341762e-09,2.4313820272134453e-11,0
5393,3.2638608830441463e-10,-1.8579175979432927e-04,-1.8578510148119416e-04,-6.6583131351103872e-09,1.4450776767915440e-11,0
5394,4.5407900838586155e-10,-3.7635376908596620e-05,-3.7631347818147228e-05,-4.0290904493913695e-09,3.5009667068789896e-11,0
5395,5.3393439250452066e-10,1.5221237879441346e-05,1.5213268114586136e-05,7.9697648552108142e-09,1.1925395598436549e-11,0
5396,6.0861132353255661e-10,-5.4791504692066131e-06,-5.4758475194408132e-06,-3.3029497657999864e-09,3.3131728691541961e-11,0
5397,-3.7895194965117299e-10,-1.7612184672002006e-04,-1.7612217888366205e-04,3.3216364199646110e-10,7.4596538890511675e-12,0
5398,-1.7140364521777867e-10,2.4891140244095826e-05,2.4879368122496086e-05,1.1772121599740431e-08,2.4420679439376107e-11,0
5399,-9.6726714480718199e-11,4.1907630259577916e-06,4.1931716573668855e-06,-2.4086314090938750e-09,1.0774644297642129e-11,0
5401,2.0754830506598055e-10,2.0101295946167198e-04,2.0100248892221520e-04,1.0470539456785503e-08,1.0546171898913867e-11,0
5402,2.8222523501187887e-10,1.8031259921331109e-04,1.8031321690089585e-04,-6.1768758475590733e-10,7.9910581700369331e-12,0
5403,2.8221370035893082e-10,1.7750258401361477e-04,1.7750054946508457e-04,2.0345485301923386e-09,1.3004361074711039e-11,0
5404,2.5125902959925606e-10,2.7965501274063078e-05,2.7973124840608352e-05,-7.6235665452739426e-09,5.3446650302630430e-11,0
5405,-1.2769292010830623e-10,-1.4815640791918452e-04,-1.4814993159188142e-04,-6.4763273031074112e-09,2.9997508873082767e-11,0
5406,7.9855384121942352e-11,5.2856599775545632e-05,5.2851533564801079e-05,5.0662107445531785e-09,5.0197603589778715e-11,0
5407,1.5453231511693569e-10,3.2156245327078295e-05,3.2164437764257887e-05,-8.1924371795919176e-09,5.4557290356975431e-11,0
5408,7.4676931201834603e-11,-2.0700374344328337e-05,-2.0686580693834053e-05,-1.3793650494283772e-08,2.4960117058886283e-11,0
5410,-2.8219067292243812e-10,8.9382268705405846e-06,8.9412461327524847e-06,-3.0192622119001210e-09,1.6860144678631085e-11,0
5411,-5.2160909857785150e-11,6.0491331343379140e-06,6.0478813352303522e-06,1.2517991075618046e-09,2.0024375523860391e-11,0
5412,-5.8060186083370113e-10,-3.0956418985463030e-06,-3.0805269824357542e-06,-1.5114916110548784e-08,1.1290602979013410e-11,0
5413,-8.8147101570727327e-10,1.9529294650426354e-06,1.9774166713939079e-06,-2.4487206351272510e-08,1.4088598257217072e-11,0
5414,-5.2199243193977053e-10,-3.5135267915447146e-05,-3.5113067642538266e-05,-2.2200272908880442e-08,3.5515507614530664e-11,0
5415,-5.3626197645674496e-10,1.7714998921931555e-05,1.7731746163274197e-05,-1.6747241342642547e-08,8.3277354903679277e-12,0
5416,-7.9708634700509453e-10,8.9175146467789651e-06,8.9367344039534041e-06,-1.9219757174438972e-08,1.1070274253939999e-11,0
5417,-3.0086915533402869e-10,5.0485529843012633e-06,5.0501090340724871e-06,-1.5560497712237465e-09,1.0873932320960492e-11,0
5418,5.8609428976629361e-11,-3.2039608278640330e-05,-3.2039008348906794e-05,-5.9992973353614320e-10,1.7960238829345477e-11,0
5419,4.4339884447407088e-11,2.0810613175924544e-05,2.0812427996907195e-05,-1.8148209826510770e-09,4.9764395531545154e-12,0
5420,-2.1648448665850422e-10,1.2013128190314221e-05,1.2018347467275888e-05,-5.2192769616674322e-09,1.0484720280027983e-11,0
5421,3.5947858496611107e-10,-3.7088073667233996e-05,-3.7086252039048835e-05,-1.8216281851612189e-09,5.8958546271728427e-11,0
5422,3.4520904042501828e-10,1.5762060851220658e-05,1.5759912715697081e-05,2.1481355235766482e-09,9.4315370211122102e-12,0
5423,8.4384668633469638e-11,6.9645799108806377e-06,6.9644591558714700e-06,1.2075500916766544e-10,1.3558742470311679e-11,0
5424,-1.4269544531817283e-11,5.2850227335687720e-05,5.2850902240197515e-05,-6.7490450979468741e-10,2.0624169763973756e-11,0
5425,-2.7509391577519737e-10,4.4052617322086832e-05,4.4055645244201857e-05,-3.0279221150254602e-09,4.4738443487104611e-11,0
5426,-2.6082437141378243e-10,-8.7974628398016994e-06,-8.7948601648376870e-06,-2.6026749640123751e-09,8.7953712706646598e-12,0
5427,-4.8429846880529775e-10,-3.0438432586810810e-06,-3.0796375418662011e-06,3.5794283185120166e-08,2.5580062254410258e-11,0
5428,-1.6611558798972895e-09,1.9898029712146770e-06,1.9702410547213708e-06,1.9561916493306178e-08,2.2705653359209100e-11,0
5429,1.3433326217321675e-09,-7.1451948276584146e-06,-7.1352446658602878e-06,-9.9501617981268082e-09,2.4613965983669708e-11,0
5430,1.3426825145945060e-09,-1.8322976718520775e-04,-1.8325676422798653e-04,2.6997042778772237e-08,2.2293957373390612e-11,0
5431,-6.2702050305639155e-10,1.7741630616977845e-05,1.7731067085903358e-05,1.0563531074487555e-08,1.3947644394270472e-11,0
5433,-1.7129438495894606e-09,8.9440729883049491e-06,8.9285459008926137e-06,1.5527087412335429e-08,1.8101011764155333e-11,0
5434,-1.1768574021919132e-09,5.0336537880586209e-06,5.0420450326057870e-06,-8.3912445471661287e-09,3.0119768700278302e-11,0
5435,1.8276310892828757e-09,-4.1013461339906715e-06,-4.0522776559938399e-06,-4.9068477996831554e-08,2.3889094201130602e-11,0
5436,1.8269809787007305e-09,-1.8018596072225384e-04,-1.8016751432210345e-04,-1.8446400150390991e-08,1.5156578683394403e-11,0
5437,-1.4272203335670502e-10,2.0785501561569782e-05,2.0810838374710450e-05,-2.5336813140668476e-08,9.8624271523851098e-12,0
5438,1.9320101844287260e-09,-2.7155125896091356e-06,-2.6720882239743352e-06,-4.3424365634800431e-08,1.0592079106505800e-11,0
5439,-1.2286453694082234e-09,1.1987978624995038e-05,1.2009241566806607e-05,-2.1262941811568784e-08,3.3136439385954733e-11,0
5442,1.0341353704955130e-09,1.5751814569368600e-05,1.5766409472428083e-05,-1.4594903059482543e-08,2.0338182708928002e-11,0
5443,3.1088675890063229e-09,-7.7491648719212741e-06,-7.7201833173272577e-06,-2.8981554594016435e-08,2.4263202378141018e-11,0
5444,-5.1787967761693873e-11,6.9542912340993246e-06,6.9634451462783123e-06,-9.1539121789877519e-09,2.0722784085449630e-11,0
5445,-6.5010812650598153e-13,-1.7608461374058089e-04,-1.7611824398088645e-04,3.3630240305559077e-08,1.3819162001904247e-11,0
5446,-1.9703531242066288e-09,2.4886848563340259e-05,2.4863499948270339e-05,2.3348615069920147e-08,1.7434792471057925e-11,0
5447,1.0437909593406890e-10,1.3858300332530819e-06,1.3846573291933998e-06,1.1727040596821184e-09,7.8936056700494107e-12,0
5448,-3.0562764677976828e-09,1.6089373826811901e-05,1.6058983029026488e-05,3.0390797785413129e-08,5.0383949198123563e-11,0
5449,-1.9697030122099072e-09,2.0097142276874046e-04,2.0098269496861019e-04,-1.1272199869723958e-08,1.0976802584464176e-11,0
5450,1.0502920564895529e-10,1.7747043951612564e-04,1.7749856617198126e-04,-2.8126655855623996e-08,5.7150847535014235e-12,0
5451,-3.0556263484131109e-09,1.9217384802070348e-04,1.9218152954585948e-04,-7.6815251560003340e-09,4.3923418848309937e-11,0
5452,2.0747322192823632e-09,-2.3501002444862012e-05,-2.3484124975497034e-05,-1.6877469364978139e-08,8.4461280072187936e-12,0
5453,-1.0859233409357860e-09,-8.7975628917375112e-06,-8.8023597245580005e-06,4.7968328204893559e-09,2.0168966631854103e-11,0
5454,-3.1606555613157981e-09,1.4703460672618810e-05,1.4679318871969321e-05,2.4141800649489956e-08,2.2138320742852238e-11,0
5455,-1.2785354863244209e-10,6.0400820563358097e-06,6.0471520324170569e-06,-7.0699760812472303e-09,4.8811000745464305e-11,0
5456,4.8957846052478890e-09,-1.8325112669564155e-04,-1.8322434098338536e-04,-2.6785712256192050e-08,6.6371934648288011e-11,0
5457,8.8213384764383182e-09,1.7795125269915238e-05,1.7817105402508464e-05,-2.1980132593225763e-08,4.0965567774470759e-11,0
5459,3.9255539029710656e-09,2.0104605527712302e-04,2.0103628660819562e-04,9.7686689273974742e-09,8.6205471461972638e-11,0
5460,-1.9444425655720269e-09,1.8029768875002950e-04,1.8029249646035929e-04,5.1922896702138142e-09,2.1841557049151763e-11,0
5461,-5.8699965111628565e-09,-2.0748516983967041e-05,-2.0741125845923980e-05,-7.3911380430614221e-09,7.9586094274924657e-11,0
5462,-2.4901036287818223e-10,5.5890037128384848e-06,5.6032370595375583e-06,-1.4233346699073500e-08,1.2949355232498728e-11,0
5464,3.1929905574391522e-10,-3.7616626803755465e-05,-3.7632390610259654e-05,1.5763806504188863e-08,4.8693131523535166e-11,0
5465,-3.0485334195440497e-09,-1.8327109927755237e-04,-1.8329648371953909e-04,2.5384441986722652e-08,2.0179247995588624e-11,0
5466,-9.7569823836017530e-10,1.7760883030366187e-05,1.7728134472212198e-05,3.2748558153988772e-08,2.1288224611377919e-11,0
5467,-2.5211084075734855e-09,-2.9648699953321173e-06,-2.9720732801645662e-06,7.2032848324489056e-09,3.2443863691824991e-11,0
5468,2.0728351821101684e-09,2.0103198984832739e-04,2.0101944378529251e-04,1.2546063034876796e-08,1.3947836641340557e-11,0
5469,5.2742500991611573e-10,1.8030623496915945e-04,1.8031488416177864e-04,-8.6491926191945793e-09,2.2627553363145446e-11,0
5470,-1.5454101627428189e-09,-2.0725749971570173e-05,-2.0701900028739102e-05,-2.3849942831071240e-08,2.5884519165582230e-11,0
5471,9.1210869439662628e-10,-3.6147794774833014e-06,-3.6183385109461323e-06,3.5590334628308722e-09,6.2837845079538033e-11,0
5472,8.9837796478718968e-10,-2.2292788591140450e-06,-2.2321109086724581e-06,2.8320495584131417e-09,4.1964028178703927e-11,0
5473,-1.3730729673988189e-11,1.3855202392163042e-06,1.3836633455542462e-06,1.8568936620580481e-09,8.4598450903532001e-12,0
5474,-2.5794709999322790e-10,5.5637131347440610e-06,5.6031363409897435e-06,-3.9423206245682437e-08,3.9087696052972652e-11,0
5475,-2.3872931992977638e-10,-1.8326950365227896e-04,-1.8327086166851288e-04,1.3580162339164696e-09,3.6785170223484892e-11,0
5476,-1.7757689695002615e-10,-2.9684637249498269e-06,-2.9507722214838465e-06,-1.7691503465980400e-08,6.6536950885897363e-11,0
5477,6.1152422891558392e-11,1.8030111238417478e-04,1.8031055975474601e-04,-9.4473705712313540e-09,2.1856568163216385e-11,0
5478,-4.7253074675171747e-11,6.9614094188397493e-06,6.9640053467522850e-06,-2.5959279125356251e-09,1.4867483428516125e-11,0
5479,7.8272071699205669e-11,5.2853193410827125e-05,5.2852238036268283e-05,9.5537455884245857e-10,8.3161904543718962e-11,0
5480,4.9069068442909477e-10,2.9353104369605598e-05,2.9349042752976946e-05,4.0616166286511083e-09,3.6100298846535037e-11,0
5481,4.1241861280329992e-10,-2.3499979347657400e-05,-2.3499608442765056e-05,-3.7090489234364431e-10,1.2589139482307495e-11,0
5483,2.0388608725715960e-10,-4.0958209310427290e-06,-4.0672877167876643e-06,-2.8533214255064719e-08,3.4359087424854504e-11,0
5484,-3.3921092224389882e-10,-1.8021182363721876e-04,-1.8018682585926388e-04,-2.4997777954875126e-08,9.4959196219252973e-12,0
5485,2.5758739795127751e-10,2.0810463883791093e-05,2.0814843521747291e-05,-4.3796379561986034e-09,1.1819879475675946e-11,0
5486,4.8444551881990588e-11,9.6917660549755702e-08,1.2712489958144725e-07,-3.0207239031691546e-08,2.6997218638857004e-11,0
5487,-5.4309700798170571e-10,-1.7611595270815232e-04,-1.7612254178563187e-04,6.5890774795444688e-09,1.2085176340910060e-11,0
5488,5.3701315028833644e-11,2.4906325402276192e-05,2.4882520308521166e-05,2.3805093755025939e-08,2.9513545458420705e-11,0
5489,-1.5544153515883493e-10,4.1927828143546557e-06,4.1929418238981784e-06,-1.5900954352269988e-10,2.0373854810188861e-11,0
5490,5.9679832297157036e-10,2.0102228124708674e-04,2.0100602478780461e-04,1.6256459282122833e-08,1.0114613743933230e-11,0
5491,3.8765547283874724e-10,1.8030870521496076e-04,1.8031338977072254e-04,-4.6845557617758177e-09,1.1855354411283942e-11,0
5492,-2.0914284631048893e-10,-2.0713567192806939e-05,-2.0689988063165721e-05,-2.3579129641218414e-08,2.9510558303689380e-11,0
5493,-2.8853476873514441e-10,1.9713253174016235e-06,1.9824174511184260e-06,-1.1092133716802410e-08,1.9611175965471188e-11,0
5494,-2.9174900034338448e-10,8.9310186516585593e-06,8.9419377806532802e-06,-1.0919128994720879e-08,1.6540659218791977e-11,0
5495,-3.2142316208457692e-12,6.9596743743948267e-06,6.9646567665159909e-06,-4.9823921211642817e-09,1.7859891854729328e-11,0
5496,1.6109765522719429e-10,5.0599358812492001e-06,5.0537437652011862e-06,6.1921160480138813e-09,2.0457717227759429e-11,0
5497,-5.9994949808599407e-11,5.6114226754319652e-06,5.6048632705563883e-06,6.5594048755768814e-09,1.5383052482962574e-11,0
5498,9.1302348190968801e-10,-4.0555456318081690e-06,-4.0609401639432411e-06,5.3945321350721613e-09,2.4664303429449082e-11,0
5500,8.0126403683806389e-11,-3.2038107761387670e-05,-3.2039004720620409e-05,8.9695923273833784e-10,4.5046154154680033e-11,0
5501,1.2140232228075350e-10,2.0814453830584516e-05,2.0813751023923334e-05,7.0280666118212711e-10,9.4977411008202442e-12,0
5502,8.3380814045896998e-10,1.3510167463579026e-07,1.3422987851672836e-07,8.7179611906189975e-10,2.8052516898446883e-11,0
5503,3.9659563889675863e-10,1.2035588530709060e-05,1.2024456061300900e-05,1.1132469408159479e-08,1.9618671198642281e-11,0
5504,-2.2109260406318335e-10,5.5143459748874940e-07,5.4790730035982054e-07,3.5272971289288646e-09,2.3975738060330812e-11,0
5505,7.5192582607936122e-10,-9.1154827967861347e-06,-9.1192124357817481e-06,3.7296389956133306e-09,4.6018964738666784e-11,0
5507,-8.0971251439085303e-11,-3.7098064204255793e-05,-3.7089736539004663e-05,-8.3276652511303094e-09,6.3250140736925247e-11,0
5508,-3.9695332952446715e-11,1.5754514252962898e-05,1.5757726609877479e-05,-3.2123569145810292e-09,1.6951340850492089e-11,0
5509,6.7271048476705522e-10,-4.9248638314619911e-06,-4.9228447051491595e-06,-2.0191263128315750e-09,4.4203565989727590e-11,0
5510,2.3549798334598566e-10,6.9756765938211104e-06,6.9670895541466889e-06,8.5870396744215080e-09,2.2103434562425268e-11,0
5511,9.7301842936286605e-10,-9.6670080286652849e-06,-9.6607720717293563e-06,-6.2359569359286609e-09,2.6636273956857451e-11,0
5513,1.4012135219768454e-10,-3.7649589353988197e-05,-3.7633864391299861e-05,-1.5724962688336492e-08,3.8013612576877663e-11,0
5514,1.8139727062423813e-10,1.5203031225803285e-05,1.5211278511316942e-05,-8.2472855136573849e-09,1.2660493234730875e-11,0
5515,8.9380308811595312e-10,-5.4763088254820326e-06,-5.4732553120445017e-06,-3.0535134375309008e-09,3.8233766061776959e-11,0
5516,4.5659058676532832e-10,6.4241710945539890e-06,6.4209340639468264e-06,3.2370306071626340e-09,2.4168704847872355e-11,0
5518,-7.9162115878992275e-10,2.4869983847389254e-05,2.4875082306134837e-05,-5.0984587455824124e-09,1.9051842081626017e-11,0
5519,-7.9215341256306053e-11,4.1906868526379697e-06,4.1937025458292719e-06,-3.0156931913022622e-09,2.9886851918198673e-11,0
5520,-5.1642784262054431e-10,1.6091148476548526e-05,1.6082947376058234e-05,8.2011004902918401e-09,4.1538832244660319e-11,0
5524,8.3289707830360177e-10,2.7982578093695490e-05,2.7978108186093438e-05,4.4699076020522979e-09,7.7700388327240643e-11,0
5525,4.0550713455268397e-10,-1.4814197521164849e-04,-1.4814404588495963e-04,2.0706733111475716e-09,4.2186593135855843e-11,0
5526,4.1275918608939840e-11,5.2852583844299256e-05,5.2852202197059079e-05,3.8164724017793888e-10,3.4373175563942070e-11,0
5527,7.5368173683103532e-10,3.2173146837245412e-05,3.2169914927079089e-05,3.2319101663227045e-09,7.2121554212875445e-11,0
5528,3.1646923526063525e-10,4.4073664366081622e-05,4.4061744439186013e-05,1.1919926895608923e-08,4.7705759040813767e-11,0
5529,7.1240581821697147e-10,-2.0679318424298224e-05,-2.0681794991549476e-05,2.4765672512526242e-09,2.0454433304785516e-11,0
5530,2.7519331664480299e-10,-8.7788497916685415e-06,-8.7899807610939458e-06,1.1130969425404287e-08,1.6028534773349219e-11,0
5531,-4.3721250138555576e-10,1.1900486160785042e-05,1.1888395065189925e-05,1.2091095595116719e-08,4.2879151720527472e-11,0
5533,-6.9333836181050539e-11,5.6524952550974367e-06,5.6047497209641986e-06,4.7745534133238057e-08,1.9922047736544462e-11,0
5534,9.5147414438255287e-10,-4.0682591279900910e-06,-4.0606682599113195e-06,-7.5908680787715785e-09,3.5128060141335301e-11,0
5535,3.7685306769861942e-10,-1.8018560554768038e-04,-1.8018004630586284e-04,-5.5592418175386821e-09,1.5840919121457971e-11,0
5536,1.7050037436285883e-10,2.0814352489389315e-05,2.0814311469919207e-05,4.1019470108192169e-11,1.4815598424179745e-11,0
5537,8.2918860377941311e-10,-2.6856449588463180e-06,-2.6823086866637220e-06,-3.3362721825960620e-09,1.2235861347989457e-11,0
5538,1.0208079780604645e-09,-9.7207145568246889e-06,-9.6603738123967936e-06,-6.0340744427895285e-08,3.7361451787170253e-11,0
5539,4.4618690278520990e-10,-1.8583805417814181e-04,-1.8578292824108841e-04,-5.5125937053400421e-08,2.0692265891743045e-11,0
5540,2.3983420814241169e-10,1.5161839566867064e-05,1.5211983485852357e-05,-5.0143918985293311e-08,1.7465895865721582e-11,0
5541,8.9852243784112677e-10,-8.3381317264770438e-06,-8.2876142571780984e-06,-5.0517469298945385e-08,1.5474095230672860e-11,0
5542,-5.7462107660224839e-10,-1.7611733045189192e-04,-1.7612237908489948e-04,5.0486330075577308e-09,1.9410294571404860e-11,0
5543,-7.8097377002041832e-10,2.4882650545135498e-05,2.4875372454257948e-05,7.2780908775505414e-09,2.8549366686942176e-11,0
5544,-1.2228554058428400e-10,1.3826097266853412e-06,1.3828632439431128e-06,-2.5351725777167879e-10,1.4945213863252085e-11,0
5545,-2.0635269311651972e-10,2.0099989292405272e-04,2.0099872249894988e-04,1.1704251028381209e-09,1.5045257740608469e-11,0
5546,4.5233553625174867e-10,1.7749993928665563e-04,1.7750090997155319e-04,-9.7068489755976727e-10,7.9423953629088614e-12,0
5547,6.5868822938808342e-10,-2.3499974399584633e-05,-2.3497839879272147e-05,-2.1345203124859306e-09,1.2953265756871280e-11,0
5549,1.5246096044777292e-10,5.0615027297837983e-06,5.0534401150170581e-06,8.0626147667402459e-09,1.7009872636466851e-11,0
5550,-1.3288021893513127e-10,5.6021291043803489e-06,5.6041383964657311e-06,-2.0092920853821672e-09,1.2124531460083593e-11,0
5551,7.4636901326063794e-10,-4.0407643484736966e-06,-4.0626239736342035e-06,2.1859625160506948e-08,2.1594845679132781e-11,0
5552,3.6783688592684277e-10,-1.8017973099010518e-04,-1.8017998892569463e-04,2.5793558944536138e-10,9.4775287316933225e-12,0
5553,7.9913739925401543e-11,-3.2037850079044922e-05,-3.2039083167647115e-05,1.2330886021936767e-09,3.5164053699986812e-11,0
5554,1.2358429314903343e-10,2.0815444206173563e-05,2.0814018951863754e-05,1.4252543098090993e-09,9.0364792520265524e-12,0
5555,6.7262090184950645e-10,1.4190875963042415e-07,1.3270569067931519e-07,9.2030689511089591e-09,2.0725937435361082e-11,0
5556,3.5827804937305146e-10,1.2052398114997809e-05,1.2024321058343880e-05,2.8077056653928479e-08,1.7060675801328287e-11,0
5557,-2.8534117841122608e-10,5.4065714905201720e-07,5.4749804797601495e-07,-6.8408989239977510e-09,2.2095688571611025e-11,0
5558,5.9390805261656126e-10,-9.1023089846629240e-06,-9.1205950566124584e-06,1.8286071949534391e-08,3.7080679400760768e-11,0
5559,2.1537592571891896e-10,-1.8524123897052441e-04,-1.8523787006290463e-04,-3.3689076197771992e-09,1.7276294738924319e-11,0
5560,-7.2547220450368574e-11,-3.7099410896959326e-05,-3.7089452906064835e-05,-9.9579908944907002e-09,5.9713486943929145e-11,0
5561,-2.8876667328690149e-11,1.5753946140501310e-05,1.5758348246232148e-05,-4.4021057308384754e-09,1.7712155973389112e-11,0
5562,5.2015994131480610e-10,-4.9195979157385522e-06,-4.9240393106909869e-06,4.4413949524346895e-09,3.1963515974370480e-11,0
5563,2.0581708870827417e-10,6.9909037180362898e-06,6.9673205898326734e-06,2.3583128203616418e-08,2.0433377619834365e-11,0
5564,8.7924923126745217e-10,-9.6429348210459037e-06,-9.6617031656892118e-06,1.8768344643308054e-08,2.7275651739337636e-11,0
5565,5.0071710427720103e-10,-1.8578187193407604e-04,-1.8578227328822563e-04,4.0135414959498357e-10,1.1175346157480652e-11,0
5566,2.1279395814374098e-10,-3.7640034931847588e-05,-3.7633098827581823e-05,-6.9361042657646176e-09,2.7407476991956050e-11,0
5567,2.5646451128665648e-10,1.5213318498864467e-05,1.5212338666477235e-05,9.7983238723230745e-10,1.0798643707167518e-11,0
5568,8.0550111994144738e-10,-5.4601884136064316e-06,-5.4740581611072936e-06,1.3869747500862056e-08,3.0846493474705958e-11,0
5569,4.9115826736506128e-10,6.4502727177770391e-06,6.4215490060245770e-06,2.8723711752462113e-08,2.5545469296418770e-11,0
5570,-3.7853212666721452e-10,-1.7613893163502536e-04,-1.7612036464709655e-04,-1.8566987928814735e-08,1.3388730819907165e-11,0
5571,-6.2278471986015470e-10,2.4856289756404817e-05,2.4877037535820141e-05,-2.0747779415323402e-08,1.6437521454454564e-11,0
5572,-7.3748111245300649e-11,4.1827019815134266e-06,4.1938677865823339e-06,-1.1165805068907338e-08,2.4203250156131526e-11,0
5573,-3.8809096391944012e-10,1.6093217450466443e-05,1.6084538541588020e-05,8.6789088784228815e-09,3.4246548749760148e-11,0
5574,-2.4425259295977808e-10,2.0099518156288347e-04,2.0099837740844385e-04,-3.1958455603837543e-09,7.9016900792361863e-12,0
5575,3.0478401570837861e-10,1.8032166017222743e-04,1.8031216260078046e-04,9.4975714469685418e-09,1.3231889577574094e-11,0
5576,-9.5588368561975791e-12,1.9223216793378198e-04,1.9220905696988903e-04,2.3110963892950497e-08,1.7527406664707508e-11,0
5577,6.6645527333520951e-10,2.7997074721043680e-05,2.7976500565050850e-05,2.0574155992829991e-08,6.3686126373128445e-11,0
5578,2.8792314600508361e-10,-1.4814196070857526e-04,-1.4814479198494809e-04,2.8312763728280659e-09,3.9297192528491461e-11,0
5579,4.3670553224008522e-11,5.2853275154824981e-05,5.2852540823310297e-05,7.3433151468344513e-10,4.0438453349651135e-11,0
5580,5.9270716192078108e-10,3.2179723580660902e-05,3.2168461023476652e-05,1.1262557184249804e-08,5.2035303404360675e-11,0
5581,2.7836430944241562e-10,4.4090154099406947e-05,4.4061685583273106e-05,2.8468516133841747e-08,4.7668790097235405e-11,0
5582,5.4903660869421351e-10,-2.0673539142396224e-05,-2.0683594617421651e-05,1.0055475025426734e-08,1.6194804355190672e-11,0
5583,2.3469375620636840e-10,-8.7630544365960295e-06,-8.7903462925940608e-06,2.7291855998031321e-08,1.4359521746385209e-11,0
5584,-3.1434285264582089e-10,1.1910518844583575e-05,1.1889827536667434e-05,2.0691307916141080e-08,2.9119999423469743e-11,0
5586,-2.7076855279545671e-10,5.5957841540452483e-06,5.6028528602010135e-06,-7.0687061557652174e-09,5.0539025411364829e-11,0
5587,4.9081304854763972e-10,-4.0045050446937264e-06,-4.0650339596866186e-06,6.0528914992892184e-08,5.1316750266295852e-11,0
5588,1.6499450663378549e-10,-1.8018358709466083e-04,-1.8018170023131647e-04,-1.8868633443614845e-09,2.1269161041190407e-11,0
5589,1.3885983553222335e-10,2.0820205847382062e-05,2.0814285389450794e-05,5.9204579312672036e-09,2.4858006176219719e-11,0
5590,4.1860479083129932e-10,-2.6656958013061144e-06,-2.6861227143791963e-06,2.0426913073081953e-08,1.8620965443337179e-11,0
5591,7.6158160137501537e-10,-9.6003712577973077e-06,-9.6628132989723987e-06,6.2442041175090989e-08,6.3800875483437563e-11,0
5592,4.3576305946148281e-10,-1.8577938826673957e-04,-1.8578271215140442e-04,3.3238846648491437e-09,3.5293054518173789e-11,0
5593,4.0962838851146060e-10,1.5224234835201078e-05,1.5213925274114416e-05,1.0309561086662469e-08,6.9299948946324481e-11,0
5594,6.8937334365269275e-10,-8.2614814994469432e-06,-8.2895008964411761e-06,2.8019396994232915e-08,3.3174469431446753e-11,0
5595,-3.2581854191807424e-10,-1.7617907107065657e-04,-1.7611966468706732e-04,-5.9406383589249252e-08,2.7744666088220907e-11,0
5596,-3.5195321362462902e-10,2.4824630475768494e-05,2.4879715755110156e-05,-5.5085279341661936e-08,4.7360351554761241e-11,0
5597,-7.2208257690750855e-11,1.3387933860305179e-06,1.3834298705108628e-06,-4.4636484480344932e-08,2.0680660807895142e-11,0
5598,-2.6134671110119724e-11,2.0100378632692973e-04,2.0100035972934105e-04,3.4265975886816138e-09,2.9750049219074058e-11,0
5599,2.5361028419725693e-10,1.7751789004009401e-04,1.7749876336276094e-04,1.9126677333066540e-08,1.0128651721348034e-11,0
5600,2.7974495551436237e-10,-2.3485955315071146e-05,-2.3501636749787633e-05,1.5681434716487282e-08,2.1479534246486522e-11,0
5601,-1.8132541516905290e-10,5.5985972803279486e-06,5.6036394023823426e-06,-5.0421220543939865e-09,1.2977069389512967e-11,0
5602,3.0960955842505559e-10,-1.8017619361087624e-04,-1.8018027556897969e-04,4.0819581034528749e-09,9.8922967702165950e-12,0
5603,7.7390418229306278e-11,-3.2037454117881271e-05,-3.2039178072876001e-05,1.7239549947298586e-09,4.1922384130033589e-11,0
5604,4.9093497347612012e-10,-1.8577480068279577e-04,-1.8578208488794127e-04,7.2842051455034289e-09,1.2050160416055904e-11,0
5605,2.5871583322609956e-10,-3.7636066004433219e-05,-3.7632582682546196e-05,-3.4833218870222249e-09,3.2463566881632536e-11,0
5606,2.3221914022478408e-10,-1.4813862657564285e-04,-1.4814499473751131e-04,6.3681618684633800e-09,5.4655065368394020e-11,0
5607,-5.8817408664035928e-10,1.9838624770868174e-06,1.9791458734651631e-06,4.7166036216543323e-09,1.8961955641337973e-11,0
5608,9.2373433580580301e-10,-7.1267903999673587e-06,-7.1395780386678960e-06,1.2787638700537281e-08,1.3621192381419921e-11,0
5609,1.1763640294791734e-10,1.7767346285146521e-05,1.7739249963474409e-05,2.8096321672111633e-08,9.4002285406736523e-12,0
5610,9.9592617534852626e-10,-2.8956241910071956e-06,-2.9401425825835419e-06,4.4518391576346275e-08,2.1843099616668411e-11,0
5611,9.9593215172030484e-10,-5.7056927802792701e-06,-5.7525581426684934e-06,4.6865362389223345e-08,6.9604241242119726e-12,0
5612,-6.8554035125756765e-10,8.9429532329739561e-06,8.9392150440796201e-06,3.7381888943360288e-09,1.7381165216579956e-11,0
5613,1.5119084224818433e-09,-9.1106666874471096e-06,-9.1121815652275644e-06,1.5148777804548617e-09,4.4606116848144156e-11,0
5614,7.0581048835328045e-10,1.5783473450577470e-05,1.5765689637131780e-05,1.7783813445690637e-08,1.3536734913463413e-11,0
5615,1.5841002618676084e-09,-4.8794697194527378e-06,-4.9141239942934729e-06,3.4654274840735047e-08,7.8788485668383679e-11,0
5616,1.5841062382324867e-09,-7.6895672539200113e-06,-7.7333092875412554e-06,4.3742033621244043e-08,2.1866660070478740e-11,0
5617,-9.7366264095366581e-11,6.9591132545480591e-06,6.9651985955719936e-06,-6.0853410239345148e-09,1.5499939512984221e-11,0
5618,-8.0609793453018400e-10,2.4894114533633794e-05,2.4875903359169375e-05,1.8211174464419032e-08,1.7997469365848093e-11,0
5619,7.2191839328689852e-11,4.2311891028309900e-06,4.1953407756183286e-06,3.5848327212661398e-08,2.7356632259997627e-11,0
5620,7.2197815705319194e-11,1.4210921060629420e-06,1.3848220709547845e-06,3.6270035108157440e-08,9.0056598580638447e-12,0
5621,-1.6092746864225348e-09,1.6069749415472886e-05,1.6073974578985208e-05,-4.2251635123217459e-09,4.0759023344425039e-11,0
5622,8.7828977397407622e-10,-2.0662945493749984e-05,-2.0680999653537864e-05,1.8054159787879692e-08,2.8479218808115879e-11,0
5623,8.7829575034285928e-10,-2.3473029444304400e-05,-2.3496446558060508e-05,2.3417113756108397e-08,9.5371284388263781e-12,0
5624,-8.0317675170899145e-10,-8.8243730411493443e-06,-8.7997779364226064e-06,-2.4595104726737933e-08,1.1430444039905824e-11,0
5626,-1.6814665255624362e-09,1.1838528733196241e-05,1.1877798874133873e-05,-3.9270140937631894e-08,6.0587004342943702e-11,0
5627,-1.6814725019332701e-09,1.4648677347068109e-05,1.4694115039797262e-05,-4.5437692729152597e-08,1.8230568699931703e-11,0
5628,-2.7365144523842037e-11,5.6130649925684173e-06,5.6050179243397076e-06,8.0470682287097229e-09,6.5844066631919983e-12,0
5629,5.5229688327875463e-10,-1.8016415049337819e-04,-1.8017798202796012e-04,1.3831534581928593e-08,4.3069781268207550e-12,0
5630,6.3642891655195334e-11,-3.2038315036648102e-05,-3.2039328947722403e-05,1.0139110743007042e-09,2.5165316688818566e-11,0
5631,5.7966202632511684e-10,-1.8577720690190916e-04,-1.8578117848844607e-04,3.9715865369116705e-09,9.2606714847978376e-12,0
5632,9.1008035196528020e-11,-3.7651478563827112e-05,-3.7634071751447766e-05,-1.7406812379346006e-08,2.0038049997784660e-11,0
5633,4.8865399165282117e-10,-1.4812572073708875e-04,-1.4814255428565763e-04,1.6833548568880594e-08,2.2925784751660840e-11,0
5634,1.1720617220038509e-10,-3.2041574289794986e-05,-3.2038874245956750e-05,-2.7000438382367630e-09,8.1712357862068734e-12,0
5636,1.3826005927768005e-09,-7.1464350296993051e-06,-7.1354605227201494e-06,-1.0974506979155726e-08,2.4067652999924949e-11,0
5637,1.4941021552288693e-09,-1.8323170263133404e-04,-1.8325407302441187e-04,2.2370393077829256e-08,2.2050556846477552e-11,0
5638,-4.6385200158150483e-10,1.7749555985494686e-05,1.7734110644708564e-05,1.5445340786121570e-08,1.5188874216609067e-11,0
5639,1.5111508062203649e-09,-5.7605810713529798e-06,-5.7478849685179151e-06,-1.2696102835064738e-08,1.3072917610971608e-11,0
5640,-1.5702350486460931e-09,8.9504726743811630e-06,8.9313106268030420e-06,1.9162047578120985e-08,1.9031756211777469e-11,0
5646,1.1150156150525574e-10,-1.7608528114053910e-04,-1.7611517329825315e-04,2.9892157714047664e-08,1.3841598980169232e-11,0
5647,-1.8464525938169277e-09,2.4896017621741685e-05,2.4866634802645524e-05,2.9382819096161663e-08,1.8793019286106146e-11,0
5648,1.2855021315278737e-10,1.3858507417123349e-06,1.3853818583397711e-06,4.6888337256376406e-10,1.0215189084735233e-11,0
5649,-2.9528356380701234e-09,1.6096861965609298e-05,1.6061951506629900e-05,3.4910458979397840e-08,4.3524233057415184e-11,0
5650,-1.9579541510276333e-09,2.0098129112439567e-04,2.0098279687884665e-04,-1.5057544509758207e-09,1.1887118011909035e-11,0
5651,1.7048653472923303e-11,1.7747113026637864e-04,1.7749622528667167e-04,-2.5095020293026092e-08,6.6262781889832912e-12,0
5652,-3.0643371870670035e-09,1.9218215212427623e-04,1.9218119523338483e-04,9.5689089139351646e-10,3.9290483539656666e-11,0
5653,1.9750028052464844e-09,-2.3510148832242561e-05,-2.3486626827265405e-05,-2.3522004977156324e-08,8.8434609475741617e-12,0
5654,-1.1063830385654053e-09,-8.7991701096115996e-06,-8.8025331119394963e-06,3.3630023278967067e-09,2.2431313793980752e-11,0
5655,-3.0813858487499326e-09,1.4711069251310133e-05,1.4681528997139915e-05,2.9540254170218054e-08,2.9125164810950140e-11,0
5656,-1.4172864437229482e-10,6.0427782689032017e-06,6.0466824835769863e-06,-3.9042146737845490e-09,1.8530986671086920e-11,0
5657,1.2720984170608690e-10,-3.2048876787176299e-05,-3.2038813950499646e-05,-1.0062836676652683e-08,2.7963224719525320e-11,0
5658,1.4705854048859570e-10,-2.7184118721740314e-06,-2.6887139546943428e-06,-2.9697917479688597e-08,1.7855942887507205e-11,0
5659,1.9848698375374335e-11,2.9330532703914988e-05,2.9344713199832744e-05,-1.4180495917755838e-08,5.0760308054500641e-11,0
5660,-3.1787396111717206e-09,-1.8327043222847190e-04,-1.8329642877600613e-04,2.5996547534231848e-08,1.5946333227409240e-11,0
5661,-1.2441237655694311e-09,1.7794380671166260e-05,1.7727164243171491e-05,6.7216427994769415e-08,1.9797242194775840e-11,0
5662,-2.5535809779248015e-09,-2.9654984320271610e-06,-2.9724205387796958e-06,6.9221067525348032e-09,2.8533016571612225e-11,0
5663,1.9346158467651799e-09,2.0106478016123155e-04,2.0101818266075503e-04,4.6597500476524157e-08,1.2960214204376125e-11,0
5664,6.2515863122975570e-10,1.8030495761212594e-04,1.8031442837029656e-04,-9.4707581706242935e-09,1.5013415149636144e-11,0
5665,-1.3094572042541097e-09,-2.0759856871898491e-05,-2.0701170627688418e-05,-5.8686244210073103e-08,2.4142100280062560e-11,0
5666,7.8256255723942239e-10,3.5341907074337015e-06,3.5328442635297366e-06,1.3464439039649002e-09,5.7694179928608180e-11,0
5667,9.1857843346002876e-10,-2.2246682665084255e-06,-2.2318127838774544e-06,7.1445173690288793e-09,4.6101249010735323e-11,0
5668,1.3601587634651465e-10,-5.7588240351910160e-06,-5.7604039643787291e-06,1.5799291877131408e-09,1.4271883347252965e-11,0
5669,-1.4321659464115559e-10,5.6115509156750426e-06,5.6038816919916304e-06,7.6692236834122304e-09,1.8242726006595405e-11,0
5670,7.4983403830857870e-10,-4.0679716887970924e-06,-4.0630334516264505e-06,-4.9382371706418286e-09,1.6402937429074325e-11,0
5671,2.5618502040599587e-10,-1.8018541949437090e-04,-1.8018032987076913e-04,-5.0896236017774262e-09,9.1027487825690425e-12,0
5672,9.1363037230444399e-11,-3.2038379853387426e-05,-3.2039178970140915e-05,7.9911675348898767e-10,4.9211523658045168e-11,0
5673,1.6339723037058365e-10,2.0816158919789138e-05,2.0815028996915488e-05,1.1299228736498914e-09,1.5341257976765461e-11,0
5674,6.4090313026743743e-10,1.2445804898033106e-07,1.3226353343391851e-07,-7.8054844535874583e-09,1.7091479976918140e-11,0
5675,8.9305063196806373e-10,-9.6795467814034253e-06,-9.6617832056538954e-06,-1.7763575749529892e-08,2.2352936328412589e-11,0
5676,3.9940161456094591e-10,-1.8579697065803161e-04,-1.8578242405073152e-04,-1.4546607300089170e-08,1.3782179551127600e-11,0
5677,2.3457963066413446e-10,-3.7649813632358378e-05,-3.7632626692655115e-05,-1.7186939703263263e-08,6.6326193812134092e-11,0
5678,3.0661382364439875e-10,1.5204624848299403e-05,1.5213781369505646e-05,-9.1565212062431954e-09,1.8317947908988858e-11,0
5679,7.8411972407653204e-10,-5.4871137410306831e-06,-5.4742528495801327e-06,-1.2860891450550404e-08,3.2931854959738736e-11,0
5680,-4.9364901781660003e-10,-1.7611741771995405e-04,-1.7612028961327749e-04,2.8718933234403877e-09,1.3169471609937147e-11,0
5681,-5.8643680800958926e-10,2.4884204637322903e-05,2.4878466181527634e-05,5.7384557952691270e-09,2.4134797463713534e-11,0
5682,-1.0893090801637909e-10,4.1924448221217128e-06,4.1938497861590909e-06,-1.4049640373781943e-09,2.3538740441208261e-11,0
5683,-9.2787789672004367e-11,2.0100162881728483e-04,2.0099975165506400e-04,1.8771622208306905e-09,1.5799533611587251e-11,0
5684,3.8471811000251576e-10,1.8030989679893809e-04,1.8031210909417842e-04,-2.2122952403379539e-09,1.3075885243879899e-11,0
5685,6.5847100106055505e-10,2.7970262553822858e-05,2.7976180989759531e-05,-5.9184359366721976e-09,5.8577600979092930e-11,0
5686,1.6482198311643032e-10,-1.4814706323925970e-04,-1.4814506772002083e-04,-1.9955192388646566e-09,5.9069743416228621e-11,0
5687,7.2034193153926776e-11,5.2854630292527120e-05,5.2853626428086761e-05,1.0038644403589925e-09,7.8469577719670782e-11,0
5688,5.4954009300356574e-10,3.2162899915024737e-05,3.2168093344223743e-05,-5.1934291990063212e-09,6.6887053916686634e-11,0
5689,4.7750589990414008e-10,-2.0691686430447025e-05,-2.0685066439111343e-05,-6.6199913356819722e-09,2.3663754155598245e-11,0
5690,2.6886277910698410e-09,-5.7642414323103497e-06,-5.7372053744918518e-06,-2.7036057818497836e-08,3.6064912519316385e-11,0
5691,-5.4548851049812581e-11,6.9622263920701352e-06,6.9663384736877508e-06,-4.1120816176155360e-09,1.4792573908167776e-11,0
5692,9.8165662163353733e-11,1.5197861011133698e-05,1.5212012340213706e-05,-1.4151329080007934e-08,2.1652391946998065e-11,0
5693,5.9873775022493579e-10,-5.4887074860451163e-06,-5.4759381817713631e-06,-1.2769304273753152e-08,3.2869167205407205e-11,0
5694,8.6671203989631372e-10,3.5506321554319015e-06,3.5336092424531819e-06,1.7022912978719576e-08,8.1338906488143709e-11,0
5695,-2.9791473170428901e-10,4.4053736190061664e-05,4.4057416423818491e-05,-3.6802337568275800e-09,3.4228986967848276e-11,0
5696,4.1748746727589869e-10,5.1123001989540617e-06,5.0550884690080414e-06,5.7211729946020334e-08,3.3420921603106666e-11,0
5697,9.7034333124867807e-10,-4.0698508271470087e-06,-4.0611584099287881e-06,-8.6924172182206084e-09,2.1345729021152701e-11,0
5698,4.1212868540507168e-10,-1.8018511820617209e-04,-1.8017871421669471e-04,-6.4039894773822853e-09,1.0999140305190472e-11,0
5699,1.5242759894467961e-10,2.0815209782177723e-05,2.0815119671518178e-05,9.0110659544875979e-11,1.2795439603939514e-11,0
5700,8.5420496534131416e-10,-2.6867780964037226e-06,-2.6823844004505788e-06,-4.3936959531437406e-09,1.1452985637618019e-11,0
5701,5.5285586424701839e-10,-9.1822237608760876e-06,-9.1207861657993480e-06,-6.1437595076739554e-08,7.6584281036056549e-11,0
5702,-5.3587802131515183e-12,-1.8529744606191056e-04,-1.8523821819484940e-04,-5.9227867061164858e-08,4.3468201840107999e-11,0
5703,-2.6505986767206271e-10,1.5702957253511951e-05,1.5757969800959426e-05,-5.5012547447475001e-08,2.7820155672982113e-11,0
5704,4.3671749870439409e-10,-7.7990672954601770e-06,-7.7433808300894149e-06,-5.5686465370762076e-08,3.4178929966796803e-11,0
5705,-5.5821464594186351e-10,-1.7611527171214336e-04,-1.7612054709114053e-04,5.2753789971636284e-09,1.2564120015402520e-11,0
5706,-8.1791573232929812e-10,2.4885100511488445e-05,2.4876684494385540e-05,8.4160171029049437e-09,2.3062303484737772e-11,0
5707,-1.1613836593310648e-10,1.3830729784929151e-06,1.3833332830861353e-06,-2.6030459322018103e-10,1.2471867867369003e-11,0
5708,-2.5970108618597761e-10,2.0100033880610167e-04,2.0099823350761640e-04,2.1052984852676111e-09,1.1471269211203847e-11,0
5709,4.4207628021349993e-10,1.7749833178305969e-04,1.7749955233917696e-04,-1.2205561172764882e-09,7.0523650085921691e-12,0
5710,7.0177736639666146e-10,-2.3502015360950203e-05,-2.3498756972602718e-05,-3.2583883474849630e-09,9.6256220916292952e-12,0
5712,7.4876438395612741e-11,5.2858662341186483e-05,5.2854037079916082e-05,4.6252612704008396e-09,4.9147211295359034e-11,0
5713,2.9173330033516630e-10,2.9347999264123150e-05,2.9347163824665133e-05,8.3543945801736784e-10,4.9309546978183537e-11,0
5714,2.1685686211736126e-10,-2.3510784210501248e-05,-2.3503314503659374e-05,-7.4697068418740325e-09,1.1222586423330529e-11,0
5716,1.3850092916511732e-10,5.0603103790396176e-06,5.0523445980174964e-06,7.9657810221211452e-09,2.1717309133873516e-11,0
5717,-7.4880306780355934e-11,5.6031455140017478e-06,5.6043976440955254e-06,-1.2521300937776500e-09,1.4220516384333318e-11,0
5718,7.6781243579505948e-10,-4.0485813845199392e-06,-4.0631552765865469e-06,1.4573892066607694e-08,2.3344564928532188e-11,0
5719,4.0135837739398068e-10,-1.8017877885583185e-04,-1.8017857410877779e-04,-2.0474705405507804e-10,1.0681896517898064e-11,0
5720,7.1457580920700376e-11,-3.2038159005286267e-05,-3.2039489227286641e-05,1.3302220003744256e-09,4.1096671850603695e-11,0
5721,1.0870422468125116e-10,2.0816437258476712e-05,2.0814951055112659e-05,1.4862033640538469e-09,1.1455108798796811e-11,0
5722,6.9902355720079668e-10,1.3860759180868432e-07,1.3269238587865324e-07,5.9152059300310715e-09,2.4618781563614163e-11,0
5723,3.3945921499648180e-10,1.2049030789305221e-05,1.2025067802446479e-05,2.3962986858741791e-08,2.0957963773424618e-11,0
5724,-2.1338123503755277e-10,5.4274890080310226e-07,5.4890431799328614e-07,-6.1554171901838793e-09,2.8080796353457244e-11,0
5725,6.2931150628827865e-10,-9.1089116110373847e-06,-9.1200414319991473e-06,1.1129820961762663e-08,3.7609541125357923e-11,0
5726,2.6285744834852737e-10,-1.8523910960647648e-04,-1.8523532725253622e-04,-3.7823539402511569e-09,1.9969928657189591e-11,0
5727,-6.7043348193925130e-11,-3.7098486707383763e-05,-3.7088512064756138e-05,-9.9746426276243420e-09,7.1347475438270947e-11,0
5728,-2.9796704529510150e-11,1.5756120767929094e-05,1.5760591233285415e-05,-4.4704653563209585e-09,1.9256494704754637e-11,0
5729,5.6052262779931997e-10,-4.9216469682682000e-06,-4.9228455301217164e-06,1.1985618535164075e-09,3.6031431349772801e-11,0
5730,2.0095828560236976e-10,6.9887099606357264e-06,6.9694312663931608e-06,1.9278694242565644e-08,2.2463976842504046e-11,0
5731,8.4269274140395082e-10,-9.6517436548046801e-06,-9.6623739325274422e-06,1.0630277722762185e-08,2.9532377892846154e-11,0
5732,4.7623868343355353e-10,-1.8578191337150938e-04,-1.8578122727282143e-04,-6.8609868795425216e-10,1.3720318550424585e-11,0
5733,1.4633788689646799e-10,-3.7641347289472937e-05,-3.7633251570199931e-05,-8.0957192730065622e-09,3.2367443844519641e-11,0
5734,1.8358453056998071e-10,1.5213282878396087e-05,1.5213301297160196e-05,-1.8418764109799602e-11,1.3421297409280126e-11,0
5735,7.7390386291139339e-10,-5.4645496125817379e-06,-5.4743459236715947e-06,9.7963110898568090e-09,4.2431904217581501e-11,0
5736,4.1433952070838499e-10,6.4458510377774642e-06,6.4221443658214583e-06,2.3706671956005893e-08,3.2042503277281117e-11,0
5737,-3.6645405773807074e-10,-1.7613018127664998e-04,-1.7611840782098657e-04,-1.1773455663405090e-08,1.4382532773358435e-11,0
5738,-6.5910821068789177e-10,2.4865026184747729e-05,2.4878515965998877e-05,-1.3489781251147860e-08,1.9097605340470255e-11,0
5739,-6.8788878437170318e-11,4.1871979247860500e-06,4.1944099590701668e-06,-7.2120342841168101e-09,2.4608832035886278e-11,0
5740,-4.2835322063533380e-10,1.6097595638089055e-05,1.6085998829992267e-05,1.1596808096788218e-08,3.2498351867847651e-11,0
5741,-2.9265415281701837e-10,2.0099522439701208e-04,2.0099793299552252e-04,-2.7085985104390465e-09,9.5443742441135276e-12,0
5742,2.9766517958175070e-10,1.8031741984909314e-04,1.8031081304460859e-04,6.6068044845483519e-09,1.5045434496420324e-11,0
5743,-6.1899162619250291e-11,1.9222779238636453e-04,1.9220835142249351e-04,1.9440963871023269e-08,2.0045144192403312e-11,0
5744,6.9635485487911727e-10,2.7989583186848604e-05,2.7976365605462247e-05,1.3217581386357425e-08,5.4573141366170532e-11,0
5745,3.2990079647383153e-10,-1.4814064715156731e-04,-1.4814302149068480e-04,2.3743391174880796e-09,4.8214885550641309e-11,0
5746,3.7246643763538927e-11,5.2854572657662032e-05,5.2853845648700537e-05,7.2700896149545391e-10,4.2944634969854853e-11,0
5747,6.2756597628222259e-10,3.2176847721073973e-05,3.2168818659330187e-05,8.0290617437855948e-09,6.2186411724546714e-11,0
5748,2.6800163408091269e-10,4.4087185808682622e-05,4.4062828491743417e-05,2.4357316939205265e-08,5.9455969217297904e-11,0
5749,5.9031933250969462e-10,-2.0677830378752066e-05,-2.0684572336340509e-05,6.7419575884430244e-09,2.0028920622208218e-11,0
5750,2.3075499030512385e-10,-8.7674171347033175e-06,-8.7903707473546464e-06,2.2953612651328847e-08,1.7766967034628121e-11,0
5751,-3.5956434219685398e-10,1.1910419118843323e-05,1.1890773818619939e-05,1.9645300223383120e-08,3.0359415137491516e-11,0
5752,2.7768272479917596e-10,3.5200850418987822e-06,3.5282545451084824e-06,-8.1695032097001553e-09,5.3397800047591101e-11,0
5753,2.5320409287579625e-11,5.6216173275770026e-06,5.6052842339142181e-06,1.6333093662784472e-08,6.5305777329835302e-12,0
5754,5.6671101231137533e-10,-1.8016496259564557e-04,-1.8017697026102096e-04,1.2007665375386592e-08,5.5045456790371664e-12,0
5755,5.4139060140400986e-10,-1.8578657411258285e-04,-1.8578051995040847e-04,-6.0541621743788725e-09,9.3783397376160808e-12,0
5757,7.8832840737756610e-11,1.4073180407744162e-06,1.3852708820190580e-06,2.2047158755358283e-08,7.5325803350680219e-12,0
5759,5.0205864788039032e-10,3.5241457595792947e-06,3.5302942825693240e-06,-6.1485229900293381e-09,3.6542667973980982e-11,0
5760,-7.9180256200917541e-11,5.6012406237961054e-06,5.6043064005992006e-06,-3.0657768030951948e-09,1.2221618915797935e-11,0
5761,4.3010501515597462e-10,-1.8016344683274149e-04,-1.8017809676522560e-04,1.4649932484109935e-08,9.8613037156784186e-12,0
5762,5.0928527079684441e-10,-1.8576467763949979e-04,-1.8578068000436440e-04,1.6002364864605529e-08,1.0063825496962977e-11,0
5763,2.8529645424255941e-10,-3.7037319357372325e-05,-3.7085125532571095e-05,4.7806175198769672e-08,7.0036780509605451e-11,0
5764,7.9799520387709712e-10,3.5376308051820321e-06,3.5329845573145356e-06,4.6462478674964924e-09,4.6650734182038192e-11,0
5765,9.5276897867099167e-10,-3.6067869639104522e-06,-3.6190408265498740e-06,1.2253862639421785e-08,6.8522089593274935e-11,0
5766,9.2619216214289688e-10,5.8948751479118155e-07,5.8609025639429342e-07,3.3972583968881368e-09,8.8227427018902728e-11,0
5767,1.5477377504360166e-10,-7.1444280385832542e-06,-7.1470858151498635e-06,2.6577765666092743e-09,2.2864136510604904e-11,0
5768,1.2819695842433292e-10,-2.9480813652877844e-06,-2.9480807691964403e-06,-5.9609134407743580e-13,2.7028751666499262e-11,0
5769,-2.6576816630423549e-11,4.1963920723510784e-06,4.1949414802434178e-06,1.4505921076606734e-09,2.0750095176631982e-11,0
5770,8.4407566934972327e-11,5.0585750863644391e-06,5.0515567409965786e-06,7.0183453678605306e-09,2.0556244603224788e-11,0
5771,-1.2830006355386908e-10,5.5988585455747988e-06,5.6038300872297831e-06,-4.9715416549842695e-09,1.2827615008305952e-11,0
5772,3.4801044623087721e-10,-1.8017488425143072e-04,-1.8017871972100295e-04,3.8354695722339540e-09,1.0885753915613503e-11,0
5773,7.0446918316280085e-11,-3.2037886048693568e-05,-3.2039599049310268e-05,1.7130006167001880e-09,4.0828422413390151e-11,0
5774,1.0410370540904657e-10,2.0817540881748475e-05,2.0815235535336555e-05,2.3053464119202527e-09,9.9419701815330216e-12,0
5775,2.5156038185012721e-10,1.2052811819696779e-05,1.2024549322289254e-05,2.8262497407525360e-08,1.9739858628589727e-11,0
5776,-2.1270762989845352e-10,5.4028689560909476e-07,5.4914036363671419e-07,-8.8534680276194252e-09,2.0496298262270039e-11,0
5777,2.6360287939772008e-10,-1.8523346271358626e-04,-1.8523467507950363e-04,1.2123659173747438e-09,2.8493325640464545e-11,0
5778,-1.3960648651827567e-11,-3.7096482497283798e-05,-3.7087757180252125e-05,-8.7253170316729496e-09,6.7176008725542052e-11,0
5779,1.9696138382752923e-11,1.5758960673484604e-05,1.5761729409390906e-05,-2.7687359063023652e-09,1.9952215877930384e-11,0
5780,1.6715281481661247e-10,6.9942665215641173e-06,6.9697826993951830e-06,2.4483822168934275e-08,1.4862964270733929e-11,0
5781,4.7631050954988189e-10,-1.8577375099725329e-04,-1.8578083881942288e-04,7.0878221695958813e-09,1.1800813606246679e-11,0
5782,1.9874698157731344e-10,-3.7636751324236512e-05,-3.7632637141414499e-05,-4.1141828220129487e-09,3.0909963798147224e-11,0
5783,2.3240376863891753e-10,1.5218664170191069e-05,1.5214241920145646e-05,4.4222500454233512e-09,1.1143709341843200e-11,0
5784,3.7986044507662379e-10,6.4540173794133682e-06,6.4222264169706661e-06,3.1790962442702079e-08,2.1664819064010398e-11,0
5785,-2.4390674102170133e-10,2.0099239308167972e-04,2.0099837479672729e-04,-5.9817150475764431e-09,1.0481522782196665e-11,0
5786,-9.6450064584963775e-11,1.9222776084077027e-04,1.9220796709836809e-04,1.9793742402182853e-08,2.4909946860020545e-11,0
5787,2.7756352792787486e-10,-1.4813691073206452e-04,-1.4814307268304068e-04,6.1619509761617203e-09,5.2326983204375067e-11,0
5788,3.3656787081235375e-11,5.2855361769615439e-05,5.2854229759484515e-05,1.1320101309239203e-09,4.2573081712962657e-11,0
5789,1.8111346352211891e-10,4.4090694551381787e-05,4.4062416808568589e-05,2.8277742813198376e-08,5.1904372987824800e-11,0
5790,1.4745667643954051e-10,-8.7647184300303910e-06,-8.7911245183469267e-06,2.6406088316535716e-08,1.8356403759795749e-11,0
5791,3.8802802139576965e-10,-7.1455118702875436e-06,-7.1450053323245276e-06,-5.0653796301603762e-10,3.3078719777623344e-11,0
5792,3.8781125546011729e-10,-2.9490612580710188e-06,-2.9457245449088063e-06,-3.3367131622124374e-09,4.1697483738802662e-11,0
5793,-2.1676594130173822e-13,4.1963886305430419e-06,4.1952196251807895e-06,1.1690053622524801e-09,4.2981170835474319e-11,0
5794,-2.2193575763928151e-10,5.5960449799928938e-06,5.6029579459254138e-06,-6.9129659325199683e-09,3.9596121071950562e-11,0
5795,2.2276067326921646e-10,-1.8018100209608499e-04,-1.8017977165781554e-04,-1.2304382694477110e-09,1.9389409430198822e-11,0
5796,1.2983230599554042e-10,2.0820463826500164e-05,2.0815552765186711e-05,4.9110613134529526e-09,2.6075802078560686e-11,0
5797,4.8338316252830334e-10,-2.6640914326560294e-06,-2.6859544585798410e-06,2.1863025923811587e-08,1.5760075642496179e-11,0
5798,4.4469643095174527e-10,-1.8577701153839549e-04,-1.8578102716868510e-04,4.0156302896061057e-09,3.0747522109572501e-11,0
5799,3.5176806375410390e-10,1.5224455564738157e-05,1.5215453916384329e-05,9.0016483538279864e-09,7.0708870114462837e-11,0
5800,7.0531892021286950e-10,-8.2601608142138933e-06,-8.2892802245407067e-06,2.9119410326813438e-08,3.6079815985111702e-11,0
5801,-9.2928367339938536e-11,2.0100146785581845e-04,2.0099974695383986e-04,1.7209019785905354e-09,2.2937682807542414e-11,0
5802,2.6062248925302985e-10,1.7751688783448037e-04,1.7749707266211025e-04,1.9815172370117595e-08,1.1808482551051492e-11,0
5803,3.5355085669649808e-10,-2.3484565193098751e-05,-2.3502781907677355e-05,1.8216714578603500e-08,1.9824412140264163e-11,0
5805,1.3394083203179066e-10,5.0595252457062700e-06,5.0518109847086664e-06,7.7142609976036438e-09,1.9235067066344062e-11,0
5806,6.4146778753123954e-11,5.6275261347271677e-06,5.6055253200547593e-06,2.2000814672408370e-08,1.5523114133914479e-11,0
5807,9.1554115840070845e-10,-4.0623371359519572e-06,-4.0621813248602452e-06,-1.5581109171198366e-10,2.5193340853184452e-11,0
5808,5.2866913973917133e-10,-1.8017899443686057e-04,-1.8017685272100889e-04,-2.1417158516774063e-09,1.1542505652866032e-11,0
5809,5.9108029792100189e-11,-3.2038750587800105e-05,-3.2039768756171096e-05,1.0181683709914479e-09,3.6271317915666597e-11,0
5810,8.6152721540808301e-11,2.0816140913716133e-05,2.0815288387068755e-05,8.5252664737734437e-10,9.4534707599597139e-12,0
5811,8.4896992464447466e-10,1.3078415163347845e-07,1.3392678961945844e-07,-3.1426379859799909e-09,2.7634119368117650e-11,0
5812,3.5137447404187264e-10,1.2038048971752674e-05,1.2025642472831442e-05,1.2406498921231914e-08,1.9325942146658624e-11,0
5813,-6.9794052483448409e-11,5.6799123664217493e-07,5.5059177756583156e-07,1.7399459076343377e-08,2.5577016119263098e-11,0
5814,7.8160032552613730e-10,-9.1218637935893733e-06,-9.1185392475451290e-06,-3.3245460442442689e-09,5.1637419226725267e-11,0
5815,3.9472830751115463e-10,-1.8523850651839310e-04,-1.8523305574991221e-04,-5.4507684808888929e-09,1.9420428622711150e-11,0
5816,-7.4832802165302691e-11,-3.7098352468116491e-05,-3.7088130250108890e-05,-1.0222218007600685e-08,6.6600774494115204e-11,0
5817,-4.7788110516234171e-11,1.5756619147164544e-05,1.5761571608170333e-05,-4.9524610057888167e-09,1.6644089640124834e-11,0
5818,7.1502909190634395e-10,-4.9287487335644784e-06,-4.9210208242820706e-06,-7.7279092824078410e-09,3.5633969392499993e-11,0
5819,2.1743364166895763e-10,6.9785446751486659e-06,6.9706759341567081e-06,7.8687409919578086e-09,2.4400130668307970e-11,0
5820,8.5139437684321405e-10,-9.6898631378504810e-06,-9.6624667936825988e-06,-2.7396344167882162e-08,2.8907160232244537e-11,0
5821,4.6452235928826876e-10,-1.8580653524940920e-04,-1.8578068922623590e-04,-2.5846023173298292e-08,1.4136829340290141e-11,0
5822,-5.0387501996985414e-12,-3.7666440790947581e-05,-3.7634398336791949e-05,-3.2042454155631209e-08,3.6724459524486248e-11,0
5823,2.2005941382279494e-11,1.5188603621773406e-05,1.5212658190212290e-05,-2.4054568438884041e-08,1.2549894557258399e-11,0
5824,7.8482314332059985e-10,-5.4968141858808411e-06,-5.4742469242949542e-06,-2.2567261585886906e-08,3.5295562856213270e-11,0
5825,2.8722769334571841e-10,6.4105269071738046e-06,6.4216461664693473e-06,-1.1119259295542787e-08,2.6291085386475216e-11,0
5826,-3.8687201802630465e-10,-1.7611668597945773e-04,-1.7611765494501646e-04,9.6896555872288265e-10,1.6292170602851594e-11,0
5827,-8.2938843605675862e-10,2.4878446232416349e-05,2.4877886980036066e-05,5.5925238028268066e-10,1.8631067064493805e-11,0
5828,-6.6571233621927483e-11,4.1930933634237548e-06,4.1946826942607099e-06,-1.5893308369551159e-09,2.9338350269742017e-11,0
5829,-5.6416668386489225e-10,1.6100355798250900e-05,1.6085692146960249e-05,1.4663651290650471e-08,4.2618076797570718e-11,0
5830,-4.4251641810586193e-10,2.0099515207774171e-04,2.0099656840063106e-04,-1.4163228893458637e-09,8.8015930968147343e-12,0
5831,3.2030078463487271e-10,1.8030977750401432e-04,1.8031036598037091e-04,-5.8847635659299395e-10,1.6466460789878619e-11,0
5832,-1.7729466577242647e-10,1.9221705469421677e-04,1.9220718566397192e-04,9.8690302448528697e-09,1.8463878266223970e-11,0
5833,8.5643312875947754e-10,2.7976484177455810e-05,2.7977614149155800e-05,-1.1299716999899978e-09,6.9190661630600490e-11,0
5834,4.6956110999112638e-10,-1.4814022578340125e-04,-1.4814104617368265e-04,8.2039028139759516e-10,4.1323030212640189e-11,0
5835,2.7044691767450471e-11,5.2854957244280552e-05,5.2854445570488084e-05,5.1167379246764384e-10,3.5631349061373564e-11,0
5836,7.8986189498203370e-10,3.2169606862334985e-05,3.2170314747715384e-05,-7.0788538039949413e-10,5.4372572680750949e-11,0
5837,2.9226644432118783e-10,4.4076766813507320e-05,4.4063677663145550e-05,1.3089150361770055e-08,5.6467482436290191e-11,0
5838,7.6281720322554644e-10,-2.0685386428432109e-05,-2.0683691681969250e-05,-1.6947464628591636e-09,2.1004928917352673e-11,0
5839,2.6522175255625685e-10,-8.7781098654197975e-06,-8.7900516521022058e-06,1.1941786682408289e-08,1.5490014056928781e-11,0
5840,-4.9759545026697576e-10,1.1907256199303329e-05,1.1890208711788581e-05,1.7047487514747851e-08,3.4697041624085301e-11,0
5841,-8.4051561060900061e-11,5.6140213064125033e-06,5.6041523362515641e-06,9.8689701609392156e-09,2.6731881594417854e-11,0
5842,7.8351679550153717e-10,-4.0692577078350976e-06,-4.0634513093837038e-06,-5.8063984513937378e-09,2.8799404934501651e-11,0
5843,2.9817052276672554e-10,-1.8018446910320757e-04,-1.8017884144352702e-04,-5.6276596805478370e-09,1.9626257252012072e-11,0
5844,1.4915204097712283e-10,2.0817254765525808e-05,2.0815963666342372e-05,1.2910991834363104e-09,1.7232992307762111e-11,0
5845,6.7907039074722026e-10,-2.6864247904632294e-06,-2.6842488566279735e-06,-2.1759338352558021e-09,1.0381127094154555e-11,0
5846,8.6756835533155782e-10,-9.6832416062141158e-06,-9.6623522836381807e-06,-2.0889322575935076e-08,3.1491793615058229e-11,0
5847,3.8222208318168944e-10,-1.8579848841377908e-04,-1.8578131549264158e-04,-1.7172921137502189e-08,1.9276425583053313e-11,0
5848,2.3320360061418335e-10,1.5203234755265665e-05,1.5214734299541401e-05,-1.1499544275735327e-08,2.0400993495952350e-11,0
5849,7.6312195074735432e-10,-8.3004040439052518e-06,-8.2887415529868500e-06,-1.1662490918401739e-08,1.5737197524517565e-11,0
5850,-4.8534627270036328e-10,-1.7611520040380219e-04,-1.7611837265418863e-04,3.1722503864462393e-09,2.7183784640188571e-11,0
5851,-6.3436475453455008e-10,2.4886494568024018e-05,2.4879833687571184e-05,6.6608804528338166e-09,2.3810632185913841e-11,0
5852,-1.0444640474262554e-10,1.3828899567015079e-06,1.3838116846831586e-06,-9.2172798165062524e-10,1.7272165078245452e-11,0
5853,-1.4901848142507192e-10,2.0100170891461985e-04,2.0099923608297743e-04,2.4728316424149806e-09,1.6232771291988506e-11,0
5854,3.8089986817551356e-10,1.7749806202386640e-04,1.7749786018728505e-04,2.0183658135672702e-10,1.1547726690040425e-11,0
5855,5.2991834977249778e-10,-2.3503681085089824e-05,-2.3501495233452036e-05,-2.1858516377880484e-09,1.2630491881447402e-11,0
5856,4.4194467595296233e-10,-4.1108369549965051e-06,-4.0666183815079172e-06,-4.4218573488587947e-08,5.1527825792521790e-11,0
5857,-1.6580023752992081e-10,-1.8022343017009071e-04,-1.8018296459554044e-04,-4.0465574550272972e-08,1.6169537663931098e-11,0
5858,1.3085597756824294e-10,-3.2052227929540121e-05,-3.2039176224473934e-05,-1.3051705066187544e-08,6.0407427492012065e-11,0
5859,2.6270880672408187e-10,2.0815126850657294e-05,2.0817087009751855e-05,-1.9601590945612164e-09,1.5086189000080111e-11,0
5860,2.8025139250941439e-10,8.2679975671462458e-08,1.2871078358294192e-07,-4.6030807911479461e-08,4.8153562522229873e-11,0
5861,2.8023228226442946e-10,-2.7274114364379820e-06,-2.6879029547727732e-06,-3.9508481665208812e-08,1.7886959947100212e-11,0
5862,-6.0774491239434632e-10,-1.7611250884748961e-04,-1.7611932782098344e-04,6.8189734938250632e-09,1.7780906961089465e-11,0
5863,-1.7923586520690135e-10,2.4925977773992275e-05,2.4884125384465601e-05,4.1852389526673603e-08,3.5825286598158024e-11,0
5864,-1.6169328332555756e-10,4.1936310068964658e-06,4.1939081296462166e-06,-2.7712274975083171e-10,2.9817709878690515e-11,0
5865,-1.6171239356716549e-10,1.3835002857340468e-06,1.3833298634187565e-06,1.7042231529030937e-10,1.1465441574590851e-11,0
5866,4.2850904722696153e-10,2.0103852719108653e-04,2.0100448584491407e-04,3.4041346172464237e-08,1.1734981492848351e-11,0
5867,4.4605162905558127e-10,1.8030610198111190e-04,1.8031127609918665e-04,-5.1741180747463117e-09,1.8105843961966236e-11,0
5868,4.4603251880195887e-10,1.7749602147933824e-04,1.7749833393739998e-04,-2.3124580617343501e-09,6.5109838699603823e-12,0
5869,3.1108869804768119e-10,2.7941310984692935e-05,2.7972582798454996e-05,-3.1271813762060455e-08,8.8655964264255736e-11,0
5870,-2.9665621533925296e-10,-1.4817116581417045e-04,-1.4814775971832387e-04,-2.3406095846575806e-08,4.6810679409099299e-11,0
5871,1.3185282916748049e-10,5.2867297599824619e-05,5.2855645614672476e-05,1.1651985152143240e-08,4.4161809203589114e-11,0
5872,1.4939541461846976e-10,3.2134959269410068e-05,3.2164499840047511e-05,-2.9540570637442997e-08,3.6286483819279904e-11,0
5873,1.4937630437554824e-10,2.9324879611773019e-05,2.9345827822676623e-05,-2.0948210903604006e-08,2.0690766408374931e-11,0
5874,1.7542585705370872e-11,-2.0732406523268909e-05,-2.0690712171280800e-05,-4.1694351988109149e-08,3.1136236875289696e-11,0
5875,1.7523475464769739e-11,-2.3542509769772929e-05,-2.3506275780655143e-05,-3.6233989117785985e-08,1.1815875118014040e-11,0
5876,-1.9110241822233783e-14,-2.8101078816302231e-06,-2.8101544438764544e-06,4.6562246231339266e-11,5.3687676440844205e-12,0
5878,-3.4870022576363558e-10,8.9431480667276873e-06,8.9441945442324720e-06,-1.0464775047846310e-09,1.6933804179767235e-11,0
5879,-3.6024368944290449e-10,-1.7611728957221250e-04,-1.7611693697361808e-04,-3.5259859441916230e-10,9.9529658747159222e-12,0
5880,-1.6058010563363921e-11,5.0805376658356535e-06,5.0501838562306236e-06,3.0353809605029920e-08,2.3642649462546628e-11,0
5881,4.3936689440329478e-10,-1.8581927778419348e-04,-1.8578047220353111e-04,-3.8805580662373699e-08,2.0264655464062934e-11,0
5882,6.4897378580653841e-10,-8.3227129656013310e-06,-8.2897639544466423e-06,-3.2949011154688703e-08,1.6873672222550733e-11,0
5883,2.0960689094569834e-10,1.7749655570190330e-04,1.7749594878854427e-04,6.0691335903315449e-10,1.0689996586011539e-11,0
5884,-4.6532187475075826e-10,-3.0745363342504946e-06,-3.0791152790523279e-06,4.5789448018333497e-09,1.4373980083878624e-11,0
5885,-8.0114378636466768e-10,1.9667624205771395e-06,1.9758635397561920e-06,-9.1011191790525789e-09,1.7844231616992823e-11,0
5886,3.5726480788733273e-10,-7.0955586476666860e-06,-7.1455501856114746e-06,4.9991537944788652e-08,1.7256980334355763e-11,0
5887,-4.4205449531154047e-10,-3.5118082905250046e-05,-3.5111599856308502e-05,-6.4830489415442297e-09,4.6676455779101692e-11,0
5888,-4.7772176966730445e-10,1.7734792236261121e-05,1.7736078099320811e-05,-1.2858630596899437e-09,8.7359534699210251e-12,0
5889,-7.5617231934820937e-10,8.9359954900045113e-06,8.9406800066216319e-06,-4.6845166171205542e-09,1.4076122450908518e-11,0
5890,-3.3582191137623106e-10,5.0412854311933375e-06,5.0471716775166683e-06,-5.8862463233307893e-09,8.7882234363393237e-12,0
5891,8.2258668237865726e-10,-4.0210531896981913e-06,-4.0633028853123611e-06,4.2249695614169776e-08,1.9346556454702109e-11,0
5892,2.3267379406584765e-11,-3.2043512344110976e-05,-3.2040219921417365e-05,-3.2924226936101569e-09,2.0736638790296657e-11,0
5893,-1.2399894943140053e-11,2.0809309144922440e-05,2.0814798908759691e-05,-5.4897638372510059e-09,5.2049351171254484e-12,0
5894,-2.9085044435145189e-10,1.2010547041339109e-05,1.2020153677946814e-05,-9.6066366077052879e-09,8.9049529945176675e-12,0
5895,1.1584085950014922e-09,-9.0623376657484461e-06,-9.1150255330386604e-06,5.2687867290214315e-08,3.2133354732376138e-11,0
5896,3.5908929146281457e-10,-3.7084847108776950e-05,-3.7083846385981338e-05,-1.0007227956116359e-09,5.0417172883014672e-11,0
5897,3.2342201709344486e-10,1.5768024498988547e-05,1.5765803444599644e-05,2.2210543889025661e-09,9.8959178818461515e-12,0
5898,4.4971466995875530e-11,6.9692619761633177e-06,6.9699286539147537e-06,-6.6667775143594349e-10,1.0375661669721847e-11,0
5899,-8.3498657688697142e-10,2.4830356706855017e-05,2.4878524783017048e-05,-4.8168076162031099e-08,1.7916390366478084e-11,0
5900,-1.1134371257806225e-09,1.6031574059362230e-05,1.6081394306534483e-05,-4.9820247172252833e-08,2.6245906915568478e-11,0
5901,7.9931930316387575e-10,2.8022469291977617e-05,2.7976940054179232e-05,4.5529237798385195e-08,7.7677628253160692e-11,0
5902,-3.5667274356134368e-11,5.2852861327326237e-05,5.2854394563146470e-05,-1.5332358202339597e-09,2.1394352283157839e-11,0
5903,-3.1411782399694841e-10,4.4054055180200655e-05,4.4058636265575014e-05,-4.5810853743595754e-09,4.4034770616890340e-11,0
5904,-2.7845054984336815e-10,-8.7987664750934294e-06,-8.7949896993846314e-06,-3.7767757087980164e-09,9.1028594393925258e-12,0
5905,-5.0275178242566121e-11,5.0523565957132088e-06,5.0496837296432384e-06,2.6728660699704574e-09,7.4751899358050315e-12,0
5906,8.3841644987913862e-11,5.6453663625430361e-06,5.6055791267526981e-06,3.9787235790338057e-08,4.5273218474638348e-12,0
5907,8.4394763782216114e-10,-4.0407627534249507e-06,-4.0631715088227984e-06,2.2408755397847653e-08,1.4661678765477249e-11,0
5908,5.7650374956865714e-10,-1.8016560865183502e-04,-1.8017589916496043e-04,1.0290513125405269e-08,3.9122076746893208e-12,0
5909,4.3345280978806981e-11,-3.2039034800598366e-05,-3.2040065869182834e-05,1.0310685844680989e-09,1.7197227013216557e-11,0
5910,4.5559321511282751e-11,2.0816194748225249e-05,2.0815418112851378e-05,7.7663537387029141e-10,4.7193241569952565e-12,0
5911,8.0999622148176907e-10,1.5340346401666871e-07,1.3345412088928368e-07,1.9949343127385036e-08,9.6097401716578356e-12,0
5912,8.0998969019553617e-10,-2.6569713076837753e-06,-2.6831821968168114e-06,2.6210889133036123e-08,4.5078463675962779e-12,0
5913,9.2987286514142463e-11,1.2024996605721795e-05,1.2023722416270508e-05,1.2741894512870438e-09,6.8645910441884650e-12,0
5914,1.3411682329301256e-10,5.9302836079647148e-07,5.5279690610467001e-07,4.0231454691801471e-08,8.7456193564545534e-12,0
5915,8.9422281580787408e-10,-9.0930747266102646e-06,-9.1174071245321537e-06,2.4332397921889080e-08,4.9075197250964943e-11,0
5916,6.2677892764200159e-10,-1.8521792690828244e-04,-1.8522995976361456e-04,1.2032855332115176e-08,1.1022334201016703e-11,0
5917,9.3620459164659447e-11,-3.7091375737000488e-05,-3.7086182644565572e-05,-5.1930924349153154e-09,3.9713257230509436e-11,0
5918,9.5834499682121244e-11,1.5763862137135355e-05,1.5763929222876370e-05,-6.7085741015061526e-11,8.3519528374998116e-12,0
5919,8.6027139947782507e-10,-4.8989811930189031e-06,-4.9193141056944657e-06,2.0332912675562561e-08,3.9517759064666029e-11,0
5920,8.6026486819211753e-10,-7.7093088893618461e-06,-7.7386609707884519e-06,2.9352081426605828e-08,1.4792537679954347e-11,0
5921,1.4326246471212067e-10,6.9726612302502960e-06,6.9710085544216523e-06,1.6526758286437368e-09,1.1542034726991965e-11,0
5922,7.6010599039378212e-10,-9.6861431088069924e-06,-9.6634548133160697e-06,-2.2688295490922729e-08,2.3667556546076725e-11,0
5923,4.9266210282910533e-10,-1.8581096784677734e-04,-1.8577984066782863e-04,-3.1127178948714722e-08,6.7161393190921586e-12,0
5924,-4.0496364944069043e-11,-3.7684446662775845e-05,-3.7634509751814624e-05,-4.9936910961220185e-08,1.6526783502870851e-11,0
5925,-3.8282324484170694e-11,1.5170844425791558e-05,1.5212869511703201e-05,-4.2025085911643798e-08,6.0565005880412397e-12,0
5926,7.2615457416652561e-10,-5.4919670410412576e-06,-5.4747805069175703e-06,-1.7186534123687229e-08,1.4994325990187296e-11,0
5927,7.2614804287501043e-10,-8.3023180383074574e-06,-8.2890554432475016e-06,-1.3262595059955842e-08,8.6877933562591501e-12,0
5928,9.1456407164697228e-12,6.3796554342458733e-06,6.4197227042219878e-06,-4.0067269976114423e-08,6.8137107639055532e-12,0
5929,-2.6744388764039205e-10,-1.7612482206456415e-04,-1.7611570620232970e-04,-9.1158622344449450e-09,8.7266095491912446e-12,0
5930,-7.9838831503715200e-10,2.4856982721727094e-05,2.4879013909997686e-05,-2.2031188270591465e-08,1.0556567511113111e-11,0
5931,-3.3951416240387856e-11,4.1941558648358703e-06,4.1952115053688047e-06,-1.0556405329343872e-09,1.4042926355891035e-11,0
5932,-3.3957947531692216e-11,1.3838054775331256e-06,1.3846211956151998e-06,-8.1571808207421854e-10,7.0083958462909511e-12,0
5933,-7.5096034985685295e-10,1.6065775911058497e-05,1.6084847429787015e-05,-1.9071518728518399e-08,4.9855010483925465e-11,0
5934,-5.3094442751342571e-10,2.0098180181838364e-04,2.0099576246705416e-04,-1.3960648670516967e-08,4.1482754173151597e-12,0
5935,2.3349247149471664e-10,1.8031900241869151e-04,1.8030897646669877e-04,1.0025951992746881e-08,5.4466297751652762e-12,0
5936,2.3348594020464955e-10,1.7750863482585448e-04,1.7749600500716411e-04,1.2629818690364095e-08,2.8531894607368988e-12,0
5937,-4.8351646236759362e-10,1.9219058113337760e-04,1.9220429454072389e-04,-1.3713407346287827e-08,1.0470091126105487e-11,0
5938,8.0060235698351123e-10,2.7998329710164985e-05,2.7976916538107231e-05,2.1413172057753509e-08,4.4489713816855591e-11,0
5939,5.3315846866250453e-10,-1.4812656375874991e-04,-1.4813981904661857e-04,1.3255287868659026e-08,1.7200928962826984e-11,0
5940,2.2140405363771686e-12,5.2855243514923701e-05,5.2854856831760619e-05,3.8668316308275094e-10,2.1093853139274377e-11,0
5941,7.6665094063131684e-10,3.2192446561911045e-05,3.2170122782044608e-05,2.2323779866437361e-08,3.2383893489335513e-11,0
5942,7.6664440934040478e-10,2.9382098258113123e-05,2.9351424266394969e-05,3.0673991718154099e-08,2.2086539185435237e-11,0
5943,4.9642005521205092e-11,4.4064057296309099e-05,4.4062050095858911e-05,2.0072004501878573e-09,3.8405127022791932e-11,0
5944,7.6443690017095326e-10,-2.0662801307403528e-05,-2.0684309174292915e-05,2.1507866889387215e-08,1.0035745933477353e-11,0
5945,7.6443036888076043e-10,-2.3473181702270834e-05,-2.3499896536278647e-05,2.6714834007812520e-08,5.1885591458940715e-12,0
5946,4.7427964974516090e-11,-8.7912087695565105e-06,-8.7920262490939509e-06,8.1747953744033092e-10,8.9761657494802681e-12,0
5948,-7.1700893361296349e-10,1.1871619524109200e-05,1.1888848344574328e-05,-1.7228820465127348e-08,2.9227306422155704e-11,0
5949,-7.1700240232596534e-10,1.4681975985733967e-05,1.4705137564541410e-05,-2.3161578807443696e-08,1.2723430521532046e-11,0
5950,5.0392496870225026e-10,3.5254266983837570e-06,3.5303112487591097e-06,-4.8845503753527137e-09,4.2029811014316832e-11,0
5951,1.4368692495393615e-09,-9.1355643135329276e-06,-9.1124541739245467e-06,-2.3110139608380860e-08,6.6334687606065105e-11,0
5952,3.3049166360916926e-11,-3.2041715068320325e-05,-3.2040188531588099e-05,-1.5265367322265470e-09,2.9356916580143865e-11,0
5953,1.0102669840837940e-11,2.0811492906112547e-05,2.0815190023150603e-05,-3.6971170380555864e-09,1.3141888078411330e-11,0
5954,-2.2946496519523814e-11,5.2853235979937688e-05,5.2854748461154429e-05,-1.5124812167402382e-09,3.7335410794695243e-11,0
5955,2.8575110998732480e-10,1.7750289882727255e-04,1.7749633177789660e-04,6.5670493759465483e-09,6.0797047432600540e-12,0
5956,2.4699992874010236e-10,3.5216267545998617e-06,3.5279756165689779e-06,-6.3488619691161747e-09,4.5239094871266112e-11,0
5957,1.5106780331899691e-10,4.1986390978427518e-06,4.1969898946546656e-06,1.6492031880861927e-09,3.1732369648634434e-11,0
5958,-6.7294844800278410e-11,6.9617186037457257e-06,6.9695487029806488e-06,-7.8300992349230789e-09,2.3741409973965640e-11,0
5959,-2.4236341862624148e-11,5.6027080822269176e-06,5.6045377060565086e-06,-1.8296238295909700e-09,1.2664831345271059e-11,0
5960,4.5203675224315704e-10,-1.8016348247545944e-04,-1.8017678664074085e-04,1.3304165281409876e-08,1.0680845542151033e-11,0
5961,6.8659760309970802e-11,2.0817525315000403e-05,2.0815862742240817e-05,1.6625727595857842e-09,1.1926875157308475e-11,0
5962,4.7627309338400391e-10,-1.8576621333305041e-04,-1.8577971080501797e-04,1.3497471967551964e-08,1.0848186981957860e-11,0
5963,9.2896101520569874e-11,1.5214827769430631e-05,1.5214419260094573e-05,4.0850933605723102e-10,1.1224543296555428e-11,0
5964,-3.8337699183335702e-10,2.0098099667245628e-04,2.0099710299148306e-04,-1.6106319026778409e-08,9.4990757717942679e-12,0
5965,8.0957871721386068e-10,3.5452399995590522e-06,3.5330898597273644e-06,1.2150139831687821e-08,5.9179560520710209e-11,0
5966,9.2958703115864967e-10,5.9889392765508087e-07,5.8575869613155359e-07,1.3135231523527277e-08,6.6635884989664764e-11,0
5967,1.2000831416630839e-10,-2.9462893702091996e-06,-2.9482032350910628e-06,1.9138648818631897e-09,4.1240622954380003e-11,0
5968,1.4719123113886641e-10,5.1034817126083959e-06,5.0511344456095394e-06,5.2347266998856454e-08,3.7673642061635560e-11,0
5969,-1.8133237710683509e-10,5.5960831107097937e-06,5.6030732119050387e-06,-6.9901011952449928e-09,3.5417788094291560e-11,0
5970,5.9189347170364760e-10,-4.0054599282825926e-06,-4.0657210795950963e-06,6.0261151312503784e-08,3.7389220155868469e-11,0
5971,2.6170243005509199e-10,-1.8017913108996737e-04,-1.8017836623784682e-04,-7.6485212054892143e-10,1.5241013733551329e-11,0
5972,1.2124749671905231e-10,2.0820836498451189e-05,2.0816485683094442e-05,4.3508153567468791e-09,2.1457449395709586e-11,0
5973,5.2414993385272873e-10,-2.6637460902624588e-06,-2.6858989792244233e-06,2.2152888961964483e-08,1.6959449654768915e-11,0
5974,-3.2852360739850681e-10,4.9271472605388889e-07,5.4885858832486389e-07,-5.6143862270975004e-08,7.7564982301291370e-11,0
5975,4.4470224087729083e-10,-9.1088052150000050e-06,-9.1214111763971631e-06,1.2605961397158097e-08,7.2409058591854667e-11,0
5976,1.1451119935687904e-10,-1.8528257616928084e-04,-1.8523386600527840e-04,-4.8710164002443773e-08,4.0166708740077617e-11,0
5977,-2.5943734523879910e-11,1.5717314378183370e-05,1.5763622652016821e-05,-4.6308273833451334e-08,5.1071395718905593e-11,0
5978,3.7695870307858742e-10,-7.7672627636663980e-06,-7.7427947253628817e-06,-2.4468038303516294e-08,3.5100902540904567e-11,0
5979,7.7322584883907129e-10,-9.6016083006855713e-06,-9.6634558794418679e-06,6.1847578756296651e-08,6.5068773359870131e-11,0
5980,4.4303480718404506e-10,-1.8577524145881302e-04,-1.8577984077834241e-04,4.5993195293969613e-09,3.2232586201397950e-11,0
5981,3.0257987387614616e-10,1.5224644929506814e-05,1.5216546027937659e-05,8.0989015691554345e-09,8.4315485503096429e-11,0
5982,7.0548231098428122e-10,-8.2599352853769681e-06,-8.2892220157358583e-06,2.9286730358890205e-08,2.7248464682136125e-11,0
5983,-3.3019104151370227e-10,-1.7617372927112435e-04,-1.7611561989778476e-04,-5.8109373339586875e-08,3.0893645691841185e-11,0
5984,-4.7064597541904678e-10,2.4826265662535735e-05,2.4882636392855619e-05,-5.6370730319884026e-08,3.7872674268503835e-11,0
5985,-6.7743537794770716e-11,1.3416466984076877e-06,1.3844756826772182e-06,-4.2828984269530477e-08,1.3079479078713937e-11,0
5986,-1.4045493342505305e-10,2.0099995735843395e-04,2.0099931072822090e-04,6.4663021305207992e-10,1.7412766676388713e-11,0
5987,2.6244750378700576e-10,1.7751534934332992e-04,1.7749577487640873e-04,1.9574466921190798e-08,1.1625554599746769e-11,0
5988,4.0290243725725798e-10,-2.3484579605499711e-05,-2.3503693836420720e-05,1.9114230921008261e-08,1.5145560822665764e-11,0
5989,-1.6666902207727262e-10,8.9942777697585991e-06,8.9466278778646862e-06,4.7649891893912841e-08,8.1296098397740740e-11,0
5990,2.2357235071682118e-10,3.5268915086828553e-06,3.5277626431453831e-06,-8.7113446252781151e-10,4.0115478479639101e-11,0
5991,4.9850795134370212e-11,5.2866038688043158e-05,5.2855911317229099e-05,1.0127370814058895e-08,7.1026942978899604e-11,0
5992,3.2820226097218837e-10,-1.8018360555606926e-04,-1.8017763569749153e-04,-5.9698585777232232e-09,1.7585065842635757e-11,0
5993,7.0275946489720074e-10,1.2325931286684584e-07,1.3236043578922260e-07,-9.1011229223767553e-09,2.7215611415408362e-11,0
5994,3.7455720416663048e-10,1.8030687149856502e-04,1.8030965616680324e-04,-2.7846682382128441e-09,2.8191100995691605e-11,0
5996,-2.3584235046452386e-10,5.5967666458930010e-06,5.6025276160093948e-06,-5.7609701163938593e-09,1.3025072001621975e-11,0
5997,5.8409911449614699e-10,-4.0695553488140726e-06,-4.0659275877177161e-06,-3.6277610963564210e-09,2.3803461322569541e-11,0
5998,1.6579221658703955e-10,-1.8018649763123888e-04,-1.8017903078145319e-04,-7.4668497856923612e-09,1.1948607278321464e-11,0
5999,9.1726158707947563e-11,-3.2037573201357315e-05,-3.2039804584544852e-05,2.2313831875370930e-09,3.5987295483207564e-11,0
6000,1.6023626032528660e-10,2.0822968800756399e-05,2.0817039490118031e-05,5.9293106383681137e-09,9.6042803422281989e-12,0
6001,4.8881955125215017e-10,1.2221361571189415e-07,1.3039700724660739e-07,-8.1833915347132418e-09,2.4384357352019061e-11,0
6002,4.8880728833630550e-10,-2.6880397718071977e-06,-2.6862824138519085e-06,-1.7573579552891893e-09,1.0552363850357983e-11,0
6003,8.1994146494134615e-10,-9.6663806794536973e-06,-9.6630944176482337e-06,-3.2862618054636019e-09,2.1727612009586271e-11,0
6004,4.0163456703269193e-10,-1.8578324714047488e-04,-1.8577998018927102e-04,-3.2669512038652725e-09,1.1313455456103249e-11,0
6005,3.2756850910088380e-10,-3.7634391373708709e-05,-3.7630918970911518e-05,-3.4724027971915123e-09,2.9361879513301192e-11,0
6006,3.9607861071323954e-10,1.5226210570645250e-05,1.5217699557008970e-05,8.5110136362801750e-09,1.2358652459423943e-11,0
6007,7.2466190170019038e-10,-5.4745566025796687e-06,-5.4747943588944369e-06,2.3775631476820997e-10,3.0774022739688882e-11,0
6008,7.2464963878046986e-10,-8.2848388397670746e-06,-8.2890365846022280e-06,4.1977448351534889e-09,1.1002288602197748e-11,0
6009,-4.1830689790741572e-10,-1.7611686950905897e-04,-1.7611607593348539e-04,-7.9357557358121847e-10,1.3545334270729685e-11,0
6010,-4.2386285419618116e-10,2.4892550418477172e-05,2.4883399514285731e-05,9.1509041914417772e-09,2.4929909320685019e-11,0
6011,-9.5279563241286768e-11,4.1918052596364927e-06,4.1949235813862989e-06,-3.1183217498061529e-09,1.6152173524068437e-11,0
6012,-9.5291826158054436e-11,1.3815636336631312e-06,1.3843101553187844e-06,-2.7465216556531329e-09,6.4357654128953797e-12,0
6013,-5.5559556933082506e-12,2.0100946072975495e-04,2.0100053623293008e-04,8.9244968248694372e-09,1.2034773736504843e-11,0
6014,3.2302733464874245e-10,1.8030869025709509e-04,1.8030909357897462e-04,-4.0332187952905538e-10,1.5214376886457365e-11,0
6015,3.2301507172992846e-10,1.7749844118220785e-04,1.7749606627085206e-04,2.3749113557897453e-09,5.9224876384935118e-12,0
6016,4.9237295582730702e-10,2.7968047544416064e-05,2.7973893905025621e-05,-5.8463606095575664e-09,5.3827313271155139e-11,0
6017,7.4066057915842782e-11,-1.4814885532762542e-04,-1.4814323927220049e-04,-5.6160554249326099e-09,5.4539635917415531e-11,0
6018,6.8510101613717018e-11,5.2860515037201749e-05,5.2856198844052365e-05,4.3161931493834542e-09,4.6116599757899376e-11,0
6019,3.9709339258501988e-10,3.2159761405655025e-05,3.2166785337250367e-05,-7.0239315953411156e-09,5.7593770281978804e-11,0
6020,3.9708112966654081e-10,2.9349609751408347e-05,2.9348036283770785e-05,1.5734676375622389e-09,3.3657004734674968e-11,0
6021,3.2858329112269362e-10,-2.0700796167063065e-05,-2.0689005188754806e-05,-1.1790978308259565e-08,2.5931583202933581e-11,0
6022,3.2857102820204681e-10,-2.3510979084145379e-05,-2.3504637879877974e-05,-6.3412042674051408e-09,1.2047804457552836e-11,0
6024,-1.7154172837415879e-10,5.5954207173023081e-06,5.6030901018855418e-06,-7.6693845832336984e-09,2.3912402135039961e-11,0
6026,1.0668699954775965e-10,2.0821490637415105e-05,2.0816640515020158e-05,4.8501223949467534e-09,1.4506213123570500e-11,0
6027,4.6123526119164475e-10,-1.8576837459546511e-04,-1.8577933399786597e-04,1.0959402400862036e-08,2.1581231863524222e-11,0
6028,2.7822872807925380e-10,1.5226059946264227e-05,1.5216761939390745e-05,9.2980068734822163e-09,2.0547704437098203e-11,0
6029,-1.8300653341581737e-10,2.0099442010955600e-04,2.0099892271767408e-04,-4.5026081180838621e-09,1.3978339279087051e-11,0
6030,6.4673725690438138e-11,6.9728220085220685e-06,6.9717682228612343e-06,1.0537856608341860e-09,2.9855342291593548e-11,0
6032,3.1024670663972948e-10,-3.7598607017661628e-05,-3.7630988329205399e-05,3.2381311543770979e-08,5.2779372084821430e-11,0
6033,1.1537810687944876e-10,5.0602239220487455e-06,5.0503856606967558e-06,9.8382613519897084e-09,2.1108215412326545e-11,0
6034,8.9052931093392098e-10,-4.0661084326947330e-06,-4.0633508482972843e-06,-2.7575843974486942e-09,2.4526761841464806e-11,0
6035,5.4294042006528854e-10,-1.8017823950703012e-04,-1.8017528287770683e-04,-2.9566293232869811e-09,1.2479013683531829e-11,0
6036,4.1641093816243548e-11,-3.2039283577292490e-05,-3.2040354596650367e-05,1.0710193578772299e-09,3.7656307337983953e-11,0
6037,5.7783777852955453e-11,2.0817398185975743e-05,2.0816415194121100e-05,9.8299185464215859e-10,9.7665411449567468e-12,0
6038,8.3463786295392473e-10,1.2815140949112847e-07,1.3346786465336177e-07,-5.3164551622333078e-09,2.7813060175222029e-11,0
6039,3.1459836700903770e-10,1.2040515683110417e-05,1.2026498838124246e-05,1.4016844986170711e-08,2.1220815905580217e-11,0
6040,7.7515120306690956e-10,-9.1263058353409192e-06,-9.1182971846138469e-06,-8.0086507270723330e-09,5.1678622417967031e-11,0
6041,4.2756231284886025e-10,-1.8523844661923021e-04,-1.8523001845098465e-04,-8.4281682455594059e-09,2.2373503742046957e-11,0
6042,-7.3737013007214614e-11,-3.7099578451995144e-05,-3.7086964646858984e-05,-1.2613805136159372e-08,6.4003282517949939e-11,0
6043,-5.7594329058068489e-11,1.5757187125211083e-05,1.5764403134008516e-05,-7.2160087974325565e-09,1.7585829636921592e-11,0
6044,7.1925975521639262e-10,-4.9320528251635409e-06,-4.9199096878905283e-06,-1.2143137273012641e-08,3.7413447248927859e-11,0
6045,1.9922025978990133e-10,6.9803684956157123e-06,6.9733058381102168e-06,7.0626575054955664e-09,3.1008861768520330e-11,0
6046,-3.4758889046400495e-10,-1.7611212193950794e-04,-1.7611490168910213e-04,2.7797495941888663e-09,1.6283239310756582e-11,0
6047,-8.3274553249100167e-10,2.4883506395423707e-05,2.4880202801086843e-05,3.3035943368647357e-09,1.9174962323810586e-11,0
6048,-5.5891447898653750e-11,4.1942849613459772e-06,4.1954246540322274e-06,-1.1396926862502815e-09,2.7154991614109896e-11,0
6049,-5.7593094352223332e-10,1.6106598989343475e-05,1.6087954456896873e-05,1.8644532446601816e-08,4.8217597885999582e-11,0
6050,-4.8515664211495631e-10,2.0099564771371582e-04,2.0099617505183552e-04,-5.2733811970449330e-10,9.7647072428967968e-12,0
6051,2.9169744272352816e-10,1.8030638707953496e-04,1.8030843913497386e-04,-2.0520554389026006e-09,1.7349555239096564e-11,0
6052,-2.2834205305808943e-10,1.9221871129085528e-04,1.9220642357028935e-04,1.2287720565931724e-08,2.0039044763189979e-11,0
6053,8.4888821733916840e-10,2.7973131261873480e-05,2.7977017861300295e-05,-3.8865994268159464e-09,7.9023260492339332e-11,0
6054,5.0129932633458313e-10,-1.4813890054963998e-04,-1.4813895585071355e-04,5.5301073562021713e-11,4.5313593765387839e-11,0
6055,1.6142684052173632e-11,5.2856672640441552e-05,5.2856114969373340e-05,5.5767106821232601e-10,3.5882361053315832e-11,0
6056,7.9299676933011650e-10,3.2167399847793376e-05,3.2170396103464311e-05,-2.9962556709342493e-09,5.7933522953585628e-11,0
6057,2.7295727327682284e-10,4.4079840519867935e-05,4.4065107031808240e-05,1.4733488059695044e-08,6.7536836342512902e-11,0
6058,7.7685408530190961e-10,-2.0689254564928115e-05,-2.0685319330790336e-05,-3.9352341377798519e-09,2.1105636104302302e-11,0
6059,2.5681458923278196e-10,-8.7769101953221601e-06,-8.7901133530369268e-06,1.3203157714766691e-08,1.5846283834960797e-11,0
6060,-5.2003949565024536e-10,1.1912388486120216e-05,1.1891765601676476e-05,2.0622884443740935e-08,4.7290452503548397e-11,0
6061,5.0176144563672172e-10,3.5265439827089824e-06,3.5302915807885735e-06,-3.7475980795911721e-09,4.1207435674812572e-11,0
6062,3.9246689499378205e-11,5.6069716320439333e-06,5.6049263177334517e-06,2.0453143104816112e-09,2.0249816317174313e-11,0
6063,7.7693080994446456e-10,-4.0581272872271257e-06,-4.0644511476725710e-06,6.3238604454453023e-09,3.5232456665059462e-11,0
6064,4.4543876215065075e-10,-1.8017688390176492e-04,-1.8017606589642015e-04,-8.1800534477548953e-10,1.3796935632451606e-11,0
6065,7.6827546897386210e-11,2.0818381874886398e-05,2.0816687680708302e-05,1.6941941780956957e-09,1.4344933420057510e-11,0
6066,7.1944272578859025e-10,-2.6766850740878034e-06,-2.6843124602539500e-06,7.6273861661465350e-09,1.3791659164220942e-11,0
6067,7.3768411883737349e-10,-9.6651281538449407e-06,-9.6639710679932134e-06,-1.1570858517273683e-09,4.5231183962032520e-11,0
6068,4.0619207163478402e-10,-1.8578386233389366e-04,-1.8577945572198360e-04,-4.4066119100579816e-09,2.0100920387134829e-11,0
6069,3.7580856413243663e-11,1.5211386283728312e-05,1.5215059386642316e-05,-3.6731029140041452e-09,1.6867355756030899e-11,0
6070,6.8019603480799991e-10,-8.2836655794251129e-06,-8.2894178951372041e-06,5.7523157120912172e-09,2.1413880934637042e-11,0
6071,-3.3149204720293978e-10,-1.7611872040675536e-04,-1.7611458341176139e-04,-4.1369949939709660e-09,2.0396236089487171e-11,0
6072,-7.0010326242787088e-10,2.4876613518824350e-05,2.4881576985677990e-05,-4.9634668536400019e-09,2.8210991927908156e-11,0
6073,-5.7488084024397161e-11,1.3814850889301306e-06,1.3848269070050934e-06,-3.3418180749627394e-09,1.6075369808223093e-11,0
6074,-3.6861121523698111e-10,2.0099525568197715e-04,2.0099723412267021e-04,-1.9784406930659429e-09,1.3445091539977992e-11,0
6075,2.7400396343020328e-10,1.7750018189797902e-04,1.7749509230721114e-04,5.0895907678801498e-09,8.3166409993795497e-12,0
6076,6.4261517890553596e-10,-2.3495088551683460e-05,-2.3502329982934603e-05,7.2414312511424699e-09,1.3198885030762406e-11,0
6077,2.2329994548505011e-10,3.5226633312108666e-06,3.5277601667871884e-06,-5.0968355763218720e-09,4.5962776262282056e-11,0
6078,-5.7025652185877468e-11,-1.8023344093840224e-04,-1.8018049831355996e-04,-5.2942624842282349e-08,7.5179636640636271e-12,0
6079,2.5919311480725330e-10,2.0824351931444723e-05,2.0818475650276910e-05,5.8762811678133794e-09,1.7374588050822170e-11,0
6080,3.1621876992692440e-10,2.0105780455629413e-04,2.0100345917910571e-04,5.4345377188420169e-08,1.2226605978243300e-11,0
6081,-1.7005002572744887e-10,4.1945837296742782e-06,4.1945104716286592e-06,7.3258045619063305e-11,2.6694369996983912e-12,0
6082,-1.7007296947953836e-10,1.3843172961481491e-06,1.3838741396729820e-06,4.4315647516714928e-10,1.1483975640327213e-12,0
6083,-2.2943741007237347e-14,-2.8102265454151193e-06,-2.8102431358586941e-06,1.6590443574889874e-11,9.2086174007060509e-13,0
6084,6.6528407374796925e-11,6.4228957161373973e-06,6.4216561549420224e-06,1.2395611953748450e-09,1.2361824783519339e-11,0
6085,-5.6190373166124528e-11,3.4937134862911279e-06,3.5252194000905362e-06,-3.1505913799408301e-08,3.6563873612824616e-11,0
6086,-6.5735795654543411e-11,5.0512618421550033e-06,5.0483261648679462e-06,2.9356772870570705e-09,5.7538796391867848e-12,0
6087,8.0639292237372600e-10,-4.0554215954662076e-06,-4.0644253956810699e-06,9.0038002148622501e-09,1.0157565930569711e-11,0
6088,5.7883305537968078e-10,-1.8016683006285943e-04,-1.8017448321944654e-04,7.6531565871131111e-09,3.6171461356374595e-12,0
6089,2.6916569965283650e-11,-3.2039626503581851e-05,-3.2040628827176912e-05,1.0023235950606881e-09,1.5575263257804659e-11,0
6090,1.9348116254474268e-11,2.0817264272512091e-05,2.0816520942848262e-05,7.4332966382967118e-10,4.4779796237100010e-12,0
6091,7.8258507441985364e-10,1.4063309972285609e-07,1.3288664364907020e-07,7.7464560737858955e-09,8.9816469213469047e-12,0
6092,7.8257968912531902e-10,-2.6698007603003643e-06,-2.6838494015063660e-06,1.4048641206001738e-08,4.7648077744894055e-12,0
6093,5.8717168901674313e-11,1.2025219742979164e-05,1.2024564078226400e-05,6.5566475276490502e-10,7.6342834241532841e-12,0
6094,8.7212871775985371e-10,-9.1066815031091985e-06,-9.1173167517761814e-06,1.0635248666982875e-08,3.4402065597788050e-11,0
6095,6.4456885085118066e-10,-1.8521810126224340e-04,-1.8522714544807627e-04,9.0441858328687771e-09,1.0205762816075583e-11,0
6096,9.2652365559670570e-11,-3.7090952654940217e-05,-3.7085072184798810e-05,-5.8804701414069704e-09,3.5034019812774701e-11,0
6097,8.5083911843130278e-11,1.5765974613089068e-05,1.5766660216661182e-05,-6.8560357211424239e-10,7.8832773209698246e-12,0
6098,8.4832086981960108e-10,-4.9106984883629662e-06,-4.9183838373584676e-06,7.6853489955014620e-09,3.4126965692278643e-11,0
6099,8.4831548452382063e-10,-7.7210939467917822e-06,-7.7378513674310071e-06,1.6757420639224965e-08,1.6340327261680991e-11,0
6100,1.2445296451676635e-10,6.9739596576018272e-06,6.9735450334886478e-06,4.1462411317941082e-10,1.0915403138544554e-11,0
6101,-2.2755986655479570e-10,-1.7611140119173658e-04,-1.7611302291803369e-04,1.6217262971158098e-09,5.8203488933136827e-12,0
6102,-7.8704480507766099e-10,2.4872735646972594e-05,2.4881389503822253e-05,-8.6538568496595167e-09,1.0527275598882063e-11,0
6103,-2.3807847887363522e-11,4.1960770320199621e-06,4.1959282889873965e-06,1.4874303256556240e-10,9.1267321207548249e-12,0
6104,-2.3813233180904495e-11,1.3856420977747586e-06,1.3852845562896738e-06,3.5754148508482188e-10,4.4579626845067561e-12,0
6105,-7.4767575229803744e-10,1.6080655570340115e-05,1.6087171956916402e-05,-6.5163865762871251e-09,3.3964106999595758e-11,0
6106,-5.5948493857497398e-10,2.0098407769022011e-04,2.0099549747475668e-04,-1.1419784536569316e-08,4.1731158071224919e-12,0
6107,2.0375201869675345e-10,1.8030747323328675e-04,1.8030709175813253e-04,3.8147515422676422e-10,4.6816686655168095e-12,0
6108,2.0374663340074836e-10,1.7749703134123189e-04,1.7749399104407325e-04,3.0402971586422547e-09,2.7317617971441709e-12,0
6109,-5.2011588580453399e-10,1.9219201948241990e-04,1.9220367317198523e-04,-1.1653689565324470e-08,1.1054225284994337e-11,0
6110,7.7947635261805999e-10,2.7984236211614499e-05,2.7976213401166175e-05,8.0228104483244978e-09,3.5067005891244767e-11,0
6111,5.5191648553471379e-10,-1.4812717456731163e-04,-1.4813790344626754e-04,1.0728878955911089e-08,1.5421312883368108e-11,0
6112,-7.5684537015577881e-12,5.2856984083159142e-05,5.2856480732636767e-05,5.0335052237529066e-10,2.2290231081567555e-11,0
6113,7.5566850465034010e-10,3.2180332279899485e-05,3.2170074137323164e-05,1.0258142576320076e-08,3.1937572747172908e-11,0
6114,7.5566311935421399e-10,2.9369919687766491e-05,2.9351258670698943e-05,1.8661017067548197e-08,2.1833478327401962e-11,0
6115,3.1800598919703303e-11,4.4064849307738629e-05,4.4063442282830587e-05,1.4070249080427866e-09,3.8472488876667112e-11,0
6116,7.6323695845569138e-10,-2.0676615212223901e-05,-2.0686020078729493e-05,9.4048665055922068e-09,9.8667322105108382e-12,0
6117,7.6323157315714121e-10,-2.3487046721297825e-05,-2.3501712324597068e-05,1.4665603299243078e-08,4.8273758854534199e-12,0
6118,3.9369052606752784e-11,-8.7920323503442796e-06,-8.7920852477808361e-06,5.2897436556470544e-11,7.6486375456592593e-12,0
6120,-7.2386790437698481e-10,1.1884561384037547e-05,1.1890491477483600e-05,-5.9300934460534998e-09,3.6121001405820854e-11,0
6121,-7.2386251908463664e-10,1.4695015958430223e-05,1.4706760462572431e-05,-1.1744504142208260e-08,1.4199872810622882e-11,0
6122,-3.2657682161072747e-10,3.4649995129532041e-06,3.5227613940789167e-06,-5.7761881125712610e-08,6.9190836867497189e-11,0
6123,2.4599647873151644e-11,5.6199933055750551e-06,5.6046754974836281e-06,1.5317808091426933e-08,2.6396576096282464e-11,0
6124,8.1378950903403195e-10,-4.0713691188745942e-06,-4.0644349230277557e-06,-6.9341958468384940e-09,2.4242620494708890e-11,0
6126,6.7029312172312983e-11,-3.2039280344790116e-05,-3.2040298970645080e-05,1.0186258549634854e-09,7.7813869518150012e-11,0
6127,1.2051163803729422e-10,2.0819203979914006e-05,2.0817553419034714e-05,1.6505608792919172e-09,1.4114891600253458e-11,0
6128,7.1910078954514944e-10,1.2264465242212488e-07,1.3228274836770707e-07,-9.6380959455821839e-09,2.7852006566538426e-11,0
6129,7.8918985957698029e-10,-9.6914070511870676e-06,-9.6636514333575697e-06,-2.7755617829497897e-08,3.2893095018093799e-11,0
6130,3.2978380921423160e-10,-1.8580295296784580e-04,-1.8577959338833742e-04,-2.3359579508376973e-08,2.0491558599588933e-11,0
6131,4.2429663040594110e-11,-3.7659289057377643e-05,-3.7633141027836114e-05,-2.6148029541528601e-08,8.2383838375384084e-11,0
6132,9.5911988737437932e-11,1.5199208554741647e-05,1.5216303167780480e-05,-1.7094613038832286e-08,2.0138050769253665e-11,0
6133,6.9450114027221588e-10,-5.4974252049616590e-06,-5.4750689688276490e-06,-2.2356236134009983e-08,4.1460069650484138e-11,0
6135,-6.9327787101898046e-10,2.4890676099284482e-05,2.4882433095465696e-05,8.2430038187856830e-09,1.9196598489994430e-11,0
6136,-9.4688719515156442e-11,4.1941166889095192e-06,4.1953364764171468e-06,-1.2197875076276678e-09,2.3622312786199298e-11,0
6137,-2.3387181960743904e-10,2.0100218715465770e-04,2.0099845706469615e-04,3.7300899615431721e-09,1.1597553965905217e-11,0
6139,7.4676019689939544e-10,2.7967906506075335e-05,2.7975872990220294e-05,-7.9664841449584016e-09,6.1269065483908499e-11,0
6140,2.8735414575108812e-10,-1.4814370128728247e-04,-1.4814016169364442e-04,-3.5395936380478929e-09,7.6009685040860432e-11,0
6141,5.3482325880960584e-11,5.2858457503854707e-05,5.2857179828327670e-05,1.2776755270373519e-09,7.4535061714254607e-11,0
6142,6.5207147738622960e-10,3.2161935936978912e-05,3.2169136673231180e-05,-7.2007362522682572e-09,6.2525211183050208e-11,0
6143,5.9858915150749111e-10,-2.0696569422455971e-05,-2.0687659865643186e-05,-8.9095568127852570e-09,1.9865240324898531e-11,0
6144,1.6264994947826290e-09,-5.7564560082441762e-06,-5.7471368788651185e-06,-9.3191293790577230e-09,1.6371258589202909e-11,0
6147,4.7028608393627145e-10,-1.8018441605812535e-04,-1.8017526530707714e-04,-9.1507510482067862e-09,1.6127870124118672e-11,0
6148,9.3404446543887463e-11,2.0817664514203226e-05,2.0817390974848167e-05,2.7353935505976213e-10,2.0048602712836437e-11,0
6149,-3.7688163719445024e-10,2.0100208454018262e-04,2.0099715665644350e-04,4.9278837391177489e-09,2.0202481482085549e-11,0
6150,-2.0017913215144699e-10,5.0156781108631754e-07,5.5086506641295122e-07,-4.9297255326633685e-08,4.0259212663105974e-11,0
6151,-3.5527949359517493e-10,-3.0603228102776825e-06,-3.0778957749459485e-06,1.7572964668266031e-08,1.3345319679067135e-11,0
6152,-7.0768138370160132e-10,1.9707384740484148e-06,1.9753374823962375e-06,-4.5990083478227801e-09,1.5054792745475637e-11,0
6153,3.8207281179430629e-10,-7.1308684837182584e-06,-7.1461651660456038e-06,1.5296682327345325e-08,1.2511564278157106e-11,0
6154,-3.5470212771629438e-10,-3.5110897884704610e-05,-3.5110359261641135e-05,-5.3862306347523094e-10,4.2619593655596161e-11,0
6155,-4.0275695381149934e-10,1.7742589564835598e-05,1.7739048892193023e-05,3.5406726425754923e-09,8.1619788674869690e-12,0
6156,4.0873542015206903e-10,-2.9111484765951406e-06,-2.9456409890269256e-06,3.4492512431784991e-08,1.2410973846009290e-11,0
6157,4.0873590864964348e-10,-5.7215276639318441e-06,-5.7582210804626049e-06,3.6693416530760847e-08,6.0174222825201394e-12,0
6159,-3.5240188939614216e-10,5.0310725028326897e-06,5.0454426714752832e-06,-1.4370168642593515e-08,1.3051803396115825e-11,0
6160,7.3735230458187392e-10,-4.0705457397472095e-06,-4.0652610818824910e-06,-5.2846578647184762e-09,2.0767381468087379e-11,0
6161,5.7736579138539404e-13,-3.2050592813579956e-05,-3.2040962577021764e-05,-9.6302365581920355e-09,1.9848500950628632e-11,0
6162,-4.7477460263232065e-11,2.0802928995284665e-05,2.0816219238751850e-05,-1.3290243467184215e-08,5.3313426276169471e-12,0
6163,7.6401491290775625e-10,1.4919307840706442e-07,1.3264525376602229e-07,1.6547824641042125e-08,1.2282456481666758e-11,0
6164,7.6401540140521070e-10,-2.6611949531705169e-06,-2.6841134793703954e-06,2.2918526199878490e-08,5.9570123583399569e-12,0
6166,1.0897541952645202e-09,-9.1016046255103233e-06,-9.1152719783001398e-06,1.3667352789816420e-08,3.3651885961347283e-11,0
6167,3.5297925586628924e-10,-3.7081652556362685e-05,-3.7082450423140018e-05,7.9786677733287769e-10,6.5475449527559179e-11,0
6168,3.0492442977639949e-10,1.5771831861842792e-05,1.5769303705643134e-05,2.5281561996571449e-09,9.6991144013853777e-12,0
6169,1.1164168036180847e-09,-4.8819262314318129e-06,-4.9157097710037695e-06,3.3783539571956564e-08,2.8157668727740043e-11,0
6170,1.1164172921155612e-09,-7.6922775263457699e-06,-7.7352047630541361e-06,4.2927236708366196e-08,1.4303903075304220e-11,0
6172,-7.8482976483610197e-10,2.4873459380308008e-05,2.4881927790083944e-05,-8.4684097759364640e-09,1.4324300253068664e-11,0
6173,2.6662608323524963e-11,4.2197075927783920e-06,4.1965295109257935e-06,2.3178081852598430e-08,1.7020754192220272e-11,0
6174,2.6663096822547508e-11,1.4093485772043862e-06,1.3858736482054917e-06,2.3474928998894487e-08,8.8455181893638336e-12,0
6176,7.3677493903661936e-10,2.7980034056571297e-05,2.7975708681228212e-05,4.3253753430851278e-09,6.3044249742133172e-11,0
6177,-4.8054826069097943e-11,5.2853546122675569e-05,5.2856503227642259e-05,-2.9571049666899545e-09,2.3583521008810408e-11,0
6178,7.6343754737447740e-10,3.2199744563718956e-05,3.2170156436170806e-05,2.9588127548150090e-08,4.5144262209557953e-11,0
6179,7.6343803587633493e-10,2.9389446456061681e-05,2.9351314354404304e-05,3.8132101657377171e-08,2.8194274538325899e-11,0
6180,-3.3797314614360297e-10,4.4052352602149888e-05,4.4060435191319296e-05,-8.0825891694076731e-09,5.9212515501481987e-11,0
6181,8.1149237366213513e-10,-2.0653762089352379e-05,-2.0685969021141709e-05,3.2206931789329813e-08,1.2518040466579716e-11,0
6182,8.1149286215723521e-10,-2.3464116709724300e-05,-2.3501685130716020e-05,3.7568420991719381e-08,6.2446515475046079e-12,0
6188,1.4738159515649175e-09,-7.1488303272967263e-06,-7.1362773077184437e-06,-1.2553019578282558e-08,4.3124976271703827e-11,0
6189,1.9256641007123326e-09,-1.8323264620690241e-04,-1.8324637212598264e-04,1.3725919080232732e-08,3.5479870668041175e-11,0
6190,4.5184814840826247e-10,-1.7608382235594945e-04,-1.7610618545541869e-04,2.2363099469241074e-08,1.5311830236755622e-11,0
6191,4.8142904696502533e-11,-3.2033477899978810e-05,-3.2040561608173193e-05,7.0837081943831413e-09,4.1230646377249380e-11,0
6192,4.7254316676737076e-11,2.0822218092045167e-05,2.0817182347672214e-05,5.0357443729537061e-09,1.4765130838568874e-11,0
6193,-8.8858802159895141e-13,5.2855540645613654e-05,5.2857062184133262e-05,-1.5215385196080174e-09,6.8039186675302640e-11,0
6194,-3.4685427436554706e-12,6.9673775544036240e-06,6.9732854886750129e-06,-5.9079342713889339e-09,1.4760661699328627e-11,0
6195,9.9726363974667553e-10,3.5341211128414596e-06,3.5347960497769388e-06,-6.7493693547925794e-10,6.1283485551274063e-11,0
6196,-1.7894341133320367e-10,5.5962613258989276e-06,5.6027166526851866e-06,-6.4553267862589738e-09,1.8899641994518895e-11,0
6197,6.4319204509039382e-10,-4.0691061239191053e-06,-4.0662797609000019e-06,-2.8263630191033672e-09,1.8827300918890903e-11,0
6198,2.2387397911139460e-10,-1.8018427208036768e-04,-1.8017714334223468e-04,-7.1287381330029792e-09,8.5449848387108916e-12,0
6199,8.5990800303281495e-11,-3.2037945803832556e-05,-3.2040259853694360e-05,2.3140498618039271e-09,2.7533031582098399e-11,0
6200,1.4861984963628437e-10,2.0824007372684510e-05,2.0818241020765520e-05,5.7663519189905430e-09,5.5709515487844216e-12,0
6201,5.5099925266952745e-10,1.2309467807753750e-07,1.3065203859379710e-07,-7.5573605162595950e-09,1.9573715767583787e-11,0
6202,5.5098707818444743e-10,-2.6872689873611629e-06,-2.6861245927482734e-06,-1.1443946128895090e-09,7.6214336897000333e-12,0
6203,8.2213545637757226e-10,-9.6654167758718267e-06,-9.6634889373814290e-06,-1.9278384903976761e-09,2.4942803870873219e-11,0
6204,4.0281739040808869e-10,-1.8578054203511468e-04,-1.8577841594910935e-04,-2.1260860053290247e-09,1.3299870168462551e-11,0
6205,2.6493421154972078e-10,-3.7634268448652453e-05,-3.7630935577442399e-05,-3.3328712100539563e-09,3.6883026287958284e-11,0
6206,3.2756326087532940e-10,1.5227721157646222e-05,1.5219066916660346e-05,8.6542409858756660e-09,1.3979145044037867e-11,0
6207,7.2994266396237704e-10,-5.4731627983964880e-06,-5.4747469909251868e-06,1.5841925286988589e-09,3.2085110244547990e-11,0
6208,7.2993048947753824e-10,-8.2835410548584565e-06,-8.2889152366487376e-06,5.3741817902811315e-09,1.1961892619934358e-11,0
6209,-4.1931806596460888e-10,-1.7611512550910063e-04,-1.7611382320995830e-04,-1.3022991423314659e-09,1.0556546280897590e-11,0
6210,-4.9457219551110253e-10,2.4893165264073917e-05,2.4884971616846062e-05,8.1936472278549503e-09,1.5386975623776764e-11,0
6211,-9.2192792411268853e-11,4.1922192009599853e-06,4.1955603904032688e-06,-3.3411894432835233e-09,1.6860647876985386e-11,0
6212,-9.2204966896161646e-11,1.3818600518929365e-06,1.3848948854908908e-06,-3.0348335979542834e-09,6.6117234668538688e-12,0
6213,-7.5254129003996055e-11,2.0100827336941469e-04,2.0099989722839473e-04,8.3761410199598586e-09,7.1358200060408651e-12,0
6214,3.2712527359075646e-10,1.8030734681523906e-04,1.8030755738440571e-04,-2.1056916664962885e-10,1.0467022274959345e-11,0
6215,3.2711309910459304e-10,1.7749698560755919e-04,1.7749440408702119e-04,2.5815205379994040e-09,4.2567530505731325e-12,0
6216,5.5720124481375797e-10,2.7968720374283947e-05,2.7973985102202087e-05,-5.2647279181390638e-09,7.0375674219251618e-11,0
6217,1.3788317884147430e-10,-1.4814631654558492e-04,-1.4814095826322919e-04,-5.3582823557394958e-09,4.0210474129099110e-11,0
6218,6.2629049325830432e-11,5.2861983197244073e-05,5.2857814817928088e-05,4.1683793159852833e-09,2.3651818721346604e-11,0
6219,4.6500845239825912e-10,3.2161207836381954e-05,3.2167452630172694e-05,-6.2447937907402005e-09,6.4823997114777090e-11,0
6220,4.6499627790970644e-10,2.9350704000096536e-05,2.9348589579275552e-05,2.1144208209838815e-09,4.1364721647282708e-11,0
6221,4.0237940318849596e-10,-2.0700922860561639e-05,-2.0689991256741611e-05,-1.0931603820028423e-08,1.5152613312971401e-11,0
6222,4.0236722869909635e-10,-2.3511286588303801e-05,-2.3505726183904631e-05,-5.5604043991697172e-09,6.9283016620690708e-12,0
6223,-1.2174486885409825e-14,-2.8103576537482848e-06,-2.8102877567412301e-06,-6.9897007054696100e-11,3.7734592932949123e-12,0
6224,6.8216821792276933e-10,3.5406706507673524e-06,3.5319316072520554e-06,8.7390435152970266e-09,2.2827831671394219e-11,0
6225,6.3682668502372290e-10,-4.0164650525024992e-06,-4.0664183197916927e-06,4.9953267289193499e-08,3.7849519118944201e-11,0
6226,3.1511738550419060e-10,-1.8017653254428492e-04,-1.8017619053196379e-04,-3.4201232113322683e-10,1.1986691106327573e-11,0
6227,6.7642201679422822e-11,-3.2038101571320874e-05,-3.2040463231911995e-05,2.3616605911210161e-09,3.6566936162700880e-11,0
6228,1.0449150873151437e-10,2.0821818246261406e-05,2.0817958459694465e-05,3.8597865669408576e-09,2.8732131671484318e-11,0
6229,-3.2170929928564321e-10,-1.7616008486764055e-04,-1.7611273065121141e-04,-4.7354216429145541e-08,2.5126452566824444e-11,0
6230,-5.3233517653470630e-10,2.4838270985904840e-05,2.4884829283995668e-05,-4.6558298090828860e-08,5.7346247677071526e-11,0
6231,-2.1062587688014966e-10,2.0099835675442001e-04,2.0099866611268598e-04,-3.0935826597351494e-10,1.8589389226932545e-11,0
6232,5.6918448335851210e-10,2.8021579161258484e-05,2.7974048841941715e-05,4.7530319316768665e-08,8.0773917856380904e-11,0
6233,2.4747518386101455e-10,-1.4813840716399102e-04,-1.4813980767277318e-04,1.4005087821606418e-09,3.6553600270302826e-11,0
6234,3.6849307042940937e-11,5.2860071960055162e-05,5.2857731930908188e-05,2.3400291469739863e-09,6.1508642552647530e-11,0
6235,2.4907718929628232e-11,5.5339612029230850e-07,5.5322294892371344e-07,1.7317136859506499e-10,2.1552412188440114e-11,0
6236,5.3904312331788448e-11,6.9754653543762290e-06,6.9742613138703179e-06,1.2040405059111022e-09,1.0880736391784433e-11,0
6237,2.8996593230160641e-11,6.4220895307177603e-06,6.4223437056461167e-06,-2.5417492835638799e-10,1.8382745117082546e-11,0
6238,4.9280748475555339e-10,3.5279800415328674e-06,3.5302101828864216e-06,-2.2301413535542217e-09,4.1888308157769440e-11,0
6239,-1.5545931068112802e-10,5.3441071771673232e-07,5.5163839277735080e-07,-1.7227675060618481e-08,2.2453410375581556e-11,0
6240,1.2711863794484548e-10,1.5788004190237653e-05,1.5768625724844760e-05,1.9378465392893158e-08,3.7875547822764312e-11,0
6241,2.8257794907124377e-10,1.5253614517977965e-05,1.5218971287511956e-05,3.4643230466008691e-08,1.5143709513162807e-11,0
6242,9.8736238991750586e-11,5.0584272844010625e-06,5.0490220114942359e-06,9.4052729068266222e-09,1.6883502732665081e-11,0
6243,1.0936399103119450e-10,5.6117150274547639e-06,5.6052532253336441e-06,6.4618021211197739e-09,1.2467907412083382e-11,0
6244,7.6200121944018237e-10,-4.0622591531720015e-06,-4.0654282587091147e-06,3.1691055371132042e-09,2.0763174530409452e-11,0
6245,4.5893852841843050e-10,-1.8017603708492431e-04,-1.8017465707819306e-04,-1.3800067312573060e-09,1.0051530438930288e-11,0
6246,3.9618647091588083e-11,-3.2039162969881279e-05,-3.2040785009728748e-05,1.6220398474692970e-09,3.6160661191585087e-11,0
6247,5.5631235518223427e-11,2.0819485141758192e-05,2.0817731606031928e-05,1.7535357262640858e-09,1.1788512124970433e-11,0
6248,7.1243344969106960e-10,1.3128154844298245e-07,1.3203986606356670e-07,-7.5831762058424518e-10,2.2109047215230542e-11,0
6250,1.0627752698102625e-11,5.5328374880085629e-07,5.5323994066377789e-07,4.3808137078401037e-11,2.1889103463217001e-11,0
6251,6.6326497971384576e-10,-9.1206647461080335e-06,-9.1190242001016448e-06,-1.6405460063887746e-09,4.2614723070743841e-11,0
6252,3.6020228920305648e-10,-1.8523447835554294e-04,-1.8522798835306112e-04,-6.4900024818268648e-09,2.0194124821865305e-11,0
6253,-5.9117591906083029e-11,-3.7097672229220030e-05,-3.7085716765600630e-05,-1.1955463619400428e-08,7.1970418846420246e-11,0
6254,-4.3105003560554837e-11,1.5761047182795418e-05,1.5767352759338484e-05,-6.3055765430660164e-09,2.0143069332618134e-11,0
6255,6.1369721007190603e-10,-4.9272260351869348e-06,-4.9198343925389604e-06,-7.3916426479743707e-09,3.2777752795259987e-11,0
6257,6.5263722657757237e-10,-9.6740273959968100e-06,-9.6651363101477444e-06,-8.8910858490656020e-09,3.0125823545833082e-11,0
6258,3.4957453622912220e-10,-1.8578776419745160e-04,-1.8577850073594492e-04,-9.2634615066861884e-09,1.2725062230451729e-11,0
6259,-6.9745344810483124e-11,-3.7651027578192858e-05,-3.7633835994494141e-05,-1.7191583698717566e-08,2.8508728760042452e-11,0
6260,-5.3732756492929942e-11,1.5207793841846146e-05,1.5216112125747067e-05,-8.3182839009211069e-09,1.4380155340740993e-11,0
6261,6.0306945696959781e-10,-5.4804777523016768e-06,-5.4759005229711601e-06,-4.5772293305167150e-09,3.7947378557027180e-11,0
6262,1.6181544670118579e-10,6.4362377119852590e-06,6.4238036473817006e-06,1.2434064603558393e-08,5.4536224329449634e-11,0
6263,-3.0306269052817780e-10,-1.7611378477637440e-04,-1.7611218507869168e-04,-1.5996976827231408e-09,1.3350424044884530e-11,0
6264,-7.0636998329252990e-10,2.4881793838566965e-05,2.4883615428194116e-05,-1.8215896271508102e-09,2.2604572427394724e-11,0
6265,-4.9567769648120659e-11,4.1935422005129949e-06,4.1961043237023123e-06,-2.5621231893174914e-09,2.3812799258386408e-11,0
6267,-4.0330729283928551e-10,2.0099554852279385e-04,2.0099691360342411e-04,-1.3650806302662691e-09,1.1378623748579418e-11,0
6268,2.5349492109577543e-10,1.8030730333457468e-04,1.8030648367356523e-04,8.1966100944877614e-10,1.4535965396375625e-11,0
6269,-1.8775908949018893e-10,1.9222391830497725e-04,1.9220650494843527e-04,1.7413356541971271e-08,3.5666890101822482e-11,0
6270,7.2238257242743349e-10,2.7977046117760862e-05,2.7975358702572859e-05,1.6874151880033074e-09,6.3740147516799239e-11,0
6271,4.1931988134818248e-10,-1.4813672278433682e-04,-1.4813796269920227e-04,1.2399148654421849e-09,4.4947238826203285e-11,0
6272,1.6012588432577429e-11,5.2858734075160739e-05,5.2857820067427768e-05,9.1400773297059361e-10,5.3624986707575150e-11,0
6273,6.7281480266587837e-10,3.2170507229020706e-05,3.2169354561215704e-05,1.1526678050019219e-09,5.2078130043836717e-11,0
6274,2.3156079187856171e-10,4.4087314237219524e-05,4.4066279142235017e-05,2.1035094984507162e-08,8.1117783586815930e-11,0
6275,6.5680221422072482e-10,-2.0688182924520626e-05,-2.0688104183245224e-05,-7.8741275401827873e-11,2.3798404765313064e-11,0
6278,1.8817243247865320e-10,3.5239365208726385e-06,3.5274408325948143e-06,-3.5043117221757572e-09,4.4526014881127736e-11,0
6279,-2.6226804081769758e-10,5.5865265379921591e-06,5.6018397334339988e-06,-1.5313195441839694e-08,2.6003338524111564e-11,0
6280,2.1796105447535086e-10,-1.8018441173440515e-04,-1.8017670239146405e-04,-7.7093429411037410e-09,1.7657980939398853e-11,0
6281,1.3792810113993000e-10,2.0850279067155877e-05,2.0818619495575429e-05,3.1659571580448001e-08,2.8910672038702796e-11,0
6282,4.8048534234442723e-10,-2.6656863183734461e-06,-2.6869137720281397e-06,2.1227453654693640e-08,1.7569193705923731e-11,0
6283,4.8022909529884599e-10,-1.8577089918937577e-04,-1.8577714690129737e-04,6.2477119215989529e-09,4.5378176335248389e-11,0
6284,4.0019614236613142e-10,1.5263686926489384e-05,1.5220451447721816e-05,4.3235478767567721e-08,4.6281132082712227e-11,0
6285,7.4275338305023100e-10,-8.2523527814709619e-06,-8.2887719782199193e-06,3.6419196748957490e-08,7.4516491559460313e-11,0
6286,-8.0032953147499162e-11,2.0103463123350394e-04,2.0099985182099207e-04,3.4779412511873374e-08,2.3665931796306055e-11,0
6287,2.6252428781636154e-10,1.7751875636566952e-04,1.7749319849656695e-04,2.5557869102571214e-08,1.0823148276285192e-11,0
6288,3.4255724151705856e-10,-2.3515898221396127e-05,-2.3506910066097875e-05,-8.9881552982527487e-09,2.7189249357354611e-11,0
6289,-3.8174801895933154e-10,3.4933183482785402e-06,3.5222598484743526e-06,-2.8941500195812453e-08,7.7137375911283175e-11,0
6290,5.9003271910464254e-10,-3.6466159754359670e-06,-3.6240444142502494e-06,-2.2571561185717553e-08,6.9856254944214934e-11,0
6291,9.7178074083397209e-10,-7.1400395911316861e-06,-7.1411639840549141e-06,1.1243929232280573e-09,2.0531541769156439e-11,0
6293,-7.8066797102368138e-11,5.0504593139925891e-06,5.0471104913886217e-06,3.3488226039674217e-09,6.6397399583002293e-12,0
6294,7.5610877024220540e-10,-4.0629393697868069e-06,-4.0657099471979267e-06,2.7705774111198218e-09,1.1912558741333150e-11,0
6295,5.6916427331746309e-10,-1.8016799404588137e-04,-1.8017330635479898e-04,5.3123089176025911e-09,4.0953389902931567e-12,0
6296,1.1461066698784387e-11,-3.2040373610711485e-05,-3.2041144384571641e-05,7.7077386015584129e-10,1.8444379600913535e-11,0
6297,-4.7998830701194237e-12,2.0818073266232195e-05,2.0817517521130246e-05,5.5574510194922625e-10,4.6300631108049590e-12,0
6298,7.4193793601977186e-10,1.3375891481752500e-07,1.3222851034376785e-07,1.5304044737571452e-09,1.0653751362731120e-11,0
6299,7.4193369340183294e-10,-2.6767304589321236e-06,-2.6845979655014192e-06,7.8675065692955383e-09,4.2401170983214181e-12,0
6300,2.6925822789977395e-11,1.2026341604257952e-05,1.2025320781465682e-05,1.0208227922705823e-09,8.9068242966900645e-12,0
6301,8.3417556705620433e-10,-9.1133345498234375e-06,-9.1173976947710198e-06,4.0631449475823434e-09,4.3573083937341516e-11,0
6302,6.4723107021282577e-10,-1.8521844912183782e-04,-1.8522471590824900e-04,6.2667864111725074e-09,1.2406951477489543e-11,0
6303,8.9527863735088114e-11,-3.7090779989909506e-05,-3.7084085657092062e-05,-6.6943328174440286e-09,4.0714647292308699e-11,0
6304,7.3266913961819009e-11,1.5767594341333825e-05,1.5769117844295710e-05,-1.5235029618853484e-09,8.0647733844549887e-12,0
6305,8.2000473284446903e-10,-4.9166691973127896e-06,-4.9176991829497164e-06,1.0299856369267441e-09,4.3707279193869199e-11,0
6306,8.2000049022734405e-10,-7.7271970621182670e-06,-7.7372761296072478e-06,1.0079067488980790e-08,1.5556810112091603e-11,0
6307,1.0499261985257124e-10,6.9758867420747269e-06,6.9758232264983353e-06,6.3515576391634228e-11,1.2089371041041585e-11,0
6308,-1.8694449665235417e-10,-1.7610502452422875e-04,-1.7611054930382947e-04,5.5247796007127856e-09,6.5990504796215151e-12,0
6309,-7.6090865259183975e-10,2.4881040927460241e-05,2.4883687751024952e-05,-2.6468235647116815e-09,1.1151664754990534e-11,0
6310,-1.4170834184507133e-11,4.1967368033364811e-06,4.1965822499709607e-06,1.5455336552034959e-10,1.0582629518535461e-11,0
6311,-1.4175076801088888e-11,1.3862380882004441e-06,1.3858900749421449e-06,3.4801325829911562e-10,4.8345711523396843e-12,0
6312,-7.2918294663721185e-10,1.6089271228700470e-05,1.6089420846405774e-05,-1.4961770530326360e-10,3.7234239539322620e-11,0
6313,-5.7396415589069294e-10,2.0098605778360104e-04,2.0099536082593723e-04,-9.3030423361855578e-09,4.5405153631563713e-12,0
6314,1.7277366244482219e-10,1.8030176001693099e-04,1.8030534627299746e-04,-3.5862560664721467e-09,5.0738292296399892e-12,0
6315,1.7276941982672837e-10,1.7749125765710621e-04,1.7749212835345792e-04,-8.7069635171504317e-10,2.3704436199099718e-12,0
6316,-5.4223844993087769e-10,1.9219430615083095e-04,1.9220321031431076e-04,-8.9041634798085832e-09,1.6031619409136284e-11,0
6317,7.4464770380250512e-10,2.7977448763927271e-05,2.7975433336909205e-05,2.0154270180658320e-09,4.0546977859388581e-11,0
6318,5.5770320678275419e-10,-1.4812760487597013e-04,-1.4813626842675337e-04,8.6635507832392294e-09,1.9429658838194462e-11,0
6319,-1.6260949762588475e-11,5.2858436319843565e-05,5.2857954885590255e-05,4.8143425330989019e-10,2.1996627521187081e-11,0
6320,7.3047686957359352e-10,3.2174100233577779e-05,3.2169891548971506e-05,4.2086846062727788e-09,3.8096520867192073e-11,0
6321,7.3047262695071860e-10,2.9363715514705777e-05,2.9350970033575551e-05,1.2745481130225410e-08,2.2243440619195713e-11,0
6322,1.5464756066333426e-11,4.4066644142543715e-05,4.4064703269391965e-05,1.9408731517504721e-09,3.9008923515981477e-11,0
6323,7.4673781945986166e-10,-2.0684288509790691e-05,-2.0687711603360486e-05,3.4230935697953150e-09,1.0260307563616278e-11,0
6324,7.4673357683961553e-10,-2.3494804777264566e-05,-2.3503498955707692e-05,8.6941784431255730e-09,4.8918075198329704e-12,0
6325,3.1725705808403204e-11,-8.7917186745974443e-06,-8.7921417981271984e-06,4.2312352975404518e-10,8.0424640428422910e-12,0
6327,-7.1501211238547793e-10,1.1892611693873831e-05,1.1892118496662942e-05,4.9319721088836354e-10,5.3688953967884876e-11,0
6328,-7.1500786976783275e-10,1.4703082382632425e-05,1.4708369132070897e-05,-5.2867494384715573e-09,1.8537696224564239e-11,0
6329,-2.7945874094335059e-10,-3.0432226296381315e-06,-3.0770794524111580e-06,3.3856822773026487e-08,9.3402583854364618e-12,0
6330,-6.3959645333311006e-10,1.9733896267646114e-06,1.9751587924014125e-06,-1.7691656368010477e-09,1.0662605147244989e-11,0
6331,3.9537330247471224e-10,-7.1373856920207979e-06,-7.1465315794777245e-06,9.1458874569265848e-09,8.5167799221608786e-12,0
6332,-2.9208471295661992e-10,-3.5105386994907159e-05,-3.5109531143917652e-05,4.1441490104926720e-09,3.1877638359089990e-11,0
6333,-3.4690680498086817e-10,1.7747547741382014e-05,1.7740883953580702e-05,6.6637878013121280e-09,6.3011907785079245e-12,0
6334,4.3040444042626671e-10,-2.9279935394414813e-06,-2.9454910113256593e-06,1.7497471884177965e-08,8.6624864814821142e-12,0
6335,4.3040599102431232e-10,-5.7384070441448415e-06,-5.7581192915672958e-06,1.9712247422454355e-08,3.8250566680388688e-12,0
6336,-6.4355271615099599e-10,8.9444384250605665e-06,8.9451052489523536e-06,-6.6682389178707960e-10,8.8209867780964797e-12,0
6337,-3.6013771140074397e-10,5.0165990585085765e-06,5.0444572577969623e-06,-2.7858199288385778e-08,9.2491447031016036e-12,0
6338,6.7483204227357894e-10,-4.0941915915898748e-06,-4.0665155462029104e-06,-2.7676045386964454e-08,1.4900124068396969e-11,0
6339,-1.2625972121980278e-11,-3.2062195272400482e-05,-3.2041393602591594e-05,-2.0801669808888400e-08,1.9852753656100036e-11,0
6340,-6.7448064093157976e-11,2.0790764590757592e-05,2.0817046087390615e-05,-2.6281496633023159e-08,4.4778014450401461e-12,0
6341,7.0986318017309816e-10,1.1521114342139937e-07,1.3191364949170699e-07,-1.6702506070307621e-08,1.2649374192402522e-11,0
6342,7.0986473077308718e-10,-2.6952054576101676e-06,-2.6849200680932370e-06,-1.0285389516930626e-08,5.8879876059602556e-12,0
6343,-3.6409397416270173e-10,1.1987616948623894e-05,1.2021850472407197e-05,-3.4233523783303225e-08,9.1653182246091460e-12,0
6344,1.0349697549609832e-09,-9.1108019193049394e-06,-9.1155510332530216e-06,4.7491139480821759e-09,2.2081918728809271e-11,0
6345,3.4751173994079638e-10,-3.7078732563280287e-05,-3.7081658541367088e-05,2.9259780868009806e-09,4.5073728606004433e-11,0
6346,2.9268964793811795e-10,1.5774151768797916e-05,1.5771319434617269e-05,2.8323341806475396e-09,7.7590682467969250e-12,0
6347,1.0700008928881477e-09,-4.9013757674135766e-06,-4.9153505579668920e-06,1.3974790553315402e-08,1.7819928530125618e-11,0
6348,1.0700024434861280e-09,-7.7118116031619360e-06,-7.7349362776462171e-06,2.3124674484281107e-08,8.7558560313510656e-12,0
6349,-3.9562627957150990e-12,6.9710191523469564e-06,6.9750308162358547e-06,-4.0116638888983364e-09,9.9625031725273538e-12,0
6350,-7.4228010664670060e-10,2.4884947707004643e-05,2.4884023296862778e-05,9.2441014186498945e-10,1.0147327577224959e-11,0
6351,3.5031137909922518e-11,4.2094210656660851e-06,4.1970752095491249e-06,1.2345856116960193e-08,1.1797651505842744e-11,0
6352,3.5032688511144874e-11,1.3989865725030567e-06,1.3863791792955086e-06,1.2607393207548190e-08,5.6655766035173624e-12,0
6353,-1.0389260170020579e-09,1.6081798379523338e-05,1.6086772882841929e-05,-4.9745033185914322e-09,1.8817266316515948e-11,0
6354,6.8745801467454534e-10,2.7967978156557568e-05,2.7974876063077391e-05,-6.8979065198238184e-09,5.8409852686178617e-11,0
6355,-5.4822091981537849e-11,5.2852960099556649e-05,5.2857729606424653e-05,-4.7695068680042823e-09,1.7742584660392483e-11,0
6356,7.2248915259333963e-10,3.2177455471857266e-05,3.2169822678989815e-05,7.6327928674507686e-09,4.5323448585210106e-11,0
6357,7.2249070319134135e-10,2.9367038543144999e-05,2.9350892662198600e-05,1.6145880946399368e-08,2.6860665200474732e-11,0
6358,-3.5146800235519911e-10,4.4049864951134152e-05,4.4061481269055550e-05,-1.1616317921398021e-08,4.0262355412694374e-11,0
6359,7.7731124480365383e-10,-2.0675553394734064e-05,-2.0687557999578300e-05,1.2004604844235436e-08,9.8546375024042508e-12,0
6360,7.7731279540177519e-10,-2.3485969933333475e-05,-2.3503352970784845e-05,1.7383037451369689e-08,4.8389714122772234e-12,0
6361,-2.9664591059047790e-10,-8.8031336941546412e-06,-8.7951258876419039e-06,-8.0078065127373249e-09,7.2164016772174765e-12,0
6363,-1.0739571544626619e-09,1.1872437150750939e-05,1.1888980161754771e-05,-1.6543011003832008e-08,1.6536906349959127e-11,0
6364,-1.0739587050623541e-09,1.4682834953904864e-05,1.4705229265367059e-05,-2.2394311462195596e-08,7.8165560960327345e-12,0
6366,-1.0252747890296766e-09,-3.1398731085638398e-06,-3.0838462870008579e-06,-5.6026821562981893e-08,3.1775772865622876e-11,0
6367,-9.3183339550996781e-10,1.9241781827666546e-06,1.9724194963896897e-06,-4.8241313623035149e-08,5.6629251007494957e-11,0
6368,-2.0397021421046135e-10,-7.2105257759632474e-06,-7.1520305386166916e-06,-5.8495237346555836e-08,4.0229249064464116e-11,0
6369,-4.8793975236024820e-10,-1.8331794833464227e-04,-1.8326716377722009e-04,-5.0784557422176675e-08,2.0811777642653270e-11,0
6370,-1.0088771108625154e-09,-3.5180041083321748e-05,-3.5116020472812797e-05,-6.4020610508950496e-08,7.9775228913687090e-11,0
6371,-1.0073615604791707e-09,1.7678959539999678e-05,1.7735017492138602e-05,-5.6057952138924543e-08,2.1497354261407631e-11,0
6372,-2.4421745753438342e-10,-3.0150984498076433e-06,-2.9516286776681430e-06,-6.3469772139500336e-08,4.4335955961944093e-11,0
6373,-7.6284142724715128e-10,8.9090987833409692e-06,8.9441501891799736e-06,-3.5051405839004452e-08,8.4362443263253592e-11,0
6374,9.3441393777261024e-11,5.0641105010379439e-06,5.0484857910360258e-06,1.5624710001918069e-08,2.0572935134527179e-11,0
6375,8.2130457680475595e-10,-4.0705543877184646e-06,-4.0652551034771397e-06,-5.2992842413248991e-09,2.6333297632944996e-11,0
6376,5.3733503770894768e-10,-1.8017800559340052e-04,-1.8017338502294836e-04,-4.6205704521578347e-09,1.2069221641125367e-11,0
6377,1.6397678382998166e-11,-3.2040239708659279e-05,-3.2041161983596953e-05,9.2227493767434122e-10,3.7358407961084053e-11,0
6378,1.7913228868033068e-11,2.0818891885861310e-05,2.0817926576177409e-05,9.6530968390193717e-10,8.4170038018399687e-12,0
6379,7.8105733330029285e-10,1.2487879046075775e-07,1.3253605534515381e-07,-7.6572648843960521e-09,2.6348678419138576e-11,0
6380,2.6243336254806579e-10,1.2049091307132082e-05,1.2027635906283683e-05,2.1455400848398071e-08,3.6113971283622942e-11,0
6381,7.2786318185557002e-10,-9.1346515614810359e-06,-9.1183201604718540e-06,-1.6331401009181878e-08,5.0096328029748181e-11,0
6382,4.4389364340080325e-10,-1.8524212401509546e-04,-1.8522616371234951e-04,-1.5960302745951982e-08,2.1358284756803497e-11,0
6383,-7.7043715366636205e-11,-3.7104501789734373e-05,-3.7085430845657120e-05,-1.9070944077253648e-08,6.9719319710713757e-11,0
6384,-7.5528164951214093e-11,1.5754759669670687e-05,1.5768192474116366e-05,-1.3432804445678815e-08,1.6489103495198755e-11,0
6385,6.8761593847618717e-10,-4.9393204413564207e-06,-4.9187457630649091e-06,-2.0574678291511584e-08,3.7437112851705202e-11,0
6386,1.6899196842646574e-10,6.9849249379851704e-06,6.9768139941795977e-06,8.1109438055727663e-09,5.4170487799296873e-11,0
6387,-2.8396953903659889e-10,-1.7610742841178977e-04,-1.7611108078376638e-04,3.6523719766092758e-09,1.6296310150280979e-11,0
6388,-8.0339134782698523e-10,2.4889456144980455e-05,2.4883644813743001e-05,5.8113312374543920e-09,1.8922064496273009e-11,0
6389,-4.0247243491180114e-11,4.1953823004275850e-06,4.1964395392935271e-06,-1.0572388659420816e-09,2.8071625596020745e-11,0
6391,-5.1942180883403314e-10,2.0099689885462631e-04,2.0099585581821979e-04,1.0430364065126211e-09,8.9099815314868421e-12,0
6392,2.4372229558754081e-10,1.8030282324809146e-04,1.8030574739708895e-04,-2.9241489974849919e-09,1.6127821748083899e-11,0
6393,-2.7490167515718920e-10,1.9222712085404173e-04,1.9220559699497969e-04,2.1523859062037506e-08,3.5186468568642449e-11,0
6394,8.0490689872898003e-10,2.7969748080864266e-05,2.7975903935605799e-05,-6.1558547415335035e-09,9.4198815747286355e-11,0
6395,5.2093735946529007e-10,-1.4813774599477334e-04,-1.4813633905792246e-04,-1.4069368508770608e-09,4.4707914373189336e-11,0
6396,1.5155505032573111e-12,5.2859204679518224e-05,5.2858375212546073e-05,8.2946697215158195e-10,3.3133151647908411e-11,0
6397,7.6465965519497623e-10,3.2164954446544259e-05,3.2170210027773587e-05,-5.2555812293277049e-09,6.7625010268680934e-11,0
6398,2.4603568425905867e-10,4.4089397972681479e-05,4.4067034115214787e-05,2.2363857466692772e-08,9.2529386577606118e-11,0
6399,7.6314410473935456e-10,-2.0694047581067913e-05,-2.0687819245679918e-05,-6.2283353879944716e-09,1.9276396428197328e-11,0
6402,1.2747465820684927e-10,3.5249462828149938e-06,3.5268890464571944e-06,-1.9427636422006277e-09,3.1952166696180271e-11,0
6403,1.1106234551084714e-10,5.6265541621431520e-06,5.6051023838428399e-06,2.1451778300312052e-08,1.9646875435028521e-11,0
6404,8.1189804484875782e-10,-4.0730857414571740e-06,-4.0654252344104018e-06,-7.6605070467722494e-09,2.9679233918160364e-11,0
6405,3.8193022938834717e-10,-1.8018208085293381e-04,-1.8017466842073663e-04,-7.4124321971743602e-09,1.8913500649911717e-11,0
6406,9.5680091541344417e-11,2.0820649828767301e-05,2.0818757899190455e-05,1.8919295768461480e-09,1.4700159604047392e-11,0
6407,7.2616960856376817e-10,-2.6888462562922946e-06,-2.6848431816554692e-06,-4.0030746368254325e-09,1.0985909142449146e-11,0
6408,7.0083569754346611e-10,-9.6996720169630762e-06,-9.6649081280757640e-06,-3.4763888887312272e-08,3.1035520034638533e-11,0
6409,2.7086788286159497e-10,-1.8580862612897417e-04,-1.8577842920646155e-04,-3.0196922512623278e-08,2.0525850515098943e-11,0
6410,-1.5382255339331668e-11,1.5194085598102883e-05,1.5217469042760327e-05,-2.3383444657444250e-08,1.7680674228720201e-11,0
6411,6.1510726145112238e-10,-8.3154081089546750e-06,-8.2899030577529373e-06,-2.5505051201737641e-08,1.3131461043647171e-11,0
6412,-4.2996781568259291e-10,-1.7610887866154317e-04,-1.7611219280317002e-04,3.3141416268484079e-09,2.7149635779120437e-11,0
6413,-7.1621795343255749e-10,2.4893795074785313e-05,2.4884648018228512e-05,9.1470565568014096e-09,2.2187721618075515e-11,0
6414,-8.5728436339635331e-11,1.3843358108282539e-06,1.3853788391345460e-06,-1.0430283062920773e-09,1.8523971698681894e-11,0
6415,-2.8625013760400877e-10,2.0100273902595115e-04,2.0099797500169276e-04,4.7640242583919367e-09,1.4319203451235316e-11,0
6416,3.4423937957775498e-10,1.7749326201589458e-04,1.7749326207008642e-04,-5.4191839817668841e-14,1.2114062888817349e-11,0
6417,6.3048951703156010e-10,-2.3509505101804683e-05,-2.3504995704013513e-05,-4.5093977911692335e-09,1.0301248175773406e-11,0
6418,-1.2776551533550853e-10,5.5958745560408165e-06,5.6029109858756937e-06,-7.0364298348771828e-09,1.7496778785034845e-11,0
6419,6.8103999471288492e-10,-4.0688043722776363e-06,-4.0666697862120977e-06,-2.1345860655385847e-09,2.5607003645351271e-11,0
6420,2.6599125891677773e-10,-1.8018253797339595e-04,-1.8017563838256697e-04,-6.8995908289795887e-09,1.4134132720390479e-11,0
6421,7.9801999364766949e-11,-3.2038238201203520e-05,-3.2040648860208590e-05,2.4106590050694803e-09,4.0261279066463303e-11,0
6422,1.3697027771041941e-10,2.0824838026906999e-05,2.0819214030711399e-05,5.6239961956000345e-09,9.1700403450035074e-12,0
6423,5.9234105020987223e-10,1.2372911667760892e-07,1.3077180263417243e-07,-7.0426859565635067e-09,2.7668363279665411e-11,0
6424,5.9232908299585379e-10,-2.6867081752865408e-06,-2.6860850652703758e-06,-6.2311001616500872e-10,1.1031159459370910e-11,0
6425,8.0880550997478089e-10,-9.6646491273731042e-06,-9.6639522171787493e-06,-6.9691019435495294e-10,1.8655586992405734e-11,0
6426,3.9375677419562548e-10,-1.8577842051422343e-04,-1.8577721606088005e-04,-1.2044533433770363e-09,1.2311044243282173e-11,0
6427,2.0756751459185405e-10,-3.7634129837531174e-05,-3.7631000811255847e-05,-3.1290262753272814e-09,3.2383503933345950e-11,0
6428,2.6473579292800608e-10,1.5228947816996272e-05,1.5220138501183612e-05,8.8093158126601790e-09,1.4775241304536687e-11,0
6429,7.2010656547682207e-10,-5.4721326007119500e-06,-5.4748369346412201e-06,2.7043339292700386e-09,2.5599610189232550e-11,0
6430,7.2009459826709855e-10,-8.2825579950504200e-06,-8.2889441157240162e-06,6.3861206735962812e-09,9.2402687833915513e-12,0
6431,-4.1504873576819806e-10,-1.7611374535725019e-04,-1.7611191740299440e-04,-1.8279542557896565e-09,1.4958623417614878e-11,0
6432,-5.4406971707356099e-10,2.4893636679225190e-05,2.4886349838501171e-05,7.2868407240196556e-09,2.6274729291091681e-11,0
6433,-8.8698944491329011e-11,4.1925397049956230e-06,4.1960946154361644e-06,-3.5549104405413847e-09,1.1826043984347420e-11,0
6434,-8.8710911706985284e-11,1.3821117709239723e-06,1.3853861256258225e-06,-3.2743547018501969e-09,4.6743102735736533e-12,0
6435,-1.2902098081962414e-10,2.0100737490112534e-04,2.0099940399348018e-04,7.9709076451631774e-09,1.2912681685313464e-11,0
6436,3.2634979135618134e-10,1.8030627124669945e-04,1.8030625160368163e-04,1.9643017816700983e-11,1.6407245888255969e-11,0
6437,3.2633782414711848e-10,1.7749581473462412e-04,1.7749299431540021e-04,2.8204192239079245e-09,6.0970701817998492e-12,0
6438,6.0123799536752291e-10,2.7969371576258778e-05,2.7973974262087507e-05,-4.6026858287288039e-09,5.7389378555464381e-11,0
6439,1.8618925958401957e-10,-1.4814434137184508e-04,-1.4813911522401375e-04,-5.2261478313345155e-09,5.7603746467579530e-11,0
6440,5.7168278341792214e-11,5.2863098723409004e-05,5.2859143136484629e-05,3.9555869243745921e-09,4.1826316416389245e-11,0
6441,5.1253905087093431e-10,3.2161827637524438e-05,3.2167925902077162e-05,-6.0982645527240284e-09,7.0361784267331422e-11,0
6442,5.1252708365839600e-10,2.9351549620159007e-05,2.9348968758406767e-05,2.5808617522394921e-09,4.0493230770067614e-11,0
6443,4.5537077262271780e-10,-2.0701104148545830e-05,-2.0690877162823357e-05,-1.0226985722472810e-08,2.4275816740372567e-11,0
6444,4.5535880541072203e-10,-2.3511551771935799e-05,-2.3506696474864240e-05,-4.8552970715587114e-09,1.1373795134575992e-11,0
6445,-1.1967210708901226e-14,-2.8104304214874903e-06,-2.8103534282525520e-06,-7.6993234938228837e-11,3.7877358340493242e-12,0
6447,-1.6407137738323513e-10,5.5926296889073634e-06,5.6025587259573747e-06,-9.9290370500112449e-09,3.6691123945476223e-11,0
6448,2.9060693437973902e-10,-1.8017600684181291e-04,-1.8017532260164199e-04,-6.8424017092474226e-10,1.4518659702168787e-11,0
6449,1.1313632876212495e-10,2.0827084589502241e-05,2.0819085830095379e-05,7.9987594068621287e-09,2.3292708268171063e-11,0
6450,4.5467831187559791e-10,-1.8576865153341338e-04,-1.8577655710017669e-04,7.9055667633152072e-09,3.2414327990687780e-11,0
6451,2.7720770643833487e-10,1.5234505488237460e-05,1.5220386577882400e-05,1.4118910355059893e-08,3.5835981043593797e-11,0
6452,-1.7747060567786571e-10,2.0100305727898662e-04,2.0099896318641133e-04,4.0940925752927602e-09,1.8635715907094998e-11,0
6453,1.6045445547982195e-10,3.5247931003791824e-06,3.5271888563789758e-06,-2.3957559997933558e-09,4.5614773858314147e-11,0
6454,2.9306062097090572e-10,-3.7046855528218361e-05,-3.7081754416527715e-05,3.4898888309353867e-08,6.2678763040442489e-11,0
6456,1.4801614790133562e-10,1.5226620053478579e-05,1.5219356593130976e-05,7.2634603476036120e-09,6.9797454343088576e-11,0
6457,-5.6456360642330920e-10,2.4848647082445843e-05,2.4886474207128058e-05,-3.7827124682215170e-08,5.2511332091096064e-11,0
6458,9.9989629164196763e-10,3.5410263124115854e-06,3.5348199824637373e-06,6.2063299478481041e-09,4.7547157164620290e-11,0
6459,1.3469334321853673e-09,-2.2111372636832854e-06,-2.2274614573731228e-06,1.6324193689837337e-08,3.0006693342124098e-11,0
6460,3.4703714201993354e-10,-5.7522167831655646e-06,-5.7589340685559369e-06,6.7172853903722809e-09,1.0051494463611792e-11,0
6461,8.7610462887921729e-11,5.0586617682934348e-06,5.0479766933133648e-06,1.0685074980070083e-08,1.6440336042887832e-11,0
6462,1.6739410547438174e-10,5.6191806132276090e-06,5.6055195082124494e-06,1.3661105015159576e-08,1.2403152814085094e-11,0
6463,7.3761200151656970e-10,-4.0650914834520352e-06,-4.0663578935693851e-06,1.2664101173498615e-09,2.1247657237087033e-11,0
6465,2.8071995920664957e-11,-3.2039646050341462e-05,-3.2041210860331224e-05,1.5648099897620717e-09,3.5293740072146812e-11,0
6466,3.7144203968495202e-11,2.0820456999857614e-05,2.0818603994667123e-05,1.8530051904913853e-09,1.0839129541066247e-11,0
6467,6.9515604662579316e-10,1.2943757037638809e-07,1.3163586847181072e-07,-2.1982980954226290e-09,2.3406229653241297e-11,0
6469,7.9783643159694375e-11,5.6052104771379951e-07,5.5460174787614826e-07,5.9192998376512510e-09,2.1983864645188463e-11,0
6470,6.5000153779577384e-10,-9.1238395454641685e-06,-9.1189188390937016e-06,-4.9207063704668932e-09,3.7544279406336548e-11,0
6472,-5.9538466982127040e-11,-3.7098308291348345e-05,-3.7084852255290191e-05,-1.3456036058154036e-08,5.4787400343347024e-11,0
6473,-5.0466259011622792e-11,1.5761808304525296e-05,1.5769480400283286e-05,-7.6720957579895000e-09,1.9246541440732120e-11,0
6474,6.0754558300680111e-10,-4.9292331986863606e-06,-4.9190843179163632e-06,-1.0148880769997400e-08,3.5404515061613476e-11,0
6476,5.7021789406802248e-10,-9.6842916866369047e-06,-9.6662154657139746e-06,-1.8076220922930077e-08,3.0635231033196248e-11,0
6478,-1.3932211037857154e-10,-3.7658902950283429e-05,-3.7634028492881786e-05,-2.4874457401643070e-08,2.8290026098185901e-11,0
6479,-1.3024990243423727e-10,1.5201297790737658e-05,1.5217000696927359e-05,-1.5702906189700514e-08,1.4178929185051373e-11,0
6480,5.2776193932359270e-10,-5.4897615905059524e-06,-5.4765856298957582e-06,-1.3175960610194249e-08,4.2141758339949754e-11,0
6483,-7.0046779697210049e-10,2.4885601294910228e-05,2.4885432096681816e-05,1.6919822841247618e-10,2.1853897883719572e-11,0
6484,-4.2455954811041800e-11,4.1945385058592697e-06,4.1966535255037879e-06,-2.1150196445182806e-09,2.3664697434249784e-11,0
6486,-4.2500635417347985e-10,2.0099601173870652e-04,2.0099671204649051e-04,-7.0030778398511018e-10,1.1003032623906205e-11,0
6489,7.0954000570388597e-10,2.7974495401842867e-05,2.7974845447134746e-05,-3.5004529187906107e-10,5.5935311793953068e-11,0
6490,4.3407856233734617e-10,-1.4813588468146847e-04,-1.4813647467981807e-04,5.8999834960096406e-10,4.4169731959428809e-11,0
6491,9.0722080570022090e-12,5.2860162858675837e-05,5.2859085810113148e-05,1.0770485626886909e-09,4.7842930841071009e-11,0
6492,6.6708405079761241e-10,3.2169049700445443e-05,3.2169342181125594e-05,-2.9248068015100010e-10,5.5465702411208120e-11,0
6494,6.5801184273522853e-10,-2.0691013685906340e-05,-2.0689412065292201e-05,-1.6016206141383413e-09,2.3845454375767844e-11,0
6497,-2.2084948483846297e-10,5.5881094617286908e-06,5.6019558102210378e-06,-1.3846348492346975e-08,2.4064891997320564e-11,0
6498,2.6212929858220456e-10,-1.8018027788033186e-04,-1.8017522212362364e-04,-5.0557567082213772e-09,2.0425238203261129e-11,0
6499,1.2969377042282641e-10,2.0839808530520240e-05,2.0819581883260466e-05,2.0226647259774023e-08,2.7151159077818087e-11,0
6500,5.2846180568339163e-10,-2.6558371430942737e-06,-2.6868009441340640e-06,3.0963801039790304e-08,2.5286727647705062e-11,0
6501,4.8297878349632160e-10,-1.8576835461806863e-04,-1.8577588917161281e-04,7.5345535441718840e-09,5.6519162589928634e-11,0
6502,3.5054325569073090e-10,1.5251778551814144e-05,1.5221579353848050e-05,3.0199197966093266e-08,3.5596693998334126e-11,0
6504,-1.3243552804952562e-10,2.0102012364819118e-04,2.0099937116041972e-04,2.0752487771464895e-08,2.2800910679838811e-11,0
6505,2.6633250707488019e-10,1.7752441623579245e-04,1.7749188456749423e-04,3.2531668298215952e-08,1.3088403024119870e-11,0
6506,3.9876803554549909e-10,-2.3495730863787355e-05,-2.3507795012780994e-05,1.2064148993638497e-08,2.7803841505854637e-11,0
6508,5.5109381696824984e-10,-3.6357675797090913e-06,-3.6249657945871660e-06,-1.0801785121925291e-08,6.3924773869617026e-11,0
6509,9.8099050124492181e-10,-7.1412885762362627e-06,-7.1415809067939862e-06,2.9233055772349015e-10,2.0589840380768498e-11,0
6510,-8.6757690043792044e-11,5.0500787947510388e-06,5.0461321026277832e-06,3.9466921232556254e-09,7.6631509425115136e-12,0
6511,7.0438237718727227e-10,-4.0675556947844180e-06,-4.0668545106860445e-06,-7.0118409837346008e-10,1.3163745984387419e-11,0
6512,5.5311601793697319e-10,-1.8016905768529316e-04,-1.8017242150153678e-04,3.3638162436175519e-09,4.9510291964942923e-12,0
6513,-1.3159703657698721e-12,-3.2041074975371845e-05,-3.2041566196592771e-05,4.9122122092615933e-10,1.9061529436392154e-11,0
6514,-2.4416305562578325e-11,2.0818557405752336e-05,2.0818330280767684e-05,2.2712498465223560e-10,4.3885424518737717e-12,0
6515,6.9824253513260696e-10,1.2953488683162956e-07,1.3159606955071615e-07,-2.0611827190865885e-09,1.2236655389615921e-11,0
6516,6.9823928102602548e-10,-2.6810146729009526e-06,-2.6853041041641855e-06,4.2894312632328472e-09,4.7869180208856877e-12,0
6518,7.9114006692709963e-10,-9.1176474419200643e-06,-9.1175737020886999e-06,-7.3739831364463024e-11,5.5255263071655449e-11,0
6519,6.3987370775969191e-10,-1.8521913890335705e-04,-1.8522282251091284e-04,3.6836075557823613e-09,1.5147868438008640e-11,0
6520,8.5441719610198816e-11,-3.7091124621673605e-05,-3.7083295663184247e-05,-7.8289584893575788e-09,2.5215322527283737e-11,0
6521,6.2341384416053714e-11,1.5768470316399746e-05,1.5771108966916523e-05,-2.6386505167764974e-09,7.5566876944963619e-12,0
6522,7.8500022488306628e-10,-4.9206611590544257e-06,-4.9172496405660405e-06,-3.4115184883851184e-09,5.4581302350248501e-11,0
6523,7.8499697078108465e-10,-7.7310956543793531e-06,-7.7369157580474281e-06,5.8201036680749876e-09,1.5367632148701688e-11,0
6525,-1.5126635910699148e-10,-1.7610146759559323e-04,-1.7610850994603024e-04,7.0423504370154162e-09,6.9946410299526829e-12,0
6526,-7.2879868233784745e-10,2.4886154748642725e-05,2.4885659024337936e-05,4.9572430478912071e-10,1.0393628022799028e-11,0
6527,-6.1398420347750479e-12,4.1970829881431051e-06,4.1971168192267119e-06,-3.3831083606818417e-11,1.1339651541955787e-11,0
6528,-6.1430961410920586e-12,1.3865642172791563e-06,1.3863851656231001e-06,1.7905165605617827e-10,5.0399203413045284e-12,0
6530,-5.7753232309395634e-10,2.0098760750791866e-04,2.0099532429564682e-04,-7.7167877281594539e-09,4.4998457281828412e-12,0
6531,1.4512651700590705e-10,1.8029857567333600e-04,1.8030390192929339e-04,-5.3262559573876052e-09,5.9283738441240756e-12,0
6532,1.4512326290034313e-10,1.7748802944516848e-04,1.7749058849120613e-04,-2.5590460376570447e-09,2.6544102652783082e-12,0
6534,7.0569834785834176e-10,2.7973545531482548e-05,2.7974701563603337e-05,-1.1560321207892781e-09,4.1810759975422785e-11,0
6535,5.5443198850487331e-10,-1.4812796778007446e-04,-1.4813500854286610e-04,7.0407627916356692e-09,2.1051688521854719e-11,0
6536,-2.3100335190690085e-11,5.2859662102756671e-05,5.2859158502430659e-05,5.0360032601172574e-10,2.1647797693210656e-11,0
6537,6.9955850579274764e-10,3.2170644840540108e-05,3.2169648311220148e-05,9.9652931996000328e-10,3.6903340220840175e-11,0
6538,6.9955525168660085e-10,2.9360125734642292e-05,2.9350640369670561e-05,9.4853649717309462e-09,1.8238173132272340e-11,0
6540,7.2265884112892366e-10,-2.0689033201367821e-05,-2.0689186805354281e-05,1.5360398646045172e-10,1.0812627475266733e-11,0
6541,7.2265558702165893e-10,-2.3499582402721278e-05,-2.3505051666204385e-05,5.4692634831071294e-09,4.6762768697526010e-12,0
6546,4.7110670173083647e-10,3.5301857397177297e-06,3.5300129072631850e-06,1.7283245454470365e-10,4.2046122512230241e-11,0
6547,1.5093706697892229e-10,5.6227297800977294e-06,5.6052715500510404e-06,1.7458230046689022e-08,1.5686676095854497e-11,0
6548,6.6609294355916833e-10,-4.0425208400023116e-06,-4.0672745586252385e-06,2.4753718622926870e-08,2.0770592592936177e-11,0
6549,4.7518598797022152e-10,-1.8016458870407336e-04,-1.8017301993300503e-04,8.4312289316769342e-09,9.0676190304137908e-12,0
6550,1.4428878153794962e-11,2.0820494066474751e-05,2.0818789187015542e-05,1.7048794592095277e-09,1.1062554044112092e-11,0
6551,6.4552971139061323e-10,1.5069844439864755e-07,1.3109176815813316e-07,1.9606676240514384e-08,1.8782818662529439e-11,0
6552,5.1515587494253787e-10,-9.6652466809554576e-06,-9.6668402159273565e-06,1.5935349718989027e-09,2.9626381055552038e-11,0
6553,3.2424891982603393e-10,-1.8578730803201632e-04,-1.8577702890849000e-04,-1.0279123526316103e-08,1.4938257672880513e-11,0
6554,-1.3650818954961479e-10,1.5197790597963612e-05,1.5217540185315639e-05,-1.9749587352027302e-08,1.3734817002783242e-11,0
6555,4.9459264285467021e-10,-5.4720394864493389e-06,-5.4768873536614948e-06,4.8478672121559573e-09,3.6186832891650074e-11,0
6556,-1.9090695512397550e-10,-1.7612207695585089e-04,-1.7610868726857754e-04,-1.3389687273350362e-08,1.5204454373728556e-11,0
6557,-6.5166406450666857e-10,2.4863089905086816e-05,2.4886539467391889e-05,-2.3449562305072959e-08,1.8793547754154885e-11,0
6558,-2.0563232086144679e-11,4.1932508829994799e-06,4.1970349614288332e-06,-3.7840784293532927e-09,2.8730152643413474e-11,0
6559,-4.6075710949052893e-10,2.0098510129209005e-04,2.0099638542893166e-04,-1.1284136841615590e-08,9.3723856666304498e-12,0
6560,1.7034372313033486e-10,1.8031529616896729e-04,1.8030400384514293e-04,1.1292323824364228e-08,1.4818521409022847e-11,0
6561,6.3110083334688784e-10,-2.0669813463155412e-05,-2.0690153214975704e-05,2.0339751820291620e-08,1.7577674930143445e-11,0
6562,-5.5729890845371068e-10,1.9774203643078275e-06,1.9750596117726695e-06,2.3607525351580671e-09,1.0066825456135570e-11,0
6563,-2.1704618582889262e-10,-3.5095962489730889e-05,-3.5108573980795554e-05,1.2611491064664997e-08,2.8529959808647068e-11,0
6564,4.5225249351643272e-10,-5.7469457489297410e-06,-5.7580218304499604e-06,1.1076081520219408e-08,3.3382621565472056e-12,0
6566,3.4025272185142859e-10,-3.7073350391225463e-05,-3.7080830513734964e-05,7.4801225095005126e-09,4.4487629311687472e-11,0
6567,1.0095514004113670e-09,-7.7243600808398968e-06,-7.7347523765924166e-06,1.0392295752519783e-08,7.6006091473619734e-12,0
6569,6.6929867823009547e-10,2.9349061218142663e-05,2.9350356576084525e-05,-1.2953579418619756e-09,2.6271675444472116e-11,0
6572,-9.5177192681476882e-10,-3.1136255386095268e-06,-3.0830418274946458e-06,-3.0583711114881029e-08,1.9963647722631833e-11,0
6573,-8.6897206943652681e-10,1.9567333292640730e-06,1.9721355134273892e-06,-1.5402184163316185e-08,3.3332416142631136e-11,0
6574,-1.8787406037250273e-10,-7.1867472136496330e-06,-7.1524068553251195e-06,-3.4340358324513466e-08,2.4597707306110541e-11,0
6575,-4.3065205955337498e-10,-1.8329172058150281e-04,-1.8326544348685268e-04,-2.6277094650125092e-08,1.3529060052095742e-11,0
6576,-9.5038462519313965e-10,-3.5154526835168287e-05,-3.5115211091787162e-05,-3.9315743381124831e-08,6.3976693917537162e-11,0
6577,-9.5701241010949118e-10,1.7706009779164603e-05,1.7736898742070079e-05,-3.0888962905476077e-08,1.4609759193961641e-11,0
6578,-2.1871610169443266e-10,-2.9907855490368673e-06,-2.9514472681934578e-06,-3.9338280843409487e-08,3.0459844485632398e-11,0
6579,-7.1987254889229422e-10,8.9450209791659718e-06,8.9458796417019569e-06,-8.5866253598512396e-10,3.8680558733416764e-11,0
6580,8.2799857557173689e-11,5.0703394790779094e-06,5.0474076430727483e-06,2.2931836005161075e-08,1.9615769957969270e-11,0
6581,7.6389786806834182e-10,-4.0730991748623869e-06,-4.0665128064129116e-06,-6.5863684494752426e-09,2.8546003723727237e-11,0
6582,5.2111986815579937e-10,-1.8017807362192108e-04,-1.8017240768005964e-04,-5.6659418614399357e-09,1.3230192545323569e-11,0
6583,1.3873017779528655e-12,-3.2040998796051615e-05,-3.2041631975377060e-05,6.3317932544511030e-10,3.1511550086046558e-11,0
6584,-5.2404830711440665e-12,2.0819658195689403e-05,2.0818797569531831e-05,8.6062615757223236e-10,9.5607762809881659e-12,0
6585,7.3305582661112756e-10,1.2288899741037806e-07,1.3184301632721111e-07,-8.9540189168330425e-09,2.7055420247305872e-11,0
6586,2.3189937849063108e-10,1.2058622465369734e-05,1.2028288278666335e-05,3.0334186703398684e-08,2.3235887128606690e-11,0
6587,6.8109800925486038e-10,-9.1434908809206322e-06,-9.1185104447981323e-06,-2.4980436122499966e-08,4.9991963502862245e-11,0
6588,4.3832000997508148e-10,-1.8524847279834979e-04,-1.8522407531592692e-04,-2.4397482422869451e-08,2.4439467817691288e-11,0
6589,-8.1412555759762693e-11,-3.7111279147527404e-05,-3.7084567983935451e-05,-2.6711163591953252e-08,6.1063888361640019e-11,0
6590,-8.8040340668170122e-11,1.5749288566853370e-05,1.5770359827926546e-05,-2.1071261073175531e-08,1.8124102385247971e-11,0
6591,6.5025596791239323e-10,-4.9474879412567813e-06,-4.9182476115720232e-06,-2.9240329684758102e-08,4.8746146511957841e-11,0
6592,1.4909952059514571e-10,6.9883189547509383e-06,6.9788164766146995e-06,9.5024781362388586e-09,2.9398966217401891e-11,0
6593,-2.4277800003874938e-10,-1.7610497910568599e-04,-1.7610883489023885e-04,3.8557845528615700e-09,1.6339975400076463e-11,0
6594,-7.6913835138341375e-10,2.4892751292754671e-05,2.4885788732520881e-05,6.9625602337893781e-09,2.2218156494010302e-11,0
6595,-3.0842041477654264e-11,4.1960154301081852e-06,4.1970286969679398e-06,-1.0132668597546634e-09,2.9831316163563081e-11,0
6596,-5.3199848975777403e-10,1.6131737022815132e-05,1.6093410439700723e-05,3.8326583114408415e-08,6.6090878191314071e-11,0
6597,-5.2636035133368816e-10,2.0099772170370880e-04,2.0099578827550629e-04,1.9334282025048905e-09,1.0509986195008381e-11,0
6598,2.1193595854610785e-10,1.8030095053084906e-04,1.8030415661883216e-04,-3.2060879830977593e-09,1.7450065803629699e-11,0
6599,-2.8922048971699134e-10,1.9223675648485754e-04,1.9220523405473144e-04,3.1522430126096823e-08,2.7405606943503751e-11,0
6600,7.6251056664399709e-10,2.7967904804279946e-05,2.7975106379791493e-05,-7.2015755115469211e-09,8.8287674203696419e-11,0
6601,5.1973256655689802e-10,-1.4813709527018606e-04,-1.4813494277125829e-04,-2.1524989277695982e-09,5.3108687070044856e-11,0
6602,-6.6277848331664042e-12,5.2860670153249793e-05,5.2859682419686884e-05,9.8773356290923764e-10,3.9598817062998140e-11,0
6603,7.3166852515429107e-10,3.2163750454186082e-05,3.2169951397516118e-05,-6.2009433300359807e-09,9.0723766044286346e-11,0
6604,2.3051207681383938e-10,4.4099462644785897e-05,4.4068146453357361e-05,3.1316191428535983e-08,6.2126538627602624e-11,0
6605,7.3829631004896416e-10,-2.0696796315319843e-05,-2.0689416015851404e-05,-7.3802994684387898e-09,2.1731903487407354e-11,0
6606,2.3713986166300781e-10,-8.7609971369476819e-06,-8.7902607808676073e-06,2.9263643919925445e-08,2.3357187059984533e-11,0
6607,-5.0115644827990321e-10,1.1935839949699448e-05,1.1895695526786593e-05,4.0144422912854436e-08,5.5993280824819812e-11,0
6608,-2.4670337247461545e-10,6.0455913604359757e-06,6.0442208435227269e-06,1.3705169132487792e-09,4.4092612603932916e-11,0
6609,-4.6571545102413368e-10,1.7742367515124840e-05,1.7741527841539457e-05,8.3967358538222445e-10,1.8068738666818177e-11,0
6610,2.6003711782883003e-10,-2.9473564316902581e-06,-2.9471008271651797e-06,-2.5560452507838945e-10,5.5617581383422051e-11,0
6611,7.2575256874186695e-10,-2.0689770082447413e-05,-2.0689686882627668e-05,-8.3199819744876309e-11,3.0596319927512022e-11,0
6613,6.3336360189896441e-10,-4.0798032543639968e-06,-4.0677901815117808e-06,-1.2013072852215981e-08,3.1473723507011851e-11,0
6615,5.4084441145773984e-10,-2.7028344290946568e-06,-2.6868678178011014e-06,-1.5966611293555406e-08,1.2122474229731693e-11,0
6616,9.3473183982013192e-10,-9.6525350737680302e-06,-9.6631276049150281e-06,1.0592531146997976e-08,4.0174952121653593e-11,0
6617,5.1637235362608846e-10,-1.8577330468390720e-04,-1.8577490142573621e-04,1.5967418290081369e-09,1.0468022591537929e-11,0
6618,8.4221264941442742e-10,-8.2756360912611231e-06,-8.2877773238563246e-06,1.2141232595201499e-08,1.6647571849956652e-11,0
6619,-4.1835948639043299e-10,-1.7612077481305409e-04,-1.7611020031159204e-04,-1.0574501462049793e-08,1.5467045790251576e-11,0
6620,-9.2519190435206712e-11,1.3770121837261388e-06,1.3857814971934818e-06,-8.7693134673430050e-09,7.8787973976131122e-12,0
6621,3.2584029572182180e-10,1.7749778152905109e-04,1.7749167708305631e-04,6.1044459947806520e-09,5.6471622404937040e-12,0
6623,4.1442853899397611e-10,-1.8578193140130622e-04,-1.8577573750330685e-04,-6.1938979993678318e-09,4.7442490695442868e-11,0
6624,7.9993754898508638e-10,-8.2890987905467894e-06,-8.2881573543877977e-06,-9.4143615899171219e-10,5.0740381327931241e-11,0
6625,-4.9683261644138755e-10,-1.7610952174199491e-04,-1.7611078167861733e-04,1.2599366224267348e-09,2.9951972001168895e-11,0
6626,-1.1132360646004442e-10,1.3835115374163584e-06,1.3856430398656409e-06,-2.1315024492824505e-09,1.9734390155084497e-11,0
6627,3.8550900996464654e-10,1.7749298353760424e-04,1.7749212033181083e-04,8.6320579341121056e-10,1.0299558255448701e-11,0
6628,7.6794907572926601e-11,3.5242575616372491e-06,3.5264283313124740e-06,-2.1707696752249227e-09,3.6027278374361908e-11,0
6629,-1.8926848061345587e-10,5.0408886259813851e-06,5.0447068840324415e-06,-3.8182580510564174e-09,2.4838962109672475e-11,0
6630,2.0344031265722868e-11,-3.2040516911080344e-05,-3.2041536949762241e-05,1.0200386818976512e-09,5.1560424717308028e-11,0
6631,2.1110500139615118e-12,2.0819081834458093e-05,2.0819115056747683e-05,-3.3222289590845947e-11,1.3265835618022197e-11,0
6633,2.0961251210935521e-10,-3.7081468095879339e-05,-3.7081713165570306e-05,2.4506969096746954e-10,7.2932551817956573e-11,0
6634,1.9137953087797820e-10,1.5778241252684642e-05,1.5773428649813411e-05,4.8126028712311072e-09,2.2433980082726285e-11,0
6636,-1.8232981249665249e-11,5.2859641322123814e-05,5.2859897052481914e-05,-2.5573035810006525e-10,5.9436042141959851e-11,0
6637,-1.6353951561709351e-10,4.4060180389143139e-05,4.4064854759957865e-05,-4.6743708147263942e-09,5.9495511199173370e-11,0
6639,1.0104888286441112e-09,-9.6125719158280526e-06,-9.6624966480405474e-06,4.9924732212494811e-08,3.2028237087616523e-11,0
6641,9.2508236349730023e-10,-8.2620880436428887e-06,-8.2870137636840609e-06,2.4925720041172244e-08,1.9570403586820651e-11,0
6643,-8.5406465238182406e-11,1.3504252158306508e-06,1.3859236919305523e-06,-3.5498476099901499e-08,2.7213367047846589e-11,0
6644,2.9852848287322629e-10,1.7750654103088157e-04,1.7749119209472774e-04,1.5348936153834888e-08,1.2021997070751459e-11,0
6645,6.9504618870375936e-10,-2.9357035153162320e-06,-2.9431558172196570e-06,7.4523019034250255e-09,3.5907856784721023e-11,0
6646,-4.5984261189028016e-12,2.0783057773937023e-05,2.0819151504739278e-05,-3.6093730802254847e-08,2.1696812437811436e-11,0
6647,9.8557744828361102e-10,3.5514114595947693e-06,3.5346898139465771e-06,1.6721645648192219e-08,4.9914411074739722e-11,0
6648,1.3296798019135550e-09,-2.1927129310699012e-06,-2.2275143092700544e-06,3.4801378200153240e-08,3.3697470726449179e-11,0
6649,3.4410235545890639e-10,-5.7440967990642251e-06,-5.7590627344288326e-06,1.4965935364607508e-08,1.0487947222764813e-11,0
6650,7.6915935564445642e-11,5.0596039171749152e-06,5.0468759572009076e-06,1.2727959974007623e-08,1.3844772865206284e-11,0
6651,2.2714297588624627e-10,5.6362366348140097e-06,5.6057849969958439e-06,3.0451637818165820e-08,9.9480857495376257e-12,0
6652,7.0023568982888620e-10,-4.0678258340599502e-06,-4.0674500807076365e-06,-3.7575335231367329e-10,2.2805235501959451e-11,0
6653,4.5734383610296492e-10,-1.8017500280347086e-04,-1.8017243940897701e-04,-2.5633944938496106e-09,9.5969535199083538e-12,0
6654,1.5357764815111037e-11,-3.2040048833471011e-05,-3.2041667491487234e-05,1.6186580162230496e-09,2.7162525009057489e-11,0
6655,1.7146835506594865e-11,2.0821453499328662e-05,2.0819528041919928e-05,1.9254574087343218e-09,7.7910007668615346e-12,0
6656,6.6567722658608063e-10,1.2764764284727698e-07,1.3110543234598425e-07,-3.4577894987072765e-09,1.9223813064048495e-11,0
6657,2.2086069245400277e-10,1.2053805673437404e-05,1.2028641051440861e-05,2.5164621996543238e-08,2.1147902369348108e-11,0
6658,1.5022704079760922e-10,5.7660634172895797e-07,5.5602133420964610e-07,2.0585007519311871e-08,1.9276229229242930e-11,0
6659,6.2331975333362979e-10,-9.1274099478979437e-06,-9.1189212611541464e-06,-8.4886867437972499e-09,4.0094156843586708e-11,0
6660,3.8042790012100789e-10,-1.8523458390933348e-04,-1.8522355932555049e-04,-1.1024583782990802e-08,1.9356474430273795e-11,0
6661,-6.1558170782033905e-11,-3.7099621163662680e-05,-3.7083947707504023e-05,-1.5673456158656865e-08,5.9927093094233400e-11,0
6662,-5.9769100150231433e-11,1.5761858404421750e-05,1.5771728311419432e-05,-9.8699069976824138e-09,1.4370823369286742e-11,0
6663,5.8876129018870099e-10,-4.9319252397447486e-06,-4.9183984290770659e-06,-1.3526810667682626e-08,3.4320571030303585e-11,0
6664,1.4394475662269932e-10,6.9942296053357965e-06,6.9798334502808343e-06,1.4396155054962219e-08,2.9509853951705315e-11,0
6665,4.7309271186416798e-10,-9.7040362657292711e-06,-9.6674490413590627e-06,-3.6587224370208482e-08,3.0192547563408223e-11,0
6666,2.3020085890080220e-10,-1.8581119246666861e-04,-1.8577703513052163e-04,-3.4157336146979547e-08,1.1715882451137943e-11,0
6667,-2.1178521181987082e-10,-3.7676311173934218e-05,-3.7634219577370222e-05,-4.2091596563996459e-08,2.2607457051537539e-11,0
6668,-2.0999614122091643e-10,1.5185227491460590e-05,1.5217959472806941e-05,-3.2731981346350490e-08,1.0054692308028484e-11,0
6669,4.3853424876987375e-10,-5.5085845943637912e-06,-5.4773973130505519e-06,-3.1187281313239282e-08,2.9611076672785751e-11,0
6670,-6.2822845271693728e-12,6.4175585808897567e-06,6.4248768989952637e-06,-7.3183181055069287e-09,3.1288244485176659e-11,0
6671,-2.4289185343944257e-10,-1.7610716048707979e-04,-1.7610792405925416e-04,7.6357217437491610e-10,1.2429045451377715e-11,0
6672,-6.8308885385799738e-10,2.4889317548559657e-05,2.4887463896452292e-05,1.8536521073647541e-09,1.6292681219676015e-11,0
6673,-3.4558463185273677e-11,4.1954597876623940e-06,4.1972403219994932e-06,-1.7805343370992457e-09,2.3248496084315943e-11,0
6675,-4.4019700053008232e-10,2.0099643952207298e-04,2.0099656938565004e-04,-1.2986357705879227e-10,7.8621438847089647e-12,0
6676,2.0833339039642600e-10,1.8030262466644641e-04,1.8030348955108116e-04,-8.6488463474907774e-10,1.3332396964531515e-11,0
6677,-2.3648314361840768e-10,1.9222883792755115e-04,1.9220560005545927e-04,2.3237872091879568e-08,2.7042167650509020e-11,0
6678,6.8487792515713100e-10,2.7972225859532705e-05,2.7974199824740935e-05,-1.9739652082299678e-09,6.6692489460544128e-11,0
6679,4.4198607134849228e-10,-1.4813491905846764e-04,-1.4813496385748689e-04,4.4799019257701217e-11,3.7330330315501302e-11,0
6680,1.7890707049061160e-12,5.2861508304813802e-05,5.2860431949672501e-05,1.0763551413009442e-09,3.4656390785121894e-11,0
6681,6.5031946189955933e-10,3.2167747258688567e-05,3.2169231991621710e-05,-1.4847329331431607e-09,5.7376168093953666e-11,0
6682,2.0550292767605154e-10,4.4093733097688714e-05,4.4068529857008149e-05,2.5203240680565656e-08,8.3618934257338392e-11,0
6683,6.4853039119555176e-10,-2.0693768160906859e-05,-2.0690900023895394e-05,-2.8681370114641048e-09,1.6785778070731038e-11,0
6685,-4.4481653386057395e-10,1.1926149372362346e-05,1.1896877825627437e-05,2.9271546734909283e-08,5.0343394517760791e-11,0
6686,5.0769776923654936e-11,-7.1588967645022303e-06,-7.1505478376597457e-06,-8.3489268424846057e-09,8.2383757995768453e-12,0
6687,-6.5138317779536507e-11,-1.8325769471998611e-04,-1.8326140825567671e-04,3.7135356905954216e-09,5.7004174246784147e-12,0
6688,-6.3920513310693787e-10,1.7731418606562604e-05,1.7740633354344058e-05,-9.2147477814531970e-09,5.5240471757275070e-12,0
6689,5.2254157386220744e-11,-5.7720574586877897e-06,-5.7617295825158229e-06,-1.0327876171966785e-08,3.3200182947911104e-12,0
6690,-1.1590809483632694e-10,-1.7609879607016375e-04,-1.7610657000747193e-04,7.7739373081768016e-09,7.8465793263837208e-12,0
6691,-6.8997491045609901e-10,2.4890316023373771e-05,2.4887596825565627e-05,2.7191978081440361e-09,9.7268485339410153e-12,0
6692,1.4843804482534383e-12,1.3868535240370685e-06,1.3868528271592594e-06,6.9687780902599663e-13,4.4934194219459031e-12,0
6693,-5.7406681538509367e-10,2.0098910873806233e-04,2.0099535193682331e-04,-6.2431987609746532e-09,4.5253052235460906e-12,0
6694,1.1739247518835961e-10,1.7748564321329861e-04,1.7748912037116992e-04,-3.4771578713132384e-09,3.4947878374243577e-12,0
6695,6.9145929146179839e-10,-2.3503469096808512e-05,-2.3506594027212434e-05,3.1249304039225178e-09,4.3039914134244799e-12,0
6696,2.1075231267964712e-10,5.6365826903072985e-06,5.6055922106486024e-06,3.0990479658696103e-08,2.1345238990134893e-11,0
6697,3.9543550049609702e-10,-1.8018115300173949e-04,-1.8017282085315371e-04,-8.3321485857797487e-09,1.9824108240652695e-11,0
6698,1.8468318670119916e-10,-1.8581772316836331e-04,-1.8577724168543979e-04,-4.0481482923524501e-08,2.2611285049343820e-11,0
6699,-4.8529970893179831e-10,1.9825792474306020e-06,1.9750402318425654e-06,7.5390155880366362e-09,1.4258348710036072e-11,0
6700,4.1780109744849123e-10,-7.1436913283238340e-06,-7.1472571119530723e-06,3.5657836292382513e-09,1.0511581456262894e-11,0
6701,-1.5181690444833003e-10,-3.5081868518206313e-05,-3.5107762276290877e-05,2.5893758084564013e-08,4.2071375830691376e-11,0
6702,-2.1832313128193914e-10,1.7761350977699847e-05,1.7744584359216867e-05,1.6766618482980117e-08,7.3961411304108399e-12,0
6703,4.6855139936037632e-10,-2.9403908726570449e-06,-2.9452338833475295e-06,4.8430106904846312e-09,1.1386257345141047e-11,0
6704,4.6855503706240166e-10,-5.7509123509418697e-06,-5.7579540679367067e-06,7.0417169948370400e-09,4.7276437072055925e-12,0
6705,-5.2759114685196213e-10,8.9510452505612084e-06,8.9485402785183195e-06,2.5049720428888905e-09,1.1542775953937783e-11,0
6706,9.0310080433973832e-10,-9.1262440544107211e-06,-9.1163321911498408e-06,-9.9118632608802672e-09,2.2805264291399157e-11,0
6707,3.3348280344999547e-10,-3.7064446583963667e-05,-3.7080181016446601e-05,1.5734432482934226e-08,5.7359270184070752e-11,0
6708,2.6697657668328281e-10,1.5778785422169831e-05,1.5775142172443039e-05,3.6432497267923107e-09,8.6274878005871375e-12,0
6709,9.5385110619286851e-10,-4.9230019756523824e-06,-4.9149166138532258e-06,-8.0853617991566551e-09,2.1578964168185911e-11,0
6710,9.5385474389066179e-10,-7.7334932149800356e-06,-7.7346753672310502e-06,1.1821522510145469e-09,9.6275078600647468e-12,0
6711,-4.2291437849985497e-11,6.9684687893393701e-06,6.9785649285042779e-06,-1.0096139164907774e-08,1.1228590342179827e-11,0
6712,-6.3612422788654795e-10,2.4905030451506313e-05,2.4888247134450792e-05,1.6783317055521247e-08,1.1080668626237977e-11,0
6713,5.0750301867551736e-11,4.2033106272864121e-06,4.1981137647705586e-06,5.1968625158534601e-09,1.2328315604025676e-11,0
6714,5.0753939564186762e-11,1.3927702666215527e-06,1.3873411282099358e-06,5.4291384116169440e-09,5.4450142132716053e-12,0
6715,-9.4539224263924882e-10,1.6094718386499510e-05,1.6090913804269219e-05,3.8045822302910719e-09,1.9685948467284580e-11,0
6716,5.6961800060482033e-10,2.7938201977778174e-05,2.7973071897568036e-05,-3.4869919789862582e-08,6.6797630077085976e-11,0
6717,-6.6506226746828912e-11,5.2843258771290754e-05,5.2860079647520362e-05,-1.6820876229608095e-08,2.0610036016559340e-11,0
6718,6.2036830243899971e-10,3.2141543496609550e-05,3.2168967740691091e-05,-2.7424244081540692e-08,4.7434476650081706e-11,0
6719,6.2037194013745690e-10,2.9331049652447580e-05,2.9349870016210838e-05,-1.8820363763258000e-08,3.0459290232103385e-11,0
6720,-3.7577424098926257e-10,4.4032857579558854e-05,4.4063489339679435e-05,-3.0631760120581263e-08,5.1645940916825671e-11,0
6721,6.8687452943274739e-10,-2.0701740730333926e-05,-2.0690817986868226e-05,-1.0922743465700612e-08,1.0096391416248744e-11,0
6722,6.8687816713289224e-10,-2.3512273751656436e-05,-2.3506763361137459e-05,-5.5103905189762261e-09,4.7614666718696481e-12,0
6723,-3.0926801446583794e-10,-8.8103166924584364e-06,-8.7952201785474046e-06,-1.5096513911031818e-08,7.8105025986992126e-12,0
6725,-9.9614254398675328e-10,1.1891441429328839e-05,1.1892133277576284e-05,-6.9184824744534460e-10,1.5627713208295100e-11,0
6726,-9.9614618168936033e-10,1.4701953908752979e-05,1.4708353359643125e-05,-6.3994508901451982e-09,7.1523591834913870e-12,0
6727,-4.3710138936606635e-11,5.5952653216714832e-06,5.6032594879240887e-06,-7.9941662526055324e-09,1.9468111873142923e-11,0
6728,3.1885456210409988e-10,-1.8017994214142644e-04,-1.8017343635593196e-04,-6.5057854944732506e-09,1.5547008780519951e-11,0
6729,3.6256470093403910e-10,-1.8577519453073094e-04,-1.8577553242705771e-04,3.3789632677689967e-10,1.3561435360815570e-11,0
6730,-2.5042625851185242e-10,5.0282532885782827e-06,5.0436221072445538e-06,-1.5368818666271099e-08,5.1372247993305878e-11,0
6731,9.2335438117093705e-12,-3.2045559087413161e-05,-3.2041817670401135e-05,-3.7414170120264492e-09,5.8144756841375004e-11,0
6732,-2.0237116428679178e-11,2.0811508170618786e-05,2.0819494624292745e-05,-7.9864536739591865e-09,1.8860473477750782e-11,0
6733,2.5965980270602868e-10,-3.7073832349632241e-05,-3.7080771867372173e-05,6.9395177399323837e-09,9.1589606027578275e-11,0
6734,2.3018914248740311e-10,1.5783212355596765e-05,1.5775010572781807e-05,8.2017828149584429e-09,5.0552398343704890e-11,0
6735,-2.9470660235351647e-11,5.2856993324812591e-05,5.2860539140193887e-05,-3.5458153812951781e-09,5.6540979492848293e-11,0
6736,-4.7829984531831991e-10,3.5131769132064339e-06,3.5213821233849908e-06,-8.2052101785569082e-09,5.5961979939551766e-11,0
6737,5.1208478252077951e-10,-3.6291856410357488e-06,-3.6260107018722723e-06,-3.1749391634765820e-09,7.0607399059940435e-11,0
6738,6.3025966072892116e-10,5.7453204192975740e-07,5.8149634426712681e-07,-6.9643023373694036e-09,5.1478596183678483e-11,0
6739,6.3027173511426126e-10,-2.2358438700959340e-06,-2.2338387916691767e-06,-2.0050784267573694e-09,2.9210450454714388e-11,0
6740,9.9038462989281331e-10,-7.1423388170316349e-06,-7.1421045854956606e-06,-2.3423153597427673e-10,1.8844403520695056e-11,0
6741,1.1085595081624127e-09,-2.9386197476031356e-06,-2.9394208328005833e-06,8.0108519744769358e-10,1.7789102390791143e-11,0
6742,1.1085715825520332e-09,-5.7489861299848261e-06,-5.7521461496824214e-06,3.1600196975953176e-09,6.7710858230703585e-12,0
6743,1.1817487820086623e-10,4.2037719949969410e-06,4.1987774562300574e-06,4.9945387668835574e-09,2.3239321108927151e-11,0
6744,1.1818695260143421e-10,1.3933602095658748e-06,1.3880005542658910e-06,5.3596552999837681e-09,1.0115180982014878e-11,0
6747,1.4099291340409513e-11,2.0821571771213136e-05,2.0819895233782899e-05,1.6765374302362345e-09,1.1120904565952734e-11,0
6748,-1.0063690195128776e-10,1.2022594608592820e-05,1.2026057974709345e-05,-3.4633661165249860e-09,1.6651702228457216e-11,0
6749,-1.1473619330515478e-10,-8.7989307603272837e-06,-8.7934497818054983e-06,-5.4809785217854452e-09,1.7989910485020771e-11,0
6750,-2.2033696265293398e-09,-7.1765028712873769e-06,-7.1711913802565143e-06,-5.3114910308625402e-09,6.3605492640601659e-11,0
6751,-2.5819256475693768e-09,-5.7913350358911736e-06,-5.7857058169191564e-06,-5.6292189720172117e-09,9.3461366584351223e-12,0
6752,-3.7855602007948620e-10,1.3852854481286904e-06,1.3835317635202918e-06,1.7536846083986153e-09,2.5932094921127248e-11,0
6753,-3.0475619516914566e-10,6.0410047215395980e-06,6.0434015003449935e-06,-2.3967788053954879e-09,4.6949443038137555e-11,0
6754,-8.6706955867967053e-10,-3.1009701298018166e-06,-3.0821349102843014e-06,-1.8835219517515210e-08,2.7183003363433759e-11,0
6755,-7.9326550740542791e-10,1.9840243423285137e-06,1.9719642462294943e-06,1.2060096099019363e-08,5.5284660562088216e-11,0
6756,-1.7268042054328814e-10,-7.1768232860237868e-06,-7.1527938549764980e-06,-2.4029431047288828e-08,6.6210279006171565e-11,0
6757,-3.7154063061741284e-10,-1.8327945490752284e-04,-1.8326370092919644e-04,-1.5753978326407160e-08,1.9077027506966997e-11,0
6758,-8.8080634894332449e-10,-3.5142683570330707e-05,-3.5114299616382780e-05,-2.8383953947927422e-08,6.9263032864494479e-11,0
6759,-8.9524094560494207e-10,1.7719218796851538e-05,1.7738890579633573e-05,-1.9671782782035367e-08,1.7941279197920009e-11,0
6760,-1.9397234370501794e-10,-2.9802986065054909e-06,-2.9512729849049101e-06,-2.9025621600580810e-08,4.0425753063108240e-11,0
6761,-6.6558648869729512e-10,8.9769277606590453e-06,8.9477183244426195e-06,2.9209436216425812e-08,6.5417107082802804e-11,0
6762,7.3804051381883697e-11,5.0850933656729908e-06,5.0463398019878591e-06,3.8753563685131659e-08,2.2635692149536777e-11,0
6763,6.9438913935614175e-10,-4.0758886946197156e-06,-4.0678840147939056e-06,-8.0046798258100055e-09,3.8615147578960702e-11,0
6764,4.9552892876677828e-10,-1.8017846534669783e-04,-1.8017151023588761e-04,-6.9551108102243898e-09,1.3073683922256944e-11,0
6765,-1.3736790169573602e-11,-3.2041757888363626e-05,-3.2042104582590691e-05,3.4669422706496734e-10,3.4519516092098819e-11,0
6766,-2.8171386786480916e-11,2.0820235752483460e-05,2.0819675716894509e-05,5.6003558895176991e-10,1.1347389927372659e-11,0
6767,6.7309721610629749e-10,1.2064087685087488e-07,1.3104006152062483e-07,-1.0399184669749949e-08,2.7221492790578975e-11,0
6768,2.0148307036847930e-10,1.2077897070495239e-05,1.2028946130756886e-05,4.8950939738352575e-08,3.3796388456964224e-11,0
6769,6.2058508664972483e-10,-9.1609967307944989e-06,-9.1188245923280314e-06,-4.2172138466467542e-08,7.4844746359015265e-11,0
6770,4.2172487667120073e-10,-1.8526354032518712e-04,-1.8522207696905634e-04,-4.1463356130775958e-08,2.6141405977603420e-11,0
6771,-8.7540841533345408e-11,-3.7126686575144133e-05,-3.7083716836674835e-05,-4.2969738469298151e-08,7.0593872268511484e-11,0
6772,-1.0197543819951069e-10,1.5735139738341786e-05,1.5772525063662105e-05,-3.7385325320319777e-08,2.3100604548462040e-11,0
6773,5.9929316350477172e-10,-4.9644365741115942e-06,-4.9178691466817697e-06,-4.6567427429824549e-08,4.2305539573396215e-11,0
6774,1.2767901865543254e-10,6.9929237074549703e-06,6.9808154215632067e-06,1.2108285891763639e-08,4.1189502462830215e-11,0
6775,-1.9886021089022295e-10,-1.7610263573553965e-04,-1.7610655533854133e-04,3.9196030016781184e-09,2.5913584503730984e-11,0
6776,-7.2256052677378129e-10,2.4896129895844461e-05,2.4888053382939199e-05,8.0765129052617012e-09,3.7382543218662208e-11,0
6777,-2.1291923302545710e-11,4.1965041881814784e-06,4.1976215604519104e-06,-1.1173722704319928e-09,4.3945137477917859e-11,0
6779,-5.2370031580296492e-10,2.0099868843412858e-04,2.0099580796954507e-04,2.8804645835157818e-09,1.2543912871897763e-11,0
6780,1.7756828752928350e-10,1.8029910004945730e-04,1.8030253620099557e-04,-3.4361515382727061e-09,1.6681844818460719e-11,0
6781,-2.9404585853750781e-10,1.9225641088868942e-04,1.9220495631284943e-04,5.1454575839985977e-08,3.3691247270385410e-11,0
6782,7.0812592991128775e-10,2.7965903157274249e-05,2.7974197887280557e-05,-8.2947300063075722e-09,9.9875027438833494e-11,0
6783,5.0926571914437368e-10,-1.4813662564145682e-04,-1.4813362400995444e-04,-3.0016315023806417e-09,5.1705762722768238e-11,0
6784,-1.4434596603422325e-11,5.2862028859136201e-05,5.2860999236089317e-05,1.0296230468833387e-09,4.7670383194838022e-11,0
6785,6.8683400663242858e-10,3.2162385079365389e-05,3.2169585298163597e-05,-7.2002187982077000e-09,6.4248901715504267e-11,0
6786,2.1521986063999290e-10,4.4119681715465778e-05,4.4069266839096461e-05,5.0414876369317104e-08,8.3644168967623922e-11,0
6787,7.0126860329877505e-10,-2.0699550083669912e-05,-2.0691130011067391e-05,-8.4200726025205437e-09,2.8279487656342376e-11,0
6788,2.2965445725966837e-10,-8.7422673351149338e-06,-8.7903172725759302e-06,4.8049937460996404e-08,3.2075971615186553e-11,0
6789,-4.7161414616802364e-10,1.1957269277282703e-05,1.1897345922279311e-05,5.9923355003392543e-08,5.6118118736846313e-11,0
6790,4.3823551871796991e-10,3.5327989643361979e-06,3.5297140847226344e-06,3.0848796135634712e-09,4.3172815359020640e-11,0
6791,3.4994815768241759e-11,5.5961339747358924e-06,5.6038621330856524e-06,-7.7281583497600397e-09,4.5240780538754166e-11,0
6793,3.7969442392282408e-10,-1.8017251872042700e-04,-1.8017241591000406e-04,-1.0281042293544540e-10,2.7548034405113725e-11,0
6794,6.4890674100350524e-11,2.0824122142170526e-05,2.0820663392950725e-05,3.4587492198010470e-09,1.5991831186282274e-11,0
6795,6.1243075278119996e-10,-2.6698447189478502e-06,-2.6865583432510911e-06,1.6713624303240825e-08,2.4598535316047089e-11,0
6797,3.4469960787390432e-10,-1.8576888162791054e-04,-1.8577516075077999e-04,6.2791228694434459e-09,7.9999046140817354e-11,0
6798,2.9895857993269530e-11,1.5227944258953616e-05,1.5221208086503724e-05,6.7361724498920243e-09,3.8884125127677747e-11,0
6799,5.7743593664519039e-10,-8.2660324020981946e-06,-8.2901228979280982e-06,2.4090495829903660e-08,6.7503919562191268e-11,0
6803,-3.1480374988302601e-10,2.0099668970734175e-04,2.0099770640348214e-04,-1.0166961403898587e-09,1.4559084806510119e-11,0
6804,2.3273632877036278e-10,1.7750269549205062e-04,1.7748940714099683e-04,1.3288351053796898e-08,1.6597886655849578e-11,0
6805,5.4754007866931217e-10,-2.3493986881506501e-05,-2.3508690916795120e-05,1.4704035288618395e-08,1.3767071220856555e-11,0
6806,-1.8090763152116075e-11,6.9736045653053316e-06,6.9799251220087170e-06,-6.3205567033853427e-09,1.9235369117643477e-11,0
6807,-2.4599588888552878e-10,5.5783983031135881e-06,5.6012835814916557e-06,-2.2885278378067636e-08,2.2308413243846899e-11,0
6809,2.7544080322197982e-10,-1.8019144310281801e-04,-1.8017326364246490e-04,-1.8179460353111646e-08,1.6676701544688746e-11,0
6810,9.7748262587926611e-11,-3.2026305335047713e-05,-3.2041164454204907e-05,1.4859119157193323e-08,4.5080599636253244e-11,0
6811,6.0697655940975647e-10,1.1732915321293128e-07,1.3038253118217956e-07,-1.3053377969248283e-08,2.8261874086767770e-11,0
6813,5.2143669223823230e-10,-1.8576993103281108e-04,-1.8577343980136213e-04,3.5087685510445769e-09,1.1081640268591168e-11,0
6814,3.4374415203296032e-10,-3.7604766968499237e-05,-3.7628832163354338e-05,2.4065194855101002e-08,3.5389878984761680e-11,0
6815,8.5297244825696373e-10,-5.4611775885914093e-06,-5.4736301628995443e-06,1.2452574308134918e-08,4.4323898470678787e-11,0
6818,3.3153575599554990e-10,1.8030878206657872e-04,1.8030364958342764e-04,5.1324831510746270e-09,1.4051314662870239e-11,0
6820,1.7769254074295029e-10,-1.4816532614771172e-04,-1.4813632877124319e-04,-2.8997376468531053e-08,5.4049603768988418e-11,0
6822,9.3113452736955220e-11,3.5267747809733258e-06,3.5265766785478653e-06,1.9810242546053231e-10,4.6091723074304263e-11,0
6823,-1.3826628881623898e-10,5.5898847066988139e-06,5.6022394190893089e-06,-1.2354712390495021e-08,1.7609333337479202e-11,0
6824,3.2996205597094840e-10,-1.8017451251348021e-04,-1.8017267066474413e-04,-1.8418487360825388e-09,1.5407036247121701e-11,0
6825,7.3011490629935992e-11,-3.2036445195596144e-05,-3.2041418194793485e-05,4.9729991973416804e-09,4.8367743853093602e-11,0
6826,1.1087567337605264e-10,2.0832674713817945e-05,2.0821271184776159e-05,1.1403529041785829e-08,1.6530473412668276e-11,0
6827,5.9497385068941859e-10,-2.6378496761521320e-06,-2.6867761863571155e-06,4.8926510204983556e-08,4.7008216648760577e-11,0
6828,4.6822834494196616e-10,-1.8576437470799265e-04,-1.8577381226776534e-04,9.4375597726819270e-09,3.5630127841835196e-11,0
6829,2.1127777983515563e-10,-3.7626456477807615e-05,-3.7629996795932994e-05,3.5403181253786434e-09,3.6961594930213619e-11,0
6830,2.4914196260307000e-10,1.5242795674524912e-05,1.5223490107899377e-05,1.9305566625534720e-08,2.2156987948286998e-11,0
6832,-2.1908638260131849e-10,2.0100720123798418e-04,2.0099857575906963e-04,8.6254789145564018e-09,1.5450930716113830e-11,0
6833,2.6501179471985004e-10,1.7753670217802477e-04,1.7748945384201271e-04,4.7248336012054287e-08,1.7138937538945956e-11,0
6834,2.5695056542934961e-10,-1.4813803298523555e-04,-1.4813548647084080e-04,-2.5465143947515922e-09,5.0815432737041900e-11,0
6835,3.7864182739357176e-11,5.2869036193936830e-05,5.2861897964529991e-05,7.1382294068383727e-09,7.1838573024278324e-11,0
6837,4.8409817753067280e-10,-2.3470487186700965e-05,-2.3509523025469863e-05,3.9035838768897282e-08,4.0232209638837379e-11,0
6839,5.5930391639668992e-11,6.9873240408366635e-06,6.9808866342708116e-06,6.4374065658519004e-09,2.6432225319422726e-11,0
6840,2.6870260905803790e-10,3.5309917384073949e-06,3.5281729094399653e-06,2.8188289674296860e-09,5.7977978394682359e-11,0
6842,3.8939748250119384e-11,1.5768264919298509e-05,1.5774863474602460e-05,-6.5985553039501685e-09,7.5371625049521502e-12,0
6844,5.2208665066287267e-11,6.9787651333752098e-06,6.9811414081928171e-06,-2.3762748176073227e-09,1.4015543171263479e-11,0
6848,6.5192081738013774e-10,-2.0696434777739154e-05,-2.0692214084697911e-05,-4.2206930412431922e-09,1.0593321791125154e-11,0
6849,1.3268916706729263e-11,-8.7894395134442346e-06,-8.7922790403252546e-06,2.8395268810199511e-09,7.4915945583191584e-12,0
6850,-6.3865190022295852e-10,1.1907085165767470e-05,1.1896464948834791e-05,1.0620216932679004e-08,6.2212067133926159e-11,0
6851,8.8800681639195916e-10,-4.9358313080776796e-06,-4.9148149660214717e-06,-2.1016342056207919e-08,2.8145261772218424e-11,0
6852,-6.0874062699457500e-11,6.9620498103087694e-06,6.9802208241751722e-06,-1.8171013866402770e-08,1.4753253510426012e-11,0
6853,-9.4888087961132988e-10,1.1897827819358931e-05,1.1893712410818541e-05,4.1154085403905877e-09,2.4587282738720193e-11,0
6854,-2.1660011874596348e-10,6.0737938633401850e-06,6.0440368536477581e-06,2.9757009692426908e-08,4.8027892382545409e-11,0
6855,-1.2762455680164088e-09,-3.1165028219716159e-06,-3.0857765847549896e-06,-3.0726237216626313e-08,2.2578747149072944e-11,0
6857,-8.4199682126679794e-10,-1.8330371410375107e-04,-1.8326729085902903e-04,-3.6423244722036527e-08,1.6310734415618259e-11,0
6858,-1.2856434987414333e-09,-3.5160474714016586e-05,-3.5117820893303077e-05,-4.2653820713509441e-08,6.7412008773439967e-11,0
6859,-1.2748796680551381e-09,1.7703721507530794e-05,1.7736254531578669e-05,-3.2533024047875624e-08,1.6766959371633822e-11,0
6860,-5.6835260149104962e-10,-5.8154850159260196e-06,-5.7674717542732046e-06,-4.8013261652815004e-08,1.2448506663442553e-11,0
6862,4.3424874716984500e-10,-1.8018722212265192e-04,-1.8017142326859654e-04,-1.5798854055380914e-08,1.0829197993187305e-11,0
6863,-9.3979305982825134e-12,-3.2044018738118865e-05,-3.2042256127095027e-05,-1.7626110238386098e-09,5.6722070948431459e-11,0
6864,1.3659001772517298e-12,2.0820199694516301e-05,2.0820563501005359e-05,-3.6380648905758040e-10,1.3008806858246989e-11,0
6865,7.0789296746329878e-10,-2.6990324666336524e-06,-2.6858393911037467e-06,-1.3193075529905623e-08,1.1518156647473332e-11,0
6870,2.7364422145686072e-10,1.7748822174276895e-04,1.7748915809056179e-04,-9.3634779283987592e-10,7.5782614820767839e-12,0
6872,4.4364667789398132e-10,-1.4814327078783648e-04,-1.4813341472896767e-04,-9.8560588688179507e-09,4.6784267458964052e-11,0
6873,1.0763830820126742e-11,5.2864068783958361e-05,5.2862019222949062e-05,2.0495610092994068e-09,6.2826639899956024e-11,0
6874,7.1729089839718607e-10,2.9345072357616492e-05,2.9350703576242367e-05,-5.6312186258751355e-09,6.1806696715028373e-11,0
6875,7.0652706752718473e-10,-2.3519204639717989e-05,-2.3507888366417335e-05,-1.1316273300653767e-08,9.5687783626635938e-12,0
6876,-3.1867120094206398e-11,6.9763151673320201e-06,6.9807420642339412e-06,-4.4268969019211691e-09,1.8405421032060927e-11,0
6877,-2.3181719368543012e-10,1.5178638107425646e-05,1.5219715202278976e-05,-4.1077094853330255e-08,1.7407425969447026e-11,0
6878,4.0498479719910918e-10,-5.5256162580195889e-06,-5.4777029278937996e-06,-4.7913330125789336e-08,3.3050858624352478e-11,0
6879,6.3680199159106473e-10,-2.0704277129341038e-05,-2.0692633503949065e-05,-1.1643625391973163e-08,1.9448336479558436e-11,0
6880,6.5404010062043525e-11,5.0625238828348046e-06,5.0455129847518628e-06,1.7010898082941830e-08,1.9001054167758972e-11,0
6882,4.3947176571329246e-10,-1.8017441107754924e-04,-1.8017115977155102e-04,-3.2513059982210244e-09,1.2739286565004091e-11,0
6883,-9.2652859476038222e-13,-3.2040618245315075e-05,-3.2042243174030495e-05,1.6249287154200347e-09,4.1184227135272721e-11,0
6884,-7.9614673186553362e-12,2.0822698415088117e-05,2.0820686413723350e-05,2.0120013647670712e-09,1.0574077647034118e-11,0
6885,6.1324168398148300e-10,1.2557821320660634e-07,1.3029966307357372e-07,-4.7214498669673852e-09,2.7121602441588211e-11,0
6886,1.8771887362249985e-10,1.2062137885002211e-05,1.2029532108741256e-05,3.2605776260954866e-08,1.9071477597030630e-11,0
6888,3.7406775512688802e-10,-1.8523698867726167e-04,-1.8522087452554542e-04,-1.6114151716245051e-08,2.5625091786876282e-11,0
6889,-6.6330538700955829e-11,-3.7103205422923599e-05,-3.7082833844936860e-05,-2.0371577986739563e-08,7.3166679626684808e-11,0
6890,-7.3365477477872290e-11,1.5760109270918782e-05,1.5774529438494139e-05,-1.4420167575357522e-08,1.9978208168510971e-11,0
6891,5.4783767297401013e-10,-4.9370292366512913e-06,-4.9176962875302538e-06,-1.9332949121037572e-08,3.5918882608786983e-11,0
6892,1.2231486329100432e-10,6.9995841374837636e-06,6.9824361783104901e-06,1.7147959173273532e-08,2.1716035350526243e-11,0
6897,-4.4743323302089383e-10,2.0099712222036107e-04,2.0099649787649150e-04,6.2434386957285759e-10,1.0846161766897420e-11,0
6898,1.7376991825503315e-10,1.8030000337289874e-04,1.8030150620881313e-04,-1.5028359143882866e-09,1.8038984103247009e-11,0
6899,-2.5175289208772315e-10,1.9223655173790551e-04,1.9220516279213766e-04,3.1388945767845799e-08,2.4078408761352375e-11,0
6901,4.4039829439847292e-10,-1.4813370821709342e-04,-1.4813317398910890e-04,-5.3422798452248781e-10,5.9766011922962824e-11,0
6902,-7.0349387140605073e-12,5.2863369668892284e-05,5.2862122695305267e-05,1.2469735870168273e-09,5.3581601689153931e-11,0
6903,6.1416821274025576e-10,3.2166135670823673e-05,3.2168956281850616e-05,-2.8206110269429676e-09,6.0634184702765721e-11,0
6904,1.8864540225408766e-10,4.4102722744864681e-05,4.4069983741912984e-05,3.2739002951696938e-08,5.5707160153433295e-11,0
6905,6.2120315146457875e-10,-2.0697154009552583e-05,-2.0692906139991937e-05,-4.2478695606466615e-09,2.4625986124119998e-11,0
6906,1.9568034096927494e-10,-8.7605568016829033e-06,-8.7906173267619499e-06,3.0060525079046588e-08,1.8660068634308616e-11,0
6907,-4.2552281022577440e-10,1.1936597977987157e-05,1.1898816587383390e-05,3.7781390603766274e-08,3.3281088180914780e-11,0
6908,-1.6720391533673837e-09,3.5120074733004103e-06,3.5105301801298077e-06,1.4772931706026112e-09,4.0160382004929623e-11,0
6909,1.1372912938312475e-10,-2.2518500547462003e-06,-2.2384313394451415e-06,-1.3418715301058771e-08,5.7589609373478417e-11,0
6910,1.7857682923470244e-09,-5.7637443177855664e-06,-5.7460911474490953e-06,-1.7653170336471147e-08,8.4342937275421649e-12,0
6911,-8.5675782613278869e-11,5.5889062022128257e-06,5.6025634572479336e-06,-1.3657255035107848e-08,3.2689885263356572e-11,0
6912,3.0491046820773061e-10,-1.8018714325662363e-04,-1.8017226035409577e-04,-1.4882902527865510e-08,2.2242635744924646e-11,0
6913,1.4919423624981381e-10,2.0838098000761172e-05,2.0822233027371804e-05,1.5864973389367518e-08,2.8862291503515035e-11,0
6914,3.9058625097435159e-10,-1.8577607447489881e-04,-1.8577378896408314e-04,-2.2855108156776081e-09,4.4167299656795875e-11,0
6915,2.3487001911576825e-10,1.5249217125349115e-05,1.5224294467732511e-05,2.4922657616604295e-08,4.7305052822827345e-11,0
6916,-1.5571623128783247e-10,2.0102520025651500e-04,2.0099914930532566e-04,2.6050951189342470e-08,2.5666599429285385e-11,0
6918,7.2332489625923300e-10,-5.7509021901980956e-06,-5.7557648906942158e-06,4.8627004961202788e-09,2.0747434015185189e-11,0
6921,-5.1660891636334757e-10,3.5178527670251536e-06,3.5210338665567735e-06,-3.1810995316198697e-09,4.2486955850644851e-11,0
6922,4.8141756952451529e-10,-3.6250489290261343e-06,-3.6270261228977091e-06,1.9771938715747777e-09,5.3536465365269379e-11,0
6923,6.0769786082763345e-10,5.7884169024722404e-07,5.8081808553198103e-07,-1.9763952847569862e-09,6.0053043836664026e-11,0
6924,6.0771115962590143e-10,-2.2316430728832465e-06,-2.2339143976863520e-06,2.2713248031055192e-09,2.4259536079534989e-11,0
6925,9.9802648746561807e-10,-7.1429200378201468e-06,-7.1426850879483263e-06,-2.3494987182057442e-10,1.4859549584839016e-11,0
6926,1.1243067788023191e-09,-2.9390534913333044e-06,-2.9393403776833279e-06,2.8688635002354539e-10,1.5075013416731368e-11,0
6927,1.1243200775943109e-09,-5.7495127760449211e-06,-5.7521299684768252e-06,2.6171924319040962e-09,5.6640955473249265e-12,0
6928,1.2628029130145563e-10,4.2038290303065759e-06,4.1994775028746904e-06,4.3515274318855194e-09,1.6772758735144685e-11,0
6929,1.2629359010001506e-10,1.3934340945057078e-06,1.3886470254285592e-06,4.7870690771485423e-09,7.1544361410291376e-12,0
6931,-2.5844777076461894e-10,5.0185320247218834e-06,5.0423118080721838e-06,-2.3779783350300347e-08,3.7708410137431275e-11,0
6932,-2.8032702926361298e-12,-3.2051451892797875e-05,-3.2042347622763436e-05,-9.1042700344395920e-09,4.7693461875081705e-11,0
6933,-3.8674100079885319e-11,2.0805556758878192e-05,2.0820690564803878e-05,-1.5133805925685663e-08,1.6785252561664803e-11,0
6934,-2.5835920274968901e-10,1.1999507571407164e-05,1.2025720590010937e-05,-2.6213018603772983e-08,3.2755009645085440e-11,0
6935,2.5564450087110385e-10,-3.7069847274355527e-05,-3.7079670383229094e-05,9.8231088735669585e-09,7.8947404994431101e-11,0
6936,2.1977367109773955e-10,1.5787036955533865e-05,1.5777791938708108e-05,9.2450168257568357e-09,4.4207460559401759e-11,0
6937,8.8568063502396326e-14,6.9810390875223692e-06,6.9818970912973540e-06,-8.5800377498483209e-10,1.8357950788786146e-11,0
6938,-3.5870829786896763e-11,5.2857002929054906e-05,5.2862222445164166e-05,-5.2195161092600845e-09,5.0378001744169524e-11,0
6939,-2.5555593251063891e-10,4.4050851993946219e-05,4.4066274045061818e-05,-1.5422051115599183e-08,6.5890253435717596e-11,0
6940,-2.1968510279978452e-10,-8.8060488932558550e-06,-8.7943902820166037e-06,-1.1658611239251368e-08,3.3475650469349595e-11,0
6941,-7.5990394470318302e-10,-3.0923106833606606e-06,-3.0810060158087023e-06,-1.1304667551958317e-08,3.1724805394969175e-11,0
6942,-1.5698553363913275e-10,-7.1715586966013961e-06,-7.1532444551919719e-06,-1.8314241409424163e-08,4.0599547821226926e-11,0
6943,-3.0401312047462632e-10,-1.8327175602539728e-04,-1.8326172543717937e-04,-1.0030588217907173e-08,2.2480685911031185e-11,0
6944,-8.1314448364732857e-10,1.7728423964359988e-05,1.7741252828412034e-05,-1.2828864052045726e-08,2.0629380179520163e-11,0
6945,-1.6755265771406652e-10,-5.7851161493569642e-06,-5.7638856357248142e-06,-2.1230513632149947e-08,1.6279972956247563e-11,0
6946,6.0291841182484395e-10,-4.0792189322904140e-06,-4.0695508329418535e-06,-9.6680993485605092e-09,3.3535795924545300e-11,0
6947,4.5589082469282671e-10,-1.8017946973120699e-04,-1.8017059381289765e-04,-8.8759183093374116e-09,1.6369257168360867e-11,0
6948,-5.3240538875780681e-11,2.0820733081669540e-05,2.0820675460414852e-05,5.7621254688104478e-11,1.1698072132340585e-11,0
6949,5.9235128770439759e-10,-2.6928340076184942e-06,-2.6870793788660611e-06,-5.7546287524330931e-09,1.0685006366373806e-11,0
6950,-1.4702758759693018e-10,-1.7610022180895532e-04,-1.7610395978362041e-04,3.7379746650940439e-09,1.8835912113147669e-11,0
6951,-6.5615895177431308e-10,2.4899881119189865e-05,2.4890737224431608e-05,9.1438947582569378e-09,2.3694873926264978e-11,0
6952,-1.0567124198949994e-11,1.3864447685503077e-06,1.3874552817630993e-06,-1.0105132127916056e-09,1.3260374969213799e-11,0
6953,-5.0913136401986465e-10,2.0100018297276173e-04,2.0099593534168229e-04,4.2476310794419339e-09,1.2568094808000889e-11,0
6954,1.3646046329062448e-10,1.7748664880996422e-04,1.7748712003264188e-04,-4.7122267765879917e-10,7.3959059607548281e-12,0
6955,6.4559182702155952e-10,-2.3513523326135211e-05,-2.3509261068939868e-05,-4.2622571953426270e-09,1.0502939497587130e-11,0
6956,8.7752917028737515e-10,-5.5039508829075878e-06,-5.4734074212677942e-06,-3.0543461639793594e-08,2.5024884602778099e-11,0
6957,4.4354120930311631e-11,5.5947930082699861e-06,5.6036447555251704e-06,-8.8517472551843596e-09,1.2803839344995527e-11,0
6958,7.3006379790660184e-10,-4.0684450580029050e-06,-4.0684756837555814e-06,3.0625752676466346e-11,2.1142949870209644e-11,0
6959,3.5586076337448214e-10,-1.8017727511940307e-04,-1.8017137981511606e-04,-5.8953042870036991e-09,9.8517066405102075e-12,0
6960,5.3719897163114461e-11,-3.2039277852540112e-05,-3.2041906544056220e-05,2.6286915161079553e-09,3.3441390185385119e-11,0
6961,9.1647673130181952e-11,2.0827497184937056e-05,2.0822111194864980e-05,5.3859900720759223e-09,8.7437672384330137e-12,0
6962,6.5678472846584503e-10,1.2525628291396116e-07,1.3057226185328917e-07,-5.3159789393280054e-09,2.1672491991586725e-11,0
6963,6.5677411165986922e-10,-2.6854125426738424e-06,-2.6865306964857031e-06,1.1181538118607210e-09,8.0360096456907436e-12,0
6964,6.8570967674466526e-10,-9.6632701252548792e-06,-9.6661205187890914e-06,2.8503935342121905e-09,1.8091647538972088e-11,0
6965,3.1150664227601555e-10,-1.8577210306847287e-04,-1.8577403091301107e-04,1.9278445381959788e-09,8.4249360438327736e-12,0
6966,9.3657760310955483e-12,-3.7634135186937314e-05,-3.7631403160409258e-05,-2.7320265280554958e-09,3.0448492878076943e-11,0
6967,4.7293551975894749e-11,1.5232675579038356e-05,1.5223200285406884e-05,9.4752936314712426e-09,1.2153878251591902e-11,0
6968,6.1243060732441291e-10,-5.4695658344159140e-06,-5.4758174010490221e-06,6.2515666331081153e-09,2.1170594543301180e-11,0
6969,6.1241999051437906e-10,-8.2802357598509273e-06,-8.2897372817101927e-06,9.5015218592653578e-09,7.6232238872032236e-12,0
6970,-3.7420303442187984e-10,-1.7610881993663195e-04,-1.7610581974543754e-04,-3.0001911944111791e-09,1.1233135686753548e-11,0
6971,-6.3841612475986539e-10,2.4895980316689951e-05,2.4891099479036028e-05,4.8808376539234049e-09,1.9562479467540697e-11,0
6972,-7.3279069410766974e-11,4.1937504522515483e-06,4.1977759199008080e-06,-4.0254676492596856e-09,2.2083804483829697e-11,0
6973,-7.3289686221605537e-11,1.3830639832308061e-06,1.3869355958011550e-06,-3.8716125703488065e-09,8.2315329974321905e-12,0
6974,-2.6421309009568688e-10,2.0100480871463808e-04,2.0099816133399470e-04,6.6473806433820816e-09,1.0566034266664717e-11,0
6975,3.0092396523063369e-10,1.8030253483351018e-04,1.8030203707223555e-04,4.9776127463525485e-10,1.1389764755781293e-11,0
6976,3.0091334841952646e-10,1.7749187282593490e-04,1.7748846083560246e-04,3.4119903324404417e-09,4.4739313527363463e-12,0
6977,6.7634390073404097e-10,2.7970827206729321e-05,2.7973395925018514e-05,-2.5687182891923055e-09,5.8647278459843162e-11,0
6978,3.0214086622098303e-10,-1.4813800351888475e-04,-1.4813375517295366e-04,-4.2483459310952831e-09,4.6932239074806389e-11,0
6979,3.7927775961269291e-11,5.2866779926755928e-05,5.2863194628230103e-05,3.5852985258254385e-09,4.1979690088203602e-11,0
6980,6.0306483129807695e-10,3.2164513452842308e-05,3.2168875165742719e-05,-4.3617129004107770e-09,8.3316895978608303e-11,0
6981,6.0305421449107254e-10,2.9353965381746794e-05,2.9349629432671582e-05,4.3359490752114106e-09,4.3708684238003721e-11,0
6982,5.6513705534274289e-10,-2.0702233379470527e-05,-2.0694074041156539e-05,-8.1593383139873536e-09,2.0899731813718545e-11,0
6983,5.6512643853423229e-10,-2.3512907804452759e-05,-2.3510152167104462e-05,-2.7556373482975210e-09,9.2348840961602424e-12,0
6985,5.7340274687098968e-11,3.5276132917421744e-06,3.5262514747989087e-06,1.3618169432657138e-09,4.1152251837214787e-11,0
6986,5.3150893410178720e-11,6.9875150796243173e-06,6.9830084479855183e-06,4.5066316387989367e-09,2.2903202655423479e-11,0
6987,-1.8521662409977879e-10,5.5821907277292526e-06,5.6015371894175921e-06,-1.9346461688339470e-08,2.9597788152293007e-11,0
6988,7.4711032333971639e-10,-4.0541199620267206e-06,-4.0683765496444119e-06,1.4256587617691343e-08,3.0749897091187992e-11,0
6989,3.2906696737047604e-10,-1.8018463105183482e-04,-1.8017153805018234e-04,-1.3093001652482450e-08,1.3402547698561358e-11,0
6990,9.0760938905165201e-11,-3.2030881614347230e-05,-3.2041595121397482e-05,1.0713507050251643e-08,5.4849084642458022e-11,0
6991,1.4580975811488235e-10,2.0865820051232768e-05,2.0822685623273902e-05,4.3134427958865974e-08,9.3571221731880940e-12,0
6992,9.3232694753202939e-10,-9.6364713248683898e-06,-9.6639046099670940e-06,2.7433285098704200e-08,3.7110246602585329e-11,0
6993,5.1428359169764983e-10,-1.8576676306513866e-04,-1.8577209000412645e-04,5.3269389877885071e-09,1.2451928162343282e-11,0
6994,2.7597756362029187e-10,-3.7613036120315649e-05,-3.7628944767265871e-05,1.5908646950222260e-08,3.7203544850424506e-11,0
6995,3.3102638284389880e-10,1.5283787112496325e-05,1.5225904556933111e-05,5.7882555563213637e-08,1.4309564635718448e-11,0
6996,-4.1804335602470720e-10,-1.7613043688414001e-04,-1.7610607629155417e-04,-2.4360592585845591e-08,1.5576232203670232e-11,0
6997,-6.0130056545787385e-10,2.4920082598880533e-05,2.4891575928327855e-05,2.8506670552678489e-08,2.4880153877880309e-11,0
6998,-1.8325720887722161e-10,2.0105054205005364e-04,2.0099889694191376e-04,5.1645108139884320e-08,1.6223537898491652e-11,0
7000,2.3830602857239785e-10,-1.4815378157503022e-04,-1.4813422870391113e-04,-1.9552871119085657e-08,5.9111190846191891e-11,0
7001,5.5048819201831827e-11,5.2896731830205570e-05,5.2863455071097516e-05,3.3276759108053704e-08,3.3201830304318703e-11,0
7003,-7.9305399887850868e-11,5.5905334736296164e-06,5.6024665166152773e-06,-1.1933042985660952e-08,1.7241328043169594e-11,0
7004,3.6556723866431860e-10,-1.8017137097279395e-04,-1.8017106755964984e-04,-3.0341314411017756e-10,1.8327099656983916e-11,0
7005,6.4566068236503107e-11,-3.2037687578695320e-05,-3.2041874375163765e-05,4.1867964684454942e-09,5.2662934397066446e-11,0
7006,4.4487263872710434e-10,-1.8576188562548744e-04,-1.8577256252680252e-04,1.0676901315078173e-08,3.3783372229748110e-11,0
7007,1.4387146846317755e-10,-3.7628191792002039e-05,-3.7630089316131684e-05,1.8975241296450120e-09,3.5436677053245439e-11,0
7008,3.0100117050128617e-10,-1.4813370211657706e-04,-1.4813348525361683e-04,-2.1686296023380215e-10,5.6459656583767324e-11,0
7009,-3.0105298535749936e-10,2.0263282347401934e-06,1.9751604709734371e-06,5.1167763766756339e-08,1.0530250812380098e-11,0
7010,4.3583533560215318e-10,-7.1469955269330004e-06,-7.1480430321766244e-06,1.0475052436239619e-09,7.3582943592956605e-12,0
7012,5.0167130142645124e-10,-2.9453321778900865e-06,-2.9450244273212131e-06,-3.0775056887344013e-10,6.9464402238623312e-12,0
7013,5.0167706824933277e-10,-5.7559256239052975e-06,-5.7578385381890256e-06,1.9129142837280631e-09,2.7651447911410588e-12,0
7014,-3.8385674278328638e-10,8.9600945358692813e-06,8.9522801618294436e-06,7.8143740398376534e-09,6.9460829219641509e-12,0
7015,7.3688831782063757e-10,-9.1733532639887150e-06,-9.1174163685750475e-06,-5.5936895413667462e-08,2.2150895880031901e-11,0
7017,8.0272428352391642e-10,-4.9716301675417282e-06,-4.9147678597575468e-06,-5.6862307784181407e-08,2.1803144838658546e-11,0
7018,8.0273005034991114e-10,-7.7822392027891013e-06,-7.7347034536105824e-06,-4.7535749178518916e-08,8.5711082615306724e-12,0
7019,-8.2803757278545244e-11,6.9337758510758588e-06,6.9821646663155522e-06,-4.8388815239693398e-08,1.1380968407249511e-11,0
7021,6.5835965768489052e-11,4.2016710717668500e-06,4.1991662654731995e-06,2.5048062936504866e-09,9.9388396783736350e-12,0
7022,6.5841732590597620e-11,1.3910851576698705e-06,1.3883153372314894e-06,2.7698204383810547e-09,4.2558680571977527e-12,0
7023,-8.1969207676474861e-10,1.6107117474947318e-05,1.6095419535095646e-05,1.1697939851671796e-08,1.6959794563976400e-11,0
7028,-8.8552804198306346e-10,1.1905418689496039e-05,1.1895638373806887e-05,9.7803156891520973e-09,1.5215864513728391e-11,0
7029,-8.8553380880431017e-10,1.4716023379685868e-05,1.4711828795889740e-05,4.1945837961282142e-09,6.2807495676494134e-12,0
7030,-1.0488731117388861e-10,5.0534562087271341e-06,5.0431551218164978e-06,1.0301086910636282e-08,8.2206653857974330e-12,0
7031,4.8849456251582122e-10,-4.0811154121654647e-06,-4.0709255772202169e-06,-1.0189834945247788e-08,1.3609526276287058e-11,0
7032,4.5841034434964605e-10,-1.8017518415859623e-04,-1.8017005953727624e-04,-5.1246213199883112e-09,5.0788822025478216e-12,0
7033,-4.0458446287939325e-11,-3.2045288359499983e-05,-3.2042877759696818e-05,-2.4105998031653049e-09,2.3127999152645138e-11,0
7034,-8.2551449856813949e-11,2.0817968866841154e-05,2.0820900700366281e-05,-2.9318335251275708e-09,4.2381008850270894e-12,0
7035,5.0732020692241484e-10,1.1704799519722531e-07,1.2912497333657354e-07,-1.2076978139348232e-08,1.1733744170685512e-11,0
7036,5.0732022911420025e-10,-2.6936671427280068e-06,-2.6880056356279734e-06,-5.6615071000333467e-09,4.5254096383017686e-12,0
7037,-7.6919389863054628e-11,1.2030756905701315e-05,1.2027893689062566e-05,2.8632166387492197e-09,8.2099630562385926e-12,0
7038,5.9338187330108926e-10,-9.1346335369200254e-06,-9.1186985321469626e-06,-1.5935004773062888e-08,4.7426680748421749e-11,0
7039,5.6329765520867038e-10,-1.8522865873442851e-04,-1.8521738927684825e-04,-1.1269457580255536e-08,1.7243110896865589e-11,0
7040,6.4428864798137611e-11,-3.7098735468440655e-05,-3.7080900401628091e-05,-1.7835066812563790e-08,4.3544841608073343e-11,0
7041,2.2335861237710472e-11,1.5764499348859713e-05,1.5777281642482497e-05,-1.2782293622783667e-08,7.5239184132618285e-12,0
7042,6.1220751771275597e-10,-4.9363504397818836e-06,-4.9164198391475334e-06,-1.9930600634350227e-08,4.9810031144358474e-11,0
7043,6.1220753990649250e-10,-7.7471331940640736e-06,-7.7363647723834313e-06,-1.0768421680642297e-08,1.5988095077746913e-11,0
7044,2.7967921273917412e-11,6.9772645601966915e-06,6.9833800265651617e-06,-6.1154663684701534e-09,1.1660256559641604e-11,0
7045,-3.0084218339245781e-11,-1.7609404469100861e-04,-1.7610204583177401e-04,8.0011407653968365e-09,7.3060244755627819e-12,0
7046,-5.7104601307292419e-10,2.4899107788820072e-05,2.4892344129619452e-05,6.7636592006198337e-09,9.9446416435265710e-12,0
7047,1.8825644395934030e-11,4.1981843507839494e-06,4.1987869749766975e-06,-6.0262419274809912e-10,1.2567217522739540e-11,0
7048,1.8825666588819982e-11,1.3874890184499122e-06,1.3879318822888320e-06,-4.4286383891983282e-10,5.1462514646301301e-12,0
7049,-5.6541395318038572e-10,1.6111930680073883e-05,1.6097907702206810e-05,1.4022977867072915e-08,4.8037536537065975e-11,0
7050,-5.4096179427160336e-10,2.0099315197657543e-04,2.0099564394966273e-04,-2.4919730873002727e-09,4.7287958076325367e-12,0
7051,4.8909862593595122e-11,1.8029222439793803e-04,1.8029929696842907e-04,-7.0725704910408038e-09,5.7026825182267272e-12,0
7052,4.8909884784225944e-11,1.7748151748899757e-04,1.7748568486665908e-04,-4.1673776615170927e-09,2.4731175475597268e-12,0
7053,-5.3532973429242423e-10,1.9220594983116509e-04,1.9220239280808241e-04,3.5570230826813352e-09,1.7691579643942054e-11,0
7054,5.2895300918665004e-10,2.7964095257162081e-05,2.7971913850878200e-05,-7.8185937161190865e-09,4.9600421019021896e-11,0
7055,4.9886879092609419e-10,-1.4813000633367122e-04,-1.4813148129057854e-04,1.4749569073155451e-09,2.5379426928181086e-11,0
7056,-4.2093003572729473e-11,5.2863227483008340e-05,5.2862943696264528e-05,2.8378674381274041e-10,2.1055369886383091e-11,0
7057,5.4777865359007980e-10,3.2162387562041346e-05,3.2168386817044576e-05,-5.9992550032297084e-09,4.4490559058788798e-11,0
7058,5.4777867578177412e-10,2.9351568146436090e-05,2.9349108641717059e-05,2.4595047190319067e-09,2.6293548049137734e-11,0
7059,-3.6460943637719718e-11,4.4075948034898171e-05,4.4068971635095805e-05,6.9763998023660814e-09,4.1882794037050407e-11,0
7060,5.8987165733244262e-10,-2.0700948862057924e-05,-2.0694322129419387e-05,-6.6267326385375386e-09,1.0822711608564789e-11,0
7061,5.8987167952404213e-10,-2.3511639613733518e-05,-2.3510429340526168e-05,-1.2102732073498339e-09,4.3647267149802601e-12,0
7062,5.6320599117400331e-12,-8.7872172871549664e-06,-8.7923355112198112e-06,5.1182240648448176e-09,7.4533026271219445e-12,0
7064,-5.8423959740932514e-10,1.1913648410225366e-05,1.1898508554973744e-05,1.5139855251622485e-08,5.9683513001274724e-11,0
7065,-5.8423961959919481e-10,1.4724438634021279e-05,1.4714697472808026e-05,9.7411612132530475e-09,1.5030483091772283e-11,0
7066,-3.1230719853549706e-10,6.0550686880114779e-06,6.0428472663786222e-06,1.2221421632855749e-08,7.4287393311448154e-11,0
7067,5.8689278847767073e-11,5.0671205971564853e-06,5.0445630321762630e-06,2.2557564980222329e-08,1.9676835849682483e-11,0
7068,5.8353025842718335e-10,-4.0729313336570431e-06,-4.0701209552615063e-06,-2.8103783955368096e-09,2.2549939034921171e-11,0
7069,4.1911934213581503e-10,-1.8017418291192905e-04,-1.8017032604714618e-04,-3.8568647828696612e-09,1.2694580732306702e-11,0
7070,-1.2456611229381308e-11,-3.2041256207329671e-05,-3.2042650091565299e-05,1.3938842356275676e-09,4.2339796094329135e-11,0
7071,-2.5408081137515659e-11,2.0823528240732948e-05,2.0821507359296820e-05,2.0208814361279278e-09,1.0237073411061003e-11,0
7072,5.6646947238515113e-10,1.2409822598259213e-07,1.2964199050845440e-07,-5.5437645258622776e-09,2.6311489309741843e-11,0
7073,1.6454320328630898e-10,1.2072717600520796e-05,1.2030163725705636e-05,4.2553874815160359e-08,2.3408646702616528e-11,0
7074,5.2484097848239307e-10,-9.1400221287080835e-06,-9.1193026855171199e-06,-2.0719443190963559e-08,4.2240597816382684e-11,0
7075,3.6043006268599459e-10,-1.8524123323613098e-04,-1.8521906104434921e-04,-2.2172191781769058e-08,2.5340672279164422e-11,0
7076,-7.1145890129726309e-11,-3.7108202586830230e-05,-3.7082060110392333e-05,-2.6142476437897375e-08,8.1162665494708304e-11,0
7077,-8.4097360086559773e-11,1.5756426357293671e-05,1.5776497982575880e-05,-2.0071625282209261e-08,1.8927809564860549e-11,0
7078,5.0778019252552882e-10,-4.9431001011082665e-06,-4.9173016192489044e-06,-2.5798481859362069e-08,4.0633718920092008e-11,0
7079,1.0585392417581860e-10,7.0055939312908995e-06,6.9842640774724481e-06,2.1329853818451398e-08,2.7634714414791153e-11,0
7080,-1.6441091628069026e-10,-1.7610125517941049e-04,-1.7610311608909723e-04,1.8609096867356744e-09,1.5784519048074468e-11,0
7081,-6.0893833953786445e-10,2.4896429145258338e-05,2.4892147393781511e-05,4.2817514768266974e-09,2.2641268825133441e-11,0
7082,-1.7060786040491666e-11,4.1969718571759919e-06,4.1985013447904159e-06,-1.5294876144239685e-09,2.1455126834078003e-11,0
7083,-4.1898705511812613e-10,1.6145618401642789e-05,1.6099388002678400e-05,4.6230398964388540e-08,4.3584030100584768e-11,0
7084,-4.4452742332661157e-10,2.0099769332137239e-04,2.0099652024693266e-04,1.1730744397240624e-09,1.0224628390555049e-11,0
7085,1.4735013029443667e-10,1.8029823239098944e-04,1.8030008691283700e-04,-1.8545218475577059e-09,1.7538083549555793e-11,0
7086,-2.5457613888625325e-10,1.9224687617935832e-04,1.9220492629360895e-04,4.1949885749370877e-08,2.8559713188827474e-11,0
7087,5.9598686986903688e-10,2.7968257288278967e-05,2.7972490011062097e-05,-4.2327227831308822e-09,6.5870040180517536e-11,0
7088,4.3157595347560523e-10,-1.4813298123452130e-04,-1.4813197958389202e-04,-1.0016506292746721e-09,6.2067180966942690e-11,0
7089,-1.2951469902239947e-11,5.2864697123709522e-05,5.2863319964000728e-05,1.3771597087941468e-09,4.8759459378836370e-11,0
7090,5.7892608381031474e-10,3.2165146949760318e-05,3.2168673297505478e-05,-3.5263477451603106e-09,6.0457341831657237e-11,0
7091,1.7699981455638318e-10,4.4113897564954790e-05,4.4071013195345850e-05,4.2884369608940870e-08,5.6966649727984315e-11,0
7092,5.9187755373119923e-10,-2.0699510954803532e-05,-2.0694414410387315e-05,-5.0965444162170840e-09,2.3320482787577722e-11,0
7093,1.8995128445827734e-10,-8.7508424739240337e-06,-8.7906589905654132e-06,3.9816516641379498e-08,2.1317931561609580e-11,0
7094,-4.0192626910734639e-10,1.1948626031540316e-05,1.1900276786279041e-05,4.8349245261274771e-08,3.7858568894133451e-11,0
7095,-1.6757221132685866e-09,3.5166459636127440e-06,3.5104966993927744e-06,6.1492642199696016e-09,3.8409989969444382e-11,0
7096,1.2481519204215848e-10,-2.2474259729890131e-06,-2.2382307601525881e-06,-9.1952128364249700e-09,5.4096158650836696e-11,0
7097,1.8005373120222648e-09,-5.7641148267072867e-06,-5.7460547572953265e-06,-1.8060069411960168e-08,9.1185754000873644e-12,0
7098,-2.8625811220514229e-11,5.5886769227818812e-06,5.6028369268037719e-06,-1.4160004021890697e-08,2.2713741537578760e-11,0
7099,3.3747961068672098e-10,-1.8018461301223983e-04,-1.8017094886842359e-04,-1.3664143816237819e-08,2.1124088705712498e-11,0
7100,1.3449348775672855e-10,2.0838097483430202e-05,2.0823075729496608e-05,1.5021753933594094e-08,2.5565576704200040e-11,0
7101,3.6610542210631406e-10,-1.8577318600572663e-04,-1.8577285115851377e-04,-3.3484721286415435e-10,4.2385195910560225e-11,0
7102,1.6311929926607272e-10,1.5249395197142537e-05,1.5225128761817454e-05,2.4266435325083016e-08,4.1217958461897749e-11,0
7103,-2.0298612241696839e-10,2.0102265227705911e-04,2.0099871555603275e-04,2.3936721026357553e-08,2.2582337399797667e-11,0
7104,-5.3415319809747358e-10,3.5201154946718979e-06,3.5208743765001520e-06,-7.5888182825409992e-10,4.7398153622379791e-11,0
7105,4.6753921888434962e-10,-3.6230372360019497e-06,-3.6276466535032713e-06,4.6094175013216270e-09,6.0870075925575223e-11,0
7106,5.9873598166803330e-10,5.8123814223199483e-07,5.8041907349190340e-07,8.1906874009142198e-10,5.0255260121156750e-11,0
7107,5.9875005878910507e-10,-2.2292095426803757e-06,-2.2339089606324480e-06,4.6994179520722707e-09,2.8024362330631708e-11,0
7108,1.0016924182165251e-09,-7.1430800229876218e-06,-7.1430879684706308e-06,7.9454830090186653e-12,1.5468952836595054e-11,0
7109,1.1328891810258877e-09,-2.9388348522438323e-06,-2.9393044356582963e-06,4.6958341446394101e-10,1.8143760264565060e-11,0
7110,1.1329032581382232e-09,-5.7493464143982403e-06,-5.7521371620548711e-06,2.7907476566307375e-09,6.8720742810951650e-12,0
7111,1.3119676277868842e-10,4.2042393300395671e-06,4.1999425586998396e-06,4.2967713397274899e-09,1.8919546434638257e-11,0
7112,1.3121083989857031e-10,1.3937583573293312e-06,1.3890761255310343e-06,4.6822317982969538e-09,7.8014668574155628e-12,0
7113,1.4077123626180402e-14,-2.8105255105047940e-06,-2.8105948524172757e-06,6.9341912481771917e-11,6.7153042084276544e-12,0
7114,1.8984840179489870e-09,-7.1615623467797054e-06,-7.1349816531098446e-06,-2.6580693669860802e-08,8.0290140639067868e-11,0
7115,8.5051885795676903e-10,-1.8325354083472930e-04,-1.8325025936328731e-04,-3.2814714419858709e-09,4.6647048192668728e-11,0
7116,1.6477394827088898e-09,-5.7752077635220625e-06,-5.7474659513118033e-06,-2.7741812210259218e-08,3.2234123642280591e-11,0
7117,-1.0479651553151201e-09,-1.7609197834036073e-04,-1.7611063571981904e-04,1.8657379458308357e-08,2.7609272219359150e-11,0
7118,-2.5074453443984341e-10,1.3863683913900961e-06,1.3856445568302949e-06,7.2383455980122314e-10,1.5876267338508606e-11,0
7119,7.9722062457011574e-10,1.7747837607258454e-04,1.7749198913310347e-04,-1.3613060518923416e-08,1.0864897363747493e-11,0
7120,-2.2222023633401317e-10,5.0154892650474542e-06,5.0417330336917771e-06,-2.6243768644322940e-08,1.5104622106289895e-11,0
7121,2.4797928163006312e-11,5.5990684664198286e-06,5.6032749400088891e-06,-4.2064735890605663e-09,1.7651482068497890e-11,0
7122,2.2085195809348919e-11,-3.2032958067957848e-05,-3.2042429994097860e-05,9.4719261400116775e-09,2.3969962724253795e-11,0
7123,2.9742920890401483e-12,2.0820842447802986e-05,2.0822069881360547e-05,-1.2274335575611025e-09,9.3209154700282140e-12,0
7124,-1.9564892943666098e-10,1.2000127102198416e-05,1.2027151162611872e-05,-2.7024060413456631e-08,1.7844018958839777e-11,0
7125,2.4701816397104247e-10,5.8359868924419411e-07,5.5878307246353969e-07,2.4815616780654428e-08,3.3155021167908132e-11,0
7126,2.4430543225114776e-10,-3.7048527186764324e-05,-3.7078938298297383e-05,3.0411111533058929e-08,5.6651599307947754e-11,0
7127,2.2519452858094820e-10,1.5805358525109586e-05,1.5779951944106834e-05,2.5406581002752698e-08,1.1799373040641067e-11,0
7128,2.6571306954815747e-11,6.9846792479790702e-06,6.9841580878467154e-06,5.2116013235475433e-10,1.6790664915510361e-11,0
7129,-2.7127323983512389e-12,-3.7632074441138049e-05,-3.7631189533894248e-05,-8.8490724380133881e-10,2.8975822527626335e-11,0
7130,-2.1823636120086014e-11,1.5221816088957637e-05,1.5223736416040286e-05,-1.9203270826488974e-09,1.9372312949989747e-11,0
7131,-2.2044685763843841e-10,6.4011059502221829e-06,6.4261669522155944e-06,-2.5061001993411535e-08,2.5143015583649960e-11,0
7132,-1.9110903719634742e-11,5.2853817995232588e-05,5.2863652877899277e-05,-9.8348826666890487e-09,4.0420629612585995e-11,0
7133,-2.1773412523947481e-10,4.4033055779308869e-05,4.4067777711808869e-05,-3.4721932500000375e-08,4.7421132645238873e-11,0
7134,-1.9862322153089786e-10,-8.8206847602845945e-06,-8.7941881720697001e-06,-2.6496588214894366e-08,1.2665617322128873e-11,0
7135,-9.2650803978219233e-11,5.0432118696747304e-06,5.0428341216815344e-06,3.7774799319598704e-10,1.1376649224782108e-11,0
7136,-9.4449082446290262e-11,5.5843014518074108e-06,5.6021696516000860e-06,-1.7868199792675262e-08,7.0771858602484831e-12,0
7137,5.3728331317960890e-11,-3.2029868911249201e-05,-3.2042168433103581e-05,1.2299521854380250e-08,2.1063233160488705e-11,0
7138,6.2412086930544401e-11,2.0845186474502744e-05,2.0822694834002792e-05,2.2491640499952255e-08,1.0470287729745657e-11,0
7139,4.3984172504654932e-12,1.2051221421336029e-05,1.2029042500097991e-05,2.2178921238038765e-08,1.1880728413629173e-11,0
7140,-1.7982784938158429e-12,5.4107937109970639e-07,5.5658077937960601e-07,-1.5501408279899627e-08,1.4502220671667559e-11,0
7141,1.4637913529919385e-10,-3.7073015680427757e-05,-3.7079757895755522e-05,6.7422153277651238e-09,5.9890376048959667e-11,0
7142,1.5506289091407310e-10,1.5801989481235845e-05,1.5779492882883012e-05,2.2496598352833206e-08,2.0817695205976871e-11,0
7143,9.7049221229940985e-11,7.0080218460832899e-06,6.9849696171266571e-06,2.3052228956632837e-08,1.3223011180925513e-11,0
7144,1.4817741415744185e-10,-3.7614138632622793e-05,-3.7629782048730985e-05,1.5643416108192634e-08,1.7530869959620239e-11,0
7145,1.5686116980136220e-10,1.5260887979134247e-05,1.5225489630253894e-05,3.5398348880352737e-08,9.9619183406947750e-12,0
7146,9.8847500068350636e-11,6.4669364465991946e-06,6.4291721294409300e-06,3.7764317158264644e-08,1.5150227418052787e-11,0
7147,8.6837556032848869e-12,5.2874853121854908e-05,5.2864013626574316e-05,1.0839495280591288e-08,7.1951548107546414e-11,0
7148,-4.9329914060204475e-11,4.4081032644815088e-05,4.4069406703810686e-05,1.1625941004402029e-08,3.8373782758749665e-11,0
7149,-5.8013669658296769e-11,-8.7939738473091040e-06,-8.7929090308418534e-06,-1.0648164672506219e-09,2.4162713104718742e-11,0
7150,-1.2447471605414772e-09,-2.2549457509637993e-06,-2.2506469918144196e-06,-4.2987591493797166e-09,3.4789124507488058e-11,0
7151,-3.0254876901074399e-09,-7.1659517184158306e-06,-7.1798041764987349e-06,1.3852458082904307e-08,2.7593233655981555e-11,0
7152,-3.1441977687758105e-09,-1.8326077030133246e-04,-1.8328643625227037e-04,2.5665950937909382e-08,1.4325154342093842e-11,0
7153,-3.0339519311090250e-09,-2.9687684104801049e-06,-2.9771942492098446e-06,8.4258387297397622e-09,2.5720833332198153e-11,0
7154,-1.1871009985136213e-10,-1.7609481800414696e-04,-1.7610197291814884e-04,7.1549140018755883e-09,1.8039472867098005e-11,0
7155,-8.4642459826343731e-12,4.1971980242023425e-06,4.1987753437665330e-06,-1.5773195641905481e-09,2.4492590083470828e-11,0
7156,1.1024584280850482e-10,1.8029203584390020e-04,1.8029924338876815e-04,-7.2075448679580038e-09,1.5283781784977030e-11,0
7157,-8.6040999096770887e-11,5.0437721351056760e-06,5.0428226545325826e-06,9.4948057309337153e-10,2.2890479912777534e-11,0
7158,1.2285705792452418e-11,5.5926815616290848e-06,5.6031201479292596e-06,-1.0438586300174857e-08,1.1963730386870162e-11,0
7159,3.4484414668978018e-11,2.0827226936607265e-05,2.0822519802537515e-05,4.7071340697497487e-09,1.0950875319420835e-11,0
7160,9.8326704858658940e-11,5.4894006630638306e-07,5.5754654776026091e-07,-8.6064814538778557e-09,2.6251747222759545e-11,0
7161,1.2052541377796686e-10,1.5783466754491077e-05,1.5779345228546941e-05,4.1215259441356789e-09,2.4526887540910781e-11,0
7162,2.2198708902679851e-11,1.5234568078377995e-05,1.5224385509262408e-05,1.0182569115587073e-08,1.0314857227528025e-11,0
7164,-1.8361106599120944e-11,6.9829106435033081e-06,6.9842957734029827e-06,-1.3851298996746158e-09,2.6529542931709900e-11,0
7166,-2.5181520249355081e-11,5.5552061843855069e-06,5.6027523403503390e-06,-4.7546155964832149e-08,2.7227619139399376e-11,0
7167,9.6052336639593460e-10,-4.1319898187817256e-06,-4.0670859439765747e-06,-6.4903874805150850e-08,3.7002513487292808e-11,0
7168,3.1457807404180723e-10,-1.8023477768651028e-04,-1.8017067702403290e-04,-6.4100662477381857e-08,1.4661715847636623e-11,0
7169,9.5691256256371314e-11,-3.2033071318434499e-05,-3.2041844691446096e-05,8.7733730115972558e-09,5.6156079642860643e-11,0
7170,8.1687165047071230e-10,6.3730804404638075e-08,1.3178154558451634e-07,-6.8050741179878264e-08,3.2262416294231839e-11,0
7171,8.1685241952630029e-10,-2.7468317860390029e-06,-2.6853985829041152e-06,-6.1433203134887681e-08,1.1759184841615816e-11,0
7172,9.8570488727320292e-10,-9.6871318657418271e-06,-9.6637220333064338e-06,-2.3409832435393300e-08,2.9809322225737694e-11,0
7173,3.3975959480463734e-10,-1.8578997970675366e-04,-1.8577254210231823e-04,-1.7437604435432182e-08,1.5179286727057102e-11,0
7174,1.2087277715630135e-10,-3.7588244144299253e-05,-3.7629951104603158e-05,4.1706960303905050e-08,5.1731836140333206e-11,0
7175,8.4205317131571282e-10,-5.4914364969616686e-06,-5.4737304737771304e-06,-1.7706023184538188e-08,3.7609622925238294e-11,0
7176,8.4203394037015496e-10,-8.3020456344042037e-06,-8.2875917646083749e-06,-1.4453869795828832e-08,1.1855041964699814e-11,0
7177,-6.4594529291250514e-10,-1.7610284590022316e-04,-1.7610649629654703e-04,3.6503963238678286e-09,1.6510222190540969e-11,0
7178,-1.4365171607909201e-10,4.1957184752109897e-06,4.1976189412697862e-06,-1.9004660587965076e-09,2.9661433380432724e-11,0
7179,-1.4367094702521620e-10,1.3851271564021758e-06,1.3867372378354634e-06,-1.6100814332875829e-09,1.1170798594683558e-11,0
7180,5.0229357698290458e-10,1.8029857334399095e-04,1.8030261986548047e-04,-4.0465214895231763e-09,1.7472733584357139e-11,0
7181,5.0227434603679695e-10,1.7748794892137685e-04,1.7748894363590583e-04,-9.9471452898029257e-10,6.2092201384424727e-12,0
7183,2.1888681779948826e-10,-1.4820169476034012e-04,-1.4813316316431114e-04,-6.8531596028983044e-08,4.4916824197531571e-11,0
7184,7.2118039421743729e-10,3.2097138266785202e-05,3.2169988490317726e-05,-7.2850223532523826e-08,8.1334313824376115e-11,0
7185,7.2116116327212924e-10,2.9286380053616945e-05,2.9350652274266956e-05,-6.4272220650011375e-08,5.2211740270299828e-11,0
7186,-1.9230952235240814e-14,-2.8106089815060015e-06,-2.8106180218839906e-06,9.0403779890580035e-12,5.3639305074459887e-12,0
7187,3.7100588992041441e-10,3.5389490144078356e-06,3.5291029193602650e-06,9.8460950475705563e-09,4.5076092252528690e-11,0
7188,2.0824482081923059e-10,1.5791799687619318e-05,1.5780532083483327e-05,1.1267604135991151e-08,4.0410101146790133e-11,0
7189,-1.7419942498668073e-11,6.9831383026006111e-06,6.9844609277152948e-06,-1.3226251146837158e-09,3.3424841495885286e-11,0
7190,-2.2566476309755638e-10,-8.8086965167426257e-06,-8.7944302970043649e-06,-1.4266219738260765e-08,2.9324023217813119e-11,0
7191,1.0438767108922874e-10,5.5946443633485277e-06,5.6039109006255516e-06,-9.2665372770239394e-09,1.7715313586678321e-11,0
7192,7.2295575037135347e-10,-4.0686166084798539e-06,-4.0692979449003946e-06,6.8133642054074681e-10,2.0874166835981881e-11,0
7193,3.7119205275342051e-10,-1.8017554842147433e-04,-1.8017008235656114e-04,-5.4660649131954564e-09,1.1442330275826444e-11,0
7194,4.2993313988254415e-11,-3.2039679227315108e-05,-3.2042347478592065e-05,2.6682512769570280e-09,4.4066930451062268e-11,0
7195,6.1856807897744035e-10,-9.6632063351267516e-06,-9.6670839614511618e-06,3.8776263244102538e-09,2.3761767972824251e-11,0
7196,2.6680438144777568e-10,-1.8577019033889398e-04,-1.8577311389090354e-04,2.9235520095582338e-09,1.2413569046543128e-11,0
7197,-6.1394357335623295e-11,-3.7634329384757031e-05,-3.7631575510435856e-05,-2.7538743211749542e-09,4.3149580590253316e-11,0
7198,-3.5176369747683761e-10,-1.7610696367498929e-04,-1.7610368885652414e-04,-3.2748184651510640e-09,1.2223673270484443e-11,0
7199,6.7996243636634023e-10,2.7971044166740910e-05,2.7973004461970369e-05,-1.9602952294593299e-09,6.8414399120180334e-11,0
7200,3.2819873876820206e-10,-1.4813587184855058e-04,-1.4813206934084975e-04,-3.8025077008288759e-09,5.1926605281661138e-11,0
7201,1.9848967122314596e-11,3.5287907651782024e-06,3.5259106520250316e-06,2.8801131531708435e-09,4.2418426364012955e-11,0
7202,8.4292701010983948e-10,-1.8574090057029910e-04,-1.8576777443171183e-04,2.6873861412731685e-08,2.2424108651143119e-11,0
7203,-1.0633832097698220e-10,4.1969830735093553e-06,4.1980345760716246e-06,-1.0515025622692800e-09,7.2931018715559345e-12,0
7204,-1.0635390150176646e-10,1.3863765714659890e-06,1.3871463671316641e-06,-7.6979566567501122e-10,3.2289944871616768e-12,0
7205,-1.5580540336221406e-14,-2.8105847977423914e-06,-2.8106279782352502e-06,4.3180492858759938e-11,1.4198239788719476e-12,0
7206,-9.6884971686555410e-12,-3.2044618308443677e-05,-3.2042858818333712e-05,-1.7594901099651393e-09,5.0232624716020767e-11,0
7207,-4.4089557364787234e-11,2.0818389703385586e-05,2.0822095911564560e-05,-3.7062081789748129e-09,1.0493710926066082e-11,0
7208,-3.4401060193331512e-11,5.2862986142385941e-05,5.2864093556393969e-05,-1.1074140080288971e-09,4.7399630902279771e-11,0
7209,-3.4793531692554971e-11,6.9774375177199949e-06,6.9845178269300005e-06,-7.0803092100056632e-09,1.4942544129525537e-11,0
7211,-1.0747502614503142e-10,5.0609677270567824e-06,5.0422601392059327e-06,1.8707587850849699e-08,9.0781468467099075e-12,0
7212,4.0787668041700185e-10,-4.0870880607685872e-06,-4.0723118483677721e-06,-1.4776212400815092e-08,1.2778566626520619e-11,0
7213,4.1665215325037191e-10,-1.8017929665411353e-04,-1.8016944040808133e-04,-9.8562460321995320e-09,5.2064619606384372e-12,0
7214,-5.1804650446022566e-11,-3.2048083433601840e-05,-3.2043277074345568e-05,-4.8063592562717526e-09,2.3007412817169958e-11,0
7215,-9.8787503862373182e-11,2.0816086101976133e-05,2.0821713418834800e-05,-5.6273168586669278e-09,4.0584356536489418e-12,0
7216,4.3405299383325101e-10,1.1142448117559128e-07,1.2823100666964524e-07,-1.6806525494053960e-08,1.1318919689934431e-11,0
7217,4.3405404363324729e-10,-2.6993506612067730e-06,-2.6889710113686495e-06,-1.0379649838123552e-08,4.4663113264276444e-12,0
7218,-9.8953440255140357e-11,1.2032108435758131e-05,1.2028519146857072e-05,3.5892889010587790e-09,8.5958378319677981e-12,0
7219,5.1535170614754211e-10,-9.1480570883466922e-06,-9.1191993479935063e-06,-2.8857740353185914e-08,4.1408733235205047e-11,0
7220,5.2412717905025209e-10,-1.8524029589117846e-04,-1.8521584594598792e-04,-2.4449945190533652e-08,1.7797519614972084e-11,0
7221,5.5670375606071399e-11,-3.7109003060300724e-05,-3.7080178563603036e-05,-2.8824496697688723e-08,4.5614284639415818e-11,0
7222,8.6875222010014255e-12,1.5755115538210185e-05,1.5779183109011294e-05,-2.4067570801108729e-08,7.4797732803417955e-12,0
7223,5.4152801956317653e-10,-4.9495431305255494e-06,-4.9163184451736432e-06,-3.3224685351906221e-08,5.1434492582198194e-11,0
7224,5.4152906936265567e-10,-7.7603287072444682e-06,-7.7363497800352871e-06,-2.3978927209181145e-08,1.5281747858769359e-11,0
7225,8.5215858599702627e-12,6.9711365941380575e-06,6.9851419602776455e-06,-1.4005366139588041e-08,1.1558230825662188e-11,0
7226,8.7754726172025019e-12,-1.7609218757095712e-04,-1.7610003079903026e-04,7.8432280731428362e-09,7.0670315640440285e-12,0
7227,-5.0666418530582730e-10,2.4903191424731699e-05,2.4894556636299166e-05,8.6347884325329238e-09,1.0094651376656612e-11,0
7228,2.6176313406510876e-11,4.1985226785173999e-06,4.1993010291003802e-06,-7.7835058298025400e-10,1.1917944274002376e-11,0
7229,2.6177363206227649e-11,1.3877689700582483e-06,1.3884076841976183e-06,-6.3871413937003827e-10,5.0059569180023190e-12,0
7230,-5.0683012185593337e-10,1.6119072857433830e-05,1.6100083393631046e-05,1.8989463802784526e-08,4.8693037264846757e-11,0
7231,-5.1543965736589004e-10,2.0099537670847066e-04,2.0099587199810424e-04,-4.9528963357936898e-10,4.5568155385153301e-12,0
7232,1.7400840648590033e-11,1.8029069122040865e-04,1.8029785455796554e-04,-7.1633375568877413e-09,5.5266058796762173e-12,0
7233,1.7401890444867283e-11,1.7747994208763482e-04,1.7748414990392925e-04,-4.2078162944280979e-09,2.4164284256981129e-12,0
7234,-5.1560559380897568e-10,1.9221137102889670e-04,1.9220236542080978e-04,9.0056080869177057e-09,1.7119548274936776e-11,0
7235,4.5968133125592201e-10,2.7961085739268074e-05,2.7970918152649041e-05,-9.8324133809675148e-09,4.3372738807339508e-11,0
7236,4.6845680400426106e-10,-1.4813115488630671e-04,-1.4813050817566863e-04,-6.4671063808503272e-10,2.6865529602599439e-11,0
7237,-4.6982853425500590e-11,5.2864144429605334e-05,5.2864125735644621e-05,1.8693960713179331e-11,2.0115350334755824e-11,0
7238,4.8585764466826715e-10,3.2159506641767956e-05,3.2167860568485883e-05,-8.3539267179270666e-09,4.3594350409445878e-11,0
7239,4.8585869446930459e-10,2.9348801562386999e-05,2.9348498650986707e-05,3.0291140029156563e-10,2.6181351693926868e-11,0
7240,-4.7148789878550996e-11,4.4080131922686477e-05,4.4069987504765840e-05,1.0144417920637350e-08,4.3896427432842868e-11,0
7241,5.3284049826196599e-10,-2.0704681530472110e-05,-2.0696057884634080e-05,-8.6236458380293255e-09,9.7226075110111158e-12,0
7242,5.3284154806018368e-10,-2.3515432253061897e-05,-2.3512240197135796e-05,-3.1920559261008332e-09,4.0978772782305571e-12,0
7243,-1.6593647862006549e-13,-8.7839897900130262e-06,-8.7923780062664113e-06,8.3882162533850603e-09,7.3925575663759720e-12,0
7245,-5.3300643507901823e-10,1.1920685355460217e-05,1.1900195533248875e-05,2.0489822211342115e-08,4.3773304076542430e-11,0
7246,-5.3300748488145340e-10,1.4731457125178454e-05,1.4716369959790379e-05,1.5087165388075766e-08,1.4368688059470675e-11,0
7247,-4.2227974096148847e-10,6.0282403661886946e-06,6.0415688448337548e-06,-1.3328478645060176e-08,7.2340253416543267e-11,0
7248,-6.5434635529422754e-10,-3.1383899910721741e-06,-3.0798532101618513e-06,-5.8536780910322785e-08,3.4354644157842994e-11,0
7249,-6.0097874308815164e-10,1.9375600490026488e-06,1.9715282936714063e-06,-3.3968244668757514e-08,5.4991499924091240e-11,0
7250,-1.3059775166232925e-10,-7.2132991915975497e-06,-7.1537456266789078e-06,-5.9553564918641892e-08,3.2335460884371051e-11,0
7251,-2.6095264422776616e-10,-1.8331244235438027e-04,-1.8325963320760645e-04,-5.2809146773813388e-08,1.9000470673434393e-11,0
7252,-6.7790484206731890e-10,-3.5180095592520985e-05,-3.5111746260664337e-05,-6.8349331856647785e-08,7.8800882843422918e-11,0
7253,-6.9628932518511803e-10,1.7685942604228969e-05,1.7744333565195933e-05,-5.8390960966964736e-08,2.3909215176095706e-11,0
7254,-1.4059123271935513e-10,-3.0159185274453854e-06,-2.9509164273534850e-06,-6.5002100091900329e-08,3.6169045552420443e-11,0
7255,-5.1188671096622833e-10,8.9533419580391086e-06,8.9525336809045783e-06,8.0827713453034068e-10,6.7794044182083017e-11,0
7256,5.3367612256022109e-11,5.0758848576092780e-06,5.0436484317235867e-06,3.2236425885691297e-08,2.5768037449271242e-11,0
7257,5.2374860502057815e-10,-4.0749382993904033e-06,-4.0713138845863114e-06,-3.6244148040918704e-09,3.0161817869139644e-11,0
7258,3.9339371189025060e-10,-1.8017406567163692e-04,-1.8016956717096413e-04,-4.4985006727971903e-09,1.3518264374635027e-11,0
7259,-2.3558486653468182e-11,-3.2041801756301554e-05,-3.2043045405701488e-05,1.2436493999337314e-09,5.7650007568466312e-11,0
7260,-4.1942969727346686e-11,2.0824299578398129e-05,2.0822311591557862e-05,1.9879868402672516e-09,1.3081361049328280e-11,0
7261,5.1375512386839840e-10,1.2254406343012794e-07,1.2893623338367936e-07,-6.3921699535514163e-09,3.4568972149132539e-11,0
7262,1.4245964467569191e-10,1.2091741893711927e-05,1.2030783772241800e-05,6.0958121470126948e-08,4.0969141230369216e-11,0
7263,4.7038099161454556e-10,-9.1508888738229405e-06,-9.1195904844588705e-06,-3.1298389364070009e-08,4.5498875195596131e-11,0
7264,3.4002609896562270e-10,-1.8524997714009818e-04,-1.8521735852420839e-04,-3.2618615889785018e-08,2.6619253075130478e-11,0
7265,-7.6926098969365421e-11,-3.7117596487659318e-05,-3.7081316012844771e-05,-3.6280474814547623e-08,6.4481430096579196e-11,0
7266,-9.5310582083946481e-11,1.5748370906393597e-05,1.5778409416594445e-05,-3.0038510200848311e-08,2.3514396829161667e-11,0
7267,4.6038751054464696e-10,-4.9533997911015148e-06,-4.9169930009632506e-06,-3.6406790138264201e-08,4.2594288967409122e-11,0
7268,8.9092032162475782e-11,7.0156741232205427e-06,6.9860387668743175e-06,2.9635356346225175e-08,4.9387899251261073e-11,0
7269,-1.3035489321677082e-10,-1.7609911556970960e-04,-1.7610115470906117e-04,2.0391393515677321e-09,1.5508565435697812e-11,0
7270,-5.6569157493509385e-10,2.4899223960747618e-05,2.4894157991221335e-05,5.0659695262834546e-09,2.6725193899637093e-11,0
7271,-9.9934811642948658e-12,4.1974829978110723e-06,4.1990101359612807e-06,-1.5271381502084640e-09,2.3911216127681385e-11,0
7272,-3.8128896050154225e-10,1.6166581964944735e-05,1.6101363955935021e-05,6.5218009009713167e-08,7.0343492595349894e-11,0
7273,-4.3533668175409668e-10,2.0099833757215670e-04,2.0099659985514944e-04,1.7377170072622929e-09,1.1906669739416349e-11,0
7274,1.2036141207681757e-10,1.8029658326455757e-04,1.8029869254024996e-04,-2.1092756923946163e-09,1.6630163493276539e-11,0
7275,-2.5093406731268532e-10,1.9226577869894956e-04,1.9220475395065759e-04,6.1024748291969204e-08,3.8965680349450156e-11,0
7276,5.4730709190956765e-10,2.7966855220577281e-05,2.7971683706663652e-05,-4.8284860863708227e-09,5.9122883562450248e-11,0
7277,4.1695219867356400e-10,-1.4813236200283438e-04,-1.4813087045017082e-04,-1.4915526635518074e-09,5.5879679506774827e-11,0
7278,-1.8384483068152052e-11,5.2866102808203511e-05,5.2864489696863511e-05,1.6131113399998009e-09,5.7679016133056682e-11,0
7279,5.3731361074356882e-10,3.2164205546034239e-05,3.2168331447808884e-05,-4.1259017746441665e-09,6.2443041515696147e-11,0
7280,1.6601813137050810e-10,4.4133402432896054e-05,4.4072019706732998e-05,6.1382726163056569e-08,8.4204310927520462e-11,0
7281,5.5569809383477833e-10,-2.0701707856713976e-05,-2.0695953295198874e-05,-5.7545615151017356e-09,2.6124149852412222e-11,0
7282,1.8440261444389743e-10,-8.7325348220469029e-06,-8.7906992804162179e-06,5.8164458369315005e-08,3.3315202038252997e-11,0
7283,-3.7129547936072724e-10,1.1969154433341678e-05,1.1901769137090441e-05,6.7385296251236331e-08,5.8491544991839091e-11,0
7284,-4.3555344186873700e-10,-3.0966697008860677e-06,-3.0778506561928465e-06,-1.8819044693221272e-08,1.9469749068338918e-11,0
7285,-2.9603019225231288e-11,-1.8326322762551948e-04,-1.8325741062150128e-04,-5.8170040182013282e-09,1.1950939787026465e-11,0
7286,-4.8840714653084328e-10,1.7726891532796399e-05,1.7746365126072266e-05,-1.9473593275867420e-08,1.3396190728083296e-11,0
7287,4.1620853165856985e-11,-5.7795329847024068e-06,-5.7621390460023368e-06,-1.7393938700070048e-08,1.0055730047541050e-11,0
7288,4.0595042315133494e-10,-1.8016656963080416e-04,-1.8016934101315160e-04,2.7713823474333817e-09,1.1912681576240367e-11,0
7289,-5.2853704593259599e-11,2.0823573053486717e-05,2.0822320104150304e-05,1.2529493364124675e-09,1.1153281951346998e-11,0
7290,4.7717429574778949e-10,-2.6828734218616902e-06,-2.6886379650373613e-06,5.7645431756710687e-09,1.2836781635545875e-11,0
7291,-4.5880412751087628e-10,2.0099012518698042e-04,2.0099638607451247e-04,-6.2608875320497095e-09,1.0297844277873788e-11,0
7292,7.1223872485056850e-11,1.7748368468785403e-04,1.7748439331163803e-04,-7.0862378400045334e-10,8.7761251250678087e-12,0
7293,5.3002800063059479e-10,-2.3506437589432966e-05,-2.3512520287997118e-05,6.0826985641522708e-09,9.0494741001239823e-12,0
7294,2.5213985556224184e-10,-9.7009845897097491e-06,-9.6705532784711158e-06,-3.0431311238633248e-08,2.3492650596102560e-11,0
7296,-7.0089785995032127e-11,6.9709096617558836e-06,6.9849773626452255e-06,-1.4067700889341966e-08,2.2798611152302020e-11,0
7298,-5.8847487146847680e-10,-3.0826069341244409e-06,-3.0792250702958226e-06,-3.3818638286182420e-09,1.8193929557109558e-11,0
7299,-1.3772966128273367e-10,-7.1682106629698122e-06,-7.1539229203091716e-06,-1.4287742660640613e-08,2.3232717199084697e-11,0
7300,-2.0802960970887327e-10,-1.8326503619305913e-04,-1.8325889399622912e-04,-6.1421968300075843e-09,1.3390834773756956e-11,0
7301,-6.4222930462801912e-10,-3.5128191751787347e-05,-3.5111362202842402e-05,-1.6829548944945324e-08,6.0976980026161571e-11,0
7302,-6.7528131574264279e-10,1.7737968761470657e-05,1.7744830853080544e-05,-6.8620916098871326e-09,1.2526180675481266e-11,0
7303,-1.3337624056863007e-10,-2.9702857079361850e-06,-2.9508616861909671e-06,-1.9424021745217866e-08,2.6497776892092565e-11,0
7304,4.5074521033470667e-10,-4.0856610993220133e-06,-4.0721358707901304e-06,-1.3525228531882895e-08,2.6721634606805583e-11,0
7305,3.8044526186029745e-10,-1.8018249698274411e-04,-1.8016944286361678e-04,-1.3054119127326033e-08,1.5098258790272968e-11,0
7306,-5.3754433151491494e-11,-3.2045517166690626e-05,-3.2043391677152359e-05,-2.1254895382665428e-09,3.8962891960146395e-11,0
7307,-8.6806444267317165e-11,2.0820549815175979e-05,2.0822136457217933e-05,-1.5866420419532751e-09,1.0595725347250340e-11,0
7308,4.5509863104610839e-10,1.1219524004464632e-07,1.2834777479953582e-07,-1.6152534754889503e-08,2.5914326979776996e-11,0
7309,-7.0299949087468141e-11,-1.7609680037834925e-04,-1.7610020608136136e-04,3.4057030121124442e-09,1.6194466711242985e-11,0
7310,-5.3755165625883644e-10,2.4906190321890079e-05,2.4894808118569315e-05,1.1382203320764109e-08,2.0823801926290552e-11,0
7311,4.3534206226111801e-12,4.1978721958581809e-06,4.1992489340211312e-06,-1.3767381629502948e-09,2.9154391022253187e-11,0
7312,-4.6725170689380743e-10,2.0100299991902219e-04,2.0099630876370912e-04,6.6911553130621828e-09,1.0623528960762400e-11,0
7313,7.4653369570977892e-11,1.8029468836397097e-04,1.8029799690302562e-04,-3.3085390546499192e-09,1.6949233853677272e-11,0
7314,5.0449964391067886e-10,2.7959858436902435e-05,2.7971205873589227e-05,-1.1347436686792018e-08,8.7502992428956249e-11,0
7315,4.3419969528057826e-10,-1.4813690742712052e-04,-1.4813041085561901e-04,-6.4965715015148813e-09,5.2141594554191982e-11,0
7316,-3.3052011109573704e-11,5.2866099770518173e-05,5.2864653565799178e-05,1.4462047189954443e-09,4.4671887697470585e-11,0
7317,5.0885306460037288e-10,3.2157893249361302e-05,3.2168081604105676e-05,-1.0188354744373638e-08,8.5804774656052757e-11,0
7318,5.4190507577194700e-10,-2.0708318493680572e-05,-2.0696373663792772e-05,-1.1944829887800359e-08,2.1374507498609949e-11,0
7319,5.9474234078779600e-10,-2.2262991466693791e-06,-2.2338473844317700e-06,7.5482377623909518e-09,3.1245167103275125e-11,0
7320,5.2172198658017086e-10,-5.7578806789762571e-06,-5.7577961309700978e-06,-8.4548006159271489e-11,4.8663927747886006e-12,0
7321,-2.6297874573258501e-10,8.9726397339544989e-06,8.9552122883462509e-06,1.7427445608247968e-08,1.2651667398915569e-11,0
7322,-7.8470073015740392e-10,1.4730518842804782e-05,1.4714606317208502e-05,1.5912525596280426e-08,1.1496770521755636e-11,0
7323,-9.1501747628700642e-11,5.5853839618404122e-06,5.6019635231593369e-06,-1.6579561318924689e-08,2.8832013940460278e-11,0
7324,7.9466015449004935e-10,-4.0326409577063488e-06,-4.0690975464884991e-06,3.6456588782150284e-08,2.6846892322703545e-11,0
7325,3.9183312247142725e-10,-1.8017734919550856e-04,-1.8016920466313826e-04,-8.1445323703017818e-09,1.2198792980857488e-11,0
7326,7.7961155613124710e-11,-3.2034878337737840e-05,-3.2042234225753094e-05,7.3558880152535750e-09,3.6430454955946255e-11,0
7327,1.2275875634769710e-10,2.0846193986733506e-05,2.0824171049817098e-05,2.2022936916408484e-08,1.2202276627252103e-11,0
7328,7.1622115374465582e-10,1.3438321231793934e-07,1.3069083152841625e-07,3.6923807895230957e-09,1.9747681508437878e-11,0
7329,8.8616190240754418e-10,-9.6179362890132930e-06,-9.6648617254011518e-06,4.6925436387858794e-08,3.9414013558508956e-11,0
7330,4.8333487044347531e-10,-1.8576268016593693e-04,-1.8577035692107080e-04,7.6767551338680594e-09,1.2286299143498653e-11,0
7331,1.6946290388079570e-10,-3.7620189288795070e-05,-3.7629196258852555e-05,9.0069700574854986e-09,4.4212018207381666e-11,0
7332,2.1426050464076846e-10,1.5260926694833296e-05,1.5227423809056856e-05,3.3502885776440333e-08,2.0710280664700629e-11,0
7333,8.0772290166111575e-10,-5.4509633903819521e-06,-5.4740429218175289e-06,2.3079531435576752e-08,4.8857751778100000e-11,0
7334,-4.0282703206758338e-10,-1.7614481217378096e-04,-1.7610300490628408e-04,-4.1807267496876688e-08,1.6384321395685613e-11,0
7336,-7.8439000745803030e-11,4.1669635505625809e-06,4.1985565993115977e-06,-3.1593048749016861e-08,1.9047496352574508e-11,0
7337,-2.6907436590592804e-10,2.0102356754548092e-04,2.0099810980253583e-04,2.5457742945097584e-08,1.5241342722098812e-11,0
7338,3.2438803123689156e-10,1.8031175282570179e-04,1.8030011129094799e-04,1.1641534753797618e-08,1.5603585656126898e-11,0
7339,7.1669899899024688e-10,2.8002443610959660e-05,2.7973085567697335e-05,2.9358043262324874e-08,9.7262600988646873e-11,0
7340,3.1387196695152404e-10,-1.4814245819660173e-04,-1.4813133621898773e-04,-1.1121977614000824e-08,5.9286416424883152e-11,0
7341,4.4797600724991379e-11,5.2881070444630012e-05,5.2865526662449596e-05,1.5543782180416218e-08,5.0298001614345289e-11,0
7343,5.9346239765182643e-10,-2.0711764475513572e-05,-2.0696069119662257e-05,-1.5695355851314593e-08,3.2300851597848808e-11,0
7344,8.0660561623748818e-11,7.0332078978422100e-06,6.9867684067119250e-06,4.6439491130284987e-08,1.8560763423427771e-11,0
7347,3.9238898830286695e-10,1.7750681046913540e-04,1.7748683785621545e-04,1.9972612919945528e-08,1.6870658895087201e-11,0
7348,-1.6418335631162214e-09,3.5210596466854135e-06,3.5108047705275474e-06,1.0254876157866118e-08,4.4318381570157364e-11,0
7349,6.1986907774909802e-10,-4.0803281120983109e-06,-4.0707711411036466e-06,-9.5569709946642862e-09,2.0921375297346882e-11,0
7350,-1.1896624723945756e-11,-3.2042052194006417e-05,-3.2043089452916704e-05,1.0372589102875885e-09,5.0891299287460034e-11,0
7351,-4.9013838953585293e-12,2.0826391672722515e-05,2.0823134894592895e-05,3.2567781296190723e-09,9.6307898851393888e-12,0
7352,5.7393206691815646e-10,1.1681609760581801e-07,1.2936780565436633e-07,-1.2551708048548320e-08,2.0010458024417418e-11,0
7353,-6.2477046260713090e-10,2.4906802831944908e-05,2.4894445399534047e-05,1.2357432410860784e-08,1.5259558190225902e-11,0
7354,-4.5937010968969507e-11,4.1972333023169734e-06,4.1989099847608909e-06,-1.6766824439175073e-09,2.5472494115526583e-11,0
7355,6.3176570265189902e-10,2.7961598850504733e-05,2.7972266068139779e-05,-1.0667217635045739e-08,7.4425661248672378e-11,0
7356,6.9952408468923673e-12,5.2868473743756649e-05,5.2865341850020096e-05,3.1318937365531563e-09,4.6279712731745162e-11,0
7357,5.8582869179858088e-10,3.2158941672792707e-05,3.2168791058099052e-05,-9.8493853063449151e-09,8.9712005446757800e-11,0
7358,5.7883345084597562e-10,-2.0709575034749683e-05,-2.0696359755064060e-05,-1.3215279685623390e-08,1.4998817066342617e-11,0
7359,4.4724228067745407e-11,6.9894821794237727e-06,6.9866371442850107e-06,2.8450351387619875e-09,2.8342058038338576e-11,0
7360,1.5251378240656201e-10,5.5944378033667350e-06,5.6041227231390724e-06,-9.6849197723374735e-09,1.2954740649058615e-11,0
7361,7.0856032509632527e-10,-4.0688493496586139e-06,-4.0700403333596973e-06,1.1909837010833389e-09,2.0854835684719099e-11,0
7362,3.7772886411748996e-10,-1.8017421502651045e-04,-1.8016908819604930e-04,-5.1268304611428242e-09,9.6790671124352374e-12,0
7363,3.3808869661020265e-11,-3.2039919238322596e-05,-3.2042708161141533e-05,2.7889228189364882e-09,3.8118089673206986e-11,0
7364,5.9060812273183782e-11,2.0829286258723309e-05,2.0823827260952734e-05,5.4589977705751065e-09,1.0460958147790740e-11,0
7365,6.4742384504174087e-10,1.2586909465053808e-07,1.3000957709643686e-07,-4.1404824458987741e-09,1.8990058266749393e-11,0
7366,6.4741451350460551e-10,-2.6849145990958702e-06,-2.6872430240352248e-06,2.3284249393546107e-09,7.1370719277730361e-12,0
7367,5.5604654230743898e-10,-9.6632530352557585e-06,-9.6679373094745078e-06,4.6842742187492816e-09,2.0414471168421265e-11,0
7368,2.2521508144225449e-10,-1.8576865790964625e-04,-1.8577242380187972e-04,3.7658922334704581e-09,9.8290576381136202e-12,0
7369,-1.1870491301211440e-10,-3.7634394945588751e-05,-3.7631716414512870e-05,-2.6785310758807449e-09,3.4670331736708255e-11,0
7370,-9.3452970424227623e-11,1.5234881253855029e-05,1.5224984692545663e-05,9.8965613093663117e-09,1.3956169663239530e-11,0
7371,4.9491006227976794e-10,-5.4685984099966944e-06,-5.4768867288587323e-06,8.2883188620378877e-09,2.5407075443972590e-11,0
7372,4.9490073074470539e-10,-8.2793552991446313e-06,-8.2906927083571839e-06,1.1337409212552614e-08,8.3828266940250719e-12,0
7373,-3.3083146081312891e-10,-1.7610541449527423e-04,-1.7610194329244786e-04,-3.4712028263708325e-09,1.2433280403640927e-11,0
7374,-6.4949951268829508e-10,2.4898132150980457e-05,2.4894408519209660e-05,3.7236317707969369e-09,1.8656702340549728e-11,0
7375,-6.1136480020146054e-11,4.1947117592070274e-06,4.1988234602684886e-06,-4.1117010614612182e-09,2.5165016139715853e-11,0
7376,-6.1145811552605668e-11,1.3839017372900726e-06,1.3879029722680911e-06,-4.0012349780184521e-09,9.3203116963834230e-12,0
7377,-3.1866805181044105e-10,2.0100354462086398e-04,2.0099765798884734e-04,5.8866320166365942e-09,1.0692468203583757e-11,0
7378,2.6969498108003978e-10,1.8030008551570172e-04,1.8029933088687942e-04,7.5462882229387733e-10,1.1409308023341239e-11,0
7379,2.6968564954380321e-10,1.7748929762268981e-04,1.7748556070272650e-04,3.7369199633037302e-09,4.4610783321218947e-12,0
7380,6.7475145540829598e-10,2.7970952447388311e-05,2.7972614574547695e-05,-1.6621271593843527e-09,5.7715300662893428e-11,0
7381,3.4391999445491064e-10,-1.4813433591449269e-04,-1.4813075692179741e-04,-3.5789926952796685e-09,4.4326759286342702e-11,0
7382,2.5251942606007186e-11,5.2869166030572196e-05,5.2865649460708333e-05,3.5165698638629783e-09,4.4338566416562209e-11,0
7383,6.1361497535931955e-10,3.2165694425027153e-05,3.2169047888764653e-05,-3.3534637374998369e-09,8.3175809048589114e-11,0
7384,6.1360564382515357e-10,2.9355055786373899e-05,2.9349626669379942e-05,5.4291169939568859e-09,4.5757143335792016e-11,0
7385,5.8836303271172281e-10,-2.0703428560467124e-05,-2.0696413707208092e-05,-7.0148532590325052e-09,2.0868297393180107e-11,0
7386,5.8835370117769590e-10,-2.3514217402055429e-05,-2.3512649213062220e-05,-1.5681889932091535e-09,8.7366116991538274e-12,0
7388,-4.1712719038460386e-11,6.9786443824167155e-06,6.9861283299318790e-06,-7.4839475151635681e-09,1.3462340288674043e-11,0
7389,3.3479500662006513e-10,3.5441030965081832e-06,3.5287737365578343e-06,1.5329359950348914e-08,4.9184653395084928e-11,0
7390,1.9160098839215782e-10,5.5975328246762879e-06,5.6044539084533561e-06,-6.9210837770682603e-09,5.7411797363072837e-11,0
7392,3.8954497742080058e-10,-1.8016889291032952e-04,-1.8016888077169446e-04,-1.2138635067807449e-11,2.9027348530666164e-11,0
7393,1.3426754344867386e-11,-3.2040353290009706e-05,-3.2042923105629671e-05,2.5698156199655095e-09,5.7275365416114475e-11,0
7394,1.5124365646244768e-11,2.0827204590313721e-05,2.0823524007052722e-05,3.6805832609988439e-09,1.8484390722059348e-11,0
7397,-1.7817423453783078e-10,-3.7637926122076684e-05,-3.7632216367321657e-05,-5.7097547550267699e-09,5.0778281599498103e-11,0
7398,-1.7647662327691935e-10,1.5229761236495130e-05,1.5224376359190869e-05,5.3848773042610858e-09,4.2125848456843466e-11,0
7399,-2.0752511240091051e-10,-1.7611132924980934e-04,-1.7610065595073261e-04,-1.0673299076724646e-08,5.6712315559946735e-11,0
7400,-5.8194572404687062e-10,2.4884890646854202e-05,2.4895185571656635e-05,-1.0294924802432788e-08,5.6412978870572713e-11,0
7401,-3.7442061172941418e-10,2.0099607682254892e-04,2.0099715076111023e-04,-1.0739385613168628e-09,2.1083831673984040e-11,0
7403,3.7611822307475118e-10,-1.4812843353613492e-04,-1.4813033909189972e-04,1.9055557648028475e-09,7.1844791323288899e-11,0
7404,1.6976113053508030e-12,5.2867604171748066e-05,5.2865558147918335e-05,2.0460238297305205e-09,4.1466386529086279e-11,0
7405,-3.3188910777658250e-10,8.9607697097201372e-06,8.9551270918585943e-06,5.6426178615429459e-09,2.3908254219049402e-11,0
7406,3.9646545198505689e-10,-1.8016415133520654e-04,-1.8016871451861233e-04,4.5631834057896503e-09,1.4083447018909421e-11,0
7407,6.1702449900520447e-12,2.0826961039637350e-05,2.0823541972817628e-05,3.4190668197213892e-09,2.4811693154977388e-11,0
7408,-3.9029520690352532e-10,2.0099106089818165e-04,2.0099700603932837e-04,-5.9451411467132797e-09,1.7660666931719605e-11,0
7412,7.3689728372722108e-11,5.4564059496185757e-07,5.5827479176682734e-07,-1.2634196804969770e-08,1.6487268719725724e-11,0
7413,1.4992196132626304e-10,-3.7076708262614826e-05,-3.7078532060819915e-05,1.8237982050893996e-09,6.8235957182910365e-11,0
7414,7.6232233211988524e-11,-3.7622520238308338e-05,-3.7629831245600688e-05,7.3110072923497464e-09,2.0419371789406209e-11,0
7415,-1.6100004881242168e-11,3.5299445943831262e-06,3.5255838501834282e-06,4.3607441996979894e-09,4.0762791528236866e-11,0
7416,1.1237163613696772e-11,-3.7628863098882782e-05,-3.7630394986679564e-05,1.5318877967819273e-09,4.7327395581352992e-11,0
7417,9.8258551474007730e-10,-4.1194415323630995e-06,-4.0678218608221856e-06,-5.1619671540913923e-08,1.9627429204194413e-11,0
7418,3.6237793802916911e-10,-1.8022093122308999e-04,-1.8016881104926033e-04,-5.2120173829660419e-08,8.0240678075101288e-12,0
7419,-6.2020757736203577e-10,-1.7610152973430038e-04,-1.7610388059934466e-04,2.3508650442711620e-09,9.0405770369942592e-12,0
7420,-5.0767012516269467e-11,-3.7633480941148476e-05,-3.7630928014029084e-05,-2.5529271193916328e-09,3.6338298504098089e-11,0
7422,-3.4812131243363008e-11,6.9850065419329449e-06,6.9869455810493880e-06,-1.9390391164430859e-09,1.8687770746707685e-11,0
7424,1.5831293001934875e-10,3.5376224907859855e-06,3.5271693883823873e-06,1.0453102403598144e-08,7.5590063102596295e-11,0
7425,-1.3850114224776918e-14,-2.8106762418639458e-06,-2.8107027669604029e-06,2.6525096457122570e-11,9.6513888830516241e-13,0
7427,-5.6320111064237002e-10,-3.1140811096643656e-06,-3.0788804529280717e-06,-3.5200656736293919e-08,2.5963556046195518e-11,0
7428,-5.1453552023526574e-10,1.9886405754410749e-06,1.9714089935455047e-06,1.7231581895570179e-08,5.9246212018167885e-11,0
7429,-1.1935819179950843e-10,-7.1915219594237412e-06,-7.1541964542571297e-06,-3.7325505166611517e-08,2.5806523667145073e-11,0
7430,-2.0788322435885068e-10,-1.8328823962187463e-04,-1.8325788158360596e-04,-3.0358038268668043e-08,1.5474975328827230e-11,0
7431,-5.9970970001740398e-10,-3.5156397517423221e-05,-3.5110741639802238e-05,-4.5655877620982908e-08,6.9271680989051843e-11,0
7432,-6.2408444858966600e-10,1.7711060268014653e-05,1.7746496194575183e-05,-3.5435926560530614e-08,1.8366395513987615e-11,0
7433,-1.2104374119134302e-10,-2.9934687361798246e-06,-2.9507920714939374e-06,-4.2676664685887130e-08,3.2273888817034949e-11,0
7434,4.8665590427522844e-11,5.1027336469521012e-06,5.0425672668906800e-06,6.0166380061421204e-08,3.0179041709412597e-11,0
7435,4.4384291994041143e-10,-4.0774479637562672e-06,-4.0728188648908170e-06,-4.6290988654502157e-09,3.0622359933845964e-11,0
7436,3.5531788696481085e-10,-1.8017418977652432e-04,-1.8016872321885695e-04,-5.4665576673619196e-09,1.3137251391794182e-11,0
7437,-3.6508589297174275e-11,-3.2042383246271011e-05,-3.2043516043696955e-05,1.1327974259442214e-09,5.2628138504769981e-11,0
7438,-6.0883337843433168e-11,2.0825133346238055e-05,2.0823283711616283e-05,1.8496346217712872e-09,1.1434920840810573e-11,0
7439,4.4215737048139944e-10,1.2064978762663797e-07,1.2801377727341282e-07,-7.3639896467748491e-09,3.4832440070257177e-11,0
7440,3.9517732831315247e-10,-9.1802226793915448e-06,-9.1200256525658572e-06,-6.0197026825687593e-08,5.6059215582135643e-11,0
7441,3.0665229579991292e-10,-1.8527686393994720e-04,-1.8521539859017055e-04,-6.1465349776655253e-08,2.9785988983950027e-11,0
7442,-8.5174179791826219e-11,-3.7145112709783060e-05,-3.7080435984296467e-05,-6.4676725486593058e-08,9.9722865740287214e-11,0
7443,-1.0954892836388261e-10,1.5722403810430538e-05,1.5780693590222678e-05,-5.8289779792140362e-08,2.3557285300359898e-11,0
7444,3.9349177892851141e-10,-4.9820886752656446e-06,-4.9167146829056777e-06,-6.5373992359966911e-08,7.9945294723572173e-11,0
7445,-8.8525033166662675e-11,-1.7609673668964566e-04,-1.7609879429878863e-04,2.0576091429649890e-09,1.6224055773467560e-11,0
7446,-5.0472625824563911e-10,2.4902532137531562e-05,2.4896651198366742e-05,5.8809391648205565e-09,2.5610292973495938e-11,0
7447,-1.6855494866242907e-12,4.1980762511090132e-06,4.1996185767861127e-06,-1.5423256770995191e-09,2.5192249650170972e-11,0
7448,-4.1620122506461247e-10,2.0099930566937533e-04,2.0099676908425963e-04,2.5365851157000633e-09,1.1242260755715300e-11,0
7449,8.6839483675762939e-11,1.8029478637301619e-04,1.8029701035996047e-04,-2.2239869442851768e-09,1.7086474773995739e-11,0
7450,4.8035150949758550e-10,2.7965002324977905e-05,2.7970638947806873e-05,-5.6366228289679229e-09,7.0807880761006451e-11,0
7451,3.9182647641308551e-10,-1.4813183478257978e-04,-1.4812960987351729e-04,-2.2249090624883693e-09,6.0485950493751763e-11,0
7452,-2.4374748541822788e-11,5.2867618978340921e-05,5.2865896714716603e-05,1.7222636243178048e-09,5.4338481321082509e-11,0
7453,4.7866596002325417e-10,3.2162902337095310e-05,3.2167841979610869e-05,-4.9396425155586354e-09,7.2678437518426399e-11,0
7454,5.0304070859045685e-10,-2.0704496824464676e-05,-2.0697882510947880e-05,-6.6143135167966182e-09,2.6604290232890629e-11,0
7455,-4.8575035359157367e-10,-3.0768436512470295e-06,-3.0781665157619682e-06,1.3228645149386729e-09,2.9378940190088950e-11,0
7456,-1.5610869702684548e-10,-1.8326251008540274e-04,-1.8325732417073771e-04,-5.1859146650351171e-09,2.0933083172918664e-11,0
7457,-5.8963312942178508e-10,1.7742744521185867e-05,1.7746912328867881e-05,-4.1678076820145205e-09,1.9168216135458061e-11,0
7458,-1.1666269647724203e-10,-5.7800532806545624e-06,-5.7636832115429267e-06,-1.6370069111635679e-08,1.4911055779904334e-11,0
7459,3.2964165647616924e-10,-1.8018569913315352e-04,-1.8016887529475191e-04,-1.6823838401612903e-08,1.9432910404342402e-11,0
7460,-1.0388277583385379e-10,2.0819562052208206e-05,2.0822971025966243e-05,-3.4089737580369778e-09,1.6681065871414854e-11,0
7461,3.6908765698930823e-10,-2.7032203652917197e-06,-2.6899680407458521e-06,-1.3252324545867633e-08,1.2152992482144917e-11,0
7462,-4.3352443325885158e-10,2.0100527014508748e-04,2.0099661128091925e-04,8.6588641682379831e-09,1.7311973020489475e-11,0
7463,3.9446000927741271e-11,1.7748249793966006e-04,1.7748265503014820e-04,-1.5709048813280710e-10,8.5210135091149716e-12,0
7464,4.7297043326580349e-10,-2.3522780009641725e-05,-2.3514539318774189e-05,-8.2406908675364265e-09,1.3469732796090910e-11,0
7465,-4.6948636170788707e-10,6.0407615546788189e-06,6.0407945202617004e-06,-3.2965582881530294e-11,5.9098133944846638e-11,0
7472,-8.8835284757658582e-11,6.9545072852892839e-06,6.9870575701778206e-06,-3.2550284888536696e-08,2.4925469608187337e-11,0
7473,6.1732044845788021e-11,4.2081732403555575e-06,4.2002703232017525e-06,7.9029171538049354e-09,3.4785127050791812e-11,0
7476,-3.5072759668117908e-11,5.5864959022785751e-06,5.6022321523759582e-06,-1.5736250097383070e-08,1.8683828378595258e-11,0
7477,4.1985460516245966e-10,-1.8017401801522339e-04,-1.8016793785252436e-04,-6.0801626990288331e-09,1.0460869980068324e-11,0
7478,6.9259878763853276e-11,-3.2036218325313601e-05,-3.2042613450322308e-05,6.3951250087071303e-09,4.4436410077191473e-11,0
7479,1.0771996211607784e-10,2.0841590842924675e-05,2.0825007473538167e-05,1.6583369386507168e-08,7.7622886006024416e-12,0
7480,7.3523744803926519e-10,-2.6716477734495606e-06,-2.6866746462456101e-06,1.5026872796049536e-08,1.3111123957064644e-11,0
7481,4.5492736522267754e-10,-1.8576050580064105e-04,-1.8576945862122980e-04,8.9528205887495164e-09,1.1079588840657327e-11,0
7482,1.0433263905670944e-10,-3.7622740238690833e-05,-3.7629376801442283e-05,6.6365627514507132e-09,4.0827565991633811e-11,0
7483,1.4279272243601643e-10,1.5255165662184100e-05,1.5228255794881444e-05,2.6909867302656745e-08,2.0014842293705137e-11,0
7484,7.7031020807697538e-10,-8.2582162130168113e-06,-8.2881476388473071e-06,2.9931425830495779e-08,1.9451162768403207e-11,0
7485,-3.1213464290745737e-10,2.0101563702630207e-04,2.0099771433488089e-04,1.7922691421175816e-08,1.0845169770879349e-11,0
7486,3.1538284286834016e-10,1.7750243331621403e-04,1.7748501680313008e-04,1.7416513083947857e-08,6.7379852758681852e-12,0
7487,3.5059472648032902e-10,-1.4813769902500672e-04,-1.4812973611793133e-04,-7.9629070753926921e-09,5.7318903165930572e-11,0
7488,3.8460083343024464e-11,5.2877906542339245e-05,5.2866711916552319e-05,1.1194625786926091e-08,2.9866514987244216e-11,0
7489,6.6597756936521140e-10,2.9364727132974965e-05,2.9350066582670450e-05,1.4660550304514575e-08,7.1955473078730450e-11,0
7490,6.2751748613201878e-10,-2.3513200364676040e-05,-2.3513286221101995e-05,8.5856425955662492e-11,1.2375035133827319e-11,0
7491,1.0819256091748640e-10,5.5884531718337731e-06,5.6035128057204680e-06,-1.5059633886694917e-08,1.9863738183899333e-11,0
7492,3.8827040484171732e-10,-1.8017888427580495e-04,-1.8016813496877474e-04,-1.0749307030209418e-08,2.2212927291808246e-11,0
7493,5.2808814670551298e-11,-3.2038369894767018e-05,-3.2042789693096385e-05,4.4197983293674291e-09,5.8147016206470850e-11,0
7494,9.5997510619932851e-11,2.0837833502513215e-05,2.0824987451891978e-05,1.2846050621236917e-08,1.4677930037484092e-11,0
7495,2.8007784420670737e-10,-1.8576737061487287e-04,-1.8577094527357283e-04,3.5746586999588388e-09,2.6884709859500255e-11,0
7496,-5.5383745945280740e-11,-3.7626922205180515e-05,-3.7630792138267697e-05,3.8699330871818879e-09,3.8375739604187263e-11,0
7497,-1.2195049973298154e-11,1.5249341588606524e-05,1.5226978615163285e-05,2.2362973443239035e-08,2.0229079143051470e-11,0
7498,-2.9227289404319619e-10,2.0101672024210211e-04,2.0099789453495133e-04,1.8825707150777696e-08,1.5725426474498080e-11,0
7499,3.3546159018008973e-10,-1.4814040525752692e-04,-1.4812976107645909e-04,-1.0644181067830842e-08,5.3192789384281417e-11,0
7500,4.3188695941054533e-11,5.2876307794282561e-05,5.2866865434639817e-05,9.4423596427441561e-09,7.8648433852260135e-11,0
7501,-5.4838514990151330e-10,3.5242562672938189e-06,3.5207449978893059e-06,3.5112694045130319e-09,4.9365351924926405e-11,0
7502,4.5710111812502100e-10,-3.6179979381340682e-06,-3.6289335704324532e-06,1.0935632298384986e-08,6.5025795112845443e-11,0
7503,5.9808944571430578e-10,5.8824383422986792e-07,5.7964753151768247e-07,8.5963027121854509e-09,5.4032029263990002e-11,0
7504,5.9810520242139457e-10,-2.2224068273474923e-06,-2.2337052880108226e-06,1.1298460663330269e-08,3.0364511405899038e-11,0
7505,1.0054862683856358e-09,-7.1422078906282355e-06,-7.1441052700774516e-06,1.8973794492161468e-09,1.6072466327330782e-11,0
7506,1.1464745959758415e-09,-2.9359515185539697e-06,-2.9392823942573788e-06,3.3308757034091027e-09,1.8808266589329989e-11,0
7507,1.1464903526828374e-09,-5.7465803450645891e-06,-5.7522191319432845e-06,5.6387868786953363e-09,7.2651278794846483e-12,0
7508,1.4098832757906018e-10,4.2062731851096047e-06,4.2010451559535208e-06,5.2280291560839241e-09,1.9440184728628081e-11,0
7509,1.4100408428017304e-10,1.3956535514381835e-06,1.3900920237778884e-06,5.5615276602950961e-09,8.2275136060916177e-12,0
7513,-2.4079749294933331e-11,2.0827694130648748e-05,2.0823993946791263e-05,3.7001838574844757e-09,1.3766404059382191e-11,0
7514,5.1440392176316555e-10,-2.6950652108597567e-06,-2.6887397296029992e-06,-6.3254812567575469e-09,1.7406752308515085e-11,0
7515,5.3848367108249187e-10,-2.3522780196766346e-05,-2.3514344076493435e-05,-8.4361202729118406e-09,1.4663447513874947e-11,0
7516,-6.9567963698079642e-10,3.4899640734588344e-06,3.5194059857575885e-06,-2.9441912298754111e-08,2.7475813839130857e-11,0
7517,-2.4448367777708711e-10,-3.6597199975854644e-06,-3.6354164601751867e-06,-2.4303537410277711e-08,5.0718975243436143e-11,0
7518,-1.6054806551349198e-10,5.4172182358327992e-07,5.7268354187995960e-07,-3.0961718296679688e-08,6.2832612225487845e-11,0
7519,-1.6053951644423926e-10,-2.2689960534581777e-06,-2.2405834566913486e-06,-2.8412596766829060e-08,2.1225617216529273e-11,0
7521,4.5119596101797788e-10,-7.1496906843913216e-06,-7.1492367969302846e-06,-4.5388746103701465e-10,8.3085758718425427e-12,0
7522,5.3513157343521383e-10,-2.9481783612693435e-06,-2.9448488747746970e-06,-3.3294864946465474e-09,8.7493040232583973e-12,0
7523,5.3514012250442764e-10,-5.7589192267431394e-06,-5.7577948396741541e-06,-1.1243870689852533e-09,3.4309536971809327e-12,0
7524,-1.5283061445824949e-10,9.0003618567618959e-06,8.9577960892131200e-06,4.2565767548775958e-08,1.1933111773269026e-11,0
7525,8.3935612340541350e-11,4.2015149533470089e-06,4.2006157731336487e-06,8.9918021336024556e-10,1.1757396765330161e-11,0
7526,8.3944161414170717e-11,1.3907931910961228e-06,1.3896549384492729e-06,1.1382526468499791e-09,4.6033664627686027e-12,0
7527,-6.0402657402735913e-10,1.6150091796691274e-05,1.6102101049496674e-05,4.7990747194599683e-08,2.6074229174009861e-11,0
7529,-6.8796218583176287e-10,1.1948560953938155e-05,1.1900943189328348e-05,4.7617764609806800e-08,2.4065952211408459e-11,0
7530,-6.8797073490155653e-10,1.4759277112658814e-05,1.4717091977095004e-05,4.2185135563809869e-08,9.8075401460249704e-12,0
7531,2.7876548724294615e-10,-1.8019892616966821e-04,-1.8016889842945288e-04,-3.0027740215328447e-08,1.2567386954587053e-11,0
7532,-6.4018992141741432e-11,-3.2051172668695919e-05,-3.2043920544407646e-05,-7.2521242882727256e-09,5.8201730803758399e-11,0
7533,-7.8708417813608559e-11,2.0821526929202605e-05,2.0823622340892426e-05,-2.0954116898210136e-09,1.4246745602918453e-11,0
7534,-3.5747390637530764e-10,2.0102040187649009e-04,2.0099730088981725e-04,2.3100986672837040e-08,1.1439347225814773e-11,0
7535,3.4278447955468626e-10,-1.4814770188962233e-04,-1.4812940421617764e-04,-1.8297673444689572e-08,5.3145162102170600e-11,0
7536,-1.4689425660268216e-11,5.2872670263528739e-05,5.2866624207114245e-05,6.0460564144936848e-09,7.0600692903189702e-11,0
7537,2.0179244985573897e-10,5.5348818158449178e-07,5.6000307528809959e-07,-6.5148937036078078e-09,3.0614276446469648e-11,0
7538,9.7253399522801157e-11,-7.1574042181995340e-06,-7.1524980703180182e-06,-4.9061478815157726e-09,7.6545639805067929e-12,0
7539,1.3613914147365067e-10,-2.9582622014952785e-06,-2.9484802148587832e-06,-9.7819866364952618e-09,7.2241660966934453e-12,0
7540,1.3614205214337850e-10,-5.7691028579141129e-06,-5.7614305514113980e-06,-7.6723065027149698e-09,3.2853200174030840e-12,0
7541,3.8885741954790339e-11,4.1991458644969996e-06,4.2002483334921252e-06,-1.1024689951255763e-09,1.0032582036529542e-11,0
7542,3.8888652624818273e-11,1.3883135690543561e-06,1.3892838461624627e-06,-9.7027710810653750e-10,5.0994640616895747e-12,0
7544,2.3351157148879313e-10,-9.6462630519143257e-06,-9.6712564062369165e-06,2.4993354322590808e-08,3.4284568175238184e-11,0
7545,1.4488657117178941e-10,-1.8576983963076174e-04,-1.8577170341271769e-04,1.8637819559441746e-09,1.8348862783390904e-11,0
7546,2.3333362299113778e-10,-8.2638561567671166e-06,-8.2930020548581808e-06,2.9145898091064210e-08,2.0574256954042137e-11,0
7547,-8.8625000282676842e-11,-1.7612358836959895e-04,-1.7609762930590771e-04,-2.5959063691243780e-08,2.0131729435519054e-11,0
7548,-1.7794849536070291e-13,1.3823328685687764e-06,1.3889770257036431e-06,-6.6441571348667599e-09,1.8212135909336865e-11,0
7549,8.8447051860017925e-11,1.7750595552771652e-04,1.7748232619450128e-04,2.3629333215243430e-08,1.0193366580354448e-11,0
7550,-1.0681304850764602e-10,-3.0615917248422511e-06,-3.0746443232786380e-06,1.3052598436386850e-08,1.5455819373049723e-11,0
7551,-3.2401506667942374e-10,1.9603395809359228e-06,1.9725933184414859e-06,-1.2253737505563126e-08,1.3730003207869473e-11,0
7552,-1.3400723689849205e-10,-3.5113055571523756e-05,-3.5106330327772330e-05,-6.7252437514262841e-09,3.9847535978283636e-11,0
7553,-1.7665939753544316e-10,1.7750850529527854e-05,1.7751474943721521e-05,-6.2441419366676362e-10,8.4320691948253301e-12,0
7554,-3.4586648485203142e-10,8.9481411869830538e-06,8.9563166409066610e-06,-8.1754539236072478e-09,1.2836365895552799e-11,0
7555,-2.1720201801134090e-10,5.0219288178377647e-06,5.0395220525750309e-06,-1.7593234737266231e-08,2.4393542597915820e-11,0
7556,-2.7194188442092494e-11,-3.2051406942410279e-05,-3.2043644895913328e-05,-7.7620464969516047e-09,6.2194597239595816e-11,0
7557,-6.9846349082221264e-11,2.0812458557530750e-05,2.0823894581950171e-05,-1.1436024419420889e-08,9.4966204419660715e-12,0
7558,-2.3905343622789711e-10,1.2009711572088036e-05,1.2028894858927776e-05,-1.9183286839740310e-08,2.4536168959248797e-11,0
7559,1.9000782984242703e-10,-3.7073374291196441e-05,-3.7077356562335380e-05,3.9822711389388599e-09,6.2995133765733039e-11,0
7560,1.4735566920646345e-10,1.5790491513697699e-05,1.5784489372262572e-05,6.0021414351272423e-09,1.4587861872520247e-11,0
7561,-2.1851418160399018e-11,6.9877997671478724e-06,6.9887381007527915e-06,-9.3833360491905649e-10,1.7989810283537149e-11,0
7562,-4.2652160640127051e-11,5.2863989466047940e-05,5.2866614812943657e-05,-2.6253468957170359e-09,3.5542584848010674e-11,0
7563,-2.1185924784731480e-10,4.4061204012634664e-05,4.4070713256630472e-05,-9.5092439958077636e-09,6.6397885836386072e-11,0
7564,-1.6920708726357341e-10,-8.8027148521466897e-06,-8.7938943126135563e-06,-8.8205395331334346e-09,1.4450200153275700e-11,0
7565,1.4239871621266374e-10,5.5621668603560159e-06,5.6036970816855115e-06,-4.1530221329495588e-08,3.3438558535086482e-11,0
7566,8.5596729517683430e-10,8.4944987040896924e-08,1.3158998652005269e-07,-4.6644999479155767e-08,3.4699081313578968e-11,0
7567,7.1356858027904248e-10,-5.4772186579045423e-06,-5.4748996152655870e-06,-2.3190426389552829e-09,5.4446830716500139e-11,0
7568,-1.5925509778186152e-09,-2.2509293819963569e-06,-2.2535623344433907e-06,2.6329524470337932e-09,4.1936492172220351e-11,0
7569,1.3509470352816217e-10,5.4834615173613571e-07,5.5965693200279051e-07,-1.1310780266654797e-08,1.6820414608723340e-11,0
7570,1.5130497141408932e-10,-3.7077767668501627e-05,-3.7077543613019966e-05,-2.2405548166033913e-10,4.4924801158930777e-11,0
7571,7.9668132767872682e-11,6.9971300535667802e-06,6.9900596002651452e-06,7.0704533016349692e-09,1.2159335709086672e-11,0
7572,1.6210268024803693e-11,-3.7626131047375014e-05,-3.7629882391832889e-05,3.7513444578750636e-09,1.9676718718217993e-11,0
7573,-5.5426570619640176e-11,6.4487668226392847e-06,6.4309203836481594e-06,1.7846438991125283e-08,1.6911025957665818e-11,0
7574,-7.1636838646027174e-11,4.4074829299007787e-05,4.4072216825775732e-05,2.6124732320544357e-09,3.7851266338992901e-11,0
7575,-2.8877181029588201e-10,-3.0840213624786124e-06,-3.0762721260668296e-06,-7.7492364117827723e-09,1.3797052589078550e-11,0
7576,5.0371389428977200e-11,-7.1616140798428513e-06,-7.1530890779301356e-06,-8.5250019127156495e-09,1.5392521020879502e-11,0
7577,5.1633425030569287e-11,-1.8325280514757628e-04,-1.8325452268640733e-04,1.7175388310479607e-09,8.2930667197075967e-12,0
7578,-3.6979672971523560e-10,1.7740115279394134e-05,1.7749994275753268e-05,-9.8789963591344959e-09,9.7607955435069755e-12,0
7579,7.0283920943715681e-11,-2.9623084014862230e-06,-2.9490947847119346e-06,-1.3213616774288472e-08,1.5825110648281276e-11,0
7580,3.3914319994199506e-10,-4.0775749810344729e-06,-4.0743839286312391e-06,-3.1910524032338150e-09,2.2102175138376626e-11,0
7581,3.4040523548543279e-10,-1.8016876308248780e-04,-1.8016792138242322e-04,-8.4170006457284091e-10,1.0048016043221843e-11,0
7582,-8.1024919408774006e-11,2.0824136940413018e-05,2.0824001948042296e-05,1.3499237072270168e-10,8.8953482635257386e-12,0
7583,3.5905573145535636e-10,1.2173903886749174e-07,1.2704440611926219e-07,-5.3053672517704467e-09,2.1339749794107493e-11,0
7584,1.2620354818131017e-12,-1.7609117839620164e-04,-1.7609641835778769e-04,5.2399615860536028e-09,1.3920753925510800e-11,0
7585,-4.2016811957129484e-10,2.4901740204974054e-05,2.4898947185448355e-05,2.7930195256986969e-09,1.5632392182446284e-11,0
7586,1.9912531506532820e-11,4.1992637973673917e-06,4.2002346832565017e-06,-9.7088588910996631e-10,2.6788514879026352e-11,0
7587,-4.2143015484742346e-10,2.0099291817209184e-04,2.0099671782710675e-04,-3.7996550149136960e-09,7.6325561227145841e-12,0
7588,1.8650495946747709e-11,1.8029049750115144e-04,1.8029530549660956e-04,-4.8079954581201328e-09,1.4120827750139753e-11,0
7589,4.4008065120565182e-10,-2.0702431649953675e-05,-2.0699597403261391e-05,-2.8342466922835513e-09,1.5509688881615353e-11,0
7590,-3.8222600122486930e-10,-3.0697326190761570e-06,-3.0771034364817770e-06,7.3708174056199825e-09,2.1132535278128326e-11,0
7591,-1.2179741553184557e-10,-7.1672931116970040e-06,-7.1547242314769454e-06,-1.2568880220058604e-08,2.6418817519965345e-11,0
7592,-1.0743287022324898e-10,-1.8326067168250755e-04,-1.8325580802034901e-04,-4.8636621585360345e-09,1.4594478914398661e-11,0
7593,-4.5917273261958049e-10,-3.5121210049507726e-05,-3.5109195467587753e-05,-1.2014581919973821e-08,6.5804366922931236e-11,0
7594,-5.0133739040309442e-10,1.7747646509633187e-05,1.7748989182601729e-05,-1.3426729685416124e-09,1.5810850994717872e-11,0
7595,-1.0227267731802776e-10,-2.9686868323712534e-06,-2.9506702015046476e-06,-1.8016630866605817e-08,3.1315158795125785e-11,0
7596,2.6042858533643271e-10,-4.0975347826745223e-06,-4.0751980773037275e-06,-2.2336705370794852e-08,2.3570936539252858e-11,0
7597,2.7479313075145489e-10,-1.8019092001443637e-04,-1.8016836716545659e-04,-2.2552848979778741e-08,9.8062819607416321e-12,0
7598,-7.6946731402313918e-11,-3.2051433768432152e-05,-3.2044206317985232e-05,-7.2274504469199479e-09,3.4076694876511284e-11,0
7599,-1.1911138918405553e-10,2.0817383787716248e-05,2.0823800595573597e-05,-6.4168078573491056e-09,1.4450648669235939e-11,0
7600,2.7995332355991523e-10,1.0109108590332372e-07,1.2629092361884387e-07,-2.5199837715520155e-08,2.3829655538414356e-11,0
7601,1.4364544782938212e-11,-1.7609336894867066e-04,-1.7609604853893431e-04,2.6795902636524149e-09,1.3826965868401010e-11,0
7602,-3.7953997663579273e-10,2.4914937310433274e-05,2.4899562020925340e-05,1.5375289507934669e-08,2.9089927731977617e-11,0
7603,1.9524738151351927e-11,4.1986443210998542e-06,4.2002986307492919e-06,-1.6543096494376096e-09,2.6545616456549796e-11,0
7604,-3.9390452104727639e-10,2.0100831946529008e-04,2.0099696745644080e-04,1.1352008849271639e-08,1.4273105170423998e-11,0
7605,5.1601932349945243e-12,1.8029200357255878e-04,1.8029500846129877e-04,-3.0048887399863628e-09,1.2517040264880860e-11,0
7606,3.3737531713774949e-10,2.7953910641316526e-05,2.7968940485982506e-05,-1.5029844665979773e-08,8.4673634967350265e-11,0
7607,3.5173986243135748e-10,-1.4813948345275552e-04,-1.4812861292955260e-04,-1.0870523202915301e-08,4.2789979644213265e-11,0
7608,-4.2164657781861971e-11,5.2868800165194570e-05,5.2867071196207140e-05,1.7289689874298939e-09,4.9945152474686828e-11,0
7609,3.5690005534768610e-10,3.2152438531926619e-05,3.2166774977312436e-05,-1.4336445385816708e-08,7.5521489450559206e-11,0
7610,3.9906471316319342e-10,-2.0716300177891708e-05,-2.0700153919032015e-05,-1.6146258859693152e-08,2.8613897416314951e-11,0
7611,2.9489443421952677e-11,5.2831712838569134e-07,5.5881480191428298e-07,-3.0497673528591643e-08,2.5698339526611971e-11,0
7613,5.4661448679971419e-10,-8.2135443582841139e-06,-8.2901325983663302e-06,7.6588240082216347e-08,4.0352245952874072e-11,0
7614,-5.4614646191158221e-10,1.7723537691463273e-05,1.7748679720334082e-05,-2.5142028870808709e-08,2.2321075092028949e-11,0
7615,-5.4196697436121237e-10,3.5256928491163406e-06,3.5208033436908521e-06,4.8895054254884628e-09,4.8364097220053386e-11,0
7616,4.6290022602016536e-10,-3.6150984554419313e-06,-3.6294029567721816e-06,1.4304501330250243e-08,7.2564829032516711e-11,0
7617,6.0714435702299819e-10,5.9265188019283488e-07,5.7939448833542952e-07,1.3257391857405355e-08,5.8538524420689519e-11,0
7618,6.0716074188593580e-10,-2.2181583850238579e-06,-2.2335311910498306e-06,1.5372806025972703e-08,3.0748711478886706e-11,0
7619,1.0048672003356897e-09,-7.1409488136171817e-06,-7.1445715789523439e-06,3.6227653351622021e-09,1.8044566652582336e-11,0
7620,1.1491113313434630e-09,-2.9332037359934560e-06,-2.9393028635108975e-06,6.0991275174415663e-09,1.9880675171300790e-11,0
7621,1.1491277161995118e-09,-5.7439061544820730e-06,-5.7522851588124932e-06,8.3790043304202071e-09,7.8652045492267592e-12,0
7622,1.4424413099522678e-10,4.2077380076211562e-06,4.2015187007482121e-06,6.2193068729440913e-09,2.0922688668613015e-11,0
7623,1.4426051585379819e-10,1.3970527835060684e-06,1.3905275936857631e-06,6.5251898203053102e-09,9.1792708888706129e-12,0
7624,1.6384864443107715e-14,-2.8106939161607796e-06,-2.8107853350136467e-06,9.1418852867103259e-11,8.1989726303652506e-12,0
7625,-2.3994821634773751e-10,5.0097242558968386e-06,5.0388044986775441e-06,-2.9080242780705580e-08,1.4736187650319835e-11,0
7626,-8.5252747807193116e-13,-3.2043731145537144e-05,-3.2043579020753664e-05,-1.5212478348005211e-10,3.1204498732066595e-11,0
7627,-3.2732521489367128e-11,2.0814870352041381e-05,2.0824794828483618e-05,-9.9244764422367054e-09,7.6226710981673516e-12,0
7628,-2.4270902954135002e-10,1.2000185518348805e-05,1.2029345618937449e-05,-2.9160100588644034e-08,1.9550507745535438e-11,0
7629,2.3909568902020163e-10,-3.7053495115279070e-05,-3.7076440571653468e-05,2.2945456374398685e-08,4.9524039108116596e-11,0
7630,2.0721569505999907e-10,1.5805132597603716e-05,1.5786220741494461e-05,1.8911856109255138e-08,9.7130711536748325e-12,0
7631,-2.7608130924255613e-12,6.9904446004800339e-06,6.9900479574666713e-06,3.9664301336260867e-10,1.4406225667559808e-11,0
7632,-3.1879994009493094e-11,5.2858628167449725e-05,5.2867431604543630e-05,-8.8034370939040841e-09,2.8940130718557613e-11,0
7633,-2.4185650206680175e-10,4.4043884998491711e-05,4.4071092923433724e-05,-2.7207924942012317e-08,5.1432896041994662e-11,0
7634,-2.0997650806873238e-10,-8.8146864571560929e-06,-8.7942589498567686e-06,-2.0427507299324279e-08,1.0212020790669772e-11,0
7636,1.6876988765489839e-09,-5.7541887531755917e-06,-5.7473980594919170e-06,-6.7906936836746983e-09,2.0227584591987850e-11,0
7637,2.0549769739360283e-10,1.3917119311584493e-06,1.3911244159648187e-06,5.8751519363063915e-10,2.3207693466727228e-11,0
7638,1.8176883883934722e-10,1.5810978463853993e-05,1.5786166544699277e-05,2.4811919154716386e-08,5.8548750347249319e-11,0
7639,-5.5669498709974911e-11,6.9858599995612988e-06,6.9897365201898401e-06,-3.8765206285412565e-09,2.3958754836349398e-11,0
7640,-2.3743833735995791e-10,-8.8251866773633031e-06,-8.7945077043909568e-06,-3.0678972972346321e-08,4.4585474132769399e-11,0
7641,-1.2108557437469481e-10,5.5768895605434743e-06,5.6011595248217431e-06,-2.4269964278268766e-08,2.3701171549540206e-11,0
7642,4.9523131923561247e-10,-1.8017047303718516e-04,-1.8016604853473222e-04,-4.4245024529462711e-09,1.5252636344510058e-11,0
7643,6.1631689365284220e-10,-1.8574737089742388e-04,-1.8576661550730395e-04,1.9244609880068181e-08,1.7818555205800432e-11,0
7644,5.9170894216389182e-10,3.2166691185696924e-05,3.2168921328450585e-05,-2.2301427536611435e-09,6.5991963605807860e-11,0
7645,-7.0636595488984765e-10,3.5038206418602086e-06,3.5193088394922573e-06,-1.5488197632048745e-08,2.5675090296091560e-11,0
7646,-2.5280166642409629e-10,-3.6465698412917191e-06,-3.6360194476977382e-06,-1.0550393593980896e-08,5.1945440024457285e-11,0
7647,-1.6368852701919221e-10,5.5508733695121271e-07,5.7231625113856039e-07,-1.7228914187347681e-08,6.3450329603460285e-11,0
7648,-1.6367910836194828e-10,-2.2556817376295085e-06,-2.2405192964084351e-06,-1.5162441221073374e-08,2.0099600576459977e-11,0
7649,4.5356429009056125e-10,-7.1503371750257852e-06,-7.1496805953165755e-06,-6.5657970920966074e-10,8.6361922650099817e-12,0
7650,5.4267742964527286e-10,-2.9487311019368162e-06,-2.9448251648877921e-06,-3.9059370490240619e-09,8.9160229131032274e-12,0
7651,5.4268684829865672e-10,-5.7595112519012032e-06,-5.7578171448247243e-06,-1.6941070764788492e-09,3.3459475808892312e-12,0
7652,8.9113139482857932e-11,4.2016106726371419e-06,4.2011112660540588e-06,4.9940658308308175e-10,1.1907544293282280e-11,0
7653,8.9122558139004989e-11,1.3908490266666650e-06,1.3901120755511918e-06,7.3695111547319211e-10,4.9486060548509001e-12,0
7655,-3.8232524436801540e-11,-3.2042974887370622e-05,-3.2043990995776296e-05,1.0161084056746332e-09,5.9689879557918645e-11,0
7656,-4.3854666478472836e-11,2.0829198924808212e-05,2.0824927709068578e-05,4.2712157396338130e-09,1.1868043645353898e-11,0
7657,-5.6221420241790641e-12,5.2872161618334849e-05,5.2867969151931030e-05,4.1924664038190253e-09,6.7785229020275643e-11,0
7658,2.4941176121015438e-10,5.5521328415006344e-07,5.6113838310086936e-07,-5.9250989508059248e-09,1.8928959763242178e-11,0
7659,5.5413058642301235e-11,6.9939724675668197e-06,6.9911061281994958e-06,2.8663393673238641e-09,2.0174399239606047e-11,0
7660,-1.9399870289808200e-10,6.4387854485214308e-06,6.4304213423041229e-06,8.3641062173078068e-09,2.4296774530487979e-11,0
7662,-3.9238614157382685e-11,-7.2094451647689711e-06,-7.1542128829979039e-06,-5.5232281771067236e-08,3.4538421935112707e-11,0
7663,-9.1735670747768863e-11,-1.8330428945849409e-04,-1.8325511640794145e-04,-4.9173050552632838e-08,2.1537726047407912e-11,0
7664,-5.2497056931242021e-11,-1.7609486507182907e-04,-1.7609579995897536e-04,9.3488714629475465e-10,2.1039790017929625e-11,0
7665,5.1447765591361498e-11,5.0542444005978460e-06,5.0411189912877014e-06,1.3125409310144589e-08,4.1566246961825540e-11,0
7666,2.7983606289674878e-10,5.5999422026702800e-06,5.6047351333639050e-06,-4.7929306936250296e-09,3.3422948726584621e-11,0
7668,3.6310398740877562e-10,-1.8016684250565535e-04,-1.8016696364530100e-04,1.2113964565079079e-10,2.7527685657773893e-11,0
7669,-1.6711970796829181e-11,2.0829257166598089e-05,2.0825309079276524e-05,3.9480873215647571e-09,1.5185039140736849e-11,0
7670,4.9604475525173863e-10,-2.6795381529338969e-06,-2.6892956815098797e-06,9.7575285759828100e-09,5.3674538272201031e-11,0
7671,2.2838829770076264e-10,5.4564323285653457e-07,5.6102224921086370e-07,-1.5379016354329129e-08,3.0746475335130233e-11,0
7673,3.1165622132268993e-10,-1.8522118536542370e-04,-1.8521214133388882e-04,-9.0440315348805454e-09,6.4651367616211336e-11,0
7674,-6.8159736608397741e-11,1.5774929977868668e-05,1.5784494875597007e-05,-9.5648977283389783e-09,5.1137327900455346e-11,0
7675,4.4459698885185752e-10,-7.7335643553035939e-06,-7.7352799388091089e-06,1.7155835055149900e-09,6.1825628608116915e-11,0
7676,2.3276731582984558e-10,-9.6640086097275898e-06,-9.6715644161233572e-06,7.5558063957673857e-09,7.1354726055023762e-11,0
7678,-2.9654803424410329e-10,1.5229333066421949e-05,1.5226443396960037e-05,2.8896694619117477e-09,3.6818615471380476e-11,0
7679,2.1620869127507141e-10,-8.2792827639311187e-06,-8.2931044263337776e-06,1.3821662402658917e-08,3.7138816741529739e-11,0
7680,-1.4949939211577343e-10,-1.7610271563812518e-04,-1.7609653867645448e-04,-6.1769616706991177e-09,4.8728432286872940e-11,0
7681,-5.2931535006957567e-10,2.4893434444469772e-05,2.4899179183472320e-05,-5.7447390025474341e-09,6.9625489458221893e-11,0
7682,-1.6558624556662411e-11,1.3847778084926342e-06,1.3892327152195865e-06,-4.4549067269522882e-09,9.1334671860553261e-12,0
7683,-3.7981595812044685e-10,2.0099612800692163e-04,2.0099709314610835e-04,-9.6513918672368540e-10,2.2303429354859641e-11,0
7684,1.3294076775007605e-10,1.7748745370595002e-04,1.7748149547708295e-04,5.9582288670738653e-09,1.4573073400110934e-11,0
7685,5.1275672603979786e-10,-2.3508635775850578e-05,-2.3516257743258275e-05,7.6219674076967567e-09,2.7486105025881887e-11,0
7687,4.5140250373613508e-10,-1.8016958822666398e-04,-1.8016603827290126e-04,-3.5499537627255249e-09,7.1423998179163837e-12,0
7688,5.3670494138677277e-11,-3.2037977120796986e-05,-3.2043233429402365e-05,5.2563086053796187e-09,2.4031727608881133e-11,0
7689,8.1580007244871248e-11,2.0838100088708608e-05,2.0826320579600904e-05,1.1779509107704192e-08,6.9015995969653823e-12,0
7690,7.4596733052148408e-10,1.4598763192937014e-07,1.3036224504170237e-07,1.5625386887667771e-08,1.6173825787349008e-11,0
7691,-3.6982249644485056e-10,2.0100767990734788e-04,2.0099718350666764e-04,1.0496400680240102e-08,1.0162097268268572e-11,0
7692,2.9456482679168619e-10,1.8031563137946988e-04,1.8029680208753008e-04,1.8829291939791723e-08,9.9497559197702870e-12,0
7693,3.9773200965166669e-10,-1.4813152819079245e-04,-1.4812728975728659e-04,-4.2384335058581052e-09,3.9969206694309304e-11,0
7694,2.7909513097216728e-11,5.2876154914201137e-05,5.2868596567215742e-05,7.5583469853949636e-09,2.5695933840917298e-11,0
7695,6.9229683643343756e-10,3.2183937858797432e-05,3.2169850524804567e-05,1.4087333992865024e-08,7.5147989052672292e-11,0
7696,6.6438732339896524e-10,-2.0692037410244713e-05,-2.0698623637070483e-05,6.5862268257697496e-09,2.0305874465792397e-11,0
7697,-2.7899238135795841e-10,8.9660707744323304e-06,8.9582261089277741e-06,7.8446655045562227e-09,2.3432332104369235e-11,0
7698,2.2077677977995203e-10,5.5669864828678667e-06,5.6041427080535848e-06,-3.7156225185718076e-08,2.2444663097299616e-11,0
7699,9.7040039591494125e-10,-4.1020311810123847e-06,-4.0692874060046447e-06,-3.2743775007739972e-08,2.9426705927290489e-11,0
7700,4.0336041733293261e-10,-1.8020217656713328e-04,-1.8016636766847222e-04,-3.5808898661061385e-08,1.3810780020370213e-11,0
7701,5.4356781001275412e-11,-3.2027605879879589e-05,-3.2043259021870763e-05,1.5653141991174102e-08,4.7814394447847220e-11,0
7702,8.5165754053686776e-10,9.3854346929628241e-08,1.3129854899308013e-07,-3.7444202063451892e-08,3.3115981155692831e-11,0
7703,8.5164074764440282e-10,-2.7170497363532276e-06,-2.6861319985444082e-06,-3.0917737808819332e-08,1.2135366340218606e-11,0
7704,7.4962361786434502e-10,-9.6689571952501482e-06,-9.6669359507044060e-06,-2.0212445457421901e-09,2.5222469249619555e-11,0
7705,1.8258363890086095e-10,-1.8576915354331057e-04,-1.8576996875201420e-04,8.1520870362874510e-10,2.0027201116802343e-11,0
7706,-1.6641999755062373e-10,-3.7594548055223768e-05,-3.7631138684337241e-05,3.6590629113472336e-08,2.3985204287823662e-11,0
7707,6.3088076240423692e-10,-5.4731589278775652e-06,-5.4756518253428984e-06,2.4928974653331583e-09,3.0238316582592858e-11,0
7708,6.3086396951379982e-10,-8.2840183488032751e-06,-8.2893225041948175e-06,5.3041553915423684e-09,9.6149322364403903e-12,0
7709,-5.6703997917802954e-10,-1.7610020970904201e-04,-1.7609995170125102e-04,-2.5800779099457126e-10,1.8162666757452479e-11,0
7710,-1.1874285549583992e-10,4.1958128561441800e-06,4.1994136756486211e-06,-3.6008195044411135e-09,1.8188656674370656e-11,0
7711,-1.1875964839114563e-10,1.3849624834016798e-06,1.3883978235123012e-06,-3.4353401106213579e-09,6.4166519302759842e-12,0
7712,4.4829712411815351e-10,1.8029602139350148e-04,1.8029807538408945e-04,-2.0539905879650780e-09,1.8792443161881565e-11,0
7713,4.4828033123361715e-10,1.7748514292054759e-04,1.7748407459314936e-04,1.0683273982256200e-09,7.0145837345595598e-12,0
7714,9.1604361481016220e-10,2.7925449040695077e-05,2.7973896590003580e-05,-4.8447549308502783e-08,6.8367983957032922e-11,0
7715,3.4900363630295546e-10,-1.4817468024189671e-04,-1.4812759843219124e-04,-4.7081809705475444e-08,5.7778975275480802e-11,0
7716,7.9730075943912564e-10,3.2121371503672849e-05,3.2170809025333121e-05,-4.9437521660271452e-08,5.8486878000247835e-11,0
7717,7.9728396654804768e-10,2.9310563816338508e-05,2.9351179142060361e-05,-4.0615325721853003e-08,3.3876587875872532e-11,0
7718,-1.6792896311094520e-14,-2.8108538054836385e-06,-2.8108229803187412e-06,-3.0825164897312822e-11,6.1295579343845183e-12,0
7719,-7.7790651932545475e-11,3.5326016086818096e-06,3.5250230381228194e-06,7.5785705589902017e-09,3.7924451459675130e-11,0
7720,1.7648464033652041e-11,6.9925048219166472e-06,6.9915121640864638e-06,9.9265783018335845e-10,2.5811552954574427e-11,0
7721,-6.2203119791711250e-11,2.0822588906742150e-05,2.0825189140129609e-05,-2.6002333874592157e-09,1.8087451341809500e-11,0
7723,-1.4213404022102679e-09,-3.6346877415941153e-06,-3.6469618121728209e-06,1.2274070578705652e-08,5.5696189293014253e-11,0
7724,-2.9515823902924650e-09,-1.7973345969839790e-04,-1.7973062536516101e-04,-2.8343332368889907e-09,3.5796436047172339e-11,0
7725,-1.7678569415942514e-09,-2.2497474676374390e-06,-2.2550462551479608e-06,5.2987875105217077e-09,3.6019301630202794e-11,0
7726,2.3814061553867730e-09,-9.7006458948979690e-06,-9.6521561542219062e-06,-4.8489740676062830e-08,2.6491872484093671e-11,0
7727,8.5116416702777612e-10,-1.8579939581497493e-04,-1.8576368745349198e-04,-3.5708361482950741e-08,1.3782577007602093e-11,0
7728,2.0348896158434068e-09,-8.3157725435534929e-06,-8.2765493040890905e-06,-3.9223239464402436e-08,1.3531376376950472e-11,0
7729,-1.5302419880126864e-09,-1.7609871012486253e-04,-1.7610841170568494e-04,9.7015808224151009e-09,8.4442198418502354e-12,0
7730,-3.4651653933471234e-10,1.3848871092587717e-06,1.3864002444421639e-06,-1.5131351833921705e-09,9.0220708982921999e-12,0
7731,1.1837254486154084e-09,1.7748360159992155e-04,1.7749053777924552e-04,-6.9361793239629353e-09,5.2094603442039641e-12,0
7732,3.6030372603979031e-10,-2.9536010208415855e-06,-2.9465113434149930e-06,-7.0896774265925124e-09,4.3145688056758923e-11,0
7733,-1.3559659834131888e-10,5.0383040912042182e-06,5.0390276897495584e-06,-7.2359854534024409e-10,1.5312887830401010e-11,0
7734,1.3267435484965003e-11,-3.2040168006561244e-05,-3.2043697204543032e-05,3.5291979817882440e-09,3.8507256512620476e-11,0
7735,-2.9470924828838559e-12,2.0830411304712188e-05,2.0825865007728665e-05,4.5462969835229181e-09,6.9824359937647041e-12,0
7737,1.4886403384975609e-10,-3.7078501538860206e-05,-3.7076593672771732e-05,-1.9078660884745864e-09,6.2693782739553730e-11,0
7738,1.3264950590126376e-10,1.5792121623982303e-05,1.5787229028408251e-05,4.8925955740512512e-09,1.1756003184766545e-11,0
7739,5.2043242498137431e-11,6.9951678964268876e-06,6.9921600355508989e-06,3.0078608759887069e-09,1.4198117309997524e-11,0
7740,-1.6214527972682484e-11,5.2870666148839188e-05,5.2868594999493729e-05,2.0711493454596383e-09,3.3669038967736078e-11,0
7741,-9.6820791348523690e-11,4.4073635397354032e-05,4.4073337935851126e-05,2.9746150290529570e-10,6.3232645638924030e-11,0
7743,-1.0631933997045908e-14,-2.8108421435313344e-06,-2.8108405230642635e-06,-1.6204670708550842e-12,1.6693260184015771e-12,0
7744,7.2236834528946196e-11,5.5896990549756526e-06,5.6027149478355038e-06,-1.3015892859851276e-08,5.8546215868276771e-12,0
7745,1.2939374373761731e-11,2.0832510611983393e-05,2.0826108151117751e-05,6.4024608656419247e-09,5.1573862317606763e-12,0
7746,-5.9297460033962342e-11,1.5242820278046389e-05,1.5229406410614122e-05,1.3413867432266494e-08,7.1538748928387001e-12,0
7747,6.2270824593241014e-10,5.9916766316850389e-07,5.7918257424242591e-07,1.9985088926077987e-08,6.7669973258330484e-11,0
7748,-1.1408752400720779e-10,-3.0626984444822279e-06,-3.0745154646910215e-06,1.1817020208793568e-08,2.1800842978598825e-11,0
7749,-3.5822990121774023e-10,1.9417883926498708e-06,1.9710581995132428e-06,-2.9269806863372035e-08,2.6231384405262152e-11,0
7750,-1.2243396026213102e-10,-3.5110215775830235e-05,-3.5105827827911821e-05,-4.3879479184140207e-09,4.9717707937481365e-11,0
7751,-1.5811715081243616e-10,1.7748616017202140e-05,1.7753680510138191e-05,-5.0644929360507197e-09,1.3177735849589071e-11,0
7753,-2.4414237720452136e-10,5.0045259134736536e-06,5.0378728059038621e-06,-3.3346892430208477e-08,1.4536426722451303e-11,0
7754,-8.3464362672847305e-12,-3.2047559495734031e-05,-3.2043950828264124e-05,-3.6086674699072497e-09,3.1647239020725370e-11,0
7755,-4.4029626826094071e-11,2.0811344296396434e-05,2.0825676806005403e-05,-1.4332509608968506e-08,7.6207075180998039e-12,0
7757,2.3579594110157551e-10,-3.7051929606315287e-05,-3.7075648779035506e-05,2.3719172720219374e-08,6.2763197515296662e-11,0
7758,2.0011275059088085e-10,1.5806812832381417e-05,1.5788233092518196e-05,1.8579739863221022e-08,9.7728380887422729e-12,0
7760,-3.5683190554878719e-11,5.2858903436288265e-05,5.2868654634982950e-05,-9.7511986946852798e-09,2.6834864177317289e-11,0
7761,-2.4941456833856075e-10,4.4044308718238501e-05,4.4072165479441491e-05,-2.7856761202990112e-08,4.3032742328311687e-11,0
7763,-7.5712918836418986e-11,-1.7609327748114456e-04,-1.7609479740507563e-04,1.5199239310724477e-09,2.5144482622974841e-11,0
7764,-8.6826386284095883e-12,1.3876906176282355e-06,1.3895677686946718e-06,-1.8771510664363437e-09,2.0329901231272801e-11,0
7765,6.7030280187313467e-11,1.7748100013758282e-04,1.7748009200865752e-04,9.0812892530314424e-10,8.9543075790865403e-12,0
7766,-2.4151259500391536e-10,4.9994469119313961e-06,5.0378164312856706e-06,-3.8369519354274489e-08,3.1602096361024634e-11,0
7767,4.2469445335954991e-11,5.5578803458090562e-06,5.6024003965223941e-06,-4.4520050713337955e-08,2.5473531650350413e-11,0
7768,2.8398203968191134e-10,5.5837537673523313e-07,5.6202406901163171e-07,-3.6486922763985797e-09,3.0942293408320110e-11,0
7774,3.0111796340103147e-10,-1.4813607269288480e-04,-1.4812738893637360e-04,-8.6837565111991689e-09,6.4195546306052674e-11,0
7775,4.2779117078291753e-10,2.9345766627105613e-05,2.9347795887102142e-05,-2.0292599965296941e-09,9.0226400532897291e-11,0
7780,-1.5994222957848233e-10,-2.2485892830844019e-06,-2.2403891678489392e-06,-8.2001152354627459e-09,3.0144117385696998e-11,0
7784,-4.0623450108128899e-10,-3.5137747967849305e-05,-3.5108337832095974e-05,-2.9410135753330890e-08,5.1098931317156964e-11,0
7789,-6.2554916170727223e-11,-3.2044778416846775e-05,-3.2044527648819569e-05,-2.5076802720664423e-10,4.1719164457270194e-11,0
7790,-9.7622664619537180e-11,2.0826361024857409e-05,2.0825462059745908e-05,8.9896511150153028e-10,8.2517833508185559e-12,0
7791,2.5871118718878988e-10,1.1503746827346006e-07,1.2574985854016870e-07,-1.0712390266708635e-08,2.4600476424097450e-11,0
7795,-3.4487694977930864e-10,2.0100231644935851e-04,2.0099740709716448e-04,4.9093521940313072e-09,8.0991343803906086e-12,0
7798,3.0980920095237522e-10,-1.4813116230620940e-04,-1.4812708637015933e-04,-4.0759360500728248e-09,4.6708734259651819e-11,0
7799,-3.5067748449431480e-11,5.2871118941585628e-05,5.2869008199707228e-05,2.1107418783996874e-09,3.9269420761988924e-11,0
7800,3.2126610362803667e-10,3.2159850981410693e-05,3.2166507004556790e-05,-6.6560231460976267e-09,7.3159238369024835e-11,0
7801,3.5633385209661038e-10,-2.0711305992069003e-05,-2.0702400829640346e-05,-8.9051624286570286e-09,1.7691255106776738e-11,0
7802,-5.8644732925966164e-10,6.0298706662919449e-06,6.0390504452874805e-06,-9.1797789955355797e-09,5.9216881950857911e-11,0
7803,1.0621940008151525e-10,-7.1582352902683360e-06,-7.1534147569928519e-06,-4.8205332754841127e-09,9.2048855874050578e-12,0
7804,2.6442628678906090e-10,-1.8324393639710355e-04,-1.8325067558181722e-04,6.7391847136685865e-09,4.2719092911882563e-12,0
7805,-2.9544673383161593e-11,-3.5087420342201636e-05,-3.5104884322163140e-05,1.7463979961503660e-08,1.8054454074967819e-11,0
7806,-8.9846271384452822e-11,1.7774124777691566e-05,1.7754809126505007e-05,1.9315651186559103e-08,4.1443195725796223e-12,0
7807,1.5766951470889058e-10,-2.9584396517550599e-06,-2.9483807779974639e-06,-1.0058873757595916e-08,7.7874996324405056e-12,0
7808,1.5767441098635380e-10,-5.7693777503258978e-06,-5.7614298221460323e-06,-7.9479281798655038e-09,3.0495336424572202e-12,0
7809,1.5820688668863421e-10,-1.7608569961212461e-04,-1.7609200752994052e-04,6.3079178159054089e-09,6.9750610305413420e-12,0
7810,-1.9606567189488696e-10,2.4932387550235038e-05,2.4903906498459771e-05,2.8481051775267871e-08,9.9109950577772947e-12,0
7811,5.1450114645657193e-11,4.1997897968647138e-06,4.2013244880092181e-06,-1.5346911445043081e-09,1.1995841166219932e-11,0
7812,5.1455010916857083e-11,1.3888576803401144e-06,1.3902777231791600e-06,-1.4200428390456009e-09,5.0128355931274541e-12,0
7813,-3.5427255780687762e-10,2.0101806271229268e-04,2.0099732121575916e-04,2.0741496533515811e-08,4.0336868111510265e-12,0
7814,-1.0675677211390326e-10,1.8028549271293954e-04,1.8029208964597248e-04,-6.5969330329375755e-09,4.9245719137904161e-12,0
7815,-1.0675187583734583e-10,1.7747455435440044e-04,1.7747801379182951e-04,-3.4594374290664205e-09,2.2444580792674321e-12,0
7816,1.3576407246999881e-10,2.7929257530812102e-05,2.7966505727715344e-05,-3.7248196903242226e-08,5.2163693449282293e-11,0
7817,2.9397095922512611e-10,-1.4815647732432415e-04,-1.4812708270360109e-04,-2.9394620723057450e-08,2.3118772555834041e-11,0
7818,-6.0301597927584466e-11,5.2861603429643893e-05,5.2868923725221032e-05,-7.3202955771381278e-09,2.0643627513300750e-11,0
7819,1.8721418705570199e-10,3.2129027086980760e-05,3.2165292708231576e-05,-3.6265621250815446e-08,4.2305175213686117e-11,0
7820,1.8721908333379172e-10,2.9318124538024390e-05,2.9345594925103973e-05,-2.7470387079583399e-08,2.3895663968221479e-11,0
7821,2.4751578510304032e-10,-2.0732551383200251e-05,-2.0703533896944289e-05,-2.9017486255962521e-08,7.9615139875643952e-12,0
7822,2.4752068138178047e-10,-2.3543510097149417e-05,-2.3520017419676052e-05,-2.3492677473365504e-08,3.3319846572558728e-12,0
7824,-7.1437436436969811e-11,6.9829839104383618e-06,6.9922126434878325e-06,-9.2287330494707413e-09,1.9122888874282681e-11,0
7825,8.6975364814217367e-11,-4.1199898958045600e-06,-4.0779107026147643e-06,-4.2079193189795732e-08,3.9721074684985343e-11,0
7826,1.7017609599322298e-10,-1.8021050919019878e-04,-1.8016758207985744e-04,-4.2927110341335140e-08,1.9215806907860044e-11,0
7827,-1.4142333618472295e-10,2.0806471783923076e-05,2.0825267098041196e-05,-1.8795314118119887e-08,1.7493905416609381e-11,0
7828,1.1775859074034597e-10,7.9344101795719713e-08,1.2442026830793297e-07,-4.5076166512213257e-08,3.8992162814573844e-11,0
7829,8.3200730631038385e-11,-1.7609059356652693e-04,-1.7609253408384847e-04,1.9405173215373585e-09,2.0813250094123068e-11,0
7830,-2.2839870330294083e-10,2.4926434997346938e-05,2.4903764645659163e-05,2.2670351687775010e-08,2.8320821625575873e-11,0
7831,3.0783225882275122e-11,4.1992443199022865e-06,4.2011784085403928e-06,-1.9340886381062598e-09,3.7378443764787488e-11,0
7832,-3.1159943352754252e-10,2.0101700069857092e-04,2.0099770877429350e-04,1.9291924277422667e-08,1.5198130442128325e-11,0
7833,-5.2417504863332075e-11,1.8028984743608716e-04,1.8029247559407069e-04,-2.6281579835324680e-09,2.0030010873800402e-11,0
7834,2.5918192728244797e-10,-2.0727177965926616e-05,-2.0703541609846251e-05,-2.3636356080365038e-08,3.1297412940360805e-11,0
7835,3.0141470949522155e-10,5.5892915672497989e-07,5.6246802726870286e-07,-3.5388705437229635e-09,2.2959459645927710e-11,0
7836,4.1145815142766542e-11,6.9962587654140429e-06,6.9934315302093201e-06,2.8272352047227893e-09,1.9061899864256506e-11,0
7837,-2.6026889477430962e-10,6.4372838872259891e-06,6.4312928588991897e-06,5.9910283267993792e-09,2.9163418340575372e-11,0
7838,4.1307163839259292e-10,-2.2358044056494664e-06,-2.2351456850722045e-06,-6.5872057726187012e-10,4.7692536197442043e-11,0
7839,-1.3020542966554202e-10,-3.0740316603271832e-06,-3.0745870295704585e-06,5.5536924327530957e-10,1.7126473663797448e-11,0
7840,6.2051798380206511e-11,-7.1604093802258781e-06,-7.1539172687151014e-06,-6.4921115107766781e-09,1.8214943397295829e-11,0
7841,1.2769523093941985e-10,-1.8324768180538221e-04,-1.8325168676966964e-04,4.0049642874263273e-09,1.0250038216082199e-11,0
7842,-2.3531839627075147e-10,1.7748799695315766e-05,1.7753761769328570e-05,-4.9620740128039804e-09,1.1780242314904046e-11,0
7843,9.3376497796951109e-11,-2.9604802578991896e-06,-2.9489749899842272e-06,-1.1505267914962407e-08,2.0758224649395931e-11,0
7844,1.9225722778622643e-10,-4.0864262664270373e-06,-4.0770347446549529e-06,-9.3915217720844199e-09,2.2055805605914902e-11,0
7846,-1.0511296660902974e-10,2.0822818673499853e-05,2.0825716423388389e-05,-2.8977498885356492e-09,1.0846903316655431e-11,0
7847,2.2358192720302900e-10,1.1355497826510269e-07,1.2535397881313323e-07,-1.1799000548030541e-08,2.2549066833178754e-11,0
7849,-2.9737019508229787e-10,2.4909218590596187e-05,2.4903339691415305e-05,5.8788991808822184e-09,1.9268376934081604e-11,0
7850,3.1324699411919266e-11,4.1999710804320814e-06,4.2012388616426159e-06,-1.2677812105344941e-09,2.5089075645643009e-11,0
7851,-3.6301362720944697e-10,2.0099646605293772e-04,2.0099724089009375e-04,-7.7483715602531811e-10,9.1152960172189699e-12,0
7853,3.2869489419031304e-10,-2.0709283057482666e-05,-2.0703060834190565e-05,-6.2222232921017233e-09,1.8916296848267930e-11,0
7854,1.4619591651915591e-11,-3.7601063424718556e-05,-3.7629068354000738e-05,2.8004929282182222e-08,1.2295713531057391e-11,0
7855,-2.5589485719790470e-11,6.9934522527819419e-06,6.9931665280043495e-06,2.8572477759245641e-10,1.8265898505262041e-11,0
7856,2.3209695517467798e-11,-1.8576328955642769e-04,-1.8577006065441083e-04,6.7710979831402986e-09,1.5069731043149588e-11,0
7857,-3.3395490060427181e-10,-3.7635035021021078e-05,-3.7632178857528101e-05,-2.8561634929773227e-09,4.1549372335174916e-11,0
7858,-3.3042659428659978e-10,1.5238639643102257e-05,1.5228210548142530e-05,1.0429094959727098e-08,1.3369587443462049e-11,0
7859,2.1496864952787619e-10,-8.2788479369038694e-06,-8.2930392286294086e-06,1.4191291725539274e-08,1.0725991365557476e-11,0
7860,-3.5363629004503088e-10,2.0100193236269326e-04,2.0099732550932123e-04,4.6068533720330755e-09,9.3058138600158471e-12,0
7861,1.9175895433970012e-10,1.7748444660615603e-04,1.7748025822702783e-04,4.1883791281960899e-09,6.9293479826529787e-12,0
7862,3.5716459625157615e-10,-1.4812841845379763e-04,-1.4812603859247909e-04,-2.3798613185384634e-09,4.8582481472636952e-11,0
7863,3.5283063419596258e-12,5.2873575033719148e-05,5.2869964942452634e-05,3.6100912665143936e-09,3.5396036104829589e-11,0
7864,5.4892355041128971e-10,2.9356117753922195e-05,2.9348865377659266e-05,7.2523762629291433e-09,3.2034523286662710e-11,0
7865,5.4539524395344573e-10,-2.3517484888488030e-05,-2.3517795260001385e-05,3.1037151335475003e-10,6.0604174047038440e-12,0
7866,9.3868362286874829e-10,-4.0933730336084953e-06,-4.0703800492617035e-06,-2.2992984346791800e-08,3.3235448063152334e-11,0
7867,8.3030745458182363e-10,1.0216921021710679e-07,1.3082390344323580e-07,-2.8654693226129010e-08,3.9701981769303673e-11,0
7868,-1.0837616838686260e-10,4.1955771184973290e-06,4.2000584466148630e-06,-4.4813281175340246e-09,3.2012604241940893e-11,0
7869,-7.4403191285954241e-11,6.9881903218150382e-06,6.9929958531927981e-06,-4.8055313777599552e-09,2.7674653541060352e-11,0
7870,-1.0835064372848005e-10,3.5345463657542042e-06,3.5247452259618126e-06,9.8011397923915905e-09,3.2457725791250280e-11,0
7871,-7.9950547712857523e-11,6.9846139258778264e-06,6.9930761381746985e-06,-8.4622122968720659e-09,3.7846591496236571e-11,0
7873,6.2221342723433335e-10,-8.2865613928355744e-06,-8.2893297089265407e-06,2.7683160909663062e-09,3.6133851810726015e-11,0
7875,1.4275680782828462e-11,-3.2040577398814631e-05,-3.2044023552704255e-05,3.4461538896233147e-09,5.0938240863048249e-11,0
7876,1.3704538657821353e-11,2.0832542582772690e-05,2.0827104270746079e-05,5.4383120266112794e-09,1.0961916290759644e-11,0
7877,-5.7114213242680997e-13,5.2873120866027195e-05,5.2870126632453452e-05,2.9942335737432246e-09,5.5384438031777717e-11,0
7878,-5.0489696011078511e-10,3.5292561385864146e-06,3.5211403366074813e-06,8.1158019789333520e-09,4.6912879854920532e-11,0
7879,4.9437919347777947e-10,-3.6052306335836865e-06,-3.6301918971190023e-06,2.4961263535315885e-08,6.3007293654249980e-11,0
7880,6.4313452953942030e-10,6.0934348560318097e-07,5.7903110074259340e-07,3.0312384860587569e-08,7.1205701813050738e-11,0
7881,9.9927615269037113e-10,-7.1343630765434429e-06,-7.1455710306815642e-06,1.1207954138121264e-08,1.8121560260378233e-11,0
7882,1.1480314887358569e-09,-2.9199105710496498e-06,-2.9394041880597265e-06,1.9493617010076743e-08,2.1093480124973627e-11,0
7883,1.4875533603356278e-10,4.2144862339409117e-06,4.2024738778551272e-06,1.2012356085784515e-08,2.0869865556663602e-11,0
7884,8.3432323426419606e-12,6.9966037939392161e-06,6.9940716278405643e-06,2.5321660986517890e-09,3.2546377086214026e-11,0
7886,3.0330381961415078e-10,5.5748008640638114e-07,5.6289806662467040e-07,-5.4179802182892673e-09,2.4961342993052710e-11,0
7888,-2.6552115489691417e-10,6.4400036493706542e-06,6.4319552857608549e-06,8.0483636097993081e-09,3.7494611762539443e-11,0
7889,1.2737002745598550e-10,-4.1292465943650047e-06,-4.0779700698886666e-06,-5.1276524476338094e-08,2.5775131465394273e-11,0
7890,1.0096686538226073e-10,-1.8022089752229437e-04,-1.8016755919269197e-04,-5.3338329602392468e-08,1.3413070437251511e-11,0
7891,-9.8182035802869783e-11,-3.2062124008067506e-05,-3.2045107559213681e-05,-1.7016448853824837e-08,7.7259205464247920e-11,0
7892,-1.2531979404728832e-10,2.0827304840751121e-05,2.0826040452596405e-05,1.2643881547159497e-09,2.3861890278227981e-11,0
7893,1.2681982345874852e-10,-2.7412970802741243e-06,-2.6931879234704610e-06,-4.8109156803663359e-08,1.1001754438077822e-11,0
7894,-2.6403163653891629e-11,-1.7609164654562150e-04,-1.7609244554070766e-04,7.9899508615755878e-10,1.4311215536586884e-11,0
7895,-2.5268982490058109e-10,2.4956622066460432e-05,2.4904606192372287e-05,5.2015874088145081e-08,2.9545033452448395e-11,0
7896,-5.5020427793882001e-13,1.3879832864984940e-06,1.3901101843569750e-06,-2.1268978584810211e-09,1.0562562938436123e-11,0
7898,2.5852959381049598e-11,1.7747961733638354e-04,1.7747828744918334e-04,1.3298872002004587e-09,6.1185614405821712e-12,0
7899,2.2555206353909361e-10,2.7932736085308635e-05,2.7967048831501802e-05,-3.4312746193166819e-08,6.9281040862890928e-11,0
7900,1.9914890133059474e-10,-1.4815899665891058e-04,-1.4812701210557494e-04,-3.1984553335641938e-08,5.5590566166103395e-11,0
7901,-2.7137758241572625e-11,5.2889300565036592e-05,5.2870140573786607e-05,1.9159991249985669e-08,7.9153755673421329e-11,0
7902,2.2500185951573431e-10,2.9320711610384548e-05,2.9345903250050775e-05,-2.5191639666227034e-08,4.9734447417765572e-11,0
7903,2.5213961755759842e-10,-2.3568595333631204e-05,-2.3520939994049434e-05,-4.7655339581769622e-08,1.1781855327458144e-11,0
7904,-2.9443924784462182e-10,6.0396204846877195e-06,6.0414669869717873e-06,-1.8465022840677951e-09,2.9371935193976242e-11,0
7905,-3.6673339316234487e-10,1.7738370619271165e-05,1.7753378876981090e-05,-1.5008257709924204e-08,1.3823032795862905e-11,0
7906,-7.4360414517895257e-11,-2.9758882155658806e-06,-2.9505285877811054e-06,-2.5359627784775159e-08,3.9834461617195595e-11,0
7907,2.9237297918296562e-10,-2.0714248548244288e-05,-2.0704172764523042e-05,-1.0075783721246064e-08,3.4061613626357248e-11,0
7908,-2.0222459829295881e-10,5.0266121974047381e-06,5.0371142242265470e-06,-1.0502026821808821e-08,1.9197274357128020e-11,0
7909,-7.3111490479964339e-12,5.5710821000639482e-06,5.6016547312077343e-06,-3.0572631143786070e-08,1.3776442139090371e-11,0
7910,-1.3269608563201624e-10,1.2037473178472973e-05,1.2032272311920171e-05,5.2008665528024327e-09,2.8372704635376969e-11,0
7911,1.9491344896755430e-10,5.4453970483279990e-07,5.6203694187814356e-07,-1.7497237045343659e-08,3.7390686849309550e-11,0
7912,6.9528512668964276e-11,7.0109195143873773e-06,6.9952283555465302e-06,1.5691158840847088e-08,2.0116970749059714e-11,0
7913,-1.2538493580297658e-10,6.4663372345390158e-06,6.4334428978157945e-06,3.2894336723221219e-08,5.2820591247925950e-11,0
7914,-1.4782513420539199e-10,5.6700307615178362e-07,5.7172614448016766e-07,-4.7230683283840498e-09,5.9425290535251259e-11,0
7915,-1.1085521418845802e-10,-7.1686975585197321e-06,-7.1558444641636236e-06,-1.2853094356108546e-08,2.3946360386431654e-11,0
7916,5.5239271737656424e-12,-1.8325788819149348e-04,-1.8325198184494996e-04,-5.9063465435225775e-09,1.2858981317192151e-11,0
7917,-2.0840596441976265e-10,-3.5106835616946757e-05,-3.5106267876183033e-05,-5.6774076372378144e-10,5.6546678097565174e-11,0
7918,-2.5788577164341199e-10,1.7766920888770844e-05,1.7754524488070972e-05,1.2396400699871715e-08,1.7414730427833934e-11,0
7919,-7.5046917391579805e-11,-5.7801230813076671e-06,-5.7636345803258246e-06,-1.6488500981842445e-08,9.2355343026605933e-12,0
7920,1.1637914104175746e-10,-1.7608918014877691e-04,-1.7609075373679856e-04,1.5735880216590815e-09,1.6710014427125012e-11,0
7921,-1.4703055905805753e-10,2.4935695357334448e-05,2.4905952335828638e-05,2.9743021505809113e-08,3.3009025014106800e-11,0
7922,3.5808296779639953e-11,1.3885708280977427e-06,1.3905376278388924e-06,-1.9667997411496921e-09,1.2726792488967231e-11,0
7923,-2.6340969970106383e-10,2.0102479765202359e-04,2.0099814332423188e-04,2.6654327791713348e-08,1.4575094010931675e-11,0
7924,-8.0570844356422570e-11,1.7747776875058933e-04,1.7747702410022208e-04,7.4465036724704128e-10,6.0949369177589959e-12,0
7926,2.1392989129792244e-10,-1.4815100770567552e-04,-1.4812658160666381e-04,-2.4426099011704352e-08,6.0116968398802439e-11,0
7927,-4.9479807209533029e-11,5.2873902340765245e-05,5.2870228125821537e-05,3.6742149437076952e-09,6.5881253559482829e-11,0
7928,1.3335904665813496e-10,2.9326793157161135e-05,2.9345058990974873e-05,-1.8265833813738136e-08,4.9515146375389383e-11,0
7929,1.8283885386921883e-10,-2.3547064157119352e-05,-2.3521876266711980e-05,-2.5187890407372130e-08,1.1858622109606647e-11,0
7930,1.8987716778215893e-09,-5.4745268869022673e-06,-5.4641266476202108e-06,-1.0400239282056526e-08,3.5692812158396301e-11,0
7931,-1.5998064712592105e-10,-9.7177440537866977e-06,-9.6757956019617646e-06,-4.1948451824933084e-08,3.7288079269285531e-11,0
7932,-2.3664219464038036e-10,-1.8581023471656369e-04,-1.8577156577096330e-04,-3.8668945600385052e-08,1.8634407673110539e-11,0
7933,-1.6518540275584595e-10,-8.3298900941213005e-06,-8.2964546352137428e-06,-3.3435458907557741e-08,2.0518612856042014e-11,0
7934,-7.6661548255811135e-11,-1.7609249550054476e-04,-1.7609227010949920e-04,-2.2539104556264927e-10,2.1862213800765043e-11,0
7935,-5.2047557568588016e-12,1.3878541264148239e-06,1.3902234871450464e-06,-2.3693607302224404e-09,1.8938354721680140e-11,0
7936,7.1456792646552207e-11,1.7748033320380205e-04,1.7747822694480958e-04,2.1062589924676460e-09,1.1719219857607087e-11,0
7937,-4.1135832307287566e-11,-3.0411496013344266e-06,-3.0736669858172211e-06,3.2517384482794449e-08,2.2151521397018407e-11,0
7938,-2.8995700446671211e-10,1.9484978787884244e-06,1.9705156164199868e-06,-2.2017737631562408e-08,2.3720076032090099e-11,0
7939,-6.0429337092662094e-11,-3.5098454189956378e-05,-3.5104886620398323e-05,6.4324304419451171e-09,5.1408168857831114e-11,0
7940,-1.0133411893916217e-10,1.7759050204109103e-05,1.7756132453088815e-05,2.9177510202882623e-09,1.2460631976705989e-11,0
7941,-3.2059270303544675e-10,8.9441606530640816e-06,8.9602827543947278e-06,-1.6122101330646259e-08,2.5074805050747503e-11,0
7942,-2.4882117213510062e-10,4.9896403094950442e-06,5.0364957425123423e-06,-4.6855433017298041e-08,1.6213783985054961e-11,0
7943,-1.9293504823726573e-11,-3.2057308271110510e-05,-3.2044503891626958e-05,-1.2804379483552487e-08,3.5298541874339286e-11,0
7944,-6.0198286688902990e-11,2.0800220078508874e-05,2.0827000425103504e-05,-2.6780346594629798e-08,8.0183641086119883e-12,0
7945,-2.7945687074782644e-10,1.1985271902190814e-05,1.2031122818158716e-05,-4.5850915967902631e-08,1.9902315484985046e-11,0
7946,2.2952766749591893e-10,-3.7046964013702846e-05,-3.7074478427788215e-05,2.7514414085369205e-08,5.5689535145317151e-11,0
7947,1.8862288567583458e-10,1.5810588388360386e-05,1.5791230502605896e-05,1.9357885754490138e-08,9.6146866754828972e-12,0
7948,-3.0635698485253223e-11,6.9956435228345042e-06,6.9947513490130248e-06,8.9217382147939049e-10,1.7733791751738352e-11,0
7949,-4.0904781860610073e-11,5.2857500366702403e-05,5.2870485385779679e-05,-1.2985019077276188e-08,2.6738320194210478e-11,0
7950,-2.6016336592921536e-10,4.4042531200976648e-05,4.4073772231431331e-05,-3.1241030454682824e-08,4.6952984160763619e-11,0
7951,-2.1925858408367210e-10,-8.8149339773080371e-06,-8.7943172188488340e-06,-2.0616758459203111e-08,9.8197021513653835e-12,0
7952,1.1127418975569064e-10,-3.7079301909055673e-05,-3.7075457132916170e-05,-3.8447761395034416e-09,7.1329845334746018e-11,0
7953,2.7446399082406458e-11,6.9984442699782580e-06,6.9955123131645076e-06,2.9319568137503644e-09,1.5285405194431863e-11,0
7954,-8.3827790663903173e-11,4.4077738042120072e-05,4.4075508989706977e-05,2.2290524130950994e-09,7.3385181231282202e-11,0
7955,-1.2293785665011689e-09,3.5390643519598447e-06,3.5145542811521901e-06,2.4510070807654639e-08,5.2036963973108159e-11,0
7956,5.2689720843691732e-10,-2.2328548731805065e-06,-2.2340056372884547e-06,1.1507641079482072e-09,4.7586167666350159e-11,0
7957,1.7562757647694070e-09,-5.7720298930778388e-06,-5.7470160248728987e-06,-2.5013868204940137e-08,1.2688033579695174e-11,0
7958,3.3150757495443468e-10,5.6162145489688231e-06,5.6046371274525123e-06,1.1577421516310803e-08,1.2877239137982802e-11,0
7959,3.6680798888761381e-10,-4.0648193380572739e-06,-4.0761624156537813e-06,1.1343077596507375e-08,2.4791373069624752e-11,0
7960,3.1658881700867436e-10,-1.8016163507087596e-04,-1.8016503499311283e-04,3.3999222368670187e-09,1.1650627220646246e-11,0
7961,-5.3746570574701605e-11,2.0831051578839958e-05,2.0827233445570972e-05,3.8181332689866357e-09,1.1771475454610975e-11,0
7962,3.7245522366051454e-10,1.3331225342562425e-07,1.2645812760083590e-07,6.8541258247883465e-09,2.2567011725684478e-11,0
7963,3.5300412618191817e-11,-9.6810321246624045e-06,-9.6740764597320115e-06,-6.9556649303930578e-09,2.2146662381663213e-11,0
7964,-1.4918758878717602e-11,-1.8577783439116188e-04,-1.8576933986571453e-04,-8.4945254473565816e-09,1.1859103175286429e-11,0
7965,-3.8525414600923789e-10,1.5214841556841080e-05,1.5229079604994279e-05,-1.4238048153199210e-08,1.2045739412250509e-11,0
7966,4.0947647454176263e-11,-5.4828111452466868e-06,-5.4810157344122842e-06,-1.7954108344026294e-09,2.5250495667713818e-11,0
7967,-5.0219171608589491e-11,-1.7609677834200255e-04,-1.7609172355541878e-04,-5.0547865837686015e-09,1.8737113335439732e-11,0
7968,-4.2055455886487277e-10,2.4895931920567230e-05,2.4903999164952255e-05,-8.0672443850249146e-09,2.0647224875278685e-11,0
7969,5.6472348154421141e-12,4.1981857984340004e-06,4.2014944637495457e-06,-3.3086653155452061e-09,3.4199336763780081e-11,0
7970,-3.7033538738590875e-10,2.0099267067885847e-04,2.0099716999338735e-04,-4.4993145288869160e-09,1.1159648264616339e-11,0
7971,5.5866406511437795e-11,1.8029498866931276e-04,1.8029205243481561e-04,2.9362344971595785e-09,1.7348454759674645e-11,0
7972,4.2620179431600603e-10,-2.0697746663696226e-05,-2.0703505494497363e-05,5.7588308011372719e-09,2.0643564781784141e-11,0
7973,-9.1383940600548982e-11,6.9810098429299444e-06,6.9946986661102093e-06,-1.3688823180264894e-08,4.1961726757887587e-11,0
7974,7.6852285032164476e-10,-5.7522147824846936e-06,-5.7560080545955796e-06,3.7932721108859503e-09,2.8617654280306775e-11,0
7975,-8.6805716027275974e-11,6.9878917441012697e-06,6.9949020607094892e-06,-7.0103166082194617e-09,2.0690427259311383e-11,0
7977,1.7106042557514448e-10,-1.8017904725668200e-04,-1.8016617126961456e-04,-1.2875987067442187e-08,1.6455499767968494e-11,0
7978,-6.6890438261932152e-11,-3.2043742560844456e-05,-3.2045045717668091e-05,1.3031568236348320e-09,6.4181251908415936e-11,0
7979,-8.4376550798872898e-11,2.0833233008898304e-05,2.0827134495445579e-05,6.0985134527253865e-09,1.2672092255218683e-11,0
7980,2.4251920107325915e-10,1.1167530957791050e-07,1.2523431531435148e-07,-1.3559005736440978e-08,2.6656563268115588e-11,0
7984,-2.5543697748289078e-10,2.0101225214095263e-04,2.0099821376071809e-04,1.4038380234540973e-08,1.1751472574032398e-11,0
7985,7.1458776318169280e-11,1.8029067307443218e-04,1.8029197811126349e-04,-1.3050368313132291e-09,2.1699211399665015e-11,0
7987,2.3795086392979777e-10,-1.4813511440841740e-04,-1.4812572009639311e-04,-9.3943120242818718e-09,9.1140754762477902e-11,0
7988,-1.7486112527007690e-11,5.2876926943842308e-05,5.2871150229731096e-05,5.7767141112112248e-09,6.8334788805157830e-11,0
7989,3.0940963949257683e-10,3.2155304771049401e-05,3.2166458465275424e-05,-1.1153694226023910e-08,7.0879050623169477e-11,0
7990,3.2689575183715136e-10,-2.0721569192087147e-05,-2.0704635790319203e-05,-1.6933401767943928e-08,2.1565321369756526e-11,0
7992,6.6642658107117036e-10,-2.1848327882642571e-06,-2.2327189468740623e-06,4.7886158609805250e-08,5.1681517414997308e-11,0
7993,1.1447514362373142e-09,-5.7158383128166207e-06,-5.7525931337037431e-06,3.6754820887122404e-08,1.8230964502991957e-11,0
7994,1.8491565946799907e-10,5.2649271577685786e-07,5.6240680243752874e-07,-3.5914086660670883e-08,4.2630490399348218e-11,0
7995,3.8880540525950510e-10,-1.8016991809722584e-04,-1.8016408780442727e-04,-5.8302927985693156e-09,3.0495886095062544e-11,0
7996,2.1770077795465783e-11,2.0838305840323573e-05,2.0828199450327708e-05,1.0106389995864583e-08,2.1305339001988768e-11,0
7997,6.4736640898350974e-10,-2.6853146060743655e-06,-2.6887119552234236e-06,3.3973491490581674e-09,2.9686715103642971e-11,0
7998,-3.6703532767235774e-10,2.0100827815326509e-04,2.0099719883895947e-04,1.1079314305622104e-08,2.8599969928378213e-11,0
7999,2.5856100400866396e-10,1.7748459541582461e-04,1.7747933442775938e-04,5.2609880652225091e-09,9.3903106575970911e-12,0
8000,6.2559633091639212e-10,-2.3523631477367045e-05,-2.3518651061852723e-05,-4.9804155143223815e-09,3.3262252596832039e-11,0
8001,-2.0042337435612347e-10,8.9730116349887729e-06,8.9619505529993897e-06,1.1061081989383132e-08,2.1995640335201109e-11,0
8002,3.9436508994323928e-10,5.5754688393968438e-06,5.6051122878478378e-06,-2.9643448450993964e-08,2.7742051951890476e-11,0
8004,4.0586582878659351e-10,-1.8018518459255416e-04,-1.8016382470494995e-04,-2.1359887604206589e-08,1.1585246114904272e-11,0
8005,1.9063746238332349e-11,-3.2032054767853644e-05,-3.2044327204488168e-05,1.2272436634523643e-08,3.3126535177597671e-11,0
8006,7.8954065018250732e-10,1.0950552914879702e-07,1.3015874857779850e-07,-2.0653219429001482e-08,2.2183174426146263e-11,0
8007,7.8952633714027749e-10,-2.7015368544843973e-06,-2.6874519911092475e-06,-1.4084863375149876e-08,8.6230342382309424e-12,0
8009,1.1500740622033363e-11,-1.8576070107789028e-04,-1.8576864408520227e-04,7.9430073119963335e-09,2.2830680664019113e-11,0
8010,-3.7530134239861870e-10,-3.7607505410234762e-05,-3.7632012786457150e-05,2.4507376222387663e-08,4.4945859794842954e-11,0
8011,3.9517556246910223e-10,-5.4660390504824977e-06,-5.4777957366571401e-06,1.1756686174642355e-08,8.0873003628283156e-11,0
8012,3.9516124942474323e-10,-8.2770139998676736e-06,-8.2913292466675231e-06,1.4315246799849452e-08,2.6526496762698596e-11,0
8016,3.8367482233305221e-10,1.8029469160586037e-04,1.8029457098517486e-04,1.2062068550466702e-10,1.5842174590589827e-11,0
8017,3.8366050929385581e-10,1.7748366170723239e-04,1.7748033665010399e-04,3.3250571283968341e-09,5.7069377815290233e-12,0
8019,3.8680208243681655e-10,-1.4815321421440993e-04,-1.4812410166747437e-04,-2.9112546935552812e-08,5.1542702622451472e-11,0
8020,7.7047690371352505e-10,3.2141568865667533e-05,3.2170657677945604e-05,-2.9088812278070682e-08,8.2215131595999854e-11,0
8021,7.7046259067421693e-10,2.9330579936528642e-05,2.9350816481621996e-05,-2.0236545093354189e-08,5.6869159649875113e-11,0
8022,-1.4313042174596794e-14,-2.8110521605870698e-06,-2.8109704595192472e-06,-8.1701067822577574e-11,4.9809990645418757e-12,0
8023,-1.3722563916163251e-10,3.5372394463235174e-06,3.5244827316216985e-06,1.2756714701818897e-08,4.3232438618725612e-11,0
8024,-1.4329260978317890e-10,5.0364962343538849e-06,5.0368413284562397e-06,-3.4509410235473770e-10,9.3906808025334440e-12,0
8025,1.6269691653141998e-10,5.5915161343723235e-06,5.6029764793973426e-06,-1.1460345025019082e-08,6.3740531056082240e-12,0
8026,-1.7976233253668398e-11,2.0833084942746896e-05,2.0828060577615608e-05,5.0243651312885515e-09,5.1195785932636841e-12,0
8027,-1.0026810227763662e-10,1.2037410421816223e-05,1.2033333334196247e-05,4.0770876199756960e-09,9.1236048199908890e-12,0
8028,3.0598952615911961e-10,5.5503617770857189e-07,5.6367458433166583e-07,-8.6384066230939446e-09,1.2629097197230111e-11,0
8029,1.2531637656419391e-10,1.5796601994527357e-05,1.5792081532823513e-05,4.5204617038438488e-09,9.6727091870217420e-12,0
8030,4.3024507528712672e-11,7.0008970681403188e-06,6.9967863561679630e-06,4.1107119723557997e-09,1.0771814873438348e-11,0
8031,-1.8067314990970792e-10,1.5241595419512454e-05,1.5231703657695315e-05,9.8917618171383753e-09,7.0421369598916947e-12,0
8032,-2.6296501892950107e-10,6.4459045717266562e-06,6.4332722199553583e-06,1.2632351771297858e-08,1.2598542759823738e-11,0
8033,-8.2291869020363565e-11,-8.7956861838893582e-06,-8.7930649008926032e-06,-2.6212829967550184e-09,1.0530036071841290e-11,0
8034,6.9628315341200603e-11,-1.7608858892869056e-04,-1.7608976323519907e-04,1.1743065085059127e-09,1.6645466518531213e-11,0
8035,1.5815859232723641e-10,2.7956405632160661e-05,2.7966037714922879e-05,-9.6320827622186874e-09,7.2944687134752136e-11,0
8036,2.2778690795553710e-10,-1.4813212428258470e-04,-1.4812539123987072e-04,-6.7330427139722024e-09,6.1373198632086331e-11,0
8038,-1.0971874735574778e-10,-7.1699557607444314e-06,-7.1563013198921737e-06,-1.3654440852257743e-08,3.3498611091861709e-11,0
8039,-1.1184632730485766e-10,-3.5095356452030831e-05,-3.5105141896954958e-05,9.7854449241269485e-09,8.7649185883337301e-11,0
8040,-6.8917044346228704e-11,-2.9700447760384885e-06,-2.9505296990381536e-06,-1.9515077000334936e-08,4.4190964371951261e-11,0
8041,4.0801703007823724e-11,4.1998746835490112e-06,4.2021176706354525e-06,-2.2429870864413350e-09,3.2921628945248978e-11,0
8042,2.1275795116840173e-12,2.7925185165488670e-05,2.7964562602724751e-05,-3.9377437236081840e-08,7.8296170238344781e-11,0
8043,4.2929282517959826e-11,3.2125021627551348e-05,3.2164054003601401e-05,-3.9032376050053390e-08,7.4568179281819578e-11,0
8044,3.2192018626179423e-11,5.0481557464423371e-06,5.0382847728993905e-06,9.8709735429465881e-09,3.1594992946080494e-11,0
8045,2.5669551832277230e-10,5.5916965000565172e-06,5.6037889810002992e-06,-1.2092480943781998e-08,1.4686199135033480e-11,0
8046,4.0263661729490987e-10,-1.8015975881037136e-04,-1.8016355670532843e-04,3.7978949570752901e-09,2.0681450268984976e-11,0
8047,-8.9940057582739289e-12,2.0833656442166299e-05,2.0828309550521457e-05,5.3468916448416596e-09,1.0222954029415711e-11,0
8048,5.5039765235121442e-10,-2.6488666715930587e-06,-2.6897149624488124e-06,4.0848290855753723e-08,2.2634025473275673e-11,0
8049,2.2450350016972992e-10,5.4347228542386133e-07,5.6305171531484218e-07,-1.9579429890980842e-08,3.6427126285188629e-11,0
8051,-4.1186024688838521e-11,1.5785408934159903e-05,1.5790920821484986e-05,-5.5118873250834270e-09,1.9864676481090859e-11,0
8053,1.4594109867967060e-10,-1.8575146387047638e-04,-1.8576708212471668e-04,1.5618254240303085e-08,1.9061583023388218e-11,0
8054,-2.6568952435728443e-10,1.5241944864385340e-05,1.5231185553196164e-05,1.0759311189175770e-08,1.0923975924339536e-11,0
8055,2.9370213366547584e-10,-8.2405129182543807e-06,-8.2922355402500354e-06,5.1722621995654692e-08,2.1187026050691685e-11,0
8056,-4.1163062301834103e-10,2.0099339109732814e-04,2.0099679182615480e-04,-3.4007288266608895e-09,1.5436281591808669e-11,0
8057,1.4776103491817951e-10,1.7751092397765358e-04,1.7747782042934913e-04,3.3103548304456998e-08,9.1816127652751983e-12,0
8058,5.5939165805071117e-10,-2.3482492464045254e-05,-2.3519777466692842e-05,3.7285002647587248e-08,1.6638025777768440e-11,0
8059,-6.7837147433614595e-10,3.5198635771078318e-06,3.5195633293229758e-06,3.0024778485603586e-10,3.6248116854075901e-11,0
8060,-2.3792449132959025e-10,1.9510333175432049e-06,1.9701940409392564e-06,-1.9160723396051533e-08,2.3128955838635532e-11,0
8061,-1.3522316086534283e-11,-3.5089404468358412e-05,-3.5104202308845425e-05,1.4797840487012657e-08,5.3560960700441252e-11,0
8062,-2.8052218475603067e-10,8.9484591533628421e-06,8.9618906245109129e-06,-1.3431471148070754e-08,2.4377363539837025e-11,0
8063,2.2440217534434520e-10,-3.7040433677087634e-05,-3.7073686646890756e-05,3.3252969803122898e-08,5.4561263237081831e-11,0
8064,-4.2597693358619812e-11,6.9974237424568278e-06,6.9966706206759154e-06,7.5312178091243941e-10,1.7982311284403088e-11,0
8065,-2.6699986864385972e-10,4.4037786365833803e-05,4.4074874380294967e-05,-3.7088014461163666e-08,5.2977378217494708e-11,0
8066,3.0872387855817685e-10,5.5949705902429842e-06,5.6042130214617255e-06,-9.2424312187413082e-09,1.2727660713252986e-11,0
8067,4.6058802709903837e-10,-4.0499709157496011e-06,-4.0758978581601619e-06,2.5926942410560833e-08,3.7130820369709176e-11,0
8068,3.5156686736334037e-10,-1.8016070615506884e-04,-1.8016381828409603e-04,3.1121290271934367e-09,2.5906363193728932e-11,0
8069,-3.3429960640956056e-11,2.0833032844437722e-05,2.0828282294079044e-05,4.7505503586785594e-09,1.0041399848393037e-11,0
8070,4.5350992178287172e-10,-2.6705681696014005e-06,-2.6906564871184154e-06,2.0088317517014829e-08,1.7963750321777577e-11,0
8071,1.5186414764204278e-10,-9.6449242932179768e-06,-9.6732908181718890e-06,2.8366524953912119e-08,2.4285027266877988e-11,0
8072,4.2842988148118447e-11,-1.8575567658226473e-04,-1.8576778774657959e-04,1.2111164314867248e-08,1.4735951803967350e-11,0
8073,-3.4215383967976390e-10,1.5238087130747813e-05,1.5230787164170146e-05,7.2999665776663072e-09,1.0029351394789627e-11,0
8074,1.4478604237226369e-10,-8.2655157304187959e-06,-8.2935783592786718e-06,2.8062628859875825e-08,1.3309635734298526e-11,0
8075,-1.0902115931511253e-10,-1.7611075679354465e-04,-1.7609076273601877e-04,-1.9994057525883537e-08,1.5681829785927959e-11,0
8076,-4.9401798700524507e-10,2.4882971581870889e-05,2.4904795619523217e-05,-2.1824037652328236e-08,3.1545656859547657e-11,0
8077,-7.0781052418096022e-12,1.3793971033687711e-06,1.3906498261167156e-06,-1.1252722747944517e-08,1.2466721799628700e-11,0
8078,-3.8499682786476560e-10,2.0099370775035486e-04,2.0099703314153003e-04,-3.3253911751790401e-09,2.8458836479005269e-11,0
8079,1.0194305426831257e-10,1.7749015618499960e-04,1.7747715053740589e-04,1.3005647593708654e-08,7.3642458907114349e-12,0
8080,4.8693988239061665e-10,-2.3503623923035871e-05,-2.3520698383631252e-05,1.7074460595380635e-08,1.6318399570547173e-11,0
8081,-1.2914959091846188e-10,1.9731718653845029e-06,1.9711316678221601e-06,2.0401975623428017e-09,1.9332277215432342e-11,0
8082,-2.2252624293934591e-10,8.9583237206752571e-06,8.9624980045478543e-06,-4.1742838725971319e-09,1.6381525327704729e-11,0
8083,-9.3376652109013368e-11,6.9851701171731034e-06,6.9963397180740219e-06,-1.1169600900918475e-08,1.8616852382786541e-11,0
8084,6.7785097961791681e-10,3.2194727171705809e-05,3.2169835781799729e-05,2.4891389906080000e-08,7.8232200649629759e-11,0
8085,-9.6743103809740189e-11,6.9863622137542741e-06,6.9964657130808445e-06,-1.0103499326570381e-08,2.9784247825393458e-11,0
8086,-4.6907848331334241e-10,3.4702197825829673e-06,3.5214659521544203e-06,-5.1246169571453013e-08,7.3400610346988777e-11,0
8087,3.9011317223723928e-10,5.6123336926415524e-06,5.6049141148199343e-06,7.4195778216180384e-09,2.3343223035818743e-11,0
8089,2.7416453070959268e-10,-1.8016430164317703e-04,-1.8016436124801766e-04,5.9604840621551095e-11,4.1202317410284612e-11,0
8090,-3.8940816647003708e-11,-3.2042092994336979e-05,-3.2045050437997395e-05,2.9574436604168819e-09,4.8570707813824083e-11,0
8091,-6.3136563036526526e-11,2.0832492786878069e-05,2.0828166736571681e-05,4.3260503063882857e-09,1.3812931954491174e-11,0
8094,-1.1594864247059699e-10,-1.8577656008075122e-04,-1.8576904766121063e-04,-7.5124195405846649e-09,3.2990841383033493e-11,0
8095,-4.2905398924717173e-10,-3.7654419993284755e-05,-3.7632232770935544e-05,-2.2187222349210505e-08,2.6514522262863307e-11,0
8096,-4.5324973566904164e-10,1.5220224676374544e-05,1.5230012456723122e-05,-9.7877803485782287e-09,2.4072058070031220e-11,0
8097,-6.3862540588187744e-11,-8.2964169512526886e-06,-8.2954664553974444e-06,-9.5049585524425756e-10,7.1689712645377780e-11,0
8098,-4.8380080996120161e-11,-1.7609261574597426e-04,-1.7608994411771558e-04,-2.6716282586821544e-09,2.2818941542817048e-11,0
8100,3.7060210852223010e-12,1.3877670277126584e-06,1.3908136570616972e-06,-3.0466293490388435e-09,9.6433864460627141e-12,0
8101,-3.3730109370567263e-10,2.0099675554570450e-04,2.0099746609177508e-04,-7.1054607057624737e-10,2.9256668173624590e-11,0
8102,5.2086102203737186e-11,1.7748034375984507e-04,1.7747649643670479e-04,3.8473231402742693e-09,9.3549521346018853e-12,0
8104,3.1310534741285432e-10,-1.4812214186998157e-04,-1.4812394496433007e-04,1.8030943484982891e-09,7.8021348205841306e-11,0
8105,-2.4195746385436695e-11,5.2874644230966163e-05,5.2872160981705869e-05,2.4832492602941641e-09,4.2941680371633886e-11,0
8106,3.6519144967195522e-10,2.9357925306350459e-05,2.9347101122496185e-05,1.0824183854273511e-08,1.0210562850146446e-10,0
8107,3.8938719603521535e-10,-2.3516678664499933e-05,-2.3521793132008611e-05,5.1144675086774063e-09,6.7775778813647669e-11,0
8108,-7.0921151711528818e-12,7.0004743663617370e-06,6.9974489509019385e-06,3.0254154597984803e-09,2.9506615672240431e-11,0
8109,-3.4367173590810007e-11,2.0834656236851058e-05,2.0828511609365256e-05,6.1446274858022241e-09,1.0470432825421746e-11,0
8110,4.4157205165822099e-10,1.2618457844457490e-07,1.2682490924233908e-07,-6.4033079776418110e-10,2.0049261769568156e-11,0
8111,4.7593922508751165e-10,-2.0708495275167645e-05,-2.0704450235441689e-05,-4.0450397259554009e-09,1.7278890888957356e-11,0
8112,-1.6827147694832287e-10,8.9751755968812616e-06,8.9633356496443772e-06,1.1839947236884409e-08,2.2025033503791240e-11,0
8113,3.6397189772839388e-10,5.6453712665160971e-06,5.6046281813232423e-06,4.0743085192854791e-08,1.8972862916828374e-11,0
8114,2.7781667545995544e-10,-1.8016118296522617e-04,-1.8016412803252809e-04,2.9450673019271265e-09,1.5468185329842219e-11,0
8115,-6.8909110666629716e-11,2.0832127533141308e-05,2.0828306579575330e-05,3.8209535659780515e-09,1.6762742201641513e-11,0
8116,-8.6155223238859767e-11,-1.8580655428392795e-04,-1.8576854825166271e-04,-3.8006032265238375e-08,1.8283876996726862e-11,0
8117,-4.3288100879521615e-10,1.5186795357158972e-05,1.5230490444946792e-05,-4.3695087787820017e-08,1.9153217865930983e-11,0
8118,-3.4672578594911576e-10,2.0099330207444446e-04,2.0099737962032569e-04,-4.0775458812376819e-09,1.5909676216391130e-11,0
8119,-4.3317313389262807e-11,4.1985323161531415e-06,4.2016294280677628e-06,-3.0971119146213294e-09,4.9239687953144671e-12,0
8120,-4.3323932177083614e-11,1.3874994891035532e-06,1.3904827669010156e-06,-2.9832777974624814e-09,2.1715922281410949e-12,0
8122,1.0474208858120037e-10,-3.7078381227848185e-05,-3.7074394578857155e-05,-3.9866489910303895e-09,6.1391384264099530e-11,0
8123,-1.5509997492719901e-10,3.5396111990430856e-06,3.5243202411381031e-06,1.5290957904982498e-08,3.5688277212061834e-11,0
8124,6.1195089083547152e-10,5.6377169760724391e-06,5.6068498108936650e-06,3.0867165178774136e-08,1.4964744567430101e-11,0
8126,1.0813456230466733e-10,-1.8017895433900498e-04,-1.8016553522077209e-04,-1.3419118232891551e-08,1.2261337358881866e-11,0
8127,-9.9564467774139869e-11,2.0835297243274888e-05,2.0828158036728819e-05,7.1392065460690400e-09,1.9710697595113467e-11,0
8128,1.4291528983957625e-10,-2.7007727435683637e-06,-2.6936286820184577e-06,-7.1440615499060289e-09,1.2037395005483236e-11,0
8130,-5.0381632899057021e-10,-1.8581669607815876e-04,-1.8577219042649229e-04,-4.4505651666467989e-08,1.2619262469207151e-11,0
8131,-7.1151535856637311e-10,1.5197501223953615e-05,1.5228155602466701e-05,-3.0654378513086686e-08,2.0069886276872092e-11,0
8132,-4.6903560176260247e-10,-8.3385416933499934e-06,-8.2991316755062865e-06,-3.9410017843706876e-08,1.2214350983137912e-11,0
8136,-2.0769903132557468e-10,2.0101424446472733e-04,2.0099864293541080e-04,1.5601529316529696e-08,1.7496645729791227e-11,0
8137,3.4780728326417996e-11,1.7747818636826718e-04,1.7747591988493200e-04,2.2664833351857937e-09,7.6699204103625475e-12,0
8138,2.4247975755261042e-10,-2.3536050150350235e-05,-2.3523562593027786e-05,-1.2487557322449303e-08,1.5477135519232982e-11,0
8140,3.5385548765072147e-10,-1.8324122294677151e-04,-1.8324683362702394e-04,5.6106802524304167e-09,5.8958689248726321e-12,0
8141,1.7048886535446357e-10,-2.9591454923996729e-06,-2.9483915512324118e-06,-1.0753941167261124e-08,9.9567598225469490e-12,0
8142,1.7049593768916923e-10,-5.7702127834813668e-06,-5.7615711067146112e-06,-8.6416767667556063e-09,3.8994910613795255e-12,0
8146,-1.8336662227970612e-10,1.8028207863340310e-04,1.8028810586710414e-04,-6.0272337010388016e-09,5.0819947194577644e-12,0
8147,-1.8335954994250253e-10,1.7747102528695678e-04,1.7747376680680857e-04,-2.7415198517919369e-09,2.2499985853807418e-12,0
8149,-1.4885081185009361e-10,5.0354099238054256e-06,5.0358937450856156e-06,-4.8382128018992812e-10,1.2597301472301654e-11,0
8150,1.9934538814131139e-10,5.5926547646283770e-06,5.6030614263362096e-06,-1.0406661707832674e-08,8.1679733629788813e-12,0
8151,-5.0202611393691706e-12,-3.2041383249999025e-05,-3.2044887590454328e-05,3.5043404553032034e-09,2.3976231983944156e-11,0
8152,-3.1536989074200009e-11,2.0833639751662394e-05,2.0828925823328810e-05,4.7139283335842876e-09,5.1115758844984180e-12,0
8153,-1.1826653425092594e-10,1.2037856593572041e-05,1.2034019733368304e-05,3.8368602037369985e-09,1.4150256355063565e-11,0
8154,3.4819619982088585e-10,5.5720314696104667e-07,5.6475481512694289e-07,-7.5516681658962207e-09,1.5983118929132733e-11,0
8155,1.4383055073419236e-10,-3.7076699266043109e-05,-3.7073868030622657e-05,-2.8312354204520270e-09,6.5943888120988324e-11,0
8156,1.1731382281452191e-10,1.5798231757105721e-05,1.5794093818732136e-05,4.1379383735854370e-09,9.4440146739307690e-12,0
8157,3.0584277628203111e-11,7.0024913584316832e-06,6.9986689252794110e-06,3.8224331522722000e-09,1.4362786999101608e-11,0
8158,-2.0436564949724259e-10,-3.7634051631295524e-05,-3.7629990659781972e-05,-4.0609715135523435e-09,1.8788552606957153e-11,0
8159,-2.3088237745200235e-10,1.5241007292607963e-05,1.5232752324726758e-05,8.2549678812050121e-09,7.0539944896899696e-12,0
8160,-3.1761192261666533e-10,6.4452352917633918e-06,6.4339735672311367e-06,1.1261724532255033e-08,1.6187223616560622e-11,0
8161,-2.6516727942537605e-11,5.2875028072393122e-05,5.2872742484344038e-05,2.2855880490836394e-09,2.3648033199542659e-11,0
8162,-1.1324627311490821e-10,4.4079225042477094e-05,4.4077037411221377e-05,2.1876312557178481e-09,3.0660464664873246e-11,0
8163,-8.6729545175248756e-11,-8.7957601363601329e-06,-8.7930947296784086e-06,-2.6654066817243774e-09,1.0449989146974826e-11,0
8164,-6.5548417291153613e-10,3.5219423304829953e-06,3.5197713912462526e-06,2.1709392367426288e-09,3.1062823829923836e-11,0
8165,-2.0926829742781229e-10,-3.6301838729392447e-06,-3.6378174495319505e-06,7.6335765927057706e-09,4.7191974926933621e-11,0
8166,-1.0662781515472472e-10,5.7260046765509817e-07,5.7142588046683036e-07,1.1745871882678092e-09,5.0945953026280128e-11,0
8167,-1.0661563044896814e-10,-2.2383142136771055e-06,-2.2396149304778412e-06,1.3007168007357625e-09,2.2404870868061027e-11,0
8168,4.4621587604475777e-10,-7.1521848096231869e-06,-7.1516830637824159e-06,-5.0174584077095335e-10,9.9866648946016349e-12,0
8169,5.4885635838230223e-10,-2.9493086773860894e-06,-2.9449557157721418e-06,-4.3529616139475360e-09,1.0986672233891090e-11,0
8170,5.4886854308878019e-10,-5.7602846463156859e-06,-5.7581391161998100e-06,-2.1455301158759474e-09,4.5508043212851565e-12,0
8171,1.0264048225753891e-10,4.2028323242113141e-06,4.2030995938055878e-06,-2.6726959427363865e-10,1.2704965331990447e-11,0
8172,1.0265266696474657e-10,1.3919121502020508e-06,1.3919408435312157e-06,-2.8693329164842862e-11,5.6978852289954958e-12,0
8173,1.2184705110527753e-14,-2.8109415655610229e-06,-2.8110414331022141e-06,9.9867541191215551e-11,4.3886641367607562e-12,0
8174,-1.5344653110079324e-10,5.0346943689227180e-06,5.0357926284227822e-06,-1.0982595000641257e-09,2.0789816719161672e-11,0
8175,2.3090420108507241e-10,5.6014185167204550e-06,5.6033318996798811e-06,-1.9133829594261540e-09,1.8216683102356428e-11,0
8176,-4.7061851149725125e-11,2.0832575153583431e-05,2.0828850079899093e-05,3.7250736843376798e-09,1.2164444540957686e-11,0
8177,3.8435073200307298e-10,5.6676372057161417e-07,5.6512956041839655e-07,1.6341601532176173e-09,3.1892096106269639e-11,0
8178,1.0638468001818345e-10,1.5797912252179733e-05,1.5794132385607615e-05,3.7798665721176989e-09,1.9451574346290732e-11,0
8179,-2.7796605264507545e-10,1.5231195666431940e-05,1.5232423859937736e-05,-1.2281935057957468e-09,1.3334782238909974e-11,0
8181,-5.2217344680285453e-11,1.7747701383602439e-04,1.7747468477273800e-04,2.3290632863894999e-09,8.4641357434481822e-12,0
8182,5.6156140401147123e-11,-1.4817629415209491e-04,-1.4812541661959479e-04,-5.0877532500117088e-08,5.3085365844831756e-11,0
8183,3.9387946978555160e-12,2.9300663037606922e-05,2.9343784508158265e-05,-4.3121470551342868e-08,6.6531034701129885e-11,0
8184,9.4251821987579214e-11,-3.0355692234133869e-06,-3.0722012433374939e-06,3.6632019924107012e-08,2.2241276221125109e-11,0
8185,-9.7342033859084220e-11,1.9609146119487463e-06,1.9707915398387707e-06,-9.8769278900244780e-09,2.1301827290398871e-11,0
8186,2.2336686828536914e-10,-7.1334636235365761e-06,-7.1537752189158185e-06,2.0311595379242343e-08,1.9079436777146830e-11,0
8187,-4.9450321193191986e-12,1.7761994729557223e-05,1.7759463398452315e-05,2.5313311049082277e-09,1.1759251634712075e-11,0
8188,2.6699698329340575e-10,-2.8987129865321037e-06,-2.9475244142841825e-06,4.8811427752078767e-08,1.8332234143482814e-11,0
8189,-1.5835349402913081e-10,8.9577711221484240e-06,8.9640662614716929e-06,-6.2951393232689521e-09,1.6366609644043615e-11,0
8190,-1.9159385562234910e-10,4.9965233388203634e-06,5.0353236749160551e-06,-3.8800336095691752e-08,1.7503804580744958e-11,0
8191,1.2911504559745789e-10,-4.0978818536510815e-06,-4.0794734198708700e-06,-1.8408433780211468e-08,2.4326021310323349e-11,0
8192,-9.9196854160740254e-11,2.0797604530469437e-05,2.0828510759180794e-05,-3.0906228711357042e-08,1.0445288986141091e-11,0
8193,1.7274516061665063e-10,1.3693052261629004e-07,1.2424141030077850e-07,1.2689112315511539e-08,2.4348245113463305e-11,0
8194,-2.5260531587239419e-10,1.1993400307176369e-05,1.2032970485889323e-05,-3.9570178712954024e-08,1.5825721980742212e-11,0
8195,3.2070890186379812e-10,-9.0944012595432430e-06,-9.1194919286447344e-06,2.5090669101491395e-08,3.0731110902340771e-11,0
8196,9.2397001652908436e-11,1.5801090274198456e-05,1.5794289181777975e-05,6.8010924204805210e-09,1.4706089787416077e-11,0
8197,3.6433901687342441e-10,-4.8595813498461538e-06,-4.9126606890414881e-06,5.3079339195334355e-08,2.7338601883228910e-11,0
8198,-6.1011460196418903e-11,6.9969298596272295e-06,6.9982400456417042e-06,-1.3101860144747239e-09,1.9565056279530452e-11,0
8199,-2.2831189985265605e-10,2.4895460358658784e-05,2.4908611277502272e-05,-1.3150918843487456e-08,2.0232943477370956e-11,0
8200,4.3630115020096525e-11,4.2347804589276151e-06,4.2026270375879043e-06,3.2153421339710824e-08,2.5037041266751126e-11,0
8201,-3.8172036159115501e-10,1.6091296363431387e-05,1.6112857504449918e-05,-2.1561141018530856e-08,2.5925898768135719e-11,0
8202,2.7194201506343304e-10,-2.0660663345880431e-05,-2.0707050698836148e-05,4.6387352955716549e-08,1.8575917608808327e-11,0
8203,-1.5340846180281099e-10,-8.8042104121567252e-06,-8.7936987615577714e-06,-1.0511650598953788e-08,1.3820126286705429e-11,0
8204,-4.2535047644230275e-10,1.1856469229057712e-05,1.1909823103135318e-05,-5.3353874077606385e-08,2.3348365566086330e-11,0
8205,-3.1159963527499223e-10,6.0301623822658044e-06,6.0406957765054868e-06,-1.0533394239682325e-08,1.4793852555091501e-11,0
8207,3.1583773271224441e-10,-5.7441187268185423e-06,-5.7602799879726048e-06,1.6161261154062510e-08,2.0121910923227518e-11,0
8209,-8.0972751368330005e-11,1.9743378600898046e-06,1.9707998882410625e-06,3.5379718487420900e-09,1.8782965297534770e-11,0
8210,-1.8435478155571263e-10,8.9600175468961419e-06,8.9640497235645544e-06,-4.0321766684124616e-09,1.6630940004607514e-11,0
8211,-1.0338203028760122e-10,6.9856887453924668e-06,6.9982133608761552e-06,-1.2524615483688339e-08,1.9832821533785663e-11,0
8212,4.9679367541210989e-10,5.5787839864061828e-06,5.6056548582491360e-06,-2.6870871842953224e-08,2.0781221747085685e-11,0
8213,7.9568352866361982e-10,-4.0773097484882604e-06,-4.0735774034253365e-06,-3.7323450629239376e-09,3.0689479452402676e-11,0
8214,3.8008530317876501e-10,-1.8017744544964430e-04,-1.8016244961524612e-04,-1.4995834398182344e-08,1.2007895111324609e-11,0
8215,-4.5364358417608615e-12,-3.2034867779920199e-05,-3.2045019018891045e-05,1.0151238970845301e-08,3.7529138627507716e-11,0
8216,2.3902925928485113e-11,2.0869732243239750e-05,2.0829870223621208e-05,3.9862019618542216e-08,1.3841255930556353e-11,0
8217,7.1360799737967666e-10,1.1678080402569360e-07,1.2910118503116970e-07,-1.2320381005476094e-08,3.2752239306137751e-11,0
8218,7.1359549187708091e-10,-2.6944143069868552e-06,-2.6886246277132840e-06,-5.7896792735712614e-09,1.2931123942178944e-11,0
8219,2.9888985575976432e-10,-9.6561296489116460e-06,-9.6722924883895754e-06,1.6162839477929376e-08,6.7265775041529367e-11,0
8220,-1.1670837033495129e-10,-1.8575627506200662e-04,-1.8576797040257715e-04,1.1695340570533298e-08,2.3181470556487091e-11,0
8221,-5.0133011004995017e-10,-3.7613655536498057e-05,-3.7632504029478502e-05,1.8848492980444735e-08,3.4515144519448205e-11,0
8222,-4.7289074821148801e-10,1.5290927623149569e-05,1.5231222857966465e-05,5.9704765183104660e-08,2.7198035145492168e-11,0
8223,2.1681432438312901e-10,-5.4621461318526271e-06,-5.4794179230106662e-06,1.7271791158039070e-08,8.6861346272433033e-11,0
8224,2.1680181887542426e-10,-8.2732451000310306e-06,-8.2928638316254165e-06,1.9618731594385957e-08,3.2336475045685705e-11,0
8225,-4.1559822554800736e-10,-1.7610013266756465e-04,-1.7609170382209741e-04,-8.4288454672387485e-09,1.4484217083446244e-11,0
8226,-7.7178060285984429e-10,2.4946978629809650e-05,2.4904078109275240e-05,4.2900520534410266e-08,3.0351172777155452e-11,0
8227,-8.2075531291397520e-11,4.1940926136583949e-06,4.2015962405430079e-06,-7.5036268846129987e-09,1.4429718865003820e-11,0
8228,-8.2088036792467346e-11,1.3829444354953799e-06,1.3904222217203226e-06,-7.4777862249427551e-09,5.5619465604180108e-12,0
8229,-3.5618237832963129e-10,2.0104717988546697e-04,2.0099729067995365e-04,4.9889205513324684e-08,1.1607569132889207e-11,0
8230,3.3352269506716299e-10,1.8029423097526941e-04,1.8029225224016842e-04,1.9787351009830419e-09,1.6245739290946729e-11,0
8231,3.3351018956762880e-10,1.7748305650394300e-04,1.7747786876016648e-04,5.1877437765230402e-09,6.4937421604043821e-12,0
8232,8.0021996414844248e-10,2.7957587289760555e-05,2.7971330443887656e-05,-1.3743154127101551e-08,1.0011745697698017e-10,0
8233,3.8462173882857774e-10,-1.4814266097607290e-04,-1.4812210781012838e-04,-2.0553165944517653e-08,5.3225432578532117e-11,0
8234,2.8439361757413224e-11,5.2904590308732770e-05,5.2873804557600874e-05,3.0785751131896019e-08,4.8856244941235619e-11,0
8235,7.1814443289456826e-10,3.2151635204162067e-05,3.2170241011545294e-05,-1.8605807383227050e-08,9.2429286193177756e-11,0
8236,7.1813192739335691e-10,2.9340365344073666e-05,2.9350264867599260e-05,-9.8995235255947098e-09,5.9576487383336405e-11,0
8237,6.8970507064068173e-10,-2.0752983823748780e-05,-2.0703557665778947e-05,-4.9426157969833053e-08,3.0279604067745002e-11,0
8238,6.8969256513836278e-10,-2.3564099560672430e-05,-2.3520290846722281e-05,-4.3808713950149107e-08,1.3865866620331602e-11,0
8239,-1.2505500777517252e-14,-2.8111641754946440e-06,-2.8110646412912095e-06,-9.9534203434455208e-11,6.0888921868472212e-12,0
8240,-4.0832214091284071e-10,3.5362904383454130e-06,3.5220182707181780e-06,1.4272167627235052e-08,7.4774740148435144e-11,0
8241,-1.0822493483708392e-10,6.9816633903050165e-06,6.9983375816908369e-06,-1.6674191385820396e-08,2.6063873855206556e-11,0
8242,4.2664490835631079e-10,5.5886361751302091e-06,5.6049923666425899e-06,-1.6356191512380787e-08,1.9634828045754296e-11,0
8243,3.5304976925405188e-10,-1.8016663758254996e-04,-1.8016259271325954e-04,-4.0448692904208189e-09,2.8418917618379788e-11,0
8244,-1.1816643026572950e-11,2.0838913740239742e-05,2.0829644231271469e-05,9.2695089682729998e-09,1.3002712501625062e-11,0
8245,-7.3595138947827588e-11,-1.8575525315847261e-04,-1.8576746114191143e-04,1.2207983438820152e-08,2.2018732786039492e-11,0
8246,-4.3846155128315072e-10,1.5250300371664680e-05,1.5231686159230610e-05,1.8614212434069245e-08,1.5679346664852371e-11,0
8247,-3.6486641257538453e-10,2.0100554758587658e-04,2.0099721132815589e-04,8.3362577206870861e-09,1.9458293792886670e-11,0
8248,-1.7047139202847400e-10,1.9531308172535816e-06,1.9698493711101564e-06,-1.6718553856574825e-08,1.5403643343784059e-11,0
8249,4.6949404476316939e-11,-3.5072286041552131e-05,-3.5103341690470120e-05,3.1055648917989378e-08,3.3172199184132391e-11,0
8250,-2.2760131489278805e-10,8.9526638234714573e-06,8.9638708587202353e-06,-1.1207035248778020e-08,1.5869808263892243e-11,0
8251,2.1742079656917109e-10,-3.7025424431510329e-05,-3.7072739461105893e-05,4.7315029595564691e-08,3.6467384272980556e-11,0
8252,-5.7129922824310277e-11,6.9994965685646338e-06,6.9989832601569019e-06,5.1330840773183427e-10,1.1631253949984895e-11,0
8253,-2.7455071932909604e-10,4.4024847748333484e-05,4.4076209284627629e-05,-5.1361536294144332e-08,3.6398602171700664e-11,0
