obs_index,gravity_template_s,obs_minus_base_s,fit_s,obs_minus_base_minus_fit_s,sigma_s,flag
0,-1.3205394663574723e-10,5.5587377341074357e-06,5.5580883173516280e-06,6.4941675580765267e-10,4.1556159509263311e-11,0
1,9.1717160327043752e-11,-4.5971663252570173e-05,-4.5982601779952700e-05,1.0938527382527564e-08,3.1988966738979625e-11,0
2,-1.7959214965861060e-10,8.5951508821333067e-06,8.5999740078683020e-06,-4.8231257349953366e-09,2.2120929932212100e-11,0
3,4.3365632097650455e-11,-3.3088194167364606e-05,-3.3099400964318344e-05,1.1206796953737582e-08,3.8028931973332266e-11,0
5,-8.8688314723360258e-11,-2.7529480832993308e-05,-2.7527099869252681e-05,-2.3809637406268136e-09,1.7008041358365371e-11,0
6,1.3508279220482822e-10,-7.9059839119342834e-05,-7.9077102785714187e-05,1.7263666371352738e-08,2.2211242562062143e-11,0
7,-1.3622651770981261e-10,-2.4493060155852953e-05,-2.4492019072402507e-05,-1.0410834504459001e-09,1.9593909439335228e-11,0
8,4.3359427528157172e-11,-3.3373192007431392e-05,-3.3387176811579752e-05,1.3984804148360077e-08,3.1830829910613967e-11,0
9,-8.8694519291813291e-11,-2.7814614045592288e-05,-2.7814189508481334e-05,-4.2453711095410984e-10,2.2343221946284571e-11,0
10,1.3507658763404422e-10,-7.9344864351627020e-05,-7.9360198573055594e-05,1.5334221428574138e-08,1.7024546221404475e-11,0
11,-1.3623272227867757e-10,-2.4778091086387170e-05,-2.4778026497211281e-05,-6.4589175889341816e-11,1.5022406692769330e-11,0
12,2.2377110685774403e-10,-5.1530363682392513e-05,-5.1550057207114113e-05,1.9693524721599873e-08,2.3339474780598809e-11,0
13,-4.7538202927008266e-11,3.0364004205785198e-06,3.0350674143046389e-06,1.3330062738808753e-09,2.1153371241710415e-11,0
14,-2.7130931005684312e-10,5.4566812595170655e-05,5.4584662330462785e-05,-1.7849735292129550e-08,1.7538814275573905e-11,0
15,-1.0828959127914748e-10,5.5627862763970443e-06,5.5583801168166646e-06,4.4061595803796840e-09,4.7059030979456711e-11,0
16,6.8238810337774253e-11,-4.5984439604323428e-05,-4.5982931979738434e-05,-1.5076245849944396e-09,3.8003274672416484e-11,0
17,-1.7233854738992109e-10,8.5988430518369602e-06,8.6003589268356176e-06,-1.5158749986574478e-09,2.3920916458594601e-11,0
18,6.3742782663859754e-11,-3.3088181229551025e-05,-3.3099272574569120e-05,1.1091345018094355e-08,4.3998733135292610e-11,0
20,-4.4546808925574260e-11,-2.7525409667999426e-05,-2.7526741975288925e-05,1.3323072894996389e-09,2.2229549220715994e-11,0
21,1.3198159261807412e-10,-7.9072587348471418e-05,-7.9077321186578299e-05,4.7338381068805918e-09,3.2476478709380131e-11,0
22,-1.0859576497429250e-10,-2.4489289001851898e-05,-2.4491515360219896e-05,2.2263583679975514e-09,2.4675730487441757e-11,0
23,6.3735116530992880e-11,-3.3373172665373922e-05,-3.3387037993618685e-05,1.3865328244763297e-08,2.9116227334307111e-11,0
24,-4.4554475057406324e-11,-2.7810510788041061e-05,-2.7813824207906409e-05,3.3134198653476086e-09,3.0827050027036846e-11,0
25,1.3197392648581531e-10,-7.9357629388572028e-05,-7.9360419049800799e-05,2.7896612287716099e-09,2.0565834036215889e-11,0
26,-1.0860343110565847e-10,-2.4774372965322665e-05,-2.4777518652048623e-05,3.1456867259579979e-09,1.9429906237911444e-11,0
27,1.7652840152676897e-10,-5.1547203237144006e-05,-5.1550633124615519e-05,3.4298874715131046e-09,4.1087640524552493e-11,0
28,-6.4048956034744099e-11,3.0361146772621417e-06,3.0352103056623236e-06,9.0437159981805867e-10,2.6517056741607143e-11,0
29,-2.4057735774505916e-10,5.4583274868487755e-05,5.4585381258065937e-05,-2.1063895781818715e-09,2.6899373764404453e-11,0
30,3.3006920137315080e-11,5.5756285680672382e-06,5.5601150785197803e-06,1.5513489547457949e-08,8.6996947952118695e-11,0
31,2.0281117397346778e-10,-4.5954672737366642e-05,-4.5981323070770026e-05,2.6650333403383593e-08,2.3192510842882308e-11,0
32,-6.2323023681986393e-11,8.6075796932778576e-06,8.6020167685186211e-06,5.5629247592364707e-09,2.7410167686852910e-11,0
38,-5.6422486268627018e-11,-3.3383989689472413e-05,-3.3388628952821485e-05,4.6392633490721711e-09,1.9847192318582831e-11,0
39,-2.3415565787700546e-11,-2.7808538449754878e-05,-2.7813747977768386e-05,5.2095280135078595e-09,3.3749112644702415e-11,0
40,1.4638868808640973e-10,-7.9338688939367338e-05,-7.9360431288738283e-05,2.1742349370944877e-08,2.2107837056187497e-11,0
41,-1.1874550965419953e-10,-2.4776468650583409e-05,-2.4777468258761014e-05,9.9960817760409802e-10,2.0704074851160753e-11,0
42,1.6980425387776283e-10,-5.1530320499956588e-05,-5.1550711363202840e-05,2.0390863246252217e-08,4.5438666955322934e-11,0
43,-9.5329943873275842e-11,3.0318995136629015e-06,3.0351848286186570e-06,-3.2853149557554694e-09,3.1153832209973497e-11,0
44,-2.6513419784256375e-10,5.4562236219806923e-05,5.4585434142817724e-05,-2.3197923010801608e-08,3.2172332551771376e-11,0
45,6.5256287976632011e-11,5.5796130868351196e-06,5.5605110643625308e-06,1.9102022472588780e-08,6.1559394600619750e-11,0
46,2.2580923120209875e-10,-4.5948632578935930e-05,-4.5981075029631433e-05,3.2442450695502497e-08,4.1947505236553301e-11,0
47,-3.8890926142157249e-11,8.6092725858706760e-06,8.6025469541573754e-06,6.7256317133006211e-09,3.8704674367001591e-11,0
53,-7.7248720880997270e-11,-3.3385639205492715e-05,-3.3388975950690684e-05,3.3367451979696258e-09,2.6556378113858752e-11,0
54,-1.1992432454450652e-11,-2.7805953809355603e-05,-2.7813752520143993e-05,7.7987107883902452e-09,3.7687344809011648e-11,0
55,1.4856051081220285e-10,-7.9334272516191386e-05,-7.9360554090175230e-05,2.6281573983844898e-08,1.7413374990275866e-11,0
56,-1.1613964663394290e-10,-2.4776383744807423e-05,-2.4777298095068002e-05,9.1435026057870442e-10,1.9294285706831886e-11,0
57,1.6055294327824878e-10,-5.1528276703453890e-05,-5.1550821541661285e-05,2.2544838207394762e-08,5.1084071872412087e-11,0
58,-1.0414721419196192e-10,3.0294861618259533e-06,3.0353598188825896e-06,-5.8736570566362923e-09,3.8770492060814188e-11,0
59,-2.6470015753594855e-10,5.4557801459787642e-05,5.4585719408856089e-05,-2.7917949068447011e-08,2.9946112097736477e-11,0
60,-1.2196394009085818e-10,-2.7532870747611418e-05,-2.7528182617848836e-05,-4.6881297625818170e-09,7.4860260443115570e-11,0
62,-1.4360062887993468e-10,-2.4493625707300640e-05,-2.4491507504104333e-05,-2.1182031963062529e-09,6.9538073787010621e-11,0
63,2.5061638917204097e-10,-5.1533616856076075e-05,-5.1549712309690314e-05,1.6095453614238715e-08,3.9115351848403813e-11,0
64,-2.1636688698951378e-11,3.0393142707982237e-06,3.0366510140481018e-06,2.6632567501219003e-09,3.7793521264452540e-11,0
65,-2.7225307825486928e-10,5.4572947517352033e-05,5.4585901467576794e-05,-1.2953950224761624e-08,2.8344982681982785e-11,0
67,-3.7264170713727052e-11,-2.7525647973633170e-05,-2.7527485910419603e-05,1.8379367864337741e-09,3.7830934881457298e-12,0
68,1.1377484941770907e-10,-7.9078678716868085e-05,-7.9078360937492518e-05,-3.1777937556766792e-10,3.7124723394043010e-12,0
69,-7.6685266864653086e-11,-2.4486392000242104e-05,-2.4490379238261631e-05,3.9872380195274555e-09,3.1922518475432470e-12,0
70,-3.7268133442753217e-11,-2.7810699126119864e-05,-2.7814534491671586e-05,3.8353655517226739e-09,3.1972510510151046e-12,0
71,1.1377088668928887e-10,-7.9363680702390985e-05,-7.9361468070104026e-05,-2.2126322869584934e-09,1.7144193675840573e-12,0
72,-7.6689229595319156e-11,-2.4771384594759072e-05,-2.4776363696213101e-05,4.9791014540285627e-09,1.5235883299592012e-12,0
73,1.5103902012942345e-10,-5.1553031615471281e-05,-5.1550927232503112e-05,-2.1043829681683594e-09,5.0008730380164644e-12,0
74,-3.9421096147504428e-11,3.0392537935525080e-06,3.0370771148557670e-06,2.1766786967409832e-09,4.8683584603565145e-12,0
75,-1.9046011638572714e-10,5.4592288932445686e-05,5.4587542712616110e-05,4.7462198295757920e-09,3.2822884720511925e-12,0
76,-6.1822162071195597e-11,-2.7526287779250524e-05,-2.7528086466907529e-05,1.7986876570050541e-09,3.5315068912179214e-11,0
77,-1.7619888735380315e-11,5.5686474335817744e-06,5.5594934384405986e-06,9.1539951411757610e-09,6.5422985573087381e-12,0
78,-8.1668961466185915e-11,8.6063168114902146e-06,8.6037923567478584e-06,2.5244547423561482e-09,3.1783826431367043e-12,0
79,-8.4264496957004231e-11,-3.3114369972972284e-05,-3.3102045251715084e-05,-1.2324721257199933e-08,5.9090410529794644e-12,0
81,-1.0188438528398061e-10,-2.7545668690109708e-05,-2.7528889856701862e-05,-1.6778833407845700e-08,4.7196444132022590e-12,0
82,-1.6593345807624525e-10,-2.4508023884001889e-05,-2.4490929864465941e-05,-1.7094019535948050e-08,5.2113156493012408e-12,0
83,-8.4273344659397586e-11,-3.3399289410275187e-05,-3.3389728765400811e-05,-9.5606448743767005e-09,2.8081757353608627e-12,0
84,-1.0189323298579401e-10,-2.7830678121417048e-05,-2.7815913879666153e-05,-1.4764241750894324e-08,4.0300516673980958e-12,0
85,-1.6594230577543145e-10,-2.4792963598073772e-05,-2.4776900618801271e-05,-1.6062979272500881e-08,2.4163642107966469e-12,0
86,-6.4049072731021068e-11,3.0376466173976518e-06,3.0379207300808389e-06,-2.7411268318705198e-10,5.1041986698664509e-12,0
88,7.1555833968785366e-11,-4.5995205106701218e-05,-4.5983302808776436e-05,-1.1902297924782116e-08,8.6980115013035205e-11,0
89,-2.0032857790238564e-10,8.5850266462357550e-06,8.6029203830293541e-06,-1.7893736793599154e-08,6.9430673193766290e-11,0
90,6.3152514338628912e-11,-3.3075021465293550e-05,-3.3100476026718313e-05,2.5454561424763128e-08,7.0683783966855101e-11,0
92,-9.4497153046043433e-11,-2.7530846858831760e-05,-2.7529163224706307e-05,-1.6836341254532552e-09,1.1707532257973467e-11,0
93,1.3470834774795152e-10,-7.9070464440348688e-05,-7.9079058382190283e-05,8.5939418415951563e-09,1.7358156824759630e-11,0
94,-1.3717606390736439e-10,-2.4490044989384022e-05,-2.4490251589798414e-05,2.0660041439205076e-10,1.4590485415937671e-11,0
95,6.3146920684735409e-11,-3.3360037260950909e-05,-3.3388138843759223e-05,2.8101582808314027e-08,5.8805227291955212e-11,0
96,-9.4502746700866571e-11,-2.7815902144657199e-05,-2.7816172526070771e-05,2.7038141357129514e-10,9.4911007182617163e-12,0
97,1.3470275409531732e-10,-7.9355464201037555e-05,-7.9362176427956070e-05,6.7122269185144415e-09,6.9044017970038627e-12,0
98,-1.3718165756454796e-10,-2.4775012039907583e-05,-2.4776214095954918e-05,1.2020560473346672e-09,6.2115288827688020e-12,0
99,2.2920550069806820e-10,-5.1539600658493182e-05,-5.1549945365641866e-05,1.0344707148684140e-08,1.9763286907406897e-11,0
100,-4.2678910795258419e-11,3.0408427338635667e-06,3.0388665850510698e-06,1.9761488124968975e-09,1.4962632034857866e-11,0
101,-2.7188441181081520e-10,5.4580427552334068e-05,5.4588350944481862e-05,-7.9233921477942296e-09,1.2892099685187141e-11,0
102,1.8108078960517091e-10,-5.1551248791008135e-05,-5.1550533900152380e-05,-7.1489085575512489e-10,2.5591118950194682e-11,0
103,-3.8574042169018483e-11,3.0413865265920513e-06,3.0391144880756259e-06,2.2720385164253613e-09,2.3108783461730593e-11,0
104,-2.1965483198105083e-10,5.4592683434949267e-05,5.4589187449871423e-05,3.4959850778442259e-09,1.6345971666252890e-11,0
106,1.6309146189989558e-11,-2.7524633070268208e-05,-2.7528017217245114e-05,3.3841469769065231e-09,1.9545173467077283e-11,0
107,1.1210958219399610e-10,-7.9080845263142501e-05,-7.9079546018799462e-05,-1.2992443430387109e-09,2.8049063375174874e-11,0
108,-4.3684550857922425e-11,-2.4483491019152911e-05,-2.4488911981580328e-05,5.4209624274166373e-09,2.4967590473935733e-11,0
109,1.6303389746313626e-11,-2.7809740203918291e-05,-2.7815017867928634e-05,5.2776640103423267e-09,3.8322666532963653e-11,0
110,1.1210382574943047e-10,-7.9365823160938796e-05,-7.9362666464909170e-05,-3.1566960296256809e-09,2.2091017075828167e-11,0
111,-4.3690307303845414e-11,-2.4768527661700891e-05,-2.4774869652189895e-05,6.3419904890043048e-09,2.2093715089615995e-11,0
112,9.5800436082022791e-11,-5.1556143740930527e-05,-5.1551578569969496e-05,-4.5651709610312961e-09,3.7674094553119412e-11,0
113,-5.9993697123250828e-11,3.0410759686781393e-06,3.0390567748032663e-06,2.0191938748730128e-09,2.2954680980467496e-11,0
114,-1.5579413308957812e-10,5.4597363465284758e-05,5.4590174476951683e-05,7.1889883330753597e-09,2.5421778017402720e-11,0
115,1.2254649189465340e-10,5.6100920489392941e-06,5.5612145234130409e-06,4.8877525526253279e-08,3.5456717774482698e-11,0
116,1.7669089869313382e-10,-4.5982824955759487e-05,-4.5982112394948940e-05,-7.1256081054751246e-10,2.0830591764953146e-11,0
117,-1.7501660711116273e-11,8.6153583842975105e-06,8.6058748933571899e-06,9.4834909403206135e-09,1.6222617646266824e-11,0
118,-3.6656805419164027e-11,-3.3095524877608181e-05,-3.3101993754133887e-05,6.4688765257059464e-09,2.6174392362708062e-11,0
119,1.5921722133682091e-14,2.8507914759458757e-07,2.8502764123471921e-07,5.1506359868367315e-11,2.1282726156543381e-11,0
120,8.5889686480916733e-11,-2.7485349810507653e-05,-2.7527389874415527e-05,4.2040063907873565e-08,2.1561788061197490e-11,0
121,1.4003409328089284e-10,-7.9078344179917427e-05,-7.9079425488804203e-05,1.0813088867768321e-09,2.4348316102592671e-11,0
122,-5.4158466126431749e-11,-2.4480178294432504e-05,-2.4488837824129494e-05,8.6595296969900189e-09,2.2473959134138088e-11,0
123,-3.6672727140417830e-11,-3.3380542384619635e-05,-3.3389631642920641e-05,9.0892583010061204e-09,2.0042831211742235e-11,0
124,8.5873764757586881e-11,-2.7770487486951725e-05,-2.7814381494823736e-05,4.3894007872010766e-08,3.2708542988226656e-11,0
125,1.4001817155758100e-10,-7.9363397597890205e-05,-7.9362548597335829e-05,-8.4900055437537106e-10,1.8898989625673711e-11,0
126,-5.4174387847536963e-11,-2.4765198008962468e-05,-2.4774790501121620e-05,9.5924921591517291e-09,1.7885903005594994e-11,0
127,5.4144406879479479e-11,-5.1593004098770753e-05,-5.1552084917529867e-05,-4.0919181240886766e-08,3.5779311370447339e-11,0
128,-1.4004815273008625e-10,3.0051694765399414e-06,3.0384999803627297e-06,-3.3330503822788290e-08,2.7082018952850438e-11,0
129,-1.9419255946639177e-10,5.4598206475946361e-05,5.4590124176491773e-05,8.0822994545884266e-09,2.0696506021501519e-11,0
134,1.4374833902291631e-10,-2.7793864687779626e-05,-2.7813888732952959e-05,2.0024045173333116e-08,4.0862279839229912e-11,0
135,8.5744219603588153e-11,-7.9369690406765753e-05,-7.9363439909307202e-05,-6.2504974585503347e-09,2.9124364592009446e-11,0
136,6.6256163939933641e-11,-2.4746020482956446e-05,-2.4773103866109156e-05,2.7083383152709550e-08,2.7824053602718941e-11,0
137,-5.8004119372088063e-11,-5.1575898418891250e-05,-5.1553456833401239e-05,-2.2441585490010638e-08,4.1620061916054575e-11,0
138,-7.7492175407923580e-11,3.0477042888298923e-06,3.0396942810986851e-06,8.0100077312072823e-09,5.3485801718010796e-11,0
139,-1.9488055485127145e-11,5.4623761422565795e-05,5.4592690539524015e-05,3.1070883041779847e-08,4.3172885263971172e-11,0
143,-1.1451202001924931e-11,-2.7808341870821408e-05,-2.7816020251706171e-05,7.6783808847630502e-09,1.9183629077538663e-11,0
144,6.1500326111024959e-11,-7.9371800239941108e-05,-7.9363970713700101e-05,-7.8295262410070380e-09,8.2364520803024815e-12,0
145,7.2951528216273577e-11,-5.1563535144875591e-05,-5.1551843516265241e-05,-1.1691628610350710e-08,1.5052786984730574e-11,0
147,-1.9211219274949509e-10,-2.7538101017147466e-05,-2.7531469279337880e-05,-6.6317378095859399e-09,6.1076881630986903e-11,0
148,1.0039138200697519e-10,-7.9089038936056705e-05,-7.9080564397203312e-05,-8.4745388533930726e-09,5.4037839416672143e-11,0
149,-1.9210367016632601e-10,-2.7823254506530171e-05,-2.7818433748378323e-05,-4.8207581518472354e-09,5.7959627668006490e-11,0
150,1.0039990458425723e-10,-7.9374199040039770e-05,-7.9363694648192692e-05,-1.0504391847077511e-08,3.0945271660362999e-11,0
151,2.9250357437890205e-10,-5.1551057955533542e-05,-5.1549143056397847e-05,-1.9148991356945509e-09,6.3193900526351677e-11,0
152,-1.6215145370641365e-11,5.5660756601893027e-06,5.5595106871038253e-06,6.5649730854774440e-09,6.2729581187256342e-11,0
153,1.6866929292336776e-10,-4.5976604968822957e-05,-4.5982427699899139e-05,5.8227310761825558e-09,3.7964929501363222e-11,0
154,-9.7553434490327328e-11,8.6074044146700404e-06,8.6064223750371829e-06,9.8203963285752754e-10,2.9631868139697439e-11,0
155,-2.5763001945534397e-11,-3.3379794035409086e-05,-3.3390073806240888e-05,1.0279770831801412e-08,2.7481823055339521e-11,0
156,-4.1978147390086871e-11,-2.7813657591781388e-05,-2.7816865374097426e-05,3.2077823160380392e-09,3.4128298320523397e-11,0
157,1.4290629089079253e-10,-7.9356298613969534e-05,-7.9363456571652209e-05,7.1579576826750644e-09,2.2523785350311142e-11,0
158,-1.2331643649642027e-10,-2.4772369405910537e-05,-2.4774767389785093e-05,2.3979838745557581e-09,2.0564562588619667e-11,0
159,1.8488443826982647e-10,-5.1542647386181029e-05,-5.1550458008401922e-05,7.8106222208934291e-09,3.9390214594480101e-11,0
160,-8.1338289090414138e-11,3.0413105469029311e-06,3.0410087647950779e-06,3.0178210785326268e-10,3.3733596138828512e-11,0
161,-2.6622272751794629e-10,5.4583953651569581e-05,5.4591006666041870e-05,-7.0530144722898234e-09,2.4139848922927485e-11,0
162,-1.0936641569159280e-10,5.5516772137810533e-06,5.5583668946281067e-06,-6.6896808470534014e-09,1.7903589940606240e-11,0
163,1.2589337510327216e-10,-4.5983053200409772e-05,-4.5982985713301863e-05,-6.7487107909154891e-11,1.4212955257259315e-11,0
164,2.3525979063338426e-10,-5.1534773360182098e-05,-5.1549836195481615e-05,1.5062835299516823e-08,1.4098423423213387e-11,0
165,-1.3127366550414755e-10,5.5342284716129037e-06,5.5580978983233548e-06,-2.3869426710451158e-08,8.6739595163755609e-11,0
166,1.3361506044960401e-10,-4.5978474667472143e-05,-4.5982914849516436e-05,4.4401820442928125e-09,3.6244371808622724e-11,0
167,-1.7205191193960220e-10,8.5785566686386733e-06,8.6059080202522633e-06,-2.7351351613589999e-08,5.7291960290434187e-11,0
168,9.4059098411169419e-12,-3.3357002337218444e-05,-3.3389792701399742e-05,3.2790364181297358e-08,3.4090236484157442e-11,0
169,-1.2186775596952508e-10,-2.7822883211570115e-05,-2.7818085456783492e-05,-4.7977547866230293e-09,3.4934242685903161e-11,0
170,1.4302096990855523e-10,-7.9335501350848679e-05,-7.9363701993013461e-05,2.8200642164782214e-08,2.5640170819511614e-11,0
171,-1.6264600234669270e-10,-2.4778439363272800e-05,-2.4775022147382387e-05,-3.4172158904130208e-09,2.0812529458689909e-11,0
172,2.6488872575237103e-10,-5.1512680995237717e-05,-5.1549470002963819e-05,3.6789007726101893e-08,6.5280125016055428e-11,0
173,-4.0778246283533657e-11,3.0443027350855962e-06,3.0419745591982756e-06,2.3281758873205794e-09,5.1238298591347952e-11,0
174,-3.0566697239774558e-10,5.4557074120780910e-05,5.4590984615709241e-05,-3.3910494928331126e-08,5.0985334200411049e-11,0
175,-2.6523095422743052e-11,3.0466458622378616e-06,3.0423652870113192e-06,4.2805752265424067e-09,2.1821083118638635e-11,0
177,1.3823640476838132e-11,-2.7526366792992620e-05,-2.7529744906801725e-05,3.3781138091057287e-09,1.4845773648591399e-11,0
178,1.0056305713333967e-10,-7.9083886886859283e-05,-7.9081350010044260e-05,-2.5368768150226375e-09,2.6062013663169005e-11,0
179,-1.7111608980142487e-11,-2.4479278508964149e-05,-2.4487069901511094e-05,7.7913925469455449e-09,1.9944118575511231e-11,0
180,1.3822233999242725e-11,-2.7811421443889751e-05,-2.7816677064166484e-05,5.2556202767334217e-09,1.4580286686413100e-11,0
181,1.0056165065500445e-10,-7.9368883362777257e-05,-7.9364489372876784e-05,-4.3939899004735456e-09,1.1900917090670223e-11,0
182,-1.7113015458873651e-11,-2.4764244095514670e-05,-2.4772989255281224e-05,8.7451597665534197e-09,9.9102618720466337e-12,0
183,8.6739416741837728e-11,-5.1557521621798524e-05,-5.1551651393451258e-05,-5.8702283472659511e-09,2.7086779107569519e-11,0
184,-3.0935249539347379e-11,3.0470900892302921e-06,3.0425995644959238e-06,4.4905247343683049e-09,2.2649496858816843e-11,0
185,-1.1767466599851755e-10,5.4604638998442465e-05,5.4593791184706282e-05,1.0847813736182251e-08,2.0336570084179471e-11,0
186,1.7866769075584721e-10,-5.1554896349068633e-05,-5.1550520360760042e-05,-4.3759883085910914e-09,5.1549160252384688e-11,0
187,1.2536992068613365e-11,3.0491757664532354e-06,3.0433204597034951e-06,5.8553067497403012e-09,2.1099235675546788e-11,0
188,-1.6613069860044317e-10,5.4603944570956464e-05,5.4593381111502149e-05,1.0563459454314655e-08,4.1248300252375184e-11,0
193,1.2035223292146235e-14,2.8503662634656523e-07,2.8502779182327996e-07,8.8345232852720174e-12,1.8050161674787804e-11,0
194,3.0758907272820569e-11,-2.7524093302783159e-05,-2.7529842894481490e-05,5.7495916983310265e-09,2.7346090570538602e-11,0
195,1.3614996279807449e-10,-7.9080656341708015e-05,-7.9081212675190647e-05,5.5633348263210616e-10,3.1645310932126163e-11,0
196,-7.4669572592624694e-11,-2.4482724436715518e-05,-2.4487503409729217e-05,4.7789730136992763e-09,3.5199056031762394e-11,0
198,3.0746872052095073e-11,-2.7809201976224107e-05,-2.7816762845308528e-05,7.5608690844203579e-09,2.4560351899728604e-11,0
199,1.3613792757705521e-10,-7.9365716616757766e-05,-7.9364355588107944e-05,-1.3610286498218433e-09,1.6978041708227057e-11,0
200,-7.4681607814194418e-11,-2.4767747748163601e-05,-2.4773415996604309e-05,5.6682484407076636e-09,1.7480488948879513e-11,0
201,1.0539105557384393e-10,-5.1556611809522443e-05,-5.1551415443933339e-05,-5.1963655891035959e-09,3.4776964132556876e-11,0
202,-1.0542847994315618e-10,3.0414311939326241e-06,3.0422591805275955e-06,-8.2798659497133569e-10,3.8661996190194686e-11,0
203,-2.1081953548418981e-10,5.4598018033393675e-05,5.4593215048526733e-05,4.8029848669417833e-09,2.7412631751568772e-11,0
204,-1.7222047940775948e-10,5.5140367863568129e-06,5.5575951176582470e-06,-4.3558331301434073e-08,5.1754164210293722e-11,0
205,-2.6957352689334750e-11,-4.6039881141709399e-05,-4.5985082507715782e-05,-5.4798633993616557e-08,3.5416054463585447e-11,0
206,-2.3848189247567070e-10,8.5591714412032449e-06,8.6064759479510424e-06,-4.7304506747797526e-08,2.7461189008415968e-11,0
207,1.5584769043434366e-10,-3.3042157697039942e-05,-3.3100994751575225e-05,5.8837054535282600e-08,5.0270751153835992e-11,0
209,-1.6372790001790105e-11,-2.7528094688098045e-05,-2.7530708171766832e-05,2.6134836687872283e-09,2.0223225189515001e-11,0
210,1.2889033640419115e-10,-7.9081969938814538e-05,-7.9081582466172690e-05,-3.8747264184885773e-10,2.4559916035220537e-11,0
211,-8.2634202765822525e-11,-2.4482878183061088e-05,-2.4487345277013972e-05,4.4670939528837722e-09,2.3927073255256517e-11,0
212,1.5584043147330101e-10,-3.3327153037835539e-05,-3.3388515505604234e-05,6.1362467768695387e-08,3.4944512251196358e-11,0
213,-1.6380048963965914e-11,-2.7813234334160162e-05,-2.7817616508432482e-05,4.3821742723196516e-09,2.5506117633892956e-11,0
214,1.2888307744297017e-10,-7.9367074588508873e-05,-7.9364728523394004e-05,-2.3460651148691928e-09,1.9587330748034660e-11,0
215,-8.2641461727609065e-11,-2.4767939425716500e-05,-2.4773251344777597e-05,5.3119190610968162e-09,1.8062398142364415e-11,0
216,1.4526312643053208e-10,-5.1553843251743144e-05,-5.1550919370363842e-05,-2.9238813793023319e-09,3.4037266324021036e-11,0
217,-6.6261412786985438e-11,3.0451870323357135e-06,3.0432780351894158e-06,1.9089971462976875e-09,2.6313964180845494e-11,0
218,-2.1152453927321791e-10,5.4599058680095298e-05,5.4593738014428464e-05,5.3206656668348148e-09,2.4079636613961186e-11,0
219,-7.2115565961765313e-11,5.5553898483870490e-06,5.5588242930241599e-06,-3.4344446371109178e-09,1.4886444103183930e-11,0
220,1.6657420647281177e-10,-4.5973729512346299e-05,-4.5982752167394634e-05,9.0226550483350418e-09,1.1654885981012851e-11,0
221,-1.3118600330615078e-10,8.6007280945422232e-06,8.6081181912553002e-06,-7.3900967130770089e-09,8.3977309564851705e-12,0
222,-2.0793486652139656e-11,-3.3089931038680648e-05,-3.3103297431636291e-05,1.3366392955642696e-08,1.4106560583728669e-11,0
224,-9.2909052835505889e-11,-2.7534571872094016e-05,-2.7531850060710334e-05,-2.7218113836818033e-09,7.8762696631535754e-12,0
225,1.4578071955724485e-10,-7.9063654360644539e-05,-7.9081573018384584e-05,1.7918657740044735e-08,1.0812866132110054e-11,0
226,-1.5197949013596689e-10,-2.4489211163866709e-05,-2.4488016248303721e-05,-1.1949155629876096e-09,9.9908397536557386e-12,0
227,-2.0801379730546294e-11,-3.3374954286184439e-05,-3.3390806726240284e-05,1.5852440055845289e-08,9.8168026202107663e-12,0
228,-9.2916945914823347e-11,-2.7819619396817798e-05,-2.7818750254896082e-05,-8.6914192171588323e-10,9.8941886457195717e-12,0
229,1.4577282647669017e-10,-7.9348677172732737e-05,-7.9364721342478460e-05,1.6044169745722684e-08,7.4419006245204113e-12,0
230,-1.5198738321558566e-10,-2.4774204835605051e-05,-2.4773917767197561e-05,-2.8706840749052063e-10,7.4028581226929120e-12,0
231,2.3868977231616030e-10,-5.1529115707915282e-05,-5.1549767619426204e-05,2.0651911510922028e-08,1.2479176405531423e-11,0
232,-5.9070437230397404e-11,3.0453424210727473e-06,3.0437457398995809e-06,1.5966811731664018e-09,1.0479333732201570e-11,0
233,-2.9776020983841478e-10,5.4574450464275198e-05,5.4593054098547532e-05,-1.8603634272333343e-08,8.9927633425581663e-12,0
235,-6.1278012564136037e-11,-2.7530491806358661e-05,-2.7531627785048116e-05,1.1359786894548989e-09,1.7194807244945596e-11,0
236,1.3598067877369165e-10,-7.9080553019366014e-05,-7.9081856048036003e-05,1.3030286699893673e-09,1.9997147997772306e-11,0
237,-1.1682038142379055e-10,-2.4484313462105195e-05,-2.4487436169265640e-05,3.1227071604453152e-09,1.9240945062137538e-11,0
238,-6.1284661007276633e-11,-2.7815548326559549e-05,-2.7818521265102260e-05,2.9729385427106287e-09,1.4269765020710780e-11,0
239,1.3597403033134662e-10,-7.9365582552509348e-05,-7.9365006213630355e-05,-5.7633887899232079e-10,9.2128435950952501e-12,0
240,-1.1682702986504399e-10,-2.4769301927621366e-05,-2.4773333927679980e-05,4.0320000586141697e-09,8.6751005906388229e-12,0
241,1.9725869128461465e-10,-5.1550104715901782e-05,-5.1550272584295203e-05,1.6786839342089292e-10,2.4971438208702097e-11,0
242,-5.5542368819717492e-11,3.0461340701947630e-06,3.0441009024985902e-06,2.0331676961728582e-09,2.3330688823949120e-11,0
243,-2.5280106034211168e-10,5.4596265212191256e-05,5.4593914333152726e-05,2.3508790385293882e-09,1.7458317597638172e-11,0
244,-7.0694016195242576e-11,-2.7530853653325114e-05,-2.7531845842266228e-05,9.9218894111428001e-10,2.6742349495333944e-11,0
245,1.3406683803330129e-10,-7.9081372596309218e-05,-7.9081979877170097e-05,6.0728086087916654e-10,2.5384203282881142e-11,0
246,-1.1691973283134887e-10,-2.4484000493428613e-05,-2.4487345897524437e-05,3.3454040958244048e-09,2.6912558745134875e-11,0
247,2.0476085415509834e-10,-5.1550593850872156e-05,-5.1550178146270772e-05,-4.1570460138432019e-10,4.5854742947975154e-11,0
248,-4.6225716589746192e-11,3.0467896486352552e-06,3.0444076029791483e-06,2.3820456561068031e-09,2.8236346947310746e-11,0
249,-2.5098657099522613e-10,5.4597364981299502e-05,5.4594126661676210e-05,3.2383196232925937e-09,2.7256154919268302e-11,0
250,1.6767115952225036e-10,5.5851023392488458e-06,5.5617686034070539e-06,2.3333735841791859e-08,3.2072659082438909e-11,0
251,5.0391050198086349e-11,8.6184835778949087e-06,8.6110484568354640e-06,7.4351210594447215e-09,1.6634778122936071e-11,0
252,-1.7912784969553523e-10,-3.3109010006974332e-05,-3.3105530116817050e-05,-3.4798901572818952e-09,1.9293820163064738e-11,0
254,-1.1456689541226953e-11,-2.7523880523866277e-05,-2.7531285976876834e-05,7.4054530105568971e-09,2.1491614674735771e-11,0
255,-1.2873679893660380e-10,-2.4490528922335025e-05,-2.4487341396525339e-05,-3.1875258096861919e-09,2.5079953978068846e-11,0
256,-1.7914259912997951e-10,-3.3393969146493577e-05,-3.3393014754708364e-05,-9.5439178521300070e-10,1.7550982621160070e-11,0
257,-1.1471438975079558e-11,-2.7808997619435671e-05,-2.7818168670772560e-05,9.1710513368886898e-09,3.9435575189406692e-11,0
258,-1.2875154837325221e-10,-2.4775471108744347e-05,-2.4773233168466046e-05,-2.2379402783008712e-09,2.6808465225554729e-11,0
259,-1.1728010940970247e-10,3.0333393704713371e-06,3.0438495758051496e-06,-1.0510205333812517e-08,2.4619712297816537e-11,0
260,1.8767751591334524e-10,5.6165162275346320e-06,5.5620142588858018e-06,5.4501968648830212e-08,3.9583456059664362e-11,0
261,2.3711906669631797e-10,-4.5983865046141364e-05,-4.5982035327222065e-05,-1.8297189192985623e-09,2.3615124349305889e-11,0
262,3.7432474989185332e-11,8.6206355467107268e-06,8.6112430289820191e-06,9.3925177287076641e-09,1.7118245952908366e-11,0
263,-9.4983339448020045e-11,-3.3097518350953447e-05,-3.3104642550029033e-05,7.1241990755863734e-09,2.5427281917541600e-11,0
264,1.7327812350672057e-14,2.8502010796377453e-07,2.8502798463780278e-07,-7.8766740282505012e-12,2.0381245353422138e-11,0
265,9.2694176468372732e-11,-2.7480972272649409e-05,-2.7530227227885344e-05,4.9254955235934961e-08,2.6519059973677681e-11,0
266,1.4213572724981455e-10,-7.9081423570030122e-05,-7.9082260424806963e-05,8.3685477684114929e-10,2.6747109882942218e-11,0
267,-5.7550864456946874e-11,-2.4476917785230898e-05,-2.4486270730144248e-05,9.3529449133495388e-09,2.5419051877286544e-11,0
268,-9.5000667262329977e-11,-3.3382517254336463e-05,-3.3392114731315629e-05,9.5974769791663112e-09,1.9866717446455885e-11,0
269,9.2676848657176333e-11,-2.7766062922846002e-05,-2.7817101077465863e-05,5.1038154619861397e-08,3.3454710884840106e-11,0
270,1.4211839943809223e-10,-7.9366417942333938e-05,-7.9365416199042512e-05,-1.0017432914264952e-09,2.0695715108504272e-11,0
271,-5.7568192268847203e-11,-2.4761858132583102e-05,-2.4772157571358806e-05,1.0299438775703885e-08,1.7992315711959406e-11,0
272,4.9441550813473941e-11,-5.1600366748919164e-05,-5.1552076513917107e-05,-4.8290235002057731e-08,3.7531741264685765e-11,0
273,-1.5024504104043207e-10,3.0040442430753767e-06,3.0438579941646718e-06,-3.9813751089295098e-08,3.2115369664498113e-11,0
274,-1.9968659174430271e-10,5.4604525212695364e-05,5.4595475670497709e-05,9.0495421976548979e-09,2.3116521016328285e-11,0
276,1.7618549960236753e-10,-2.7470092548938924e-05,-2.7529393084147728e-05,5.9300535208804147e-08,2.7520478236329485e-11,0
277,1.2347077654745336e-10,-7.9086827501044163e-05,-7.9082676709979407e-05,-4.1507910647563089e-09,2.2552666814814867e-11,0
278,2.1243962690418646e-11,-2.4458593718218458e-05,-2.4485132598998744e-05,2.6538880780285995e-08,2.9857227445214820e-11,0
279,1.7616937613549914e-10,-2.7755124256231140e-05,-2.7816259215264046e-05,6.1134959032906814e-08,3.2761520920263632e-11,0
280,1.2345465308179784e-10,-7.9371819564704685e-05,-7.9365834604727678e-05,-5.9849599770073940e-09,1.6766390964354776e-11,0
281,2.1227839225870010e-11,-2.4743606806914425e-05,-2.4771015118449018e-05,2.7408311534592264e-08,1.6947404869039979e-11,0
283,-1.5494153722557291e-10,3.0115762338473427e-06,3.0441589446771640e-06,-3.2582710829821319e-08,4.2917543799097284e-11,0
284,-1.0222681378842944e-10,5.4628192663061861e-05,5.4597026781620012e-05,3.1165881441849676e-08,2.4780982215036411e-11,0
285,8.4266250576575018e-11,5.5731964801585682e-06,5.5607444852499817e-06,1.2451994908586424e-08,7.4520866927012886e-11,0
286,7.4102110356071098e-12,8.6164189419735875e-06,8.6114238305938587e-06,4.9951113797287928e-09,3.8942314042865082e-11,0
287,-7.6856039567105736e-11,3.0431631733588219e-06,3.0454010028596433e-06,-2.2378295008214236e-09,4.3388604334156243e-11,0
288,2.1041083419799997e-14,2.8504922344331001e-07,2.8502807011105131e-07,2.1153332258702091e-11,1.9491711331649880e-11,0
289,1.1088502361130840e-10,-7.9098183364044103e-05,-7.9082993945032304e-05,-1.5189419011799304e-08,3.6907332829212662e-11,0
290,1.1086398253064121e-10,-7.9383199312862800e-05,-7.9366153756946572e-05,-1.7045555916227260e-08,1.7802314977117439e-11,0
291,1.3461798953696672e-10,-7.9107087574913602e-05,-7.9082786590702661e-05,-2.4300984210941798e-08,3.4060547105056580e-11,0
292,1.1773826933478499e-10,5.5773604942348232e-06,5.5611554838662197e-06,1.6205010368603448e-08,1.7248267998254323e-11,0
293,3.1012018671130379e-11,8.6184237372750362e-06,8.6118826929662350e-06,6.5410443088011931e-09,9.0703473108219434e-12,0
294,-8.6726250716928566e-11,3.0410083887441944e-06,3.0454773076758191e-06,-4.4689189316246773e-09,1.6935230525271778e-11,0
296,1.3169654194361061e-10,-2.7520342204872573e-05,-2.7530325582262474e-05,9.9833773899003385e-09,3.1697121321206979e-11,0
297,1.0838301075906430e-10,-7.9086881704151010e-05,-7.9083240239405058e-05,-3.6414647459513325e-09,4.3473700672704326e-11,0
298,3.7315931696032985e-11,-2.4468765943497575e-05,-2.4484590305054879e-05,1.5824361557304146e-08,4.4944636081496454e-11,0
299,1.3168855788297945e-10,-2.7805276711821529e-05,-2.7817176038612413e-05,1.1899326790884123e-08,4.1571450040823976e-11,0
300,1.0837502669922387e-10,-7.9371985737691515e-05,-7.9366402351231649e-05,-5.5833864598652796e-09,3.0281348056333249e-11,0
301,3.7307947637652062e-11,-2.4753826792414668e-05,-2.4770464016979996e-05,1.6637224565327905e-08,2.7635433826026878e-11,0
302,-2.3313531186466806e-11,-5.1566760095341987e-05,-5.1552956791094402e-05,-1.3803304247585082e-08,4.7247034246291372e-11,0
303,-9.4380610542693598e-11,3.0514513991060366e-06,3.0456275969306714e-06,5.8238021753652110e-09,5.7429902602187684e-11,0
304,-7.1067078919979071e-11,5.4618177870046150e-05,5.4598125922744435e-05,2.0051947301715140e-08,4.5658914040821163e-11,0
306,-3.6858467362028536e-11,-2.7529237069421264e-05,-2.7532616737978755e-05,3.3796685574910210e-09,1.3765356911846045e-11,0
307,1.0340434346916217e-10,-7.9088179238941993e-05,-7.9083518300101095e-05,-4.6609388408975745e-09,1.3624191443211789e-11,0
309,1.0340903508940075e-10,-7.9373193604192344e-05,-7.9366682731995625e-05,-6.5108721967186475e-09,8.1288463354204069e-12,0
310,1.4026281089563854e-10,-5.1558925462677138e-05,-5.1550943242147555e-05,-7.9822205295828415e-09,1.5893325175357869e-11,0
311,-9.7990238275302171e-11,8.6006399331386985e-06,8.6111617805473727e-06,-1.0521847408674227e-08,3.3963038489736231e-11,0
312,-7.8417295707513720e-11,-3.3095789283747973e-05,-3.3105090363795747e-05,9.3010800477740982e-09,5.5661944899157213e-11,0
313,-1.7640753403279308e-10,-2.4495295540131676e-05,-2.4486851094111314e-05,-8.4444460203621122e-09,3.2935112878200881e-11,0
314,1.8137052802114011e-10,-5.1551319672852799e-05,-5.1550433908611711e-05,-8.8576424108833055e-10,1.6619669247083631e-11,0
315,7.4037789875999346e-11,5.5688972169754773e-06,5.5606188912956837e-06,8.2783256797935222e-09,4.6328829484775963e-11,0
316,2.6036442666186229e-10,-4.5964501632970306e-05,-4.5982005469973522e-05,1.7503837003215853e-08,2.2411423768792167e-11,0
317,-2.2952639752297623e-11,8.6148246944734060e-06,8.6123056033777189e-06,2.5190910956870722e-09,1.8349564643893778e-11,0
319,1.2266048558074639e-14,2.8503463339619403e-07,2.8502804783947362e-07,6.5855567204097613e-12,2.6126602333339596e-11,0
320,-3.6276010006966509e-11,-2.7531798572920157e-05,-2.7532933515800563e-05,1.1349428804058250e-09,2.8419284068413169e-11,0
321,1.5005062679134624e-10,-7.9065180241896620e-05,-7.9083262793993436e-05,1.8082552096816825e-08,2.5514328901315730e-11,0
322,-1.3326643966361282e-10,-2.4485878552561735e-05,-2.4486197732774113e-05,3.1918021237777082e-10,2.2216183052493346e-11,0
323,-1.1032606610477108e-10,-3.3385696266227758e-05,-3.3392982030984758e-05,7.2857647569996389e-09,2.1688396593216818e-11,0
324,-3.6288276055868384e-11,-2.7816780200323786e-05,-2.7819762030174655e-05,2.9818298508681618e-09,2.8026946044437791e-11,0
325,1.5003836074368595e-10,-7.9350160051816152e-05,-7.9366431054836328e-05,1.6271003020176442e-08,1.8466654913357025e-11,0
326,-1.3327870571516498e-10,-2.4770902385704702e-05,-2.4772059200547963e-05,1.1568148432614556e-09,1.7286613312356520e-11,0
327,1.8632663679302280e-10,-5.1533455852875720e-05,-5.1550370294352485e-05,1.6914441476765173e-08,4.4760912074355348e-11,0
328,-9.6990429646895992e-11,3.0458831941854517e-06,3.0466194322038041e-06,-7.3623801835245495e-10,3.4245201740378935e-11,0
329,-2.8331706655952679e-10,5.4579280596211976e-05,5.4596531613033742e-05,-1.7251016821765960e-08,1.9017032713512098e-11,0
330,7.7475369322117930e-11,5.5690576750912386e-06,5.5606611008918773e-06,8.3965741993613361e-09,5.5996519409401296e-11,0
331,-7.6514190666391879e-12,8.6154844624777415e-06,8.6128204804295843e-06,2.6639820481572020e-09,2.8242310568464376e-11,0
332,-1.5599700613451487e-10,-3.3111261065776366e-05,-3.3106269189749800e-05,-4.9918760265660464e-09,4.8591823751971654e-11,0
333,1.1450308607860012e-14,2.8500225895315491e-07,2.8502806054456210e-07,-2.5801591407187565e-11,2.2046239957975191e-11,0
334,-7.8521636392284594e-11,-2.7542152528068492e-05,-2.7533655738741554e-05,-8.4967893269378850e-09,2.8808128154341915e-11,0
335,-1.6364842484474212e-10,-2.4495854105867007e-05,-2.4486389042310322e-05,-9.4650635566849580e-09,3.4632365680678444e-11,0
336,-1.5600845644290734e-10,-3.3396175635000240e-05,-3.3393666055111215e-05,-2.5095798890251305e-09,2.0377350417427384e-11,0
337,-7.8533086701399836e-11,-2.7827206555963539e-05,-2.7820476037009400e-05,-6.7305189541388153e-09,2.4893447175392854e-11,0
338,-1.6365987515327865e-10,-2.4780770963028081e-05,-2.4772245912201751e-05,-8.5250508263306427e-09,1.5428583917203533e-11,0
339,-8.5126788405883724e-11,3.0463527413140609e-06,3.0471471106578435e-06,-7.9436934378257780e-10,3.0812142982867278e-11,0
340,1.3712948419499559e-10,-7.9086058201541915e-05,-7.9083750910868318e-05,-2.3072906735969578e-09,4.7947347026055201e-11,0
341,-3.4660443425558515e-11,5.5235850959893529e-06,5.5592841996597474e-06,-3.5699103670394560e-08,3.8286273899721210e-11,0
342,-8.1483041213150851e-11,8.5751645307833441e-06,8.6121452550653016e-06,-3.6980724281957558e-08,2.1748758813748827e-11,0
343,-4.6822597682107085e-11,3.0516292774181598e-06,3.0478877058729677e-06,3.7415715451921082e-09,2.3959421374768493e-11,0
345,-2.0741860183121124e-10,-2.7546439133930428e-05,-2.7535498699258053e-05,-1.0940434672374863e-08,2.6277992318812727e-11,0
346,1.4811455491060875e-10,-7.9085967852893227e-05,-7.9083740760358057e-05,-2.2270925351700012e-09,3.2017171735542589e-11,0
347,-1.9573133884682462e-10,-2.4489333949072323e-05,-2.4486550546005346e-05,-2.7834030669768393e-09,4.2803913844590348e-11,0
348,-2.0741827312790376e-10,-2.7831413047491038e-05,-2.7822308358029671e-05,-9.1046894613669991e-09,3.9059222068672330e-11,0
349,1.4811488361298979e-10,-7.9370947832230407e-05,-7.9366914050071525e-05,-4.0337821588824416e-09,2.7879753071756181e-11,0
350,-1.9573101014500079e-10,-2.4774313694209908e-05,-2.4772401403788927e-05,-1.9122904209807124e-09,2.6994146232374196e-11,0
351,3.5553315631398483e-10,-5.1539562905785971e-05,-5.1548282126857678e-05,8.7192210717070245e-09,3.3808020765818195e-11,0
352,1.1687263102197474e-11,3.0570565578294864e-06,3.0488244302636939e-06,8.2321275657925461e-09,4.1809297580849745e-11,0
353,-3.4384589375293033e-10,5.4596626910533540e-05,5.4596648742683113e-05,-2.1832149572887337e-11,3.3623650565498688e-11,0
356,9.8967965457802247e-11,-7.9103082482533463e-05,-7.9084592336733798e-05,-1.8490145799665222e-08,1.7220479364305042e-11,0
358,9.8986866857669739e-11,-7.9388064302235092e-05,-7.9367768229989945e-05,-2.0296072245147199e-08,1.2526109577524768e-11,0
359,2.5408748094414110e-10,-5.1573286567081766e-05,-5.1549522028140791e-05,-2.3764538940975247e-08,4.3590401766473285e-11,0
360,-8.7628196441946088e-11,5.5421105436409546e-06,5.5586338154283022e-06,-1.6523271787347616e-08,4.0724266083193977e-11,0
361,7.1095742365939122e-11,-4.6011036989698079e-05,-4.5984557944274941e-05,-2.6479045423137624e-08,3.2032035717350463e-11,0
362,-1.7087436058183373e-10,8.5926357471823034e-06,8.6121020236480051e-06,-1.9466276465701724e-08,2.3833847397539275e-11,0
363,7.0903393788053454e-11,-3.3073286592600129e-05,-3.3104012516327276e-05,3.0725923727146966e-08,4.2226339690482773e-11,0
365,-1.6724803622417534e-11,-2.7531123759551778e-05,-2.7533697077520701e-05,2.5733179689229647e-09,1.8072959634355523e-11,0
366,1.4199913498513810e-10,-7.9084234148123298e-05,-7.9084344613496489e-05,1.1046537319039321e-10,2.5334856983474270e-11,0
367,-9.9970967496365754e-11,-2.4480651658664865e-05,-2.4484892530914734e-05,4.2408722498687144e-09,2.4568936703726028e-11,0
368,7.0893743575621013e-11,-3.3358383638295436e-05,-3.3391363961995788e-05,3.2980323700352492e-08,3.6187482117115217e-11,0
369,-1.6734453832104514e-11,-2.7816255022552615e-05,-2.7820485087563235e-05,4.2300650106201021e-09,2.8147188641326464e-11,0
370,1.4198948477454507e-10,-7.9369249295681028e-05,-7.9367524060285294e-05,-1.7252353957334515e-09,2.0847093173549084e-11,0
371,-9.9980617708856925e-11,-2.4765657820295900e-05,-2.4770731339338696e-05,5.0735190427966955e-09,2.0274228341023851e-11,0
372,1.5872393861950827e-10,-5.1553079836029903e-05,-5.1550686495283972e-05,-2.3933407459312563e-09,3.3536500511452743e-11,0
373,-8.3246163893470116e-11,3.0504740136437589e-06,3.0486722410916876e-06,1.8017725520712980e-09,2.2777244827589117e-11,0
374,-2.4197010260086577e-10,5.4603503282515779e-05,5.4598901270136655e-05,4.6020123791243447e-09,2.3612792345775696e-11,0
376,9.6076041715725048e-13,-2.7530918784356758e-05,-2.7533675107186512e-05,2.7563228297542743e-09,1.0553024410892933e-11,0
377,1.3052320493910262e-10,-7.9086871292397519e-05,-7.9084676693013544e-05,-2.1945993839745954e-09,1.6172834812488232e-11,0
378,-5.5665436150739284e-11,-2.4477691401455365e-05,-2.4484174180278011e-05,6.4827788226458707e-09,2.1095430550608301e-11,0
379,9.5568493911974186e-13,-2.7815978746451551e-05,-2.7820455189909069e-05,4.4764434575171293e-09,1.4985814336930353e-11,0
380,1.3051812946001138e-10,-7.9371851215336237e-05,-7.9367858265350121e-05,-3.9929499861157854e-09,1.1959047678156337e-11,0
381,-5.5670511631703711e-11,-2.4762730202383156e-05,-2.4770008531923257e-05,7.2783295401016349e-09,1.0098228431718962e-11,0
382,1.2956244457212196e-10,-5.1555946212988174e-05,-5.1551040145112639e-05,-4.9060678755354298e-09,1.6103009087249124e-11,0
383,-5.6626196628769068e-11,3.0532101988976074e-06,3.0493655184813473e-06,3.8446804162600975e-09,2.4947864593444662e-11,0
384,-1.8618864103316218e-10,5.4609100539099349e-05,5.4599948323243538e-05,9.1522158558114252e-09,2.0253567022957537e-11,0
386,-9.1335172861529710e-11,-2.7533657917977201e-05,-2.7534977283534688e-05,1.3193655574867389e-09,2.7629538691442016e-11,0
387,1.3832652895398268e-10,-7.9087049417574996e-05,-7.9084746284814616e-05,-2.3031327603796701e-09,3.1797359028447216e-11,0
388,-1.0988592905709360e-10,-2.4479046619447446e-05,-2.4484689109132727e-05,5.6424896852817015e-09,4.0814369344289826e-11,0
389,-9.1336562003859390e-11,-2.7818684343161332e-05,-2.7821750510496839e-05,3.0661673355061566e-09,2.7095835322712666e-11,0
390,1.3832513980904129e-10,-7.9372005213467541e-05,-7.9367929699616813e-05,-4.0755138507286544e-09,1.8959844225959201e-11,0
391,-1.0988731820203921e-10,-2.4764009428123682e-05,-2.4770519607897238e-05,6.5101797735558410e-09,2.3709547201311186e-11,0
392,2.2966170171478587e-10,-5.1553253116664319e-05,-5.1549807214448981e-05,-3.4459022153383325e-09,5.2948372956827046e-11,0
393,-1.8550756150164944e-11,3.0546695448030112e-06,3.0501500811866790e-06,4.5194636163321960e-09,2.2993701039985940e-11,0
394,-2.4821245795379630e-10,5.4607953655361197e-05,5.4599500064204194e-05,8.4535911570025359e-09,4.2117041700603474e-11,0
395,-7.7324434193288365e-11,-2.7533375058155481e-05,-2.7534917377001018e-05,1.5423188455373951e-09,1.5615514738697146e-11,0
396,1.3809048187511319e-10,-7.9087031779590932e-05,-7.9084859003148252e-05,-2.1727764426798368e-09,1.7309487623609102e-11,0
397,-1.0232605326711822e-10,-2.4478748484972872e-05,-2.4484496136108293e-05,5.7476511354201973e-09,1.8542887721702109e-11,0
398,2.1541491599974528e-10,-5.1553651980727733e-05,-5.1549979609515966e-05,-3.6723712117670286e-09,2.1325087053767176e-11,0
399,-2.5001619042599386e-11,3.0545970244495735e-06,3.0502813651531439e-06,4.3156592964296132e-09,1.7874424693040054e-11,0
400,-2.4041653508429188e-10,5.4608338552902553e-05,5.4599803815555367e-05,8.5347373471862209e-09,1.4457963218976512e-11,0
402,2.1003552925234724e-10,-4.5988523597538381e-05,-4.5983011690842288e-05,-5.5119066960933501e-09,8.0911157963333169e-11,0
403,-2.0053675375449480e-11,8.6157615980346491e-06,8.6150817316757330e-06,6.7986635891609682e-10,8.0970493308789288e-11,0
405,1.4466661358696949e-14,2.8499958994552532e-07,2.8502826528794224e-07,-2.8675342416925664e-11,2.0928412089175964e-11,0
406,3.7001655649157639e-11,-2.7527317231466203e-05,-2.7533739225004413e-05,6.4219935382099267e-09,2.5051541165379585e-11,0
407,1.4419584370043208e-10,-7.9083771482049009e-05,-7.9085005031880639e-05,1.2335498316302105e-09,2.7650917666312368e-11,0
408,-8.5893360847519486e-11,-2.4479431352909657e-05,-2.4484092832253757e-05,4.6614793441002080e-09,2.8894677403365092e-11,0
409,-6.5854151850390172e-11,-3.3380088969697450e-05,-3.3393467627167739e-05,1.3378657470289345e-08,8.4243181995457576e-11,0
410,3.6987188985245301e-11,-2.7812336790653848e-05,-2.7820498991551042e-05,8.1622008971945310e-09,3.1060308422554938e-11,0
411,1.4418137703863885e-10,-7.9368784367568959e-05,-7.9368192382719255e-05,-5.9198484970383186e-10,1.8683869555625057e-11,0
412,-8.5907827510358221e-11,-2.4764404488735185e-05,-2.4769915876362045e-05,5.5113876268595471e-09,1.9113727948729177e-11,0
413,1.0719418806577475e-10,-5.1556419117846568e-05,-5.1551303327807047e-05,-5.1157900395209263e-09,3.5015793967147592e-11,0
414,-1.2289501656970607e-10,3.0478618931331983e-06,3.0495029299550692e-06,-1.6410368218708868e-09,3.8074972404356740e-11,0
415,-2.3008920461900741e-10,5.4604339506069723e-05,5.4600349244176187e-05,3.9902618935354979e-09,2.3707656150271487e-11,0
418,-1.6451957414703496e-10,8.5840494059331862e-06,8.6138194788184322e-06,-2.9770072885245969e-08,5.4179089390283793e-11,0
420,-7.0502614241346086e-11,-2.7534595252569523e-05,-2.7535377648597364e-05,7.8239602784127863e-10,3.0504744836440405e-11,0
421,1.5073662146089244e-10,-7.9082956830911662e-05,-7.9085236552914090e-05,2.2797220024283263e-09,2.7108608270120257e-11,0
422,-1.3901646504140101e-10,-2.4481614869243870e-05,-2.4484460758038495e-05,2.8458887946251280e-09,2.8059402953751746e-11,0
423,2.2123923563539861e-10,-5.1548365634108279e-05,-5.1549895772730227e-05,1.5301386219480884e-09,4.9715963090103007e-11,0
424,-6.8513850741123809e-11,3.0529758538573267e-06,3.0507683662766353e-06,2.2074875806913854e-09,3.4043999427376952e-11,0
425,-2.8975308666054280e-10,5.4601410266946759e-05,5.4600207330762251e-05,1.2029361845080689e-09,2.4031306971440308e-11,0
426,5.6858119738650494e-11,5.5630896257626364e-06,5.5604079443341369e-06,2.6816814284994937e-09,1.8100266677595577e-11,0
427,-2.4940808653757671e-11,8.6148149245441827e-06,8.6158380992895870e-06,-1.0231747454043108e-09,1.0798501396631822e-11,0
428,-1.4251635271365473e-10,-3.3104414529498780e-05,-3.3107433592610343e-05,3.0190631115627350e-09,1.7777374517068286e-11,0
429,-8.5658232820724033e-11,-2.7541357694078200e-05,-2.7535753393663017e-05,-5.6043004151828653e-09,1.4139693164833427e-11,0
430,-1.6745716123960888e-10,-2.4489637110235163e-05,-2.4484640594475223e-05,-4.9965157599402943e-09,1.6113559967769457e-11,0
431,-8.1798928354451409e-11,3.0517305441156613e-06,3.0509612600191406e-06,7.6928409652069773e-10,1.6213690173819726e-11,0
432,2.1224736713531809e-10,5.5910271971708336e-06,5.5623159489310407e-06,2.8711248239792881e-08,1.9606459492169006e-11,0
433,1.1125904862306742e-10,8.6280267016427409e-06,8.6176862120155744e-06,1.0340489627166434e-08,9.4974449400432104e-12,0
434,-1.0098831858471957e-10,3.0369731477686290e-06,3.0509309318806749e-06,-1.3957784112045898e-08,1.8828384585197492e-11,0
435,1.1676568225879778e-10,-7.9093159809205497e-05,-7.9085961444707979e-05,-7.1983644975184662e-09,3.1739623688303451e-11,0
436,-1.3804013038095077e-10,2.9894030873682878e-06,3.0506578852210894e-06,-6.1254797852801645e-08,6.3949355812717727e-11,0
437,1.1378414395198708e-10,-7.9096460742838701e-05,-7.9086084825945755e-05,-1.0375916892945759e-08,3.0863773341667208e-11,0
438,2.6514925746196868e-10,5.6248212418653909e-06,5.5629655244429845e-06,6.1855717422406411e-08,4.6605136481976414e-11,0
439,3.0253251786136288e-10,-4.5985485500515781e-05,-4.5982062803645966e-05,-3.4226968698155918e-09,2.2459806033511976e-11,0
440,1.0401547631792510e-10,8.6272022947779178e-06,8.6179242644519446e-06,9.2780303259732067e-09,1.8659457498512394e-11,0
441,-1.6132989196965983e-10,-3.3099863411692758e-05,-3.3107871601775854e-05,8.0081900830965020e-09,2.8932921397213455e-11,0
442,1.0381936547870557e-10,-2.7475004976299650e-05,-2.7533739677806441e-05,5.8734701506791198e-08,3.6980097635875743e-11,0
443,1.4120262587859087e-10,-7.9085356249130028e-05,-7.9085845775656344e-05,4.8952652631636343e-10,3.0507933432784169e-11,0
444,-5.7314415663841939e-11,-2.4472656004388173e-05,-2.4483008745370255e-05,1.0352740982082209e-08,2.8422849574785836e-11,0
445,3.7383260362564784e-11,-5.1610265728061627e-05,-5.1552141936418907e-05,-5.8123791642720058e-08,3.9881471462982383e-11,0
446,-1.6113378124267605e-10,3.0023050105066479e-06,3.0505744198031297e-06,-4.8269409296481776e-08,3.8581808395018118e-11,0
447,-1.9851704155631447e-10,5.4612650187249850e-05,5.4602259872069491e-05,1.0390315180358362e-08,2.1022421731388617e-11,0
448,1.7910583561193552e-10,-2.7503927228403335e-05,-2.7533000743143745e-05,2.9073514740409840e-08,1.8470680833678239e-11,0
449,1.2974475308063895e-10,-7.9089871387471797e-05,-7.9086168142838501e-05,-3.7032446332960168e-09,2.0075463371806455e-11,0
450,1.2648940687839775e-11,-2.4463146411565773e-05,-2.4481984000214929e-05,1.8837588649156853e-08,1.9135710519180477e-11,0
451,-4.9361082627909729e-11,-5.1585983449399866e-05,-5.1553202858101647e-05,-3.2780591298219475e-08,2.8352361530447805e-11,0
452,-1.6645689520249739e-10,3.0407314497889193e-06,3.0508572814264894e-06,-1.0125831637570080e-08,2.4093780833498255e-11,0
453,-1.1709581235645668e-10,5.4626690829999436e-05,5.4603603775013458e-05,2.3087054985978205e-08,1.9175852765221074e-11,0
454,1.2244839790815087e-10,-2.7527621444029329e-05,-2.7533881930766883e-05,6.2604867375533769e-09,3.1807802302154488e-11,0
455,1.3026286669041404e-10,-7.9089578756677634e-05,-7.9086343458422816e-05,-3.2352982548181737e-09,4.3982306602940110e-11,0
456,9.1098623302661406e-12,-2.4470747253138234e-05,-2.4481861782008274e-05,1.1114528870040863e-08,4.9592064442066783e-11,0
457,7.8144687330104918e-12,-5.1562162684832408e-05,-5.1552496605899398e-05,-9.6660789330094057e-09,4.2242979730921451e-11,0
458,-1.1333853584005231e-10,3.0567634547668324e-06,3.0518577383894037e-06,4.9057163774287028e-09,4.9958727104359487e-11,0
459,-1.2115300426059159e-10,5.4618807893215202e-05,5.4603898099411055e-05,1.4909793804146726e-08,3.7041097481481648e-11,0
460,5.9989650489147306e-11,-7.9144598595454196e-05,-7.9087500543192598e-05,-5.7098052261598479e-08,7.4180234290206045e-11,0
461,2.6557923674025063e-10,5.5999351060154190e-06,5.5629708041032782e-06,3.6964301912140789e-08,2.2977342223607012e-11,0
462,1.4058962636064778e-10,8.6289075978945168e-06,8.6194811338360565e-06,9.4264640584602389e-09,1.2487683005615295e-11,0
463,-1.2498961046490442e-10,3.0289711608040906e-06,3.0523123733174382e-06,-2.3341212513347545e-08,2.3171140698915432e-11,0
464,1.7236953415545182e-10,5.5727583435681918e-06,5.5618262941453023e-06,1.0932049422889538e-08,3.3274024421632190e-11,0
465,5.9781174963821006e-11,8.6227910038375304e-06,8.6188069947451113e-06,3.9840090924191270e-09,1.8463738066653842e-11,0
466,-1.9888822159221471e-10,-3.3107721560469462e-05,-3.3108919886680523e-05,1.1983262110604404e-09,3.5752445005629011e-11,0
467,-2.6518687001985706e-11,-2.7534850298259386e-05,-2.7536227428000151e-05,1.3771297407650848e-09,2.7409332386158895e-11,0
468,-1.3910704626065452e-10,-2.4484937552572868e-05,-2.4483220550935461e-05,-1.7170016374063401e-09,2.8784749063605780e-11,0
469,-1.1258835925169901e-10,3.0499850924951832e-06,3.0528362582852132e-06,-2.8511657900299525e-09,2.5816064393257765e-11,0
470,-6.8548886083290446e-11,5.5327974320465434e-06,5.5588680878279690e-06,-2.6070655781425602e-08,4.5931026189376721e-11,0
471,1.5127923845266095e-10,-4.6016168700950197e-05,-4.5984173386860017e-05,-3.1995314090179803e-08,3.1490375609372896e-11,0
472,-1.4583930140065422e-10,8.5887483446227264e-06,8.6166447940019392e-06,-2.7896449379212747e-08,3.4506082943570178e-11,0
473,4.7682350100380547e-12,-3.3068700301711398e-05,-3.3106568511783058e-05,3.7868210071659596e-08,4.5149696603447404e-11,0
474,-6.3780651908796578e-11,-2.7535836226249243e-05,-2.7536910606244494e-05,1.0743799952512179e-09,1.4146091761880345e-11,0
475,1.5604747240275655e-10,-7.9084868122380504e-05,-7.9086753562302247e-05,1.8854399217431038e-09,1.8654011360762898e-11,0
476,-1.4107106700791047e-10,-2.4479915639091451e-05,-2.4483043137957408e-05,3.1274988659569657e-09,2.1167767612043598e-11,0
477,2.1982812425501560e-10,-5.1549093200006432e-05,-5.1549876513649914e-05,7.8331364348159776e-10,1.9822754969237738e-11,0
478,-7.7290415042423896e-11,3.0559385304561142e-06,3.0536932624534942e-06,2.2452680026199232e-09,2.2648295028846704e-11,0
479,-2.9711853956879402e-10,5.4604944638022082e-05,5.4603114009761639e-05,1.8306282604434263e-09,1.6830296905491250e-11,0
480,-5.1767487794467241e-12,5.5518054781194398e-06,5.5596462261568246e-06,-7.8407480373848145e-09,3.7167244377076142e-11,0
481,1.6070574268134029e-10,-4.6000485430515263e-05,-4.5984095455494290e-05,-1.6389975020972660e-08,2.8286635280812744e-11,0
482,-1.0383400239061048e-10,8.6072057962696680e-06,8.6174275066326458e-06,-1.0221710362977868e-08,2.1279686253600072e-11,0
483,-9.0955299111689215e-12,-3.3085739135333206e-05,-3.3106848654746782e-05,2.1109519413576553e-08,3.7641054802172299e-11,0
484,-1.4272279527655905e-11,-2.7533925064156185e-05,-2.7536468817119042e-05,2.5437529628569470e-09,1.8024282292705569e-11,0
485,1.5161021182088345e-10,-7.9086247378801384e-05,-7.9086970743064825e-05,7.2336426344026591e-10,2.2888488598682903e-11,0
486,-1.1292953292831314e-10,-2.4478500410029689e-05,-2.4482549226816283e-05,4.0488167865932617e-09,2.4048561672975583e-11,0
487,1.6588249135452501e-10,-5.1552289006297908e-05,-5.1550535143092843e-05,-1.7538632050647274e-09,2.8574509486329975e-11,0
488,-9.8657253411072558e-11,3.0553855389281112e-06,3.0537427436918542e-06,1.6427952362570049e-09,2.5153632314270357e-11,0
489,-2.6453974487016423e-10,5.4607720008138100e-05,5.4603822227581491e-05,3.8977805566091416e-09,2.4352125866840007e-11,0
490,-4.9283776842438887e-12,-2.7534004007424015e-05,-2.7536546504352560e-05,2.5424969285450154e-09,1.6677765690482396e-11,0
491,1.5023348565608466e-10,-7.9089139645130354e-05,-7.9087176104151942e-05,-1.9635409784115980e-09,2.4584544382414386e-11,0
492,-8.1266230002968495e-11,-2.4476149191554348e-05,-2.4481988581225136e-05,5.8393896707879020e-09,2.1547736644817859e-11,0
493,1.5516186336999373e-10,-5.1555089506902761e-05,-5.1550662422598131e-05,-4.4270843046302156e-09,2.5708479681870510e-11,0
494,-7.6337852358219759e-11,3.0579033650350064e-06,3.0543780176167341e-06,3.5253474182722692e-09,2.6328282193308194e-11,0
495,-2.3149971564885466e-10,5.4613035761463466e-05,5.4604584905113717e-05,8.4508563497488320e-09,2.0979090453903176e-11,0
496,1.6116704925297700e-10,-7.9088971825082917e-05,-7.9087176076703223e-05,-1.7957483796943348e-09,1.9669394406101104e-11,0
497,1.0270259572532947e-10,5.5557290818443461e-06,5.5609708627624755e-06,-5.2417809181294097e-09,5.0678068059014260e-11,0
498,3.2842888307343318e-11,8.6129622910925858e-06,8.6196440634488054e-06,-6.6817723562195207e-09,2.7309687605176772e-11,0
499,-6.9859707378536961e-11,3.0573063483157418e-06,3.0547252262242032e-06,2.5811220915385405e-09,3.3478097397486170e-11,0
500,1.0800637033319913e-10,5.5632383520213755e-06,5.5610359871292013e-06,2.2023648921741445e-09,5.5346005340446423e-11,0
501,2.5257411132084756e-11,8.6186874681160215e-06,8.6197044099532543e-06,-1.0169418372327888e-09,3.4270105503343866e-11,0
502,-8.2748959175057317e-11,3.0554649123216027e-06,3.0547462698507829e-06,7.1864247081978929e-10,6.4219184544010936e-11,0
503,1.1942913510857391e-10,-7.9100864410890440e-05,-7.9087839065180952e-05,-1.3025345709487138e-08,1.8674561252398132e-11,0
504,2.4935944042469282e-10,5.6010946467670297e-06,5.5627716433090180e-06,3.8323003458011708e-08,6.2775742808904819e-11,0
505,1.4769700111255176e-10,8.6350008050095975e-06,8.6213902354997668e-06,1.3610569509830693e-08,3.6629612737515368e-11,0
506,-1.0166243937912335e-10,3.0340510485719029e-06,3.0547271256235782e-06,-2.0676077051675370e-08,5.4295305229589168e-11,0
508,9.7647224281519839e-11,-7.9120832363977454e-05,-7.9088267862872873e-05,-3.2564501104581666e-08,9.9103637774581986e-12,0
510,2.0872127173392822e-10,5.5772268028018990e-06,5.5622726524588094e-06,1.4954150343089614e-08,4.7090741053011831e-11,0
511,1.0332425174817825e-10,8.6268205030538142e-06,8.6210166714814045e-06,5.8038315724096582e-09,2.5491143014473290e-11,0
512,-1.0539702005219716e-10,3.0495183039472643e-06,3.0548813677402810e-06,-5.3630637930167397e-09,3.6753103370554901e-11,0
513,1.7894921556960552e-10,5.5724415498736163e-06,5.5619070852077131e-06,1.0534464665903232e-08,6.0228617643862789e-11,0
514,8.1978336359441919e-11,8.6251045920073162e-06,8.6209391977459867e-06,4.1653942613295011e-09,2.7740186972124793e-11,0
515,-9.6970879251927820e-11,3.0526370386929798e-06,3.0552005218879833e-06,-2.5634831950034748e-09,4.6322055083397285e-11,0
517,1.1666754397813862e-10,-7.9096109416048124e-05,-7.9088201078427427e-05,-7.9083376206977220e-09,3.0908638926706637e-11,0
519,-3.3311904638176776e-11,3.0629936412533351e-06,3.0562914254732470e-06,6.7022157800880838e-09,1.0846689955306432e-11,0
522,2.8597419585010227e-10,-4.5986834147513462e-05,-4.5982823584179771e-05,-4.0105633336909308e-09,6.0378637412705479e-11,0
523,4.8613814290389301e-11,8.6225212212053155e-06,8.6211790608111319e-06,1.3421603941836543e-09,7.8511501343949921e-11,0
526,4.5345375592942388e-11,-2.7529576866936259e-05,-2.7536906525880612e-05,7.3296589443533572e-09,2.9224375881523570e-11,0
527,1.4699768073600976e-10,-7.9086156056752503e-05,-7.9088173032221390e-05,2.0169754688865223e-09,2.9615365254935517e-11,0
528,-9.0362700797881869e-11,-2.4476683435231071e-05,-2.4481227395687846e-05,4.5439604567751475e-09,2.8906578601853000e-11,0
533,1.0165230512640279e-10,-5.1556671411808548e-05,-5.1551297326192565e-05,-5.3740856159834255e-09,3.9109189603087198e-11,0
534,-1.3570807645936906e-10,3.0528639760087073e-06,3.0554836881133859e-06,-2.6197121046785754e-09,3.8864927475178617e-11,0
535,-2.3736038157803792e-10,5.4609455689424297e-05,5.4606326109523790e-05,3.1295799005068357e-09,2.3044620590137710e-11,0
536,2.1321996637101150e-10,8.6392172386606098e-06,8.6236495791171077e-06,1.5567659543502083e-08,2.3427606638987463e-11,0
537,-3.3071463181056217e-10,-3.3134982127220464e-05,-3.3111756752863717e-05,-2.3225374356746539e-08,4.2240135445057118e-11,0
539,-1.1749466468567382e-10,-2.4495828744340326e-05,-2.4481310798068960e-05,-1.4517946271365759e-08,3.8337400430644876e-11,0
542,9.0892638428870544e-10,-5.1575942864256607e-05,-5.1541377324731207e-05,-3.4565539525400232e-08,4.3140607629402026e-11,0
543,3.2242410195210367e-10,5.6309917340451043e-06,5.5636687948970535e-06,6.7322939148050841e-08,4.0865186380457668e-11,0
544,3.4543669212124847e-10,-4.5986976601597365e-05,-4.5982202801559347e-05,-4.7738000380175677e-09,2.0106542226463821e-11,0
545,1.5428689282220099e-10,8.6322549889975356e-06,8.6232484938952083e-06,9.0064951023272879e-09,1.6901971713607236e-11,0
546,-2.0782121388579857e-10,-3.3101516130853558e-05,-3.3110380570201437e-05,8.8644393478792870e-09,2.5402707101259040e-11,0
547,1.9753453918771277e-14,2.8515981364385860e-07,2.8502874892773265e-07,1.3106471612594768e-10,1.8633808971456397e-11,0
548,1.1460288802635320e-10,-2.7470546859508990e-05,-2.7536536479137659e-05,6.5989619628669142e-08,2.2998460282641639e-11,0
549,1.3761547820133418e-10,-7.9088503407262001e-05,-7.9088758698288289e-05,2.5529102628803289e-10,2.2914011290297411e-11,0
550,-5.3534321097132460e-11,-2.4469309516878326e-05,-2.4480346163023528e-05,1.1036646145201493e-08,2.2445197958201663e-11,0
551,-2.0784096733978964e-10,-3.3386584328474165e-05,-3.3397479547108578e-05,1.0895218634412844e-08,2.2199047684839361e-11,0
552,1.1458313457252841e-10,-2.7755662900119313e-05,-2.7823145084086568e-05,6.7482183967254925e-08,3.5327764509472266e-11,0
553,1.3759572474772095e-10,-7.9373607936358793e-05,-7.9371988030924501e-05,-1.6199054342922251e-09,1.9859473030544189e-11,0
554,-5.3554074551258491e-11,-2.4754328096150170e-05,-2.4766084724231123e-05,1.1756628080952889e-08,1.7584224748709013e-11,0
555,2.3012590083815703e-11,-5.1617900879954298e-05,-5.1552252054551781e-05,-6.5648825402517079e-08,3.3674451521898120e-11,0
556,-1.6813720921092109e-10,3.0012710370190890e-06,3.0559872377891855e-06,-5.4716200770096504e-08,3.6712746935770612e-11,0
557,-1.9114979929884485e-10,5.4619240315179323e-05,5.4607784697361777e-05,1.1455617817546096e-08,1.7106144673720020e-11,0
558,2.6758310399762910e-11,5.5517007890408532e-06,5.5600383526439351e-06,-8.3375636030819341e-09,8.7513815582547235e-11,0
560,-6.4023097460975399e-11,8.6110374963050546e-06,8.6210305808527213e-06,-9.9930845476667437e-09,4.8128168543823659e-11,0
562,1.1708458342631056e-14,2.8503042359369837e-07,2.8502868229435103e-07,1.7412993473355098e-12,2.3921900339624392e-11,0
563,-6.5171527974249670e-11,-2.7538749777874030e-05,-2.7539031843633059e-05,2.8206575902820896e-10,2.6015539866797479e-11,0
564,1.6315761034989713e-10,-7.9083327466905780e-05,-7.9088727076494876e-05,5.3996095890958967e-09,2.7148361044495931e-11,0
565,-1.5595293571550131e-10,-2.4479360512984043e-05,-2.4481346582269453e-05,1.9860692854106244e-09,2.9807350143967555e-11,0
567,-6.5183236431321202e-11,-2.7823850988514635e-05,-2.7825628738460423e-05,1.7777499457878772e-09,3.3963765094690855e-11,0
568,1.6314590189078954e-10,-7.9368327483060434e-05,-7.9371959528771931e-05,3.6320457114970284e-09,1.8949959645423346e-11,0
569,-1.5596464417329006e-10,-2.4764385590360025e-05,-2.4767078553019214e-05,2.6929626591894987e-09,2.0119534431341166e-11,0
570,2.2832913827230373e-10,-5.1544579061178070e-05,-5.1549724478158960e-05,5.1454169808901572e-09,4.0437166937233507e-11,0
571,-9.0781407676993952e-11,3.0593799330220269e-06,3.0574776056946097e-06,1.9023273274172053e-09,2.7604011714215699e-11,0
572,-3.1911054622560316e-10,5.4603941305301357e-05,5.4606747674574344e-05,-2.8063692729876221e-09,2.5355036062627519e-11,0
573,-1.2212622383522157e-11,5.5409681501399771e-06,5.5595598335691472e-06,-1.8591683429170128e-08,5.5207631339978668e-11,0
574,2.1829149169640188e-10,-4.6006712104369740e-05,-4.5983859800319568e-05,-2.2852304050172318e-08,2.1673753650288978e-11,0
575,-9.9928990166867904e-11,8.6008569608782282e-06,8.6208032449815172e-06,-1.9946284103289087e-08,2.3675926725507594e-11,0
576,-5.3750344688030403e-11,-3.3079329792231812e-05,-3.3108767196460531e-05,2.9437404228718203e-08,3.0661758584865368e-11,0
578,-6.5962967836425853e-11,-2.7538460500136849e-05,-2.7539174455874045e-05,7.1395573719539029e-10,2.4467375582300468e-11,0
579,1.6454114607164745e-10,-7.9086019326342523e-05,-7.9088840245205742e-05,2.8209188632189689e-09,2.2877700932860923e-11,0
580,-1.5367933542589541e-10,-2.4478531334455253e-05,-2.4481199973134811e-05,2.6686386795575327e-09,2.1766749023296279e-11,0
581,-5.3761525910985193e-11,-3.3364397163058654e-05,-3.3395842191177333e-05,3.1445028118679160e-08,3.0638171005170623e-11,0
582,-6.5974149056837147e-11,-2.7823494635629935e-05,-2.7825765985148427e-05,2.2713495184918458e-09,3.5896163068069909e-11,0
583,1.6452996484819778e-10,-7.9371034703909840e-05,-7.9372074176435527e-05,1.0394725256869693e-09,1.9959496924316372e-11,0
584,-1.5369051664852945e-10,-2.4763497485704236e-05,-2.4766928941253319e-05,3.4314555490832935e-09,1.9690902742004851e-11,0
585,2.3050411384893448e-10,-5.1547586089295896e-05,-5.1549694762273459e-05,2.1086729775629054e-09,3.5892591590683001e-11,0
586,-8.7716367525074722e-11,3.0600000410066280e-06,3.0577647144490514e-06,2.2353265575765746e-09,2.8303334020516277e-11,0
587,-3.1822048166548079e-10,5.4607533297949123e-05,5.4607005153152313e-05,5.2814479681052027e-10,1.9415129163780406e-11,0
589,-2.0775521536851532e-10,-2.7555992488560374e-05,-2.7541139763708537e-05,-1.4852724851836986e-08,3.5968548690554695e-11,0
590,1.8461320802265471e-10,-7.9077198718308182e-05,-7.9088813422820649e-05,1.1614704512467639e-08,4.9802408879771889e-11,0
591,-2.4400398439107818e-10,-2.4490885007720162e-05,-2.4482108765327667e-05,-8.7762423924945567e-09,4.2920435088217059e-11,0
592,-2.0776163143107758e-10,-2.7840950277567902e-05,-2.7827722191026172e-05,-1.3228086541730680e-08,3.9696634804438992e-11,0
593,1.8460679196081925e-10,-7.9362326410610268e-05,-7.9372049802197019e-05,9.7233915867506572e-09,3.0785465049163890e-11,0
594,-2.4401040045537564e-10,-2.4775894659695603e-05,-2.4767832618919803e-05,-8.0620407758003575e-09,2.8439900922526718e-11,0
595,3.9236842299918873e-10,-5.1521292378000835e-05,-5.1547702172458097e-05,2.6409794457261449e-08,5.2859088271299346e-11,0
596,-3.6248768865827393e-11,3.0650862233184278e-06,3.0588176650435657e-06,6.2685582748621115e-09,4.0242999940562538e-11,0
597,-4.2861719252110988e-10,5.4586463169761790e-05,5.4606065658561296e-05,-1.9602488799506262e-08,3.7108633460287134e-11,0
598,-8.6100805442449059e-11,-2.7538494578160672e-05,-2.7539842557593758e-05,1.3479794330853749e-09,1.5185695075600480e-11,0
599,1.7510767657064079e-10,-7.9090619769074471e-05,-7.9089122663868362e-05,-1.4971052061084084e-09,1.5448669390854109e-11,0
600,-1.5058343889995815e-10,-2.4475952753208740e-05,-2.4480786101371066e-05,4.8333481623260221e-09,1.6967115054123580e-11,0
601,2.6120848189891192e-10,-5.1552154176675614e-05,-5.1549308216758055e-05,-2.8459599175591948e-09,2.3297047745143073e-11,0
602,-6.4482633379368146e-11,3.0625426427383258e-06,3.0588399979655807e-06,3.7026447727451096e-09,1.8173241587426258e-11,0
603,-3.2569111553301362e-10,5.4614688128155724e-05,5.4607694162566411e-05,6.9939655893122891e-09,1.4153856072474735e-11,0
604,2.5667853494333764e-10,5.5782145440969044e-06,5.5628615135299040e-06,1.5353030567000435e-08,3.2387843452171884e-11,0
605,1.3202947217822577e-10,8.6298599828241174e-06,8.6246035011622596e-06,5.2564816618577562e-09,1.8750553016242369e-11,0
606,-2.7162342488403920e-10,-3.3115384653031876e-05,-3.3111834449964342e-05,-3.5502030675340929e-09,3.0042746061565472e-11,0
608,-1.4944889304397648e-11,-2.7537173666480506e-05,-2.7539140498321356e-05,1.9668318408502447e-09,2.4544104004743129e-11,0
609,-1.3959395215600728e-10,-2.4485445424953303e-05,-2.4480497852519284e-05,-4.9475724340196110e-09,2.9711177292983051e-11,0
610,-2.7163949326643766e-10,-3.3400374419106232e-05,-3.3398875888481605e-05,-1.4985306246277923e-09,2.2803651557222771e-11,0
611,-1.4960957682626412e-11,-2.7822285745932496e-05,-2.7825708195043504e-05,3.4224491110081709e-09,3.6875292846451842e-11,0
612,-1.3961002053631827e-10,-2.4770525030562776e-05,-2.4766213522778183e-05,-4.3115077845926736e-09,2.2965106804590563e-11,0
613,-1.2464906285082339e-10,3.0517210747402906e-06,3.0584234587416409e-06,-6.7023840013502162e-09,2.8189626172831575e-11,0
614,8.0289872442370251e-11,5.5569222349293595e-06,5.5606956598139474e-06,-3.7734248845878665e-09,3.5475479085765483e-11,0
615,2.4784078931816944e-10,-4.5994301492481311e-05,-4.5983677852281213e-05,-1.0623640200097711e-08,2.7844665470218731e-11,0
616,-3.3238291141733193e-11,8.6172876620268374e-06,8.6228989704096788e-06,-5.6113083828414638e-09,2.2572928849938916e-11,0
617,-8.9322812780364338e-11,-3.3093669475996873e-05,-3.3109729729930031e-05,1.6060253933157845e-08,3.3537445898036432e-11,0
618,1.3878957793851514e-14,2.8513892337808521e-07,2.8502881250600534e-07,1.1011087207986468e-10,2.2681557449832259e-11,0
619,-9.0329409845121011e-12,-2.7536748777784068e-05,-2.7539270016277009e-05,2.5212384929407131e-09,1.8730075228823617e-11,0
620,1.5851797585117915e-10,-7.9087994326127765e-05,-7.9089692433144217e-05,1.6981070164514287e-09,2.5023441918887934e-11,0
621,-1.2256110441447206e-10,-2.4476425075051385e-05,-2.4480108197790015e-05,3.6831227386297102e-09,2.6775851075342049e-11,0
622,-8.9336691734969136e-11,-3.3378674190072399e-05,-3.3396759674352338e-05,1.8085484279938620e-08,3.0529719340013996e-11,0
623,-9.0468199397404239e-12,-2.7821856434007781e-05,-2.7825829535849376e-05,3.9731018415950232e-09,2.7125169060392018e-11,0
624,1.5850409689796624e-10,-7.9373097671328260e-05,-7.9372935279112280e-05,-1.6239221598023709e-10,2.0152759325768462e-11,0
625,-1.2257498337215839e-10,-2.4761434480644919e-05,-2.4765819284509234e-05,4.3848038643153270e-09,2.0262282625830184e-11,0
626,1.6755091683721531e-10,-5.1551253666418106e-05,-5.1550449761349481e-05,-8.0390506862590590e-10,2.7953218161424989e-11,0
627,-1.1352816343837171e-10,3.0604010141967175e-06,3.0589394184817264e-06,1.4615957149911285e-09,2.6760100715949515e-11,0
628,-2.8107908038261292e-10,5.4611594563091018e-05,5.4608935368732972e-05,2.6591943580458956e-09,2.4701858608662707e-11,0
629,3.8018397007314164e-11,5.5502348949992841e-06,5.5601766138001517e-06,-9.9417188008675672e-09,3.7806284673500798e-11,0
630,2.6272070586951467e-10,-4.5996071022540684e-05,-4.5983533274295399e-05,-1.2537748245285087e-08,2.0681437981102244e-11,0
631,-5.8354330051829524e-11,8.6116982454097907e-06,8.6228597332170653e-06,-1.1161487807274646e-08,2.0295819638554699e-11,0
632,-9.6572603282596814e-11,-3.3089594174659162e-05,-3.3109929576681747e-05,2.0335402022585213e-08,3.0861151223061585e-11,0
634,-5.8554206882928145e-11,-2.7539368291580862e-05,-2.7540045583667033e-05,6.7729208617125624e-10,1.7128986615021067e-11,0
635,1.6614810187169580e-10,-7.9085713885993295e-05,-7.9089762795819457e-05,4.0489098261626373e-09,2.3402857299564689e-11,0
636,-1.5492693379858201e-10,-2.4477915401559421e-05,-2.4480356012414122e-05,2.4406108547010339e-09,2.1416616715049059e-11,0
637,-9.6584933314132412e-11,-3.3374657353073961e-05,-3.3396949998437342e-05,2.2292645363380611e-08,2.0812941670899274e-11,0
638,-5.8566536916093741e-11,-2.7824452106264396e-05,-2.7826598329547760e-05,2.1462232833638741e-09,2.0302885019691036e-11,0
639,1.6613577184089346e-10,-7.9370728056479302e-05,-7.9373007495024946e-05,2.2794385456443482e-09,1.4468969585467518e-11,0
640,-1.5493926383206708e-10,-2.4762963144041306e-05,-2.4766063303707582e-05,3.1001596662763966e-09,1.3691312778028018e-11,0
641,2.2470230871287777e-10,-5.1546307088147850e-05,-5.1549744213353849e-05,3.4371252059998253e-09,2.6264981071866726e-11,0
642,-9.6372726852536925e-11,3.0614322567938928e-06,3.0594645084655633e-06,1.9677483283294990e-09,2.3948362835077938e-11,0
643,-3.2107503583302811e-10,5.4607748202770492e-05,5.4608755018748527e-05,-1.0068159780345543e-09,1.8911950347698143e-11,0
644,-1.5369576489424819e-10,-2.4479050017510960e-05,-2.4480230857777376e-05,1.1808402664156229e-09,1.9790819872628763e-11,0
645,-1.5591814519584783e-10,-5.1583423323718972e-05,-5.1554413946885803e-05,-2.9009376833168056e-08,4.3460668852632355e-11,0
646,1.9449643098207720e-14,2.8508675097105782e-07,2.8502892820545603e-07,5.7822765601796152e-11,2.2255060260121591e-11,0
647,1.8599417461333397e-10,-2.7521456875262418e-05,-2.7537298903821329e-05,1.5842028558910785e-08,1.9437845438409469e-11,0
648,1.3342175712303168e-10,-7.9093670290374118e-05,-7.9090415461724448e-05,-3.2548286496705348e-09,2.3854357470955842e-11,0
649,7.1285953520452968e-12,-2.4464772006545579e-05,-2.4478137424239447e-05,1.3365417693867333e-08,2.2226016870684136e-11,0
650,1.8597472496776178e-10,-2.7806553302138493e-05,-2.7823841409730838e-05,1.7288107592345367e-08,3.3856668864008899e-11,0
651,1.3340230747646538e-10,-7.9378623519721055e-05,-7.9373663110891609e-05,-4.9604088294454831e-09,1.9900988846274997e-11,0
652,7.1091457076717930e-12,-2.4749757179441667e-05,-2.4763839029108712e-05,1.4081849667045343e-08,1.9843688568291788e-11,0
653,-5.2572417708601149e-11,-5.1572165556092869e-05,-5.1553143034255012e-05,-1.9022521837857046e-08,3.3116185456874218e-11,0
654,-1.7886557949056294e-10,3.0567604372322595e-06,3.0589323455938620e-06,-2.1719083616025060e-09,2.5829173959964414e-11,0
655,-1.2629316177122117e-10,5.4628924590557904e-05,5.4611621841950216e-05,1.7302748607687739e-08,2.2793685298907828e-11,0
658,1.4282258912178649e-10,8.6205919453301912e-06,8.6260751521891543e-06,-5.4832068589630387e-09,7.7284968978238645e-11,0
661,1.7067690181569928e-10,-2.7487454791979768e-05,-2.7537694629915061e-05,5.0239837935293300e-08,5.1104163872429081e-11,0
662,1.2969778206225858e-10,-7.9093604318913728e-05,-7.9090664558198337e-05,-2.9397607153902909e-09,5.7220008973596682e-11,0
663,-1.3218999586897150e-11,-2.4461396725091941e-05,-2.4478201813666044e-05,1.6805088574103075e-08,5.5002604993977914e-11,0
664,-1.5606246555802395e-10,-3.3367034858311842e-05,-3.3397960840142759e-05,3.0925981830917410e-08,8.6558192290809277e-11,0
666,1.2967690445678168e-10,-7.9378511128637311e-05,-7.9373914545878292e-05,-4.5965827590190413e-09,3.6146999586795288e-11,0
667,-1.3239877192316466e-11,-2.4746361179417073e-05,-2.4763898754573128e-05,1.7537575156054678e-08,3.4193801943264416e-11,0
669,-1.8389590153650623e-10,3.0261647136630050e-06,3.0592603812915600e-06,-3.3095667628554990e-08,6.9514694094794752e-11,0
670,-1.4291678165180194e-10,5.4632238329943225e-05,5.4611802956392107e-05,2.0435373551117898e-08,5.1243231760219870e-11,0
671,2.2821471139638918e-10,5.5714925788806838e-06,5.5625120098989708e-06,8.9805689817129469e-09,1.0268705536143141e-11,0
672,1.1990315177319972e-10,8.6298197183385782e-06,8.6263320462058369e-06,3.4876721327412985e-09,6.5281571469466993e-12,0
673,-2.9523618651914622e-10,-3.3131757775028969e-05,-3.3112897432781718e-05,-1.8860342247251744e-08,1.1057326719770977e-11,0
674,-6.7021474452313529e-11,-2.7560260644720475e-05,-2.7540948301988205e-05,-1.9312342732269357e-08,9.7879124810532547e-12,0
675,-1.7533303417678161e-10,-2.4501961881738879e-05,-2.4479893188590608e-05,-2.2068693148270585e-08,1.1906611291932533e-11,0
676,-1.0831155967398813e-10,3.0583254789161816e-06,3.0608173528764892e-06,-2.4918739603075460e-09,1.1049497785130825e-11,0
677,1.4638473908885276e-14,2.8507939282595641e-07,2.8502894718642422e-07,5.0445639532192536e-11,3.1671841800307558e-11,0
678,1.1592775991006005e-10,-2.7535031920731222e-05,-2.7538858319463457e-05,3.8263987322346895e-09,3.1130751938761559e-11,0
679,1.5658591182319042e-10,-7.9093585805988485e-05,-7.9090815711930758e-05,-2.7700940577273479e-09,4.6901971988384577e-11,0
680,-2.5256697112064812e-11,-2.4470076515939812e-05,-2.4477910710292575e-05,7.8341943527632870e-09,4.3462412544256209e-11,0
681,1.1591312143340952e-10,-2.7820084005022137e-05,-2.7825372575308193e-05,5.2885702860553253e-09,3.5590041605099130e-11,0
682,1.5657127334789972e-10,-7.9378677557822522e-05,-7.9374071115984984e-05,-4.6064418375384424e-09,2.9223340104694272e-11,0
683,-2.5271335592903646e-11,-2.4755148023370040e-05,-2.4763596495049880e-05,8.4484716798404608e-09,2.6747560507849251e-11,0
684,4.0658151815927044e-11,-5.1558699798608110e-05,-5.1551982436114443e-05,-6.7173624936664282e-09,4.7378422614197130e-11,0
685,-1.4118445723146223e-10,3.0649232053295630e-06,3.0607073619153950e-06,4.2158434141680646e-09,4.9743409538194484e-11,0
686,-1.8184260890179535e-10,5.4623642586251742e-05,5.4612236710999026e-05,1.1405875252715495e-08,4.6208361410439038e-11,0
687,1.8532613188839578e-14,2.8506581208514280e-07,2.8502901896005662e-07,3.6793125086178569e-11,3.7140640025971902e-11,0
688,6.5392869624048586e-10,-2.7490536029971951e-05,-2.7532466843959886e-05,4.1930813987934592e-08,5.4289041194183056e-11,0
689,1.2773154691225641e-10,-7.9108343116442853e-05,-7.9091380160240411e-05,-1.6962956202442453e-08,6.0209794162595547e-11,0
691,1.2771301429872580e-10,-7.9393467567826122e-05,-7.9374638010455302e-05,-1.8829557370820117e-08,5.5899749396741632e-11,0
692,-5.2619715111724258e-10,-5.1618001451267728e-05,-5.1558937920207852e-05,-5.9063531059875857e-08,7.5707304580568058e-11,0
693,-3.9583125928966118e-10,-2.7544300282190287e-05,-2.7545528366606548e-05,1.2280844162615337e-09,1.7576548294592297e-11,0
694,3.3247262343076486e-10,-7.9113070104578839e-05,-7.9089034290294035e-05,-2.4035814284804457e-08,2.0431243413300868e-11,0
695,7.2830388238697770e-10,-5.1568765519153376e-05,-5.1543530175804447e-05,-2.5235343348928632e-08,2.1417264661312714e-11,0
697,3.5470082045249582e-10,-4.5985030948878999e-05,-4.5982757121788591e-05,-2.2738270904080538e-09,4.9035067559733037e-11,0
698,1.1828363186676864e-10,8.6296342964477376e-06,8.6275222654947610e-06,2.1120309529766145e-09,5.7150739198165770e-11,0
699,-2.0855962780019788e-10,-3.3103567415873982e-05,-3.3112331408269402e-05,8.7639923954200291e-09,6.1739033145927005e-11,0
700,1.7795804031417763e-14,2.8506226658461679e-07,2.8502905257356133e-07,3.3214011055467167e-11,2.2108223574677433e-11,0
701,5.6869022119107143e-11,-2.7531266531581437e-05,-2.7540180133935834e-05,8.9136023543969259e-09,2.9002891789187976e-11,0
702,1.4614119262154497e-10,-7.9088548530940883e-05,-7.9091528311850382e-05,2.9797809094988083e-09,2.7393869614585301e-11,0
703,-9.0275995965645147e-11,-2.4473884386997454e-05,-2.4478176196780140e-05,4.2918097826859106e-09,3.1024756872361036e-11,0
704,-2.0857742360151394e-10,-3.3388477164106594e-05,-3.3399263850947957e-05,1.0786686841363069e-08,3.7644114352154137e-11,0
705,5.6851226317159335e-11,-2.7816440782113885e-05,-2.7826670368516721e-05,1.0229586402835198e-08,3.6055311174470909e-11,0
706,1.4612339681900461e-10,-7.9373552003749771e-05,-7.9374790423619531e-05,1.2384198697594885e-09,1.7325149031252061e-11,0
707,-9.0293791768739789e-11,-2.4758882472999456e-05,-2.4763848568807489e-05,4.9660958080333204e-09,1.7467051757077388e-11,0
708,8.9272170450217506e-11,-5.1557177182971021e-05,-5.1551371998798561e-05,-5.8051841724603257e-09,5.2074895436677921e-11,0
709,-1.4714501814837763e-10,3.0575303507206913e-06,3.0617542051131131e-06,-4.2238543924217073e-09,3.2975624855347204e-11,0
710,-2.3641718859714262e-10,5.4614634368608563e-05,5.4612673501677773e-05,1.9608669307895408e-09,2.2300468436269529e-11,0
711,1.2467450261841736e-10,5.5577025101687452e-06,5.5612406529832086e-06,-3.5381428144633928e-09,8.8641471959133659e-11,0
713,1.7612000684518784e-11,8.6220683436846746e-06,8.6267866345302720e-06,-4.7182908455974343e-09,4.0088247460249170e-11,0
715,1.3966379907639464e-14,2.8504227257225615e-07,2.8502904033029130e-07,1.3232241964843898e-11,2.3287888143044156e-11,0
716,-5.7304798604462817e-11,-2.7542305134624356e-05,-2.7541893530510581e-05,-4.1160411377535490e-10,2.4989529940463616e-11,0
717,1.6897025159899879e-10,-7.9080537779040519e-05,-7.9091553052163519e-05,1.1015273123000414e-08,2.8209943735285475e-11,0
718,-1.6436730048917224e-10,-2.4477962564275861e-05,-2.4478807770270938e-05,8.4520599507697646e-10,2.8495201189009210e-11,0
720,-5.7318764984702548e-11,-2.7827357292469282e-05,-2.7828371157728834e-05,1.0138652595523604e-09,2.9464654686222263e-11,0
721,1.6895628522021156e-10,-7.9365512311042191e-05,-7.9374818598380246e-05,9.3062873380547664e-09,1.8490706091977230e-11,0
722,-1.6438126686917843e-10,-2.4762972501551732e-05,-2.4764473073033399e-05,1.5005714816673636e-09,1.9773511380625460e-11,0
723,2.2627505017135878e-10,-5.1538210230666487e-05,-5.1549682704203564e-05,1.1472473537077553e-08,4.0118906357839885e-11,0
724,-1.0706250182255164e-10,3.0643153015128682e-06,3.0628310767426939e-06,1.4842247701742965e-09,2.8323675832387544e-11,0
725,-3.3333755223750004e-10,5.4602569692854472e-05,5.4612061279590321e-05,-9.4915867358491232e-09,2.6270796438441003e-11,0
726,8.8523530744938081e-11,5.5523283957747971e-06,5.5607967598459885e-06,-8.4683640711914420e-09,4.1333561200192270e-11,0
727,3.1977592437641149e-10,-4.5991747880929929e-05,-4.5983287116475929e-05,-8.4607644539998954e-09,2.1720742275491284e-11,0
728,-1.6490298580697402e-11,8.6174079039508938e-06,8.6265814447511147e-06,-9.1735408002208233e-09,1.9170290752404551e-11,0
729,-1.4773657409609972e-10,-3.3094137986383609e-05,-3.3111878583276602e-05,1.7740596892992257e-08,2.7478833474083004e-11,0
730,1.3586836211130627e-14,2.8509907394658907e-07,2.8502905050842300e-07,7.0023438166071257e-11,2.4663790638620668e-11,0
731,-5.9213043862863194e-11,-2.7541850785766341e-05,-2.7542049855861486e-05,1.9907009514533473e-10,2.3179687572602171e-11,0
732,1.7203934969392984e-10,-7.9085902758489930e-05,-7.9091645524070645e-05,5.7427655807145870e-09,2.7760891742566166e-11,0
733,-1.6422687306771363e-10,-2.4476786499351595e-05,-2.4478687354091774e-05,1.9008547401787464e-09,2.3533155593553007e-11,0
734,-1.4775016093485492e-10,-3.3379170251817900e-05,-3.3398785762117598e-05,1.9615510299698393e-08,2.3876696735670479e-11,0
735,-5.9226630699829415e-11,-2.7826930523216532e-05,-2.7828522119340271e-05,1.5915961237385125e-09,3.5503575313943188e-11,0
736,1.7202576285656310e-10,-7.9370919884908311e-05,-7.9374912551053619e-05,3.9926661453073978e-09,2.0920911624740678e-11,0
737,-1.6424045990515157e-10,-2.4761764165134696e-05,-2.4764349656036477e-05,2.5854909017812100e-09,1.9129551350862479e-11,0
738,2.3125239351711104e-10,-5.1544042270737847e-05,-5.1549618578404398e-05,5.5763076665506857e-09,3.2756345278971995e-11,0
739,-1.0501382913482718e-10,3.0650597091675270e-06,3.0631057056516743e-06,1.9540035158526500e-09,2.6576217674316754e-11,0
740,-3.3626622292896800e-10,5.4609074463994600e-05,5.4612271868408948e-05,-3.1974044143479063e-09,2.1567527583142457e-11,0
741,1.2864209878816470e-14,2.8508006418092436e-07,2.8502906420227422e-07,5.0999978650142408e-11,1.1987229198536564e-11,0
742,-7.2715893342787339e-12,-2.7539465398419030e-05,-2.7541614183426488e-05,2.1487850074579026e-09,1.7511970231014516e-11,0
743,1.7884326743874459e-10,-7.9093385660887906e-05,-7.9091759926694900e-05,-1.6257341930054356e-09,1.9049158390303343e-11,0
744,-1.1900011292295504e-10,-2.4472834604807132e-05,-2.4477951509935811e-05,5.1169051286786827e-09,2.3210065441752994e-11,0
745,-7.2844535438270663e-12,-2.7824564752923351e-05,-2.7828078287766080e-05,3.5135348427285554e-09,1.5065232188892428e-11,0
746,1.7883040322835189e-10,-7.9378428216228059e-05,-7.9375029203891128e-05,-3.3990123369311313e-09,1.1898901426386837e-11,0
747,-1.1901297713075993e-10,-2.4757876880847048e-05,-2.4763609246351400e-05,5.7323655043524163e-09,1.0485616298504031e-11,0
748,1.8611485677409064e-10,-5.1553928194003834e-05,-5.1550168239255880e-05,-3.7599547479547296e-09,2.6361561359919891e-11,0
749,-1.1172852359009022e-10,3.0666705327882845e-06,3.0634026644270330e-06,3.2678683612514498e-09,2.7608532722783141e-11,0
750,-2.9784338043154554e-10,5.4620562471661385e-05,5.4613118618387797e-05,7.4438532735881147e-09,2.1843580089899932e-11,0
751,2.7957340041498405e-10,5.5798953910082133e-06,5.5631426366403969e-06,1.6752754367816354e-08,2.2053109727009931e-11,0
752,2.3078556540564470e-14,2.8507508699766873e-07,2.8502921543573282e-07,4.5871561935905680e-11,1.6195715811621531e-11,0
753,1.1622677632853116e-10,-7.9098466445207648e-05,-7.9092755205433801e-05,-5.7112397738471937e-09,3.8205427033426071e-11,0
754,1.1105369822763779e-10,-2.4425808855326261e-05,-2.4474920234325315e-05,4.9111378999053832e-08,3.5182744266544246e-11,0
755,1.1620369777299808e-10,-7.9383440585451513e-05,-7.9376027192074012e-05,-7.4133933775013140e-09,1.6849127696016766e-11,0
756,1.1103061967092205e-10,-2.4710831702148828e-05,-2.4760572884096109e-05,4.9741181947280901e-08,1.6416685658650753e-11,0
757,-5.1730782517808211e-12,5.4672616039599942e-05,5.4617141172968879e-05,5.5474866631062233e-08,3.4770268427645655e-11,0
758,2.7594288287848977e-10,5.5755121485595235e-06,5.5630980579821900e-06,1.2414090577333584e-08,3.4036436080958277e-11,0
759,1.6849983581303872e-10,8.6352715446642511e-06,8.6297693915412883e-06,5.5021531229627847e-09,2.5348386820107805e-11,0
760,-1.0744304711852597e-10,3.0596850774107336e-06,3.0641465347878216e-06,-4.4614573770880231e-09,4.8629562840901132e-11,0
761,7.4988355023055247e-11,-7.9140320076535701e-05,-7.9093402570090907e-05,-4.6917506444794899e-08,4.8749115322666645e-11,0
762,1.6599777989041344e-10,5.5601781625575636e-06,5.5617480561936312e-06,-1.5698936360676019e-09,2.8627740190469357e-11,0
763,3.2938077551370262e-10,-4.5989591254339186e-05,-4.5983336828318699e-05,-6.2544260204870877e-09,1.9775288477347542e-11,0
764,3.8677759962766179e-11,8.6254033337448272e-06,8.6284422579207262e-06,-3.0389241758990644e-09,1.8162306443491960e-11,0
765,-1.6703783419057913e-10,-3.3099764134009516e-05,-3.3112602855622753e-05,1.2838721613237739e-08,3.2827732166346888e-11,0
766,1.5786267838454247e-14,2.8510119187788439e-07,2.8502915974498689e-07,7.2032132897496624e-11,2.0373098852855647e-11,0
767,-1.0400547090467238e-12,-2.7539612018595615e-05,-2.7542072012854574e-05,2.4599942589590567e-09,1.9674235887210525e-11,0
768,1.6234294091611840e-10,-7.9089354219874855e-05,-7.9092485871559682e-05,3.1316516848267292e-09,2.7152611853672225e-11,0
769,-1.2836007455091579e-10,-2.4474412359517216e-05,-2.4477589199398296e-05,3.1768398810800463e-09,2.5765313210205923e-11,0
770,-1.6705362045707494e-10,-3.3384835689410919e-05,-3.3399468276837449e-05,1.4632587426529774e-08,2.3874857142683515e-11,0
771,-1.0558409742024553e-12,-2.7824706714096176e-05,-2.7828514605109802e-05,3.8078910136260123e-09,2.5766226602171913e-11,0
772,1.6232715464811697e-10,-7.9374398413728335e-05,-7.9375761157288245e-05,1.3627435599096937e-09,1.9838489975712368e-11,0
773,-1.2837586081558348e-10,-2.4759454017860266e-05,-2.4763234924643917e-05,3.7809067836510094e-09,1.8868984763140370e-11,0
774,1.6338299562365190e-10,-5.1549786389837489e-05,-5.1550435259596655e-05,6.4886975916574226e-10,2.5466604060816717e-11,0
775,-1.2732001984753721e-10,3.0652630942451867e-06,3.0642143098948814e-06,1.0487843503053073e-09,2.3560779791783390e-11,0
776,-2.9070301556148123e-10,5.4614957780399834e-05,5.4614197628818613e-05,7.6015158122048898e-10,2.1853757000901567e-11,0
777,1.1264501344873923e-14,2.8509221466442318e-07,2.8502912833536111e-07,6.3086329062069028e-11,6.8867691364595163e-12,0
778,-9.9470301532241629e-11,-2.7542748838455845e-05,-2.7543496578364803e-05,7.4773990895815688e-10,1.3987824590477671e-11,0
779,1.9780890073123937e-10,-7.9092959835942722e-05,-7.9092261894670753e-05,-6.9794127196946311e-10,1.8836105619054203e-11,0
780,-1.8796543721091298e-10,-2.4474130432652983e-05,-2.4478128211665960e-05,3.9977790129765178e-09,2.2695374267550695e-11,0
781,-9.9481566033599548e-11,-2.7827819993061532e-05,-2.7829930406594332e-05,2.1104135327997377e-09,1.9565720513647273e-11,0
782,1.9779763623077859e-10,-7.9377978958481820e-05,-7.9375539538695342e-05,-2.4394197864778446e-09,1.5595096276831281e-11,0
783,-1.8797670171175059e-10,-2.4759136459656574e-05,-2.4763769012633652e-05,4.6325529770781823e-09,1.8251083191859664e-11,0
784,2.9727920210234992e-10,-5.1550216006920717e-05,-5.1548786274621816e-05,-1.4297322989013711e-09,2.9277027380101599e-11,0
785,-8.8495135558762424e-11,3.0686564629683541e-06,3.0650964301295614e-06,3.5600328387927167e-09,1.9284710231400954e-11,0
786,-3.8577433809455425e-10,5.4618844654675397e-05,5.4613430903351717e-05,5.4137513236796595e-09,2.8552165179394111e-11,0
787,1.4235322082242301e-10,5.5569217126145293e-06,5.5614577276918240e-06,-4.5360150772947308e-09,2.0423553624894012e-11,0
788,3.6403679862136230e-10,-4.5984355045782487e-05,-4.5983003309104344e-05,-1.3517366781429880e-09,1.3717482600096869e-11,0
789,2.8793095479548530e-11,8.6236657256631016e-06,8.6289704271393482e-06,-5.3047014762465849e-09,1.1833717150908992e-11,0
790,-1.9213744467237952e-10,-3.3099935372770534e-05,-3.3113178502015794e-05,1.3243129245260295e-08,1.8629203007089368e-11,0
792,-4.9784224157681360e-11,-2.7543016673427494e-05,-2.7543074756264683e-05,5.8082837188299470e-11,1.2714272621335762e-11,0
793,1.7189935360957990e-10,-7.9084268224960570e-05,-7.9092764423707989e-05,8.4961987474184604e-09,1.7308086364531090e-11,0
794,-1.6334434943161834e-10,-2.4476243843602266e-05,-2.4477657745650998e-05,1.4139020487318474e-09,1.6267223138768636e-11,0
795,-1.9215215643083682e-10,-3.3384907466424939e-05,-3.3400020975614229e-05,1.5113509189290534e-08,1.6330685947652904e-11,0
796,-4.9798935917907667e-11,-2.7828067954573966e-05,-2.7829501034793926e-05,1.4330802199594573e-09,1.9741793016902727e-11,0
797,1.7188464185341476e-10,-7.9369331116265623e-05,-7.9376044214415326e-05,6.7130981497022209e-09,1.4937104954936866e-11,0
798,-1.6335906119191680e-10,-2.4761279128271592e-05,-2.4763294344390834e-05,2.0152161192421992e-09,1.3266749056458809e-11,0
799,2.2168357774442248e-10,-5.1541280921482691e-05,-5.1549710239920557e-05,8.4293184378665263e-09,1.9391353627212617e-11,0
800,-1.1356012521305789e-10,3.0667672065273939e-06,3.0651420811636613e-06,1.6251253637325638e-09,1.6415221363726002e-11,0
801,-3.3524370319465751e-10,5.4608041325877876e-05,5.4614400641108365e-05,-6.3593152304890622e-09,1.3430075744197620e-11,0
802,1.1264197302193217e-14,2.8507631367946540e-07,2.8502917145602037e-07,4.7142223445027618e-11,3.5477838493543396e-11,0
803,-1.4558508859710363e-10,-2.7546547625077050e-05,-2.7544449039829865e-05,-2.0985852471851793e-09,3.7845090610806378e-11,0
804,2.0085960112008376e-10,-7.9089548171550322e-05,-7.9092602704201509e-05,3.0545326511877526e-09,4.2268189924896933e-11,0
805,-2.2602888328445387e-10,-2.4476997057709671e-05,-2.4478250639525930e-05,1.2535818162597717e-09,4.4408813937326876e-11,0
806,-1.4559635279902373e-10,-2.7831805274313240e-05,-2.7830867293232060e-05,-9.3798108117952063e-10,3.8681308695607159e-11,0
807,2.0084833691839866e-10,-7.9374411298661907e-05,-7.9375884665243478e-05,1.4733665815711873e-09,3.2974096467892248e-11,0
808,-2.2604014748539376e-10,-2.4761932898506589e-05,-2.4763882732907508e-05,1.9498344009194024e-09,2.9587555072654733e-11,0
809,3.4644468944279165e-10,-5.1542812226679918e-05,-5.1548173831155818e-05,5.3616044758995700e-09,5.6845031296548344e-11,0
810,-8.0443794525378469e-11,3.0697024824416497e-06,3.0659203239298341e-06,3.7821585118155732e-09,4.8676065215843401e-11,0
811,-4.2688848459741868e-10,5.4612410074959122e-05,5.4613642602775998e-05,-1.2325278168752126e-09,3.9063153796238135e-11,0
812,3.5509971420423417e-10,5.5949592562241912e-06,5.5640700145401644e-06,3.0889241684026784e-08,4.4998644019416564e-11,0
813,2.1823183750582684e-10,8.6397179069400143e-06,8.6318904513972175e-06,7.8274555427968351e-09,2.6542135539372949e-11,0
814,-3.5198682456419639e-10,-3.3130626199811761e-05,-3.3115385825263256e-05,-1.5240374548505082e-08,4.1336885854975950e-11,0
815,3.1128904579657529e-12,-2.7535785344661671e-05,-2.7542794851533234e-05,7.0095068715626666e-09,3.3771548544484451e-11,0
816,-1.3375498633449829e-10,-2.4491055941951341e-05,-2.4476964309848556e-05,-1.4091632102784622e-08,4.0517371023108040e-11,0
817,-1.3686787679589998e-10,3.0447725018548089e-06,3.0655497365061781e-06,-2.0777234651369266e-08,3.4856610115920946e-11,0
818,3.1152178496005283e-10,5.5789208919295591e-06,5.5635349267479623e-06,1.5385965181596778e-08,1.4980075225495863e-11,0
819,1.9204463682972425e-10,8.6376839488686019e-06,8.6317557566000230e-06,5.9281922685789078e-09,8.9171136536580829e-12,0
820,-1.1947714821139489e-10,3.0587139963015458e-06,3.0659815643575855e-06,-7.2675680560397037e-09,1.6033211970919352e-11,0
821,3.5634897041326592e-10,5.6082562701273431e-06,5.5640853539965905e-06,4.4170916130752551e-08,6.0742758210122310e-11,0
822,2.3567870370847475e-10,8.6448013971191645e-06,8.6324672658830142e-06,1.2334131236150359e-08,2.8268235698565196e-11,0
823,-1.2067026678720925e-10,3.0364649737449345e-06,3.0661722101257388e-06,-2.9707236380804306e-08,5.0355496699065457e-11,0
824,-4.3407792375806667e-11,-7.9139302339725943e-05,-7.9095992503035528e-05,-4.3309836690415466e-08,3.7033231995492510e-11,0
825,6.9617628946448090e-11,-7.9105253754026793e-05,-7.9094719921562955e-05,-1.0533832463837842e-08,9.9995632314337802e-12,0
826,3.1508216331030885e-10,5.5808049461286702e-06,5.5635786441761164e-06,1.7226301952553802e-08,4.6443119564841684e-11,0
827,2.0254471855861831e-10,8.6396469537322954e-06,8.6322517213281719e-06,7.3952324041234315e-09,2.4266829474797615e-11,0
828,-1.1253744481670064e-10,3.0588711437931800e-06,3.0664955586967417e-06,-7.6244149035617910e-09,5.2011377410115382e-11,0
830,2.9789989578765712e-10,-4.6022498757144689e-05,-4.5984019914290607e-05,-3.8478842854082636e-08,4.7566170722492314e-11,0
831,-5.8316156838448806e-11,8.5957376031696453e-06,8.6293444970844658e-06,-3.3606893914820465e-08,4.2864460066540655e-11,0
832,-1.1184910779143377e-10,-3.3069495207030050e-05,-3.3112787090287468e-05,4.3291883257417932e-08,5.0804419076723742e-11,0
833,1.4183300142438601e-14,2.8513840995447783e-07,2.8502928551057373e-07,1.0912444390409775e-10,1.3555494379873372e-11,0
834,-5.8679848274747925e-11,-2.7543172539808494e-05,-2.7544082405010329e-05,9.0986520183435862e-10,2.6764335478028359e-11,0
835,1.8605078672021512e-10,-7.9091941349280527e-05,-7.9093470575416561e-05,1.5292261360341656e-09,2.2559230330730874e-11,0
836,-1.7016526539691155e-10,-2.4473598551126748e-05,-2.4476939092177472e-05,3.3405410507246003e-09,2.1521742806446191e-11,0
837,-1.1186329108967627e-10,-3.3354481729423041e-05,-3.3399578583286719e-05,4.5096853863678117e-08,3.1654933986731319e-11,0
838,-5.8694031575183658e-11,-2.7828232696636840e-05,-2.7830472447442973e-05,2.2397508061332652e-09,2.7510711587752354e-11,0
839,1.8603660342107037e-10,-7.9377012225084059e-05,-7.9376760401737758e-05,-2.5182334630101735e-10,1.1712436569684950e-11,0
840,-1.7017944869599602e-10,-2.4758734164440771e-05,-2.4762555429156005e-05,3.8212647152336906e-09,1.1823448545189809e-11,0
841,2.4473063493841137e-10,-5.1548806258848098e-05,-5.1549406901647424e-05,6.0064279932555515e-10,3.2697961099793706e-11,0
842,-1.1148541703779588e-10,3.0695056694087647e-06,3.0668541011836228e-06,2.6515682251418445e-09,2.3903790545367264e-11,0
843,-3.5621605229820565e-10,5.4618284300188627e-05,5.4615809902284172e-05,2.4743979044547504e-09,1.7963258933446521e-11,0
844,2.2934148501442366e-10,5.5637264984738886e-06,5.5625258454074044e-06,1.2006530664842750e-09,1.3027255759619686e-11,0
845,4.0923683506765881e-10,-4.5975317492780512e-05,-4.5982704818591790e-05,7.3873258112777803e-09,9.4743214058233975e-12,0
846,1.0054336094860457e-10,8.6310914762591229e-06,8.6316621482596226e-06,-5.7067200049971002e-10,3.3984673973166486e-12,0
847,-2.4543154274627369e-10,-3.3106359650250097e-05,-3.3114578460254376e-05,8.2188100042788147e-09,1.0749052301310560e-11,0
848,1.6449664906497818e-14,2.8510527551068654e-07,2.8502933884264800e-07,7.5936668038540013e-11,4.7091985223805792e-12,0
849,-1.6090057684331917e-11,-2.7542634320012940e-05,-2.7543787862442374e-05,1.1535424294341812e-09,1.0517469686705924e-11,0
850,1.6380529236935767e-10,-7.9081671769587816e-05,-7.9093967432271564e-05,1.2295662683747452e-08,8.2444314898073330e-12,0
851,-1.4488818175961002e-10,-2.4475264194821766e-05,-2.4476424716432238e-05,1.1605216104713912e-09,1.0554945635590827e-11,0
852,-2.4544799241090698e-10,-3.3391416961932666e-05,-3.3401357021562475e-05,9.9400596298090688e-09,5.8070395219956639e-12,0
853,-1.6106507347698200e-11,-2.7827726635573126e-05,-2.7830168721786182e-05,2.4420862130564841e-09,8.9670572853311490e-12,0
854,1.6378884270672391e-10,-7.9366732198791166e-05,-7.9377259839498112e-05,1.0527640706946024e-08,4.5189845160518473e-12,0
855,-1.4490463142259337e-10,-2.4760330423276820e-05,-2.4762035931593636e-05,1.7055083168153007e-09,5.8512979879276075e-12,0
856,1.7989535005535496e-10,-5.1539058011312519e-05,-5.1550197832958694e-05,1.1139821646174454e-08,1.7269824133144016e-11,0
857,-1.2879812405439567e-10,3.0673178042037869e-06,3.0670703032924540e-06,2.4750091133286212e-10,1.3276144143376029e-11,0
858,-3.0869347421813500e-10,5.4606406119844797e-05,5.4616817183019617e-05,-1.0411063174819914e-08,1.1221084350816883e-11,0
859,-9.7316740029496212e-11,-2.7544333473444177e-05,-2.7544911207111964e-05,5.7773366778728053e-10,1.9635222032266026e-11,0
860,2.0469372552043768e-10,-7.9093751361717334e-05,-7.9093588746415616e-05,-1.6261530171740330e-10,2.9139473950625094e-11,0
861,3.0201046538637992e-10,-5.1549465489329066e-05,-5.1548695544264892e-05,-7.6994506417353082e-10,4.3079206418857626e-11,0
862,2.0817587988768289e-14,2.8512722655451076e-07,2.8502942308022284e-07,9.7803474287924966e-11,2.4340561227581628e-11,0
863,1.9594915326929439e-10,-2.7531585869334727e-05,-2.7541458354620134e-05,9.8724852854074701e-09,2.4544656018896689e-11,0
864,1.3276461390344383e-10,-7.9097477673509883e-05,-7.9094617025519693e-05,-2.8606479901896464e-09,3.0305249645871528e-11,0
865,7.0701030201349131e-12,-2.4464184804067965e-05,-2.4474314038163458e-05,1.0129234095492879e-08,2.9513057251607479e-11,0
866,1.9592833568194475e-10,-2.7816686776005808e-05,-2.7827828214496462e-05,1.1141438490653530e-08,3.5194206316555327e-11,0
867,1.3274379631818334e-10,-7.9382498502964405e-05,-7.9377912550071758e-05,-4.5859528926471506e-09,1.9256591301725302e-11,0
868,7.0492854339189073e-12,-2.4749160796672109e-05,-2.4759919127383393e-05,1.0758330711283426e-08,1.9533347340379839e-11,0
869,-6.3184539672588865e-11,-5.1565857587662287e-05,-5.1553176372299692e-05,-1.2681215362594521e-08,4.2923601915739070e-11,0
870,-1.8887905042268162e-10,3.0674672998011118e-06,3.0668471164554062e-06,6.2018334570558231e-10,3.1509214155806785e-11,0
871,-1.2569451090288376e-10,5.4633312762626673e-05,5.4619572712298274e-05,1.3740050328399530e-08,3.1628984778852469e-11,0
872,2.8473438214589110e-10,-2.7531685166390547e-05,-2.7540498297828527e-05,8.8131314379796800e-09,1.7628287230367576e-11,0
873,1.3009660694027762e-10,-7.9098854305202203e-05,-7.9094777230998933e-05,-4.0770742032702730e-09,2.1317478828071856e-11,0
874,-1.5463777572912537e-10,-5.1567155468683692e-05,-5.1554296367891804e-05,-1.2859100791888338e-08,2.5464376605686690e-11,0
876,-4.4873467529722347e-10,-2.7548565121479629e-05,-2.7549689968341155e-05,1.1248468615261068e-09,1.2031369821773092e-11,0
877,4.5321964853322933e-10,-7.9107169456454213e-05,-7.9090991322136334e-05,-1.6178134317878373e-08,1.5726291793707400e-11,0
878,-4.4872990048205060e-10,-2.7833594362983421e-05,-2.7836046786158785e-05,2.4524231753640636e-09,1.6927217563983008e-11,0
879,4.5322442334541138e-10,-7.9392119691727193e-05,-7.9374290060330805e-05,-1.7829631396388212e-08,1.2202434138575912e-11,0
880,9.0195432279851268e-10,-5.1558638601857318e-05,-5.1541318408359968e-05,-1.7320193497350335e-08,1.7097348525721619e-11,0
882,6.1270808609918096e-10,-2.7533986360260988e-05,-2.7536828304175478e-05,2.8419439144902259e-09,4.5773478629968126e-11,0
883,1.8367897316969435e-10,-7.9105056801724236e-05,-7.9094469096862793e-05,-1.0587704861442487e-08,4.9421386224664995e-11,0
884,6.1268517197627290e-10,-2.7818766521473665e-05,-2.7823178539838175e-05,4.4120183645101328e-09,7.3275767356828058e-11,0
885,1.8365605904622696e-10,-7.9389945785667687e-05,-7.9377770093722172e-05,-1.2175691945515437e-08,4.0218630443271746e-11,0
886,-4.2902911424286639e-10,-5.1571044492689302e-05,-5.1557657495463078e-05,-1.3386997226224608e-08,7.6023694994908994e-11,0
887,-6.9550754666293116e-10,-2.7573393730653470e-05,-2.7553092441481833e-05,-2.0301289171637205e-08,2.4577205510853120e-11,0
888,3.9029462985257853e-10,-7.9124336495000128e-05,-7.9092128681024299e-05,-3.2207813975828280e-08,2.6810880913649272e-11,0
889,1.0858021743688351e-09,-5.1550903479775185e-05,-5.1539052530958217e-05,-1.1850948816968560e-08,3.3891436960846001e-11,0
891,4.5322176707515490e-10,-4.5954359467992659e-05,-4.5982421563319363e-05,2.8062095326704026e-08,8.6290209487313274e-11,0
892,1.1400215317320831e-10,8.6321248269584025e-06,8.6336403403300430e-06,-1.5155133716405285e-09,3.6359014501376785e-11,0
894,1.6327181640742448e-14,2.8505533970224168e-07,2.8502946331138166e-07,2.5876390860021507e-11,2.3605608065128839e-11,0
895,-4.4003937285552946e-11,-2.7546963722039491e-05,-2.7545258830214583e-05,-1.7048918249079994e-09,2.1066499769684231e-11,0
896,1.7098017922703362e-10,-7.9063527283396509e-05,-7.9094984311185672e-05,3.1457027789162499e-08,2.5993372857536862e-11,0
897,-1.6823943470779860e-10,-2.4476933220872812e-05,-2.4475703798784007e-05,-1.2294220888049321e-09,2.4854341654710933e-11,0
899,-4.4020264471251707e-11,-2.7831995766293069e-05,-2.7831594191705843e-05,-4.0157458722594173e-10,2.8711742298344089e-11,0
900,1.7096385204220989e-10,-7.9348545344633953e-05,-7.9378289327561202e-05,2.9743982927249077e-08,1.8892426154581371e-11,0
901,-1.6825576189269986e-10,-2.4762006323052546e-05,-2.4761289576313617e-05,-7.1674673892890904e-10,1.8707677529540438e-11,0
902,2.1498411650648102e-10,-5.1516650820348717e-05,-5.1549741431916212e-05,3.3090611567495644e-08,3.2643132115994873e-11,0
903,-1.2423549736197890e-10,3.0699533095377221e-06,3.0692442534397432e-06,7.0905609797892275e-10,2.2628513073490579e-11,0
904,-3.3921961405163938e-10,5.4586562908576219e-05,5.4618535459759050e-05,-3.1972551182830292e-08,2.2759409825267074e-11,0
905,2.4703507157709802e-10,5.5625145238464603e-06,5.5627431026826857e-06,-2.2857883622536213e-10,3.2263237660311582e-11,0
906,4.0075403543505685e-10,-4.5984988570743277e-05,-4.5983105198965231e-05,-1.8833717780453564e-09,2.5267427323570746e-11,0
907,1.0777339059768196e-10,8.6323804274852575e-06,8.6338419154080970e-06,-1.4614879228394930e-09,2.0491697408573478e-11,0
908,-2.3783446440468693e-10,-3.3104852974101453e-05,-3.3115346150718932e-05,1.0493176617479359e-08,3.0369095709442906e-11,0
909,1.7423913898647317e-14,2.8514792726946641e-07,2.8502949609898012e-07,1.1843117048629495e-10,2.0643546240698192e-11,0
910,9.2006070148180370e-12,-2.7542254274269583e-05,-2.7544778577844854e-05,2.5243035752710460e-09,1.7732417859689049e-11,0
911,1.6291957088389926e-10,-7.9089716945977481e-05,-7.9095252761578473e-05,5.5358156009921054e-09,2.4416060933182320e-11,0
912,-1.3006107393153845e-10,-2.4472473193797722e-05,-2.4475080464868674e-05,2.6072710709512865e-09,2.7541520456279108e-11,0
913,-2.3785188831930817e-10,-3.3389845651897888e-05,-3.3402050893999447e-05,1.2205242101559065e-08,2.2234170474829916e-11,0
914,9.1831831018506403e-12,-2.7827354966339108e-05,-2.7831106974835099e-05,3.7520084959914138e-09,2.4734793685013264e-11,0
915,1.6290214697159214e-10,-7.9374822859793435e-05,-7.9378559725569792e-05,3.7368657763563748e-09,1.9312061258026332e-11,0
916,-1.3007849784474557e-10,-2.4757502496389368e-05,-2.4760662354618262e-05,3.1598582288946638e-09,1.7230350441237251e-11,0
917,1.5371896386892148e-10,-5.1547483931276873e-05,-5.1550489780049152e-05,3.0058487722787412e-09,2.7678776957307952e-11,0
918,-1.3926168095266405e-10,3.0698915897964252e-06,3.0693845841756888e-06,5.0700562073637998e-10,2.9085697367525769e-11,0
919,-2.9298064488367316e-10,5.4617301307829241e-05,5.4619424250229965e-05,-2.1229424007236110e-09,2.5042905962028716e-11,0
920,1.6183360703411392e-14,2.8508074880046511e-07,2.8502950111475771e-07,5.1247685707397136e-11,1.3008207990216504e-11,0
921,-2.4939370162417427e-12,-2.7543186920566147e-05,-2.7545103518930185e-05,1.9165983640380326e-09,1.1098723121218099e-11,0
922,1.9279349255695711e-10,-7.9096199505390360e-05,-7.9095063553563359e-05,-1.1359518270009873e-09,1.5288900290190638e-11,0
923,-1.3794890208853190e-10,-2.4470337517693550e-05,-2.4475015353523396e-05,4.6778358298461137e-09,1.3485784635567823e-11,0
924,-2.5101203788814647e-12,-2.7828310989728468e-05,-2.7831424587777838e-05,3.1135980493697470e-09,1.6773923803599038e-11,0
925,1.9277730919578783e-10,-7.9381272213067955e-05,-7.9378372529310498e-05,-2.8996837574569046e-09,1.2435509990918994e-11,0
926,-1.3796508544730623e-10,-2.4755343090494385e-05,-2.4760593139533932e-05,5.2500490395464229e-09,1.1171976403533721e-11,0
927,1.9528742957116474e-10,-5.1553011101840556e-05,-5.1549975259296996e-05,-3.0358425435596877e-09,1.5489752672862772e-11,0
928,-1.3545496505140901e-10,3.0728634285304016e-06,3.0697717537589616e-06,3.0916747714400154e-09,1.5897928020079212e-11,0
929,-3.3074239474532035e-10,5.4625918949783008e-05,5.4619297016017711e-05,6.6219337652975632e-09,1.2401852769256463e-11,0
931,1.1761955355213698e-10,-2.7541194956464017e-05,-2.7543800315893774e-05,2.6053594297568245e-09,2.5540887598420704e-11,0
932,1.7594472613262736e-10,-7.9098033123731779e-05,-7.9095438556817964e-05,-2.5945669138144724e-09,3.8914266826237444e-11,0
933,-5.1146597213480206e-11,-2.4467635607502633e-05,-2.4473796208821860e-05,6.1606013192269779e-09,4.8740951208054779e-11,0
934,1.1760103932160097e-10,-2.7826264415099083e-05,-2.7830114491218009e-05,3.8500761189257907e-09,4.0771823051579659e-11,0
935,1.7592621190453050e-10,-7.9383081283929005e-05,-7.9378749479861526e-05,-4.3318040674795869e-09,2.7543322895737104e-11,0
936,-5.1165111445128297e-11,-2.4752592210076398e-05,-2.4759370153416244e-05,6.7779433398463618e-09,2.6510139809989845e-11,0
937,5.8325172459920975e-11,-5.1556871678668827e-05,-5.1551653113796980e-05,-5.2185648718463228e-09,4.0986383541481869e-11,0
938,-1.6876615091401947e-10,3.0735869297580801e-06,3.0696849666196426e-06,3.9019631384374789e-09,4.7802137904339715e-11,0
939,-2.2709132334627761e-10,5.4630414314962503e-05,5.4620888194087955e-05,9.5261208745475029e-09,3.3844828498285870e-11,0
940,2.3620778382184883e-14,2.8507951582043161e-07,2.8502963231632503e-07,4.9883504106579217e-11,1.4669858060311320e-11,0
941,3.4147721280699039e-10,-2.7531236486126598e-05,-2.7541237094695418e-05,1.0000608568820309e-08,2.1447641570058139e-11,0
942,1.1533090658425299e-10,-7.9100846194713609e-05,-7.9096364503552344e-05,-4.4816911612643702e-09,1.7860947045252037e-11,0
943,3.4145359202491675e-10,-2.7816281361774976e-05,-2.7827543852341091e-05,1.1262490566114777e-08,1.8317256732742404e-11,0
944,1.1530728580456295e-10,-7.9385871396723401e-05,-7.9379677562706571e-05,-6.1938340168300309e-09,1.5768522847353862e-11,0
945,-2.2614630686798945e-10,-5.1569669420799616e-05,-5.1555141901573320e-05,-1.4527519226295875e-08,3.4395622992655572e-11,0
946,3.8394452386343007e-10,5.6001485897825415e-06,5.5644241962506020e-06,3.5724393531939449e-08,5.1515166173090058e-11,0
947,2.6319276070791279e-10,8.6490996634453615e-06,8.6368313764781708e-06,1.2268286967190731e-08,2.8484344655968745e-11,0
948,-1.2075176323295124e-10,3.0489130323917320e-06,3.0708748247731491e-06,-2.1961792381417091e-08,5.9764815183382326e-11,0
949,3.8533742813480973e-10,5.5958045114684607e-06,5.5644412995431231e-06,3.1363211925337635e-08,1.4831865841720082e-11,0
950,2.5716215656566472e-10,8.6462509049298197e-06,8.6369063661526970e-06,9.3445387771227126e-09,8.9810581954767610e-12,0
951,-1.2817527166519769e-10,3.0504438601596656e-06,3.0709577841949900e-06,-2.0513924035324407e-08,1.7318252155716188e-11,0
952,2.6144199199759657e-14,2.8501523169282732e-07,2.8502968880475831e-07,-1.4457111930989570e-11,4.0231065573656353e-11,0
953,4.2979542041388083e-11,-7.9116968541932155e-05,-7.9097476603947421e-05,-1.9491937984733674e-08,5.4623761268437351e-11,0
954,4.2953397840255612e-11,-7.9401996792198906e-05,-7.9380792247163369e-05,-2.1204545035537030e-08,2.8832095108227513e-11,0
955,-4.6597353372203183e-10,-2.7550134984404614e-05,-2.7551506063305672e-05,1.3710789010584138e-09,1.7663150817421716e-11,0
956,5.0376441114556752e-10,-7.9106529540086921e-05,-7.9091942063722894e-05,-1.4587476364027368e-08,2.6158834001697429e-11,0
957,9.6973794348659330e-10,-5.1556321839265219e-05,-5.1540449766861393e-05,-1.5872072403825123e-08,2.5730744942886667e-11,0
958,2.7434147298809294e-14,2.8503595033160370e-07,2.8502973014753861e-07,6.2201840650876970e-12,9.8554118387394980e-12,0
959,5.7988137951484179e-11,-7.9105068723185450e-05,-7.9097516022616312e-05,-7.5527005691380456e-09,1.4160550953204691e-11,0
960,5.7960703812486413e-11,-7.9390067724795753e-05,-7.9380834234748206e-05,-9.2334900475473389e-09,7.6750416148847969e-12,0
961,-1.1967915654862097e-09,-5.1587292123830841e-05,-5.1567047288175643e-05,-2.0244835655198134e-08,3.9924032570037370e-11,0
962,2.8246361288732917e-10,8.6493985938830564e-06,8.6378220920657736e-06,1.1576501817282835e-08,1.7762878313197666e-11,0
963,-4.0611519760450739e-10,-3.3158380698363604e-05,-3.3118168090299042e-05,-4.0212608064562597e-08,3.8600745196298359e-11,0
964,-1.2365158392849369e-10,-2.4509010982639960e-05,-2.4473981755144405e-05,-3.5029227495554844e-08,4.1596031960113946e-11,0
965,3.7878269875741284e-10,5.5778206725868446e-06,5.5643608148635645e-06,1.3459857723280084e-08,7.4376976669678915e-11,0
966,4.3591161655307333e-10,-4.5981874199624642e-05,-4.5982984850899706e-05,1.1106512750642819e-09,3.7111373784789047e-11,0
967,2.1850223988242806e-10,8.6406219565347483e-06,8.6373993052455837e-06,3.2226512891646932e-09,3.8484216146485301e-11,0
968,-2.9885005092276818e-10,-3.3109816747197568e-05,-3.3117000291907098e-05,7.1835447095299930e-09,6.7876448861943092e-11,0
969,1.9547914504716293e-14,2.8507811724854706e-07,2.8502967489221505e-07,4.8442356332007427e-11,1.9307559527864954e-11,0
970,7.9932648000404923e-11,-2.7532023602184694e-05,-2.7545277771554725e-05,1.3254169370031027e-08,3.5762769236827209e-11,0
971,1.3706156574784009e-10,-7.9091595589522896e-05,-7.9096909800830759e-05,5.3142113078623451e-09,3.0619707858748893e-11,0
972,-8.0347810897407977e-11,-2.4469156218476413e-05,-2.4473248504744727e-05,4.0922862683136338e-09,3.7091069070362097e-11,0
973,-2.9886959883646175e-10,-3.3394816410678169e-05,-3.3403627461235597e-05,8.8110505574271760e-09,3.4261889216238433e-11,0
974,7.9913100084800286e-11,-2.7817127895519989e-05,-2.7831551040769524e-05,1.4423145249535714e-08,4.0958817038057839e-11,0
975,1.3704201783404592e-10,-7.9376609087447939e-05,-7.9380232078417819e-05,3.6229909698806987e-09,1.6251484399794248e-11,0
976,-8.0367358811712881e-11,-2.4754230738692083e-05,-2.4758799585121451e-05,4.5688464293675555e-09,1.8255996320956465e-11,0
978,-1.6028045894922476e-10,3.0628648943513068e-06,3.0716939956158794e-06,-8.8291012645726750e-09,2.9563769301252190e-11,0
979,-2.1740937660212369e-10,5.4622295540510298e-05,5.4622889586313474e-05,-5.9404580317605916e-10,3.2141350038258223e-11,0
980,2.7385546238745352e-10,5.5619619249538173e-06,5.5630724268142730e-06,-1.1105018604556192e-09,1.7599261849011656e-11,0
981,4.8010053974668085e-10,-4.5960331928060830e-05,-4.5982512219407373e-05,2.2180291346543361e-08,1.2707732061810931e-11,0
982,1.4086552469680253e-10,8.6352729897071212e-06,8.6369398436799083e-06,-1.6668539727871185e-09,1.0430734926992544e-11,0
983,-3.0713144048820340e-10,-3.3110000714466938e-05,-3.3117305314441035e-05,7.3045999740973915e-09,1.5643061555683663e-11,0
984,1.7376806969383858e-14,2.8507725964629765e-07,2.8502968254749723e-07,4.7577098800413433e-11,1.7333074296712103e-11,0
985,-3.3275977956429766e-11,-2.7548028389997887e-05,-2.7546975163681593e-05,-1.0532263162942013e-09,1.3958263652653774e-11,0
986,1.7296909940259343e-10,-7.9070332516350053e-05,-7.9096769884829028e-05,2.6437368478974578e-08,2.0617306155573653e-11,0
987,-1.6626591567791780e-10,-2.4474727493342500e-05,-2.4474029007117339e-05,-6.9848622516132893e-10,1.7168898158146879e-11,0
988,-3.0714881729668751e-10,-3.3395052515826189e-05,-3.3403915020666304e-05,8.8625048401156183e-09,1.1985071212339341e-11,0
989,-3.3293354760881407e-11,-2.7833125476131333e-05,-2.7833236013367157e-05,1.1053723582478024e-10,1.9143706929723325e-11,0
990,1.7295172259666516e-10,-7.9355404708335124e-05,-7.9380095570806330e-05,2.4690862471206170e-08,1.5488256969355296e-11,0
991,-1.6628329248290968e-10,-2.4759767936686529e-05,-2.4759573132221306e-05,-1.9480446522248318e-10,1.2740407820267331e-11,0
992,2.0624507735797790e-10,-5.1522325150453463e-05,-5.1549806884649229e-05,2.7481734195765588e-08,2.2414722909331340e-11,0
993,-1.3298993766774665e-10,3.0732875968436137e-06,3.0726059999349298e-06,6.8159690868381284e-10,1.8781388626936612e-11,0
994,-3.3923501518919118e-10,5.4595618817314395e-05,5.4621963850881294e-05,-2.6345033566899090e-08,1.5315019887809483e-11,0
995,1.6076797024912453e-14,2.8509860119588911e-07,2.8502968698778201e-07,6.8914208107105798e-11,6.9994999188743299e-12,0
996,-8.9466392837751632e-11,-2.7547757740246578e-05,-2.7547847848161255e-05,9.0107914677012161e-11,1.6339000871582553e-11,0
997,2.1560066399480619e-10,-7.9094955048699886e-05,-7.9096425383157982e-05,1.4703344580958193e-09,2.7028187946736416e-11,0
998,-2.1245843932689497e-10,-2.4471319091981004e-05,-2.4474432997830936e-05,3.1139058499314511e-09,2.2422966343690260e-11,0
999,-8.9482469634258281e-11,-2.7832838375080500e-05,-2.7834101313150420e-05,1.2629380699195154e-09,2.1401112104371783e-11,0
1000,2.1558458719526719e-10,-7.9380071052394426e-05,-7.9379753095634248e-05,-3.1795676017748985e-10,1.9308832756877831e-11,0
1001,-2.1247451612288459e-10,-2.4756368696447414e-05,-2.4759972987255840e-05,3.6042908084255596e-09,1.6349231494408410e-11,0
1002,3.0506705668401743e-10,-5.1547162055153029e-05,-5.1548589324011562e-05,1.4272688585338774e-09,4.2440777968140080e-11,0
1003,-1.2299204633744273e-10,3.0763934561470804e-06,3.0730717888480604e-06,3.3216672990199594e-09,2.7020812475345440e-11,0
1006,4.2329672279970021e-10,-4.5997312687331635e-05,-4.5983287858142247e-05,-1.4024829189387630e-08,2.3252670270139365e-11,0
1007,5.0980088883927911e-11,8.6236580156551224e-06,8.6363878175566093e-06,-1.2729801901486897e-08,2.1104588475139681e-11,0
1008,-2.3077856520520135e-10,-3.3095222591492460e-05,-3.3116594937889609e-05,2.1372346397148946e-08,2.2690201529580613e-11,0
1010,-4.7077756463944510e-11,-2.7547128542051297e-05,-2.7547487944098625e-05,3.5940204732789896e-10,2.6212166007265055e-11,0
1011,1.9251815679354946e-10,-7.9092563085643441e-05,-7.9096866083300363e-05,4.3029976569213500e-09,2.2232541959687483e-11,0
1012,-1.7979847686218613e-10,-2.4471537924350764e-05,-2.4473888550983789e-05,2.3506266330245796e-09,2.2124340474224362e-11,0
1013,-2.3079568818881350e-10,-3.3380197833122668e-05,-3.3403185162447561e-05,2.2987329324892743e-08,2.0793060309118819e-11,0
1014,-4.7094879449793857e-11,-2.7832309803455663e-05,-2.7833734946379894e-05,1.4251429242311464e-09,4.0883861724251987e-11,0
1015,1.9250103380966476e-10,-7.9377542768329680e-05,-7.9380195603513058e-05,2.6528351833776578e-09,1.9281766184186855e-11,0
1016,-1.7981559984796190e-10,-2.4756513975509632e-05,-2.4759424932897871e-05,2.9109573882386581e-09,1.7358332120052178e-11,0
1017,2.3959591321912908e-10,-5.1545402477107261e-05,-5.1549389599119022e-05,3.9871220117618602e-09,3.6871550168546232e-11,0
1018,-1.3272072031012990e-10,3.0756583233092303e-06,3.0732537788811926e-06,2.4045444280376585e-09,2.4508831416882202e-11,0
1019,-3.7231663383763750e-10,5.4620997051580203e-05,5.4622194565711049e-05,-1.1975141308464394e-09,1.9835337628567542e-11,0
1021,-4.7738762152764872e-10,-2.7551446665666050e-05,-2.7553055448226836e-05,1.6087825607857874e-09,1.2644871689918769e-11,0
1022,5.4536463167384465e-10,-7.9106302671774591e-05,-7.9092811466145087e-05,-1.3491205629504008e-08,1.7107793118375396e-11,0
1023,-5.4461820064292000e-10,-2.4451690174599749e-05,-2.4478114668844741e-05,2.6424494244991142e-08,1.8751787362244838e-11,0
1024,-4.7739576063826989e-10,-2.7836499179319241e-05,-2.7839290896329417e-05,2.7917170101759579e-09,1.7509778312260078e-11,0
1025,5.4535649256283451e-10,-7.9391258667238507e-05,-7.9376144048050676e-05,-1.5114619187831099e-08,1.3060704577236404e-11,0
1026,-5.4462633975440195e-10,-2.4736633984232329e-05,-2.4763644542402547e-05,2.7010558170218352e-08,1.3422961095847801e-11,0
1027,1.0227522514876892e-09,-5.1554855168738003e-05,-5.1539766896263686e-05,-1.5088272474317159e-08,1.9083014031747462e-11,0
1028,-6.7230578844664646e-11,3.0997855509007008e-06,3.0745906538241957e-06,2.5194897076505080e-08,1.8419757086631916e-11,0
1029,-1.0899828294659323e-09,5.4654605232434816e-05,5.4613908920838043e-05,4.0696311596773833e-08,1.4720464964710984e-11,0
1030,1.3319261153308872e-14,2.8506892028017123e-07,2.8502972021074185e-07,3.9200069429386960e-11,2.4192571129558304e-11,0
1031,-2.5670831394938418e-10,-2.7549811923274249e-05,-2.7550502182982446e-05,6.9025970819681058e-10,5.1841960420592306e-11,0
1032,3.5309237689382252e-10,-7.9101491268405988e-05,-7.9095325558047088e-05,-6.1657103589000993e-09,2.8384824990899323e-11,0
1033,-3.5875926011385249e-10,-2.4466906557039187e-05,-2.4475692820557840e-05,8.7862635186523137e-09,3.6245324471490991e-11,0
1035,3.5307905763322299e-10,-7.9386525128171499e-05,-7.9378659952029966e-05,-7.8651761415326951e-09,2.3527801024788696e-11,0
1036,-3.5877257938542797e-10,-2.4751942001618576e-05,-2.4761219230995227e-05,9.2772293766513528e-09,2.1497056197447647e-11,0
1037,6.0980069004768652e-10,-5.1551710707121133e-05,-5.1544833932813727e-05,-6.8767743074057432e-09,3.6222662792747905e-11,0
1038,-1.0205094588688194e-10,3.0829497130640052e-06,3.0744567501356023e-06,8.4929629284028396e-09,5.6419024306881360e-11,0
1039,-7.1185163656954380e-10,5.4634594663030642e-05,5.4618842154567942e-05,1.5752508462700229e-08,2.4816644508120765e-11,0
1040,-1.5809714596269707e-10,-5.1562380055580545e-05,-5.1554258462587421e-05,-8.1215929931244789e-09,2.5813543106733553e-11,0
1047,1.0894748218144086e-10,-7.9101136062710456e-05,-7.9098703006320279e-05,-2.4330563901770689e-09,5.7402187712571584e-11,0
1048,1.1435093139238359e-11,-2.4458605487387430e-05,-2.4470801066998621e-05,1.2195579611190831e-08,5.6485172811521433e-11,0
1050,2.0191071765543263e-10,-2.7808402909910990e-05,-2.7831471876509047e-05,2.3068966598057051e-08,4.1012946462747670e-11,0
1051,1.0892580619254215e-10,-7.9386186495117447e-05,-7.9382041835408584e-05,-4.1446597088623874e-09,3.2786088677585568e-11,0
1052,1.1413417150134206e-11,-2.4743769923445125e-05,-2.4756318841254666e-05,1.2548917809541342e-08,3.0268198452179616e-11,0
1053,-9.2984911798797651e-11,-5.1577940594986146e-05,-5.1553454568774622e-05,-2.4486026211523887e-08,6.4050676412425678e-11,0
1055,-9.7512389054767819e-11,5.4642441773615665e-05,5.4627104650198105e-05,1.5337123417559896e-08,4.9294576265541039e-11,0
1056,3.3217139553927178e-10,5.5650310696250815e-06,5.5637884806622101e-06,1.2425889628714734e-09,2.4491190707687035e-11,0
1057,4.6884214364913377e-10,-4.5978059947462263e-05,-4.5982988908245813e-05,4.9289607835501219e-09,1.7967357352800897e-11,0
1058,1.8168787210465787e-10,8.6396556018436023e-06,8.6398301639559632e-06,-1.7456211236089171e-10,1.5084973646332761e-11,0
1059,-3.0897944451183322e-10,-3.3110087342400497e-05,-3.3118311714451347e-05,8.2243720508500158e-09,2.4244014432750887e-11,0
1060,1.8944700388755235e-14,2.8502652026248935e-07,2.8502986780518682e-07,-3.3475426974684396e-12,2.3040214680726436e-11,0
1061,2.3191951151548753e-11,-2.7545100546928010e-05,-2.7547768555689195e-05,2.6680087611852948e-09,1.4515861690473489e-11,0
1062,1.5986269924267289e-10,-7.9088171639690036e-05,-7.9098386947713408e-05,1.0215308023371725e-08,2.0959306649168551e-11,0
1063,-1.2729157230610440e-10,-2.4470511247127492e-05,-2.4472222580657189e-05,1.7113335296961281e-09,1.9762553421377254e-11,0
1064,-3.0899838921368235e-10,-3.3395113337464279e-05,-3.3404837085237559e-05,9.7237477732800386e-09,2.3667230469336562e-11,0
1065,2.3173006451977561e-11,-2.7830203036022954e-05,-2.7833969469929241e-05,3.7664339062866783e-09,2.7094713891599985e-11,0
1066,1.5984375454345657e-10,-7.9373174623908853e-05,-7.9381729271152735e-05,8.5546472438816730e-09,2.1813012845350744e-11,0
1067,-1.2731051700634197e-10,-2.4755523417499016e-05,-2.4757733205502274e-05,2.2097880032577845e-09,1.8796608796183511e-11,0
1068,1.3667074808784376e-10,-5.1543076713584518e-05,-5.1550627508549198e-05,7.5507949646796361e-09,2.2598379850829111e-11,0
1069,-1.5048352346664358e-10,3.0746125090994753e-06,3.0751821834523525e-06,-5.6967435287725419e-10,2.0545143272756642e-11,0
1070,-2.8715427157609570e-10,5.4617650712312019e-05,5.4625361617172309e-05,-7.7109048602903938e-09,1.6702663660239949e-11,0
1073,8.5786121414583400e-11,8.5969900025639062e-06,8.6391086125804686e-06,-4.2118610016562402e-08,7.7653411310792096e-11,0
1076,-1.2510155444268325e-10,-2.7555305328710519e-05,-2.7549873217186496e-05,-5.4321115240229655e-09,2.9204944508603642e-11,0
1077,2.1501521001036019e-10,-7.9076988863782498e-05,-7.9097987676481445e-05,2.0998812698947680e-08,4.4211793496561636e-11,0
1078,-2.4663157281097088e-10,-2.4475828744678282e-05,-2.4473434484547076e-05,-2.3942601312063614e-09,3.6220063379943943e-11,0
1080,-1.2511851377165673e-10,-2.7840397789809235e-05,-2.7836062663181592e-05,-4.3351266276427840e-09,4.2528672781463364e-11,0
1081,2.1499825067853113e-10,-7.9361894069855492e-05,-7.9381333147547409e-05,1.9439077691917029e-08,3.6055860576821240e-11,0
1082,-2.4664853214027233e-10,-2.4760900353059008e-05,-2.4758938686969604e-05,-1.9616660894041231e-09,3.0749214927192994e-11,0
1083,3.4011676425046225e-10,-5.1521615138187468e-05,-5.1548122994229969e-05,2.6507856042500932e-08,4.1953913940639541e-11,0
1084,-1.2153001818597369e-10,3.0793736807144256e-06,3.0760704297356251e-06,3.3032509788005360e-09,3.9004873412412734e-11,0
1085,-4.6164678306298811e-10,5.4600997291431863e-05,5.4623745532153809e-05,-2.2748240721945964e-08,3.3779054393842198e-11,0
1087,7.1643626686748583e-12,-2.7546812369599362e-05,-2.7548458172575052e-05,1.6458029756905121e-09,1.1327249492421878e-11,0
1088,2.0093908538374807e-10,-7.9098848167990371e-05,-7.9098365241471067e-05,-4.8292651930355313e-10,1.5681027228813637e-11,0
1089,-1.4965253531376813e-10,-2.4467833179423696e-05,-2.4472056998959913e-05,4.2238195362167522e-09,1.3253264517385623e-11,0
1093,1.9377472271456826e-10,-5.1552012579299429e-05,-5.1549915175436095e-05,-2.0974038633336215e-09,1.6271593678683156e-11,0
1094,-1.5681689794770186e-10,3.0789839909611946e-06,3.0760295477324518e-06,2.9544432287427629e-09,1.5761308263546100e-11,0
1095,-3.5059162081614499e-10,5.4631003080085096e-05,5.4625496966176029e-05,5.5061139090669233e-09,1.2557054045171128e-11,0
1096,2.1013063371339618e-14,2.8509813027824855e-07,2.8502996770399004e-07,6.8162574258509813e-11,3.3217282875892184e-11,0
1097,1.2373818763483046e-10,-2.7545080635213263e-05,-2.7547201201267892e-05,2.1205660546283413e-09,2.6011574280315179e-11,0
1098,1.8439252303186577e-10,-7.9101147311073754e-05,-7.9098739245604205e-05,-2.4080654695485867e-09,3.7710114066142964e-11,0
1099,-6.2958734356764305e-11,-2.4465348264428137e-05,-2.4470836713816350e-05,5.4884493882131099e-09,3.9869295409395008e-11,0
1100,1.2371717457725280e-10,-2.7830152635527870e-05,-2.7833375233862028e-05,3.2225983341573029e-09,4.4560988099167641e-11,0
1101,1.8437150996805543e-10,-7.9386110348866846e-05,-7.9382089052520085e-05,-4.0212963467613607e-09,3.1632077986330707e-11,0
1102,-6.2979747418860728e-11,-2.4750323918510970e-05,-2.4756332320851655e-05,6.0084023406853457e-09,2.7018551246778299e-11,0
1103,6.0654335271395471e-11,-5.1556017873525053e-05,-5.1551545793411377e-05,-4.4720801136769709e-09,4.5689219140149723e-11,0
1104,-1.8669692210469297e-10,3.0797032537092700e-06,3.0759900887517230e-06,3.7131649575469911e-09,4.6765785078864809e-11,0
1105,-2.4735125738660558e-10,5.4635780527720074e-05,5.4627088237665686e-05,8.6922900543881998e-09,4.1651062984296357e-11,0
1106,3.3354494801679399e-14,2.8511166922287831e-07,2.8503014428280979e-07,8.1524940068512503e-11,1.3278389098989737e-11,0
1107,9.7897762400894408e-10,-2.7540510394332210e-05,-2.7536924085202251e-05,-3.5863091299590465e-09,2.1917716373477343e-11,0
1108,2.8350392593936231e-11,-7.9108708638054095e-05,-7.9100874906751849e-05,-7.8337313022465742e-09,2.1301885972772306e-11,0
1109,9.7894426953913191e-10,-2.7825483737057340e-05,-2.7823089225889011e-05,-2.3945111683294437e-09,2.1330593555889688e-11,0
1110,2.8317038151266210e-11,-7.9393721293132512e-05,-7.9384227371863305e-05,-9.4939212692064963e-09,1.2504550112547576e-11,0
1111,-9.5062723263460822e-10,-5.1568241694357336e-05,-5.1563958111038228e-05,-4.2835833191081849e-09,3.2397580348851796e-11,0
1112,-1.0961422302427536e-09,-5.1585281636378974e-05,-5.1565742519709887e-05,-1.9539116669086993e-08,3.5351998743865872e-11,0
1113,2.5902474332172924e-14,2.8507213673814767e-07,2.8503007565643080e-07,4.2061081716872516e-11,1.0238932642638092e-11,0
1114,5.1489261360593239e-10,-2.7532568221974932e-05,-2.7542827404036526e-05,1.0259182061593785e-08,1.1400623511854980e-11,0
1115,4.4892183446852427e-11,-7.9106128380035563e-05,-7.9100872450887303e-05,-5.2559291482598674e-09,7.4131679525991808e-12,0
1116,5.1486671113146761e-10,-2.7817643812474979e-05,-2.7828984191307572e-05,1.1340378832592666e-08,1.3723406924806366e-11,0
1117,4.4866280972376001e-11,-7.9391146113230726e-05,-7.9384227114529668e-05,-6.9189987010582306e-09,7.8552645732140476e-12,0
1118,-4.7000043086106532e-10,-5.1573567869205722e-05,-5.1558051916451705e-05,-1.5515952754017244e-08,1.7207301674023237e-11,0
1121,-1.1221129855887600e-10,3.0825734871179917e-06,3.0779363651037385e-06,4.6371220142531388e-09,4.2830027362703885e-11,0
1122,2.3674316142210941e-14,2.8494202856153563e-07,2.8503007287342951e-07,-8.8044311893884200e-11,1.9808699456366978e-11,0
1123,-4.0387553084732451e-11,-7.9127338057341685e-05,-7.9102135162289865e-05,-2.5202895051820847e-08,2.9904990112926451e-11,0
1124,-4.0411227397374054e-11,-7.9412356820945246e-05,-7.9385492258810713e-05,-2.6864562134533074e-08,1.8204586248621467e-11,0
1126,2.3524367092912821e-10,8.6438531602350778e-06,8.6426766354230891e-06,1.1765248119887111e-09,5.9339176814509848e-11,0
1127,-1.4235532008951221e-10,3.0760102000910658e-06,3.0778390922006108e-06,-1.8288921095449857e-09,3.4491293333028367e-11,0
1128,1.1101905369156528e-11,-7.9112084688368403e-05,-7.9101595124366468e-05,-1.0489564001935460e-08,5.6339288425253791e-11,0
1129,3.6274031061968315e-10,5.5651998577621944e-06,5.5641638324415186e-06,1.0360253206758690e-09,1.6326659852866116e-11,0
1130,2.1826690476456147e-10,8.6426587256524783e-06,8.6426839523217883e-06,-2.5226669310004167e-11,9.5471301262497879e-12,0
1131,-1.4447340589640422e-10,3.0774363774617106e-06,3.0780651567000855e-06,-6.2877923837491466e-10,1.7772599137484347e-11,0
1132,6.5146793843434898e-11,-7.9105364623152305e-05,-7.9101045401474315e-05,-4.3192216779900077e-09,2.4261917784345201e-11,0
1135,5.8216480991988314e-11,8.6089555499588299e-06,8.6409900976183297e-06,-3.2034547659499780e-08,6.2650583505897710e-11,0
1137,1.9108953431644700e-14,2.8510848563891108e-07,2.8503005576699267e-07,7.8429871918408182e-11,1.5103173129916600e-11,0
1138,-6.4299867649428412e-11,-2.7550556371781429e-05,-2.7550508187590488e-05,-4.8184190941006439e-11,1.6259407149681166e-11,0
1139,2.1923695374326136e-10,-7.9096219750083435e-05,-7.9099288928380986e-05,3.0691782975506270e-09,1.7459490267619828e-11,0
1140,-2.1107304087595312e-10,-2.4469118131219270e-05,-2.4471763964808590e-05,2.6458335893201148e-09,1.9008276535857134e-11,0
1141,-2.6930862998583523e-10,-3.3363073887064665e-05,-3.3405357116656989e-05,4.2283229592323833e-08,7.1646612802562117e-11,0
1142,-6.4318976602946341e-11,-2.7835633687656527e-05,-2.7836641947887333e-05,1.0082602308058588e-09,2.0646549688090140e-11,0
1143,2.1921784479072626e-10,-7.9381200049845509e-05,-7.9382649868089185e-05,1.4498182436767457e-09,1.3202529664097683e-11,0
1144,-2.1109214982872779e-10,-2.4754134709864019e-05,-2.4757237046073133e-05,3.1023362091138246e-09,1.3778900906749867e-11,0
1145,2.8353682130491824e-10,-5.1545683106878418e-05,-5.1548786444362028e-05,3.1033374836098113e-09,2.5068329237475281e-11,0
1146,-1.4677317307660656e-10,3.0814332560322332e-06,3.0783539574199223e-06,3.0792986123108991e-09,1.9618003588332724e-11,0
1147,-4.3030999485276543e-10,5.4627107312365392e-05,5.4626693400990816e-05,4.1391137457595650e-10,1.5998453923142729e-11,0
1148,2.8926517025933044e-10,5.5545265473556926e-06,5.5632616406366515e-06,-8.7350932809588682e-09,8.3129939811599630e-11,0
1149,5.1625930209213087e-10,-4.5985083639707696e-05,-4.5982822649201175e-05,-2.2609905065207390e-09,1.8668756809539210e-11,0
1150,1.4099284074152224e-10,8.6352266502210534e-06,8.6422667594895550e-06,-7.0401092685016230e-09,1.6883115937503584e-11,0
1151,-3.2299865554407668e-10,-3.3105175028006698e-05,-3.3119692881879258e-05,1.4517853872559868e-08,2.1590124390706714e-11,0
1153,-3.3733485639123128e-11,-2.7550638008131019e-05,-2.7550294831784822e-05,-3.4317634619649546e-10,2.7366325432137343e-11,0
1154,1.9326064618124268e-10,-7.9090195759253835e-05,-7.9099766516927807e-05,9.5707576739718263e-09,2.1852819277088299e-11,0
1155,-1.8200581507775293e-10,-2.4469966960109259e-05,-2.4471262396339357e-05,1.2954362300984649e-09,2.2695314444879999e-11,0
1156,-3.2301791125750042e-10,-3.3390178403154558e-05,-3.3406114580327795e-05,1.5936177173237268e-08,1.9565393090840383e-11,0
1157,-3.3752741352562393e-11,-2.7835607347198067e-05,-2.7836422062506055e-05,8.1471530798729033e-10,4.5822470797234265e-11,0
1158,1.9324139046419787e-10,-7.9375263980860193e-05,-7.9383129268801781e-05,7.8652879415875860e-09,1.8819439128363191e-11,0
1159,-1.8202507078900468e-10,-2.4754994816693528e-05,-2.4756731827839104e-05,1.7370111455761888e-09,1.8558010017806026e-11,0
1160,2.2699413180603105e-10,-5.1539602014927244e-05,-5.1549477056780381e-05,9.8750418531376102e-09,3.8698703403694306e-11,0
1161,-1.4827232934364036e-10,3.0806415394035551e-06,3.0786395953257420e-06,2.0019440778131075e-09,2.2913017450218208e-11,0
1162,-3.7526646141812386e-10,5.4620328415603756e-05,5.4627669755775583e-05,-7.3413401718277821e-09,2.0144399225810724e-11,0
1163,4.1720237386889953e-10,5.5742612412555681e-06,5.5648325651162518e-06,9.4286761393162872e-09,1.4328861911992399e-11,0
1164,2.7103704012831259e-10,8.6476327398332664e-06,8.6442728557761311e-06,3.3598840571353380e-09,7.8048447619751180e-12,0
1165,-4.1845426538541582e-10,-3.3129370788750195e-05,-3.3121033500127182e-05,-8.3372886230132100e-09,1.2525024499188077e-11,0
1166,1.9148732713564971e-14,2.8498472992491244e-07,2.8503010278031974e-07,-4.5372855407294862e-11,1.2222725089193430e-11,0
1167,-1.2518906992781700e-12,-2.7555087816591092e-05,-2.7550150708439579e-05,-4.9371081515131056e-09,1.0034864861964724e-11,0
1168,-1.4741722457291950e-10,-2.4481728259855007e-05,-2.4470610194695076e-05,-1.1118065159930387e-08,1.0931789063080382e-11,0
1169,-4.1847341411457932e-10,-3.3414288231477587e-05,-3.3407440745434195e-05,-6.8474860433919869e-09,9.5962557174929988e-12,0
1170,-1.2710394311813960e-12,-2.7840078918934651e-05,-2.7836267666278911e-05,-3.8112526557403179e-09,1.7175877274924069e-11,0
1171,-1.4743637330458615e-10,-2.4766688366435752e-05,-2.4756073882246226e-05,-1.0614484189526137e-08,9.7966532008171604e-12,0
1172,-1.4616533384965365e-10,3.0733234706089435e-06,3.0791436244332952e-06,-5.8201538243516889e-09,1.1068853495333930e-11,0
1173,4.4885680194468896e-10,5.5860523439209969e-06,5.5652212457701126e-06,2.0831098150884329e-08,6.4290658112496522e-11,0
1174,4.7228412720373893e-10,-4.5978852387456096e-05,-4.5983477321641586e-05,4.6249341854908473e-09,3.4159465952571354e-11,0
1175,2.8311137235626179e-10,8.6490534327290577e-06,8.6448215173942005e-06,4.2319153348572609e-09,3.6051469827535469e-11,0
1176,-3.4818190085508784e-10,-3.3114566741452266e-05,-3.3120335502159286e-05,5.7687607070202869e-09,5.6918633871589143e-11,0
1177,2.0230516570594151e-14,2.8505570527532655e-07,2.8503014388559369e-07,2.5561389732854423e-11,2.5919242899440837e-11,0
1178,1.0067490133283481e-10,-2.7528414644061895e-05,-2.7549148339184371e-05,2.0733695122475469e-08,5.5856448399602236e-11,0
1179,1.2410222648592872e-10,-7.9093409207807094e-05,-7.9101109216112080e-05,7.7000083049851963e-09,3.2662851471282333e-11,0
1180,-6.5070528281584296e-11,-2.4465455279868754e-05,-2.4469376522903472e-05,3.9212430347175054e-09,3.5541047410625896e-11,0
1181,-3.4820213137146688e-10,-3.3399603125265805e-05,-3.3406728623091717e-05,7.1254978259121366e-09,4.7780466071274973e-11,0
1182,1.0065467081736361e-10,-2.7813637645239357e-05,-2.7835255262033458e-05,2.1617616794101315e-08,7.2820022587389509e-11,0
1183,1.2408199597263517e-10,-7.9378419408198016e-05,-7.9384477612197958e-05,6.0582039999418054e-09,2.5471916429431156e-11,0
1184,-6.5090758797305902e-11,-2.4750443157063433e-05,-2.4754834605942588e-05,4.3914488791556262e-09,2.9631540732155832e-11,0
1186,-1.6574542964972774e-10,3.0630757603426415e-06,3.0793709658042334e-06,-1.6295205461591905e-08,2.9473605449291528e-11,0
1193,-7.2651835917544364e-11,-2.7552491827445222e-05,-2.7551622674696633e-05,-8.6915274858927086e-10,2.3432685719225086e-11,0
1194,2.2219202060523326e-10,-7.9094389034243227e-05,-7.9100243734575313e-05,5.8547003320858501e-09,4.1200436674695460e-11,0
1195,-2.2273419930628794e-10,-2.4469189851121856e-05,-2.4471003361395072e-05,1.8135102732162094e-09,2.9133814222236352e-11,0
1197,-7.2671654572957267e-11,-2.7837558748503369e-05,-2.7837715636553372e-05,1.5688805000280007e-10,2.3570504828108127e-11,0
1198,2.2217220195132498e-10,-7.9379404586565720e-05,-7.9383615993902461e-05,4.2114073367407849e-09,2.6979883622732116e-11,0
1199,-2.2275401796397095e-10,-2.4754208057924283e-05,-2.4756453636883820e-05,2.2455789595364028e-09,1.3722813198021978e-11,0
1200,2.9484385641877393e-10,-5.1541978530718693e-05,-5.1548624689576972e-05,6.6461588582781661e-09,4.1205881248585726e-11,0
1201,-1.5008236322446206e-10,3.0832121912519256e-06,3.0802129612096640e-06,2.9992300422616234e-09,4.5483910673228390e-11,0
1202,-4.4492622016482452e-10,5.4625304040854111e-05,5.4628391302634859e-05,-3.0872617807478284e-09,3.7618644860109232e-11,0
1204,-1.7825700982551018e-10,3.0943168529678350e-06,3.0801138831831391e-06,1.4202969784695854e-08,2.6767016715409481e-11,0
1205,-1.3083887615572617e-09,5.4646332017741633e-05,5.4618032938433012e-05,2.8299079308621486e-08,7.4061770815076364e-11,0
1206,-4.0309534999872314e-10,-3.3121978484004430e-05,-3.3121343175791017e-05,-6.3530821341271481e-10,9.1932363844906964e-12,0
1207,4.0431651647426725e-10,5.5678446761273787e-06,5.5646743413294978e-06,3.1703347978808845e-09,2.4700401719044734e-11,0
1208,5.1960703836140419e-10,-4.5967007691634712e-05,-4.5983034906414290e-05,1.6027214779577967e-08,2.2248010700413134e-11,0
1209,2.4565493079198642e-10,8.6461423520720906e-06,8.6453403560935195e-06,8.0199597857101427e-10,1.5432925083364516e-11,0
1210,-3.6601784767962374e-10,-3.3115091435573750e-05,-3.3120957516570428e-05,5.8660809966782647e-09,2.4674862651941475e-11,0
1211,2.0032600097134150e-14,2.8502401468350879e-07,2.8503020946519772e-07,-6.1947816889304988e-12,2.4129408212357441e-11,0
1212,3.8298669153991342e-11,-2.7547200718391614e-05,-2.7550523347580125e-05,3.3226291885116957e-09,1.5185257938439161e-11,0
1213,1.5358919096183605e-10,-7.9082085759258486e-05,-7.9101343702235943e-05,1.9257942977457467e-08,2.4649475948836160e-11,0
1214,-1.2036291659313876e-10,-2.4468940670970517e-05,-2.4469511446542089e-05,5.7077557157192015e-10,1.9758116182221203e-11,0
1215,-3.6603788028036695e-10,-3.3400065904672614e-05,-3.3407316076353825e-05,7.2501716812106839e-09,2.2769780378548727e-11,0
1216,3.8278636552991543e-11,-2.7832324658324083e-05,-2.7836605705553147e-05,4.2810472290636184e-09,2.8750261033852450e-11,0
1217,1.5356915836342921e-10,-7.9367089274986168e-05,-7.9384718904096895e-05,1.7629629110726963e-08,2.1379888416834710e-11,0
1218,-1.2038294919524414e-10,-2.4753938831217383e-05,-2.4754955794762984e-05,1.0169635456013307e-09,1.9655307706463401e-11,0
1219,1.1529052179823297e-10,-5.1534796418384148e-05,-5.1550823445316077e-05,1.6027026931929290e-08,2.9375360318903326e-11,0
1220,-1.5866158575779828e-10,3.0783292267327900e-06,3.0806013677145610e-06,-2.2721409817710212e-09,2.0197053512551581e-11,0
1221,-2.7395210754027511e-10,5.4613183787580871e-05,5.4630978634518289e-05,-1.7794846937417509e-08,2.0206280305957034e-11,0
1222,4.9255545463354050e-10,5.6262283184681933e-06,5.5657578159099752e-06,6.0470502558218038e-08,3.7124604715610755e-11,0
1223,4.0942093446993827e-10,-4.5996181276236180e-05,-4.5984444905753059e-05,-1.1736370483121162e-08,1.9568972867239103e-11,0
1224,3.1578602765318133e-10,8.6522072167232161e-06,8.6466041137206229e-06,5.6031030025931156e-09,1.6852736910741226e-11,0
1225,-3.1615720266663509e-10,-3.3107036162743908e-05,-3.3120511067412810e-05,1.3474904668902318e-08,2.5825031878647526e-11,0
1226,2.0709875947677628e-14,2.8503726098958243e-07,2.8503024575813784e-07,7.0152314445889373e-12,1.7606130801138472e-11,0
1227,1.7639825184618520e-10,-2.7480873448362114e-05,-2.7549078201592754e-05,6.8204753230639685e-08,2.0977120799211477e-11,0
1228,9.3263731773090909e-11,-7.9103309908669980e-05,-7.9102329830912883e-05,-9.8007775709680299e-10,2.4638274327249799e-11,0
1229,-3.7117513922267280e-13,-2.4454861135583990e-05,-2.4467814299705534e-05,1.2953164121543785e-08,2.2732740141463686e-11,0
1230,-3.1617791254341498e-10,-3.3392062342759571e-05,-3.3406855419312145e-05,1.4793076552573937e-08,1.6039502459032575e-11,0
1231,1.7637754196919140e-10,-2.7765887037130288e-05,-2.7835150463784892e-05,6.9263426654603592e-08,2.6723701802004986e-11,0
1232,9.3243021896308276e-11,-7.9388246842134738e-05,-7.9385707841738090e-05,-2.5390003966473118e-09,1.5211058678895700e-11,0
1233,-3.9188501490053777e-13,-2.4739843147926661e-05,-2.4753253007237494e-05,1.3409859310832323e-08,1.5018619904176042e-11,0
1234,-8.3134520371332867e-11,-5.1622413383925481e-05,-5.1553254206480375e-05,-6.9159177445105382e-08,3.2396283233181018e-11,0
1235,-1.7676942697226098e-10,3.0259729899805021e-06,3.0808493853928337e-06,-5.4876395412331534e-08,3.0644550084575605e-11,0
1236,-9.3634906884687545e-11,5.4648402620898449e-05,5.4633657574954771e-05,1.4745045943678422e-08,2.0934135076080927e-11,0
1237,2.2285978518888407e-14,2.8504650904249423e-07,2.8503028814148880e-07,1.6220901005432295e-11,2.6545668823062906e-11,0
1238,2.1978165580441670e-10,-2.7543488008878632e-05,-2.7548751765306152e-05,5.2637564275204000e-09,1.8558143554550529e-11,0
1239,1.2150909767625395e-10,-7.9104438594727763e-05,-7.9102185024156277e-05,-2.2535705714862376e-09,2.2461719898227168e-11,0
1240,1.9767675083538258e-11,-2.4460574142000022e-05,-2.4467382797649476e-05,6.8086556494542910e-09,2.3382989904167984e-11,0
1241,2.1975936982653711e-10,-2.7828487181966351e-05,-2.7834815729113670e-05,6.3285471473190948e-09,3.9769656748693933e-11,0
1242,1.2148681169697061e-10,-7.9389422130534421e-05,-7.9385565359840120e-05,-3.8567706943008024e-09,2.4148476827204263e-11,0
1243,1.9745389105942463e-11,-2.4745531251381923e-05,-2.4752816874248233e-05,7.2856228663093609e-09,2.6572352702201447e-11,0
1244,-9.8272558525791764e-11,-5.1560972282016157e-05,-5.1553435413293222e-05,-7.5368687229348326e-09,3.1299083140982769e-11,0
1245,-2.0001398080403136e-10,3.0829414654203347e-06,3.0809511721969700e-06,1.9902932233646899e-09,2.3589442439160346e-11,0
1246,-1.0174142259656577e-10,5.4643867425905462e-05,5.4633940701599174e-05,9.9267243062884486e-09,2.5375448077150441e-11,0
1247,2.3928806427710796e-14,2.8501539269929495e-07,2.8503032577971375e-07,-1.4933080418802515e-11,1.6758786907898153e-11,0
1248,3.4098987233867634e-10,-2.7544411910133612e-05,-2.7547419892803865e-05,3.0079826702531052e-09,1.4473594567970801e-11,0
1249,1.0739962667807738e-10,-7.9105682805468737e-05,-7.9102511478135157e-05,-3.1713273335794590e-09,2.0039349523994796e-11,0
1250,1.1108035979721217e-10,-2.4457332958373844e-05,-2.4466121870685882e-05,8.7889123120378704e-09,3.1915956795610544e-11,0
1251,3.4096594352711294e-10,-2.7829421103349287e-05,-2.7833477568700822e-05,4.0564653515343823e-09,2.0578643129858189e-11,0
1252,1.0737569786561752e-10,-7.9390679039197196e-05,-7.9385893582462026e-05,-4.7854567351705065e-09,1.5390558596806014e-11,0
1253,1.1105643098275644e-10,-2.4742297322527182e-05,-2.4751552440729885e-05,9.2551182027027039e-09,1.4375991421650229e-11,0
1254,-2.3359024627275874e-10,-5.1561284165769355e-05,-5.1555093419191921e-05,-6.1907465774343616e-09,2.4672462532385446e-11,0
1255,-2.2990951261325587e-10,3.0870346352696205e-06,3.0808777399272235e-06,6.1568953423970379e-09,3.1544044412168787e-11,0
1256,3.6807328674852090e-12,5.4648320538638190e-05,5.4635525376109202e-05,1.2795162528987463e-08,2.7391672697321548e-11,0
1257,3.4673477882044700e-14,2.8495125945478219e-07,2.8503048275212381e-07,-7.9223297341623779e-11,2.8614622210308588e-11,0
1258,1.1505590322547186e-09,-2.7547718464933108e-05,-2.7537703556192940e-05,-1.0014908740168079e-08,2.2080513639890406e-11,0
1259,1.2933732720483227e-11,-7.9110107685897817e-05,-7.9103891052589317e-05,-6.2166333085001205e-09,2.7210499782896894e-11,0
1260,1.1505243588500635e-09,-2.7832708067496658e-05,-2.7823752320575385e-05,-8.9557469212724430e-09,3.9286580840864187e-11,0
1261,1.2899059279253831e-11,-7.9395066622421455e-05,-7.9387275795505483e-05,-7.7908269159718182e-09,2.3574456876669090e-11,0
1262,-1.1376253000973776e-09,-5.1562300473966677e-05,-5.1566188870656555e-05,3.8883966898786053e-09,3.3250505493920551e-11,0
1263,2.4502959312787994e-14,2.8507245392972380e-07,2.8503038043651960e-07,4.2073493204198333e-11,9.9102569222030746e-12,0
1264,5.1862669768568511e-10,-2.7542228855529337e-05,-2.7545665082117297e-05,3.4362265879600367e-09,1.1702081033430063e-11,0
1265,3.4432324594490262e-11,-7.9107836807134138e-05,-7.9103825021198621e-05,-4.0117859355175665e-09,1.4329249015762508e-11,0
1266,5.1860219472581693e-10,-2.7827289457476451e-05,-2.7831705571352017e-05,4.4161138755667519e-09,1.2688850869749799e-11,0
1267,3.4407821631080694e-11,-7.9392853086726438e-05,-7.9387211898319086e-05,-5.6411884073520255e-09,7.8121631494795417e-12,0
1268,-4.8419437376551235e-10,-5.1565586386276285e-05,-5.1558160899135585e-05,-7.4254871407005850e-09,1.7663982348969621e-11,0
1269,-7.9644566680663256e-11,-7.9151811368203054e-05,-7.9105342355635156e-05,-4.6469012567897615e-08,2.2968135389479993e-11,0
1270,4.5010982766902672e-10,5.5731884981858465e-06,5.5652366315119324e-06,7.9518666739140847e-09,8.5199377612910509e-11,0
1271,3.0003709937746106e-10,8.6508595387533443e-06,8.6479077949054553e-06,2.9517438478890657e-09,3.6028165683455879e-11,0
1272,-1.5007272839711918e-10,3.0776240894482901e-06,3.0829261040483884e-06,-5.3020146000983598e-09,3.0231690450053605e-11,0
1273,-7.1547695125182420e-11,-7.9118791505495244e-05,-7.9105331062303869e-05,-1.3460443191374953e-08,2.9257872654065976e-11,0
1275,2.2905374729725317e-10,8.6342356514727131e-06,8.6473409501980658e-06,-1.3105298725352727e-08,7.3458383243641333e-11,0
1277,2.0209415133629321e-14,2.8507218117263476e-07,2.8503036481289440e-07,4.1816359740360914e-11,3.8767839544058517e-11,0
1278,-1.0191439913161369e-10,-2.7564428278555736e-05,-2.7553616862119767e-05,-1.0811416435969423e-08,3.5452649768309686e-11,0
1279,-2.4723160840622326e-10,-2.4478320735168979e-05,-2.4469844004424447e-05,-8.4767307445318793e-09,3.9775696956351115e-11,0
1281,-1.0193460854697375e-10,-2.7849439999732759e-05,-2.7839643900936841e-05,-9.7960987959173961e-09,4.3485105953465574e-11,0
1283,-1.4531720909434784e-10,3.0861562435476313e-06,3.0833405159617037e-06,2.8157275859276091e-09,4.4119001800776345e-11,0
1284,3.2053344830323144e-10,5.5452381655576172e-06,5.5636455798039010e-06,-1.8407414246283836e-08,3.3465920384353115e-11,0
1285,5.9060515798219954e-10,-4.5995600053806403e-05,-4.5982515758869045e-05,-1.3084294937357915e-08,2.4018047467722526e-11,0
1286,1.5667854411012688e-10,8.6315840002720162e-06,8.6467369950075989e-06,-1.5152994735582716e-08,1.8389823413313907e-11,0
1287,-3.7038419267437203e-10,-3.3099221477923650e-05,-3.3122036055806899e-05,2.2814577883248539e-08,3.1159605818578203e-11,0
1289,-4.9850745145764926e-11,-2.7554035459545836e-05,-2.7553154771540970e-05,-8.8068800486673323e-10,1.3569661051047131e-11,0
1290,2.2022096446608019e-10,-7.9094860618784610e-05,-7.9102042681413338e-05,7.1820626287280500e-09,1.7861407530584517e-11,0
1291,-2.1370564913712366e-10,-2.4467706297348103e-05,-2.4469274087627725e-05,1.5677902796220505e-09,1.8274104029937310e-11,0
1292,-3.7040564515436256e-10,-3.3384218173293685e-05,-3.3408306743919371e-05,2.4088570625685609e-08,2.3061217193633382e-11,0
1293,-4.9872197624418107e-11,-2.7839043858456786e-05,-2.7839174680182647e-05,1.3082172586160404e-10,2.1137393924623088e-11,0
1294,2.2019951198279335e-10,-7.9379867459461982e-05,-7.9385435215212623e-05,5.5677557506410465e-09,1.2545221002979563e-11,0
1295,-2.1372710161934067e-10,-2.4752661274710618e-05,-2.4754683529323502e-05,2.0222546128840146e-09,1.2988741160505988e-11,0
1296,2.7007170955276081e-10,-5.1540832546161444e-05,-5.1548887825889760e-05,8.0552797283154113e-09,2.2513343468479016e-11,0
1297,-1.6385490383777478e-10,3.0863682658246452e-06,3.0834455253510438e-06,2.9227404736014414e-09,1.8089875633497433e-11,0
1298,-4.3392661383292259e-10,5.4627178314540017e-05,5.4631888171770891e-05,-4.7098572308730221e-09,1.5031896668471932e-11,0
1299,2.2194877270006079e-14,2.8505867877373528e-07,2.8503042721578690e-07,2.8251557948373810e-11,1.2604763942440103e-11,0
1300,2.4749988360395754e-11,-2.7551174761293118e-05,-2.7552402107908070e-05,1.2273466149518219e-09,1.2543450444695519e-11,0
1301,2.0315067765726698e-10,-7.9101373157621814e-05,-7.9102412269877744e-05,1.0391122559302336e-09,1.4416807779260447e-11,0
1302,-1.5422499088084332e-10,-2.4464870130943075e-05,-2.4468397840156483e-05,3.5277092134070726e-09,1.4710869724596346e-11,0
1303,2.4727793484155140e-11,-2.7836233319569444e-05,-2.7838415438464154e-05,2.1821188947101990e-09,1.8161292274367846e-11,0
1304,2.0312848278487975e-10,-7.9386336142702948e-05,-7.9385806638629602e-05,-5.2950407334597868e-10,1.1278234781373971e-11,0
1305,-1.5424718575456822e-10,-2.4749841495573868e-05,-2.4753803608191183e-05,3.9621126173143052e-09,1.0500076582410402e-11,0
1306,1.7840068931525154e-10,-5.1550151861112260e-05,-5.1550009743215864e-05,-1.4211789639675997e-10,1.5851719965501395e-11,0
1307,-1.7897497919272464e-10,3.0862574811774558e-06,3.0835665124245571e-06,2.6909687528986260e-09,1.7697398609556555e-11,0
1308,-3.5737566864077248e-10,5.4636458044118527e-05,5.4633131181525221e-05,3.3268625933066264e-09,1.2817720941380985e-11,0
1309,2.3638559410590364e-14,2.8505113227265091e-07,2.8503046472724152e-07,2.0667545409392173e-11,3.2406639559376359e-11,0
1310,1.3609883547078060e-10,-2.7549569114551035e-05,-2.7551212062062708e-05,1.6429475116732837e-09,2.6243678375422795e-11,0
1311,1.8850649819117109e-10,-7.9104755628725369e-05,-7.9102765626499444e-05,-1.9900022259249561e-09,3.2752313388876819e-11,0
1312,-6.9611576335317537e-11,-2.4462409116412891e-05,-2.4467200627062596e-05,4.7915106497050319e-09,3.3097442081449009e-11,0
1313,1.3607519690979670e-10,-2.7834588934690097e-05,-2.7837218264906801e-05,2.6293302167041375e-09,4.3170654341700680e-11,0
1314,1.8848285963126804e-10,-7.9389735933467834e-05,-7.9386161993546942e-05,-3.5739399208915400e-09,2.9827674614422350e-11,0
1315,-6.9635214894492365e-11,-2.4747376762884439e-05,-2.4752602417947598e-05,5.2256550631581274e-09,2.7419186483536634e-11,0
1316,5.2407662610757391e-11,-5.1555135389725395e-05,-5.1551552782543862e-05,-3.5826071815331004e-09,3.8812254554650239e-11,0
1317,-2.0571041187562046e-10,3.0871830640091889e-06,3.0835708628433776e-06,3.6122011658113125e-09,3.2837332405700642e-11,0
1318,-2.5811807448806137e-10,5.4642387111547607e-05,5.4634678685552615e-05,7.7084259949921448e-09,2.8324181813045112e-11,0
1319,3.9742042553132234e-10,5.5587800454580394e-06,5.5645896651151509e-06,-5.8096196571115024e-09,4.4704058985526629e-11,0
1320,6.0239600002190620e-10,-4.5965142579240323e-05,-4.5982503334773554e-05,1.7360755533231040e-08,1.5986727730591041e-11,0
1321,2.3496353388293421e-10,8.6447479290055473e-06,8.6486325187057801e-06,-3.8845897002327964e-09,1.2885747266404815e-11,0
1322,-4.1321249357658534e-10,-3.3113667265401766e-05,-3.3122946629525512e-05,9.2793641237457532e-09,1.7836467629229848e-11,0
1323,2.1177012371514194e-14,2.8503002952511813e-07,2.8503046139700443e-07,-4.3187188629855786e-13,1.7908861034083096e-11,0
1324,-1.5792067945223867e-11,-2.7554866463126888e-05,-2.7553317981776420e-05,-1.5484813504682525e-09,2.7456041837069076e-11,0
1325,1.8918350653715432e-10,-7.9078807363639272e-05,-7.9102993223105787e-05,2.4185859466514586e-08,2.3928532721637860e-11,0
1326,-1.7824895961833468e-10,-2.4468898228906764e-05,-2.4468319442480324e-05,-5.7878642643996751e-10,2.0315834628170343e-11,0
1327,-4.1323367058702701e-10,-3.3398673912446268e-05,-3.3409184326387539e-05,1.0510413941270996e-08,1.4110430804096258e-11,0
1328,-1.5813244958779300e-11,-2.7839821546527845e-05,-2.7839314441064606e-05,-5.0710546323901300e-10,4.1870528724977938e-11,0
1329,1.8916232952677466e-10,-7.9363783342599817e-05,-7.9386392252263943e-05,2.2608909664125951e-08,1.7198345728230544e-11,0
1330,-1.7827013662896154e-10,-2.4753912829288474e-05,-2.4753715772605007e-05,-1.9705668346742060e-10,1.7505702990393228e-11,0
1331,2.0497557450028808e-10,-5.1523921643039164e-05,-5.1549673965790631e-05,2.5752322751466754e-08,4.5352306687265271e-11,0
1332,-1.6245689158953431e-10,3.0858997686887026e-06,3.0845541380153321e-06,1.3456306733704660e-09,2.2373777714142846e-11,0
1339,2.2630122646590607e-10,-2.7536720147249005e-05,-2.7550684506537381e-05,1.3964359288375951e-08,3.6079681315164902e-11,0
1340,8.6719344530408043e-11,-7.9106636862661279e-05,-7.9104583538810717e-05,-2.0533238505614010e-09,5.7991273282075035e-11,0
1341,3.8667645871758938e-11,-2.4455910074135459e-05,-2.4465353039769894e-05,9.4429656344346318e-09,5.5087820466531328e-11,0
1343,2.2628005499483827e-10,-2.7821814017260638e-05,-2.7836667288941048e-05,1.4853271680410619e-08,5.1290757308501380e-11,0
1344,8.6698173054643067e-11,-7.9391641190085807e-05,-7.9387986358833373e-05,-3.6548312524342522e-09,3.4237528849382467e-11,0
1345,3.8646474395527626e-11,-2.4740954741402782e-05,-2.4750741723383266e-05,9.7869819804842495e-09,3.1873967048968186e-11,0
1346,-1.3958188233704923e-10,-5.1569914247704893e-05,-5.1553897061665889e-05,-1.6017186039003978e-08,4.9709472389213909e-11,0
1347,-1.8763358058555498e-10,3.0808924905505707e-06,3.0848816739004805e-06,-3.9891833499098653e-09,5.6486993662654492e-11,0
1348,-4.8051698667544101e-11,5.4650668933228091e-05,5.4638334149811642e-05,1.2334783416449193e-08,4.4598388378955291e-11,0
1351,2.0803526297601005e-10,8.6370501337518918e-06,8.6493740586964926e-06,-1.2323924944600807e-08,6.7047414357367600e-11,0
1354,-5.5126035267852876e-11,-2.7556688098577878e-05,-2.7554468198399112e-05,-2.2199001787658111e-09,2.8421100387478084e-11,0
1355,2.2113414936731800e-10,-7.9088857156965793e-05,-7.9103254401713364e-05,1.4397244747570929e-08,4.4935802998611179e-11,0
1356,-2.2293985706949325e-10,-2.4468086857153994e-05,-2.4468272264073859e-05,1.8540691986530192e-10,2.8342604909961630e-11,0
1358,-5.5148276010556342e-11,-2.7841764505892423e-05,-2.7840437763705681e-05,-1.3267421867420846e-09,2.4315492514594085e-11,0
1359,2.2111190862384694e-10,-7.9373921017261359e-05,-7.9386660902012332e-05,1.2739884750972790e-08,2.5755489360724564e-11,0
1360,-2.2296209781156121e-10,-2.4753111658929253e-05,-2.4753653564053034e-05,5.4190512378127090e-10,1.3161364837886034e-11,0
1361,2.7626018457471743e-10,-5.1532319555794986e-05,-5.1548783560325051e-05,1.6464004530064797e-08,3.4908995344024262e-11,0
1362,-1.6781382162953559e-10,3.0884841737419469e-06,3.0857409259266956e-06,2.7432478152512746e-09,3.9771618815560075e-11,0
1363,-4.4407400667791918e-10,5.4620792498530357e-05,5.4634080112090971e-05,-1.3287613560614055e-08,3.6272032707775409e-11,0
1364,2.6108678811344757e-10,-5.1537097583997243e-05,-5.1548968022835435e-05,1.1870438838192002e-08,3.9429911998859170e-11,0
1365,-1.7105298958822636e-10,3.0886290280911655e-06,3.0858544748673763e-06,2.7745532237891915e-09,2.5995687194553516e-11,0
1366,-4.3213977811897130e-10,5.4625635024601465e-05,5.4634378176218191e-05,-8.7431516167254890e-09,2.4718449486705088e-11,0
1369,1.3680197805198525e-10,8.5930526048938471e-06,8.6488486342563419e-06,-5.5796029362494795e-08,5.6579058644333229e-11,0
1371,2.3395259645605171e-14,2.8507171253411591e-07,2.8503058740334938e-07,4.1125130766531586e-11,3.8086872964085322e-11,0
1372,1.7822768192018677e-10,-2.7549470186437504e-05,-2.7551820215573935e-05,2.3500291364308198e-09,2.7827426001127360e-11,0
1373,1.5482559959036911e-10,-7.9106061263938595e-05,-7.9104281456748580e-05,-1.7798071900147370e-09,3.2617366751456568e-11,0
1374,-2.7272083311764884e-11,-2.4460773112977303e-05,-2.4465675573935366e-05,4.9024609580634827e-09,3.7018574855711438e-11,0
1376,1.7820428666160529e-10,-2.7834470087367488e-05,-2.7837781030729367e-05,3.3109433618787603e-09,6.1420974266567741e-11,0
1377,1.5480220433089264e-10,-7.9391068445807018e-05,-7.9387690400515123e-05,-3.3780452918957295e-09,3.5700701681994913e-11,0
1378,-2.7295478568426793e-11,-2.4745693690337439e-05,-2.4751051988124936e-05,5.3582977874973368e-09,4.6238221786776407e-11,0
1379,-2.3402082572839639e-11,-5.1556467859377886e-05,-5.1552458152773014e-05,-4.0097066048727257e-09,8.6478176837562093e-11,0
1380,-2.0549976531964986e-10,3.0886897701691996e-06,3.0856861782209151e-06,3.0035919482845297e-09,2.8384351977881851e-11,0
1381,-1.8209768283192733e-10,5.4645264144491195e-05,5.4637700097008210e-05,7.5640474829843929e-09,5.2332279459959207e-11,0
1382,5.0498124421566115e-10,5.6172206010134465e-06,5.5659103905831916e-06,5.1310210430254854e-08,3.6017579668096372e-11,0
1383,3.9231367877538171e-10,-4.5998595460383911e-05,-4.5985333120942134e-05,-1.3262339441777037e-08,1.7788470171928340e-11,0
1384,3.3175813310395688e-10,8.6559904864940296e-06,8.6515872668207907e-06,4.4032196732389820e-09,1.7400817380847925e-11,0
1385,-3.1385365763717003e-10,-3.3107965782472326e-05,-3.3122453863411520e-05,1.4488080939193933e-08,2.4828989708125038e-11,0
1386,2.0149466229006396e-14,2.8500699777144542e-07,2.8503057150666532e-07,-2.3573735219900117e-11,2.1451621468993186e-11,0
1387,1.9112758647738163e-10,-2.7490677845666556e-05,-2.7551876388149281e-05,6.1198542482725291e-08,1.8558685808939162e-11,0
1388,7.8460021158435291e-11,-7.9106550032500135e-05,-7.9105429289142546e-05,-1.1207433575887707e-09,2.0977556586921961e-11,0
1389,1.7904475348606273e-11,-2.4451955311867793e-05,-2.4464929218832395e-05,1.2973906964601674e-08,1.8666747304120146e-11,0
1390,-3.1387380710340539e-10,-3.3392950051629525e-05,-3.3408629184877446e-05,1.5679133247921591e-08,2.1367945472063997e-11,0
1391,1.9110743701051578e-10,-2.7775688306259927e-05,-2.7837828510770249e-05,6.2140204510321626e-08,2.9744403880125743e-11,0
1392,7.8439871690785534e-11,-7.9391466939577118e-05,-7.9388840591399445e-05,-2.6263481776736888e-09,1.8952136199906631e-11,0
1393,1.7884325881773311e-11,-2.4736964157869024e-05,-2.4750300755621534e-05,1.3336597752510029e-08,1.7775737310380222e-11,0
1394,-1.1266756564678420e-10,-5.1615828815651174e-05,-5.1553549372852066e-05,-6.2279442799107810e-08,3.0058518505828785e-11,0
1395,-1.7322311108846577e-10,3.0387393942102672e-06,3.0864852948978454e-06,-4.7745900687578192e-08,2.7158560612852085e-11,0
1396,-6.0555545780063761e-11,5.4654592285279316e-05,5.4639590572145762e-05,1.5001713133553838e-08,1.6973539519822183e-11,0
1397,4.9930819224568536e-10,5.5840200747590135e-06,5.5658407319071983e-06,1.8179342851815206e-08,1.1979875834743408e-11,0
1398,3.4039970231201437e-10,8.6570486218856199e-06,8.6521137981051735e-06,4.9348237804463678e-09,7.2429673245996360e-12,0
1399,-4.5762978901274075e-10,-3.3134521697644054e-05,-3.3124392382781828e-05,-1.0129314862225699e-08,7.4979117033730952e-12,0
1400,2.0445896905636513e-14,2.8494814700112292e-07,2.8503060435979786e-07,-8.2457358674940585e-11,6.3707513289872445e-12,0
1401,4.1678404085450001e-11,-2.7550511314277667e-05,-2.7553973091011342e-05,3.4617767336756822e-09,1.1850082589973651e-11,0
1402,-1.1723008597672772e-10,-2.4477474876236603e-05,-2.4466354844086032e-05,-1.1120032150570714e-08,1.6662861958990823e-11,0
1403,-4.5765023491126661e-10,-3.3419437371458305e-05,-3.3410552863347009e-05,-8.8845081112960580e-09,6.6563960507085997e-12,0
1404,4.1657958189699474e-11,-2.7835455330387551e-05,-2.7839914666585130e-05,4.4593361975793304e-09,1.2384563908584949e-11,0
1405,-1.1725053187200350e-10,-2.4762397849330091e-05,-2.4751720485830106e-05,-1.0677363499984812e-08,9.1390559902403090e-12,0
1406,-1.5890849006293864e-10,3.0730060790245747e-06,3.0871522132827968e-06,-1.4146134258222080e-08,1.3778340190510852e-11,0
1407,-1.5427418097858267e-10,3.0607353829559605e-06,3.0873884264611641e-06,-2.6653043505203607e-08,1.9994880108495190e-11,0
1409,4.8414652840284936e-10,-4.5975377013403318e-05,-4.5984326526682678e-05,8.9495132793603245e-09,4.1514064515371211e-11,0
1410,3.3624588650375787e-10,8.6587568532137116e-06,8.6524965632496571e-06,6.2602899640544604e-09,3.7105999486861033e-11,0
1411,-3.7872726044354736e-10,-3.3119876157902163e-05,-3.3123602155085940e-05,3.7259971837771706e-09,4.4863626812260291e-11,0
1413,1.2436636744561394e-10,-2.7514078837526101e-05,-2.7553227717587640e-05,3.9148880061539104e-08,5.8177381432799786e-11,0
1414,1.0541926803542807e-10,-7.9095271168633068e-05,-7.9105618887887833e-05,1.0347719254765191e-08,3.6965413814501166e-11,0
1415,-4.2481373703551978e-11,-2.4461118106700454e-05,-2.4465195921355989e-05,4.0778146555356116e-09,4.8966691651684729e-11,0
1416,-3.7874754751880196e-10,-3.3404858905670444e-05,-3.3409747317905101e-05,4.8884122346565511e-09,3.0381879475932455e-11,0
1418,1.0539898096086787e-10,-7.9380171682266049e-05,-7.9389036133540775e-05,8.8644512747266006e-09,2.5309037167805295e-11,0
1419,-4.2501660779750164e-11,-2.4746004256159332e-05,-2.4750555475205236e-05,4.5512190459042086e-09,3.2844011601817848e-11,0
1421,-1.6684774116743444e-10,3.0530805840431677e-06,3.0875614713271330e-06,-3.4480887283965324e-08,3.0613371590123263e-11,0
1422,-1.4790064162845122e-10,5.4634191548932551e-05,5.4639504271298665e-05,-5.3127223661138582e-09,4.9889409458558038e-11,0
1424,4.8546469603319255e-10,-4.6003187856304487e-05,-4.5984396371261766e-05,-1.8791485042720171e-08,7.8300381876708346e-11,0
1425,1.8258730253195106e-10,8.6396054469473071e-06,8.6512170862873845e-06,-1.1611639340077375e-08,3.6304795506716370e-11,0
1427,8.2317140131608982e-11,-2.7552374664163595e-05,-2.7554121952676267e-05,1.7472885126717022e-09,3.0256985910552966e-11,0
1428,1.8852753265123114e-10,-7.9104722101274588e-05,-7.9104968546066584e-05,2.4644479199606526e-10,2.9057651909285137e-11,0
1429,-1.1434986086404305e-10,-2.4461846719329126e-05,-2.4465740855213630e-05,3.8941358845036550e-09,2.9477788019364409e-11,0
1430,1.0621039251173687e-10,-5.1552297457174191e-05,-5.1550841201312423e-05,-1.4562558617680732e-09,4.4407279793554491e-11,0
1431,-1.9666700100523367e-10,3.0905297278734090e-06,3.0879047647917209e-06,2.6249630816880792e-09,2.9243313416970877e-11,0
1432,-3.0287739350912804e-10,5.4642855778428735e-05,5.4638302457076706e-05,4.5533213520297525e-09,2.5328912135129466e-11,0
1433,4.3042047841222399e-10,5.5523990009562207e-06,5.5649948685230425e-06,-1.2595867566821779e-08,2.4665022185077196e-11,0
1434,6.7934100079612356e-10,-4.5978051441297740e-05,-4.5982072512236329e-05,4.0210709385886021e-09,1.9623795582808369e-11,0
1435,2.5192265675730854e-10,8.6435515054498341e-06,8.6524688486349116e-06,-8.9173431850774929e-09,1.4272529906659723e-11,0
1436,-4.6261731679099955e-10,-3.3110177227866321e-05,-3.3125047146505516e-05,1.4869918639195620e-08,2.4571832268918656e-11,0
1437,-3.2196838674719897e-11,-2.7557793592966617e-05,-2.7555777231827471e-05,-2.0163611391460154e-09,1.5631942784632857e-11,0
1438,2.1672368369713998e-10,-7.9088223790936031e-05,-7.9104866373467197e-05,1.6642582531165538e-08,1.7341787679934672e-11,0
1439,-2.1069466025673316e-10,-2.4466614593454152e-05,-2.4466701313330654e-05,8.6719876502076290e-11,1.7511902401822488e-11,0
1440,2.4892052235194419e-10,-5.1530420072430985e-05,-5.1549083238895476e-05,1.8663166464490772e-08,2.4370356958983895e-11,0
1441,-1.7849782143152568e-10,3.0911286389328271e-06,3.0885956246631330e-06,2.5330142696941106e-09,1.7746051589587097e-11,0
1442,-4.2741834416782045e-10,5.4621584284719055e-05,5.4637235515231129e-05,-1.5651230512074641e-08,1.4930905927457653e-11,0
1443,3.4029850397933146e-10,5.5066774690727682e-06,5.5638882723821838e-06,-5.7210803309415599e-08,7.5136854545642717e-11,0
1444,3.8107088586687367e-10,-4.6048118855425424e-05,-4.5985781571718831e-05,-6.2337283706593249e-08,4.9741363920209305e-11,0
1445,1.2408204051979524e-10,8.5986906392006290e-06,8.6512283299269658e-06,-5.2537690726336739e-08,4.8123254183466885e-11,0
1446,-1.9349145568332518e-10,-3.3058895383516335e-05,-3.3121878142257773e-05,6.2982758741438006e-08,6.0736451503933307e-11,0
1447,1.4680704643361647e-10,-2.7552397317904620e-05,-2.7553784144768732e-05,1.3868268641116348e-09,2.6267569808108783e-11,0
1448,1.8757942931670863e-10,-7.9107004461124748e-05,-7.9105424890680130e-05,-1.5795704446172490e-09,3.2961412267097366e-11,0
1449,-6.9409416483988334e-11,-2.4460287327641951e-05,-2.4464783506652751e-05,4.4961790108000177e-09,3.2768949901399459e-11,0
1450,4.0772382786398201e-11,-5.1554713110993963e-05,-5.1551634423286747e-05,-3.0786877072152305e-09,3.8300716890852090e-11,0
1451,-2.1621646296984961e-10,3.0920752487546051e-06,3.0885170873221436e-06,3.5581614324615778e-09,3.6221529739201233e-11,0
1452,-2.5698884572716412e-10,5.4646724015002240e-05,5.4639708294421530e-05,7.0157205807092234e-09,2.8090540194823896e-11,0
1453,4.2392381087891087e-10,5.5223453219628571e-06,5.5649150967774047e-06,-4.2569774814547610e-08,7.8692958643859530e-11,0
1454,7.8759040228471420e-10,-4.6008804314516625e-05,-4.5980844803254685e-05,-2.7959511261939612e-08,7.7562525332197536e-11,0
1455,2.3897301590445199e-10,8.6155829960906510e-06,8.6530261171433821e-06,-3.7443121052731072e-08,6.3359006776615704e-11,0
1457,-1.0010473736264066e-10,-2.7560619259256111e-05,-2.7557056813659782e-05,-3.5624455963292889e-09,2.9737854271577484e-11,0
1458,2.6356185382476775e-10,-7.9091784283808787e-05,-7.9104727821760278e-05,1.2943537951490931e-08,3.5141823065908788e-11,0
1459,-2.8505553206623863e-10,-2.4467356270556698e-05,-2.4467216268540760e-05,-1.4000201593804382e-10,3.7967599386630360e-11,0
1460,3.6366659095823270e-10,-5.1531322348958783e-05,-5.1547664191833172e-05,1.6341842874388840e-08,4.8131821925666898e-11,0
1461,-1.8495079441538353e-10,3.0932059575363097e-06,3.0893531652034605e-06,3.8527923328491551e-09,3.5029151681089700e-11,0
1462,-5.4861738624836490e-10,5.4624484632725956e-05,5.4636574296186131e-05,-1.2089663460174941e-08,3.2207066086274095e-11,0
1466,-7.5678597238511302e-11,-2.7580974777445533e-05,-2.7556942386452286e-05,-2.4032390993247005e-08,4.2214458315945367e-11,0
1467,-2.3764767910654672e-10,-2.4489138479157763e-05,-2.4466468479512571e-05,-2.2669999645191693e-08,5.3227391180591176e-11,0
1468,-1.6196908170220013e-10,3.0917842682818154e-06,3.0899835781555737e-06,1.8006901262416758e-09,5.5754962673827068e-11,0
1469,-5.0917759712054133e-10,-3.3146397492928720e-05,-3.3126129943032416e-05,-2.0267549896303542e-08,2.6128014473507278e-11,0
1470,1.1186561067150182e-09,-5.1537659778585002e-05,-5.1538386154455424e-05,7.2637587042239868e-10,3.7543555649902576e-11,0
1471,-1.6292923687109253e-10,3.1024676850708449e-06,3.0902550449265705e-06,1.2212640144274456e-08,2.8157791927277898e-11,0
1472,-1.2815853463009948e-09,5.4640012941041798e-05,5.4628198355460359e-05,1.1814585581439315e-08,2.5632656710295809e-11,0
1473,-4.6502437922806185e-10,-2.7560456998769814e-05,-2.7561990286087886e-05,1.5332873180719361e-09,1.1293897719709001e-11,0
1474,7.3683000825294406e-10,-7.9109612833220752e-05,-7.9099359970093117e-05,-1.0252863127634669e-08,2.4060007669795758e-11,0
1475,-7.9972271392556859e-10,-2.4461526217064316e-05,-2.4473131506471031e-05,1.1605289406714774e-08,1.5307119517296749e-11,0
1476,1.2018543840367537e-09,-5.1549174683360351e-05,-5.1537361940066552e-05,-1.1812743293798244e-08,2.6454521097373833e-11,0
1477,-3.3469833339015088e-10,3.0989287380439254e-06,3.0883642035978780e-06,1.0564534446047384e-08,1.5420569888656846e-11,0
1478,-1.5365527213775322e-09,5.4648054946822289e-05,5.4625283374723182e-05,2.2771572099106901e-08,1.8362057196515292e-11,0
1479,9.3270560050051254e-10,-2.7553962062800666e-05,-2.7545000778705786e-05,-8.9612840948803901e-09,1.9786504287353964e-11,0
1480,5.3472070253273737e-11,-7.9111846467434105e-05,-7.9107920309602099e-05,-3.9261578320057278e-09,2.2007408858025913e-11,0
1481,5.5885142782164927e-10,-2.4451959382066832e-05,-2.4456295202469075e-05,4.3358204022432697e-09,2.4769357781496709e-11,0
1482,-8.7923352992864242e-10,-5.1557828891300901e-05,-5.1562911432281920e-05,5.0825409810190993e-09,2.8284601816983610e-11,0
1483,-3.7385417271623078e-10,3.1019805475434800e-06,3.0882082493923868e-06,1.3772298151093176e-08,2.4039359633470588e-11,0
1484,5.0537935474082796e-10,5.4659899515694874e-05,5.4650677024351762e-05,9.2224913431112449e-09,1.8817674738577107e-11,0
1485,-1.1266781122858496e-10,-7.9116525569625749e-05,-7.9110063360786310e-05,-6.4622088394392790e-09,2.6416286608317779e-11,0
1486,5.9269771490972056e-10,5.5648513253385695e-06,5.5669874498528156e-06,-2.1361245142461033e-09,9.1199492013183226e-11,0
1487,4.4962082258402468e-10,8.6576317143375464e-06,8.6568338619432734e-06,7.9785239427297618e-10,7.5771164719773989e-11,0
1488,-1.4307689233557834e-10,3.0926186413514746e-06,3.0912940061596873e-06,1.3246351917873106e-09,4.3399225020481869e-11,0
1489,-1.6462483779160333e-10,-7.9113346796132189e-05,-7.9110804375370680e-05,-2.5424207615094190e-09,2.2824313550241772e-11,0
1491,3.9240023088528255e-10,8.6639037160801680e-06,8.6563803969510768e-06,7.5233191290911296e-09,4.4451646417565083e-11,0
1492,-1.5755852734133306e-10,3.0634111399330602e-06,3.0914072404651686e-06,-2.7996100532108453e-08,4.1634283783318973e-11,0
1493,-7.2317541203998647e-11,-7.9136182618119895e-05,-7.9109790256494104e-05,-2.6392361625790484e-08,4.6605941184908772e-11,0
1494,5.4184090739728353e-10,5.5834852632583726e-06,5.5663629856498975e-06,1.7122277608475050e-08,2.1555320536004734e-11,0
1495,3.8045281279457182e-10,8.6613309721889770e-06,8.6563960815757574e-06,4.9348906132195430e-09,1.2825228789895483e-11,0
1496,-1.6138809474929786e-10,3.0778352439865889e-06,3.0915499215219469e-06,-1.3714677535358023e-08,2.8538603785099761e-11,0
1497,-1.8492716543153691e-10,-7.9159173713796473e-05,-7.9111288218745401e-05,-4.7885495051071432e-08,5.1590245484067922e-11,0
1498,-2.3239580922651428e-10,3.0956704252707969e-06,3.0909171057127105e-06,4.7533195580864066e-09,3.3192498999706195e-11,0
1499,3.9899043930385062e-10,5.5310794725062923e-06,5.5646089431124724e-06,-3.3529470606180128e-08,8.5090766488964170e-11,0
1500,3.5723919631321383e-10,-4.6024845290077929e-05,-4.5986411701024892e-05,-3.8433589053037077e-08,8.0138550870327746e-11,0
1501,1.8738923727434293e-10,8.6253848593578764e-06,8.6543880654041388e-06,-2.9003206046262443e-08,4.0937814104168122e-11,0
1503,1.9079866540781752e-10,-2.7552666221902864e-05,-2.7554726578839514e-05,2.0603569366500134e-09,3.2186657194733861e-11,0
1504,1.4904742344483376e-10,-7.9108701196533605e-05,-7.9107350083903896e-05,-1.3511126297090746e-09,3.7271365819778972e-11,0
1505,-2.0802536338689359e-11,-2.4458386945640448e-05,-2.4462862512633144e-05,4.4755669926957280e-09,4.7295555966139246e-11,0
1507,-2.1160120181032126e-10,3.0942810662092958e-06,3.0913569464822498e-06,2.9241197270460072e-09,3.2158102397238514e-11,0
1508,-1.6984995966648379e-10,5.4650301722454476e-05,5.4643528830463021e-05,6.7728919914551407e-09,5.7615271117572468e-11,0
1511,2.1581367090230755e-10,8.5996827003144427e-06,8.6549773268380386e-06,-5.5294626523595865e-08,7.3207510688218143e-11,0
1513,2.4123307354304346e-10,-2.7550640580310468e-05,-2.7554256807258480e-05,3.6162269480124532e-09,1.7345460600600268e-11,0
1514,1.0527933838294921e-10,-7.9109784857321445e-05,-7.9108033933184132e-05,-1.7509241373133474e-09,2.2293402128320474e-11,0
1515,3.9279341698302370e-11,-2.4456639472914682e-05,-2.4461991246599913e-05,5.3517736852312886e-09,2.1611740392206314e-11,0
1516,-1.3595373556675099e-10,-5.1559185268208393e-05,-5.1553767458439165e-05,-5.4178097692284162e-09,2.7716517561233762e-11,0
1517,-2.0195373186697880e-10,3.0939821688783647e-06,3.0917560642361190e-06,2.2261046422457813e-09,2.3256267989806921e-11,0
1518,-6.5999996621215240e-11,5.4653222289787265e-05,5.4645081359099961e-05,8.1409306873037133e-09,2.3119163197903464e-11,0
1519,5.0663293801133177e-10,5.6067011187654892e-06,5.5659306715190198e-06,4.0770447246469376e-08,3.2033446704991215e-11,0
1520,3.6159929164835575e-10,-4.6001299747441653e-05,-4.5986437891586642e-05,-1.4861855855011013e-08,1.9599135167358781e-11,0
1521,3.3933494427546708e-10,8.6595777393637819e-06,8.6568165750914901e-06,2.7611642722918104e-09,1.6406767649428617e-11,0
1522,-3.0020730536508752e-10,-3.3108663273028090e-05,-3.3124401183516742e-05,1.5737910488652668e-08,2.3479479170752140e-11,0
1523,2.0642563258358333e-10,-2.7501952258908099e-05,-2.7554884929046376e-05,5.2932670138276523e-08,2.1034013909049273e-11,0
1524,6.1391986378945569e-11,-7.9110005216686315e-05,-7.9108769411592641e-05,-1.2358050936744913e-09,2.3905400044374219e-11,0
1525,3.9127638812969674e-11,-2.4449094269821288e-05,-2.4461813835132936e-05,1.2719565311648443e-08,2.1219190712947028e-11,0
1526,-1.4503364654790488e-10,-5.1608061794826063e-05,-5.1553874403688744e-05,-5.4187391137319231e-08,3.2188641600220423e-11,0
1527,-1.6729799370206198e-10,3.0528375942863797e-06,3.0925584065538549e-06,-3.9720812267475133e-08,2.8567475945050755e-11,0
1528,-2.2264347537905130e-11,5.4660864785354216e-05,5.4645990776123128e-05,1.4874009231088069e-08,2.1047437723473365e-11,0
1529,3.6527519189941682e-10,-2.7548557837705351e-05,-2.7553150388884704e-05,4.5925511793529856e-09,1.2773501571015385e-11,0
1530,2.8325303184373890e-11,-7.9111936472072830e-05,-7.9109386938218856e-05,-2.5495338539730916e-09,1.6755886823776624e-11,0
1531,1.7114554051284211e-10,-2.4450853500588426e-05,-2.4459999929966489e-05,9.1464293780623720e-09,1.4382733073793990e-11,0
1532,-3.3694988918229235e-10,-5.1563359878121356e-05,-5.1556226027900524e-05,-7.1338502208325816e-09,2.0641406696410127e-11,0
1533,-1.9412965124019512e-10,3.0976825015848440e-06,3.0926343385501510e-06,5.0481630346930557e-09,1.9118697326736386e-11,0
1534,1.4282023709045572e-10,5.4661054988372482e-05,5.4648418471602933e-05,1.2636516769548491e-08,1.4940925791764535e-11,0
1535,5.2103124579768043e-10,-2.7552770251911430e-05,-2.7551412304024504e-05,-1.3579478869262115e-09,1.1461766551449163e-11,0
1536,1.7568401835917780e-11,-7.9112231367558031e-05,-7.9109689851848664e-05,-2.5415157093667054e-09,1.3135805173897070e-11,0
1537,2.8851965909352222e-10,-2.4452057599206982e-05,-2.4458402925146114e-05,6.3453259391319341e-09,1.4394702741274618e-11,0
1538,-5.0346284446493460e-10,-5.1559480865661159e-05,-5.1558266668924427e-05,-1.2141967367318104e-09,1.7483218051526871e-11,0
1539,-2.3251158658174150e-10,3.1006725499231093e-06,3.0924904856947205e-06,8.1820642283888095e-09,1.5067312075145696e-11,0
1540,2.7095125666418259e-10,5.4660188863570394e-05,5.4650315372260242e-05,9.8734913101523165e-09,1.2355254044086513e-11,0
1542,3.7222876122377114e-10,8.6626830431060092e-06,8.6583215807644867e-06,4.3614623415224967e-09,1.9360491789478228e-11,0
1543,-4.5971872256189336e-10,-3.3130531850757150e-05,-3.3126813188958371e-05,-3.7186617987786412e-09,3.2758277853220348e-11,0
1544,-8.7489960744979387e-11,-2.4467817217811889e-05,-2.4462756551311799e-05,-5.0606665000903705e-09,2.8422013448991881e-11,0
1545,6.3534024166981196e-10,-5.1544603689062871e-05,-5.1544272510902712e-05,-3.3117816015872537e-10,3.1605817272016480e-11,0
1546,-2.6663045609688135e-10,3.0993168159063056e-06,3.0929784846749863e-06,6.3383312313192682e-09,5.5868833200546309e-11,0
1547,-9.0197070006588344e-10,5.4644075385952215e-05,5.4636809524794261e-05,7.2658611579534921e-09,2.2563424642149696e-11,0
1549,4.7942479995307018e-10,5.5289276717218616e-06,5.5655965862888118e-06,-3.6668914566950176e-08,4.7504583401150072e-11,0
1550,7.8154800132713720e-10,-4.6015018221537939e-05,-4.5981509233551186e-05,-3.3508987986752162e-08,8.1815420854187957e-11,0
1551,2.5281163401540606e-10,8.6266905914601788e-06,8.6573624496376912e-06,-3.0671858177512443e-08,3.1489736191449856e-11,0
1553,-2.5800541587713961e-11,-2.7559542868577265e-05,-2.7558737264231635e-05,-8.0560434562973633e-10,9.4344256995927773e-12,0
1554,2.7632265967803467e-10,-7.9103548623218542e-05,-7.9107110550146321e-05,3.5619269277793394e-09,1.1705641138565590e-11,0
1555,-2.5241370703545907e-10,-2.4461834602740144e-05,-2.4464499735559010e-05,2.6651328188658527e-09,1.3529302234034519e-11,0
1556,3.0212320120493169e-10,-5.1544037518953811e-05,-5.1548361155876562e-05,4.3236369227507934e-09,1.9215674641774556e-11,0
1557,-2.2661316516981340e-10,3.0977212853244645e-06,3.0937089306372798e-06,4.0123546871847112e-09,1.0798974600438588e-11,0
1558,-5.2873636703198666e-10,5.4641710603276980e-05,5.4641628697888557e-05,8.1905388423170536e-11,1.0890694267372818e-11,0
1560,4.4077742988119932e-10,-4.6019187999011765e-05,-4.5985736999387741e-05,-3.3450999624023991e-08,4.9312279677262204e-11,0
1561,1.9262048814880840e-10,8.6323768066880191e-06,8.6569303455013210e-06,-2.4553538813301939e-08,4.8950376512953859e-11,0
1562,-2.5757710184516414e-10,-3.3090358906060630e-05,-3.3124666348285682e-05,3.4307442225052769e-08,6.2393778086066954e-11,0
1563,1.6098182556713285e-10,-2.7555343706202025e-05,-2.7556634823040291e-05,1.2911168382660028e-09,3.1974437350680445e-11,0
1564,1.8320032755664392e-10,-7.9109520333030953e-05,-7.9108441087935344e-05,-1.0792450956087062e-09,4.2276654445030132e-11,0
1565,-6.4956614694389003e-11,-2.4458026113821109e-05,-2.4462027354425342e-05,4.0012406042332104e-09,3.7960751719314811e-11,0
1566,2.2218501911914599e-11,-5.1554157917450046e-05,-5.1551793743346151e-05,-2.3641741038953968e-09,4.2607163394712764e-11,0
1567,-2.2593844029647035e-10,3.0973906081962609e-06,3.0940758336827967e-06,3.3147745134642268e-09,4.5710172098803783e-11,0
1568,-2.4815694212494135e-10,5.4651572002653755e-05,5.4645428311619762e-05,6.1436910339923018e-09,3.3457046482893948e-11,0
1569,4.7997366238073408e-10,5.5540535299786892e-06,5.5656033257000166e-06,-1.1549795721327453e-08,6.6069376975831392e-11,0
1570,5.5651301163888927e-10,-4.5996480825904887e-05,-4.5984371989998997e-05,-1.2108835905890120e-08,5.5285429509020100e-11,0
1571,2.7188560745497470e-10,8.6510959875479160e-06,8.6582995852419739e-06,-7.2035976940578806e-09,3.2431897941005435e-11,0
1573,1.0329563818032091e-10,-2.7556080703781635e-05,-2.7557589552414355e-05,1.5088486327198688e-09,2.7403630230471665e-11,0
1574,1.7983498767415125e-10,-7.9106716177217151e-05,-7.9108723743223029e-05,2.0075660058774172e-09,2.9404881124381950e-11,0
1575,-1.0479241658395986e-10,-2.4459131013363899e-05,-2.4462296418572705e-05,3.1654052088063293e-09,3.1618608391982643e-11,0
1576,7.6539349485170194e-11,-5.1550609604275079e-05,-5.1551121164266488e-05,5.1155999140922335e-10,3.9219945331559686e-11,0
1577,-2.0808805477220356e-10,3.0969916708241917e-06,3.0947575817580413e-06,2.2340890661503588e-09,3.0710739940404956e-11,0
1578,-2.8462740419290561e-10,5.4647552906334981e-05,5.4645437639534281e-05,2.1152668006998760e-09,2.5947725253640049e-11,0
1579,5.6179697406224998e-10,5.5578530980269006e-06,5.5666080236275618e-06,-8.7549256006612324e-09,3.0088990796551958e-11,0
1580,3.6839045821837573e-10,8.6549672480744702e-06,8.6599249985899018e-06,-4.9577505154316221e-09,1.9367318730917488e-11,0
1581,-5.6654795769448559e-10,-3.3121580302834970e-05,-3.3128804551318449e-05,7.2242484834791920e-09,3.2654704684759440e-11,0
1582,-4.7509832462793136e-12,-2.7563822402720990e-05,-2.7559190337387895e-05,-4.6320653330953713e-09,2.2878704937776122e-11,0
1583,-1.9815749917600020e-10,-2.4466630287741167e-05,-2.4463198034400943e-05,-3.4322533402241688e-09,2.7547273989644595e-11,0
1584,-1.9340651578903972e-10,3.0970380020503736e-06,3.0954523936239688e-06,1.5856084264048618e-09,3.0335184060596428e-11,0
1585,1.2769708651190971e-10,-7.9090081417772240e-05,-7.9109738139093703e-05,1.9656721321462578e-08,3.6029953563598453e-11,0
1587,4.4630901694767796e-10,8.6594428781161786e-06,8.6610686050319343e-06,-1.6257269157557506e-09,8.2815487965124965e-11,0
1588,-1.7233455819485094e-10,3.0955208911304100e-06,3.0959294228132457e-06,-4.0853168283577581e-10,5.4656806024607983e-11,0
1589,-5.6813558461103904e-10,-2.7578048192256066e-05,-2.7566339245124309e-05,-1.1708947131757440e-08,2.2436235726005086e-11,0
1590,4.9698563228271298e-10,-7.9107716941200445e-05,-7.9105324358860025e-05,-2.3925823404197417e-09,3.3481886493929325e-11,0
1591,-7.7942866760315498e-10,-2.4471872987612622e-05,-2.4470128913936652e-05,-1.7440736759700038e-09,3.3440088348643357e-11,0
1592,1.0651212144951482e-09,-5.1529695632849745e-05,-5.1538971051704670e-05,9.2754188549243723e-09,3.6778044441260987e-11,0
1593,-2.1129308267582686e-10,3.1061313907542951e-06,3.0956667467462188e-06,1.0464644008076261e-08,3.1723800931897844e-11,0
1594,-1.2764143000564016e-09,5.4635826596740635e-05,5.4634197017798010e-05,1.6295789426244798e-09,2.6987106237888015e-11,0
1595,-4.2547295434816985e-10,-2.7563989770736270e-05,-2.7564732862112287e-05,7.4309137601611796e-10,1.9895133854974930e-11,0
1596,7.6785164420036303e-10,-7.9111115511781464e-05,-7.9102140789097505e-05,-8.9747226839586008e-09,2.2229317470169244e-11,0
1597,1.1933245947961937e-09,-5.1547104878097404e-05,-5.1537393567081999e-05,-9.7113110154051371e-09,3.1624712474125195e-11,0
1598,4.3786822000340161e-10,-2.7522942974062860e-05,-2.7554264901048634e-05,3.1321926985774552e-08,1.6413260474850937e-11,0
1599,-1.5653080200119624e-10,-7.9121611854153853e-05,-7.9113621319313489e-05,-7.9905348403637661e-09,1.8034623232238894e-11,0
1600,-5.9439902170746520e-10,-5.1598719183136577e-05,-5.1559341785956442e-05,-3.9377397180134321e-08,2.6677455137080468e-11,0
1601,-1.7164583812996958e-10,-7.9115278031946252e-05,-7.9113901821022033e-05,-1.3762109242183938e-09,3.2885713370744537e-11,0
1603,5.3450699143634710e-10,8.6764596372865613e-06,8.6629812994681593e-06,1.3478337818402004e-08,6.1630329372574517e-11,0
1604,-1.4953693502825086e-10,3.0900317407993056e-06,3.0971786604718734e-06,-7.1469196725678258e-09,5.1609172060657907e-11,0
1605,-1.3812591506475236e-10,-7.9117463314878726e-05,-7.9113578361308823e-05,-3.8849535699032748e-09,2.7339007556855318e-11,0
1606,5.9625934567444889e-10,5.6244976633784693e-06,5.5670311826592060e-06,5.7466480719263362e-08,2.5155990776438551e-11,0
1607,4.3294036860057775e-10,8.6709892039606162e-06,8.6619788663432919e-06,9.0103376173243394e-09,1.2294615633525211e-11,0
1608,-1.6331897722995400e-10,3.0464798069663318e-06,3.0972952876224709e-06,-5.0815480656139080e-08,3.6315635661385950e-11,0
1609,-1.0747943844153877e-11,-7.9130388819124639e-05,-7.9112129546720747e-05,-1.8259272403892374e-08,1.8198267481155124e-11,0
1610,-2.2873591296200567e-10,3.1015431911874877e-06,3.0967882912819566e-06,4.7548999055310769e-09,2.2302967691526902e-11,0
1615,2.5268157880604596e-10,-2.7553941272411182e-05,-2.7557082819860959e-05,3.1415474497762557e-09,1.9027759866255772e-11,0
1616,9.4852426245005022e-11,-7.9112478668324918e-05,-7.9111067447052089e-05,-1.4112212728289346e-09,2.3872232290213646e-11,0
1617,5.2030887937795296e-11,-2.4454460307830189e-05,-2.4459185122857423e-05,4.7248150272338578e-09,2.5894863618487600e-11,0
1618,-1.5782915295604309e-10,-5.1558477848387754e-05,-5.1553968879935997e-05,-4.5089684517574460e-09,2.7834738833712639e-11,0
1619,-2.0065069086817925e-10,3.0995251891936804e-06,3.0973410407146080e-06,2.1841484790723546e-09,2.5117044105219228e-11,0
1620,-4.2821538202281012e-11,5.4658053281025822e-05,5.4650869670355377e-05,7.1836106704453793e-09,2.4157427599685392e-11,0
1621,4.5109255407247886e-10,5.5425937078544540e-06,5.5652486982831326e-06,-2.2654990428678508e-08,6.6715263224596961e-11,0
1622,3.8548206760310688e-10,-4.6013010366576651e-05,-4.5986807984387109e-05,-2.6202382189541643e-08,3.9777978777613249e-11,0
1623,2.3523118717132138e-10,8.6426735809667227e-06,8.6602207825812822e-06,-1.7547201614559520e-08,3.5032900914488745e-11,0
1625,2.0562758219124246e-10,-2.7555883442242825e-05,-2.7557808711556720e-05,1.9252693138943253e-09,2.9643905978591991e-11,0
1626,1.4001709666167705e-10,-7.9111527764623435e-05,-7.9110657946656406e-05,-8.6981796702909238e-10,3.2104757665756430e-11,0
1627,-1.0233784526438313e-11,-2.4455919577455465e-05,-2.4459817370766673e-05,3.8977933112075444e-09,4.4181222086421004e-11,0
1629,-2.1586136676033911e-10,3.1000619594612373e-06,3.0974323298082287e-06,2.6296296530086110e-09,3.1377335440646045e-11,0
1631,4.9655161089043030e-10,5.5963855271736265e-06,5.5658068841990359e-06,3.0578642974590601e-08,3.7212949628225777e-11,0
1632,3.2011090368697857e-10,-4.6004051176655458e-05,-4.5987657307584174e-05,-1.6393869071283814e-08,2.2896596227115707e-11,0
1633,3.3699361410360569e-10,8.6626283524211806e-06,8.6617995301299827e-06,8.2882229119786020e-10,1.7927114613398318e-11,0
1634,-2.7610541652163290e-10,-3.3109164251116964e-05,-3.3126168829363366e-05,1.7004578246402192e-08,2.9261406132922414e-11,0
1635,2.2044619436681269e-10,-2.7512877395585375e-05,-2.7557831634361911e-05,4.4954238776535887e-08,2.0077678739745092e-11,0
1636,4.4005487355814963e-11,-7.9113200002515105e-05,-7.9112037519526139e-05,-1.1624829889661775e-09,2.7024051675940661e-11,0
1637,6.0888197529022555e-11,-2.4446540488548898e-05,-2.4458761089761451e-05,1.2220601212552061e-08,2.2704583452994369e-11,0
1638,-1.7644070736438587e-10,-5.1600351868545322e-05,-5.1554189414464373e-05,-4.6162454080948443e-08,4.3353335113379097e-11,0
1639,-1.5955799674358323e-10,3.0662717948881646e-06,3.0985082766626563e-06,-3.2236481774491745e-08,2.9423891246658710e-11,0
1640,1.6882710201017996e-11,5.4666655386750168e-05,5.4652257668495316e-05,1.4397718254851677e-08,2.6510555201942108e-11,0
1641,3.7152171778352631e-10,-2.7553587922746550e-05,-2.7556189781957593e-05,2.6018592110431860e-09,1.4102943692512159e-11,0
1642,1.5269720265838099e-11,-7.9114582992198708e-05,-7.9112599155786655e-05,-1.9838364120531140e-09,1.6980786950826812e-11,0
1643,1.8789935353497798e-10,-2.4450495046188583e-05,-2.4457011134529557e-05,6.5160883409737269e-09,1.4602686615449433e-11,0
1644,-3.5625199794159832e-10,-5.1561038734345907e-05,-5.1556392466226495e-05,-4.6462681194117867e-09,2.3150824895994885e-11,0
1645,-1.8362236407837275e-10,3.1031055651575953e-06,3.0986129904946767e-06,4.4925746629185596e-09,1.9000597239547920e-11,0
1646,1.7262963309231428e-10,5.4664124798400188e-05,5.4654565571577021e-05,9.5592268231669327e-09,1.6427021608427146e-11,0
1647,5.1947996202124817e-10,-2.7556858116371558e-05,-2.7554543292454581e-05,-2.3148239169775906e-09,1.1371518020794129e-11,0
1648,1.1167153027562794e-11,-7.9114773372709977e-05,-7.9112816294297941e-05,-1.9570784120354588e-09,1.3972288521342710e-11,0
1649,2.9718935068185215e-10,-2.4451728919328529e-05,-2.4455517102718757e-05,3.7881833902279557e-09,1.4187855891873110e-11,0
1650,-5.0831280934121793e-10,-5.1557955624444846e-05,-5.1558255745284410e-05,3.0012083956405681e-10,1.6951522003650994e-11,0
1651,-2.2229061121419807e-10,3.1050810892431675e-06,3.0984578260060128e-06,6.6232632371546870e-09,1.3242415772778374e-11,0
1652,2.8602219721806151e-10,5.4663046142478661e-05,5.4656273795959503e-05,6.7723465191574391e-09,1.0741416998764695e-11,0
1653,5.7803734891223959e-10,5.6134988347666948e-06,5.5668074371030013e-06,4.6691397663693448e-08,4.0140970469818898e-11,0
1654,4.1009623886071102e-10,8.6705912562459048e-06,8.6635557886613587e-06,7.0354675845460228e-09,2.1655054134886892e-11,0
1655,-4.7795239903768468e-10,-3.3140609428628301e-05,-3.3129000831421921e-05,-1.1608597206380189e-08,3.3469162354933109e-11,0
1656,1.0008495059055134e-10,-2.7527098737382266e-05,-2.7559843880245263e-05,3.2745142862996321e-08,2.9081264568126858e-11,0
1657,-6.7856159557471910e-11,-2.4470132044258734e-05,-2.4459864684871526e-05,-1.0267359387207983e-08,2.9583820018836406e-11,0
1658,-1.6794111016363152e-10,3.0569474377189695e-06,3.0994084329368854e-06,-4.2460995217915829e-08,3.5077324976112469e-11,0
1659,4.2550165250420120e-10,-2.7529055179657813e-05,-2.7556046087451470e-05,2.6990907793657232e-08,2.2787806736189278e-11,0
1660,-2.3212786711747122e-10,-7.9129959176671948e-05,-7.9116145344621503e-05,-1.3813832050444167e-08,4.6037555063997356e-11,0
1661,-6.5762951928448853e-10,-5.1600974841905720e-05,-5.1560081285669562e-05,-4.0893556236157682e-08,4.5940136652419327e-11,0
1662,6.2186179327148513e-10,5.5451977991668316e-06,5.5673455518226170e-06,-2.2147752655785370e-08,1.5109398778862261e-11,0
1663,8.8981843335898346e-10,-4.5991323449394331e-05,-4.5980885998699419e-05,-1.0437450694911806e-08,2.2321980435076296e-11,0
1664,3.7758703954551351e-10,8.6481884690389754e-06,8.6638795612394969e-06,-1.5691092200521492e-08,1.0228120717405970e-11,0
1665,-6.2163599791395410e-10,-3.3108696231530337e-05,-3.3131062781050519e-05,2.2366549520182080e-08,2.8248489928585843e-11,0
1666,2.2579444437058239e-13,-2.7563562483116921e-05,-2.7561519940406667e-05,-2.0425427102545898e-09,9.0627779127942997e-12,0
1667,2.6818243453652821e-10,-7.9100081262035646e-05,-7.9110248854650218e-05,1.0167592614572052e-08,1.1146016149408219e-11,0
1668,-2.4404895901623567e-10,-2.4460584536479570e-05,-2.4461626312111445e-05,1.0417756318756679e-09,1.2602464535206353e-11,0
1669,2.6795664009197809e-10,-5.1536509098846009e-05,-5.1548710426406642e-05,1.2201327560633227e-08,1.7045379859011133e-11,0
1670,-2.4427475318212431e-10,3.1030179340498214e-06,3.0993157137589964e-06,3.7022202908250232e-09,1.0631526403459766e-11,0
1671,-5.1223139385534241e-10,5.4639522566759385e-05,5.4647586752315843e-05,-8.0641855564574159e-09,1.1735209668625620e-11,0
1672,4.9065136660152686e-10,5.5451847675511146e-06,5.5657344358577594e-06,-2.0549668306644795e-08,5.6194057030332233e-11,0
1673,4.8822107362524167e-10,-4.6008100508249453e-05,-4.5985861279109211e-05,-2.2239229140241844e-08,3.9644533038598701e-11,0
1674,2.5721287607462261e-10,8.6480286668813577e-06,8.6627129264812229e-06,-1.4684259599865147e-08,3.0529771598742919e-11,0
1675,-3.1307324743059932e-10,-3.3103577348371840e-05,-3.3127402208868468e-05,2.3824860496627763e-08,5.7357700437277243e-11,0
1676,1.7757811821125253e-10,-2.7558621988770828e-05,-2.7559536058136314e-05,9.1406936548663314e-10,3.2237140731067156e-11,0
1677,1.7514782603594021e-10,-7.9111777546664840e-05,-7.9111581026895686e-05,-1.9651976915354905e-10,4.2683791995790284e-11,0
1678,-5.5860372028518354e-11,-2.4455734137663037e-05,-2.4459142476301343e-05,3.4083386383064614e-09,3.4704944967469454e-11,0
1679,-2.4302922347838998e-12,-5.1553352181814283e-05,-5.1552026083738126e-05,-1.3260980761566326e-09,4.8910434294755963e-11,0
1680,-2.3343849026069803e-10,3.1028076694491688e-06,3.0998125863891702e-06,2.9950830599985908e-09,3.5966180675507798e-11,0
1681,-2.3100819787077587e-10,5.4656135302695412e-05,5.4651399407279144e-05,4.7358954162680022e-09,3.2511058083140055e-11,0
1682,3.2341300828084948e-10,-2.7557904673301218e-05,-2.7557919793971620e-05,1.5120670401804360e-11,2.7897207103179571e-11,0
1683,1.1545500503740224e-10,-7.9114402562743043e-05,-7.9112484818393233e-05,-1.9177443498101304e-09,3.8860591692349508e-11,0
1684,8.8460969743741412e-11,-2.4453522128808740e-05,-2.4457214589990871e-05,3.6924611821308596e-09,3.9836492890891071e-11,0
1685,-2.0795800356561947e-10,-5.1556327652964133e-05,-5.1554545781937048e-05,-1.7818710270852724e-09,3.8104113066004088e-11,0
1686,-2.3495203853233208e-10,3.1043295360372276e-06,3.1001214357199493e-06,4.2081003172782653e-09,3.3573171227503034e-11,0
1687,-2.6994035168497161e-11,5.4660712172181249e-05,5.4654228067297817e-05,6.4841048834314357e-09,3.1181634205452241e-11,0
1688,3.7119262432556118e-10,-2.7558092244746573e-05,-2.7557441090787492e-05,-6.5115395908100279e-10,1.6226090167145591e-11,0
1689,9.4080450572271182e-11,-7.9114741660494576e-05,-7.9112853026336915e-05,-1.8886341576616244e-09,2.3381341916968024e-11,0
1690,1.3705675989079110e-10,-2.4453013387487968e-05,-2.4456521451369837e-05,3.5080638818690542e-09,2.0358429499768156e-11,0
1691,-2.7711217411033629e-10,-5.1556742860396371e-05,-5.1555392471776463e-05,-1.3503886199083947e-09,2.0429296793209156e-11,0
1692,-2.3413586440407801e-10,3.1050168949232773e-06,3.1003341546524616e-06,4.6827402708157027e-09,2.0697412146861855e-11,0
1693,4.2976309346840035e-11,5.4661748508582925e-05,5.4655287545706542e-05,6.4609628763829716e-09,1.5954814082588266e-11,0
1695,4.6538479565639135e-10,8.6633322722358299e-06,8.6659986649580950e-06,-2.6663927222650451e-09,5.8682696277625818e-11,0
1697,9.1274613870967337e-12,-2.7574933502637865e-05,-2.7562058497464009e-05,-1.2875005173856245e-08,2.3216910876859608e-11,0
1698,-1.8979659981016663e-10,-2.4474008902144670e-05,-2.4460381531407270e-05,-1.3627370737399923e-08,4.8737993517253475e-11,0
1699,-1.9892406105597082e-10,3.1010091525772790e-06,3.1010887524905330e-06,-7.9599913253995588e-11,3.7188108196766748e-11,0
1700,-5.1095861042806408e-10,-3.3120588079936508e-05,-3.3130203885306150e-05,9.6158053696412927e-09,2.0345428394575327e-11,0
1701,1.1554610330096461e-09,-5.1544745465627317e-05,-5.1537795599955970e-05,-6.9498656713471232e-09,2.8531716926593876e-11,0
1702,-4.8405443145209001e-10,3.1077262501117212e-06,3.0978033639675058e-06,9.9228861442153124e-09,2.3798081009778391e-11,0
1703,-1.6395154714306422e-09,5.4652443479331902e-05,5.4635160067930435e-05,1.7283411401467245e-08,2.0588636824736831e-11,0
1704,-1.5491324511918343e-10,-2.7567621314315144e-05,-2.7564283148115376e-05,-3.3381661997678434e-09,6.2464962814148012e-11,0
1705,4.2837935530545531e-10,-7.9104507779802560e-05,-7.9109122414335969e-05,4.6146345334091132e-09,3.6641879076990903e-11,0
1706,-4.6795210867711653e-10,-2.4461247119618966e-05,-2.4463609038325749e-05,2.3619187067832421e-09,3.2298016963854320e-11,0
1707,5.8329259952591349e-10,-5.1536878336883724e-05,-5.1544819019432298e-05,7.9406825485744720e-09,3.4990080624195778e-11,0
1708,-3.1303886274168577e-10,3.1063115051668290e-06,3.1000825512481596e-06,6.2289539186694194e-09,7.3167792887017575e-11,0
1709,-8.9633146480052504e-10,5.4643278439264753e-05,5.4644462736345390e-05,-1.1842970806368860e-09,2.9060155719573133e-11,0
1710,-1.0905366969317681e-09,-5.1556698861875182e-05,-5.1565367772726618e-05,8.6689108514363547e-09,3.3861393582645224e-11,0
1711,4.3750924182538557e-10,-2.7548857803727858e-05,-2.7557314802185198e-05,8.4569984573402729e-09,1.6467766400609373e-11,0
1712,-1.7960148104298007e-10,-7.9121531647113191e-05,-7.9116887365070020e-05,-4.6442820431709820e-09,1.8731509675186564e-11,0
1713,-6.1711072259597158e-10,-5.1572681375072413e-05,-5.1559551689097169e-05,-1.3129685975244018e-08,2.3947578362327578e-11,0
1714,-1.5617635724971873e-10,-7.9118989462049170e-05,-7.9116689213901370e-05,-2.3002481478004867e-09,2.8346777794826663e-11,0
1716,5.3765509507069153e-10,8.6711672959869854e-06,8.6679404557797789e-06,3.2268402072064753e-09,7.0035780392690533e-11,0
1717,-1.7860397681835157e-10,3.0955869661343852e-06,3.1025700356999647e-06,-6.9830695655795583e-09,5.8480666482566595e-11,0
1718,-1.2145009859294780e-10,-7.9124312267440065e-05,-7.9116360432360749e-05,-7.9518350793166426e-09,4.9831938042566435e-11,0
1719,-2.7946270173550482e-10,-5.1556688831635739e-05,-5.1555397883491823e-05,-1.2909481439160641e-09,3.2821413011259464e-11,0
1724,2.6400869473724280e-10,-2.7557091379753693e-05,-2.7559899248466386e-05,2.8078687126930507e-09,1.9679961188211859e-11,0
1725,8.3377527809463995e-11,-7.9115106065153016e-05,-7.9114102982595083e-05,-1.0030825579334345e-09,2.3616609905066662e-11,0
1726,6.6181367659578936e-11,-2.4452225453267060e-05,-2.4456371712781250e-05,4.1462595141895269e-09,2.5643757510853420e-11,0
1727,-1.8063116730483013e-10,-5.1558025289339358e-05,-5.1554181929801134e-05,-3.8433595382243442e-09,2.8376256457609947e-11,0
1728,-1.9782732705536818e-10,3.1049312914227523e-06,3.1029238955814965e-06,2.0073958412557354e-09,2.4491166213783196e-11,0
1729,-1.7196159991259922e-11,5.4662937565293874e-05,5.4656667481225300e-05,6.2700840685738315e-09,2.2861161326473819e-11,0
1731,3.9911631266720063e-10,-4.6007133768751970e-05,-4.5987313686577099e-05,-1.9820082174871654e-08,3.8697029742153745e-11,0
1732,2.7197621489832288e-10,8.6533639520880445e-06,8.6654234123957726e-06,-1.2059460307728092e-08,5.2165690471819194e-11,0
1733,-2.6961963210912321e-10,-3.3106813024546752e-05,-3.3127910059694836e-05,2.1097035148083423e-08,6.9630997430804539e-11,0
1734,2.1997108481310903e-10,-2.7558799349872761e-05,-2.7560589486652797e-05,1.7901367800355348e-09,2.8011577077391762e-11,0
1735,1.2949668087369434e-10,-7.9113929840010123e-05,-7.9113683118031393e-05,-2.4672197873045962e-10,3.2865498287669976e-11,0
1736,2.3565824011264005e-12,-2.4453528756983904e-05,-2.4457021880741139e-05,3.4931237572345241e-09,4.4555582725118643e-11,0
1737,-9.0474404156716587e-11,-5.1554980949162056e-05,-5.1553071520649177e-05,-1.9094285128791228e-09,7.5496527889763808e-11,0
1738,-2.1761450244333062e-10,3.1052710957181311e-06,3.1029615891085203e-06,2.3095066096108101e-09,3.1569749248788991e-11,0
1739,-1.2714009823411748e-10,5.4660339926805232e-05,5.4655594862026836e-05,4.7450647783963068e-09,4.3053551314559317e-11,0
1740,4.7663064244502150e-10,5.5873462496860808e-06,5.5655622771878981e-06,2.1783972498182675e-08,3.6673956731566027e-11,0
1741,2.7140868741467709e-10,-4.6006538383725100e-05,-4.5988926855526418e-05,-1.7611528198681684e-08,2.2852053604424496e-11,0
1742,3.2598522294582083e-10,8.6653966837476303e-06,8.6664046795615162e-06,-1.0079958138859671e-09,1.9049726042958919e-11,0
1743,-2.4408949776223654e-10,-3.3109712655027788e-05,-3.3127727556418096e-05,1.8014901390307942e-08,2.9139667928018961e-11,0
1744,2.3254114476597508e-10,-2.7522434017253003e-05,-2.7560633097566068e-05,3.8199080313065028e-08,2.1518678580219578e-11,0
1745,2.7319189957815728e-11,-7.9116265143290739e-05,-7.9115131621960175e-05,-1.1335213305637380e-09,2.9505570451260659e-11,0
1746,8.1895725196295779e-11,-2.4444320317510565e-05,-2.4455868428370247e-05,1.1548110859681737e-08,2.4806959443429750e-11,0
1747,-2.0522195516078816e-10,-5.1593870232860550e-05,-5.1554476007970177e-05,-3.9394224890373301e-08,3.7828876503705389e-11,0
1748,-1.5064541945777624e-10,3.0780712743433067e-06,3.1041555054691298e-06,-2.6084231125823066e-08,2.5976964121637629e-11,0
1749,5.4576535260907542e-11,5.4671886262923353e-05,5.4658193393373389e-05,1.3692869549963925e-08,2.4116409133057257e-11,0
1750,3.7569312440062191e-10,-2.7557677881563485e-05,-2.7559091305967722e-05,1.4134244042372530e-09,1.5456055635231537e-11,0
1751,4.0057708309615988e-12,-7.9117210454921144e-05,-7.9115629389510470e-05,-1.5810654106741210e-09,1.8781229908930505e-11,0
1752,2.0246706083411697e-10,-2.4449319166183238e-05,-2.4454195074117274e-05,4.8759079340356224e-09,1.6246443988719229e-11,0
1753,-3.7168735393628326e-10,-5.1559586473444961e-05,-5.1556515124541356e-05,-3.0713489036052785e-09,2.8113734660164321e-11,0
1754,-1.7322606339481319e-10,3.1083359901121817e-06,3.1042836351150589e-06,4.0523549971227940e-09,1.8669948199548150e-11,0
1755,1.9846128988714916e-10,5.4667883955267053e-05,5.4660360778865369e-05,7.5231764016847657e-09,1.8911490708210967e-11,0
1756,5.1621692927399420e-10,-2.7560306300643744e-05,-2.7557533334359864e-05,-2.7729662838794694e-09,7.5784122361969622e-12,0
1757,7.0372246402849960e-12,-7.9117204040484237e-05,-7.9115756218690739e-05,-1.4478217934981753e-09,9.1732053656449237e-12,0
1758,3.0300365719809313e-10,-2.4450502201468424e-05,-2.4452810996937313e-05,2.3087954688884240e-09,1.4561314478438483e-11,0
1759,-5.0917970485116087e-10,-5.1556880045031117e-05,-5.1558199582046267e-05,1.3195370151495309e-09,1.2369912601163460e-11,0
1760,-2.1321327198980852e-10,3.1098344479641229e-06,3.1041070779031533e-06,5.7273700609696179e-09,1.4805741359298386e-11,0
1761,2.9596643231938686e-10,5.4666714478843366e-05,5.4661868787189079e-05,4.8456916542874038e-09,1.2866525237654028e-11,0
1762,3.6810924137339238e-10,-2.7554898065920404e-05,-2.7559573420044668e-05,4.6753541242634334e-09,4.3019360203229587e-11,0
1763,-2.8810282020743091e-10,-7.9140530925714964e-05,-7.9119597133647920e-05,-2.0933792067043353e-08,3.4673528767374591e-11,0
1765,4.2139990542643798e-10,-2.7554454518566394e-05,-2.7559107337688012e-05,4.6528191216180367e-09,2.5135144411472745e-11,0
1766,-2.5679676286772297e-10,-7.9126630664298238e-05,-7.9119397119631788e-05,-7.2335446664500069e-09,3.3606469691320686e-11,0
1767,-6.7819666805256801e-10,-5.1572081214763810e-05,-5.1560265639890836e-05,-1.1815574872973749e-08,3.9541622104186797e-11,0
1768,7.4269984015119542e-10,5.5515919311658821e-06,5.5688293066691731e-06,-1.7237375503291063e-08,1.5216973329233129e-11,0
1769,9.6914020146414141e-10,-4.5966012900380132e-05,-4.5980579144787550e-05,1.4566244407418385e-08,1.8031019473658729e-11,0
1770,4.8585100988738813e-10,8.6595105848498444e-06,8.6699180982556871e-06,-1.0407513405842684e-08,9.0898128520693325e-12,0
1771,-7.1452283938989160e-10,-3.3119269625020518e-05,-3.3134142350027448e-05,1.4872725006930118e-08,2.3254999513100574e-11,0
1772,2.8177000638963474e-11,-2.7567788736412163e-05,-2.7564107326272045e-05,-3.6814101401184897e-09,8.5280210252310136e-12,0
1773,2.5461736195731842e-10,-7.9085329095351237e-05,-7.9113285650741342e-05,2.7956555390104879e-08,1.0271092422931081e-11,0
1774,-2.2867182959265217e-10,-2.4459868537249178e-05,-2.4458820094890413e-05,-1.0484423587657141e-09,1.0655501917295875e-11,0
1775,2.2644036138455825e-10,-5.1517566474047413e-05,-5.1549153830626023e-05,3.1587356578610031e-08,1.4766768228683606e-11,0
1776,-2.5684882995389973e-10,3.1078926601094820e-06,3.1046627291468826e-06,3.2299309625993373e-09,9.5287807869704067e-12,0
1777,-4.8328919180107401e-10,5.4625500947385122e-05,5.4653379061991370e-05,-2.7878114606247947e-08,1.1720797402805153e-11,0
1778,5.4936920694038034e-10,5.5500864977152398e-06,5.5664554246723892e-06,-1.6368926957149456e-08,5.8463393386628908e-11,0
1779,5.1902422248899806e-10,-4.6002259146107199e-05,-4.5986150809344806e-05,-1.6108336762393500e-08,3.9087945250231409e-11,0
1780,3.1133323186377427e-10,8.6580174526399573e-06,8.6680910899293436e-06,-1.0073637289386366e-08,2.8801267721891682e-11,0
1781,-3.5460434775338437e-10,-3.3111408109907578e-05,-3.3129853019160035e-05,1.8444909252457182e-08,5.3538077559725292e-11,0
1782,1.9476485860564250e-10,-2.7561364112561448e-05,-2.7562258388123978e-05,8.9427556253062054e-10,3.0305248885570930e-11,0
1783,1.6441987477387330e-10,-7.9113618892616422e-05,-7.9114585697942310e-05,9.6680532588771292e-10,3.7433847768100386e-11,0
1784,-4.3271116290532767e-11,-2.4453374352698381e-05,-2.4456368018275292e-05,2.9936655769116085e-09,3.5681524605625042e-11,0
1785,-3.0344983877422002e-11,-5.1552360799856853e-05,-5.1552302413117291e-05,-5.8386739562078793e-11,4.7405891332902289e-11,0
1786,-2.3803597490827068e-10,3.1079667791194567e-06,3.1052627426915409e-06,2.7040364279157713e-09,3.9132951985143542e-11,0
1787,-2.0769099080859823e-10,5.4660299788229609e-05,5.4657127784813914e-05,3.1720034156945557e-09,3.1251355258130314e-11,0
1788,3.3195830011081303e-10,-2.7560967083966117e-05,-2.7560746846880404e-05,-2.2023708571300839e-10,1.6876292249939465e-11,0
1789,1.0836258840622686e-10,-7.9116750170497938e-05,-7.9115443493375640e-05,-1.3066771222978654e-09,2.0251185367093583e-11,0
1790,9.7035835974636053e-11,-2.4451381814872457e-05,-2.4454490660511461e-05,3.1088456390040097e-09,2.2879843497640919e-11,0
1791,-2.2359571195881942e-10,-5.1555767288728353e-05,-5.1554671395167247e-05,-1.0958935611060780e-09,2.6385496602880938e-11,0
1792,-2.3492246411711531e-10,3.1096009243731420e-06,3.1056258084033410e-06,3.9751159698009773e-09,2.2663621322725061e-11,0
1793,-1.1326752185109698e-11,5.4665382876041058e-05,5.4659859944173162e-05,5.5229318678966959e-09,1.9987203568943677e-11,0
1794,8.7214278008996450e-10,-2.7563649778416383e-05,-2.7554313332458565e-05,-9.3364459578172579e-09,1.9758334483495520e-11,0
1795,1.0590608113753637e-10,-7.9117803727191919e-05,-7.9115668891964919e-05,-2.1348352269995319e-09,2.1911845020967708e-11,0
1796,4.9487912562320520e-10,-2.4451054772948750e-05,-2.4449427556058526e-05,-1.6272168902237475e-09,2.0164541902951680e-11,0
1797,-7.6623669667798932e-10,-5.1554132002406498e-05,-5.1561329899614100e-05,7.1978972076018524e-09,2.7172554054968697e-11,0
1798,-3.7726365515035543e-10,3.1125747794041869e-06,3.1042522294940221e-06,8.3225499101647940e-09,2.3880427845096492e-11,0
1799,3.8897304411415829e-10,5.4666778440359788e-05,5.4665144998306608e-05,1.6334420531802099e-09,1.6841995965918736e-11,0
1801,5.3738740841532997e-10,8.6715012424763704e-06,8.6716942784942845e-06,-1.9303601791406395e-10,5.8298130358381650e-11,0
1802,-7.0426669045063438e-10,-3.3163184846429078e-05,-3.3134487204010613e-05,-2.8697642418464724e-08,8.7575383920335289e-11,0
1803,3.6129921308630013e-11,-2.7594949634847030e-05,-2.7564721211358987e-05,-3.0228423488042196e-08,2.4813510576020186e-11,0
1804,-1.6687928079377332e-10,-2.4491831253695834e-05,-2.4457425855970584e-05,-3.4405397725249972e-08,3.2013737183784501e-11,0
1805,-2.0300920199049923e-10,3.1031401280211257e-06,3.1066595418256711e-06,-3.5194138045454132e-09,3.3931063708323204e-11,0
1806,7.3051356626283653e-10,5.5672528963737061e-06,5.5686796729783761e-06,-1.4267766046699657e-09,2.8586748101003611e-11,0
1807,5.2489980851869705e-10,8.6710587598798003e-06,8.6716744123416722e-06,-6.1565246187189095e-10,1.5087987613169059e-11,0
1808,-6.8309220985898865e-10,-3.3150278170310590e-05,-3.3134282161073008e-05,-1.5996009237582325e-08,2.4808466964075417e-11,0
1809,4.7421357817637311e-11,-2.7583003213086342e-05,-2.7564665624169260e-05,-1.8337588917082442e-08,2.7028351904842433e-11,0
1810,-1.5819240020862536e-10,-2.4479206118468641e-05,-2.4457245008449818e-05,-2.1961110018823318e-08,2.6725845321872333e-11,0
1811,-2.0561375792018592e-10,3.1037385691008029e-06,3.1067834817683937e-06,-3.0449126675908010e-09,2.9160646730862879e-11,0
1812,-3.1166160018864906e-10,-2.7571065649840271e-05,-2.7569192424444569e-05,-1.8732253957012899e-09,1.9162654603289402e-11,0
1813,7.6986592048143046e-10,-7.9111502860244962e-05,-7.9107852453269513e-05,-3.6504069754494418e-09,2.9648466704453656e-11,0
1814,-8.5782093202642194e-10,-2.4458322821737863e-05,-2.4465730565493470e-05,7.4077437556075495e-09,2.4775122343804534e-11,0
1815,1.0815275169313605e-09,-5.1540501791676879e-05,-5.1538633665421560e-05,-1.8681262553191637e-09,3.4769768794465149e-11,0
1816,-5.4615932940498729e-10,3.1127089670682055e-06,3.1028228544786146e-06,9.8861125895909638e-09,2.5431796668990104e-11,0
1817,-1.6276868543473069e-09,5.4653250109019426e-05,5.4641019610384017e-05,1.2230498635409340e-08,2.4550438862155327e-11,0
1818,4.3212064732164021e-10,-2.7557649890379027e-05,-2.7560178668925609e-05,2.5287785465814383e-09,1.5409081387427024e-11,0
1819,-1.9579262190563338e-10,-7.9122588199286199e-05,-7.9119826249347911e-05,-2.7619499382881829e-09,1.5937520821493179e-11,0
1820,3.9210443827706224e-10,-2.4425536735681735e-05,-2.4450276564371517e-05,2.4739828689781287e-08,1.8368118986060850e-11,0
1821,-6.2791326899234972e-10,-5.1564975078268599e-05,-5.1559620972985020e-05,-5.3541052835788419e-09,2.4263513356235080e-11,0
1822,-4.0016208872346674e-11,3.1321182268513603e-06,3.1092612074973617e-06,2.2857019353998647e-08,2.1788701404319815e-11,0
1823,5.8789706028877769e-10,5.4697049810675802e-05,5.4668445347847832e-05,2.8604462827969959e-08,1.5721639721772849e-11,0
1824,6.2210932222633150e-10,5.5597671990612572e-06,5.5673485911988391e-06,-7.5813921375818537e-09,7.2697657504624573e-11,0
1825,6.2368531815803306e-10,-4.5983289418956991e-05,-4.5985100145105392e-05,1.8107261484008878e-09,3.6681144154211454e-11,0
1826,4.0427287213588819e-10,8.6675270693672805e-06,8.6708872805976324e-06,-3.3602112303519031e-09,3.2071705619853344e-11,0
1827,-4.7370885838996283e-10,-3.3122090944254527e-05,-3.3131996939909916e-05,9.9059956553895637e-09,6.1520524245724809e-11,0
1828,1.4840046396294837e-10,-2.7562364884785708e-05,-2.7563857621024629e-05,1.4927362389215452e-09,3.0027016420168927e-11,0
1829,1.4997645981042024e-10,-7.9105478532182950e-05,-7.9115771763281541e-05,1.0293231098590654e-08,3.4916274414985833e-11,0
1830,-6.9435986161650031e-11,-2.4454615045832115e-05,-2.4455769431210466e-05,1.1543853783510939e-09,3.5789496369199943e-11,0
1831,1.5759958302209491e-12,-5.1543070531665826e-05,-5.1551887134800633e-05,8.8166031348069955e-09,4.7092784843315895e-11,0
1832,-2.1783645013380249e-10,3.1077577725335467e-06,3.1074441898428331e-06,3.1358269071360360e-10,2.9926196881113042e-11,0
1833,-2.1941244577520529e-10,5.4650872986906560e-05,5.4658894617894580e-05,-8.0216309880203887e-09,3.0765867830457378e-11,0
1838,2.7441234073721073e-10,-2.7559901234951167e-05,-2.7562569204315400e-05,2.6679693642327976e-09,2.6426466538901634e-11,0
1839,7.1764273919360739e-11,-7.9117580993689433e-05,-7.9116985655587212e-05,-5.9533810222106923e-10,3.2784816535807376e-11,0
1840,8.0599828899727353e-11,-2.4449990290928859e-05,-2.4453695958812537e-05,3.7056678836781104e-09,3.2222551441457244e-11,0
1841,-2.0264806717257683e-10,-5.1557612094632176e-05,-5.1554388913293912e-05,-3.2231813382646688e-09,3.6382316516867748e-11,0
1842,-1.9381251180067217e-10,3.1100094721788624e-06,3.1082251303220767e-06,1.7843418567856622e-09,3.0715049186553917e-11,0
1843,8.8355551857757602e-12,5.4667626337054267e-05,5.4662177503816902e-05,5.4488332373653012e-09,2.6428874965040778e-11,0
1844,-2.9253540532359860e-10,-5.1556091803960612e-05,-5.1555489806828570e-05,-6.0199713204140857e-10,3.4683847083558568e-11,0
1845,-2.2389645115113375e-10,3.1121311050884555e-06,3.1080896149227604e-06,4.0414901656951362e-09,2.5014258293950985e-11,0
1846,6.8638954072786749e-11,5.4668192270293991e-05,5.4663142962305705e-05,5.0493079882860505e-09,2.5585505801685793e-11,0
1850,7.2294889579033117e-10,8.6201983341520350e-06,8.6756700256211206e-06,-5.5471691469085628e-08,4.6441611702346802e-11,0
1851,-1.1680227322039053e-09,-3.3081497896911977e-05,-3.3140880459279904e-05,5.9382562367927259e-08,7.0750419458061001e-11,0
1852,-9.9150573775783386e-11,-2.7574257669176622e-05,-2.7567438535616246e-05,-6.8191335603753282e-09,6.8150559374435309e-11,0
1853,4.0723278613931370e-10,-7.9088189298160208e-05,-7.9113143064400143e-05,2.4953766239934759e-08,5.1601099890591001e-11,0
1854,-4.4507383818760058e-10,-2.4461234764907962e-05,-2.4459898417942950e-05,-1.3363469650117367e-09,2.7878183043191927e-11,0
1855,5.0638335926757121e-10,-5.1513889225356102e-05,-5.1545676412054205e-05,3.1787186698102696e-08,5.1826800496153476e-11,0
1856,-3.4592326353639546e-10,3.1128803591805136e-06,3.1068875131827802e-06,5.9928459977334623e-09,8.3878671152523369e-11,0
1857,-8.5230662524946732e-10,5.4626913500594940e-05,5.4652127567542255e-05,-2.5214066947315062e-08,3.3826221003919412e-11,0
1860,2.7610569634376917e-10,-2.7560432318955198e-05,-2.7563016310334051e-05,2.5839913788531003e-09,2.6642058451657888e-11,0
1862,4.0065154292945336e-10,-4.6002928488129112e-05,-4.5988026564990375e-05,-1.4901923138737163e-08,4.0040868366655046e-11,0
1864,-2.8481106009099885e-10,-3.3113461516000309e-05,-3.3130223382284753e-05,1.6761866284443767e-08,4.6080440444438158e-11,0
1865,2.3612833120646541e-10,-2.7561774778137645e-05,-2.7563605473636706e-05,1.8306954990605798e-09,2.6708087073490815e-11,0
1866,1.1584048326281169e-10,-7.9116392419142055e-05,-7.9116998972394179e-05,6.0655325212358516e-10,3.8668051264439606e-11,0
1867,1.8931632841471859e-11,-2.4450979662246804e-05,-2.4453947497764131e-05,2.9678355173271866e-09,4.3480147966782691e-11,0
1868,-1.2028784815619280e-10,-5.1554378518055321e-05,-5.1553364800430023e-05,-1.0137176252976855e-09,8.6456597407678432e-11,0
1869,-2.1719669838517828e-10,3.1108613484766637e-06,3.1090008600445649e-06,1.8604884320987850e-09,3.0850421875162891e-11,0
1870,-9.6908850117651320e-11,5.4665370190395447e-05,5.4661929485836142e-05,3.4407045593052741e-09,5.1830633242069747e-11,0
1871,4.4403715639126469e-10,5.5785576158710187e-06,5.5651620659618216e-06,1.3395549909197120e-08,4.0657963423245519e-11,0
1872,2.0932568890369870e-10,-4.6009189978372077e-05,-4.5990420263736272e-05,-1.8769714635804712e-08,2.4437485833185699e-11,0
1873,3.0459864770638599e-10,8.6684560948199849e-06,8.6713028191713603e-06,-2.8467243513753958e-09,2.0940507970016926e-11,0
1874,-1.9996246036232387e-10,-3.3110379386378473e-05,-3.3129310683336074e-05,1.8931296957600354e-08,3.7280782172636089e-11,0
1876,2.4407469622226300e-10,-2.7531815628546383e-05,-2.7563703089675575e-05,3.1887461129191799e-08,2.3071905079292912e-11,0
1877,9.3632289717339073e-12,-7.9119547065101281e-05,-7.9118497560961288e-05,-1.0495041399930264e-09,2.7312314762730220e-11,0
1878,1.0463618744329722e-10,-2.4441954851685613e-05,-2.4452720813841780e-05,1.0765962156167411e-08,2.2569313362901221e-11,0
1883,-2.3471146758422310e-10,-5.1587772714597677e-05,-5.1554765372937664e-05,-3.3007341660012935e-08,3.2161838137919814e-11,0
1884,-1.3943850864458629e-10,3.0898202786691642e-06,3.1103220570953090e-06,-2.0501778426144760e-08,2.7439939631867975e-11,0
1885,9.5272958493015425e-11,5.4677604857181206e-05,5.4664651381273095e-05,1.2953475908110401e-08,2.4002326660834956e-11,0
1886,4.3062022838576830e-10,8.6796479100634261e-06,8.6732105841632932e-06,6.4373259001328416e-09,3.6909541265348178e-11,0
1887,-4.4883121953638744e-10,-3.3137682695919685e-05,-3.3132514891471135e-05,-5.1678044485497523e-09,3.4609517451808742e-11,0
1889,-1.8210990785084629e-11,-2.4457971149424197e-05,-2.4454028945991400e-05,-3.9422034327973789e-09,4.6202783494017113e-11,0
1890,-4.4885217722473563e-10,-3.3422587165458581e-05,-3.3417969595030562e-05,-4.6175704280192187e-09,2.6300886678420555e-11,0
1891,-1.8231948472731191e-11,-2.4742919651698017e-05,-2.4739114141203428e-05,-3.8055104945890466e-09,2.0173927556748999e-11,0
1892,-4.4500786431166077e-10,-5.1534836521678097e-05,-5.1557342339844604e-05,2.2505818166507121e-08,7.4735053148285643e-11,0
1893,-5.9897582137312403e-11,3.1196703765409492e-06,3.1119665913121152e-06,7.7037852288340124e-09,2.1029610849190074e-11,0
1894,1.5093980153637895e-14,2.8500872687593093e-07,2.8503195556655811e-07,-2.3228690627181459e-11,1.2904071266538773e-11,0
1895,3.7829124721851232e-10,-2.7561916966581390e-05,-2.7562529881986645e-05,6.1291540525443299e-10,2.6378877367088627e-11,0
1896,-7.4886429300352834e-12,-7.9120227617361552e-05,-7.9119169522931282e-05,-1.0580944302695551e-09,1.6347752652731264e-11,0
1897,2.1748775832165957e-10,-2.4447378745667131e-05,-2.4450911047679474e-05,3.5323020123435118e-09,2.6020179316613142e-11,0
1898,3.7827615323395207e-10,-2.7846891239945333e-05,-2.7847959655614082e-05,1.0684156687487808e-09,2.3584067700821617e-11,0
1899,-7.5037369107495888e-12,-7.9405178788017000e-05,-7.9402725530312894e-05,-2.4532577041060186e-09,1.3574320586525591e-11,0
1900,2.1747266434006234e-10,-2.4732325929936218e-05,-2.4735990521886717e-05,3.6645919504993440e-09,1.3247159159918200e-11,0
1901,-3.8577989043976040e-10,-5.1558311862101407e-05,-5.1556609569492653e-05,-1.7022926087538687e-09,4.8865412347304630e-11,0
1902,-1.6080348873295880e-10,3.1145430451068453e-06,3.1109510673495904e-06,3.5919777572549385e-09,3.2701339823969812e-11,0
1903,2.2497640122765690e-10,5.4672921504413975e-05,5.4667124894313855e-05,5.7966101001203502e-09,2.4968276140145601e-11,0
1905,7.0009134935310167e-10,8.6967247745137199e-06,8.6772067429528322e-06,1.9518031560887704e-08,4.9996970501149330e-11,0
1908,-5.9631699013314219e-11,-7.9127455838371406e-05,-7.9120037555509377e-05,-7.4182828620298355e-09,2.8848511644547414e-11,0
1909,-5.9640455947230638e-11,-7.9412331161232176e-05,-7.9403596084575741e-05,-8.7350766564354889e-09,1.3733093619550357e-11,0
1910,-5.7333126661840397e-10,-3.3132248055406030e-05,-3.3134458527747419e-05,2.2104723413894655e-09,1.2519221866263265e-11,0
1911,-2.3924842262072952e-10,-5.1555254875673738e-05,-5.1554801393564127e-05,-4.5348210961099894e-10,2.7261949442601048e-11,0
1912,-2.3383515073793878e-10,3.1144820003257447e-06,3.1107949454720194e-06,3.6870548537252578e-09,2.4523684752795000e-11,0
1913,5.4132720191638328e-12,5.4669728557657157e-05,5.4665160850964553e-05,4.5677066926047430e-09,1.9928169731053445e-11,0
1914,5.9915535715136506e-10,5.5532191541394355e-06,5.5670667424119124e-06,-1.3847588272476967e-08,3.7804933123295483e-11,0
1915,5.3579385495801363e-10,-4.5997699133877568e-05,-4.5986638180765506e-05,-1.1060953112061516e-08,3.0405667528521341e-11,0
1916,3.5902458344202007e-10,8.6663616702883917e-06,8.6735704935611067e-06,-7.2088232727150043e-09,2.6711365408715877e-11,0
1917,-3.8544332718523064e-10,-3.3117555139334717e-05,-3.3132246732587310e-05,1.4691593252593208e-08,3.8038020732182628e-11,0
1918,2.8165159958369991e-14,2.8500400302751363e-07,2.8503217418335622e-07,-2.8171155842591187e-11,3.3432048302874269e-11,0
1919,2.1371202969177896e-10,-2.7564346946233132e-05,-2.7565071231535113e-05,7.2428530198138247e-10,2.6671023541910540e-11,0
1920,1.5035052789811218e-10,-7.9115209974840728e-05,-7.9117741217498100e-05,2.5312426573721215e-09,3.4762621821377086e-11,0
1921,-2.6418743923194806e-11,-2.4451184364432561e-05,-2.4453441067706810e-05,2.2567032742490715e-09,3.5686569933272024e-11,0
1922,-3.8547149234484934e-10,-3.3402456152580202e-05,-3.3417657776449989e-05,1.5201623869786729e-08,2.9466747849595500e-11,0
1923,2.1368386453250273e-10,-2.7849362702694414e-05,-2.7850480175935322e-05,1.1174732409080729e-09,4.2584319481248215e-11,0
1924,1.5032236273922498e-10,-7.9400085220001498e-05,-7.9401303203299864e-05,1.2179832983654458e-09,2.9245027091412655e-11,0
1925,-2.6446909081116826e-11,-2.4736155072218116e-05,-2.4738508967463545e-05,2.3538952454289731e-09,2.6147866550074397e-11,0
1926,-6.3361501841243325e-11,-5.1550911241828555e-05,-5.1552638847782418e-05,1.7276059538628573e-09,4.4978200536530113e-11,0
1927,-2.4013077362359526e-10,3.1130782488899070e-06,3.1109541224356123e-06,2.1241264542946931e-09,4.2687497439795633e-11,0
1928,-1.7676927149538686e-10,5.4663987434437969e-05,5.4663157563393480e-05,8.2987104448923764e-10,2.9239005364870203e-11,0
1929,1.7480393654428585e-14,2.8499646359616615e-07,2.8503206601707437e-07,-3.5602420908220931e-11,9.2286105000652092e-12,0
1930,5.0910779453734714e-10,-2.7564781635258304e-05,-2.7561650367859837e-05,-3.1312673984672137e-09,8.3937673913464385e-12,0
1931,4.6041005690600710e-12,-7.9120558564405627e-05,-7.9119732833607775e-05,-8.2573079785168337e-10,9.4938101326336290e-12,0
1932,3.0693774798955767e-10,-2.4448155950141520e-05,-2.4449163606485699e-05,1.0076563441786042e-09,1.4902236412402998e-11,0
1933,5.0909031414152198e-10,-2.7849770351703526e-05,-2.7847050863325846e-05,-2.7194883776805127e-09,1.2602418068618119e-11,0
1934,4.5866201747950921e-12,-7.9405496959660817e-05,-7.9403296993718544e-05,-2.1999659422736878e-09,7.9050996726517160e-12,0
1935,3.0692026759807163e-10,-2.4733084125417443e-05,-2.4734226724759603e-05,1.1425993421605740e-09,7.7974604979752194e-12,0
1936,-5.0450369400825820e-10,-5.1555798176629409e-05,-5.1558050904848889e-05,2.2527282194802190e-09,1.3395684959727635e-11,0
1937,-2.0217004652225790e-10,3.1166386557667826e-06,3.1118074410177299e-06,4.8312147490527096e-09,1.4928440001227256e-11,0
1938,3.0233364749908689e-10,5.4672453801254354e-05,5.4669423072066551e-05,3.0307291878030784e-09,1.2858542933874644e-11,0
1939,-1.5038038510723221e-14,2.8506575002860196e-07,2.8503168975801560e-07,3.4060270586360571e-11,1.8002070813662296e-11,0
1940,3.5445350218067493e-10,-2.7567748182415045e-05,-2.7563755610992884e-05,-3.9925714221617837e-09,3.5527353465059089e-11,0
1941,-3.1599640671199333e-10,-7.9132245198267927e-05,-7.9123871460491519e-05,-8.3737377764078877e-09,2.5817986444158874e-11,0
1942,3.5446854021833849e-10,-2.7852679528963132e-05,-2.7849147389431867e-05,-3.5321395312648443e-09,5.1117491876068557e-11,0
1943,-3.1598136867890920e-10,-7.9417066299921311e-05,-7.9407437526818575e-05,-9.6287731027365833e-09,2.3892338997520042e-11,0
1944,-6.7044990899328243e-10,-5.1564446498738627e-05,-5.1560083865881946e-05,-4.3626328566809562e-09,5.5926272615288858e-11,0
1946,3.4109945462430268e-10,-2.7554832041605699e-05,-2.7564153532883708e-05,9.3214912780091195e-09,3.3269441877119340e-11,0
1947,-1.5224776992436965e-10,-7.9125494067721833e-05,-7.9122089942522742e-05,-3.4041251990911490e-09,4.5447606489023662e-11,0
1948,3.4109903268235571e-10,-2.7839720568290788e-05,-2.7849536066941620e-05,9.8154986508325803e-09,5.7988808091720089e-11,0
1949,-1.5224819186557452e-10,-7.9410468719608510e-05,-7.9405658813650569e-05,-4.8099059579410864e-09,3.3284339300200075e-11,0
1950,-4.9334722435098324e-10,-5.1570771355159348e-05,-5.1557903946559567e-05,-1.2867408599780486e-08,6.3688824866253376e-11,0
1951,3.5505659094700694e-11,-2.7622163047265509e-05,-2.7568070613322306e-05,-5.4092433943203389e-08,1.8724019121245340e-11,0
1952,-5.4244786470665510e-10,-7.9161406340153700e-05,-7.9127042499743365e-05,-3.4363840410335110e-08,2.2141743514541834e-11,0
1953,3.8254931610312717e-10,-2.4457543523841467e-05,-2.4447694886389733e-05,-9.8486374517332896e-09,3.3338442382406841e-11,0
1954,-5.7795352368979300e-10,-5.1539276547119157e-05,-5.1558939085735352e-05,1.9662538616194711e-08,4.4658961258370425e-11,0
1955,3.4704365731350187e-10,3.1646523914515695e-06,3.1196867897518940e-06,4.4965601699675514e-08,2.0887058978688975e-11,0
1956,9.2499718087660958e-10,5.4704018410134999e-05,5.4678190991840962e-05,2.5827418294037288e-08,3.7473621847847401e-11,0
1959,-2.9519184885004024e-10,3.1206293919778909e-06,3.1120789215449009e-06,8.5504704329900257e-09,2.5124892010209725e-11,0
1964,2.0377323250735049e-14,2.8505463531694931e-07,2.8503220715785080e-07,2.2428159098505447e-11,2.9322710104301086e-11,0
1965,2.8465446316867784e-10,-2.7562820397094082e-05,-2.7565351888702084e-05,2.5314916080023330e-09,1.9893711451184287e-11,0
1966,5.9189270488615765e-11,-7.9120120354676544e-05,-7.9119988601918494e-05,-1.3175275804979802e-10,2.2185032296701493e-11,0
1967,9.6305916715487845e-11,-2.4447609867747806e-05,-2.4450905484335174e-05,3.2956165873680244e-09,2.5281232526337440e-11,0
1969,2.8463408584800574e-10,-2.7847793963592903e-05,-2.7850714292124173e-05,2.9203285312705534e-09,4.0384271141285858e-11,0
1970,5.9168893165267651e-11,-7.9405041642840925e-05,-7.9403563365791597e-05,-1.4782770493284268e-09,2.4469237814876342e-11,0
1971,9.6285539392360730e-11,-2.4732593170054924e-05,-2.4735947321768650e-05,3.3541517137261178e-09,2.6149906129836064e-11,0
1972,-2.2546519300966282e-10,-5.1557284951317568e-05,-5.1554603214625217e-05,-2.6817366923509857e-09,2.7539366380851339e-11,0
1973,-1.8834854640298642e-10,3.1151977528424621e-06,3.1137520535913067e-06,1.4456992511553987e-09,2.4578067200768001e-11,0
1974,3.7116646472763091e-11,5.4672486767063906e-05,5.4667920604200026e-05,4.5661628638802155e-09,1.7810620327410152e-11,0
1975,2.2451075881683455e-14,2.8498493174223316e-07,2.8503225147845420e-07,-4.7319736221045925e-11,2.1788664379735362e-11,0
1976,3.7619641089195137e-10,-2.7565267197907474e-05,-2.7564396743337763e-05,-8.7045456971101155e-10,2.3342989220431992e-11,0
1977,7.1134289762753419e-11,-7.9120760009143525e-05,-7.9120007338375799e-05,-7.5267076772578267e-10,2.8495854571579105e-11,0
1978,1.5577127356211762e-10,-2.4447897362048091e-05,-2.4450024479252597e-05,2.1271172045063153e-09,3.2396347162436239e-11,0
1979,3.7617395981159412e-10,-2.7850312527876028e-05,-2.7849752361726912e-05,-5.6016614911609357e-10,2.6749325634140257e-11,0
1980,7.1111838682702030e-11,-7.9405700192959876e-05,-7.9403584015441935e-05,-2.1161775179412423e-09,1.8398971461854783e-11,0
1981,1.5574882248684926e-10,-2.4732845568314768e-05,-2.4735062534532721e-05,2.2169662179522529e-09,1.8036905684057752e-11,0
1982,-3.0506212130806611e-10,-5.1555450417663348e-05,-5.1555576750326592e-05,1.2633266324333856e-10,4.3064683215807525e-11,0
1983,-2.2042513728164798e-10,3.1174034153254142e-06,3.1136752285201077e-06,3.7281868053064417e-09,3.2710043603983749e-11,0
1984,8.4636984138163534e-11,5.4672864113286318e-05,5.4668817423755344e-05,4.0466895309733430e-09,2.7570653290002625e-11,0
1985,-3.0536177770519226e-10,-5.1555187682743699e-05,-5.1555578611444839e-05,3.9092870114014813e-10,3.5830578624408244e-11,0
1986,-2.2880997376784138e-10,3.1176282515556685e-06,3.1137229957757983e-06,3.9052557798702022e-09,3.4449805463869347e-11,0
1987,7.6551804146844958e-11,5.4672847528937406e-05,5.4668867103913139e-05,3.9804250242674076e-09,1.9656991048204711e-11,0
1988,3.3450036386001289e-14,2.8504824391678368e-07,2.8503240848189277e-07,1.5835434890910440e-11,1.2677154144216404e-11,0
1989,8.4323517779260320e-10,-2.7568270699450219e-05,-2.7558858607095273e-05,-9.4120923549462926e-09,2.0553946832894023e-11,0
1990,1.3759528065693476e-10,-7.9120775365130406e-05,-7.9119383796259462e-05,-1.3915688709442752e-09,2.5481053575687636e-11,0
1991,4.5552276673122105e-10,-2.4448701758849646e-05,-2.4446168304108771e-05,-2.5334547408751478e-09,2.5833141552271789e-11,0
1992,8.4320172780657323e-10,-2.7853261423077189e-05,-2.7844206433567394e-05,-9.0549895097949689e-09,2.1695232016882321e-11,0
1993,1.3756183061956308e-10,-7.9405752120383609e-05,-7.9402962805573884e-05,-2.7893148097247328e-09,1.3250127100465732e-11,0
1994,4.5548931674537740e-10,-2.4733753137744317e-05,-2.4731202062626960e-05,-2.5510751173566943e-09,1.1823530987512762e-11,0
1995,-7.0563989428979100e-10,-5.1552514887818861e-05,-5.1560490941556466e-05,7.9760537376047857e-09,3.1244137461698385e-11,0
1996,-3.8771241213522275e-10,3.1194776072170083e-06,3.1119901424888232e-06,7.4874647281851011e-09,2.5725907469382366e-11,0
1997,3.1792748716268173e-10,5.4672033343632076e-05,5.4672046655792268e-05,-1.3312160191726336e-11,1.9601279749676071e-11,0
1998,-6.0835607513389898e-10,3.1194179714306818e-06,3.1095251634651184e-06,9.8928079655633061e-09,1.8481056193922209e-11,0
1999,-1.0694096613290215e-10,-7.9168456145326492e-05,-7.9122612844296570e-05,-4.5843301029922182e-08,2.9577765681974205e-11,0
2000,9.1035145077561015e-10,5.5586403927057864e-06,5.5708878792480926e-06,-1.2247486542306233e-08,1.2108516006695241e-11,0
2001,6.4206823264005209e-10,8.6739778731336533e-06,8.6798910319647721e-06,-5.9131588311187852e-09,7.4332327748278283e-12,0
2002,-8.2879113527352669e-10,-3.3421597342286370e-05,-3.3424172259669864e-05,2.5749173834934769e-09,1.3032681078154805e-11,0
2003,8.1560316757384821e-11,-2.7863066820930232e-05,-2.7853801644485916e-05,-9.2651764443161622e-09,1.2389553245580532e-11,0
2004,-1.8672290168474398e-10,-2.4747664831870422e-05,-2.4738855736076498e-05,-8.8090957939242827e-09,7.1647380819515145e-12,0
2005,-2.6828321820475508e-10,3.1153147860584797e-06,3.1139321571092791e-06,1.3826289492005596e-09,8.9789703071914027e-12,0
2006,5.4030882878010001e-10,5.5541402156035133e-06,5.5663441734534722e-06,-1.2203957849958941e-08,6.5540212187813614e-11,0
2007,3.8855494143906141e-10,-4.5999729121289296e-05,-4.5988897373046640e-05,-1.0831748242655815e-08,3.3901776323350341e-11,0
2008,3.2588750670817506e-10,8.6702804359371777e-06,8.6763490315470045e-06,-6.0685956098268095e-09,5.0313289751900221e-11,0
2009,-2.8809299530473369e-10,-3.3118790580039317e-05,-3.3132362991849632e-05,1.3572411810315068e-08,4.4468681496747804e-11,0
2010,2.4347654749161989e-14,2.8503202268429286e-07,2.8503234864967072e-07,-3.2596537786381099e-13,4.1554118427360253e-11,0
2011,2.5221583345232526e-10,-2.7564726188024965e-05,-2.7566580787546094e-05,1.8545995211294904e-09,2.6704846127163462e-11,0
2012,1.0046194653375520e-10,-7.9118563609218741e-05,-7.9120295301085073e-05,1.7316918663319537e-09,3.2594175279211152e-11,0
2013,3.7794511394683303e-11,-2.4448465366010749e-05,-2.4450882114055061e-05,2.4167480443120523e-09,4.1538701032476732e-11,0
2014,-2.8811734296287862e-10,-3.3403778859903213e-05,-3.3417661515916361e-05,1.3882656013147396e-08,5.4887745604943646e-11,0
2015,2.5219148579531558e-10,-2.7849674289056811e-05,-2.7851909745475016e-05,2.2354564182051862e-09,5.7529082605562254e-11,0
2016,1.0043759887351515e-10,-7.9403441942068470e-05,-7.9403879397625654e-05,4.3745555718425685e-10,3.9094165263206458e-11,0
2017,3.7770163737043219e-11,-2.4733379083898043e-05,-2.4735905274256039e-05,2.5261903579966818e-09,4.9268027549228824e-11,0
2019,-2.1442132206729468e-10,3.1161304809498858e-06,3.1149911188322598e-06,1.1393621176259143e-09,3.2064793239762021e-11,0
2021,4.0149971061042989e-10,5.5711210761857574e-06,5.5646397541323346e-06,6.4813220534228646e-09,4.0472855998907421e-11,0
2022,1.4030550314724650e-10,-4.6011722513845076e-05,-4.5991990974554166e-05,-1.9731539290909392e-08,2.6308796932276437e-11,0
2023,2.7438506908274260e-10,8.6714056613253036e-06,8.6760369616905370e-06,-4.6313003652333673e-09,2.2872685313417154e-11,0
2024,-1.4800282054265628e-10,-3.3111076139107770e-05,-3.3130774736490615e-05,1.9698597382844377e-08,3.6726243189841183e-11,0
2025,1.3402221057975839e-14,2.8502361117780351e-07,2.8503223650984889e-07,-8.6253320453855071e-12,2.4321352205601533e-11,0
2026,2.5349689038641541e-10,-2.7539981785324949e-05,-2.7566764398991610e-05,2.6782613666661339e-08,2.1615193040238889e-11,0
2027,-7.6973168332198597e-12,-7.9122773481678655e-05,-7.9121818610230699e-05,-9.5487144795671549e-10,2.6618707397303612e-11,0
2028,1.2638224873620407e-10,-2.4439717413224545e-05,-2.4449616318780891e-05,9.8989055563467520e-09,2.5089255979217211e-11,0
2029,-1.4801622276166393e-10,-3.3396058413260113e-05,-3.3416061816033527e-05,2.0003402773414005e-08,2.3528781119939479e-11,0
2030,2.5348348816899727e-10,-2.7825000304678577e-05,-2.7852085183904225e-05,2.7084879225648748e-08,2.7943808462847920e-11,0
2031,-7.7107190516440876e-12,-7.9407719121985410e-05,-7.9405404800513506e-05,-2.3143214719037897e-09,2.0039809392146317e-11,0
2032,1.2636884651864495e-10,-2.4724645923394906e-05,-2.4734634850348124e-05,9.9889269532184473e-09,1.7680906431838757e-11,0
2033,-2.6119420752742624e-10,-5.1582828857839672e-05,-5.1555018601892728e-05,-2.7810255946943455e-08,3.6002707356535049e-11,0
2034,-1.2711464149903121e-10,3.1002498223579172e-06,3.1164373566221393e-06,-1.6187534264222018e-08,2.7634542493043322e-11,0
2035,1.3407956559198483e-10,5.4683112967477202e-05,5.4671021958741085e-05,1.2091008736116367e-08,2.1850540166244791e-11,0
2036,4.4090310188956125e-10,8.6891304139809222e-06,8.6784308551230862e-06,1.0699558857836053e-08,2.6229015836454657e-11,0
2037,-4.3246337134481162e-10,-3.3147037593619921e-05,-3.3134411392011526e-05,-1.2626201608395137e-08,4.3883709242968579e-11,0
2039,8.4397308205186029e-12,-2.4457931717695915e-05,-2.4450870409106134e-05,-7.0613085897815685e-09,2.9693021205936102e-11,0
2040,-4.3248321675372530e-10,-3.3431942503001424e-05,-3.3419686219490316e-05,-1.2256283511108781e-08,3.4101160560812785e-11,0
2041,8.4198854117450601e-12,-2.4742841158691218e-05,-2.4735884119822742e-05,-6.9570388684759101e-09,2.6493855556458915e-11,0
2042,-4.4740149733250138e-10,-5.1561047948567632e-05,-5.1557299624999807e-05,-3.7483235678251810e-09,9.8510086059196006e-11,0
2043,-5.1558620887590833e-10,-5.1583418050957577e-05,-5.1558134567728830e-05,-2.5283483228747078e-08,2.4554037535529604e-11,0
2044,5.2148194312456299e-10,8.6804448692244171e-06,8.6796983296111168e-06,7.4653961330034178e-10,6.9443862830891724e-12,0
2045,-5.8606583671105844e-10,-3.3140406371140810e-05,-3.3136411948166676e-05,-3.9944229741342360e-09,1.3212507248932928e-11,0
2046,2.6387308664582130e-14,2.8495265043189003e-07,2.8503243954016674e-07,-7.9789108276711630e-11,1.4806380020794338e-11,0
2047,-6.4583892854681275e-11,-2.4459977792258732e-05,-2.4451612510065302e-05,-8.3652821934299788e-09,1.7483530328255284e-11,0
2048,-5.8609222401799442e-10,-3.3425337438518221e-05,-3.3421677038154731e-05,-3.6604003634906263e-09,9.1275257170216773e-12,0
2049,-6.4610280163612219e-11,-2.4744847093244662e-05,-2.4736622399862455e-05,-8.2246933822073987e-09,1.2292535643727155e-11,0
2050,-4.7712079981910785e-10,-5.1529069066940780e-05,-5.1557659559779122e-05,2.8590492838342235e-08,7.1238802852281303e-11,0
2051,4.0624153904086704e-10,5.5292325326326830e-06,5.5646979784341733e-06,-3.5465445801490348e-08,4.3007748809842494e-11,0
2052,1.4964727088074992e-10,-4.6025363440832870e-05,-4.5992015870292029e-05,-3.3347570540841274e-08,4.1561004839416379e-11,0
2053,1.7466434325848404e-10,8.6488922780951494e-06,8.6757979386202119e-06,-2.6905660525062489e-08,2.3196358310208125e-11,0
2054,-5.7607182926918726e-11,-3.3095965232595587e-05,-3.3130070536976606e-05,3.4105304381019128e-08,4.6455005491939612e-11,0
2055,2.4467766919382780e-14,2.8498474678437682e-07,2.8503244085576222e-07,-4.7694071385398902e-11,2.0111594722039819e-11,0
2056,3.4863435722266509e-10,-2.7566759380402229e-05,-2.7566209469867487e-05,-5.4991053474146121e-10,1.6129906283794941e-11,0
2057,9.2040090784769046e-11,-7.9121387696789308e-05,-7.9121194567597633e-05,-1.9312919167548126e-10,2.2081839490799440e-11,0
2058,1.1705716118648778e-10,-2.4447155369931091e-05,-2.4449183106720015e-05,2.0277367889239115e-09,2.1031858390811827e-11,0
2059,-5.7631650701366469e-11,-3.3381006835007249e-05,-3.3415322958045579e-05,3.4316123038329906e-08,4.2107699937823762e-11,0
2060,3.4860988945325391e-10,-2.7851772403172416e-05,-2.7851505660735470e-05,-2.6674243694583904e-10,2.5395234828758433e-11,0
2061,9.2015623012350992e-11,-7.9406353761863301e-05,-7.9404787748377773e-05,-1.5660134855273022e-09,1.8253209106312538e-11,0
2062,1.1703269341058687e-10,-2.4732092260595180e-05,-2.4734187948141829e-05,2.0956875466493063e-09,1.6432485077291651e-11,0
2063,-2.5659426657971615e-10,-5.1554660488144308e-05,-5.1554948231574723e-05,2.8774343041463365e-10,2.5575864292115270e-11,0
2064,-2.3157719602108225e-10,3.1196795367226769e-06,3.1163058906906958e-06,3.3736460319811589e-09,2.1689823947737595e-11,0
2065,2.5017070855371710e-11,5.4674267203486115e-05,5.4670820518012967e-05,3.4466854731488852e-09,1.7404838294289142e-11,0
2066,6.3547667204448712e-10,5.5555635686454965e-06,5.5675127271691768e-06,-1.1949158523680304e-08,3.9276915165813254e-11,0
2067,5.3683195534355005e-10,-4.5993144227490443e-05,-4.5987300125041544e-05,-5.8441024488987774e-09,3.0223574850419310e-11,0
2068,3.9597871457255631e-10,8.6735747780938843e-06,8.6787868132195418e-06,-5.2120351256574454e-09,2.3419197803429886e-11,0
2069,-4.0270325112198051e-10,-3.3122568815737580e-05,-3.3134419670679181e-05,1.1850854941601282e-08,3.5446240673592571e-11,0
2070,2.7998264587878500e-14,2.8502485062106103e-07,2.8503250306355085e-07,-7.6524424898171404e-12,3.5616202566367270e-11,0
2071,2.3277342085606074e-10,-2.7567000134359906e-05,-2.7567800997859815e-05,8.0086349990986000e-10,2.9131333245163054e-11,0
2072,1.3412870429896614e-10,-7.9115685094906414e-05,-7.9120843174735573e-05,5.1580798291584818e-09,3.8827993341467926e-11,0
2073,-6.7245365896581498e-12,-2.4449089727069263e-05,-2.4450552168668761e-05,1.4624415994980787e-09,3.7389131800282814e-11,0
2074,-4.0273124939156668e-10,-3.3407493082201426e-05,-3.3419662552908424e-05,1.2169470706998144e-08,3.0545122220914211e-11,0
2075,2.3274542258802854e-10,-2.7852066693745121e-05,-2.7853090421581968e-05,1.0237278368463822e-09,4.8523347479755098e-11,0
2076,1.3410070603054436e-10,-7.9400667265105453e-05,-7.9404438286595846e-05,3.7710214903936270e-09,2.8910931207079792e-11,0
2077,-6.7525348592201207e-12,-2.4734034913451684e-05,-2.4735553245824366e-05,1.5183323726816994e-09,2.8518744767955955e-11,0
2078,-9.8644716609444332e-11,-5.1548824789568459e-05,-5.1553004964600826e-05,4.1801750323664801e-09,4.6166126413190998e-11,0
2079,-2.3949795745639466e-10,3.1179402914119705e-06,3.1165256719445296e-06,1.4146194674409395e-09,3.7325717795680836e-11,0
2080,-1.4085324050471750e-10,5.4666667283887957e-05,5.4669097141215591e-05,-2.4298573276344219e-09,3.4208958298545461e-11,0
2081,1.6544211243360302e-14,2.8498040386396178e-07,2.8503238467845430e-07,-5.1980814492521873e-11,1.0990825707119917e-11,0
2082,5.0212214318803167e-10,-2.7567909747685431e-05,-2.7564693040896128e-05,-3.2167067893030599e-09,1.2215783773308757e-11,0
2083,5.2202695216571617e-12,-7.9122953700442016e-05,-7.9122621260290099e-05,-3.3244015191764929e-10,1.3829840709272322e-11,0
2084,3.0680466102596880e-10,-2.4446144329571314e-05,-2.4446524346115175e-05,3.8001654386075672e-10,1.5144118475633293e-11,0
2085,5.0210559897356283e-10,-2.7852885382010956e-05,-2.7849974285356772e-05,-2.9110966541838967e-09,1.4683117336840377e-11,0
2086,5.2037253104037597e-12,-7.9407883266123741e-05,-7.9406218459647377e-05,-1.6648064763644934e-09,8.5365953687732674e-12,0
2087,3.0678811681375186e-10,-2.4731075277921975e-05,-2.4731520788391786e-05,4.4551046981036995e-10,9.0683962726594907e-12,0
2088,-4.9690187359960823e-10,-5.1555045384756720e-05,-5.1557890598584363e-05,2.8452138276424590e-09,1.8634654435727633e-11,0
2089,-1.9531748219357160e-10,3.1217710859232205e-06,3.1174423686023907e-06,4.3287173208298135e-09,1.5138704312065389e-11,0
2090,3.0158439179736454e-10,5.4676834405259977e-05,5.4674899600421423e-05,1.9348048385536983e-09,1.2496083995751516e-11,0
2093,-2.5309875129285119e-10,-7.9130613163392628e-05,-7.9126015477832721e-05,-4.5976855599073017e-09,2.7876638271325816e-11,0
2094,3.8622145577563868e-10,-2.4400722425217680e-05,-2.4445346432189509e-05,4.4624006971828441e-08,2.6321842207751764e-11,0
2095,-2.5308661177616243e-10,-7.9415538790494206e-05,-7.9409614862589959e-05,-5.9239279042469463e-09,1.9035044618342932e-11,0
2096,3.8623359529083304e-10,-2.4685608047370251e-05,-2.4730337403826766e-05,4.4729356456515128e-08,1.7984796674179129e-11,0
2097,6.3932020749958896e-10,5.4729879346133992e-05,5.4679467803976196e-05,5.0411542157795589e-08,2.2214253583643508e-11,0
2099,4.5262745489364551e-10,-2.7567638666740196e-05,-2.7565699462570158e-05,-1.9392041700387413e-09,2.1553444606936928e-11,0
2100,-1.7858294316791740e-10,-7.9125180226209593e-05,-7.9125268627219344e-05,8.8401009751856545e-11,2.6957251794951261e-11,0
2101,4.2402787183884893e-10,-2.4442581519641855e-05,-2.4444728901709344e-05,2.1473820674887086e-09,2.8516797055163365e-11,0
2102,4.5263094131336482e-10,-2.7852688165494292e-05,-2.7850964383839898e-05,-1.7237816543940398e-09,2.0656489176313666e-11,0
2103,-1.7857945674572262e-10,-7.9410161134827080e-05,-7.9408870036902829e-05,-1.2910979242506835e-09,1.3535553878605280e-11,0
2104,4.2403135825994099e-10,-2.4727559662370696e-05,-2.4729716109560197e-05,2.1564471895005831e-09,1.3456825526211978e-11,0
2105,-6.3121039800588732e-10,-5.1557558210483297e-05,-5.1559530726773305e-05,1.9725162900079661e-09,3.4394668655751822e-11,0
2106,-2.8599582984477796e-11,3.1251147842798269e-06,3.1202378968199309e-06,4.8768874598959679e-09,2.7178398876053473e-11,0
2107,6.0261081498077773e-10,5.4682622611743753e-05,5.4679335513950250e-05,3.2870977935027176e-09,2.4236807222331806e-11,0
2108,8.2855002245354517e-10,5.6184230744493746e-06,5.5698834500235057e-06,4.8539624425868892e-08,2.3620510379657065e-11,0
2109,6.2675090437402128e-10,8.6904204970005006e-06,8.6828038469468099e-06,7.6166500536906480e-09,1.4147664942029474e-11,0
2110,-2.0179911837331065e-10,3.0720283059173029e-06,3.1183710702362684e-06,-4.6342764318965501e-08,2.5579996231830881e-11,0
2113,1.0136442504532058e-09,8.6686535674699791e-06,8.6877924776253583e-06,-1.9138910155379156e-08,4.3764552379126501e-11,0
2114,-1.3943422665443783e-09,-3.3421533989263456e-05,-3.3432373507596252e-05,1.0839518332796236e-08,4.0194351947785197e-11,0
2116,-3.8069801533542798e-10,-2.4752887250298686e-05,-2.4739334888258419e-05,-1.3552362040267050e-08,1.8444504873562163e-11,0
2121,-5.9343194573310036e-10,-5.1533868854916273e-05,-5.1559056849230705e-05,2.5187994314431817e-08,3.4643147585802037e-11,0
2123,1.0025923454180347e-09,5.4681541165251012e-05,5.4685066099494194e-05,-3.5249342431815434e-09,2.9617488759323233e-11,0
2128,1.9368369646157379e-14,2.8497377311437228e-07,2.8503253002641713e-07,-5.8756912044845894e-11,2.7068224013871414e-11,0
2129,2.9436595282138712e-10,-2.7565596681199470e-05,-2.7568235222089410e-05,2.6385408899404867e-09,2.6504317421798826e-11,0
2130,4.5975658650525465e-11,-7.9122547163746650e-05,-7.9123091584159440e-05,5.4442041279051823e-10,3.2132211212366945e-11,0
2131,1.1290526288656394e-10,-2.4445149542791020e-05,-2.4448019968231960e-05,2.8704254409401316e-09,3.4950665513348665e-11,0
2133,2.9434658445301261e-10,-2.7850652268283926e-05,-2.7853476531429140e-05,2.8242631452134496e-09,3.9551984074040701e-11,0
2134,4.5956290281554179e-11,-7.9407536737024706e-05,-7.9406699897000888e-05,-8.3684002381758521e-10,2.2515718561039942e-11,0
2135,1.1288589451575761e-10,-2.4730065267158040e-05,-2.4732994098845471e-05,2.9288316874304283e-09,2.2021625090780309e-11,0
2136,-2.4839029447399329e-10,-5.1556906691852152e-05,-5.1554816709947075e-05,-2.0899819050762222e-09,2.8518904428312033e-11,0
2137,-1.8146068987319040e-10,3.1204960707536047e-06,3.1194731710469935e-06,1.0228997066112160e-09,2.5113338605646942e-11,0
2138,6.6929604522528971e-11,5.4677447526467644e-05,5.4673857153470885e-05,3.5903729967592230e-09,1.8460639626270653e-11,0
2139,3.2270442596072023e-10,5.5160319557719106e-06,5.5636722369595260e-06,-4.7640281187615345e-08,8.3676801774060725e-11,0
2140,5.4124435492476889e-12,-4.6038696898308140e-05,-4.5994135758892125e-05,-4.4561139416015281e-08,4.5296208818866009e-11,0
2141,1.0644501931593509e-10,8.6390007602091257e-06,8.6774227573435011e-06,-3.8421997134375412e-08,3.6857397613907594e-11,0
2142,5.8463381398355582e-11,-3.3084486224563281e-05,-3.3129659255725451e-05,4.5173031162169656e-08,6.3340664535651023e-11,0
2143,2.1844956955255957e-14,2.8499627526814788e-07,2.8503257975707841e-07,-3.6304488930530651e-11,1.8978619132174359e-11,0
2144,3.8116780935536528e-10,-2.7568343714306966e-05,-2.7567342432640961e-05,-1.0012816660054467e-09,1.7290766262109514e-11,0
2145,6.3875828761924087e-11,-7.9123127156937711e-05,-7.9123041265490273e-05,-8.5891447437497909e-11,2.2151082703408162e-11,0
2146,1.6490840218431662e-10,-2.4445530461768207e-05,-2.4447226881638038e-05,1.6964198698301528e-09,2.1714222447956736e-11,0
2147,5.8441536446317813e-11,-3.3369485625257128e-05,-3.3414824697994196e-05,4.5339072737068248e-08,4.2329504810547182e-11,0
2148,3.8114596439931321e-10,-2.7853303998905034e-05,-2.7852576794422809e-05,-7.2720448222586510e-10,2.3117424741168210e-11,0
2149,6.3853983810951920e-11,-7.9408097141115460e-05,-7.9406651542890568e-05,-1.4455982248924582e-09,1.7376174480099089e-11,0
2150,1.6488655722553111e-10,-2.4730488816298801e-05,-2.4732197141414639e-05,1.7083251158384711e-09,1.6307096198752047e-11,0
2151,-3.1729198071154482e-10,-5.1554872126651375e-05,-5.1555658826094581e-05,7.8669944320595205e-10,2.8241233425497457e-11,0
2152,-2.1625940713919654e-10,3.1227304288427779e-06,3.1193707173832652e-06,3.3597114595127357e-09,2.2027593473368485e-11,0
2153,1.0103257387907832e-10,5.4677619154456375e-05,5.4674596927559931e-05,3.0222268964435139e-09,2.0087922193612755e-11,0
2154,3.2491282633318016e-10,5.5147282175121992e-06,5.5636993536238578e-06,-4.8971136111658622e-08,3.4607437952008304e-11,0
2155,7.6335555417145465e-12,-4.6039871739237542e-05,-4.5994136217486747e-05,-4.5735521750795436e-08,2.2516725800168693e-11,0
2156,9.9559338102738943e-11,8.6377194226244791e-06,8.6775339612551028e-06,-3.9814538630623687e-08,1.7642105407242109e-11,0
2157,6.4627344642562849e-11,-3.3083295245046884e-05,-3.3129664171035512e-05,4.6368925988627980e-08,2.6784996857709263e-11,0
2158,2.2815174647160467e-14,2.8503038148038866e-07,2.8503260527221630e-07,-2.2237918276449621e-12,1.5256596770019369e-11,0
2159,3.8954017310646429e-10,-2.7568621410515985e-05,-2.7567361449194131e-05,-1.2599613218532667e-09,1.3072990320746747e-11,0
2160,7.2260904269672250e-11,-7.9123140048306239e-05,-7.9123057616779994e-05,-8.2431526245174171e-11,1.8688512162311951e-11,0
2161,1.6418668433147335e-10,-2.4445604816988268e-05,-2.4447126942620622e-05,1.5221256323537261e-09,1.6629732769403012e-11,0
2162,6.4604529468801923e-11,-3.3368252130031029e-05,-3.3414822713473718e-05,4.6570583442689299e-08,2.1005861853277911e-11,0
2163,3.8951735793277777e-10,-2.7853602991286344e-05,-2.7852590910399974e-05,-1.0120808863694304e-09,2.1874156974916359e-11,0
2164,7.2238089091717466e-11,-7.9408129082695917e-05,-7.9406669267734621e-05,-1.4598149612960257e-09,1.6087587168535755e-11,0
2165,1.6416386916518697e-10,-2.4730553596633421e-05,-2.4732094467832668e-05,1.5408711992471720e-09,1.3544649795831388e-11,0
2166,-3.1727926891086811e-10,-5.1554515206515567e-05,-5.1555655911171395e-05,1.1407046558281056e-09,2.2886505562979878e-11,0
2167,-2.2535348875883794e-10,3.1230158954796521e-06,3.1194877363842323e-06,3.5281590954197683e-09,1.9916145488757923e-11,0
2168,9.1925780573178010e-11,5.4677537869316298e-05,5.4674711110205902e-05,2.8267591103958972e-09,1.4957720856109479e-11,0
2169,5.4726792230947447e-10,5.5557426886225936e-06,5.5664296232684808e-06,-1.0686934645887180e-08,4.5441953399137345e-11,0
2170,3.6833353878849562e-10,-4.5997162874689308e-05,-4.5989748510638572e-05,-7.4143640507365717e-09,3.7552948029574341e-11,0
2171,3.3690777455446226e-10,8.6763435125933666e-06,8.6807397362016590e-06,-4.3962236082923403e-09,4.1054759598733364e-11,0
2172,-2.8184404307784707e-10,-3.3122644458489191e-05,-3.3134038435477984e-05,1.1393976988792985e-08,4.2903530998729552e-11,0
2174,2.6542387926905391e-10,-2.7566925279935272e-05,-2.7569066802495982e-05,2.1415225607104068e-09,2.3100805229637593e-11,0
2175,8.6489495988870049e-11,-7.9119923673025110e-05,-7.9123060515760515e-05,3.1368427354054856e-09,2.9740178069812685e-11,0
2176,5.5063731512989806e-11,-2.4446425127556438e-05,-2.4448304884359509e-05,1.8797568030708546e-09,3.6334204926331349e-11,0
2177,-2.8186776533826119e-10,-3.3407627893335904e-05,-3.3419186699981070e-05,1.1558806645166244e-08,3.9960609201627083e-11,0
2178,2.6540015700863793e-10,-2.7851964552021765e-05,-2.7854288961929794e-05,2.3244099080293676e-09,4.9475178106304039e-11,0
2179,8.6465773728461876e-11,-7.9404923603232890e-05,-7.9406674204841483e-05,1.7506016085935784e-09,3.4977943303292040e-11,0
2180,5.5040009251274519e-11,-2.4731311070991940e-05,-2.4733268332203217e-05,1.9572612112762910e-09,3.6163633870626321e-11,0
2181,-1.7893438348799779e-10,-5.1553024989786471e-05,-5.1553953085199974e-05,9.2809541350308234e-10,5.2179999974199191e-11,0
2182,-2.1036014775736359e-10,3.1204758746778902e-06,3.1200122650993160e-06,4.6360957857417389e-10,3.0022329739213318e-11,0
2184,3.5894919857678555e-10,5.5657749593494236e-06,5.5641172818640085e-06,1.6576774854151205e-09,4.3447717183251534e-11,0
2185,7.8212225366890538e-11,-4.6013641346355494e-05,-4.5993357827163609e-05,-2.0283519191884806e-08,4.7114357137366538e-11,0
2186,2.4282950701433471e-10,8.6740312384265238e-06,8.6799160054919839e-06,-5.8847670654601136e-09,2.6300250267393857e-11,0
2187,-9.9285989925979328e-11,-3.3111758747006795e-05,-3.3131933302147539e-05,2.0174555140744219e-08,3.9116090902962197e-11,0
2188,1.1829616069850343e-14,2.8506916264854785e-07,2.8503251366091473e-07,3.6648987633119996e-11,2.1866587583169161e-11,0
2189,2.5966320907762733e-10,-2.7545930254686130e-05,-2.7569343799979472e-05,2.3413545293342721e-08,1.9489986005906936e-11,0
2190,-2.1073763893442506e-11,-7.9125412715184658e-05,-7.9124583285664719e-05,-8.2942951993929780e-10,4.0230781423516039e-11,0
2191,1.4354351737762921e-10,-2.4437738025961074e-05,-2.4447034232738434e-05,9.2962067773603172e-09,2.8453158980878124e-11,0
2192,-9.9297819542080029e-11,-3.3396722673223120e-05,-3.3417069717783489e-05,2.0347044560369487e-08,2.2971264778073483e-11,0
2193,2.5965137946057357e-10,-2.7830997403362548e-05,-2.7854557495647683e-05,2.3560092285135586e-08,2.7188805385848527e-11,0
2194,-2.1085593509678489e-11,-7.9410381390140796e-05,-7.9408199134223294e-05,-2.1822559175021291e-09,6.9953603374124092e-11,0
2195,1.4353168775893301e-10,-2.4722707219450128e-05,-2.4731992884267948e-05,9.2856648178193566e-09,1.8686726034556028e-11,0
2196,-2.8073697325122094e-10,-5.1579408354427911e-05,-5.1555198434903197e-05,-2.4209919524713830e-08,4.5050244758417600e-11,0
2197,-1.1611969154054705e-10,3.1082207519357585e-06,3.1215566352417180e-06,-1.3335883305959504e-08,2.5064552796290537e-11,0
2198,1.6461728129109152e-10,5.4687624441767703e-05,5.4676322782770086e-05,1.1301658997616858e-08,3.0999914483571924e-11,0
2199,9.8883395490594287e-10,5.5642766366662683e-06,5.5718515558291052e-06,-7.5749191628369066e-09,1.4899472617189677e-11,0
2200,7.2026468256263657e-10,8.6827143333224020e-06,8.6861298350167014e-06,-3.4155016942994060e-09,9.7526228979063935e-12,0
2201,-8.6990084906323753e-10,-3.3156448167363795e-05,-3.3141540299865822e-05,-1.4907867497972692e-08,2.2261815943091212e-11,0
2202,1.1893310790635776e-10,-2.7592219470575288e-05,-2.7571290528594788e-05,-2.0928941980500709e-08,1.0975619312461445e-11,0
2203,-1.4963616492264296e-10,-2.4473783717412698e-05,-2.4450438801308418e-05,-2.3344916104280067e-08,1.1023046693164249e-11,0
2204,-2.6856927262915763e-10,3.1184305191844092e-06,3.1200953182651736e-06,-1.6647990807644004e-09,1.1380058355772795e-11,0
2205,7.5416352347212885e-10,5.5838472350008828e-06,5.5689700677632651e-06,1.4877167237617655e-08,2.0316729913740313e-11,0
2206,5.4632162217024525e-10,8.6872457487514876e-06,8.6841942117569756e-06,3.0515369945119489e-09,1.1913199213151510e-11,0
2207,-5.8548891606549955e-10,-3.3152364139624538e-05,-3.3138130475977563e-05,-1.4233663646974395e-08,1.9866424441069193e-11,0
2208,1.6867460842585747e-10,-2.7568591553360757e-05,-2.7570804347464941e-05,2.2127941041835588e-09,1.5884617757712609e-11,0
2209,-3.9167293105392924e-11,-2.4465183161106498e-05,-2.4448971094583870e-05,-1.6212066522628104e-08,1.9011679094923965e-11,0
2210,-2.0784190153719927e-10,3.1034021543618548e-06,3.1210748632749779e-06,-1.7672708913123065e-08,1.7320947424870002e-11,0
2211,4.3918897416086016e-10,8.7003206031503050e-06,8.6831056384601899e-06,1.7214964690115105e-08,3.4664344003094224e-11,0
2212,-4.0491722379352231e-10,-3.3159339949455358e-05,-3.3136006684216409e-05,-2.3333265238948970e-08,5.0910492337343843e-11,0
2213,3.4271750522394617e-11,-2.4459017158861250e-05,-2.4447943235874177e-05,-1.1073922987072738e-08,4.7343230224157337e-11,0
2214,8.1833307553150341e-10,-2.7572540361609638e-05,-2.7563097216097369e-05,-9.4431455122689933e-09,2.3731218287955378e-11,0
2215,4.1615941455139645e-10,-2.4446356106713578e-05,-2.4443139103563466e-05,-3.2170031501122171e-09,2.4391500851639796e-11,0
2216,-4.0217366244874887e-10,3.1261602093397151e-06,3.1191954316480621e-06,6.9647776916529272e-09,2.5826742397665428e-11,0
2217,3.5659660411082697e-10,-2.7569562306425347e-05,-2.7568914940602933e-05,-6.4736582241331888e-10,1.6710327684574854e-11,0
2218,1.2820870418612801e-10,-2.4444972962975797e-05,-2.4446542521325115e-05,1.5695583493180996e-09,2.2153553037561763e-11,0
2219,-2.2838789990526303e-10,3.1245609969942668e-06,3.1216073837178872e-06,2.9536132763796379e-09,2.2674983002444860e-11,0
2221,-8.4517545881890746e-11,-2.7586135583452034e-05,-2.7574490520795285e-05,-1.1645062656749758e-08,2.0917547325609748e-11,0
2222,-7.3327898748143906e-10,-2.4459791960234484e-05,-2.4456978434973827e-05,-2.8135252606566402e-09,2.7494081546633171e-11,0
2223,-8.4605896626851661e-11,-2.7871080221763753e-05,-2.7859668033269031e-05,-1.1412188494721627e-08,1.8966369573897467e-11,0
2224,-7.3336733822744414e-10,-2.4744718063247906e-05,-2.4741917271464469e-05,-2.8007917834370875e-09,1.2873072323360924e-11,0
2225,-6.4876143861782053e-10,3.1263376230722915e-06,3.1167445195537651e-06,9.5931035185264140e-09,2.8858592927832870e-11,0
2226,7.8905292235851409e-10,-2.7572620195239796e-05,-2.7563913567328307e-05,-8.7066279114887896e-09,1.7404351432212601e-11,0
2227,-1.0355354655082595e-10,-7.9124963725562538e-05,-7.9126644079069092e-05,1.6803535065533460e-09,1.9320564948088181e-11,0
2228,6.3689068912778512e-10,-2.4444943173379443e-05,-2.4440020769244976e-05,-4.9224041344665920e-09,2.0550035768859859e-11,0
2229,-8.9260646815015291e-10,-5.1552387666411841e-05,-5.1562687267917014e-05,1.0299601505173270e-08,2.6657786816835636e-11,0
2230,-1.5216223456330974e-10,3.1276208626350790e-06,3.1231228550638203e-06,4.4980075712587038e-09,2.0397463991930561e-11,0
2231,7.4044423645294670e-10,5.4679993285893392e-05,5.4685378525784111e-05,-5.3852398907190007e-09,1.7595911158291277e-11,0
2232,6.5971955092442317e-10,5.5579523043441069e-06,5.5678104023630533e-06,-9.8580980189463729e-09,3.6888186788070261e-11,0
2233,5.2173426698359595e-10,-4.5986891956253245e-05,-4.5988192026612697e-05,1.3000703594519118e-09,3.0322155054971356e-11,0
2234,4.2369311617717095e-10,8.6805717296177011e-06,8.6841143496872358e-06,-3.5426200695347002e-09,2.3702710411162166e-11,0
2235,-4.0683643382112339e-10,-3.3127558424205514e-05,-3.3136523936112475e-05,8.9655119069607155e-09,3.9647346822781595e-11,0
2236,2.7427736154235995e-14,2.8497955789806942e-07,2.8503284259892614e-07,-5.3284700856717883e-11,4.0723561533266904e-11,0
2237,2.5288311713181823e-10,-2.7569616671169715e-05,-2.7570657708009087e-05,1.0410368393713894e-09,2.8961785946006793e-11,0
2238,1.1489783306855025e-10,-7.9114373671888491e-05,-7.9124119015659087e-05,9.7453437705957800e-09,4.0756545914816113e-11,0
2239,1.6856682367836069e-11,-2.4446992070596696e-05,-2.4447490667756447e-05,4.9859715975139715e-10,3.6892455801630622e-11,0
2240,-4.0686386155592581e-10,-3.3412561067233931e-05,-3.3421590718955140e-05,9.0296517212090882e-09,3.1012442918820365e-11,0
2241,2.5285568939754826e-10,-2.7854631711838229e-05,-2.7855821967899100e-05,1.1902560608706479e-09,4.9001492824338227e-11,0
2242,1.1487040533068590e-10,-7.9399346540432597e-05,-7.9407748811414195e-05,8.4022709815982904e-09,3.3359437957685130e-11,0
2243,1.6829254632604456e-11,-2.4732002829986645e-05,-2.4732421765147343e-05,4.1893516069803306e-10,2.8957603904990677e-11,0
2244,-1.3798528412983419e-10,-5.1544810667408791e-05,-5.1553417734740170e-05,8.6070673313784767e-09,4.7518791457425884e-11,0
2245,-2.3602643477165142e-10,3.1225862494321799e-06,3.1223945444988008e-06,1.9170493337905339e-10,3.9409020200623564e-11,0
2246,-9.8041150263994883e-11,5.4667416885142289e-05,5.4675380785576994e-05,-7.9639004347045999e-09,3.4721852721531567e-11,0
2247,1.5753258427717224e-14,2.8498726337244985e-07,2.8503272274380814e-07,-4.5459371358297828e-11,1.0207109803826563e-11,0
2248,4.9335850444632480e-10,-2.7571140341021462e-05,-2.7567915357536102e-05,-3.2249834853599591e-09,7.1992772123859396e-12,0
2249,8.0426873538804699e-12,-7.9125371703471590e-05,-7.9125637158125698e-05,2.6545465410770901e-10,8.4357006958918480e-12,0
2250,3.0391377170768127e-10,-2.4443928515424347e-05,-2.4443778001827227e-05,-1.5051359712007768e-10,1.4768693198803341e-11,0
2251,4.9334275118502569e-10,-2.7856150463489038e-05,-2.7853070988868174e-05,-3.0794746208640293e-09,1.3812975247676953e-11,0
2252,8.0269340951649350e-12,-7.9410303427106168e-05,-7.9409269162456820e-05,-1.0342646493475931e-09,8.4573243387786446e-12,0
2253,3.0389801844964808e-10,-2.4728899753103197e-05,-2.4728704211952841e-05,-1.9554115035622273e-10,8.7396389825134119e-12,0
2254,-4.8531581696054958e-10,-5.1554219365625154e-05,-5.1557677796447828e-05,3.4584308226742137e-09,1.1592591231073022e-11,0
2255,-1.8944473283746972e-10,3.1271643040880343e-06,3.1233615149703652e-06,3.8027891176691023e-09,1.5554005742001801e-11,0
2256,2.9587108486150841e-10,5.4681418019075084e-05,5.4680607953466905e-05,8.1006560817943954e-10,1.3075934194249316e-11,0
2257,-1.5969543261036630e-14,2.8503510906664784e-07,2.8503235841814171e-07,2.7506485061292013e-12,2.1002825455033629e-11,0
2258,3.0453824018683940e-10,-2.7571893346704551e-05,-2.7570459500658703e-05,-1.4338460458488962e-09,2.0933692229451492e-11,0
2259,-2.5835021323614433e-10,-7.9131454371632846e-05,-7.9129129157998608e-05,-2.3252136342386247e-09,2.7150910911273923e-11,0
2260,3.0455420972743818e-10,-2.7856889538030948e-05,-2.7855605643200833e-05,-1.2838948301148532e-09,3.0429279792644467e-11,0
2261,-2.5833424368751052e-10,-7.9416460818945191e-05,-7.9412763294940035e-05,-3.6975240051554444e-09,2.0751123202916605e-11,0
2262,-5.6288845345752162e-10,-5.1559573012263139e-05,-5.1558625190763292e-05,-9.4782149984769682e-10,2.8345313505097181e-11,0
2263,-1.0523571216780105e-14,2.8503091000168154e-07,2.8503244244554904e-07,-1.5324438674976428e-12,1.1014428271505222e-11,0
2264,3.8501403987385879e-10,-2.7571156257191970e-05,-2.7569625007637360e-05,-1.5312495546101405e-09,1.2629250538432569e-11,0
2265,-2.1206559626098031e-10,-7.9128487795391677e-05,-7.9128711329130085e-05,2.2353373840789618e-10,1.8293818790388387e-11,0
2266,4.1827564223047318e-10,-2.4439490622326851e-05,-2.4442035000684856e-05,2.5443783580054839e-09,1.6442929385885541e-11,0
2267,3.8502456344279083e-10,-2.7856182839936048e-05,-2.7854765020614662e-05,-1.4178193213863744e-09,1.5967268310998369e-11,0
2268,-2.1205507269181146e-10,-7.9413450128094920e-05,-7.9412347250466505e-05,-1.1028776284154745e-09,9.7464591777427443e-12,0
2269,4.1828616580105622e-10,-2.4724468019962469e-05,-2.4726952336628099e-05,2.4843166656305109e-09,1.0181411871897632e-11,0
2270,-5.9707963610765346e-10,-5.1557336800014779e-05,-5.1559041540004339e-05,1.7047399895596415e-09,2.2966478831283036e-11,0
2271,3.3261602369224426e-11,3.1316493604681417e-06,3.1268081364423822e-06,4.8412240257595181e-09,1.3463050963676454e-11,0
2272,6.3034123859051821e-10,5.4688953983866515e-05,5.4685418563116156e-05,3.5354207503587474e-09,1.7407562854807889e-11,0
2273,-7.1374121244809769e-12,-2.7615825666410174e-05,-2.7574585538002803e-05,-4.1240128407370760e-08,1.5732788886803297e-11,0
2274,-5.9281335725083465e-10,-7.9141863424852035e-05,-7.9133528841134434e-05,-8.3345837176014136e-09,2.7486873788119830e-11,0
2275,4.5240651293520197e-10,-2.4470761720857791e-05,-2.4441486092856751e-05,-2.9275628001040134e-08,2.6587192596141018e-11,0
2276,-5.8567594566799758e-10,-5.1526108905287221e-05,-5.1558898223761432e-05,3.2789318474210898e-08,3.9061003720473754e-11,0
2277,4.5954392581565195e-10,3.1449969037705347e-06,3.1323152639656329e-06,1.2681639804901841e-08,1.7443364273388537e-11,0
2278,1.0452198703159750e-09,5.4671121186844474e-05,5.4690782468125226e-05,-1.9661281280752081e-08,3.7270642727905736e-11,0
2279,-3.9943773646624387e-10,-5.1556575484820516e-05,-5.1556608136933788e-05,3.2652113272305799e-11,5.9809476807383084e-11,0
2280,-1.3517613412974294e-10,3.1278402052221412e-06,3.1252856344506759e-06,2.5545707714652608e-09,3.0604945059423952e-11,0
2281,2.6426160224008184e-10,5.4684599928921313e-05,5.4681462845540242e-05,3.1370833810707727e-09,4.4190987783659421e-11,0
2282,3.8508311377240110e-10,-2.7571087557669771e-05,-2.7570011767724702e-05,-1.0757899450685717e-09,1.9493099640028841e-11,0
2283,5.7440392257025816e-11,-7.9125254238989438e-05,-7.9125781724226636e-05,5.2748523719791957e-10,2.6927690488907045e-11,0
2284,1.7305373376106778e-10,-2.4443542095984932e-05,-2.4444699864305071e-05,1.1577683201388503e-09,3.3772203647691727e-11,0
2285,-3.2764272158343399e-10,-5.1554187064865430e-05,-5.1555724380644596e-05,1.5373157791659679e-09,3.1605085548537082e-11,0
2286,-2.1202937998430016e-10,3.1274916263103122e-06,3.1245238710978897e-06,2.9677552124225639e-09,3.5310356986715917e-11,0
2287,1.1561334204441858e-10,5.4681745643780227e-05,5.4679817388401216e-05,1.9282553790112857e-09,3.0199932311255453e-11,0
2289,2.5860987621527216e-10,-2.7532087325025933e-05,-2.7571723912593445e-05,3.9636587567511502e-08,2.9984682711994165e-11,0
2290,-9.5455599429319092e-11,-7.9131321846640998e-05,-7.9127815031658581e-05,-3.5068149824171811e-09,3.2163620327876214e-11,0
2291,2.1212922796201668e-10,-2.4402000627983533e-05,-2.4444077878342147e-05,4.2077250358613680e-08,3.2992438724022510e-11,0
2292,2.5860710031066025e-10,-2.7817110693568320e-05,-2.7856842038495702e-05,3.9731344927381650e-08,2.6750661858428312e-11,0
2293,-9.5458375335272779e-11,-7.9416301589359944e-05,-7.9411457228209059e-05,-4.8443611508851812e-09,1.4728939214300119e-11,0
2294,2.1212645205524348e-10,-2.4686967552376218e-05,-2.4728983049648677e-05,4.2015497272458708e-08,1.4912879223251706e-11,0
2295,-3.5406547562372066e-10,-5.1599167764001738e-05,-5.1556045216947536e-05,-4.3122547054202703e-08,4.9721868473465054e-11,0
2296,-4.6480648055804748e-11,3.1300740403987634e-06,3.1268554711875128e-06,3.2185692112505949e-09,3.9475763968724120e-11,0
2297,3.0758482731709339e-10,5.4729285894715776e-05,5.4682469927457735e-05,4.6815967258041096e-08,3.3307914017145105e-11,0
2298,3.1439061628829848e-10,3.1808823770951983e-06,3.1314970563431126e-06,4.9385320752085647e-08,3.6428672011673941e-11,0
2299,-1.0123448546210023e-10,-7.9134251830377533e-05,-7.9127995809799315e-05,-6.2560205782181142e-09,2.6635202714634464e-11,0
2305,3.0374684473547019e-10,-2.7568666583109407e-05,-2.7571420242597185e-05,2.7536594877782493e-09,2.1570508222473566e-11,0
2306,3.1565800161785179e-11,-7.9125256669618053e-05,-7.9126500752335879e-05,1.2440827178253908e-09,2.6373298197343195e-11,0
2307,1.3111690640614704e-10,-2.4442528631171397e-05,-2.4444848834560626e-05,2.3202033892290883e-09,2.5286683753057945e-11,0
2309,3.0372875720349379e-10,-2.7853685456039577e-05,-2.7856528452411881e-05,2.8429963723039151e-09,3.7749887437492800e-11,0
2310,3.1547712633136863e-11,-7.9410230725128483e-05,-7.9410145937543869e-05,-8.4787584613867095e-11,2.2506926065434427e-11,0
2311,1.3109881887654943e-10,-2.4727474418256032e-05,-2.4729748544871514e-05,2.2741266154815802e-09,2.2926638690720407e-11,0
2312,-2.7218104484018078e-10,-5.1556701978886063e-05,-5.1555034094121085e-05,-1.6678847649786305e-09,3.1502628817621345e-11,0
2313,-1.7262993825568818e-10,3.1260821720321963e-06,3.1257768618000523e-06,3.0531023214400504e-10,2.4862787147298839e-11,0
2314,9.9551106558442414e-11,5.4682708635367741e-05,5.4680380356844163e-05,2.3282785235775828e-09,1.9916222772625932e-11,0
2315,5.4486596685562018e-10,5.5577909282020568e-06,5.5664001299661814e-06,-8.6092017641245508e-09,3.5679344555445173e-11,0
2316,3.3492327321014667e-10,-4.5994117294790790e-05,-4.5990839744550723e-05,-3.2775502400674743e-09,3.4771689799209267e-11,0
2317,3.4090028585546627e-10,8.6827975086635825e-06,8.6855958135272037e-06,-2.7983048636212279e-09,2.4837957998410730e-11,0
2318,-2.6510313644270339e-10,-3.3126959780063769e-05,-3.3135812200337354e-05,8.8524202735855212e-09,4.4838125270241141e-11,0
2319,2.2764034230853955e-14,2.8497886559633207e-07,2.8503295891347521e-07,-5.4093317143139507e-11,2.6984432840651342e-11,0
2320,2.7976283042621584e-10,-2.7569055374224594e-05,-2.7571882241357200e-05,2.8268671326059163e-09,2.7881708981864468e-11,0
2321,6.9820136814267908e-11,-7.9121019791903065e-05,-7.9126195084264838e-05,5.1752923617729785e-09,3.9725476350421968e-11,0
2322,7.5797149425665800e-11,-2.4444098282398481e-05,-2.4445378497511471e-05,1.2802151129901796e-09,3.9174582017506445e-11,0
2323,-2.6512590047822292e-10,-3.3411870188848288e-05,-3.3420790722639447e-05,8.9205337911582908e-09,2.6900820291136893e-11,0
2324,2.7974006639315794e-10,-2.7854153891723916e-05,-2.7856983753921429e-05,2.8298621975123158e-09,3.5822088843936715e-11,0
2325,6.9797372783838367e-11,-7.9406010379339496e-05,-7.9409842199151427e-05,3.8318198119304024e-09,2.4604591982903100e-11,0
2326,7.5774385391549425e-11,-2.4729059165976616e-05,-2.4730274488837837e-05,1.2153228612211508e-09,2.7587108966809973e-11,0
2327,-2.0994269381653914e-10,-5.1551967945367462e-05,-5.1554266084007890e-05,2.2981386404278300e-09,4.5332802845452569e-11,0
2328,-2.0396568099443471e-10,3.1249380522844691e-06,3.1257065348254393e-06,-7.6848254097016370e-10,2.6763601893137000e-11,0
2329,5.9770130296613392e-12,5.4676916042370460e-05,5.4679542127788553e-05,-2.6260854180923431e-09,3.7764910837971130e-11,0
2330,3.1270200776985957e-10,5.5361435866568831e-06,5.5635494185521516e-06,-2.7405831895268532e-08,4.5389966202058049e-11,0
2331,-1.7122301955611012e-11,-4.6017440489942024e-05,-4.5995209421126710e-05,-2.2231068815314122e-08,2.6806611562199291e-11,0
2332,9.1864742529175540e-11,8.6650901993477053e-06,8.6828693823445091e-06,-1.7779182996803766e-08,2.4500161904380205e-11,0
2333,8.1833381703581809e-11,-3.3108185075418975e-05,-3.3131688684962484e-05,2.3503609543508571e-08,3.3352519859616516e-11,0
2334,2.2159921111193194e-14,2.8501547570851907e-07,2.8503297452623891e-07,-1.7498817719836221e-11,2.0303485506884643e-11,0
2335,3.9453539164959899e-10,-2.7572034368239442e-05,-2.7570679226784048e-05,-1.3551414553931919e-09,2.0201374997770439e-11,0
2336,6.4711083309318051e-11,-7.9125579515159153e-05,-7.9126459832137171e-05,8.8031697801857229e-10,2.8657624892212802e-11,0
2337,1.7369812592509915e-10,-2.4443109409702079e-05,-2.4443992164301478e-05,8.8275459939881826e-10,2.6899232513136648e-11,0
2338,8.1811221791518194e-11,-3.3393181765003707e-05,-3.3416655497007741e-05,2.3473732004033435e-08,1.9647019978795713e-11,0
2339,3.9451323173008882e-10,-2.7857063387581562e-05,-2.7855772414193082e-05,-1.2909733884794482e-09,2.7696725177433242e-11,0
2340,6.4688923389360367e-11,-7.9410584269381385e-05,-7.9410109245111831e-05,-4.7502426955327044e-10,2.2824696574561784e-11,0
2341,1.7367596600751558e-10,-2.4728038844257574e-05,-2.4728883497924015e-05,8.4465366644059011e-10,1.9259106430273099e-11,0
2342,-3.2982430835968195e-10,-5.1553617018558831e-05,-5.1555733423732713e-05,2.1164051738819449e-09,3.1147003100043041e-11,0
2343,-2.2083726571695272e-10,3.1289327221924786e-06,3.1258865744981627e-06,3.0461476943158882e-09,1.9089551541306619e-11,0
2344,1.0898704322408883e-10,5.4682514637201252e-05,5.4681189640218541e-05,1.3249969827106110e-09,2.1850198934618426e-11,0
2347,2.9491130941274991e-11,-7.9125651757981121e-05,-7.9126999401743939e-05,1.3476437628188358e-09,3.1313626391767943e-11,0
2348,3.0011061167486919e-10,5.5603296003933593e-06,5.5633948104178494e-06,-3.0652100244900804e-09,4.1194185214103579e-11,0
2349,-5.6999988775507812e-13,-4.6015639496769720e-05,-4.5995057543547932e-05,-2.0581953221787458e-08,2.5468421158778420e-11,0
2350,1.9783648983690259e-10,8.6773331413260608e-06,8.6845331824674630e-06,-7.2000411414021464e-09,2.2584709827112602e-11,0
2351,-3.5241138176180117e-11,-3.3112888515160824e-05,-3.3133275524502311e-05,2.0387009341487727e-08,2.9596988784716520e-11,0
2353,2.6486947405341760e-10,-2.7552570032913365e-05,-2.7572497021286967e-05,1.9926988373602172e-08,1.9723836180581562e-11,0
2354,-3.5811137285743501e-11,-7.9128582695816815e-05,-7.9127915127249468e-05,-6.6756856734683477e-10,2.6157929777980010e-11,0
2355,1.6259535205733100e-10,-2.4435574366476857e-05,-2.4443926964898404e-05,8.3525984215471151e-09,2.6755693382383756e-11,0
2356,-3.5250998134054159e-11,-3.3397885045529166e-05,-3.3418229383083523e-05,2.0344337554356639e-08,2.2971497551104974e-11,0
2357,2.6485961409626309e-10,-2.7837566900487665e-05,-2.7857580958396608e-05,2.0014057908943728e-08,2.4894613614063458e-11,0
2358,-3.5820997243094384e-11,-7.9413558869413712e-05,-7.9411566911325043e-05,-1.9919580886699388e-09,1.9356219000134048e-11,0
2359,1.6258549210061278e-10,-2.4720517855499578e-05,-2.4728813060265722e-05,8.2952047661433734e-09,1.8601796124797904e-11,0
2360,-3.0068061157674203e-10,-5.1576041923592428e-05,-5.1555370461907878e-05,-2.0671461684549362e-08,3.0389381706984512e-11,0
2361,-1.0227412182558448e-10,3.1169770071193606e-06,3.1277659813514252e-06,-1.0788974232064571e-08,2.8025124942059781e-11,0
2362,1.9840648936701815e-10,5.4693005998409858e-05,5.4682706230762214e-05,1.0299767647643332e-08,2.7234576502112427e-11,0
2363,4.0221860667128433e-10,5.5450949341135508e-06,5.5646485813646672e-06,-1.9553647251116345e-08,5.8848446810181757e-11,0
2364,1.1258818805050811e-10,-4.6007931958304618e-05,-4.5993715988295208e-05,-1.4215970009410453e-08,4.7945890281456907e-11,0
2365,1.7773242433577931e-10,8.6742836485475400e-06,8.6846244448509386e-06,-1.0340796303398626e-08,3.3012090419235848e-11,0
2366,-3.8437376306749877e-11,-3.3117287840245604e-05,-3.3133453992029282e-05,1.6166151783677933e-08,6.8701722379663382e-11,0
2367,2.3409166864033597e-14,2.8503658476398937e-07,2.8503303855439705e-07,3.5462095923194078e-12,2.2466651405222932e-11,0
2368,3.6378123158285297e-10,-2.7572178450850572e-05,-2.7571492912429210e-05,-6.8553842136215314e-10,2.5249298431281488e-11,0
2369,7.4150813919947427e-11,-7.9125240351653713e-05,-7.9126771000450076e-05,1.5306487963635514e-09,3.1957699608359444e-11,0
2370,1.3929504902184716e-10,-2.4442993490348969e-05,-2.4444025137500525e-05,1.0316471515560009e-09,1.9085167967732367e-11,0
2371,-3.8460785474233847e-11,-3.3402347088233239e-05,-3.3418396078512996e-05,1.6048990279756749e-08,3.2079025430373316e-11,0
2372,3.6375782241640669e-10,-2.7857191081911417e-05,-2.7856568530699267e-05,-6.2255121215020544e-10,2.6237384189512151e-11,0
2373,7.4127404747684466e-11,-7.9410222436749819e-05,-7.9410425302820157e-05,2.0286607033722769e-10,2.2253169888412943e-11,0
2374,1.3927163985346231e-10,-2.4727960091512798e-05,-2.4728906655320995e-05,9.4656380819721931e-10,1.7973061471015168e-11,0
2375,-2.8963041773241114e-10,-5.1553005661980622e-05,-5.1555230012734679e-05,2.2243507540568733e-09,4.4877745508327685e-11,0
2376,-2.2448618254538011e-10,3.1292169275017219e-06,3.1266603549060970e-06,2.5565725956248833e-09,3.5514242404904491e-11,0
2377,6.5144235704292440e-11,5.4682270148004135e-05,5.4681460290861016e-05,8.0985714311863346e-10,2.7799063557510940e-11,0
2378,3.0224905664099517e-10,5.5383458135715991e-06,5.5634210681087384e-06,-2.5075254537139378e-08,6.7845373929890946e-11,0
2379,-3.0070076867405635e-11,-4.6015530993894632e-05,-4.5995487523915311e-05,-2.0043469979321544e-08,3.9602750376228440e-11,0
2380,-3.3231913235731880e-10,-5.1553858944347695e-05,-5.1555752206898647e-05,1.8932625509519982e-09,3.5639530861053509e-11,0
2382,4.1677581724177077e-10,-2.7573221179628027e-05,-2.7571040155787025e-05,-2.1810238410021146e-09,1.2906196954093008e-11,0
2383,-1.7044531108363797e-10,-7.9129144968966187e-05,-7.9129968244482022e-05,8.2327551583448715e-10,1.8922933766203754e-11,0
2384,4.1672703043637073e-10,-2.4440444649009591e-05,-2.4440441784399011e-05,-2.8646105805366431e-12,2.8535015940800245e-11,0
2385,4.1678317657004139e-10,-2.7858233928398641e-05,-2.7856107413459772e-05,-2.1265149388697288e-09,2.0282247817239881e-11,0
2386,-1.7043795175523443e-10,-7.9414035131528202e-05,-7.9413624381716354e-05,-4.1074981184884528e-10,1.3681313266302830e-11,0
2387,4.1673438976467780e-10,-2.4725397888119768e-05,-2.4725318461390943e-05,-7.9426728825178657e-11,1.3431230726291148e-11,0
2388,-5.8722112835983178e-10,-5.1555873357591572e-05,-5.1558879607712219e-05,3.0062501206465299e-09,2.3902110612550763e-11,0
2389,-4.8786840744130183e-14,3.1328230273553435e-06,3.1297878044394863e-06,3.0352229158572181e-09,2.7871441103702765e-11,0
2390,5.8717234151922548e-10,5.4688628668972568e-05,5.4688237463036616e-05,3.9120593595213258e-10,2.6803189289165679e-11,0
2391,-2.1509077334690594e-14,2.8498315272141330e-07,2.8503253229739039e-07,-4.9379575977084721e-11,8.8951446401211773e-12,0
2392,2.1656830358454620e-10,-2.7582076242362637e-05,-2.7573706125384688e-05,-8.3701169779497363e-09,1.4136643427629290e-11,0
2393,-2.8427563917363808e-10,-7.9141055578468497e-05,-7.9131569322713009e-05,-9.4862557554884668e-09,1.8549842636328560e-11,0
2394,2.1658981266143295e-10,-2.7867092460411285e-05,-2.7858764835753385e-05,-8.3276246578996283e-09,1.1191275073182268e-11,0
2395,-2.8425413009796235e-10,-7.9425944970666108e-05,-7.9415227607183465e-05,-1.0717363482643763e-08,8.7139585342330963e-12,0
2396,-5.0084394303601990e-10,-5.1558948093360490e-05,-5.1557814290793100e-05,-1.1338025673895578e-09,2.1493089211091954e-11,0
2397,2.6281475950309341e-09,5.5379403071983274e-06,5.5919804773183889e-06,-5.4040170120061475e-08,4.6617657426735661e-11,0
2398,1.9662415417584845e-09,8.6692670499041030e-06,8.7074128168155248e-06,-3.8145766911421746e-08,2.6666862635805523e-11,0
2399,-2.6141837953851475e-09,-3.3135591772529254e-05,-3.3165421977139468e-05,2.9830204610213542e-08,4.5784817803456980e-11,0
2400,1.3963800227867189e-11,-2.7597604817311550e-05,-2.7576303240936439e-05,-2.1301576375110987e-08,1.3100003091096883e-11,0
2401,-6.4794225317321924e-10,-2.4466274295842014e-05,-2.4453231592082566e-05,-1.3042703759448180e-08,1.7090732934590250e-11,0
2402,-6.6190605045122322e-10,3.1313111837948993e-06,3.1222560424602067e-06,9.0551413346926342e-09,1.7433087903663118e-11,0
2403,4.2215020489391442e-10,8.7228326910229748e-06,8.6887378483764617e-06,3.4094842646513088e-08,3.4893765555040114e-11,0
2404,-3.5499545874079376e-10,-3.3183460702551626e-05,-3.3137798932937464e-05,-4.5661769614161526e-08,5.1401757190473100e-11,0
2405,6.7154746114394680e-11,-2.4460541791281347e-05,-2.4444292752086467e-05,-1.6249039194879899e-08,6.0199602988370131e-11,0
2407,-4.5112654412471670e-10,-5.1539106559483645e-05,-5.1557191402477182e-05,1.8084842993537197e-08,4.8591647913333164e-11,0
2408,6.6932899590999026e-10,5.5612061072365937e-06,5.5679283955029481e-06,-6.7222882663544185e-09,4.2144131892319428e-11,0
2409,4.8748621731311125e-10,-4.5975157657892132e-05,-4.5989372329793315e-05,1.4214671901183098e-08,3.3240077948689573e-11,0
2410,4.4013774803206448e-10,8.6878999280081510e-06,8.6896794395069107e-06,-1.7795114987597137e-09,2.3461014273393312e-11,0
2411,-3.9525403241408838e-10,-3.3133110968895825e-05,-3.3138590024044813e-05,5.4790551489881521e-09,4.5930963589372478e-11,0
2412,2.6379633227424125e-14,2.8508613889879454e-07,2.8503320239217093e-07,5.2936506623600930e-11,4.6650491595890807e-11,0
2413,2.7407496349243620e-10,-2.7571927436781125e-05,-2.7573735079833806e-05,1.8076430526816516e-09,3.0347673024087782e-11,0
2414,9.2232184486100967e-11,-7.9108285664430955e-05,-7.9127666162268282e-05,1.9380497837326858e-08,4.7025771174194214e-11,0
2415,4.4883715568667100e-11,-2.4445209420566501e-05,-2.4444165630083011e-05,-1.0437904834892636e-09,3.7825280692061063e-11,0
2416,-3.9528041204712252e-10,-3.3418068698603566e-05,-3.3423467427947187e-05,5.3987293436208623e-09,3.6172196611703576e-11,0
2417,2.7404858386032022e-10,-2.7856889704643440e-05,-2.7858764735815502e-05,1.8750311720617087e-09,5.8999736469170258e-11,0
2418,9.2205804854805645e-11,-7.9393213487865058e-05,-7.9411333251023879e-05,1.8119763158820894e-08,3.7315608816432148e-11,0
2419,4.4857335937444680e-11,-2.4730138115607210e-05,-2.4729021467359764e-05,-1.1166482474463980e-09,3.2507484249462965e-11,0
2420,-1.8184277909774930e-10,-5.1536556807953507e-05,-5.1553880669430765e-05,1.7323861477258043e-08,5.6437985021454333e-11,0
2421,-2.2919124793255483e-10,3.1266653309431139e-06,3.1287438963960330e-06,-2.0785654529191166e-09,3.3798226279385078e-11,0
2422,-4.7348468454401651e-11,5.4663143726237443e-05,5.4682195224716143e-05,-1.9051498478700230e-08,3.5309526966866166e-11,0
2423,8.3140981842423704e-11,5.5028751190164260e-06,5.5607306682198235e-06,-5.7855549203397509e-08,6.6375969740919414e-11,0
2424,-3.1534388573471180e-10,-4.6053157574194037e-05,-4.5999279967808815e-05,-5.3877606385222009e-08,5.0848510921148450e-11,0
2425,-4.3801547707629137e-11,8.6354571182771511e-06,8.6840886754622844e-06,-4.8631557185133307e-08,2.8000692497324248e-11,0
2426,2.8813746587931582e-10,-3.3075742354046755e-05,-3.3130343464580835e-05,5.4601110534079978e-08,4.7773321604290578e-11,0
2427,1.0357130805090046e-14,2.8502031287840563e-07,2.8503303007562182e-07,-1.2717197216183899e-11,1.0521683431869340e-11,0
2428,3.7127845052229653e-10,-2.7572844070517920e-05,-2.7572760252500747e-05,-8.3818017173345688e-11,1.6881984426173099e-11,0
2429,-2.7206416347378878e-11,-7.9128876615066918e-05,-7.9129346950173473e-05,4.7033510655494597e-10,1.5204279053332287e-11,0
2430,2.4433592015571714e-10,-2.4440248799431500e-05,-2.4441521235030932e-05,1.2724355994320376e-09,1.6837317157735765e-11,0
2431,2.8812710875177832e-10,-3.3360757909925431e-05,-3.3415208262023151e-05,5.4450352097719194e-08,3.6017831490107386e-11,0
2432,3.7126809339249312e-10,-2.7857845449633534e-05,-2.7857780891593163e-05,-6.4558040371051704e-11,2.1269241710926616e-11,0
2433,-2.7216773478363465e-11,-7.9413880832092994e-05,-7.9413016286955461e-05,-8.6454513753347288e-10,1.0075169786186652e-11,0
2434,2.4432556302587357e-10,-2.4725219859133467e-05,-2.4726371944393735e-05,1.1520852602676284e-09,1.1146381490019226e-11,0
2435,-3.9848486696337705e-10,-5.1556148750124637e-05,-5.1556535836417337e-05,3.8708629269984139e-10,3.6691023247428340e-11,0
2436,-1.2694253025152042e-10,3.1325950975314570e-06,3.1304099870942015e-06,2.1851104372554983e-09,1.6281201809098508e-11,0
2437,2.7154233672279045e-10,5.4688699380310178e-05,5.4686516623459430e-05,2.1827568507474799e-09,2.3083609028145074e-11,0
2439,-4.3960543733209379e-11,-4.6011653126299887e-05,-4.5995987392874287e-05,-1.5665733425599977e-08,4.6752982981978077e-11,0
2440,8.5891038291012122e-11,8.6739688033039136e-06,8.6859614357677984e-06,-1.1992632463884802e-08,4.2056776029410376e-11,0
2441,9.5135772029530641e-11,-3.3115479929846092e-05,-3.3132828714728426e-05,1.7348784882333644e-08,5.7687284180393996e-11,0
2442,2.0566956201664749e-14,2.8507717535559352e-07,2.8503317491628729e-07,4.4000439306223508e-11,1.9235720215905207e-11,0
2443,3.8840762994698764e-10,-2.7573801294162833e-05,-2.7572724349214761e-05,-1.0769449480722111e-09,2.5243124544110213e-11,0
2444,5.1175231227360438e-11,-7.9127086128270331e-05,-7.9128555343017874e-05,1.4692147475432434e-09,3.1348429597365842e-11,0
2445,1.8102681184178068e-10,-2.4441403978835239e-05,-2.4442142816330726e-05,7.3883749548717755e-10,1.7737341433822309e-11,0
2446,9.5115205077237351e-11,-3.3400474428417828e-05,-3.3417683741175469e-05,1.7209312757640821e-08,2.9589629747489732e-11,0
2447,3.8838706299454439e-10,-2.7858811618538669e-05,-2.7857738079880953e-05,-1.0735386577162315e-09,2.2473265817973277e-11,0
2448,5.1154664270779638e-11,-7.9412068055758137e-05,-7.9412226754787396e-05,1.5869902925970923e-10,1.7670755713047345e-11,0
2449,1.8100624488070127e-10,-2.4726455822963230e-05,-2.4726989718602151e-05,5.3389563892125309e-10,1.5958572598081861e-11,0
2450,-3.3723239875902272e-10,-5.1553301312729297e-05,-5.1555779775080488e-05,2.4784623511912808e-09,3.9323394882954791e-11,0
2451,-2.0738081809250966e-10,3.1323345723107028e-06,3.1297497296918524e-06,2.5848426188503732e-09,3.4084789509624359e-11,0
2452,1.2985158120970065e-10,5.4685563712908447e-05,5.4685100417220114e-05,4.6329568833262296e-10,2.6199906497738829e-11,0
2453,3.0295101781223846e-10,5.5416140866751395e-06,5.5634296873997383e-06,-2.1815600724598775e-08,3.6661686732557823e-11,0
2454,-3.4013916087437514e-11,-4.6011185420921988e-05,-4.5995885427761522e-05,-1.5299993160466116e-08,1.8665099579744716e-11,0
2455,-3.3696493285158748e-10,-5.1552812720890434e-05,-5.1555774484474352e-05,2.9617635839183725e-09,2.9860447192093879e-11,0
2457,7.3153340167474699e-10,-2.7577091003864150e-05,-2.7568717414919624e-05,-8.3735889445265524e-09,2.8959267756185975e-11,0
2458,-5.6026740223241692e-11,-7.9126902068472112e-05,-7.9130073676707852e-05,3.1716082357391732e-09,3.3731449164546179e-11,0
2459,5.7970615468131605e-10,-2.4442541773378283e-05,-2.4437063264218906e-05,-5.4785091593769365e-09,3.5208998890278011e-11,0
2460,7.3152916466466931e-10,-2.7862178338286872e-05,-2.7853722627335190e-05,-8.4557109516818164e-09,2.6799751831996703e-11,0
2461,-5.6030977263651549e-11,-7.9411910836124557e-05,-7.9413747193470298e-05,1.8363573457404149e-09,1.6939518980396872e-11,0
2462,5.7970191767155228e-10,-2.4727484607830856e-05,-2.4721905315691000e-05,-5.5792921398555690e-09,1.6755201343484311e-11,0
2463,-7.8756014131652983e-10,-5.1549789775770516e-05,-5.1561304620339603e-05,1.1514844569087421e-08,4.5343518693196033e-11,0
2464,-1.5182724863629170e-10,3.1346150872468836e-06,3.1308190685240719e-06,3.7960187228117825e-09,3.5135178052647141e-11,0
2465,6.3573289626574785e-10,5.4684388585028026e-05,5.4691694734376658e-05,-7.3061493486312277e-09,2.9142781417175280e-11,0
2466,4.8088046801526814e-10,-2.7575084232267164e-05,-2.7571922507068206e-05,-3.1617251989572335e-09,8.4090415423722388e-12,0
2467,1.4488563770594065e-11,-7.9127991910764046e-05,-7.9129332562114465e-05,1.3406513504188701e-09,8.8130214609478994e-12,0
2468,-4.6639190408225850e-10,-5.1552890221643645e-05,-5.1557358152595453e-05,4.4679309518075826e-09,1.3276883504221851e-11,0
2470,2.2731486133119037e-10,-2.7525162964118360e-05,-2.7575211814584101e-05,5.0048850465740549e-08,3.9334475750362417e-11,0
2471,-1.4301907326000604e-10,-7.9138620600716948e-05,-7.9131438764967892e-05,-7.1818357490557741e-09,4.9852729797901210e-11,0
2472,2.2731934672998717e-10,-2.7810232309350216e-05,-2.7860204694499118e-05,4.9972385148901231e-08,7.4643141042488336e-11,0
2473,-1.4301458786101274e-10,-7.9423604947759761e-05,-7.9415115563258044e-05,-8.4893845017175538e-09,3.1782389665973905e-11,0
2474,-3.7033393443818209e-10,-5.1613292791224258e-05,-5.1556174687629493e-05,-5.7118103594764485e-08,4.6529119682234647e-11,0
2475,2.5470513889689551e-10,-2.7556725803757134e-05,-2.7575038842071828e-05,1.8313038314693458e-08,1.9220008552626285e-11,0
2476,-1.0542792228463218e-10,-7.9133605684069633e-05,-7.9131137172663282e-05,-2.4685114063515562e-09,2.2282694174129119e-11,0
2477,2.2571681592928386e-10,-2.4419513909437057e-05,-2.4440993195826851e-05,2.1479286389793718e-08,2.4011266797758635e-11,0
2478,-3.6013306111448206e-10,-5.1576820112666372e-05,-5.1556045733067953e-05,-2.0774379598418821e-08,3.6008645390100102e-11,0
2479,-2.8988322784818385e-11,3.1372430430592099e-06,3.1332031479101174e-06,4.0398951490924809e-09,2.5389620918010992e-11,0
2480,3.3114473816482245e-10,5.4714070758776420e-05,5.4688820227320074e-05,2.5250531456346423e-08,2.2163770139826720e-11,0
2485,1.6728340803110312e-14,2.8501642840071213e-07,2.8503321851367279e-07,-1.6790112960656610e-11,2.9671931953736399e-11,0
2486,3.1120095419937673e-10,-2.7571250071533465e-05,-2.7574484953045326e-05,3.2348815118603497e-09,2.1148500498172635e-11,0
2487,1.8279921787825996e-11,-7.9127609461489973e-05,-7.9129755115922774e-05,2.1456544328009742e-09,2.3852251431253188e-11,0
2488,1.4801562956884926e-10,-2.4439929480700375e-05,-2.4441822404949261e-05,1.8929242488863293e-09,2.4153281320067763e-11,0
2490,3.1118422585986304e-10,-2.7856246180265123e-05,-2.7859465868041893e-05,3.2196877767692097e-09,4.0577208672954120e-11,0
2491,1.8263193449600711e-11,-7.9412594648216144e-05,-7.9413435563323100e-05,8.4091510695689844e-10,2.5946922832950771e-11,0
2492,1.4799890123001203e-10,-2.4724875532122336e-05,-2.4726650939832659e-05,1.7754077103226452e-09,2.5222646199026431e-11,0
2493,-2.9292103265381703e-10,-5.1556314701369258e-05,-5.1555217278817094e-05,-1.0974225521647330e-09,3.0622666323315240e-11,0
2494,-1.6318532455015431e-10,3.1313164871454857e-06,3.1318178271064007e-06,-5.0133996091496316e-10,2.5103816628848814e-11,0
2495,1.2973570811155385e-10,5.4687662406582155e-05,5.4686606542440850e-05,1.0558641413044344e-09,1.8773326974658241e-11,0
2496,5.3072279309850486e-10,5.5602523764209169e-06,5.5662264677534127e-06,-5.9740913324957527e-09,4.1188611712861908e-11,0
2497,2.8872148490573451e-10,-4.5989991576901937e-05,-4.5992121132460971e-05,2.1295555590342347e-09,4.3531974624919901e-11,0
2498,3.3535496340877781e-10,8.6894829947547982e-06,8.6905683451106828e-06,-1.0853503558845839e-09,2.4953582693068038e-11,0
2499,-2.3695829012283928e-10,-3.3131247848415882e-05,-3.3137542110316176e-05,6.2942619002940453e-09,4.1660234769918822e-11,0
2500,2.1497302742773161e-14,2.8495016168367562e-07,2.8503329360988848e-07,-8.3131926212859461e-11,3.1381777103355911e-11,0
2501,2.9376450286760193e-10,-2.7571026369552915e-05,-2.7574847174709244e-05,3.8208051563290879e-09,2.4885092772821299e-11,0
2502,5.1763194521121543e-11,-7.9121287685756866e-05,-7.9129489049907851e-05,8.2013641509841046e-09,3.5455785156637806e-11,0
2503,9.8396673187235850e-11,-2.4441831660579859e-05,-2.4442299377736063e-05,4.6771715620381451e-10,3.3785742646041589e-11,0
2504,-2.3697978742322743e-10,-3.3416177574256169e-05,-3.3422342639662119e-05,6.1650654059505457e-09,3.5224415481354711e-11,0
2505,2.9374300556718085e-10,-2.7855933649040699e-05,-2.7859822175123019e-05,3.8885260823199198e-09,3.9196523820794029e-11,0
2506,5.1741697217549791e-11,-7.9406270233311170e-05,-7.9413171211497433e-05,6.9009781862632230e-09,2.7836732005522240e-11,0
2507,9.8375175886999665e-11,-2.4726750311413349e-05,-2.4727124631709828e-05,3.7432029647936887e-10,2.9273468025306503e-11,0
2508,-2.4200130855831656e-10,-5.1550401998443247e-05,-5.1554588687575014e-05,4.1866891317663443e-09,4.5886327802006671e-11,0
2509,-1.9536782966433680e-10,3.1291755118777534e-06,3.1317007212903608e-06,-2.5252094126073724e-09,3.2860932873290024e-11,0
2510,4.6633479094307227e-11,5.4679463562225250e-05,5.4685860940915160e-05,-6.3973786899101047e-09,4.0327006620755766e-11,0
2511,3.9263881091505007e-10,5.5484022744326997e-06,5.5645309522838487e-06,-1.6128677851148989e-08,5.4523382151670496e-11,0
2512,8.7259312373896980e-11,-4.6003508457162414e-05,-4.5994635512212191e-05,-8.8729449502228798e-09,3.9669980627895935e-11,0
2513,1.7283921570328831e-10,8.6821135927214743e-06,8.6888597902176908e-06,-6.7461974962165170e-09,1.6435694013189213e-11,0
2514,-2.2177992422291431e-11,-3.3123153063033088e-05,-3.3135023005590353e-05,1.1869942557264949e-08,3.1347206675485566e-11,0
2515,2.2723065026515821e-14,2.8499450603702582e-07,2.8503332860010125e-07,-3.8822563075429296e-11,1.9498282425917301e-11,0
2516,3.7046081949130462e-10,-2.7574724281786826e-05,-2.7574084007147037e-05,-6.4027463978836283e-10,2.4546100203761170e-11,0
2517,6.5081321550275133e-11,-7.9126633161846413e-05,-7.9129500416763793e-05,2.8672549173803207e-09,3.1702042810945630e-11,0
2518,1.5066122410883935e-10,-2.4440996744185591e-05,-2.4441498135807036e-05,5.0139162144509884e-10,1.8519837113962567e-11,0
2519,-2.2200715487124938e-11,-3.3408093233975623e-05,-3.3419813417999277e-05,1.1720184023654011e-08,2.6446786485529234e-11,0
2520,3.7043809642551970e-10,-2.7859784399440345e-05,-2.7859051821349270e-05,-7.3257809107474454e-10,2.3115170598532640e-11,0
2521,6.5058598484390838e-11,-7.9411602704317595e-05,-7.9413184589446328e-05,1.5818851287332852e-09,1.6275786702446812e-11,0
2522,1.5063850104350051e-10,-2.4726007396783361e-05,-2.4726319378745307e-05,3.1198196194563927e-10,1.5715209840903848e-11,0
2523,-3.0537949799209463e-10,-5.1551846029123001e-05,-5.1555362856013523e-05,3.5168268905220491e-09,4.0124358346388739e-11,0
2524,-2.1979959536382341e-10,3.1337255370520942e-06,3.1317359568224881e-06,1.9895802296061128e-09,3.8031974723906246e-11,0
2525,8.5579903188785020e-11,5.4685572829258483e-05,5.4686670460061978e-05,-1.0976308034954096e-09,2.5281626159850033e-11,0
2526,-3.4070257931303274e-10,-5.1552331975497287e-05,-5.1555794671213670e-05,3.4626957163831325e-09,4.3346176684842126e-11,0
2527,2.3730310747794466e-10,5.5561498385604256e-06,5.5626236051463426e-06,-6.4737665859170224e-09,4.2331558286219974e-11,0
2528,-7.8236074087671259e-11,-4.6017127910354810e-05,-4.5996717399158123e-05,-2.0410511196687360e-08,2.5696716702498700e-11,0
2529,1.4857474753820860e-10,8.6810121091287704e-06,8.6889133142997367e-06,-7.9012051709663890e-09,2.3828925306322555e-11,0
2530,3.0108142055264157e-11,-3.3114396544546218e-05,-3.3134525707773922e-05,2.0129163227703675e-08,3.3270893672335785e-11,0
2532,2.6741125020180544e-10,-2.7558191754900596e-05,-2.7575568061354381e-05,1.7376306453784621e-08,2.5240687648569607e-11,0
2533,-4.8127931173329604e-11,-7.9131517737740130e-05,-7.9131104715304189e-05,-4.1302243594079809e-10,2.5223971500035281e-11,0
2534,1.7868289009000425e-10,-2.4433394726386046e-05,-2.4440958714304860e-05,7.5639879188143903e-09,2.6447026310047112e-11,0
2535,3.0100198470154121e-11,-3.3399305165434517e-05,-3.3419303528985738e-05,1.9998363551220995e-08,2.0408562141336908e-11,0
2536,2.6740330661994076e-10,-2.7843231311100100e-05,-2.7860526873930207e-05,1.7295562830107135e-08,2.5981111333760254e-11,0
2537,-4.8135874755906457e-11,-7.9416443926794643e-05,-7.9414791151275957e-05,-1.6527755186863686e-09,1.6949926796021384e-11,0
2538,1.7867494650658509e-10,-2.4718285514536455e-05,-2.4725774844592061e-05,7.4893300556064170e-09,1.4716357591588859e-11,0
2539,-3.1553918156287308e-10,-5.1573326520450505e-05,-5.1555482652096536e-05,-1.7843868353968671e-08,3.6708420923080728e-11,0
2540,-8.8728359941777830e-11,3.1249029620187066e-06,3.1337559555114961e-06,-8.8529934927894562e-09,3.2052536937462004e-11,0
2541,2.2681082128737308e-10,5.4698165530877793e-05,5.4688810395886114e-05,9.3551349916785962e-09,2.4927855771885221e-11,0
2542,1.9926596704095442e-10,5.5414148609177205e-06,5.5621565519877568e-06,-2.0741691070036289e-08,5.2532581055026053e-11,0
2543,-1.5816974360681980e-10,-4.6013283194390811e-05,-4.5997746794005392e-05,-1.5536400385418635e-08,2.9629938318815055e-11,0
2544,3.5664029774849757e-11,8.6764747421978067e-06,8.6878650157283443e-06,-1.1390273530537587e-08,2.7138034227826309e-11,0
2545,1.6944702842530288e-10,-3.3116003468208061e-05,-3.3132954004826912e-05,1.6950536618851736e-08,4.7999448056555651e-11,0
2546,1.5241884887277306e-14,2.8498706697216746e-07,2.8503328465564401e-07,-4.6217683476541966e-11,3.1311852868359482e-11,0
2547,3.6871299740191972e-10,-2.7574609090160081e-05,-2.7574534606120641e-05,-7.4484039439958339e-11,2.7991356176568496e-11,0
2548,1.1277287435193491e-11,-7.9129269182877209e-05,-7.9130581368126393e-05,1.3121852491843229e-09,3.7456015747375732e-11,0
2549,2.0511105967845075e-10,-2.4439538486332470e-05,-2.4440446277383137e-05,9.0779105066724126e-10,3.4513354736982515e-11,0
2550,1.6943178654227483e-10,-3.3400997396499862e-05,-3.3417719977187084e-05,1.6722580687221066e-08,4.6804496808360186e-11,0
2551,3.6869775551879600e-10,-2.7859668316590957e-05,-2.7859485023102785e-05,-1.8329348817206002e-10,5.0978132789987569e-11,0
2552,1.1262045548045156e-11,-7.9414194843891762e-05,-7.9414270245638553e-05,7.5401746790228728e-11,3.3854804315897871e-11,0
2553,2.0509581779592076e-10,-2.4724479851984484e-05,-2.4725257753369336e-05,7.7790138485137202e-10,3.3512561173713015e-11,0
2554,-3.5743571007374721e-10,-5.1554636309826540e-05,-5.1555992328922000e-05,1.3560190954592551e-09,4.1466572483023619e-11,0
2555,-1.6360193764951900e-10,3.1350726815721625e-06,3.1332315922147493e-06,1.8410893574131770e-09,3.4331484500450587e-11,0
2556,1.9383377265235113e-10,5.4689739383004601e-05,5.4688795845127987e-05,9.4353787661401092e-10,2.6485047164461226e-11,0
2557,-8.7778149573338441e-11,-7.9147727333182295e-05,-7.9132047124628338e-05,-1.5680208553957753e-08,4.4067577552810173e-11,0
2558,2.8249012118302561e-09,5.5487762370982213e-06,5.5943963896907059e-06,-4.5620152592484594e-08,2.3904138283844620e-11,0
2559,2.1639102022359435e-09,8.6846060391781651e-06,8.7144846332481474e-06,-2.9878594069982268e-08,1.4331284036743827e-11,0
2560,-2.7134185123773643e-09,-3.3455962306238110e-05,-3.3453301513289907e-05,-2.6607929482026283e-09,2.3486996913124150e-11,0
2561,1.1148270636742577e-10,-2.7907192397445824e-05,-2.7862934273246585e-05,-4.4258124199238956e-08,2.4022481781735386e-11,0
2562,-5.4950830474698519e-10,-2.4771387182639937e-05,-2.4734245839546597e-05,-3.7141343093340253e-08,1.7327999104925859e-11,0
2563,-6.6099100829422739e-10,3.1358201413913536e-06,3.1276933272130798e-06,8.1268141782737977e-09,1.7105686330501297e-11,0
2564,-8.7393144863029186e-11,-7.9169576168758998e-05,-7.9132141370732870e-05,-3.7434798026128504e-08,5.1343264237373879e-11,0
2565,4.0142737598956191e-14,2.8502146402083803e-07,2.8503364574525748e-07,-1.2181724419457334e-11,1.3151600537939187e-11,0
2566,7.8524941498990750e-10,-2.7580201940738576e-05,-2.7569915593802832e-05,-1.0286346935744350e-08,2.4058490754719959e-11,0
2567,2.1994977180082233e-10,-7.9123161203859677e-05,-7.9128504482538269e-05,5.3432786785922396e-09,2.7211378642557221e-11,0
2568,3.5169180942042784e-10,-2.4443048520796616e-05,-2.4438203809361070e-05,-4.8447114355464841e-09,2.6296556442752718e-11,0
2569,7.8520927225205896e-10,-2.7865239544595279e-05,-2.7854846331640205e-05,-1.0393212955073992e-08,2.1697317262035828e-11,0
2570,2.1990962906473557e-10,-7.9408101904148744e-05,-7.9412199205208093e-05,4.0973010593489982e-09,1.2131723329836220e-11,0
2571,3.5165166668311536e-10,-2.4727960943417282e-05,-2.4723004417931373e-05,-4.9565254859086096e-09,1.2335298010856570e-11,0
2572,-5.6529964068373607e-10,-5.1542898350279490e-05,-5.1558533439960644e-05,1.5635089681154276e-08,3.0886461695531026e-11,0
2573,-4.3355760741802029e-10,3.1371525024292035e-06,3.1308471695788852e-06,6.3053328503182861e-09,2.6691982183063197e-11,0
2574,1.3174204106215372e-10,5.4680088187717205e-05,5.4688952853247655e-05,-8.8646655304502235e-09,2.1791713528715714e-11,0
2575,-7.6872742254773265e-11,-2.7630510255330018e-05,-2.7580641296793044e-05,-4.9868958536974407e-08,1.2722514020325961e-11,0
2576,-2.5185013509678768e-14,2.8501565307366598e-07,2.8503287218922509e-07,-1.7219115559109942e-11,9.8911315009247295e-12,0
2577,1.8835396397416574e-10,-2.7584436897674924e-05,-2.7577500894627395e-05,-6.9360030475297063e-09,1.3592128048666241e-11,0
2578,-2.8137918522703394e-10,-7.9139751656931781e-05,-7.9134911059690842e-05,-4.8405972409386582e-09,2.0287388970237098e-11,0
2579,1.8837914899056041e-10,-2.7869456432397764e-05,-2.7862420502921639e-05,-7.0359294761251521e-09,1.1640280846896919e-11,0
2580,-2.8135400021386568e-10,-7.9424660413223921e-05,-7.9418607842750475e-05,-6.0525704734460317e-09,8.8300388473685914e-12,0
2581,-4.6973314960503238e-10,-5.1555206567661404e-05,-5.1557354191472695e-05,2.1476238112915543e-09,2.4222904884474568e-11,0
2582,-1.9411334909970652e-10,-7.9132715277884489e-05,-7.9133956132655786e-05,1.2408547712966121e-09,1.7868947409709933e-11,0
2583,2.0767714001091598e-09,5.5555497226173584e-06,5.5852101998882603e-06,-2.9660477270901888e-08,6.4562548880063231e-11,0
2584,1.8096078583821659e-09,8.6937645587098196e-06,8.7110529014701631e-06,-1.7288342760343452e-08,3.7088787977829178e-11,0
2585,-2.6716354175232251e-10,3.1382451828835270e-06,3.1336023399309151e-06,4.6428429526119049e-09,4.0036232985624022e-11,0
2586,-1.5333273461515557e-10,-7.9132064837857509e-05,-7.9133551654656366e-05,1.4868167988566112e-09,2.2383886566658358e-11,0
2587,3.7625379031696434e-10,3.1612155698872504e-06,3.1417106732545093e-06,1.9504896632741190e-08,3.7507550243518524e-11,0
2589,-1.1542304400741805e-10,-7.9142210579327341e-05,-7.9133221746613018e-05,-8.9888327143227646e-09,4.2865651797117696e-11,0
2590,-1.1542160836886515e-10,-7.9427157493499982e-05,-7.9416922797898953e-05,-1.0234695601028842e-08,1.9342995623410903e-11,0
2591,6.6283989039928472e-10,5.5659053190826313e-06,5.5678487166104138e-06,-1.9433975277825406e-09,4.9105650877058810e-11,0
2592,4.4261054903250004e-10,8.6947751055631295e-06,8.6946480995284866e-06,1.2700603464293981e-10,2.9759481865293043e-11,0
2593,-2.2022934142014171e-10,3.1289606615744064e-06,3.1346230136525741e-06,-5.6623520781676094e-09,5.1232646740175891e-11,0
2594,-9.0171339944666608e-12,3.1522225139404055e-06,3.1374555399912028e-06,1.4766973949202694e-08,4.4338402176151518e-11,0
2595,4.5171753567866878e-11,-7.9128663917974774e-05,-7.9131384048107957e-05,2.7201301331823344e-09,2.2779267345661631e-11,0
2596,2.1429731280884879e-10,5.5496727242925967e-06,5.5623411199504911e-06,-1.2668395657894429e-08,7.5151751897365482e-11,0
2597,-1.1434183907616614e-10,-4.6011013661249531e-05,-4.5997537946500429e-05,-1.3475714749102124e-08,4.6321985609706936e-11,0
2598,1.0473461953498684e-10,8.6846601262133630e-06,8.6910376832588218e-06,-6.3775570454588425e-09,4.3895436041592606e-11,0
2599,8.3359633323300116e-11,-3.3120736044054896e-05,-3.3134968207528913e-05,1.4232163474016261e-08,6.6856727521933770e-11,0
2601,2.9765694702404098e-10,-2.7571182656055751e-05,-2.7576853703543121e-05,5.6710474873703800e-09,4.4198387799539906e-11,0
2602,-3.0982204599293884e-11,-7.9131671011640429e-05,-7.9132517079828120e-05,8.4606818769137216e-10,4.9526890203227876e-11,0
2603,1.8809425353695769e-10,-2.4436182746345909e-05,-2.4439363213892872e-05,3.1804675469628496e-09,5.4674931494957776e-11,0
2604,8.3349742752022486e-11,-3.3405697173270743e-05,-3.3419652037223747e-05,1.3954863953004023e-08,3.7923764949288102e-11,0
2605,2.9764705645356501e-10,-2.7856317142448302e-05,-2.7861745719008160e-05,5.4285765598585884e-09,4.9162873616681014e-11,0
2606,-3.0992095169443214e-11,-7.9416689823714765e-05,-7.9416222061119574e-05,-4.6776259519140228e-10,3.3241066128550854e-11,0
2607,1.8808436296803123e-10,-2.4721076565893067e-05,-2.4724142009749323e-05,3.0654438562564216e-09,3.4130443982126101e-11,0
2608,-3.2863915181096611e-10,-5.1560541353031820e-05,-5.1555605978499445e-05,-4.9353745323749685e-09,6.8990342882707479e-11,0
2609,-1.0956269333408510e-10,3.1350549557244631e-06,3.1366107563665609e-06,-1.5558006420978586e-09,5.2513319470656260e-11,0
2610,2.1907645827471432e-10,5.4695484852493418e-05,5.4691789591832505e-05,3.6952606609125162e-09,4.1577220771396442e-11,0
2611,-7.5955689166117372e-11,5.5287841367861884e-06,5.5587771406448967e-06,-2.9993003858708297e-08,3.3293431469853353e-11,0
2612,-5.2468289287719840e-10,-4.6022635760490857e-05,-4.6002645484789043e-05,-1.9990275701813596e-08,2.8290688841288811e-11,0
2613,-2.5801895326210351e-10,8.6679638450423702e-06,8.6870706350699773e-06,-1.9106790027607152e-08,1.9004361193845210e-11,0
2614,5.4624095721702021e-10,-3.3107116987547355e-05,-3.3129485135872515e-05,2.2368148325159921e-08,2.9758161771792774e-11,0
2615,1.4808274090249386e-14,2.8503256592722303e-07,2.8503347470498712e-07,-9.0877776408664713e-13,7.5049143932198541e-12,0
2616,4.7028527255071281e-10,-2.7578288532636476e-05,-2.7575037187535396e-05,-3.2513451010802942e-09,1.1610331694248707e-11,0
2617,2.1558069682998451e-11,-7.9129740113398350e-05,-7.9132168865136732e-05,2.4287517383814617e-09,1.2863774614994538e-11,0
2618,2.8822200729232836e-10,-2.4439148541705209e-05,-2.4437862992202161e-05,-1.2855495030480839e-09,1.4749446991687292e-11,0
2619,5.4622614894598351e-10,-3.3392088204853287e-05,-3.3414151825134268e-05,2.2063620280980234e-08,1.5583028159736314e-11,0
2620,4.7027046427485964e-10,-2.7863283607767412e-05,-2.7859917037985095e-05,-3.3665697823170935e-09,1.0016789760119653e-11,0
2621,2.1543261412857020e-11,-7.9414717796578993e-05,-7.9415877295441423e-05,1.1594988624298065e-09,6.6214040290016623e-12,0
2622,2.8820719902057614e-10,-2.4724103525662709e-05,-2.4722635013458390e-05,-1.4685122043187743e-09,6.5081929336499279e-12,0
2623,-4.4872720271532339e-10,-5.1551454793886085e-05,-5.1557073658500687e-05,5.6188646146014174e-09,1.8723127905913098e-11,0
2624,-1.8206326546766363e-10,3.1391357335965476e-06,3.1362896426280125e-06,2.8460909685350656e-09,1.5192616341028943e-11,0
2625,2.6666393836433689e-10,5.4690571317192807e-05,5.4692936353635542e-05,-2.3650364427347842e-09,1.2614905180758344e-11,0
2626,-6.9812657389133188e-10,-5.1546361396882442e-05,-5.1560133744094583e-05,1.3772347212140607e-08,3.9844678581823651e-11,0
2627,1.6535599056083415e-10,8.6880075090417508e-06,8.6924560560637316e-06,-4.4485470219808625e-09,2.2991005560553138e-11,0
2628,-4.9027634065907081e-12,-3.3127311431117856e-05,-3.3136329496883909e-05,9.0180657660523947e-09,3.8888924727590988e-11,0
2629,1.6045322771422802e-10,-2.4439415128068003e-05,-2.4439327993221929e-05,-8.7134846074452465e-11,2.8451304222889929e-11,0
2631,2.5553765014674382e-11,-4.6001132338417509e-05,-4.5995938989954018e-05,-5.1933484634917476e-09,6.3269343780415227e-11,0
2634,1.5478410406552032e-14,2.8501225816118181e-07,2.8503350735520445e-07,-2.1249194022638063e-11,2.5173708285853874e-11,0
2635,3.1628115737501519e-10,-2.7573356198751404e-05,-2.7577146906062588e-05,3.7907073111839501e-09,2.0794215562039038e-11,0
2636,7.4848756962207910e-12,-7.9129485415465467e-05,-7.9132555884753675e-05,3.0704692882075604e-09,2.5328879368620785e-11,0
2637,1.6183363236762029e-10,-2.4437694011824446e-05,-2.4439219551746244e-05,1.5255399217974802e-09,2.4781193627482476e-11,0
2639,3.1626567896283341e-10,-2.7858381298164446e-05,-2.7862017944589779e-05,3.6366464253329435e-09,3.1493457862439481e-11,0
2640,7.4693972866137884e-12,-7.9414444485819552e-05,-7.9416266768051524e-05,1.8222822319716907e-09,2.0352170146167382e-11,0
2641,1.6181815395555271e-10,-2.4722623985013641e-05,-2.4723986650055328e-05,1.3626650416868186e-09,2.1491988704926260e-11,0
2642,-3.0879628189363979e-10,-5.1556126147522189e-05,-5.1555350511343227e-05,-7.7563617896216292e-10,3.1270302002873424e-11,0
2643,-1.5444752492261692e-10,3.1356422421340707e-06,3.1370393245923608e-06,-1.3970824582900370e-09,2.5059153731927376e-11,0
2644,1.5434875699228891e-10,5.4691741487962985e-05,5.4691963029492071e-05,-2.2154152908612345e-10,1.9941891916822086e-11,0
2645,5.0910735786713086e-10,5.5633385592814000e-06,5.5659610546023964e-06,-2.6224953209964274e-09,4.0008095908842576e-11,0
2646,2.4034617942585584e-10,-4.5984997912473791e-05,-4.5993334354910036e-05,8.3364424362450938e-09,3.6781097310671578e-11,0
2647,3.2258853921193493e-10,8.6952866214288181e-06,8.6947826478483056e-06,5.0397358051249225e-10,2.2721860413691711e-11,0
2648,-2.0434848021944292e-10,-3.3135220813908066e-05,-3.3138941500710890e-05,3.7206868028241105e-09,4.5579095053782825e-11,0
2649,2.0207619313193111e-14,2.8502269266265152e-07,2.8503358149959483e-07,-1.0888836943305785e-11,3.9766660529231894e-11,0
2650,3.0475887736668734e-10,-2.7571779022578322e-05,-2.7577432355431568e-05,5.6533328532454221e-09,2.6060329608847247e-11,0
2651,3.5997698630998110e-11,-7.9120131731684820e-05,-7.9132346782847732e-05,1.2215051162911680e-08,3.2918670385553823e-11,0
2652,1.1824005873833324e-10,-2.4439909345778162e-05,-2.4439626248754186e-05,-2.8309702397591387e-10,3.2833845941689772e-11,0
2653,-2.0436868783910056e-10,-3.3420098203732623e-05,-3.3423587678124326e-05,3.4894743917025361e-09,3.5864876013389782e-11,0
2655,3.5977491011116629e-11,-7.9405075480958563e-05,-7.9416059333427101e-05,1.0983852468537817e-08,3.0942033490651398e-11,0
2656,1.1821985112092016e-10,-2.4724907344906948e-05,-2.4724390159295397e-05,-5.1718561155038962e-10,3.0394609900381660e-11,0
2657,-2.6876117895297385e-10,-5.1548303835448339e-05,-5.1554855665016579e-05,6.5518295682393912e-09,4.1686192142044288e-11,0
2658,-1.8651881860515303e-10,3.1319289108379736e-06,3.1369157882796840e-06,-4.9868774417104178e-09,3.2175407462424617e-11,0
2659,8.2242360522609593e-11,5.4680247212427271e-05,5.4691344739706286e-05,-1.1097527279014998e-08,2.9718320967436305e-11,0
2660,3.7795481793263736e-10,5.5507657998809731e-06,5.5643506494213231e-06,-1.3584849540350011e-08,3.4432334985879835e-11,0
2661,5.7231110536231665e-11,-4.5999463230542593e-05,-4.5995624083191547e-05,-3.8391473510457005e-09,2.6588909389072161e-11,0
2662,1.6363419877702277e-10,8.6890374390701658e-06,8.6931222719334987e-06,-4.0848328633329574e-09,1.6819169024289272e-11,0
2663,-1.3648930545078552e-12,-3.3128064886795913e-05,-3.3136569078137121e-05,8.5041913412082300e-09,3.1755441447869201e-11,0
2664,2.1927816241410139e-14,2.8502397627106332e-07,2.8503362287004261e-07,-9.6465989792934672e-12,1.7780958607086314e-11,0
2665,3.7658992548354292e-10,-2.7577350916668103e-05,-2.7576731696506297e-05,-6.1922016180647162e-10,1.6561816842724451e-11,0
2666,5.5866218366956511e-11,-7.9127563133411447e-05,-7.9132280429877034e-05,4.7172964655871081e-09,2.4110457324023697e-11,0
2667,1.6226930623146848e-10,-2.4439085345036391e-05,-2.4438923654309808e-05,-1.6169072658333899e-10,2.1522964227354212e-11,0
2668,-1.3868208749299417e-12,-3.3413034812972316e-05,-3.3421204987599571e-05,8.1701746272556334e-09,2.1783232063106726e-11,0
2669,3.7656799766559473e-10,-2.7862377562590918e-05,-2.7861589695645846e-05,-7.8786694507180675e-10,2.0892266109804111e-11,0
2670,5.5844290548155466e-11,-7.9412520374846571e-05,-7.9415995028566877e-05,3.4746537203061327e-09,1.5837062803524731e-11,0
2671,1.6224737841109634e-10,-2.4724053754944346e-05,-2.4723683497466718e-05,-3.7025747762835476e-10,1.4471809764622454e-11,0
2672,-3.2072370715876616e-10,-5.1550220981694782e-05,-5.1555489599317269e-05,5.2686176224867954e-09,2.6253650064223802e-11,0
2673,-2.1432061923596924e-10,3.1382514601415237e-06,3.1369148409510414e-06,1.3366191904823061e-09,2.2137916320230993e-11,0
2674,1.0640308848158833e-10,5.4688458759758266e-05,5.4691977843640412e-05,-3.5190838821466219e-09,1.8994931171282878e-11,0
2675,2.8006854594469204e-10,5.5472884083760179e-06,5.5631487164687161e-06,-1.5860308092698164e-08,3.1615214798674010e-11,0
2676,-6.9075183899054362e-11,-4.6003486344165108e-05,-4.5997205864579324e-05,-6.2804795857845518e-09,1.9896287416619270e-11,0
2677,6.8548743133234424e-11,8.6864651762559586e-06,8.6921727267312680e-06,-5.7075504753094375e-09,1.8572661282631577e-11,0
2678,1.2117797069320467e-10,-3.3125224331349672e-05,-3.3135154151183877e-05,9.9298198342050192e-09,2.6026291994289179e-11,0
2679,2.0822835459202156e-14,2.8500124515989027e-07,2.8503362444976160e-07,-3.2379289871332249e-11,1.4859664516123318e-11,0
2680,4.0124651799024816e-10,-2.7578033964533388e-05,-2.7576564604258872e-05,-1.4693602745154708e-09,2.1708951737572745e-11,0
2681,5.2102788627476407e-11,-7.9128782005233496e-05,-7.9132459509118771e-05,3.6775038852755173e-09,3.4118652128094357e-11,0
2682,1.8972671492824285e-10,-2.4438779032808205e-05,-2.4438465343680871e-05,-3.1368912733342616e-10,2.7282906037481721e-11,0
2683,1.2115714786448812e-10,-3.3410201530943186e-05,-3.3419782349909079e-05,9.5808189658932292e-09,1.2427878766999235e-11,0
2684,4.0122569514984095e-10,-2.7862998597802754e-05,-2.7861417119103959e-05,-1.5814786987946173e-09,2.0869991776256885e-11,0
2685,5.2081965790552234e-11,-7.9413722158684814e-05,-7.9416175610613657e-05,2.4534519288421392e-09,1.5318525331203214e-11,0
2686,1.8970589208693621e-10,-2.4723713164148762e-05,-2.4723222114692545e-05,-4.9104945621731210e-10,1.5305291654193070e-11,0
2687,-3.4914372934689868e-10,-5.1550794168662289e-05,-5.1555835492776170e-05,5.0413241138805450e-09,3.3712761075839722e-11,0
2688,-2.1151980306915021e-10,3.1391771740650089e-06,3.1372039026981383e-06,1.9732713668705804e-09,3.0912203178248909e-11,0
2689,1.3762392697443889e-10,5.4689960790818559e-05,5.4692612886342925e-05,-2.6520955243654505e-09,2.4557482190227705e-11,0
2690,2.6378044567369168e-10,5.5473806986382559e-06,5.5629487169789666e-06,-1.5568018340710675e-08,4.5074408291140412e-11,0
2691,-8.5636185450866091e-11,-4.6004043803371509e-05,-4.5997431904269707e-05,-6.6118991018016449e-09,2.4815117977364759e-11,0
2692,6.3790303892631479e-11,8.6866826774865263e-06,8.6922744594452382e-06,-5.5917819587118469e-09,2.5434140800144103e-11,0
2693,1.2823439715126688e-10,-3.3125173401812175e-05,-3.3135133453176035e-05,9.9600513638598812e-09,3.4270495421803663e-11,0
2694,3.9201484414610952e-10,-2.7577803521007093e-05,-2.7576777629484956e-05,-1.0258915221370230e-09,1.7597390294701209e-11,0
2695,4.2598213478713166e-11,-7.9129230825761981e-05,-7.9132673832301548e-05,3.4430065395669573e-09,2.2583507582751352e-11,0
2696,1.9202470211529927e-10,-2.4438491131506881e-05,-2.4438348108074873e-05,-1.4302343200893919e-10,2.2443043505894358e-11,0
2697,-3.4941663068835303e-10,-5.1551419088005992e-05,-5.1555836586466704e-05,4.4174984607114496e-09,2.5485760328750833e-11,0
2698,-1.9999014202643661e-10,3.1392946764530368e-06,3.1375325790644670e-06,1.7620973885697676e-09,2.4241656594733410e-11,0
2699,1.4942648925153087e-10,5.4690758549792023e-05,5.4692942720680393e-05,-2.1841708883695542e-09,2.1110975647128741e-11,0
2701,-7.4548482475605842e-10,-4.6004966879893954e-05,-4.6005562777632659e-05,5.9589773870535878e-10,7.5965466497331516e-11,0
2702,-6.6771259241233166e-10,8.6684222761687635e-06,8.6834948550804542e-06,-1.5072578911690701e-08,5.2998568311246007e-11,0
2703,1.0402982016489031e-09,-3.3111520408571002e-05,-3.3124017688558304e-05,1.2497279987301884e-08,7.2810186211138067e-11,0
2704,4.8694683853928035e-14,2.8500104909303102e-07,2.8503399187914394e-07,-3.2942786112920633e-11,3.2045362795862520e-11,0
2705,8.9283102637756542e-10,-2.7584174140087535e-05,-2.7570754144629247e-05,-1.3419995458287552e-08,2.6690096459267353e-11,0
2706,2.9481339184706721e-10,-7.9116518894396803e-05,-7.9129700292502488e-05,1.3181398105684941e-08,3.3951496817419779e-11,0
2707,3.7258561888622615e-10,-2.4443290796045090e-05,-2.4436018513765290e-05,-7.2722822798003449e-09,3.1137111716058288e-11,0
2708,1.0402495069649317e-09,-3.3396558815526611e-05,-3.3408633427083947e-05,1.2074611557335582e-08,6.1880573580774738e-11,0
2709,8.9278233165796880e-10,-2.7869230823616108e-05,-2.7855597902439825e-05,-1.3632921176282437e-08,3.6705232859607077e-11,0
2710,2.9476469712851852e-10,-7.9401595558577058e-05,-7.9413419258363209e-05,1.1823699786150900e-08,2.4150463650779912e-11,0
2711,3.7253692420215053e-10,-2.4728159161543223e-05,-2.4720770539786162e-05,-7.3886217570605145e-09,2.4137240535765164e-11,0
2712,-5.9801763132290143e-10,-5.1532464349152846e-05,-5.1558886273313429e-05,2.6421924160583668e-08,3.9342693982785616e-11,0
2713,-5.2024541043271716e-10,3.1409199795198517e-06,3.1338366858933376e-06,7.0832936265140228e-09,3.2956623290578582e-11,0
2714,7.7772231830892646e-11,5.4673416331640912e-05,5.4692296595728281e-05,-1.8880264087369251e-08,2.5995332496628322e-11,0
2716,3.5410632098862794e-10,-2.7578310119666220e-05,-2.7577565648794175e-05,-7.4447087204456710e-10,3.0684618556335786e-11,0
2717,-9.2236184681003094e-11,-7.9133607385633003e-05,-7.9134645348354689e-05,1.0379627216863981e-09,3.8162173395403540e-11,0
2718,3.1571490156917212e-10,-2.4436377739300852e-05,-2.4436541256908069e-05,1.6351760721687201e-10,3.5714189279658256e-11,0
2719,3.5410794861495689e-10,-2.7863260086501964e-05,-2.7862400861731953e-05,-8.5922477001114275e-10,5.1997492859578752e-11,0
2720,-9.2234557055296483e-11,-7.9418419928012438e-05,-7.9418365893507324e-05,-5.4034505114677195e-11,3.8017449051679526e-11,0
2721,3.1571652919309516e-10,-2.4721391429499825e-05,-2.4721288233211637e-05,-1.0319628818809151e-10,3.7368505902995935e-11,0
2722,-4.4634250565835282e-10,-5.1555224428529150e-05,-5.1557019422180811e-05,1.7949936516610640e-09,4.8523637198774891e-11,0
2723,-3.8391419397123112e-11,3.1419330307936471e-06,3.1401223220330357e-06,1.8107087606114611e-09,3.7258810353531223e-11,0
2724,4.0795108631151254e-10,5.4697133152257268e-05,5.4696715507379866e-05,4.1764487740170208e-10,3.4956018311454009e-11,0
2725,1.6580567771019031e-10,5.5526579899727599e-06,5.5617456973956505e-06,-9.0877074228905470e-09,4.4218605202158947e-11,0
2726,-1.6038595803666717e-10,-4.6018377416860018e-05,-4.5998477689453689e-05,-1.9899727406328456e-08,2.7794867476764998e-11,0
2727,9.1295590576035083e-11,8.6853159560716653e-06,8.6935153232834482e-06,-8.1993672117829206e-09,2.4643576555341629e-11,0
2728,1.0156249549764736e-10,-3.3116328768539871e-05,-3.3135832821527609e-05,1.9504052987738107e-08,3.5132440382021358e-11,0
2730,2.6736817398061024e-10,-2.7563666262523864e-05,-2.7578870181870773e-05,1.5203919346908914e-08,1.8715993309289305e-11,0
2731,-5.8823461625698141e-11,-7.9134619785769709e-05,-7.9134469631525825e-05,-1.5015424388348415e-10,2.7462168938736157e-11,0
2732,1.9285808665849213e-10,-2.4430972343696643e-05,-2.4437835907273000e-05,6.8635635763567438e-09,2.6706500275266773e-11,0
2733,1.0155655214352873e-10,-3.3401287241094368e-05,-3.3420423294214169e-05,1.9136053119800714e-08,2.2729725655928927e-11,0
2734,2.6736223062372262e-10,-2.7848689621939871e-05,-2.7863695830264546e-05,1.5006208324675705e-08,2.3365763231708585e-11,0
2735,-5.8829404979244608e-11,-7.9419655343992241e-05,-7.9418192946504047e-05,-1.4623974881939781e-09,1.7155240990681114e-11,0
2736,1.9285214330477138e-10,-2.4715988113020899e-05,-2.4722577577214322e-05,6.5894641934224841e-09,1.5897451462963618e-11,0
2737,-3.2619163573709577e-10,-5.1570967283271624e-05,-5.1555538681469829e-05,-1.5428601801794381e-08,3.1623490062623952e-11,0
2738,-7.4510087146287164e-11,3.1326195303570115e-06,3.1401283976271553e-06,-7.5088672701438062e-09,3.0813360491315882e-11,0
2739,2.5168154830957125e-10,5.4703664712952779e-05,5.4695240996714078e-05,8.4237162387013477e-09,2.4119071421377019e-11,0
2740,-6.8167042661764316e-12,5.5355935044999749e-06,5.5596260893541836e-06,-2.4032584854208733e-08,4.4739832705680814e-11,0
2741,-3.9514651647835923e-10,-4.6019402452511862e-05,-4.6001409759414945e-05,-1.7992693096916814e-08,4.2311627673025847e-11,0
2742,-1.2042261884833788e-10,8.6770227152015850e-06,8.6912649025116122e-06,-1.4242187310027233e-08,2.8730459677426517e-11,0
2743,3.6702444010553431e-10,-3.3113498577850425e-05,-3.3132717049407861e-05,1.9218471557435289e-08,4.6301085947936572e-11,0
2745,3.6020773829515646e-10,-2.7577926320776795e-05,-2.7577947554268719e-05,2.1233491923961694e-11,2.1494148591319029e-11,0
2746,-2.8122073637224598e-11,-7.9132865543797212e-05,-7.9134305514003722e-05,1.4399702065096389e-09,1.7969013990229165e-11,0
2747,2.4660182309051804e-10,-2.4436382369948226e-05,-2.4436981884147608e-05,5.9951419938242636e-10,2.4766880730413371e-11,0
2748,3.6701591424834143e-10,-3.3398489502609041e-05,-3.3417295222625421e-05,1.8805720016380062e-08,2.7346196350017734e-11,0
2749,3.6019921243643853e-10,-2.7862883965488507e-05,-2.7862764470045405e-05,-1.1949544310188532e-10,2.2086230828177811e-11,0
2750,-2.8130599497375480e-11,-7.9417860390695351e-05,-7.9418031289983629e-05,1.7089928827835905e-10,1.0227577355362543e-11,0
2751,2.4659329722971680e-10,-2.4721366742751249e-05,-2.4721718685833460e-05,3.5194308221119853e-10,1.2331970199712336e-11,0
2752,-3.8832981197102455e-10,-5.1555014075893232e-05,-5.1556296746133985e-05,1.2826702407525118e-09,4.5972305542407870e-11,0
2753,-1.1360591512437365e-10,3.1415307979484712e-06,3.1400563381334128e-06,1.4744598150584076e-09,2.3662560444540232e-11,0
2754,2.7472389698875053e-10,5.4696424858681134e-05,5.4695927142059968e-05,4.9771662116569358e-10,3.9201244499346316e-11,0
2755,-1.2049543720077007e-10,-7.9138153334929254e-05,-7.9135597027665553e-05,-2.5563072637006150e-09,3.4536674180827418e-11,0
2756,2.3210870765082123e-10,-2.4413540508196399e-05,-2.4437016423883551e-05,2.3475915687151932e-08,3.4014655409482986e-11,0
2757,3.5260414484615357e-10,5.4724603549414358e-05,5.4697181337701082e-05,2.7422211713275582e-08,2.6115946847182801e-11,0
2759,2.4377650934114245e-10,-2.7570655100423759e-05,-2.7579627759403194e-05,8.9726589794351691e-09,2.8175768136131840e-11,0
2760,-1.1270269422676413e-10,-7.9137064316416299e-05,-7.9135589468690026e-05,-1.4748477262729745e-09,3.3607964554288050e-11,0
2761,2.3637851597672025e-10,-2.4425826272879772e-05,-2.4436883631156124e-05,1.1057358276352433e-08,3.3841827511735762e-11,0
2762,2.4377917149266405e-10,-2.7855669984246274e-05,-2.7864434433706676e-05,8.7644494604021371e-09,2.6836722693518154e-11,0
2763,-1.1270003207296245e-10,-7.9422082856028461e-05,-7.9419317907941799e-05,-2.7649480866621728e-09,1.7449619122968775e-11,0
2764,2.3638117813024110e-10,-2.4710805394208626e-05,-2.4721614646460698e-05,1.0809252252071144e-08,1.6883659791112610e-11,0
2765,-3.5647920345189407e-10,-5.1566436166140817e-05,-5.1555899982180364e-05,-1.0536183960452999e-08,6.2377107296528028e-11,0
2766,-7.3979932164529599e-12,3.1448212651734439e-06,3.1418308130890007e-06,2.9904520844431505e-09,3.2800848923820044e-11,0
2767,3.4908121018872633e-10,5.4711247211207056e-05,5.4697305014657196e-05,1.3942196549860070e-08,1.9584248604371545e-11,0
2769,-1.4944776010025518e-10,-7.9139813404483297e-05,-7.9136210131850081e-05,-3.6032726332167015e-09,2.9696379534173512e-11,0
2770,2.5004806659628973e-10,-2.4399216634071394e-05,-2.4436561237770638e-05,3.7344603699244078e-08,3.3196103692854687e-11,0
2771,-1.4943963190443044e-10,-7.9424778672810073e-05,-7.9419940438134247e-05,-4.8382346758254948e-09,3.3486982184238747e-11,0
2772,2.5005619479167996e-10,-2.4684188971195106e-05,-2.4721288284711776e-05,3.7099313516669323e-08,3.5143676230939479e-11,0
2773,3.9949582678232118e-10,5.4740591335712338e-05,5.4698245077366160e-05,4.2346258346177585e-08,2.5658833634735996e-11,0
2774,1.6904222175454534e-09,5.5917455091952784e-06,5.5804662679322732e-06,1.1279241263005191e-08,5.6779329312914733e-11,0
2776,2.2332987209738656e-10,-2.7582282988264720e-05,-2.7580256739064887e-05,-2.0262491998328312e-09,2.0879645915383668e-11,0
2777,-2.3321766785291743e-10,-7.9136703248789547e-05,-7.9137439390439843e-05,7.3614165029553882e-10,2.7413197909826069e-11,0
2778,3.6925209778351830e-10,-2.4434253829056125e-05,-2.4434914563464020e-05,6.6073440789456194e-10,3.3419599491720217e-11,0
2779,2.2335331493648395e-10,-2.7867238508536268e-05,-2.7865047918323770e-05,-2.1905902124973967e-09,3.5976704705562042e-11,0
2780,-2.3319422500900138e-10,-7.9421632659907627e-05,-7.9421171798710089e-05,-4.6086119753871620e-10,2.5263279649807128e-11,0
2781,3.6927554062532443e-10,-2.4719247595344704e-05,-2.4719636803282596e-05,3.8920793789200183e-10,2.0311443326912995e-11,0
2782,-4.5654754030912426e-10,-5.1554438026272902e-05,-5.1557120149763444e-05,2.6821234905426605e-09,2.7165773979370156e-11,0
2783,1.4592222567388123e-10,3.1479004547292286e-06,3.1444228526743287e-06,3.4776020548999230e-09,3.9951025467027252e-11,0
2784,6.0246976578226851e-10,5.4702396021046908e-05,5.4701117465559310e-05,1.2785554875976079e-09,3.0693357129380210e-11,0
2785,-2.7949862822379245e-14,2.8498569349686202e-07,2.8503321121189642e-07,-4.7517715034399663e-11,9.9876386527976457e-12,0
2786,1.5530236297990258e-10,-2.7587299828242887e-05,-2.7581247083400644e-05,-6.0527448422424788e-09,1.3134839649656954e-11,0
2787,-2.6971752602961504e-10,-7.9140331535335756e-05,-7.9138039417303338e-05,-2.2921180324180250e-09,1.9192420973492263e-11,0
2788,1.5533031284385414e-10,-2.7872300210399908e-05,-2.7866031955059388e-05,-6.2682553405207829e-09,1.1457134973777671e-11,0
2789,-2.6968957616282217e-10,-7.9425237047721451e-05,-7.9421773503230119e-05,-3.4635444913315699e-09,9.0783076124875125e-12,0
2790,-4.2501988952033562e-10,-5.1553014064823280e-05,-5.1556729514544997e-05,3.7154497217170611e-09,2.0842952293266356e-11,0
2791,-1.3604326280995627e-10,-7.9169252976084986e-05,-7.9136516002958551e-05,-3.2736973126434800e-08,1.7860989402867292e-11,0
2792,-6.3881098098054043e-10,3.1405188174041861e-06,3.1353225430858328e-06,5.1962743183533135e-09,2.1330171376408674e-11,0
2793,2.4885646557226203e-10,5.5490828111126600e-06,5.5627654673454519e-06,-1.3682656232791918e-08,3.2020931205409061e-11,0
2794,-1.0508728117677390e-10,-4.6001160703728261e-05,-4.5998089232954768e-05,-3.0714707734927783e-09,1.8244774856918527e-11,0
2795,5.2290170011702928e-11,8.6914404405433188e-06,8.6950873310368526e-06,-3.6468904935338094e-09,1.6291551197473089e-11,0
2796,1.4421686655729115e-10,-3.3128672613319532e-05,-3.3136153561264300e-05,7.4809479447677965e-09,2.8624838242415597e-11,0
2797,1.9027511553070714e-14,2.8503365556652526e-07,2.8503381880001360e-07,-1.6323348834662612e-13,1.9077607970225365e-11,0
2798,3.9307333305472637e-10,-2.7579579823208559e-05,-2.7578603002930536e-05,-9.7682027802231740e-10,1.6564797671482738e-11,0
2799,3.9129586568268627e-11,-7.9129843393001102e-05,-7.9134516927851860e-05,4.6735348507582607e-09,2.0170078414286634e-11,0
2800,1.9650703732288617e-10,-2.4437243109530753e-05,-2.4436651165593710e-05,-5.9194393704347379e-10,1.9833658664973654e-11,0
2801,1.4419783903990684e-10,-3.3413630976509255e-05,-3.3420671778385132e-05,7.0408018758771548e-09,1.9055036737733599e-11,0
2802,3.9305430553899880e-10,-2.7864604051584769e-05,-2.7863377342494095e-05,-1.2267090906743392e-09,2.2086324511295254e-11,0
2803,3.9110559053514244e-11,-7.9414806403865432e-05,-7.9418254669773420e-05,3.4482659079878740e-09,1.4763916595096090e-11,0
2804,1.9648800980807278e-10,-2.4722194872175279e-05,-2.4721364220598776e-05,-8.3065157650372037e-10,1.4041632794522355e-11,0
2805,-3.5394374650425447e-10,-5.1550246692710563e-05,-5.1555850540987376e-05,5.6038482768120410e-09,2.1808732000310938e-11,0
2806,-1.9656629572067913e-10,3.1423427039895674e-06,3.1410256703981790e-06,1.3170335913883966e-09,2.0398561051322093e-11,0
2807,1.5737745135571272e-10,5.4692619823045602e-05,5.4696450952178735e-05,-3.8311291331336950e-09,1.5123800141398611e-11,0
2808,-1.0088521412764196e-10,5.5390373146068511e-06,5.5584710342120377e-06,-1.9433719605186618e-08,1.8701909224740886e-11,0
2809,-5.3119618641521261e-10,-4.6010475375661986e-05,-4.6003359184903364e-05,-7.1161907586221596e-09,1.4502977734087266e-11,0
2810,-2.8227136822093892e-10,8.6829846716388048e-06,8.6912462278724642e-06,-8.2615562336594141e-09,1.0761782405718472e-11,0
2811,5.6081039408946941e-10,-3.3120303816440086e-05,-3.3131148174459829e-05,1.0844358019742792e-08,2.8061667108713356e-11,0
2812,1.4755130054509731e-14,2.8503360060588207e-07,2.8503378488811613e-07,-1.8428223405718723e-13,1.2568579916991751e-11,0
2813,4.5992518336715151e-10,-2.7581287324543111e-05,-2.7577948255468688e-05,-3.3390690744226307e-09,9.1851641404363894e-12,0
2814,2.9614211469976433e-11,-7.9130795132571069e-05,-7.9134796462129910e-05,4.0013295588405082e-09,1.0584563727634334e-11,0
2815,2.7853902844433484e-10,-2.4437337968070613e-05,-2.4435495540457005e-05,-1.8424276136080160e-09,1.1157113343269696e-11,0
2816,5.6079563895509757e-10,-3.3405291824901290e-05,-3.3415656914015471e-05,1.0365089114181556e-08,2.0105236724018742e-11,0
2817,4.5991042823040292e-10,-2.7866295024588615e-05,-2.7862715843723370e-05,-3.5791808652447111e-09,1.2726868277658255e-11,0
2818,2.9599456333947841e-11,-7.9415763384560641e-05,-7.9418536008374720e-05,2.7726238140796632e-09,7.9480080159259307e-12,0
2819,2.7852427331587124e-10,-2.4722316355938433e-05,-2.4720204797805241e-05,-2.1115581331918520e-09,8.3847408124193359e-12,0
2820,-4.3031097179113540e-10,-5.1549524553605106e-05,-5.1556784482281414e-05,7.2599286763086164e-09,1.0380496982521069e-11,0
2821,-1.8138615515176318e-10,3.1439270449884569e-06,3.1415239072936006e-06,2.4031376948562974e-09,9.1245040063522031e-12,0
2822,2.4892481772996594e-10,5.4693465064675761e-05,5.4697883237511085e-05,-4.4181728353233211e-09,7.4533258374983086e-12,0
2823,-6.0745377845651777e-12,5.5391143079005362e-06,5.5596352023210218e-06,-2.0520894420485619e-08,2.2538812377753084e-11,0
2824,-5.2554630967343645e-10,-4.5986465161090666e-05,-4.6003330147292364e-05,1.6864986201698491e-08,1.5540284228069975e-11,0
2825,-4.6393874778119799e-10,8.6834226882877980e-06,8.6893002880954244e-06,-5.8775998076264030e-09,1.2525543445997949e-11,0
2826,7.7625279017289140e-10,-3.3125372952477663e-05,-3.3128620023983265e-05,3.2470715056020084e-09,2.3412404779350714e-11,0
2828,7.7017825728265888e-10,-2.7586213020816715e-05,-2.7574315890187161e-05,-1.1897130629554074e-08,1.9442114320481023e-11,0
2829,2.5070648622042275e-10,-7.9111860115900143e-05,-7.9132255241129028e-05,2.0395125228885079e-08,2.0262355242472890e-11,0
2830,3.1231404630066413e-10,-2.4441943265141389e-05,-2.4434922565501909e-05,-7.0206996394801368e-09,1.9127433320966209e-11,0
2831,7.7620916392339853e-10,-3.3410317499989618e-05,-3.3413119064598133e-05,2.8015646085156236e-09,1.3063362448479943e-11,0
2832,7.7013463105656943e-10,-2.7871187110407522e-05,-2.7859076687507427e-05,-1.2110422900094654e-08,2.1874340172165468e-11,0
2833,2.5066285996852507e-10,-7.9396781624931252e-05,-7.9415997122447366e-05,1.9215497516113646e-08,1.2989374634731530e-11,0
2834,3.1227042007443846e-10,-2.4726853247029543e-05,-2.4719628182478110e-05,-7.2250645514328291e-09,1.2161047645758370e-11,0
2835,-5.1947176941472421e-10,-5.1525588605081524e-05,-5.1557875263402508e-05,3.2286658320984174e-08,2.2042601922581493e-11,0
2836,-4.5786421295737433e-10,3.1442913720527424e-06,3.1384617001174759e-06,5.8296719352664281e-09,1.9042472683003046e-11,0
2837,6.1607563444729691e-11,5.4669910805374075e-05,5.4695911925807421e-05,-2.6001120433345531e-08,1.5652195055185480e-11,0
2844,3.2363797193133864e-11,-7.9125467348106597e-05,-7.9135070467317860e-05,9.6031192112634289e-09,4.2947562354518352e-11,0
2847,6.4385384951060313e-10,-2.7869860746161657e-05,-2.7860758793641114e-05,-9.1019525205423332e-09,2.4186977939612551e-11,0
2848,3.2356314646400778e-11,-7.9410424924074470e-05,-7.9418813436678452e-05,8.3885126039823883e-09,1.6111695820272907e-11,0
2849,4.7141178428708293e-10,-2.4724503511265074e-05,-2.4717548615323320e-05,-6.9548959417537446e-09,1.6144867074709160e-11,0
2850,-6.1149753484481025e-10,-5.1540631736686493e-05,-5.1559002132257138e-05,1.8370395570645225e-08,4.1814241604621343e-11,0
2851,-1.7244206713697176e-10,3.1453023100715797e-06,3.1422236315291199e-06,3.0786785424597722e-09,3.2909020996172955e-11,0
2852,4.3905547134637770e-10,5.4685902398840178e-05,5.4700800814420197e-05,-1.4898415580018862e-08,2.7928099712712990e-11,0
2853,-4.6021905864234752e-10,-5.1553975852673163e-05,-5.1557141719053100e-05,3.1658663799365031e-09,1.9869719616048155e-11,0
2854,7.6035024881512536e-11,3.1469893493124221e-06,3.1455137285960800e-06,1.4756207163420938e-09,1.5577613789289541e-11,0
2855,5.3625408329674835e-10,5.4700972248308095e-05,5.4702230580373655e-05,-1.2583320655598575e-09,1.4206578770665029e-11,0
2856,2.3151392060480611e-11,-3.3132553152425456e-05,-3.3138057772654662e-05,5.5046202292058648e-09,3.9755619963816120e-11,0
2858,-3.4395707702290889e-11,-4.5999135032048603e-05,-4.5997394225976625e-05,-1.7408060719786627e-09,5.2699466348811193e-11,0
2861,1.3975192770662706e-14,2.8496599191883191e-07,2.8503384162091757e-07,-6.7849702085657576e-11,2.9889846834719260e-11,0
2862,3.2045752162823283e-10,-2.7575414556363365e-05,-2.7580254632153155e-05,4.8400757897906093e-09,2.6573348634655419e-11,0
2863,-3.9481608577746775e-12,-7.9131455452357766e-05,-7.9135790209137512e-05,4.3347567797459010e-09,2.9477144091801277e-11,0
2864,1.7657557978242447e-10,-2.4435161630063994e-05,-2.4436217132159398e-05,1.0555020954043117e-09,3.2005130752843675e-11,0
2865,3.0433571494031713e-11,-3.3417180862120414e-05,-3.3422528400809232e-05,5.3475386888174044e-09,7.1770367010369769e-11,0
2866,3.2044354643728691e-10,-2.7860448369347937e-05,-2.7864998262446226e-05,4.5498930982890216e-09,3.7294300877847120e-11,0
2867,-3.9621360506978695e-12,-7.9416392659414220e-05,-7.9419536383805610e-05,3.1437243913900190e-09,2.2662801422959620e-11,0
2868,1.7656160459296546e-10,-2.4720077294302246e-05,-2.4720912990852496e-05,8.3569655025034131e-10,2.2085402403804947e-11,0
2869,-3.2440568267187574e-10,-5.1556022878522663e-05,-5.1555470635519614e-05,-5.5224300304944959e-10,3.2316479702973454e-11,0
2870,-1.4388194175250347e-10,3.1402653973902628e-06,3.1430992515036961e-06,-2.8338541134333657e-09,2.5920559759752771e-11,0
2871,1.8052374094186639e-10,5.4696313881774650e-05,5.4698145117959333e-05,-1.8312361846836169e-09,2.0303411799115924e-11,0
2872,4.7365782407624018e-10,5.5690113353826926e-06,5.5655257743332380e-06,3.4855610494545261e-09,4.0404269686808263e-11,0
2873,1.7575239822044815e-10,-4.5976176095795587e-05,-4.5994847563186349e-05,1.8671467390761996e-08,3.3418748494142034e-11,0
2874,2.9880719494867752e-10,8.7021031371942864e-06,8.6995735263662194e-06,2.5296108280670573e-09,2.4842646111391157e-11,0
2875,-1.5776703758449635e-10,-3.3139722030959065e-05,-3.3140462432759400e-05,7.4040180033534998e-10,4.6281174608809920e-11,0
2876,1.8520928325536427e-14,2.8497750680516099e-07,2.8503391397616514e-07,-5.6407171004151171e-11,3.8687001149812301e-11,0
2877,3.1589078595366967e-10,-2.7570787896086246e-05,-2.7580458828232637e-05,9.6709321463911153e-09,2.7743090366120094e-11,0
2878,1.7985359695391293e-11,-7.9115900249491534e-05,-7.9135665961045147e-05,1.9765711553612294e-08,3.4348378507164923e-11,0
2879,1.4104015688360332e-10,-2.4437583766816554e-05,-2.4436521175048689e-05,-1.0625917678643904e-09,3.2209352792601974e-11,0
2880,-1.5778555851199307e-10,-3.3424679850298233e-05,-3.3424929119751768e-05,2.4926945353480594e-10,4.6412781751519016e-11,0
2881,3.1587226502426702e-10,-2.7855794828007471e-05,-2.7865196541201992e-05,9.4017131945211543e-09,4.7647255139453078e-11,0
2882,1.7966838765847701e-11,-7.9400910466804683e-05,-7.9419413847161489e-05,1.8503380356805739e-08,3.1467712573995245e-11,0
2883,1.4102163595574559e-10,-2.4722544981300564e-05,-2.4721213750091228e-05,-1.3312312093363492e-09,3.1687877032664353e-11,0
2884,-2.9790542648099063e-10,-5.1545114671201851e-05,-5.1555141887785358e-05,1.0027216583507819e-08,3.9652144972173997e-11,0
2885,-1.7485062903933912e-10,3.1331004821787828e-06,3.1429970500007483e-06,-9.8965678219654739e-09,2.9793416824861452e-11,0
2886,1.2305479757772178e-10,5.4678257792352414e-05,5.4697714264253586e-05,-1.9456471901172488e-08,2.8648018792147441e-11,0
2887,2.5875723755897146e-10,5.5500614811096992e-06,5.5628870376521493e-06,-1.2825556542450133e-08,1.7707846470593019e-11,0
2888,-9.8361910316992517e-11,-4.5998109280544902e-05,-4.5998259386369055e-05,1.5010582415307368e-10,1.1729126396918708e-11,0
2889,5.2424203227669762e-11,8.6942881999075780e-06,8.6968729921496842e-06,-2.5847922421062423e-09,1.0736553531241320e-11,0
2890,1.4470217328447034e-10,-3.3130864785511135e-05,-3.3136882177945890e-05,6.0173924347549194e-09,1.5828009254949491e-11,0
2891,2.0084818880659555e-14,2.8506894300250979e-07,2.8503395574586360e-07,3.4987256646184518e-11,1.4460680226930229e-11,0
2892,4.0345941143293638e-10,-2.7580768323294991e-05,-2.7579585694344625e-05,-1.1826289503660619e-09,1.6276203953193310e-11,0
2893,4.6340263700320880e-11,-7.9128930014120760e-05,-7.9135515741879020e-05,6.5857277582601547e-09,2.1496140673197831e-11,0
2894,1.9712637699954512e-10,-2.4436613189992781e-05,-2.4435651988979487e-05,-9.6120101329401570e-10,2.0076401497072986e-11,0
2895,1.4468208846309849e-10,-3.3415897462535024e-05,-3.3421337416929857e-05,5.4399543948324106e-09,9.9689134854086812e-12,0
2896,4.0343932661199706e-10,-2.7865897981592505e-05,-2.7864315276250663e-05,-1.5827053418425495e-09,1.9141279905779579e-11,0
2897,4.6320178886199342e-11,-7.9414001519438962e-05,-7.9419265906284384e-05,5.2643868454218482e-09,1.4062721596028503e-11,0
2898,1.9710629217569312e-10,-2.4721617210353257e-05,-2.4720340026568866e-05,-1.2771837843908581e-09,1.3080505662755677e-11,0
2899,-3.5711914772162746e-10,-5.1548159312053352e-05,-5.1555864388297095e-05,7.7050762437431931e-09,2.4291436669746971e-11,0
2900,-2.0633303443913285e-10,3.1441727780219877e-06,3.1429898892367646e-06,1.1828887852231089e-09,2.0481823983387499e-11,0
2901,1.5078611393036561e-10,5.4692347476091585e-05,5.4698429734357058e-05,-6.0822582654724579e-09,1.7995552599441502e-11,0
2902,1.2803600063074269e-10,5.5480940936202330e-06,5.5612819283852553e-06,-1.3187834765022217e-08,3.9744511692500936e-11,0
2903,-2.3358179918166633e-10,-4.6004892085278141e-05,-4.5999957549473013e-05,-4.9345358051278631e-09,2.8425124331637408e-11,0
2904,-2.2626567252230746e-11,8.6927794881001830e-06,8.6962183883481154e-06,-3.4389002479323833e-09,2.3303745175408208e-11,0
2905,2.3761155853462162e-10,-3.3127876584601763e-05,-3.3135851267122006e-05,7.9746825202425820e-09,3.6731421437477019e-11,0
2906,1.3434495516629410e-14,2.8508295255197757e-07,2.8503389263552410e-07,4.9059916453469627e-11,3.6486073966226523e-11,0
2907,3.6564756032977898e-10,-2.7579809021519713e-05,-2.7580216099020236e-05,4.0707750052296492e-10,2.6095621499123804e-11,0
2908,4.0297607270887348e-12,-7.9132725638377498e-05,-7.9136197963317149e-05,3.4723249396509479e-09,3.9242842881450392e-11,0
2909,2.1498499221559801e-10,-2.4435090306314678e-05,-2.4435284340477445e-05,1.9403416276730619e-10,3.3163899312868698e-11,0
2910,2.3759812404159701e-10,-3.3412887287896827e-05,-3.3420296999342304e-05,7.4097114454769629e-09,3.1858786961334662e-11,0
2911,3.6563412583419581e-10,-2.7864929308201846e-05,-2.7864938900418902e-05,9.5922170556474347e-12,4.1914643812943437e-11,0
2912,4.0163262283000322e-12,-7.9417739736459617e-05,-7.9419949902847386e-05,2.2101663877695504e-09,3.0623270996297334e-11,0
2913,2.1497155772015091e-10,-2.4720151968132733e-05,-2.4719968551211549e-05,-1.8341692118432505e-10,2.9989981450737714e-11,0
2914,-3.6161779965565765e-10,-5.1552838523506554e-05,-5.1555915864616057e-05,3.0773411095026074e-09,4.5402070896598416e-11,0
2915,-1.5066256805097313e-10,3.1447466501115934e-06,3.1439853016387779e-06,7.6134847281551939e-10,3.3077271974179854e-11,0
2916,2.1095523188560338e-10,5.4697638372449772e-05,5.4699476730210049e-05,-1.8383577602771239e-09,2.9296792247337609e-11,0
2917,1.0339986968993475e-10,5.5504596313985877e-06,5.5609794244998677e-06,-1.0519793101280002e-08,3.8315784502567326e-11,0
2919,4.0400655933017571e-11,8.6894079210971670e-06,8.6973593270949951e-06,-7.9514059978280817e-09,2.2593360935495471e-11,0
2920,1.6173331394700976e-10,-3.3118229038512498e-05,-3.3136934094752003e-05,1.8705056239505394e-08,3.2082532251642678e-11,0
2922,2.6513318446826221e-10,-2.7567734484552214e-05,-2.7581678714119245e-05,1.3944229567030344e-08,1.8974849587678713e-11,0
2923,-6.5670324365416029e-11,-7.9137206057951258e-05,-7.9137277508992617e-05,7.1451041359026600e-11,2.4730722816486742e-11,0
2924,2.0213397052834617e-10,-2.4428845611380347e-05,-2.4435238134836962e-05,6.3925234566157021e-09,2.3666887356657417e-11,0
2925,1.6172898078873659e-10,-3.3403228526619061e-05,-3.3421366755698610e-05,1.8138229079548633e-08,2.6470227119150797e-11,0
2926,2.6512885131172543e-10,-2.7852790281574641e-05,-2.7866392192846522e-05,1.3601911271880648e-08,2.6188944499978645e-11,0
2927,-6.5674657522005739e-11,-7.9422195541087553e-05,-7.9421031889845606e-05,-1.1636512419469685e-09,2.0208338517641683e-11,0
2928,2.0212963737253286e-10,-2.4713822431806677e-05,-2.4719917084171365e-05,6.0946523646878228e-09,1.8356494988633968e-11,0
2929,-3.3080350891690378e-10,-5.1569433269837983e-05,-5.1555532327081920e-05,-1.3900942756062682e-08,3.0942423437391900e-11,0
2930,-6.2999213773181442e-11,3.1389554654521687e-06,3.1454904913118730e-06,-6.5350258597043054e-09,2.5847390720045297e-11,0
2931,2.6780429491752559e-10,5.4708400737975456e-05,5.4700598529655506e-05,7.8022083199494568e-09,2.3217335071282236e-11,0
2933,-9.3418339043694118e-10,-4.6039852325903755e-05,-4.6008669811222645e-05,-3.1182514681109893e-08,7.1936160707998432e-11,0
2934,-5.4565681168338545e-10,8.6599382675134340e-06,8.6905702785935738e-06,-3.0632011080139845e-08,7.8294441674519112e-11,0
2937,3.7882227547969366e-10,-2.7582429951778561e-05,-2.7580536070052050e-05,-1.8938817265103981e-09,3.2235968013857681e-11,0
2938,-6.0980431678743713e-11,-7.9134694809038231e-05,-7.9137468034123662e-05,2.7732250854317067e-09,3.6525387912622129e-11,0
2939,3.2754614653410096e-10,-2.4434804840140975e-05,-2.4433471958433538e-05,-1.3328817074373064e-09,3.5445266010298862e-11,0
2940,8.7320423916238565e-10,-3.3379700377863392e-05,-3.3412783884313849e-05,3.3083506450457033e-08,7.1533579295143124e-11,0
2941,3.7882355868732277e-10,-2.7867510951078752e-05,-2.7865239264072169e-05,-2.2716870065825692e-09,4.0294461204530624e-11,0
2942,-6.0979148465227035e-11,-7.9419610694336090e-05,-7.9421225177608423e-05,1.6144832723323510e-09,2.7388774243369256e-11,0
2943,3.2754742974184748e-10,-2.4719850546888866e-05,-2.4718145127380294e-05,-1.7054195085719080e-09,2.4696789646380958e-11,0
2944,-4.3980270724411570e-10,-5.1552260811426991e-05,-5.1556864977102577e-05,4.6041656755863806e-09,4.9199583189660650e-11,0
2945,-5.1276129122465173e-11,3.1476527128085005e-06,3.1461099964597404e-06,1.5427163487601562e-09,4.5952554341836558e-11,0
2946,3.8852657836575019e-10,5.4699870301456836e-05,5.4702550848213003e-05,-2.6805467561670016e-09,3.3884521611794623e-11,0
2947,3.8517551595324535e-10,5.5516158471933521e-06,5.5644393114442557e-06,-1.2823464250903544e-08,2.6777530496681170e-11,0
2948,2.8116118079357595e-11,-4.5987031677236292e-05,-4.5996897662157319e-05,9.8659849210263164e-09,1.9532729119818069e-11,0
2949,1.2363936088278325e-10,8.6970523571691660e-06,8.6990976799386743e-06,-2.0453227695082761e-09,2.3547918073606779e-11,0
2950,5.8928479746488502e-11,-3.3134580796496168e-05,-3.3138491351493808e-05,3.9105549976396780e-09,2.6010886314870572e-11,0
2951,2.6622434274845733e-14,2.8499760434475757e-07,2.8503412984300642e-07,-3.6525498248853566e-11,2.1812161676005003e-11,0
2952,4.4410399541390423e-10,-2.7583005351440940e-05,-2.7579926904006810e-05,-3.0784474341292436e-09,1.7446396308385743e-11,0
2953,8.7044597466318600e-11,-7.9121620285235207e-05,-7.9135838910259653e-05,1.4218625024446131e-08,2.6637207319418755e-11,0
2954,1.8256784039226033e-10,-2.4437552634873176e-05,-2.4435080272456724e-05,-2.4723624164520999e-09,2.4906896790048290e-11,0
2955,5.8901857307345565e-11,-3.3419573326198392e-05,-3.3422898995428840e-05,3.3256692304474661e-09,2.0518888654431937e-11,0
2956,4.4407737298329786e-10,-2.7868021523957866e-05,-2.7864622681176714e-05,-3.3988427811520734e-09,2.6728883484701514e-11,0
2957,8.7017975030977657e-11,-7.9406560809627651e-05,-7.9419598547168216e-05,1.3037737540565111e-08,2.1742633223707002e-11,0
2958,1.8254121795915513e-10,-2.4722494390700712e-05,-2.4719749445867024e-05,-2.7449448336883380e-09,2.0640104653138662e-11,0
2959,-3.5705939781792750e-10,-5.1538670282021137e-05,-5.1555844624933142e-05,1.7174342912004519e-08,3.4096469584762986e-11,0
2960,-2.6153615509939655e-10,3.1453795112223321e-06,3.1438894574931056e-06,1.4900537292264692e-09,2.6590486798448276e-11,0
2961,9.5523243768020152e-11,5.4684069287193326e-05,5.4699310081186618e-05,-1.5240793993291331e-08,2.6883569140468387e-11,0
2962,4.1705550131463041e-10,8.7081267421632719e-06,8.7030986770013348e-06,5.0280651619370373e-09,2.3020346484272519e-11,0
2963,-2.9400691221120855e-10,-3.3152099264577295e-05,-3.3142988951243958e-05,-9.1103133333371943e-09,4.1696605898967999e-11,0
2965,1.2304858848252538e-10,-2.4443994969793048e-05,-2.4435589790783163e-05,-8.4051790098849165e-09,4.0929430272556983e-11,0
2966,-2.9402882086937275e-10,-3.3437051035298260e-05,-3.3427382478183914e-05,-9.6685571143454905e-09,3.2394708823819578e-11,0
2967,1.2302667982335450e-10,-2.4728868058087987e-05,-2.4720253319728499e-05,-8.6147383594876688e-09,3.2772081417588496e-11,0
2968,-3.1823160597644138e-10,-5.1587414858386216e-05,-5.1555361311230619e-05,-3.2053547155596804e-08,5.5909154804576423e-11,0
2969,1.1151501622808886e-10,5.5515132577320121e-06,5.5610790693411851e-06,-9.5658116091730167e-09,7.0340156526634760e-11,0
2970,-2.2705588193092468e-10,-4.6009105977835515e-05,-4.6000150950460004e-05,-8.9550273755115779e-09,6.7194475602175202e-11,0
2971,2.1363751706364898e-11,8.6957854050322136e-06,8.6986893693864792e-06,-2.9039643542655869e-09,4.3584562546980414e-11,0
2972,1.8355206612085958e-10,-3.3127304450808297e-05,-3.3137310083748580e-05,1.0005632940282810e-08,5.9818805291902288e-11,0
2974,2.9506708312534211e-10,-2.7576132956304462e-05,-2.7582284333162539e-05,6.1513768580764047e-09,4.1184180207049430e-11,0
2975,-4.3503814924588564e-11,-7.9136430491801545e-05,-7.9137958457903686e-05,1.5279661021410772e-09,4.6982152227994833e-11,0
2976,2.0491581844470357e-10,-2.4431575903821265e-05,-2.4434334806072450e-05,2.7589022511854966e-09,5.4717544600132792e-11,0
2977,1.8354489565500329e-10,-3.3412528821823162e-05,-3.3421687564126508e-05,9.1587423033456859e-09,4.6966000960579770e-11,0
2978,2.9505991265753938e-10,-2.7861112672323413e-05,-2.7866958602639091e-05,5.8459303156785608e-09,5.5249689962307136e-11,0
2979,-4.3510985394947781e-11,-7.9421451233863301e-05,-7.9421723751250863e-05,2.7251738756242649e-10,3.9911530129844601e-11,0
2980,2.0490864797471202e-10,-2.4716560781595353e-05,-2.4718991849634928e-05,2.4310680395748737e-09,3.7073464399844055e-11,0
2982,-9.0151264537643306e-11,3.1443658189828083e-06,3.1469839685704750e-06,-2.6181495876666564e-09,5.3786459844019464e-11,0
2983,2.4841963348976831e-10,5.4704889404929733e-05,5.4702165969988389e-05,2.7234349413442194e-09,4.5979716839223739e-11,0
2989,3.2513072863956343e-10,-2.7582568783747106e-05,-2.7582216966221991e-05,-3.5181752511474046e-10,2.9181465054564299e-11,0
2990,-7.3837524318633377e-11,-7.9136671967324282e-05,-7.9138626486404475e-05,1.9545190801928663e-09,4.0275217778448088e-11,0
2991,2.9409501583569031e-10,-2.4433134519195399e-05,-2.4432970256671982e-05,-1.6426252341699343e-10,4.6537793809758593e-11,0
2993,3.2513327336875269e-10,-2.7867722773365080e-05,-2.7866878946831418e-05,-8.4382653366168168e-10,4.6922860353506473e-11,0
2994,-7.3834979586998825e-11,-7.9421763628352918e-05,-7.9422395033616170e-05,6.3140526325184548e-10,3.5758529082985543e-11,0
2995,2.9409756056633488e-10,-2.4718108415942202e-05,-2.4717620377168674e-05,-4.8803877352769577e-10,3.4491235046553955e-11,0
2996,-3.9896825297030542e-10,-5.1554101723227594e-05,-5.1556340439479856e-05,2.2387162522616581e-09,4.5854028688289731e-11,0
2997,-3.1035712826848903e-11,3.1495078209872263e-06,3.1482763536177421e-06,1.2314673694842349e-09,4.9907589173075713e-11,0
2998,3.6793254019726203e-10,5.4703543501146562e-05,5.4704193326635540e-05,-6.4982548897798195e-10,4.0544526641147452e-11,0
2999,-1.1941155097863134e-10,5.5441392478681323e-06,5.5582435517029989e-06,-1.4104303834866635e-08,2.4951325267934012e-11,0
3000,-5.2980557479801231e-10,-4.6002265870569766e-05,-4.6003977094497766e-05,1.7112239280000553e-09,1.1633393423889293e-11,0
3001,-3.0149955608559491e-10,8.6928289337959846e-06,8.6954924103457870e-06,-2.6634765498023710e-09,8.5497962956890635e-12,0
3002,5.6872463080662251e-10,-3.3128252630725691e-05,-3.3132896595113678e-05,4.6439643879874122e-09,1.5379650219436196e-11,0
3003,1.4897052365625988e-14,2.8508926372445621e-07,2.8503409808471139e-07,5.5165639744820098e-11,8.6089533019210671e-12,0
3004,4.4931308185018015e-10,-2.7584111934487489e-05,-2.7580867955089559e-05,-3.2439793979299400e-09,9.8217148396366654e-12,0
3005,3.8919058129006551e-11,-7.9130527951970508e-05,-7.9137414149643451e-05,6.8861976729427945e-09,7.9884055293683111e-12,0
3006,2.6722507628214256e-10,-2.4435425957860732e-05,-2.4433143169728180e-05,-2.2827881325519675e-09,7.8596063757722092e-12,0
3007,5.6870973375030168e-10,-3.3413256781356093e-05,-3.3417247073188144e-05,3.9902918320505439e-09,1.4463797330083981e-11,0
3008,4.4929818479700871e-10,-2.7869184755320228e-05,-2.7865523060249320e-05,-3.6616950709078035e-09,1.1139842141247779e-11,0
3009,3.8904161085164229e-11,-7.9415549157691757e-05,-7.9421184876116068e-05,5.6357184243107468e-09,7.3942481812749684e-12,0
3010,2.6721017922920728e-10,-2.4720451088876098e-05,-2.4717789540723735e-05,-2.6615481523632831e-09,7.3031045874677812e-12,0
3011,-4.1039402367261211e-10,-5.1546407298949312e-05,-5.1556476753546932e-05,1.0069454597619505e-08,1.5444085306197806e-11,0
3012,-1.8208800580242842e-10,3.1486955973931800e-06,3.1467516346047305e-06,1.9439627884495564e-09,1.2496568367696348e-11,0
3013,2.2830601884053397e-10,5.4695079751608533e-05,5.4702805035087020e-05,-7.7252834784866543e-09,6.8263176205033527e-12,0
3014,-9.2245564074147121e-10,5.5365825796255957e-06,5.5483830765385047e-06,-1.1800496912908962e-08,7.9534722830258856e-11,0
3015,-1.4564379768701077e-09,-4.5992705183549049e-05,-4.6015396691679484e-05,2.2691508130434515e-08,5.1114812366225929e-11,0
3016,-1.1110424767112827e-09,8.6864088070549850e-06,8.6858457653317343e-06,5.6304172325064234e-10,5.0417876609736421e-11,0
3017,1.5306404695327611e-09,-3.3125047767839332e-05,-3.3121206256896894e-05,-3.8415109424375354e-09,6.5649907653251328e-11,0
3019,6.0818483260593220e-10,-2.7588524013484779e-05,-2.7579099918878887e-05,-9.4240946058917884e-09,2.5785627683812872e-11,0
3020,7.4202496319979381e-11,-7.9117882475979520e-05,-7.9137159874672052e-05,1.9277398692531950e-08,3.1679021361260364e-11,0
3021,4.1959799545520772e-10,-2.4438750326244603e-05,-2.4431109000890599e-05,-7.6413253540034672e-09,3.1541091969494289e-11,0
3022,1.5306305755111803e-09,-3.3410120841295514e-05,-3.3405546305924079e-05,-4.5745353714353627e-09,3.5671182322282409e-11,0
3023,6.0817493858520461e-10,-2.7873587014075676e-05,-2.7863747593873289e-05,-9.8394202023872478e-09,2.7333535020712114e-11,0
3024,7.4192602296633179e-11,-7.9402907724563168e-05,-7.9420932582174796e-05,1.8024857611627604e-08,1.7455956182875835e-11,0
3025,4.1958810143317236e-10,-2.4723700438031293e-05,-2.4715751190738166e-05,-7.9492472931267462e-09,1.6948067235147702e-11,0
3026,-5.3398233661820300e-10,-5.1529467792837264e-05,-5.1557990140302100e-05,2.8522347464836101e-08,3.9144792239426576e-11,0
3027,-1.8858683910558103e-10,3.1497889407121641e-06,3.1470148623563794e-06,2.7740783557847419e-09,3.2730196569301844e-11,0
3028,3.4539550070826082e-10,5.4679177002034743e-05,5.4704581767471332e-05,-2.5404765436588762e-08,2.7165011961778198e-11,0
3029,6.9037691560253804e-11,5.5455939378494523e-06,5.5605574957311176e-06,-1.4963557881665274e-08,1.8005246636447491e-11,0
3030,-4.0655600291241195e-10,8.6946151598883692e-06,8.6946895920454182e-06,-7.4432157049023886e-11,9.9319206292419400e-12,0
3031,6.9432691411498802e-10,-3.3136937156980507e-05,-3.3131554929446807e-05,-5.3822275336993576e-09,1.4749870532566372e-11,0
3032,7.6336460381325305e-10,-2.7591318403010975e-05,-2.7577314921829646e-05,-1.4003481181329869e-08,1.6597782538922983e-11,0
3033,2.8777090969697701e-10,-2.4442316227160296e-05,-2.4432620124208818e-05,-9.6961029514777567e-09,1.5363842853153548e-11,0
3034,-4.7559369600249206e-10,3.1490388888743594e-06,3.1437168274268045e-06,5.3220614475549072e-09,1.8052709756379347e-11,0
3035,3.3468280226743621e-10,5.5550515660187857e-06,5.5638193179026386e-06,-8.7677518838528734e-09,3.3916858367113574e-11,0
3036,-1.3507827245168989e-11,-4.5988280909034160e-05,-4.5997738066933762e-05,9.4571578996023435e-09,2.6745741409682704e-11,0
3037,1.3307040986667723e-10,8.7015231413252458e-06,8.7015380412133132e-06,-1.4899888067400184e-11,1.8263058351276995e-11,0
3038,5.1673605331039763e-11,-3.3136980174770358e-05,-3.3139537579806485e-05,2.5574050361269621e-09,3.3972197441064492e-11,0
3039,2.0101504043007411e-14,2.8504758922804728e-07,2.8503421129660673e-07,1.3377931440553949e-11,1.9566873206834604e-11,0
3040,3.8635640708966917e-10,-2.7581912920163990e-05,-2.7582082588534245e-05,1.6966837025514207e-10,1.5364685656077717e-11,0
3041,3.8165777432612224e-11,-7.9125254424943121e-05,-7.9137855899839106e-05,1.2601474895984404e-08,2.2136961894976831e-11,0
3042,1.8474401476079126e-10,-2.4435466432819186e-05,-2.4433761540825614e-05,-1.7048919935725880e-09,1.9845879253798884e-11,0
3043,5.1653503831780554e-11,-3.3421993024442247e-05,-3.3423863066714472e-05,1.8700422722248448e-09,2.7021608955535493e-11,0
3044,3.8633630559090920e-10,-2.7866928895429631e-05,-2.7866719949825444e-05,-2.0894560418623000e-10,2.4360218705718594e-11,0
3045,3.8145675936412375e-11,-7.9410228929967241e-05,-7.9421631626165322e-05,1.1402696198080397e-08,1.7693673506412569e-11,0
3046,1.8472391325965356e-10,-2.4720445564215508e-05,-2.4718398019744570e-05,-2.0475444709382813e-09,1.5806482197498102e-11,0
3047,-3.4819062970292003e-10,-5.1543310947253437e-05,-5.1555702965284524e-05,1.2392018031086673e-08,2.3764593561147003e-11,0
3048,-2.0161239230972638e-10,3.1464506969709413e-06,3.1473408768909363e-06,-8.9017991999500629e-10,2.1196821335245771e-11,0
3049,1.4657823785123366e-10,5.4689830078996984e-05,5.4702620773909116e-05,-1.2790694912132115e-08,1.6289162163989303e-11,0
3051,-8.8754076559469001e-11,-4.5997113869822304e-05,-4.5998697615523666e-05,1.5837457013626803e-09,4.5742989969429074e-11,0
3052,1.1225426747400784e-10,8.7028132768051931e-06,8.7015338062331776e-06,1.2794705720154894e-09,6.6753573565280177e-11,0
3053,7.5904119385088800e-11,-3.3135530386670022e-05,-3.3139343556506251e-05,3.8131698362287112e-09,7.4336815037742495e-11,0
3054,1.2629029584289109e-14,2.8504627422949962e-07,2.8503413700920415e-07,1.2137220295463067e-11,2.3734648979786511e-11,0
3055,3.2252928435358735e-10,-2.7576621799927162e-05,-2.7583022741180622e-05,6.4009412534606102e-09,2.3065261351390301e-11,0
3056,-1.2849957317926614e-11,-7.9132763188855849e-05,-7.9138635521087104e-05,5.8723322312546336e-09,2.3753827130715049e-11,0
3057,1.8815838676690415e-10,-2.4432720292697462e-05,-2.4433579905946354e-05,8.5961324889236783e-10,2.4906068540104498e-11,0
3058,7.5891490356554578e-11,-3.3420559148722266e-05,-3.3423660076353387e-05,3.1009276311205389e-09,5.3621708377658836e-11,0
3059,3.2251665532625521e-10,-2.7861703223976998e-05,-2.7867653702635608e-05,5.9504786586093668e-09,3.6062092111269023e-11,0
3060,-1.2862586346501960e-11,-7.9417757266753673e-05,-7.9422412904130740e-05,4.6556373770669261e-09,1.9397669988596253e-11,0
3061,1.8814575773791706e-10,-2.4717712238525374e-05,-2.4718212766384856e-05,5.0052785948193979e-10,2.1003508998918272e-11,0
3062,-3.3537924182724984e-10,-5.1556094816735374e-05,-5.1555542113302406e-05,-5.5270343296819633e-10,3.4664643714078125e-11,0
3063,-1.3437089749490409e-10,3.1438997445025832e-06,3.1484601776862723e-06,-4.5604331836891182e-09,2.4008905642465606e-11,0
3064,2.0100834435322139e-10,5.4700003582425563e-05,5.4703579323603854e-05,-3.5757411782905276e-09,2.0886131209490939e-11,0
3065,4.3380399076193667e-10,5.5784115467437390e-06,5.5650364142363080e-06,1.3375132507430917e-08,4.4166776636289507e-11,0
3066,1.1250272839510258e-10,-4.5963098505305902e-05,-4.5996261073261898e-05,3.3162567955995485e-08,2.9698629855551003e-11,0
3067,2.7026424667799827e-10,8.7085206306814281e-06,8.7037186808418764e-06,4.8019498395516537e-09,2.4135327222375039e-11,0
3068,-1.0978355020032987e-10,-3.3144352877724145e-05,-3.3141724343813134e-05,-2.6285339110117181e-09,3.6476393713526803e-11,0
3070,3.2402043977885986e-10,-2.7565984619070533e-05,-2.7583156706139293e-05,1.7172087068760111e-08,2.2259985905603445e-11,0
3071,2.7191769530090149e-12,-7.9107463488334653e-05,-7.9138593487881154e-05,3.1129999546501089e-08,3.2194807214865001e-11,0
3072,1.6048069577531977e-10,-2.4435850208634133e-05,-2.4433783755633969e-05,-2.0664530001640222e-09,2.8874938669293961e-11,0
3073,-1.0980044707833663e-10,-3.3429230276228392e-05,-3.3426032276384935e-05,-3.1979998434562146e-09,3.8737228983904380e-11,0
3074,3.2400354290452206e-10,-2.7850847214940834e-05,-2.7867781579387147e-05,1.6934364446313024e-08,4.1837820970165059e-11,0
3075,2.7022800765775281e-12,-7.9392401435486593e-05,-7.9422372625380448e-05,2.9971189893855362e-08,2.8997147738324042e-11,0
3076,1.6046379889607102e-10,-2.4720762677484746e-05,-2.4718413235379840e-05,-2.3494421049054064e-09,2.7163002268423764e-11,0
3077,-3.2130126304664133e-10,-5.1541511454062912e-05,-5.1555365803064607e-05,1.3854349001695212e-08,4.0395797994828882e-11,0
3078,-1.6353974396678099e-10,3.1301111354294781e-06,3.1483878722448724e-06,-1.8276736815394355e-08,3.2220386933551706e-11,0
3079,1.5776151917161646e-10,5.4671524193415297e-05,5.4703330806134006e-05,-3.1806612718709266e-08,2.5552273587415205e-11,0
3080,-8.5930799838131175e-11,5.5440944535722556e-06,5.5586546575430370e-06,-1.4560203970781484e-08,3.6557520218047340e-11,0
3082,-1.8994530366186162e-10,8.6942401921769746e-06,8.6984192912910763e-06,-4.1790991141016798e-09,2.9899981939842732e-11,0
3083,4.3119478445215265e-10,-3.3126784234992560e-05,-3.3135226457281421e-05,8.4422222888617948e-09,3.3437146178299243e-11,0
3085,3.4526398626728922e-10,-2.7582726388430479e-05,-2.7583114581153156e-05,3.8819272267704742e-10,1.4428853322963569e-11,0
3086,-2.3020771937767262e-11,-7.9136293137697759e-05,-7.9139123762082047e-05,2.8306243842873271e-09,2.1665461576911943e-11,0
3087,2.4124948206659762e-10,-2.4432575589622852e-05,-2.4432596659020994e-05,2.1069398141996447e-11,2.7357226877515262e-11,0
3088,4.3118754682513908e-10,-3.3411800733950184e-05,-3.3419521861526750e-05,7.7211275765660405e-09,3.6077936178965253e-11,0
3089,3.4525674863838498e-10,-2.7867764519560068e-05,-2.7867730515645347e-05,-3.4003914721675906e-11,3.3158526861617628e-11,0
3090,-2.3028009561651928e-11,-7.9421289268600051e-05,-7.9422905225741235e-05,1.6159571411837517e-09,1.4290695436132450e-11,0
3091,2.4124224444001523e-10,-2.4717507055449766e-05,-2.4717221088986424e-05,-2.8596646334220501e-10,1.9599104004518986e-11,0
3093,-1.0401450413649101e-10,3.1502020460139751e-06,3.1495293668496775e-06,6.7267916429765304e-10,2.3997563869577603e-11,0
3094,2.6427025422492247e-10,5.4703749333803037e-05,5.4705044392735296e-05,-1.2950589322588196e-09,4.8011241947499988e-11,0
3095,3.0263566990850151e-09,5.5790861984098689e-06,5.5968700357260228e-06,-1.7783837316153975e-08,3.4521052058423586e-11,0
3097,-1.2635659122830988e-10,-7.9143935504170926e-05,-7.9140674616089924e-05,-3.2608880810017964e-09,3.9606039994529332e-11,0
3098,2.2451611894394182e-10,-2.4392613508993424e-05,-2.4432544960076762e-05,3.9931451083337967e-08,3.8806592055787455e-11,0
3099,-1.2635009811999170e-10,-7.9428899358633884e-05,-7.9424459129575508e-05,-4.4402290583754351e-09,2.1748585195066659e-11,0
3100,2.2452261205175323e-10,-2.4677625035707945e-05,-2.4717162729769913e-05,3.9537694061968025e-08,2.1701231409042247e-11,0
3101,3.5087271019720753e-10,5.4751349431001947e-05,5.4706641963938877e-05,4.4707467063069919e-08,3.3921316441259447e-11,0
3102,-1.1156114200183139e-10,-7.9145963167341106e-05,-7.9140589206594882e-05,-5.3739607462237110e-09,3.8893310467695226e-11,0
3103,1.2856899756904561e-11,3.1536955607742220e-06,3.1517154350404137e-06,1.9801257338083049e-09,2.9695401861425282e-11,0
3104,3.7223165007122096e-11,5.5488319216099105e-06,5.5601668492486313e-06,-1.1334927638720826e-08,4.8589284843582755e-11,0
3105,-2.9401294343214278e-10,-4.6019431645309347e-05,-4.6001416809105062e-05,-1.8014836204285401e-08,2.6840147290967662e-11,0
3106,-1.4425401772752831e-11,8.6939514063735443e-06,8.7013819558702833e-06,-7.4305494967389653e-09,2.5611103399683125e-11,0
3107,2.2344964336668978e-10,-3.3120559020140272e-05,-3.3138109815685544e-05,1.7550795545271498e-08,3.5366718600072561e-11,0
3109,2.6067280924047309e-10,-2.7571803120154253e-05,-2.7584655771736320e-05,1.2852651582066424e-08,2.1218133869706362e-11,0
3110,-7.0563299160457734e-11,-7.9140009301230906e-05,-7.9140199686699147e-05,1.9038546824126645e-10,2.5076073458368611e-11,0
3111,2.0902424228198706e-10,-2.4426655059055745e-05,-2.4432543544893521e-05,5.8884858377764309e-09,2.7146895454831812e-11,0
3112,2.2344688861218570e-10,-3.3405674016809619e-05,-3.3422376653943196e-05,1.6702637133576587e-08,3.1671374424950498e-11,0
3113,2.6067005448762895e-10,-2.7856964910805485e-05,-2.7869251387165980e-05,1.2286476360495887e-08,2.7693695014783870e-11,0
3114,-7.0566053912967731e-11,-7.9425042436587169e-05,-7.9423986712083054e-05,-1.0557245041148194e-09,2.0928450953455823e-11,0
3115,2.0902148753001097e-10,-2.4711703463029325e-05,-2.4717156590594154e-05,5.4531275648287802e-09,2.0893949099908374e-11,0
3116,-3.3123610843273766e-10,-5.1568120934533321e-05,-5.1555471458187415e-05,-1.2649476345906235e-08,2.6683537929132033e-11,0
3117,-5.1648566799569760e-11,3.1452149888578501e-06,3.1511156832126074e-06,-5.9006943547572997e-09,2.5152730376294914e-11,0
3118,2.7958754146745937e-10,5.4713359257938139e-05,5.4706164737372446e-05,7.1945205656927919e-09,2.0163341280061029e-11,0
3121,-5.8881257020676148e-10,8.6738440519644466e-06,8.6947117364342850e-06,-2.0867684469838340e-08,8.2996588395924978e-11,0
3124,3.2331867688594385e-10,-2.7585276708846918e-05,-2.7584124653381898e-05,-1.1520554650197351e-09,3.7843958169468362e-11,0
3125,-6.3150630365664171e-11,-7.9137300842997173e-05,-7.9140341865393055e-05,3.0410223958817666e-09,4.5527866032327142e-11,0
3126,3.0102322964613542e-10,-2.4432365072834823e-05,-2.4431201244851164e-05,-1.1638279836587834e-09,4.6618706848552012e-11,0
3128,3.2332295856755223e-10,-2.7870331236990679e-05,-2.7868710580728689e-05,-1.6206562619894955e-09,5.7556206070716013e-11,0
3129,-6.3146348684503106e-11,-7.9422343110055124e-05,-7.9424131465766811e-05,1.7883557116871738e-09,3.8898178307542324e-11,0
3130,3.0102751132212332e-10,-2.4717428160282457e-05,-2.4715808836037070e-05,-1.6193242453866295e-09,4.0259487840159606e-11,0
3131,-3.8646930737945060e-10,-5.1551938431163014e-05,-5.1556144267266691e-05,4.2058361036771425e-09,5.9222388756857658e-11,0
3132,-2.2295447372888001e-11,3.1529721184372613e-06,3.1519230797839932e-06,1.0490386532681028e-09,5.5006513932734820e-11,0
3133,3.6417386001846771e-10,5.4704941310072461e-05,5.4707645096587649e-05,-2.7037865151882689e-09,4.4239688858284460e-11,0
3134,2.2920678654776729e-10,5.5531870255167565e-06,5.5625241914622452e-06,-9.3371659454887640e-09,3.4492454784818318e-11,0
3135,-1.3557397933361412e-10,-4.5988817034639876e-05,-4.5999569992774792e-05,1.0752958134916887e-08,1.3902622015389655e-11,0
3136,2.9409497315671482e-11,8.7030424439859221e-06,8.7026164543240588e-06,4.2598966186325310e-10,1.1700994956934911e-11,0
3137,1.7573169839501192e-10,-3.3137458088227864e-05,-3.3138982424226511e-05,1.5243359986465295e-09,1.6265876531762291e-11,0
3138,1.9160297272209639e-14,2.8504371815904495e-07,2.8503436311772578e-07,9.3550413191680859e-12,1.4498065011884801e-11,0
3139,4.0493848443233130e-10,-2.7584334960147454e-05,-2.7583317642689034e-05,-1.0173174584198429e-09,2.8730050455697474e-11,0
3140,4.0157718464111972e-11,-7.9126248086273422e-05,-7.9139264523502782e-05,1.3016437229359515e-08,2.4552037725799155e-11,0
3141,2.0514119527807338e-10,-2.4434396482505942e-05,-2.4432204239315800e-05,-2.1922431901416173e-09,2.1837519318063458e-11,0
3142,1.7571253809827835e-10,-3.3422422807925355e-05,-3.3423224880109802e-05,8.0207218444645944e-10,1.1155269741524114e-11,0
3143,4.0491932413082578e-10,-2.7869416739389664e-05,-2.7867895986729488e-05,-1.5207526601764248e-09,5.1911476167178007e-11,0
3144,4.0138558170539805e-11,-7.9411300038003708e-05,-7.9423056593437851e-05,1.1756555434142175e-08,1.5368932510253849e-11,0
3145,2.0512203497729687e-10,-2.4719397233328132e-05,-2.4716807717736552e-05,-2.5895155915796287e-09,1.4208505608221920e-11,0
3146,-3.6478076596013894e-10,-5.1542053661420700e-05,-5.1555873536045524e-05,1.3819874624823667e-08,4.6294327697320539e-11,0
3147,-1.9979728914490183e-10,3.1498776137846296e-06,3.1501099717158724e-06,-2.3235793124281519e-10,4.4173380171730535e-11,0
3148,1.6498347733559011e-10,5.4691837322661668e-05,5.4705561383190014e-05,-1.3724060528346122e-08,1.8649309675855771e-11,0
3149,2.0448659956016275e-10,5.5530558024864847e-06,5.5622206554634625e-06,-9.1648529769777892e-09,5.8197146065493302e-11,0
3150,-1.5839819707906932e-10,-4.5991177514043829e-05,-4.5999877979754238e-05,8.7004657104089791e-09,3.0123915649514327e-11,0
3151,1.7228761094594446e-11,8.7031079836442579e-06,8.7026626409357822e-06,4.4534270847569298e-10,2.8667292118873574e-11,0
3152,1.8961797832687399e-10,-3.3137073049377885e-05,-3.3138892518202499e-05,1.8194688246141308e-09,3.9559164005197420e-11,0
3153,1.7714893680684454e-14,2.8502775367028809e-07,2.8503435897176039e-07,-6.6053014722917329e-12,1.9187211107935040e-11,0
3154,3.9410457750435923e-10,-2.7583996110533545e-05,-2.7583572490571330e-05,-4.2361996221529190e-10,2.6041804218306169e-11,0
3155,3.1219780808164065e-11,-7.9128291854850541e-05,-7.9139493581844642e-05,1.1201726994101275e-08,2.8868801352926126e-11,0
3156,2.0684673910028988e-10,-2.4433939706984889e-05,-2.4432074496264249e-05,-1.8652107206401116e-09,2.9804632109447325e-11,0
3157,1.8960026343511189e-10,-3.3422042835346564e-05,-3.3423128044594088e-05,1.0852092475241003e-09,2.0410756441518135e-11,0
3158,3.9408686261941930e-10,-2.7869049994758632e-05,-2.7868145904374514e-05,-9.0409038411724059e-10,2.4713313736071784e-11,0
3159,3.1202065926846554e-11,-7.9413223745563276e-05,-7.9423286995672726e-05,1.0063250109449795e-08,1.4919646824479465e-11,0
3160,2.0682902421544953e-10,-2.4718903164086883e-05,-2.4716675210459310e-05,-2.2279536275733017e-09,1.4308481032708391e-11,0
3161,-3.6288479671350753e-10,-5.1544158433546386e-05,-5.1555847496846217e-05,1.1689063299831091e-08,4.0212568537712698e-11,0
3162,-1.8725783839080449e-10,3.1501240791665872e-06,3.1504926260803410e-06,-3.6854691375380106e-10,3.5634484151268646e-11,0
3163,1.7562695876234574e-10,5.4694372113681111e-05,5.4705918076920963e-05,-1.1545963239851555e-08,2.5234433922212986e-11,0
3164,-2.3839379888175083e-10,-3.3163618185436117e-05,-3.3144235949064228e-05,-1.9382236371888668e-08,5.2683640919323499e-11,0
3165,-3.2606520554102899e-10,-5.1549532513412398e-05,-5.1555392164725705e-05,5.8596513133069841e-09,1.8968086240203579e-11,0
3166,2.1349202379737940e-10,3.1600043049672885e-06,3.1556810464284316e-06,4.3232585388569381e-09,1.4997943293830123e-11,0
3167,5.3955722861829024e-10,5.4709478820991111e-05,5.4710651257093145e-05,-1.1724361020340641e-09,1.2116098415696215e-11,0
3168,-2.5097870283615605e-14,2.8506216883160489e-07,2.8503386264720013e-07,2.8306184404767182e-11,1.8980265175959146e-11,0
3169,1.5577407690286285e-10,-2.7588293034216081e-05,-2.7586761940031075e-05,-1.5310941850066458e-09,2.7069509972824188e-11,0
3170,-1.8785808942006324e-10,-7.9140370013360776e-05,-7.9142441213188349e-05,2.0711998275729738e-09,4.0692879473749832e-11,0
3171,3.1543505987506674e-10,-2.4431549305179790e-05,-2.4430506243199967e-05,-1.0430619798230446e-09,3.3181087067869577e-11,0
3172,1.5579917477430454e-10,-2.7873353411766305e-05,-2.7871324221631196e-05,-2.0291901351089008e-09,2.7100836157029845e-11,0
3173,-1.8783299154916969e-10,-7.9425299612717929e-05,-7.9426237041230945e-05,9.3742851301576932e-10,1.9258715952617859e-11,0
3174,3.1546015774438311e-10,-2.4716551658314229e-05,-2.4715100501807875e-05,-1.4511565063547748e-09,1.5925046801061280e-11,0
3175,-3.4363216682686008e-10,-5.1552076148608100e-05,-5.1555605139699279e-05,3.5289910911787277e-09,4.4414480439677708e-11,0
3176,1.5966098299345387e-10,3.1567073168134452e-06,3.1552461473750260e-06,1.4611694384191381e-09,4.2015708176411941e-11,0
3177,5.0329314920457423e-10,5.4708757407403823e-05,5.4710429410688583e-05,-1.6720032847603017e-09,3.2154811487588105e-11,0
3178,-1.4413463837780955e-10,-7.9164281657983886e-05,-7.9142046697736629e-05,-2.2234960247256700e-08,4.3626451918543812e-11,0
3179,-1.5271441578012108e-14,2.8496703290024226e-07,2.8503401066314140e-07,-6.6977762899142377e-11,1.7053140459163673e-12,0
3180,1.3193662106011987e-10,-2.7585231304641010e-05,-2.7587299660865890e-05,2.0683562248799783e-09,4.0683311639823461e-11,0
3181,-1.7421051962023730e-10,-7.9158029541726016e-05,-7.9142513613342932e-05,-1.5515928383083642e-08,2.9978948364657723e-11,0
3182,1.3195189250165658e-10,-2.7870192154778392e-05,-2.7871852182321374e-05,1.6600275429814397e-09,5.1384119581933478e-11,0
3183,-1.7419524817875489e-10,-7.9442877055310203e-05,-7.9426312300798281e-05,-1.6564754511921962e-08,2.0096596720192416e-11,0
3184,-3.0614714067316062e-10,-5.1572680307974614e-05,-5.1555139316857370e-05,-1.7540991117243315e-08,5.6074230984488967e-11,0
3185,4.4604396981043465e-10,3.1677239140546695e-06,3.1595837909330865e-06,8.1401231215830447e-09,3.6477238204730034e-11,0
3188,-5.7420650070489625e-11,-7.9138832590847259e-05,-7.9141299205429279e-05,2.4666145820198375e-09,4.8696427347938237e-11,0
3189,-1.3137490749320859e-10,5.5475051948831663e-06,5.5580966551859835e-06,-1.0591460302817130e-08,1.6433380482524784e-11,0
3190,-5.2012286608855914e-10,-4.5992948202366359e-05,-4.6004513985005201e-05,1.1565782638842191e-08,1.1954227978257899e-11,0
3191,-3.1561594619390129e-10,8.7009219926718201e-06,8.6999481741564139e-06,9.7381851540617541e-10,8.8604635705897242e-12,0
3192,5.6972908608728685e-10,-3.3134902646151385e-05,-3.3134790311452564e-05,-1.1233469882109600e-10,1.5379407343356423e-11,0
3193,1.5244538151820819e-14,2.8507599159400893e-07,2.8503442400686283e-07,4.1567587146098787e-11,8.8164986809289728e-12,0
3194,4.3835417902410958e-10,-2.7587398251308157e-05,-2.7583883277837820e-05,-3.5149734703371165e-09,7.2600610268218781e-12,0
3195,4.9606220424751467e-11,-7.9127844252667792e-05,-7.9140104346796575e-05,1.2260094128783050e-08,8.8040810294293785e-12,0
3196,2.5411314023775341e-10,-2.4433986306087938e-05,-2.4430731275538725e-05,-3.2550305492129482e-09,9.0448067645488026e-12,0
3197,5.6971384155804487e-10,-3.3419912614151811e-05,-3.3418977346761950e-05,-9.3526738986088060e-10,1.2267392945579098e-11,0
3198,4.3833893448622796e-10,-2.7872477745591318e-05,-2.7868422218059921e-05,-4.0555275313969438e-09,1.0866451996623249e-11,0
3199,4.9590975902096507e-11,-7.9412881313382574e-05,-7.9423907277251959e-05,1.1025963869384274e-08,7.1906501902921263e-12,0
3200,2.5409789569910251e-10,-2.4718982592943604e-05,-2.4715312702847458e-05,-3.6698900961461842e-09,7.3073271872514715e-12,0
3201,-3.8874795861597369e-10,-5.1540464835629282e-05,-5.1556145724080344e-05,1.5680888451061810e-08,1.1250117148172530e-11,0
3202,-1.8424103901737967e-10,3.1534095526362591e-06,3.1521330560769194e-06,1.2764965593396529e-09,9.5218853327709273e-12,0
3203,2.0450692035368527e-10,5.4693852321026012e-05,5.4707857285015827e-05,-1.4004963989814429e-08,7.7141731981611875e-12,0
3205,-1.1379730976208576e-09,-4.6041535868944841e-05,-4.6012137988926328e-05,-2.9397880018512776e-08,6.1327649053370446e-11,0
3206,-7.5335985930928006e-10,8.6649718880511817e-06,8.6948378834146451e-06,-2.9865995363463445e-08,5.0918241825999815e-11,0
3207,1.0600977047962597e-09,-3.3096616381454377e-05,-3.3128878133855899e-05,3.2261752401521412e-08,7.9217352614823027e-11,0
3209,2.8451067068669553e-10,-2.7587317232411705e-05,-2.7585937036004153e-05,-1.3801964075518607e-09,1.4901798237947440e-11,0
3210,-7.7875392421930907e-11,-7.9138093153122667e-05,-7.9141831017544214e-05,3.7378644215468968e-09,1.8151827822334547e-11,0
3211,3.0673784631962582e-10,-2.4431597165610035e-05,-2.4429937975049203e-05,-1.6591905608322698e-09,1.9798905043506246e-11,0
3212,1.0601076625310739e-09,-3.3381683722268768e-05,-3.3413055513147329e-05,3.1371790878560973e-08,5.3057322122966060e-11,0
3213,2.8452062841591938e-10,-2.7872402657864916e-05,-2.7870469023745714e-05,-1.9336341192027003e-09,1.8731527850440859e-11,0
3214,-7.7865434689491617e-11,-7.9423136498312126e-05,-7.9425635479854400e-05,2.4989815422738664e-09,1.3422461574471760e-11,0
3215,3.0674780405262906e-10,-2.4716656572829673e-05,-2.4714515378915706e-05,-2.1411939139665275e-09,1.2966464896294418e-11,0
3216,-3.6238606340599744e-10,-5.1550754498030926e-05,-5.1555818299057790e-05,5.0638010268641174e-09,2.2877938515150923e-11,0
3217,2.2227175444777114e-11,3.1557306227727783e-06,3.1549774959632866e-06,7.5312680949166683e-10,1.9752272756126043e-11,0
3218,3.8461323859738312e-10,5.4706423012002015e-05,5.4710374406110969e-05,-3.9513941089546487e-09,1.7775228689686190e-11,0
3219,-5.5423428697223321e-10,5.5366312276105417e-06,5.5529044192146583e-06,-1.6273191604116611e-08,5.1980353447830402e-11,0
3220,-9.2477933274257584e-10,-4.6012674824651243e-05,-4.6009551722978880e-05,-3.1231016723627528e-09,3.7881302615896471e-11,0
3221,-6.0874810794736429e-10,8.6918261610370584e-06,8.6968359983254680e-06,-5.0098372884095909e-09,4.0834250546202158e-11,0
3222,8.9649181367736559e-10,-3.3123819530989432e-05,-3.3130978622545111e-05,7.1590915556795048e-09,4.6903062529160406e-11,0
3224,3.4225752879474333e-10,-2.7587167466349306e-05,-2.7585366401268705e-05,-1.8010650806007716e-09,2.7542385245709723e-11,0
3225,-2.8287517516214593e-11,-7.9136497415444387e-05,-7.9141357714576852e-05,4.8602991324647607e-09,3.5554942227943427e-11,0
3226,2.8774370716734431e-10,-2.4431966234153557e-05,-2.4430047564258293e-05,-1.9186698952644815e-09,2.9984348828584628e-11,0
3227,8.9649249353148488e-10,-3.3408853341302530e-05,-3.3415148261504159e-05,6.2949202016290384e-09,7.7182718731925470e-11,0
3228,3.4225820865649155e-10,-2.7872187603881181e-05,-2.7869892920557938e-05,-2.2946833232424335e-09,7.0068430272347751e-11,0
3229,-2.8286837663890768e-11,-7.9421434677926991e-05,-7.9425163838128305e-05,3.7291602013138619e-09,4.1617575466500510e-11,0
3230,2.8774438701535636e-10,-2.4717001543257330e-05,-2.4714621961049467e-05,-2.3795822078635971e-09,3.4348376821069230e-11,0
3231,-3.7054504648645853e-10,-5.1549260346955492e-05,-5.1555915347120763e-05,6.6550001652710593e-09,4.6087778909046687e-11,0
3232,-5.4513821833950016e-11,3.1551417352235125e-06,3.1542950713714481e-06,8.4666385206435209e-10,4.2460381989971245e-11,0
3233,3.1603122475470561e-10,5.4704537300621567e-05,5.4709789118866918e-05,-5.2518182453508235e-09,2.5425881298841101e-11,0
3234,1.9965206480230412e-10,5.5619688140318840e-06,5.5621612928325441e-06,-1.9247880066005681e-10,8.4312418390148671e-11,0
3235,-1.4388440036940173e-10,-4.5994790086474266e-05,-4.6000018992286673e-05,5.2289058124067693e-09,3.8422476226635703e-11,0
3236,7.4862936301806878e-11,8.7087146854408857e-06,8.7056236995450562e-06,3.0909858958294925e-09,4.5220080506664476e-11,0
3237,1.2337511470396684e-10,-3.3139094133116404e-05,-3.3140633742699416e-05,1.5396095830118349e-09,6.2029988940602582e-11,0
3238,1.1279473806380654e-14,2.8506800931281861e-07,2.8503443652916330e-07,3.3572783655316396e-11,2.2204203008699124e-11,0
3239,3.2302717914804070e-10,-2.7577151659838317e-05,-2.7585847552038681e-05,8.6958922003643128e-09,2.1516036807924429e-11,0
3240,-2.0509286086539352e-11,-7.9133800915049887e-05,-7.9141502183582905e-05,7.7012685330182361e-09,2.0976791364212009e-11,0
3241,1.9823805070232680e-10,-2.4430352860086400e-05,-2.4430927754539861e-05,5.7489445346017637e-10,2.2990930000893345e-11,0
3242,1.2336383523142329e-10,-3.3424100153185005e-05,-3.3424789626475423e-05,6.8947329041803979e-10,4.3731521907772141e-11,0
3243,3.2301589967662074e-10,-2.7862173130104029e-05,-2.7870364337372926e-05,8.1912072688975510e-09,3.3808420347921720e-11,0
3244,-2.0520565560874710e-11,-7.9418807237121268e-05,-7.9425311192736679e-05,6.5039556154108469e-09,1.8935234900346447e-11,0
3245,1.9822677123019651e-10,-2.4715388360696490e-05,-2.4715496774012791e-05,1.0841331630172257e-10,2.0058103783314711e-11,0
3246,-3.4353646535739642e-10,-5.1556677774855004e-05,-5.1555578163200790e-05,-1.0996116542137798e-09,3.5183499614720033e-11,0
3247,-1.2478912834769705e-10,3.1467757421908479e-06,3.1538921367182795e-06,-7.1163945274316094e-09,2.3346705009343538e-11,0
3248,2.1874733701530419e-10,5.4703448558968311e-05,5.4709049158318957e-05,-5.6005993506459640e-09,2.0069184978071173e-11,0
3249,3.0254354208415442e-10,5.5584044765695506e-06,5.5634246840576450e-06,-5.0202074880943559e-09,3.5966517884331450e-11,0
3250,-5.8713156782020399e-11,-4.5974775237144286e-05,-4.5999009740486092e-05,2.4234503341805775e-08,2.2221420283455206e-11,0
3251,1.0895100566247962e-10,8.7085386148617622e-06,8.7063002996983849e-06,2.2383151633773306e-09,1.7451783875386728e-11,0
3252,8.7637653793298134e-11,-3.3142317978966836e-05,-3.3141178806245607e-05,-1.1391727212283148e-09,2.9292401498496111e-11,0
3253,1.8958583546258395e-14,2.8502722256173254e-07,2.8503454874982002e-07,-7.3261880874769464e-12,2.3420706362490589e-11,0
3254,3.9018119465708968e-10,-2.7583974243704018e-05,-2.7585183557068692e-05,1.2093133646742511e-09,1.6197940614868016e-11,0
3255,2.8924495558363191e-11,-7.9117125327539221e-05,-7.9141052465534921e-05,2.3927137995699479e-08,2.1747977822622932e-11,0
3256,1.9658865838442829e-10,-2.4433809302551110e-05,-2.4430804587850373e-05,-3.0047147007365542e-09,2.0770277722007174e-11,0
3257,8.7618695207764227e-11,-3.3427290132524712e-05,-3.3425325673377480e-05,-1.9644591472321943e-09,2.8108044671911951e-11,0
3258,3.9016223607198927e-10,-2.7869054701463222e-05,-2.7869693961139869e-05,6.3925967664702540e-10,2.7244285472793099e-11,0
3259,2.8905536971388161e-11,-7.9402117908067976e-05,-7.9424863363870011e-05,2.2745455802034367e-08,1.9906188772451806e-11,0
3260,1.9656969980077870e-10,-2.4718795039278298e-05,-2.4715370081257272e-05,-3.4249580210258450e-09,1.8308215600369045e-11,0
3261,-3.6125669914839480e-10,-5.1533229289148740e-05,-5.1555792111025708e-05,2.2562821876968072e-08,2.4478295552494449e-11,0
3262,-1.9359253624185781e-10,3.1501091921877847e-06,3.1533487556863515e-06,-3.2395634985668461e-09,1.9936084920294921e-11,0
3263,1.6766416326051288e-10,5.4683343470538284e-05,5.4708719828681523e-05,-2.5376358143238992e-08,1.7333879361478102e-11,0
3264,-1.2408451917778361e-10,5.5466589446787062e-06,5.5581861729270892e-06,-1.1527228248382990e-08,4.1865015052916887e-11,0
3266,-2.2452196079798963e-10,8.7015997791550087e-06,8.7024881341730519e-06,-8.8835501804314355e-10,2.0435789041432170e-11,0
3269,3.3550629677544103e-10,-2.7585324869236223e-05,-2.7586030711134241e-05,7.0584189801857228e-10,1.7687036364287228e-11,0
3270,-1.7665318824930801e-11,-7.9137814327509028e-05,-7.9141796722700109e-05,3.9823951910813874e-09,1.3888165035622049e-11,0
3271,2.3506885492006960e-10,-2.4430478115981032e-05,-2.4430175074984859e-05,-3.0304099617325334e-10,2.1477541219785183e-11,0
3272,4.5958404048170887e-10,-3.3417032856856120e-05,-3.3420864706892653e-05,3.8318500365325204e-09,4.2914668207239017e-11,0
3273,3.3549952238401803e-10,-2.7870323323300576e-05,-2.7870533875982203e-05,2.1055268162664675e-10,2.6584050616366940e-11,0
3274,-1.7672093220807336e-11,-7.9422802933635378e-05,-7.9425609436522670e-05,2.8065028872918674e-09,1.2460734500707153e-11,0
3275,2.3506208052738314e-10,-2.4715415828577975e-05,-2.4714736455117092e-05,-6.7937346088278163e-10,1.5913085530670300e-11,0
3276,-3.5317161558498615e-10,-5.1552473592171404e-05,-5.1555688853820946e-05,3.2152616495425700e-09,4.1149440589754297e-11,0
3277,-1.0043744179664960e-10,3.1548694046498391e-06,3.1548226277959766e-06,4.6776853862423449e-11,1.6686556541604427e-11,0
3278,2.5273417390956657e-10,5.4707380118651158e-05,5.4710090556969682e-05,-2.7104383185233018e-09,3.9561455633365264e-11,0
3279,-1.3238632989436555e-14,2.8511229013483170e-07,2.8503419606502649e-07,7.8094069805208707e-11,4.0338220918772021e-11,0
3280,2.0506597394856768e-10,-2.7587411012502602e-05,-2.7587838634047611e-05,4.2762154500911964e-10,3.1162521108672423e-11,0
3281,-1.1613775427623439e-10,-7.9141779265589360e-05,-7.9143207867539544e-05,1.4286019501841838e-09,3.2587601871036971e-11,0
3282,2.6959102022975023e-10,-2.4429124049596624e-05,-2.4429566962051508e-05,4.4291245488448376e-10,3.3348638415036963e-11,0
3283,2.0507921257937014e-10,-2.7872472716793844e-05,-2.7872333235420879e-05,-1.3948137296445869e-10,6.0276987155642327e-11,0
3284,-1.1612451564248969e-10,-7.9426751887957990e-05,-7.9427022641130558e-05,2.7075317256763064e-10,4.1837427177850070e-11,0
3285,2.6960425885914307e-10,-2.4714094678575507e-05,-2.4714123446160453e-05,2.8767584946403236e-11,4.0887468571773831e-11,0
3286,-3.2120372830994310e-10,-5.1554408181088852e-05,-5.1555291653029869e-05,8.8347194101732422e-10,5.2703354335708253e-11,0
3287,6.4525046257437896e-11,3.1582359037399688e-06,3.1572353846775426e-06,1.0005190624262743e-09,3.6031347816637885e-11,0
3288,3.8572877441621092e-10,5.4712663043253278e-05,5.4712106246084671e-05,5.5679716860648851e-10,3.7596278463142814e-11,0
3289,-8.6759200885482423e-10,5.5451279068058357e-06,5.5490567400229242e-06,-3.9288332170885735e-09,3.9749305424704103e-11,0
3290,-1.0880217729296915e-09,8.7014499565891967e-06,8.6925927086158546e-06,8.8572479733421369e-09,2.2279575894832109e-11,0
3291,1.4260780945976833e-09,-3.3140998965513254e-05,-3.3125151856861631e-05,-1.5847108651622570e-08,5.2441641002831018e-11,0
3292,1.4568067248430098e-14,2.8504237867330004e-07,2.8503456362186865e-07,7.8150514313903005e-12,2.0716154551421606e-11,0
3293,5.5848608338506865e-10,-2.7595878898539067e-05,-2.7583732983205490e-05,-1.2145915333576892e-08,2.6724579182549287e-11,0
3294,3.3805631998525583e-10,-2.4439582949365227e-05,-2.4428517338256090e-05,-1.1065611109136456e-08,3.3829612765227037e-11,0
3295,1.4260635265309008e-09,-3.3426039584422140e-05,-3.3409263718651325e-05,-1.6775865770814809e-08,3.0051698104437840e-11,0
3296,5.5847151533660002e-10,-2.7880910525675782e-05,-2.7868218491801228e-05,-1.2692033874554007e-08,2.8031753121114770e-11,0
3297,3.3804175194764415e-10,-2.4724565267973328e-05,-2.4713068889314106e-05,-1.1496378659222033e-08,1.8578413318318810e-11,0
3298,-2.2042976523197517e-10,3.1562840777073567e-06,3.1541756385150885e-06,2.1084391922681798e-09,2.1646325621742106e-11,0
3299,1.8940897638951128e-10,5.5518168259570400e-06,5.5620355192664478e-06,-1.0218693309407866e-08,5.2725481540032996e-11,0
3300,-4.0739214908871760e-10,8.7066668358855900e-06,8.7011769670055589e-06,5.4898688800311034e-09,2.9547082576188501e-11,0
3301,6.8021582348779397e-10,-3.3445562856549566e-05,-3.3418507300234980e-05,-2.7055556314585765e-08,4.6215766109626371e-11,0
3302,8.6962478266487819e-10,-2.7893814085686204e-05,-2.7864533386945509e-05,-2.9280698740695530e-08,5.9449782296800949e-11,0
3303,2.7282366008267853e-10,-2.4738971535825591e-05,-2.4713740400332565e-05,-2.5231135493025860e-08,2.9262544426878290e-11,0
3304,-5.9680112510572877e-10,3.1548007329990080e-06,3.1498192885768646e-06,4.9814444221434127e-09,3.7798212065070651e-11,0
3305,-1.2400477108235602e-10,-7.9158045977145014e-05,-7.9143697648135778e-05,-1.4348329009235511e-08,2.3504397481622407e-11,0
3308,-6.2773436569419651e-10,8.6923199958347658e-06,8.6987850618295709e-06,-6.4650659948051203e-09,8.6794345188328358e-11,0
3311,2.9863029575417298e-10,-2.7588261924790282e-05,-2.7587260107600042e-05,-1.0018171902399960e-09,3.0488074933155318e-11,0
3312,-4.0409234772213255e-11,-7.9138490530026619e-05,-7.9142836597103505e-05,4.3460670768864871e-09,4.5034530251777347e-11,0
3313,2.7325155078316157e-10,-2.4430389770531587e-05,-2.4429012628844089e-05,-1.3771416874973439e-09,4.3736444039309521e-11,0
3315,2.9863404353093970e-10,-2.7873558943127767e-05,-2.7871731826129124e-05,-1.8271169986427700e-09,6.7251784210826259e-11,0
3316,-4.0405486998793355e-11,-7.9423639152168164e-05,-7.9426657862187395e-05,3.0187100192311574e-09,4.6842028191507444e-11,0
3317,2.7325529855864714e-10,-2.4715447927315705e-05,-2.4713556370981183e-05,-1.8915563345223271e-09,4.5843243045188216e-11,0
3318,-3.3903953069767419e-10,-5.1550122724395783e-05,-5.1555497740183552e-05,5.3750157877691042e-09,5.3658706575132458e-11,0
3319,-2.5378745116650903e-11,3.1578126592560207e-06,3.1572021247699662e-06,6.1053448605453904e-10,4.7924020331094959e-11,0
3320,3.1366078549834133e-10,5.4708133930594580e-05,5.4712279441167011e-05,-4.1455105724314423e-09,4.2315253193361361e-11,0
3321,-3.6301438068277972e-11,5.5473515218082501e-06,5.5592640500974428e-06,-1.1912528289192683e-08,5.0727751219901981e-11,0
3322,-3.6258623458236164e-10,-4.6019497837924972e-05,-4.6003009763904820e-05,-1.6488074020152091e-08,3.2916775541166560e-11,0
3323,-7.6381960149987044e-11,8.6995361646292207e-06,8.7059220827271458e-06,-6.3859180979250642e-09,2.8472350909378228e-11,0
3324,2.8947170450004478e-10,-3.3123668798594116e-05,-3.3139481799998683e-05,1.5813001404566614e-08,4.3440526993878283e-11,0
3326,2.5317026731098020e-10,-2.7576179481918553e-05,-2.7588046717443134e-05,1.1867235524580728e-08,1.8392447491648469e-11,0
3327,-7.3114529234382690e-11,-7.9143139204328455e-05,-7.9143461888499695e-05,3.2268417123992692e-10,2.5618958972910657e-11,0
3328,2.1308974505957614e-10,-2.4424163100929784e-05,-2.4429547346240024e-05,5.3842453102396928e-09,2.3583360603217942e-11,0
3329,2.8947054609865972e-10,-3.3408660088584882e-05,-3.3423561451775346e-05,1.4901363190463434e-08,3.4224023949809138e-11,0
3330,2.5316910890751370e-10,-2.7861246936902034e-05,-2.7872509285297359e-05,1.1262348395324256e-08,2.9854914376941176e-11,0
3331,-7.3115687637939525e-11,-7.9428195775560354e-05,-7.9427285766902855e-05,-9.1000865749932183e-10,2.2746189925056238e-11,0
3332,2.1308858665795839e-10,-2.4709201076385939e-05,-2.4714085998973911e-05,4.8849225879711914e-09,2.2060466980705732e-11,0
3333,-3.2628479652091362e-10,-5.1566941115863477e-05,-5.1555335953623282e-05,-1.1605162240194730e-08,3.1286739666815185e-11,0
3334,-4.0080522105331502e-11,3.1520431037707422e-06,3.1574503861530327e-06,-5.4072823822904609e-09,2.9535772045739518e-11,0
3335,2.8620427431134414e-10,5.4719029640670075e-05,5.4712366063302264e-05,6.6635773678111270e-09,1.9923955085846600e-11,0
3336,2.1530103295116035e-10,8.7191366679104099e-06,8.7098261671236361e-06,9.3105007867737885e-09,2.6495169072706134e-11,0
3337,-2.7736806149973781e-11,-3.3152349445876583e-05,-3.3143509572351929e-05,-8.8398735246538298e-09,4.3386183519403397e-11,0
3339,1.8756422577694614e-10,-2.4433250464595165e-05,-2.4429681496603341e-05,-3.5689679918239484e-09,3.1750511383578738e-11,0
3340,-2.7751098478743147e-11,-3.3437452060610176e-05,-3.3427577996729685e-05,-9.8740638804908974e-09,3.3369838685520356e-11,0
3341,1.8754993344447645e-10,-2.4718285650602526e-05,-2.4714215785161011e-05,-4.0698654415150198e-09,2.6022031404489872e-11,0
3342,-2.6983257732640497e-10,-5.1548572249638085e-05,-5.1554637172355013e-05,6.0649227169281075e-09,3.7680326669393992e-11,0
3343,2.0136741238861610e-10,5.5563769669718377e-06,5.5621823553650859e-06,-5.8053883932482502e-09,1.7310614751044213e-11,0
3344,-1.6793046560539471e-10,-4.5972273204318570e-05,-4.6000708477086391e-05,2.8435272767821454e-08,1.2757651270935566e-11,0
3345,7.2064320832028290e-12,8.7103738900760072e-06,8.7075757510150248e-06,2.7981390609824788e-09,1.1072733169991793e-11,0
3346,2.0370012412247743e-10,-3.3143249030107534e-05,-3.3140793270414008e-05,-2.4557596935257005e-09,1.4917634671216990e-11,0
3347,1.8367780496225907e-14,2.8501803731998249e-07,2.8503471692978379e-07,-1.6679609801299334e-11,1.5409625339093259e-11,0
3348,4.0506753501440800e-10,-2.7586906396901182e-05,-2.7586571967283194e-05,-3.3442961798769706e-10,1.7856026181976368e-11,0
3349,3.5769656912196942e-11,-7.9115512525951628e-05,-7.9142507249666663e-05,2.6994723715035077e-08,2.2933311164613217e-11,0
3350,2.1090655491814534e-10,-2.4432896993797394e-05,-2.4429225495927496e-05,-3.6714978698985056e-09,2.0092670475239569e-11,0
3351,2.0368175634772442e-10,-3.3428226247567833e-05,-3.3424850984505272e-05,-3.3752630625605729e-09,1.0081539689007733e-11,0
3352,4.0504916723671609e-10,-2.7871941380344125e-05,-2.7871019004154236e-05,-9.2237618988882616e-10,1.9955274156264247e-11,0
3353,3.5751289134928002e-11,-7.9400532408586272e-05,-7.9426335702822144e-05,2.5803294235871694e-08,1.4743826874274645e-11,0
3354,2.1088818713495607e-10,-2.4717874296308583e-05,-2.4713755558760816e-05,-4.1187375477670857e-09,1.4328595872176398e-11,0
3355,-3.6929787810011888e-10,-5.1528704340861146e-05,-5.1555855264906270e-05,2.7150924045123766e-08,2.8056727962598359e-11,0
3356,-1.9416098008081482e-10,3.1540098255683144e-06,3.1562912804792731e-06,-2.2814549109587602e-09,2.2530460552733775e-11,0
3357,1.7513689838286808e-10,5.4682656963773654e-05,5.4711726520688064e-05,-2.9069556914409719e-08,2.0700090785925552e-11,0
3358,1.7347214018614698e-10,5.5561199001283312e-06,5.5618398329030374e-06,-5.7199327747061728e-09,4.3951420475177980e-11,0
3359,-1.9241900433105690e-10,-4.5978419558063977e-05,-4.6001036900049235e-05,2.2617341985258258e-08,2.2262979098108991e-11,0
3360,-7.9034952822693122e-12,8.7104545074695190e-06,8.7075859704651702e-06,2.8685370043487850e-09,2.4802214501573818e-11,0
3361,2.1983377886116326e-10,-3.3142657437799407e-05,-3.3140675769163600e-05,-1.9816686358067903e-09,3.3290204079656049e-11,0
3362,1.6891476106398227e-14,2.8505770092819819e-07,2.8503471240439084e-07,2.2988523807354124e-11,1.7964694875969852e-11,0
3363,3.9330591778056826e-10,-2.7586473540303015e-05,-2.7586838206401094e-05,3.6466609807918543e-10,2.4272352450137803e-11,0
3364,2.7414773184502521e-11,-7.9121057249463556e-05,-7.9142729148764271e-05,2.1671899300715293e-08,2.9308928592700560e-11,0
3365,2.1193028249541060e-10,-2.4432218291380210e-05,-2.4429104124809983e-05,-3.1141665702267662e-09,2.7806206891822457e-11,0
3366,2.1981688738356822e-10,-3.3427620376466280e-05,-3.3424726553383833e-05,-2.8938230824473738e-09,1.7509165682886893e-11,0
3367,3.9328902630295452e-10,-2.7871498022614526e-05,-2.7871280312655657e-05,-2.1770995886944582e-10,2.2509917405265456e-11,0
3368,2.7397881705066118e-11,-7.9406035932738303e-05,-7.9426558945433525e-05,2.0523012695221874e-08,1.4604548440438652e-11,0
3369,2.1191339101957460e-10,-2.4717210789053368e-05,-2.4713631423038305e-05,-3.5793660150629583e-09,1.4239180626890757e-11,0
3370,-3.6589114460786510e-10,-5.1534528714467821e-05,-5.1555810675226963e-05,2.1281960759142167e-08,3.5949855712769219e-11,0
3371,-1.8137563525957294e-10,3.1541807866400026e-06,3.1566769541453875e-06,-2.4961675053849029e-09,3.3778858193042253e-11,0
3372,1.8451550965292536e-10,5.4688767604295016e-05,5.4712067683240930e-05,-2.3300078945913795e-08,2.4866685070766080e-11,0
3373,4.2906286204262413e-10,-2.7590278041737717e-05,-2.7586490516276959e-05,-3.7875254607573671e-09,1.1191758695667412e-11,0
3374,5.9549388734223205e-11,-7.9119719248105409e-05,-7.9142424054865762e-05,2.2704806760352335e-08,1.4685414730683886e-11,0
3375,2.4182856885407813e-10,-2.4433044574399647e-05,-2.4428655406920929e-05,-4.3891674787181376e-09,1.3937473491761685e-11,0
3376,-3.6951347338947089e-10,-5.1529431401740530e-05,-5.1555853084209038e-05,2.6421682468507430e-08,1.6879141301964040e-11,0
3377,-1.8723429338770211e-10,3.1572609506362592e-06,3.1567765294804823e-06,4.8442115577694071e-10,1.4830523636895406e-11,0
3378,1.8227918049656103e-10,5.4686660765738970e-05,5.4712209726485521e-05,-2.5548960746550858e-08,1.2071324544969443e-11,0
3381,-5.2224623841488696e-10,8.6959911416908259e-06,8.7015907439853507e-06,-5.5996022945248265e-09,6.3303232467729363e-11,0
3384,2.8382750325254062e-10,-2.7588462883536670e-05,-2.7588381819160992e-05,-8.1064375677885551e-11,3.0960388235938891e-11,0
3385,-3.9782337942673394e-11,-7.9140294065823021e-05,-7.9143749488907336e-05,3.4554230843151677e-09,3.9211803215953316e-11,0
3386,2.5289614688108276e-10,-2.4429182154213011e-05,-2.4428423072393091e-05,-7.5908181991959770e-10,4.1493737693662788e-11,0
3388,2.8382989458213238e-10,-2.7873608546716581e-05,-2.7872815650025789e-05,-7.9289669079233931e-10,4.8249864467490126e-11,0
3389,-3.9779946614362788e-11,-7.9425307775611576e-05,-7.9427581276945370e-05,2.2735013337948006e-09,2.9660986741348460e-11,0
3390,2.5289853821162128e-10,-2.4714133994106074e-05,-2.4712945639614214e-05,-1.1883544918601583e-09,3.1331520164066436e-11,0
3391,-3.2360984125168680e-10,-5.1551675681435656e-05,-5.1555286994077473e-05,3.6113126418169930e-09,4.4797231224640807e-11,0
3392,-3.0931356418081345e-11,3.1593359674777707e-06,3.1588984503895107e-06,4.3751708826005414e-10,4.5395720553133631e-11,0
3393,2.9267848476529638e-10,5.4711169475151616e-05,5.4713765626894806e-05,-2.5961517431891405e-09,3.7399372906831172e-11,0
3394,-1.3578659200086689e-10,5.5502318603243964e-06,5.5580424846789396e-06,-7.8106243545431652e-09,1.4677706260094315e-11,0
3395,-5.0314012265747850e-10,-4.5977249854431412e-05,-4.6004936344141371e-05,2.7686489709958639e-08,1.0426015310585206e-11,0
3396,-3.2341760854379538e-10,8.7078892125232177e-06,8.7043057435135756e-06,3.5834690096421139e-09,7.9991046705868404e-12,0
3397,5.6383115513939966e-10,-3.3140822194025615e-05,-3.3136696422850502e-05,-4.1257711751131396e-09,1.4138183283022758e-11,0
3398,1.5763374955757707e-14,2.8504254524411626e-07,2.8503473982216209e-07,7.8054219541642199e-12,8.5733722360957942e-12,0
3399,4.2804456200012991e-10,-2.7590605327390289e-05,-2.7586781267193768e-05,-3.8240601965212797e-09,7.2644683590993384e-12,0
3400,6.0691031435211353e-11,-7.9118080877590632e-05,-7.9142682552933860e-05,2.4601675343227051e-08,8.7247407419676981e-12,0
3401,2.4041354568906763e-10,-2.4432948864080636e-05,-2.4428424270666099e-05,-4.5245934145373703e-09,8.2935018255175655e-12,0
3402,5.6381539176986072e-10,-3.3425819572447790e-05,-3.3420726222359899e-05,-5.0933500878906570e-09,1.0472373935443032e-11,0
3403,4.2802879862984516e-10,-2.7875651496580330e-05,-2.7871208454657681e-05,-4.4430419226493506e-09,1.0590958318528582e-11,0
3404,6.0675268058916365e-11,-7.9403069062760311e-05,-7.9426516467093994e-05,2.3447404333683621e-08,7.1701879105547436e-12,0
3405,2.4039778231382218e-10,-2.4717924575179927e-05,-2.4712943221979857e-05,-4.9813532000695727e-09,6.7494878791998296e-12,0
3406,-3.6735353063910263e-10,-5.1527450075786532e-05,-5.1555820261115985e-05,2.8370185329452794e-08,1.1035838569608061e-11,0
3407,-1.8763101650760289e-10,3.1576564915609256e-06,3.1572939933515373e-06,3.6249820938839096e-10,8.9791769848713343e-12,0
3408,1.7972251461844579e-10,5.4685123488492499e-05,5.4712694546717103e-05,-2.7571058224604551e-08,7.1183325861225564e-12,0
3409,-8.0587030295856027e-10,5.5300321384291889e-06,5.5498146129166530e-06,-1.9782474487464030e-08,3.7481788737465031e-11,0
3410,-1.1087575111821655e-09,-4.6018372701266651e-05,-4.6012412348457773e-05,-5.9603528088772776e-09,2.3975361890585320e-11,0
3411,-7.9000659879996907e-10,8.6906485175057557e-06,8.6988568389831750e-06,-8.2083214774193107e-09,2.1455833174489292e-11,0
3412,1.0604413993595140e-09,-3.3120547709432693e-05,-3.3130714016645027e-05,1.0166307212333572e-08,3.2283250816531980e-11,0
3414,2.5457109747477286e-10,-2.7590367745783557e-05,-2.7589085749275054e-05,-1.2819965085033224e-09,1.3915662764434099e-11,0
3415,-4.8316111651811678e-11,-7.9138906834435099e-05,-7.9144191868654062e-05,5.2850342189625713e-09,1.6807791783670585e-11,0
3416,2.7043480110440021e-10,-2.4429882499328245e-05,-2.4427899860425230e-05,-1.9826389030151107e-09,1.7417234554381916e-11,0
3417,1.0604503404475174e-09,-3.3405551777426074e-05,-3.3414733616451159e-05,9.1818390250854439e-09,3.3050783436765869e-11,0
3418,2.5458003855930856e-10,-2.7875501762570417e-05,-2.7873505599604815e-05,-1.9961629656018820e-09,2.2187218084561595e-11,0
3419,-4.8307170572344186e-11,-7.9423934417846391e-05,-7.9428027429093772e-05,4.0930112473808915e-09,1.5163150922728715e-11,0
3420,2.7044374219641047e-10,-2.4714920474166839e-05,-2.4712414575939431e-05,-2.5058982274075775e-09,1.5605771024223053e-11,0
3421,-3.0288720946578531e-10,-5.1548498536850909e-05,-5.1555024737291605e-05,6.5262004406960216e-09,2.0404296071816370e-11,0
3422,1.5863703432571781e-11,3.1605468015264652e-06,3.1601201128583727e-06,4.2668866809243380e-10,1.8010972196076931e-11,0
3423,3.1875091255760433e-10,5.4708994416405657e-05,5.4714725254882739e-05,-5.7308384770820512e-09,1.4699939188114218e-11,0
3425,1.0858523744228628e-10,-2.7592386948861736e-05,-2.7591047177333174e-05,-1.3397715285619533e-09,2.3620224475300589e-11,0
3426,-1.4796139574997409e-10,-7.9142338073534373e-05,-7.9145580808104006e-05,3.2427345696335076e-09,4.1645932371317665e-11,0
3427,2.6696147349462039e-10,-2.4429448376204511e-05,-2.4427791671359709e-05,-1.6567048448026941e-09,3.3405148340546117e-11,0
3428,1.0860996043315789e-10,-2.7877427835668739e-05,-2.7875460023382573e-05,-1.9678122861657016e-09,3.0861633975044753e-11,0
3429,-1.4793667275067636e-10,-7.9427321626802418e-05,-7.9429418062489183e-05,2.0964356867652452e-09,2.3261444816322111e-11,0
3430,2.6698619648829420e-10,-2.4714495036620102e-05,-2.4712302385473272e-05,-2.1926511468300675e-09,2.0034085745601069e-11,0
3431,-2.5654663373601236e-10,-5.1549928824664443e-05,-5.1554451902567519e-05,4.5230779030763345e-09,4.5776634721017769e-11,0
3432,1.5837623609510243e-10,3.1629291092349909e-06,3.1621870451955336e-06,7.4206403945729758e-10,4.2049790670957868e-11,0
3433,4.1492286901065147e-10,5.4712758954293672e-05,5.4716219461412052e-05,-3.4605071183796757e-09,3.5889189719491599e-11,0
3434,-2.9773418514193891e-10,-5.1560170402356262e-05,-5.1554954378774206e-05,-5.2160235820562285e-09,3.6751602733944752e-11,0
3436,1.7477971495844111e-10,-2.7582484471385706e-05,-2.7590473870369382e-05,7.9893989836759259e-09,2.8787653514184265e-11,0
3437,-1.2133760119482910e-10,-7.9147291144341173e-05,-7.9145488451655617e-05,-1.8026926855560163e-09,4.1773899810578371e-11,0
3438,1.7478864384672841e-10,-2.7867553486271568e-05,-2.7874877252845396e-05,7.3237665738283379e-09,2.8190683559740453e-11,0
3439,-1.2132867230390550e-10,-7.9432301626224805e-05,-7.9429328576837127e-05,-2.9730493876782733e-09,2.0538328459343897e-11,0
3440,-2.9611731600492222e-10,-5.1564809338381506e-05,-5.1554932362267173e-05,-9.8769761143333761e-09,4.0583250605059695e-11,0
3441,-2.8933627805486068e-10,-5.1574035428388065e-05,-5.1554846339937126e-05,-1.9189088450939141e-08,1.8577674245953745e-11,0
3442,3.2964806140213177e-10,8.7337292112802528e-06,8.7134880444847484e-06,2.0241166795504408e-08,2.7581906626239586e-11,0
3443,-1.4292599086308867e-10,-3.3197496020612172e-05,-3.3145853634294133e-05,-5.1642386318038721e-08,5.5167640666501984e-11,0
3444,1.8672206927706805e-10,-2.4463854832228616e-05,-2.4428436917884309e-05,-3.5417914344307126e-08,5.3671115741511414e-11,0
3445,1.4642893403354473e-10,5.5668270683272708e-06,5.5615077728505005e-06,5.3192954767702631e-09,6.5635864453334263e-11,0
3446,-2.0237975777986985e-10,-4.5991491337955132e-05,-4.6001436835422458e-05,9.9454974673265830e-09,2.6807389036321689e-11,0
3447,3.1733530678135758e-11,8.7151448533735049e-06,8.7100324159326578e-06,5.1124374408470556e-09,2.8369786348198174e-11,0
3448,1.7530133628801847e-10,-3.3142926798024504e-05,-3.3142029511457089e-05,-8.9728656741462935e-10,3.9400716572962976e-11,0
3450,3.2173026971634296e-10,-2.7576082852968052e-05,-2.7588936656215189e-05,1.2853803247136835e-08,2.0213725374619028e-11,0
3451,-2.7078422165149949e-11,-7.9134434281938337e-05,-7.9144592725049340e-05,1.0158443111002446e-08,2.1503393479367900e-11,0
3452,2.0703486644369277e-10,-2.4427783034453726e-05,-2.4428074989638967e-05,2.9195518524055596e-10,2.3334221986436939e-11,0
3453,1.7529147088009621e-10,-3.3427975014483149e-05,-3.3426011013424874e-05,-1.9640010582753446e-09,2.9288737056481486e-11,0
3454,3.2172040430632752e-10,-2.7861125048623051e-05,-2.7873329495482021e-05,1.2204446858970922e-08,2.9752797543410325e-11,0
3455,-2.7088287573419295e-11,-7.9419407134136144e-05,-7.9428436067330031e-05,9.0289331938867576e-09,1.8046521149208412e-11,0
3457,-3.4880869196100645e-10,-5.1558342174779474e-05,-5.1555573302269912e-05,-2.7688725095622647e-09,3.3370915844560028e-11,0
3458,-1.1469540317714016e-10,3.1482819209610949e-06,3.1597851514306530e-06,-1.1503230469558095e-08,2.2518288952058219e-11,0
3459,2.3411328877255667e-10,5.4706650200223375e-05,5.4714939294125896e-05,-8.2890939025209330e-09,2.2073952464464368e-11,0
3460,-1.5801888876692207e-10,5.5488438596648388e-06,5.5577694971644228e-06,-8.9256374995840194e-09,4.1074890337500462e-11,0
3462,-2.5621476040821327e-10,8.7084071535041205e-06,8.7067925887931956e-06,1.6145647109249285e-09,1.9821839016534110e-11,0
3465,3.2454314948437843e-10,-2.7588043583538086e-05,-2.7589086231138562e-05,1.0426476004767786e-09,2.8869326562002155e-11,0
3466,-1.0307878955275202e-11,-7.9138776582715099e-05,-7.9144567123337739e-05,5.7905406226395209e-09,2.3799664503106801e-11,0
3467,2.2634727774659026e-10,-2.4428436665206981e-05,-2.4427673417301674e-05,-7.6324790530737235e-10,3.6510542025861822e-11,0
3468,4.8255553377106159e-10,-3.3421797109078021e-05,-3.3422349529994045e-05,5.5242091602487149e-10,5.4997684630911997e-11,0
3469,3.2453664546013379e-10,-2.7873019762875021e-05,-2.7873471604573860e-05,4.5184169883896318e-10,2.6011560445296063e-11,0
3470,-1.0314382979682781e-11,-7.9423810726796801e-05,-7.9428412482279181e-05,4.6017554823797992e-09,1.2947759146481993e-11,0
3471,2.2634077372094417e-10,-2.4713368806049928e-05,-2.4712168941071327e-05,-1.1998649786004777e-09,1.9477781268697921e-11,0
3472,-3.3485102840243535e-10,-5.1550812799829211e-05,-5.1555397748307689e-05,4.5849484784778551e-09,5.6619603225237808e-11,0
3473,-9.8195871680772987e-11,3.1595673187405707e-06,3.1603333718302431e-06,-7.6605308967246850e-10,1.5691996751701921e-11,0
3475,-5.7569903484128320e-10,5.5430417992266209e-06,5.5526408563343967e-06,-9.5990571077757844e-09,5.2642297496191069e-11,0
3476,-8.8367983780164045e-10,-4.6001274774749770e-05,-4.6009893188662381e-05,8.6184139126119262e-09,3.5935713085865000e-11,0
3477,-6.3868408514529718e-10,8.7046580294711934e-06,8.7024410881066955e-06,2.2169413644978618e-09,3.5084275074512341e-11,0
3478,8.8721826583654315e-10,-3.3134397700539369e-05,-3.3133551762763201e-05,-8.4593777616777822e-10,4.4770002580636438e-11,0
3480,3.1151923184128430e-10,-2.7591324705683335e-05,-2.7589460718994771e-05,-1.8639866885644630e-09,3.1769848993179909e-11,0
3481,3.5384285863252730e-12,-7.9135817859366311e-05,-7.9144607255578585e-05,8.7893962122739680e-09,4.4372405737478714e-11,0
3482,2.4853418127472123e-10,-2.4429817104676746e-05,-2.4427209349219253e-05,-2.6077554574927160e-09,3.5449319199056121e-11,0
3483,8.8721762966812620e-10,-3.3419371898460622e-05,-3.3417510531153996e-05,-1.8613673066260068e-09,2.2524861788115843e-11,0
3484,3.1151859568162115e-10,-2.7876340303229635e-05,-2.7873837367699508e-05,-2.5029355301271457e-09,3.0361941095401540e-11,0
3485,3.5377924242718373e-12,-7.9420711812386129e-05,-7.9428454940814336e-05,7.7431284282070308e-09,1.8736332713780862e-11,0
3486,2.4853354511317794e-10,-2.4714790117363362e-05,-2.4711699963392363e-05,-3.0901539709989544e-09,1.8084847208194594e-11,0
3487,-3.0798080347840997e-10,-5.1544444022741040e-05,-5.1555062952954925e-05,1.0618930213885356e-08,4.6330802880226562e-11,0
3488,-6.2985050766447480e-11,3.1614830828304713e-06,3.1611685167627532e-06,3.1456606771808760e-10,4.4162373283383198e-11,0
3489,2.4499575262787388e-10,5.4705923901056733e-05,5.4715812567269771e-05,-9.8886662130379674e-09,3.8269872160432440e-11,0
3490,-3.4813494810704540e-11,-7.9138948995402525e-05,-7.9145202907677844e-05,6.2539122753195323e-09,2.7325042371194704e-11,0
3491,2.5376605964239149e-10,-2.4429235829082248e-05,-2.4427031361263685e-05,-2.2044678185624339e-09,2.8998876441948133e-11,0
3492,2.8857955421315606e-10,5.4709660943641839e-05,5.4716584003857761e-05,-6.9230602159223512e-09,2.5510250187741519e-11,0
3493,-9.1935682830111553e-10,5.5078027717120337e-06,5.5484211264581752e-06,-4.0618354746141543e-08,4.7630909819187873e-11,0
3494,-1.1746163900033721e-09,-4.6041261222139543e-05,-4.6013514721301932e-05,-2.7746500837610847e-08,3.1936694421945024e-11,0
3495,-8.4916292943383376e-10,8.6711821583665416e-06,8.7002036608820445e-06,-2.9021502515502902e-08,2.6060708349200015e-11,0
3496,1.1019442862557234e-09,-3.3099843768145606e-05,-3.3131058054605772e-05,3.1214286460165216e-08,4.6718394586791365e-11,0
3497,-1.4895686383444516e-14,2.8502898204074707e-07,2.8503452689613281e-07,-5.5448553857446981e-12,8.4244449929210534e-12,0
3498,1.8258745805893016e-10,-2.7592129708591852e-05,-2.7591259808834234e-05,-8.6989975761806956e-10,8.4180229186063254e-12,0
3499,-7.2672104819742261e-11,-7.9141129569416414e-05,-7.9145754539996363e-05,4.6249705799487157e-09,1.0361702392095225e-11,0
3500,2.5278135656857610e-10,-2.4428701077043591e-05,-2.4426964324380222e-05,-1.7367526633689252e-09,1.0658334922583372e-11,0
3501,1.1019591819457863e-09,-3.3384903280874595e-05,-3.3415004379646193e-05,3.0101098771598202e-08,3.8042937192227579e-11,0
3502,1.8260235374371111e-10,-2.7877193705309541e-05,-2.7875627558321898e-05,-1.5661469876437277e-09,1.1969267806263197e-11,0
3503,-7.2657209126299890e-11,-7.9426153410003947e-05,-7.9429604448336667e-05,3.4510383327201544e-09,8.1053197746175666e-12,0
3504,2.5279625225658220e-10,-2.4713707261194047e-05,-2.4711449879083982e-05,-2.2573821100648915e-09,8.2882975745380777e-12,0
3505,-2.5525956328748584e-10,-5.1549006498521899e-05,-5.1554410704957878e-05,5.4042064359790740e-09,1.3341674199687324e-11,0
3506,7.0193898390918417e-11,3.1634198333906104e-06,3.1632091984328094e-06,2.1063495780097787e-10,1.0822824033233661e-11,0
3507,3.2545346108191952e-10,5.4712446276512436e-05,5.4717201140213959e-05,-4.7548637015234845e-09,9.4351590306794300e-12,0
3508,-7.8870555376972281e-10,5.5497586677380993e-06,5.5500253766657907e-06,-2.6670892769140611e-10,5.4089439397962761e-11,0
3509,-1.0390580987290785e-09,8.7104305041907706e-06,8.6981922844607541e-06,1.2238219730016517e-08,2.9475054928415059e-11,0
3510,1.3135617826074861e-09,-3.3154472362804770e-05,-3.3128591524458219e-05,-2.5880838346551023e-08,5.2182961969434395e-11,0
3511,1.8907957158924019e-14,2.8505856209774597e-07,2.8503496422447814e-07,2.3597873267828734e-11,1.8054150230712092e-11,0
3512,5.2485622162218690e-10,-2.7604713207198678e-05,-2.7587256476056541e-05,-1.7456731142137316e-08,2.6994940671848033e-11,0
3513,2.7450367863559566e-10,-2.4444014664365410e-05,-2.4426519560946125e-05,-1.7495103419284659e-08,3.3023359799937025e-11,0
3514,1.3135428746693677e-09,-3.3439511466092260e-05,-3.3412526954442875e-05,-2.6984511649385591e-08,2.1720494167657362e-11,0
3515,5.2483731366405487e-10,-2.7889686350117057e-05,-2.7871616601996134e-05,-1.8069748120923100e-08,2.4075947783376273e-11,0
3516,2.7448477071750786e-10,-2.4729034067352482e-05,-2.4711001036483922e-05,-1.8033030868559697e-08,1.5785775270954834e-11,0
3517,-2.5035254467829119e-10,3.1606750405524173e-06,3.1596474601381168e-06,1.0275804143005032e-09,3.3087610572335774e-11,0
3518,2.8046830051442134e-10,5.5576820802835311e-06,5.5631536250036983e-06,-5.4715447201672090e-09,1.7597664488633939e-11,0
3519,-2.3853398298954969e-10,8.7153455436777237e-06,8.7081953249140683e-06,7.1502187636554224e-09,9.4536644104071657e-12,0
3520,4.7961433637185737e-10,-3.3182807295726452e-05,-3.3138902900489387e-05,-4.3904395237064694e-08,1.4043732133779132e-11,0
3521,7.6008261867985470e-10,-2.7625145620263115e-05,-2.7584476137940533e-05,-4.0669482322582684e-08,1.9307450660244395e-11,0
3522,2.4108033795902802e-10,-2.4467496300993596e-05,-2.4426833524690715e-05,-4.0662776302881148e-08,1.8672864035007922e-11,0
3523,-5.1900228207276737e-10,3.1576880510338426e-06,3.1565514417769739e-06,1.1366092568686738e-09,2.2327213428327872e-11,0
3524,-3.0680179230516851e-14,2.8507515600052634e-07,2.8503438238747545e-07,4.0773613050885919e-11,1.1000560550223662e-11,0
3531,-2.0154523726045454e-10,-5.1544204776255570e-05,-5.1553741152869653e-05,9.5363766140831117e-09,1.4148697661183809e-11,0
3532,2.1644955584642295e-10,3.1678574312415594e-06,3.1658340325714457e-06,2.0233986701137104e-09,9.9718242398827849e-12,0
3533,4.1799479204338148e-10,5.4712049816085448e-05,5.4719156707063229e-05,-7.1068909777806453e-09,1.1227426015274260e-11,0
3534,-1.4882950494860957e-14,2.8516512067442599e-07,2.8503459954477396e-07,1.3052112965202367e-10,2.8850886920213426e-11,0
3535,1.2725968065733405e-10,-2.7590545418950318e-05,-2.7592588415298524e-05,2.0429963482057677e-09,1.9867441895164811e-11,0
3536,-1.3590967801065497e-10,-7.9148358336074594e-05,-7.9147166897051334e-05,-1.1914390232595825e-09,3.6375658812201253e-11,0
3537,2.2022750992339015e-10,-2.4420085625529060e-05,-2.4426784189546818e-05,6.6985640177577869e-09,4.0406756300765779e-11,0
3538,1.2727456361021491e-10,-2.7875688343114184e-05,-2.7876929983608140e-05,1.2416404939561006e-09,4.0224663884558204e-11,0
3539,-1.3589479505936837e-10,-7.9433309669640038e-05,-7.9431024062475949e-05,-2.2856071640897126e-09,2.5853215440286615e-11,0
3540,2.2024239287361550e-10,-2.4705055296194572e-05,-2.4711255106929702e-05,6.1998107351297189e-09,2.4851504899829607e-11,0
3541,-2.6316935864880603e-10,-5.1557768587673792e-05,-5.1554493124973338e-05,-3.2754627004536472e-09,5.1825952205047411e-11,0
3542,9.2967829265491538e-11,3.1704903095267425e-06,3.1647076186971889e-06,5.7826908295536879e-09,3.8201231771385666e-11,0
3543,3.5613718805636200e-10,5.4728264016831382e-05,5.4718782399228108e-05,9.4816176032740097e-09,3.4535396534011973e-11,0
3544,-1.0574689245077979e-10,5.5466405910965973e-06,5.5584113382887707e-06,-1.1770747192173474e-08,4.3340208036692219e-11,0
3545,-4.2159964778746600e-10,-4.6019466389815231e-05,-4.6004477455969471e-05,-1.4988933845760119e-08,2.9256184926786379e-11,0
3546,-1.3600635301497265e-10,8.7051742797316159e-06,8.7104352344939559e-06,-5.2609547623400305e-09,2.7112525606699899e-11,0
3547,3.4913241765714961e-10,-3.3126840658519868e-05,-3.3140908996241001e-05,1.4068337721132745e-08,3.9367685249906531e-11,0
3549,2.4338552604884118e-10,-2.7580260174757745e-05,-2.7591431078103932e-05,1.1170903346186607e-08,1.6784119599973956e-11,0
3550,-7.2467229379825937e-11,-7.9146256342860341e-05,-7.9146650920918570e-05,3.9457805822891174e-10,2.5106984228928579e-11,0
3551,2.1312606533720329e-10,-2.4421649125348256e-05,-2.4426631530746653e-05,4.9824053983964125e-09,2.2263440230146954e-11,0
3552,3.4913260034095378e-10,-3.3411873206556225e-05,-3.3424803428234624e-05,1.2930221678398592e-08,3.0553864600714078e-11,0
3553,2.4338570873898109e-10,-2.7865228641035106e-05,-2.7875761997110490e-05,1.0533356075384688e-08,2.7616967360841291e-11,0
3554,-7.2467046691484176e-11,-7.9431271377144314e-05,-7.9430511268645411e-05,-7.6010849890217717e-10,2.2211884864601823e-11,0
3555,2.1312624802571702e-10,-2.4706689351023520e-05,-2.4711096573897419e-05,4.4072228738996203e-09,2.3726814947445996e-11,0
3556,-3.1585275535009961e-10,-5.1566013404291851e-05,-5.1555133935649420e-05,-1.0879468642431111e-08,2.4401450390251549e-11,0
3557,-3.0259460584925938e-11,3.1585478820241042e-06,3.1636986710490092e-06,-5.1507890249049589e-09,2.5861120060130918e-11,0
3558,2.8559329472700454e-10,5.4724631849818045e-05,5.4718414435457842e-05,6.2174143602031977e-09,1.7795901253471296e-11,0
3559,2.4723583674570494e-10,5.5682605804817376e-06,5.5627455678523870e-06,5.5150126293505858e-09,5.0689178271136569e-11,0
3560,6.5956814593786698e-11,8.7192286917997866e-06,8.7132865987612937e-06,5.9420930384929170e-09,1.8883254713324689e-11,0
3561,1.4592362510474086e-10,-3.3151815979836144e-05,-3.3143557131163507e-05,-8.2588486726366977e-09,3.1274626827836968e-11,0
3563,3.9315945969016905e-10,-2.7583646194034774e-05,-2.7589823203849891e-05,6.1770098151167152e-09,2.5904316372520594e-11,0
3564,2.1188043776057312e-10,-2.4432640969696169e-05,-2.4426440351215818e-05,-6.2006184803510686e-09,2.1887522864279245e-11,0
3565,1.4590640936290420e-10,-3.3436769530900343e-05,-3.3427438660185511e-05,-9.3308707148318805e-09,2.2205876149472665e-11,0
3566,3.9314224395388280e-10,-2.7868578467254903e-05,-2.7874145013924799e-05,5.5665466698963156e-09,2.6469900142699697e-11,0
3567,2.1186322201807585e-10,-2.4717586628125905e-05,-2.4710900395934215e-05,-6.6862321916898084e-09,1.7712284919650212e-11,0
3568,-1.8127902189601353e-10,3.1509512333485409e-06,3.1622783012440490e-06,-1.1327067895508045e-08,3.2265953767038881e-11,0
3569,-2.2441945266073461e-10,-5.1544050213496711e-05,-5.1554002992718013e-05,9.9527792213024210e-09,4.1178022850248582e-11,0
3570,1.6134447452797694e-10,8.7295485662712557e-06,8.7147136642505305e-06,1.4834902020725231e-08,2.2752931035795418e-11,0
3571,4.5558634859217843e-11,-3.3160641232416951e-05,-3.3144894831906137e-05,-1.5746400510814531e-08,3.8041841060987401e-11,0
3573,2.0690310814921089e-10,-2.4431144292371343e-05,-2.4426359284214467e-05,-4.7850081568757714e-09,2.8491906042204950e-11,0
3574,4.5546533484942934e-11,-3.3445623060034124e-05,-3.3428767265737062e-05,-1.6855794297062233e-08,3.1598624929853043e-11,0
3575,2.0689100677409156e-10,-2.4716087638725851e-05,-2.4710815676987321e-05,-5.2719617385305810e-09,2.6761297012892526e-11,0
3576,-2.2610319962039561e-10,-5.1542940971784773e-05,-5.1554020751641821e-05,1.1079779857047639e-08,2.4853188346828131e-11,0
3579,-5.5240081961000689e-10,8.7066747889285451e-06,8.7064123647893514e-06,2.6242413919364764e-10,7.2792946185909756e-11,0
3582,2.5991309884400319e-10,-2.7591808032205152e-05,-2.7591906452576354e-05,9.8420371201171251e-11,2.5628089857895918e-11,0
3583,-1.6361029748057709e-11,-7.9141329362837805e-05,-7.9146626342962851e-05,5.2969801250460228e-09,3.4957193347809398e-11,0
3584,2.2413635902797635e-10,-2.4426920694607494e-05,-2.4425890513582577e-05,-1.0301810249177751e-09,4.7208298029613587e-11,0
3585,7.7653879035872567e-10,-3.3418691969410927e-05,-3.3419965682317653e-05,1.2737129067257177e-09,6.5116052188761051e-11,0
3586,2.5991471119010846e-10,-2.7876947149231904e-05,-2.7876210000395405e-05,-7.3714883649873874e-10,3.0186656826896492e-11,0
3587,-1.6359417401573946e-11,-7.9426381781175746e-05,-7.9430494255000022e-05,4.1124738242760564e-09,2.1079304312226106e-11,0
3588,2.2413797137337538e-10,-2.4711995569843756e-05,-2.4710340246292060e-05,-1.6553235516955915e-09,2.2545306624384419e-11,0
3589,-2.7627412867659163e-10,-5.1549486571486787e-05,-5.1554632593075573e-05,5.1460215887862951e-09,3.6783610425168422e-11,0
3590,-3.5776739871687973e-11,3.1649719186054373e-06,3.1649042795126107e-06,6.7639092826590579e-11,5.6417610440708745e-11,0
3591,2.4049738862864430e-10,5.4714392004910281e-05,5.4719119138820034e-05,-4.7271339097534003e-09,4.4614122042942115e-11,0
3592,-8.1617934717545952e-10,5.5385604614006240e-06,5.5496880294877149e-06,-1.1127568087090909e-08,2.8080344825589456e-11,0
3593,-1.0516971761004897e-09,-4.6005505473128961e-05,-4.6012409722453094e-05,6.9042493241336183e-09,3.5561881352034483e-11,0
3594,-8.1160267045615048e-10,8.7042632138517595e-06,8.7035188381207985e-06,7.4437573096103836e-10,3.1457563165298813e-11,0
3595,1.0385391952498111e-09,-3.3132511443417084e-05,-3.3133011735503759e-05,5.0029208667522543e-10,4.2057898205497865e-11,0
3597,2.2235984861233630e-10,-2.7594021455577475e-05,-2.7592547525076414e-05,-1.4739305010606340e-09,2.0069303287056006e-11,0
3598,-1.3157980849253580e-11,-7.9138063924603756e-05,-7.9146763267364830e-05,8.6993427610734635e-09,2.5102318728795954e-11,0
3599,2.2693652505534135e-10,-2.4428223910688551e-05,-2.4425695402104262e-05,-2.5285085842893069e-09,2.7129767682884531e-11,0
3600,1.0385464179124626e-09,-3.3417619873130251e-05,-3.3416857384677835e-05,-7.6248845241590158e-10,2.3937221934704116e-11,0
3601,2.2236707127191903e-10,-2.7879077793100705e-05,-2.7876843746920864e-05,-2.2340461798409767e-09,1.8618309251572197e-11,0
3602,-1.3150758178853717e-11,-7.9423153057087310e-05,-7.9430633122028738e-05,7.4800649414280248e-09,1.3464904222101234e-11,0
3603,2.2694374772031771e-10,-2.4713305824500265e-05,-2.4710141008628878e-05,-3.1648158713861829e-09,1.2713875738614549e-11,0
3604,-2.3551782982656011e-10,-5.1544127730110065e-05,-5.1554128076166231e-05,1.0000346056166008e-08,2.8120708706490477e-11,0
3605,4.5766762513624150e-12,3.1656634739180185e-06,3.1657376026481274e-06,-7.4128730108908626e-11,2.8594680333257500e-11,0
3606,2.4009450561129687e-10,5.4709809102522836e-05,5.4719448061107208e-05,-9.6389585843722168e-09,2.4469318930387047e-11,0
3607,-4.9690018457942719e-11,-7.9141300486604803e-05,-7.9147301322474858e-05,6.0008358700555002e-09,1.8043014946118255e-11,0
3608,2.2437737609487143e-10,-2.4427653373989069e-05,-2.4425645224891800e-05,-2.0081490972698342e-09,1.6864002874281599e-11,0
3609,2.7406739419957097e-10,5.4713670799460754e-05,5.4720034712682582e-05,-6.3639132218289477e-09,1.5062989668556000e-11,0
3610,-1.3149731249473350e-10,5.5539978151154107e-06,5.5580951521907022e-06,-4.0973370752915594e-09,1.3852531537856105e-11,0
3611,-3.2501587957689570e-10,8.7160623202153158e-06,8.7098138967415736e-06,6.2484234737421822e-09,7.8112448504089678e-12,0
3612,5.4739485440604537e-10,-3.3148871271574190e-05,-3.3139174327630513e-05,-9.6969439436774105e-09,1.2907714729436462e-11,0
3613,1.6640958061780323e-14,2.8511360787969512e-07,2.8503513469866877e-07,7.8473181026350545e-11,9.3007361723716518e-12,0
3614,4.1589753897065968e-10,-2.7594848687083427e-05,-2.7590370442030490e-05,-4.4782450529364730e-09,7.0390999389281856e-12,0
3615,2.2237897243903310e-10,-2.4432808005789459e-05,-2.4425573325873698e-05,-7.2346799157610138e-09,8.6175599763458999e-12,0
3616,5.4737821344523880e-10,-3.3433857197883235e-05,-3.3423008959696790e-05,-1.0848238186445328e-08,9.8676068227129809e-12,0
3617,4.1588089801300566e-10,-2.7879941131861430e-05,-2.7874658918274569e-05,-5.2822135868612046e-09,1.1310323964357237e-11,0
3618,2.2236233147819260e-10,-2.4717832956892317e-05,-2.4710014731180616e-05,-7.8182257117013218e-09,7.3599582139952039e-12,0
3619,-1.9351856668461576e-10,3.1620338451446989e-06,3.1636794269014548e-06,-1.6455817567559399e-09,9.0086622398583277e-12,0
3620,-2.0285438740661224e-12,5.5570758762755329e-06,5.5596848825602254e-06,-2.6090062846924743e-09,4.3761825655529940e-11,0
3621,-3.4537922569160066e-10,-4.5984677994647186e-05,-4.6003825171214005e-05,1.9147176566819608e-08,3.2322786561026595e-11,0
3622,-1.3403719577433714e-10,8.7173309501831567e-06,8.7124614257452901e-06,4.8695244378666250e-09,2.4953618549032023e-11,0
3623,3.4993201035492687e-10,-3.3145111061945280e-05,-3.3141723514966058e-05,-3.3875469792219392e-09,3.7745039490849083e-11,0
3625,3.4790346542223960e-10,-2.7587967268336098e-05,-2.7591393599378351e-05,3.4263310422531302e-09,2.7201345444764409e-11,0
3626,4.5527836873652031e-12,-7.9129794189466626e-05,-7.9146925423653904e-05,1.7131234187277950e-08,3.9000358920394459e-11,0
3627,2.1589481367990402e-10,-2.4427742635134420e-05,-2.4425484797183084e-05,-2.2578379513351124e-09,3.2568227640588429e-11,0
3628,3.4992112589328518e-10,-3.3430057636785193e-05,-3.3425547394563182e-05,-4.5102422220109450e-09,2.7173135649828322e-11,0
3629,3.4789258096710565e-10,-2.7873149756005213e-05,-2.7875674412910341e-05,2.5246569051276025e-09,3.8826545381102981e-11,0
3630,4.5418992378275395e-12,-7.9414706254623234e-05,-7.9430799833147051e-05,1.6093578523816970e-08,2.6186341051315219e-11,0
3631,2.1588392922546107e-10,-2.4712718389541949e-05,-2.4709921887250288e-05,-2.7965022916609874e-09,2.5502220312217908e-11,0
3632,-3.4335068169114449e-10,-5.1541774983118044e-05,-5.1555443363778223e-05,1.3668380660179639e-08,4.6148063420746172e-11,0
3633,-1.3200865167820155e-10,3.1602449423765930e-06,3.1647881200625791e-06,-4.5431776859860931e-09,3.6687913484328778e-11,0
3634,2.1134203007089415e-10,5.4702025408774266e-05,5.4719814116125306e-05,-1.7788707351039964e-08,2.9195516496126707e-11,0
3635,9.4228977244019875e-11,5.5749219906708197e-06,5.5608668162902412e-06,1.4055174380578493e-08,6.6776429458933983e-11,0
3636,-2.5600753704244889e-10,-4.5987591164416836e-05,-4.6002769069621902e-05,1.5177905205065914e-08,3.6125264266259554e-11,0
3637,-1.1285658710204267e-11,8.7214929903331809e-06,8.7142600800931819e-06,7.2329102399990171e-09,2.9357048063942617e-11,0
3638,2.2447446236245545e-10,-3.3146733491174439e-05,-3.3143383978876992e-05,-3.3495122974471240e-09,4.4422610914614871e-11,0
3640,3.1870343880236341e-10,-2.7571739911943886e-05,-2.7591933488034437e-05,2.0193576090551024e-08,2.1509776476271037e-11,0
3641,-3.1533075517244081e-11,-7.9134262725480929e-05,-7.9147546127310509e-05,1.3283401829579594e-08,2.1205459879572949e-11,0
3642,2.1318880294409914e-10,-2.4425223749090013e-05,-2.4425356058967701e-05,1.3230987768749316e-10,2.4075523142603139e-11,0
3643,2.2446587541725040e-10,-3.3431780295303630e-05,-3.3427197541190095e-05,-4.5827541135352802e-09,3.5129448247557073e-11,0
3644,3.1869485185836625e-10,-2.7856839272978953e-05,-2.7876206960445555e-05,1.9367687466602043e-08,3.2404673575340760e-11,0
3645,-3.1541662463592274e-11,-7.9419270168452558e-05,-7.9431422535581291e-05,1.2152367128733096e-08,1.8207509673038372e-11,0
3646,2.1318021599780580e-10,-2.4710303614663195e-05,-2.4709789032317653e-05,-5.1458234554200275e-10,1.9397450840721388e-11,0
3647,-3.5023651435218855e-10,-5.1562569824166156e-05,-5.1555523807127939e-05,-7.0460170382177605e-09,3.9584163400613283e-11,0
3648,-1.0551463577007924e-10,3.1464642364625178e-06,3.1654538640866815e-06,-1.8989627624163660e-08,2.3887272054218891e-11,0
3649,2.4472187856486832e-10,5.4709062418229447e-05,5.4720560420455578e-05,-1.1498002226130661e-08,2.3367644596241750e-11,0
3650,-1.8541082079761476e-10,5.5509416093980912e-06,5.5574331551516498e-06,-6.4915457535586198e-09,4.3539084710217571e-11,0
3652,-2.8294361193613142e-10,8.7149975109539896e-06,8.7112136065444653e-06,3.7839044095242555e-09,2.0746834562882843e-11,0
3655,3.1290916592428915e-10,-2.7590453788816282e-05,-2.7592184596133500e-05,1.7308073172180396e-09,1.7569177947533547e-11,0
3656,-1.2059164500499046e-12,-7.9138611812635574e-05,-7.9147349998249939e-05,8.7381856143643700e-09,1.5194640449670795e-11,0
3657,2.1537637480857577e-10,-2.4426402577990176e-05,-2.4425168469454378e-05,-1.2341085357988875e-09,2.0226255949926765e-11,0
3659,3.1290270742951081e-10,-2.7875503498900030e-05,-2.7876450785323368e-05,9.4728642333782279e-10,2.5066379342650913e-11,0
3660,-1.2123749473471751e-12,-7.9423642740349999e-05,-7.9431228391900951e-05,7.5856515509520285e-09,1.2990882529346979e-11,0
3661,2.1536991631765936e-10,-2.4711416152090396e-05,-2.4709597359372823e-05,-1.8187927175725485e-09,1.8200941816958540e-11,0
3662,-3.1411508231401776e-10,-5.1548160583989901e-05,-5.1555076201152468e-05,6.9156171625668985e-09,4.0911958790949446e-11,0
3663,-9.7532791055449846e-11,3.1640258487198106e-06,3.1658897008575293e-06,-1.8638521377187578e-09,1.5029667398009937e-11,0
3664,2.1658229124615724e-10,5.4712174694351162e-05,5.4720548767315570e-05,-8.3740729644077479e-09,3.3760489608052080e-11,0
3665,-5.7306067010211283e-10,5.5463751970270293e-06,5.5526732524759251e-06,-6.2980554488957865e-09,4.5314843901672977e-11,0
3666,-8.3102898491161203e-10,-4.5989604337770551e-05,-4.6009912247845982e-05,2.0307910075430550e-08,2.9755521559991053e-11,0
3667,-6.4618828884441250e-10,8.7124521760024998e-06,8.7070470003031701e-06,5.4051756993296851e-09,2.9009964510246982e-11,0
3668,8.6140342158052809e-10,-3.3141062399777335e-05,-3.3135803183657895e-05,-5.2592161194393188e-09,3.7067736902222088e-11,0
3670,2.8834275138725293e-10,-2.7594811365512246e-05,-2.7592668973577508e-05,-2.1423919347377917e-09,3.7525238555429941e-11,0
3671,3.0374436617499416e-11,-7.9130631839646748e-05,-7.9147141192984814e-05,1.6509353338066217e-08,3.9229746282556889e-11,0
3672,2.1521513267398541e-10,-2.4428641051460996e-05,-2.4425007247978572e-05,-3.6338034824244037e-09,3.7608792046308137e-11,0
3673,8.6140126498001893e-10,-3.3426021434195268e-05,-3.3419596088867400e-05,-6.4253453278673828e-09,2.8963982868244505e-11,0
3674,2.8834059478377268e-10,-2.7879777098534578e-05,-2.7876927741211232e-05,-2.8493573233459330e-09,4.8575842064165246e-11,0
3675,3.0372280016601759e-11,-7.9415579533813514e-05,-7.9431021576274952e-05,1.5442042461437855e-08,2.8082929674803745e-11,0
3676,2.1521297607418154e-10,-2.4713582976690351e-05,-2.4709431965358231e-05,-4.1510113321200921e-09,2.8453614347289849e-11,0
3677,-2.5796831501855343e-10,-5.1535958206741506e-05,-5.1554382643958356e-05,1.8424437216850735e-08,6.1327240901848248e-11,0
3678,-7.3127618888459928e-11,3.1661360867913345e-06,3.1665323949203137e-06,-3.9630812897916730e-10,4.5215354987709053e-11,0
3679,1.8484069586427860e-10,5.4702042423108652e-05,5.4720498022031314e-05,-1.8455598922661966e-08,2.8217062766455740e-11,0
3680,-9.3155395192208895e-10,5.5295307702218216e-06,5.5482713595449063e-06,-1.8740589323084717e-08,3.0244409689533910e-11,0
3681,-1.1178015623812835e-09,-4.6016086592414081e-05,-4.6013473512836845e-05,-2.6130795772354772e-09,2.1579443126797101e-11,0
3682,-8.7261957950187031e-10,8.6979040742445057e-06,8.7045491857571613e-06,-6.6451115126555971e-09,1.5238819385626917e-11,0
3683,1.0810065937103630e-09,-3.3125045946982498e-05,-3.3133223027617231e-05,8.1770806347326690e-09,2.7445821391403930e-11,0
3684,-1.3176660778996402e-14,2.8508624017007944e-07,2.8503486996838141e-07,5.1370201698023603e-11,9.3869456173191494e-12,0
3685,1.4945264175314888e-10,-2.7595546597169486e-05,-2.7594550195404146e-05,-9.9640176533962702e-10,8.6790041272992184e-12,0
3686,-3.6794969478571569e-11,-7.9141096621620013e-05,-7.9148138144311591e-05,7.0415226915775770e-09,1.1101188210249791e-11,0
3687,2.0838701395451123e-10,-2.4427168544080211e-05,-2.4424934070092685e-05,-2.2344739875258162e-09,1.1582971399608406e-11,0
3688,1.0810197703753095e-09,-3.3410040279645281e-05,-3.3417005769648602e-05,6.9654900033212829e-09,1.9773347430283008e-11,0
3689,1.4946581841742525e-10,-2.7880607114356276e-05,-2.7878801685147581e-05,-1.8054292086951834e-09,1.3103054234346186e-11,0
3690,-3.6781792815621560e-11,-7.9426133275637550e-05,-7.9432020304422160e-05,5.8870287846093461e-09,8.5032878992922381e-12,0
3691,2.0840019061432586e-10,-2.4712155732829061e-05,-2.4709354635530665e-05,-2.8010972983955800e-09,8.6765539381194299e-12,0
3692,-1.8624761165789696e-10,-5.1545573144372303e-05,-5.1553498013157066e-05,7.9248687847628544e-09,1.3580389440333837e-11,0
3693,5.8934372075896471e-11,3.1683532199393077e-06,3.1684839998116692e-06,-1.3077987236151739e-10,1.1493840845985975e-11,0
3694,2.4518198306540914e-10,5.4713944985936361e-05,5.4721565109502596e-05,-7.6201235662347300e-09,1.0548162765203403e-11,0
3697,-1.0673837712252529e-09,8.6789051484299773e-06,8.7024068405784745e-06,-2.3501692148497226e-08,9.7741835243667966e-11,0
3700,6.6208549583817038e-11,-2.7598337303882080e-05,-2.7595727382207434e-05,-2.6099216746461513e-09,2.4597288601353458e-11,0
3701,-6.6550857855089624e-11,-7.9137173038588624e-05,-7.9148655362836694e-05,1.1482324248070176e-08,3.6922250044973506e-11,0
3702,2.0253439847509332e-10,-2.4429024358146867e-05,-2.4424867459735538e-05,-4.1568984113285457e-09,3.3501509923075544e-11,0
3703,1.2699405890320132e-09,-3.3392697189018467e-05,-3.3414779822570873e-05,2.2082633552406267e-08,1.0129601868130666e-10,0
3704,6.6230967740224152e-11,-2.7883405064566338e-05,-2.7879972506216824e-05,-3.4325583495141562e-09,3.2860452837264609e-11,0
3705,-6.6528439691851408e-11,-7.9422282078315566e-05,-7.9432539142469758e-05,1.0257064154192003e-08,2.5561980323558921e-11,0
3706,2.0255681663404769e-10,-2.4713996584449505e-05,-2.4709284416181375e-05,-4.7121682681293615e-09,2.5714016270514652e-11,0
3707,-1.3275940808946125e-10,-5.1538908352848078e-05,-5.1552837727133590e-05,1.3929374285511962e-08,4.0354907255967044e-11,0
3708,1.3632584889251210e-10,3.1693585111419124e-06,3.1697253322489442e-06,-3.6682110703177648e-10,4.1973382949634840e-11,0
3709,2.6908525583407000e-10,5.4708260532903077e-05,5.4722146255904586e-05,-1.3885723001508536e-08,3.2359933543139746e-11,0
3710,-2.9780175706757979e-14,2.8508262718854234e-07,2.8503470118282720e-07,4.7926005715140805e-11,1.1111974289518163e-11,0
3711,-1.3304010096207999e-11,-2.7602897039832874e-05,-2.7596862902948292e-05,-6.0341368845825299e-09,1.1963138674463680e-11,0
3712,-1.4436873384431550e-10,-7.9141915751547529e-05,-7.9149766795735628e-05,7.8510441880991601e-09,1.8995258130096135e-11,0
3713,1.9782162771104767e-10,-2.4430585670982830e-05,-2.4424783144250104e-05,-5.8025267327250737e-09,1.8568304245506195e-11,0
3714,-1.3274229927400581e-11,-2.7887985738956483e-05,-2.7881101516830298e-05,-6.8842221261854978e-09,1.2671339067658804e-11,0
3715,-1.4433895367411192e-10,-7.9426932107670191e-05,-7.9433652264388832e-05,6.7201567186415262e-09,1.1577726255262177e-11,0
3716,1.9785140788359168e-10,-2.4715632814469903e-05,-2.4709196421151842e-05,-6.4363933180607014e-09,1.0668408966092092e-11,0
3717,-1.3106472439476104e-10,-5.1538999983486919e-05,-5.1552813313032465e-05,1.3813329545546123e-08,2.0923408519164647e-11,0
3718,2.1112563807678056e-10,3.1723048218123932e-06,3.1709426377343970e-06,1.3621840779962115e-09,1.8648772140598493e-11,0
3719,3.4219036130601105e-10,5.4711299978201823e-05,5.4723339249961196e-05,-1.2039271759373398e-08,1.6102530930983270e-11,0
3720,5.1769440456782556e-11,-2.7597773142530764e-05,-2.7596184309829170e-05,-1.5888327015942680e-09,2.0518126099261901e-11,0
3721,-9.1896006613781529e-11,-7.9143161348038497e-05,-7.9149240444614588e-05,6.0790965760902042e-09,2.4864499965302480e-11,0
3722,-1.4366544761239137e-10,-5.1545422426513970e-05,-5.1552965308207111e-05,7.5428816931401321e-09,2.7457258652155203e-11,0
3723,-1.2955096783795778e-14,2.8516052088844299e-07,2.8503493884391938e-07,1.2558204452360167e-10,1.9766589403690973e-11,0
3724,1.2399164236912662e-10,-2.7586406821017428e-05,-2.7595455314619482e-05,9.0484936020539502e-09,3.1351126203622836e-11,0
3725,-1.3405549028014472e-10,-7.9155014184702048e-05,-7.9149912676895536e-05,-5.1015078065115528e-09,3.8462981933529638e-11,0
3726,1.2400459746688183e-10,-2.7871476877610810e-05,-2.7879682914522487e-05,8.2060369116772965e-09,3.6412053506282727e-11,0
3727,-1.3404253518097671e-10,-7.9440149403885163e-05,-7.9433801462253575e-05,-6.3479416315879956e-09,2.2632982891206873e-11,0
3728,-2.5804713256214970e-10,-5.1568708725618223e-05,-5.1554366212267909e-05,-1.4342513350313734e-08,4.6386863049655884e-11,0
3729,1.2562042381588321e-10,-2.7589998932491151e-05,-2.7595551597492501e-05,5.5526650013494551e-09,2.0005208905686215e-11,0
3730,-1.2741167629227270e-10,-7.9152864387481599e-05,-7.9149944985704648e-05,-2.9194017769511088e-09,1.5300022450308751e-11,0
3731,-2.5303210001705455e-10,-5.1562993449142183e-05,-5.1554301999892916e-05,-8.6914492492676308e-09,2.8534011512167471e-11,0
3733,1.5852800673807596e-10,-2.7549735111300801e-05,-2.7595251353146219e-05,4.5516241845418260e-08,2.6628925947845206e-11,0
3734,-1.2218968096158980e-10,-7.9155513467776134e-05,-7.9149982550626537e-05,-5.5309171495966213e-09,2.9102689515756450e-11,0
3735,1.5853703313223220e-10,-2.7834873417236124e-05,-2.7879470125314504e-05,4.4596708078380073e-08,3.9274727278964050e-11,0
3736,-1.2218065456394660e-10,-7.9440561141623685e-05,-7.9433873844462390e-05,-6.6872971612948239e-09,2.1611529085699964e-11,0
3737,-2.8071768758388927e-10,-5.1605779945396169e-05,-5.1554639596383060e-05,-5.1140349013108644e-08,4.0702405539688076e-11,0
3738,-2.7787060458404778e-10,-5.1569720512094006e-05,-5.1554601565076061e-05,-1.5118947017944695e-08,5.2539373914672017e-11,0
3739,-1.6527343905799117e-10,5.5462378684117530e-06,5.5576804194738120e-06,-1.1442551062059025e-08,4.8475590116636574e-11,0
3740,-4.6684294859478911e-10,-4.6019171380801485e-05,-4.6005720288778347e-05,-1.3451092023138394e-08,3.2753843592629361e-11,0
3741,-1.8814036023849285e-10,8.7106056687663233e-06,8.7146466306728740e-06,-4.0409619065506905e-09,2.4973615517458912e-11,0
3751,-3.0156950955611199e-10,-5.1565381535553095e-05,-5.1554890178252618e-05,-1.0491357300477350e-08,3.1210192575646351e-11,0
3752,-2.2866921199070935e-11,3.1643544519694561e-06,3.1694571696306637e-06,-5.1027176612076517e-09,2.9084095101612850e-11,0
3753,2.7870258836879894e-10,5.4729817433351799e-05,5.4723931123849598e-05,5.8863095022011888e-09,2.1601459322452348e-11,0
3758,1.5508991273693514e-10,-2.7877291824470341e-05,-2.7879941554782070e-05,2.6497303117288377e-09,2.5071512596063491e-11,0
3759,-9.2603236272235495e-11,-7.9435254220903864e-05,-7.9433953588952088e-05,-1.3006319517759341e-09,1.5466206590857412e-11,0
3760,2.0210020671046952e-10,-2.4705162480609562e-05,-2.4708278490951018e-05,3.1160103414562090e-09,1.5677820957149841e-11,0
3761,-2.4769314887622310e-10,-5.1558040200295509e-05,-5.1554223966132452e-05,-3.8162341630564771e-09,3.6823921272924867e-11,0
3762,4.7010294006530762e-11,3.1719862733268437e-06,3.1707023866680493e-06,1.2838866587943638e-09,3.8318640928559797e-11,0
3763,2.9470344299667874e-10,5.4730065625568577e-05,5.4724510261795917e-05,5.5553637726604558e-09,2.7828908238157349e-11,0
3766,6.1562336809338799e-10,3.1784766297757432e-06,3.1779519778199098e-06,5.2465195583347335e-10,1.5298179867285974e-11,0
3769,-1.2297516916045714e-10,-7.9448685137559726e-05,-7.9434563752577944e-05,-1.4121384981781557e-08,2.3471865860877742e-11,0
3770,-6.3507897331196707e-10,5.5582717663985731e-06,5.5519117377019039e-06,6.3600286966692543e-09,5.4643312666230895e-11,0
3771,-9.3186024150407322e-10,8.7223273875012934e-06,8.7062931501485068e-06,1.6034237352786611e-08,2.8325025611123083e-11,0
3772,-2.9678126617887515e-10,3.1639628894622115e-06,3.1670033494706510e-06,-3.0404600084394463e-09,3.3941964222199548e-11,0
3773,4.1434700881591431e-10,5.5764768977072804e-06,5.5647975044557612e-06,1.1679393251519159e-08,1.9663536592045032e-11,0
3774,-1.2840694297134843e-10,8.7284513899266863e-06,8.7163254842867812e-06,1.2125905639905134e-08,1.0420742396581658e-11,0
3775,-5.4275394946512292e-10,3.1519767247686209e-06,3.1641779836947538e-06,-1.2201258926132882e-08,2.2794809770721180e-11,0
3782,1.3237128075948663e-10,-2.7595641808588530e-05,-2.7596565082172039e-05,9.2327358350860825e-10,9.1712979328235057e-11,0
3786,1.3238283767771431e-10,-2.7880792001889077e-05,-2.7880743797646268e-05,-4.8204242809565031e-11,4.5188571347644835e-11,0
3787,-4.8697717727338165e-11,-7.9432096853430598e-05,-7.9433954761061481e-05,1.8579076308835023e-09,2.6071938462564272e-11,0
3788,1.8707223523009041e-10,-2.4708843721694528e-05,-2.4707963589457929e-05,-8.8013223659895467e-10,2.8608036170049624e-11,0
3789,-1.8108055559320730e-10,-5.1551306127543828e-05,-5.1553393686597183e-05,2.0875590533552674e-09,4.9801488195673941e-11,0
3790,5.4689397513665048e-11,3.1719723246303707e-06,3.1718205582995118e-06,1.5176633085886305e-10,4.6753830672130467e-11,0
3791,2.3576995271301384e-10,5.4723339140475696e-05,5.4724798505650788e-05,-1.4593651750916502e-09,4.0347426379655521e-11,0
3792,-8.0188826938513468e-10,5.5431000327947622e-06,5.5498635077950978e-06,-6.7634750003356847e-09,3.0157402288620908e-11,0
3793,-9.6948852180195853e-10,-4.5991607580557481e-05,-4.6012102400144725e-05,2.0494819587244559e-08,2.1350296501101167e-11,0
3794,-8.1289487620656015e-10,8.7138698905368100e-06,8.7084590637725897e-06,5.4108267642203082e-09,1.6358043862822879e-11,0
3800,9.9352067259873967e-10,-3.3425992565779472e-05,-3.3419275948828959e-05,-6.7166169505128480e-09,2.1445022865846281e-11,0
3801,1.9163240329952113e-10,-2.7882937469128274e-05,-2.7880181012777711e-05,-2.7564563505630228e-09,2.0334296548457524e-11,0
3802,2.4032150790256259e-11,-7.9417606039262206e-05,-7.9433231758447011e-05,1.5625719184804931e-08,1.5357693806134561e-11,0
3803,1.8062579643696088e-10,-2.4712061942492453e-05,-2.4707885564058176e-05,-4.1763784342767221e-09,1.3479953477385597e-11,0
3804,-1.6760025289799951e-10,-5.1534722799288085e-05,-5.1553224276241390e-05,1.8501476953304845e-08,1.9289823043717688e-11,0
3805,-1.1006607054981006e-11,3.1708005933731020e-06,3.1713361221336592e-06,-5.3552876055719048e-10,1.6824664310853612e-11,0
3806,1.5659364527958563e-10,5.4705512132182527e-05,5.4724144769834799e-05,-1.8632637652271947e-08,1.4812650986350312e-11,0
3809,-5.6795988004990045e-10,8.7158325563045647e-06,8.7117224017822741e-06,4.1101545222905518e-09,7.0858729553265761e-11,0
3812,2.3527366101139893e-10,-2.7595555060162596e-05,-2.7595632408387237e-05,7.7348224640548871e-11,6.2951688480574402e-11,0
3813,1.0688742557126838e-11,-7.9140752154674594e-05,-7.9149647100017407e-05,8.8949453428126702e-09,6.7161771229200127e-11,0
3814,1.9064249871276862e-10,-2.4424970918388543e-05,-2.4423244227875211e-05,-1.7266905133319960e-09,7.3472589590669805e-11,0
3816,2.3527392749516324e-10,-2.7880524676124688e-05,-2.7879797920621230e-05,-7.2675550345734064e-10,4.5792952290009893e-11,0
3817,1.0689009046966590e-11,-7.9425690388704694e-05,-7.9433553293788237e-05,7.8629050835436753e-09,3.0161071266637179e-11,0
3818,1.9064276520211490e-10,-2.4709976242673869e-05,-2.4707616794847367e-05,-2.3594478265018563e-09,3.0745620614965289e-11,0
3819,-2.2458491853883721e-10,-5.1545264983816202e-05,-5.1553920378328820e-05,8.6553945126177688e-09,4.3500578002363871e-11,0
3820,-4.4631162340105207e-11,3.1704756749172461e-06,3.1712220990289436e-06,-7.4642411169749528e-10,4.3062392847766258e-11,0
3821,1.7995375590259398e-10,5.4715664962167246e-05,5.4724726951493291e-05,-9.0619893260455520e-09,3.1977993745012633e-11,0
3822,-2.0361486734278463e-10,5.5533722236331476e-06,5.5572096300038526e-06,-3.8374063707050549e-09,6.7286498158526452e-11,0
3824,-3.0194900190152881e-10,8.7208065815366797e-06,8.7152712213343933e-06,5.5353602022864350e-09,3.2413645518128298e-11,0
3827,3.0216201349506735e-10,-2.7592235288070605e-05,-2.7594986902925840e-05,2.7516148552350053e-09,1.7276653253168001e-11,0
3828,8.2693248088583504e-12,-7.9136535922702533e-05,-7.9149848994559453e-05,1.3313071856919543e-08,1.5889233529568786e-11,0
3829,2.0382787905297782e-10,-2.4424756597126417e-05,-2.4422925306806668e-05,-1.8312903197485102e-09,2.2075471485590526e-11,0
3831,3.0215539815140276e-10,-2.7877384028790692e-05,-2.7879145410045843e-05,1.7613812551510108e-09,2.7695471765885174e-11,0
3832,8.2627094690664446e-12,-7.9421582548364240e-05,-7.9433757237926982e-05,1.2174689562741213e-08,1.3256025580410991e-11,0
3833,2.0382126370889687e-10,-2.4709718240922829e-05,-2.4707293994613413e-05,-2.4242463094163063e-09,1.8810340589141852e-11,0
3834,-2.9389268859453287e-10,-5.1544180656813016e-05,-5.1554767418026493e-05,1.0586761213477814e-08,4.7958124896409443e-11,0
3835,-9.8334134383521186e-11,3.1675724598955596e-06,3.1708927198155381e-06,-3.3202599199785172e-09,1.6138089175516359e-11,0
3836,1.9555855412871499e-10,5.4711773609848746e-05,5.4725244725366344e-05,-1.3471115517597583e-08,3.3308762995988771e-11,0
3837,4.1270077196998914e-11,5.5915774958593956e-06,5.5602165407632690e-06,3.1360955096126547e-08,7.3710281195548363e-11,0
3838,-3.0669043568354977e-10,-4.5982649974997403e-05,-4.6004079639940139e-05,2.1429664942736182e-08,5.4151837589234990e-11,0
3839,-5.5645291365364906e-11,8.7283195599899624e-06,8.7185736101922752e-06,9.7459497976871507e-09,3.9663584245530525e-11,0
3840,2.7261596439699392e-10,-3.3150905106096862e-05,-3.3144793246246731e-05,-6.1118598501311424e-09,6.5343409868766873e-11,0
3842,3.1388604064098430e-10,-2.7559283623290569e-05,-2.7595015984494841e-05,3.5732361204272482e-08,2.2929548224084966e-11,0
3843,-3.4074472207361140e-11,-7.9133455493124449e-05,-7.9150538403819615e-05,1.7082910695165299e-08,2.4148036347712559e-11,0
3844,2.1697067218151096e-10,-2.4422496304158758e-05,-2.4422609381408711e-05,1.1307724995276275e-10,2.5778535245446445e-11,0
3845,2.7260856665270254e-10,-3.3435843988460778e-05,-3.3428435257044232e-05,-7.4087314165459622e-09,5.4562859944878655e-11,0
3846,3.1387864289487592e-10,-2.7844354865179735e-05,-2.7879167523254277e-05,3.4812658074541479e-08,3.7042810498206361e-11,0
3847,-3.4081869950109280e-11,-7.9418453280282603e-05,-7.9434448590943375e-05,1.5995310660772591e-08,1.9568052190836742e-11,0
3848,2.1696327443699061e-10,-2.4707471987564706e-05,-2.4706974177575841e-05,-4.9780998886546856e-10,2.1029731722147642e-11,0
3849,-3.4796051282292207e-10,-5.1574249291314132e-05,-5.1555427391088954e-05,-1.8821900225177743e-08,4.3959923455688555e-11,0
3850,-9.6915368380014336e-11,3.1368043581503358e-06,3.1712349759739131e-06,-3.4430617823577374e-08,2.4819033177706544e-11,0
3851,2.5104514443194991e-10,5.4710942504975456e-05,5.4726247066188591e-05,-1.5304561213135102e-08,2.5352661973293211e-11,0
3852,1.8982680914831635e-10,5.6038020913654063e-06,5.5620406497811895e-06,4.1761441584216793e-08,7.7160949492344460e-11,0
3853,1.9940537267455630e-11,8.7305440699333992e-06,8.7197597559980798e-06,1.0784313935319320e-08,3.0282002869941045e-11,0
3856,3.9287850865816288e-10,-2.7561119593691452e-05,-2.7594206626688077e-05,3.3087032996625021e-08,3.5613234221866946e-11,0
3857,2.2299223697593720e-10,-2.4434365639746172e-05,-2.4422392024022776e-05,-1.1973615723396370e-08,3.4048823632170024e-11,0
3858,2.0303608637265268e-10,-3.3449857914966130e-05,-3.3429386665509542e-05,-2.0471249456588294e-08,2.2830081984225700e-11,0
3859,3.9286289279797624e-10,-2.7846149335378906e-05,-2.7878351790802763e-05,3.2202455423857400e-08,3.0765814488691334e-11,0
3860,2.2297662111985661e-10,-2.4719315212599381e-05,-2.4706753300742185e-05,-1.2561911857195753e-08,1.6066774170524448e-11,0
3861,-1.6988627163537557e-10,3.1266798594942191e-06,3.1706404228020848e-06,-4.3960563307865674e-08,4.4897057163583402e-11,0
3862,-2.0157672034416727e-10,3.1641752204639509e-06,3.1704254115832530e-06,-6.2501911193021531e-09,1.5177440734467969e-11,0
3863,-1.3988792447747084e-10,-7.9205098796130725e-05,-7.9152153575408186e-05,-5.2945220722539518e-08,3.8086716318136325e-11,0
3864,-1.1490517034791402e-10,5.5609047168950904e-06,5.5582988849715675e-06,2.6058319235228408e-09,2.3358925919220473e-11,0
3865,-3.1667145033386142e-10,8.7251303568982447e-06,8.7159001490035078e-06,9.2302078947368308e-09,1.2361149844288834e-11,0
3866,5.1887269353025659e-10,-3.3445812500034269e-05,-3.3425611547036887e-05,-2.0200952997382455e-08,1.0906967397417744e-11,0
3867,4.0396751872890109e-10,-2.7884920696785677e-05,-2.7878378842969300e-05,-6.5418538163762336e-09,1.1857612677743725e-11,0
3868,2.0220123949654818e-10,-2.4720692555188321e-05,-2.4706852486173589e-05,-1.3840069014732612e-08,7.5345859414968335e-12,0
3869,-2.0176627931059541e-10,3.1641667519481317e-06,3.1705686102332784e-06,-6.4018582851466746e-09,1.5400834884839941e-11,0
3870,-9.6308885464279667e-12,-2.7632284564382131e-05,-2.7599439694020249e-05,-3.2844870361882391e-08,1.9357635838604604e-11,0
3871,-1.6138161323732219e-10,-7.9169696259366812e-05,-7.9152543583212843e-05,-1.7152676153969716e-08,2.8851890956636047e-11,0
3872,1.7862023570733647e-10,-2.4436025195531935e-05,-2.4422677223616315e-05,-1.3347971915619742e-08,3.3312100542024801e-11,0
3873,-1.5175072510605840e-10,-5.1537411458286650e-05,-5.1553007936088390e-05,1.5596477801740546e-08,2.7137242277410483e-11,0
3874,1.8825112436930114e-10,3.1962378426375268e-06,3.1755836691827081e-06,2.0654173454818748e-08,2.9476372848461537e-11,0
3875,3.4000184906966830e-10,5.4733667718582526e-05,5.4728176595446201e-05,5.4911231363243170e-09,2.5833573089037609e-11,0
3876,-9.1856267888619048e-10,5.5379655128137001e-06,5.5484308777167705e-06,-1.0465364903070402e-08,3.2542512422498719e-11,0
3877,-1.0308091071450995e-09,-4.6000461471104852e-05,-4.6013106190336013e-05,1.2644719231160167e-08,2.4701303165361287e-11,0
3878,-8.7614204000415630e-10,8.7115251703340918e-06,8.7094531285654051e-06,2.0720417686866978e-09,1.8329310773112345e-11,0
3879,1.0343236148429826e-09,-3.3137267201365991e-05,-3.3135833269792407e-05,-1.4339315735845061e-09,2.8869402420192655e-11,0
3880,-1.0716343026206055e-14,2.8509252909559152e-07,2.8503524393690809e-07,5.7285158683430245e-11,1.0922511745470774e-11,0
3881,1.1576093589481462e-10,-2.7599347626813299e-05,-2.7598042608382862e-05,-1.3050184304372455e-09,8.6453049338377870e-12,0
3882,3.5145072932551780e-12,-7.9137676317916558e-05,-7.9150658492523055e-05,1.2982174606496395e-08,1.0855031508919277e-11,0
3883,1.5818157468009951e-10,-2.4425738538545218e-05,-2.4422800840802315e-05,-2.9376977429032254e-09,1.1043265306400288e-11,0
3884,1.0343343311828688e-09,-3.3422302979008601e-05,-3.3419441363418516e-05,-2.8616155900844397e-09,2.9299868660900559e-11,0
3885,1.1577165223657784e-10,-2.7884435609608002e-05,-2.7882169976336986e-05,-2.2656332710159412e-09,1.4131040189727884e-11,0
3886,3.5252236346338441e-12,-7.9422757465433258e-05,-7.9434575095226417e-05,1.1817629793159042e-08,9.7145842366316090e-12,0
3887,1.5819229101946220e-10,-2.4710781212633481e-05,-2.4707152025470574e-05,-3.6291871629076785e-09,9.9422209117578806e-12,0
3888,-1.1224642903150198e-10,-5.1538376500164657e-05,-5.1552519638821451e-05,1.4143138656794424e-08,1.3166758167578175e-11,0
3889,4.2420638663963668e-11,3.1735908147384733e-06,3.1740606996899287e-06,-4.6988495145543996e-10,1.1205318893569650e-11,0
3890,1.5466706697792908e-10,5.4711945986414892e-05,5.4726165420641497e-05,-1.4219434226604808e-08,9.5138741424808362e-12,0
3892,-1.2273660348305422e-09,-4.5991448285491194e-05,-4.6015556242540512e-05,2.4107957049317934e-08,7.6865126714409522e-11,0
3893,-1.0706940363697590e-09,8.7053754126743821e-06,8.7073222867383444e-06,-1.9468740639623467e-09,5.7303558087999045e-11,0
3896,2.4496790227985166e-11,-2.7603098807167485e-05,-2.7599323809652778e-05,-3.7749975147068841e-09,2.0197758185102720e-11,0
3897,-1.6509312370012341e-11,-7.9125486792216981e-05,-7.9151061635434280e-05,2.5574843217298390e-08,4.3064619420638204e-11,0
3898,1.4016268639806655e-10,-2.4428464420166336e-05,-2.4422878673049831e-05,-5.5857471165047926e-09,3.4131884772908619e-11,0
3899,1.2108760644261610e-09,-3.3419063532014095e-05,-3.3417370767088549e-05,-1.6927649255460506e-09,4.8886827391603777e-11,0
3900,2.4516131338808809e-11,-2.7888204140839867e-05,-2.7883444596150548e-05,-4.7595446893189440e-09,3.2789106969503336e-11,0
3901,-1.6489971268360231e-11,-7.9410436137797996e-05,-7.9434979927125784e-05,2.4543789327788053e-08,3.2010572195932955e-11,0
3902,1.4018202750052936e-10,-2.4713548591129980e-05,-2.4707226131458881e-05,-6.3224596710996441e-09,2.5326653650567440e-11,0
3903,-4.1006103189618336e-11,-5.1522302674227721e-05,-5.1551641251368548e-05,2.9338577140827218e-08,5.0811111536380355e-11,0
3904,1.1566589615640863e-10,3.1746182337836050e-06,3.1752615159630427e-06,-6.4328217943771454e-10,3.5150556829658691e-11,0
3905,1.5667199826718217e-10,5.4696934322666022e-05,5.4726487953022583e-05,-2.9553630356561307e-08,2.9979960466036354e-11,0
3906,-2.8022550896931916e-14,2.8505606022400569e-07,2.8503506729591611e-07,2.0992928089574646e-11,9.9128257134926412e-12,0
3909,-5.3559530644331919e-11,-2.7893213180986073e-05,-2.7884557382170474e-05,-8.6557988155991079e-09,1.0615266286775657e-11,0
3910,1.4625924984846580e-10,-2.4715711252303388e-05,-2.4707004470304141e-05,-8.7067819992468320e-09,8.5454867004474961e-12,0
3911,1.9981878079380339e-10,3.1774346163490272e-06,3.1765962655879333e-06,8.3835076109388078e-10,9.8537749336854360e-12,0
3912,-1.5346734795159717e-14,2.8501136335060520e-07,2.8503524597122288e-07,-2.3882620617675008e-11,3.3137438694337722e-11,0
3913,8.2709580715909241e-11,-2.7597315497890481e-05,-2.7598975865790241e-05,1.6603678997593031e-09,2.5571054801341784e-11,0
3914,-1.0267013625569297e-10,-7.9152765192001644e-05,-7.9152478880580891e-05,-2.8631142075241645e-10,3.0574683286464530e-11,0
3915,1.8028411224071997e-10,-2.4419047957568388e-05,-2.4422058388150293e-05,3.0104305819045904e-09,3.5341764919598505e-11,0
3916,8.2724927447600697e-11,-2.7882461003065490e-05,-2.7883081908043201e-05,6.2090497771156105e-10,4.2479316485754646e-11,0
3917,-1.0265478952283836e-10,-7.9437697814061653e-05,-7.9436401321715080e-05,-1.2964923465727139e-09,2.7027993659982696e-11,0
3918,1.8029945897351413e-10,-2.4704160976245747e-05,-2.4706397624962880e-05,2.2366487171333665e-09,2.9008123342760728e-11,0
3919,-1.8537971703204479e-10,-5.1555289639582721e-05,-5.1553405688556593e-05,-1.8839510261274193e-09,4.1566395679207040e-11,0
3920,9.7574531526885800e-11,3.1783330981362615e-06,3.1757280252854995e-06,2.6050728507619691e-09,3.8777316031272502e-11,0
3921,2.8295424854277670e-10,5.4733659520202725e-05,5.4728719136139284e-05,4.9403840634407625e-09,3.2742914577582414e-11,0
3922,-1.3819483565135737e-14,2.8504953096513371e-07,2.8503528574535407e-07,1.4245219779643462e-11,2.4652535615566034e-11,0
3923,1.0404838752971806e-10,-2.7593999147478097e-05,-2.7598902116181915e-05,4.9029687038186455e-09,2.2872632762106567e-11,0
3924,-1.2270681186088673e-10,-7.9156309902526749e-05,-7.9152909297383609e-05,-3.4006051431403244e-09,3.1490820763649536e-11,0
3925,1.0406220701166401e-10,-2.7879129587318491e-05,-2.7883000585159041e-05,3.8709978405495563e-09,3.5672300438628153e-11,0
3926,-1.2269299237800361e-10,-7.9441303296642549e-05,-7.9436833861625043e-05,-4.4694350175055256e-09,2.7562511962740004e-11,0
3927,-2.2675519932882885e-10,-5.1562296113906621e-05,-5.1553909469129217e-05,-8.3866447774034905e-09,4.1956522796964640e-11,0
3928,-1.0791408758147162e-14,2.8509004826360945e-07,2.8503534162938953e-07,5.4706634219917927e-11,1.8723422479734827e-11,0
3929,1.2946235926552659e-10,-2.7594737403531609e-05,-2.7598757563420316e-05,4.0201598887072330e-09,1.9429298561942900e-11,0
3930,-9.4989250169102659e-11,-7.9153411974310344e-05,-7.9152733009018044e-05,-6.7896529230056929e-10,2.4705852622395428e-11,0
3931,1.8919407062313788e-10,-2.4416463316994340e-05,-2.4421631235838894e-05,5.1679188445539505e-09,2.2501067166615813e-11,0
3932,1.2947315067462867e-10,-2.7879830460191251e-05,-2.7882849314906129e-05,3.0188547148778165e-09,2.8316444805456889e-11,0
3933,-9.4978458758011504e-11,-7.9438446995575354e-05,-7.9436659482697228e-05,-1.7875128781259840e-09,2.0602303329262626e-11,0
3934,1.8920486203242564e-10,-2.4701449376807703e-05,-2.4705962507622681e-05,4.5131308149775186e-09,1.8108468223610194e-11,0
3935,-2.2445160931149655e-10,-5.1558713935656413e-05,-5.1553877390243120e-05,-4.8365454132921998e-09,2.6927202575242660e-11,0
3936,5.9731711380348253e-11,3.1782601226664105e-06,3.1759312195642487e-06,2.3289031021617946e-09,2.8143337309780493e-11,0
3937,2.8418332084144022e-10,5.4736971743738969e-05,5.4729394261557311e-05,7.5774821816572174e-09,2.1626592474016701e-11,0
3939,1.5082781233667790e-10,-2.7587416274872135e-05,-2.7598654416008256e-05,1.1238141136120914e-08,1.6270900533803714e-11,0
3940,-1.0494796993047733e-10,-7.9155159829132592e-05,-7.9153011208059470e-05,-2.1486210731214194e-09,2.7770110882117371e-11,0
3941,1.9853089942818937e-10,-2.4405676317108133e-05,-2.4421374407126117e-05,1.5698090017984384e-08,2.5582139118000214e-11,0
3942,1.5083695322023669e-10,-2.7872543177050180e-05,-2.7882739768030482e-05,1.0196590980302613e-08,2.8661582070025104e-11,0
3943,-1.0493882904581411e-10,-7.9440216809895624e-05,-7.9436939481422524e-05,-3.2773284730996206e-09,2.5252477798606610e-11,0
3944,1.9854004031341743e-10,-2.4690615394775892e-05,-2.4705702110029599e-05,1.5086715253706968e-08,2.3440636124632974e-11,0
3945,-2.5577578211717642e-10,-5.1567730794906119e-05,-5.1554258410437120e-05,-1.3472384468999330e-08,3.1402503451869685e-11,0
3946,4.7703087147852595e-11,3.1818253071103000e-06,3.1760823701212453e-06,5.7429369890546505e-09,2.8485662697976736e-11,0
3947,3.0347886941037910e-10,5.4749576876345074e-05,5.4729926534980748e-05,1.9650341364325983e-08,2.4848487050600705e-11,0
3948,-2.2295299909668482e-10,5.5460382283151980e-06,5.5569721795695393e-06,-1.0933951254341327e-08,4.7313689535528528e-11,0
3949,-5.0442083043270529e-10,-4.6018793218070321e-05,-4.6006927297739618e-05,-1.1865920330702715e-08,2.9290899776579504e-11,0
3950,-2.3985942030079502e-10,8.7167419490245465e-06,8.7192746466693113e-06,-2.5326976447647613e-09,3.1711136474002243e-11,0
3951,4.4195839870617821e-10,-3.3133464302484775e-05,-3.3143933930756221e-05,1.0469628271446625e-08,4.6427245512144082e-11,0
3953,2.1900540030298621e-10,-2.7587400254635783e-05,-2.7598024919438097e-05,1.0624664802314746e-08,1.7815877740536175e-11,0
3954,-6.2462431231504522e-11,-7.9152242385839783e-05,-7.9152692903853127e-05,4.5051801334384644e-10,2.8580359394402569e-11,0
3955,2.0209897899381227e-10,-2.4416766105281838e-05,-2.4421145139059309e-05,4.3790337774703429e-09,2.6182858716376175e-11,0
3956,4.4196035881858657e-10,-3.3418446763184076e-05,-3.3427471207982739e-05,9.0244447986626919e-09,3.7692503901594890e-11,0
3957,2.1900736041382399e-10,-2.7872513122700546e-05,-2.7882101986071008e-05,9.5888633704623797e-09,2.8240909557805442e-11,0
3958,-6.2460471119344821e-11,-7.9437262423837345e-05,-7.9436623586367022e-05,-6.3883747032330348e-10,2.5624927582141861e-11,0
3959,2.0210093910582671e-10,-2.4701743554047563e-05,-2.4705468248638649e-05,3.7246945910863419e-09,2.3804135008828732e-11,0
3960,-2.8146783135826687e-10,-5.1564740279403352e-05,-5.1554569177245186e-05,-1.0171102158166375e-08,2.6090534868021549e-11,0
3961,-1.6906421215167628e-11,3.1707110104582312e-06,3.1756788406477539e-06,-4.9678301895227094e-09,2.7621505471062153e-11,0
3962,2.6456141020591988e-10,5.4735519104348249e-05,5.4729833906234969e-05,5.6851981132793189e-09,1.9580589001632608e-11,0
3967,-1.0113930574923129e-14,2.8503225707560408e-07,2.8503541733958129e-07,-3.1602639772106725e-12,3.4473584196976687e-11,0
3968,1.0752772319783078e-10,-2.7598827232371351e-05,-2.7599630457394774e-05,8.0322502342322004e-10,3.5795933939086336e-11,0
3969,-2.1003108990815646e-11,-7.9148106067555152e-05,-7.9152415672263568e-05,4.3096047084158033e-09,3.5372659747282791e-11,0
3970,1.5268359941193070e-10,-2.4422012440617619e-05,-2.4421540484226811e-05,-4.7195639080803669e-10,3.7299963692062438e-11,0
3972,1.0753783713064568e-10,-2.7883889456485709e-05,-2.7883697878048296e-05,-1.9157843741306538e-10,5.9478998239893920e-11,0
3973,-2.0992995055092562e-11,-7.9433152924323659e-05,-7.9436348900573841e-05,3.1959762501813883e-09,3.1178361451681450e-11,0
3974,1.5269371334650558e-10,-2.4707042157841134e-05,-2.4705858156781047e-05,-1.1840010600876400e-09,3.6327389674535362e-11,0
3975,-1.2853083238578782e-10,-5.1549353725376806e-05,-5.1552685922570347e-05,3.3321971935405099e-09,5.4463558327554692e-11,0
3976,4.5155876181878282e-11,3.1767769176473202e-06,3.1768852703288870e-06,-1.0835268156677799e-10,4.2658106466489149e-11,0
3977,1.7368670811195009e-10,5.4726160151459535e-05,5.4729157233904442e-05,-2.9970824449066132e-09,3.8235669786439657e-11,0
3980,-6.5565433178756590e-10,8.7226617110089735e-06,8.7148364918000365e-06,7.8252192089370406e-09,8.0345793140197505e-11,0
3983,2.1522067098352798e-10,-2.7599882045171824e-05,-2.7598486686182466e-05,-1.3953589893573475e-09,4.0424538100780788e-11,0
3984,5.5923871343588148e-11,-7.9118863390834071e-05,-7.9151645994185284e-05,3.2782603351212496e-08,5.5362496240798709e-11,0
3985,1.5362399202158185e-10,-2.4425523961001117e-05,-2.4421369445041100e-05,-4.1545159600163038e-09,4.9495589645217457e-11,0
3986,8.0927663907705250e-10,-3.3433537090520743e-05,-3.3423212194765389e-05,-1.0324895755354255e-08,8.0104313192829813e-11,0
3987,2.1521898589550036e-10,-2.7884989945467769e-05,-2.7882547050452096e-05,-2.4428950156731076e-09,4.8574828538743310e-11,0
3988,5.5922186258934170e-11,-7.9403846720929074e-05,-7.9435581363416203e-05,3.1734642487129638e-08,3.7781096716272272e-11,0
3989,1.5362230693832888e-10,-2.4710617225169249e-05,-2.4705683236387461e-05,-4.9339887817874742e-09,3.4565228928301434e-11,0
3990,-1.5929679987189528e-10,-5.1518857156474668e-05,-5.1553059649727146e-05,3.4202493252478571e-08,6.1790304388221990e-11,0
3991,-6.1596679071669347e-11,3.1742766841459658e-06,3.1759096994666119e-06,-1.6330153206461489e-09,5.5947793882255129e-11,0
3992,9.7700120278063148e-11,5.4693265890802187e-05,5.4728555505369902e-05,-3.5289614567715491e-08,4.5744462253345549e-11,0
3994,-6.9668179705902506e-10,-4.5990662625288933e-05,-4.6009414096998329e-05,1.8751471709395567e-08,7.1156612712460716e-11,0
3995,-5.6791321717298445e-10,8.7224833873228609e-06,8.7161362994717117e-06,6.3470878511491784e-09,4.9413780126155730e-11,0
3998,2.1655659527422522e-10,-2.7598223610000513e-05,-2.7598608714052968e-05,3.8510405245441434e-10,2.9740292303249718e-11,0
3999,3.3473184571507000e-11,-7.9136648933657294e-05,-7.9152057243457794e-05,1.5408309800499773e-08,3.3745704779159884e-11,0
4000,1.6224176435982895e-10,-2.4423461931982228e-05,-2.4421139991137903e-05,-2.3219408443253336e-09,3.5022826982898347e-11,0
4002,2.1655542343637386e-10,-2.7883388468815740e-05,-2.7882663489646401e-05,-7.2497916933875217e-10,4.1961394926486844e-11,0
4003,3.3472012731562644e-11,-7.9421679632330107e-05,-7.9435994153706014e-05,1.4314521375906938e-08,3.0221589648499932e-11,0
4004,1.6224059251989114e-10,-2.4708545096507016e-05,-2.4705450655184927e-05,-3.0944413220890157e-09,2.7783532484485659e-11,0
4005,-1.8308341079159108e-10,-5.1538413306281838e-05,-5.1553348587423771e-05,1.4935281141932263e-08,4.2386983272349836e-11,0
4006,-5.4314830951970547e-11,3.1747149297272834e-06,3.1762589805941278e-06,-1.5440508668444389e-09,4.0324673507897535e-11,0
4007,1.2876857945019338e-10,5.4713147742172299e-05,5.4729193813476116e-05,-1.6046071303816613e-08,2.8511989685108531e-11,0
4010,-3.1600782346310505e-10,8.7267963455525677e-06,8.7195141440513867e-06,7.2822015011809641e-09,3.5622413232460841e-11,0
4013,2.9109953343355686e-10,-2.7593447831674323e-05,-2.7597870603233023e-05,4.4227715586995728e-09,2.7597180803028568e-11,0
4014,1.9056536757230727e-11,-7.9130500137492357e-05,-7.9152407806247583e-05,2.1907668755225614e-08,2.5854757144925164e-11,0
4015,1.9057115360612999e-10,-2.4423184312860960e-05,-2.4420633882356588e-05,-2.5504305043722844e-09,2.1832637118415293e-11,0
4017,2.9109256400569502e-10,-2.7878580263753124e-05,-2.7881918304575508e-05,3.3380408223846717e-09,3.0386065454088256e-11,0
4018,1.9049567329386774e-11,-7.9415508715989687e-05,-7.9436346768252435e-05,2.0838052262748185e-08,1.6026482337721213e-11,0
4019,1.9056418418151408e-10,-2.4708243435489670e-05,-2.4704940622714883e-05,-3.3028127747870384e-09,2.3225792397798521e-11,0
4020,-2.7204299655143693e-10,-5.1536950979907264e-05,-5.1554436897890249e-05,1.7485917982985009e-08,5.2847932415096116e-11,0
4021,-1.0052837976949924e-10,3.1703397466989122e-06,3.1760241617284153e-06,-5.6844150295031201e-09,2.4187880174522928e-11,0
4022,1.7151461663581934e-10,5.4707269054187976e-05,5.4730047419358831e-05,-2.2778365170854375e-08,4.3923657288522407e-11,0
4023,-9.5260336102706431e-11,8.7350817878899950e-06,8.7224871601234109e-06,1.2594627766584072e-08,4.9352741162499911e-11,0
4026,2.1813160789559556e-10,-2.4419724665964088e-05,-2.4420149578967210e-05,4.2491300312225036e-10,3.7645596724220755e-11,0
4027,3.1338549762884583e-10,-3.3439773412339072e-05,-3.3429590914346671e-05,-1.0182497992400591e-08,6.8716043652433221e-11,0
4028,2.1812516059894561e-10,-2.4704598449542918e-05,-2.4704452630137560e-05,-1.4581940535829613e-10,1.8499901083603321e-11,0
4029,-1.8785204526878328e-10,-5.1557027260774782e-05,-5.1553398738962102e-05,-3.6285218126796948e-09,6.9546693556741025e-11,0
4030,-6.8271369244884089e-11,8.7358870707859165e-06,8.7230120820268083e-06,1.2874988759108198e-08,1.3446027692076628e-11,0
4031,2.8838388705284321e-10,-3.3174704585744313e-05,-3.3146491028990415e-05,-2.8213556753898758e-08,2.2330104750065638e-11,0
4032,2.2011251466217426e-10,-2.4438849269853118e-05,-2.4420017691143299e-05,-1.8831578709818398e-08,2.5707466758962057e-11,0
4033,7.7135119914595029e-11,5.6079638640349483e-06,5.5606569230131338e-06,4.7306941021814525e-08,7.8088614605349513e-11,0
4034,-8.8868192188800229e-11,8.7352913067609977e-06,8.7229104394308622e-06,1.2380867330135569e-08,2.0288545513961615e-11,0
4035,3.0661052268794644e-10,-3.3169573215167600e-05,-3.3146329509700562e-05,-2.3243705467037537e-08,3.1883775250844924e-11,0
4037,3.8374563956692975e-10,-2.7561684823496687e-05,-2.7597110931634382e-05,3.5426108137695327e-08,3.7197485932566590e-11,0
4038,2.1774232772232350e-10,-2.4434351166672391e-05,-2.4419962720942789e-05,-1.4388445729602558e-08,1.9541771069458258e-11,0
4039,3.0659575168462461e-10,-3.3454533048765320e-05,-3.3429804079789481e-05,-2.4728968975838705e-08,2.5385083927980294e-11,0
4040,3.8373086856552921e-10,-2.7846625534272158e-05,-2.7881143488890176e-05,3.4517954618018066e-08,3.9055056511206040e-11,0
4041,2.1772755672136133e-10,-2.4719256479651189e-05,-2.4704261036773037e-05,-1.4995442878151295e-08,1.8455862438274619e-11,0
4042,-1.6600331179699103e-10,3.1272909810226013e-06,3.1759296437769410e-06,-4.8638662754339704e-08,4.3078721372373557e-11,0
4043,-2.3711769841451412e-10,-5.1600389453865594e-05,-5.1553996392288528e-05,-4.6393061577066838e-08,2.2812887859912892e-11,0
4044,-3.0384289680867237e-10,8.7325055246664091e-06,8.7205199319619399e-06,1.1985592704469138e-08,1.1613747923767913e-11,0
4045,4.9104586488110691e-10,-3.3176774309296581e-05,-3.3144167435976616e-05,-3.2606873319964325e-08,2.1359240027621420e-11,0
4046,1.8898227793148952e-14,2.8497673407537313e-07,2.8503588826539107e-07,-5.9154190017935343e-11,1.1836756883425810e-11,0
4047,1.8720296371278520e-10,-2.4444292659400388e-05,-2.4420199235997898e-05,-2.4093423402489597e-08,1.5272479196658823e-11,0
4048,4.9102696666132653e-10,-3.3461678599432110e-05,-3.3427633259978300e-05,-3.4045339453810022e-08,1.2006929552382893e-11,0
4049,1.8718406548755202e-10,-2.4729186494696666e-05,-2.4704494106988844e-05,-2.4692387707821780e-08,8.5113186347699168e-12,0
4050,-4.3643061481545912e-10,5.5844475615185463e-06,5.5543509153639934e-06,3.0096646154552855e-08,2.8637055242772043e-11,0
4051,-7.8389825457631626e-10,8.7361732708859940e-06,8.7148545131010915e-06,2.1318757784902524e-08,1.7114465597232110e-11,0
4052,-3.4746763653535930e-10,3.1517377957089240e-06,3.1742601833950438e-06,-2.2522387686119765e-08,2.2727606249607482e-11,0
4053,-1.3487586038008747e-10,-7.9176751301691245e-05,-7.9154969044234499e-05,-2.1782257456746273e-08,2.9946496429063783e-11,0
4054,-8.8354884724350939e-10,5.5422277751996166e-06,5.5488608080552508e-06,-6.6330328556341839e-09,2.4162385173171173e-11,0
4055,-9.2960503349221287e-10,-4.5979847132766524e-05,-4.6012502915063522e-05,3.2655782296998155e-08,1.5831499224166332e-11,0
4056,-8.5988531051022145e-10,8.7203837239990117e-06,8.7141661681905185e-06,6.2175558084932495e-09,1.1724754159912904e-11,0
4057,9.7082612534900100e-10,-3.3145540623184561e-05,-3.3138471368871202e-05,-7.0692543133589556e-09,1.9956412637343516e-11,0
4059,8.7277278118637643e-11,-2.7603344694299321e-05,-2.7601201130957889e-05,-2.1435633414323095e-09,8.2193561437708841e-12,0
4060,4.1221091904580721e-11,-7.9125369533231474e-05,-7.9152946419971232e-05,2.7576886739758520e-08,1.0214139045093007e-11,0
4061,1.1094081486105513e-10,-2.4425163337360792e-05,-2.4420872301493306e-05,-4.2910358674861358e-09,1.0152968528176826e-11,0
4062,9.7083408717089658e-10,-3.3430528992075279e-05,-3.3421920133500267e-05,-8.6088585750116603e-09,1.4533076412151711e-11,0
4063,8.7285239943787631e-11,-2.7888400484423620e-05,-2.7885215266364502e-05,-3.1852180591175876e-09,1.2466594074024576e-11,0
4064,4.1229053727582359e-11,-7.9410344741543716e-05,-7.9436894451607009e-05,2.6549710063292621e-08,8.6004131453061320e-12,0
4065,1.1094877668020364e-10,-2.4710128018282443e-05,-2.4705160194948996e-05,-4.9678233334470284e-09,8.3205559255397938e-12,0
4066,-4.6056186614529702e-11,-5.1522017649904134e-05,-5.1551643287347864e-05,2.9625637443730316e-08,1.3247765042738660e-11,0
4067,2.3663536624762729e-11,3.1781675726154542e-06,3.1791031104449183e-06,-9.3553782946412459e-10,1.0281482885544329e-11,0
4068,6.9719722517235288e-11,5.4700206707194304e-05,5.4730333291422868e-05,-3.0126584228564021e-08,8.9599191689666916e-12,0
4069,-1.0525800447786241e-09,5.5240240837955285e-06,5.5467852957059703e-06,-2.2761211910441859e-08,5.1660295494588667e-11,0
4070,-1.0489277257221824e-09,-4.6003289869977712e-05,-4.6014007769306632e-05,1.0717899328920239e-08,4.2421210719074182e-11,0
4071,-9.3742980918309434e-10,8.7042224703789278e-06,8.7134942909691335e-06,-9.2718205902056895e-09,2.8226912371138548e-11,0
4072,1.0364730795334570e-09,-3.3130015980813166e-05,-3.3137780705513195e-05,7.7647247000292097e-09,4.6281974501026466e-11,0
4074,-1.6106965955272622e-11,-2.7605918241573914e-05,-2.7602644996509684e-05,-3.2732450642295233e-09,1.7253296832443735e-11,0
4075,-1.2454647211796827e-11,-7.9133256381060807e-05,-7.9153776328493724e-05,2.0519947432917369e-08,2.5411581571734286e-11,0
4076,9.9043269692541647e-11,-2.4425725854397215e-05,-2.4420862606817068e-05,-4.8632475801471903e-09,1.8844881210855944e-11,0
4077,1.0364912086315182e-09,-3.3414950132028449e-05,-3.3421219448939181e-05,6.2693169107318593e-09,5.4892588495169435e-11,0
4078,-1.6088836860198202e-11,-2.7890969966464819e-05,-2.7886651973282369e-05,-4.3179931824505267e-09,3.1357348127938173e-11,0
4079,-1.2436518120162853e-11,-7.9418317787080875e-05,-7.9437726184909330e-05,1.9408397828455022e-08,2.3555863833394348e-11,0
4080,9.9061398787873957e-11,-2.4710771316107175e-05,-2.4705146442973496e-05,-5.6248731336790722e-09,1.9178767898876723e-11,0
4081,3.6523182980708304e-12,-5.1527373929678016e-05,-5.1551028972852548e-05,2.3655043174531092e-08,2.5295227198540857e-11,0
4082,1.1515023571807024e-10,3.1801576517191736e-06,3.1805538978599490e-06,-3.9624614077535849e-10,2.2059944609495703e-11,0
4083,1.1149791650130131e-10,5.4707526384725064e-05,5.4731169876833522e-05,-2.3643492108458208e-08,1.8839267528650719e-11,0
4085,1.2203691208950591e-10,-2.7597846180369562e-05,-2.7601170236007605e-05,3.3240556380429711e-09,2.5416107523178337e-11,0
4086,-6.5706764954929370e-11,-7.9154505468752257e-05,-7.9154647132683372e-05,1.4166393111478184e-10,1.7900744007092402e-11,0
4087,1.6949047511669998e-10,-2.4417039292878081e-05,-2.4419799774821258e-05,2.7604819431765906e-09,3.5175677788102010e-11,0
4088,1.2204639834642759e-10,-2.7882919065156785e-05,-2.7885168387106079e-05,2.2493219492937880e-09,2.6489129686752404e-11,0
4089,-6.5697278697671551e-11,-7.9439566516793271e-05,-7.9438599570934223e-05,-9.6694585904845073e-10,1.6231980340817312e-11,0
4090,1.6949996136948421e-10,-2.4702042666813803e-05,-2.4704078723506374e-05,2.0360566925719072e-09,1.7097812796174915e-11,0
4091,-1.8774367694811648e-10,-5.1556616794618112e-05,-5.1553374083611851e-05,-3.2427110062611172e-09,4.0208389329632893e-11,0
4092,4.7453563037940729e-11,3.1809121336708740e-06,3.1801384483176327e-06,7.7368535324132606e-10,3.7478073275200342e-11,0
4093,2.3519724003509565e-10,5.4737481807433591e-05,5.4733099680911087e-05,4.3821265225042110e-09,3.1071345749535304e-11,0
4096,4.2631787743008756e-10,3.1985831294421320e-06,3.1850451454247241e-06,1.3537984017407897e-08,4.9655414947645428e-11,0
4099,5.7410875579247618e-10,3.1841082019000921e-06,3.1870287649876043e-06,-2.9205630875122212e-09,4.7394215548729363e-11,0
4101,-1.1611256446423503e-10,-7.9161819709827261e-05,-7.9155496545314777e-05,-6.3231645124837412e-09,2.5570505775238513e-11,0
4102,-1.1610299601672996e-10,-7.9446823374264113e-05,-7.9439451612999367e-05,-7.3717612647457341e-09,2.7845339264244870e-11,0
4103,2.9231238311601568e-10,3.1898886684402807e-06,3.1837713207815451e-06,6.1173476587355801e-09,4.5885594267141093e-11,0
4105,-8.9392383691044623e-11,-7.9157516167672462e-05,-7.9155371821912124e-05,-2.1443457603380432e-09,3.1711484676255755e-11,0
4106,-8.9388063819994882e-11,-7.9442597893249331e-05,-7.9439329275022351e-05,-3.2686182269793312e-09,2.4664650799220768e-11,0
4108,-1.1366592662241403e-09,8.7144914074268470e-06,8.7121446358791188e-06,2.3467715477282479e-09,5.3088523667331424e-11,0
4109,1.5533695786309915e-10,3.1812239582000167e-06,3.1823284959303964e-06,-1.1045377303796991e-09,3.7996588142540241e-11,0
4110,-1.1242386341129049e-09,5.5398982160333871e-06,5.5459054090976741e-06,-6.0071930642870155e-09,8.0347298356714805e-11,0
4111,-1.0393659926203781e-09,8.7204056503000643e-06,8.7135127952067485e-06,6.8928550933158308e-09,4.1146703957224557e-11,0
4112,8.4872641478297627e-11,3.1804883320002506e-06,3.1816659708814424e-06,-1.1776388811917440e-09,4.8927475127827143e-11,0
4113,1.8017144586190561e-10,3.1834572279455277e-06,3.1830284351571756e-06,4.2879278835206302e-10,1.6042514223864397e-11,0
4114,-7.2570884585145494e-10,5.5488325295068898e-06,5.5507989051454737e-06,-1.9663756385838991e-09,3.8862141573829631e-11,0
4115,-7.7050960110090816e-10,8.7271079498708708e-06,8.7171432680703518e-06,9.9646818005189844e-09,2.4580703555068541e-11,0
4116,8.7248191181038858e-10,-3.3154060012461663e-05,-3.3140452885511216e-05,-1.3607126950447178e-08,3.3126051923359805e-11,0
4118,1.4677306553754072e-10,-2.7605179625532755e-05,-2.7601640336117303e-05,-3.5392894154516138e-09,2.1605446358499045e-11,0
4119,1.0197231056654907e-10,-2.4426944088246083e-05,-2.4419937688707657e-05,-7.0063995384259375e-09,2.6289789460956650e-11,0
4120,8.7248188277141629e-10,-3.3439075346536860e-05,-3.3423835379810332e-05,-1.5239966726528751e-08,1.7952031445604302e-11,0
4121,1.4677303650299095e-10,-2.7890219328024091e-05,-2.7885607398581770e-05,-4.6119294423209185e-09,1.9399707010758619e-11,0
4122,1.0197228153405460e-10,-2.4711942615456353e-05,-2.4704199307854904e-05,-7.7433076014488936e-09,1.2322442411748993e-11,0
4123,-4.4800755116363296e-11,3.1782816531222141e-06,3.1804583329218830e-06,-2.1766797996689366e-09,2.9386237366976585e-11,0
4125,-1.2510743190077145e-10,-7.9161916680545283e-05,-7.9156248286364517e-05,-5.6683941807662754e-09,3.4694877696381427e-11,0
4127,-7.4163339090176840e-11,-5.1526419246376853e-05,-5.1551959286924007e-05,2.5540040547153203e-08,3.5182872532130696e-11,0
4128,1.8526594306004464e-10,3.1951512134273038e-06,3.1835015816690783e-06,1.1649631758225526e-08,3.2740135368520862e-11,0
4129,2.5942928158246041e-10,5.4721620789113020e-05,5.4735048591640311e-05,-1.3427802527291141e-08,2.8276766196499287e-11,0
4130,-2.6786265971420931e-10,5.5459846850192075e-06,5.5564207396189683e-06,-1.0436054599760802e-08,4.4073745169912488e-11,0
4131,-5.2732734073205434e-10,-4.6018356240565793e-05,-4.6007887981746221e-05,-1.0468258819572134e-08,2.8478908360081690e-11,0
4132,-2.8134829523795279e-10,8.7222808146407080e-06,8.7235611416087458e-06,-1.2803269680378376e-09,2.5139021000428341e-11,0
4133,4.7338791177118120e-10,-3.3136595583529993e-05,-3.3145522756456126e-05,8.9271729261330393e-09,3.8791131286751164e-11,0
4135,2.0552525264658112e-10,-2.7590603853716242e-05,-2.7601175023862454e-05,1.0571170146212052e-08,1.5915628924246113e-11,0
4136,-5.3939428602791569e-11,-7.9154998001827997e-05,-7.9155511359576031e-05,5.1335774803459248e-10,2.3672149808565007e-11,0
4137,1.9203961704074210e-10,-2.4414356574064492e-05,-2.4418603034666716e-05,4.2464606022237742e-09,2.2422216000008354e-11,0
4138,4.7339029721260663e-10,-3.3421597075289008e-05,-3.3428890690737723e-05,7.2936154487150077e-09,3.4228988773881855e-11,0
4139,2.0552763808506444e-10,-2.7875585637226336e-05,-2.7885131729287893e-05,9.5460920615576838e-09,3.5900501352000394e-11,0
4140,-5.3937043162723787e-11,-7.9440076223256072e-05,-7.9439475397073022e-05,-6.0082618304961415e-10,3.1254062924863988e-11,0
4141,1.9204200248249101e-10,-2.4699347171064454e-05,-2.4702858850321965e-05,3.5116792575104689e-09,2.7104556152125376e-11,0
4142,-2.5946468103678499e-10,-5.1564380207794538e-05,-5.1554231411893318e-05,-1.0148795901220389e-08,2.7422896786154947e-11,0
4143,-1.3485635531011185e-11,3.1762034580972917e-06,3.1813236035135939e-06,-5.1201454163021670e-09,2.5545025769144731e-11,0
4144,2.4597904560838725e-10,5.4740671529646947e-05,5.4735142828635607e-05,5.5287010113401003e-09,1.9213053272209080e-11,0
4147,-6.9150931175688359e-10,8.7187353417558094e-06,8.7188940872362933e-06,-1.5874548048385622e-10,9.1238433776385383e-11,0
4150,8.2153483446443176e-11,-2.7602157024110563e-05,-2.7602919686271584e-05,7.6266216102131705e-10,3.7374904062901815e-11,0
4151,1.0151029153206501e-11,-7.9148087797297449e-05,-7.9154949464173456e-05,6.8616668760069317e-09,3.1932386901355747e-11,0
4152,1.1379368749433569e-10,-2.4420329696804403e-05,-2.4419358568320914e-05,-9.7112848348974512e-10,3.6371992722302253e-11,0
4154,8.2161592096501739e-11,-2.7887189846753212e-05,-2.7886867054681488e-05,-3.2279207172453530e-10,5.0282170920157438e-11,0
4155,1.0159137799099446e-11,-7.9433082403633677e-05,-7.9438915999946095e-05,5.8335963124174234e-09,2.8532275107086801e-11,0
4156,1.1380179614022358e-10,-2.4705332536236260e-05,-2.4703609132846170e-05,-1.7234033900898017e-09,2.9533210771194126e-11,0
4157,-7.2002454500269314e-11,-5.1545975771994518e-05,-5.1551924383138761e-05,5.9486111442434253e-09,4.3564670400496577e-11,0
4158,3.1640204012139982e-11,3.1818083816269327e-06,3.1823090791930304e-06,-5.0069756609766035e-10,3.8861546009495855e-11,0
4159,1.0364265800663900e-10,5.4727825367084648e-05,5.4733821423758541e-05,-5.9960566738923330e-09,3.0657824375862558e-11,0
4161,-6.3027647540689131e-10,-4.5971343865523415e-05,-4.6009249455769483e-05,3.7905590246068409e-08,7.9419877634098106e-11,0
4162,-5.5601384895498470e-10,8.7290829666848094e-06,8.7208759161066695e-06,8.2070505781399407e-09,4.9611258403510897e-11,0
4165,1.9852476084705201e-10,-2.7601071595276402e-05,-2.7601688735377184e-05,6.1714010078206104e-10,3.0751962436499596e-11,0
4166,5.7661033088008676e-11,-7.9122913649334187e-05,-7.9154559974592000e-05,3.1646325257813170e-08,3.9385295848225933e-11,0
4167,1.3192365920739020e-10,-2.4422493738940863e-05,-2.4418959151268936e-05,-3.5345876719269334e-09,3.5949915057318652e-11,0
4168,6.8793453519348588e-10,-3.3436429058421140e-05,-3.3426515082277328e-05,-9.9139761438113557e-09,7.9697009430295082e-11,0
4169,1.9852178748110828e-10,-2.7886088930879883e-05,-2.7885628257066818e-05,-4.6067381306459502e-10,5.1524530225596004e-11,0
4170,5.7658059716731989e-11,-7.9407839933581109e-05,-7.9438528859106011e-05,3.0688925524902013e-08,3.3190185807993086e-11,0
4171,1.3192068583665521e-10,-2.4707529618150231e-05,-2.4703205388842731e-05,-4.3242293075007165e-09,3.1794283746906403e-11,0
4172,-1.4086372782825766e-10,-5.1521780556087332e-05,-5.1552765438753847e-05,3.0984882666515196e-08,4.6625630652361653e-11,0
4173,-6.6601101660012739e-11,3.1785630360990288e-06,3.1814743984254833e-06,-2.9113623264544735e-09,4.2411839777714243e-11,0
4174,7.4262625701071636e-11,5.4700412549279001e-05,5.4733827926277577e-05,-3.3415376998575876e-08,3.0377822294847326e-11,0
4176,-3.2440794517499985e-10,8.7334316610301888e-06,8.7239978324844736e-06,9.4338285457151261e-09,4.1301394491564518e-11,0
4179,2.7984840081698667e-10,-2.7593054287006116e-05,-2.7600863212245820e-05,7.8089252397046396e-09,2.8720893952961991e-11,0
4180,1.7562013108945133e-10,-2.4421987195529481e-05,-2.4418268061176567e-05,-3.7191343529135426e-09,2.2132682611433074e-11,0
4182,2.7984086474482384e-10,-2.7878150979048985e-05,-2.7884795811992750e-05,6.6448329437650267e-09,3.8231540339827603e-11,0
4183,1.7561259501629611e-10,-2.4707079780436278e-05,-2.4702510453528589e-05,-4.5693269076888020e-09,2.5641094546568892e-11,0
4184,-1.0422826966726862e-10,3.1710257099217681e-06,3.1813372145786387e-06,-1.0311504656870604e-08,2.5246942375704031e-11,0
4185,-1.3515630551627380e-10,8.7426685174835095e-06,8.7265930129227696e-06,1.6075504560739853e-08,4.5413459547960544e-11,0
4188,2.1701846083522730e-10,-2.4416054563966770e-05,-2.4417608898797641e-05,1.5543348308714089e-09,3.1364014980744179e-11,0
4189,3.5216916236924443e-10,-3.3443898162087426e-05,-3.3430844736787766e-05,-1.3053425299660627e-08,5.4953479043268241e-11,0
4190,2.1701285590563092e-10,-2.4701130011527358e-05,-2.4701847459820709e-05,7.1744829335083243e-10,2.5589860567886686e-11,0
4191,-1.4936060331867759e-10,-5.1549754336451285e-05,-5.1552861462935651e-05,3.1071264843662979e-09,6.3487529047658315e-11,0
4193,1.2937581849869153e-10,-2.7596988729255978e-05,-2.7603127524598787e-05,6.1387953428095304e-09,3.0598168636503383e-11,0
4194,-8.2803847353587160e-11,-7.9157921933929211e-05,-7.9156862296351509e-05,-1.0596375777017662e-09,4.0609090687305205e-11,0
4195,1.7771541742246926e-10,-2.4411103347369949e-05,-2.4417870184898304e-05,6.7668375283549736e-09,4.3607816161674639e-11,0
4196,1.2938512137822006e-10,-2.7882058521683933e-05,-2.7887043114636446e-05,4.9845929525130770e-09,3.7985028324625818e-11,0
4197,-8.2794544473827219e-11,-7.9443064038318273e-05,-7.9440837621707534e-05,-2.2264166107385580e-09,2.7596365729095011e-11,0
4198,1.7772472030228159e-10,-2.4696174964586488e-05,-2.4702102976285148e-05,5.9280116986593361e-09,2.6789584868637410e-11,0
4199,-2.1217966569242549e-10,-5.1561000146973027e-05,-5.1553627762711530e-05,-7.3723842614967640e-09,3.3541099013904178e-11,0
4200,4.8339598952990181e-11,3.1858295897458071e-06,3.1839927792618036e-06,1.8368104840035637e-09,4.2622865807260711e-11,0
4201,2.6051926482325604e-10,5.4746915269800536e-05,5.4737209011414148e-05,9.7062583863881911e-09,4.1748876540977803e-11,0
4202,-1.3616717719593966e-14,2.8506801046315902e-07,2.8503581608384200e-07,3.2194379317022755e-11,1.0011160627812508e-11,0
4203,7.3039616438675604e-11,-2.7601326588014481e-05,-2.7604010305071268e-05,2.6837170567877409e-09,1.3821659935889408e-11,0
4204,-8.9480875729614884e-11,-7.9158261175975124e-05,-7.9157131383366481e-05,-1.1297926086426685e-09,1.0932762806080504e-11,0
4205,1.5936080158921215e-10,-2.4412754240107568e-05,-2.4417924939276727e-05,5.1706991691593423e-09,2.1994209605822347e-11,0
4206,7.3053233153846632e-11,-2.7886380977938294e-05,-2.7887918138463680e-05,1.5371605253857584e-09,1.9810738233661815e-11,0
4207,-8.9467259014001004e-11,-7.9443266652885758e-05,-7.9441108791054209e-05,-2.1578618315484278e-09,8.9643439109791206e-12,0
4208,1.5937441830536726e-10,-2.4697790105606549e-05,-2.4702153370718274e-05,4.3632651117257162e-09,1.0075661035726886e-11,0
4209,-1.6252049215319005e-10,-5.1556962020279755e-05,-5.1553013677744822e-05,-3.9483425349329639e-09,1.9930719602346328e-11,0
4210,8.6321185150317391e-11,3.1885322067191219e-06,3.1848177684625385e-06,3.7144382565833561e-09,2.3735794575230202e-11,0
4211,2.4884167739732374e-10,5.4745509614330043e-05,5.4737420038854143e-05,8.0895754758994877e-09,1.9996668221860265e-11,0
4213,8.1114111781982501e-11,-2.7595746679671268e-05,-2.7604099426238651e-05,8.3527465673825850e-09,8.9031503365706653e-12,0
4214,-1.2413747343848778e-10,-7.9166967252111177e-05,-7.9157741316313648e-05,-9.2259357975293856e-09,1.2667119180984088e-11,0
4215,8.1129097110819232e-11,-2.7880757646475164e-05,-2.7887999650797299e-05,7.2420043221351209e-09,1.4308911868465178e-11,0
4216,-1.2412248810912109e-10,-7.9451892211929685e-05,-7.9441720811550680e-05,-1.0171400379005674e-08,1.1863876867205462e-11,0
4217,-2.0525158517483793e-10,-5.1571185448202189e-05,-5.1553534103687302e-05,-1.7651344514887143e-08,1.5200477073692610e-11,0
4219,1.0605598807270197e-10,-2.7560994074999658e-05,-2.7603957901646075e-05,4.2963826646417552e-08,3.4259485904505695e-11,0
4220,-1.2577820062241792e-10,-7.9169480481234254e-05,-7.9157922803000316e-05,-1.1557678233938668e-08,3.7586913888106178e-11,0
4221,1.0606933094271890e-10,-2.7846001471080843e-05,-2.7887851503347120e-05,4.1850032266277067e-08,3.3108602086783858e-11,0
4222,-1.2576485775008701e-10,-7.9454445970869245e-05,-7.9441904159714913e-05,-1.2541811154331557e-08,1.8663794098312128e-11,0
4223,-2.3183418860899382e-10,-5.1608406773593837e-05,-5.1553856777358749e-05,-5.4549996235088655e-08,4.8255127914590767e-11,0
4224,-1.2755339604654831e-10,-7.9202551088325586e-05,-7.9158043573924637e-05,-4.4507514400949082e-08,1.2854196476922834e-11,0
4226,7.3317828983784241e-11,-2.7594701988272450e-05,-2.7604559230672717e-05,9.8572424002673362e-09,4.7747465046649529e-11,0
4227,-1.3183290959826168e-10,-7.9177195978575969e-05,-7.9158192383445874e-05,-1.9003595130094694e-08,4.9419536872104752e-11,0
4228,7.3333790416712600e-11,-2.7879868652127518e-05,-2.7888444761602105e-05,8.5761094745864807e-09,4.9370688634765907e-11,0
4229,-1.3181694816540925e-10,-7.9462218692523054e-05,-7.9442175936147408e-05,-2.0042756375645882e-08,2.7154806980810112e-11,0
4230,-2.0515073855753965e-10,-5.1582602451961251e-05,-5.1553524620245221e-05,-2.9077831716029998e-08,6.6428918799688379e-11,0
4231,-4.5597528651812207e-11,-5.1516161986576645e-05,-5.1551562602649575e-05,3.5400616072930619e-08,4.3415879835574967e-11,0
4232,1.8127064251862785e-10,3.1997896769555070e-06,3.1872595937552364e-06,1.2530083200270621e-08,3.6646604969901646e-11,0
4233,2.2686817059275887e-10,5.4716030595419653e-05,5.4738411227410282e-05,-2.2380631990628463e-08,3.1900046524532218e-11,0
4235,2.7523671906483695e-10,3.1951807029540098e-06,3.1886082923196510e-06,6.5724106343587957e-09,5.0613637287071344e-11,0
4236,-9.9697377266316088e-10,5.5359251513930827e-06,5.5474680779743089e-06,-1.1542926581226262e-08,5.6030752687796382e-11,0
4237,-9.0780118304615257e-10,8.7217409636269894e-06,8.7192791012687390e-06,2.4618623582503763e-09,2.6894444196621129e-11,0
4238,9.4467575412490795e-10,-3.3148382041936635e-05,-3.3141139993998727e-05,-7.2420479379080066e-09,5.0483269717551868e-11,0
4239,-1.4325912585660996e-14,2.8510933633059189e-07,2.8503590939042242e-07,7.3426940169474253e-11,2.2179805824128534e-11,0
4240,-5.2298018528942901e-11,-2.7612362322022854e-05,-2.7606462957768526e-05,-5.8993642543284607e-09,2.4353195751920245e-11,0
4241,3.6874571090629553e-11,-2.4426609146298642e-05,-2.4418612925221843e-05,-7.9962210767982756e-09,2.6246642691198766e-11,0
4242,9.4469008003616735e-10,-3.3433316250879478e-05,-3.3424387375946659e-05,-8.9288749328191269e-09,3.6724148416992927e-11,0
4243,-5.2283692614693376e-11,-2.7897464136188502e-05,-2.7890333938783919e-05,-7.1301974045832341e-09,2.9515254123923151e-11,0
4244,3.6888897003159240e-11,-2.4711623260408738e-05,-2.4702820749373164e-05,-8.8025110355746715e-09,1.7424210493163844e-11,0
4245,8.9172589681163850e-11,3.1857448397737929e-06,3.1865679109447644e-06,-8.2307117097148245e-10,2.5433288906157744e-11,0
4246,-1.1043899680898111e-09,5.5067226203929509e-06,5.5461491283166612e-06,-3.9426507923710298e-08,2.2187296693922009e-11,0
4247,-9.4308087837093210e-10,8.6946017901993328e-06,8.7191150658453245e-06,-2.4513275645991710e-08,1.2112193885800167e-11,0
4248,9.7560555691444899e-10,-3.3418281431179912e-05,-3.3424109092637827e-05,5.8276614579147782e-09,1.9262653578042933e-11,0
4249,-1.2878441150864433e-10,-2.7911626079627633e-05,-2.7891434028737034e-05,-2.0192050890598389e-08,1.3786176117259057e-11,0
4250,3.2524678266868868e-11,-2.4723696820399058e-05,-2.4702720959412401e-05,-2.0975860986656572e-08,1.1010412471622732e-11,0
4251,1.6130909007996452e-10,3.1878877693196275e-06,3.1877681063445505e-06,1.1966297507698084e-10,1.0404331669440571e-11,0
4252,-1.1908629303151028e-10,-7.9183065224315563e-05,-7.9158575478476535e-05,-2.4489745839028384e-08,2.6183165982618724e-11,0
4254,3.3630897727564135e-11,-2.7604185062857917e-05,-2.7605777459790246e-05,1.5923969323292304e-09,2.5587456582725872e-11,0
4255,-5.5629664946644446e-11,-7.9157473762735912e-05,-7.9157972556923966e-05,4.9879418805476479e-10,2.6047030085043506e-11,0
4256,1.2247721872897285e-10,-2.4415639177205592e-05,-2.4417231709497804e-05,1.5925322922125259e-09,2.7676419427988327e-11,0
4257,3.3644813510133863e-11,-2.7889282160512095e-05,-2.7889633540902824e-05,3.5138039072978998e-10,4.0160168744316108e-11,0
4258,-5.5615749167036897e-11,-7.9442472772512642e-05,-7.9441964304590091e-05,-5.0846792255159270e-10,2.6502512783429374e-11,0
4259,1.2249113451071406e-10,-2.4700697002584396e-05,-2.4701431205622308e-05,7.3420303791185172e-10,2.5680472775465355e-11,0
4260,-8.9260562810704918e-11,-5.1553189620212082e-05,-5.1552085066652666e-05,-1.1045535594158976e-09,4.3565348867082339e-11,0
4261,8.8846321011516071e-11,3.1885527665390274e-06,3.1872577529622062e-06,1.2950135768212912e-09,3.1745799185266025e-11,0
4262,1.7810688361465642e-10,5.4741796213077969e-05,5.4738932239887591e-05,2.8639731903783573e-09,2.3252070539110024e-11,0
4264,-1.0528007177627854e-14,2.8504652200078108e-07,2.8503602449791396e-07,1.0497502867116720e-11,4.0185184954544730e-11,0
4265,-1.0577009416623644e-10,-7.9163149504698702e-05,-7.9158826845918207e-05,-4.3226587804942032e-09,2.3000078775475554e-11,0
4266,1.9046611279796177e-10,-2.4359708434474117e-05,-2.4416179280809675e-05,5.6470846335557741e-08,2.7815717576240594e-11,0
4267,-1.0575956616086763e-10,-7.9448138168617365e-05,-7.9442821358464467e-05,-5.3168101528974603e-09,2.3613239191857679e-11,0
4268,1.9047664080280688e-10,-2.4644762859325070e-05,-2.4700373325577033e-05,5.5610466251963082e-08,2.7941230761270934e-11,0
4269,2.9623620702526333e-10,5.4803410012082415e-05,5.4740834742247812e-05,6.2575269834603598e-08,2.1087545700140521e-11,0
4270,-3.0435110612992013e-10,5.5460744995589647e-06,5.5559727026752192e-06,-9.8982031162544735e-09,3.7462918750786835e-11,0
4271,-5.3884221078966559e-10,-4.6018098488394624e-05,-4.6008709104395344e-05,-9.3893839992799117e-09,2.3730072778198096e-11,0
4272,-3.1642058962239450e-10,8.7278697460061588e-06,8.7279286493741022e-06,-5.8903367943389314e-11,2.3506802828494447e-11,0
4273,4.9559739616286860e-10,-3.3139772335955345e-05,-3.3147225709632889e-05,7.4533736775438618e-09,3.5115189384135405e-11,0
4275,1.9124629050322042e-10,-2.7593575093527722e-05,-2.7604336321142355e-05,1.0761227614632546e-08,1.7801146259470052e-11,0
4276,-4.3244814405134547e-11,-7.9157825410135912e-05,-7.9158304506161338e-05,4.7909602542519410e-10,2.4385116873891037e-11,0
4277,1.7917680695621782e-10,-2.4411912108181742e-05,-2.4416094117079566e-05,4.1820088978234316e-09,2.4164783453848404e-11,0
4278,4.9559992160462046e-10,-3.3424799884565481e-05,-3.3430424225930524e-05,5.6243413650429214e-09,2.5615011482986294e-11,0
4279,1.9124881594425490e-10,-2.7878614840843446e-05,-2.7888172613040050e-05,9.5577721966035522e-09,2.9604111034533299e-11,0
4280,-4.3242288961949363e-11,-7.9442865286993847e-05,-7.9442301917618093e-05,-5.6336937575402445e-10,2.4104875657652188e-11,0
4281,1.7917933240034655e-10,-2.4696880021026369e-05,-2.4700282611104245e-05,3.4025900778754837e-09,2.0286579434250423e-11,0
4282,-2.3449110466358000e-10,-5.1564197951738805e-05,-5.1553857141711333e-05,-1.0340810027471977e-08,2.3957251860802690e-11,0
4283,-1.2069483494287409e-11,3.1816416044688767e-06,3.1869463504230325e-06,-5.3047459541558624e-09,2.7490642964861813e-11,0
4284,2.2242162130604343e-10,5.4745926973850251e-05,5.4740393231142460e-05,5.5337427077908874e-09,2.1222297444091997e-11,0
4287,-6.7313208225559517e-10,8.7275490114023524e-06,8.7239201192937039e-06,3.6288921086485366e-09,7.3859298096752627e-11,0
4290,5.8794675841771822e-11,-2.7605647766465458e-05,-2.7606193858122022e-05,5.4609165656472106e-10,3.8766006536151564e-11,0
4291,4.1978549939726163e-11,-7.9144980679892937e-05,-7.9157484478316678e-05,1.2503798423740831e-08,3.7141879194565203e-11,0
4292,7.3829941824264339e-11,-2.4418805937800013e-05,-2.4417181183264742e-05,-1.6247545352713775e-09,3.8237229292244634e-11,0
4294,5.8800352978134201e-11,-2.7890736291992253e-05,-2.7890020788755756e-05,-7.1550323649653713e-10,4.9028400000975567e-11,0
4295,4.1984227077030326e-11,-7.9429944155932040e-05,-7.9441484435097546e-05,1.1540279165505912e-08,2.7293220585690494e-11,0
4296,7.3835618960711246e-11,-2.4703842556588786e-05,-2.4701364426524727e-05,-2.4781300640590363e-09,2.7765554978712327e-11,0
4297,-1.6816126099907378e-11,-5.1539349264983006e-05,-5.1551179103107408e-05,1.1829838124401680e-08,5.2505940075289705e-11,0
4298,1.5035265954650432e-11,3.1868735413764608e-06,3.1877131461359217e-06,-8.3960475946090322e-10,4.3246386324707882e-11,0
4299,3.1851391524378813e-11,5.4726210129319927e-05,5.4738482137341556e-05,-1.2272008021628955e-08,3.3701157738158595e-11,0
4300,-7.7501460690154919e-10,5.5480982413245485e-06,5.5501934860427143e-06,-2.0952447181658360e-09,3.4826974865167896e-11,0
4301,-7.9032778159414830e-10,8.7331379907084044e-06,8.7227324521213077e-06,1.0405538587096653e-08,1.7482795353817423e-11,0
4302,8.2040352950244258e-10,-3.3160022735734263e-05,-3.3143493917212628e-05,-1.6528818521634127e-08,2.6536706131712629e-11,0
4304,4.5388922896258591e-11,-2.7611967491201171e-05,-2.7606514893249303e-05,-5.4525979518677632e-09,1.4126269593277486e-11,0
4305,3.0075748386109869e-11,-2.4426930005460798e-05,-2.4417578725138094e-05,-9.3512803227040404e-09,1.8261648430433786e-11,0
4306,8.2040583845305825e-10,-3.3445068045222237e-05,-3.3426670444256544e-05,-1.8397600965693245e-08,1.1807252433671495e-11,0
4307,4.5391231849172964e-11,-2.7897040890382044e-05,-2.7890335557157831e-05,-6.7053332242130587e-09,1.2473718420279284e-11,0
4308,3.0078057336051414e-11,-2.4711918955283574e-05,-2.4701758483028666e-05,-1.0160472254907893e-08,8.1369698472836125e-12,0
4309,-1.5313174612832544e-11,3.1850358873609583e-06,3.1876341526577439e-06,-2.5982652967856701e-09,1.8516173919561764e-11,0
4310,9.4652195578255843e-10,-3.3171711825676770e-05,-3.3142005776632972e-05,-2.9706049043797672e-08,6.0696958501334817e-11,0
4311,-1.3984590249842638e-10,-5.1556517873935052e-05,-5.1552683029579568e-05,-3.8348443554841083e-09,3.0619523817371726e-11,0
4312,5.7500343056247861e-11,3.1899129331483620e-06,3.1887932860980050e-06,1.1196470503570511e-09,3.1587988045180462e-11,0
4313,1.9734624560523877e-10,5.4746343978704943e-05,5.4741066395735870e-05,5.2775829690725759e-09,2.9782614804946563e-11,0
4315,9.1026990072377142e-11,-2.7602836504206233e-05,-2.7606203686011918e-05,3.3671818056851409e-09,2.6282831832091837e-11,0
4316,-3.5239191612508701e-11,-7.9158450266700407e-05,-7.9158829874953807e-05,3.7960825340066767e-10,3.0218859517838141e-11,0
4317,1.3198699716680166e-10,-2.4413786101596616e-05,-2.4416104822721061e-05,2.3187211244448129e-09,3.4815647082378733e-11,0
4318,9.1035434701062844e-11,-2.7888017469489832e-05,-2.7890014226307949e-05,1.9967568181176011e-09,3.7547100827793187e-11,0
4319,-3.5230746983856797e-11,-7.9443483915139085e-05,-7.9442834331398758e-05,-6.4958374032671965e-10,2.2836661980266179e-11,0
4320,1.3199544179318492e-10,-2.4698805148061585e-05,-2.4700278887477338e-05,1.4737394157538766e-09,2.3088451930186272e-11,0
4321,-1.2626618161950560e-10,-5.1555594822569133e-05,-5.1552513840599814e-05,-3.0809819693194745e-09,4.4050157413619393e-11,0
4322,4.0960007096504465e-11,3.1891127616059467e-06,3.1887928866739453e-06,3.1987493200148084e-10,3.4292239776333535e-11,0
4323,1.6722618868587242e-10,5.4744725253932014e-05,5.4740896876969801e-05,3.8283769622127922e-09,2.5859244047887536e-11,0
4324,-7.3247583497581889e-11,-7.9160191086459367e-05,-7.9159400971847500e-05,-7.9011461186651727e-10,1.8365484219916064e-11,0
4325,-7.7270310625666381e-11,3.1817144813695714e-06,3.1875932240014126e-06,-5.8787426318412489e-09,2.3829531619284589e-11,0
4327,-5.2629363353850122e-10,8.7369644413727576e-06,8.7267374825921244e-06,1.0226958780633276e-08,4.7607612326185817e-11,0
4328,6.2187070507262634e-10,-3.3159455128935894e-05,-3.3146245840168553e-05,-1.3209288767341502e-08,7.6600292607413703e-11,0
4330,1.7945143207869304e-10,-2.7603917153462077e-05,-2.7605343577020005e-05,1.4264235579282425e-09,3.1810936500008936e-11,0
4331,9.5577071014667648e-11,-2.4422328126771052e-05,-2.4416350366588208e-05,-5.9777601828441636e-09,3.9706711524144668e-11,0
4332,6.2186522465992648e-10,-3.3444350472158768e-05,-3.3429395522764864e-05,-1.4954949393904007e-08,6.2336850495266901e-11,0
4333,1.7944595166702271e-10,-2.7889097650252376e-05,-2.7889145189030083e-05,4.7538777706973004e-11,5.0309986823969533e-11,0
4334,9.5571590604456532e-11,-2.4707372718865868e-05,-2.4700519515102640e-05,-6.8532037632279942e-09,3.2319310643558123e-11,0
4335,-8.3874361073245687e-11,3.1816222049113954e-06,3.1876836467600204e-06,-6.0614418486249742e-09,4.4633320924986489e-11,0
4337,-3.2592334862157995e-10,8.7415642776329100e-06,8.7294558406983354e-06,1.2108436934574608e-08,5.7739606132215028e-11,0
4340,2.6708171415475253e-10,-2.7585694247142523e-05,-2.7604428156604618e-05,1.8733909462095014e-08,2.9362222424380463e-11,0
4341,1.5665871059935920e-10,-2.4421313183774218e-05,-2.4415456933620687e-05,-5.8562501535312100e-09,2.0837189281144882e-11,0
4343,2.6707325430246047e-10,-2.7870759059095678e-05,-2.7888223329644943e-05,1.7464270549264897e-08,2.4910067296762113e-11,0
4344,1.5665025075066674e-10,-2.4706275018644350e-05,-2.4699622498362409e-05,-6.6525202819408516e-09,1.9039831769387464e-11,0
4345,-1.1042300350462307e-10,3.1644112846321640e-06,3.1876591065622868e-06,-2.3247821930122839e-08,2.5030722469398528e-11,0
4346,-1.7956855510850121e-10,8.7534298852977310e-06,8.7315331941083568e-06,2.1896691189374245e-08,4.7363698856340501e-11,0
4349,2.1261689997080583e-10,-2.4410469534043473e-05,-2.4414614047101402e-05,4.1445130579282610e-09,2.8318176661903751e-11,0
4350,3.9218062970917276e-10,-3.3448999966588858e-05,-3.3432418438101857e-05,-1.6581528487000631e-08,6.2721217187487248e-11,0
4351,2.1261207371020288e-10,-2.4695451212072839e-05,-2.4698775634770177e-05,3.3244226973379852e-09,2.3596630277937970e-11,0
4352,-9.8444462732389283e-11,-5.1544675441749128e-05,-5.1552159273567626e-05,7.4838318184970807e-09,6.5942862013539672e-11,0
4354,-1.0422649787722976e-09,8.7335636099303456e-06,8.7212338840622164e-06,1.2329725868129163e-08,4.6916211945988346e-11,0
4355,1.0170660955696302e-10,3.1882754895253950e-06,3.1909342789024292e-06,-2.6587893770341640e-09,2.7721901607790747e-11,0
4357,-1.2328851612956522e-10,-7.9182591992628219e-05,-7.9160733992956049e-05,-2.1857999672170148e-08,1.3724833913983634e-11,0
4358,-1.2327909659005922e-10,-7.9467533202497512e-05,-7.9444747829658774e-05,-2.2785372838737849e-08,6.5024297937787153e-12,0
4359,-1.0863818014404308e-10,-7.9175563364429231e-05,-7.9160638163072063e-05,-1.4925201357167427e-08,4.5116663905971583e-11,0
4360,-1.7091530807292279e-10,-5.1566666058556684e-05,-5.1553038286519055e-05,-1.3627772037629136e-08,5.5455563483991680e-11,0
4362,8.5595874287379777e-11,-2.7594592983726934e-05,-2.7607434583010320e-05,1.2841599283385809e-08,2.0727344954928410e-11,0
4363,-1.1260462443597256e-10,-7.9167946991526641e-05,-7.9160920064433028e-05,-7.0269270936132878e-09,2.3974814735659898e-11,0
4364,8.5609817718869473e-11,-2.7879677994068191e-05,-2.7891198108021332e-05,1.1520113953141002e-08,3.0476402307812290e-11,0
4365,-1.1259068100611233e-10,-7.9452929429041363e-05,-7.9444937466314816e-05,-7.9919627265476233e-09,2.0292250501344503e-11,0
4366,-1.9820049864396958e-10,-5.1573333216882108e-05,-5.1553370747133046e-05,-1.9962469749062507e-08,2.9894909377033450e-11,0
4367,-1.5298119682797960e-14,2.8513577406038084e-07,2.8503621199811989e-07,9.9562062260951887e-11,9.1927744267118478e-12,0
4368,5.6937671449518895e-11,-2.7604493605009163e-05,-2.7607938748064064e-05,3.4451430549002334e-09,1.4382370249235995e-11,0
4369,-1.0643945371476387e-10,-7.9166579519808315e-05,-7.9160993501286835e-05,-5.5860185214803805e-09,1.7311355674055997e-11,0
4370,5.6952969570437763e-11,-2.7889556692169701e-05,-2.7891696115829545e-05,2.1394236598436581e-09,1.3196026420506695e-11,0
4371,-1.0642415559495566e-10,-7.9451585477655420e-05,-7.9445012588585863e-05,-6.5728890695569524e-09,8.4878120358758780e-12,0
4372,-1.6337712515057336e-10,-5.1562083037938293e-05,-5.1552939706859930e-05,-9.1433310783626187e-09,2.0412620975628850e-11,0
4375,1.7489561772268783e-10,-2.7577276086572858e-05,-2.7606814287343493e-05,2.9538200770634778e-08,3.3122283904536518e-11,0
4376,-7.4601842835168886e-11,-7.9162784224863676e-05,-7.9160919828964767e-05,-1.8643958989091091e-09,3.1655228849742993e-11,0
4377,1.7490131646628127e-10,-2.7862345316764792e-05,-2.7890558710223169e-05,2.8213393458377582e-08,5.6164820920163462e-11,0
4378,-7.4596144093794646e-11,-7.9447835325985100e-05,-7.9444942654860671e-05,-2.8926711244289241e-09,2.6309893508265632e-11,0
4380,-9.0552182720131461e-10,5.5423930063027219e-06,5.5485910046584933e-06,-6.1979983557713936e-09,4.7410096004665872e-11,0
4381,-8.4785209332302381e-10,8.7334701361421740e-06,8.7255963736215022e-06,7.8737625206718592e-09,1.8652063620203981e-11,0
4382,8.2098429825721846e-10,-3.3165399701055170e-05,-3.3144956853358564e-05,-2.0442847696606613e-08,3.2614279167144224e-11,0
4384,-8.4537528123323835e-11,-2.7622998907742696e-05,-2.7610332069228494e-05,-1.2666838514202453e-08,2.0440034680246513e-11,0
4385,-2.6867794279990746e-11,-2.4431924703530866e-05,-2.4416293547561934e-05,-1.5631155968931943e-08,2.1883008762074575e-11,0
4386,8.2099406014911561e-10,-3.3450397590061541e-05,-3.3428007228107516e-05,-2.2390361954025136e-08,2.8584859837246851e-11,0
4387,-8.4527766226502325e-11,-2.7907944085046009e-05,-2.7894063044519472e-05,-1.3881040526536674e-08,3.4149063432407549e-11,0
4388,-2.6858032384539516e-11,-2.4716941797299150e-05,-2.4700423121932278e-05,-1.6518675366871836e-08,1.8528853490413953e-11,0
4389,5.7669733889913131e-11,3.1910159687350594e-06,3.1927011858294205e-06,-1.6852170943611358e-09,2.6578468542865528e-11,0
4390,-1.0190342625351606e-14,2.8500971179666746e-07,2.8503637193895183e-07,-2.6660142284371130e-11,3.1560790394302880e-11,0
4391,2.8825000761185543e-11,-2.7606936380214584e-05,-2.7609154674151995e-05,2.2182939374112878e-09,2.3173905021847505e-11,0
4392,-1.4373916102944304e-11,-7.9159381618548481e-05,-7.9160715839685347e-05,1.3342211368659509e-09,2.6218099134984996e-11,0
4393,8.7898746268912192e-11,-2.4413479773130551e-05,-2.4414692706015616e-05,1.2129328850647172e-09,2.6570863963853826e-11,0
4394,2.8835191102417953e-11,-2.7892015389741846e-05,-2.7892876991502348e-05,8.6160176050197371e-10,4.5679087392574045e-11,0
4395,-1.4363725762959280e-11,-7.9444440807634013e-05,-7.9444744722340999e-05,3.0391470698561129e-10,2.8631808387554424e-11,0
4396,8.7908936612468801e-11,-2.4698449927119514e-05,-2.4698817437579309e-05,3.6751045979501688e-10,2.8804179328540968e-11,0
4397,-4.3198916971650096e-11,-5.1552433182080332e-05,-5.1551444334676253e-05,-9.8884740407914271e-10,3.6126695142926594e-11,0
4398,5.9073745512892272e-11,3.1935290589053225e-06,3.1931212212957659e-06,4.0783760955664982e-10,3.1732083461664024e-11,0
4399,1.0227266221650584e-10,5.4745918940442111e-05,5.4744157116296017e-05,1.7618241460938436e-09,2.2925734306962352e-11,0
4400,-3.3214656045314527e-10,5.5464844558699962e-06,5.5556314058640804e-06,-9.1469499940842157e-09,3.7659133036200680e-11,0
4401,-5.3849065184848177e-10,-4.6017725622011889e-05,-4.6009404373808729e-05,-8.3212482031595671e-09,2.3965597522146802e-11,0
4402,-3.4488989172381111e-10,8.7336172590306987e-06,8.7325173752886179e-06,1.0998837420808823e-09,2.4423082685190644e-11,0
4403,5.0823919303564046e-10,-3.3142992113523173e-05,-3.3149103846792436e-05,6.1117332692632305e-09,3.4990437223639950e-11,0
4405,1.7609263293084537e-10,-2.7596502638756529e-05,-2.7607595570548304e-05,1.1092931791775555e-08,1.5272109670940243e-11,0
4406,-3.0251458718041556e-11,-7.9160679685960286e-05,-7.9161154842305708e-05,4.7515634542206683e-10,2.3277201826320612e-11,0
4407,1.6334930163004994e-10,-2.4409372448810050e-05,-2.4413543711052145e-05,4.1712622420947637e-09,2.4942602525495703e-11,0
4408,5.0824156082412461e-10,-3.3427948787507697e-05,-3.3432128000580785e-05,4.1792130730876993e-09,3.0372131627167491e-11,0
4409,1.7609500072042241e-10,-2.7881570383317400e-05,-2.7891307935677443e-05,9.7375523600431535e-09,3.9556118907703387e-11,0
4410,-3.0249090928082653e-11,-7.9445689267277839e-05,-7.9445186606188315e-05,-5.0266108952339104e-10,2.9108224102737066e-11,0
4411,1.6335166942050268e-10,-2.4694353849180443e-05,-2.4697662920872846e-05,3.3090716924028603e-09,2.7717604991099310e-11,0
4412,-2.0634409137859397e-10,-5.1564197776968884e-05,-5.1553441930229173e-05,-1.0755846739711429e-08,2.7439754210258437e-11,0
4413,-1.2743331269331466e-11,3.1871760345098671e-06,3.1927071514911420e-06,-5.5311169812749595e-09,2.7236983620979528e-11,0
4414,1.9360076027555708e-10,5.4751372775458740e-05,5.4745740802754418e-05,5.6319727043222271e-09,2.0853651865371605e-11,0
4417,-6.3734451183763490e-10,8.7356995299887885e-06,8.7293045204611483e-06,6.3950095276401741e-09,6.5492770136150873e-11,0
4420,3.7538923069990045e-11,-2.7609390043231707e-05,-2.7609532187316028e-05,1.4214408432106627e-10,3.5943918141133492e-11,0
4421,7.4536614454238794e-11,-7.9131539638564383e-05,-7.9160098649321236e-05,2.8559010756853791e-08,3.3377994840435979e-11,0
4422,3.2710626014240278e-11,-2.4417862279630179e-05,-2.4414937623006018e-05,-2.9246566241608748e-09,3.4961496767965000e-11,0
4424,3.7541719062078268e-11,-2.7894555338474521e-05,-2.7893235057151405e-05,-1.3202813231156217e-09,5.7429310550557507e-11,0
4425,7.4539410444575384e-11,-7.9416646301132959e-05,-7.9444133038388960e-05,2.7486737256001109e-08,2.6338564209318346e-11,0
4426,3.2713422007698907e-11,-2.4702822553008055e-05,-2.4699051521873477e-05,-3.7710311345786273e-09,2.7704539717992838e-11,0
4427,3.6997691209969795e-11,-5.1522232138891469e-05,-5.1550448638186279e-05,2.8216499294810482e-08,5.5162866243253863e-11,0
4428,-4.8282970755962093e-12,3.1915481489295031e-06,3.1932461152043415e-06,-1.6979662748384236e-09,3.5484986773596401e-11,0
4429,-4.1825988802963320e-11,5.4713734268269087e-05,5.4743286626193070e-05,-2.9552357923982896e-08,2.8980393279623269e-11,0
4430,-5.3004297798572070e-10,5.5048568661127117e-06,5.5532014611884417e-06,-4.8344595075729947e-08,6.9234623692777634e-11,0
4431,-6.1697837812072464e-10,-4.6050189736048658e-05,-4.6010469901146797e-05,-3.9719834901860934e-08,3.6353240373836884e-11,0
4432,-4.9628573673377085e-10,8.6990015570158341e-06,8.7313769051084909e-06,-3.2375348092656764e-08,4.1756788358216258e-11,0
4433,6.0249323783938316e-10,-3.3110733090455785e-05,-3.3148242358816354e-05,3.7509268360568599e-08,5.5151959395789106e-11,0
4435,7.2450259849099173e-11,-2.7605863550845188e-05,-2.7609315315713948e-05,3.4517648687593301e-09,2.2137102141349562e-11,0
4436,-1.4485140972428474e-11,-7.9160874794987311e-05,-7.9161399173682332e-05,5.2437869502055656e-10,2.0963450790324407e-11,0
4437,1.0620750109045216e-10,-2.4411680783761010e-05,-2.4413845999125417e-05,2.1652153644074231e-09,3.0748983737866256e-11,0
4438,6.0250059244667853e-10,-3.3395754845875342e-05,-3.3431241082130847e-05,3.5486236255505331e-08,4.2955161286258250e-11,0
4439,7.2457614454031781e-11,-2.7890991039471224e-05,-2.7893009588542378e-05,2.0185490711545709e-09,2.6779711128633136e-11,0
4440,-1.4477786367117966e-11,-7.9445941816436074e-05,-7.9445435874174057e-05,-5.0594226201692953e-10,1.6942925276012457e-11,0
4441,1.0621485569643014e-10,-2.4696759611918785e-05,-2.4697955066892411e-05,1.1954549736261613e-09,1.8083224740744750e-11,0
4442,-8.6935400777810822e-11,-5.1554930334349585e-05,-5.1551965600080256e-05,-2.9647342693293606e-09,3.3751452240594817e-11,0
4443,3.3757241242847567e-11,3.1941320186759225e-06,3.1941175004931028e-06,1.4518182819715840e-11,3.0931794209175338e-11,0
4444,1.2069264192903802e-10,5.4749148519475568e-05,5.4745675109980105e-05,3.4734094954630770e-09,2.6383336714080036e-11,0
4445,-1.2493853099253448e-14,2.8515321519079184e-07,2.8503644087753616e-07,1.1677431325568132e-10,9.9322016801754221e-12,0
4446,3.4263809145490615e-11,-2.7607439528904831e-05,-2.7609958625940699e-05,2.5190970358681449e-09,2.3739726823760880e-11,0
4447,-5.2365941598186703e-11,-7.9162525527612393e-05,-7.9162035138185193e-05,-4.9038942719938083e-10,1.8390532320196084e-11,0
4448,1.1374554126881854e-10,-2.4410491822820200e-05,-2.4413597657394723e-05,3.1058345745227627e-09,2.0869548532894258e-11,0
4449,3.4276302998864819e-11,-2.7892598229633430e-05,-2.7893645801873629e-05,1.0475722401997567e-09,2.1112855331419159e-11,0
4450,-5.2353447744309250e-11,-7.9447613698706992e-05,-7.9446073725195136e-05,-1.5399735118560350e-09,9.1873068506636450e-12,0
4451,1.1375803512200494e-10,-2.4695545041988030e-05,-2.4697702729600978e-05,2.1576876129478630e-09,1.0443528835072122e-11,0
4452,-8.6629750784980572e-11,-5.1555022642826528e-05,-5.1551957896890851e-05,-3.0647459356769927e-09,3.7092802916366864e-11,0
4453,7.9481732127925483e-11,3.1968963282278003e-06,3.1950063796352733e-06,1.8899485925269650e-09,2.1899219133654808e-11,0
4454,1.6611148287566958e-10,5.4752047424068938e-05,5.4746556398426885e-05,5.4910256420528177e-09,1.6648981901697332e-11,0
4455,-5.2109657707143524e-10,5.5667794543867027e-06,5.5533113128954047e-06,1.3468141491298069e-08,3.3235214347704268e-11,0
4456,-6.2558446308414047e-10,8.7454290790822675e-06,8.7302875412637920e-06,1.5141537818475528e-08,1.9498172074000697e-11,0
4457,6.2251021718835065e-10,-3.3194554647040381e-05,-3.3148201741175125e-05,-4.6352905865255846e-08,3.4785175897182443e-11,0
4458,1.0141363962882486e-10,-2.7627744027582286e-05,-2.7609269764685734e-05,-1.8474262896552116e-08,2.7001438447056189e-11,0
4459,-3.0742458067272230e-12,-2.4449110619191930e-05,-2.4414910907909008e-05,-3.4199711282921643e-08,2.7826496919303998e-11,0
4460,-1.0448788551550612e-10,3.1787250146519952e-06,3.1930021112308566e-06,-1.4277096578861410e-08,3.0304727192392675e-11,0
4461,2.1077425023581921e-11,-2.7623897074124243e-05,-2.7610390481307182e-05,-1.3506592817060837e-08,8.8895112625494706e-12,0
4462,-1.4421916796540765e-14,2.8501902637566145e-07,2.8503646666475967e-07,-1.7440289098221906e-11,1.0595489434411928e-11,0
4463,8.6261662813886138e-11,-2.7572528453056501e-05,-2.7609763131820817e-05,3.7234678764315997e-08,1.4224654810868445e-11,0
4464,-1.1749588169882837e-10,-7.9175691850900259e-05,-7.9163268716909212e-05,-1.2423133991047220e-08,1.5482178965312674e-11,0
4465,8.6276084733427289e-11,-2.7857543093583181e-05,-2.7893432420482253e-05,3.5889326899071663e-08,1.4221570340306189e-11,0
4466,-1.1748145978174659e-10,-7.9460663252459846e-05,-7.9447312231666710e-05,-1.3351020793135756e-08,8.9058497466857376e-12,0
4467,-2.0375754443501713e-10,-5.1603135337127681e-05,-5.1553386061881722e-05,-4.9749275245959570e-08,2.1274171847462243e-11,0
4470,1.3807194209788973e-10,-2.4422028952700119e-05,-2.4412796988865389e-05,-9.2319638347296458e-09,3.5138595348991453e-11,0
4471,-4.8683821876791657e-11,-5.1540640165196119e-05,-5.1551478294925484e-05,1.0838129729364506e-08,6.7577856004845033e-11,0
4472,5.9487459660872648e-11,-2.4425106988480369e-05,-2.4413669189586707e-05,-1.1437798893661801e-08,5.4026648831719479e-11,0
4473,-2.1773337689077681e-10,8.7664691628443203e-06,8.7363387631446612e-06,3.0130399699659151e-08,5.1208428695993426e-11,0
4476,2.0535749423509757e-10,-2.4402408126891414e-05,-2.4411771742030084e-05,9.3636151386695737e-09,4.1090324419698948e-11,0
4478,2.0535316230340948e-10,-2.4687352889790322e-05,-2.4695859324783365e-05,8.5064349930430536e-09,2.1322803733145531e-11,0
4479,-1.6648275179869956e-10,-5.1565063502314462e-05,-5.1552920312436858e-05,-1.2143189877604195e-08,3.4083165703292278e-11,0
4480,4.0949719539099592e-10,-3.3191681995715233e-05,-3.3151320146152449e-05,-4.0361849562784422e-08,7.6704536631811278e-11,0
4481,-1.8572125741078149e-10,-5.1565639092338023e-05,-5.1553153874789212e-05,-1.2485217548810794e-08,4.3872257530431684e-11,0
4482,6.4467104041895257e-11,3.2048440945565450e-06,3.1965423447642902e-06,8.3017497922547772e-09,3.6621686915504447e-11,0
4483,2.5018836165254755e-10,5.4770499385802668e-05,5.4749288932493660e-05,2.1210453309007378e-08,3.2479486729532744e-11,0
4485,8.8195284149181902e-11,-2.7605662816712964e-05,-2.7610352640736292e-05,4.6898240233277848e-09,2.3225826262789372e-11,0
4486,-4.6707819160404261e-11,-7.9163895196523993e-05,-7.9163000139563573e-05,-8.9505696041945141e-10,3.0904079151851626e-11,0
4487,1.3366631423264343e-10,-2.4408172980293352e-05,-2.4412409699541816e-05,4.2367192484633507e-09,3.9142023019116110e-11,0
4488,8.8204012771115195e-11,-2.7890826351730999e-05,-2.7893997269387868e-05,3.1709176568686366e-09,3.6499665855238544e-11,0
4489,-4.6699090540335976e-11,-7.9448946693947114e-05,-7.9447050578853158e-05,-1.8961150939557792e-09,2.6395566113445669e-11,0
4490,1.3367504285147107e-10,-2.4693196035359063e-05,-2.4696491004771593e-05,3.2949694125290773e-09,2.4104427858347585e-11,0
4491,-1.3490310317748616e-10,-5.1558242188274803e-05,-5.1552526718812917e-05,-5.7154694618852687e-09,3.3602203146159820e-11,0
4492,4.5471030085753632e-11,3.1974781379018064e-06,3.1965715613465907e-06,9.0657655521569070e-10,3.8419487124240049e-11,0
4493,1.8037413340250280e-10,5.4755751126830954e-05,5.4748691083272163e-05,7.0600435587905028e-09,3.9494747552061631e-11,0
4494,-1.5103471120615122e-14,2.8508152581073635e-07,2.8503655103667139e-07,4.4974774064959557e-11,9.2559027807611399e-12,0
4495,3.5587704523639187e-11,-2.7609062424886494e-05,-2.7611215939920635e-05,2.1535150341411402e-09,1.3629294660945833e-11,0
4496,-8.8283194584955452e-11,-7.9167721522260988e-05,-7.9163723499129843e-05,-3.9980231311448518e-09,1.6907017949622795e-11,0
4497,3.5602807999232309e-11,-2.7894130601130050e-05,-2.7894851725968916e-05,7.2112483886566710e-10,1.2387387546937341e-11,0
4498,-8.8268091110838388e-11,-7.9452761624996399e-05,-7.9447776289434807e-05,-4.9853355615919618e-09,8.1011940235069035e-12,0
4499,-1.2387089912563779e-10,-5.1558675811608223e-05,-5.1552386333781986e-05,-6.2894778262375414e-09,2.0242102268155076e-11,0
4503,2.2231639027921783e-10,3.2098314518903045e-06,3.1993771013257300e-06,1.0454350564574506e-08,7.4028885666103226e-11,0
4504,-1.0177668466182146e-10,-7.9174101789915904e-05,-7.9164092554222956e-05,-1.0009235692947966e-08,5.1406386896562708e-11,0
4505,-9.5902660784896928e-10,5.5391150464048459e-06,5.5479340263337871e-06,-8.8189799289411898e-09,3.1488348339805106e-11,0
4506,-8.5063921791026313e-10,8.7360993406898277e-06,8.7297285607580952e-06,6.3707799317324736e-09,1.8323790699920576e-11,0
4507,1.0838739001041788e-10,3.1969252376597233e-06,3.1981912737398110e-06,-1.2660360800877372e-09,1.6110462982197457e-11,0
4508,-1.2062020622606502e-14,2.8510587031222533e-07,2.8503662161431021e-07,6.9248697915124708e-11,1.4987901541770981e-11,0
4509,-1.1926645222599610e-10,-7.9179832718359079e-05,-7.9164395435944815e-05,-1.5437282414263722e-08,1.3246133736192871e-11,0
4510,-1.1925439020481275e-10,-7.9464859065885712e-05,-7.9448451590332053e-05,-1.6407475553659352e-08,1.2785385261213432e-11,0
4511,-9.6879141145523941e-10,5.5569597423640177e-06,5.5478141255653572e-06,9.1456167986605149e-09,8.1169457696251162e-11,0
4512,-9.1679062253408649e-10,8.7469499216530702e-06,8.7290942528050463e-06,1.7855668848023961e-08,3.7102418037034582e-11,0
4513,5.2000788835927315e-11,3.1901095774418756e-06,3.1977068045115503e-06,-7.5972270696747478e-09,3.6006449241938631e-11,0
4514,1.5824692335917359e-10,3.2068168704180514e-06,3.1992166830595475e-06,7.6001873585038150e-09,3.7328302108941907e-11,0
4516,-1.0660358248844905e-10,-7.9174134538778987e-05,-7.9164394511594538e-05,-9.7400271844487549e-09,2.6534322016576284e-11,0
4517,-1.0659464789306612e-10,-7.9459115579876005e-05,-7.9448452468327117e-05,-1.0663111548887805e-08,2.0571865984493628e-11,0
4519,-4.8877122392273388e-10,8.7515197242666459e-06,8.7347302303103962e-06,1.6789493956249687e-08,4.3191856555644476e-11,0
4520,-1.3461805192924500e-10,3.1581988968517466e-06,3.1958597104596953e-06,-3.7660813607948705e-08,6.2183860241596998e-11,0
4521,-1.0698080779106185e-14,2.8509066914010238e-07,2.8503667174857930e-07,5.3997391523083707e-11,5.2348668320547674e-12,0
4522,-1.1163567122631026e-10,-7.9175392856531066e-05,-7.9164594591744062e-05,-1.0798264787003319e-08,1.6053174377744727e-11,0
4523,-1.1162497314570644e-10,-7.9460417453900388e-05,-7.9448654105088794e-05,-1.1763348811594005e-08,8.0668237909445157e-12,0
4524,-7.9660223030025077e-10,5.5479446063049116e-06,5.5499284143896165e-06,-1.9838080847048479e-09,4.6800568180458538e-11,0
4525,-7.7039741075302841e-10,8.7426568600950218e-06,8.7315457868962735e-06,1.1111073198748260e-08,2.0365008195252656e-11,0
4526,6.8839515345453260e-10,-3.3193120415114449e-05,-3.3148642992689334e-05,-4.4477422425115464e-08,3.3000145167645265e-11,0
4527,-1.0820707535207768e-10,-2.7645307639827428e-05,-2.7613733260657554e-05,-3.1574379169874324e-08,2.6296342795200567e-11,0
4528,-8.2002255840533548e-11,-2.4450562473327109e-05,-2.4414192404504310e-05,-3.6370068822798947e-08,2.7414742050322311e-11,0
4529,2.6204819530365287e-11,3.1947682673674586e-06,3.1981540717760568e-06,-3.3858044085981109e-09,2.9679383719643922e-11,0
4531,-6.0090864657547416e-10,-4.6041140753318860e-05,-4.6010808302110440e-05,-3.0332451208419688e-08,7.6823116594734900e-11,0
4532,-5.5865347288143618e-10,8.7086470530808868e-06,8.7343926783351570e-06,-2.5745625254270225e-08,7.2678845467604309e-11,0
4535,8.1873441802888156e-12,-2.7610327165852096e-05,-2.7612457727519684e-05,2.1305616675879090e-09,2.8412706417916991e-11,0
4536,1.2263648619292037e-11,-7.9161191089400715e-05,-7.9163375591710850e-05,2.1845023101356702e-09,3.2553756555531381e-11,0
4537,5.4518822876841307e-11,-2.4411443670022386e-05,-2.4412378842228980e-05,9.3517220659341703e-10,3.8012591191808892e-11,0
4538,6.1318060871707024e-10,-3.3404957732834778e-05,-3.3432533501922864e-05,2.7575769088085541e-08,6.6527750578533851e-11,0
4539,8.1956567090260542e-12,-2.7895343876257767e-05,-2.7896057088226712e-05,7.1321196894514097e-10,3.6816261828753867e-11,0
4540,1.2271961148964290e-11,-7.9446297851956151e-05,-7.9447438584869648e-05,1.1407329134977473e-09,2.3874144676433565e-11,0
4541,5.4527135408042424e-11,-2.4696444824602332e-05,-2.4696434841279838e-05,-9.9833224945623886e-12,2.5333699911201290e-11,0
4542,4.0763043227552778e-12,-5.1550962953912823e-05,-5.1550794783343522e-05,-1.6817056930096838e-10,4.3878269577454350e-11,0
4543,4.6331478708355462e-11,3.1987882381887423e-06,3.1986896581951792e-06,9.8579993563123545e-11,4.0702278985913854e-11,0
4544,4.2255174065606975e-11,5.4749766609556855e-05,5.4749077968710041e-05,6.8864084681370284e-10,2.8899984817642004e-11,0
4546,4.8137972435240673e-11,-2.7608900368797785e-05,-2.7612130528075652e-05,3.2301592778666744e-09,2.7987914087793680e-11,0
4547,-1.7202361955471671e-11,-7.9164003341652533e-05,-7.9163897385674194e-05,-1.0595597833905172e-10,3.3258538949146035e-11,0
4548,9.3616813250718752e-11,-2.4409284899151013e-05,-2.4411752870916912e-05,2.4679717658994133e-09,3.1862777487147627e-11,0
4549,4.8146422186273674e-11,-2.7893864963241845e-05,-2.7895723299896346e-05,1.8583366545010783e-09,2.7703098797654314e-11,0
4550,-1.7193912204170060e-11,-7.9448975953642746e-05,-7.9447962202984932e-05,-1.0137506578140236e-09,1.9217249046743838e-11,0
4551,9.3625262999926733e-11,-2.4694345833677035e-05,-2.4695805185506089e-05,1.4593518290541860e-09,1.7279955930597958e-11,0
4552,-6.5340334370973046e-11,-5.1555114784478800e-05,-5.1551643441978960e-05,-3.4713424998405627e-09,3.8922738605821565e-11,0
4553,4.5478840812116933e-11,3.1995396419390526e-06,3.1989858332994820e-06,5.5380863957063444e-10,4.4027098138763930e-11,0
4554,1.1081917512091452e-10,5.4754706029091701e-05,5.4750222907803865e-05,4.4831212878368204e-09,3.6860989341810046e-11,0
4555,-5.1386705046606820e-11,-5.1554238559849055e-05,-5.1551469912628796e-05,-2.7686472202587218e-09,3.8889677008459229e-11,0
4556,2.5284884023601661e-11,3.1987609989804575e-06,3.1989197820748290e-06,-1.5878309437143660e-10,3.0573725722814145e-11,0
4557,7.6671588933628228e-11,5.4753127735376363e-05,5.4749983389724429e-05,3.1443456519335711e-09,2.6886804641859356e-11,0
4558,-3.4976560159702661e-10,5.5468139842189401e-06,5.5554150639224158e-06,-8.6010797034756931e-09,3.8727429415666207e-11,0
4559,-5.2505425550119969e-10,-4.6017451129333302e-05,-4.6009965447013058e-05,-7.4856823202435461e-09,2.3497061664126637e-11,0
4560,-3.6547458739632676e-10,8.7396162207287534e-06,8.7373897697461971e-06,2.2264509825562872e-09,2.4948293435892613e-11,0
4561,5.1005883173430188e-10,-3.3146311421200850e-05,-3.3151191805944562e-05,4.8803847437124421e-09,3.7772890652583882e-11,0
4563,1.6029323036480049e-10,-2.7599348119288283e-05,-2.7610979031445095e-05,1.1630912156811559e-08,1.7398438107397172e-11,0
4564,-1.4995423784776757e-11,-7.9163665613629468e-05,-7.9164091282649587e-05,4.2566902011943828e-10,2.2677262328867485e-11,0
4565,1.4458424455737518e-10,-2.4406654611956475e-05,-2.4410925519442266e-05,4.2709074857908975e-09,2.3764236211171594e-11,0
4566,5.1006071678006370e-10,-3.3431320547587171e-05,-3.3434035003641735e-05,2.7144560545640825e-09,3.0225033657243126e-11,0
4567,1.6029511540968631e-10,-2.7884491659238217e-05,-2.7894562784603239e-05,1.0071125365022378e-08,3.2843130948406326e-11,0
4568,-1.4993538738064831e-11,-7.9448761159129407e-05,-7.9448158702698053e-05,-6.0245643135412984e-10,2.6614737375967841e-11,0
4569,1.4458612960307967e-10,-2.4691660215131993e-05,-2.4694972827413015e-05,3.3126122810218613e-09,2.3811457734762163e-11,0
4570,-1.7528865385500884e-10,-5.1564337904400244e-05,-5.1552988373144644e-05,-1.1349531255600237e-08,2.6804090468020393e-11,0
4571,-1.5708985798378360e-11,3.1927519273345847e-06,3.1986581010889968e-06,-5.9061737544120838e-09,2.7432839331973109e-11,0
4572,1.5957966824473986e-10,5.4757009866456831e-05,5.4751240252289239e-05,5.7696141675923581e-09,2.2681917958006924e-11,0
4574,-5.8300654926067390e-10,8.7434845779080808e-06,8.7351124518158850e-06,8.3721260921958281e-09,5.4030061793408989e-11,0
4577,1.9053972181863041e-11,-2.7613868319263397e-05,-2.7612958313921418e-05,-9.1000534197858518e-10,3.4586182262580588e-11,0
4578,-8.8397555019990190e-12,-2.4418023226223905e-05,-2.4412590554849528e-05,-5.4326713743762980e-09,3.0308714959115091e-11,0
4580,1.9053448162034767e-11,-2.7898992234171721e-05,-2.7896532215858056e-05,-2.4600183136647667e-09,5.1691016413237872e-11,0
4581,-8.8402795233110952e-12,-2.4703045638878145e-05,-2.4696632368235703e-05,-6.4132706424420048e-09,2.6305483400875869e-11,0
4582,-2.7893727707162828e-11,3.1958353695843780e-06,3.1989684530123438e-06,-3.1330834279657944e-09,3.1184585308762760e-11,0
4583,-1.1290617311672787e-14,2.8511698620397302e-07,2.8503679817397432e-07,8.0188029998709207e-11,1.0857732269246890e-11,0
4584,1.3216050855722672e-11,-2.7610841982498007e-05,-2.7613284710991268e-05,2.4427284932613353e-09,2.3384419210101235e-11,0
4585,-2.9032258981338767e-11,-7.9165031232848846e-05,-7.9164753083577218e-05,-2.7814927162743419e-10,1.8751629965067475e-11,0
4586,8.4764812451534928e-11,-2.4408714039151876e-05,-2.4411213703603361e-05,2.4996644514846823e-09,2.2705490809890240e-11,0
4587,1.3227341472091757e-11,-2.7895944779423535e-05,-2.7896848196289221e-05,9.0341686568627222e-10,2.0863905579642777e-11,0
4588,-2.9020968363575374e-11,-7.9450077597897624e-05,-7.9448825973958814e-05,-1.2516239388096545e-09,9.5099280219612932e-12,0
4589,8.4776103069018189e-11,-2.4693775796464507e-05,-2.4695249629284095e-05,1.4738328195880771e-09,1.1058276195443012e-11,0
4590,-4.2248309907292695e-11,-5.1554175604712291e-05,-5.1551343470360513e-05,-2.8321343517788097e-09,3.5634358891479500e-11,0
4591,7.1548761604606579e-11,3.2021052337452213e-06,3.2006676521381431e-06,1.4375816070782060e-09,1.9952559751552249e-11,0
4592,1.1379707139778925e-10,5.4756308031611545e-05,5.4751605222852911e-05,4.7028087586342107e-09,2.0215465768816653e-11,0
4593,-1.7058091149027110e-10,-5.1574148332190692e-05,-5.1552915769984825e-05,-2.1232562205867190e-08,1.5989975330351224e-11,0
4595,4.9101940851171557e-11,-2.7600709956217533e-05,-2.7613091865168926e-05,1.2381908951392590e-08,3.0592160588306491e-11,0
4596,-1.1425001466032488e-10,-7.9185445587500770e-05,-7.9166042149959881e-05,-1.9403437540889672e-08,3.3101438713465978e-11,0
4597,4.9118514003851827e-11,-2.7885712873590733e-05,-2.7896645293153708e-05,1.0932419562975518e-08,4.0281333567681701e-11,0
4598,-1.1423344150405678e-10,-7.9470406513747899e-05,-7.9450117745179553e-05,-2.0288768568345935e-08,2.7477803548947137e-11,0
4599,-1.6335195548069997e-10,-5.1584726537347997e-05,-5.1552824874734812e-05,-3.1901662613184893e-08,4.0489599585332481e-11,0
4601,4.5278502723402015e-11,-2.7608261010574628e-05,-2.7613292471653892e-05,5.0314610792632705e-09,3.1818193578287385e-11,0
4602,-9.5423560650931513e-11,-7.9172658991662204e-05,-7.9165961476345269e-05,-6.6975153169350184e-09,3.7077516631270307e-11,0
4603,4.5293679230602365e-11,-2.7893533078389128e-05,-2.7896839720352689e-05,3.3066419635604204e-09,5.0295154295174029e-11,0
4604,-9.5408384143513285e-11,-7.9457658842768328e-05,-7.9450038806238706e-05,-7.6200365296217329e-09,2.9559339485919766e-11,0
4605,-1.4070206334704378e-10,-5.1564315846559447e-05,-5.1552543279724265e-05,-1.1772566835182370e-08,4.6089297117656103e-11,0
4608,1.1995440630346626e-10,-2.4425205053366008e-05,-2.4410210410387927e-05,-1.4994642978081340e-08,2.1073041754424345e-11,0
4609,3.6546636824426365e-12,-5.1535644239026832e-05,-5.1550764848148730e-05,1.5120609121897972e-08,6.8120723268162911e-11,0
4610,-2.4830588107152578e-10,8.7826388494270657e-06,8.7408816439889390e-06,4.1757205438126783e-08,4.6805234718474255e-11,0
4613,1.9610238550460057e-10,-2.4390071100550362e-05,-2.4409151761754188e-05,1.9080661203825348e-08,2.6330260837487815e-11,0
4615,1.9609827668360717e-10,-2.4674999979899803e-05,-2.4693170336517890e-05,1.8170356618086431e-08,2.4281005616266899e-11,0
4616,-1.3655257684724594e-10,-5.1606579654006265e-05,-5.1552482453331792e-05,-5.4097200674473750e-08,4.4837599751129324e-11,0
4617,-4.1953501193022635e-10,8.7553656407234753e-06,8.7391261589508048e-06,1.6239481772670563e-08,5.2034387585693711e-11,0
4618,4.4618059532050903e-10,-3.3191185365558096e-05,-3.3152964446854773e-05,-3.8220918703322560e-08,4.8996886850143222e-11,0
4620,2.6645583138750962e-11,-2.4435727094148513e-05,-2.4411039625731004e-05,-2.4687468417508275e-08,6.0172222203119693e-11,0
4621,4.4616922665153271e-10,-3.3476055035994157e-05,-3.3435723059888880e-05,-4.0331976105276255e-08,4.3405536593505854e-11,0
4622,2.6634214473373252e-11,-2.4720656860379234e-05,-2.4695053420881634e-05,-2.5603439497600197e-08,3.5569451717019302e-11,0
4623,-8.5063231918811104e-11,-5.1556740278055346e-05,-5.1551846648335805e-05,-4.8936297195411693e-09,1.3410454024209125e-11,0
4624,-1.4685870907115195e-10,-5.1561778912207618e-05,-5.1552602260665279e-05,-9.1766515423382104e-09,4.4751821435668789e-11,0
4625,6.3480400680018456e-11,3.2075673165482023e-06,3.2026995014244381e-06,4.8678151237641975e-09,3.7520235018005147e-11,0
4626,2.1033910995843000e-10,5.4769259378284127e-05,5.4754896594547492e-05,1.4362783736635346e-08,3.0474502706588607e-11,0
4628,6.8277126578688775e-11,-2.7609361252450317e-05,-2.7613876655779963e-05,4.5154033296463671e-09,3.2295880265934807e-11,0
4629,-2.5787214694964154e-11,-7.9166754411362787e-05,-7.9165955152500080e-05,-7.9925886270698979e-10,3.0692387332206010e-11,0
4630,1.0777674008769846e-10,-2.4405993878514991e-05,-2.4409798624661583e-05,3.8047461465925297e-09,3.8485812596820422e-11,0
4631,6.8284932564497479e-11,-2.7894564192758580e-05,-2.7897389049318769e-05,2.8248565601892177e-09,3.4611330986145187e-11,0
4632,-2.5779408712269255e-11,-7.9451787099480342e-05,-7.9450042259114509e-05,-1.7448403658330489e-09,2.4289598709056011e-11,0
4633,1.0778454607064280e-10,-2.4691178311069765e-05,-2.4693806004794539e-05,2.6276937247740779e-09,2.4103799963550958e-11,0
4634,-9.4064341162622533e-11,-5.1557369633547980e-05,-5.1551950995767346e-05,-5.4186377806346008e-09,4.9695126902851539e-11,0
4635,3.9499613503804390e-11,3.2033284617181816e-06,3.2026545179412661e-06,6.7394377691542916e-10,4.2757073893515974e-11,0
4636,1.3356395475932399e-10,5.4760740858156558e-05,5.4754200431874193e-05,6.5404262823649589e-09,3.9628366232250354e-11,0
4637,-8.4879889286720986e-10,5.5478659384956656e-06,5.5492874982786930e-06,-1.4215597830273918e-09,2.5273125660156692e-11,0
4638,-7.7175296096603725e-10,8.7480677799844702e-06,8.7355064732184690e-06,1.2561306766001250e-08,1.5938919578875186e-11,0
4639,7.7045931846613843e-11,3.2001343709781808e-06,3.2034247875763885e-06,-3.2904165982077003e-09,1.8580562538985998e-11,0
4640,-1.2573169960354742e-14,2.8509458034439297e-07,2.8503695167732452e-07,5.7628667068449582e-11,1.3376158080600285e-11,0
4641,-1.0644592592921877e-10,-7.9176652583268919e-05,-7.9167188238961984e-05,-9.4643443069350030e-09,1.2602450242764035e-11,0
4642,-1.0643335276231157e-10,-7.9461692198365755e-05,-7.9451278056742448e-05,-1.0414141623306438e-08,1.1883498729585650e-11,0
4644,-7.9492910879467556e-10,8.7595905658380963e-06,8.7353976284620562e-06,2.4192937376040085e-08,3.5097055905985831e-11,0
4645,1.1457901865327601e-11,3.1792441029586220e-06,3.2028247365039473e-06,-2.3580633545325340e-08,6.4976473169877776e-11,0
4647,-9.5399554073421045e-11,-7.9174185251026756e-05,-7.9167228856209465e-05,-6.9563948172911847e-09,2.5531049295901110e-11,0
4648,-9.5390026750159856e-11,-7.9459213830387031e-05,-7.9451320722904623e-05,-7.8931074824073336e-09,1.8891912855367956e-11,0
4649,-1.1192194977195568e-14,2.8507056912612119e-07,2.8503700557582327e-07,3.3563550297918538e-11,5.8747952242857518e-12,0
4650,-9.9059619435462007e-11,-7.9174703582118346e-05,-7.9167421580072565e-05,-7.2820020457809191e-09,1.6426641056641258e-11,0
4651,-9.9048427240600409e-11,-7.9459759385323327e-05,-7.9451515112903093e-05,-8.2442724202340736e-09,9.6782242368537413e-12,0
4652,-9.0667268620559886e-11,-7.9174673112482850e-05,-7.9167402591184168e-05,-7.2705212986824740e-09,4.5220050867397620e-11,0
4653,3.7294335090030021e-12,-7.9166181736416152e-05,-7.9166373663179507e-05,1.9192676335472343e-10,3.4816516847048936e-11,0
4654,-5.1731923012557657e-10,-4.6021609871866806e-05,-4.6010478353280863e-05,-1.1131518585942633e-08,4.1033966952319818e-11,0
4655,-5.3579333679948896e-10,8.7309458136185930e-06,8.7395894272436016e-06,-8.6436136250085986e-09,4.2521415911383032e-11,0
4656,5.5644829277137404e-10,-3.3140526534089845e-05,-3.3152389024301227e-05,1.1862490211382083e-08,6.5965962832087178e-11,0
4658,3.9129061910802432e-11,-7.9162143587604289e-05,-7.9166042036625341e-05,3.8984490210520117e-09,3.3661096676950670e-11,0
4659,2.0654955605509261e-11,-2.4409532676507480e-05,-2.4410062266110133e-05,5.2958960265368175e-10,4.3705819200146056e-11,0
4660,5.5645438430954941e-10,-3.3425633340796596e-05,-3.3435080661782288e-05,9.4473209856922287e-09,4.9795514981542370e-11,0
4661,3.9135153449527317e-11,-7.9447212389864227e-05,-7.9450139252813511e-05,2.9268629492832038e-09,2.7571857701532156e-11,0
4662,2.0661047144721203e-11,-2.4694492359909372e-05,-2.4694049318392206e-05,-4.4304151716590789e-10,2.7175086028286181e-11,0
4663,-1.8474106525779815e-11,5.4752721096359633e-05,5.4754008058690425e-05,-1.2869623307920131e-09,3.2806396263009890e-11,0
4664,-5.0874987176279495e-10,-4.6023034127101389e-05,-4.6010409371054553e-05,-1.2624756046835956e-08,3.5899476708366472e-11,0
4665,-4.8293983985165891e-10,8.7343306118346092e-06,8.7404942212123619e-06,-6.1636093777526195e-09,2.9932025735089981e-11,0
4666,5.3637931043641914e-10,-3.3141957439883005e-05,-3.3152740780683028e-05,1.0783340800023559e-08,4.8896346641543329e-11,0
4668,2.7629438032785912e-11,-7.9165039553944286e-05,-7.9166339156230356e-05,1.2996022860704793e-09,1.9733773744506592e-11,0
4669,5.3439470398637753e-11,-2.4407645587910549e-05,-2.4409517526274791e-05,1.8719383642423705e-09,2.1987412806758530e-11,0
4670,5.3638370462007690e-10,-3.3427034277321369e-05,-3.3435423406613252e-05,8.3891292918829492e-09,4.1718080707682511e-11,0
4671,2.7633832213713502e-11,-7.9450034119211803e-05,-7.9450438172677443e-05,4.0405346563964894e-10,2.1516091572452245e-11,0
4672,5.3443864578989121e-11,-2.4692733024867138e-05,-2.4693501010251639e-05,7.6798538450157609e-10,2.0501028091399024e-11,0
4673,2.5810032169008924e-11,5.4757338352130064e-05,5.4754847163800283e-05,2.4911883297806174e-09,1.8006226901210208e-11,0
4675,-5.5326101415177962e-10,8.7111769753629720e-06,8.7399399562168773e-06,-2.8762980853905360e-08,5.8118699211734637e-11,0
4678,3.1062702997271723e-11,-7.9162409466240237e-05,-7.9166485456054622e-05,4.0759898143846209e-09,3.6511964719898617e-11,0
4679,1.3983521488740224e-11,-2.4409703036720395e-05,-2.4409830144836112e-05,1.2710811571643309e-10,3.5332610939973232e-11,0
4681,3.1070767038998683e-11,-7.9447488652475105e-05,-7.9450586578213878e-05,3.0979257387728307e-09,2.3753791537456725e-11,0
4682,1.3991585529136775e-11,-2.4694703941062143e-05,-2.4693809245564987e-05,-8.9469549715602364e-10,2.2441969189765477e-11,0
4683,-1.7079181702316009e-11,5.4752668213571207e-05,5.4754677515915615e-05,-2.0093023444080552e-09,2.9767755739490751e-11,0
4684,-5.3518245477220861e-10,-4.6051197161651666e-05,-4.6010810194538068e-05,-4.0386967113598463e-08,8.0984829617912076e-11,0
4685,-5.2649981460170446e-10,8.7054884653006703e-06,8.7404976727231811e-06,-3.5009207422510757e-08,6.1303091627193251e-11,0
4688,2.3201769416863746e-11,-7.9164863123669382e-05,-7.9166721627028133e-05,1.8585033587504955e-09,1.8809763030811563e-11,0
4689,3.1884410135559202e-11,-2.4408207760476426e-05,-2.4409482995619373e-05,1.2752351429473402e-09,2.3151762301868512e-11,0
4691,2.3209179941040325e-11,-7.9449923786935502e-05,-7.9450824350950803e-05,9.0056401530101086e-10,1.7601257859396058e-11,0
4692,3.1891820661953556e-11,-2.4693329981115026e-05,-2.4693458889745456e-05,1.2890863043015627e-10,2.1732304619858514e-11,0
4693,8.6826405463275315e-12,5.4756543192105434e-05,5.4755258369183768e-05,1.2848229216655405e-09,2.7393695577905798e-11,0
4694,-4.9629970583636528e-10,-4.6017176508787380e-05,-4.6010390741979207e-05,-6.7857668081735276e-09,1.8483740930252643e-11,0
4695,-3.7676643854165736e-10,8.7459840532690993e-06,8.7427455298795154e-06,3.2385233895838145e-09,1.8423085703838551e-11,0
4696,4.9918112222291436e-10,-3.3149685095127876e-05,-3.3153587718550373e-05,3.9026234224974542e-09,2.8233009842896163e-11,0
4698,2.8814162776073786e-12,-7.9166825002370544e-05,-7.9167220605554911e-05,3.9560318436631780e-10,2.4433683531286879e-11,0
4699,1.2241468380421215e-10,-2.4403671975160076e-05,-2.4408143893237600e-05,4.4719180775243817e-09,2.3807593454759505e-11,0
4700,4.9918214425543650e-10,-3.3434754045075232e-05,-3.3436236926763564e-05,1.4828816883319601e-09,2.7356097012450062e-11,0
4701,2.8824383091249943e-12,-7.9451884427849447e-05,-7.9451326254988705e-05,-5.5817286074210867e-10,2.3420605279022711e-11,0
4702,1.2241570583863967e-10,-2.4688806933373560e-05,-2.4692114123172145e-05,3.3071897985853776e-09,2.1521832190616284e-11,0
4703,1.1953326741170212e-10,5.4763151050981697e-05,5.4757092043163758e-05,6.0590078179389409e-09,1.8090284342301669e-11,0
4705,-3.6547022233944677e-12,-7.9167483941313017e-05,-7.9167565243055496e-05,8.1301742478633900e-11,2.0446861225045842e-11,0
4706,5.3038893015222779e-11,-2.4406750260791898e-05,-2.4408754656756611e-05,2.0043959647130340e-09,1.3884449538677991e-11,0
4707,-3.6450602039593872e-12,-7.9452526003994956e-05,-7.9451673803918350e-05,-8.5220007660618668e-10,9.3546055439216649e-12,0
4708,5.3048535033850675e-11,-2.4691763265052586e-05,-2.4692718694902768e-05,9.5542985018186376e-10,1.0593918612759049e-11,0
4709,5.6693595153629012e-11,5.4760709442758498e-05,5.4756821246758710e-05,3.8881959997874322e-09,2.2824645950492192e-11,0
4711,3.1493166647664182e-12,-2.4411851052006869e-05,-2.4409204043105159e-05,-2.6470089017106575e-09,3.5216811110719498e-11,0
4712,3.1610615497920072e-12,-2.4696807305642741e-05,-2.4693163935714069e-05,-3.6433699286720375e-09,2.7012970484960391e-11,0
4713,-5.2180754638971772e-10,-4.6057528351829691e-05,-4.6010855841605222e-05,-4.6672510224469164e-08,5.8067000585082050e-11,0
4714,-4.9849674479970552e-10,8.7028380996168053e-06,8.7423230078628736e-06,-3.9484908246068256e-08,3.8286790727276355e-11,0
4715,5.4106808326141144e-10,-3.3109536338175177e-05,-3.3153514872103583e-05,4.3978533928405576e-08,6.4095423576467860e-11,0
4717,1.9260535905951589e-11,-7.9166950146426253e-05,-7.9167672984894506e-05,7.2283846825325383e-10,2.5114832222067303e-11,0
4718,4.2571338105202412e-11,-2.4406693260304018e-05,-2.4408528347225089e-05,1.8350869210705459e-09,2.6984770133907049e-11,0
4719,5.4107470840969116e-10,-3.3394496038584298e-05,-3.3436126154011184e-05,4.1630115426885789e-08,6.3776027017305884e-11,0
4720,1.9267161053011544e-11,-7.9451925345548798e-05,-7.9451786023607742e-05,-1.3932194105532349e-10,3.4192192396050186e-11,0
4721,4.2577963254083799e-11,-2.4691720172469265e-05,-2.4692483465152789e-05,7.6329268352455797e-10,3.1158679498617086e-11,0
4722,2.3310802051864081e-11,5.4760281506575914e-05,5.4757148424276848e-05,3.1330822990665403e-09,2.2880123911826502e-11,0
4723,-4.9087029818635302e-10,8.7536639132952329e-06,8.7427970343429327e-06,1.0866878952300185e-08,6.9668037826438193e-11,0
4726,-5.8206771625627609e-11,-2.4422762900567010e-05,-2.4409554368754542e-05,-1.3208531812468777e-08,4.3388167216338866e-11,0
4728,-5.8211860594133254e-11,-2.4707707381698904e-05,-2.4693504293613015e-05,-1.4203088085889127e-08,3.0822941608498164e-11,0
4729,1.0117803268249012e-10,-2.4434109944223258e-05,-2.4407450174740566e-05,-2.6659769482692059e-08,3.8606092059637236e-11,0
4733,1.8370873830781907e-10,-2.4367904536701148e-05,-2.4406355190140080e-05,3.8450653438931801e-08,2.9380054783436244e-11,0
4735,1.8370460607736838e-10,-2.4652943241730389e-05,-2.4690299329405909e-05,3.7356087675520110e-08,2.2363661722431081e-11,0
4736,-1.2679042434219883e-14,2.8511551073340397e-07,2.8503726708658159e-07,7.8243646822380565e-11,1.1112021164753383e-11,0
4737,-9.1605321134161252e-11,-7.9176449184039169e-05,-7.9169784050872445e-05,-6.6651331667239499e-09,2.0988081789199471e-11,0
4738,-9.1592642093051141e-11,-7.9461511681657403e-05,-7.9453905571926799e-05,-7.6061097306037891e-09,1.0245725880439085e-11,0
4739,-8.5827683699476504e-11,-7.9175425272501147e-05,-7.9169826995352109e-05,-5.5982771490379821e-09,9.8136807969739276e-12,0
4741,-8.6290058238821882e-11,-7.9179522141080774e-05,-7.9169958762352564e-05,-9.5633787282101189e-09,3.4573850446599300e-11,0
4742,-8.6273886707871064e-11,-7.9464410180020602e-05,-7.9454082979278385e-05,-1.0327200742216982e-08,2.1946502243917044e-11,0
4744,-6.6383050195030936e-11,-7.9174148287852915e-05,-7.9169855330141580e-05,-4.2929577113347489e-09,3.4872659849321951e-11,0
4745,-6.6368660103579079e-11,-7.9459168260990684e-05,-7.9453981178153617e-05,-5.1870828370666634e-09,2.8135056614231357e-11,0
4746,-4.0104325577935531e-11,-7.9171945733863894e-05,-7.9169708911287285e-05,-2.2368225766089024e-09,1.6638036122283755e-11,0
4748,-7.9695032981076242e-11,-7.9175594330735573e-05,-7.9170299437229856e-05,-5.2948935057165521e-09,2.6720388985742199e-11,0
4749,-7.9685301669651180e-11,-7.9460584098496947e-05,-7.9454428545397548e-05,-6.1555530993993813e-09,2.0583398961733322e-11,0
4750,-7.6834139746606939e-11,-7.9176262393250603e-05,-7.9170420225890993e-05,-5.8421673596097210e-09,3.0094129697833471e-11,0
4751,-4.1717555064139396e-10,-4.6010369447968286e-05,-4.6009972552997574e-05,-3.9689497071244929e-10,3.7954177498422825e-11,0
4752,-4.9763928471337661e-10,8.7433655186000547e-06,8.7451674960291536e-06,-1.8019774290988454e-09,3.1180149031831498e-11,0
4753,4.8363519336399050e-10,-3.3151078196788815e-05,-3.3155386977743541e-05,4.3087809547257602e-09,5.1337712934009953e-11,0
4755,6.6459642330799165e-11,-7.9161389558587113e-05,-7.9168820724564832e-05,7.4311659777195416e-09,3.5698519287136984e-11,0
4756,-1.4004091569803244e-11,-2.4407652100363018e-05,-2.4407647889378796e-05,-4.2109842224519536e-12,3.4731590543303936e-11,0
4757,4.8363868007895057e-10,-3.3436070416606109e-05,-3.3437898234987988e-05,1.8278183818793347e-09,4.0584741438944407e-11,0
4758,6.6463129042493418e-11,-7.9446495195815287e-05,-7.9452953514663302e-05,6.4583188480151410e-09,2.6260735871792343e-11,0
4759,-1.4000604856971102e-11,-2.4692737867618338e-05,-2.4691563284337503e-05,-1.1745832808345198e-09,2.6321984266952762e-11,0
4760,-8.0463734128791242e-11,5.4753746832380060e-05,5.4759146108597445e-05,-5.3992762173853972e-09,2.9765455607955731e-11,0
4761,-4.2838265373778619e-10,-4.6016916540045968e-05,-4.6010146718528590e-05,-6.7698215173772397e-09,3.2190298269188487e-11,0
4762,-4.5713893091426053e-10,8.7444785467141739e-06,8.7459228317989434e-06,-1.4442850847694934e-09,2.3099583259416414e-11,0
4763,4.8011859559839377e-10,-3.3149819387685853e-05,-3.3155536405452462e-05,5.7170177666097163e-09,4.2322823725773669e-11,0
4765,5.1735941372038229e-11,-7.9166791003967493e-05,-7.9169158787999704e-05,2.3677840322103294e-09,2.1528000964442322e-11,0
4766,2.2979664492866147e-11,-2.4405354577670089e-05,-2.4407050351225788e-05,1.6957735556986529e-09,2.2123649353775816e-11,0
4767,4.8012087423910671e-10,-3.3434937933831017e-05,-3.3438038566595725e-05,3.1006327647078937e-09,3.2941461680225942e-11,0
4768,5.1738220013412392e-11,-7.9451873810426274e-05,-7.9453293387822378e-05,1.4195773961038103e-09,1.6569441477173720e-11,0
4769,2.2981943134329910e-11,-2.4690393653341216e-05,-2.4690962140661392e-05,5.6848732017610016e-10,1.7507796015601399e-11,0
4770,-2.8756277100198070e-11,5.4761430360110788e-05,5.4760078931903911e-05,1.3514282068768793e-09,1.8244442392048431e-11,0
4772,4.4550293225929608e-12,-7.9170622294970263e-05,-7.9169916954271302e-05,-7.0534069896073005e-10,3.1446838802750837e-11,0
4773,7.0035179940449711e-11,-2.4403054280550856e-05,-2.4406310597626157e-05,3.2563170753015182e-09,3.0751328227689543e-11,0
4774,4.4609813644168738e-12,-7.9455683016222984e-05,-7.9454053535977153e-05,-1.6294802458304697e-09,2.4509767103115378e-11,0
4775,7.0041131979834518e-11,-2.4688144374246639e-05,-2.4690218253450129e-05,2.0738792034896670e-09,2.4659075858003021e-11,0
4776,6.5580150543321737e-11,5.4767535413491211e-05,5.4761573714234919e-05,5.9616992562923745e-09,2.5464276046510509e-11,0
4777,-4.5976826883355043e-10,-4.6016988457605549e-05,-4.6010621595070333e-05,-6.3668625352163188e-09,2.4351001565526729e-11,0
4778,-3.7722840494143425e-10,8.7514980622021427e-06,8.7475357889557703e-06,3.9622732463723742e-09,2.0613844398313320e-11,0
4779,4.7910124893030959e-10,-3.3152682019523157e-05,-3.3155809021384963e-05,3.1270018618060778e-09,3.5761399684920825e-11,0
4781,1.9332979934913230e-11,-7.9169656769504694e-05,-7.9169941707495987e-05,2.8493799129252016e-10,2.5724649719049709e-11,0
4782,1.0187284404569582e-10,-2.4401168418473462e-05,-2.4405730501842689e-05,4.5620833692272946e-09,2.3680921901601572e-11,0
4783,4.7910124660963629e-10,-3.3437781339921459e-05,-3.3438288904453692e-05,5.0756453223331152e-10,2.5393408446448959e-11,0
4784,1.9332977614131563e-11,-7.9454732146708347e-05,-7.9454080729713322e-05,-6.5141699502548230e-10,1.9018041329610083e-11,0
4785,1.0187284172493362e-10,-2.4686207019841699e-05,-2.4689633455653637e-05,3.4264358119379470e-09,1.9090806849386201e-11,0
4786,8.2539863977130840e-11,5.4768427011625943e-05,5.4762174898784856e-05,6.2521128410878129e-09,2.2823256796205911e-11,0
4788,-3.5013597242569706e-11,-7.9172787525896241e-05,-7.9170836796826387e-05,-1.9507290698544217e-09,2.6695770893341038e-11,0
4789,1.0421491411492501e-10,-2.4399494874042388e-05,-2.4405494033059739e-05,5.9991590173510934e-09,2.7939530413026013e-11,0
4790,-3.5003992839183164e-11,-7.9457749575214624e-05,-7.9454978300580521e-05,-2.7712746341023971e-09,2.1683504638009925e-11,0
4791,1.0422451851599640e-10,-2.4684529770618510e-05,-2.4689391625635540e-05,4.8618550170295553e-09,2.0998228630264232e-11,0
4792,1.3922851141603387e-10,5.4773249718113523e-05,5.4763302433182533e-05,9.9472849309905362e-09,2.2981800802782755e-11,0
4794,-4.9370755974026511e-10,8.7232345507004538e-06,8.7468907900677270e-06,-2.3656239367273119e-08,7.8145851506187785e-11,0
4799,4.9674790456497490e-10,-3.3413749280626626e-05,-3.3438367821110932e-05,2.4618540484305979e-08,7.0766957306004158e-11,0
4800,4.2250755858808580e-11,-7.9452892899203181e-05,-7.9454283385315568e-05,1.3904861123869823e-09,2.3150527375116426e-11,0
4801,3.0403443876468541e-12,-2.4690482316892109e-05,-2.4690399550098752e-05,-8.2766793357911660e-11,2.3679229407878527e-11,0
4802,-3.9210411648608892e-11,5.4762366143738458e-05,5.4761586526185658e-05,7.7961755280008980e-10,3.3434194492385165e-11,0
4803,-4.4530207660716912e-10,-4.6030959778697346e-05,-4.6010594283041121e-05,-2.0365495656224938e-08,3.9405452031789941e-11,0
4804,-4.7505078941440931e-10,8.7332708931207870e-06,8.7473957069477636e-06,-1.4124813826976596e-08,3.2106733560805250e-11,0
4809,4.8801590793115151e-10,-3.3422810993376587e-05,-3.3438578876195318e-05,1.5767882818731123e-08,3.3719984551402640e-11,0
4810,4.2713830505326046e-11,-7.9453758048183415e-05,-7.9454447737374739e-05,6.8968919132359179e-10,1.7902722141951749e-11,0
4811,1.2965118152121911e-11,-2.4689629880341509e-05,-2.4690120504684165e-05,4.9062434265628664e-10,1.9052900724911868e-11,0
4812,-2.9748712533425481e-11,5.4764132218290684e-05,5.4762021165059602e-05,2.1110532310821472e-09,2.8816863133171858e-11,0
4813,-4.1680803204213972e-10,-4.6020867298577055e-05,-4.6010286320474032e-05,-1.0580978103023539e-08,3.5374285794518095e-11,0
4814,-4.8529387215237003e-10,8.7394133627526766e-06,8.7475657863686966e-06,-8.1524236160200418e-09,3.0009894851652149e-11,0
4819,4.7407353328859343e-10,-3.3430135009787296e-05,-3.3438861445326924e-05,8.7264355396284759e-09,2.9025470594347098e-11,0
4820,5.7265500599654943e-11,-7.9451026887313037e-05,-7.9454451438855701e-05,3.4245515426639976e-09,1.1610497352860360e-11,0
4821,-1.1220339212793510e-11,-2.4690793227181811e-05,-2.4690248886159152e-05,-5.4434102265903225e-10,1.2617634985175916e-11,0
4822,-6.8485840011739816e-11,5.4760268372873455e-05,5.4761887090760745e-05,-1.6187178872900296e-09,2.7239861295574573e-11,0
4826,1.4409197917641875e-11,-7.9455798734734580e-05,-7.9455181985854965e-05,-6.1674887961472857e-10,2.3650880720600582e-11,0
4827,2.3208986016950636e-11,-2.4689008358992799e-05,-2.4689637262911254e-05,6.2890391845472969e-10,2.2398979685658883e-11,0
4828,8.7997880064553547e-12,5.4766774187021278e-05,5.4763218736562721e-05,3.5554504585567697e-09,4.0748610623979702e-11,0
4832,-6.9877963082562683e-11,-7.9461860891695026e-05,-7.9456471994211476e-05,-5.3888974835497681e-09,7.2063553923194339e-12,0
4833,-1.3419760401686869e-14,2.8508209281740212e-07,2.8503760159543552e-07,4.4491221966603062e-11,7.6256774872228493e-12,0
4834,-5.5789274625211829e-11,-7.9176219155081481e-05,-7.9172358217534825e-05,-3.8609375466565820e-09,1.0270670463232015e-11,0
4835,-5.5775854864292056e-11,-7.9461235148632625e-05,-7.9456514126403607e-05,-4.7210222290186045e-09,6.7238768312153382e-12,0
4836,-1.5373035580790635e-14,2.8498571361252444e-07,2.8503759476843721e-07,-5.1881155912770135e-11,2.5890776628345250e-11,0
4837,-6.4276988632877751e-11,-7.9179310984304682e-05,-7.9172612931078661e-05,-6.6980532260213239e-09,4.3104181583406494e-11,0
4838,-6.4261615597631712e-11,-7.9464274200185571e-05,-7.9456770533487946e-05,-7.5036666976246915e-09,2.1413105263237395e-11,0
4839,-1.3421867920561652e-14,2.8504731624100346e-07,2.8503764283913753e-07,9.6734018659307375e-12,2.5501567609963190e-11,0
4840,-8.3464751145571843e-11,-7.9180195939094686e-05,-7.9173060040221651e-05,-7.1358988730350513e-09,2.8908131900841871e-11,0
4841,-8.3451329279880093e-11,-7.9465210751375470e-05,-7.9457220080407317e-05,-7.9906709681535791e-09,1.8767239540646291e-11,0
4842,-1.3719855996694444e-14,2.8511742484200086e-07,2.8503765479151950e-07,7.9770050481361255e-11,2.6637440875812428e-11,0
4843,-9.2781670197633982e-11,-7.9182966705113218e-05,-7.9173311377450133e-05,-9.6553276630856983e-09,3.2301350474886553e-11,0
4844,-9.2767950344771425e-11,-7.9467942713764422e-05,-7.9457472976769412e-05,-1.0469736995010089e-08,2.1966212283757560e-11,0
4845,-6.9609738514471661e-11,-7.9197545387469162e-05,-7.9173226155136741e-05,-2.4319232332420848e-08,2.0293400914578626e-11,0
4847,-4.7469283398791004e-10,8.7476674926843107e-06,8.7502029193481735e-06,-2.5354266638628659e-09,5.3170794924851729e-11,0
4850,8.1623088913457667e-11,-7.9155047780127968e-05,-7.9171531882896631e-05,1.6484102768662815e-08,3.0268047709809370e-11,0
4851,-5.0255430626539639e-11,-2.4407170890395312e-05,-2.4405450884009671e-05,-1.7200063856408264e-09,2.8454838365817621e-11,0
4853,8.1626149622333535e-11,-7.9440128827105300e-05,-7.9455697744440897e-05,1.5568917335597116e-08,2.5356055341856765e-11,0
4854,-5.0252369919342419e-11,-2.4692262592560313e-05,-2.4689299588487204e-05,-2.9630040731089616e-09,2.3947375163626040e-11,0
4855,-1.3187851974211115e-10,5.4747900234870112e-05,5.4764003089647373e-05,-1.6102854777261277e-08,2.3146566523635805e-11,0
4856,-3.4271929710555934e-10,-4.6012081136268933e-05,-4.6009777438382429e-05,-2.3036978865048196e-09,2.8843615658001298e-11,0
4857,-4.2145066222021891e-10,8.7523869299055423e-06,8.7511792195458486e-06,1.2077103596937059e-09,2.1067890644290648e-11,0
4858,4.1645834634146149e-10,-3.3155603738555667e-05,-3.3158301985420228e-05,2.6982468645612165e-09,4.0918519423911702e-11,0
4860,7.3739048958683294e-11,-7.9167640986518850e-05,-7.9171825281263905e-05,4.1842947450551442e-09,2.2372278002387621e-11,0
4861,-4.9923160078565925e-12,-2.4403207497728733e-05,-2.4404715829835642e-05,1.5083321069091660e-09,2.3033856780136111e-11,0
4862,4.1645841260684034e-10,-3.3440610452707513e-05,-3.3440634050581168e-05,2.3597873655134549e-11,2.5516215408594532e-11,0
4863,7.3739115224180249e-11,-7.9452711460878747e-05,-7.9455993423189648e-05,3.2819623109009389e-09,1.5693066235677407e-11,0
4864,-4.9922497418300414e-12,-2.4688266646722204e-05,-2.4688560045635465e-05,2.9339891326139711e-10,1.6127120111726602e-11,0
4865,-7.8731365201643009e-11,5.4764405608802302e-05,5.4765028069336414e-05,-6.2246053411207491e-10,1.8637870056290602e-11,0
4866,-4.6094105547672260e-10,-4.6060371837330569e-05,-4.6011269719786894e-05,-4.9102117543674913e-08,7.0113907725752350e-11,0
4867,-4.4286486528998840e-10,8.7119667869853257e-06,8.7512032323839296e-06,-3.9236445398603906e-08,5.8755094014562189e-11,0
4868,4.8644243476320809e-10,-3.3112722416062806e-05,-3.3157560814737763e-05,4.4838398674956227e-08,9.0283397377938034e-11,0
4870,2.5501378432430275e-11,-7.9173078099106266e-05,-7.9172592483846388e-05,-4.8561525987759774e-10,3.0830257923854611e-11,0
4871,4.3577569268816870e-11,-2.4400761148290497e-05,-2.4403959954231201e-05,3.1988059407038146e-09,3.6813641523220839e-11,0
4872,4.8644677974946761e-10,-3.3397633152909556e-05,-3.3439882695372818e-05,4.2249542463262361e-08,6.7575205976152227e-11,0
4873,2.5505723422953516e-11,-7.9458121247480938e-05,-7.9456762569276191e-05,-1.3586782047472681e-09,2.6395602058836421e-11,0
4874,4.3581914260116617e-11,-2.4685900828168988e-05,-2.4687800091406603e-05,1.8992632376142455e-09,2.5107421070047078e-11,0
4875,1.8076190729266857e-11,5.4772247673506511e-05,5.4766548057884269e-05,5.6996156222411873e-09,3.6594417540345011e-11,0
4876,-1.1269006220361588e-14,2.8511272390043892e-07,2.8503779030037217e-07,7.4933600066754487e-11,2.0371485325250445e-11,0
4877,-2.3084531420836907e-11,-7.9175361403729331e-05,-7.9173380232035808e-05,-1.9811716935231889e-09,3.9851323923077462e-11,0
4878,6.6066976793701224e-11,-2.4398525179803853e-05,-2.4403509480974888e-05,4.9843011710350832e-09,3.6678383382670948e-11,0
4879,-2.3073262418844991e-11,-7.9460440702940017e-05,-7.9457552414166895e-05,-2.8882887731219954e-09,1.7387174746107068e-11,0
4880,6.6078245795420439e-11,-2.4683604566090502e-05,-2.4687345132525081e-05,3.7405664345783476e-09,1.6682657347069834e-11,0
4881,8.9151508274297914e-11,5.4776865816039827e-05,5.4767782902283007e-05,9.0829137568194961e-09,3.4880498080943193e-11,0
4882,-7.5945600697577666e-12,-7.9174655329565405e-05,-7.9173310699024393e-05,-1.3446305410124348e-09,1.0839578261594911e-11,0
4883,3.7554043127072290e-11,-2.4400806017069708e-05,-2.4403749550350654e-05,2.9435332809462733e-09,1.0365877570899711e-11,0
4884,4.5148603208053374e-11,5.4773879785723913e-05,5.4767471168282700e-05,6.4086174412134023e-09,8.0184526841010623e-12,0
4885,-4.0864803167964270e-10,-4.6016747406656924e-05,-4.6010737915584195e-05,-6.0094910727290468e-09,2.5593350919433757e-11,0
4886,-3.6767403958157042e-10,8.7576080029705319e-06,8.7529050511774876e-06,4.7029517930442783e-09,2.4758569608358571e-11,0
4887,4.4640305599265633e-10,-3.3155895595127563e-05,-3.3158373028553898e-05,2.4774334263347230e-09,3.9343186047956585e-11,0
4889,3.7755024118830276e-11,-7.9172574754031878e-05,-7.9172916553519042e-05,3.4179948716457024e-10,2.8004996741944037e-11,0
4890,7.8729016406200323e-11,-2.4398263880224657e-05,-2.4403095603284763e-05,4.8317230601058029e-09,2.3914820181210013e-11,0
4891,4.4640167316858919e-10,-3.3440845603587184e-05,-3.3440667489630007e-05,-1.7811395717701184e-10,2.8596835363000908e-11,0
4893,7.8727633585203820e-11,-2.4683218668667111e-05,-2.4686924887300729e-05,3.7062186336178778e-09,2.5045767596236593e-11,0
4894,4.0973992142042168e-11,5.4774323382764199e-05,5.4767728095757011e-05,6.5952870071875206e-09,2.5751332680422088e-11,0
4896,-5.4527823375478969e-11,-7.9178630014508505e-05,-7.9174273390031531e-05,-4.3566244769741025e-09,2.4625205293574330e-11,0
4897,1.6585495408636063e-10,-2.4356662133569879e-05,-2.4401821793410054e-05,4.5159659840175682e-08,4.7076456414656397e-11,0
4898,-5.4520121183661065e-11,-7.9463678010910539e-05,-7.9458451402933462e-05,-5.2266079770770966e-09,1.8976024658231994e-11,0
4899,1.6586265627866802e-10,-2.4641651722036306e-05,-2.4685645816226785e-05,4.3994094190478956e-08,2.1442389381282191e-11,0
4900,2.2038277755061100e-10,5.4822028179149496e-05,5.4770354790281165e-05,5.1673388868331055e-08,4.0710710860693942e-11,0
4904,1.5459536129787454e-11,-7.9169480241586218e-05,-7.9173609259691752e-05,4.1290181055340675e-09,3.9186207707621372e-11,0
4906,1.5454758467465280e-11,-7.9454457615997574e-05,-7.9457789653972102e-05,3.3320379745280237e-09,2.0163877978710207e-11,0
4907,-5.7578688058646143e-10,-4.6003022523051322e-05,-4.6012913092299320e-05,9.8905692479982145e-09,6.1498478831666925e-11,0
4909,-3.3991254450467094e-11,-7.9190168496652644e-05,-7.9174326279535357e-05,-1.5842217117287868e-08,5.2621476248731964e-11,0
4912,-2.8901953557877182e-12,-7.9176527248189365e-05,-7.9174911080277083e-05,-1.6161679122815922e-09,2.8842408127570923e-11,0
4913,6.4149551442455315e-11,-2.4397356860525292e-05,-2.4401910902312562e-05,4.5540417872700798e-09,3.3105728860261179e-11,0
4914,-2.8825047240648503e-12,-7.9461560514237310e-05,-7.9459103607176657e-05,-2.4569070606526812e-09,2.3612661776486468e-11,0
4915,6.4157242071055860e-11,-2.4682449692167881e-05,-2.4685705650316725e-05,3.2559581488441692e-09,2.1995488606469310e-11,0
4916,6.7039746815497259e-11,5.4779164695538049e-05,5.4770880905864352e-05,8.2837896736969179e-09,3.0918403703211988e-11,0
4917,-1.0269359818467821e-14,2.8511161210503930e-07,2.8503802592525220e-07,7.3586179787095594e-11,4.6731500412430114e-12,0
4918,-4.5791964425000120e-11,-7.9179131181878262e-05,-7.9175618187218375e-05,-3.5129946598873351e-09,1.5101312878154490e-11,0
4919,-4.5781695066671241e-11,-7.9464233023110800e-05,-7.9459812740388877e-05,-4.4202827219227926e-09,7.0990582422724166e-12,0
4920,-4.8369119019183946e-11,-7.9179562885026318e-05,-7.9175754228503288e-05,-3.8086565230300608e-09,1.4776003433091699e-11,0
4922,-3.6123934998563449e-11,-7.9180287513800404e-05,-7.9175725893620210e-05,-4.5616201801935898e-09,5.6805627529395881e-11,0
4923,6.6454568448270901e-11,-2.4391330782204922e-05,-2.4401511687152165e-05,1.0180904947243403e-08,5.2246636055676852e-11,0
4924,-3.6110025936567416e-11,-7.9465402915679904e-05,-7.9459922986122589e-05,-5.4799295573152015e-09,2.3924695685810366e-11,0
4925,6.6468477510890590e-11,-2.4676339700283045e-05,-2.4685296995809112e-05,8.9572955260667825e-09,2.1388854916968846e-11,0
4926,1.0257850357510460e-10,5.4789073853523523e-05,5.4772087749158481e-05,1.6986104365041975e-08,3.5090819042723555e-11,0
4927,-2.6772795838624614e-11,-7.9178631042016012e-05,-7.9175727671134991e-05,-2.9033708810207283e-09,1.0136220812549339e-11,0
4928,6.9080655029417249e-11,-2.4394223134449784e-05,-2.4401373113622080e-05,7.1499791722954328e-09,1.0367454787235052e-11,0
4929,9.5853450968014211e-11,5.4784398346147296e-05,5.4772226040442593e-05,1.2172305704703757e-08,9.0154419224891883e-12,0
4930,-2.5350190646039353e-10,-4.6006621659644246e-05,-4.6009336787366115e-05,2.7151277218689191e-09,2.7161259100789246e-11,0
4931,-3.7767424897128041e-10,8.7592583652082445e-06,8.7563391682739721e-06,2.9191969342724414e-09,1.9076751694678620e-11,0
4932,3.4717746727485904e-10,-3.3160625861573085e-05,-3.3161055978556517e-05,4.3011698343194170e-10,3.3459765820922662e-11,0
4934,9.3675560783703562e-11,-7.9167285196562326e-05,-7.9174397839437715e-05,7.1126428753892981e-09,2.2593942755201179e-11,0
4935,-3.0496781713347255e-11,-2.4401364883057212e-05,-2.4402459811046637e-05,1.0949279894249006e-09,2.1290207218075452e-11,0
4936,3.4717526369710294e-10,-3.3445725938077611e-05,-3.3443224860184554e-05,-2.5010778930564478e-09,2.2353177539747138e-11,0
4937,9.3673357206111337e-11,-7.9452390859625736e-05,-7.9458598162531101e-05,6.2073029053643551e-09,1.5021399614840432e-11,0
4938,-3.0498985289186504e-11,-2.4686502953554998e-05,-2.4686239200393915e-05,-2.6375316108272944e-10,1.4875276827331222e-11,0
4939,-1.2417234273066085e-10,5.4765939375389996e-05,5.4769806876739377e-05,-3.8675013493805850e-09,1.8447535914984151e-11,0
4941,-4.2104059345831178e-10,8.7384905721847594e-06,8.7561003069631332e-06,-1.7609734778373725e-08,6.3627571075866865e-11,0
4942,4.3919446705289333e-10,-3.3137031200945397e-05,-3.3160047016376762e-05,2.3015815431364991e-08,9.9941075630662338e-11,0
4944,4.5611705434226453e-11,-7.9175385494931454e-05,-7.9175166975171225e-05,-2.1851976022939368e-10,3.6579674456918412e-11,0
4945,1.8153873312061822e-11,-2.4398810815391735e-05,-2.4401699234559304e-05,2.8884191675694051e-09,3.2412172720741979e-11,0
4946,4.3919704082567606e-10,-3.3422263854887557e-05,-3.3442205471728664e-05,1.9941616841106884e-08,6.1064515664010069e-11,0
4947,4.5614279202662882e-11,-7.9460474029211230e-05,-7.9459369282065768e-05,-1.1047471454620709e-09,2.0280130892495576e-11,0
4948,1.8156447083297468e-11,-2.4683808361051823e-05,-2.4685474445529730e-05,1.6660844779067059e-09,1.8867644404312738e-11,0
4949,-2.7457832256508721e-11,5.4776661398296678e-05,5.4771333427468708e-05,5.3279708279698390e-09,2.8665292366920317e-11,0
4951,-4.3160601058327610e-10,8.7138138944280186e-06,8.7561885724506763e-06,-4.2374678022657765e-08,7.0942817024329831e-11,0
4954,3.9225530969121007e-11,-7.9175892792998723e-05,-7.9175378258758354e-05,-5.1453424036913570e-10,2.8269294472477817e-11,0
4955,2.0591513910327991e-11,-2.4398589221425861e-05,-2.4401548138447106e-05,2.9589170212450258e-09,2.3470165239941643e-11,0
4957,3.9229106267140561e-11,-7.9461010649377068e-05,-7.9459582069728218e-05,-1.4285796488502272e-09,2.0829115641329434e-11,0
4958,2.0595089210735839e-11,-2.4683578349364243e-05,-2.4685320278542546e-05,1.7419291783032649e-09,1.8640879204306516e-11,0
4959,-1.8634017173876250e-11,5.4777352769658748e-05,5.4771693459999413e-05,5.6593096593349928e-09,2.1849687300744419e-11,0
4961,1.5986863985265332e-11,-7.9176632576335852e-05,-7.9175865617824435e-05,-7.6695851141631455e-10,1.4502124384259595e-11,0
4962,7.8791262099478526e-12,-2.4399368628083822e-05,-2.4401520012519203e-05,2.1513844353804345e-09,1.6615133132137309e-11,0
4963,1.5996123581335928e-11,-7.9461693314982428e-05,-7.9460071664503394e-05,-1.6216504790340707e-09,7.6917186443465144e-12,0
4964,7.8883858005153223e-12,-2.4684455905516324e-05,-2.4685287432532015e-05,8.3152701569019533e-10,7.3096439443048580e-12,0
4965,-8.1077378111706374e-12,5.4777261722545757e-05,5.4772205376339697e-05,5.0563462060593993e-09,1.3527298163181724e-11,0
4966,4.0161634622865040e-10,-3.3139523090912337e-05,-3.3160809774197093e-05,2.1286683284755734e-08,4.6364292719088894e-11,0
4967,-2.7131975884572298e-10,-4.6010095442093873e-05,-4.6009723534189741e-05,-3.7190790413131093e-10,5.6313919373411395e-11,0
4968,-4.1240113335010217e-10,8.7540822518612782e-06,8.7570983974514885e-06,-3.0161455902102567e-09,3.8344501496020994e-11,0
4969,3.5835760750612526e-10,-3.3156395216511758e-05,-3.3161406889635588e-05,5.0116731238297025e-09,6.9016256099223528e-11,0
4971,8.7037848336209501e-11,-7.9166466203931668e-05,-7.9175201985389392e-05,8.7357814577244345e-09,3.3185056711437197e-11,0
4972,-5.4043526041082637e-11,-2.4402137298818773e-05,-2.4402089951235602e-05,-4.7347583170234860e-11,3.1613019564598873e-11,0
4973,3.5835864329811182e-10,-3.3441145781703922e-05,-3.3443533868312485e-05,2.3880866085622052e-09,5.6669143152952254e-11,0
4974,8.7038884128289270e-11,-7.9451427183413990e-05,-7.9459410515919231e-05,7.9833325052406073e-09,3.3019752331261904e-11,0
4975,-5.4042490251667560e-11,-2.4687239498649011e-05,-2.4685852665891589e-05,-1.3868327574212923e-09,3.0479345950767746e-11,0
4976,-1.4108137456879441e-10,5.4764246226576135e-05,5.4770968116778163e-05,-6.7218902020273869e-09,3.1709967109784361e-11,0
4977,-3.4854633590197057e-10,-4.6016622173051585e-05,-4.6010730718508144e-05,-5.8914545434410283e-09,3.0184046551701469e-11,0
4978,-3.4832321691167555e-10,8.7635174495514796e-06,8.7583011756023355e-06,5.2162739491440623e-09,2.6013099419535445e-11,0
4979,4.0429987092347310e-10,-3.3158932770442628e-05,-3.3161014049360772e-05,2.0812789181434872e-09,4.0494608510383587e-11,0
4981,5.5753534831584037e-11,-7.9175541054472831e-05,-7.9175839656381587e-05,2.9860190875637387e-10,2.8937225195034955e-11,0
4982,5.5976653975345098e-11,-2.4395439243510026e-05,-2.4400507825677255e-05,5.0685821672287847e-09,2.1202998356926270e-11,0
4983,4.0429690716487477e-10,-3.3443994808635396e-05,-3.3443126389692127e-05,-8.6841894326929615e-10,2.4844501687823962e-11,0
4984,5.5750571066551005e-11,-7.9460613203478393e-05,-7.9460051129508682e-05,-5.6207396971084869e-10,2.2024300138826772e-11,0
4985,5.5973690210379203e-11,-2.4680470794041353e-05,-2.4684264753178327e-05,3.7939591369741984e-09,2.1657518445563779e-11,0
4986,2.2311899133028023e-13,5.4780152122642432e-05,5.4773183434547797e-05,6.9686880946356238e-09,2.3675100161261799e-11,0
4988,-3.4825027287696935e-11,-7.9181023679774504e-05,-7.9177175566192990e-05,-3.8481135815137497e-09,4.2228727084312763e-11,0
4989,1.4158017841444784e-10,-2.4375187819482280e-05,-2.4399252709319058e-05,2.4064889836778255e-08,4.1470492476576646e-11,0
4990,-3.4817976767828113e-11,-7.9466161816416862e-05,-7.9461389469432945e-05,-4.7723469839166437e-09,1.9965549127775894e-11,0
4991,1.4158722893164541e-10,-2.4660255809955817e-05,-2.4683004364210522e-05,2.2748554254704883e-08,1.9714711867221429e-11,0
4992,1.7640520580117207e-10,5.4805830618160842e-05,5.4775770508854578e-05,3.0060109306263361e-08,3.5436750746259996e-11,0
4994,-3.0677638685211211e-10,-4.6026686699144823e-05,-4.6010334743494678e-05,-1.6351955650145071e-08,2.4410548914937075e-11,0
4995,-4.2429015883271992e-10,8.7444741377375179e-06,8.7581936612137166e-06,-1.3719523476198703e-08,1.5966954552070571e-11,0
4996,3.8000583379478918e-10,-3.3145067287732727e-05,-3.3161652162676432e-05,1.6584874943704770e-08,3.5127163347912776e-11,0
4998,7.3229446284317323e-11,-7.9171779352009419e-05,-7.9176128074360893e-05,4.3487223514733888e-09,1.1645411603688412e-11,0
4999,-4.4284325410856620e-11,-2.4400609221414578e-05,-2.4401280222661108e-05,6.7100124652978320e-10,1.3251194747967038e-11,0
5000,3.8000849151307739e-10,-3.3430192129072292e-05,-3.3443735294699000e-05,1.3543165626708395e-08,2.2355629627988717e-11,0
5001,7.3232104002253694e-11,-7.9456844702580770e-05,-7.9460345219017396e-05,3.5005164366258079e-09,8.3308026026423137e-12,0
5002,-4.4281667692932592e-11,-2.4685703833242541e-05,-2.4685025502236775e-05,-6.7833100576586989e-10,9.2258189330409058e-12,0
5003,-1.1751377186669803e-10,5.4771171241769362e-05,5.4772690569832380e-05,-1.5193280630181136e-09,1.2164535321060766e-11,0
5004,-2.4571515941517519e-10,-4.6010909433394885e-05,-4.6009625001901503e-05,-1.2844314933817117e-09,2.8788941083631379e-11,0
5005,-3.8532923955054007e-10,8.7581282333364791e-06,8.7589545635032095e-06,-8.2633016673045790e-10,2.3348112811900927e-11,0
5006,3.3672093482481496e-10,-3.3158602641472461e-05,-3.3162299975472304e-05,3.6973339998427998e-09,3.7450630613713523e-11,0
5008,9.1005775143479662e-11,-7.9169491462754635e-05,-7.9176081987926053e-05,6.5905251714186170e-09,3.2391289250789463e-11,0
5009,-4.8608304881094530e-11,-2.4400462600655641e-05,-2.4401176296771231e-05,7.1369611558989919e-10,3.1093002595168807e-11,0
5010,3.3672042137552346e-10,-3.3443665328064098e-05,-3.3444373171530285e-05,7.0784346618705044e-10,2.1797826322383689e-11,0
5011,9.1005261694504877e-11,-7.9454615924317261e-05,-7.9460301136616512e-05,5.6852122992515942e-09,1.6950297878790857e-11,0
5012,-4.8608818330784160e-11,-2.4685506498073502e-05,-2.4684917651618704e-05,-5.8884645479827724e-10,1.6411213238607809e-11,0
5013,-1.3961408022313370e-10,5.4769046248423145e-05,5.4772745367547872e-05,-3.6991191247268129e-09,2.7971363977996637e-11,0
5014,-1.9442339087038787e-10,-4.5991065554843238e-05,-4.6009032697207198e-05,1.7967142363960003e-08,2.8711264175925877e-11,0
5015,-3.7587486887346298e-10,8.7607024186406313e-06,8.7593353630105979e-06,1.3670556300334055e-09,2.5881753766993526e-11,0
5016,3.0123813494364346e-10,-3.3163502923607823e-05,-3.3162844659857843e-05,-6.5826374997965354e-10,3.8225187432048765e-11,0
5018,1.0681474415009865e-10,-7.9154516063627278e-05,-7.9176049212035978e-05,2.1533148408700272e-08,2.2353673894497511e-11,0
5019,-7.4636733880426547e-11,-2.4402821174270700e-05,-2.4401348768018235e-05,-1.4724062524649117e-09,2.1559522167993102e-11,0
5020,3.0123679139824786e-10,-3.3448548402500219e-05,-3.3444908519545870e-05,-3.6398829543485213e-09,2.3099520662323934e-11,0
5021,1.0681340060224658e-10,-7.9439594943873405e-05,-7.9460270212229167e-05,2.0675268355761604e-08,1.3743016777956503e-11,0
5022,-7.4638077427871704e-11,-2.4687895926670325e-05,-2.4685086419071597e-05,-2.8095075987278543e-09,1.3064840717240435e-11,0
5023,-1.8145147821755452e-10,5.4751762491587683e-05,5.4772537270277330e-05,-2.0774778689647093e-08,2.2896853698659689e-11,0
5024,-3.4344204230603918e-10,8.7649101669809264e-06,8.7600049853985626e-06,4.9051815823637367e-09,2.8251322155439047e-11,0
5025,2.5046542574981896e-10,-3.3171006082452492e-05,-3.3163579834864057e-05,-7.4262475884356405e-09,4.4754879404455660e-11,0
5027,-9.2976616154367060e-11,-2.4406098264670092e-05,-2.4401423123466666e-05,-4.6751412034264658e-09,3.7421034878930467e-11,0
5028,2.5046146493777838e-10,-3.3455968018822162e-05,-3.3445634144498939e-05,-1.0333874323223099e-08,3.1048036236409947e-11,0
5029,-9.2980576967787624e-11,-2.4691014950088339e-05,-2.4685156999040411e-05,-5.8579510479275126e-09,2.6355851354184055e-11,0
5032,-1.1253595681810193e-10,-2.4419716044965858e-05,-2.4401501325123340e-05,-1.8214719842518071e-08,3.1865888212558638e-11,0
5033,-3.3303459791673353e-10,8.7648965639958686e-06,8.7608868683411091e-06,4.0096956547594324e-09,2.6440645851354603e-11,0
5034,2.8197905854101061e-10,-3.3164900808532825e-05,-3.3163503383219989e-05,-1.3974253128355013e-09,5.5566344452685212e-11,0
5035,-5.1055539263247922e-11,-2.4400011516843845e-05,-2.4400489249218839e-05,4.7773237499455518e-10,2.4381259396248585e-11,0
5040,2.3437276868457888e-11,-7.9179808351561762e-05,-7.9177901388110695e-05,-1.9069634510669514e-09,5.5772044523572727e-11,0
5041,7.0358275218637532e-11,-2.4392920467282073e-05,-2.4398812968519478e-05,5.8925012374055755e-09,7.7766899382226325e-11,0
5043,2.3439426407913479e-11,-7.9464929411014035e-05,-7.9462131799534075e-05,-2.7976114799603286e-09,3.6129026475612001e-11,0
5044,7.0360424756604092e-11,-2.4677905004383792e-05,-2.4682531507388268e-05,4.6265030044757513e-09,4.8717067547729851e-11,0
5045,4.6920998330502701e-11,5.4786852289214275e-05,5.4776910611973608e-05,9.9416772406666146e-09,3.7888967959623308e-11,0
5046,-1.5531257717625904e-10,-4.5998463128579109e-05,-4.6008814332669504e-05,1.0351204090394890e-08,2.9247811767709072e-11,0
5047,-3.2314243569772697e-10,8.7660606824537489e-06,8.7618313823988952e-06,4.2293000548537286e-09,2.2346310175986044e-11,0
5048,2.6806494812221872e-10,-3.3165736553577175e-05,-3.3164013126819886e-05,-1.7234267572893616e-09,3.6150122332204702e-11,0
5050,1.1275237119123655e-10,-7.9164221193424311e-05,-7.9177102975932378e-05,1.2881782508066984e-08,2.3402856259873894e-11,0
5051,-5.5077487430704456e-11,-2.4399734533010406e-05,-2.4400081175881613e-05,3.4664287120665356e-10,2.3213826281969287e-11,0
5052,2.6806027939172814e-10,-3.3450864227287363e-05,-3.3446011758484334e-05,-4.8524688030284206e-09,2.4365391062755124e-11,0
5053,1.1274770246150654e-10,-7.9449292860661602e-05,-7.9461336875179028e-05,1.2044014517426007e-08,1.5997095761187096e-11,0
5054,-5.5082156163417720e-11,-2.4684780353049184e-05,-2.4683792932277039e-05,-9.8742077214440433e-10,1.5251250787177699e-11,0
5055,-1.6782985884503630e-10,5.4764501254663325e-05,5.4774838723276108e-05,-1.0337468612782279e-08,1.9345090720234427e-11,0
5060,5.9035536013580191e-11,-7.9178111546356414e-05,-7.9177936100671632e-05,-1.7544568478144312e-10,2.6514895471592853e-11,0
5061,-4.5592701499484631e-12,-2.4396454151865950e-05,-2.4399302613332753e-05,2.8484614668029590e-09,2.5956827998931885e-11,0
5063,5.9037192205070641e-11,-7.9463162740748064e-05,-7.9462171902824175e-05,-9.9083792388867005e-10,2.0738429911966850e-11,0
5064,-4.5576139576092585e-12,-2.4681517884971157e-05,-2.4683010297188711e-05,1.4924122175535403e-09,1.7427513526199098e-11,0
5065,-6.3594806300570660e-11,5.4781633668333357e-05,5.4776447344875348e-05,5.1863234580093605e-09,2.4989923539160695e-11,0
5066,-2.8468009138931046e-10,-4.6035678119055526e-05,-4.6010484753263451e-05,-2.5193365792074650e-08,7.2422715876693800e-11,0
5067,-4.1443528786049815e-10,8.7383519897787920e-06,8.7612887682874307e-06,-2.2936778508638657e-08,6.6768837481129629e-11,0
5070,7.5445080752392213e-11,-7.9173390855071489e-05,-7.9177913575812091e-05,4.5227207406023677e-09,3.0390077169428171e-11,0
5071,-5.4310115415382574e-11,-2.4399395409437433e-05,-2.4399750296220137e-05,3.5488678270425146e-10,2.7044267429242714e-11,0
5072,3.6012790692045225e-10,-3.3422786043879257e-05,-3.3445098992606344e-05,2.2312948727086881e-08,7.2357151889044868e-11,0
5073,7.5447814829793431e-11,-7.9458369813224447e-05,-7.9462151407190990e-05,3.7815939665428438e-09,2.3241434166292215e-11,0
5074,-5.4307381339153659e-11,-2.4684448574374337e-05,-2.4683453847124474e-05,-9.9472724986339597e-10,2.0920186254714832e-11,0
5075,-1.2975519632427351e-10,5.4774024269892141e-05,5.4775973975635457e-05,-1.9497057433164391e-09,2.6469629742063294e-11,0
5077,4.0136332175961045e-11,-7.9178439240227150e-05,-7.9178512535211409e-05,7.3294984258330878e-11,1.0953643720508963e-11,0
5078,-2.2683581039272599e-11,-2.4397808970889629e-05,-2.4399211120460606e-05,1.4021495709770344e-09,1.0823448460483466e-11,0
5079,4.0143418386734490e-11,-7.9463489332254507e-05,-7.9462752200880649e-05,-7.3713137385743397e-10,7.6442812489163063e-12,0
5080,-2.2676494828151023e-11,-2.4682831612834414e-05,-2.4682910810308947e-05,7.9197474533304613e-11,7.1718602816890605e-12,0
5081,-6.2819913289170300e-11,5.4780665858954712e-05,5.4777109188809606e-05,3.5566701451060652e-09,9.3867165104731573e-12,0
5082,-1.4172066988824965e-14,2.8507232899690338e-07,2.8503844804483890e-07,3.3880952064477149e-11,1.8089009924331640e-11,0
5083,-8.4436334220059665e-12,-7.9188588079785825e-05,-7.9179282584989326e-05,-9.3054947964988375e-09,2.7446590446044562e-11,0
5084,9.2440625805553324e-12,-2.4393953705594581e-05,-2.4398660829176318e-05,4.7071235817369738e-09,2.9104838352642168e-11,0
5085,-8.4294613560142892e-12,-7.9473637772135061e-05,-7.9463524144221049e-05,-1.0113627914011764e-08,1.6131840130876755e-11,0
5086,9.2582346484426589e-12,-2.4678893597281006e-05,-2.4682356437141807e-05,3.4628398608010783e-09,1.4991409397247900e-11,0
5087,1.7687696110637727e-11,5.4794727633191917e-05,5.4778426464184120e-05,1.6301169007797427e-08,2.4100276262766695e-11,0
5088,-1.6843599883329671e-12,-7.9182643976048392e-05,-7.9179329745707758e-05,-3.3142303406340744e-09,3.7396635782353231e-11,0
5089,2.3322201523371450e-11,-2.4393328355183912e-05,-2.4398369273628764e-05,5.0409184448519024e-09,3.1373258464977607e-11,0
5090,2.5006561587725663e-11,5.4789315678866260e-05,5.4778762881182260e-05,1.0552797683999573e-08,2.8675939427991566e-11,0
5091,-1.5614800616659836e-10,-4.5992318662706373e-05,-4.6009050853345683e-05,1.6732190639310261e-08,4.3681469878956787e-11,0
5092,-3.4930311950893313e-10,8.7637418950421014e-06,8.7631073195868439e-06,6.3457545525754994e-10,3.5012359205674358e-11,0
5093,2.6594889529805705e-10,-3.3164767359853417e-05,-3.3164696747157761e-05,-7.0612695656218239e-11,6.4183383267239088e-11,0
5095,1.0980088917575748e-10,-7.9157100634563021e-05,-7.9178112682458450e-05,2.1012047895428666e-08,4.2931426674319467e-11,0
5096,-8.3354224181216632e-11,-2.4400978586441857e-05,-2.4399540665878680e-05,-1.4379205631769769e-09,3.8199733695692340e-11,0
5097,2.6594703578166213e-10,-3.3449816571525198e-05,-3.3446638950782472e-05,-3.1776207427258707e-09,2.9528124750472842e-11,0
5098,1.0979902966050979e-10,-7.9442187449429123e-05,-7.9462357656964191e-05,2.0170207535067600e-08,2.4694586045830115e-11,0
5099,-8.3356083696833780e-11,-2.4686103865812110e-05,-2.4683229979019563e-05,-2.8738867925474866e-09,2.2823393014698818e-11,0
5100,-1.9315511353529349e-10,5.4756042638463495e-05,5.4776371743201230e-05,-2.0329104737734519e-08,3.3715849575523870e-11,0
5101,-2.1794789994018493e-10,-4.6013843266400089e-05,-4.6009846241250833e-05,-3.9970251492556664e-09,2.0999799929711274e-11,0
5102,-3.7884334918048295e-10,8.7571069336649099e-06,8.7630026360343764e-06,-5.8957023694665531e-09,1.4191622215613747e-11,0
5103,3.1018378218064609e-10,-3.3156405109726478e-05,-3.3164259840524080e-05,7.8547307976020763e-09,2.6886974334790142e-11,0
5105,9.2235881855468241e-11,-7.9170237806812371e-05,-7.9178485633928938e-05,8.2478271165662819e-09,1.2204076898222859e-11,0
5106,-6.8659567237858203e-11,-2.4399296385070601e-05,-2.4399216812708982e-05,-7.9572361618926186e-11,1.3838076062679651e-11,0
5107,3.1018419041836718e-10,-3.3441530351696093e-05,-3.3446192905368367e-05,4.6625536722741021e-09,2.1575657180680956e-11,0
5108,9.2236290093472198e-11,-7.9455332994272758e-05,-7.9462732375479699e-05,7.3993812069406356e-09,8.9635375657402331e-12,0
5109,-6.8659159000842275e-11,-2.4684366711476800e-05,-2.4682902477647570e-05,-1.4642338292300788e-09,9.9523209621267286e-12,0
5110,-1.6089544926564516e-10,5.4770925443705168e-05,5.4777065769559999e-05,-6.1403258548310387e-09,1.3035790420693606e-11,0
5111,-3.3733084986482393e-10,-4.6070536915023344e-05,-4.6011351835390436e-05,-5.9185079632908079e-08,4.0880367489766051e-11,0
5112,-4.1143352417702077e-10,8.7130142173673375e-06,8.7628827471755194e-06,-4.9868529808181895e-08,3.3738700696032610e-11,0
5113,3.9601689417517278e-10,-3.3108674886112716e-05,-3.3163321313928813e-05,5.4646427816097860e-08,5.7158774860311170e-11,0
5115,5.8686043325763348e-11,-7.9179228657660049e-05,-7.9179068419104863e-05,-1.6023855518561368e-10,2.0006990148998378e-11,0
5116,-1.5416630417028318e-11,-2.4395770907018749e-05,-2.4398407266426779e-05,2.6363594080302264e-09,1.9324382673741317e-11,0
5117,3.9601948987130232e-10,-3.3393806306705048e-05,-3.3445244455553174e-05,5.1438148848125561e-08,5.0169454733599900e-11,0
5118,5.8688639021098653e-11,-7.9464330698008484e-05,-7.9463317083418531e-05,-1.0136145899534857e-09,1.9865319720379625e-11,0
5119,-1.5414034721853412e-11,-2.4680808323930374e-05,-2.4682088972049263e-05,1.2806481188891113e-09,1.9064739720651636e-11,0
5120,-7.4102673863688610e-11,5.4783447466463277e-05,5.4778455083230251e-05,4.9923832330254960e-09,1.6919301500141715e-11,0
5121,-2.7198169992438897e-10,-4.6016537878592972e-05,-4.6010606459908620e-05,-5.9314186843514383e-09,2.1530991010096146e-11,0
5122,-3.1573930949340338e-10,8.7701393583005874e-06,8.7644603910407877e-06,5.6789672597996627e-09,1.8814805161996045e-11,0
5123,3.4708734202234206e-10,-3.3162356223825386e-05,-3.3164087896904879e-05,1.7316730794935493e-09,2.6334758838268379e-11,0
5125,7.5105641929470566e-11,-7.9178934938544613e-05,-7.9179112205081051e-05,1.7726653643774549e-10,2.5330444580638354e-11,0
5126,3.1348032472043769e-11,-2.4392202110755466e-05,-2.4397609265476185e-05,5.4071547207194695e-09,2.5068429687898049e-11,0
5127,3.4708240538527257e-10,-3.3447427435022090e-05,-3.3445996914817545e-05,-1.4305202045443357e-09,2.2311357922397208e-11,0
5128,7.5100705296090416e-11,-7.9463989827949309e-05,-7.9463363762531281e-05,-6.2606541802732226e-10,2.1558487141346368e-11,0
5129,3.1343095836421411e-11,-2.4677243893948299e-05,-2.4681285414582105e-05,4.0415206338060975e-09,2.1272965991913499e-11,0
5130,-4.3757609608941741e-11,5.4786733866965705e-05,5.4779292535079492e-05,7.4413318862126977e-09,2.2811241855525348e-11,0
5131,-2.6951913959804850e-10,-4.6025130956713241e-05,-4.6010624122039845e-05,-1.4506834673395897e-08,4.2558242825028818e-11,0
5132,-3.6689441994779674e-10,8.7583340605615345e-06,8.7641703816342124e-06,-5.8363210726779149e-09,4.9764761186679394e-11,0
5133,3.4588156734011571e-10,-3.3153647186551921e-05,-3.3164241923787003e-05,1.0594737235081523e-08,9.3930948848222443e-11,0
5135,7.6362427068144244e-11,-7.9178855625728316e-05,-7.9179302855044125e-05,4.4722931580960454e-10,3.8324344711055767e-11,0
5136,-2.1012852920034834e-11,-2.4395466583547812e-05,-2.4398064269233967e-05,2.5976856861548712e-09,4.0198555183153627e-11,0
5137,3.4588095111535994e-10,-3.3438726164576604e-05,-3.3446138950183361e-05,7.4127856067570459e-09,5.7900879591595540e-11,0
5138,7.6361810846214626e-11,-7.9463840282556313e-05,-7.9463556711370018e-05,-2.8357118629434522e-10,2.4397270480355380e-11,0
5139,-2.1013469141493644e-11,-2.4680473769058287e-05,-2.4681735621374192e-05,1.2618523159047435e-09,2.4135935881069888e-11,0
5140,-9.7375280156780343e-11,5.4783343353043135e-05,5.4779024540777801e-05,4.3188122653332363e-09,3.3827802552111276e-11,0
5141,6.6848784986103324e-11,-2.4389086016234594e-05,-2.4396846953604406e-05,7.7609373698114305e-09,2.0402992763001333e-11,0
5143,-5.3465739778040278e-12,-7.9183512092156471e-05,-7.9180542058870877e-05,-2.9700332855939334e-09,1.4095139201123989e-11,0
5144,7.4670959052651781e-11,-2.4388717938138814e-05,-2.4396674250956159e-05,7.9563128173449607e-09,1.0268557448251686e-11,0
5145,-5.3385501821062394e-12,-7.9468546913924378e-05,-7.9464798501442807e-05,-3.7484124815716094e-09,6.4717215425277890e-12,0
5146,7.4678982848794391e-11,-2.4673749012985545e-05,-2.4680340066471440e-05,6.5910534858950665e-09,4.5863456492741353e-12,0
5147,8.0017533123002897e-11,5.4794765127453085e-05,5.4781649595463320e-05,1.3115531989765241e-08,1.2147592533225646e-11,0
5149,-8.0156600077246995e-12,-7.9184205545671134e-05,-7.9180751086462906e-05,-3.4544592082279323e-09,4.7395249726541241e-11,0
5150,1.0826312368445234e-10,-2.4382202464263980e-05,-2.4396101048484611e-05,1.3898584220630838e-08,4.5899345052293002e-11,0
5153,1.1627878379464676e-10,5.4802071555384510e-05,5.4782428711935687e-05,1.9642843448822720e-08,3.8191093365700779e-11,0
5156,-1.4290369645147922e-10,-2.4443770057181943e-05,-2.4399037965099781e-05,-4.4732092082161901e-08,3.6333783357720594e-11,0
5160,4.7041972318165912e-11,-7.9185533864899562e-05,-7.9180461444371277e-05,-5.0724205282847833e-09,4.4691512392560328e-11,0
5163,2.2365128318008076e-10,-3.3167143718819143e-05,-3.3166383924596976e-05,-7.5979422216711570e-10,4.8230141554949710e-11,0
5164,-5.9094295776568524e-11,-4.5983528696023901e-05,-4.6008283937068611e-05,2.4755241044709694e-08,3.1728434124275774e-11,0
5165,-2.6398196868601330e-10,8.7725327300187256e-06,8.7671535364495887e-06,5.3791935691368923e-09,1.8167496860332515e-11,0
5166,1.8796011352513261e-10,-3.3171051997782190e-05,-3.3166889034757339e-05,-4.1629630248514243e-09,5.2021540900414352e-11,0
5168,1.2886581824850172e-10,-7.9154451978083983e-05,-7.9179706207406066e-05,2.5254229322083728e-08,3.6829406339834530e-11,0
5169,-7.6021854841046367e-11,-2.4398430966472706e-05,-2.4397784000717859e-05,-6.4696575484743781e-10,3.4711627160664535e-11,0
5173,-2.0488767329452830e-10,5.4756005633076893e-05,5.4779689647762344e-05,-2.3684014685451367e-08,2.4796866575860690e-11,0
5174,-9.1170352006580509e-11,-7.9206867366928349e-05,-7.9182540871831482e-05,-2.4326495096866686e-08,2.3351419408637870e-11,0
5175,-8.7135268673732461e-11,-7.9202709218107424e-05,-7.9182569962063455e-05,-2.0139256043968760e-08,3.0041770387265821e-11,0
5176,-8.3057304739956992e-11,-7.9216630475899795e-05,-7.9182605304778809e-05,-3.4025171120985898e-08,6.9008103098431585e-11,0
5177,-1.8516668663984745e-10,-4.6015188770642237e-05,-4.6009928078067013e-05,-5.2606925752242081e-09,4.2766358704263424e-11,0
5178,-3.6196803969844629e-10,8.7575908677573616e-06,8.7666288377752685e-06,-9.0379700179068340e-09,4.8082230449704668e-11,0
5179,2.8120307482350511e-10,-3.3155805854260915e-05,-3.3166023475009243e-05,1.0217620748327659e-08,6.3251666962332561e-11,0
5181,9.6036387782712288e-11,-7.9170892845131097e-05,-7.9180522835297542e-05,9.6299901664449695e-09,3.1531904246500243e-11,0
5182,-8.0764965126957145e-11,-2.4398093976778744e-05,-2.4397465146737378e-05,-6.2883004136592992e-10,2.8939700637726823e-11,0
5186,-1.7680135306898702e-10,5.4772817334200127e-05,5.4780817824670582e-05,-8.0004904704544300e-09,2.4435916104535108e-11,0
5188,-3.5828463019945442e-10,8.7588288951168103e-06,8.7669721432624595e-06,-8.1432481456491634e-09,7.0300709435528203e-11,0
5191,8.0657241441423783e-11,-7.9180404195115621e-05,-7.9180893351293546e-05,4.8915617792465258e-10,3.1432854842273648e-11,0
5192,-3.2187167041054984e-11,-2.4394076025784691e-05,-2.4396702992103357e-05,2.6269663186660470e-09,2.5130807963399057e-11,0
5196,-1.1284440864439403e-10,5.4786320619717652e-05,5.4781947285906430e-05,4.3733338112212933e-09,2.5473141248644838e-11,0
5198,5.0106380068592214e-11,-7.9182667244728343e-05,-7.9181440668216164e-05,-1.2265765121795801e-09,2.6487253100227531e-11,0
5199,-2.7222980671420058e-12,-2.4392808596092569e-05,-2.4396184177286251e-05,3.3755811936817914e-09,3.2749824661884508e-11,0
5202,-5.2828678205034647e-11,5.4789878043968229e-05,5.4783010375908080e-05,6.8676680601485697e-09,3.0081505052779846e-11,0
5204,4.9719148965114637e-11,-7.9182315760306047e-05,-7.9181623033006588e-05,-6.9272729945942663e-10,3.8940436671756022e-11,0
5205,-2.5699710677547368e-11,-2.4393852174825004e-05,-2.4396304349009043e-05,2.4521741840390012e-09,3.7368762792554450e-11,0
5206,4.9724484456327317e-11,-7.9467445906349988e-05,-7.9465899561846927e-05,-1.5463445030607917e-09,2.6111579439621617e-11,0
5207,-2.5694375187046047e-11,-2.4678925962250218e-05,-2.4679929749408836e-05,1.0037871586178731e-09,2.1801496234787901e-11,0
5208,-7.5418859707971741e-11,5.4788483293809545e-05,5.4783069431433727e-05,5.4138623758180106e-09,3.5704225481296713e-11,0
5209,1.7657654094910362e-10,-3.3172279257222097e-05,-3.3167743237426779e-05,-4.5360197953173750e-09,8.1321089589875961e-11,0
5214,5.1351173395785225e-11,-7.9183784762250440e-05,-7.9181914827991274e-05,-1.8699342591661696e-09,4.9516271546197298e-11,0
5215,3.5092350331611077e-11,-2.4389860587469871e-05,-2.4395273525121551e-05,5.4129376516806865e-09,6.3500356652251079e-11,0
5217,5.1350928038995318e-11,-7.9468914145071779e-05,-7.9466194984192666e-05,-2.7191608791135103e-09,3.3315717986624940e-11,0
5218,3.5092104974416220e-11,-2.4675031853411446e-05,-2.4678891815754091e-05,3.8599623426454775e-09,3.7821782453911761e-11,0
5219,-1.6258823112859411e-11,5.4793772841217267e-05,5.4784386541644520e-05,9.3862995727465545e-09,3.6281928933730727e-11,0
5220,-1.0161007331962291e-10,-4.5994619624888447e-05,-4.6009171532361868e-05,1.4551907473421078e-08,2.4594143191229543e-11,0
5221,-3.1192924351591222e-10,8.7679924468814230e-06,8.7691451693337398e-06,-1.1527224523167663e-09,1.5974257551912843e-11,0
5222,2.1540540623603894e-10,-3.3166212303861395e-05,-3.3167614516104950e-05,1.4022122435546655e-09,3.4907686285501648e-11,0
5224,1.1379533289088513e-10,-7.9160821418257192e-05,-7.9181463985990809e-05,2.0642567733617141e-08,2.0254347163121913e-11,0
5225,-9.6523837296229835e-11,-2.4398224147112457e-05,-2.4396601548267681e-05,-1.6225988447757483e-09,2.3129728720746443e-11,0
5226,2.1540290662238701e-10,-3.3451206771099092e-05,-3.3449359742891893e-05,-1.8470282071991338e-09,1.4150194613757998e-11,0
5227,1.1379283327988557e-10,-7.9445841531558016e-05,-7.9465747775126039e-05,1.9906243568023154e-08,8.5796598647042648e-12,0
5228,-9.6526336908099756e-11,-2.4683228400939825e-05,-2.4680212594656249e-05,-3.0158062835753709e-09,9.1008271864318975e-12,0
5229,-2.1031917034814965e-10,5.4762604520858585e-05,5.4782602095982851e-05,-1.9997575124266521e-08,1.8959993353704515e-11,0
5230,2.6543095087672963e-11,-7.9188190109019457e-05,-7.9182650588153326e-05,-5.5395208661314106e-09,2.5649825146843098e-11,0
5231,-1.9842855046098544e-10,-4.6016558967386335e-05,-4.6010421173876701e-05,-6.1377935096343286e-09,2.2287797739982896e-11,0
5232,-2.7837202874838442e-10,8.7760360386482470e-06,8.7699865344596877e-06,6.0495041885593067e-09,1.8794571485786219e-11,0
5233,2.8939070502313191e-10,-3.3165237244760877e-05,-3.3166882834581956e-05,1.6455898210792274e-09,2.5629548932163123e-11,0
5235,9.0962154429170283e-11,-7.9181792705812232e-05,-7.9182006021392520e-05,2.1331558028758919e-10,2.4639778230620513e-11,0
5236,1.1018676217567850e-11,-2.4389238597825619e-05,-2.4395042427414815e-05,5.8038295891955146e-09,2.6144694980107216e-11,0
5237,2.8938390451871200e-10,-3.3450332380441502e-05,-3.3448612955468218e-05,-1.7194249732845513e-09,2.1634128133391978e-11,0
5238,9.0955353925568526e-11,-7.9466844038857728e-05,-7.9466292849664252e-05,-5.5118919347620868e-10,2.1460446808499189e-11,0
5239,1.1011875715649113e-11,-2.4674259511324459e-05,-2.4678647503088693e-05,4.3879917642342787e-09,1.9474486397824919e-11,0
5240,-7.9943478355827174e-11,5.4792588193320994e-05,5.4784698629752054e-05,7.8895635689400691e-09,2.4023247786544549e-11,0
5241,-1.7645770952347398e-10,-4.6020094631324610e-05,-4.6010198035822070e-05,-9.8965955025397102e-09,3.7967210145909184e-11,0
5242,-3.1771373152360796e-10,8.7674946598077091e-06,8.7698326825355502e-06,-2.3380227278410430e-09,3.6096256071181710e-11,0
5243,2.7202489887833768e-10,-3.3160525997696748e-05,-3.3167231624694179e-05,6.7056269974314297e-09,5.3510476008353937e-11,0
5245,9.5567188879088268e-11,-7.9180642425862383e-05,-7.9182150135425646e-05,1.5077095632631647e-09,2.4651045084514241e-11,0
5246,-4.5688832900583848e-11,-2.4393076005742656e-05,-2.4395555748302036e-05,2.4797425593796817e-09,2.8101040121323176e-11,0
5247,2.7202193417440198e-10,-3.3445560686811218e-05,-3.3448950074184800e-05,3.3893873735817430e-09,4.6287500332467179e-11,0
5248,9.5564224174542295e-11,-7.9465695634150027e-05,-7.9466439206630755e-05,7.4357248072839336e-10,2.2089022795597153e-11,0
5249,-4.5691797603894512e-11,-2.4678147103105071e-05,-2.4679156157800648e-05,1.0090546955771995e-09,2.2375692011006720e-11,0
5250,-1.4125602195455142e-10,5.4787588161376091e-05,5.4784325878193607e-05,3.2622831824840508e-09,2.4748732467168048e-11,0
5252,1.7722961546606834e-11,-7.9186006167319013e-05,-7.9183335105183935e-05,-2.6710621350774537e-09,2.2165735822390073e-11,0
5253,3.4759485201755657e-11,-2.4388487853780998e-05,-2.4394358986564488e-05,5.8711327834903512e-09,2.1229650834533210e-11,0
5254,1.7730265528916869e-11,-7.9471074429725633e-05,-7.9467626665270894e-05,-3.4477644547388324e-09,9.6100214864070839e-12,0
5255,3.4766789186745472e-11,-2.4673556840142802e-05,-2.4677953995489781e-05,4.3971553469788571e-09,8.6987622535127865e-12,0
5256,1.7036523724271744e-11,5.4797527171919491e-05,5.4786703562023704e-05,1.0823609895786843e-08,1.8931895417387144e-11,0
5257,-2.1598674468623568e-10,-4.6032447601400059e-05,-4.6010788345688305e-05,-2.1659255711753574e-08,2.9704630864701482e-11,0
5258,-3.5222512739704108e-10,8.7564765762510738e-06,8.7701496660636906e-06,-1.3673089812616805e-08,2.6779295675399391e-11,0
5259,3.0193030260957730e-10,-3.3149339833511704e-05,-3.3167169424709230e-05,1.7829591197525906e-08,4.1198951732979771e-11,0
5261,8.5943557150747935e-11,-7.9181711164244030e-05,-7.9182719784746049e-05,1.0086205020194911e-09,2.0918073981013611e-11,0
5262,-5.0294825186086733e-11,-2.4392872965626686e-05,-2.4395200592199653e-05,2.3276265729669794e-09,2.1435054864396780e-11,0
5263,3.0192981094607184e-10,-3.3434515801638101e-05,-3.3448861689166935e-05,1.4345887528834143e-08,3.7346945477458944e-11,0
5264,8.5943065491773810e-11,-7.9466820733459752e-05,-7.9467013978158464e-05,1.9324469871246763e-10,1.8869712094804586e-11,0
5265,-5.0295316847485784e-11,-2.4677966849527382e-05,-2.4678790578411133e-05,8.2372888375156143e-10,1.8010526001543026e-11,0
5266,-1.3623838249315745e-10,5.4788870259721983e-05,5.4785242708032686e-05,3.6275516892975688e-09,1.7713014408402040e-11,0
5268,1.6319501877492873e-11,-7.9186994646537629e-05,-7.9183816022283915e-05,-3.1786242537140989e-09,4.2530301856225586e-11,0
5269,7.7788083753981211e-11,-2.4383447813140086e-05,-2.4393407804079007e-05,9.9599909389214451e-09,4.4362846764776541e-11,0
5270,1.6323567275754738e-11,-7.9472148415442399e-05,-7.9468112913969291e-05,-4.0355014731079369e-09,2.0980872674736286e-11,0
5271,7.7792149148749127e-11,-2.4668506908881449e-05,-2.4676992178959809e-05,8.4852700783600102e-09,2.0520714498777462e-11,0
5272,6.1468581965277289e-11,5.4803684011613812e-05,5.4788127470469148e-05,1.5556541144664030e-08,4.1908017512010956e-11,0
5273,-1.5390625215492192e-14,2.8507829188227392e-07,2.8503900683768261e-07,3.9285044591301152e-11,1.5969203827217279e-11,0
5274,-6.1125509236877061e-11,-7.9197469432798658e-05,-7.9184962195073786e-05,-1.2507237724871507e-08,1.4914611544364242e-11,0
5275,-6.1110118609149503e-11,-7.9482491630155500e-05,-7.9469261175838017e-05,-1.3230454317482215e-08,1.3688802258011795e-11,0
5277,-3.7811789110799294e-11,-7.9192925148196397e-05,-7.9184880654965326e-05,-8.0444932310706979e-09,1.3329856539352142e-11,0
5278,-3.7802106446204282e-11,-7.9477979799639532e-05,-7.9469182042269165e-05,-8.7977573703668923e-09,1.1781987970358186e-11,0
5282,6.3129800218904670e-11,-7.9190337334544879e-05,-7.9183851355435305e-05,-6.4859791095746430e-09,4.1924020770204887e-11,0
5284,6.3121718138152133e-11,-7.9475272007245796e-05,-7.9468155359215176e-05,-7.1166480306191198e-09,1.7509276392398141e-11,0
5285,1.1472274637413604e-10,-3.3175241305445115e-05,-3.3170150489932672e-05,-5.0908155124426441e-09,4.0394208556884285e-11,0
5286,-1.7983951600513328e-10,8.7810045643222506e-06,8.7740926468682615e-06,6.9119174539891383e-09,1.7807460051861751e-11,0
5287,8.1221737876735135e-11,-3.3178640774724974e-05,-3.3170631455175071e-05,-8.0093195499033134e-09,4.3682726185414119e-11,0
5289,-9.8617777571970042e-11,-2.4397614254979133e-05,-2.4394778880596196e-05,-2.8353743829368113e-09,3.5691846620316042e-11,0
5290,8.1211651875473665e-11,-3.3463674493573042e-05,-3.3452259354012751e-05,-1.1415139560291517e-08,1.8802668217060731e-11,0
5291,-9.8627863572529675e-11,-2.4682713044817464e-05,-2.4678343361227600e-05,-4.3696835898641561e-09,1.5989672116343983e-11,0
5292,-4.6903210098106463e-11,-7.9201893078762950e-05,-7.9185614600359180e-05,-1.6278478403769828e-08,5.0755087486423477e-11,0
5293,-2.5836186948064626e-10,8.7744683554278127e-06,8.7736022905416274e-06,8.6606488618534770e-10,1.4967378563379176e-11,0
5294,1.4417612028980443e-10,-3.3172530458511467e-05,-3.3170053539452476e-05,-2.4769190589909746e-09,3.2856007555988666e-11,0
5295,-1.1418574902616255e-10,-2.4398052855525640e-05,-2.4394706690088240e-05,-3.3461654373994482e-09,2.1827571909579541e-11,0
5296,-1.3987993713657183e-10,-4.6020761788207083e-05,-4.6010204893576086e-05,-1.0556894630997266e-08,7.1725861292576305e-11,0
5297,-3.0027962062978330e-10,8.7699172789078295e-06,8.7732655445048883e-06,-3.3482655970588004e-09,4.4869900906873748e-11,0
5298,2.4132018858594055e-10,-3.3161464632444800e-05,-3.3168933994307695e-05,7.4693618628949741e-09,6.3630558623992138e-11,0
5300,1.0144025096172143e-10,-7.9182241710041429e-05,-7.9184039865985939e-05,1.7981559445102470e-09,2.6454839052908364e-11,0
5301,-5.8959432317116352e-11,-2.4391521984454701e-05,-2.4393929663336078e-05,2.4076788813770370e-09,2.5187839461329625e-11,0
5302,2.4131680522499740e-10,-3.3446542369824743e-05,-3.3450538797879461e-05,3.9964280547179535e-09,5.1330371022696343e-11,0
5303,1.0143686760304425e-10,-7.9467301083664676e-05,-7.9468351332042959e-05,1.0502483782821870e-09,2.0860851376954683e-11,0
5304,-5.8962815675105963e-11,-2.4676716358849361e-05,-2.4677484917144543e-05,7.6855829518138337e-10,1.9226106834103628e-11,0
5305,-1.6039968344890581e-10,5.4790645932698695e-05,5.4787807037053358e-05,2.8388956453369914e-09,2.1930085668622380e-11,0
5306,-4.8524200819823538e-11,-4.5982882008663989e-05,-4.6009126005762173e-05,2.6243997098183926e-08,6.5630342667124835e-11,0
5307,-2.8029942576764654e-10,8.7716176242662661e-06,8.7738134050410108e-06,-2.1957807747447183e-09,4.9806314229640394e-11,0
5308,1.6849502442647081e-10,-3.3169046763161750e-05,-3.3169952771591285e-05,9.0600842953469322e-10,7.1414607359871096e-11,0
5310,1.1997082362086759e-10,-7.9151901400821567e-05,-7.9183996720504191e-05,3.2095319682623577e-08,3.7779095114553321e-11,0
5311,-1.1180440133370730e-10,-2.4397286810855234e-05,-2.4394410393075948e-05,-2.8764177792863085e-09,3.6403871107086056e-11,0
5312,1.6849184742946914e-10,-3.3454012987293866e-05,-3.3451546890843303e-05,-2.4660964505633155e-09,3.6667840398022697e-11,0
5313,1.1996764662571522e-10,-7.9436940483535237e-05,-7.9468310288381650e-05,3.1369804846413316e-08,2.2510440375807142e-11,0
5314,-1.1180757832814463e-10,-2.4682344434690667e-05,-2.4677961399794191e-05,-4.3830348964763626e-09,1.8075571937898214e-11,0
5315,-2.3177522509933840e-10,5.4754642065529824e-05,5.4787279904536502e-05,-3.2637839006678063e-08,3.3210822715243712e-11,0
5316,1.3453799958800557e-10,-7.9154438406110576e-05,-7.9183934450973432e-05,2.9496044862855459e-08,3.2482728356330401e-11,0
5318,5.2832667789033216e-11,-7.9186616023101803e-05,-7.9185048875984797e-05,-1.5671471170053798e-09,3.1951390608392709e-11,0
5319,-4.5658220174279847e-11,-2.4391387904291930e-05,-2.4393390481813542e-05,2.0025775216118578e-09,2.8346460253840000e-11,0
5320,5.2839351770612408e-11,-7.9471652712304519e-05,-7.9469364922277137e-05,-2.2877900273819609e-09,2.1922193939984977e-11,0
5321,-4.5651536190400692e-11,-2.4676441663898331e-05,-2.4676936124174653e-05,4.9446027632253447e-10,1.8621336848956128e-11,0
5322,-9.8490887983065321e-11,5.4795231762237500e-05,5.4789347947563035e-05,5.8838146744654048e-09,2.7135272866408823e-11,0
5324,5.2306563711357017e-11,-7.9187864327331237e-05,-7.9185209897348846e-05,-2.6544299823911014e-09,3.0785038940640017e-11,0
5325,-6.7642912739823088e-11,-2.4396967906618015e-05,-2.4393519482409822e-05,-3.4484242081932290e-09,2.9303886352863022e-11,0
5326,5.2315260878247355e-11,-7.9472894495575484e-05,-7.9469527682865632e-05,-3.3668127098518711e-09,1.6126213797596083e-11,0
5327,-6.7634215572025831e-11,-2.4681945741203155e-05,-2.4677061542114399e-05,-4.8841990887551958e-09,1.4180397309491002e-11,0
5328,-1.1994947644635135e-10,5.4790954584129931e-05,5.4789377237951008e-05,1.5773461789237450e-09,2.8058362374996016e-11,0
5329,5.9114472673771631e-11,-7.9186561712783245e-05,-7.9185251037670870e-05,-1.3106751123743423e-09,1.6141458544508373e-11,0
5330,-3.9271529998414891e-11,-2.4390338792536887e-05,-2.4393057367454118e-05,2.7185749172314671e-09,1.4295746001650655e-11,0
5331,-9.8386002720266512e-11,5.4796183584344092e-05,5.4789878289763448e-05,6.3052945806446690e-09,1.4098380985087965e-11,0
5332,3.8138333843747086e-11,-7.9188136704965058e-05,-7.9185615709321928e-05,-2.5209956431296787e-09,1.9884510305330390e-11,0
5333,8.9652511609502148e-12,-2.4387457679866074e-05,-2.4392367400684460e-05,4.9097208183857097e-09,1.7811021662122834e-11,0
5334,-2.9173082649094071e-11,5.4800687811687628e-05,5.4790931036079669e-05,9.7567756079586427e-09,1.5565118761696717e-11,0
5335,-1.2091156160813537e-10,-4.6016794064092544e-05,-4.6010189737401600e-05,-6.6043266909432928e-09,2.1384030661014459e-11,0
5336,-2.3375985341745491e-10,8.7819087983952854e-06,8.7756194326722355e-06,6.2893657230498874e-09,1.6401956153932752e-11,0
5337,2.2622632684744399e-10,-3.3168040556513746e-05,-3.3169752237388584e-05,1.7116808748380077e-09,2.4559635028327853e-11,0
5339,1.0531476514714897e-10,-7.9184811912060091e-05,-7.9184929150334681e-05,1.1723827458972810e-10,2.3812355591480630e-11,0
5340,-7.5335266197779779e-12,-2.4386123160977883e-05,-2.4392443876924308e-05,6.3207159464247654e-09,2.4263722720792664e-11,0
5341,2.2621758910205924e-10,-3.3453078615428965e-05,-3.3451302833809050e-05,-1.7757816199153050e-09,2.3618979436064668e-11,0
5342,1.0530602740169529e-10,-7.9469813450392963e-05,-7.9469251374114389e-05,-5.6207627857358510e-10,2.3284172180194360e-11,0
5343,-7.5422643636155810e-12,-2.4671174596645716e-05,-2.4675977630387333e-05,4.8030337416169779e-09,2.1367151085246448e-11,0
5344,-1.1284829189793926e-10,5.4798692769535639e-05,5.4790165557878898e-05,8.5272116567407805e-09,2.1509834386511757e-11,0
5345,-2.3928396430053743e-10,-4.6074192995966545e-05,-4.6011700885508984e-05,-6.2492110457561484e-08,7.1610478773452081e-11,0
5346,-3.6161491401188709e-10,8.7223519234479185e-06,8.7744565926347704e-06,-5.2104669186851861e-08,6.1966118188231244e-11,0
5347,3.1991536071714499e-10,-3.3111961746833812e-05,-3.3168769456936974e-05,5.6807710103161249e-08,6.4173290409191485e-11,0
5349,8.0631395374044709e-11,-7.9186108078352444e-05,-7.9185480345980190e-05,-6.2773237225388547e-10,2.8432856132914757e-11,0
5350,-4.1699553769487520e-11,-2.4389616549004870e-05,-2.4392637140767154e-05,3.0205917622835518e-09,3.2272412218083782e-11,0
5351,3.1991530691864904e-10,-3.3397066534875813e-05,-3.3450305573443027e-05,5.3239038567214048e-08,4.8476998455971179e-11,0
5352,8.0631341576429368e-11,-7.9471228625787801e-05,-7.9469805294725266e-05,-1.4233310625353128e-09,2.0983392335644478e-11,0
5353,-4.1699607562302518e-11,-2.4674662241344365e-05,-2.4676165076176018e-05,1.5028348316531751e-09,1.9224387790856425e-11,0
5355,-1.2351851204320540e-10,-4.6023138543074219e-05,-4.6010315971352349e-05,-1.2822571721870211e-08,3.2640949656542902e-11,0
5356,-3.0003203535904469e-10,8.7688592530534015e-06,8.7754707980175415e-06,-6.6115449641399309e-09,2.5631980942365557e-11,0
5357,2.2704376255451943e-10,-3.3159763666742309e-05,-3.3170016063211141e-05,1.0252396468832139e-08,4.3505080483113593e-11,0
5359,1.0352524996418320e-10,-7.9182895155025315e-05,-7.9185356508285385e-05,2.4613532600698939e-09,2.4314745320554776e-11,0
5360,-7.2988273124589688e-11,-2.4390910877808945e-05,-2.4392877911564869e-05,1.9670337559238543e-09,2.3624003466481112e-11,0
5361,2.2704095483538130e-10,-3.3444826753820447e-05,-3.3451543102597266e-05,6.7163487768188762e-09,3.3950047493599000e-11,0
5362,1.0352244224264971e-10,-7.9468001743161244e-05,-7.9469683285736010e-05,1.6815425747657283e-09,2.0081012264247942e-11,0
5363,-7.2991080845030137e-11,-2.4676063846814505e-05,-2.4676402260432008e-05,3.3841361750239956e-10,1.8723169095384217e-11,0
5364,-1.7651352324682190e-10,5.4791972375617740e-05,5.4790151719928649e-05,1.8206556890907298e-09,1.9273333632030592e-11,0
5365,-6.7281167028583763e-11,-4.6015044120338404e-05,-4.6009663885946928e-05,-5.3802343914758255e-09,3.5091924850595101e-11,0
5366,-2.5242476289028089e-10,8.7762937539277025e-06,8.7763267454763875e-06,-3.2991548684998704e-11,3.1222707118252010e-11,0
5367,1.8195598041355294e-10,-3.3166787105049379e-05,-3.3170681433728742e-05,3.8943286793634573e-09,4.6075519949532124e-11,0
5369,1.1467481317741871e-10,-7.9181836842014304e-05,-7.9185385012045433e-05,3.5481700311293949e-09,2.1916514791816532e-11,0
5370,-7.0468782600347434e-11,-2.4390538669027788e-05,-2.4392696137455724e-05,2.1574684279363323e-09,2.5700100899832046e-11,0
5371,1.8195029983533377e-10,-3.3451888455461425e-05,-3.3452198926200102e-05,3.1047073867699043e-10,3.7873287290538955e-11,0
5372,1.1466913259758629e-10,-7.9466917233865508e-05,-7.9469713712501148e-05,2.7964786356401332e-09,2.0048061517336210e-11,0
5373,-7.0474463180856515e-11,-2.4675592381677176e-05,-2.4676216713981649e-05,6.2433230447298698e-10,2.2383267793320798e-11,0
5374,-1.8514359594801196e-10,5.4791299847910604e-05,5.4790359075811981e-05,9.4077209862380648e-10,2.2075696824571446e-11,0
5376,8.5002916007420657e-11,-7.9185054688324027e-05,-7.9185973056746149e-05,9.1836842212140394e-10,2.2523755157901841e-11,0
5377,-7.0816118462782856e-11,-2.4390940422938309e-05,-2.4392496400664073e-05,1.5559777257640741e-09,2.0572215328347282e-11,0
5378,8.5004315551926745e-11,-7.9470133429244538e-05,-7.9470304223342884e-05,1.7079409834661573e-10,1.7414869661647481e-11,0
5379,-7.0814718921293922e-11,-2.4675895377584186e-05,-2.4676011740608566e-05,1.1636302437969181e-10,1.5675257912816463e-11,0
5380,-1.5581903459212841e-10,5.4794186814481789e-05,5.4791142905439026e-05,3.0439090427630388e-09,1.8414876877702402e-11,0
5382,3.9910805054495745e-11,-7.9189864863152357e-05,-7.9186745021062960e-05,-3.1198420893973396e-09,2.6457377521002717e-11,0
5383,4.8052346323585322e-11,-2.4383020737469251e-05,-2.4390837773874202e-05,7.8170364049509090e-09,4.0812051094743277e-11,0
5384,3.9912980046719202e-11,-7.9474870287968378e-05,-7.9471078669322276e-05,-3.7916186461020704e-09,2.2225610863418448e-11,0
5385,4.8054521316198569e-11,-2.4668035811451286e-05,-2.4674348079491396e-05,6.3122680401098456e-09,2.1848700730004074e-11,0
5386,8.1415413388991506e-12,5.4806801527619575e-05,5.4793569640484958e-05,1.3231887134617553e-08,4.1744521072517789e-11,0
5388,-1.1238374380235683e-11,-7.9193821171966335e-05,-7.9187550685292613e-05,-6.2704866737216735e-09,1.3306081916426625e-11,0
5389,-1.1230143525343396e-11,-7.9478878105384426e-05,-7.9471886286181136e-05,-6.9918192032906263e-09,1.1827978712726735e-11,0
5390,-1.3487239284435042e-14,2.8504748197071002e-07,2.8503941724667629e-07,8.0647240337342694e-12,1.7472288861831165e-11,0
5391,-2.6282346703245174e-11,-7.9196130765016998e-05,-7.9187929287945693e-05,-8.2014770713044428e-09,2.7754446146084871e-11,0
5392,-2.6268859466274157e-11,-7.9481167108780108e-05,-7.9472267036958478e-05,-8.9000718216304025e-09,1.5758000969719453e-11,0
5393,-1.7700292862627930e-11,-7.9198907479229724e-05,-7.9187920171933996e-05,-1.0987307295728206e-08,5.7997544321698764e-11,0
5394,-2.6117141973916107e-11,-7.9196826592077031e-05,-7.9188121139068559e-05,-8.7054530084726585e-09,2.8576017088116072e-11,0
5395,-1.0565731308748430e-10,-4.6035975812320096e-05,-4.6010399179731094e-05,-2.5576632589002313e-08,2.2770456951690573e-11,0
5396,-3.1825247720446531e-10,8.7465472170152048e-06,8.7773825512581383e-06,-3.0835334242933541e-08,1.5557925971845694e-11,0
5397,2.1143426837859684e-10,-3.3140220497770295e-05,-3.3171087022792961e-05,3.0866525022666183e-08,2.6826046963045624e-11,0
5399,1.0577695474738560e-10,-7.9176149222438472e-05,-7.9186630429573424e-05,1.0481207134952104e-08,1.0465255496833992e-11,0
5400,-1.0681820915877382e-10,-2.4393616349982494e-05,-2.4392106386112237e-05,-1.5099638702574688e-09,9.5990099863271034e-12,0
5401,2.1143369248818499e-10,-3.3425257287354737e-05,-3.3452538633933623e-05,2.7281346578885638e-08,1.5095671487127341e-11,0
5402,1.0577637885954631e-10,-7.9461221603962899e-05,-7.9470972033885616e-05,9.7504299227169945e-09,8.6920920000707776e-12,0
5403,-1.0681878504810460e-10,-2.4678697154952890e-05,-2.4675600746001044e-05,-3.0964089518461949e-09,7.5131705794060300e-12,0
5404,-2.1259516404941178e-10,5.4782514426820333e-05,5.4792174173995071e-05,-9.6597471747376863e-09,8.3659209485265265e-12,0
5405,-2.1655255275901467e-10,8.7793680943306154e-06,8.7789026954381838e-06,4.6539889243167555e-10,3.0113903271516147e-11,0
5406,8.6283862615175609e-11,-3.3177450892861796e-05,-3.3172735471975734e-05,-4.7154208860614340e-09,6.6053250830259685e-11,0
5408,-1.3026868992177067e-10,-2.4398088231913223e-05,-2.4392243493942660e-05,-5.8447379705633680e-09,3.3274644810255571e-11,0
5409,8.6278322575140747e-11,-3.3462526036551719e-05,-3.3454177561880321e-05,-8.3484746713979809e-09,3.3935194391397838e-11,0
5410,-1.3027422996656751e-10,-2.4683120126578126e-05,-2.4675734107169002e-05,-7.3860194091240341e-09,1.8822120992227577e-11,0
5411,-7.3888606213629319e-11,-7.9219683308284251e-05,-7.9189182249351085e-05,-3.0501058933166234e-08,1.0271245267193405e-11,0
5412,-3.9035031487756040e-11,-4.6015305265681601e-05,-4.6009697730991574e-05,-5.6075346900269301e-09,3.1949255033608620e-11,0
5413,-2.3801049403071128e-10,8.7783408511425340e-06,8.7791908817255024e-06,-8.5003058296837517e-10,3.4378763134610712e-11,0
5414,1.5723930981186335e-10,-3.3167846477018866e-05,-3.3172091369750050e-05,4.2448927311839347e-09,4.4985189765894897e-11,0
5416,1.1820427809730879e-10,-7.9183050390307409e-05,-7.9186979482715405e-05,3.9290924079955986e-09,2.3162979283073376e-11,0
5417,-8.0771184358958821e-11,-2.4389438073536308e-05,-2.4391329099720654e-05,1.8910261843459099e-09,2.2107587305696326e-11,0
5418,1.5723342811477281e-10,-3.3452780342518688e-05,-3.3453513985299180e-05,7.3364278049142546e-10,3.3177937112094360e-11,0
5419,1.1819839640097233e-10,-7.9468098187233591e-05,-7.9471326877258617e-05,3.2286900250263519e-09,1.7467253060761841e-11,0
5420,-8.0777066057073592e-11,-2.4674429324503602e-05,-2.4674811977068842e-05,3.8265256523968951e-10,1.7624749870550976e-11,0
5421,-1.9897546261900127e-10,5.4793583085166117e-05,5.4793291651768459e-05,2.9143339765779668e-10,2.0278669680484238e-11,0
5422,-8.5206587613982393e-11,8.7906837456363379e-06,8.7814341768269589e-06,9.2495688093790254e-09,1.6877175714412778e-11,0
5423,-3.1016469986984821e-11,-3.3189724731560663e-05,-3.3174554066691241e-05,-1.5170664869422327e-08,4.1332800979374512e-11,0
5425,-1.1622305682644032e-10,-2.4399087865602416e-05,-2.4391560407022058e-05,-7.5274585803579701e-09,3.7576647051481082e-11,0
5426,-3.1029571912015248e-11,-3.3474736680971784e-05,-3.3455963811377046e-05,-1.8772869594737705e-08,1.9314276663161398e-11,0
5427,-1.1623615874995941e-10,-2.4684095315636104e-05,-2.4675038223380939e-05,-9.0570922551646942e-09,1.7524775200641551e-11,0
5428,-5.5529906081520819e-11,-7.9215677368117861e-05,-7.9189500501734218e-05,-2.6176866383642822e-08,4.6522200562375530e-11,0
5429,1.0517559681449273e-10,-2.4351021181910973e-05,-2.4388557515426096e-05,3.7536333515122706e-08,2.2686740644786651e-11,0
5430,-4.8191474514444511e-11,-4.6016973094075223e-05,-4.6009959217748856e-05,-7.0138763263660688e-09,2.1109120050631953e-11,0
5431,-1.8750349947055654e-10,8.7873127280493034e-06,8.7808632192660536e-06,6.4495087832497485e-09,1.7172058069432635e-11,0
5432,1.6498482793618005e-10,-3.3170577965885664e-05,-3.3172429498324459e-05,1.8515324387951269e-09,2.6751434773899866e-11,0
5433,1.0532331571986377e-14,2.8515925031019048e-07,2.8503987926760158e-07,1.1937104258889443e-10,2.4960283111474697e-11,0
5434,1.1679335336701015e-10,-7.9187545658985972e-05,-7.9187638101507396e-05,9.2442521424707970e-11,2.6510952896625001e-11,0
5435,-2.2518671566884970e-11,-2.4383306510747989e-05,-2.4390029019775513e-05,6.7225090275240104e-09,2.3302499345671755e-11,0
5436,1.6497429560381846e-10,-3.3455608283847931e-05,-3.3453815020355370e-05,-1.7932634925610369e-09,2.2402575987923188e-11,0
5437,1.1678282103561969e-10,-7.9472617616601661e-05,-7.9471992871975783e-05,-6.2474462587816873e-10,2.3634213625004309e-11,0
5438,-2.2529203896296087e-11,-2.4668334210794281e-05,-2.4673497191911030e-05,5.1629811167489220e-09,2.1148871044281693e-11,0
5439,-1.3931202505162272e-10,5.4804257611644404e-05,5.4795239021823845e-05,9.0185898205595951e-09,2.4260655741412806e-11,0
5440,-1.4897235921358871e-10,-4.6041110295746632e-05,-4.6011253731609999e-05,-2.9856564136632245e-08,4.7259507821313130e-11,0
5441,-3.1214648738132871e-10,8.7593665641268192e-06,8.7797353709401788e-06,-2.0368806813359549e-08,4.3410081108954192e-11,0
5442,2.4745338980449324e-10,-3.3146908994191940e-05,-3.3171582660746811e-05,2.4673666554870881e-08,6.0053622108924499e-11,0
5444,9.8481029688274626e-11,-7.9188038516059267e-05,-7.9188108356293259e-05,6.9840233992085957e-11,2.8968937683904860e-11,0
5445,-6.4693098044339327e-11,-2.4387513599348227e-05,-2.4390323090472083e-05,2.8094911238557151e-09,3.2791110415554658e-11,0
5446,2.4745106648680338e-10,-3.3431992873539026e-05,-3.3452953865780034e-05,2.0960992241007392e-08,4.4571437818316994e-11,0
5447,9.8478706370447249e-11,-7.9473191838983978e-05,-7.9472465826612283e-05,-7.2601237169475294e-10,2.3108484029350218e-11,0
5448,-6.4695421361278338e-11,-2.4672612071440728e-05,-2.4673785512805103e-05,1.1734413643747191e-09,2.0806667132405045e-11,0
5449,-1.6317412787265042e-10,5.4800632802071841e-05,5.4795410870835713e-05,5.2219312361286518e-09,2.9699561988579942e-11,0
5450,-2.9067803769968318e-11,-4.6015806571380376e-05,-4.6009817363679540e-05,-5.9892077008366997e-09,2.3556185172968402e-11,0
5451,-2.4118647045692817e-10,8.7778518020019403e-06,8.7808602680825107e-06,-3.0084660805704283e-09,1.8154893050286275e-11,0
5452,1.4805698898001988e-10,-3.3166963961227085e-05,-3.3172907552374635e-05,5.9435911475502431e-09,2.9768003947561857e-11,0
5454,1.1898918491812872e-10,-7.9182790157784379e-05,-7.9188011100690762e-05,5.2209429063831882e-09,2.4017417555056857e-11,0
5455,-9.3129481664245119e-11,-2.4389188229639869e-05,-2.4390531310553600e-05,1.3430809137307434e-09,2.1706502458674020e-11,0
5456,1.4805184416083783e-10,-3.3452116156849551e-05,-3.3454269838202830e-05,2.1536813532785576e-09,2.6218478598089744e-11,0
5457,1.1898404010126419e-10,-7.9467929025886334e-05,-7.9472370369598693e-05,4.4413437123581563e-09,1.9511417802796665e-11,0
5458,-9.3134626481430258e-11,-2.4674225662046044e-05,-2.4673990209594546e-05,-2.3545245149807497e-10,1.6857106644856280e-11,0
5459,-2.1211866674004795e-10,5.4793675557418195e-05,5.4795102664771398e-05,-1.4271073532032838e-09,1.8953223521151712e-11,0
5460,6.6349815975496952e-11,-7.9476052665039738e-05,-7.9473234691188090e-05,-2.8179738516476626e-09,1.1738075282933844e-11,0
5461,-2.6892987389814340e-11,-2.4670446578331463e-05,-2.4672975291195359e-05,2.5287128638960463e-09,9.9387858039491205e-12,0
5462,-9.3242803382875463e-11,5.4805577781593187e-05,5.4796970673976502e-05,8.6071076166855764e-09,2.0127574223476890e-11,0
5464,-1.1110944883908208e-10,-2.4682570271148709e-05,-2.4673805293306989e-05,-8.7649778417196505e-09,1.4697369240054074e-11,0
5466,-2.9386577815849367e-10,8.7399796368219790e-06,8.7812077583712701e-06,-4.1228121549291092e-08,5.0129540185906263e-11,0
5467,1.6763262712323613e-10,-3.3420034662228967e-05,-3.3454403720389979e-05,3.4369058161011891e-08,7.5714324413257719e-11,0
5468,1.1423504043193952e-10,-7.9449595868522592e-05,-7.9473041641855874e-05,2.3445773333281611e-08,2.8219052412064920e-11,0
5469,-1.2623315131501943e-10,-2.4680074133932514e-05,-2.4673830012161278e-05,-6.2441217712356763e-09,2.7515048977966924e-11,0
5470,-2.4046819188092910e-10,5.4769617016550351e-05,5.4795902561122628e-05,-2.6285544572276782e-08,3.5176932235161821e-11,0
5471,9.0632130797176771e-11,-7.9474084061722811e-05,-7.9473496011943096e-05,-5.8804977971478947e-10,7.3478062838593082e-12,0
5472,-7.9654611998493837e-11,-2.4672798669540981e-05,-2.4673105970205774e-05,3.0730066479341860e-10,6.8539675250816060e-12,0
5473,-1.7028674289878760e-10,5.4801312831156100e-05,5.4797072497101439e-05,4.2403340546614556e-09,1.3174062207242235e-11,0
5474,-2.0573090781420591e-10,5.4796559501442757e-05,5.4796853013646936e-05,-2.9351220417897853e-10,2.2961594472917141e-11,0
5475,5.0321222218650656e-11,-4.6007946024538907e-05,-4.6009080478353466e-05,1.1344538145596273e-09,4.2571016882035922e-11,0
5476,-1.7360365141341608e-10,8.7849425879477604e-06,8.7833695746402735e-06,1.5730133074868874e-09,3.1400735613406718e-11,0
5477,8.1098224263109808e-11,-3.3458122256215233e-05,-3.3455724180476156e-05,-2.3980757390769836e-09,3.5473426668488191e-11,0
5478,1.3141944657807419e-10,-7.9466050957406088e-05,-7.9473252989424673e-05,7.2020320185850386e-09,1.8305325791997676e-11,0
5479,-9.2505427085605337e-11,-2.4673197530056777e-05,-2.4673025457955191e-05,-1.7207210158628225e-10,2.0461589562659170e-11,0
5480,-2.2392487381307907e-10,5.4792913658199133e-05,5.4796896707665642e-05,-3.9830494665094398e-09,2.2801610766402923e-11,0
5481,-8.7958175867691860e-11,8.7908778801737766e-06,8.7847059350538747e-06,6.1719451199019834e-09,2.1849257972355794e-11,0
5482,-3.7561023525613877e-11,-3.3471681248278470e-05,-3.3457288367697771e-05,-1.4392880580699349e-08,2.1247372006624520e-11,0
5483,-1.2551919876226615e-10,-2.4680848946385427e-05,-2.4673268579086006e-05,-7.5803672994204031e-09,1.8689403337482998e-11,0
5484,-1.1376128604344786e-10,8.7892296647502574e-06,8.7846093233249445e-06,4.6203414253129417e-09,1.2396649109730657e-11,0
5485,6.6522290858246722e-11,-7.9478111815149926e-05,-7.9474501002715705e-05,-3.6108124342213799e-09,2.1215878445372147e-11,0
5486,1.4278751082304126e-11,-2.4666540591233681e-05,-2.4671297233680870e-05,4.7566424471889195e-09,2.0442657554784849e-11,0
5487,-5.2243539744319390e-11,5.4811513145436828e-05,5.4799849706690271e-05,1.1663438746557016e-08,4.8885580300173892e-11,0
5488,-2.8890048977523608e-11,8.8127290899017025e-06,8.7861052357736783e-06,2.6623854128024173e-08,7.6113415972556671e-11,0
5489,2.2980480817124830e-11,-7.9480884961866637e-05,-7.9475215284022712e-05,-5.6696778439241412e-09,1.1019793264077709e-11,0
5490,4.2523882558560453e-11,8.8126381628805817e-06,8.7872045640628350e-06,2.5433598817746689e-08,3.2893543760280053e-11,0
5491,-2.1107188435612052e-11,-2.7919520912553491e-05,-2.7923641668171133e-05,4.1207556176417069e-09,4.3732002814202135e-11,0
5492,1.2267301131968368e-11,-7.9482506132651926e-05,-7.9475540179546432e-05,-6.9659531054934529e-09,2.6405207200762242e-11,0
5494,-1.4711198684586149e-11,8.7988876139883515e-06,8.7867687168195864e-06,1.2118897168765069e-08,2.5698475698834543e-11,0
5495,1.0735929112048206e-10,-5.1558707789684660e-05,-5.1548881926217333e-05,-9.8258634673273511e-09,6.4866346187244883e-11,0
5496,-5.7613654476629760e-12,8.8004550521363772e-06,8.7871032809321421e-06,1.3351771204235118e-08,2.8056081292302565e-11,0
5497,-1.3837499149158610e-10,-2.7939554538543819e-05,-2.7925286172126863e-05,-1.4268366416956028e-08,5.6149753887083625e-11,0
5498,1.1800997715021965e-11,-7.9500921824270272e-05,-7.9475757081567746e-05,-2.5164742702526153e-08,3.2386649196439920e-11,0
5499,1.5017598901043152e-10,-5.1561308648755307e-05,-5.1548353552052138e-05,-1.2955096703168084e-08,6.7003980798122441e-11,0
5500,-3.6804800057306255e-11,8.7964186663899019e-06,8.7868644679021355e-06,9.5541984877664217e-09,3.9279730464960308e-11,0
5501,6.6845917071572703e-11,-4.6007947499329682e-05,-4.6009164341049252e-05,1.2168417195702473e-09,3.5922368748583126e-11,0
5502,-1.6578134454987668e-10,8.7862745492394562e-06,8.7854898805437838e-06,7.8466869567231877e-10,3.6603205365942826e-11,0
5503,-2.3262726178413836e-10,5.4794247678551650e-05,5.4799126936813974e-05,-4.8792582623240753e-09,3.8550079451288176e-11,0
5508,3.2264105787905313e-11,-2.7918595056667175e-05,-2.7923610719862828e-05,5.0156631956524531e-09,2.3045115235179537e-11,0
5509,1.0512567886093764e-10,-7.9477313098822583e-05,-7.9475044482685568e-05,-2.2686161370148207e-09,2.4083168415394244e-11,0
5510,-3.3856431104259649e-11,-2.4667861782567968e-05,-2.4670947732204976e-05,3.0859496370083542e-09,2.3973137161166924e-11,0
5511,7.2861573191392046e-11,-5.1558759645804319e-05,-5.1549292979095422e-05,-9.4666667088967702e-09,4.5104819235037201e-11,0
5512,-6.6120536975804793e-11,3.2506719083594607e-06,3.2517850556740045e-06,-1.1131473145438010e-09,4.0608323664173833e-11,0
5513,-1.3898211006541286e-10,5.4809422393697882e-05,5.4800690277803515e-05,8.7321158943678436e-09,4.1706099814807568e-11,0
5514,-2.1154491629253609e-10,5.5223282487797121e-06,5.5571122579520324e-06,-3.4784009172320365e-08,6.5188673705217574e-11,0
5515,-5.4017462358793410e-11,-4.6028962385216698e-05,-4.6010762483613142e-05,-1.8199901603556346e-08,4.7090658558927362e-11,0
5516,-2.5443649616916386e-10,8.7751089805458704e-06,8.7852065491368434e-06,-1.0097568590972965e-08,3.4240547949429753e-11,0
5517,1.6869223882845742e-10,-3.3445640277716265e-05,-3.3455713781422149e-05,1.0073503705883627e-08,3.4747687302352846e-11,0
5518,-4.2852677977862780e-11,-2.7923427754209451e-05,-2.7924800095965659e-05,1.3723417562081853e-09,2.7730189958898566e-11,0
5519,1.1467477577404227e-10,-7.9474666033347782e-05,-7.9475202856815934e-05,5.3682346815139750e-10,2.0334676663840253e-11,0
5520,-8.5744257740716045e-11,-2.4670559984497648e-05,-2.4671330071812250e-05,7.7008731460208963e-10,1.9010965949233269e-11,0
5521,1.5752745373230555e-10,-5.1551393591769794e-05,-5.1548247076196574e-05,-3.1465155732196830e-09,3.7043884378869195e-11,0
5522,-4.2891579747624462e-11,3.2526813102890309e-06,3.2525926162374906e-06,8.8694051540336941e-11,3.0782385451528612e-11,0
5523,-2.0041903366590900e-10,5.4804147178864893e-05,5.4800452114918288e-05,3.6950639466042622e-09,2.4148358305453493e-11,0
5524,-1.1321326910266836e-10,5.5340135121182549e-06,5.5583196596095004e-06,-2.4306147491245529e-08,3.1154598163699174e-11,0
5525,6.7255943845220297e-11,-4.6006847654017635e-05,-4.6009308677482324e-05,2.4610234646883517e-09,2.4761933663840231e-11,0
5526,-1.7562120882390483e-10,8.7856307493970262e-06,8.7864234512190003e-06,-7.9270182197405971e-10,1.7298096802936764e-11,0
5527,6.4992996584010939e-11,-3.3458244555416788e-05,-3.3457080878462342e-05,-1.1636769544452340e-09,2.4649377958026855e-11,0
5528,-4.8220272531466482e-11,-2.7924328272685645e-05,-2.7925014795005083e-05,6.8652231943801289e-10,2.7092130774634312e-11,0
5529,1.3224894041375211e-10,-7.9465107727797087e-05,-7.9475140648700986e-05,1.0032920903899241e-08,1.9955829944475167e-11,0
5530,-1.1062821224879677e-10,-2.4672650606192073e-05,-2.4671493649304009e-05,-1.1569568880642961e-09,1.7640699183126016e-11,0
5531,1.8046921292512310e-10,-5.1540856804050544e-05,-5.1547961866037495e-05,7.1050619869508715e-09,2.9628006941890011e-11,0
5532,-6.2407939699540699e-11,3.2516102526740365e-06,3.2526440298024616e-06,-1.0337771284251167e-09,2.1992369059639610e-11,0
5533,-2.4287715280694235e-10,5.4792446343192996e-05,5.4800218418318321e-05,-7.7720751253242213e-09,2.0362006796997434e-11,0
5534,-8.1270397951318878e-12,5.5652647485485152e-06,5.5596099999126378e-06,5.6547486358773404e-09,3.3084826838546156e-11,0
5535,4.0900333143356540e-11,-4.6017308942845891e-05,-4.6009683030391767e-05,-7.6259124541245551e-09,2.6309982695841634e-11,0
5536,-1.2513448210469930e-10,8.7940293688254165e-06,8.7874015089894801e-06,6.6278598359364083e-09,1.9338757009684073e-11,0
5537,8.7373975485694947e-11,-3.3458634709667898e-05,-3.3456940884647571e-05,-1.6938250203273769e-09,2.2754710008790375e-11,0
5538,7.9246935674526801e-11,-2.7893384608021835e-05,-2.7923663528652579e-05,3.0278920630744067e-08,3.1414543792250162e-11,0
5539,1.2827430860748627e-10,-7.9475954425152050e-05,-7.9475410227960292e-05,-5.4419719175847342e-10,2.3241007274520516e-11,0
5540,-3.7760506633320459e-11,-2.4664666853998433e-05,-2.4670394835117976e-05,5.7279811195429979e-09,1.9280773108234790e-11,0
5541,4.9027373107962340e-11,-5.1582573629581005e-05,-5.1549570776077665e-05,-3.3002853503340452e-08,3.3216587993564629e-11,0
5542,-1.1700744243095285e-10,3.2287746356230926e-06,3.2523919974090954e-06,-2.3617361786002799e-08,2.8397385775802221e-11,0
5543,-1.6603481533627649e-10,5.4811319864367382e-05,5.4801575439711336e-05,9.7444246560459574e-09,2.2144275178526297e-11,0
5546,9.6919689235366057e-11,-7.9483069772997260e-05,-7.9475985834519033e-05,-7.0839384782266221e-09,1.6551435195354313e-11,0
5547,-2.9309260559120850e-11,3.2584317435643633e-06,3.2540353448984398e-06,4.3963986659235087e-09,6.8015101240425031e-11,0
5548,-2.1289430895503131e-10,5.5163404730305260e-06,5.5570956889329646e-06,-4.0755215902438599e-08,5.5102907795622205e-11,0
5549,-2.6802925698342045e-12,-4.6024792382992749e-05,-4.6010334118729173e-05,-1.4458264263576153e-08,4.7389584003385550e-11,0
5550,-2.4419111807848507e-10,8.7714087097200133e-06,8.7867582284117452e-06,-1.5349518691731932e-08,3.3332071509597537e-11,0
5551,1.2497954257667726e-10,-3.3444050878946550e-05,-3.3456787289233683e-05,1.2736410287132781e-08,3.2194774559701813e-11,0
5552,-8.7914766758687597e-11,-2.7927818570362174e-05,-2.7926204970543668e-05,-1.6135998185065766e-09,2.4319376629747349e-11,0
5553,1.2229924951734184e-10,-7.9468871173341005e-05,-7.9475988224122820e-05,7.1170507818157707e-09,1.9010726916690770e-11,0
5554,-1.1921157580272950e-10,-2.4672735113824736e-05,-2.4670928491483384e-05,-1.8066223413511174e-09,1.6427221220916377e-11,0
5555,2.1021401619024568e-10,-5.1541143672784173e-05,-5.1547580049051142e-05,6.4363762669689887e-09,2.9265279465336400e-11,0
5556,-3.1296808990649936e-11,3.2550482062989466e-06,3.2544007424222680e-06,6.4746387667862838e-10,2.6738873694717549e-11,0
5557,-2.4151082546931445e-10,5.4796125345915256e-05,5.4801593786243962e-05,-5.4684403287064490e-09,2.2531404291704104e-11,0
5558,-1.5190471829034940e-10,5.5269850606168985e-06,5.5578445722778622e-06,-3.0859511660963710e-08,3.1590973913614418e-11,0
5559,-1.9106382953893817e-10,8.7817961265286570e-06,8.7876463641100444e-06,-5.8502375813873500e-09,1.5423075629489165e-11,0
5560,4.6073389133041119e-11,-3.3461189777993596e-05,-3.3457844930799543e-05,-3.3448471940537481e-09,1.1607908853020858e-11,0
5561,-1.0583132912376743e-10,-2.7934237493748917e-05,-2.7926565785797611e-05,-7.6717079513068456e-09,1.1710293601702611e-11,0
5562,-1.4499044037729461e-10,-2.4679405929083423e-05,-2.4671110662963725e-05,-8.2952661196975821e-09,7.5368007628158053e-12,0
5563,-3.9159111183699619e-11,3.2547734473366199e-06,3.2545796625695639e-06,1.9378476705600927e-10,1.8512121129613979e-11,0
5564,1.6479493266504975e-11,3.2598609434070919e-06,3.2554603417127706e-06,4.4006016943212409e-09,2.8672288326284813e-11,0
5565,-2.1959005772518445e-11,-4.6038917435460049e-05,-4.6010644264604693e-05,-2.8273170855355138e-08,8.8254529611736668e-11,0
5566,-1.6072354516465585e-10,-2.7944881612078712e-05,-2.7927421803583746e-05,-1.7459808494966393e-08,1.7620401423686810e-11,0
5567,-1.4483377864643157e-10,-2.4684831190025305e-05,-2.4670935080351717e-05,-1.3896109673587869e-08,1.4162399241200037e-11,0
5568,1.5889766637889706e-11,3.2599907229136776e-06,3.2556116201680234e-06,4.3791027456542358e-09,3.4257513683919592e-11,0
5569,2.2941509790866638e-10,-5.1542514396053438e-05,-5.1547334343354692e-05,4.8199473012540232e-09,5.2692533532383184e-11,0
5571,-2.3187019860489089e-10,5.4800021304096322e-05,5.4802526289552908e-05,-2.5049854565856525e-09,3.6595552688518865e-11,0
5572,-5.0991307856978128e-11,-2.7925011880484919e-05,-2.7926292288133638e-05,1.2804076487188865e-09,1.5344105713500868e-11,0
5573,9.5011270084957368e-11,-7.9479208086635517e-05,-7.9476881398617797e-05,-2.3266880177201391e-09,1.0742382556840808e-11,0
5574,-6.3642694041897619e-11,-2.4667896961764174e-05,-2.4669730261713418e-05,1.8332999492447438e-09,9.6253927731271521e-12,0
5575,1.4600257790234778e-10,-5.1554230820722007e-05,-5.1548355733429552e-05,-5.8750872924552403e-09,2.6275247986725792e-11,0
5576,-1.2651386167980073e-11,3.2571068471851788e-06,3.2556873509516746e-06,1.4194962335042132e-09,2.3658795445789347e-11,0
5577,-1.5865396420044318e-10,5.4811288639086686e-05,5.4803656442525097e-05,7.6321965615888210e-09,1.8196856187627776e-11,0
5578,1.2498546866082047e-10,-5.1555307094185154e-05,-5.1548611636633927e-05,-6.6954575512272424e-09,1.2694988538326445e-11,0
5579,-2.1248127962922152e-11,3.2569776903039168e-06,3.2557611017568562e-06,1.2165885470605878e-09,1.2533971126758363e-11,0
5580,-1.4623359667608155e-10,5.4812300780920356e-05,5.4803986158139114e-05,8.3146227812416588e-09,9.5170844791788884e-12,0
5581,-3.6431759687419662e-12,5.5419035283688425e-06,5.5596650567002605e-06,-1.7761528331418004e-08,5.6658384503889606e-11,0
5582,1.5485075621791128e-10,-4.5996875055692374e-05,-4.6008582905119806e-05,1.1707849427432541e-08,4.8162963813631035e-11,0
5583,-9.5952688030074338e-11,8.7926686695844174e-06,8.7898708391541449e-06,2.7978304302725822e-09,3.5247543277964026e-11,0
5584,-1.1965418745606312e-11,-3.3464053289626594e-05,-3.3458955340809564e-05,-5.0979488170301208e-09,4.9566488987799647e-11,0
5585,-1.5608594412620276e-11,-2.7922029173155097e-05,-2.7926088985844955e-05,4.0598126898575178e-09,4.0992448361749550e-11,0
5586,1.4288533781995005e-10,-7.9460868867953227e-05,-7.9476532160933751e-05,1.5663292980523593e-08,2.8113302183419714e-11,0
5588,1.5849393224972904e-10,-5.1538788863464413e-05,-5.1548196898722616e-05,9.4080352582026367e-09,4.0581544124877987e-11,0
5589,-9.2309512114469006e-11,3.2506857189891838e-06,3.2551614098171355e-06,-4.4756908279516577e-09,3.3634491687462051e-11,0
5590,-2.5080344445173274e-10,5.4789659042436475e-05,5.4802971822032103e-05,-1.3312779595627878e-08,2.6924532812412681e-11,0
5591,1.4069128273027075e-10,-7.9463074177733503e-05,-7.9476701714048531e-05,1.3627536315027758e-08,2.0165125540021874e-11,0
5592,1.1228070307576305e-10,5.5720204707766785e-06,5.5610884711115756e-06,1.0931999665102874e-08,5.8636040000922273e-11,0
5593,-1.0165661834695554e-12,8.7999595057893648e-06,8.7912923602652401e-06,8.6671455241246688e-09,2.9060905408204126e-11,0
5594,-1.1329726932668033e-10,3.2279985033595998e-06,3.2552025523317740e-06,-2.7204048972174229e-08,3.8956558977008468e-11,0
5595,3.6582413797782924e-12,3.2636243856207746e-06,3.2568647193934995e-06,6.7596662272751343e-09,2.3958218839983274e-11,0
5596,-9.2358748065463041e-11,-2.7928735085600009e-05,-2.7927601313923833e-05,-1.1337716761758985e-09,2.9900508459909596e-12,0
5597,1.1756572029484313e-10,-7.9475158319563914e-05,-7.9477431334214655e-05,2.2730146507403751e-09,2.2415638516850119e-12,0
5598,-1.1457379896104763e-10,-2.4670376635684520e-05,-2.4669591285163783e-05,-7.8535052073686637e-10,2.0458230092794228e-12,0
5599,2.0992446825153410e-10,-5.1546494816506749e-05,-5.1547551940452814e-05,1.0571239460649461e-09,5.6620156890400379e-12,0
5600,-2.2215050828904962e-11,3.2582928745448353e-06,3.2571369254922652e-06,1.1559490525701081e-09,4.5790235937240560e-12,0
5601,-2.3213951939798407e-10,5.4804784458906131e-05,5.4804302762447666e-05,4.8169645846412625e-10,4.0362424594742541e-12,0
5602,-3.3721084753292788e-11,-2.7925686244229947e-05,-2.7927404735200651e-05,1.7184909707042772e-09,2.9256122798468601e-12,0
5603,1.0257358878071698e-10,-7.9480571033361050e-05,-7.9478155702999119e-05,-2.4153303619309230e-09,1.6572089549762697e-12,0
5604,-6.2423899612357476e-11,-2.4666373245525752e-05,-2.4668451515229026e-05,2.0782697032738771e-09,1.4375591837800407e-12,0
5605,1.3629467353764380e-10,-5.1554935406203112e-05,-5.1548443679174673e-05,-6.4917270284391496e-09,4.7897256216937538e-12,0
5606,-2.8702814857942888e-11,3.2592583114283763e-06,3.2580811439780911e-06,1.1771674502852110e-09,4.8694724387763409e-12,0
5607,-1.6499748847417267e-10,5.4814192011229650e-05,5.4806139071423197e-05,8.0529398064529121e-09,3.4244680218342456e-12,0
5608,-1.1902304116243155e-10,5.5253167235242914e-06,5.5582483221650979e-06,-3.2931598640806462e-08,5.8030384050805156e-11,0
5609,-1.6021260612227136e-10,8.7844468250660585e-06,8.7914508476759184e-06,-7.0040226098599912e-09,4.2450686232143658e-11,0
5610,-4.1189564897873725e-11,3.2590935378362532e-06,3.2585567019451566e-06,5.3683589109659093e-10,3.3163212131451146e-11,0
5611,-1.2151859067411083e-10,5.5279252371672263e-06,5.5582176796333916e-06,-3.0292442466165277e-08,6.1350655408398284e-11,0
5612,5.2738810924403326e-11,-4.6020805185789127e-05,-4.6010205740514999e-05,-1.0599445274127762e-08,3.9163768507709903e-11,0
5613,-1.8295782439670599e-10,8.7864789183895314e-06,8.7914073546147947e-06,-4.9284362252632999e-09,3.2202144720595288e-11,0
5614,7.7171176644329414e-11,-3.3454812639921103e-05,-3.3458841424490796e-05,4.0287845696937137e-09,3.3009139401432158e-11,0
5615,-4.4347414358500802e-11,-2.7926925385526186e-05,-2.7927997529540149e-05,1.0721440139638055e-09,3.1455033945968979e-11,0
5616,1.2990998716116181e-10,-7.9475660748023862e-05,-7.9478297246557907e-05,2.6364985340456221e-09,2.2425810851881035e-11,0
5617,-1.0578664801447264e-10,-2.4668431486735490e-05,-2.4668542841675465e-05,1.1135493997502092e-10,2.0302709917774975e-11,0
5618,1.7425740150078891e-10,-5.1548736652047740e-05,-5.1547966629772488e-05,-7.7002227525177361e-10,3.6034239855714384e-11,0
5619,-6.1439233638144096e-11,3.2584773422793256e-06,3.2585835192107436e-06,-1.0617693141793389e-10,3.0996199480302597e-11,0
5620,-2.3569663532603590e-10,5.4807229378069089e-05,5.4806164707948245e-05,1.0646701208434747e-09,2.5977161132419534e-11,0
5621,-1.7115374684343349e-11,5.5371225857634918e-06,5.5594996333037872e-06,-2.2377047540295478e-08,2.3637935374857715e-11,0
5622,1.7215380336083143e-10,-4.5987590176505694e-05,-4.6008774438479068e-05,2.1184261973374138e-08,1.7844659018952457e-11,0
5623,-9.7586959852373411e-11,8.7936410514714500e-06,8.7927025273287776e-06,9.3852414267237656e-10,1.4556335036676100e-11,0
5624,-2.8449387012685775e-11,-3.3465092812193578e-05,-3.3460231275802405e-05,-4.8615363911733329e-09,2.0528716618426484e-11,0
5625,-4.5564761447514874e-11,-2.7928016681329475e-05,-2.7928159939732991e-05,1.4325840351570918e-10,2.6210813435757322e-11,0
5626,1.4370441662342609e-10,-7.9452691050019113e-05,-7.9478280078050460e-05,2.5589028031347658e-08,2.0047335823298445e-11,0
5627,-1.2603634664968527e-10,-2.4671461655107786e-05,-2.4668650783318810e-05,-2.8108717889759787e-09,1.7566630391889462e-11,0
5628,1.8926917806221281e-10,-5.1524705571206336e-05,-5.1547778822201337e-05,2.3073250995001124e-08,2.6231487941723231e-11,0
5629,-8.0471585188500876e-11,3.2564622711216476e-06,3.2586382771701650e-06,-2.1760060485173600e-09,2.1058592493069378e-11,0
5630,-2.6974076339134328e-10,5.4781182612062898e-05,5.4806031757438378e-05,-2.4849145375479577e-08,1.7366791564368578e-11,0
5631,-1.2861733380519534e-10,5.5247046125712213e-06,5.5581305150788732e-06,-3.3425902507651951e-08,4.8302706062097685e-11,0
5632,9.5190575821140138e-11,-4.6004881417587452e-05,-4.6009773031971286e-05,4.8916143838346918e-09,4.6534511909283619e-11,0
5633,-1.7688140297571889e-10,8.7846684127500241e-06,8.7921070389175107e-06,-7.4386261674866416e-09,3.0829416572684949e-11,0
5634,4.0273759095025467e-11,-3.3456631983415971e-05,-3.3459529788958112e-05,2.8978055421408815e-09,2.2987719218459558e-11,0
5635,-8.8343574872607133e-11,-2.7931755854988978e-05,-2.7928911058821223e-05,-2.8447961677545289e-09,1.5989873579917350e-11,0
5636,1.3546433471936085e-10,-7.9461462284810547e-05,-7.9478614373697804e-05,1.7152088887257134e-08,1.3759202460124196e-11,0
5637,-1.3660764401436127e-10,-2.4671991012872874e-05,-2.4668565097671776e-05,-3.4259152010974038e-09,1.1194240335991762e-11,0
5638,2.2380790952858067e-10,-5.1529631992761754e-05,-5.1547349395986122e-05,1.7717403224367571e-08,3.4244069641428539e-11,0
5639,-4.8264069080311870e-11,3.2598189311980590e-06,3.2594755251465256e-06,3.4340605153341391e-10,2.8434708586836871e-11,0
5640,-2.7207197887737343e-10,5.4789524225641595e-05,5.4806439730974693e-05,-1.6915505333097846e-08,2.5588497566397133e-11,0
