obs_index,gravity_template_s,obs_minus_base_s,fit_s,obs_minus_base_minus_fit_s,sigma_s,flag
0,-1.2115562085564961e-10,-5.8339145535255856e-06,-5.8767903382683541e-06,4.2875784742768568e-08,1.4658291717131499e-11,0
1,-1.1881633072252226e-10,-7.5798786123328077e-06,-7.5856114504146706e-06,5.7328380818628860e-09,8.0365477899711973e-12,0
2,1.2151381897439656e-11,-1.8483946783159899e-04,-1.8482302726777170e-04,-1.6440563827289706e-08,1.5135865609986733e-11,0
3,-2.0088983484281513e-11,-6.4215068705242295e-06,-6.4027488772861581e-06,-1.8757993238071437e-08,1.1609847246344684e-11,0
4,-1.8804629392118003e-10,-2.3073953074410382e-05,-2.3060760156690333e-05,-1.3192917720048912e-08,4.9911183452715797e-11,0
5,-2.2402630451919686e-10,8.8951710312681377e-05,8.8947841704647754e-05,3.8686080336235293e-09,9.7629013150592947e-12,0
6,-3.0095202620072941e-11,-4.3528224674339172e-05,-4.3509702008630432e-05,-1.8522665708739852e-08,9.4478101577509178e-12,0
7,2.3392901330653437e-12,-1.7459783922131307e-06,-1.7502802774883038e-06,4.3018852751731195e-09,5.5931201017236812e-12,0
8,1.3330700293099213e-10,-1.7900553923367452e-04,-1.7897586048509447e-04,-2.9678748580041700e-08,1.4833458874294111e-11,0
9,1.0106663758795005e-10,-5.8761788767312806e-07,-5.5811764661870215e-07,-2.9500241054425910e-08,1.3096456245634751e-11,0
10,-6.6890673058846400e-11,-1.7240047902959774e-05,-1.7238628328389755e-05,-1.4195745700190394e-09,3.4654187470288895e-11,0
11,-1.0287068366227284e-10,9.4785596046883733e-05,9.4786633562324277e-05,-1.0375154405446946e-09,5.9387048219479908e-12,0
12,9.1060418466573243e-11,-3.7694346294012138e-05,-3.7656718906286274e-05,-3.7627387725863823e-08,8.3571322679017488e-12,0
13,1.3096771278795546e-10,-1.7725958651201943e-04,-1.7722583377120901e-04,-3.3752740810416224e-08,6.9413396875445189e-12,0
14,9.8727347446715779e-11,1.1583548449461967e-06,1.1944015764461775e-06,-3.6046731499980846e-08,7.2544005035951949e-12,0
15,-6.9229963192651968e-11,-1.5494170710174306e-05,-1.5488622238829494e-05,-5.5484713448122425e-09,2.4624923181010088e-11,0
16,-1.0520997379518269e-10,9.6531577605114740e-05,9.6537435372858737e-05,-5.8577677439973453e-09,4.3930703869112084e-12,0
17,8.8721128322444965e-11,-3.5948352582087714e-05,-3.5910990567373183e-05,-3.7362014714531066e-08,6.1744319507305563e-12,0
18,-3.2240365259973652e-11,1.7841796739567761e-04,1.7841956667420631e-04,-1.5992785286995850e-09,1.0096815240613160e-11,0
19,-2.3617768695043743e-10,2.7379116164743611e-04,2.7376748096532010e-04,2.3680682116015029e-08,1.1249759368048903e-11,0
20,-4.2246584360340046e-11,1.4131123337139413e-04,1.4131466484795140e-04,-3.4314765572757665e-09,8.4794563501167268e-12,0
21,-2.0393732183569217e-10,9.5373232588135542e-05,9.5350475905827686e-05,2.2756682307856885e-08,9.8730066881647784e-12,0
22,-1.0006219093469921e-11,-3.7106724083155190e-05,-3.7109661029942284e-05,2.9369467870939158e-09,6.9370212654570356e-12,0
23,2.0019767614935668e-10,-1.6176547164204434e-04,-1.6174157580573271e-04,-2.3895836311635735e-08,5.9099174954186515e-11,0
24,1.6795731084764606e-10,1.6652524182399556e-05,1.6672642188334749e-05,-2.0118005935192997e-08,6.6623662289336811e-11,0
25,-3.5980010607074088e-11,1.1202574417380366e-04,1.1202197002768597e-04,3.7741461176866433e-09,2.9314644113484804e-11,0
26,1.5795109173261347e-10,-2.0454178608659591e-05,-2.0427415618173584e-05,-2.6762990486007285e-08,3.2427423142365884e-11,0
27,1.9393110237813292e-10,-1.3247993646808582e-04,-1.3245389474466978e-04,-2.6041723416038963e-08,4.7979370177722044e-12,0
29,6.6262029857170098e-11,4.7641965674749542e-06,4.7469843579028240e-06,1.7212209572130256e-08,1.9588610378092092e-11,0
32,2.7802135942097372e-11,4.7556177484898987e-06,4.7465083509771146e-06,9.1093975127841541e-09,6.6645753420643863e-12,0
34,5.5129591364435132e-10,-6.3795240456236690e-06,-6.3957451197707859e-06,1.6221074147116865e-08,2.2241000292708517e-11,0
35,3.1055206560031767e-12,-1.7495418525183119e-06,-1.7502383362904585e-06,6.9648377214665870e-10,4.7335361618303963e-12,0
36,1.4649647451418235e-10,-1.7902343213674690e-04,-1.7897517815029505e-04,-4.8253986451848646e-08,8.3259118420190875e-12,0
37,-3.5243174571661409e-11,-1.7225191735803069e-05,-1.7238203649498967e-05,1.3011913695898592e-08,2.5861991119072585e-11,0
38,1.4339095385637687e-10,-1.7727390208314465e-04,-1.7722520083978863e-04,-4.8701243356022786e-08,5.0534077185089270e-12,0
39,-3.8348695227539096e-11,-1.5475721298181377e-05,-1.5488237681971355e-05,1.2516383789978625e-08,1.8546940666688537e-11,0
40,1.8173964889412926e-10,-1.6179822209338827e-04,-1.6174132081415497e-04,-5.6901279233307093e-08,3.9064114253506012e-11,0
43,5.8586274184025180e-11,1.2858613878320713e-05,1.2824274624358788e-05,3.4339253961925150e-08,3.9609101109648436e-11,0
44,-5.3093289254749404e-11,-3.7123463255914115e-05,-3.7110212031586315e-05,-1.3251224327800516e-08,7.3631656809485615e-12,0
47,7.9276380542720149e-13,-1.7485092773512789e-06,-1.7502308662619658e-06,1.7215889106869255e-09,9.0887416115744007e-12,0
49,2.8883609195266118e-10,-1.7899294809541836e-04,-1.7897283478394597e-04,-2.0113311472390837e-08,1.2400570472311716e-11,0
50,-5.1927612644770440e-11,9.4790107595639055e-05,9.4787678797452735e-05,2.4287981863208149e-09,1.1253903654902584e-11,0
52,2.8804332814861021e-10,-1.7724446585841262e-04,-1.7722287325975440e-04,-2.1592598658219534e-08,9.8098426565095391e-12,0
53,-5.2720376450511290e-11,9.6538607785348108e-05,9.6538424891474546e-05,1.8289387356212970e-10,8.8241820407681995e-12,0
56,-3.4076370437529535e-10,2.7378306603364089e-04,2.7376547431571857e-04,1.7591717922323981e-08,9.3145504549205400e-12,0
57,-1.0732476471959323e-10,-2.3071172072403577e-05,-2.3059995360686649e-05,-1.1176711716928586e-08,1.6423785426116316e-11,0
58,-2.5202844678802938e-10,1.2812145973969957e-05,1.2820366181310696e-05,-8.2202073407388156e-09,6.9924751604886766e-12,0
59,1.3129937447555365e-10,-8.0679304789860184e-06,-8.0806695130343110e-06,1.2739034048292561e-08,8.7668328697678118e-12,0
60,2.3974609566908459e-11,-3.1139188759916458e-05,-3.1129158043521439e-05,-1.0030716395018839e-08,4.5686655444454173e-11,0
61,-1.2072907255687703e-10,4.7441951576392832e-06,4.7446683106884058e-06,-4.7315304912257014e-10,1.1466028751568630e-11,0
62,-1.4470368210896827e-10,3.5883372065606198e-05,3.5876261975349224e-05,7.1100902569739915e-09,4.1465160385230830e-11,0
63,2.2459932131502823e-11,-3.7105751298027213e-05,-3.7109287229012689e-05,3.5359309854759795e-09,1.6542299641851027e-11,0
64,3.0099149567768053e-12,-7.5434610136990501e-06,-7.5843981794768093e-06,4.0937165777759133e-08,4.8665645049417716e-12,0
65,-2.6727184862432989e-11,-2.3043382112729414e-05,-2.3059073470345958e-05,1.5691357616543850e-08,2.7498047913020181e-11,0
66,-2.8045956979821361e-10,1.2811651227436285e-05,1.2819969584220824e-05,-8.3183567845385154e-09,8.2905082759930204e-12,0
67,1.9880872080227257e-10,-8.0641601087894088e-06,-8.0798071775572937e-06,1.5647068767884881e-08,7.5166135299391029e-12,0
68,2.0181863528394024e-10,-1.5607589563489122e-05,-1.5651056971134749e-05,4.3467407645627698e-08,5.7084822090442668e-12,0
69,1.7208153556154319e-10,-3.1107633008307933e-05,-3.1127397380449430e-05,1.9764372141497003e-08,2.9036205894933200e-11,0
70,-8.1650849388542556e-11,4.7474754627664217e-06,4.7451538991637650e-06,2.3215636026566782e-09,9.1964493456266025e-12,0
71,-2.9737099856111983e-11,-1.5500047026269378e-05,-1.5488127109012658e-05,-1.1919917256719573e-08,1.2696241315899384e-11,0
72,-2.8346948479073911e-10,2.0355066991870063e-05,2.0396447645887795e-05,-4.1380654017731424e-08,5.7762306593317124e-12,0
73,-2.5373238493249429e-10,3.5854993391419565e-05,3.5874976704228877e-05,-1.9983312809311441e-08,3.4034790613866808e-11,0
74,-3.5819196215663350e-11,-3.7107595406098972e-05,-3.7110020311785405e-05,2.4249056864323205e-09,3.0180334547579843e-12,0
75,-3.5762335949392908e-11,-1.3908272159767789e-05,-1.3902949162258786e-05,-5.3229975090024961e-09,1.1463227187685872e-11,0
76,-3.6626385839057473e-11,-1.5659479634470494e-05,-1.5654084767575916e-05,-5.3948668945775352e-09,8.6551647751289452e-12,0
78,-3.6134375060853934e-11,-3.1143628519903193e-05,-3.1130058937102345e-05,-1.3569582800847788e-08,6.1129785013053723e-11,0
80,-6.0936910163695099e-11,4.7500858343101256e-06,4.7454117845262606e-06,4.6740497838649607e-09,1.0397637763328606e-11,0
81,-8.6404989174027734e-13,-1.7512388271984596e-06,-1.7501818456916527e-06,-1.0569815068069088e-09,3.4673673019188111e-12,0
83,-3.7203906231565516e-13,-1.7235349082891276e-05,-1.7237666245791902e-05,2.3171629006257398e-09,2.3768911209235601e-11,0
85,-2.5174574227812833e-11,1.8658363266571727e-05,1.8653838542565916e-05,4.5247240058115200e-09,1.1283453643551480e-11,0
87,4.9201082892281107e-13,-1.5484209752654986e-05,-1.5487750840137998e-05,3.5410874830126135e-09,1.8367436962479964e-11,0
89,-2.4310524333141641e-11,2.0409607474432614e-05,2.0399714451283896e-05,9.8930231487181261e-09,9.1361170503029238e-12,0
94,-2.4802535144197550e-11,3.5893767507103394e-05,3.5877885509582112e-05,1.5881997521281809e-08,6.5923857614531852e-11,0
96,1.3772025401188503e-10,1.7841886109539124e-04,1.7841928076940827e-04,-4.1967401702793818e-10,7.5834639753511220e-12,0
97,2.5514116183027975e-10,1.4131344707012366e-04,1.4131584612184372e-04,-2.3990517200578581e-09,5.5232820798630613e-12,0
98,1.1742090769172858e-10,-3.7105401706063329e-05,-3.7108131939823980e-05,2.7302337606506977e-09,5.8305447398866267e-12,0
99,7.2021367828411749e-11,-5.7982982851652320e-06,-5.8743946550024715e-06,7.6096369837239404e-08,2.6559645485387298e-11,0
100,7.2951786556582952e-11,-7.5438942600172115e-06,-7.5837198129938833e-06,3.9825552976671728e-08,1.3832334629054019e-11,0
102,2.1409280054449734e-11,-2.3051997389322669e-05,-2.3058675912755933e-05,6.6785234332636986e-09,7.1146795427203618e-11,0
103,-2.5541400832674265e-11,8.8969152674999753e-05,8.8950918481693961e-05,1.8234193305792382e-08,1.6527341641839620e-11,0
105,1.3914598660621570e-11,-8.0825398923742645e-06,-8.0820356273469587e-06,-5.0426502730574572e-10,4.6692858243570574e-11,0
106,8.5935966662380877e-11,-1.3880789190199271e-05,-1.3901584781303047e-05,2.0795591103776434e-08,2.6517233121831282e-11,0
107,8.6866385395293336e-11,-1.5626437720142605e-05,-1.5652656673072088e-05,2.6218952929483124e-08,1.3387651115748945e-11,0
109,3.5323878869739110e-11,-3.1134415874059952e-05,-3.1129288789904133e-05,-5.1270841558182260e-09,6.7401800857105525e-11,0
110,-1.1626802021966405e-11,8.0886657248667448e-05,8.0887992572305489e-05,-1.3353236380400733e-09,2.3896088320853278e-11,0
111,-1.4283270838437943e-10,4.7401939948493038e-06,4.7443976186397872e-06,-4.2036237904833449e-09,1.5165663015308727e-11,0
112,9.3041873444737080e-13,-1.7456145118096336e-06,-1.7501181637415730e-06,4.5036519319394535e-09,6.6294375181432970e-12,0
114,-5.0612087827448131e-11,-1.7253660130313753e-05,-1.7238248171207078e-05,-1.5411959106675081e-08,4.9823698288919374e-11,0
115,-9.7562768717136645e-11,9.4767421891603192e-05,9.4787781936202757e-05,-2.0360044599565660e-08,1.1865894133494789e-11,0
116,-2.2876867499208137e-10,1.8621004218403320e-05,1.8651423295505884e-05,-3.0419077102564060e-08,2.3129737918385830e-11,0
118,-5.1542506560981002e-11,-1.5508141224882064e-05,-1.5488394124232031e-05,-1.9747100650032741e-08,2.8354128876670815e-11,0
119,-9.8493187451323221e-11,9.6513055523124620e-05,9.6538405124277932e-05,-2.5349601153311515e-08,5.3841839582009603e-12,0
120,-2.2969909372589962e-10,2.0366656638313996e-05,2.0397244592282698e-05,-3.0587953968702451e-08,1.1507190274932422e-11,0
124,-4.6950680888634886e-11,1.1202117521103309e-04,1.1202277209679080e-04,-1.5968857577138961e-09,3.4303956473721325e-11,0
125,-1.7815658720960393e-10,3.5874645796624485e-05,3.5876085644965898e-05,-1.4398483414129574e-09,6.7026673793361694e-11,0
126,-1.3120590635714216e-10,-7.6146422659795210e-05,-7.6140038324433687e-05,-6.3843353615230690e-09,1.8166141199532703e-11,0
127,-7.8113015457130901e-11,1.7841604635544420e-04,1.7841603510113032e-04,1.1254313887071321e-11,1.9664447900893512e-11,0
128,-7.8518496031799267e-11,1.4130972870047049e-04,1.4131111234274400e-04,-1.3836422735097505e-09,1.4728850110964911e-11,0
129,-4.0548055735379066e-13,-3.7106337710467521e-05,-3.7109605333318742e-05,3.2676228512207891e-09,1.3524153758315261e-11,0
130,-1.0177963854463780e-10,-5.8691917897736590e-06,-5.8765500471400022e-06,7.3582573663432432e-09,3.2869240709461747e-11,0
131,-1.0200469253656462e-10,-7.6185162123402692e-06,-7.5859626001986408e-06,-3.2553612141628339e-08,1.7051980468314932e-11,0
132,-1.6742377008798482e-10,8.8918058123412663e-05,8.8949251318923292e-05,-3.1193195510628518e-08,2.1328187500388254e-11,0
133,-2.2505399404547912e-13,-1.7493456190900285e-06,-1.7501055261389783e-06,7.5990704894981729e-10,9.5768884495766284e-12,0
134,-6.5644131467268388e-11,9.4787258806237982e-05,9.4788340333855947e-05,-1.0815276179650503e-09,1.6257132636222720e-11,0
135,-6.5419077472638991e-11,9.6536619601048784e-05,9.6538948405327081e-05,-2.3288042782967488e-09,7.8319538465775925e-12,0
136,-1.6115360397513014e-10,-3.7112010750656827e-05,-3.7111612244278446e-05,-3.9850637838180405e-10,6.0185464070042609e-12,0
137,7.6112821823178757e-10,-1.7899021987988185e-04,-1.7896444945472194e-04,-2.5770425159907543e-08,4.8234789654172482e-11,0
139,1.5649433113012801e-10,-1.3895706039582581e-05,-1.3900977606164812e-05,5.2715665822311347e-09,2.3845890259589719e-11,0
140,1.5569848177226183e-10,-1.5646527734395482e-05,-1.5651994245355875e-05,5.4665109603931148e-09,1.9992637892016800e-11,0
143,1.0708039562972703e-10,8.0895508790554058e-05,8.0889654171491246e-05,5.8546190628117707e-09,3.7821775739807420e-11,0
144,-5.6204125157379558e-11,4.7488636605844039e-06,4.7454746501861616e-06,3.3890103982422691e-09,1.6985841545598517e-11,0
145,-7.9584935475381689e-13,-1.7507439953136415e-06,-1.7500629695901717e-06,-6.8102572346983494e-10,5.7373006564984627e-12,0
147,-1.3258554479495351e-11,-1.7234873594645277e-05,-1.7237708886826817e-05,2.8352921815402428e-09,2.9253105704248511e-11,0
148,-4.9413935644879742e-11,9.4791234529354251e-05,9.4788840815080444e-05,2.3937142738068243e-09,8.8793478102268225e-12,0
149,-2.1269845644943177e-10,1.8644592657244413e-05,1.8651825291129650e-05,-7.2326338852373242e-09,1.6652824411711246e-11,0
151,-1.2462705122985524e-11,-1.5484190770041328e-05,-1.5487905738143194e-05,3.7149681018664523e-09,2.2711679938989952e-11,0
152,-4.8618086289737512e-11,9.6541988840011226e-05,9.6539401767203008e-05,2.5870728082179719e-09,4.7764944966954039e-12,0
153,-2.1190260709266361e-10,2.0395343113753864e-05,2.0397608164715011e-05,-2.2650509611469433e-09,1.2558953016120113e-11,0
157,-3.6155381168968323e-11,1.1202611580391918e-04,1.1202330613105348e-04,2.8096728656911091e-09,3.5333846968974859e-11,0
158,-1.9943990197569531e-10,3.5879427375359874e-05,3.5876010220151155e-05,3.4171552087185696e-09,5.6560858398556099e-11,0
159,-1.6328452080429496e-10,-7.6146637074914550e-05,-7.6140676207397774e-05,-5.9608675167757046e-09,1.8680937386695836e-11,0
160,2.4670298189658460e-10,-1.8482310425934061e-04,-1.8481641946013113e-04,-6.6847992094846900e-09,3.5807446513777720e-11,0
161,1.0403450572184868e-10,-6.4121550293790019e-06,-6.4019805531824991e-06,-1.0174476196502831e-08,3.2181062909281750e-11,0
162,5.6772372243909139e-11,-4.3519596947752190e-05,-4.3509536058084741e-05,-1.0060889667448431e-08,2.5368001593556433e-11,0
163,-1.4266847618009990e-10,1.7841088703857838e-04,1.7841378814242829e-04,-2.9011038499076550e-09,2.4252348015209782e-11,0
164,-1.8993060966182257e-10,1.4130354730333694e-04,1.4130821594603480e-04,-4.6686426978591149e-09,1.7739727168743041e-11,0
165,-4.7262133497509838e-11,-3.7107308795104486e-05,-3.7110217361365549e-05,2.9085662610627049e-09,1.4145638636697136e-11,0
166,1.5018353368776158e-12,-1.7443768061354631e-06,-1.7499955873966062e-06,5.6187812611430554e-09,1.6498169534710015e-11,0
167,-1.0745673156937473e-10,9.4767274522676234e-05,9.4788355412290135e-05,-2.1080889613900810e-08,2.7391146950364179e-11,0
168,-1.0895856690559692e-10,9.6511700563178295e-05,9.6538845407427186e-05,-2.7144844248891062e-08,1.1676251690517511e-11,0
169,-6.3243195923642081e-11,-3.7109297433408212e-05,-3.7110427856643739e-05,1.1304232355274736e-09,1.2305264460683017e-11,0
173,-9.2335238593459146e-11,8.8961140469384203e-05,8.8950576862604187e-05,1.0563606780015556e-08,8.3455726723079005e-11,0
174,1.4892504566305861e-12,-1.7457262491215008e-06,-1.7499691671060710e-06,4.2429179845701706e-09,4.0499752261097416e-11,0
175,1.8810084430617206e-10,-1.7897855823553570e-04,-1.7897003705445174e-04,-8.5211810839575571e-09,6.5275379736379311e-11,0
176,-9.8962507445812707e-11,9.4785113776492576e-05,9.4788620956298941e-05,-3.5071798063651422e-09,3.5351674641272199e-11,0
177,1.8661159384663034e-10,-1.7723289880949757e-04,-1.7722039544342089e-04,-1.2503366076684454e-08,5.7029775314992163e-11,0
178,-1.0045175790490805e-10,9.6530899190034117e-05,9.6539082088071521e-05,-8.1828980374039047e-09,2.7095255612214863e-11,0
179,-2.8706335158908341e-10,2.7376378575878942e-04,2.7376352214180126e-04,2.6361698815622475e-10,4.5455820086188311e-11,0
181,2.3992554932957595e-10,-3.1103751800981919e-05,-3.1127200264862211e-05,2.3448463880292329e-08,7.7275598148763608e-11,0
182,2.4300307732007640e-11,4.7620216852475167e-06,4.7464759817844086e-06,1.5545703463108045e-08,1.4333130902651841e-11,0
185,-2.1562524187018963e-10,3.5865793386895186e-05,3.5876015330910275e-05,-1.0221944015088521e-08,7.3958855635593576e-11,0
186,1.4642100185288941e-10,-3.7101971698146746e-05,-3.7107844500935649e-05,5.8728027889023851e-09,2.0785945227692400e-11,0
187,5.6762616532930023e-11,-5.7782712034109771e-06,-5.8745838863150927e-06,9.6312682904115644e-08,9.4846591713175838e-12,0
189,2.0538763258371743e-11,-2.3036510603079499e-05,-2.3059268171089092e-05,2.2757568009592905e-08,3.1936035145694753e-11,0
190,-2.7090233078983547e-11,8.8974270207255353e-05,8.8951596220193302e-05,2.2673987062050657e-08,6.1439826225040780e-12,0
191,-2.3898648756586683e-10,1.2814559645218937e-05,1.2820041292642248e-05,-5.4816474233108686e-09,1.0564859897108624e-11,0
192,1.4416927250890232e-10,-8.0674680153353107e-06,-8.0802321554286775e-06,1.2764140093366800e-08,8.8736705561605666e-12,0
193,2.0093188861936198e-10,-1.3845722006022854e-05,-1.3900869976416718e-05,5.5147970393864241e-08,1.1687385249357145e-11,0
195,1.6470803542070740e-10,-3.1103999125715528e-05,-3.1128254042626105e-05,2.4254916910576791e-08,3.2454321791550268e-11,0
196,1.1707903911161716e-10,8.0906821923297165e-05,8.0890091829630359e-05,1.6730093666805497e-08,8.6064105451824959e-12,0
197,-9.4817215420993809e-11,4.7471016228674973e-06,4.7450002730659431e-06,2.1013498015541292e-09,1.2255466528956671e-11,0
199,-3.6223853322971985e-11,-1.7258238983363294e-05,-1.7237867790205777e-05,-2.0371193157516632e-08,2.5898231222873976e-11,0
200,-8.3852849683411565e-11,9.4752544801578881e-05,9.4789178218944759e-05,-3.6633417365878620e-08,6.6732471834112168e-12,0
201,-2.9574910413956154e-10,1.8592793398698737e-05,1.8651130933121009e-05,-5.8337534422272109e-08,1.4844853393186756e-11,0
205,-4.7628996355845936e-11,1.1201085613771330e-04,1.1202382634494911e-04,-1.2970207235812013e-08,1.9997282819005671e-11,0
206,-2.5952525081839235e-10,3.5851081298401977e-05,3.5875577188220197e-05,-2.4495889818220437e-08,4.2734087521803552e-11,0
207,-2.1189625447088348e-10,-7.6159716252752543e-05,-7.6141676512160109e-05,-1.8039740592434568e-08,7.5553403354988269e-12,0
208,1.3835016892695197e-10,1.7841564804659980e-04,1.7841526098448917e-04,3.8706211063425748e-10,7.7114511940969848e-12,0
209,2.1080391129333270e-10,1.4131075977425085e-04,1.4131107836094092e-04,-3.1858669006937582e-10,5.4926499470347215e-12,0
210,7.2453742271484071e-11,-3.7104879561004802e-05,-3.7108775743454964e-05,3.8961824501624318e-09,5.7154505534663025e-12,0
211,-1.3171183567168055e-12,-5.8263793727185778e-06,-5.8753041617987813e-06,4.8924789080203537e-08,8.7751785838400927e-12,0
212,-5.5438628572642440e-13,-7.5733482499767924e-06,-7.5852434551087535e-06,1.1895205131961080e-08,3.6681538555697537e-12,0
214,-4.6372954652878299e-11,-2.3066611628452067e-05,-2.3060162210941083e-05,-6.4494175109841242e-09,2.8039817992533954e-11,0
215,-8.9603597693085131e-11,8.8959337139427053e-05,8.8950897953227353e-05,8.4391861997001405e-09,5.9744600153937052e-12,0
216,-1.9769055294724322e-10,1.2816335931458561e-05,1.2820517013861586e-05,-4.1810824030247176e-09,1.2146137002497086e-11,0
217,6.2207327460165304e-11,-8.0733703504884922e-06,-8.0812278243204706e-06,7.8574738319783766e-09,1.4927294612264933e-11,0
218,6.0890209001721396e-11,-1.3899752253109139e-05,-1.3902685282082047e-05,2.9330289729075087e-09,1.9725665022734110e-11,0
219,6.1652941069449774e-11,-1.5646695195652149e-05,-1.5653533182041674e-05,6.8379863895242211e-09,8.1118326730364547e-12,0
221,1.5834372720742028e-11,-3.1140005322472528e-05,-3.1130163245722667e-05,-9.8420767498613813e-09,4.3003782291230738e-11,0
222,-2.7396270317059394e-11,8.0885980049957796e-05,8.0888355699150163e-05,-2.3756491923665208e-09,1.5118076285967785e-11,0
223,-1.3548322560025310e-10,4.7429579938980393e-06,4.7444967481329754e-06,-1.5387542349361080e-09,1.6811928223657427e-11,0
224,7.6273207290932686e-13,-1.7469699700133464e-06,-1.7498943442309579e-06,2.9243742176115657e-09,2.7859966491277454e-12,0
226,-4.5055836300375063e-11,-1.7240216029371005e-05,-1.7237955010939997e-05,-2.2610184310082769e-09,2.8267794530795698e-11,0
227,-8.8286479340591865e-11,9.4785715170769835e-05,9.4789258701033919e-05,-3.5435302640838932e-09,5.0407057448677246e-12,0
228,-1.9637343458420589e-10,1.8642728352702073e-05,1.8652422805717338e-05,-9.6944530152645754e-09,1.5628280268431803e-11,0
230,-4.5818568375164610e-11,-1.5493299102322007e-05,-1.5488312115072236e-05,-4.9869872497708217e-09,1.1963716199877570e-11,0
231,-8.9049211414827467e-11,9.6532689053418358e-05,9.6539637303470378e-05,-6.9482500520198906e-09,2.1247882953320414e-12,0
232,-1.9713616665943410e-10,2.0389678124822785e-05,2.0398069740202068e-05,-8.3916153792822621e-09,6.6619672578394219e-12,0
236,-4.3230643036062068e-11,1.1202596369537261e-04,1.1202399828392813e-04,1.9654114444739084e-09,2.3241108106679711e-11,0
237,-1.5131759830833204e-10,3.5882833193688624e-05,3.5876974430410784e-05,5.8587632778393404e-09,6.0851326260545794e-11,0
238,-1.0808695529531212e-10,-7.6143012540442513e-05,-7.6140459547589069e-05,-2.5529928534444909e-09,1.1114034990864445e-11,0
239,1.1077022006205273e-10,1.7841570538102455e-04,1.7841462649816504e-04,1.0788828595158055e-09,1.3377489114464647e-11,0
240,2.1976961222068782e-10,1.4131087941643720e-04,1.4131088327596196e-04,-3.8595247603325639e-12,9.9654243261518925e-12,0
241,1.0899939188813155e-10,-3.7104821342568870e-05,-3.7108328777900092e-05,3.5074353312212450e-09,6.3616248361266218e-12,0
242,4.0066313003870544e-13,-1.7476861176762552e-06,-1.7498832012727496e-06,2.1970835964944317e-09,2.0083044010550798e-11,0
243,-8.5157280257930877e-11,9.4782156777350503e-05,9.4789391744800678e-05,-7.2349674501751525e-09,2.8981740245019621e-11,0
244,-8.5557943386622507e-11,9.6529827631720681e-05,9.6539757767176676e-05,-9.9301354559945196e-09,1.5569313347451040e-11,0
246,-9.5143674753332508e-11,1.2825492254777034e-05,1.2821758037256949e-05,3.7342175200845743e-09,2.7613227570969128e-11,0
248,2.5802713904481176e-10,-1.3877153151039406e-05,-1.3900410631578249e-05,2.3257480538842738e-08,1.7165941004265916e-11,0
249,2.5692833018468479e-10,-1.5628766259431076e-05,-1.5651232922121789e-05,2.2466662690712782e-08,1.2044320968512276e-11,0
251,2.0347336204223425e-10,8.0919667856345356e-05,8.0891339168566573e-05,2.8328687778783894e-08,1.6255406551536924e-11,0
252,-3.9397980601023072e-11,4.7499167766217043e-06,4.7456900686588130e-06,4.2267079628912764e-09,1.4741457885466385e-11,0
253,-1.0988088538326527e-12,-1.7515966648959619e-06,-1.7498687719276693e-06,-1.7278929682925753e-09,5.0986707085825697e-12,0
255,-5.4553777268479644e-11,9.4796805470903373e-05,9.4789970349670695e-05,6.8351212326785843e-09,8.1858811643381889e-12,0
256,-2.9742512012808582e-10,1.8627115002257943e-05,1.8651298370287666e-05,-2.4183368029722741e-08,2.3304666633898061e-11,0
258,-5.3454968411587087e-11,9.6548423192547965e-05,9.6540318906823049e-05,8.1042857249163719e-09,5.1504020271038231e-12,0
259,-2.9632631127038652e-10,2.0378679178418083e-05,2.0396930385451382e-05,-1.8251207033299438e-08,1.5114473083867187e-11,0
262,-2.4287134286522376e-10,-7.6169749353444810e-05,-7.6142283562593955e-05,-2.7465790850854702e-08,1.7331494942148859e-11,0
263,6.0245149079578235e-11,-1.8483129900916107e-04,-1.8481621957763353e-04,-1.5079431527536885e-08,2.6605999924812407e-11,0
264,-3.9183445920466286e-11,-6.4212474721759422e-06,-6.4042802999102924e-06,-1.6967172265649792e-08,2.0483136376017951e-11,0
265,2.9165549345490411e-11,-2.3038730771768150e-05,-2.3059367295283157e-05,2.0636523515007776e-08,8.0762571882301672e-11,0
266,-9.9428594951055357e-11,1.7841000798868734e-04,1.7841132990942450e-04,-1.3219207371534952e-09,1.5589596520438438e-11,0
267,3.1079599470707340e-11,-1.6179248427046315e-04,-1.6173688396559619e-04,-5.5600304866957901e-08,1.1393596301321924e-10,0
268,-6.8348995553310376e-11,1.6617476757737476e-05,1.6669339598537811e-05,-5.1862840800334507e-08,1.0205581163528915e-10,0
269,8.2673613709221486e-11,-2.3045397720166880e-05,-2.3058794202323059e-05,1.3396482156179638e-08,8.3243511519771067e-11,0
270,5.0133544447825885e-10,-1.7717593385575131e-04,-1.7721400287813312e-04,3.8069022381806211e-08,2.9281465083758267e-11,0
271,-4.0934238586128652e-11,-1.3909212209178498e-05,-1.3904351204952681e-05,-4.8610042258174428e-09,1.5089223249603634e-11,0
272,-4.1331661658819964e-11,-1.5659612350248098e-05,-1.5655098110120354e-05,-4.5142401277432692e-09,6.9029895774290833e-12,0
274,-5.4033607230723757e-11,-3.1144612593666209e-05,-3.1131352659879181e-05,-1.3259933787027197e-08,7.3064400872870384e-11,0
275,-8.0409144961094543e-11,8.0884499980980046e-05,8.0887983405777912e-05,-3.4834247978661340e-09,1.1395311480426692e-11,0
276,-9.1699144337540847e-11,4.7482002083500639e-06,4.7450438115057863e-06,3.1563968442775879e-09,1.3674250688257153e-11,0
277,-3.9742307600030122e-13,-1.7504024074026491e-06,-1.7497934373770995e-06,-6.0897002554966299e-10,2.1309267955913457e-12,0
279,-1.3099368593322026e-11,-1.7235331875385023e-05,-1.7237444247873115e-05,2.1123724880925041e-09,2.4627759768856449e-11,0
280,-3.9474906300398131e-11,9.4793721550650309e-05,9.4790559035509567e-05,3.1625151407420424e-09,4.1347385777141829e-12,0
281,-5.0764905759771489e-11,1.8657426186338873e-05,1.8654533654559451e-05,2.8925317794216302e-09,1.1622699803640280e-11,0
283,-1.2701945516722785e-11,-1.5485085978304532e-05,-1.5487895793151583e-05,2.8098148470511819e-09,1.1611397065357310e-11,0
284,-3.9077483223869631e-11,9.6544126593688497e-05,9.6540826132462834e-05,3.3004612256626147e-09,1.7914810514052930e-12,0
285,-5.0367482683831017e-11,2.0407825165330226e-05,2.0400104924196367e-05,7.7202411338591508e-09,5.6568504714665833e-12,0
289,-2.6375537716139576e-11,1.1202916878420101e-04,1.1202480958865699e-04,4.3591955440177221e-09,2.2368230540694377e-11,0
290,-3.7665537151532664e-11,3.5892735071861928e-05,3.5878667627730760e-05,1.4067444131168623e-08,7.5909084050063815e-11,0
291,-1.1289999434104447e-11,-7.6136303606903592e-05,-7.6139620435848203e-05,3.3168289446103890e-09,9.2209627886085823e-12,0
292,8.8235188756151984e-10,-6.4065854117476484e-06,-6.3930503308273393e-06,-1.3535080920309073e-08,2.1533281702574826e-11,0
293,7.1916238915906557e-10,-4.3519623848372159e-05,-4.3502174948468613e-05,-1.7448899903546632e-08,1.5559832705952226e-11,0
294,-1.6318949841550969e-10,-3.7113077534465903e-05,-3.7111743353171563e-05,-1.3341812943402421e-09,7.2774941725908461e-12,0
295,1.5377503186557316e-10,-1.3896721917086227e-05,-1.3902037647652892e-05,5.3157305666649021e-09,3.3840203093361934e-11,0
296,1.5329586007596187e-10,-1.5646936061666783e-05,-1.5652756623232812e-05,5.8205615660292958e-09,3.3089763961521224e-11,0
298,1.3223227399327138e-10,-3.1132250031823058e-05,-3.1129123695060352e-05,-3.1263367627064223e-09,1.0784435430197904e-10,0
300,-7.5304903046551974e-11,4.7483280609878289e-06,4.7452481468824049e-06,3.0799141054240541e-09,1.7114099077701638e-11,0
301,-4.7917178555620562e-13,-1.7501404347892063e-06,-1.7497655298482738e-06,-3.7490494093252920e-10,5.8444868016871662e-12,0
303,-2.1542757964990375e-11,-1.7235366974536689e-05,-1.7237520247738774e-05,2.1532732020842376e-09,2.2809566258467273e-11,0
304,-6.1623526226906185e-11,9.4792018175694466e-05,9.4790458698025247e-05,1.5594776692191099e-09,9.0059990421761029e-12,0
305,-2.2907993507181633e-10,1.8645120059767109e-05,1.8652398811727034e-05,-7.2787519599250934e-09,1.3489501927272775e-11,0
307,-2.1063586176355561e-11,-1.5485336757884577e-05,-1.5487998078639721e-05,2.6613207551437121e-09,2.1032813967993354e-11,0
308,-6.1144354438698664e-11,9.6542150094742541e-05,9.6540695228810482e-05,1.4548659320589305e-09,4.8146554368006303e-12,0
309,-2.2860076328402776e-10,2.0395246739973380e-05,2.0397948505728185e-05,-2.7017657548049703e-09,1.2985823875210636e-11,0
313,-4.0080768262787386e-11,1.1202746943953542e-04,1.1202479070278655e-04,2.6787367488702351e-09,3.3066140499070314e-11,0
314,-2.0753717710912602e-10,3.5880482536394809e-05,3.5876632141557937e-05,3.8503948368714350e-09,4.4118722799122896e-11,0
315,-1.6745640884258171e-10,-7.6146891221521087e-05,-7.6141647767618152e-05,-5.2434539029357899e-09,1.8779399387157560e-11,0
316,5.1625011928792908e-10,-1.8479309312308297e-04,-1.8480908962823487e-04,1.5996505151906742e-08,1.3966868337766595e-11,0
317,3.3462738956712022e-10,-6.4042214054328347e-06,-6.3999518835512403e-06,-4.2695218815944134e-09,1.1883859401598454e-11,0
318,2.6789239206500877e-10,-4.3513650279040483e-05,-4.3507900153674779e-05,-5.7501253657033370e-09,7.5317318328352334e-12,0
319,-1.8162272958562977e-10,1.7838886062815622e-04,1.7840855267798908e-04,-1.9692049832859817e-08,9.8699602038110022e-12,0
320,-2.4835772701244333e-10,1.4127944223111394e-04,1.4130251442518040e-04,-2.3072194066462836e-08,7.6360842198542705e-12,0
321,-6.6734997469358520e-11,-3.7109439991622577e-05,-3.7110560499338513e-05,1.1205077159366379e-09,5.8408363323532074e-12,0
322,4.7038143084993888e-10,-4.3501138760013505e-05,-4.3505492144922991e-05,4.3533849094853244e-09,1.5980870519529028e-11,0
323,2.2852687543038608e-12,-1.7466461274640119e-06,-1.7496829792924393e-06,3.0368518284274101e-09,1.3452233125805776e-11,0
324,1.3132449375548736e-10,-1.7899027902519224e-04,-1.7896632228274232e-04,-2.3956742449922830e-08,3.0300159185159549e-11,0
325,-8.8618667759269678e-11,9.4792697414214713e-05,9.4790414874748439e-05,2.2825394662741045e-09,2.3994380979125514e-11,0
326,1.2903922499366381e-10,-1.7724358378499918e-04,-1.7721703042292497e-04,-2.6553362074210147e-08,1.4051986700481247e-11,0
327,-9.0903936512317416e-11,9.6539354311118292e-05,9.6540564417924488e-05,-1.2101068061959102e-09,1.0629445472400936e-11,0
328,-2.1994316168408780e-10,2.7378298027643942e-04,2.7376149580821151e-04,2.1484468227910003e-08,2.4949770481583478e-11,0
329,1.0648759587071912e-10,-4.3517966169696193e-05,-4.3510071334825439e-05,-7.8948348707541700e-09,2.7898303886969399e-12,0
330,2.8688254342008586e-12,-1.7475543784466137e-06,-1.7496530742444312e-06,2.0986957978175569e-09,9.2561608913826514e-12,0
331,9.0805691532397619e-11,-1.7899240286277460e-04,-1.7896646226549107e-04,-2.5940597283533083e-08,1.6850298553612299e-11,0
332,9.9125785370311429e-11,-5.8241170645088880e-07,-5.5832241846827202e-07,-2.4089287982616777e-08,1.4863284074420509e-11,0
333,-8.3492360863259587e-11,9.4794442295968121e-05,9.4790615092296167e-05,3.8272036719541689e-09,1.3228082332461319e-11,0
334,8.7936866086971924e-11,-1.7724486904490376e-04,-1.7721720552525810e-04,-2.7663519645658571e-08,1.3623819303079454e-11,0
335,9.6256959922126091e-11,1.1651364700340783e-06,1.1931267585137208e-06,-2.7990288479642478e-08,1.2451632304260229e-11,0
336,-8.6361186301794442e-11,9.6541989363059045e-05,9.6540732646625816e-05,1.2567164332289750e-09,1.1182193106553852e-11,0
337,8.3200940186037696e-12,1.7840999299251464e-04,1.7840997367230205e-04,1.9320212584720414e-11,1.3250175529581737e-11,0
338,-1.7429805295005338e-10,2.7378684541298597e-04,2.7376182735523746e-04,2.5018057748507280e-08,1.4705127748127577e-11,0
339,-1.8261814674330195e-10,9.5376834352090337e-05,9.5354465246174806e-05,2.2369105915530851e-08,1.4323772282791913e-11,0
341,6.6564764445812233e-11,-2.3028142581252818e-05,-2.3059429654167585e-05,3.1287072914766497e-08,4.3694022589373717e-11,0
342,-1.9793147716326449e-10,1.2816616528259564e-05,1.2820135361354845e-05,-3.5188330952811179e-09,1.0483508446683429e-11,0
343,9.2013912961044386e-11,-8.0698235503618918e-06,-8.0806420486794698e-06,1.0818498317578001e-08,1.1396368537351135e-11,0
345,1.5857867710703222e-10,-3.1098033981482795e-05,-3.1129047654613253e-05,3.1013673130458473e-08,4.6345183111745417e-11,0
346,-1.0591756451363318e-10,4.7467801949246415e-06,4.7448716677230967e-06,1.9085272015447653e-09,1.1732520679881832e-11,0
349,-2.6449624159348773e-10,3.5844847879742264e-05,3.5876146024773816e-05,-3.1298145031551517e-08,5.0452460143749996e-11,0
350,2.4342560373291571e-10,-3.5946770109436532e-05,-3.5910745045821648e-05,-3.6025063614884216e-08,3.1373593734640043e-12,0
352,-5.2885076060446952e-11,1.2826302988453841e-05,1.2821904708765601e-05,4.3982796882402269e-09,3.2695075719608741e-11,0
353,-8.5759309357017206e-11,-8.0845313656686957e-06,-8.0828298961766715e-06,-1.7014694920241316e-09,2.1545405872155433e-11,0
355,-1.3864438497473456e-10,4.7418061136497366e-06,4.7444664486415067e-06,-2.6603349917700124e-09,3.1948260340297303e-11,0
357,1.8816405744519686e-12,-1.7486266069412042e-06,-1.7496059108262292e-06,9.7930388502498122e-10,7.6165767854214280e-12,0
358,2.1802466874459016e-10,-1.7898725234310987e-04,-1.7896393453145439e-04,-2.3317811655474514e-08,1.7315396802878967e-11,0
359,2.7460523261177630e-10,-5.7593332314018197e-07,-5.5616350760608907e-07,-1.9769815534092907e-08,1.1817798399269338e-11,0
360,-4.3338070908586688e-11,-1.7235374250929231e-05,-1.7237661149693361e-05,2.2868987641292532e-09,5.0062315692105907e-11,0
361,-5.7475414834272918e-11,9.4795307762411858e-05,9.4791295841984083e-05,4.0119204277748498e-09,1.5521381172318347e-11,0
362,2.1614302816980217e-10,-1.7723864847085614e-04,-1.7721473862032089e-04,-2.3909850535255199e-08,1.1841703402101560e-11,0
363,2.7272359203481657e-10,1.1726898292733698e-06,1.1951961179782981e-06,-2.2506288704928283e-08,1.0159097196696615e-11,0
364,-4.5219711483676610e-11,-1.5486861479749130e-05,-1.5488291290079170e-05,1.4298103300396439e-09,4.4899407962110425e-11,0
365,-5.9357055409436543e-11,9.6543939636549708e-05,9.6541360771906879e-05,2.5788646428287314e-09,9.0275227212273090e-12,0
366,5.6580563890197851e-11,1.7841133058717207e-04,1.7840960580530390e-04,1.7247818681642192e-09,1.2936863043424413e-11,0
367,-2.7550008363831202e-10,2.7378259383268721e-04,2.7375995769337078e-04,2.2636139316428976e-08,2.3255403758071474e-11,0
368,-3.3208064711489603e-10,9.5371236726821433e-05,9.5352968232275298e-05,1.8268494546134400e-08,1.6780435693437707e-11,0
369,2.6136273962746155e-10,-1.6175177307622838e-04,-1.6173067288534758e-04,-2.1100190880797955e-08,8.5717676706485273e-11,0
370,3.1794330348400611e-10,1.6659423051552588e-05,1.6673946337401763e-05,-1.4523285849175205e-08,5.6246951893650227e-11,0
371,-1.4137343925844887e-11,1.1203084826072983e-04,1.1202579331840268e-04,5.0549423271474070e-09,5.0101618890165547e-11,0
373,-1.4896533309985879e-10,1.2818837044461032e-05,1.2820673910485077e-05,-1.8368660240449712e-09,1.1543571969171009e-11,0
374,2.6033463471918084e-12,-8.0772192788254550e-06,-8.0817116591621874e-06,4.4923803367324559e-09,1.6417871295098233e-11,0
376,-1.4636198673713109e-10,4.7416094941582151e-06,4.7443715953641778e-06,-2.7621012059626828e-09,1.9496116795383694e-11,0
378,3.3472446942210791e-10,-3.5933874663974640e-05,-3.5909729725952730e-05,-2.4144938021909853e-08,2.1780524357517885e-11,0
380,1.3772231731291630e-10,-8.0571918814505150e-06,-8.0800186338713647e-06,2.2826752420849667e-08,4.1647107686460973e-11,0
382,2.8469908070925779e-10,-1.7726602471657311e-04,-1.7721319608838290e-04,-5.2828628190212078e-08,2.4856576708539548e-11,0
383,-2.8260485616626940e-10,1.2795087429988070e-05,1.2818941544344852e-05,-2.3854114356782228e-08,3.4924505548842780e-11,0
384,3.2759320323652860e-10,-1.3866993459372891e-05,-1.3900514779377490e-05,3.3521320004598564e-08,1.9541637050181305e-11,0
387,-5.1046084626483650e-11,1.1200162339432751e-04,1.1202560304635984e-04,-2.3979652032329966e-08,5.7013061487904014e-11,0
388,-4.4909121400838386e-11,-3.7107052998895510e-05,-3.7110354008627773e-05,3.3010097322627263e-09,1.9077427254624744e-11,0
389,9.5661714045144604e-13,-1.7509287483746022e-06,-1.7495442975037019e-06,-1.3844508709002435e-09,1.4097668006108401e-11,0
390,2.1007875848821806e-10,8.0916391335493845e-05,8.0892181795481281e-05,2.4209540012564042e-08,8.7798300122868194e-12,0
391,-1.7954863815467722e-11,1.2842562245767193e-05,1.2822165026921897e-05,2.0397218845296229e-08,2.7021870044607855e-11,0
392,7.6979393393811559e-11,1.7841198062204478e-04,1.7840836472404504e-04,3.6158979997485616e-09,1.3524789068653824e-11,0
393,1.7559706260786292e-10,1.4130865447843557e-04,1.4130421666715953e-04,4.4378112760382494e-09,9.9316474343691292e-12,0
394,9.8617668879759665e-11,-3.7103325299381101e-05,-3.7108582492785747e-05,5.2571934046460791e-09,6.2738020482302178e-12,0
397,-6.6139818013417867e-11,-3.1145440981795135e-05,-3.1132274035780937e-05,-1.3166946014197428e-08,6.1320623823482526e-11,0
398,-9.6858493923734140e-11,8.0884968373912992e-05,8.0888460375332409e-05,-3.4920014194161388e-09,1.5667303365276916e-11,0
399,-1.1269808579146902e-10,4.7471468060147600e-06,4.7447931257520130e-06,2.3536802627469465e-09,1.4620451567834348e-11,0
403,-3.0718675891372823e-11,1.1203033229048496e-04,1.1202619404458396e-04,4.1382459009959563e-09,3.1998671071811783e-11,0
404,-4.6558267828372580e-11,3.5892357392103801e-05,3.5879234958871918e-05,1.3122433231882349e-08,7.5411543152848831e-11,0
405,-1.5839591936658254e-11,-7.6137813839576018e-05,-7.6140539727105930e-05,2.7258875299118399e-09,1.3206355003102123e-11,0
406,8.3146406961434234e-11,-1.8482806210863914e-04,-1.8481108177428637e-04,-1.6980334352766384e-08,3.5769048137737536e-11,0
407,-3.4701831801200353e-11,-6.4237969801053674e-06,-6.4052364057975111e-06,-1.8560574307856288e-08,3.2051768355743835e-11,0
408,-1.1784823874850133e-10,1.7840428771421493e-04,1.7840531598014935e-04,-1.0282659344221928e-09,2.0910400575441396e-11,0
409,-4.7858776373917736e-11,-4.3541850022373041e-05,-4.3512716764156321e-05,-2.9133258216719742e-08,3.4460524593306140e-11,0
411,3.0921017036856651e-12,4.7552751019641626e-06,4.7462304232835344e-06,9.0446786806281458e-09,1.3675592694238503e-11,0
413,4.1712849110813844e-12,-1.7468338009053475e-06,-1.7494200117888710e-06,2.5862108835234855e-09,1.1239944687154338e-11,0
414,-8.0321482804504661e-11,-1.7899932715932827e-04,-1.7896511564349091e-04,-3.4211515837363196e-08,2.1483326634348424e-11,0
415,-1.2697574732393087e-10,-5.9359176968545868e-07,-5.6118957006902036e-07,-3.2402199616438321e-08,2.5332845520582282e-11,0
416,-8.8934564540575592e-11,-1.7237866193721917e-05,-1.7238070256996089e-05,2.0406327417231938e-10,9.2582142687945359e-11,0
417,-1.1209496190830829e-10,9.4797126994517638e-05,9.4791567916006791e-05,5.5590785108468365e-09,1.6704955518196483e-11,0
418,-8.4492767725261309e-11,-1.7725249499740865e-04,-1.7721614186343184e-04,-3.6353133976810585e-08,1.4919128247336744e-11,0
419,-1.3114703224566176e-10,1.1532937832930967e-06,1.1898717725584532e-06,-3.6577989265356455e-08,1.8242450809128651e-11,0
420,-9.3105849452242405e-11,-1.5491203820417214e-05,-1.5488877463605141e-05,-2.3263568120727854e-09,5.7641822125084112e-11,0
421,-1.1626624682095322e-10,9.6543944616886055e-05,9.6541432468086661e-05,2.5121487993941174e-09,9.8598354791909121e-12,0
422,-4.6654264226165165e-11,1.7840576011698072e-04,1.7840576339001160e-04,-3.2730308806121211e-12,1.7960623137892959e-11,0
423,-3.1773480254354403e-11,2.7379644385819302e-04,2.7376135075413887e-04,3.5093104054151943e-08,2.0279360777048917e-11,0
424,1.4880784034413448e-11,9.5390657167373355e-05,9.5358216384183945e-05,3.2440783189410251e-08,2.5143367619515587e-11,0
427,-2.3160397368776230e-11,1.1203524471390097e-04,1.1202650418965372e-04,8.7405242472460114e-09,1.0106434814566961e-10,0
428,-2.5641666156928124e-11,-8.0767624454306658e-06,-8.0818960475128296e-06,5.1336020821637679e-09,7.4515816135704776e-11,0
429,-1.1985741777175001e-10,1.4129814914729203e-04,1.4129897794715253e-04,-8.2879986050164375e-10,2.3327069362227156e-11,0
430,3.9298457432878178e-11,9.6570078229009024e-05,9.6543533398889037e-05,2.6544830119987163e-08,9.5763680207206283e-12,0
431,7.7516863006228256e-11,1.8676021025556752e-05,1.8657071856619119e-05,1.8949168937632856e-08,2.7196930823904760e-11,0
432,8.5114508171949178e-10,-6.4216789232246583e-06,-6.3944579203710675e-06,-2.7221002853590766e-08,4.3865390687441826e-11,0
434,1.5256572261338924e-10,-1.6174923946514269e-04,-1.6172862900995258e-04,-2.0610455190103608e-08,6.0500348854828677e-11,0
435,1.2052804990950090e-10,-5.8823452551547833e-07,-5.5814114791668878e-07,-3.0093377598789555e-08,1.0822300657313520e-11,0
439,-5.2909953219245083e-12,1.2827409993380369e-05,1.2822073222925065e-05,5.3367704553038760e-09,3.0702241056587460e-11,0
440,-1.3844778315715593e-10,-8.0871827039113997e-06,-8.0832426059255752e-06,-3.9400979858245387e-09,2.6389963413885519e-11,0
442,-1.4373877793105400e-10,4.7402063828522537e-06,4.7444124711825380e-06,-4.2060883302843575e-09,2.8730764122089114e-11,0
444,-1.6741843867672722e-12,-1.7519838499256051e-06,-1.7493887392814109e-06,-2.5951106441942120e-09,5.6215623373588735e-12,0
445,-2.2400932414946086e-13,-1.7228544568836848e-05,-1.7236867103965983e-05,8.3225351291357796e-09,6.2376907700397903e-11,0
446,-3.8912438976995923e-11,9.4805269603058084e-05,9.4793100986866722e-05,1.2168616191361834e-08,1.1653866031606022e-11,0
447,1.4501750698925515e-12,-1.5476680225519086e-05,-1.5487699763945562e-05,1.1019538426476768e-08,3.0997189053146725e-11,0
448,-3.7238254585212304e-11,9.6557237950623768e-05,9.6542924727672770e-05,1.4313222950997680e-08,5.3780558253297088e-12,0
449,-3.8688429680834632e-11,1.1203387376748137e-04,1.1202685366747143e-04,7.0201000099422194e-09,6.5035027058113271e-11,0
451,2.9359285758971350e-10,-1.8480998661520292e-04,-1.8480665308477593e-04,-3.3335304269841316e-09,4.1191602422123629e-12,0
452,1.5223641519324349e-10,-6.4114373551564345e-06,-6.4032971960381078e-06,-8.1401591183267571e-09,4.0870560061240509e-12,0
453,-1.4135644238531706e-10,1.7839853535540039e-04,1.7840285647091066e-04,-4.3211155102760961e-09,3.9241584715553712e-12,0
454,-1.9732508405547271e-10,1.7838169698140578e-04,1.7840177455702858e-04,-2.0077575622808605e-08,1.4382568571115090e-11,0
456,1.2781652896568024e-10,-2.3010692153950865e-05,-2.3059616802687414e-05,4.8924648736548633e-08,3.6026092262980760e-11,0
458,-1.4237038207632093e-10,1.2818551904920580e-05,1.2820287749230052e-05,-1.7358443094714544e-09,9.5481197745561108e-12,0
459,2.4056082611537734e-11,-8.0723963434394322e-06,-8.0811785234440349e-06,8.7821800046027472e-09,1.1081933966530664e-11,0
461,1.5187261137078304e-10,-3.1083071305355175e-05,-3.1130058607752381e-05,4.6987302397205545e-08,4.3565447221006736e-11,0
463,-1.1831429968251118e-10,4.7461546099714438e-06,4.7447296376884552e-06,1.4249722829886839e-09,1.1944068600927639e-11,0
468,-2.7018691101730359e-10,3.5829166869897483e-05,3.5876890608973905e-05,-4.7723739076422082e-08,4.2825140223000818e-11,0
470,-6.3815091999532787e-13,-1.7505590748555179e-06,-1.7493401300787451e-06,-1.2189447767728228e-09,5.2951000725148231e-12,0
472,1.8398845952406883e-10,-2.3018210076662313e-05,-2.3058983862849953e-05,4.0773786187640757e-08,9.3586482033155139e-11,0
477,2.3943908811553879e-11,-3.1116904900701549e-05,-3.1131707514683949e-05,1.4802613982400144e-08,7.8230534814822414e-11,0
479,-1.6529526059686860e-10,4.7283518296598742e-06,4.7441477910244694e-06,-1.5795961364595150e-08,1.5676374003762226e-11,0
484,-1.8923916936360920e-10,3.5845346282424237e-05,3.5877949306625017e-05,-3.2603024200780133e-08,7.2626363584466679e-11,0
486,-1.6728880934632305e-10,1.7840116106767646e-04,1.7840156532304666e-04,-4.0425537019988557e-10,2.0532206218055356e-11,0
487,6.3973049396199670e-11,-5.8283084172299458e-06,-5.8744944661752091e-06,4.6186048945263229e-08,3.0530106205066772e-11,0
488,6.4542822895334225e-11,-7.5759327238279772e-06,-7.5860907149421447e-06,1.0157991114167440e-08,1.4533209677979990e-11,0
490,5.6977350047905299e-13,-1.7476558307959699e-06,-1.7492860671262171e-06,1.6302363302472450e-09,9.2599991984582986e-12,0
493,-8.9014191536690789e-11,1.7840057398069847e-04,1.7840196067427753e-04,-1.3866935790558723e-09,1.0996108277182585e-11,0
494,-3.7621874996719329e-11,-5.8519397188420974e-06,-5.8757543950203826e-06,2.3814676178285157e-08,2.7323758487018500e-11,0
495,-3.6486619111328754e-11,-7.5986708652758111e-06,-7.5874129902201603e-06,-1.1257875055650889e-08,1.4076211199259302e-11,0
497,1.1352558807117605e-12,-1.7467044548707185e-06,-1.7492534550101472e-06,2.5490001394286692e-09,1.2532006588980921e-11,0
500,5.1756501911919832e-11,1.7840972443573496e-04,1.7840322643556989e-04,6.4980001650716962e-09,1.4136224654201088e-11,0
501,7.9234653227894477e-14,-1.7490026555247256e-06,-1.7492362620151282e-06,2.3360649040258990e-10,4.9035020167405033e-12,0
503,-3.5563175709927743e-11,-1.7236005038462658e-05,-1.7237175581954284e-05,1.1705434916268835e-09,3.6330221740400924e-11,0
505,-2.5636392583682388e-10,1.8645521874383411e-05,1.8653442642129631e-05,-7.9207677462199433e-09,1.9606011905215971e-11,0
507,-3.5642410360013748e-11,-1.5487152541545980e-05,-1.5488153387745310e-05,1.0008461993301135e-09,1.8264583786315870e-11,0
509,-2.5644316048781525e-10,2.0394551505395139e-05,2.0398577427419810e-05,-4.0259220246707816e-09,9.9288341855541798e-12,0
514,-2.2080075012707436e-10,3.5881579052786383e-05,3.5877753148816386e-05,3.8259039699970539e-09,5.3666632758323651e-11,0
516,-1.0198865223773217e-12,-1.7511488931284350e-06,-1.7492260521998949e-06,-1.9228409285401604e-09,1.5090796557314398e-12,0
519,2.8079244620084048e-10,-1.8481509088073313e-04,-1.8480457161660019e-04,-1.0519264132934775e-08,4.0343609195463059e-11,0
520,1.0030322961869631e-10,-6.4176842590503436e-06,-6.4044081764801940e-06,-1.3276082570149522e-08,3.5509680611959505e-11,0
521,-1.8048921662680490e-10,1.7839740971808786e-04,1.7839970093611970e-04,-2.2912180318442835e-09,2.3514896414384768e-11,0
522,-3.9186884486018444e-13,-1.7502156633444438e-06,-1.7492014582018532e-06,-1.0142051425906257e-09,7.8074414726241246e-12,0
525,-4.7131264597375333e-11,-1.3911201799469627e-05,-1.3906600271239171e-05,-4.6015282304568718e-09,1.2534981982437388e-11,0
526,-4.6759458234162177e-11,-1.5660269776853440e-05,-1.5656715940532506e-05,-3.5538363209341073e-09,9.5315903479495166e-12,0
528,-8.0209345650079398e-11,-3.1146338648319581e-05,-3.1133417359410800e-05,-1.2921288908781278e-08,5.1111965683828146e-11,0
530,-1.3734686521517761e-10,4.7458736312185924e-06,4.7444996701172649e-06,1.3739611013275740e-09,1.3152039283337515e-11,0
531,3.7180636156637833e-13,-1.7490665875513091e-06,-1.7491626753245563e-06,9.6087773247166997e-11,3.5676124716831740e-12,0
533,-3.3078080992255930e-11,-1.7235253972378603e-05,-1.7237075314025481e-05,1.8213416468781550e-09,2.5797963691779089e-11,0
535,-9.0215600619179475e-11,1.8657112325922050e-05,1.8655688249291749e-05,1.4240766303002823e-09,1.3500936255286454e-11,0
537,-3.3449887353122904e-11,-1.5486282648983097e-05,-1.5488122783247241e-05,1.8401342641445031e-09,1.8183653282399714e-11,0
539,-9.0587406980937923e-11,2.0406184214662344e-05,2.0400764764227184e-05,5.4194504351606570e-09,9.7098305802117286e-12,0
544,-5.7137519621927588e-11,3.5892345770661277e-05,3.5879954986241013e-05,1.2390784420264402e-08,8.9453000942912666e-11,0
546,9.8593528259392802e-11,-1.8482613177465100e-04,-1.8480635911063178e-04,-1.9772664019220183e-08,3.5591209099649805e-11,0
547,-3.4139789972991079e-11,-6.4271962733290083e-06,-6.4061738598873406e-06,-2.1022413441667732e-08,3.3811558121021964e-11,0
548,-1.3273331825977763e-10,1.7839890266416886e-04,1.7839973052501517e-04,-8.2786084630863573e-10,2.2161543766872816e-11,0
549,5.4183611613847341e-10,-6.3665777642225863e-06,-6.3991064965537208e-06,3.2528732331134554e-08,2.5777405976347228e-11,0
551,7.0887802489470691e-13,-1.7493475079825336e-06,-1.7491266425810091e-06,-2.2086540152453281e-10,1.1682535862140618e-11,0
552,3.6847547504256316e-10,-1.7896670171033656e-04,-1.7895417160349438e-04,-1.2530106842183718e-08,2.2913387812491321e-11,0
554,3.6776659701567371e-10,-1.7721737986393406e-04,-1.7720556855658297e-04,-1.1811307351091002e-08,1.3390614323300522e-11,0
559,4.8040886330078155e-12,-1.7494605534227561e-06,-1.7490438078854659e-06,-4.1674553729025456e-10,3.7923237055096128e-12,0
560,-2.8990956493391772e-11,-1.7898844240463868e-04,-1.7895858826560160e-04,-2.9854139037082360e-08,1.0193796955077111e-11,0
561,4.6687918962465345e-11,-5.8474481616065804e-07,-5.5914313052116141e-07,-2.5601685639496629e-08,1.3208862818691755e-11,0
562,-7.6407565558863056e-11,-1.7229875775600376e-05,-1.7237549229070553e-05,7.6734534701770776e-09,3.4561614576182248e-11,0
564,-3.3795045136610246e-11,-1.7723900102057343e-04,-1.7721007542566134e-04,-2.8925594912083529e-08,4.4359534320083845e-12,0
565,4.1883830325331230e-11,1.1646976720985913e-06,1.1912791748429729e-06,-2.6581502744381566e-08,5.7038923216473909e-12,0
566,-8.1211654198969839e-11,-1.5480555192547325e-05,-1.5488711982195255e-05,8.1567896479294228e-09,1.6084217377764434e-11,0
568,7.5678876082801078e-11,1.7840370560561532e-04,1.7840128838060909e-04,2.4172250062302284e-09,7.4888011285703781e-12,0
571,4.7416608693819823e-11,-1.6175852413534246e-04,-1.6172548173110207e-04,-3.3042404240388396e-08,4.7399734572196819e-11,0
572,1.2309548403472494e-10,1.6645180228977603e-05,1.6671100068265276e-05,-2.5919839287672408e-08,8.3014889661069476e-11,0
576,1.2000698088102441e-10,-1.7898016875252717e-04,-1.7895639670820708e-04,-2.3772044320085608e-08,5.7554547885036480e-11,0
577,1.7771788663540258e-10,-5.7700118094334164e-07,-5.5752442174717001e-07,-1.9476759196171622e-08,6.7011390822424270e-11,0
578,-6.0723966163434319e-11,-1.7234346642989356e-05,-1.7237333389915780e-05,2.9867469264242906e-09,5.5388507697587809e-11,0
580,1.1683291782975854e-10,-1.7723112685149884e-04,-1.7720789009391998e-04,-2.3236757578856682e-08,3.9600542510860032e-11,0
581,1.7454382358240478e-10,1.1718323478873433e-06,1.1928812650269153e-06,-2.1048917139571954e-08,4.6005929697478266e-11,0
582,-6.3898029212672918e-11,-1.5485356605346575e-05,-1.5488496218403784e-05,3.1396130572090679e-09,3.9116949086803577e-11,0
584,5.7710905914367872e-11,1.7840298546080435e-04,1.7840071587796840e-04,2.2695828359579374e-09,1.0264559659937997e-11,0
590,-8.1681092926613454e-11,-8.0689615156144881e-06,-8.0822473092467660e-06,1.3285793632277876e-08,6.8417703342584638e-11,0
592,7.5141162881057468e-10,-1.7895628159210735e-04,-1.7894782257482167e-04,-8.4590172856786883e-09,2.7540477794422903e-11,0
594,-8.9502986281721140e-11,1.2820021610050747e-05,1.2820450106679595e-05,-4.2849662884833256e-10,1.0706797158640495e-11,0
595,-3.8113293973164005e-11,-8.0743440134512477e-06,-8.0816679700371667e-06,7.3239565859189402e-09,1.1339245034404116e-11,0
597,-1.2761628036928643e-10,4.7456714632417886e-06,4.7446250409224515e-06,1.0464223193370497e-09,1.2085674522954454e-11,0
600,6.3164176853320462e-11,1.2829403369329917e-05,1.2822313962924960e-05,7.0894064049565079e-09,3.0274836935294510e-11,0
601,-2.1125329398355154e-10,-8.0923111865777164e-06,-8.0837983586557252e-06,-8.5128279219911802e-09,2.6979767999029606e-11,0
603,-1.4808911644617531e-10,4.7370270493023517e-06,4.7443717895546650e-06,-7.3447402523133277e-09,3.2039945616909124e-11,0
605,2.0086720510396038e-12,-1.7505144480944504e-06,-1.7489879983484795e-06,-1.5264497459709291e-09,1.1060906940277093e-11,0
606,3.9439556667233058e-10,-1.7897695727888340e-04,-1.7895189072153416e-04,-2.5066557349245769e-08,2.3269236997550020e-11,0
608,3.9238689462149642e-10,-1.7722645607110270e-04,-1.7720345450432322e-04,-2.3001566779485031e-08,1.1961172104114365e-11,0
612,-9.9002362736469725e-11,1.6639001331855349e-05,1.6668258983376364e-05,-2.9257651521014718e-08,6.2656309983142507e-11,0
613,-5.4195262537017515e-12,-1.7529624389102177e-06,-1.7490556923020053e-06,-3.9067466082124197e-09,1.1930719975976626e-11,0
614,-6.2393772220482559e-11,-8.0749285447248922e-06,-8.0819222802896870e-06,6.9937355647947214e-09,3.5320282457669981e-11,0
617,-1.5627695681047322e-10,1.7839214309176617e-04,1.7839624063050198e-04,-4.0975387358046633e-09,3.8017219708672510e-12,0
619,2.9369259495492014e-11,1.7840812138438097e-04,1.7839814238645050e-04,9.9789979304723119e-09,1.3408760082774795e-11,0
620,7.7000813162339614e-11,1.2843756890353573e-05,1.2822368412457334e-05,2.1388477896239569e-08,2.5051846736456396e-11,0
625,-5.2663185597087438e-11,-1.7242562361173249e-05,-1.7237064845375154e-05,-5.4975157980945350e-09,9.0607230692534739e-11,0
627,-2.7289223047397571e-10,1.8634599777796884e-05,1.8654098111116610e-05,-1.9498333319726321e-08,3.5420230007248476e-11,0
634,1.9157206733863180e-10,-1.7723436435336352e-04,-1.7720444485019369e-04,-2.9919503169835654e-08,2.2696793782610489e-11,0
635,1.0051029613043091e-10,-8.0565704609573269e-06,-8.0798310073384223e-06,2.3260546381095455e-08,4.6686585771536498e-11,0
638,-3.7943276178891874e-11,4.7522063042473514e-06,4.7457426184169998e-06,6.4636858303516323e-09,1.9182184479417461e-11,0
640,1.0751681569383367e-10,-1.8482573085440088e-04,-1.8480209072099714e-04,-2.3640133403732191e-08,3.9361941131308934e-11,0
641,-3.6711331505769822e-11,-6.4316589243051947e-06,-6.4070723532002750e-06,-2.4586571104919681e-08,3.3803205491035787e-11,0
642,-1.4422814726474825e-10,1.7839408626950251e-04,1.7839463215237327e-04,-5.4588287075286665e-10,2.2099345212158767e-11,0
643,-4.9150501966256503e-11,-1.3912381688485111e-05,-1.3907732943733847e-05,-4.6487447512637249e-09,1.2468013174405003e-11,0
644,-4.8392155608507718e-11,-1.5660754007826468e-05,-1.5657526810964314e-05,-3.2271968621535468e-09,5.9129695474152049e-12,0
646,-9.1797382377831918e-11,-3.1147573443597761e-05,-3.1134448351089196e-05,-1.3125092508564401e-08,5.5177359924566005e-11,0
648,-1.5790703333367668e-10,4.7447930640732820e-06,4.7442558901720717e-06,5.3717390121033162e-10,1.1961186658723674e-11,0
649,7.5834635600479831e-13,-1.7483796344860865e-06,-1.7488411148675906e-06,4.6148038150412990e-10,2.3831655791376880e-12,0
651,-4.2646880347396798e-11,-1.7235188484337465e-05,-1.7236879520828789e-05,1.6910364913235885e-09,2.5196567395973980e-11,0
653,-1.0875653136830186e-10,1.8657142943629204e-05,1.8656296523659829e-05,8.4641996937498908e-10,1.3335434773585553e-11,0
655,-4.3405226701431135e-11,-1.5486867808307250e-05,-1.5488230786249843e-05,1.3629779425930401e-09,1.2500329746800768e-11,0
657,-1.0951487772483735e-10,2.0405532774819737e-05,2.0401120829480244e-05,4.4119453394924322e-09,6.3521302662460902e-12,0
662,-6.6109651023118280e-11,3.5892194822147172e-05,3.5880623287434748e-05,1.1571534712423632e-08,7.5759613592234624e-11,0
664,5.5611145698713283e-11,1.7839991671928044e-04,1.7839670992367680e-04,3.2067956036376140e-09,7.8148065880355570e-12,0
665,5.5397721131467447e-11,-5.8629286038818645e-06,-5.8746008130572229e-06,1.1672209175358390e-08,2.2477219472513487e-11,0
666,5.5905521408886308e-11,-7.6110894996006886e-06,-7.5874775351910781e-06,-2.3611964409610590e-08,1.4473061664052402e-11,0
668,9.6168496111299045e-12,-2.3099616097624689e-05,-2.3062563402099978e-05,-3.7052695524711566e-08,7.3139788664667862e-11,0
670,-2.2042615548868605e-10,1.2782346915908571e-05,1.2818480409850622e-05,-3.6133493942050362e-08,2.1634062747399449e-11,0
672,1.4897671722342502e-10,-1.3898540680973986e-05,-1.3905379731967330e-05,6.8390509933431405e-09,2.8721227439439726e-11,0
673,1.4948451749790180e-10,-1.5646708792041789e-05,-1.5655146980695676e-05,8.4381886538872333e-09,1.8752972980390637e-11,0
677,-1.2684715915248465e-10,4.7466720461760044e-06,4.7446421289364726e-06,2.0299172395317480e-09,1.5711690777618871e-11,0
678,5.0780027639033599e-13,-1.7481647543773001e-06,-1.7488145190206356e-06,6.4976464333543338e-10,6.0741114908746250e-12,0
680,-4.5780871461529883e-11,-1.7236640704534250e-05,-1.7236888900256874e-05,2.4819572262417175e-10,3.4148862146245579e-11,0
682,-2.7582387652786585e-10,1.8645234815187553e-05,1.8654303237291510e-05,-9.0684221039568377e-09,1.9335633344162398e-11,0
684,-4.6288671737604892e-11,-1.5488589519278687e-05,-1.5488265095783285e-05,-3.2442349540246179e-10,2.2281787186360913e-11,0
686,-2.7633167680328887e-10,2.0393407010698208e-05,2.0399107450290269e-05,-5.7004395920601573e-09,1.2099178882779823e-11,0
691,-2.3004300506070111e-10,3.5881980687680129e-05,3.5878663368553466e-05,3.3173191266630520e-09,5.2716828983760595e-11,0
693,-1.4928253017153960e-10,1.7839656468307194e-04,1.7839374932842526e-04,2.8153546466781060e-09,2.0595163509832656e-11,0
694,-8.6068258922349765e-13,-1.7508803327552763e-06,-1.7488055001341049e-06,-2.0748326211713172e-09,6.3916690437403017e-12,0
695,-7.1798873863692044e-11,9.4802250026832305e-05,9.4796148110802084e-05,6.1019160302208620e-09,1.3134413367038622e-11,0
696,-7.0938191273388452e-11,9.6553149721147462e-05,9.6545335924698111e-05,7.8137964493516345e-09,5.3745388664171065e-12,0
697,5.3036346931696209e-10,-6.3494968629874970e-06,-6.4002693530427841e-06,5.0772490055287062e-08,2.6542290731447381e-11,0
698,-1.9490149316146132e-12,-1.7518931429622616e-06,-1.7488027776838113e-06,-3.0903652784503392e-09,7.5608352218444199e-12,0
699,-5.5126931544916469e-13,-1.7511631034536801e-06,-1.7487623846477454e-06,-2.4007188059347289e-09,8.4750998492994633e-12,0
700,7.2690123184253390e-10,-1.7894979891344177e-04,-1.7894365140538591e-04,-6.1475080558590686e-09,3.7469924789431026e-11,0
701,7.2745250116527950e-10,-1.7719864095954753e-04,-1.7719550000484414e-04,-3.1409547033873098e-09,1.4613654808148975e-11,0
704,-4.0027910906941670e-11,1.2821138166956274e-05,1.2820610603665058e-05,5.2756329121624642e-10,1.0902101144997563e-11,0
705,-9.4259499033892182e-11,-8.0759788565587154e-06,-8.0821056705055623e-06,6.1268139468468821e-09,1.1470304603168055e-11,0
708,-1.3428740993835062e-10,4.7451811280184095e-06,4.7445521934040576e-06,6.2893461435190875e-10,1.1538155914450918e-11,0
713,1.1327500236305924e-10,1.2831320405063198e-05,1.2822482660771173e-05,8.8377442920251309e-09,2.9970358424150605e-11,0
714,-2.6226012697754449e-10,-8.0977491161045301e-06,-8.0841725039425176e-06,-1.3576612162012454e-08,1.9539308122882229e-11,0
716,-1.4898512384786422e-10,4.7335016529611793e-06,4.7443705552717949e-06,-1.0868902310615695e-08,3.0930503020823583e-11,0
718,-1.8558348479093055e-10,1.7839213731220879e-04,1.7839180826397901e-04,3.2904822977138960e-10,2.0849105956150192e-11,0
721,1.8852151339942243e-10,-2.3049869879823368e-05,-2.3060655277234569e-05,1.0785397411201711e-08,2.7638664503656021e-11,0
722,2.0578655781915096e-11,1.2824464776025214e-05,1.2821293194817354e-05,3.1715812078597270e-09,1.1597215770347269e-11,0
725,-1.6794285748733566e-10,3.5874233698397415e-05,3.5879700893894586e-05,-5.4671954971709626e-09,4.9349552902857179e-11,0
726,-1.1437859239101198e-10,1.7839101820383034e-04,1.7839211911889778e-04,-1.1009150674423651e-09,1.0088559587699383e-11,0
727,-4.8453743187161182e-11,-1.6175950955877628e-04,-1.6172042370948524e-04,-3.9085849291045595e-08,5.4778972507701525e-11,0
728,-1.6283233560214988e-10,1.6631620812369852e-05,1.6667211809536864e-05,-3.5590997167012431e-08,6.8751750602139171e-11,0
729,-1.3598228780078925e-10,-8.0580501783103151e-06,-8.0825580397328447e-06,2.4507861422529649e-08,5.3579003331110838e-11,0
731,3.1506844265435793e-11,4.7736505802021406e-06,4.7466114741529033e-06,2.7039106049237280e-08,2.5114145290338181e-11,0
733,3.2113669546874412e-12,-1.7454435433416672e-06,-1.7486184059527812e-06,3.1748626111140512e-09,1.1108006481737908e-11,0
734,-3.1769463706342047e-11,-1.7897582578653426e-04,-1.7895150375852367e-04,-2.4322028010592776e-08,1.8174143018905379e-11,0
735,-9.9723338686993720e-11,-5.8368724206031564e-07,-5.6108845843461840e-07,-2.2598783625697239e-08,1.9894615703463732e-11,0
736,-7.8898006429065957e-11,-1.7236678239425460e-05,-1.7237138201082866e-05,4.5996165740530863e-10,6.3780367082794185e-11,0
737,-3.4980830670628248e-11,-1.7723046206704132e-04,-1.7720351872322100e-04,-2.6943343820325051e-08,1.1603317607934549e-11,0
738,-1.0293470565235628e-10,1.1617669068951508e-06,1.1885908140184404e-06,-2.6823907123289572e-08,1.2535531458975091e-11,0
739,-8.2109373387446896e-11,-1.5491449206107063e-05,-1.5488701391933585e-05,-2.7478141734774359e-09,4.1864662852546870e-11,0
740,-6.7953874903880672e-11,1.7839222609364233e-04,1.7839226571065786e-04,-3.9617015532922642e-11,1.3284507430003485e-11,0
741,4.7128542840962018e-11,-1.6173909935855019e-04,-1.6171884481426988e-04,-2.0254544280310207e-08,6.2855293672210787e-11,0
742,-2.0825332115920165e-11,1.6653080248827702e-05,1.6668951343400958e-05,-1.5871094573256328e-08,7.1700214762652049e-11,0
743,4.7354552877123620e-11,-8.0596048636204926e-06,-8.0802437291988925e-06,2.0638865578399959e-08,5.0029473683105111e-11,0
745,2.0912674512594792e-10,-5.8109322464148030e-06,-5.8726943434887050e-06,6.1762097073901959e-08,2.5154009157973738e-11,0
746,2.1028852626542271e-10,-7.5568974943441766e-06,-7.5861183588169141e-06,2.9220864472737509e-08,1.5123150821524117e-11,0
748,1.5120364223546436e-10,-2.3057717161687613e-05,-2.3061393445458059e-05,3.6762837704460349e-09,5.0363918753436544e-11,0
749,-7.3256788072127456e-11,1.2817392841238742e-05,1.2819973406753572e-05,-2.5805655148294828e-09,1.9251419742185630e-11,0
750,-7.3743732577941599e-11,-8.0729798041506012e-06,-8.0817227593687060e-06,8.7429552181047203e-09,2.4085879191593390e-11,0
751,1.3538301238431135e-10,-1.3883898744610976e-05,-1.3906265096974092e-05,2.2366352363116152e-08,2.6033640908219100e-11,0
752,1.3654479352401444e-10,-1.5629842728971319e-05,-1.5655819089279670e-05,2.5976360308351389e-08,1.5444775503453180e-11,0
754,7.7459909514257685e-11,-3.1130666551108452e-05,-3.1133006696161822e-05,2.3401450533700667e-09,6.5422435153281487e-11,0
755,-1.4700052079840364e-10,4.7443652897430008e-06,4.7443994429802892e-06,-3.4153237288350464e-11,2.0480680622991497e-11,0
756,1.1617811451388122e-12,-1.7459798894736372e-06,-1.7486014189485904e-06,2.6215294749532316e-09,1.0148706173659595e-11,0
758,-5.7923102935608894e-11,-1.7246749363926655e-05,-1.7236835984736299e-05,-9.9133791903554505e-09,5.9757559202386282e-11,0
759,-2.8238353322350332e-10,1.8628294506640997e-05,1.8654764319506765e-05,-2.6469812865768315e-08,2.4984892216389441e-11,0
761,-5.9084884080015746e-11,-1.5500814253363842e-05,-1.5488413784525817e-05,-1.2400468838025264e-08,3.9166953215770681e-11,0
762,-2.8354531437010727e-10,2.0374299572883947e-05,2.0399400311864483e-05,-2.5100738980536255e-08,1.4654763426303312e-11,0
765,-2.2446043029375119e-10,3.5875081184851693e-05,3.5879237084417358e-05,-4.1558995656656539e-09,8.5676987838060074e-11,0
766,-1.6686395973714412e-10,1.7838637887328170e-04,1.7839020622040504e-04,-3.8273471233399217e-09,3.9176306501744843e-12,0
767,-1.0628439415908390e-10,9.6542195725909680e-05,9.6545922932389034e-05,-3.7272064793531737e-09,8.6017920459466730e-12,0
768,-2.1510477478436193e-10,1.7836699301103376e-04,1.7838920742773782e-04,-2.2214416704058196e-08,1.5676334509274615e-11,0
770,-5.0301255327898212e-11,-1.3913575016893422e-05,-1.3908778316016383e-05,-4.7967008770389142e-09,1.3104086253667545e-11,0
771,-4.9192831954386114e-11,-1.5661317827343584e-05,-1.5658272736488350e-05,-3.0450908552335967e-09,7.2635694193439571e-12,0
773,-1.0132319120579144e-10,-3.1148728199697530e-05,-3.1135392462901166e-05,-1.3335736796363836e-08,5.2786667770221325e-11,0
774,-1.4440854110970780e-10,8.0885945504475219e-05,8.0890238841038316e-05,-4.2933365630969935e-09,1.3986091851548008e-11,0
775,-1.7505644112005451e-10,4.7437949133675300e-06,4.7440536351245669e-06,-2.5872175703685758e-10,1.0842457516673661e-11,0
776,1.1084233669008331e-12,-1.7477091612765130e-06,-1.7485418930217394e-06,8.3273174522646437e-10,2.8693957876233948e-12,0
778,-5.1021935814098455e-11,-1.7235036777517873e-05,-1.7236690650498891e-05,1.6538729810173418e-09,2.8480339156920408e-11,0
779,-9.4107285695196761e-11,9.4799571787472742e-05,9.4797313279620433e-05,2.2585078523085916e-09,6.7084300901691979e-12,0
780,-1.2475518579919947e-10,1.8657414356786778e-05,1.8656878411508142e-05,5.3594527863539028e-10,1.5222905185319018e-11,0
782,-5.2130359182338549e-11,-1.5487414799173534e-05,-1.5488324600896741e-05,9.0980172320662242e-10,1.4965804596100508e-11,0
783,-9.5215709064140470e-11,9.6547289417005006e-05,9.6546215498739018e-05,1.0739182659873182e-09,2.9017179561482294e-12,0
784,-1.2586360916820901e-10,2.0405121304197405e-05,2.0401468055121801e-05,3.6532490756042448e-09,7.7896189684544361e-12,0
788,-4.3085349881159195e-11,1.1203465955107912e-04,1.1203104263457571e-04,3.6169165034164678e-09,4.0020685073609416e-11,0
789,-7.3733249988244176e-11,3.5892450783764091e-05,3.5881254449563786e-05,1.1196334200305118e-08,8.6394256817852716e-11,0
790,-3.0647900118005103e-11,-7.6142165538518186e-05,-7.6143724124995256e-05,1.5585864770697360e-09,1.5717046974721926e-11,0
791,1.1130358587333114e-10,-1.8482783922216771e-04,-1.8479784869497712e-04,-2.9990527190593185e-08,3.6844684724161130e-11,0
792,-4.2267778368640630e-11,-6.4386569823254164e-06,-6.4080156459879625e-06,-3.0641336337453894e-08,3.5013603648438905e-11,0
793,-1.5357136435272119e-10,1.7838917232745584e-04,1.7838951595910158e-04,-3.4363164573493650e-10,2.3224203110083365e-11,0
794,1.2924949268471564e-10,-5.8348843665402030e-06,-5.8736849407555002e-06,3.8800574215297267e-08,2.2324761528137452e-11,0
795,1.3104536294580651e-10,-7.5801353437397745e-06,-7.5873414672687144e-06,7.2061235289398764e-09,1.6890065520995141e-11,0
796,2.5871534452860332e-10,-1.8475338195903489e-04,-1.8479564720020331e-04,4.2265241168422353e-08,2.0295685007667231e-11,0
797,1.9112567788976269e-10,-6.3890932832160949e-06,-6.4051990403329416e-06,1.6105757116846677e-08,2.0050202150662097e-11,0
798,1.9843292424276562e-11,8.8960774582599357e-05,8.8956971864246543e-05,3.8027183528135554e-09,1.6372877584092969e-11,0
799,1.7958702595040430e-12,-1.7452431751413370e-06,-1.7485048371471205e-06,3.2616620057834197e-09,1.6626303040360805e-11,0
800,1.2946585189789337e-10,-1.7891851847077513e-04,-1.7894740726147803e-04,2.8888790702907797e-08,2.8465395140336458e-11,0
801,6.1876185280957490e-11,-5.5424582423840157e-07,-5.5912256026893801e-07,4.8767360305364309e-09,2.9707262257659997e-11,0
802,-1.0940620025160693e-10,9.4795634102497021e-05,9.4797295532790562e-05,-1.6614302935405141e-09,1.8525577221746894e-11,0
803,1.2766998163320455e-10,-1.7717325993867397e-04,-1.7719956595837650e-04,2.6306019702528266e-08,1.8813064186322099e-11,0
804,6.0080315015689621e-11,1.1909918430953736e-06,1.1903495830684047e-06,6.4226002696892376e-10,2.3571030781823252e-11,0
805,-1.1120207051002260e-10,9.6540869129270283e-05,9.6546158073322898e-05,-5.2889440526146135e-09,1.1723784751437649e-11,0
806,-6.7589666717184264e-11,1.7836424455539902e-04,1.7839013722228779e-04,-2.5892666888772519e-08,2.4762526161260325e-11,0
807,-2.3887205186149232e-10,2.7371413921061308e-04,2.7374900938645629e-04,-3.4870175843213034e-08,1.9350089290153752e-11,0
808,-1.7128238522548269e-10,9.5349866767241095e-05,9.5361577207885205e-05,-1.1710440644109262e-08,2.2930147669972840e-11,0
810,-6.0370650694519953e-11,4.7510510756739593e-06,4.7454774298889821e-06,5.5736457849771994e-09,1.4566360894607491e-11,0
812,-5.3667334639378392e-11,-1.5489991087651658e-05,-1.5488341067859297e-05,-1.6500197923616103e-09,2.0547169273384088e-11,0
815,7.8594298530225306e-12,1.2822128267417094e-05,1.2820768823879054e-05,1.3594435380396143e-09,1.1037103761027195e-11,0
816,-1.4680072650207115e-10,-8.0775205107334706e-06,-8.0825086029293033e-06,4.9880921958327015e-09,1.1483336228622456e-11,0
819,-1.3894129653147433e-10,4.7446218263223067e-06,4.7445039828066476e-06,1.1784351565908771e-10,1.1591769612527826e-11,0
823,3.4155802689175800e-13,-1.7486803845126708e-06,-1.7484785137169839e-06,-2.0187079568689096e-10,6.9197815358851471e-12,0
824,-4.8126994075304328e-11,-1.7236074611999138e-05,-1.7236582389978669e-05,5.0777797953174895e-10,3.7089947087081995e-11,0
825,-4.8468552100639265e-11,-1.5487400242306616e-05,-1.5488275632038974e-05,8.7538973235807443e-10,2.4322797821701286e-11,0
826,1.6021155169032237e-10,1.2833701497984989e-05,1.2822629406360191e-05,1.1072091624798045e-08,2.9920339827056833e-11,0
827,-3.0816065289907293e-10,-8.1053465561947702e-06,-8.0844932624561245e-06,-2.0853293738645724e-08,2.5828278795595174e-11,0
828,-1.4794910037895324e-10,4.7283354408771822e-06,4.7443929011524984e-06,-1.6057460275316198e-08,2.9463696446386139e-11,0
829,-4.3340192880765044e-13,1.7840857399259533e-04,1.7838998779715117e-04,1.8586195444167267e-08,1.3858722128988966e-11,0
830,2.9132508719165643e-10,-1.3904624421774182e-05,-1.3904913354728327e-05,2.8893295414439434e-10,1.3812066511874337e-11,0
831,2.8890871246045156e-10,-1.5656300623409156e-05,-1.5654345101433622e-05,-1.9555219755338314e-09,1.0633035294250126e-11,0
833,2.8728418376256789e-10,-3.1128658652365346e-05,-3.1130870918790219e-05,2.2122664248733995e-09,5.5598393341742649e-11,0
834,2.2648722161826025e-10,8.0916241336990644e-05,8.0895101416407448e-05,2.1139920583195383e-08,2.3719528233851816e-11,0
835,-6.7261868324611329e-11,4.7712233007500549e-06,4.7453942064846907e-06,2.5829094265364103e-08,1.5640609474765495e-11,0
836,-2.4163747345062363e-12,-1.7516844094731367e-06,-1.7484793003368334e-06,-3.2051091363033040e-09,2.9735910431543440e-12,0
838,-4.0409034860727361e-12,-1.7224159220288575e-05,-1.7236002484003894e-05,1.1843263715318857e-08,1.6077886712256447e-11,0
839,-6.4837865682502711e-11,9.4820796420806708e-05,9.4798317075914308e-05,2.2479344892399849e-08,1.0438802350743404e-11,0
840,-3.5858695579065385e-10,1.8675754468915409e-05,1.8654259847430886e-05,2.1494621484522748e-08,1.1079366814452059e-11,0
842,-1.6245287457120690e-12,-1.5472554828088302e-05,-1.5487693065484976e-05,1.5138237396673760e-08,1.3524938885766537e-11,0
843,-6.2421490943633241e-11,9.6572496029135799e-05,9.6547146930052498e-05,2.5349099083300515e-08,4.3017902949143185e-12,0
844,-3.5617058103941026e-10,2.0427429124733089e-05,2.0398810172345078e-05,2.8618952388010716e-08,8.5630707356494821e-12,0
848,-6.0796962269841532e-11,1.1204497568292676e-04,1.1203137830323165e-04,1.3597379695110055e-08,4.5347285493171615e-11,0
849,-3.5454605255372210e-10,3.5899871288659537e-05,3.5878033570988604e-05,2.1837717670932964e-08,4.4546012176474598e-11,0
850,-2.9374909035387890e-10,-7.6145044817157794e-05,-7.6147320117621526e-05,2.2753004637316278e-09,1.5596107450873777e-11,0
851,-1.5870035370742186e-10,1.7839141869706657e-04,1.7838760544293866e-04,3.8132541279060819e-09,1.9449197278984220e-11,0
852,-8.2448626482370405e-11,9.6561262518020125e-05,9.6546996951278984e-05,1.4265566741140955e-08,4.9011959057797834e-12,0
853,1.9271088463510249e-10,-1.3904302281264602e-05,-1.3906285961090367e-05,1.9836798257647176e-09,3.4698675772335124e-11,0
854,1.9240674600329767e-10,-1.5654337987832528e-05,-1.5655648684511805e-05,1.3106966792765236e-09,1.8849136590319383e-11,0
856,1.5623733534633206e-10,-3.1137153284781227e-05,-3.1132615968975973e-05,-4.5373158052543845e-09,8.0814560753289188e-11,0
857,1.0002176600757620e-10,8.0898483626029236e-05,8.0893638897952392e-05,4.8447280768436568e-09,2.6611301914432855e-11,0
858,-1.1900865743483590e-10,4.7492975793631334e-06,4.7447539817054037e-06,4.5435976577297505e-09,1.3338263382455831e-11,0
859,-3.0413863090142210e-13,-1.7500467911381724e-06,-1.7484103096943117e-06,-1.6364814438607227e-09,4.9936847753522987e-12,0
861,-3.6473549381435513e-11,-1.7232947363385927e-05,-1.7236362213077090e-05,3.4148496911625954e-09,4.3324913553413328e-11,0
862,-9.2689118782384427e-11,9.4802751352808480e-05,9.4798229652616920e-05,4.5217001915599580e-09,1.0563670692185219e-11,0
863,-3.1171954234964789e-10,1.8653556578219696e-05,1.8654954316995231e-05,-1.3977387755346310e-09,2.8748344619699040e-11,0
865,-3.6169410747208847e-11,-1.5482976752186767e-05,-1.5488119385217737e-05,5.1426330309701986e-09,2.8102435483251059e-11,0
866,-9.2384980149334768e-11,9.6552795696754328e-05,9.6546986582045057e-05,5.8091147092713359e-09,4.5541358169245332e-12,0
867,-3.1141540371333901e-10,2.0403646733938973e-05,2.0399445020757135e-05,4.2017131818381393e-09,1.6742593036644701e-11,0
871,-5.6215569419818390e-11,1.1203590028067178e-04,1.1203165867612193e-04,4.2416045498518996e-09,6.9361143639073861e-11,0
872,-2.7524599302030983e-10,3.5886611076349842e-05,3.5879122331371283e-05,7.4887449785587075e-09,1.0028480424461226e-10,0
873,-2.1903042359752116e-10,-7.6149086254074377e-05,-7.6146527609799870e-05,-2.5586442745073861e-09,2.6894398221923624e-11,0
874,3.0523756228906374e-10,-6.3805012339990252e-06,-6.4041307457740486e-06,2.3629511775023374e-08,2.2521277468680164e-11,0
875,1.7279636862482887e-12,-1.7477900986699343e-06,-1.7483532560382833e-06,5.6315736834891691e-10,1.2350982101660836e-11,0
876,2.6848830666182200e-10,-1.7895517672248534e-04,-1.7894324560181879e-04,-1.1931120666555705e-08,1.9486049499163481e-11,0
877,2.7282653561246810e-10,-5.4246196441731787e-07,-5.5655083981382922e-07,1.4088875396511354e-08,2.6082465266085036e-11,0
878,-9.4406586445099755e-11,9.4801474929908920e-05,9.4798400361386617e-05,3.0745685223026314e-09,1.6836227131799656e-11,0
879,2.6676034297239783e-10,-1.7720733213708734e-04,-1.7719559094308760e-04,-1.1741193999741193e-08,1.4274128094123681e-11,0
880,2.7109857192502172e-10,1.2053698655485612e-06,1.1926609637830027e-06,1.2708901765558433e-08,2.0008647279898579e-11,0
882,4.3382287583414572e-12,1.7841272212176362e-04,1.7838854973643481e-04,2.4172385328801891e-08,1.7320416727009027e-11,0
883,-3.6289489269796092e-10,2.7375667341805916e-04,2.7374589436964208e-04,1.0779048417080064e-08,1.8433939621180542e-11,0
884,-3.6723312118829362e-10,9.5343883447118749e-05,9.5360061943882405e-05,-1.6178496763655974e-08,2.3898311096921619e-11,0
886,1.2215798465637430e-10,1.2828351519115350e-05,1.2821940291317995e-05,6.4112277973551199e-09,1.2506538715977846e-11,0
887,-2.7623112209667529e-10,-8.0948659979020177e-06,-8.0839733213452762e-06,-1.0892676556741501e-08,1.1542580975328519e-11,0
889,-1.5407313674774069e-10,4.7334738146739483e-06,4.7443216924120933e-06,-1.0847877738145058e-08,2.0300738916898373e-11,0
891,3.4309172708942035e-12,-1.7449847428643481e-06,-1.7482825016055760e-06,3.2977587412278944e-09,8.9965886331053156e-12,0
892,-8.2382323465982693e-11,-1.7237185750836829e-05,-1.7236850655909376e-05,-3.3509492745306723e-10,7.8786027018653033e-11,0
893,-1.1425794915077365e-10,9.4799547350817893e-05,9.4798453377379567e-05,1.0939734383267697e-09,1.6133760603954181e-11,0
894,-8.5813240736979522e-11,-1.5491987741505196e-05,-1.5488731066308176e-05,-3.2566751970199690e-09,3.8730146207026872e-11,0
895,-1.1768886642251756e-10,9.6544535510234303e-05,9.6547075007823258e-05,-2.5394975889547105e-09,6.5175812355516541e-12,0
896,-3.1875625691666500e-11,1.1203650837604280e-04,1.1203238620438572e-04,4.1221716570770742e-09,6.7283429604154516e-11,0
897,-1.7293632083228056e-10,1.7838179613035091e-04,1.7838551523089745e-04,-3.7191005465445157e-09,3.0184646303735740e-12,0
898,-2.2971590823273709e-10,1.4127344465407216e-04,1.4127850676171912e-04,-5.0621076469578759e-09,1.6659696202561240e-12,0
899,-5.6779587427073386e-11,-3.7108349281434177e-05,-3.7110932074115835e-05,2.5827926816582650e-09,2.1287235131194664e-12,0
900,4.9025518443197534e-12,-1.7463298872036066e-06,-1.7482335710734602e-06,1.9036838698535533e-09,1.0986558139249968e-11,0
901,-2.9758870961047315e-10,-1.7898198483576148e-04,-1.7894898138879915e-04,-3.3003446962338217e-08,1.7543898118029464e-11,0
902,-3.9996560404532023e-10,-5.9506635239313377e-07,-5.6491785184110366e-07,-3.0148500552030113e-08,2.1632767788499510e-11,0
903,-9.8420387869566696e-11,-1.7236052264979409e-05,-1.7237019095166242e-05,9.6683018683326339e-10,7.4289324133231196e-11,0
904,-1.1780906769798704e-10,9.4808533340631253e-05,9.4798594278362099e-05,9.9390622691541758e-09,2.2094761897523813e-11,0
905,-3.0249126145763827e-10,-1.7723566441983293e-04,-1.7720146489067445e-04,-3.4199529158488243e-08,1.3054759001676905e-11,0
906,-4.0486815589716518e-10,1.1512471091643106e-06,1.1841169593579540e-06,-3.2869850193643419e-08,1.6040182754131390e-11,0
907,-1.0332293971519522e-10,-1.5489764659400889e-05,-1.5488946715561419e-05,-8.1794383947024615e-10,6.1900877777654243e-11,0
908,-1.2271161953989000e-10,9.6554876989770081e-05,9.6547164157960468e-05,7.7128318096131559e-09,9.9989446641284089e-12,0
909,-1.0237689433491896e-10,1.7838689878913209e-04,1.7838591980411951e-04,9.7898501257671564e-10,1.4122559055683730e-11,0
910,1.7977964085535030e-10,2.7379062427996571e-04,2.7375179341416399e-04,3.8830865801726001e-08,2.6381521157782210e-11,0
911,2.8215653528786693e-10,9.5403600919150358e-05,9.5368597384458740e-05,3.5003534691618486e-08,3.2852633631491112e-11,0
912,-1.9916832171416701e-10,-1.6174585760539775e-04,-1.6171647143586076e-04,-2.9386169536990301e-08,9.1170673000186220e-11,0
916,-1.3454661242236944e-11,1.2819307502876312e-05,1.2820192003957085e-05,-8.8450108077291699e-10,2.1636801322064300e-11,0
917,-1.4065846319533217e-10,-8.0757928819303655e-06,-8.0822540686786203e-06,6.4611867482548043e-09,2.1188935472846856e-11,0
919,-1.5411312443997415e-10,4.7435455457905951e-06,4.7443226470539070e-06,-7.7710126331194759e-10,1.9965069203067829e-11,0
921,-5.0737240257477040e-11,-1.3915030285548136e-05,-1.3909871538086192e-05,-5.1587474619437467e-09,1.6015790725666784e-11,0
922,-4.9274455974370625e-11,-1.5662030172412800e-05,-1.5659050226904735e-05,-2.9799455080649763e-09,9.0802248310681766e-12,0
924,1.9713422982519158e-10,-1.9281710861267926e-04,-1.9283009912152244e-04,1.2990508843185302e-08,1.5932480814885921e-11,0
925,-1.0992403256596277e-10,-3.1150021938109937e-05,-3.1136370535236759e-05,-1.3651402873178389e-08,6.6686213418338616e-11,0
926,-1.5593114049523951e-10,8.0886076344452093e-05,8.0890865353074956e-05,-4.7890086228634344e-09,1.6695726336790628e-11,0
927,-1.9083517019775609e-10,4.7426639307266566e-06,4.7438689518530411e-06,-1.2050211263845022e-09,1.0952577959561547e-11,0
928,1.4627842823498019e-12,-1.7470088970157141e-06,-1.7482263986517648e-06,1.2175016360507460e-09,3.6453259855934168e-12,0
930,2.4787147030466404e-10,-1.7890207783076428e-04,-1.7894141996861569e-04,3.9342137851406658e-08,8.3856912240828872e-12,0
931,-5.9186792243329563e-11,-1.7234949263974370e-05,-1.7236483072072780e-05,1.5338080984105484e-09,3.3426656872119264e-11,0
932,-1.0519390014908563e-10,9.4801140796479770e-05,9.4799051105797964e-05,2.0896906818064932e-09,7.5420395667744281e-12,0
933,-1.4009792995273492e-10,1.8657690909743962e-05,1.8657511352437882e-05,1.7955730607945833e-10,1.6536413600416734e-11,0
935,2.4640868601999726e-10,-1.7715506406023110e-04,-1.7719392210590202e-04,3.8858045670921160e-08,4.3639124549900179e-12,0
936,-6.0649576524043701e-11,-1.5488026235804570e-05,-1.5488415070388878e-05,3.8883458430870928e-10,1.8697783718614870e-11,0
937,-1.0665668443465111e-10,9.6548142165204425e-05,9.6547609232211008e-05,5.3293299341703598e-10,3.0983703210841492e-12,0
938,-1.4156071423276538e-10,2.0404709218928285e-05,2.0401853612314805e-05,2.8556066134802444e-09,9.4246891076189706e-12,0
943,-3.5306537013269394e-10,2.7370320992491787e-04,2.7374466979916820e-04,-4.1459874250329015e-08,8.6037265385372580e-12,0
944,-3.8796939970322194e-10,1.9755981010446955e-04,1.9757697371841290e-04,-1.7163613943353782e-08,1.6872914815119529e-11,0
945,3.0705826256373901e-10,-1.6166720706599358e-04,-1.6170945013156164e-04,4.2243065568063533e-08,3.6847049451546804e-11,0
946,-4.6007107905301212e-11,1.1203620127948324e-04,1.1203263152545563e-04,3.5697540276145769e-09,4.0426092467399131e-11,0
947,-8.0911137716281217e-11,3.5892651977792542e-05,3.5881931055420672e-05,1.0720922371870376e-08,7.5297538448048377e-11,0
948,-3.4904029822872032e-11,-7.6143426334067746e-05,-7.6144751845804887e-05,1.3255117371416400e-09,1.7054292377888287e-11,0
949,6.6354472279049385e-11,-6.4351496559169469e-06,-6.4075662989113175e-06,-2.7583357005629422e-08,4.2974095903245744e-11,0
950,4.0179785771057326e-12,-4.3543170452626026e-05,-4.3516240466286723e-05,-2.6929986339303445e-08,3.3639143736038346e-11,0
951,-6.2336493798549487e-11,-3.7108056526381338e-05,-3.7111030359828534e-05,2.9738334471953462e-09,1.3948619561227977e-11,0
952,1.2747225862987337e-12,-1.7481849199205805e-06,-1.7482046949234380e-06,1.9775002857519173e-11,1.7739399918186349e-11,0
953,-1.0001980128012978e-10,9.4802246224495387e-05,9.4799260161777089e-05,2.9860627182986144e-09,2.6574040847153364e-11,0
954,-1.0129452386619070e-10,9.6550383519133053e-05,9.6547794374917092e-05,2.5891442159605696e-09,1.5615478674835648e-11,0
956,-7.7050097625686749e-11,4.7502882205676181e-06,4.7452813415196226e-06,5.0068790479954520e-09,2.5065674340094686e-11,0
958,4.1725019018583667e-11,1.4128776438493591e-04,1.4127989890510108e-04,7.8654798348282498e-09,5.5847891090717346e-12,0
959,-1.0348340962654722e-10,-1.6173616197419707e-04,-1.6171398760169694e-04,-2.2174372500129939e-08,5.0705764390418343e-11,0
960,-6.1758391087750328e-11,-2.0448301830933244e-05,-2.0435250432903978e-05,-1.3051398029266699e-08,3.5689364516508606e-11,0
962,-1.4203850930847294e-10,4.7437811560267773e-06,4.7444761755629963e-06,-6.9501953621895531e-10,8.8764960127214539e-12,0
964,-1.6166075613508372e-10,1.7838331171496488e-04,1.7838337901161794e-04,-6.7296653059184530e-11,2.3362978566187992e-11,0
965,7.5622138655876234e-13,-1.7502579566276315e-06,-1.7481736055432815e-06,-2.0843510843499067e-09,7.3382855077265338e-12,0
966,-4.2017580671203061e-11,-1.7232552670957448e-05,-1.7236209040801585e-05,3.6563698441370259e-09,6.5116196195254282e-11,0
967,-8.0027459869696514e-11,9.4806256732986663e-05,9.4799734265534603e-05,6.5224674520599326e-09,1.4277603034347435e-11,0
968,-4.2773802048265778e-11,-1.5482490973796163e-05,-1.5488190380195737e-05,5.6994063995737844e-09,3.1403536358623213e-11,0
969,-8.0783681249957118e-11,9.6556520000717211e-05,9.6548233940249020e-05,8.2860604681909283e-09,5.7781337175713311e-12,0
970,-3.8009879211667927e-11,1.1203897728653085e-04,1.1203305225730375e-04,5.9250292270965951e-09,6.3173676586580296e-11,0
971,2.8422959797839859e-10,-1.3906618456647167e-05,-1.3906006485178533e-05,-6.1197146863448408e-10,1.8879304348516330e-11,0
972,2.8245247860801889e-10,-1.5657802927258185e-05,-1.5655142630293784e-05,-2.6602969644011812e-09,1.0504029229647223e-11,0
974,2.6282150071191650e-10,-3.1134668373196568e-05,-3.1131979470193378e-05,-2.6889030031900028e-09,4.3919600633188881e-11,0
975,1.9324325117765424e-10,8.0906967931792390e-05,8.0895400072004148e-05,1.1567859788241667e-08,1.8074359795483502e-11,0
976,-1.0910714971553451e-10,4.7609468293028159e-06,4.7448854232285984e-06,1.6061406074217574e-08,1.9010220626871139e-11,0
977,-1.7771193614159770e-12,-1.7511929080781603e-06,-1.7481839179954234e-06,-3.0089900827369218e-09,3.2875262967949091e-12,0
979,-2.1408097317821571e-11,-1.7228075791621885e-05,-1.7235932501309944e-05,7.8567096880592018e-09,2.6173617975333887e-11,0
981,-3.9333674794616524e-10,1.8667507141749591e-05,1.8654589543579714e-05,1.2917598169877548e-08,1.5660614675981060e-11,0
983,-1.9630977953027257e-11,-1.5476953360200624e-05,-1.5487902344698774e-05,1.0948984498149390e-08,1.3699035809183901e-11,0
984,-8.9209227537715408e-11,9.6564715443807868e-05,9.6548233626022483e-05,1.6481817785384380e-08,4.1690722639119301e-12,0
985,-3.9155962857082980e-10,2.0418698369616822e-05,2.0398907420035261e-05,1.9790949581561276e-08,8.2420046378118144e-12,0
989,-6.9578249652405386e-11,1.1204163502679786e-04,1.1203277100952357e-04,8.8640172742890161e-09,2.8205324284471963e-11,0
990,-3.7192865087327873e-10,3.5895527795824279e-05,3.5878525432039448e-05,1.7002363784830450e-08,5.4516525863059481e-11,0
991,-3.0235040127360618e-10,-7.6146026764184536e-05,-7.6148327624949079e-05,2.3008607645422187e-09,1.1796556354387891e-11,0
992,5.0503663633157710e-10,-1.8476819924238570e-04,-1.8478735995207371e-04,1.9160709688017174e-08,1.0830639024306297e-11,0
993,2.8705064678215575e-10,-6.4107321048537786e-06,-6.4051000456381630e-06,-5.6320592156155547e-09,1.3073305532478885e-11,0
994,2.1187652433640891e-10,-4.3521729597525115e-05,-4.3513982696223171e-05,-7.7469013019440926e-09,6.9087098573511366e-12,0
995,-2.1798598941703623e-10,1.7835747313985940e-04,1.7838203518900992e-04,-2.4562049150519049e-08,1.0834128321455220e-11,0
996,-2.9316011180136215e-10,1.4124646309070926e-04,1.4127466055721254e-04,-2.8197466503279787e-08,6.2440026870868443e-12,0
997,-7.5174122439082254e-11,-3.7110997164241941e-05,-3.7111222676836433e-05,2.2551259449242467e-10,5.7474114125205705e-12,0
998,-1.1213599965473255e-10,9.6548726551961075e-05,9.6548115208344300e-05,6.1134361677530388e-10,2.6912029418463795e-11,0
1001,2.7677278627075313e-10,-6.3819396039985210e-06,-6.4053570243269645e-06,2.3417420328443529e-08,1.0158702453120858e-11,0
1002,3.0489033623131393e-10,-2.3012410164547498e-05,-2.3060967130519952e-05,4.8556965972454288e-08,2.7759377087549615e-11,0
1003,2.5643267027680500e-10,8.8993341553040076e-05,8.8961375471818707e-05,3.1966081221368632e-08,5.9232176179692396e-12,0
1004,2.3250217408776252e-10,-4.3504827030287768e-05,-4.3513880001481978e-05,9.0529711942096422e-09,6.1918771180278081e-12,0
1005,1.3388472810257202e-10,1.2828500650110229e-05,1.2821703573067982e-05,6.7970770422474285e-09,1.1451086656620541e-11,0
1011,-2.0340115280151381e-11,9.5375289583307177e-05,9.5366023508863077e-05,9.2660744440998264e-09,7.6805011534826563e-12,0
1012,-4.4270612212794536e-11,-3.7122881047671561e-05,-3.7110855268859263e-05,-1.2025778812297999e-08,2.7590753888725739e-12,0
1013,-1.4288805726763800e-10,1.9210462075074791e-05,1.9205558284119550e-05,4.9037909552415466e-09,1.2031746061708159e-11,0
1014,-2.8117550743355541e-11,1.6630551600149354e-05,1.6668403089114730e-05,-3.7851488965375609e-08,3.5561326571434624e-11,0
1015,-4.8457665932317210e-11,1.1200579332551518e-04,1.1203336571945937e-04,-2.7572393944191517e-08,2.2380408934525454e-11,0
1016,-7.2388162957548627e-11,-2.0492322025195131e-05,-2.0435647834350025e-05,-5.6674190845106367e-08,2.0536281152894361e-11,0
1017,-1.7100560789818160e-10,3.5840961202191282e-05,3.5881173957410086e-05,-4.0212755218803700e-08,4.5662875176542947e-11,0
1018,-2.3930496896750548e-11,-1.3249817517172911e-04,-1.3247252193960340e-04,-2.5653232125713446e-08,4.7588126942080251e-12,0
1019,-1.2254794199588728e-10,-7.6164852091827745e-05,-7.6146297447746649e-05,-1.8554644081096128e-08,9.8708651446462310e-12,0
1020,-9.8617445200776777e-11,5.6333333595037435e-05,5.6322414747052708e-05,1.0918847984727094e-08,1.2782927942231576e-11,0
1021,-3.1974187017401836e-10,-8.1020697292946697e-06,-8.0842732978451608e-06,-1.7796431449508882e-08,1.4190829021618863e-11,0
1022,3.5740825868561008e-12,-1.7447322033639146e-06,-1.7480194570550334e-06,3.2872536911188113e-09,1.2628737026627660e-11,0
1023,-1.2871042514237417e-10,-1.7896874601974061e-04,-1.7894319943454400e-04,-2.5546585196605572e-08,1.8335077628106544e-11,0
1024,-8.4239784415732823e-11,-1.7237153846430195e-05,-1.7236614324248825e-05,-5.3952218136949057e-10,6.2125851204634298e-11,0
1025,-1.1537764384978327e-10,9.4800780720713908e-05,9.4800014427741432e-05,7.6629297247616645e-10,2.2707146737953608e-11,0
1026,-2.4962052024675951e-10,-3.7693861901950954e-05,-3.7665867625511346e-05,-2.7994276439607957e-08,1.4281910941223726e-11,0
1027,-1.3228450773964115e-10,-1.7722402614860945e-04,-1.7719595009485915e-04,-2.8076053750300143e-08,1.2331523397636068e-11,0
1028,-8.7813867004860702e-11,-1.5492495639419460e-05,-1.5488743127247246e-05,-3.7525121722140509e-09,4.4516673501749352e-11,0
1029,-1.1895172643946510e-10,9.6545534320824312e-05,9.6548348996062529e-05,-2.8146752382171916e-09,9.1448504475112773e-12,0
1030,-2.5319460284698258e-10,-3.5949099385198385e-05,-3.5920997168270632e-05,-2.8102216927752843e-08,9.4965829678806249e-12,0
1031,1.3332780720034416e-11,2.7376954086890618e-04,2.7374734358469424e-04,2.2197284211937247e-08,2.1925826325963852e-11,0
1032,-1.2091009503041958e-10,1.4127493953932621e-04,1.4127543513124381e-04,-4.9559191760183488e-10,8.7437025445296044e-12,0
1033,-4.4470640608452614e-11,-1.6173166206618489e-04,-1.6171111319171055e-04,-2.0548874474343639e-08,6.3052020651319230e-11,0
1034,-3.1137859442062509e-11,1.1203797238418532e-04,1.1203376017300083e-04,4.2122111844924938e-09,1.0447737914066960e-10,0
1035,-1.6538073569441494e-10,-2.0456630672413892e-05,-2.0436884697364052e-05,-1.9745975049839854e-08,3.2065372525914573e-11,0
1036,-1.3424287627206655e-10,-1.3249461644211993e-04,-1.3247413769049650e-04,-2.0478751623431235e-08,1.5628552815801392e-11,0
1037,1.0337979600537868e-10,-7.6152353197089101e-06,-7.5889986813371169e-06,-2.6236638371793236e-08,3.2448466345222880e-11,0
1038,-1.3603913662157481e-11,8.8930902557533137e-05,8.8958218760370425e-05,-2.7316202837288518e-08,5.3926161370270950e-11,0
1039,-1.1698370965905647e-10,9.6546080881745617e-05,9.6548480471299761e-05,-2.3995895541444783e-09,9.9533779594367044e-12,0
1040,2.4378732627552369e-10,-5.8274395135452656e-06,-5.8722645004995818e-06,4.4824986954316216e-08,1.8939162551147698e-11,0
1041,2.4596717591007534e-10,-7.5716095143049666e-06,-7.5873394535597558e-06,1.5729939254789191e-08,7.5106732554063339e-12,0
1042,2.9647369629162048e-10,-1.8475673176792523e-04,-1.8478801026054807e-04,3.1278492622843160e-08,1.4880720587804692e-11,0
1043,2.0403295602092172e-10,-6.3996539293245669e-06,-6.4065331511297511e-06,6.8792218051842249e-09,1.5765079853622701e-11,0
1044,1.2631181034370856e-10,8.8967750295514754e-05,8.8960091840755353e-05,7.6584547594008316e-09,1.1901072028001292e-11,0
1045,6.2457304048663557e-11,1.2821772330095377e-05,1.2820661677927279e-05,1.1106521680978945e-09,2.7310444748603393e-11,0
1046,2.1798496342906964e-12,-1.7441852091063138e-06,-1.7479748012537814e-06,3.7895921474676008e-09,8.2491030012947216e-12,0
1047,5.2686369827144332e-11,-1.7892932379971575e-04,-1.7893995918840018e-04,1.0635388684424214e-08,2.1230852971172806e-11,0
1048,-3.9754370492188059e-11,-5.7219883037220448e-07,-5.6053586802542545e-07,-1.1662962346779032e-08,1.8596509552155977e-11,0
1049,-1.1747551594658749e-10,9.4795169145033865e-05,9.4800361825197340e-05,-5.1926801634749132e-09,1.3630537566301151e-11,0
1050,-1.8133002219277050e-10,1.8649159655644530e-05,1.8657642243821846e-05,-8.4825881773161285e-09,2.2369391980839874e-11,0
1051,5.0506520187319944e-11,-1.7718511153706415e-04,-1.7719276875458560e-04,7.6572175214547310e-09,9.3048059353459153e-12,0
1052,-4.1934220133559752e-11,1.1719686425868282e-06,1.1880314404415227e-06,-1.6062797854694553e-08,1.0303774953057638e-11,0
1053,-1.1965536558148722e-10,9.6539379130908612e-05,9.6548646043199404e-05,-9.2669122907918086e-09,5.7561493559423103e-12,0
1054,-1.8350987182810199e-10,2.0393353499678808e-05,2.0401786042862561e-05,-8.4325431837525648e-09,1.2011286880409544e-11,0
1055,-9.2440740373210173e-11,1.7835708644488085e-04,1.7838128429608358e-04,-2.4197851202731888e-08,1.6621086034533895e-11,0
1056,-1.7016188558586954e-10,2.7372448843836217e-04,2.7374442708872910e-04,-1.9938650366933645e-08,1.5145927153422702e-11,0
1057,-2.3401639177128427e-10,1.9757849368880198e-04,1.9757606459095664e-04,2.4290978453407434e-09,3.0980547085190360e-11,0
1058,-7.7721145369962073e-11,9.5367397668071931e-05,9.5365890110172424e-05,1.5075578995067413e-09,1.7002234044670949e-11,0
1059,-1.4157565159406658e-10,1.9221395028919119e-05,1.9205855352196732e-05,1.5539676722387425e-08,2.8760529243885610e-11,0
1060,-6.3854506308877662e-11,-7.6146041576786148e-05,-7.6145871473926196e-05,-1.7010285995250948e-10,2.0942152818209621e-11,0
1061,-4.8664387572736414e-11,-1.5662939852019615e-05,-1.5659750856046721e-05,-3.1889959728938092e-09,8.6160280683943930e-12,0
1063,1.5448712879024338e-10,-1.9282401036059375e-04,-1.9282757733334594e-04,3.5669727521875968e-09,1.8749442032300926e-11,0
1064,-1.1637492480734136e-10,-3.1151359022511468e-05,-3.1137245313541877e-05,-1.4113708969591590e-08,6.6517424759137400e-11,0
1065,-1.6451544554267155e-10,8.0885959332754886e-05,8.0891460642713191e-05,-5.5013099583048862e-09,1.9022021006746937e-11,0
1067,2.0315151662058909e-10,-1.7716105143218003e-04,-1.7719026993592255e-04,2.9218503742520479e-08,3.5854941950421814e-12,0
1068,-6.7710537167916060e-11,-1.5488554854911933e-05,-1.5488488790378552e-05,-6.6064533380818472e-11,1.6421910294884322e-11,0
1074,2.7086205381934902e-10,-1.6167257605776558e-04,-1.6170566636259851e-04,3.3090304832924904e-08,3.4075706300122106e-11,0
1075,-4.8140520714827841e-11,1.1203738786045290e-04,1.1203408727998759e-04,3.3005804653095253e-09,3.6971932401856594e-11,0
1076,6.6151097146087055e-11,-4.3528044794586586e-05,-4.3516404913981076e-05,-1.1639880605509819e-08,2.7242258538633564e-12,0
1077,2.0427579015272881e-12,-1.7450245200505317e-06,-1.7479141641943860e-06,2.8896441438542793e-09,1.4627357924404386e-11,0
1078,-1.1672921360123183e-10,9.4800495187144680e-05,9.4800746850591097e-05,-2.5166344641634319e-10,1.9988579979867120e-11,0
1079,6.4437962894936809e-13,-3.7662478881770114e-05,-3.7663036485834240e-05,5.5760406412504312e-10,3.9274632450237305e-11,0
1080,-1.1877197150441453e-10,9.6545555176246085e-05,9.6548964701088379e-05,-3.4095248422938733e-09,1.1452664964832085e-11,0
1081,-1.3983782781974553e-12,-3.5917487518912286e-05,-3.5918193672071785e-05,7.0615315949930065e-10,2.9003637308643875e-11,0
1082,1.1737359345291910e-10,-1.3246298693228055e-04,-1.3247191241355234e-04,8.9254812717955417e-09,3.5196087929540292e-11,0
1084,1.0603361840824954e-10,1.2823993755523531e-05,1.2821083044242908e-05,2.9107112806237121e-09,1.1161688216639735e-11,0
1085,-2.4894058278227174e-10,-8.0810647608989608e-06,-8.0832597234227379e-06,2.1949625237771119e-09,1.2128828462050427e-11,0
1087,-1.4290696401385704e-10,4.7429719938147166e-06,4.7444745093486225e-06,-1.5025155339058551e-09,1.3005383667983559e-11,0
1089,-4.0131475506717453e-11,1.7838450563995890e-04,1.7838058199992911e-04,3.9236400297955158e-09,1.3874079052583828e-11,0
1091,5.7753464942606969e-11,1.2821167860574932e-05,1.2820452637282472e-05,7.1522329245983529e-10,2.8716198021880738e-11,0
1092,-2.1689159564576570e-10,-8.0790890731314950e-06,-8.0828441970768675e-06,3.7551239453724325e-09,3.0588595138015820e-11,0
1094,-1.5913813050381245e-10,4.7420874591591264e-06,4.7442739093723935e-06,-2.1864502132671549e-09,3.1396283293695668e-11,0
1096,6.2015707502930003e-12,-1.7487893818256077e-06,-1.7478100222213716e-06,-9.7935960423609169e-10,3.9485370427748184e-12,0
1097,-2.6897965217480406e-10,-1.7896078636266393e-04,-1.7894211077221827e-04,-1.8675590445659711e-08,1.0282343703746737e-11,0
1098,-2.7900033049900269e-10,-5.7464691445292641e-07,-5.6353633033778748e-07,-1.1110584115138935e-08,1.1499543397745064e-11,0
1099,-1.0472784619453168e-10,-1.7231761274584534e-05,-1.7236692844302711e-05,4.9315697181774305e-09,3.6959900866573313e-11,0
1100,-1.0159559557214407e-10,9.4812329149205829e-05,9.4801251402054518e-05,1.1077747151311051e-08,7.6454403701250737e-12,0
1101,-2.5451207186158946e-10,-3.7677287635688554e-05,-3.7666316070565677e-05,-1.0971565122877016e-08,7.1033975079057254e-12,0
1102,-2.7518122292115083e-10,-1.7721199762526889e-04,-1.7719511154974091e-04,-1.6886075527981249e-08,4.9116914313382218e-12,0
1103,-2.8520190124523422e-10,1.1741165518257528e-06,1.1847842118206621e-06,-1.0667659994909290e-08,6.0968501664972816e-12,0
1104,-1.1092941694410631e-10,-1.5483076988259464e-05,-1.5489021164396831e-05,5.9441761373671116e-09,1.5642808932824811e-11,0
1105,-1.0779716631630243e-10,9.6561105183556525e-05,9.6549360278322434e-05,1.1744905234091084e-08,3.2303706512606629e-12,0
1106,-2.6071364261172223e-10,-3.5928487356693371e-05,-3.5921544556505985e-05,-6.9428001873866906e-09,4.1894254298447436e-12,0
1107,-1.0020678144408789e-11,1.7838610994002496e-04,1.7838043726704246e-04,5.6726729824986902e-09,6.6414107223972892e-12,0
1108,1.6738405567838009e-10,2.7377309917379911e-04,2.7374742438628492e-04,2.5674787514182607e-08,8.9991061642380214e-12,0
1109,1.4467580538597030e-11,1.4128350390985901e-04,1.4127410122184898e-04,9.4026880100321272e-09,4.6532706745356116e-12,0
1110,1.7740473546015543e-10,9.5387006755169503e-05,9.5369743684187746e-05,1.7263070981756823e-08,1.0807443915313669e-11,0
1111,2.4488258612517460e-11,-3.7102611507678924e-05,-3.7110076053554773e-05,7.4645458758489667e-09,4.5045342475717564e-12,0
1112,-1.6425180642253624e-10,-1.6172907912039968e-04,-1.6170996053473254e-04,-1.9118585667138744e-08,5.1520658340934237e-11,0
1113,-1.7427248483229243e-10,1.6657109323390875e-05,1.6666417868735473e-05,-9.3085453445976047e-09,7.3610669462317600e-11,0
1114,3.1322506385900476e-12,1.1204418668530475e-04,1.1203510900407118e-04,9.0776812335628546e-09,3.4472776495944477e-11,0
1115,-1.4978422621706304e-10,-2.0445433852809593e-05,-2.0437121235550314e-05,-8.3126172592792370e-09,4.6959827597365161e-11,0
1116,-1.5291647757836763e-10,-1.3248958857338080e-04,-1.3247564302040890e-04,-1.3945552971900057e-08,7.5412443079429695e-12,0
1117,-9.2539907048150897e-11,4.7494612715826348e-06,4.7451006626333974e-06,4.3606089492373746e-09,2.2532953529617943e-11,0
1118,2.5925596587129308e-10,1.2843665636089879e-05,1.2822874633285966e-05,2.0791002803913092e-08,2.7504029658941622e-11,0
1119,-3.9810604931569490e-10,-8.1453880311048443e-06,-8.0850476144476830e-06,-6.0340416657161350e-08,3.2577281992958250e-11,0
1120,-1.3885008255591554e-10,4.6982791485003506e-06,4.7445271899696133e-06,-4.6248041469262786e-08,3.3350857852791084e-11,0
1121,3.7832804315957603e-12,-1.7463310263074732e-06,-1.7478085509117601e-06,1.4775246042869652e-09,5.1156341153869965e-12,0
1123,-5.6930976311690132e-11,-1.7895783970898723e-04,-1.7893897791166166e-04,-1.8861797325571677e-08,1.8236123739962276e-11,0
1124,-1.1088806793933791e-10,-5.7652207386153440e-07,-5.6146064741331705e-07,-1.5061426448217346e-08,2.7472814594486036e-11,0
1125,-8.4887637888988301e-11,-1.7234181321214260e-05,-1.7236415563408940e-05,2.2342421946795873e-09,5.7857394063414079e-11,0
1126,-1.1168851227993746e-10,9.4804876516388532e-05,9.4801315886817574e-05,3.5606295709582998e-09,1.3427439462569463e-11,0
1128,-6.0714256746646209e-11,-1.7721151914578325e-04,-1.7719198739791077e-04,-1.9531747872487612e-08,7.1375786099148166e-12,0
1129,-1.1467134837665046e-10,1.1697670457525185e-06,1.1868359745383369e-06,-1.7068928785818467e-08,1.1629138838418930e-11,0
1130,-8.8670918318539178e-11,-1.5488002559031462e-05,-1.5488743590441593e-05,7.4103141013009705e-10,2.7651101819661355e-11,0
1131,-1.1547179270967845e-10,9.6551222582437783e-05,9.6549420399607460e-05,1.8021828303228966e-09,5.5956945372072235e-12,0
1136,-5.3957091597544981e-11,1.7838127973946079e-04,1.7837938059580552e-04,1.8991436552713570e-09,1.4555453931972888e-11,0
1137,-5.4757536139739737e-11,2.7376271697313699e-04,2.7374434400036457e-04,1.8372972772416445e-08,9.3069579028817177e-12,0
1138,-8.0044419030042538e-13,9.5381481580107024e-05,9.5367722501513543e-05,1.3759078593481022e-08,1.3372763464256959e-11,0
1139,2.7956661612338615e-11,-1.6172359849085226e-04,-1.6170710753913949e-04,-1.6490951712777027e-08,5.9041376279917819e-11,0
1140,-2.6000430007529828e-11,1.6657594152927812e-05,1.6668230945310415e-05,-1.0636792382603093e-08,8.3766785444230702e-11,0
1141,-2.6800874391093693e-11,1.1203920281479054e-04,1.1203490213855817e-04,4.3006762323746176e-09,4.8707152101330785e-11,0
1142,2.0638060227963059e-10,1.2832291676411270e-05,1.2822181856497147e-05,1.0109819914123311e-08,1.4757373523604127e-11,0
1143,-3.5654472760827588e-10,-8.1124580441557792e-06,-8.0845110488675961e-06,-2.7946995288183148e-08,1.5841371055217233e-11,0
1144,-1.5016412450031492e-10,4.7198520028574054e-06,4.7443876871093170e-06,-2.4535684251911616e-08,2.8210333175295457e-11,0
1145,4.6237839680328703e-12,-1.7476800743216308e-06,-1.7477705739782181e-06,9.0499656587283352e-11,1.0315107384847928e-11,0
1146,-1.0035808521707141e-10,-1.7895746701344093e-04,-1.7893907583440183e-04,-1.8391179039097330e-08,3.3942928227613607e-11,0
1147,-1.0808028073059267e-10,9.4806852112438132e-05,9.4801526727032734e-05,5.3253854053982768e-09,1.6583208188103007e-11,0
1148,-1.2188443101935034e-10,-3.7679807069606122e-05,-3.7664800693338784e-05,-1.5006376267338113e-08,2.2785754327994517e-11,0
1149,-1.0498186919136510e-10,-1.7720978078398933e-04,-1.7719212963594334e-04,-1.7651148045988050e-08,1.6377504714004352e-11,0
1150,-1.1270406469623566e-10,9.6554512714232179e-05,9.6549590729996305e-05,4.9219842358739704e-09,8.0065328946569935e-12,0
1151,-1.2650821499181967e-10,-3.5932103225352549e-05,-3.5920031756274736e-05,-1.2071469077813539e-08,1.1100138157672995e-11,0
1152,-7.7221957979945470e-12,2.7376422972957056e-04,2.7374464224512479e-04,1.9587484445776192e-08,4.4783886874197998e-11,0
1153,-2.1526345741280868e-11,1.4127766438361798e-04,1.4127264946876123e-04,5.0149148567548221e-09,1.1302547385281985e-11,0
1154,-1.3804150777544803e-11,-1.3248660684918399e-04,-1.3247434287199481e-04,-1.2263977189173750e-08,2.2942817455553594e-11,0
1155,-2.6145106384422137e-10,-8.0776929054860239e-06,-8.0832974104210608e-06,5.6045049350369477e-09,3.3520294340653687e-11,0
1156,4.3546057760833919e-12,-1.7491357242892290e-06,-1.7477434275395906e-06,-1.3922967496384572e-09,7.3837474274452724e-12,0
1157,1.8009117417794667e-10,-1.7895190765325388e-04,-1.7893511032989029e-04,-1.6797323363590714e-08,1.6283240947992678e-11,0
1158,2.4483288756176962e-10,-5.5322117969817952e-07,-5.5706607429459435e-07,3.8448945964148290e-09,1.9040544768799986e-11,0
1159,-1.0510689943383891e-10,9.4808459696286290e-05,9.4801747363598121e-05,6.7123326881690865e-09,1.3504956399954604e-11,0
1160,1.7573656840255299e-10,-1.7720279975884726e-04,-1.7718819829052267e-04,-1.4601468324585212e-08,7.2561541811311587e-12,0
1161,2.4047828178653980e-10,1.1959848428850367e-06,1.1911240123444281e-06,4.8608305406085597e-09,9.0887488989259651e-12,0
1162,-1.0946150521254494e-10,9.6557594635965187e-05,9.6549781417773546e-05,7.8132181916408224e-09,5.9552707218070545e-12,0
1164,-2.8519807266941936e-10,2.7376040690255251e-04,2.7374088574004334e-04,1.9521162509172560e-08,1.2452674231040034e-11,0
1165,-3.4993978402678391e-10,9.5361643163286054e-05,9.5363740986583725e-05,-2.0978232976708727e-09,1.5861348603641673e-11,0
1167,2.3058741679632420e-10,-4.3508861077871594e-05,-4.3515027313697988e-05,6.1662358263937810e-09,5.7034788702839311e-12,0
1168,1.9288706090154606e-10,1.2831741792160289e-05,1.2821893888292980e-05,9.8479038673093431e-09,1.1510176231869691e-11,0
1171,-3.7700355119504729e-11,5.6340636412979817e-05,5.6324326723486954e-05,1.6309689492862269e-08,9.3780281681800242e-12,0
1172,3.7101205195835093e-12,-1.7443839992971246e-06,-1.7477043252431141e-06,3.3203259459894444e-09,1.3778835696183650e-11,0
1173,-1.7915469982002292e-10,-1.7896547372206646e-04,-1.7893881236772473e-04,-2.6661354341736597e-08,2.1223565623877734e-11,0
1174,-2.8506766093130445e-10,-5.8829998034366782e-07,-5.6365134475480959e-07,-2.4648635588858229e-08,2.0286273020017095e-11,0
1175,-8.5426280993639745e-11,-1.7237524562676524e-05,-1.7236317875834063e-05,-1.2066868424615018e-09,6.8433164395014654e-11,0
1176,-1.1509317240632816e-10,9.4802220610713025e-05,9.4801907407925955e-05,3.1320278706984620e-10,2.1616597675893539e-11,0
1177,-1.8286482034795321e-10,-1.7722106874919555e-04,-1.7719195026430249e-04,-2.9118484893062404e-08,1.4249484203219639e-11,0
1178,-2.8877778145685898e-10,1.1560820199034427e-06,1.1844660359591297e-06,-2.8384016055686967e-08,1.5034064892858225e-11,0
1179,-8.9136401511368947e-11,-1.5493278580493413e-05,-1.5488744232686744e-05,-4.5343478066691746e-09,4.7067097560305900e-11,0
1180,-1.1880329292528967e-10,9.6546566209213935e-05,9.6549898030534294e-05,-3.3318213203594599e-09,1.0155692855568669e-11,0
1181,-1.0591296106327233e-10,1.7837715892261407e-04,1.7837702604671138e-04,1.3287590269078255e-10,1.0764094651235957e-11,0
1182,6.4061526783495161e-11,2.7376762166263571e-04,2.7374472984428058e-04,2.2891818355133802e-08,1.9240938656135810e-11,0
1183,1.6997448778129959e-10,9.5390504987720795e-05,9.5370471355571440e-05,2.0033632149355461e-08,1.9768028641567434e-11,0
1184,-9.3728418711138960e-11,-1.6172794736694571e-04,-1.6170704831776247e-04,-2.0899049183234746e-08,5.8845183134105882e-11,0
1185,-1.9964137981141186e-10,1.6649199667083739e-05,1.6665991597047237e-05,-1.6791929963498538e-08,8.0369253522743966e-11,0
1186,-2.9666891424211139e-11,1.1203965226334986e-04,1.1203541578993270e-04,4.2364734171641046e-09,8.9674559759808432e-11,0
1187,-1.2755600874319760e-10,-8.0665339618271603e-06,-8.0815752895061262e-06,1.5041327678965891e-08,4.8936225228887635e-11,0
1188,3.0665108967608235e-10,-5.8240995510008831e-06,-5.8714848959150238e-06,4.7385344914140775e-08,2.9341289421486469e-11,0
1189,3.0815087995585276e-10,-7.5697555447368226e-06,-7.5873645905587318e-06,1.7609045821909249e-08,1.6812196965636904e-11,0
1192,1.8341150747790501e-10,8.8969193949975324e-05,8.8961806885731330e-05,7.3870642439935637e-09,1.7277053921223412e-11,0
1195,1.5143582235411142e-10,-1.3894069463785824e-05,-1.3909240634632461e-05,1.5171170846637070e-08,3.1658300893302624e-11,0
1196,1.5293561263121823e-10,-1.5639688991040887e-05,-1.5657881847225020e-05,1.8192856184132697e-08,1.9035948612209215e-11,0
1198,8.4423285172555259e-11,-3.1135407125084356e-05,-3.1135463409285215e-05,5.6284200858228248e-11,8.8955368158659624e-11,0
1200,-1.6283595951723788e-10,4.7445065552171456e-06,4.7442351515505057e-06,2.7140366663985972e-10,1.4121932820352525e-11,0
1201,1.4997902804956892e-12,-1.7457067306608074e-06,-1.7476893317100018e-06,1.9826010491944366e-09,5.9501023967458784e-12,0
1203,-6.7012537255953224e-11,-1.7241283832932289e-05,-1.7236047421694839e-05,-5.2364112374500332e-09,4.6657816251812929e-11,0
1204,-1.2323958224290638e-10,9.4793217259281012e-05,9.4802061998198477e-05,-8.8447389174646897e-09,9.2257885592317787e-12,0
1205,-3.1427178198521327e-10,1.8638484579060546e-05,1.8656771276980083e-05,-1.8286697919537084e-08,2.0527415973819563e-11,0
1207,-6.8512327536850283e-11,-1.5495707129583106e-05,-1.5488486394015320e-05,-7.2207355677857197e-09,3.1548526800126158e-11,0
1208,-1.2473937252284673e-10,9.6538913238675833e-05,9.6550033729133733e-05,-1.1120490457899434e-08,4.0684173507745668e-12,0
1209,-3.1577157226563219e-10,2.0384207889665579e-05,2.0400693952200846e-05,-1.6486062535267455e-08,1.0712925021506964e-11,0
1213,-5.6227044980252765e-11,1.1203464601498630e-04,1.1203530791950772e-04,-6.6190452141371477e-10,4.3777948728780171e-11,0
1214,-2.4725924471920644e-10,3.5879759225952018e-05,3.5881188692806345e-05,-1.4294668543272265e-09,5.0082444244710138e-11,0
1215,-1.9103219973835630e-10,-7.6154714334048662e-05,-7.6148369714700983e-05,-6.3446193476795120e-09,1.7768082423145572e-11,0
1216,3.1105527836622650e-10,-5.8206166021097794e-06,-5.8714302773954135e-06,5.0813675285634075e-08,2.2211694247069623e-11,0
1217,3.1343042092712355e-10,-7.5639126467640788e-06,-7.5873864772621300e-06,2.3473830498051145e-08,1.0315845325176116e-11,0
1218,3.1508858864438050e-10,-1.8475669817134312e-04,-1.8478332831938548e-04,2.6630148042364752e-08,1.7640437236411321e-11,0
1219,2.0886204558619082e-10,-6.4033006203370949e-06,-6.4074010113329316e-06,4.1003909958367595e-09,1.7654750103645835e-11,0
1220,1.9077355276055262e-10,8.8971804923161299e-05,8.8962008653089780e-05,9.7962700715189263e-09,1.6064889580473435e-11,0
1221,2.3751425618292015e-12,-1.7433470935158621e-06,-1.7476462326537502e-06,4.2991391378881285e-09,1.1434518699681725e-11,0
1222,4.0333099295947483e-12,-1.7893616870386271e-04,-1.7893534677671484e-04,-8.2192714787043819e-10,2.8478851535566150e-11,0
1223,-1.0219323320877466e-10,-5.8271553973320706e-07,-5.6140516299142763e-07,-2.1310376741779427e-08,2.7375296259106542e-11,0
1224,-1.2028172562427531e-10,9.4792412908374819e-05,9.4802293043899766e-05,-9.8801355249462800e-09,1.8879381716964659e-11,0
1225,1.6581673629005760e-12,-1.7719279406246905e-04,-1.7718855993788946e-04,-4.2341245795954330e-09,1.2156906954622264e-11,0
1226,-1.0456837577664678e-10,1.1605856369320110e-06,1.1866008612904277e-06,-2.6015224358416701e-08,1.3759625289490394e-11,0
1227,-1.2265686818630400e-10,9.6535753134676175e-05,9.6550218711755306e-05,-1.4465577079131081e-08,8.0377938716421387e-12,0
1228,-1.0622654316136465e-10,1.7835337850087953e-04,1.7837580783897756e-04,-2.2429338098026597e-08,2.0065225683504922e-11,0
1229,-1.2431503544843842e-10,2.7372852248678040e-04,2.7374162139315425e-04,-1.3098906373855759e-08,1.9829993272849829e-11,0
1230,-1.8088492488302527e-11,9.5375147831244615e-05,9.5368587119839466e-05,6.5607114051489468e-09,2.1956836364713219e-11,0
1231,-4.9300606274834921e-11,-1.3918749891173379e-05,-1.3911957605483241e-05,-6.7922856901382524e-09,1.2157478379556585e-11,0
1232,-4.7213306845800642e-11,-1.5664454656992913e-05,-1.5660526409448125e-05,-3.9282475447876132e-09,8.9233614820650265e-12,0
1234,1.0484178545405066e-10,-1.9282989569915834e-04,-1.9282477465594347e-04,-5.1210432148638373e-09,1.7718950869691181e-11,0
1235,-1.2193187035132412e-10,-3.1153641699335072e-05,-3.1138204794884128e-05,-1.5436904450944172e-08,6.6408082244031694e-11,0
1236,-1.7183044751062381e-10,8.0885305057886228e-05,8.0892156250653472e-05,-6.8511927672440000e-09,1.1584596562163845e-11,0
1237,-2.1386561558449408e-10,4.7396226098726443e-06,4.7436046077332003e-06,-3.9819978605559387e-09,1.0443340041674680e-11,0
1238,2.0872994253240681e-12,-1.7457169309199086e-06,-1.7476169727152157e-06,1.9000417953071601e-09,3.6807637219462983e-12,0
1240,1.5414239202373795e-10,-1.7891116996053731e-04,-1.7893296018399883e-04,2.1790223461514531e-08,6.5141325004067164e-12,0
1241,-7.2631264013842588e-11,-1.7234817215066971e-05,-1.7236052503052831e-05,1.2352879858606742e-09,2.3389083732184361e-11,0
1243,-1.6456500933149458e-10,1.8658368838248988e-05,1.8658800056973118e-05,-4.3121872412971965e-10,1.1864963020894310e-11,0
1245,1.5205509259745640e-10,-1.7716545570403003e-04,-1.7718621015719904e-04,2.0754453169009044e-08,4.0281651471390935e-12,0
1246,-7.4718563440034552e-11,-1.5489219508820883e-05,-1.5488560185078905e-05,-6.5932374197861382e-10,1.8722996360784930e-11,0
1248,-1.6665230875863867e-10,2.0404079024010463e-05,2.0402664619958395e-05,1.4144040520678019e-09,9.0127679955201350e-12,0
1253,-2.7667223275845057e-10,2.7371518460105743e-04,2.7373939228588352e-04,-2.4207684826095185e-08,5.7516518017128090e-12,0
1254,-3.1870740073415022e-10,1.9756956924262860e-04,1.9757084573357057e-04,-1.2764909419738478e-09,1.7650419378284051e-11,0
1255,2.2677365608817112e-10,-1.6167628242821572e-04,-1.6170147033440650e-04,2.5187906190784169e-08,3.3865021481284890e-11,0
1256,-4.9898577138626633e-11,1.1203898045445402e-04,1.1203572633075755e-04,3.2541236964713123e-09,2.7893997868722567e-11,0
1257,-9.1933745336248476e-11,3.5893310668638117e-05,3.5883275106943853e-05,1.0035561694263402e-08,6.2026278177512832e-11,0
1258,-4.2035168217612698e-11,-7.6145648649046920e-05,-7.6146725857615630e-05,1.0772085687099815e-09,1.1516728438564656e-11,0
1259,1.0921367948973233e-10,-6.4231949835060961e-06,-6.4087568680092320e-06,-1.4438115496864134e-08,4.5926836198821013e-12,0
1260,5.1822326948484485e-11,-4.3531872011783393e-05,-4.3517683181531262e-05,-1.4188830252131362e-08,2.1515863813650329e-12,0
1261,-5.7391352590904781e-11,-3.7108680650215983e-05,-3.7111179666367000e-05,2.4990161510168754e-09,2.7001564608849893e-12,0
1262,-2.6658743972801966e-11,1.7838193974012342e-04,1.7837570107583008e-04,6.2386642933382093e-09,7.9689233131570135e-12,0
1263,-7.2596827242820173e-12,1.4127972027900421e-04,1.4126908786786876e-04,1.0632411135444268e-08,5.1067175288177746e-12,0
1264,1.9399061182818660e-11,-3.7102203784856406e-05,-3.7110236053258573e-05,8.0322684021673471e-09,5.7650279383356270e-12,0
1265,2.7349289204377222e-10,-1.3909534247538886e-05,-1.3908089094149623e-05,-1.4451533892636224e-09,1.4710871693911242e-11,0
1266,2.7297137165151117e-10,-1.5659676802937811e-05,-1.5656651725373718e-05,-3.0250775640926328e-09,1.4484756110673532e-11,0
1268,2.1934768954595247e-10,-3.1140554681816784e-05,-3.1134080249866773e-05,-6.4744319500109355e-09,6.1374499557450931e-11,0
1269,1.3435137165555307e-10,8.0900854804781715e-05,8.0896048572237059e-05,4.8062325446558349e-09,3.3735717310061079e-11,0
1270,-1.8435025958756533e-10,4.7527617316684215e-06,4.7439720029965246e-06,8.7897286718968489e-09,1.5121852944210479e-11,0
1271,-5.2152039113034819e-13,-1.7501614429549402e-06,-1.7476108293367136e-06,-2.5506136182265642e-09,3.0816721895301579e-12,0
1273,-5.4145202555754786e-11,-1.7231044462283178e-05,-1.7235785031900556e-05,4.7405696173779903e-09,2.1607852434977857e-11,0
1274,-1.3914152049348925e-10,9.4810227380207404e-05,9.4802489110684888e-05,7.7382695225165820e-09,1.1638217601637981e-11,0
1275,-4.5784315185959974e-10,1.8662271851615456e-05,1.8655264837395178e-05,7.0070142202780406e-09,1.0910232602820715e-11,0
1277,-5.3623682151809050e-11,-1.5480956652989472e-05,-1.5488296698416149e-05,7.3400454266769812e-09,1.7500915460964690e-11,0
1278,-1.3862000009028912e-10,9.6560390096736472e-05,9.6550372818444331e-05,1.0017278292140928e-08,4.4613101528501140e-12,0
1279,-4.5732163145016063e-10,2.0412448938797196e-05,2.0399131685265230e-05,1.3317253531965653e-08,8.1644038951868849e-12,0
1283,-8.4996318000937168e-11,1.1204134948260454e-04,1.1203549216535106e-04,5.8573172534816861e-09,2.9506868382319614e-11,0
1284,-4.0369794952341346e-10,3.5893326926869694e-05,3.5879503505997956e-05,1.3823420871737953e-08,3.6725861244729049e-11,0
1285,-3.1870163156183685e-10,-7.6147979610181318e-05,-7.6150277577608774e-05,2.2979674274559159e-09,1.3773787947087536e-11,0
1286,-2.0411642133772843e-11,-3.7103806790915028e-05,-3.7110736768448709e-05,6.9299775336812536e-09,1.6793545283536633e-11,0
1287,5.3108040455150488e-10,-1.7717878661993071e-04,-1.7718065868262229e-04,1.8720626915791263e-09,1.1526659055447784e-11,0
1288,-1.3212495259236804e-10,9.6557203926760180e-05,9.6550547896026239e-05,6.6560307339407409e-09,6.8238549205748813e-12,0
1289,-6.6320535687224020e-10,2.7373599802439988e-04,2.7373400228773129e-04,1.9957366685901395e-09,2.7109165128215615e-11,0
1290,1.2743306559466234e-10,-1.3914582061279671e-05,-1.3910060346646765e-05,-4.5217146329058907e-09,2.6538971403062666e-11,0
1291,1.2650001994850781e-10,-1.5665048040869670e-05,-1.5658582319546185e-05,-6.4657213234847613e-09,1.0514023681472976e-11,0
1293,7.1918544903722952e-11,-3.1144345718750596e-05,-3.1136036675513295e-05,-8.3090432373008022e-09,6.3772003413397472e-11,0
1294,-2.3774921578974051e-11,8.0899253053123323e-05,8.0894200661555434e-05,5.0523915678881044e-09,2.0938723446870571e-11,0
1295,-2.5689555759008811e-10,4.7698683041871859e-06,4.7430739492446627e-06,2.6794354942523162e-08,2.0462956208496124e-11,0
1296,-9.3304564415706077e-13,-1.7505017336287261e-06,-1.7475702058891297e-06,-2.9315277395964736e-09,5.4836305188116167e-12,0
1298,-5.5514520593011251e-11,-1.7229847133204412e-05,-1.7235756619423693e-05,5.9094862192808617e-09,5.6882386250598007e-11,0
1299,-1.5120798700981545e-10,9.4813834606514123e-05,9.4802615111765415e-05,1.1219494748708285e-08,1.1233401725783632e-11,0
1300,-3.8432862302473140e-10,1.8684429790059159e-05,1.8656297527413350e-05,2.8132262645809392e-08,2.6460017504918424e-11,0
1302,-5.4581474954417307e-11,-1.5479375522636958e-05,-1.5488306345021712e-05,8.9308223847539483e-09,2.5603373526745211e-11,0
1303,-1.5027494135342992e-10,9.6564331602955536e-05,9.6550453992553094e-05,1.3877610402442163e-08,4.5358842856279133e-12,0
1304,-3.8339557738756262e-10,2.0434906012048101e-05,2.0400133763071787e-05,3.4772248976314092e-08,9.9604163264813181e-12,0
1308,-9.5693466524289269e-11,1.1204370727530195e-04,1.1203559837361001e-04,8.1089016919352538e-09,5.7960452527355301e-11,0
1309,-3.2881410254225559e-10,3.5914233650497125e-05,3.5880544712525969e-05,3.3688937971156508e-08,7.4019812602283027e-11,0
1310,-2.3312063600858293e-10,-7.6129406791316211e-05,-7.6149359546659500e-05,1.9952755343289382e-08,1.9972714479413352e-11,0
1311,3.0527375515635492e-10,-4.3471325901323077e-05,-4.3514798228312371e-05,4.3472326989294114e-08,6.4204883165116096e-12,0
1312,-4.2786367745697152e-12,-1.7513095241999488e-06,-1.7475870739998580e-06,-3.7224502000907580e-09,3.3003034031379637e-12,0
1313,-1.6835304512537368e-10,9.4852042443980059e-05,9.4802550910741523e-05,4.9491533238535282e-08,9.0019146323748909e-12,0
1314,-1.6407440832583610e-10,9.6603348903340040e-05,9.6550404396203971e-05,5.2944507136068789e-08,3.9426471232284024e-12,0
1315,-3.3450971909366271e-10,1.7841290267601312e-04,1.7837067212380739e-04,4.2230552205728281e-08,2.3743813608551705e-11,0
1316,-1.3436542540024556e-12,-1.7510014952351193e-06,-1.7475311343892045e-06,-3.4703608459147575e-09,5.1395408156543957e-12,0
1317,-1.4549920115696033e-10,9.4837376100560377e-05,9.4802952128829248e-05,3.4423971731129053e-08,1.7724480291798265e-11,0
1318,-1.4415554689616840e-10,9.6588357801048654e-05,9.6550747878302950e-05,3.7609922745704578e-08,7.7599417584759173e-12,0
1319,-4.5126814055961663e-11,-4.3538839884432051e-05,-4.3519299441224496e-05,-1.9540443207555094e-08,5.3285506240947319e-12,0
1320,1.8813336350849890e-10,-1.3907729366951019e-05,-1.3909566543348627e-05,1.8371763976081661e-09,7.4026366409912168e-11,0
1321,1.8909339165722650e-10,-1.5655855225965402e-05,-1.5657990920748542e-05,2.1356947831391760e-09,3.1662534138988528e-11,0
1323,1.2133552919200148e-10,-3.1141564546122678e-05,-3.1135631283360058e-05,-5.9332627626201601e-09,9.6576940945251089e-11,0
1324,5.3104962137866197e-11,8.0898078464561492e-05,8.0895337256692046e-05,2.7412078694455128e-09,3.7619630148356085e-11,0
1325,-1.8141473847900448e-10,4.7471136604969625e-06,4.7440126420653661e-06,3.1010184315964350e-09,1.9843110740717593e-11,0
1326,9.6002815121121662e-13,-1.7480628956532962e-06,-1.7474726668785974e-06,-5.9022877469883549e-10,4.5924878938999327e-12,0
1328,-6.6797834408167228e-11,-1.7233744716445266e-05,-1.7235823026504218e-05,2.0783100589524741e-09,5.0294071933544193e-11,0
1329,-1.3502840151735065e-10,9.4805832813079185e-05,9.4803262210694868e-05,2.5706023843162810e-09,8.5900420414036204e-12,0
1330,-3.6954810224500819e-10,1.8654810816888349e-05,1.8656676806634160e-05,-1.8659897458100862e-09,3.4865882084012740e-11,0
1332,-6.7757862554696540e-11,-1.5485757706577472e-05,-1.5488466137717423e-05,2.7084311399507824e-09,2.7069638643948537e-11,0
1333,-1.3598842966694074e-10,9.6553891408610157e-05,9.6550996744199780e-05,2.8946644103770066e-09,3.7934092726965460e-12,0
1334,-3.7050813039563556e-10,2.0402896490787081e-05,2.0400431718062295e-05,2.4647727247866999e-09,1.4696634883665691e-11,0
1338,-6.8230567116852009e-11,1.1203956792030386e-04,1.1203632584051674e-04,3.2420797871173229e-09,4.7626814765301568e-11,0
1339,-3.0275026785812611e-10,3.5888596129626110e-05,3.5881050211159379e-05,7.5459184667315128e-09,9.0651748294226573e-11,0
1340,-2.3451970072142039e-10,-7.6150971948946329e-05,-7.6149608996190925e-05,-1.3629527554042797e-09,2.0622964647880960e-11,0
1341,2.7751963970875962e-10,-6.3935733801041839e-06,-6.4071159867920946e-06,1.3542606687910745e-08,9.7095223160376929e-12,0
1342,2.2736880290130885e-10,-4.3511478901225517e-05,-4.3516033759215294e-05,4.5548579897765947e-09,4.5530351258610269e-12,0
1343,-5.0150836826858652e-11,-3.7117906918294075e-05,-3.7111144469294618e-05,-6.7624489994571896e-09,4.0185849780107517e-12,0
1344,2.5528575470427811e-13,-1.7492444754833684e-06,-1.7474591294927050e-06,-1.7853459906634968e-09,6.9151965930312343e-12,0
1345,-1.4245772450428900e-10,9.4808153501210485e-05,9.4803304363748364e-05,4.8491374621218927e-09,1.2084681380728868e-11,0
1346,-1.4271301025523631e-10,9.6557389449999096e-05,9.6551023311996665e-05,6.3661380024303922e-09,6.1958832393021970e-12,0
1347,-6.8574582524473542e-11,1.7837520998622387e-04,1.7837248877496770e-04,2.7212112561664399e-09,1.2859095546591183e-11,0
1348,-8.8508477306610514e-11,1.4126861542880682e-04,1.4126526055179765e-04,3.3548770091737339e-09,7.6786772371573749e-12,0
1349,-1.9933894791597853e-11,-3.7106591689311987e-05,-3.7110781428385807e-05,4.1897390738198140e-09,9.0986574522858523e-12,0
1351,-1.1027881167995729e-10,4.7487373040886079e-06,4.7448969613064459e-06,3.8403427821619593e-09,2.2600566331086325e-11,0
1353,2.3484521538898510e-10,-5.8512745250757087e-06,-5.8723753960340787e-06,2.1100870958370005e-08,3.6555432413172322e-11,0
1354,2.3813620379292156e-10,-7.5950875402953227e-06,-7.5890318322764961e-06,-6.0557080188266681e-09,3.0078233188989524e-11,0
1355,1.2411663842834286e-10,-1.8480520671689850e-04,-1.8478211231703884e-04,-2.3094399859656650e-08,1.7422373153145511e-11,0
1356,1.9834484533343597e-11,-6.4340526131530240e-06,-6.4104923256614936e-06,-2.3560287491530376e-08,1.5349286071599670e-11,0
1357,1.1689546388847266e-10,8.8952605865175519e-05,8.8961992258325368e-05,-9.3863931498498147e-09,2.4579627643510956e-11,0
1358,3.2909884008038626e-12,-1.7438778570585706e-06,-1.7473722378093607e-06,3.4943807507900926e-09,1.3639310927056565e-11,0
1359,-1.1072857664925640e-10,-1.7895397367959174e-04,-1.7893256986888052e-04,-2.1403810711220078e-08,1.9568285897058994e-11,0
1360,-2.1501073050031976e-10,-5.8277491346830218e-07,-5.6288073702153840e-07,-1.9894176446763778e-08,2.8629383977546207e-11,0
1361,-1.1794975151907510e-10,9.4803851836940036e-05,9.4803905145851114e-05,-5.3308911077782836e-11,1.3015925366790009e-11,0
1362,-1.1401956505600845e-10,-1.7721008503742558e-04,-1.7718611744159637e-04,-2.3967595829207542e-08,1.9094974152061353e-11,0
1363,-2.1830171891001849e-10,1.1610304296860718e-06,1.1846638929273729e-06,-2.3633463241301074e-08,2.3613614951521748e-11,0
1364,-1.2124073992010487e-10,9.6547683568004496e-05,9.6551532675543788e-05,-3.8491075392917042e-09,1.0821470593700477e-11,0
1365,-1.0428215381780262e-10,1.7837116909461990e-04,1.7837155958442863e-04,-3.9048980872815123e-10,1.5012532406367975e-11,0
1366,-7.2211751326474400e-12,2.7375781883883822e-04,2.7374035632873932e-04,1.7462510098901259e-08,1.5082492803022339e-11,0
1367,9.7060978595507028e-11,9.5386658615734688e-05,9.5371591446880396e-05,1.5067168854292429e-08,1.9007587394409513e-11,0
1368,-8.9193533403613418e-11,-1.5494334276726102e-05,-1.5488727594973791e-05,-5.6066817523113565e-09,5.3973702048106912e-11,0
1369,-3.8831331502244793e-10,-3.5954702010313963e-05,-3.5924390548611819e-05,-3.0311461702144061e-08,1.1540957334065823e-11,0
1370,-2.9911978150379528e-10,-2.0460537365643225e-05,-2.0440169501045846e-05,-2.0367864597378612e-08,6.3961301143286668e-11,0
1372,-1.5985866735401137e-10,4.7389127028271694e-06,4.7442831607597305e-06,-5.3704579325611110e-09,2.8606277810773183e-11,0
1374,1.7336324241431014e-10,-5.8706106937245900e-06,-5.8731378643529619e-06,2.5271706283718829e-09,7.5636952182063954e-12,0
1375,1.7571373458769195e-10,-7.6157467508997101e-06,-7.5899637432320595e-06,-2.5783007667650545e-08,3.2177864255772894e-12,0
1377,2.7965924949069731e-10,-1.8478358838806800e-04,-1.8477938861426280e-04,-4.1997738052003408e-09,7.9784408567776701e-12,0
1378,1.9390050285858671e-10,-6.4025266271774376e-06,-6.4084992964359565e-06,5.9726692585189954e-09,9.2432964417946203e-12,0
1379,9.5549947236493119e-11,-2.3105533401408807e-05,-2.3065688032419575e-05,-3.9845368989231418e-08,4.0835386024963022e-11,0
1380,4.4655453341269753e-11,8.8934679177834347e-05,8.8961295884361531e-05,-2.6616706527184120e-08,5.8056806205570804e-12,0
1381,1.6051643752094523e-10,-4.3511720624824445e-05,-4.3517272174531756e-05,5.5515497073113694e-09,6.2659824240984157e-12,0
1382,-1.9640021934658493e-13,1.2788083155114427e-05,1.2818836385097931e-05,-3.0753229983503767e-08,7.6144037250485889e-12,0
1383,-2.2092821137113877e-10,-8.0505026093732890e-06,-8.0823819436056558e-06,3.1879334232366824e-08,8.3095222870444893e-12,0
1384,-4.7564969251307494e-11,-1.3921070271591569e-05,-1.3912943266677445e-05,-8.1270049141239837e-09,1.3012755431792947e-11,0
1385,-4.5214477078351986e-11,-1.5666224162121274e-05,-1.5661220546100152e-05,-5.0036160211219772e-09,5.9164667202167440e-12,0
1387,5.8731038067120645e-11,-1.9283407008730338e-04,-1.9282224959979360e-04,-1.1820487509785855e-08,1.5567040215107476e-11,0
1388,-2.7027708475534936e-11,-1.4453021430574538e-05,-1.4466163362879939e-05,1.3141932305401108e-08,1.8452646577510411e-11,0
1389,-1.2537826438402743e-10,-3.1156099603720303e-05,-3.1139054355007645e-05,-1.7045248712657766e-08,6.9170930062640681e-11,0
1390,-1.7627275826992313e-10,8.0884229043185277e-05,8.0892813539752123e-05,-8.5844965668461929e-09,1.1039206529011351e-11,0
1391,-6.0411773789947401e-11,-5.1562204796708026e-05,-5.1589646606550154e-05,2.7441809842127234e-08,1.1440178022646351e-11,0
1392,-2.2112461190913187e-10,4.7376150621152718e-06,4.7435247668059280e-06,-5.9097046906561229e-09,1.2721743114914445e-11,0
1393,2.3504921673843909e-12,-1.7451460914342222e-06,-1.7473256678689915e-06,2.1795764347692873e-09,2.1788788195302050e-12,0
1395,1.0629600764273420e-10,-1.7891295628941380e-04,-1.7892894716171209e-04,1.5990872298293941e-08,5.3695351168382571e-12,0
1396,2.0537261211914044e-11,-5.3191403236174661e-07,-5.5997654508828421e-07,2.8062512726537595e-08,6.4006760388078637e-12,0
1397,-7.7813295074308216e-11,-1.7234884892586158e-05,-1.7235830824160693e-05,9.4593157453495900e-10,2.5943754129665814e-11,0
1398,-1.2870778894742460e-10,9.4805289491701333e-05,9.4804122763025639e-05,1.1667286756947975e-09,4.5388971747174463e-12,0
1399,-1.2846804069669842e-11,-3.7641128183255393e-05,-3.7664485835628100e-05,2.3357652372706962e-08,4.3085165221162932e-12,0
1400,-1.7355964269097833e-10,1.8658705046105221e-05,1.8659450706851630e-05,-7.4566074640869851e-10,1.1950533847882561e-11,0
1402,1.0394551547275542e-10,-1.7716782051479911e-04,-1.7718255470033234e-04,1.4734185533227424e-08,2.3788890498630172e-12,0
1403,1.8186769039893783e-11,1.2132417540750007e-06,1.1874799635456242e-06,2.5761790529376450e-08,2.9182568203344860e-12,0
1404,-8.0163787242832833e-11,-1.5489839055340439e-05,-1.5488613657722817e-05,-1.2253976176223290e-09,1.1036601925264619e-11,0
1405,-1.3105828111637924e-10,9.6550431689526508e-05,9.6551698369571907e-05,-1.2666800453989919e-09,1.8637451734299458e-12,0
1406,-1.5197296239843012e-11,-3.5895972957670358e-05,-3.5919866224241587e-05,2.3893266571228670e-08,2.0366736133303667e-12,0
1407,-1.7591013485780413e-10,2.0403819988043829e-05,2.0403087027222693e-05,7.3296082113658034e-10,5.5927001900624903e-12,0
1414,-8.5758746630361706e-11,1.7838105368333710e-04,1.7837084200649698e-04,1.0211676840113457e-08,5.8449574805383756e-12,0
1415,-2.3500379615630261e-10,2.7371824763517717e-04,2.7373692900881270e-04,-1.8681373635531795e-08,4.7196027937523850e-12,0
1416,-1.1914281196719113e-10,1.4127183896349676e-04,1.4126337923644979e-04,8.4597270469757326e-09,4.2169148608078139e-12,0
1417,-2.7985564971708827e-10,1.9757167316080716e-04,1.9756798271886985e-04,3.6904419373131204e-09,1.3652000848823600e-11,0
1418,-1.4924504949348048e-10,9.5337198748695479e-05,9.5368886391492498e-05,-3.1687642797019792e-08,5.5710446805448206e-12,0
1419,-3.3384065341040420e-11,-3.7109208677412386e-05,-3.7110978894180872e-05,1.7702167684859786e-09,4.8501109221290023e-12,0
1420,-1.9409690304688383e-10,1.9190605914098935e-05,1.9207089818040152e-05,-1.6483903941217422e-08,1.5304806757979129e-11,0
1421,1.8410930278776155e-10,-1.6167805277718036e-04,-1.6169770264894731e-04,1.9649871766942544e-08,2.9145046294423288e-11,0
1422,9.8350556390472792e-11,1.6703026046652539e-05,1.6669363824935971e-05,3.3662221716568123e-08,3.7097111279640148e-11,0
1423,-5.0894493871457821e-11,1.1204026909998697e-04,1.1203721864969842e-04,3.0504502885524230e-09,2.3814069462492109e-11,0
1424,6.4966491116299894e-11,-2.0406132807874663e-05,-2.0435751681168410e-05,2.9618873293746643e-08,2.2953350995058705e-11,0
1425,-9.5746347641737573e-11,3.5893619409722030e-05,3.5883936698974606e-05,9.6827107474246801e-09,7.6472183911851927e-11,0
1426,1.1586098506590685e-10,-1.3244641304883606e-04,-1.3247614228605525e-04,2.9729237219190078e-08,3.8953922652772449e-12,0
1427,-4.4851853793201250e-11,-7.6146617166291623e-05,-7.6147663464142256e-05,1.0462978506330361e-09,9.9312047393934417e-12,0
1428,-1.6071283769932391e-10,5.6299796355931825e-05,5.6324217406725995e-05,-2.4421050794170521e-08,1.0234593039343591e-11,0
1429,3.7957221913827790e-10,-5.8058574070214697e-06,-5.8705805649656086e-06,6.4723157944138952e-08,2.5804386671352147e-11,0
1430,3.8211836164510859e-10,-7.5478211365581638e-06,-7.5874972024472796e-06,3.9676065889115782e-08,1.6020811065001571e-11,0
1431,3.3076052777624542e-10,-1.8475538485874209e-04,-1.8477828550423047e-04,2.2900645488385576e-08,1.8682159547697198e-11,0
1432,2.1123977786764810e-10,-6.4063307886729620e-06,-6.4083820967568203e-06,2.0513080838583018e-09,1.8527748940574426e-11,0
1433,2.5821778548891355e-10,8.8976828976023402e-05,8.8964062207806625e-05,1.2766768216776751e-08,1.6782142544868307e-11,0
1434,2.5461425100243419e-12,-1.7419452280524139e-06,-1.7472888485735741e-06,5.3436205211601250e-09,2.0539910332563714e-11,0
1435,-4.8811691875205844e-11,-1.7894953594610661e-04,-1.7893032071232754e-04,-1.9215233779069831e-08,3.0375762182834599e-11,0
1436,-1.6833244189081444e-10,-6.0051226220825260e-07,-5.6232882531191772e-07,-3.8183436896334882e-08,3.3212714378856589e-11,0
1437,-1.2135443366324750e-10,9.4782667936283392e-05,9.4804421277067940e-05,-2.1753340784548265e-08,2.4037686533641914e-11,0
1438,-5.1357834392027550e-11,-1.7720755698207561e-04,-1.7718397298195353e-04,-2.3584000122088425e-08,2.0235842172122701e-11,0
1439,-1.7087858440618222e-10,1.1414339232190471e-06,1.1850663236173534e-06,-4.3632400398306336e-08,2.1598894476884486e-11,0
1440,-1.2390057617204313e-10,9.6524631129384607e-05,9.6551956902693792e-05,-2.7325773309185594e-08,1.2169013358419258e-11,0
1441,-1.1952075001379742e-10,1.7834903982666319e-04,1.7836986383046826e-04,-2.0824003805065654e-08,1.9325514976889464e-11,0
1442,-7.2542741792137353e-11,2.7373220645507314e-04,2.7373858794437216e-04,-6.3814892990125133e-09,2.1389352525189379e-11,0
1443,4.6978007977618473e-11,9.5383188650130339e-05,9.5371526271005377e-05,1.1662379124962176e-08,2.1343157962358211e-11,0
1445,1.9925427226484862e-10,-3.1142411989855054e-05,-3.1135143921094144e-05,-7.2680687609097253e-09,6.6588249069006499e-11,0
1446,-2.1962553118736937e-10,4.7507778021911237e-06,4.7435448151028197e-06,7.2329870883040600e-09,1.4466630528987436e-11,0
1449,-4.1887980380283506e-10,3.5893035081656157e-05,3.5880030835178780e-05,1.3004246477377678e-08,3.8450435789721815e-11,0
1451,2.1328791906694366e-10,1.2826652071002732e-05,1.2821366447563362e-05,5.2856234393701981e-09,1.1196756204171380e-11,0
1452,-3.5107374533922867e-10,-8.0866792727153636e-06,-8.0839288991642479e-06,-2.7503735511157117e-09,1.1610159525112377e-11,0
1454,-1.3778582567869196e-10,4.7399474064901970e-06,4.7445608548996980e-06,-4.6134484095010432e-09,1.0969498106052920e-11,0
1456,6.6752902885564862e-12,-1.7482754141174231e-06,-1.7471885919514073e-06,-1.0868221660158417e-09,3.8178661866059300e-12,0
1457,-3.9805255622305705e-10,-1.7894835759249854e-04,-1.7893386742215230e-04,-1.4490170346237582e-08,1.1935423080431502e-11,0
1458,-4.4281368090461650e-10,-5.7162164798178067e-07,-5.6574708370059551e-07,-5.8745642811851580e-09,1.4876035090948037e-11,0
1459,-1.1155919479858139e-10,-1.7232012017582080e-05,-1.7236166489262225e-05,4.1544716801458705e-09,3.3655267341887452e-11,0
1460,-1.0689774941775965e-10,9.4813037110142231e-05,9.4804896230210890e-05,8.1408799313412378e-09,8.2058733830679659e-12,0
1461,-4.2883094630454435e-10,-3.7673398981284863e-05,-3.7669827625256395e-05,-3.5713560284680564e-09,9.5082055512116930e-12,0
1462,-4.0472784651185721e-10,-1.7720008583503198e-04,-1.7718763123157814e-04,-1.2454603453838616e-08,4.9083013585716785e-12,0
1463,-4.4948897119464922e-10,1.1766783690756247e-06,1.1815128106366028e-06,-4.8344415609781026e-09,5.9600788845907124e-12,0
1464,-1.1823448508811633e-10,-1.5483829887306608e-05,-1.5489081719323047e-05,5.2518320164395851e-09,1.5921433264425345e-11,0
1465,-1.1357303970387300e-10,9.6561301732248778e-05,9.6552327090306168e-05,8.9746419426096641e-09,3.2487233669151923e-12,0
1466,-4.3550623660321102e-10,-3.5925126290012321e-05,-3.5925292957262038e-05,1.6666724971707916e-10,4.0637054347011315e-12,0
1467,-4.4761124632938900e-11,1.7837674865686225e-04,1.7836999307138107e-04,6.7555854811856674e-09,8.1143530205398872e-12,0
1468,2.9115480639635907e-10,2.7376138541533243e-04,2.7374259088345810e-04,1.8794531874333133e-08,9.7816225065677045e-12,0
1469,-3.0778390032979410e-11,1.4127496429617789e-04,1.4126305358078909e-04,1.1910715388800674e-08,5.3326692830464274e-12,0
1470,3.3591593263044870e-10,9.5384641089305510e-05,9.5375403916644259e-05,9.2371726612502534e-09,1.1875555439230800e-11,0
1471,1.3982734568340013e-11,-3.7101793960940717e-05,-3.7110420506916677e-05,8.6265459759601025e-09,5.7422865126638421e-12,0
1472,-2.8649336183235151e-10,-1.6171635118262867e-04,-1.6170229409771014e-04,-1.4057084918528634e-08,5.2289374998332109e-11,0
1473,-3.3125448656386337e-10,1.6660412727726500e-05,1.6663967870842892e-05,-3.5551431163923560e-09,7.4418461332496049e-11,0
1474,4.6614454043937094e-12,1.1204506548564280e-04,1.1203834351101554e-04,6.7219746272581364e-09,3.5890392216936871e-11,0
1475,-3.1727175198124395e-10,-2.0441375120224328e-05,-2.0440694870704343e-05,-6.8024951998556563e-10,4.4574229007503381e-11,0
1476,-3.2193319800231770e-10,-1.3248642351495468e-04,-1.3248217257249295e-04,-4.2509424617246782e-09,8.2898638180135770e-12,0
1477,3.4375689436486103e-10,1.2876329059035435e-05,1.2822950580585702e-05,5.3378478449733258e-08,3.2279009064713810e-11,0
1479,-9.8443601066820324e-11,4.7514786854756935e-06,4.7450501663668089e-06,6.4285191088846690e-09,3.0922398873897941e-11,0
1481,5.1140067281748097e-12,-1.7470248535666487e-06,-1.7471786420363047e-06,1.5378846965593438e-10,5.1223175812005937e-12,0
1482,-2.1413743467069562e-10,-1.7894715148036172e-04,-1.7893111783573744e-04,-1.6033644624285307e-08,1.5875299407785028e-11,0
1483,-2.7561680095815597e-10,-5.7431637488693926e-07,-5.6368212702973198e-07,-1.0634247857207279e-08,1.6022580073664802e-11,0
1484,-1.0000495886818160e-10,-1.7233067885017665e-05,-1.7235994100714236e-05,2.9262156965714358e-09,5.1026374925047192e-11,0
1485,-1.1626276337487432e-10,9.4809757269451525e-05,9.4804956784464871e-05,4.8004849866544689e-09,9.9776961678151233e-12,0
1486,-2.1925144140434392e-10,-1.7720011688790796e-04,-1.7718489833801337e-04,-1.5218549894591019e-08,6.5441036536674252e-12,0
1487,-2.8073080769584328e-10,1.1727202552224564e-06,1.1835469022707772e-06,-1.0826647048320859e-08,6.7105962943503156e-12,0
1488,-1.0511896560247233e-10,-1.5486166404141328e-05,-1.5488917636866258e-05,2.7512327249300944e-09,2.4979638463725201e-11,0
1489,-1.2137677010698794e-10,9.6556787789483633e-05,9.6552375000078156e-05,4.4127894054763958e-09,4.1749503976560124e-12,0
1490,-6.1479366269070195e-11,1.7837282567990595e-04,1.7836930891343525e-04,3.5167664706996921e-09,1.0178137124933078e-11,0
1491,9.7874671102182560e-11,2.7375685686095502e-04,2.7373989066173209e-04,1.6966199222932191e-08,1.5220419281862566e-11,0
1492,1.5935403818387635e-10,9.5384038486388996e-05,9.5373390211883960e-05,1.0648274505035710e-08,1.4116188783745545e-11,0
1493,-1.1413247589745401e-10,-1.6171391587537160e-04,-1.6169971930736336e-04,-1.4196568008239142e-08,7.2240727347876429e-11,0
1494,-1.7561184219669364e-10,1.6659023347399566e-05,1.6665874110899159e-05,-6.8507634995928438e-09,6.1951661431373047e-11,0
1495,-1.6257804498201292e-11,1.1204285502632309e-04,1.1203823720214173e-04,4.6178241813635106e-09,4.7843906504783110e-11,0
1496,-3.3889627833199449e-10,-8.0788331701790207e-06,-8.0837101140393737e-06,4.8769438603530197e-09,3.4864798094734353e-11,0
1498,4.2338951359498405e-12,-1.7455733506568596e-06,-1.7471532096518128e-06,1.5798589949531755e-09,6.2149700152529869e-12,0
1499,-1.7209661106298726e-10,-1.7894739062586547e-04,-1.7893001519918387e-04,-1.7375426681601105e-08,2.6552511374638413e-11,0
1500,-1.1777709971593846e-10,9.4808469666984846e-05,9.4805157105510592e-05,3.3125614742543497e-09,1.5903372716391537e-11,0
1501,-2.7759762541991960e-10,-3.7684430099075130e-05,-3.7668096078424668e-05,-1.6334020650461494e-08,2.1084655717995853e-11,0
1502,-1.7633050620529702e-10,-1.7720186458569523e-04,-1.7718382949508360e-04,-1.8035090611635395e-08,1.2326788439967412e-11,0
1503,-1.2201099485258203e-10,9.6554025992553241e-05,9.6552546547476608e-05,1.4794450766325356e-09,6.7354107638107080e-12,0
1504,-2.8183152056427262e-10,-3.5938827584865987e-05,-3.5923555770414704e-05,-1.5271814451283186e-08,1.0032878624741236e-11,0
1505,5.4319511075364020e-11,2.7375592354964657e-04,2.7373897447115919e-04,1.6949078487384604e-08,1.3036971627370753e-11,0
1506,-1.0550101432505878e-10,1.4126307231523277e-04,1.4126100834611343e-04,2.0639691193397470e-09,1.2472593354524393e-11,0
1507,-1.5982052572369570e-10,-1.3249283616963820e-04,-1.3248063503899947e-04,-1.2201130638727362e-08,1.5252605103108607e-11,0
1508,-2.2538410109313615e-10,-8.0692313087242160e-06,-8.0822684199289991e-06,1.3037111204783098e-08,4.5955087142794841e-11,0
1509,3.4940034867723677e-12,-1.7450497107910571e-06,-1.7471254520872628e-06,2.0757412962056598e-09,5.2516571943560229e-12,0
1511,-3.4097512617393918e-11,-1.7894304873235494e-04,-1.7892771316137799e-04,-1.5335570976949750e-08,1.4022937968139556e-11,0
1512,-1.1776034110845144e-10,-5.7308977135725470e-07,-5.6174580717127503e-07,-1.1343964185979663e-08,1.3838534132591971e-11,0
1513,-1.2658136383866142e-10,9.4807814187858330e-05,9.4805270554449041e-05,2.5436334092894617e-09,1.0898611293303917e-11,0
1514,2.0474677244843645e-11,1.8681324449858899e-05,1.8662349295932193e-05,1.8975153926705841e-08,2.8006939613580984e-11,0
1516,-3.7591516105376864e-11,-1.7719801630646567e-04,-1.7718156371094017e-04,-1.6452595525491467e-08,5.7469208974636478e-12,0
1517,-1.2125434460090202e-10,1.1719745453622754e-06,1.1853777443765232e-06,-1.3403199014247741e-08,6.4940438862118684e-12,0
1518,-1.3007536732418723e-10,9.6552858461338006e-05,9.6552628843696360e-05,2.2961764164586371e-10,4.3730485064527065e-12,0
1519,1.6980673761273840e-11,2.0426412603595859e-05,2.0405826129995676e-05,2.0586473600182789e-08,1.1841853879986083e-11,0
1524,-8.3662828541485046e-11,1.7836997634668259e-04,1.7836784173842971e-04,2.1346082528796943e-09,1.1032047889698770e-11,0
1525,-9.2483850968815401e-11,2.7375087430638999e-04,2.7373677178344283e-04,1.4102522947166685e-08,1.1707144281505697e-11,0
1526,5.4572190235084991e-11,1.9762439764118254e-04,1.9756996982358177e-04,5.4427817600772796e-08,3.2469735302793833e-11,0
1527,-8.8210222475779768e-12,9.5380890826263394e-05,9.5371744406166502e-05,9.1464200968919759e-09,1.2849679145328879e-11,0
1528,1.3823501903273746e-10,1.9254415215864962e-05,1.9211753449964399e-05,4.2661765900562607e-08,2.1317442272304559e-11,0
1529,1.4705604103696181e-10,-7.6126457265599662e-05,-7.6145866522926502e-05,1.9409257326840571e-08,1.9059586871014794e-11,0
1530,-3.5147801939434309e-10,-8.0662646931113288e-06,-8.0837949465901919e-06,1.7530253478863079e-08,2.0736143662761092e-11,0
1531,3.8587235299040783e-12,-1.7437968685271783e-06,-1.7470763745248496e-06,3.2795059976713161e-09,1.1251197477676151e-11,0
1532,-2.7518375021091858e-10,-1.7896037244293124e-04,-1.7892999046941602e-04,-3.0381973515220808e-08,2.6468944329844962e-11,0
1533,-8.4348895455509015e-11,-1.7238989183464021e-05,-1.7235682965120818e-05,-3.3062183432032845e-09,8.3350580449241119e-11,0
1534,-1.0925003032007197e-10,9.4804563859968898e-05,9.4805754064393552e-05,-1.1902044246545930e-09,2.4122838903166335e-11,0
1535,-4.3334891747626720e-10,-3.7701411277483651e-05,-3.7670206307033601e-05,-3.1204970450050460e-08,1.9001754943648855e-11,0
1536,-2.7904247374611006e-10,-1.7721656685442191e-04,-1.7718390034580177e-04,-3.2666508620148157e-08,1.0982583905285617e-11,0
1537,-8.8207618984438510e-11,-1.5495291564742320e-05,-1.5488702160611862e-05,-6.5894041304584959e-09,3.6532734897154771e-11,0
1538,-1.1310875384839508e-10,9.6548383554821921e-05,9.6553059180336964e-05,-4.6756255150427490e-09,9.8551771997692360e-12,0
1539,-4.3720764101149751e-10,-3.5957640098305613e-05,-3.5925691922527262e-05,-3.1948175778350873e-08,7.8932665719231894e-12,0
1540,1.6593371919210714e-10,2.7376496256309099e-04,2.7373951559327055e-04,2.5446969820436347e-08,2.2399774521255363e-11,0
1541,-1.5816516729180044e-10,1.4125893944498221e-04,1.4125896701597796e-04,-2.7570995752299390e-11,1.1450949559164984e-11,0
1542,-1.9083485465549279e-10,-1.6172120301699393e-04,-1.6169891275487935e-04,-2.2290262114576685e-08,7.7063184634470904e-11,0
1543,-2.4901134878103539e-11,1.1204355198892748e-04,1.1203874555866674e-04,4.8064302607397913e-09,1.0621009373440539e-10,0
1544,-3.4900002192438273e-10,-2.0462355483899866e-05,-2.0441446092883834e-05,-2.0909391016032594e-08,4.0783879391243037e-11,0
1545,-3.2409888707543829e-10,-1.3250602650080601e-04,-1.3248325924603704e-04,-2.2767254768962797e-08,1.5523883926434616e-11,0
1546,3.5268205077829537e-12,-1.7441761907447490e-06,-1.7470500059678270e-06,2.8738152230779789e-09,9.4218930772567261e-12,0
1548,-2.1545156838229555e-10,-5.7825742703432673e-07,-5.6297917248704796e-07,-1.5278254547278768e-08,3.0571191933408459e-11,0
1549,-1.2172862333631674e-10,9.4807356097924289e-05,9.4805783073392247e-05,1.5730245320422437e-09,1.3040026283874645e-11,0
1550,-1.1707134454258746e-10,-1.7720103801961555e-04,-1.7718144164441345e-04,-1.9596375202098537e-08,2.6665536723447655e-11,0
1551,-2.1897838890000575e-10,1.1658531695313539e-06,1.1840153902302563e-06,-1.8162220698902401e-08,2.3692618310689982e-11,0
1552,-1.2525544384331139e-10,9.6551535777599645e-05,9.6553059018429150e-05,-1.5232408295047951e-09,8.4205614734034722e-12,0
1553,-1.0190704433744245e-10,1.7836693489805934e-04,1.7836639480635938e-04,5.4009169996017091e-10,1.0207178233967011e-11,0
1554,-8.1840994098326401e-12,2.7375260302100861e-04,2.7373704088252851e-04,1.5562138480098263e-08,2.4810094853899023e-11,0
1555,9.3722944942995250e-11,9.5385714127251822e-05,9.5373466476436319e-05,1.2247650815503329e-08,3.0202268743015050e-11,0
1557,-1.1965756453126695e-10,4.7482174671169622e-06,4.7447924347425397e-06,3.4250323744224468e-09,1.6043157540516238e-11,0
1559,2.5003380011651639e-10,-7.5999574369600698e-06,-7.5898441952768731e-06,-1.0113241683196638e-08,3.3771078125779043e-12,0
1561,1.6523695213164966e-10,-2.3090350694589604e-05,-2.3065670030268732e-05,-2.4680664320871439e-08,3.8179201866216133e-11,0
1562,1.6333162339648535e-10,-4.3515678981534455e-05,-4.3518232702396983e-05,2.5537208625281719e-09,5.3587612524462295e-12,0
1563,6.6626208383322374e-11,1.2803537817861893e-05,1.2819185422233961e-05,-1.5647604372067482e-08,7.5210966964969483e-12,0
1564,-2.9254053480172539e-10,-8.0690399643437716e-06,-8.0829962673878467e-06,1.3956303044075131e-08,8.4148916401157358e-12,0
1565,-4.2506734802614362e-11,-1.5668966560826968e-05,-1.5661925888416919e-05,-7.0406724100489058e-09,6.7989035520006781e-12,0
1567,-1.2730358276732394e-10,-3.1159572927571058e-05,-3.1139907493587934e-05,-1.9665433983124321e-08,5.8452409580563644e-11,0
1568,-1.2920891137601380e-10,-5.1584709643055608e-05,-5.1591484673094879e-05,6.7750300392709181e-09,1.0723217386756450e-11,0
1569,-2.2591432654494250e-10,4.7345333531075007e-06,4.7434758318631127e-06,-8.9424787556120080e-09,1.2979969979436798e-11,0
1571,-8.4796847908565442e-11,-1.5490572967946474e-05,-1.5488656667348832e-05,-1.9163005976420740e-09,1.2317442347169998e-11,0
1572,-8.6702176078514366e-11,-3.5915727021268787e-05,-3.5921513238515574e-05,5.7862172467875914e-09,2.0206470501228898e-12,0
1573,-1.8340759178091795e-10,2.0403500397413394e-05,2.0403546208668784e-05,-4.5811255390017496e-11,6.1594729958539025e-12,0
1577,-1.9053280265686426e-12,-2.0425205996616597e-05,-2.0437300755920044e-05,1.2094759303447438e-08,2.3713068046404527e-11,0
1578,-9.8610743906136067e-11,3.5894033239191963e-05,3.5884629767838888e-05,9.4034713530745232e-09,7.2664067313675379e-11,0
1579,-9.6705414933431662e-11,5.6319244796135606e-05,5.6326035824783260e-05,-6.7910286476538257e-09,9.7193140687066649e-12,0
1580,4.5058286463327460e-10,-5.7950572494424452e-06,-5.8696999268716476e-06,7.4642677429202402e-08,3.3479597788997229e-11,0
1581,4.5252426159693288e-10,-7.5389539791140964e-06,-7.5874150773331253e-06,4.8461098219028914e-08,1.8372027713150031e-11,0
1584,3.1983811163027224e-10,8.8979371793466988e-05,8.8965826620366543e-05,1.3545173100444792e-08,1.9117560502730977e-11,0
1587,1.5714859715725702e-10,-1.3871422889409624e-05,-1.3911545625296117e-05,4.0122735886493499e-08,3.6828441900353167e-11,0
1588,1.5908999412015747e-10,-1.5615273217544148e-05,-1.5659501387111005e-05,4.4228169566856837e-08,1.6007036771354442e-11,0
1590,8.2668417112199057e-11,-3.1130329277128874e-05,-3.1137388369053338e-05,7.0590919244638783e-09,1.0085763755485551e-10,0
1591,2.6403844141457895e-11,8.0903047339022684e-05,8.0896134139102745e-05,6.9131999199387780e-09,2.5946118266767512e-11,0
1592,-1.6883018487633867e-10,4.7425801259631806e-06,4.7441848311467120e-06,-1.6047051835314284e-09,1.3434369589025591e-11,0
1593,1.9413969648381056e-12,-1.7438859598501542e-06,-1.7470043991703027e-06,3.1184393201484832e-09,6.7278489633810775e-12,0
1595,-7.4480180106311771e-11,-1.7259091864897571e-05,-1.7235465522355873e-05,-2.3626342541698030e-08,3.9177127532532632e-11,0
1596,-1.3074475309076105e-10,9.4774440111236244e-05,9.4806064699484743e-05,-3.1624588248498802e-08,9.5263133965786109e-12,0
1597,-3.2597878211416300e-10,1.8614013979817434e-05,1.8658424029031380e-05,-4.4410049213945571e-08,2.4320538747773920e-11,0
1599,-7.6421577070939596e-11,-1.5515307486824864e-05,-1.5488551323376517e-05,-2.6756163448347046e-08,1.9901335562401293e-11,0
1600,-1.3268615005598208e-10,9.6518317373308488e-05,9.6553289037822046e-05,-3.4971664513558831e-08,4.0469306189125504e-12,0
1601,-3.2792017908000229e-10,2.0357897190133312e-05,2.0401810528415682e-05,-4.3913338282370728e-08,1.1120028964781604e-11,0
1605,-5.6264572981410135e-11,1.1203361432566639e-04,1.1203885680069982e-04,-5.2424750334302637e-09,2.9829972726876613e-11,0
1606,-2.5149860200283172e-10,3.5873055344309498e-05,3.5882808272364993e-05,-9.7529280554940236e-09,5.8233325384012902e-11,0
1607,-1.9523402902265787e-10,-7.6160438488992108e-05,-7.6150551133313026e-05,-9.8873556790812214e-09,1.6697650432161695e-11,0
1608,-1.6308401444246258e-10,1.7836513331126545e-04,1.7836434868824598e-04,7.8462301946976599e-10,2.7404110361702163e-11,0
1609,2.6489282497321562e-12,-1.7432568084111251e-06,-1.7469698300211688e-06,3.7130216100436884e-09,1.5148745139766992e-11,0
1610,-1.2618649768430519e-10,9.4800698200454836e-05,9.4806276719749952e-05,-5.5785192951157041e-09,2.4222858057223806e-11,0
1611,-1.2883542593428396e-10,9.6543958606535446e-05,9.6553464117719363e-05,-9.5055111839169575e-09,1.0715557185817772e-11,0
1612,2.4780137749752905e-10,-1.8480122035012363e-04,-1.8477489790290184e-04,-2.6322447221785276e-08,4.8550425881455003e-12,0
1613,7.3659632836777085e-11,-6.4402083580668290e-06,-6.4110088179096713e-06,-2.9199540157157748e-08,5.1669621182488790e-12,0
1614,1.9316489488440387e-11,-4.3549132646928529e-05,-4.3520226992080036e-05,-2.8905654848492620e-08,2.7321716437809583e-12,0
1615,-1.7414174477550651e-10,1.7836100426524238e-04,1.7836392228096095e-04,-2.9180157185687821e-09,4.3066265838137341e-12,0
1616,-2.2848488817027694e-10,1.4125209153466670e-04,1.4125592440248478e-04,-3.8328678180811222e-09,2.3537247760340450e-12,0
1617,-5.4343143420397287e-11,-3.7108917261202646e-05,-3.7111363376130690e-05,2.4461149280435596e-09,2.7737529364376942e-12,0
1618,3.0355151348673644e-12,-1.7433544314430572e-06,-1.7469443218371423e-06,3.5898903940850622e-09,5.3478311194942947e-11,0
1619,-1.2374669503027186e-10,9.4804697621743775e-05,9.4806431841003576e-05,-1.7342192598011593e-09,3.5617720156383404e-11,0
1620,-1.2678221016360472e-10,9.6548065152817289e-05,9.6553591826628430e-05,-5.5266738111414866e-09,3.4915079135467779e-11,0
1621,1.2753046613070521e-10,-1.8480389058638837e-04,-1.8477606407770538e-04,-2.7826508682991455e-08,1.6644522078695058e-11,0
1622,-2.1487460645939446e-11,-6.4404995059642867e-06,-6.4122566002387995e-06,-2.8242905725487210e-08,1.2130849473106809e-11,0
1623,-6.5309426623059137e-11,-4.3548726539164792e-05,-4.3521356640745994e-05,-2.7369898418798302e-08,5.4867069555468381e-12,0
1624,-1.4901792690626675e-10,1.7836340029672064e-04,1.7836384603472918e-04,-4.4573800854204142e-10,7.6832375410945389e-12,0
1625,-1.9283989293431892e-10,1.4125518954201778e-04,1.4125596030896241e-04,-7.7076694462649420e-10,4.8568746984243384e-12,0
1626,-4.3821966042792852e-11,-3.7108218479088443e-05,-3.7111241192618481e-05,3.0227135300379916e-09,5.0918454416539885e-12,0
1628,-1.7312806036562618e-10,4.7460542320380480e-06,4.7441336378192756e-06,1.9205942187724016e-09,1.1761958394348262e-11,0
1631,-1.1882680820452980e-10,4.7502974223996228e-06,4.7448078073760546e-06,5.4896150235681735e-09,3.9735405376560765e-11,0
1633,4.9293574105029594e-12,-1.7459982901728348e-06,-1.7468741313158599e-06,8.7584114302510606e-10,6.6651612895746782e-12,0
1634,-5.1316702388064170e-10,-1.7895711980530499e-04,-1.7892991985140932e-04,-2.7199953895663299e-08,1.6456161011825459e-11,0
1635,-6.4228527937305854e-10,-5.9171841741006981e-07,-5.6831869102369348e-07,-2.3399726386376325e-08,1.6844512438282007e-11,0
1636,-8.6707803032814819e-11,-1.7232642668349961e-05,-1.7235524629090022e-05,2.8819607400605205e-09,6.4522434472517448e-11,0
1637,-8.9905792319077713e-11,9.4821573436790815e-05,9.4807133051862038e-05,1.4440384928776900e-08,1.4008743340253656e-11,0
1638,-5.1809638129251541e-10,-1.7721109979950550e-04,-1.7718407544045772e-04,-2.7024359047783534e-08,6.8047304425378176e-12,0
1639,-6.4721463678733087e-10,1.1542794690656832e-06,1.1783869159515495e-06,-2.4107446885866253e-08,8.0065564275006511e-12,0
1640,-9.1637160440808007e-11,-1.5486788722814728e-05,-1.5488735470604870e-05,1.9467477901421841e-09,3.7066953013392384e-11,0
1641,-9.4835149729441394e-11,9.6567578996294579e-05,9.6554218553622517e-05,1.3360442672062222e-08,6.1141690123177184e-12,0
1642,-1.2911825563275452e-10,1.7836538828249838e-04,1.7836347930326910e-04,1.9089792292769931e-09,1.2315095796113836e-11,0
1643,4.2326123097712777e-10,2.7377869307955785e-04,2.7374075182732004e-04,3.7941252237813205e-08,1.4633499699123033e-11,0
1644,5.5237948668263383e-10,9.5413321652908223e-05,9.5380105678805792e-05,3.3215974102430513e-08,1.6539983074928985e-11,0
1645,-4.2645922085465214e-10,-1.6172450281081927e-04,-1.6169901599340933e-04,-2.5486817409938476e-08,7.5155694234654672e-11,0
1646,-5.5557747634753251e-10,1.6640822419197038e-05,1.6660911174806172e-05,-2.0088755609134427e-08,1.0289894347229118e-10,0
1647,-3.1979892836868381e-12,1.1205435685216446e-04,1.1204000183064813e-04,1.4355021516325472e-08,8.4136018042036642e-11,0
1648,6.8671899561483038e-12,-1.7479154184800293e-06,-1.7468194192323894e-06,-1.0959992476398975e-09,3.7778651247385123e-12,0
1649,-4.7362453017350194e-10,-1.7894128020155267e-04,-1.7892893882561248e-04,-1.2341375940183412e-08,1.1756514868597800e-11,0
1650,-5.3523582482787273e-10,-5.7020125565979130e-07,-5.6700005056150386e-07,-3.2012050982874326e-09,1.5065101754032138e-11,0
1651,-1.1297560005899408e-10,-1.7232061352387851e-05,-1.7235819932314610e-05,3.7585799267587146e-09,3.5063238959609277e-11,0
1652,-1.0589670775658911e-10,9.4814113411110720e-05,9.4807119680778080e-05,6.9937303326400189e-09,7.5669872138531219e-12,0
1653,-5.2612766458560357e-10,-3.7671807117318698e-05,-3.7671838523697078e-05,3.1406378379569312e-11,9.2479495528211731e-12,0
1654,-4.8049172012686084e-10,-1.7719336657229961e-04,-1.7718315618434953e-04,-1.0210387950084681e-08,4.9553923224868436e-12,0
1655,-5.4210301478430295e-10,1.1777519867348096e-06,1.1796289531698223e-06,-1.8769664350126363e-09,5.9015740383306361e-12,0
1656,-1.1984279002165496e-10,-1.5484197008593971e-05,-1.5489083765377295e-05,4.8867567833237589e-09,1.5595810158754834e-11,0
1657,-1.1276389772142583e-10,9.6562020104967727e-05,9.6554147650141744e-05,7.8724548259831049e-09,3.0215561403974571e-12,0
1658,-5.3299485454510066e-10,-3.5923890572584632e-05,-3.5927443865071702e-05,3.5532924870691762e-09,4.0172556626138509e-12,0
1659,-6.1611294646768467e-11,1.7837110771198872e-04,1.7836381741175207e-04,7.2903002366507194e-09,8.0106736176159318e-12,0
1660,3.6772782228144172e-10,2.7375539575548447e-04,2.7373974571869724e-04,1.5650036787220704e-08,9.4041541976295767e-12,0
1661,-5.2503134403881215e-11,1.4126947090247789e-04,1.4125653552516144e-04,1.2935377316454283e-08,5.0865619345696973e-12,0
1662,4.2933911842974758e-10,9.5384263672783267e-05,9.5378763930835373e-05,5.4997419478942456e-09,1.0930728192128363e-11,0
1663,9.1081602243539929e-12,-3.7101641439571051e-05,-3.7110608576549495e-05,8.9671369784438031e-09,5.8201481130974895e-12,0
1664,-3.6064893047891315e-10,-1.6170929679219055e-04,-1.6169774218426747e-04,-1.1554607923073851e-08,4.6760088343515282e-11,0
1665,-4.2226022516843059e-10,1.6661944770933641e-05,1.6662539428440485e-05,-5.9465750684337907e-10,8.6778670965766172e-11,0
1666,7.0788923321433501e-12,1.1204612386381306e-04,1.1204028954606245e-04,5.8343177506125230e-09,3.7318313919487942e-11,0
1667,-4.1315206492811264e-10,-2.0439805643722442e-05,-2.0442775677399782e-05,2.9700336773398953e-09,4.0053907475688080e-11,0
1668,-4.2023095779228322e-10,-1.3248590398503863e-04,-1.3248603340996297e-04,1.2942492433679065e-10,7.6115782218185704e-12,0
1669,-1.2005261415387702e-11,-3.7099933426127264e-05,-3.7110877281532692e-05,1.0943855405428640e-08,1.7244928187022135e-11,0
1670,5.8824910663900007e-12,-1.7478693727105117e-06,-1.7468103307973946e-06,-1.0590419131170280e-09,9.5116799315942912e-12,0
1672,-4.2704098717710838e-11,-1.7893537281443717e-04,-1.7892325413319376e-04,-1.2118681243407370e-08,1.3427582965566366e-11,0
1673,-1.4852117181328752e-10,9.4811904164048520e-05,9.4806719471686885e-05,5.1846923616351293e-09,1.1518581635468275e-11,0
1675,-4.8586589778830063e-11,-1.7718747746559883e-04,-1.7717748548023180e-04,-9.9919853670379574e-09,9.5116609065500850e-12,0
1676,-1.5440366288365625e-10,9.6559787301022521e-05,9.6553736394563731e-05,6.0509064587897137e-09,8.1523703948248937e-12,0
1679,-1.0581707141076142e-10,2.7374727079764643e-04,2.7373365268612391e-04,1.3618111522511241e-08,1.0470009395208011e-11,0
1680,3.4624252927780612e-10,1.2855986474775982e-05,1.2822364018096313e-05,3.3622456679669528e-08,2.0456126067536718e-11,0
1681,2.8485501609424545e-10,-6.3946221064391240e-06,-6.4087893506348233e-06,1.4167244195699321e-08,2.6262934460209684e-11,0
1682,2.2781776458179652e-10,-4.3513693317237187e-05,-4.3518113688286567e-05,4.4203710493801200e-09,1.4942668971399059e-11,0
1683,-5.7037251487874777e-11,-3.7119110976811462e-05,-3.7111445672058317e-05,-7.6653047531447189e-09,1.0293235021620524e-11,0
1684,-1.4926557781155237e-10,-1.5483184703668756e-05,-1.5489445743381618e-05,6.2610397128621490e-09,5.6648261578183658e-11,0
1685,1.5052016972469533e-11,4.7667457462874374e-06,4.7464719107871852e-06,2.0273835500252256e-08,1.5511583858865352e-11,0
1686,2.1920093440935288e-10,-6.4093335295709042e-06,-6.4096780460030307e-06,3.4451643212649605e-10,2.7941795297880031e-11,0
1687,2.8112420133371495e-10,2.7375932375607766e-04,2.7373778214383350e-04,2.1541612244154167e-08,2.0387355856436619e-11,0
1688,-1.4438364270600232e-10,1.4125555034352798e-04,1.4125393128536435e-04,1.6190581636336444e-09,1.6228909920993653e-11,0
1689,-4.2550784474404884e-10,-1.3250378596246434e-04,-1.3248671813270057e-04,-1.7067829763775001e-08,1.5025700871166386e-11,0
1690,4.4290109081422898e-12,-1.7451207204278671e-06,-1.7467361205140743e-06,1.6154000862072812e-09,8.0902158077570153e-12,0
1691,-2.4463952733179107e-10,-1.7894091642921099e-04,-1.7892428338971034e-04,-1.6633039500655840e-08,2.9039090214970982e-11,0
1692,-3.4740126656059814e-10,-5.7782216802710479e-07,-5.6470367811594766e-07,-1.3118489911157126e-08,2.5325255347152309e-11,0
1693,-9.3527604642570261e-11,-1.7233735623428778e-05,-1.7235466038917401e-05,1.7304154886230519e-09,4.4783203194355901e-11,0
1694,-1.1735015520410199e-10,9.4810754269284626e-05,9.4807662037298736e-05,3.0922319858899200e-09,1.0735306349056961e-11,0
1695,-2.4906853824479404e-10,-1.7719577403304577e-04,-1.7717861016480036e-04,-1.7163868245412793e-08,1.9093452453243294e-11,0
1696,-3.5183027747589586e-10,1.1673256730573671e-06,1.1817610156597535e-06,-1.4435342602386439e-08,2.0415191780467657e-11,0
1697,-9.7956615550543183e-11,-1.5488589703053449e-05,-1.5488806803620154e-05,2.1710056670421699e-10,4.3635131921853558e-11,0
1698,-1.2177916610892259e-10,9.6555897980301283e-05,9.6554596270988840e-05,1.3017093124429759e-09,8.8131290883095533e-12,0
1699,-1.0276173920618285e-10,1.7836312813614141e-04,1.7836146017572864e-04,1.6679604127728658e-09,1.5733896821010456e-11,0
1700,1.2728937179141349e-10,2.7375172699864014e-04,2.7373558929838732e-04,1.6137700252819541e-08,1.3697148304742535e-11,0
1701,2.3005111122492349e-10,9.5388532959385245e-05,9.5376973883841250e-05,1.1559075543994958e-08,1.6920359979263525e-11,0
1702,-1.5111192261415130e-10,-1.6170734149688337e-04,-1.6169344996689992e-04,-1.3891529983451906e-08,8.4213596673799104e-11,0
1704,-2.3822550567332202e-11,1.1204442580445111e-04,1.1204049941098046e-04,3.9263934706491995e-09,3.6860759945847130e-11,0
1706,-2.7521035239630856e-10,4.7483528891911243e-06,4.7428741992648732e-06,5.4786899262511502e-09,1.5531926358714983e-11,0
1708,3.2267925916005116e-10,-7.5919881386242449e-06,-7.5897602398238073e-06,-2.2278988004375977e-09,4.9353094711216857e-12,0
1710,1.6426695367554629e-10,-4.3518757524497759e-05,-4.3519234940858009e-05,4.7741636024952990e-10,7.5120619894070020e-12,0
1711,1.3383070716739152e-10,1.2811067422022551e-05,1.2819530330319231e-05,-8.4629082966797731e-09,1.1065013148664789e-11,0
1712,-3.6178093596948509e-10,-8.0815477774593032e-06,-8.0835761159035477e-06,2.0283384442444603e-09,1.3086764608968838e-11,0
1713,-3.9101676730955038e-11,-1.5673508592110169e-05,-1.5662636239627023e-05,-1.0872352483145740e-08,1.1269252539997420e-11,0
1715,-1.9751398231099831e-10,-5.1600290701816386e-05,-5.1593334839666870e-05,-6.9558621495160078e-09,1.8106972452000977e-11,0
1716,-2.2795022871058863e-10,4.7295099583049421e-06,4.7434612417156462e-06,-1.3951283410704026e-08,2.1968897605953374e-11,0
1718,-1.5841230506678393e-10,-3.5926767249230655e-05,-3.5923176848954102e-05,-3.5904002765530440e-09,2.8885411312014683e-12,0
1719,-1.8884855202971159e-10,2.0403027783485149e-05,2.0404041098703904e-05,-1.0133152187553527e-09,9.5817230261277083e-12,0
1722,-3.0436246388814041e-11,5.6329790575102706e-05,5.6327901228930491e-05,1.8893461722153861e-09,1.3240336297686340e-11,0
1724,-1.5074079797716614e-10,4.7300735186162068e-06,4.7444195345410200e-06,-1.4346015924813193e-08,4.0268750663510362e-11,0
1726,3.4551602236682757e-10,-1.8475146193812873e-04,-1.8477003508249055e-04,1.8573144361817015e-08,1.9486894488928917e-11,0
1727,2.0845306162983976e-10,-6.4100596681403166e-06,-6.4100981649424092e-06,3.8496802092650767e-11,1.9690268051723699e-11,0
1728,3.6094422366268237e-10,8.8990094312150700e-05,8.8967361397410726e-05,2.2732914739973463e-08,1.7389802521852215e-11,0
1729,-1.3706296082241961e-10,1.7834135986336767e-04,1.7836003027426719e-04,-1.8670410899523102e-08,2.1066364631914188e-11,0
1730,1.5428201872680613e-11,2.7374155175461821e-04,2.7373356318652635e-04,7.9885680918630533e-09,2.3066055316430258e-11,0
1731,1.5249116239468390e-10,9.5400189791579847e-05,9.5376382643124315e-05,2.3807148455531543e-08,2.3051085600392746e-11,0
1732,-6.3653371991416091e-11,-2.0441498087060694e-05,-2.0438871804753608e-05,-2.6262823070858960e-09,7.1577721356627944e-11,0
1733,2.0431636124969764e-12,-1.7450572867465993e-06,-1.7466982906082367e-06,1.6410038616373757e-09,5.8267762164786909e-12,0
1735,-1.7753642916237205e-10,4.7456660254873752e-06,4.7440880921036680e-06,1.5779333837072067e-09,9.9158963079290505e-12,0
1737,-1.6810212564889801e-10,1.7835652853516589e-04,1.7835906043474323e-04,-2.5318995773386792e-09,4.2634282868628015e-12,0
1738,-2.1981387258722239e-10,1.4124753276260112e-04,1.4125086191353004e-04,-3.3291509289178501e-09,2.7190268208970846e-12,0
1739,-5.1711746961725379e-11,-3.7108999885889144e-05,-3.7111436331682886e-05,2.4364457937420107e-09,2.8204953767131243e-12,0
1740,4.6915015936462082e-10,-1.3857678544219876e-05,-1.3908850250927146e-05,5.1171706707270071e-08,1.7492688877332182e-11,0
1742,3.9685953653707804e-10,-3.1088441583355247e-05,-3.1134432307128833e-05,4.5990723773585429e-08,4.8321293405058188e-11,0
1743,3.1849175524735519e-10,8.0929858248757203e-05,8.0900586770537460e-05,2.9271478219742328e-08,1.6289815417837367e-11,0
1744,-1.2683154843014695e-10,4.7476768501133245e-06,4.7447175438563650e-06,2.9593062569595067e-09,1.9566796731009045e-11,0
1746,-7.2290623029504829e-11,-1.7230730574090532e-05,-1.7235105090774038e-05,4.3745166835062511e-09,3.6394742034435794e-11,0
1747,-1.5065840445744443e-10,9.4787497258623857e-05,9.4807841480528380e-05,-2.0344221904523450e-08,1.2445077108280976e-11,0
1748,-5.9598170909046209e-10,1.8605362857949947e-05,1.8655963957094404e-05,-5.0601099144456234e-08,1.9173262970301796e-11,0
1752,-7.8367781430257364e-11,1.1201826883939689e-04,1.1204033643464321e-04,-2.2067595246315960e-08,3.5666378872175077e-11,0
1753,-5.2369108607157108e-10,3.5836032481331020e-05,3.5880258897037545e-05,-4.4226415706524725e-08,6.5477670220658896e-11,0
1754,-4.4532330455479765e-10,-7.6182147477779280e-05,-7.6154704714618776e-05,-2.7442763160504435e-08,1.3888556789193361e-11,0
1755,-1.5657746007275139e-10,1.7836007437236359e-04,1.7835887911560894e-04,1.1952567546553560e-09,2.2231553801363432e-11,0
1756,2.7325486367155933e-10,-4.3497236677302736e-05,-4.3518168490403784e-05,2.0931813101047829e-08,5.9062753203886211e-11,0
1757,1.9088559595704828e-10,-1.3910014792770965e-05,-1.3912405692294620e-05,2.3908995236547094e-09,6.9418682515714612e-11,0
1758,1.9280920504613538e-10,-1.5656313164208284e-05,-1.5659995775448064e-05,3.6826112397799783e-09,2.4679966207356869e-11,0
1760,1.0366217847004295e-10,-3.1143941890954957e-05,-3.1138152139632211e-05,-5.7897513227464438e-09,9.2330356153086514e-11,0
1761,2.9851544409981897e-11,8.0899194615865252e-05,8.0897081145199333e-05,2.1134706659189841e-09,3.5552138251862579e-11,0
1762,-2.1540102722570712e-10,4.7455263421274443e-06,4.7436202068251139e-06,1.9061353023304680e-09,1.8207362521150895e-11,0
1763,1.9236090868886933e-12,-1.7463200678565635e-06,-1.7466389993766748e-06,3.1893152011124297e-10,4.5821336933217897e-12,0
1765,-8.7223417572448545e-11,-1.7234060836883469e-05,-1.7235260599000302e-05,1.1997621168336576e-09,5.5134133368693187e-11,0
1766,-1.6103405167342666e-10,9.4809135421169890e-05,9.4807893035308424e-05,1.2423858614655408e-09,8.5128621914296150e-12,0
1767,-4.0628662341382949e-10,1.8655618301317498e-05,1.8658395574965260e-05,-2.7772736477627653e-09,3.5396743730035328e-11,0
1769,-8.9147026656799462e-11,-1.5487878922596063e-05,-1.5488691295850280e-05,8.1237325421740182e-10,2.6157101488636116e-11,0
1770,-1.6295766076253241e-10,9.6555459134943511e-05,9.6554718363622301e-05,7.4077132120975268e-10,3.7097616677587808e-12,0
1771,-4.0821023250221269e-10,2.0401886113833104e-05,2.0401496721663143e-05,3.8939216996021508e-10,1.3981623355646766e-11,0
1775,-7.3810634101185533e-11,1.1204333013520589e-04,1.1204054913357834e-04,2.7810016275508359e-09,4.8581583471600061e-11,0
1776,-3.1906320582860428e-10,3.5889618191210781e-05,3.5882870169009995e-05,6.7480222007868331e-09,8.2956785807064086e-11,0
1777,-2.4525257169519921e-10,-7.6153561621072376e-05,-7.6152317235599320e-05,-1.2443854730556734e-09,2.2962804353167739e-11,0
1778,2.6472787709642905e-10,-6.4008890507880056e-06,-6.4096381857977995e-06,8.7491350097938791e-09,1.0539149059067782e-11,0
1779,2.1031129602786556e-10,-4.3516593335230294e-05,-4.3519039101400646e-05,2.4457661703522677e-09,5.7839282434281568e-12,0
1780,-5.4416581066770861e-11,-3.7115725842695735e-05,-3.7111486465278593e-05,-4.2393774171416046e-09,3.8668082004823161e-12,0
1781,1.5021701250034866e-12,-1.7475296912809854e-06,-1.7466219486049379e-06,-9.0774267604747622e-10,6.3993274619920926e-12,0
1782,-1.8033272346425089e-10,9.4810960098994876e-05,9.4807787990703980e-05,3.1721082908959608e-09,1.3369289413029930e-11,0
1783,-1.8183489358776038e-10,9.6558465322953488e-05,9.6554594220375404e-05,3.8711025780843906e-09,5.7290772102529017e-12,0
1784,2.6129011812074761e-12,-1.7467133026315468e-06,-1.7465886324378718e-06,-1.2467019367506623e-10,1.2674301329405456e-11,0
1785,-1.7834701406839254e-10,9.4811155640350852e-05,9.4807930412746036e-05,3.2252276048157832e-09,2.2843154720738078e-11,0
1786,-1.8095991525028011e-10,9.6557843770874341e-05,9.6554701529872507e-05,3.1422410018340811e-09,1.0859055535331698e-11,0
1787,-1.1032497423590272e-10,1.7835999479612775e-04,1.7835856263889244e-04,1.4321572353059343e-09,1.7870008673918017e-11,0
1788,-1.4299713145313270e-10,1.4125213625217287e-04,1.4125054285685272e-04,1.5933953201470973e-09,1.0284335402939247e-11,0
1789,-3.2672157220511346e-11,-3.7107854316146020e-05,-3.7111226184586039e-05,3.3718684400190673e-09,1.2289873912192085e-11,0
1790,-3.9877607982816414e-10,-1.3926588917712382e-05,-1.3919975299207372e-05,-6.6136185050096454e-09,2.6402514259135741e-11,0
1791,-3.9455506075157335e-10,-1.5673949529792369e-05,-1.5667463359178860e-05,-6.4861706135087998e-09,1.1540337183219231e-11,0
1793,-1.2391643257681181e-10,-1.9284070055411353e-04,-1.9281628501971175e-04,-2.4415534401780710e-08,2.0622736201210451e-11,0
1794,-5.2388049460675088e-10,-3.1159305717140193e-05,-3.1146140416504768e-05,-1.3165300635424690e-08,6.0369160383934176e-11,0
1795,-5.9479313300144207e-10,8.0885802564639037e-05,8.0889516337808831e-05,-3.7137731697940539e-09,1.9835466390366386e-11,0
1796,-4.2634405271016029e-10,4.7437665783055857e-06,4.7410067953338083e-06,2.7597829717774047e-09,1.9786615235547077e-11,0
1797,4.2210190629869242e-12,-1.7473418000423663e-06,-1.7465370322366995e-06,-8.0476780566670504e-10,5.1729819263731803e-12,0
1799,2.7485964854556152e-10,-1.7891414229954938e-04,-1.7891461572652460e-04,4.7342697522142173e-10,1.3983493704135341e-11,0
1800,-1.2510441442257878e-10,-1.7232738142996216e-05,-1.7235657439062578e-05,2.9192960663617653e-09,5.1149159562987285e-11,0
1801,-1.9601705278009797e-10,9.4812379647217417e-05,9.4807902107838817e-05,4.4775393786005042e-09,1.0842603890600390e-11,0
1802,-2.7567974010363059e-11,1.8670331554450706e-05,1.8663286679421718e-05,7.0448750289875232e-09,3.3040322499556694e-11,0
1804,2.7063862949754594e-10,-1.7716678790404006e-04,-1.7716918798128397e-04,2.4000772439077261e-09,6.0388185856378923e-12,0
1805,-1.2932543348498530e-10,-1.5485474305905510e-05,-1.5489185982533814e-05,3.7116766283036985e-09,2.2007432914631272e-11,0
1806,-2.0023807184148032e-10,9.6559741534825699e-05,9.6554618714632016e-05,5.1228201936829188e-09,4.2856878028222393e-12,0
1807,-3.1788993071643445e-11,2.0417713032723148e-05,2.0406301945410617e-05,1.1411087312530269e-08,1.3770900842314789e-11,0
1812,-4.7087670022242051e-10,2.7372651638834025e-04,2.7372608472153314e-04,4.3166680711685668e-10,1.2621548760140043e-11,0
1813,-3.0242761957652479e-10,1.9758455632327325e-04,1.9755881424687901e-04,2.5742076394244051e-08,3.1417896665496116e-11,0
1814,-7.0912638362560515e-11,1.1204515347848422e-04,1.1204096889655808e-04,4.1845819261413474e-09,4.3748600629886337e-11,0
1815,9.7536440546770359e-11,3.5902750231887881e-05,3.5888217452412677e-05,1.4532779475204152e-08,1.0175323652637818e-10,0
1816,1.6844907897785789e-10,-7.6142060879649809e-05,-7.6147416978904409e-05,5.3560992546003959e-09,2.0802389871721721e-11,0
1817,-3.8927757491956647e-11,-3.7106613588138489e-05,-3.7111317973329623e-05,4.7043851911341035e-09,1.6751771961823439e-11,0
1818,2.3036312786951271e-12,-1.7487609116312812e-06,-1.7465289581584626e-06,-2.2319534728185868e-09,5.9983983451803964e-12,0
1819,-2.6583911289805126e-10,9.4813853144251007e-05,9.4807228217913889e-05,6.6249263371183365e-09,1.0754569901305772e-11,0
1820,-2.6814274417553775e-10,9.6562618701394060e-05,9.6553933822532927e-05,8.6848788611335135e-09,4.7068330240057941e-12,0
1821,5.5195287613781320e-12,-3.7101663638017691e-05,-3.7110775191362207e-05,9.1115533445165981e-09,5.7645848877691524e-12,0
1822,1.7782473364470163e-12,-1.7480672665662702e-06,-1.7465102652433953e-06,-1.5570013228748732e-09,2.6011553154621159e-12,0
1824,-2.1582315968585464e-10,9.4812701002382985e-05,9.4808000447657296e-05,4.7005547256889465e-09,1.0032687319539785e-11,0
1825,-5.6250365429658920e-10,1.8661082714432773e-05,1.8656803669283299e-05,4.2790451494735874e-09,1.4552175912588871e-11,0
1827,-2.1760140700844099e-10,9.6560774064407282e-05,9.6554685042033974e-05,6.0890223733077713e-09,3.8491464002006930e-12,0
1828,-5.6428190162499241e-10,2.0409156950273240e-05,2.0399804660932794e-05,9.3522893404465821e-09,6.2837216738503413e-12,0
1831,-3.4668049469763562e-10,-7.6151664557285283e-05,-7.6153984175588601e-05,2.3196183033180259e-09,1.0291542968181691e-11,0
1832,9.9633249092101778e-10,-1.3911068669610494e-05,-1.3902959488460970e-05,-8.1091811495243222e-09,9.8453334842645687e-12,0
1833,9.9538182693718140e-10,-1.5660543782377873e-05,-1.5650429939497257e-05,-1.0113842880616258e-08,7.5884726142832121e-12,0
1835,8.8238385831165451e-10,-3.1140603052976293e-05,-3.1128929437184433e-05,-1.1673615791859692e-08,4.5131396785254861e-11,0
1836,7.0560427520197976e-10,8.0906369870725574e-05,8.0905845226782023e-05,5.2464394355061957e-10,1.2258983116674301e-11,0
1837,-2.5468403412748439e-10,4.7529580567877774e-06,4.7431385233072346e-06,9.8195334805428787e-09,1.8310331033049917e-11,0
1838,-9.5066398630071573e-13,-1.7495290351506748e-06,-1.7465194856031897e-06,-3.0095495474850695e-09,2.2668021019711904e-12,0
1840,-1.1394863276751095e-10,-1.7229585606160901e-05,-1.7235438002157574e-05,5.8523959966727741e-09,1.6247613544005202e-11,0
1841,-2.9072821608331130e-10,9.4817392253482378e-05,9.4807219936361307e-05,1.0172317121070421e-08,4.4004017479455248e-12,0
1842,-1.2510165267247851e-09,1.8664007334331326e-05,1.8648330234890050e-05,1.5677099441275953e-08,7.8665397956974091e-12,0
1844,-1.1299796877825143e-10,-1.5480137943931892e-05,-1.5488979511472839e-05,8.8415675409460890e-09,1.2498981669368346e-11,0
1845,-2.8977755209139104e-10,9.6566916437732745e-05,9.6553911487661575e-05,1.3004950071170336e-08,2.2851334082936193e-12,0
1846,-1.2500658626719348e-09,2.0413539463075281e-05,2.0391345837565757e-05,2.2193625509523812e-08,5.4558236727178129e-12,0
1850,-1.7677958352200820e-10,1.1204697923437466e-04,1.1204008268567792e-04,6.8965486967460755e-09,2.0917639604598864e-11,0
1851,-1.1370678954440677e-09,3.5893450273634381e-05,3.5873107538117761e-05,2.0342735516619957e-08,4.1880177363798848e-11,0
1852,-9.6028831225068660e-10,-7.6153386616151339e-05,-7.6161670991469057e-05,8.2843753177179891e-09,7.9911193072342983e-12,0
1853,2.7302206623575557e-10,-6.3948624138936150e-06,-6.4099338847228536e-06,1.5071470829238612e-08,1.1585798988419564e-11,0
1854,2.1611546125098049e-10,-4.3514593121124837e-05,-4.3519438230486114e-05,4.8451093612777497e-09,6.4675378599178246e-12,0
1855,-5.6906604958254675e-11,-3.7119728986299665e-05,-3.7111566094277104e-05,-8.1628920225605608e-09,4.5848083393429455e-12,0
1856,3.8775419402668465e-10,-5.8432190828661655e-06,-5.8704790962531319e-06,2.7260013386966408e-08,9.0111468638215267e-12,0
1857,3.9073666465513250e-10,-7.5867587478010978e-06,-7.5897257706493681e-06,2.9670228482702802e-09,4.2540294090894405e-12,0
1859,3.4013768411881608e-10,-1.8475708767473707e-04,-1.8476640543145880e-04,9.3177567217386618e-09,9.0779220380251326e-12,0
1860,2.1018514672440598e-10,-6.4093072539728874e-06,-6.4108471212316930e-06,1.5398672588056163e-09,9.6888551724326430e-12,0
1861,2.4948568485534120e-10,8.8965125815455154e-05,8.8966907067794196e-05,-1.7812523390417674e-09,6.8763672082012564e-12,0
1862,1.6325996072924645e-10,-4.3521061213721082e-05,-4.3520252068239901e-05,-8.0914548118129950e-10,5.5389095049075091e-12,0
1863,1.9874793167402410e-10,1.2815689424850764e-05,1.2819851305316053e-05,-4.1618804652892758e-09,8.7332711110695861e-12,0
1864,2.9824706290761836e-12,-1.7435355663218818e-06,-1.7464214644226640e-06,2.8858981007821943e-09,3.2370302189781507e-12,0
1866,-4.7616509774412745e-11,-1.7891388711051628e-04,-1.7891652109951431e-04,2.6339889980231661e-09,5.6118553612032014e-12,0
1867,-1.7756904713083153e-10,-5.6607188253943869e-07,-5.6269434222573655e-07,-3.3775403137021372e-09,6.7581130564998293e-12,0
1869,-2.2449423311735806e-10,-3.7677844729586477e-05,-3.7669076058796341e-05,-8.7686707901359290e-09,4.0271529673529325e-12,0
1870,-1.8900626237578647e-10,1.8658882493376074e-05,1.8661631056534708e-05,-2.7485631586341005e-09,1.4422003763809306e-11,0
1872,-5.0598980407951058e-11,-1.7717035100404694e-04,-1.7717123904053056e-04,8.8803648362243380e-10,3.3223555916243046e-12,0
1873,-1.8055151776636650e-10,1.1774657511674433e-06,1.1832183785467622e-06,-5.7526273793189385e-09,3.9035144405876672e-12,0
1875,-2.2747670375272339e-10,-3.5934296878759042e-05,-3.5924800622999941e-05,-9.4962557591009148e-09,2.3827671584632830e-12,0
1876,-1.9198873300373034e-10,2.0402425507558102e-05,2.0404559419360461e-05,-2.1339118023598266e-09,8.0272176439807150e-12,0
1882,-1.2995253745695281e-10,1.7834781531721861e-04,1.7835571257476189e-04,-7.8972575432768345e-09,5.7036983688752820e-12,0
1884,-1.7687772347262024e-10,1.4123604961176336e-04,1.4124739286174793e-04,-1.1343249984571485e-08,3.6700097453546267e-12,0
1885,-1.4138975216849550e-10,1.9757278863110662e-04,1.9755929097772627e-04,1.3497653380352328e-08,1.4757980884700626e-11,0
1886,3.9300538290498564e-11,9.5374409265431073e-05,9.5376604471269022e-05,-2.1952058379485486e-09,6.5449945162648008e-12,0
1887,-4.6925186007464225e-11,-3.7111768529833242e-05,-3.7111458695411038e-05,-3.0983442220411600e-10,3.9366651622630710e-12,0
1888,-1.1437214853204571e-11,1.9224934395516667e-05,1.9211967635400439e-05,1.2966760116228421e-08,1.5660512181387741e-11,0
1889,-8.6225723646278076e-11,-1.3248617867702393e-04,-1.3248510447233671e-04,-1.0742046872239813e-09,4.0700279145327897e-12,0
1890,-5.0737753293864946e-11,-7.6149459533621840e-05,-7.6150545530097340e-05,1.0859964755000496e-09,1.3458703351279315e-11,0
1891,3.5487971099241540e-11,5.6336729904582668e-05,5.6329752886637625e-05,6.9770179450423411e-09,8.4748223244507522e-12,0
1893,2.8695893214908673e-10,-4.3482556909897607e-05,-4.3518824459317486e-05,3.6267549419879204e-08,9.2307651841555661e-12,0
1894,3.0742371706952055e-10,1.2829052975997512e-05,1.2821147756714773e-05,7.9052192827395356e-09,2.5498030167090609e-11,0
1897,2.0464785997969346e-11,5.6311588228934173e-05,5.6329676141135277e-05,-1.8087912201104330e-08,1.3857496914282313e-11,0
1898,4.5375648095512666e-12,-1.7446912307281080e-06,-1.7463642685329930e-06,1.6730378048850573e-09,5.9719717180099359e-12,0
1899,-3.0713625091384265e-10,-1.7893517884594312e-04,-1.7891913326374066e-04,-1.6045582202462794e-08,2.4021128463519338e-11,0
1900,-4.2180105631315308e-10,-5.7830438492546127e-07,-5.6573422188786998e-07,-1.2570163037591291e-08,2.5542964149099814e-11,0
1901,-9.3186986816349492e-11,-1.7233388865727775e-05,-1.7235094006415533e-05,1.7051406877584925e-09,4.0541914541722318e-11,0
1902,-1.1412245026153354e-10,9.4812877155473337e-05,9.4809935483110226e-05,2.9416723631102946e-09,1.5343265651253662e-11,0
1903,-3.1167381572934811e-10,-1.7719041131477025e-04,-1.7717391712150911e-04,-1.6494193261137055e-08,1.4655753651224745e-11,0
1904,-4.2633862112663261e-10,1.1664099184766942e-06,1.1800942527711998e-06,-1.3684334294505626e-08,1.6458436109470002e-11,0
1905,-9.7724551625996662e-11,-1.5488778902323849e-05,-1.5488785845164442e-05,6.9428405929385876e-12,3.0017413943655691e-11,0
1906,-1.1866001506704185e-10,9.6557590246158743e-05,9.6556463805495016e-05,1.1264406637274613e-09,6.2714010901859786e-12,0
1907,-1.1466480538948678e-10,1.7835683110919986e-04,1.7835528546952028e-04,1.5456396795863591e-09,1.1488811514911127e-11,0
1908,1.9301380025776533e-10,2.7374801134017693e-04,2.7373257118209153e-04,1.5440158085400484e-08,1.8801591119820711e-11,0
1909,3.0767860582848782e-10,9.5391211478080933e-05,9.5380160291887915e-05,1.1051186193017154e-08,2.4436369595139949e-11,0
1910,-2.1394926401664138e-10,-1.6170179327726570e-04,-1.6168870230453514e-04,-1.3090972730557234e-08,7.0139927994898829e-11,0
1912,-2.0935463451582730e-11,1.1204623456021227e-04,1.1204247066560393e-04,3.7638946083419934e-09,5.0893457660431150e-11,0
1913,3.3711455964440021e-10,-7.6097356598581190e-06,-7.5905676045009823e-06,-1.9168055357136637e-08,1.5684813036850936e-11,0
1914,2.1452477711415600e-10,8.8944229534074562e-05,8.8966697112290583e-05,-2.2467578216021477e-08,2.3642368518589552e-11,0
1915,-1.2258978257351842e-10,9.6553920931666520e-05,9.6556550112348769e-05,-2.6291806822496301e-09,9.0782890506661990e-12,0
1917,-1.2933179990623444e-10,4.7473109938260018e-06,4.7446980170614450e-06,2.6129767645567575e-09,2.5321775131867954e-11,0
1919,2.5700766883795014e-10,-6.4022827289123008e-06,-6.4105327140499416e-06,8.2499851376408782e-09,1.1042266468786239e-11,0
1920,2.0214977271306235e-10,-4.3517869570767684e-05,-4.3520084506463422e-05,2.2149356957378540e-09,6.0179794520644504e-12,0
1921,-5.4857896121205314e-11,-3.7115612494179398e-05,-3.7111589640179562e-05,-4.0228539998360814e-09,3.5025260657046598e-12,0
1922,3.8101359381751529e-12,-1.7431797763640565e-06,-1.7463144699957361e-06,3.1346936316796704e-09,1.2164127775416305e-11,0
1923,-3.7733968949077032e-10,-1.7895851413804280e-04,-1.7891906323789139e-04,-3.9450900151408392e-08,2.8473670692606811e-11,0
1924,-7.6955898389191343e-11,-1.7242622098113253e-05,-1.7234834325157198e-05,-7.7877729560548326e-09,7.8275532559387758e-11,0
1925,-9.3106854237493010e-11,9.4807245661309358e-05,9.4810550674697704e-05,-3.3050133883458753e-09,2.0414248244761687e-11,0
1926,-3.8114982543253876e-10,-1.7721527173048500e-04,-1.7717391042501978e-04,-4.1361305465223387e-08,1.1627734768091020e-11,0
1927,-8.0766034326965711e-11,-1.5499514018055098e-05,-1.5488572663836600e-05,-1.0941354218498136e-08,3.6367096343841510e-11,0
1928,-9.6916990173848388e-11,9.6550442658808197e-05,9.6557023791447847e-05,-6.5811326396494505e-09,8.2788820527919934e-12,0
1929,2.8423283457684094e-10,2.7376574617866620e-04,2.7373309389409358e-04,3.2652284572616975e-08,1.8552596744332131e-11,0
1930,-3.0038379103301441e-10,-1.6171601928149926e-04,-1.6168889679104247e-04,-2.7122490456788113e-08,8.6360503144856863e-11,0
1931,-1.6150955860768277e-11,1.1204984768557172e-04,1.1204283726360993e-04,7.0104219617844179e-09,6.9333966352393258e-11,0
1933,-1.8021403201519300e-10,4.7451081342337817e-06,4.7440675884922487e-06,1.0405457415329619e-09,9.9817792674620060e-12,0
1935,1.4516142845485433e-10,-4.3522749223447871e-05,-4.3520857609764478e-05,-1.8916136833928526e-09,2.5422755062344543e-11,0
1937,-1.5203055255934305e-10,4.7486085897165478e-06,4.7444179208139441e-06,4.1906689026037359e-09,2.2936836656152962e-11,0
1939,4.6473085769540319e-12,-1.7461671138298949e-06,-1.7462653957480545e-06,9.8281918159593104e-11,6.7294683684202700e-12,0
1940,-5.8373809299946760e-10,-1.7894480277417558e-04,-1.7892100411779092e-04,-2.3798656384661256e-08,1.5322576333752261e-11,0
1941,-7.0972658094458603e-10,-5.8902573689921522e-07,-5.6933331976555436e-07,-1.9692417133660865e-08,1.6297497636425481e-11,0
1942,-7.4080876519027005e-11,-1.7231568548878155e-05,-1.7234760260226950e-05,3.1917113487949628e-09,8.3209242081565622e-11,0
1943,-6.6796642330757543e-11,9.4825361921757959e-05,9.4811110197264993e-05,1.4251724492965359e-08,1.6433757124061152e-11,0
1944,-5.8838540157635494e-10,-1.7719861578508259e-04,-1.7717590927984102e-04,-2.2706505241565323e-08,6.7163363127360219e-12,0
1945,-7.1437388951803561e-10,1.1571390887595012e-06,1.1763267044711900e-06,-1.9187615711688761e-08,7.8469954748362512e-12,0
1946,-7.8728185096488914e-11,-1.5485431635317852e-05,-1.5488545503306407e-05,3.1138679885548196e-09,3.7593525319819899e-11,0
1947,-7.1443950903791412e-11,9.6571505693838090e-05,9.6557530682939315e-05,1.3975010898774776e-08,6.6572607002294366e-12,0
1948,-1.2598848815881242e-10,1.7835575236834237e-04,1.7835355879520647e-04,2.1935731359047812e-09,1.3045888853935006e-11,0
1949,5.1694145035531308e-10,2.7377010045715432e-04,2.7373557952633539e-04,3.4520930818928135e-08,1.4895131217191177e-11,0
1950,6.4292993853618739e-10,9.5414396248142200e-05,9.5384903158148834e-05,2.9493089993365635e-08,1.6221881446648948e-11,0
1951,-5.0965721649254854e-10,-1.6171320554126019e-04,-1.6169091491380488e-04,-2.2290627455309612e-08,8.4657594134409006e-11,0
1952,-6.3564570442548167e-10,1.6642634827951364e-05,1.6659417738225885e-05,-1.6782910274521304e-08,1.0642531320562820e-10,0
1953,7.2842341879030211e-12,1.1205686839881697e-04,1.1204333001480205e-04,1.3538384014915683e-08,8.5124186320821780e-11,0
1955,7.0256012631239646e-12,-1.7473093920403937e-06,-1.7462048304719437e-06,-1.1045615684499565e-09,3.7050077725313761e-12,0
1956,-5.9310112164662840e-10,-1.7892991099391028e-04,-1.7892062334334753e-04,-9.2876505627449181e-09,1.2835466045839934e-11,0
1957,-6.7543205084647961e-10,-5.6860965530047131e-07,-5.6891706285471471e-07,3.0740755424340751e-10,1.4456687338458065e-11,0
1958,-1.1083269260340481e-10,-1.7231886428052852e-05,-1.7235185192967502e-05,3.2987649146496811e-09,3.0490137364483389e-11,0
1959,-9.7349954780726567e-11,9.4816461965141225e-05,9.4810918586627467e-05,5.5433785137583118e-09,6.1957599240165907e-12,0
1960,-6.7186558588401325e-10,-3.7670519563272678e-05,-3.7674989204534534e-05,4.4696412618560081e-09,8.0846891084665912e-12,0
1961,-6.0012672291070004e-10,-1.7718257758103087e-04,-1.7717559621818481e-04,-6.9813628460614445e-09,5.0258367757202870e-12,0
1962,-6.8245765210784388e-10,1.1786967230587031e-06,1.1766602260771220e-06,2.0364969815811449e-09,5.8201912476331733e-12,0
1963,-1.1785829387086333e-10,-1.5484640830524567e-05,-1.5489029258869718e-05,4.3884283451509608e-09,1.5597542505468513e-11,0
1964,-1.0437555604818779e-10,9.6563774385862323e-05,9.6557275650784781e-05,6.4987350775416600e-09,2.9418105562660324e-12,0
1965,-6.7889118715463936e-10,-3.5923207169547347e-05,-3.5930826381818257e-05,7.6192122709103178e-09,3.9159267514734328e-12,0
1966,-8.2330929190473149e-11,1.7836126573724312e-04,1.7835359477778314e-04,7.6709594599771655e-09,8.0193808779255106e-12,0
1967,4.9575116709100825e-10,2.7374634647717427e-04,2.7373499528031929e-04,1.1351196854973884e-08,9.0626486847757097e-12,0
1968,-7.8764464229479470e-11,1.4125934842183947e-04,1.4124577325783566e-04,1.3575164003814481e-08,5.3969403461087154e-12,0
1969,5.7808209752794673e-10,9.5385083238685824e-05,9.5384285430142677e-05,7.9780854314690387e-10,1.0646363266195291e-11,0
1970,3.5664649927305681e-12,-3.7101910160353656e-05,-3.7110890451164981e-05,8.9802908113251201e-09,5.8457820290358660e-12,0
1971,-4.8226842933239914e-10,-1.6169796380441684e-04,-1.6169011175859983e-04,-7.8520458170140608e-09,4.9386381495664719e-11,0
1972,-5.6459935851942398e-10,1.6663316831813484e-05,1.6660273420118631e-05,3.0434116948522996e-09,6.4200298081036545e-11,0
1973,1.3482737852877632e-11,1.1204840291542196e-04,1.1204356919385108e-04,4.8337215708749767e-09,2.7474244357978111e-11,0
1974,-5.6103289356106509e-10,-2.0438581002164141e-05,-2.0446099033837914e-05,7.5180316737725778e-09,3.6167258414195205e-11,0
1975,-5.7451563179493403e-10,-1.3248698928664763e-04,-1.3249235915079391e-04,5.3698641462791331e-09,5.9507276344546609e-12,0
1977,3.9455117387913157e-11,4.7600191510187989e-06,4.7467944734700294e-06,1.3224677548769546e-08,1.4716900592152844e-11,0
1979,5.5805449156142623e-12,-1.7459598013506455e-06,-1.7461994970129451e-06,2.3969566229962705e-10,7.3399917782403491e-12,0
1980,-1.0336272933974236e-10,-1.7232494311222976e-05,-1.7235069469246301e-05,2.5751580233244011e-09,7.5040447573329959e-11,0
1981,-1.1362982985321379e-10,9.4814943950233222e-05,9.4810856869426347e-05,4.0870808068753546e-09,1.4820662727749439e-11,0
1982,-1.0894327425142434e-10,-1.5486640310771846e-05,-1.5488917564507066e-05,2.2772537352198658e-09,3.4187981362071505e-11,0
1983,-1.1921037476492120e-10,9.6560895559241440e-05,9.6557206462435111e-05,3.6890968063295251e-09,6.1823567772322391e-12,0
1984,-1.0267100512538344e-11,1.1204750115625679e-04,1.1204339613642858e-04,4.1050198282103784e-09,7.5795813594347151e-11,0
1985,-1.5587045092590714e-10,1.7835061009897945e-04,1.7835228542220194e-04,-1.6753232224891654e-09,4.5019910966122605e-12,0
1986,-2.0268787743944369e-10,1.4124157548892069e-04,1.4124382029048838e-04,-2.2448015676932841e-09,2.7836685992019383e-12,0
1987,-4.6817426528045814e-11,-3.7109029750961175e-05,-3.7111523785469842e-05,2.4940345086667238e-09,2.8612772873134746e-12,0
1988,2.0669117171615482e-10,-4.3514955237130420e-05,-4.3520409279016125e-05,5.4540418857040580e-09,1.6336296564380229e-11,0
1989,4.4887448539232543e-12,-1.7450428161378060e-06,-1.7461862651885808e-06,1.1434490507747944e-09,1.0475139447021639e-11,0
1990,-4.6070579981293436e-10,-1.7893820117915842e-04,-1.7891818141942844e-04,-2.0019759729974704e-08,1.8645934593959062e-11,0
1991,-5.8432127329295202e-10,-5.8447977568064358e-07,-5.6780171852498380e-07,-1.6678057155659781e-08,2.0743215204013176e-11,0
1992,-8.6726115696728550e-11,9.4815906029843645e-05,9.4811351896578104e-05,4.5541332655408932e-09,1.3218050434809673e-11,0
1993,-4.6519454466767285e-10,-1.7719317860132727e-04,-1.7717318436749130e-04,-1.9994233835967691e-08,1.6290284340191629e-11,0
1994,-5.8881001814853884e-10,1.1605972904515233e-06,1.1777213099827777e-06,-1.7124019531254410e-08,1.6838392381534701e-11,0
1996,-1.2361547358051874e-10,1.7835372033346325e-04,1.7835226900339525e-04,1.4513300680067502e-09,1.6998279467116079e-11,0
1997,3.7397968351170079e-10,2.7375413392920558e-04,2.7373296756947815e-04,2.1166359727431416e-08,1.4087676440036797e-11,0
1998,4.9759515717015708e-10,9.5400397917690810e-05,9.5383587519752227e-05,1.6810397938582717e-08,1.5481217044493330e-11,0
1999,9.3308510728861762e-11,-4.3526831508309692e-05,-4.3521893583112031e-05,-4.9379251976610478e-09,4.5313755663913835e-11,0
2000,-6.3826265465939384e-11,-1.5478455989897943e-05,-1.5488355328394232e-05,9.8993384962889222e-09,6.2754053243777995e-11,0
2002,-3.2115487597183395e-10,4.7467586581754779e-06,4.7423249196231594e-06,4.4337385523185281e-09,1.4752228592157977e-11,0
2004,2.7036562635278329e-10,-4.3487113161110730e-05,-4.3519801625259067e-05,3.2688464148336854e-08,6.8105641205788799e-12,0
2005,4.5071896753805772e-10,-5.8392976262544756e-06,-5.8696982389922911e-06,3.0400612737815517e-08,6.4173157212569047e-12,0
2006,4.5384017154221744e-10,-7.5823264306483637e-06,-7.5897500899188142e-06,7.4236592704505076e-09,3.9998260459403531e-12,0
2008,3.5237985946603059e-10,-1.8475314850602016e-04,-1.8476218922483899e-04,9.0407188188393935e-09,6.6540715547574071e-12,0
2009,2.1070294925874129e-10,-6.4113071862595059e-06,-6.4116878465896841e-06,3.8066033017827958e-10,7.3537456776588289e-12,0
2010,3.6147204350657550e-10,-2.3076073048957854e-05,-2.3065803571068709e-05,-1.0269477889145580e-08,3.2085306048728467e-11,0
2011,3.1264011570233493e-10,8.8969388202587638e-05,8.8968710590453144e-05,6.7761213449395261e-10,6.3697244433279182e-12,0
2012,1.6035377922994045e-10,-4.3522897744452827e-05,-4.3521289463115463e-05,-1.6082813373638895e-09,3.6830227387069051e-12,0
2013,2.6098984773210351e-10,1.2819152487419678e-05,1.2820140685537553e-05,-9.8819811787504938e-10,6.6599135949806290e-12,0
2014,-4.8445281375697992e-10,-8.1165134254955473e-06,-8.0845457220900293e-06,-3.1967703405517996e-08,7.2599559162546925e-12,0
2015,-3.3733845772350001e-11,-1.3955837965337267e-05,-1.3916947392544759e-05,-3.8890572792508440e-08,1.4538309964609704e-11,0
2016,-3.0612641764486537e-11,-1.5698804058134064e-05,-1.5664020025606849e-05,-3.4784032527215077e-08,8.7084652942877549e-12,0
2018,-1.3207295429157178e-10,-1.9286969813962079e-04,-1.9281177654258689e-04,-5.7921597033906095e-08,1.5872565214379827e-11,0
2019,-2.7374986461279239e-10,-1.4527777674555251e-05,-1.4473267454568446e-05,-5.4510219986804372e-08,1.8720545805872009e-11,0
2020,-1.2298076984311265e-10,-3.1192648311580834e-05,-3.1142369585259445e-05,-5.0278726321389164e-08,7.0332200559204669e-11,0
2021,-1.7181269764537608e-10,8.0852889439713901e-05,8.0895822281666806e-05,-4.2932841952904506e-08,1.3837002067878120e-11,0
2022,-3.2409903467114224e-10,-5.1639392142164252e-05,-5.1596889393907980e-05,-4.2502748256271756e-08,8.6364430486127636e-12,0
2023,-2.2346296548813665e-10,4.7026601357261222e-06,4.7435379787022114e-06,-4.0877842976089203e-08,1.3158611504861085e-11,0
2024,3.1212040059184772e-12,-1.7430252731593521e-06,-1.7461219323372413e-06,3.0966591778892787e-09,3.1599527979168612e-12,0
2026,-9.8339108121930967e-11,-1.7891385984338242e-04,-1.7891238749186497e-04,-1.4723515174533582e-09,5.5505525314472414e-12,0
2027,-2.4001601834053473e-10,-5.7202443422060475e-07,-5.6355548779782794e-07,-8.4689464227768126e-09,6.3447356294647067e-12,0
2028,-8.9246924034602474e-11,-1.7236825639354095e-05,-1.7234787134741374e-05,-2.0385046127208270e-09,2.3311444583886019e-11,0
2029,-1.3807885183851342e-10,9.4808683159543737e-05,9.4811205078449256e-05,-2.5219189055185288e-09,5.6468061212815235e-12,0
2030,-2.9036518837302794e-10,-3.7683602740161979e-05,-3.7670545974223538e-05,-1.3056765938441041e-08,3.5360690267923757e-12,0
2031,-1.8972911979387154e-10,1.8658459484557997e-05,1.8662410143500182e-05,-3.9506589421850653e-09,1.2268308032380805e-11,0
2033,-1.0146031213025757e-10,-1.7717082824484851e-04,-1.7716747347318535e-04,-3.3547716631575353e-09,3.2021080436581198e-12,0
2034,-2.4313722235378625e-10,1.1710042169686859e-06,1.1818452032549334e-06,-1.0840986286247571e-08,3.7367694374735792e-12,0
2035,-9.2368128040734269e-11,-1.5493849341930658e-05,-1.5488706734446869e-05,-5.1426074837890474e-09,1.6098228546728651e-11,0
2036,-1.4120005584419300e-10,9.6551712332361775e-05,9.6557467172812700e-05,-5.7548404509252847e-09,2.4906878181409736e-12,0
2037,-2.9348639238617731e-10,-3.5940570850545150e-05,-3.5926384005011601e-05,-1.4186845533548846e-08,2.2169058397467535e-12,0
2038,-1.9285032379625034e-10,2.0401473837134212e-05,2.0405104175625576e-05,-3.6303384913638080e-09,7.9275261561549658e-12,0
2045,-1.4167691028800530e-10,1.7834182972452546e-04,1.7835072261501389e-04,-8.8928904884248965e-09,5.4740915179793536e-12,0
2046,-3.9739743476781351e-11,2.7372251364976043e-04,2.7372699579139499e-04,-4.4821416345683200e-09,5.3627644145683189e-12,0
2047,-1.9202608033645710e-10,1.4123024906998296e-04,1.4124213151958537e-04,-1.1882449602414928e-08,3.2762869368834780e-12,0
2048,-9.1390011355681040e-11,1.9757230259303399e-04,1.9755645275361237e-04,1.5849839421619091e-08,1.3111172510155197e-11,0
2049,1.0193716664115179e-10,9.5380704354702112e-05,9.5379168672422840e-05,1.5356822792713743e-09,6.1926428272769994e-12,0
2050,-5.0349170041571963e-11,-3.7111579825541250e-05,-3.7111604775011921e-05,2.4949470671408770e-11,3.5939320119843593e-12,0
2051,5.0286898718179289e-11,1.9230479790136729e-05,1.9213601113610304e-05,1.6878676526424139e-08,1.4383997012075425e-11,0
2052,-9.0921839227498110e-12,-1.6167709961255414e-04,-1.6168228475104516e-04,5.1851384910153123e-09,2.9252777463226206e-11,0
2053,-1.5076909409855898e-10,1.6664870409846197e-05,1.6665298187197489e-05,-4.2777735129197994e-10,3.7962621023967388e-11,0
2054,-4.8831927805178101e-11,1.1204550433248904e-04,1.1204348238132973e-04,2.0219511593055602e-09,2.9324360038343839e-11,0
2055,-2.0111826412043564e-10,-2.0446779241100818e-05,-2.0441954816503928e-05,-4.8244245968905855e-09,2.0700499607170465e-11,0
2056,-1.0048219581001584e-10,3.5895145148753620e-05,3.5886816860859310e-05,8.3282878943094583e-09,6.6222893433096441e-11,0
2057,-1.5228633618331108e-10,-1.3249228156579380e-04,-1.3248806868839611e-04,-4.2128773976844204e-09,3.6618641452509464e-12,0
2059,1.0063606868094409e-10,5.6342055164019210e-05,5.6331591537679957e-05,1.0463626339252922e-08,7.2837129852452070e-12,0
2060,4.5782413726755640e-12,-1.7443955292528257e-06,-1.7460665387418336e-06,1.6710094890078916e-09,5.9247504436788292e-12,0
2061,-3.5484952729713957e-10,-1.7893057063358021e-04,-1.7891497171128583e-04,-1.5598922294374033e-08,2.3074082909362162e-11,0
2062,-4.7687914368658559e-10,-5.7870295824997975e-07,-5.6650381160263848e-07,-1.2199146647341266e-08,2.4515832503794101e-11,0
2063,-9.1651516282025030e-11,-1.7233222149463066e-05,-1.7234779902856077e-05,1.5577533930102351e-09,3.8486778744530053e-11,0
2064,-1.0963147404402212e-10,9.4814577071919036e-05,9.4811782859326963e-05,2.7942125920726087e-09,1.4465156035502660e-11,0
2065,-3.5942776867759531e-10,-1.7718613419747536e-04,-1.7717012167220547e-04,-1.6012525269891746e-08,1.4821826826263238e-11,0
2066,-4.8145738506625122e-10,1.1656527949587339e-06,1.1788148539333596e-06,-1.3162058974625697e-08,1.6789683802099720e-11,0
2067,-9.6229757652350518e-11,-1.5488823202579154e-05,-1.5488752803021097e-05,-7.0399558056743246e-11,2.9526009871048066e-11,0
2068,-1.1420971541582939e-10,9.6558986452027816e-05,9.6557986129013290e-05,1.0003230145258502e-09,6.0391207944438253e-12,0
2069,-1.2202961639816274e-10,1.7835182477462922e-04,1.7835035911138746e-04,1.4656632417605307e-09,1.0331322113300027e-11,0
2070,2.4521805281133296e-10,2.7374511857462033e-04,2.7373014354363550e-04,1.4975030984828389e-08,2.2395645184284975e-11,0
2071,3.6724766935635537e-10,9.5393336820303026e-05,9.5382682932124713e-05,1.0653888178312480e-08,2.5440478301316219e-11,0
2072,-2.6319801093101733e-10,-1.6169739788922735e-04,-1.6168487926793284e-04,-1.2518621294509103e-08,7.0539473565417106e-11,0
2073,-3.8522762732433584e-10,1.6654472324866346e-05,1.6662360040428780e-05,-7.8877155624340817e-09,1.0482388607686865e-10,0
2074,-1.7979957774559149e-11,1.1204776162519921e-04,1.1204405996602397e-04,3.7016591752399427e-09,5.1823414144691210e-11,0
2076,1.0611018711292729e-10,1.2796016708688934e-05,1.2818159157376065e-05,-2.2142448687130912e-08,1.8084650654820610e-11,0
2077,-3.3103275704619602e-10,-8.0515735544281486e-06,-8.0826083878109057e-06,3.1034833382757079e-08,1.8300542885839690e-11,0
2079,-2.2492257090250387e-10,4.7444515145983815e-06,4.7435212036305977e-06,9.3031096778374930e-10,1.8419425216908477e-11,0
2081,3.8503985650250143e-10,-7.6024031499134087e-06,-7.5907785678710337e-06,-1.1624582042374986e-08,1.6581169945387096e-11,0
2082,2.6636440072943713e-10,8.8952376957641965e-05,8.8968358305944667e-05,-1.5981348302701657e-08,2.2849116081830113e-11,0
2084,-1.1867545581889877e-10,9.6554725558675204e-05,9.6558065789002385e-05,-3.3402303271809443e-09,9.2119575162558992e-12,0
2085,-4.5013932899451210e-10,-3.5948691709438915e-05,-3.5928492835620457e-05,-2.0198873818458155e-08,8.1788704376697034e-12,0
2086,-3.3146387298200755e-10,-1.3250344195286663e-04,-1.3249075662609311e-04,-1.2685326773520045e-08,1.9891212559135333e-11,0
2088,3.4138870304164759e-10,-5.8834482823226508e-06,-5.8710540976113370e-06,-1.2394184711313868e-08,2.0412919117173377e-11,0
2089,3.4530006588760928e-10,-7.6270292947121232e-06,-7.5913539964049811e-06,-3.5675298307142090e-08,1.1834953893025313e-11,0
2091,1.9359852243197610e-10,-1.8480662731760848e-04,-1.8476285956082884e-04,-4.3767756779646222e-08,1.8449599637791068e-11,0
2092,5.8970443068114260e-11,-6.4561881015518657e-06,-6.4138402653651552e-06,-4.2347836186710510e-08,1.8694091529675068e-11,0
2093,1.9830544239666444e-10,8.8929795258114314e-05,8.8967618714706764e-05,-3.7823456592450677e-08,1.5879405134914664e-11,0
2094,3.9113628428623918e-12,-1.7435387534295370e-06,-1.7460169663620060e-06,2.4782129324690633e-09,8.6673331894462766e-12,0
2095,3.5622432752484339e-11,1.6097580358283639e-05,1.6089915609416835e-05,7.6647488668039356e-09,4.1255555586224911e-11,0
2096,-1.4779017962627118e-10,-1.7892315198610002e-04,-1.7891147883812808e-04,-1.1673147971944398e-08,1.7908050797097112e-11,0
2097,-2.8241825881546335e-10,-5.7272368114355543e-07,-5.6410904738587319e-07,-8.6146337576822410e-09,1.4299857520550516e-11,0
2098,-1.4308326061077745e-10,9.4813287919633896e-05,9.4811716684182158e-05,1.5712354517379836e-09,1.3268950651191003e-11,0
2100,-1.5170154247664231e-10,-1.7717960978508567e-04,-1.7716669167748577e-04,-1.2918107599900128e-08,1.0289652051486108e-11,0
2101,-2.8632962166888558e-10,1.1708179095681892e-06,1.1811187732638538e-06,-1.0300863695664547e-08,1.1914971553172641e-11,0
2102,-1.4699462345372083e-10,9.6556834189975588e-05,9.6557865064210170e-05,-1.0308742345811663e-09,6.6640181763977574e-12,0
2106,-1.3462807924297039e-10,1.7835042502828530e-04,1.7834926193346169e-04,1.1630948236051198e-09,1.2626989639284284e-11,0
2107,4.7069193032521166e-12,2.7373645230925874e-04,2.7372656241459484e-04,9.8898946639049308e-09,1.5299035311768225e-11,0
2108,1.3933499856491662e-10,9.5386029476277577e-05,9.5380203636160111e-05,5.8258401174662551e-09,1.7440897946517773e-11,0
2109,-1.6250798612128430e-10,4.7479933737086359e-06,4.7442980006795661e-06,3.6953730290698638e-09,1.8008171186441297e-11,0
2110,3.8137707252740337e-10,1.2838583129545778e-05,1.2821395260203333e-05,1.7187869342444789e-08,1.0740976527046164e-11,0
2111,-4.8044539518341705e-10,-8.1165444507300122e-06,-8.0843599493001914e-06,-3.2184501429820817e-08,1.0756812854028617e-11,0
2112,-9.9068321899307305e-11,4.7220467280944568e-06,4.7450858593822246e-06,-2.3039131287767795e-08,1.3849257872788408e-11,0
2113,-6.5150249902478223e-10,-1.7717772314936801e-04,-1.7717201588378844e-04,-5.7072655795689479e-09,2.6598155881500930e-12,0
2114,-1.1495539785191140e-10,-1.5484809301049640e-05,-1.5488979316789407e-05,4.1700157397664601e-09,8.0903218213647404e-12,0
2115,-9.7550183482860089e-11,9.6564659241819492e-05,9.6558770518265016e-05,5.8887235544763253e-09,1.4874558111131871e-12,0
2116,-7.3789914764673128e-10,-3.5923593407703389e-05,-3.5932291819524533e-05,8.6984118211440981e-09,2.0537062635640221e-12,0
2117,5.5395231586931565e-10,2.7374237254517071e-04,2.7373276129432240e-04,9.6112508483100871e-09,4.0990553573393957e-12,0
2118,-8.6396648579448030e-11,1.4125413379576651e-04,1.4124081152885491e-04,1.3322266911603570e-08,2.0882493431619230e-12,0
2119,-5.3654710140900206e-10,-1.6169300916754671e-04,-1.6168652308867358e-04,-6.4860788731287231e-09,1.6316699034532670e-11,0
2120,1.7405214406385416e-11,1.1204937505409187e-04,1.1204511025853051e-04,4.2647955613545584e-09,1.5366846362748221e-11,0
2121,-6.2294374999660026e-10,-2.0438833560511641e-05,-2.0447561405367529e-05,8.7278448558889021e-09,1.7295029283506643e-11,0
2122,-6.4034896472071891e-10,-1.3248825495126675e-04,-1.3249523328585962e-04,6.9783345928761242e-09,3.2341857854866743e-12,0
2123,-4.3248868990335033e-10,-8.0808670721655221e-06,-8.0837283496180279e-06,2.8612774525057930e-09,2.4408307133906946e-11,0
2124,4.1137466099610386e-12,-1.7432389227822883e-06,-1.7459040473505921e-06,2.6651245683037370e-09,8.7112150184752147e-12,0
2125,-1.2720708473463571e-10,9.4813996133060168e-05,9.4812579121457820e-05,1.4170116023485071e-09,1.4680549175744872e-11,0
2126,-4.2433943453747650e-10,-3.7686162200823619e-05,-3.7672658225416400e-05,-1.3503975407218370e-08,9.6467681373748027e-12,0
2127,1.5430939733362764e-11,1.8706865250414997e-05,1.8665498417788048e-05,4.1366832626949331e-08,3.2942665048590042e-11,0
2128,-1.3132083134536451e-10,9.6557254160807137e-05,9.6558604432939497e-05,-1.3502721323596211e-09,6.9260989168619919e-12,0
2129,-4.2845318115846056e-10,-3.5942914529125134e-05,-3.5928585702275795e-05,-1.4328826849338756e-08,5.6967455691367691e-12,0
2130,1.1317193124746263e-11,2.0450111657655326e-05,2.0408019572706986e-05,4.2092084948340276e-08,2.2834836896122708e-11,0
2131,-2.9713234959296253e-10,-1.3250017277012592e-04,-1.3249134564102453e-04,-8.8271291013935181e-09,9.3185985120252628e-12,0
2132,1.4263802437287230e-10,-7.6107124680540802e-05,-7.6149724920136647e-05,4.2600239595844418e-08,2.7133831806145586e-11,0
2133,4.3977037411387671e-10,5.6393021224090262e-05,5.6336508802253799e-05,5.6512421836463103e-08,2.2661579340347576e-11,0
2134,1.4665418820119684e-10,-4.3524530685947090e-05,-4.3522272137221016e-05,-2.2585487260731968e-09,2.6666830684893436e-11,0
2135,-5.0300659041267184e-10,-1.7718810177199534e-04,-1.7716883002991831e-04,-1.9271742077029341e-08,1.1464974747753235e-11,0
2136,-8.0493300813838128e-11,9.6562914684060605e-05,9.6559431545509717e-05,3.4831385508878650e-09,8.6800014072298835e-12,0
2137,4.2251328906198013e-10,2.7375102917549625e-04,2.7373018912849869e-04,2.0840046997556289e-08,2.1366637897659102e-11,0
2138,-1.4755570654803807e-10,2.1730010149679027e-06,2.1675806205595972e-06,5.4203944083055136e-09,2.0061022082086889e-11,0
2139,-3.3822587990302866e-10,4.7459666870507296e-06,4.7421239131956313e-06,3.8427738550983028e-09,1.9201508302860275e-11,0
2140,-1.9067017310383579e-10,2.5730066786503261e-06,2.5700398669713341e-06,2.9668116789919920e-09,1.8217018425821581e-11,0
2141,1.3880550830892143e-10,-4.3524882818812491e-05,-4.3522439777607445e-05,-2.4430412050454285e-09,2.3280028613606274e-11,0
2142,4.3424992568383737e-12,-1.7459100444740819e-06,-1.7458314475261531e-06,-7.8596947928838984e-11,9.7903737737300009e-12,0
2143,-6.2085485792568354e-10,-1.7893553201671006e-04,-1.7891446420999170e-04,-2.1067806718361864e-08,1.7901126657138262e-11,0
2144,-7.3880289923048459e-10,-5.8662227251683741e-07,-5.6982135707642471e-07,-1.6800915440412692e-08,1.8085594648773993e-11,0
2145,-6.2708932555495156e-11,-1.7230796535684439e-05,-1.7234184689642921e-05,3.3881539584816806e-09,1.0193592476065956e-10,0
2146,-4.7123212809800540e-11,9.4827448650995280e-05,9.4813992813830593e-05,1.3455837164687507e-08,2.0283474664470647e-11,0
2147,-6.2519735718421836e-10,-1.7718963114424398e-04,-1.7716990401475848e-04,-1.9727129485502815e-08,9.8062873488862759e-12,0
2148,-7.4314539848456825e-10,1.1592493370932155e-06,1.1750923864575429e-06,-1.5843049364327410e-08,1.1173342511415413e-11,0
2149,-6.7051431814205712e-11,-1.5484915470604125e-05,-1.5488379333173073e-05,3.4638625689474112e-09,5.9494363168457721e-11,0
2150,-5.1465712066373067e-11,9.6573295963445997e-05,9.6559939112418874e-05,1.3356851027122862e-08,1.0472071750045554e-11,0
2151,-1.1794804155490728e-10,1.7834888450850121e-04,1.7834653789562061e-04,2.3466128806000786e-09,1.6521288586748944e-11,0
2152,5.7373164499384705e-10,2.7376293462351084e-04,2.7373175513755848e-04,3.1179485952359618e-08,1.7785702289019596e-11,0
2153,6.9167968651580928e-10,9.5414058722110770e-05,9.5388134897133030e-05,2.5923824977739512e-08,2.0793694344651336e-11,0
2155,-6.7609396666205739e-10,1.6644176186686455e-05,1.6658558297804812e-05,-1.4382111118357854e-08,1.0041876320657425e-10,0
2157,4.4633677122593623e-10,1.0254897930869755e-05,1.0258689065932618e-05,-3.7911350628629711e-09,8.8005327493048196e-12,0
2158,1.5577020687039317e-10,-4.3524455099678075e-05,-4.3522314807326035e-05,-2.1402923520400137e-09,4.3947152584153003e-12,0
2159,3.1812914694570420e-10,1.2822120829193012e-05,1.2820382616150364e-05,1.7382130426480465e-09,7.3924340220355367e-12,0
2160,-2.9056656466350475e-10,-5.3779352993388969e-05,-5.3755428526797871e-05,-2.3924466591098044e-08,7.5117289779463371e-12,0
2161,-1.2820762430873670e-10,2.5672372281314304e-06,2.5708233475610663e-06,-3.5861194296358612e-09,1.5514652075182730e-11,0
2162,1.6235894027512945e-10,5.6346587155026943e-05,5.6333353894618340e-05,1.3233260408602857e-08,8.0297402404055828e-12,0
2163,5.4782783186182238e-12,-1.7480651070431402e-06,-1.7457855096175971e-06,-2.2795974255431705e-09,7.3955444672480244e-12,0
2164,-1.0557424288178518e-09,-1.7892501583493398e-04,-1.7891934807522835e-04,-5.6677597056278319e-09,1.8204907707275042e-11,0
2165,3.3947465544385346e-11,9.4829318734161727e-05,9.4815190219296294e-05,1.4128514865433353e-08,1.5631302620090712e-11,0
2166,-1.0612207071427573e-09,-1.7717693999772920e-04,-1.7717484114522630e-04,-2.0988525029021123e-09,1.0313179836803433e-11,0
2167,2.8469187221467136e-11,9.6577363110657462e-05,9.6561087651880057e-05,1.6275458777405011e-08,7.9581807727850138e-12,0
2168,1.0896898945554140e-09,2.7375433204386568e-04,2.7373782424893438e-04,1.6507794931301580e-08,1.8587036522641477e-11,0
2169,7.5338813239322895e-11,2.1764347144983404e-06,2.1703601296992859e-06,6.0745847990544132e-09,2.2455023122437231e-11,0
2170,3.9891507062840142e-10,-3.1087978652057785e-05,-3.1136775274588845e-05,4.8796622531060106e-08,4.4748734951073702e-11,0
2171,-1.2697512042140185e-10,4.7467305237585897e-06,4.7447456515647221e-06,1.9848721938675376e-09,1.4514759932078925e-11,0
2172,3.2357625744752104e-10,-3.3264313517323077e-05,-3.3322266071320796e-05,5.7952553997718688e-08,7.7062440395626725e-11,0
2173,-2.0231393373016121e-10,2.5702981895285408e-06,2.5699121466131769e-06,3.8604291536394985e-10,2.0643511040037552e-11,0
2174,-5.2589019202025914e-10,3.5834779307276909e-05,3.5882312559558747e-05,-4.7533252281837396e-08,4.7015578913453143e-11,0
2175,2.4440064609363780e-10,-6.3920102615546565e-06,-6.4121826844252847e-06,2.0172422870628267e-08,3.2966056071185491e-11,0
2176,1.8996398035336389e-10,-4.3514949057080893e-05,-4.3522001138916822e-05,7.0520818359296475e-09,1.5108201666228451e-11,0
2177,-5.4436665698064875e-11,-3.7122961301416183e-05,-3.7111767105993253e-05,-1.1194195422929698e-08,1.1635071211154095e-11,0
2178,1.7696821463107725e-09,1.7861505521632459e-05,1.7859249997558380e-05,2.2555240740789449e-09,1.2193962778939460e-11,0
2179,2.3763833760270890e-10,-6.4041234606616176e-06,-6.4123187989953190e-06,8.1953383337013451e-09,1.1482837463148430e-11,0
2180,1.8339639466598114e-10,-4.3519908299214163e-05,-4.3522144350088571e-05,2.2360508744080632e-09,6.1602772449868466e-12,0
2181,-5.4241942920118065e-11,-3.7115787489766863e-05,-3.7111771082219835e-05,-4.0164075470284838e-09,3.8134009119909414e-12,0
2182,-7.4034476901292610e-11,-3.1150871368067733e-05,-3.1142812428957931e-05,-8.0589391098019364e-09,6.0957938604666999e-11,0
2183,-5.1996160701419270e-10,4.7464201733384763e-06,4.7398742009256441e-06,6.5459724128321743e-09,1.9149304782580338e-11,0
2184,-4.4592712996921623e-10,3.5897216052623721e-05,3.5883455229428814e-05,1.3760823194906152e-08,6.1541011017516942e-11,0
2185,1.2161482318699569e-10,-6.4188270616956377e-06,-6.4138821789404963e-06,-4.9448827551414309e-09,4.6582587043936321e-11,0
2186,7.3849276433694548e-11,-4.3529197517177144e-05,-4.3523650078641156e-05,-5.5474385359877490e-09,3.1104732098891290e-11,0
2187,-4.7765546756357067e-11,-3.7110408336294386e-05,-3.7111705995039208e-05,1.2976587448224009e-09,2.2729946338184638e-11,0
2188,7.1855951326138268e-12,-1.7460185572640976e-06,-1.7456844118383930e-06,-3.3414542570468211e-10,4.5689475059970910e-12,0
2189,4.4229839890411635e-10,1.6100649511819123e-05,1.6095706718712222e-05,4.9427931069017620e-09,2.8715284537889564e-11,0
2190,-3.4415655650850482e-10,-1.7891655516743318e-04,-1.7890924518375195e-04,-7.3099836812222461e-09,1.3353100994899024e-11,0
2191,-1.7053042578359446e-10,9.4817453370237264e-05,9.4813136174734807e-05,4.3171955024573147e-09,8.8788565218842764e-12,0
2192,4.3511280378366430e-10,1.7846733904734041e-05,1.7842782549940104e-05,3.9513547939373425e-09,1.0809119427887491e-11,0
2193,-3.5134215163308269e-10,-1.7717054261287037e-04,-1.7716485773726479e-04,-5.6848756055795195e-09,5.4653644786821042e-12,0
2194,-1.7771602091043762e-10,9.6563464619179315e-05,9.6558925162354040e-05,4.5394568252748926e-09,3.6642138770686523e-12,0
2195,-7.8645495974310280e-10,-1.9501724208043384e-04,-1.9499480346753411e-04,-2.2438612899737748e-08,2.9200181588623353e-11,0
2196,-6.1282882629168924e-10,7.8716749196031111e-05,7.8710313544786187e-05,6.4356512449232793e-09,2.0016627519643401e-11,0
2197,1.7362613272877591e-10,2.7373400558079394e-04,2.7372563680269743e-04,8.3687780965107511e-09,9.3357427623872703e-12,0
2198,-3.5637269044371976e-10,4.7485047532532486e-06,4.7419046471072453e-06,6.6001061460033142e-09,3.3543896790838033e-11,0
2199,6.9853253921402852e-12,-1.7464788099527471e-06,-1.7456358923173530e-06,-8.4291763539413515e-10,2.5062451621731479e-12,0
2201,-6.9195815919888378e-10,-1.7891947741258650e-04,-1.7891274279363930e-04,-6.7346189472025121e-09,1.0363183972900379e-11,0
2202,-7.8443704906900059e-10,-5.6796059945754540e-07,-5.7043468325982926e-07,2.4740838022838620e-09,9.2382994231385350e-12,0
2203,-1.0388033652072871e-10,-1.7231413603919273e-05,-1.7234533681445822e-05,3.1200775265486139e-09,2.3495651787641473e-11,0
2204,-8.2047416241411859e-11,9.4819136736535182e-05,9.4814540944534586e-05,4.5957920005962154e-09,4.9300786778685391e-12,0
2205,-7.8289761657894239e-10,-3.7670733687754712e-05,-3.7677614784418393e-05,6.8810966636807260e-09,8.5290321208943566e-12,0
2207,-6.9894348458585526e-10,-1.7717299329551460e-04,-1.7716841559938001e-04,-4.5776961345904768e-09,4.1624444909146989e-12,0
2208,-7.9142237446281513e-10,1.1785157173101191e-06,1.1741673564239610e-06,4.3483608861580237e-09,3.9157537018119996e-12,0
2209,-1.1086566191360249e-10,-1.5485012645336362e-05,-1.5488914751482333e-05,3.9021061459716146e-09,1.1082324498308125e-11,0
2210,-8.9032741624999280e-11,9.6565630226880510e-05,9.6560276724086595e-05,5.3535027939155934e-09,2.0124203094507168e-12,0
2211,-7.8988294197272488e-10,-3.5924245098274687e-05,-3.5933665128944668e-05,9.4200306699804997e-09,3.3503103053475323e-12,0
2216,-9.2478889822815721e-11,1.7835149352096909e-04,1.7834420577314298e-04,7.2877478261108505e-09,6.5673130144127347e-12,0
2217,6.0991074334473035e-10,2.7373861159842971e-04,2.7373051971251659e-04,8.0918859131210753e-09,7.7163654724652649e-12,0
2218,-9.0939457308832200e-11,1.4124874999160361e-04,1.4123592140329795e-04,1.2828588305660365e-08,4.5018976525276619e-12,0
2219,7.0238963407330596e-10,9.5387103641772844e-05,9.5389244695058342e-05,-2.1410532854976424e-09,7.3134247882105288e-12,0
2220,1.5394325731197063e-12,-3.7102765528159755e-05,-3.7111113712873798e-05,8.3481847140427085e-09,4.9012395522856951e-12,0
2221,-5.8807782286167063e-10,-1.6168808473852327e-04,-1.6168292949057776e-04,-5.1552479455186772e-09,4.1054377912119424e-11,0
2222,-6.8055671270767348e-10,1.6663552579130117e-05,1.6658369888201440e-05,5.1826909286768264e-09,4.0399290459952921e-11,0
2223,2.1832920314691629e-11,1.1205062847489890e-04,1.1204664738073686e-04,3.9810941620404845e-09,2.3490764304416947e-11,0
2224,-6.7901728020667871e-10,-2.0439274116905090e-05,-2.0448946634411597e-05,9.6725175065064638e-09,3.6692388922349196e-11,0
2225,-7.0085020076385009e-10,-1.3248987244556497e-04,-1.3249802722037929e-04,8.1547748143203595e-09,6.2047083645276632e-12,0
2226,4.0941367799237526e-10,1.2845898763803876e-05,1.2821260443470784e-05,2.4638320333092141e-08,1.0097165929849577e-11,0
2227,-4.9457322575785975e-10,-8.1364170366991784e-06,-8.0842597530970198e-06,-5.2157283602158531e-08,1.0151241446539725e-11,0
2228,-8.5159547040392997e-11,4.7094891539463911e-06,4.7452688758110493e-06,-3.5779721864658181e-08,1.3844021518367473e-11,0
2229,2.5155632617307086e-10,-4.3481010624176614e-05,-4.3521722209398844e-05,4.0711585222230401e-08,8.1489761342660676e-12,0
2230,3.5600720864506295e-12,-1.7417118891143986e-06,-1.7456430005646737e-06,3.9311114502750546e-09,2.2488964975224488e-11,0
2231,-4.4801657604944716e-10,-1.7896288136579411e-04,-1.7890915191149919e-04,-5.3729454294921966e-08,2.2117267843092604e-11,0
2232,-5.7989648232580138e-10,-6.1945946783215078e-07,-5.6790837286396130e-07,-5.1551094968189476e-08,2.2818239732878491e-11,0
2233,-6.5298856043270886e-11,-1.7248143468673229e-05,-1.7234020100942949e-05,-1.4123367730280634e-08,6.1654712448199473e-11,0
2234,-7.1541785306238595e-11,9.4811735012172746e-05,9.4814884441318405e-05,-3.1494291456588214e-09,1.9285581812600786e-11,0
2235,-4.5157664813756787e-10,-1.7722117105359314e-04,-1.7716482574546745e-04,-5.6345308125694844e-08,1.8885426031363178e-11,0
2236,-5.8345655441042550e-10,1.1222281263538469e-06,1.1766755374872663e-06,-5.4447411133419329e-08,1.8531297448761320e-11,0
2237,-6.8858928125900195e-11,-1.5506480817815017e-05,-1.5488392079184503e-05,-1.8088738630513856e-08,6.9417999789453492e-11,0
2238,-7.5101857389834814e-11,9.6553443707363693e-05,9.6560624077673732e-05,-7.1803703100388949e-09,1.6647196974905795e-11,0
2239,-1.3187990646325252e-10,1.7834341796914787e-04,1.7834314177069940e-04,2.7619844847098958e-10,9.6847038442209918e-12,0
2241,5.0835469662620145e-10,9.5431208009942592e-05,9.5387050656606365e-05,4.4157353336227319e-08,1.6542244616600596e-11,0
2242,-3.8271771996828432e-10,-1.6171480751592422e-04,-1.6167985509401672e-04,-3.4952421907501544e-08,6.1573828250155509e-11,0
2243,-5.1459762626066961e-10,1.6628694909627539e-05,1.6660399115557728e-05,-3.1704205930188666e-08,6.3872466671502581e-11,0
2244,-6.2429292743855142e-12,1.1205983153884653e-04,1.1204648396435784e-04,1.3347574488696014e-08,6.2731518551082714e-11,0
2246,-1.7156597915322659e-10,4.7472852399599481e-06,4.7441989785467095e-06,3.0862614132386279e-09,1.3745202663487360e-11,0
2248,4.4222386523781660e-10,-7.5949349646262099e-06,-7.5912352716374660e-06,-3.6996929887438964e-09,2.7318801580510444e-11,0
2249,-7.8001759774243357e-11,-4.3547735325260434e-05,-4.3525909751646122e-05,-2.1825573614312193e-08,3.0516064908648873e-11,0
2250,-5.2022562485375780e-10,-3.5952794761148071e-05,-3.5930467002973913e-05,-2.2327758174158321e-08,8.4374199033539643e-12,0
2251,6.5826502719000070e-10,-5.8451611814631238e-06,-5.8671243577790317e-06,2.1963176315907925e-08,2.8933658609853973e-11,0
2252,6.6104137750611846e-10,-7.5892480870497214e-06,-7.5886232638911437e-06,-6.2482315857768396e-10,1.5103381131508840e-11,0
2253,4.0782015445304798e-10,1.0238069438285938e-05,1.0257518085250309e-05,-1.9448646964371406e-08,1.7594392053476557e-11,0
2254,5.5716079646275992e-10,-2.3080663094845067e-05,-2.3064898818529968e-05,-1.5764276315099145e-08,1.1050711799150343e-10,0
2255,4.8399565388617407e-10,8.8966857476119841e-05,8.8972660034341812e-05,-5.8025582219710988e-09,2.0628004137822212e-11,0
2256,2.3092778204765152e-10,1.2809067086581860e-05,1.2818905110750538e-05,-9.8380241686774723e-09,1.3237213773119436e-11,0
2257,-4.5521531075888114e-10,-8.0657890017092615e-06,-8.0836906979618057e-06,1.7901696252544229e-08,1.4772544089758353e-11,0
2258,2.0304971557704774e-10,-1.3911044216082316e-05,-1.3915872917877458e-05,4.8287017951421972e-09,4.7656397038530830e-11,0
2259,2.0582606588833247e-10,-1.5655030808075544e-05,-1.5662416917177153e-05,7.3861091016088373e-09,3.0009523075764998e-11,0
2260,-4.7395157084766104e-11,2.1722482614486630e-06,2.1688998987673906e-06,3.3483626812723326e-09,1.6812750032701702e-11,0
2261,1.0194548493533928e-10,-3.1146449926703658e-05,-3.1141071740086296e-05,-5.3781866173619190e-09,7.7814793297514734e-11,0
2262,2.8780342396249828e-11,8.0901037679587074e-05,8.0899626920503425e-05,1.4107590836498615e-09,3.8113462278574533e-11,0
2263,-2.2428752931778769e-10,4.7432569143463291e-06,4.7435465754781701e-06,-2.8966113184099497e-10,1.2468206819195940e-11,0
2264,2.7763503149167311e-12,-1.7440699593162727e-06,-1.7455937047290549e-06,1.5237454127821929e-09,6.3394936463438780e-12,0
2265,-2.5044487271423276e-10,1.6083297423578891e-05,1.6087488025612073e-05,-4.1906020331819861e-09,2.3681685668602915e-11,0
2267,-1.7426937327116364e-10,9.4812032383832269e-05,9.4813966210515027e-05,-1.9338266827581335e-09,9.4180439854196234e-12,0
2268,-4.2733724508191521e-10,1.8654281753970742e-05,1.8660872529306233e-05,-6.5907753354912881e-09,2.9676281286388371e-11,0
2269,-2.5322122303118519e-10,1.7827387268265840e-05,1.7834473772722469e-05,-7.0865044566283315e-09,1.2880495317378603e-11,0
2271,-1.7704572358639505e-10,9.6556135899452528e-05,9.6559651125973555e-05,-3.5152265210269210e-09,4.8835498723467787e-12,0
2272,-4.3011359539624155e-10,2.0398331110711362e-05,2.0403154917664750e-05,-4.8238069533877823e-09,1.5656313221717525e-11,0
2273,1.4934064203312067e-10,-3.3318749703330729e-05,-3.3324630848883651e-05,5.8811455529226946e-09,6.8882450403608218e-11,0
2274,7.6175499518438029e-11,7.8728776704170729e-05,7.8719480028266800e-05,9.2966759039289637e-09,2.1752810687664488e-11,0
2275,-1.7689237211720531e-10,2.5710217845904479e-06,2.5702949134348255e-06,7.2687115562241109e-10,1.4789558691134148e-11,0
2276,-7.3165142556286515e-11,1.1204756233219827e-04,1.1204596231270244e-04,1.6000194958288184e-09,6.3894283848681928e-11,0
2277,-3.2623301432827403e-10,3.5889456894790117e-05,3.5885327716584318e-05,4.1291782057996320e-09,8.6802561240471368e-11,0
2278,-2.5306787173235382e-10,-7.6157801610811024e-05,-7.6155656807155205e-05,-2.1448036558190152e-09,2.2444114765690825e-11,0
2279,5.5342160971380934e-10,-5.8301622036576947e-06,-5.8684245727916821e-06,3.8262369133987368e-08,9.8759819630609682e-12,0
2280,5.5669743749376364e-10,-7.5718283116914253e-06,-7.5899861144362918e-06,1.8157802744866499e-08,5.1671517061919683e-12,0
2281,3.6391297375207930e-10,-1.8474647765930052e-04,-1.8475443214174830e-04,7.9544824477793298e-09,9.9055259735614354e-12,0
2282,2.0503067794844582e-10,-6.4145229624820721e-06,-6.4133452019573031e-06,-1.1777605247689809e-09,9.4980145716740292e-12,0
2283,4.2023422667820870e-10,8.8976346349116430e-05,8.8971956331989455e-05,4.3900171269744843e-09,8.1321789804503403e-12,0
2284,1.4994172245672762e-10,-4.3525768043471691e-05,-4.3523294484065066e-05,-2.4735594066248247e-09,5.3949987967870258e-12,0
2285,3.2758277812860114e-12,-1.7416713109853527e-06,-1.7455621065869534e-06,3.8907956016007460e-09,4.1755797333566476e-12,0
2286,-1.8950863636723553e-10,-1.7891632464048370e-04,-1.7890459598611736e-04,-1.1728654366347045e-08,8.1997770750650706e-12,0
2287,-3.4839093225581477e-10,-5.8437014869086590e-07,-5.6506193733943595e-07,-1.9308211351429947e-08,8.6407541570509064e-12,0
2288,-1.3318738304718766e-10,9.4806496563234338e-05,9.4814628823732821e-05,-8.1322604984828068e-09,7.7384993921678956e-12,0
2289,-4.0347988776720338e-10,-3.7695611955785441e-05,-3.7673172101462283e-05,-2.2439854323158244e-08,5.1016311438412124e-12,0
2290,-1.9278446415559347e-10,-1.7717463445597825e-04,-1.7716037013371593e-04,-1.4264322262323541e-08,4.0681526323025178e-12,0
2291,-3.5166676004590969e-10,1.1573068725381254e-06,1.1793808434840585e-06,-2.2073970945933136e-08,4.5131158321672232e-12,0
2292,-1.3646321083066699e-10,9.6548174338084887e-05,9.6560279805758015e-05,-1.2105467673127648e-08,3.2822191692422135e-12,0
2293,-4.0675571555665956e-10,-3.5953946387706076e-05,-3.5929221390411891e-05,-2.4724997294185442e-08,2.7913731381001905e-12,0
2294,-1.5888229589645904e-10,1.7833193466997715e-04,1.7834143363962407e-04,-9.4989696469108698e-09,7.3886292612063491e-12,0
2295,5.6321253353741261e-11,2.7372280698826496e-04,2.7372241505615482e-04,3.9193211013883317e-10,7.1145124873626262e-12,0
2296,-2.1397125140848401e-10,1.4122069574877029e-04,1.4123235491449222e-04,-1.1659165721934891e-08,4.6127173074148848e-12,0
2297,2.1520354898620980e-10,9.5390854105988944e-05,9.5383921812768754e-05,6.9322932201896321e-09,7.9120948710821996e-12,0
2298,-5.5088955501353069e-11,-3.7111256131490411e-05,-3.7111857667488758e-05,6.0153599834670288e-10,4.2014634047282279e-12,0
2299,-2.7029250432797112e-10,-1.3250211353531412e-04,-1.3249355043335525e-04,-8.5631019588778157e-09,4.6909928249870478e-12,0
2300,4.0873320402840812e-12,-1.7426959063812517e-06,-1.7455325012792171e-06,2.8365948979654326e-09,1.3328309755958852e-11,0
2301,-2.3632358743965611e-10,-1.7891722462783392e-04,-1.7890486405202640e-04,-1.2360575807519609e-08,2.5237836921242725e-11,0
2302,-1.3958148525605616e-10,9.4815433398973657e-05,9.4814667323591558e-05,7.6607538209902664e-10,2.3803518667030697e-11,0
2303,-2.4041091949109932e-10,-1.7717458665614391e-04,-1.7716067230022273e-04,-1.3914355921179318e-08,1.6051517690712564e-11,0
2304,-1.4366881729766703e-10,9.6558103555565659e-05,9.6560286903931165e-05,-2.1833483655064748e-09,1.0950049265708578e-11,0
2305,9.6742102280177401e-11,2.7373266757747209e-04,2.7372271416221147e-04,9.9534152606193388e-09,2.6508981021751086e-11,0
2306,2.2705032500704606e-10,-6.4045973873563811e-06,-6.4131543942938546e-06,8.5570069374735241e-09,1.1433885228826970e-11,0
2307,1.7372645047925788e-10,-4.3520621810259549e-05,-4.3523096762243593e-05,2.4749519840437640e-09,6.1958238617798370e-12,0
2308,-5.3323874506375560e-11,-3.7116027708790789e-05,-3.7111845840398798e-05,-4.1818683919913648e-09,3.7834677070671732e-12,0
2309,2.3012727078367525e-10,-6.3885993685092179e-06,-6.4131651521871872e-06,2.4565783677969211e-08,2.9607897329710272e-11,0
2310,2.3229126482533320e-12,-1.7432061609433245e-06,-1.7455270246961654e-06,2.3208637528409156e-09,1.9660920941700130e-12,0
2311,-2.5769256525782596e-10,1.6050368100570950e-05,1.6087583321645768e-05,-3.7215221074817878e-08,1.2080708725077865e-11,0
2312,-8.7495359500546723e-11,-1.7254790987747924e-05,-1.7234165008300607e-05,-2.0625979447317006e-08,1.2422512828532114e-11,0
2313,-1.5287467160879671e-10,9.4786013618911903e-05,9.4814667383011245e-05,-2.8653764099341537e-08,3.4890220337504339e-12,0
2314,-2.6001547790664691e-10,1.7793583578883457e-05,1.7834502698544598e-05,-4.0919119661140879e-08,5.7215996396363623e-12,0
2315,-8.9818272148138423e-11,-1.5511679991001611e-05,-1.5488645598079341e-05,-2.3034392922269655e-08,7.1914325623731740e-12,0
2316,-1.5519758425757793e-10,9.6529225604164402e-05,9.6560278971838791e-05,-3.1053367674388510e-08,1.4933227515665499e-12,0
2317,1.7019720573840586e-10,-3.3305035941070399e-05,-3.3324439527628270e-05,1.9403586557871424e-08,7.0603286253937227e-11,0
2318,1.0481789367131931e-10,7.8735629593578577e-05,7.8720144465473823e-05,1.5485128104753779e-08,9.6119541931287642e-12,0
2319,-6.5379312101815763e-11,1.1204083596400320e-04,1.1204643656729195e-04,-5.6006032887528576e-09,1.2987720421127052e-11,0
2320,-1.2549482929419114e-10,1.7834218745130373e-04,1.7834076052904944e-04,1.4269222542917168e-09,4.6408051892766001e-12,0
2321,-1.6097395921020922e-10,1.4123399606618401e-04,1.4123187362326413e-04,2.1224429198754904e-09,2.6248946377507920e-12,0
2322,-3.5479129915512307e-11,-3.7108184116941851e-05,-3.7111637729007017e-05,3.4536120651663949e-09,3.2104277911242725e-12,0
2323,2.7314700809697040e-10,-1.3916871903581066e-05,-1.3915342524025085e-05,-1.5293795559812680e-09,2.3119485044342836e-11,0
2324,2.7667188688930162e-10,-1.5662628825385426e-05,-1.5661780240970795e-05,-8.4858441463036638e-10,9.6182240049158137e-12,0
2325,-1.3187791875324037e-10,2.1723799046909770e-06,2.1678795542070777e-06,4.5003504838992485e-09,1.4645976919945066e-11,0
2326,1.2826820463423377e-10,-3.1149099248534368e-05,-3.1141016793313761e-05,-8.0824552206067287e-09,6.5267484696021219e-11,0
2327,1.3239338148974568e-11,8.0900426891027262e-05,8.0899673904350074e-05,7.5298667718800075e-10,2.1804679938064227e-11,0
2328,-3.5224086491143433e-10,4.7451460704912157e-06,4.7419631890131212e-06,3.1828814780944869e-09,1.6047740942795142e-11,0
2329,3.5248787912982760e-12,-1.7458040428772927e-06,-1.7454874963026576e-06,-3.1654657463510194e-10,2.7969819457386021e-12,0
2330,-4.0502492686592123e-10,1.6089163101532661e-05,1.6085819240948554e-05,3.3438605841070400e-09,1.7543556931569170e-11,0
2331,-1.4487880348096032e-10,-1.7232407213994858e-05,-1.7234852205777996e-05,2.4449917831383008e-09,3.0565298521864789e-11,0
2332,-2.5990766996363248e-10,9.4817176096352531e-05,9.4813488437235890e-05,3.6876591166405464e-09,1.0986610756553459e-11,0
2333,-6.2538787304688688e-10,1.8661953022129640e-05,1.8658672884328114e-05,3.2801378015259773e-09,1.6563874909844577e-11,0
2334,-4.0854980565714481e-10,1.7834992861261514e-05,1.7832699194960598e-05,2.2936663009165675e-09,7.3946195281039581e-12,0
2335,-1.4840368226464141e-10,-1.5486622124453110e-05,-1.5489370943138019e-05,2.7488186849098306e-09,1.4762744883157072e-11,0
2336,-2.6343254875315176e-10,9.6562996145730371e-05,9.6559058234233850e-05,3.9379114965214625e-09,4.2948551651435866e-12,0
2337,-6.2891275183220289e-10,2.0407804653981530e-05,2.0400870284658576e-05,6.9343693229545413e-09,6.9527779842566069e-12,0
2338,2.6014612326820938e-10,-3.3321507942453941e-05,-3.3323346955702659e-05,1.8390132487173432e-09,4.6874550888202785e-11,0
2339,1.4511725689907696e-10,7.8728090411406791e-05,7.8720749542703165e-05,7.3408687036263885e-09,1.2407784973998923e-11,0
2341,-1.1502886648710176e-10,1.1204961296068234e-04,1.1204594946034699e-04,3.6635003353553902e-09,2.4813974707429300e-11,0
2342,-4.8050906957300960e-10,3.5894371579083331e-05,3.5883652998629550e-05,1.0718580453781613e-08,4.6821632416265672e-11,0
2343,-3.6548020301378296e-10,-7.6155254552031423e-05,-7.6157354637672523e-05,2.1000856411003280e-09,1.2377820160239509e-11,0
2344,2.8018077707707141e-12,-1.7450218566944305e-06,-1.7454784853364443e-06,4.5662864201374685e-10,6.5275754177708737e-12,0
2345,-2.0781494455860325e-10,9.4815463607801718e-05,9.4814242837433976e-05,1.2207703677417307e-09,1.2601304956459540e-11,0
2346,-2.1061675232920589e-10,9.6560485983579643e-05,9.6559801970798074e-05,6.8401278156902511e-10,5.7234201402507248e-12,0
2347,-1.2583158231826241e-10,1.7834054293082663e-04,1.7834035581831991e-04,1.8711250672248832e-10,7.5400438446089409e-12,0
2348,-1.5922787451069961e-10,1.4123201712341237e-04,1.4123147581638596e-04,5.4130702641075855e-10,4.7126064220540265e-12,0
2349,-3.3396292197513011e-11,-3.7108541851875812e-05,-3.7111620465474298e-05,3.0786135984866366e-09,4.8803502670739583e-12,0
2350,-1.1174577526483082e-10,1.7834315118922181e-04,1.7834014268426325e-04,3.0085049585576971e-09,2.8957110809000926e-11,0
2351,-1.3631546510417638e-10,1.4123599510191317e-04,1.4123135381977683e-04,4.6412821363430411e-09,1.4211105956287799e-11,0
2352,-2.4569689818936889e-11,-3.7107196447920630e-05,-3.7111519297223757e-05,4.3228493031271381e-09,1.4611224032936232e-11,0
2353,1.1524214496963682e-10,-1.3919892679824415e-05,-1.3917461355974517e-05,-2.4313238498980204e-09,2.1128220951168801e-11,0
2354,1.2052466176712537e-10,-1.5666320179766498e-05,-1.5663831318166939e-05,-2.4888615995584168e-09,1.0132376045644802e-11,0
2355,-3.0633537146090224e-10,2.1711951087204431e-06,2.1657289878011607e-06,5.4661209192824383e-09,1.8711709065461807e-11,0
2356,-8.5260720522651304e-11,-3.1151864758917347e-05,-3.1143793502359160e-05,-8.0712565581869786e-09,6.0123107505003689e-11,0
2357,-2.3456368119893700e-10,8.0898445659509117e-05,8.0896714351585120e-05,1.7313079239965638e-09,1.7060282140167837e-11,0
2358,-5.4274839350522580e-10,4.7454651767827368e-06,4.7396022342738658e-06,5.8629425088709835e-09,1.7810775826225296e-11,0
2359,5.2825168005862988e-12,-1.7464240149917307e-06,-1.7454197765754685e-06,-1.0042384162622618e-09,5.1754359697724468e-12,0
2360,-4.2157751624947105e-10,1.6091084089830780e-05,1.6085731577323026e-05,5.3525125077544147e-09,1.9024531892748306e-11,0
2361,-2.0050286520175643e-10,-1.7231876595024146e-05,-1.7235496439187596e-05,3.6198441634500869e-09,5.5524698129733518e-11,0
2362,-3.4980582569445557e-10,9.4818359513123684e-05,9.4812650387052509e-05,5.7091260711745594e-09,8.9991997041720386e-12,0
2363,-6.5799053793960150e-10,1.8665349890395477e-05,1.8658390079699241e-05,6.9598106962363100e-09,1.7400276664096986e-11,0
2364,-4.2686003303001417e-10,1.7837511460293319e-05,1.7832544008386523e-05,4.9674519067959282e-09,9.5327368657577065e-12,0
2365,-2.0578538197915784e-10,-1.5485592187362710e-05,-1.5490080320950404e-05,4.4881335876940768e-09,2.6277031935271218e-11,0
2366,-3.5508834248696490e-10,9.6564768289051132e-05,9.6558148242835385e-05,6.6200462157462239e-09,4.2826823930057213e-12,0
2367,-6.6327305471742423e-10,2.0411787096905141e-05,2.0400529814322071e-05,1.1257282583069578e-08,9.1066184802168053e-12,0
2368,2.2107465109435832e-10,-3.3322905049293014e-05,-3.3323874264801016e-05,9.6921550800155081e-10,7.5926306222180431e-11,0
2369,7.1771690636554198e-11,7.8727269219164980e-05,7.8720036350133127e-05,7.2328690318529095e-09,1.5754169209094741e-11,0
2370,-2.3641302158782062e-10,2.5743159326315976e-06,2.5696007859244396e-06,4.7151467071579760e-09,1.6873071239084075e-11,0
2371,-1.4930296053396511e-10,1.1205022713824678e-04,1.1204576430006470e-04,4.4628381820822254e-09,4.1542721313910267e-11,0
2372,-4.5748767278838020e-10,3.5897095273369501e-05,3.5884051514211263e-05,1.3043759158238189e-08,6.3228078725223622e-11,0
2373,-3.0818471224721704e-10,-7.6152973113924848e-05,-7.6156788001639655e-05,3.8148877148078998e-09,1.5287114799900006e-11,0
2374,6.0349224726652057e-12,-1.7449572173912449e-06,-1.7453766389254504e-06,4.1942153420553862e-10,6.2823849621680911e-12,0
2375,-7.8128083695663462e-11,-1.7890028244189372e-04,-1.7890079587790656e-04,5.1343601283537418e-10,2.2676258780814507e-11,0
2376,-2.5855502247800107e-10,-5.2752472095435321e-07,-5.6399187551473206e-07,3.6467154560378847e-08,1.5030403739494377e-11,0
2378,-8.4163006169981687e-11,-1.7715528959362341e-04,-1.7715679028671076e-04,1.5006930873483464e-09,9.0745897060440931e-12,0
2379,-2.6458994495335014e-10,1.2174434703172976e-06,1.1801575156204640e-06,3.7285954696833597e-08,9.0739907194845340e-12,0
2381,-1.8042693927121015e-10,1.7837272128078032e-04,1.7833870602771237e-04,3.4015253067953399e-08,2.3740239067277982e-11,0
2382,-1.5744327561916659e-10,2.7371849427912376e-04,2.7371819923870518e-04,2.9504041858295985e-10,1.7638933206286642e-11,0
2383,2.2983664350929391e-11,9.5345781758560816e-05,9.5382445779835736e-05,-3.6664021274920465e-08,2.2367677119383442e-11,0
2384,-8.7870912683816537e-11,-4.3557432618702638e-05,-4.3526783159299065e-05,-3.0649459403572364e-08,2.1951396544027319e-11,0
2385,9.3354349232508569e-11,2.1762485593501864e-06,2.1707049943238092e-06,5.5435650263771852e-09,2.2809167112155940e-11,0
2386,-1.1918248058612672e-10,4.7461969098414308e-06,4.7448574950752425e-06,1.3394147661882343e-09,2.4943347521144097e-11,0
2387,-2.1253682988262895e-10,2.5700730532582372e-06,2.5699179015516901e-06,1.5515170654708900e-10,2.1955540810941598e-11,0
2388,2.4000376844317199e-10,-4.3472276322812850e-05,-4.3522810325410926e-05,5.0534002598075646e-08,1.0651341743745040e-11,0
2389,4.5039012587259700e-12,-1.7434787522027851e-06,-1.7453498989003077e-06,1.8711466975226101e-09,8.2830114432969996e-12,0
2390,-5.8874135773185735e-10,-5.7990716749185128e-07,-5.6809999308446272e-07,-1.1807174407388560e-08,2.9470806119791931e-11,0
2391,-8.3458002924525875e-11,-1.7232940367467109e-05,-1.7233965953393813e-05,1.0255859267036243e-09,4.1265143819962710e-11,0
2392,-9.2199990331475670e-11,9.4818730283569117e-05,9.4816324515128970e-05,2.4057684401470464e-09,8.2177393768198875e-12,0
2393,-4.6197944310950565e-10,-1.7717634316889198e-04,-1.7716080074888386e-04,-1.5542420008125835e-08,2.0907172669621344e-11,0
2394,-5.9324525899367737e-10,1.1636145121549091e-06,1.1759900304360673e-06,-1.2375518281158190e-08,2.6126695372545911e-11,0
2395,-8.7961904182798695e-11,-1.5489453583313745e-05,-1.5488615252589701e-05,-8.3833072404374009e-10,4.2077069746724935e-11,0
2396,-9.6703891584806770e-11,9.6562206896048486e-05,9.6561745181978758e-05,4.6171406972782096e-10,7.7706931355061983e-12,0
2397,-1.3126581594715067e-10,1.7833986698424851e-04,1.7833857184932313e-04,1.2951349253849994e-09,1.3041238334658262e-11,0
2398,3.6527555100425437e-10,2.7373846303338847e-04,2.7372420864860733e-04,1.4254384781147052e-08,1.7986161265367406e-11,0
2399,4.9654136703207010e-10,9.5398622978895911e-05,9.5388593048205639e-05,1.0029930690272403e-08,1.7519224745623608e-11,0
2400,-3.7401753884066762e-10,-1.6168705446750146e-04,-1.6167554952337235e-04,-1.1504944129108949e-08,1.0580233613008343e-10,0
2403,9.4908397220550027e-11,2.1748264025777406e-06,2.1707302259804543e-06,4.0961765972863306e-09,2.1568686333559296e-11,0
2404,-1.7456649697554126e-10,4.7468965554151119e-06,4.7441713965249548e-06,2.7251588901570724e-09,2.1457798370525004e-11,0
2405,-2.6947489417761165e-10,2.5719969595067432e-06,2.5692182877536224e-06,2.7786717531207358e-09,2.3056612728320524e-11,0
2406,4.7106982551229741e-10,-7.5907262952984531e-06,-7.5916362548061567e-06,9.0995950770359082e-10,3.8177157919117606e-11,0
2407,-8.8090040868590024e-11,-4.3546950419779545e-05,-4.3526976423158531e-05,-1.9973996621014834e-08,3.4676846882995534e-11,0
2408,-5.5915986631198525e-10,-3.5956317682363237e-05,-3.5931668943992456e-05,-2.4648738370781182e-08,7.2980371435152346e-12,0
2409,1.1985643180690740e-10,-4.3527105020974791e-05,-4.3524478394157071e-05,-2.6266268177201090e-09,1.9489843428137429e-11,0
2410,5.5804142298320192e-12,-1.7446535121445414e-06,-1.7452878903392366e-06,6.3437819469520706e-10,8.1916966549453591e-12,0
2411,4.1526752372123744e-10,1.6157878887222699e-05,1.6096438022095347e-05,6.1440865127351682e-08,4.2032122429817302e-11,0
2412,-5.5074831460711901e-10,-1.7891527386358652e-04,-1.7890514765433760e-04,-1.0126209248911442e-08,1.4810106329446704e-11,0
2413,-6.7153407407145927e-10,-5.7436514067782385e-07,-5.6914091361711417e-07,-5.2242270607096808e-09,1.9051145183882470e-11,0
2414,-9.4601438196258169e-11,-1.7231706114232580e-05,-1.7234055844697134e-05,2.3497304645532524e-09,6.2228254930452731e-11,0
2415,-9.3211276534721737e-11,9.4820011644233338e-05,9.4816605286403662e-05,3.4063578296754642e-09,1.3325649331092519e-11,0
2416,4.0968710949191104e-10,1.7902686195368084e-05,1.7843119116227171e-05,5.9567079140912337e-08,1.9448116084584552e-11,0
2417,-5.5632872884415934e-10,-1.7717059830837760e-04,-1.7716125252397849e-04,-9.3457843991127335e-09,9.1170009507074323e-12,0
2418,-6.7711448830568543e-10,1.1703081360366421e-06,1.1748523822406609e-06,-4.5442462040188007e-09,1.1679516944071580e-11,0
2419,-1.0018185242614950e-10,-1.5487170936999482e-05,-1.5488764423706319e-05,1.5934867068367084e-09,3.9765050633045673e-11,0
2421,-9.6601584040170126e-10,-1.9507321421731103e-04,-1.9499189188786306e-04,-8.1322329447964777e-08,3.1294103838693609e-11,0
2422,-1.0868015996229639e-09,-1.6732298038942689e-05,-1.6652394895638815e-05,-7.9903143303873851e-08,2.5990646175927083e-11,0
2423,-5.0986896256377542e-10,-3.3389679096409303e-05,-3.3333058434204226e-05,-5.6620662205076212e-08,8.5092086526760158e-11,0
2424,-5.0847880066382073e-10,7.8661957180210795e-05,7.8713388631324309e-05,-5.1431451113514168e-08,3.0656858574410156e-11,0
2425,-1.2078575948324932e-10,1.7834089470884600e-04,1.7833791028523812e-04,2.9844236078746186e-09,9.5171892871906261e-12,0
2426,4.5753703793214696e-10,2.7373529218515345e-04,2.7372484941846562e-04,1.0442766687837612e-08,1.2475173630865640e-11,0
2427,5.7832279777874769e-10,9.5394383215640158e-05,9.5389899298141669e-05,4.4839174984887551e-09,1.3790521005419521e-11,0
2428,-4.5614687639490223e-10,-1.6168348092094904e-04,-1.6167584220182118e-04,-7.6387191278554870e-09,5.2484044543396908e-11,0
2429,-5.7693263585799469e-10,1.6657486020979755e-05,1.6659356264479697e-05,-1.8702434999413821e-09,5.2941145574794840e-11,0
2430,1.3901616642537012e-12,1.1205194585227167e-04,1.1204830276943116e-04,3.6430828405121249e-09,6.5011676990472000e-11,0
2431,1.6920444470494705e-10,4.7780565065359826e-06,4.7484364173612913e-06,2.9620089174691256e-08,2.1114411355899479e-11,0
2432,2.3014683996585586e-10,-4.3506019525690540e-05,-4.3523193417422727e-05,1.7173891732187000e-08,4.3789747023130161e-11,0
2433,9.7235424535171406e-12,-1.7462515465032688e-06,-1.7452030934926940e-06,-1.0484530105747557e-09,1.8876716674543764e-11,0
2434,-1.4569075108814226e-10,9.4820608625943714e-05,9.4816155894151858e-05,4.4527317918566624e-09,2.7607196833937029e-11,0
2435,-1.5541429353613897e-10,9.6566917760912158e-05,9.6561422210807019e-05,5.4955501051391761e-09,2.3080087985336219e-11,0
2436,1.6307356501980893e-10,-4.3521244148891566e-05,-4.3524092245987547e-05,2.8480970959803551e-09,6.6118560580002209e-12,0
2437,-2.5195990684300642e-09,-1.5710958043649997e-05,-1.5697023953983598e-05,-1.3934089666399230e-08,1.1569829766520463e-11,0
2438,-4.1893592172643966e-09,-1.9286637972179901e-04,-1.9285288840058427e-04,-1.3491321214739076e-08,3.1736913620905103e-11,0
2439,-1.6697601511912450e-09,-1.7715542357777010e-04,-1.7717428474553596e-04,1.8861167765853518e-08,5.8614360893496238e-12,0
2440,1.8505336042195447e-10,5.6360867356930293e-05,5.6335650107601373e-05,2.5217249328919394e-08,1.7686079376565965e-11,0
2441,-6.2336994305867374e-10,1.1205190516333377e-04,1.1204099682025445e-04,1.0908343079323425e-08,7.4517257388890646e-11,0
2442,-4.3889669112381119e-10,-8.0812509036460103e-06,-8.0831578036651736e-06,1.9069000191632466e-09,2.7480699637173382e-11,0
2443,1.2206579139013827e-12,-1.7487630556962090e-06,-1.7452401469154012e-06,-3.5229087808078169e-09,2.0026308028718243e-11,0
2444,-3.0096415854695344e-11,-3.7106858560372069e-05,-3.7111672144746685e-05,4.8135843746160761e-09,2.0500367683231627e-12,0
2445,9.1440717174846714e-11,1.1205617425414250e-04,1.1205001364063879e-04,6.1606135037112209e-09,7.4980821617472942e-11,0
2446,2.1141311840179019e-12,-1.7477988232134304e-06,-1.7452126517002717e-06,-2.5861715131587173e-09,2.7017100687618813e-11,0
2447,-1.1566233860373802e-10,2.1720025973320095e-06,2.1681648520659574e-06,3.8377452660520817e-09,2.1197690528422727e-11,0
2448,-3.5787830049024641e-10,4.7445695758323476e-06,4.7419038170452536e-06,2.6657587870940118e-09,2.0463945472759720e-11,0
2449,-2.4221596154235659e-10,2.5726065880191280e-06,2.5696065588974748e-06,3.0000291216532142e-09,1.9279350960677695e-11,0
2450,2.1165308564916484e-10,-6.3809976867858914e-06,-6.4143609187577809e-06,3.3363231971889518e-08,3.6751922245044618e-11,0
2451,-3.8761549653628206e-12,2.1732527264121254e-06,2.1695574579546753e-06,3.6952684574501491e-09,1.7654521740510202e-11,0
2452,-4.0115775862677713e-10,4.7470121856974792e-06,4.7413678745457537e-06,5.6443111517255284e-09,3.2419454103144690e-11,0
2453,-3.9728160310321857e-10,2.5737040950913302e-06,2.5676903778313003e-06,6.0137172600299257e-09,1.6247610287128374e-11,0
2454,-1.1624715258359685e-12,-1.7482796493462934e-06,-1.7452132265119113e-06,-3.0664228343820648e-09,1.6629856518047084e-11,0
2455,8.0375776816195941e-11,1.1205864559634413e-04,1.1205010916288637e-04,8.5364334577572778e-09,7.5256413702351689e-11,0
2456,3.6262218296049614e-10,-1.8474168732764140e-04,-1.8474878094549253e-04,7.0936178511304005e-09,8.4144925533293570e-12,0
2457,1.9531934483017174e-10,-6.4165069164128993e-06,-6.4146468621452487e-06,-1.8600542676506344e-09,8.5923031832944731e-12,0
2458,1.3821783662982199e-10,-4.3527603598636153e-05,-4.3524836122516559e-05,-2.7674761195938197e-09,4.8503342174386617e-12,0
2459,4.3814758384434501e-10,1.2830803336370648e-05,1.2820760991975865e-05,1.0042344394783616e-08,9.0349657748232029e-12,0
2460,-1.6730283821777184e-10,1.7832515566347431e-04,1.7833457416637508e-04,-9.4185029007702592e-09,5.5970392795417746e-12,0
2461,-2.2440434643612553e-10,1.4121407660824467e-04,1.4122515128653219e-04,-1.1074678287517322e-08,3.4536570645777040e-12,0
2462,7.5525401552745877e-11,1.9757249786982178e-04,1.9754722202438893e-04,2.5275845432854100e-08,1.6158637736454584e-11,0
2463,-5.7101508208627449e-11,-3.7111078928631037e-05,-3.7112027105350055e-05,9.4817671901801853e-10,3.5501522700296024e-12,0
2464,2.4282823936040430e-10,1.9247293976380146e-05,1.9218825314671264e-05,2.8468661708881400e-08,1.8132225610181280e-11,0
2465,2.9992974742671726e-10,5.6358405998929197e-05,5.6337431169009221e-05,2.0974829919975563e-08,9.2592669150708372e-12,0
2466,3.4139269781842159e-10,1.2814371990188533e-05,1.2819517078148975e-05,-5.1450879604421178e-09,1.2632118099119370e-11,0
2467,-5.5685663402228459e-10,-8.0726448739513578e-06,-8.0845185819022373e-06,1.1873707950879465e-08,1.4594643553012561e-11,0
2468,-2.1546393634239745e-10,4.7416771592392187e-06,4.7436725374714202e-06,-1.9953782322014899e-09,1.8153281636041789e-11,0
2469,6.7654664076763247e-12,-1.7456589172869367e-06,-1.7450683996039646e-06,-5.9051768297203900e-10,2.4852432643782358e-12,0
2470,6.9566578209360287e-10,1.6120879563973414e-05,1.6100439884292875e-05,2.0439679680538765e-08,1.1414181611607545e-11,0
2471,-7.7462760493477673e-10,-1.7890955031378639e-04,-1.7890464899323125e-04,-4.9013205551465266e-09,8.0352921740587939e-12,0
2472,-8.6799229538501122e-10,-5.6804022049820879e-07,-5.7163691630426804e-07,3.5966958060592449e-09,8.8030783381760505e-12,0
2473,-9.2438975964164826e-11,-1.7231062129618004e-05,-1.7233825723595147e-05,2.7635939771428891e-09,2.0779470695259796e-11,0
2474,-6.0307685026189105e-11,9.4821976817832491e-05,9.4818247845099220e-05,3.7289727332714701e-09,4.6752822259021543e-12,0
2475,-8.6536861544240081e-10,-3.7672033868915364e-05,-3.7679887878793216e-05,7.8540098778521268e-09,8.1978903010709534e-12,0
2476,6.8890031569205841e-10,1.7866521746044001e-05,1.7846902365237407e-05,1.9619380806593252e-08,5.4253384976432444e-12,0
2477,-7.8139307133842781e-10,-1.7716387970507282e-04,-1.7716102046424586e-04,-2.8592408269582231e-09,3.5882828634754287e-12,0
2478,-8.7475776178527934e-10,1.1776231190890885e-06,1.1719907618362619e-06,5.6323572528265813e-09,4.0845352992903853e-12,0
2479,-9.9204442370336059e-11,-1.5485496197466773e-05,-1.5488742308489475e-05,3.2461110227016547e-09,1.1222918013345099e-11,0
2480,-6.7073151433630796e-11,9.6567642059117338e-05,9.6563363713631739e-05,4.2783454855987091e-09,2.0717156158166266e-12,0
2481,-8.7213408184222350e-10,-3.5926355804218046e-05,-3.5936149456759912e-05,9.7936525418653429e-09,3.3229303263603923e-12,0
2482,-1.4702933887240552e-09,-1.9503039578220790e-04,-1.9499561867853890e-04,-3.4777103669004963e-08,1.4747556394446619e-11,0
2483,-1.5636580786126517e-09,-1.6688894360659262e-05,-1.6659041491311432e-05,-2.9852869347830213e-08,1.7326960410996784e-11,0
2484,-7.8810475826156404e-10,-3.3351952579288927e-05,-3.3336699685096375e-05,-1.5252894192551868e-08,5.3322393193016529e-11,0
2485,-7.5597346696719530e-10,7.8701112852274865e-05,7.8711195197183083e-05,-1.0082344908217129e-08,8.8487417551469354e-12,0
2486,-1.5610343984465111e-09,-5.3792908576315301e-05,-5.3774514680554872e-05,-1.8393895760429005e-08,1.5094352306691683e-11,0
2487,-9.3364690326604789e-11,1.7834148657468619e-04,1.7833491891774543e-04,6.5676569407533900e-09,4.9569423394946154e-12,0
2488,7.1431992030623573e-10,2.7373151253883444e-04,2.7372591513828118e-04,5.5974005532585108e-09,5.9063307902236981e-12,0
2489,-9.0741010338220468e-11,1.4123752464582223e-04,1.4122620968168255e-04,1.1314964139686606e-08,4.4994942788770467e-12,0
2490,8.0768461117192665e-10,9.5390037436914564e-05,9.5393972867205849e-05,-3.9354302912845323e-09,6.8188239551351898e-12,0
2491,2.6236800863471469e-12,-3.7103965627443593e-05,-3.7111298662024037e-05,7.3330345804446741e-09,4.7933553357716495e-12,0
2492,-6.8218862907692051e-10,-1.6167847665642002e-04,-1.6167559048238587e-04,-2.8861740341418196e-09,2.8847445368246647e-11,0
2493,-7.7555331948521281e-10,1.6663171392176587e-05,1.6656725661900437e-05,6.4457302761506644e-09,4.0947777361801279e-11,0
2494,3.2131290953600472e-11,1.1205311334514922e-04,1.1204975381129540e-04,3.3595338538129150e-09,2.1550975093703811e-11,0
2495,-7.7292963952425347e-10,-2.0440865641376330e-05,-2.0451497606250589e-05,1.0631964874258982e-08,3.6924207793122936e-11,0
2496,-8.0506093060453649e-10,-1.3249399124230961e-04,-1.3250342655113790e-04,9.4353088282966152e-09,5.9916171754757806e-12,0
2497,-9.8721693308687052e-11,-4.3552237115086767e-05,-4.3527952588947059e-05,-2.4284526139707824e-08,2.0761243667102925e-11,0
2498,1.0709015838002345e-10,2.1761947258530645e-06,2.1709593737858263e-06,5.2353520672382032e-09,2.0252672601102053e-11,0
2499,-1.1079880426804276e-10,4.7459966765186698e-06,4.7449719851202946e-06,1.0246913983752272e-09,2.3440619455292349e-11,0
2500,-2.1788896270345612e-10,2.5697594626334155e-06,2.5699432351824826e-06,-1.8377254906710205e-10,2.3367612430119915e-11,0
2501,4.4066179887996846e-12,-1.7431907187462429e-06,-1.7450638461528843e-06,1.8731274066414238e-09,6.9807640284337670e-12,0
2502,-4.9233592387917526e-10,-1.7891549775478528e-04,-1.7890060751333620e-04,-1.4890241449084293e-08,2.2007381620903230e-11,0
2503,-6.2379986449194182e-10,-5.8029808185956766e-07,-5.6861840838337284e-07,-1.1679673476194817e-08,3.1244491540765430e-11,0
2504,-7.8497966449205190e-11,-1.7232706160771188e-05,-1.7233619273678936e-05,9.1311290774783111e-10,3.8114146658202128e-11,0
2505,-8.2819771028382436e-11,9.4820391391676681e-05,9.4818172449162249e-05,2.2189425144319638e-09,7.6722643995688317e-12,0
2506,-4.9674254187192899e-10,-1.7717232369157156e-04,-1.7715699131465358e-04,-1.5332376917973024e-08,1.7616609715655883e-11,0
2507,-6.2820648248500129e-10,1.1629252783121671e-06,1.1749805941991511e-06,-1.2055315886983960e-08,2.3851299910930133e-11,0
2508,-8.2904584433455232e-11,-1.5489576993999929e-05,-1.5488538516147332e-05,-1.0384778525964671e-09,3.4498805336592812e-11,0
2509,-8.7226389014442905e-11,9.6563608065620456e-05,9.6563280656510039e-05,3.2740911041627841e-10,6.4028983447090890e-12,0
2510,-1.3146394070087756e-10,1.7833517184414173e-04,1.7833389648990960e-04,1.2753542321340943e-09,1.1180882391260990e-11,0
2511,4.0951615233561923e-10,2.7373591359625398e-04,2.7372178535713630e-04,1.4128239117679187e-08,1.6002536491935810e-11,0
2512,5.4098009309153182e-10,9.5400733709176573e-05,9.5390868234638339e-05,9.8654745382339721e-09,1.7799654091916775e-11,0
2513,-4.1383795735484101e-10,-1.6168281107307308e-04,-1.6167175822908242e-04,-1.1052843990668479e-08,9.3462557124827864e-11,0
2515,-4.3218045950001026e-12,1.1205311664609782e-04,1.1204947833809338e-04,3.6383080044408893e-09,3.0773184481231305e-11,0
2516,-7.7220074157464825e-11,-4.3542765304348252e-05,-4.3527746385930734e-05,-1.5018918417517870e-08,1.5423429160608647e-11,0
2518,-9.9740949204388854e-11,-4.3546895463040733e-05,-4.3528090727006502e-05,-1.8804736034231100e-08,3.0782535553257425e-11,0
2519,-5.9322383749652877e-10,-3.5960860746168596e-05,-3.5932832064349252e-05,-2.8028681819344022e-08,7.8653168199844110e-12,0
2520,3.7894275999404722e-10,2.1949194449425585e-06,2.1743450982707291e-06,2.0574346671829444e-08,2.1404662914683857e-11,0
2521,1.8937905305352754e-10,4.7680184399583742e-06,4.7486964349341938e-06,1.9322005024180313e-08,1.8371805943193671e-11,0
2522,-1.8956370666852783e-10,2.5730668087148821e-06,2.5703101666825705e-06,2.7566420323116082e-09,2.3889871511734272e-11,0
2523,3.5736935851667153e-12,-1.7454177223329585e-06,-1.7450227816660021e-06,-3.9494066695638167e-10,1.0854993048373243e-11,0
2524,-3.7375818706480829e-11,-1.7229586521006575e-05,-1.7233058277783850e-05,3.4717567772752126e-09,8.9903995126768770e-11,0
2525,-5.3102221241327104e-12,9.4830261716805520e-05,9.4819443487581363e-05,1.0818229224157021e-08,2.1958437416788442e-11,0
2526,-7.5818524809586774e-10,-3.7689674200439005e-05,-3.7678745466091662e-05,-1.0928734347343243e-08,1.4555024169136934e-11,0
2527,-4.0949512292749307e-11,-1.5484326910392490e-05,-1.5488015702567845e-05,3.6887921753549452e-09,7.2000461631268363e-11,0
2528,-8.8839157123741820e-12,9.6575672980543474e-05,9.6564505905968409e-05,1.1167074575064843e-08,1.1857643216941395e-11,0
2529,-7.6175894167578923e-10,-3.5944237982331751e-05,-3.5934999430658802e-05,-9.2385516729486515e-09,8.0078270827577248e-12,0
2530,3.2065596589006437e-11,1.1205988745421371e-04,1.1205019806852144e-04,9.6893856922690381e-09,1.0465514385653218e-10,0
2531,-7.2080942932889189e-10,-2.0459949503803289e-05,-2.0451058377862109e-05,-8.8911259411797330e-09,7.9241886227092568e-11,0
2532,-7.5287502579383630e-10,-1.3251997291975799e-04,-1.3250339301957689e-04,-1.6579900181105294e-08,1.4149197193528686e-11,0
2533,3.0812344560142840e-10,-1.8473357537610903e-04,-1.8474766997517524e-04,1.4094599066214256e-08,2.2712048578184157e-11,0
2534,1.5779800068828592e-10,-6.4170016813840797e-06,-6.4154846162104105e-06,-1.5170651736691476e-09,2.1535007415074056e-11,0
2536,3.2348663955862109e-11,9.6586275740918881e-05,9.6565126249615832e-05,2.1149491303049496e-08,1.7699673639639335e-11,0
2538,2.0057880129395757e-10,-6.4046338000087882e-06,-6.4150246659420171e-06,1.0390865933228863e-08,1.2754296622077717e-11,0
2539,1.5060924423797414e-10,-4.3521754775205368e-05,-4.3525206124463426e-05,3.4513492580575517e-09,5.5745405922045172e-12,0
2540,-4.9969557023511238e-11,-3.7117100237479047e-05,-3.7111992846699384e-05,-5.1073907796634200e-09,3.9448690575082903e-12,0
2541,-2.5215375866265389e-09,-1.3955099311104002e-05,-1.3951805386218345e-05,-3.2939248856576680e-09,1.4431565181942661e-11,0
2543,-6.9129879118866430e-10,2.1483393207307952e-06,2.1610876226549129e-06,-1.2748301924117693e-08,1.8863366998866338e-11,0
2544,-4.1810609044523318e-09,-1.9285274798587363e-04,-1.9284967388368544e-04,-3.0741021881915478e-09,3.8564069851801641e-11,0
2545,-2.5703675161446367e-09,-3.1185482754426258e-05,-3.1175929505566129e-05,-9.5532488601286119e-09,6.5250278732051223e-11,0
2546,-2.3965538591275525e-09,8.0868681430985856e-05,8.0871065256947082e-05,-2.3838259612259625e-09,3.0917633783156605e-11,0
2547,-3.8324672962731647e-10,4.7738866290798505e-06,4.7415969123476853e-06,3.2289716732165177e-08,2.1924885220178492e-11,0
2548,1.0269374872763752e-11,-1.7470190031208495e-06,-1.7448877649775441e-06,-2.1312381433054519e-09,5.4785105614265039e-12,0
2549,1.8302388013206947e-09,1.6103466068371347e-05,1.6114861622973960e-05,-1.1395554602612460e-08,1.3095093684446357e-11,0
2550,-1.6595233215002415e-09,-1.7889768485883015e-04,-1.7891342920598114e-04,1.5744347150992676e-08,1.4891853578007064e-11,0
2551,-4.8829931992412118e-11,-1.7230360387491140e-05,-1.7233148724099184e-05,2.7883366080436991e-09,3.0870845398699015e-11,0
2552,1.2498372432665732e-10,9.4823828484002712e-05,9.4821372665278240e-05,2.4558187244715221e-09,1.1230842559719826e-11,0
2553,2.1382908624150305e-09,1.8729011039456123e-05,1.8694312275218397e-05,3.4698764237725755e-08,1.5528076316215413e-11,0
2554,1.8199694264794509e-09,1.7850494433500896e-05,1.7861144057115507e-05,-1.0649623614610986e-08,1.1886666925954776e-11,0
2555,-1.6697926964279360e-09,-1.7715066833173809e-04,-1.7717001286855831e-04,1.9344536820217317e-08,6.9378971083881592e-12,0
2556,-5.9099306895921436e-11,-1.5483424523623016e-05,-1.5488238250524173e-05,4.8137269011570469e-09,2.5842772257403732e-11,0
2557,1.1471434939928375e-10,9.6570863090806973e-05,9.6566295288611078e-05,4.5678021958948066e-09,4.6216103946315687e-12,0
2558,2.1280214875255947e-09,2.0476041098650699e-05,2.0436022934287684e-05,4.0018164363015313e-08,1.3900444424910260e-11,0
2559,-3.4897621171208003e-09,-1.9500116321250513e-04,-1.9501897040076716e-04,1.7807188262028255e-08,2.9388147815026839e-11,0
2560,-1.8790687283186856e-09,-3.3333880206791108e-05,-3.3350357015706600e-05,1.6476808915492176e-08,6.8599358675619390e-11,0
2561,-1.7052550715979290e-09,7.8720403416067918e-05,7.8700009385889556e-05,2.0394030178361839e-08,2.2734366507164637e-11,0
2562,3.0805206133574228e-10,2.6255283448548689e-06,2.5764978446663469e-06,4.9030500188521976e-08,2.0301925774465074e-11,0
2563,1.7845070454403374e-09,2.7372152416528343e-04,2.7373776780402313e-04,-1.6243638739697839e-08,1.3022783156097313e-11,0
2564,3.7978141772530616e-09,1.9762676187336757e-04,1.9759138251176288e-04,3.5379361604693117e-08,3.2890546666313875e-11,0
2565,-1.6106933893237540e-09,-1.6166739205877682e-04,-1.6168505896184033e-04,1.7666903063504351e-08,7.0275094818295724e-11,0
2566,1.7381365645977936e-10,1.1205425373160462e-04,1.1205222749094748e-04,2.0262406571396399e-09,5.3917428757792781e-11,0
2567,2.1871207932351987e-09,3.5959382372557566e-05,3.5918005700349227e-05,4.1376672208338992e-08,7.4309918052113184e-11,0
2568,2.0133071358490853e-09,-7.6094827035161350e-05,-7.6129471465254385e-05,3.4644430093035638e-08,2.5207493343494533e-11,0
2569,-2.5432262496319396e-11,-3.7104637623242118e-05,-3.7111696298472748e-05,7.0586752306305771e-09,3.4017255884771921e-12,0
2570,-1.4755846624917486e-10,9.6567991795658281e-05,9.6563141101489424e-05,4.8506941688575235e-09,2.2319970840649684e-11,0
2571,-8.4244273038405507e-11,1.7833679560569577e-04,1.7833240947729689e-04,4.3861283988762701e-09,2.7317013833209599e-11,0
2572,-6.3954590830724499e-10,1.1205296481002470e-04,1.1204238152768267e-04,1.0583282342030713e-08,7.1497476576681878e-11,0
2573,6.1158707533540959e-10,-1.3912211838541973e-05,-1.3913126251185515e-05,9.1441264354221829e-10,4.7125805269670979e-11,0
2574,6.0770728829022500e-10,-1.5661774481660158e-05,-1.5659088858542456e-05,-2.6856231177020413e-09,2.4914681343537794e-11,0
2575,5.3147244777903513e-10,2.1898558537703297e-06,2.1762660485599154e-06,1.3589805210414352e-08,4.5104884742261165e-11,0
2576,-3.8797870540984435e-12,-1.7495552664633155e-06,-1.7450128188025202e-06,-4.5424476607952263e-09,8.1195184082408773e-12,0
2577,-8.0114627194556949e-11,1.6101983261883291e-05,1.6091299510687274e-05,1.0683751196017600e-08,4.3991210684512748e-11,0
2578,-7.6234840174326718e-11,1.7851590169257149e-05,1.7837707214690546e-05,1.3882954566602981e-08,2.4059431909997774e-11,0
2579,-5.7782654701752993e-11,-3.7157353115493778e-05,-3.7112113061426147e-05,-4.5240054067631171e-08,1.8838780594085423e-11,0
2580,-1.0436062094379905e-10,1.7833210067208334e-04,1.7833128264326765e-04,8.1802881569253971e-10,8.1899575284847844e-12,0
2581,-1.2973225762051706e-10,1.4122347346500765e-04,1.4122206084234636e-04,1.4126226612878792e-09,4.5712443318651115e-12,0
2582,-2.5371636675607258e-11,-3.7108626899098060e-05,-3.7111720703000518e-05,3.0938039024573714e-09,5.5263421318693457e-12,0
2583,3.7726135488174500e-12,-1.7470075611753546e-06,-1.7448878237808574e-06,-2.1197373944971983e-09,7.2594978799258293e-12,0
2584,9.0694040729862854e-12,-1.7229353767350165e-05,-1.7232350761235094e-05,2.9969938849285773e-09,7.1048364788014970e-11,0
2585,1.0908266996717136e-10,9.4827253973845012e-05,9.4821660789117115e-05,5.5931847278971759e-09,1.6451945443095303e-11,0
2586,5.2967905162427180e-12,-1.5482384724055821e-05,-1.5487435713819994e-05,5.0509897641729516e-09,3.6487916118609500e-11,0
2587,1.0531005640755453e-10,9.6574232093188730e-05,9.6566576070177018e-05,7.6560230117129601e-09,8.1292217088852754e-12,0
2588,1.0001326589389962e-10,1.1205657144376701e-04,1.1205173282840854e-04,4.8386153584663956e-09,4.9662299509813747e-11,0
2589,-9.5733332672992362e-11,2.1714884597149806e-06,2.1684991815223008e-06,2.9892781926797499e-09,3.5477946276816793e-11,0
2590,-3.5831824884946515e-10,4.7438154615747630e-06,4.7419092746822476e-06,1.9061868925153644e-09,2.9151727408369975e-11,0
2591,-2.6258491580633769e-10,2.5723817434289160e-06,2.5694490937857938e-06,2.9326496431222204e-09,2.0718608824450201e-11,0
2592,1.9401651591192289e-10,-6.3668574636754210e-06,-6.4154490202808769e-06,4.8591556605455888e-08,3.2708983129485978e-11,0
2593,4.9832216407775309e-13,-1.7483623844794638e-06,-1.7449002902085609e-06,-3.4620942709029261e-09,1.5134268488960931e-11,0
2595,-7.2640074950429302e-10,-1.7716150265474173e-04,-1.7715670949081542e-04,-4.7931639263112252e-09,3.0946101536392085e-11,0
2596,-1.7233547974355894e-10,4.7461526457986958e-06,4.7442164572442997e-06,1.9361885543961056e-09,2.5539354132287556e-11,0
2597,1.1608979200600367e-10,-6.4133098023244541e-06,-6.4165021439024172e-06,3.1923415779630708e-09,3.2447251184032976e-11,0
2598,7.5587913705283023e-11,-4.3529462755554670e-05,-4.3526644405605269e-05,-2.8183499494008639e-09,1.7949335735866640e-11,0
2599,-4.0501878295162923e-11,-3.7116156810687931e-05,-3.7111927989772493e-05,-4.2288209154374618e-09,1.5947993900943625e-11,0
2600,7.0146161695813176e-10,1.7863436673830682e-05,1.7847484881174275e-05,1.5951792656407305e-08,7.3984714331405046e-12,0
2601,-9.2125706664713667e-11,-1.5485664117232322e-05,-1.5488641218679551e-05,2.9771014472288002e-09,1.5749491561290727e-11,0
2602,-5.4517249585264584e-11,9.6568684970237649e-05,9.6564865021069293e-05,3.8199491683563918e-09,3.2062513936708465e-12,0
2603,-7.9358732376528872e-10,-3.3349011681145860e-05,-3.3337021534276515e-05,-1.1990146869345162e-08,5.0829828624421931e-11,0
2604,-7.5597886631444730e-10,7.8705256409289728e-05,7.8712361006102292e-05,-7.1045968125634179e-09,1.0725855508075918e-11,0
2605,3.7608457101259199e-11,1.1205431950839294e-04,1.1205124576236685e-04,3.0737460260838205e-09,2.8628757325585720e-11,0
2606,-1.0220021705192871e-10,4.7456299353040160e-06,4.7450872270384333e-06,5.4270826558268723e-10,1.2626202665048056e-11,0
2607,7.6605685514699302e-12,-1.7443307623071468e-06,-1.7447501075233994e-06,4.1934521625259969e-10,7.5493119933452199e-12,0
2608,4.8689354890655424e-10,1.6102026875653222e-05,1.6098637554014432e-05,3.3893216387902722e-09,2.3357996482069733e-11,0
2609,-5.8776070930247468e-10,-1.7890176008395972e-04,-1.7889741891637378e-04,-4.3411675859444075e-09,1.4768111982582029e-11,0
2610,-1.6055183446393075e-10,9.4822458929603786e-05,9.4818856425385903e-05,3.6025042178831684e-09,1.1907093055692291e-11,0
2611,4.7923298036429608e-10,1.7846299781573011e-05,1.7844783059200304e-05,1.5167223727065640e-09,1.3526438815469471e-11,0
2612,-5.9542127786319635e-10,-1.7715744616672493e-04,-1.7715417934542702e-04,-3.2668212979051515e-09,8.8280808956302300e-12,0
2613,-1.6821240301117333e-10,9.6566783769146721e-05,9.6563625762777929e-05,3.1580063687919541e-09,6.0440183677791161e-12,0
2614,-1.0746542619534261e-09,-1.9500373324642800e-04,-1.9498692165581234e-04,-1.6811590615656898e-08,3.6320776353218839e-11,0
2615,-6.4744538474109908e-10,7.8720481252606347e-05,7.8713854911760040e-05,6.6263408463073693e-09,2.0236146161794958e-11,0
2616,4.2720887650146420e-10,2.7372423171628107e-04,2.7371917637505563e-04,5.0553412254419026e-09,1.1634363425218211e-11,0
2617,1.8377360652657157e-10,-6.4179162495760916e-06,-6.4157783845797153e-06,-2.1378649963763689e-09,8.8982359393289379e-12,0
2618,5.7338862562220184e-10,-2.3058162056709477e-05,-2.3066950248131944e-05,8.7881914224660108e-09,3.9178436636222307e-11,0
2619,1.2602397610660387e-10,-4.3529032793630709e-05,-4.3526155590801666e-05,-2.8772028290424950e-09,4.2943990900786166e-12,0
2620,4.8855385997649625e-10,1.2838958623499416e-05,1.2820823173825361e-05,1.8135449674055304e-08,7.2971217309953357e-12,0
2621,-5.7749630426703200e-11,-3.7111129969336553e-05,-3.7112156029631191e-05,1.0260602946376095e-09,4.2961524073546496e-12,0
2622,3.0478025380187252e-10,1.9256872541421541e-05,1.9220606287023372e-05,3.6266254398168758e-08,1.5472877020609779e-11,0
2623,-3.8961501977870953e-10,1.6640335793485957e-05,1.6661256606077636e-05,-2.0920812591679393e-08,5.2429936113893803e-11,0
2624,-4.4736465021619831e-10,-2.0470815137630868e-05,-2.0448219310908238e-05,-2.2595826722630386e-08,2.2420417223240699e-11,0
2625,-8.4834765417469884e-11,3.5897126865756316e-05,3.5890260960175734e-05,6.8659055805819812e-09,8.0537971028692129e-11,0
2626,3.6252988407004539e-10,5.6367991083924873e-05,5.6339410007746129e-05,2.8581076178744698e-08,7.9578183018894129e-12,0
2628,-6.9281726818133613e-10,1.1601017022820626e-06,1.1735388212049949e-06,-1.3437118922932308e-08,1.1929537330660592e-11,0
2629,-7.1114249574684456e-10,-3.5948157286585722e-05,-3.5935060198762418e-05,-1.3097087823303372e-08,7.7444844937951546e-12,0
2630,-1.8325227642162237e-11,-3.7108242123248640e-05,-3.7111681386081223e-05,3.4392628325827300e-09,1.0753253870846135e-11,0
2631,-4.5166207639636308e-10,-8.0765345199765477e-06,-8.0828636150673171e-06,6.3290950907693514e-09,2.6950761852705181e-11,0
2632,1.4799378962532304e-10,-3.3270179741643618e-05,-3.3325444426831908e-05,5.5264685188289317e-08,8.0773594094568137e-11,0
2633,9.0089248946740692e-11,7.8747314165456342e-05,7.8723312343328134e-05,2.4001822128207908e-08,1.1554718265372465e-11,0
2634,-5.7904540693793686e-11,1.1201755589808782e-04,1.1205062168164452e-04,-3.3065783556693578e-08,1.5130467127861161e-11,0
2635,4.2362209958392679e-12,-1.7429102871063107e-06,-1.7447128454635046e-06,1.8025583571938909e-09,6.8981857836636754e-12,0
2636,-5.2942192999663930e-10,-1.7891045049104118e-04,-1.7889542038989527e-04,-1.5030101145906182e-08,3.6691826008534170e-11,0
2637,-6.5836702559986317e-10,-5.8124840392713428e-07,-5.6914990428696370e-07,-1.2098499640170578e-08,4.6294785121741818e-11,0
2638,-5.3365815099436428e-10,-1.7716750305268175e-04,-1.7715223642179130e-04,-1.5266630890454352e-08,1.7831610992022810e-11,0
2639,-6.6260324659392994e-10,1.1617512178253159e-06,1.1738461401094135e-06,-1.2094922284097668e-08,2.3293875870903117e-11,0
2640,-1.2894509573486454e-10,1.7832924493327513e-04,1.7832818355416414e-04,1.0613791109838257e-09,1.7971468553251230e-11,0
2641,-4.2071291764758542e-10,-8.0810697507659873e-06,-8.0824463678660006e-06,1.3766171000132962e-09,2.5549695972483605e-11,0
2642,4.0426160226020585e-12,-1.7415445408518995e-06,-1.7446902334079694e-06,3.1456925560698920e-09,8.4929581352704525e-12,0
2643,-4.3052685541948284e-10,-1.7891244102400013e-04,-1.7889379393115645e-04,-1.8647092843676431e-08,1.3377982036978334e-11,0
2644,-8.1873266803815600e-11,-1.7235227672928680e-05,-1.7233285758436376e-05,-1.9419144923041624e-09,7.5151171208877080e-11,0
2645,-9.9406901781174931e-11,9.4818756391833701e-05,9.4820246101956566e-05,-1.4897101228647253e-09,1.5327193146947785e-11,0
2646,-4.3456947144789032e-10,-1.7717087957241397e-04,-1.7715063832907918e-04,-2.0241243334787268e-08,8.2245855387629073e-12,0
2647,-8.5915882825061647e-11,-1.5493745538045466e-05,-1.5488557408320565e-05,-5.1881297249001116e-09,4.3436768661536612e-11,0
2648,-1.0344951780244082e-10,9.6560318676939313e-05,9.6564945936647797e-05,-4.6272597084844221e-09,6.7641300472771030e-12,0
2649,3.3111995307769243e-10,2.7373121624001562e-04,2.7371690108232580e-04,1.4315157689825161e-08,1.3813512469942354e-11,0
2650,-3.4865358844317712e-10,-1.6167734824781583e-04,-1.6166530921920335e-04,-1.2039028612480804e-08,6.6012148028986269e-11,0
2651,-1.7533635000930127e-11,1.1205382638885695e-04,1.1205128975356816e-04,2.5366352887954509e-09,7.9130184620778091e-11,0
2652,-1.7499825140044255e-10,2.5732856451844439e-06,2.5705923834902351e-06,2.6932616942087253e-09,2.7237552616245614e-11,0
2653,-4.7356472099286034e-11,-3.7118287589668706e-05,-3.7112064941498562e-05,-6.2226481701435437e-09,3.8182203202240995e-12,0
2654,2.8685975075495927e-10,-6.3498375654780226e-06,-6.4148640576617866e-06,6.5026492183763984e-08,2.4945334206304024e-11,0
2655,2.3044123938757116e-10,-4.3507327342781274e-05,-4.3525291032649424e-05,1.7963689868149874e-08,1.3799311384443324e-11,0
2656,-5.6418511349338759e-11,-3.7157489135718810e-05,-3.7112184055354948e-05,-4.5305080363861657e-08,1.6918932516936629e-11,0
2657,-1.7366250821603546e-10,9.6561533122648674e-05,9.6564233382540485e-05,-2.7002598918115335e-09,1.1157408229362585e-11,0
2658,-2.5124212534970842e-09,-1.3950242142412445e-05,-1.3952826609741638e-05,2.5844673291937088e-09,1.6983429133156761e-11,0
2659,-6.6554832024454365e-10,2.1521288743418104e-06,2.1614985611523513e-06,-9.3696868105408717e-09,2.2002293976932693e-11,0
2660,-3.3279574177582311e-10,4.7525066715458763e-06,4.7422340462147653e-06,1.0272625331110941e-08,2.4461948725646741e-11,0
2661,1.8468729394733514e-09,1.6102399522471139e-05,1.6115898710851409e-05,-1.3499188380269487e-08,1.5008965674290673e-11,0
2662,2.1796255171031901e-09,1.8702764253251611e-05,1.8695683262971622e-05,7.0809902799886192e-09,1.7084796051623341e-11,0
2663,3.3275257809308578e-10,2.6003219987342716e-06,2.5769041255621003e-06,2.3417873172171299e-08,2.0000725670336655e-11,0
2664,8.6595393569381495e-10,-7.5670848299347337e-06,-7.5886446284032192e-06,2.1559798468485450e-08,1.3159400380537853e-11,0
2665,7.6215206152371443e-10,-2.3068596589129881e-05,-2.3065060058724626e-05,-3.5365304052546579e-09,9.9507087952276603e-11,0
2666,6.9694631506487875e-10,8.8981114702389209e-05,8.8978541305964571e-05,2.5733964246381965e-09,2.0115820475410452e-11,0
2667,-1.0380187425672997e-10,-1.5501612103330058e-05,-1.5488776389103189e-05,-1.2835714226868317e-08,3.6145383983540395e-11,0
2668,-1.6900762074312173e-10,9.6548156311466495e-05,9.6564419399849342e-05,-1.6263088382847133e-08,5.2972277012472182e-12,0
2669,-6.5205746480804095e-11,1.1204974033799525e-04,1.1205100172789880e-04,-1.2613899035528175e-09,6.1501413585157533e-11,0
2670,-7.7204571036354198e-11,1.7834173822452344e-04,1.7832730890483407e-04,1.4429319689367474e-08,5.0002446707151838e-12,0
2671,-9.5568408628145626e-11,1.4124499698455785e-04,1.4121797032645825e-04,2.7026658099601596e-08,3.0404619140427767e-12,0
2672,-1.8363837573537746e-11,-3.7096740809288396e-05,-3.7111725990549786e-05,1.4985181261389490e-08,4.1855929011417195e-12,0
2673,2.9129601439656078e-10,-1.3919660111887569e-05,-1.3918162238525661e-05,-1.4978733619076584e-09,1.3343788403664650e-11,0
2674,2.9583167151381589e-10,-1.5663523207503759e-05,-1.5663715989475142e-05,1.9278197138286992e-10,9.2644009591216564e-12,0
2675,-7.6372015451433894e-11,2.1709245795796875e-06,2.1688137800297375e-06,2.1107995499499552e-09,1.8495571567908679e-11,0
2676,1.3164323173372769e-10,-3.1151835526142292e-05,-3.1143414007496088e-05,-8.4215186462041017e-09,5.8069666972752607e-11,0
2677,1.9615067615351191e-11,8.0901591302503899e-05,8.0901906546199508e-05,-3.1524369560902068e-10,2.1522364950988821e-11,0
2678,-3.5434100759952077e-10,4.7431856754443988e-06,4.7419679233732149e-06,1.2177520711839128e-09,1.4479672868346701e-11,0
2679,4.5356571154074256e-12,-1.7438731168448936e-06,-1.7446041944618347e-06,7.3107761694112877e-10,3.1339882299790948e-12,0
2680,-3.6766802985196853e-10,1.6090597270316392e-05,1.6088512668982095e-05,2.0846013342975308e-09,7.7615805076410183e-12,0
2681,-1.5965278266313765e-10,-1.7232325803798057e-05,-1.7234170998015408e-05,1.8451942173503119e-09,1.4075317933211334e-11,0
2682,-2.7168094677720939e-10,9.4821140351600709e-05,9.4818591433202108e-05,2.5489183986003366e-09,1.1541386640079260e-11,0
2683,-6.4563702198817991e-10,1.8662768201549267e-05,1.8660725936140404e-05,2.0422654088624276e-09,1.0003160788403115e-11,0
2684,-3.7220368696387550e-10,1.7834456572859807e-05,1.7834513052406693e-05,-5.6479546886400002e-11,7.9525509201122308e-12,0
2685,-1.6418843977963431e-10,-1.5488517324418246e-05,-1.5489524204685753e-05,1.0068802675066021e-09,1.5495862700352150e-11,0
2686,-2.7621660388780126e-10,9.6565037028806516e-05,9.6563197881761775e-05,1.8391470447406489e-09,4.6703916176232784e-12,0
2687,-6.5017267909668691e-10,2.0406643616219938e-05,2.0402230675950074e-05,4.4129402698641100e-09,7.5880193379453178e-12,0
2688,2.0801524711188781e-10,-3.3322878443088795e-05,-3.3324804343604926e-05,1.9259005161313420e-09,3.4909351298691164e-11,0
2689,9.5987083098765661e-11,7.8730628349430593e-05,7.8723864371934419e-05,6.7639774961738642e-09,1.3689260179202781e-11,0
2690,-2.7796899174455351e-10,2.5721833513353640e-06,2.5693395990677866e-06,2.8437522675773863e-09,1.4733789877024930e-11,0
2691,-1.1202816409352914e-10,1.1205353827871542e-04,1.1205053539037290e-04,3.0028883425122855e-09,3.2254601303646860e-11,0
2692,-4.8598423922596727e-10,3.5894971593019871e-05,3.5885728071563934e-05,9.2435214559362985e-09,3.8172175096647716e-11,0
2693,-3.7395607503393737e-10,-7.6158425876768961e-05,-7.6160188598950275e-05,1.7627221813139781e-09,1.2746108921666604e-11,0
2694,-3.4164297602840154e-10,-1.7714729628799490e-04,-1.7714798584369894e-04,6.8955570404040725e-10,9.5076185927154661e-12,0
2695,-5.8313689313774630e-10,1.1872608668677537e-06,1.1745777909943877e-06,1.2683075873365947e-08,1.0844698263564328e-11,0
2696,-2.4332868397686429e-10,9.6565760503014141e-05,9.6563712809992133e-05,2.0476930220078658e-09,7.3304798657042707e-12,0
2697,-6.5931313488200483e-10,-3.5919160401163414e-05,-3.5934828924045010e-05,1.5668522881596622e-08,7.7857472380952865e-12,0
2698,-2.4149391747208321e-10,1.7833458994362351e-04,1.7832472788896953e-04,9.8620546539851354e-09,2.4408643331910920e-11,0
2699,9.8314293866233939e-11,2.7371309444797730e-04,2.7371296264547495e-04,1.3180250234322635e-10,1.6652280745216639e-11,0
2700,-3.1767015927437115e-10,1.4122813876331569e-04,1.4121464666451585e-04,1.3492098799848008e-08,1.5145437464532454e-11,0
2701,3.3980821176818689e-10,9.5378501529956583e-05,9.5391252733373409e-05,-1.2751203416826000e-08,1.9471137919485803e-11,0
2702,-7.6176241810242691e-11,-3.7106413804535200e-05,-3.7112454577060279e-05,6.0407725250788088e-09,1.4924948514712314e-11,0
2703,-4.1598445044645131e-10,-1.3248493739631551e-04,-1.3250230022074434e-04,1.7362824428836547e-08,1.1859555480257197e-11,0
2704,-9.1580726412888664e-11,4.7454166910774857e-06,4.7452279525281730e-06,1.8873854931275629e-10,2.1938669972469867e-11,0
2705,-8.9121590363595780e-11,1.7832722899538476e-04,1.7832601673173638e-04,1.2122636483785209e-09,8.3982775771508649e-12,0
2706,-1.0898386671038026e-10,1.4121872321148617e-04,1.4121660549491508e-04,2.1177165710872369e-09,5.2030344770510396e-12,0
2707,-1.9862276341293989e-11,-3.7108492648044644e-05,-3.7111769049905576e-05,3.2764018609326333e-09,5.5840062690389044e-12,0
2708,6.3868307998477150e-12,-1.7447930747892431e-06,-1.7445165549676948e-06,-2.7651982154834502e-10,3.4919460428777827e-12,0
2709,7.2080761937817531e-10,1.6116386657046705e-05,1.6102177052674767e-05,1.4209604371938426e-08,1.8720797062362121e-11,0
2710,-7.7433244689942931e-11,-1.7230721851140191e-05,-1.7233087141643947e-05,2.3652905037553238e-09,4.3171195751103444e-11,0
2711,-3.3819528941076428e-11,9.4824950581496627e-05,9.4821931175831123e-05,3.0194056655034060e-09,7.3258973034762643e-12,0
2712,7.1442078857600062e-10,1.7861153600900320e-05,1.7848090073769613e-05,1.3063527130707635e-08,7.3094458735122552e-12,0
2713,-8.3820075490067160e-11,-1.5485923091593592e-05,-1.5488524360436868e-05,2.6012688432752219e-09,1.5401444404723104e-11,0
2714,-4.0206359741716397e-11,9.6569759055502172e-05,9.6566444038885885e-05,3.3150166162874929e-09,3.0426460963179387e-12,0
2715,-7.9824086414130831e-10,-3.3347019425067001e-05,-3.3337343656941821e-05,-9.6757681251798946e-09,4.1318287727377387e-11,0
2716,-7.5462714803109397e-10,7.8708595706680415e-05,7.8713592119000116e-05,-4.9964123197007932e-09,8.4536274482061158e-12,0
2717,4.3613715761076846e-11,1.1205564412517660e-04,1.1205280346939138e-04,2.8406557852223967e-09,2.2140617361554401e-11,0
2718,-4.2535166933199151e-10,4.7455300705170032e-06,4.7410898200848415e-06,4.4402504321617277e-09,2.6775633661864218e-11,0
2719,-5.7591307351839977e-10,-1.7896002970073724e-04,-1.7889301873470534e-04,-6.7010966031899816e-08,5.7452614929616866e-11,0
2721,-5.8435301537018878e-11,1.7833212693687921e-04,1.7832602854152572e-04,6.0983953534829785e-09,2.6949160398863284e-11,0
2722,6.1369113249953916e-10,-1.3916838751322404e-05,-1.3914525523636675e-05,-2.3132276857296889e-09,5.1224544148647055e-11,0
2723,6.0873465129599056e-10,-1.5665602906825152e-05,-1.5660093538205453e-05,-5.5093686196989241e-09,2.1193091517109747e-11,0
2724,5.3070813397388006e-10,2.1797968456083172e-06,2.1763716696094720e-06,3.4251759988451722e-09,4.2474224068465363e-11,0
2726,-8.2982998231562950e-11,1.6096571795863211e-05,1.6092307943541592e-05,4.2638523216191083e-09,4.3642110682038843e-11,0
2727,-7.8026517060115183e-11,1.7845424296155559e-05,1.7838323112391848e-05,7.1011837637112234e-09,1.9326632028160954e-11,0
2728,3.4416449376970951e-10,-1.8473408001619916e-04,-1.8474025168469508e-04,6.1716684959193385e-09,7.0254475447368318e-12,0
2729,1.7170742973440830e-10,-6.4191776360999694e-06,-6.4167651644099593e-06,-2.4124716900101879e-09,7.3122428484357409e-12,0
2730,6.0351302569128606e-10,-2.3045247194309476e-05,-2.3067417854333038e-05,2.2170660023562185e-08,4.3396447901048595e-11,0
2731,5.7204198442530063e-10,8.8997659950809660e-05,8.8977460284031266e-05,2.0199666778394150e-08,6.4642601451561715e-12,0
2732,1.1415654796623845e-10,-4.3530246926937188e-05,-4.3527292291509307e-05,-2.9546354278817523e-09,4.0525966269862872e-12,0
2733,5.2486945485163504e-10,1.2852645301935847e-05,1.2820796727897150e-05,3.1848574038697202e-08,8.2587284549158150e-12,0
2734,-1.7245706410022873e-10,1.7831491130779545e-04,1.7832407091880091e-04,-9.1596110054624914e-09,5.5163588124568431e-12,0
2735,2.2787749124104198e-10,2.7373174286811895e-04,2.7371360707988227e-04,1.8135788236678472e-08,5.5193957588626636e-12,0
2736,-2.3000794587561280e-10,1.4120382784382334e-04,1.4121414917672243e-04,-1.0321332899086103e-08,3.4392298434078483e-12,0
2737,1.8070496185240713e-10,1.9758674225861615e-04,1.9754107428028683e-04,4.5667978329310245e-08,1.5146209845054260e-11,0
2738,4.0033455495490209e-10,9.5416824312243541e-05,9.5392561623926629e-05,2.4262688316911544e-08,5.9615498287709210e-12,0
2739,-5.7550881771075662e-11,-3.7111085312210683e-05,-3.7112255958110548e-05,1.1706458998651586e-09,3.4775139175185973e-12,0
2740,3.5316202545690564e-10,1.9271808808438151e-05,1.9222064048209017e-05,4.9744760229133717e-08,1.3971018862295403e-11,0
2741,-2.5934853265371664e-10,-1.6168883527734089e-04,-1.6166129831093800e-04,-2.7536966402892703e-08,3.1281109425770859e-11,0
2742,-4.3180559677448931e-10,1.6626091723901532e-05,1.6660492808801481e-05,-3.4401084899948953e-08,4.4532770360484597e-11,0
2743,-3.1471041216138529e-11,1.1204297428364391e-04,1.1205213363286865e-04,-9.1593492247395245e-09,3.0579866121667560e-11,0
2744,-4.8935647855396327e-10,-2.0484968355997252e-05,-2.0449455560775759e-05,-3.5512795221493034e-08,2.2810164650548130e-11,0
2745,-7.8643570543344719e-11,3.5897684078733017e-05,3.5891062003631910e-05,6.6220751011067218e-09,8.7223792690568453e-11,0
2746,-4.5788543722214243e-10,-1.3252791406539489e-04,-1.3250348980551889e-04,-2.4424259876008403e-08,3.5893013520467074e-12,0
2747,-4.7172529361475236e-11,-7.6145014619314125e-05,-7.6156495472700487e-05,1.1480853386361921e-08,1.3805796253928644e-11,0
2748,4.1071290706651186e-10,5.6382881556026748e-05,5.6341026092691418e-05,4.1855463335330482e-08,8.4556719402186312e-12,0
2749,-2.5343722587698847e-12,-1.7493544251056376e-06,-1.7445550832909228e-06,-4.7993418147148105e-09,1.8206420212277902e-11,0
2750,-5.1619224833767814e-10,-1.3251287963096398e-04,-1.3250444372017508e-04,-8.4359107889008921e-09,1.0802092808759560e-11,0
2751,8.3120662955259902e-11,-7.6110462968874068e-05,-7.6154980075815023e-05,4.4517106940954675e-08,3.1185298194508669e-11,0
2752,5.9931291072420511e-10,5.6402433777497096e-05,5.6343475931589853e-05,5.8957845907243501e-08,3.1336293820010350e-11,0
2753,2.7234724706385583e-10,-1.8472637959609725e-04,-1.8474066494725418e-04,1.4285351156932257e-08,2.4451992915200475e-11,0
2754,1.2996409436202064e-10,-6.4190029849791469e-06,-6.4173823449808795e-06,-1.6206399982674234e-09,2.1645552935512863e-11,0
2755,-1.4238315264845885e-10,1.7830746576233229e-04,1.7832387486695143e-04,-1.6409104619139955e-08,2.0874476158757298e-11,0
2756,6.3989465544800912e-11,2.1733956219646125e-06,2.1705988345795194e-06,2.7967873850930376e-09,7.2991725867234868e-12,0
2758,2.8917794315509212e-12,-1.7450577934062278e-06,-1.7444410868556320e-06,-6.1670655059585104e-10,1.1430385479014393e-11,0
2759,-6.5419409918366792e-10,-1.7890632205286826e-04,-1.7889235511207871e-04,-1.3966940789550885e-08,1.9341237746365879e-11,0
2760,-7.1681595923316222e-10,-5.7933614163938052e-07,-5.6995873720166941e-07,-9.3774044377111063e-09,1.7804920857571938e-11,0
2761,-1.6907762280833647e-11,-1.7229342488836018e-05,-1.7232218588261427e-05,2.8760994254089774e-09,7.6036399049348547e-11,0
2762,2.7110656642465105e-11,9.4832219548101476e-05,9.4823403002537723e-05,8.8165455637529517e-09,2.3202765330424040e-11,0
2763,-6.5708587861239935e-10,-1.7716127301480034e-04,-1.7714950925306206e-04,-1.1763761738271990e-08,1.1951062634236218e-11,0
2764,-7.1970773865976356e-10,1.1656800901196571e-06,1.1725597437914462e-06,-6.8796536717891143e-09,1.4939027948192450e-11,0
2765,-1.9799541711680248e-11,-1.5484284052077720e-05,-1.5487724612199927e-05,3.4405601222069519e-09,6.5357077964290666e-11,0
2766,2.4218877213709258e-11,9.6577245432264824e-05,9.6567829475503066e-05,9.4159567617571995e-09,1.2158233324372290e-11,0
2767,-6.2621860303441631e-11,1.7832693872021996e-04,1.7832431408592884e-04,2.6246342911268993e-09,1.7519003619458963e-11,0
2768,6.8130475615345363e-10,2.7373850280363286e-04,2.7371851860692438e-04,1.9984196708480034e-08,2.0866486322765745e-11,0
2769,7.4392661616446770e-10,9.5411543789950676e-05,9.5397235519698181e-05,1.4308270252495173e-08,2.7040969309892562e-11,0
2770,-6.3728633685440357e-10,-1.6167711749148252e-04,-1.6166495920591755e-04,-1.2158285564965732e-08,8.6601381914738048e-11,0
2771,-6.9990819687196943e-10,1.6649937820852750e-05,1.6657111706916202e-05,-7.1738860634512831e-09,8.3798022338937081e-11,0
2773,5.1564963107058252e-10,-7.5693213877287349e-06,-7.5936232182080277e-06,2.4301830479292740e-08,2.8955258185912868e-11,0
2775,-1.2991465179006377e-10,-4.3548866521202906e-05,-4.3530647010148906e-05,-1.8219511053999449e-08,2.7290423327170636e-11,0
2776,-7.0278045690971448e-11,9.6548962012573021e-05,9.6566799366414760e-05,-1.7837353841738501e-08,1.3553082301998958e-11,0
2777,-6.4556428291164498e-10,-3.5979534863176538e-05,-3.5935147685569768e-05,-4.4387177606769847e-08,9.8613873723502004e-12,0
2778,-5.7528623713733592e-10,-1.3252848773339342e-04,-1.3250564807230363e-04,-2.2839661089783586e-08,1.1476366040868178e-11,0
2779,9.8249871362441935e-11,2.1926695901856343e-06,2.1710405438490153e-06,2.1629046336618989e-08,2.7399499263494725e-11,0
2780,-7.9044532965922852e-11,4.7353611092974812e-06,4.7453896712311687e-06,-1.0028561933687448e-08,1.7270581647739173e-11,0
2781,-1.7729440435007447e-10,2.5426482439111497e-06,2.5706548932521058e-06,-2.8006649340956031e-08,1.7941562061197938e-11,0
2782,5.0424397187135780e-10,2.7372997535405307e-04,2.7371569605280866e-04,1.4279301244408179e-08,2.2832452374315888e-11,0
2783,-1.4996439536124828e-10,1.4121470810624743e-04,1.4121293800188652e-04,1.7701043609119529e-09,1.0468189644285507e-11,0
2785,7.8004598091572646e-12,1.1205701038526029e-04,1.1205329643251191e-04,3.7139527483818395e-09,3.4547301746370216e-11,0
2786,-6.4640790761584373e-10,-2.0458124906952944e-05,-2.0451717743994512e-05,-6.4071629584321705e-09,1.1203481056744665e-10,0
2787,-6.5420836744664558e-10,-1.3251518640999393e-04,-1.3250685624025923e-04,-8.3301697346961027e-09,2.0375806226715030e-11,0
2788,9.7391222719340000e-12,-1.7446277321809190e-06,-1.7442910965708370e-06,-3.3663561008208224e-10,2.0246047400317596e-11,0
2789,3.9402462220241548e-10,2.1828801578058915e-06,2.1747253665216990e-06,8.1547912841924632e-09,2.1244996429559792e-11,0
2790,2.3524532531927677e-10,4.7567761281598619e-06,4.7492894348648698e-06,7.4866932949921850e-09,2.0994669268455714e-11,0
2791,-1.5877929659168570e-10,2.5738250515053773e-06,2.5709028137353823e-06,2.9222377699949739e-09,2.3944644207701086e-11,0
2792,4.6913404830713523e-11,-1.8476140511374320e-04,-1.8474167116069466e-04,-1.9733953048539036e-08,1.8473534734087451e-11,0
2793,-7.8572862837989231e-11,-6.4402383470850422e-06,-6.4203415040157505e-06,-1.9896843069291632e-08,1.7949876245903800e-11,0
2794,-1.1290639183898618e-10,-4.3549498587622942e-05,-4.3530666709095367e-05,-1.8831878527575689e-08,1.0886023477608299e-11,0
2795,-1.2548626779601239e-10,1.7832116745447862e-04,1.7832195140847181e-04,-7.8395399319333009e-10,1.3788877981535143e-11,0
2796,-1.5981979685266251e-10,1.4121189815202804e-04,1.4121218991783346e-04,-2.9176580541769720e-10,9.0490606581236707e-12,0
2797,-3.4333529071749970e-11,-3.7109268740598094e-05,-3.7112025819930768e-05,2.7570793326739352e-09,9.3283850445933132e-12,0
2798,3.8825566257346313e-12,-1.7409182804310449e-06,-1.7443234713629234e-06,3.4051909318785674e-09,6.9640087235317956e-12,0
2799,-7.4605353218244471e-11,-1.7236406540679493e-05,-1.7232829563043344e-05,-3.5769776361497770e-09,6.6848694697375362e-11,0
2800,-8.6054781784685853e-11,9.4819416082705076e-05,9.4822634503975492e-05,-3.2184212704161564e-09,1.2988869786597010e-11,0
2801,-7.8487909842418811e-11,-1.5495499029661262e-05,-1.5488447295667090e-05,-7.0517339941723509e-09,3.5364422932874075e-11,0
2802,-8.9937338406667350e-11,9.6560370788614965e-05,9.6566933678971455e-05,-6.5628903564906790e-09,5.4724470393622219e-12,0
2803,-1.1449428588900447e-11,1.1205591899544574e-04,1.1205329146998269e-04,2.6275254630479111e-09,6.7203696956179971e-11,0
2804,6.1582343929759019e-12,-1.7443939707305190e-06,-1.7442589024756284e-06,-1.3506825489058656e-10,3.4707696649226217e-12,0
2805,7.3223472866530897e-10,1.6114858379710426e-05,1.6102985908081170e-05,1.1872471629255301e-08,1.3008001429246297e-11,0
2806,-8.5740831905575379e-10,-1.7889559663160966e-04,-1.7889260957867025e-04,-2.9870529394144391e-09,9.6445031914772401e-12,0
2807,-9.3585912833903494e-10,-5.6879442309268335e-07,-5.7271644950552313e-07,3.9220264128397709e-09,9.6536129031415465e-12,0
2808,-6.9282573452221513e-11,-1.7230494030857099e-05,-1.7232727470159077e-05,2.2334393019778553e-09,2.7885235339673785e-11,0
2809,-1.9946118987949557e-11,9.4826392970896603e-05,9.4823673451239202e-05,2.7195196574010799e-09,5.6006453339539245e-12,0
2810,-9.2637159302164624e-10,-3.7674688846831700e-05,-3.7682435919183965e-05,7.7470723522653521e-09,6.3500337709733788e-12,0
2811,7.2607649428074613e-10,1.7859281605398999e-05,1.7848642392878132e-05,1.0639212520867553e-08,7.3944894863958177e-12,0
2812,-8.6356655344998544e-10,-1.7715119031373912e-04,-1.7714997849488579e-04,-1.2118188533259515e-09,5.2638833913360819e-12,0
2813,-9.4201736273309247e-10,1.1756162592666680e-06,1.1695187573536627e-06,6.0975019130053483e-09,5.7393226666443661e-12,0
2814,-7.5440807848794358e-11,-1.5486173113667058e-05,-1.5488407733328462e-05,2.2346196614040498e-09,1.5907018764904925e-11,0
2815,-2.6104353378794441e-11,9.6570798886816758e-05,9.6567904716085020e-05,2.8941707317384560e-09,2.9473254091591212e-12,0
2816,-9.3252982741297521e-10,-3.5930280382411722e-05,-3.5938996535053635e-05,8.7161526419126485e-09,3.6584862904630474e-12,0
2817,-1.5896430482905093e-09,-1.9501044601259905e-04,-1.9498701729927219e-04,-2.3428713326865708e-08,1.7751577253931665e-11,0
2818,-1.6680938567536606e-09,-1.6683634879192596e-05,-1.6663260410364384e-05,-2.0374468828212694e-08,1.3359321546248543e-11,0
2819,-8.0151730213458135e-10,-3.3345309005262946e-05,-3.3337626864303680e-05,-7.6821409592664610e-09,4.4159599813455082e-11,0
2820,-7.5218084732112476e-10,7.8711500957182393e-05,7.8714736515957115e-05,-3.2355587747224341e-09,9.8901203484640412e-12,0
2821,-1.6586063211321010e-09,-5.3789536494948127e-05,-5.3779502425828387e-05,-1.0034069119739682e-08,9.8474353944309545e-12,0
2822,-7.8450809083241905e-11,1.7832681322009838e-04,1.7832181312058169e-04,5.0000995166922090e-09,6.2795140354675939e-12,0
2823,8.3746220029808001e-10,2.7372196319135718e-04,2.7371898943930522e-04,2.9737520519505269e-09,7.5530474852837062e-12,0
2824,-6.8963273690077490e-11,1.4122090372349280e-04,1.4121256097896244e-04,8.3427445303659031e-09,4.0545940549798405e-12,0
2825,9.1591300940976451e-10,9.5395162141025287e-05,9.5400218719406710e-05,-5.0565783814223190e-09,8.1394833934745478e-12,0
2826,9.4875355108371065e-12,-3.7105910421732311e-05,-3.7111497807039498e-05,5.5873853071865330e-09,3.0536072646035215e-12,0
2827,-7.8812574561058607e-10,-1.6166508039164740e-04,-1.6166471642697805e-04,-3.6396466935695142e-10,3.9280439014776186e-11,0
2828,-8.6657655487813549e-10,1.6661727023709744e-05,1.6654928957499469e-05,6.7980662102742949e-09,2.9627801288144931e-11,0
2829,4.9336454479537438e-11,1.1205689292820981e-04,1.1205423517588389e-04,2.6577523259171520e-09,2.6249452999139041e-11,0
2830,-8.5708901954920359e-10,-2.0444125039823652e-05,-2.0454527667694581e-05,1.0402627870928846e-08,2.1935394406736576e-11,0
2831,-9.0642547401490683e-10,-1.3250107843944953e-04,-1.3251056820420216e-04,9.4897647526313422e-09,5.1896020041230559e-12,0
2832,4.3020023494993291e-10,1.2841556721783672e-05,1.2819273784719492e-05,2.2282937064179711e-08,2.5400577716230122e-11,0
2833,2.5357187221851824e-12,-1.7461855317006526e-06,-1.7442768598912779e-06,-1.9086718093746483e-09,9.3892010442472289e-12,0
2834,-9.2229835920587853e-10,-1.7889292775538634e-04,-1.7889298304910625e-04,5.5293719906576722e-11,1.7996182556920226e-11,0
2835,1.5756105645354402e-10,9.4829029691016406e-05,9.4826037364275075e-05,2.9923267413309871e-09,1.5914548180839943e-11,0
2836,-9.2483407793170206e-10,-1.7714672449949814e-04,-1.7715034021140630e-04,3.6157119081550379e-09,1.2721946199241861e-11,0
2837,1.5502533771930967e-10,9.6575184710185301e-05,9.6570284107534935e-05,4.9006026503663072e-09,1.0060867018527650e-11,0
2838,1.0798594144715296e-09,2.7372190298542568e-04,2.7372171652835709e-04,1.8645706858924985e-10,1.5142667068229551e-11,0
2839,2.1209960769658496e-10,-4.3507257556300860e-05,-4.3526923282769137e-05,1.9665726468276630e-08,1.4096942857607523e-11,0
2840,1.4948912825925294e-10,2.1757607876577920e-06,2.1717205703803455e-06,4.0402172774464573e-09,1.4026957826540002e-11,0
2841,-7.5342873976157656e-11,4.7448630660223978e-06,4.7454411584926478e-06,-5.7809247025001747e-10,1.3528765749526110e-11,0
2842,-2.2483200228218728e-10,2.5690909747945467e-06,2.5701140100702567e-06,-1.0230352757099554e-09,1.3223655189034012e-11,0
2843,-1.3152582061149563e-11,-1.5484465988706893e-05,-1.5487632720121494e-05,3.1667314146005467e-09,2.0927692373459537e-11,0
2844,-1.3908691373117739e-11,-3.7108252214900980e-05,-3.7111810799918102e-05,3.5585850171213572e-09,7.5085022466916926e-12,0
2845,4.9404731246547879e-10,1.2822503047312146e-05,1.2819955087233033e-05,2.5479600791136097e-09,7.2051067363522812e-12,0
2846,-6.1232311105035664e-10,-8.0860516000584581e-06,-8.0843759048106519e-06,-1.6756952478062120e-09,9.6218581983613178e-12,0
2847,-1.1827579770487638e-10,4.7364409886318723e-06,4.7449095618891580e-06,-8.4685732572856563e-09,1.0300677696603770e-11,0
2849,-5.0101548389833242e-11,1.7835522292254788e-04,1.7832078189612777e-04,3.4441026420102506e-08,5.3358267107814091e-12,0
2850,-7.3169315623895481e-12,-1.7465708613495447e-06,-1.7443326065700249e-06,-2.2382547795197807e-09,1.6026967592035278e-11,0
2854,-4.1625383206194859e-11,2.1692344648657075e-06,2.1693632108513216e-06,-1.2874598561409082e-10,1.4003215007277467e-11,0
2855,-3.3985927470412828e-10,4.7418287617926463e-06,4.7421623555402554e-06,-3.3359374760908101e-10,2.7642235184867143e-11,0
2856,-2.9823389108111748e-10,2.5725648350740597e-06,2.5692176267471920e-06,3.3472083268676555e-09,2.2557306756413321e-11,0
2857,4.4040380659239800e-10,1.2824598575249084e-05,1.2819201493630632e-05,5.3970816184516646e-09,2.2292507409859917e-11,0
2858,-2.1282277901684547e-11,1.1205570040063008e-04,1.1205404742214330e-04,1.6529784867811738e-09,8.6889892597407156e-11,0
2859,-3.0545764362666817e-11,-3.7123219686006383e-05,-3.7112040377131522e-05,-1.1179308874860417e-08,1.3383106291464388e-11,0
2860,8.9319103894634564e-13,-1.7460670066706655e-06,-1.7441852572227406e-06,-1.8817494479248986e-09,1.5301257679332347e-11,0
2861,7.4529317128721129e-10,1.0252659952494220e-05,1.0257573833866817e-05,-4.9138813725975168e-09,1.8442836427005717e-11,0
2862,8.4571128555860975e-10,-2.3058923149743560e-05,-2.3065482203843641e-05,6.5590541000811614e-09,8.1865283587788348e-11,0
2863,7.8740384905651756e-10,8.8988961070960576e-05,8.8981411171086525e-05,7.5498998740509580e-09,1.6763592103217304e-11,0
2864,5.3588657221860317e-10,1.2820375629999845e-05,1.2820327999688458e-05,4.7630311387293666e-11,1.4797906773805856e-11,0
2865,-7.0796464131838506e-10,-8.0864686223137278e-06,-8.0854786952526143e-06,-9.8992706111349082e-10,1.6564954993681422e-11,0
2866,3.7328531144190131e-11,2.1662033826211347e-06,2.1703617245508307e-06,-4.1583419296960269e-09,1.7398399744363189e-11,0
2867,1.3774664536567373e-10,-3.1145518173647654e-05,-3.1144706187420212e-05,-8.1198622744202767e-10,8.4127190356099332e-11,0
2868,7.9439208849384267e-11,8.0902457917550984e-05,8.0903856215166673e-05,-1.3982976156893655e-09,4.3447221625796889e-11,0
2869,-1.7207806813400769e-10,4.7338578573197232e-06,4.7442455176555985e-06,-1.0387660335875309e-08,1.8435461245009130e-11,0
2870,1.0041811424320738e-10,-3.3311645408159486e-05,-3.3326593468003343e-05,1.4948059843857009e-08,7.1377624121432778e-11,0
2871,4.2110677730854125e-11,7.8736256823827653e-05,7.8725284771559255e-05,1.0972052268397878e-08,2.1759239219350457e-11,0
2872,-2.0940659919365165e-10,2.5676943697537299e-06,2.5703403534843982e-06,-2.6459837306682232e-09,1.5321605111430917e-11,0
2873,-5.8307436521195825e-11,1.1204795642626511e-04,1.1205375260481826e-04,-5.7961785531509668e-09,7.0877795737455096e-11,0
2874,-3.0982471352901059e-10,3.5879352343060056e-05,3.5889114528410425e-05,-9.7621853503690784e-09,7.9947731717314181e-11,0
2875,-2.5151727696920409e-10,-7.6168573518363598e-05,-7.6160200558830424e-05,-8.3729595331746842e-09,2.4442924716909766e-11,0
2876,-2.0180598458240423e-13,-1.7481168756766825e-06,-1.7441677659281209e-06,-3.9491097485615848e-09,2.5129364871651654e-11,0
2877,-4.9722240800502312e-10,-1.7892423331671275e-04,-1.7888542390325193e-04,-3.8809413460818643e-08,6.0874238899870333e-11,0
2878,-4.9702060202641330e-10,-1.7717615374165767e-04,-1.7714292306503750e-04,-3.3230676620171111e-08,2.0277749398681138e-11,0
2879,1.5244856719931179e-10,-6.4207514488124999e-06,-6.4181296411608565e-06,-2.6218076516434070e-09,8.8503532011531568e-12,0
2880,6.0745309140712161e-10,8.9024841961772919e-05,8.8979255166001680e-05,4.5586795771238421e-08,1.0764019730633216e-11,0
2881,9.6240648629128921e-11,-4.3531829444355295e-05,-4.3528845014543798e-05,-2.9844298114964905e-09,4.8471152265295185e-12,0
2882,4.5500452444542278e-10,9.5445587935085591e-05,9.5395614621165503e-05,4.9973313920087439e-08,9.3405884235307606e-12,0
2883,-5.6207918569720814e-11,-3.7111088246308526e-05,-3.7112376983540223e-05,1.2887372316969735e-09,4.0445886011745535e-12,0
2884,-5.1121244369213281e-10,-1.3255668841539309e-04,-1.3250700124222388e-04,-4.9687173169209739e-08,5.5767692255830874e-12,0
2885,1.4866769669504541e-10,-6.3986351839309674e-06,-6.4182554632371827e-06,1.9620279306215294e-08,1.3992431163113321e-11,0
2886,1.0809911453033421e-10,-4.3521218339698242e-05,-4.3528791253852330e-05,7.5729141540875123e-09,7.1311394821707301e-12,0
2887,-4.0568582132520620e-11,-3.7122594782145954e-05,-3.7112192687013385e-05,-1.0402095132568720e-08,4.4645230969165326e-12,0
2889,-1.0160309523004732e-09,-7.6160963512657276e-05,-7.6169852529773944e-05,8.8890171166680979e-09,1.1685691087447241e-11,0
2890,2.3897182761198927e-10,-1.8472073300640490e-04,-1.8473545965287961e-04,1.4726646474711499e-08,2.6628100347314684e-11,0
2891,1.0637893257990033e-10,-6.4205130025645103e-06,-6.4188460556998950e-06,-1.6669468646153134e-09,2.3497518581730933e-11,0
2892,-1.3259289496516968e-10,1.7830025729653406e-04,1.7831729845404213e-04,-1.7041157508062340e-08,1.7580847890679052e-11,0
2893,6.1218148518607815e-10,-1.3919858993472747e-05,-1.3916170501918689e-05,-3.6884915540581547e-09,2.7027741896801575e-11,0
2895,5.1944173375855564e-10,2.1751197334745308e-06,2.1763632712003575e-06,-1.2435377258267105e-09,3.0988950211432996e-11,0
2896,7.7901089220659177e-10,-3.1143664994651328e-05,-3.1136977973384554e-05,-6.6870212667735651e-09,9.8086446043212960e-11,0
2897,8.6309758615991582e-10,8.0919127988681762e-05,8.0913772901769973e-05,5.3550869117893621e-09,2.9726965675347194e-11,0
2898,5.6682233904326832e-10,4.7662202017134322e-06,4.7534118186450804e-06,1.2808383068351884e-08,1.9998819934504288e-11,0
2900,-9.2739751218643907e-11,1.6094990952860404e-05,1.6093378091804410e-05,1.6128610559940407e-09,2.9773435692470111e-11,0
2901,1.6682940699746811e-10,-1.7224023113536838e-05,-1.7229557809138835e-05,5.5346956019977059e-09,2.8070069732202385e-11,0
2902,2.5091610095754427e-10,9.4838919117855476e-05,9.4828499111106727e-05,1.0420006748749046e-08,1.0581984711572859e-11,0
2903,-4.5359145860921397e-11,1.8686058347909366e-05,1.8669674505487464e-05,1.6383842421902034e-08,2.7277067221601290e-11,0
2908,2.5956915825839831e-10,-3.3319020249731983e-05,-3.3324694367639160e-05,5.6741179071771860e-09,1.0291475687683460e-10,0
2909,3.4365585222322683e-10,7.8743896118317613e-05,7.8729367041091650e-05,1.4529077225962925e-08,2.8206326603081482e-11,0
2910,4.7380605333621395e-11,2.5910865454415247e-06,2.5735495867796164e-06,1.7536958661908245e-08,2.3929776340902215e-11,0
2911,8.4086693983465921e-11,1.1206286408544665e-04,1.1205593703572059e-04,6.9270497260606138e-09,3.6865478863477742e-11,0
2913,-2.9627524560538748e-10,-7.6152825861648503e-05,-7.6161006707902752e-05,8.1808462542491776e-09,3.1977760357792213e-11,0
2915,-6.3766395632615662e-10,-1.7889773022353346e-04,-1.7888541241039221e-04,-1.2317813141254604e-08,1.6979016989120171e-11,0
2916,-6.7657627313149103e-10,-5.7743247958196367e-07,-5.6958237321794743e-07,-7.8501063640162421e-09,2.3233902250231888e-11,0
2917,5.0436763824605290e-11,9.4833763970266719e-05,9.4826231968889128e-05,7.5320013775910565e-09,1.8899290650412673e-11,0
2918,-6.6850981818024383e-10,-3.7684751478052054e-05,-3.7679851215628599e-05,-4.9002624234555352e-09,2.5291628116352828e-11,0
2923,-3.8912317038993970e-11,1.7832034392925144e-04,1.7831775452954376e-04,2.5893997076739672e-09,1.6085309918181178e-11,0
2924,6.8810072053839204e-10,2.7373147699308320e-04,2.7371424404020231e-04,1.7232952880886013e-08,1.6279667835796977e-11,0
2925,-3.0845862157755212e-11,1.4121298382071667e-04,1.4120826981402722e-04,4.7140066894478874e-09,1.6037013312066521e-11,0
2926,7.2701303719702969e-10,9.5411128276326300e-05,9.5399554416479413e-05,1.1573859846886582e-08,2.3232484764111102e-11,0
2927,8.0664549239127735e-12,-3.7107323192044506e-05,-3.7111612724555566e-05,4.2895325110597015e-09,1.8054543225939919e-11,0
2928,-7.1894658168897310e-10,-1.3251850306262962e-04,-1.3251025725803309e-04,-8.2458045965296337e-09,1.8335245880599384e-11,0
2929,1.6252958238711909e-10,2.1762351161322933e-06,2.1719509871338734e-06,4.2841289984198917e-09,2.3195730876794474e-11,0
2930,-6.2021653531604669e-11,4.7444559620902355e-06,4.7456149612110504e-06,-1.1589991208149698e-09,2.3607453896313815e-11,0
2931,-2.2455123595669728e-10,2.5683196969569430e-06,2.5701924601812212e-06,-1.8727632242781450e-09,2.1941420759906126e-11,0
2932,2.0018280304019100e-10,-4.3506079399607128e-05,-4.3527944953901082e-05,2.1865554293954250e-08,1.4580676182749755e-11,0
2933,-2.4970633064162455e-09,-1.3947085649338581e-05,-1.3954972354400690e-05,7.8867050621094436e-09,2.3182148507498894e-11,0
2935,-6.2243428724192421e-10,2.1543990568282517e-06,2.1622218904918727e-06,-7.8228336636209655e-09,2.0376362400720150e-11,0
2936,-4.0855163838670836e-09,-1.9282808297145428e-04,-1.9283781792613192e-04,9.7349546776352974e-09,2.8766455218089219e-11,0
2937,-2.4856048152533384e-09,-3.1176960421042121e-05,-3.1177658400950143e-05,6.9797990802209940e-10,6.4521328549273264e-11,0
2938,-2.2791080629177287e-09,8.0881450886827536e-05,8.0874976427851888e-05,6.4744589756474385e-09,2.4121759025598559e-11,0
2939,-2.3251739422603912e-10,4.7400114730894449e-06,4.7435012638583404e-06,-3.4897907688955006e-09,2.1483437166774969e-11,0
2941,1.8746290262037917e-09,1.6101407332398850e-05,1.6117954074914109e-05,-1.6546742515259578e-08,2.2408013413239953e-11,0
2942,-1.5884530863927333e-09,-1.7888110582044842e-04,-1.7889667547515338e-04,1.5569654704964070e-08,1.2877656219160918e-11,0
2943,1.1458488373913942e-11,-1.7229952526642963e-05,-1.7231415773587368e-05,1.4632469444042387e-09,4.5898351812112169e-11,0
2945,2.2645459177726702e-09,1.8687059969184003e-05,1.8698504347693616e-05,-1.1444378509613403e-08,2.1721061577733603e-11,0
2951,-3.4630821047879987e-09,-1.9498243665239199e-04,-1.9500639272063597e-04,2.3956068243978935e-08,2.4508435133633909e-11,0
2952,-1.8631705329851314e-09,-3.3331321348203415e-05,-3.3351084112828430e-05,1.9762764625015693e-08,6.4591748561101161e-11,0
2953,-1.6566737809729360e-09,7.8727066539698888e-05,7.8704856657577866e-05,2.2209882121021983e-08,2.1325830278149836e-11,0
2954,3.8991689229993520e-10,2.5856523712198057e-06,2.5778189249584001e-06,7.8334462614055291e-09,1.8680166458363295e-11,0
2955,1.8064083220204742e-09,2.7370960424542151e-04,2.7372777105307976e-04,-1.8166807658247588e-08,1.2888445202147307e-11,0
2956,3.8529989924171778e-09,1.9756819770750268e-04,1.9758054150314141e-04,-1.2343795638739517e-08,2.6023179457268061e-11,0
2957,-1.5999115743370764e-09,-1.6165120066860897e-04,-1.6167011970028320e-04,1.8919031674234036e-08,5.7453074043846508e-11,0
2958,2.0649675180765902e-10,1.1205841455890527e-04,1.1205781748987011e-04,5.9706903516362070e-10,4.8219392467329452e-11,0
2959,2.2530874287288216e-09,3.5916950192615982e-05,3.5921266370680312e-05,-4.3161780643297511e-09,6.6081977520605948e-11,0
2960,2.0465906763832444e-09,-7.6141444829919483e-05,-7.6132169071705416e-05,-9.2757582140668305e-09,2.1606315671937177e-11,0
2961,-1.0213083333099788e-10,-6.4461851958901029e-06,-6.4216925916492116e-06,-2.4492604240891299e-08,1.8508322909012292e-11,0
2963,-6.5629100494442447e-10,-1.7885937109531590e-04,-1.7888473088610067e-04,2.5359790784771621e-08,2.5373975007871347e-11,0
2964,3.6207366591850090e-10,9.4831670174385686e-05,9.4830440697194678e-05,1.2294771910086565e-09,1.9943819227064521e-11,0
2967,1.0183646656566631e-09,2.7369104938278731e-04,2.7371774946178829e-04,-2.6700079000985168e-08,2.0393515485532227e-11,0
2968,-1.7932523367121938e-11,2.1685066569302608e-06,2.1697306441230031e-06,-1.2239871927423115e-09,3.0925247242935423e-11,0
2969,-3.2596183652096681e-10,4.7407100708602226e-06,4.7423439189759418e-06,-1.6338481157191840e-09,2.4748624700526943e-11,0
2970,-3.0802931273219535e-10,2.5721230379515195e-06,2.5691764762451827e-06,2.9465617063367800e-09,2.2975687584773501e-11,0
2971,-1.6289589231645298e-11,-3.7108940182183190e-05,-3.7111941496044400e-05,3.0013138612103849e-09,1.2342980658223682e-11,0
2973,7.9651386495179194e-10,1.2785119380357562e-05,1.2823197966490730e-05,-3.8078586133167701e-08,3.2312693645724813e-11,0
2974,-1.2082218204333724e-09,-8.0813149563854276e-06,-8.0914758991401072e-06,1.0160942754679577e-08,5.9824986477749319e-11,0
2975,-4.1170795546147311e-10,4.7037539365191172e-06,4.7412816510839963e-06,-3.7527714564879084e-08,2.5502272421051364e-11,0
2977,7.4890770212086446e-10,1.6114791176273166e-05,1.6104209156305428e-05,1.0582019967738158e-08,1.0995367486730663e-11,0
2978,-8.8039016854941568e-10,-1.7888892771935130e-04,-1.7888654752150197e-04,-2.3801978493362668e-09,1.2538309655939846e-11,0
2979,-9.4504650235017799e-10,-5.6931316420351374e-07,-5.7294594288415422e-07,3.6327786806404771e-09,7.8648477078779448e-12,0
2980,-5.5705529350489019e-11,-1.7230158030182266e-05,-1.7232165097311792e-05,2.0070671295262178e-09,2.2628956656046956e-11,0
2981,2.6188926993732397e-12,9.4828595304481634e-05,9.4826345733520754e-05,2.2495709608798785e-09,4.0986283372533517e-12,0
2982,-9.3012303527162726e-10,-3.7676042349660613e-05,-3.7683352703744742e-05,7.3103540841289974e-09,7.8659570035711875e-12,0
2989,-1.6292978707080655e-09,-1.9500370518853519e-04,-1.9498261180182528e-04,-2.1093386709910211e-08,2.2472558324158942e-11,0
2990,-1.6939542035876445e-09,-1.6684123264232471e-05,-1.6665001388837132e-05,-1.9121875395339288e-08,1.6463098947199775e-11,0
2991,-8.0461323140283679e-10,-3.3344887925917943e-05,-3.3338034852664379e-05,-6.8530732535637749e-09,4.1796429394897550e-11,0
2992,-7.4628880901064327e-10,7.8713799979876833e-05,7.8716507001024534e-05,-2.7070211477004660e-09,8.1624704377023724e-12,0
2993,-1.6790307361688554e-09,-5.3790861020955663e-05,-5.3781590812190355e-05,-9.2702087653082337e-09,1.4197110755107843e-11,0
2994,-6.4656333582092900e-11,1.7831960222338371e-04,1.7831552795818706e-04,4.0742651966486736e-09,7.7610348742669933e-12,0
2995,8.8300906135864528e-10,2.7371753163968880e-04,2.7371544815766907e-04,2.0834820197226933e-09,9.3220131847272946e-12,0
2996,-4.9732866417242108e-11,1.4121287634452206e-04,1.4120603815392346e-04,6.8381905985934448e-09,5.1209100786143555e-12,0
2997,9.4766539477149834e-10,9.5397912653733506e-05,9.5402994541424102e-05,-5.0818876905954968e-09,5.9365620911285666e-12,0
2998,1.4923467279418302e-11,-3.7106715364610288e-05,-3.7111568481485326e-05,4.8531168750378891e-09,4.5922604328071397e-12,0
2999,-8.2468463919803907e-10,-1.6165883480253988e-04,-1.6165924934053160e-04,4.1453799171520950e-10,5.1187026899371982e-11,0
3000,-8.8934097299132522e-10,1.6660882645205127e-05,1.6654322209192755e-05,6.5604360123727365e-09,3.6398497082881045e-11,0
3001,5.8324422062966092e-11,1.1205877346814083e-04,1.1205641989951036e-04,2.3535686304731887e-09,1.9199096063313387e-11,0
3002,-8.7441750590734425e-10,-2.0445848406155237e-05,-2.0455707478542614e-05,9.8590723873772626e-09,3.2637073994341620e-11,0
3003,-9.3274192789966677e-10,-1.3250464119412414e-04,-1.3251375311444847e-04,9.1119203243328166e-09,5.7078031067592908e-12,0
3004,-1.5619655584271876e-10,-4.3548477133758742e-05,-4.3532754881855717e-05,-1.5722251903025264e-08,1.9089772887054646e-11,0
3006,-5.8989821952686761e-10,-1.7889809919898088e-04,-1.7888231684339370e-04,-1.5782355587180569e-08,3.7285443708683818e-11,0
3007,-7.0014781018052542e-10,-5.8323025772452630e-07,-5.6992026936232764e-07,-1.3309988362198661e-08,3.2888970930826481e-11,0
3008,-4.8492006800155711e-11,-1.7232181759228382e-05,-1.7232036646516185e-05,-1.4511271219754592e-10,4.2830721314657177e-11,0
3009,-3.0946464818822917e-11,9.4827814114351418e-05,9.4826166243461532e-05,1.6478708898863765e-09,1.0432957574735529e-11,0
3014,-1.1024959090011238e-10,1.7831500382024671e-04,1.7831432358580488e-04,6.8023444182671068e-10,1.2954858433139705e-11,0
3015,5.5895175431333626e-10,2.7372595504675072e-04,2.7371102299547450e-04,1.4932051276223338e-08,2.4142351483443577e-11,0
3016,6.6920134521980455e-10,9.5410967133688004e-05,9.5399776912713578e-05,1.1190220974426372e-08,2.8822244589634015e-11,0
3019,1.7545541968339822e-11,1.1205990685134843e-04,1.1205611936271852e-04,3.7874886299081242e-09,4.9440041092075100e-11,0
3020,7.2910073456784203e-10,1.0268294239872827e-05,1.0256555563261331e-05,1.1738676611496311e-08,4.2201776613348771e-12,0
3021,5.3427930154573651e-10,1.2824525546696261e-05,1.2819841068458102e-05,4.6844782381593581e-09,3.5871079296193236e-12,0
3022,-6.2903294074329169e-10,-8.0933581869582077e-06,-8.0842332766342282e-06,-9.1249103239795029e-09,5.0369647806254464e-12,0
3023,1.0006779507781214e-10,2.1749206322734422e-06,2.1712211715567017e-06,3.6994607167404467e-09,1.0339195327108306e-11,0
3024,-9.4753638139427537e-11,4.7311500597536915e-06,4.7452146444896029e-06,-1.4064584735911397e-08,7.5469991578339420e-12,0
3025,-1.9482143321898493e-10,2.5562319190116853e-06,2.5706100490667372e-06,-1.4378130055051947e-08,4.9585678342745973e-12,0
3027,3.9511213292793913e-10,2.7372462516037262e-04,2.7370862318479029e-04,1.6001975582330494e-08,2.0737368270491738e-11,0
3028,-4.3184912289752980e-10,-8.0791480320790282e-06,-8.0817508571008717e-06,2.6028250218434584e-09,2.5822294776472170e-11,0
3029,-1.6691919764453515e-10,1.7830368874218166e-04,1.7831271164830400e-04,-9.0229061223447149e-09,8.0825750694693982e-12,0
3030,3.4298086358410568e-11,-1.7204936161415146e-05,-1.7230953086093994e-05,2.6016924678848020e-08,6.4973519481550036e-11,0
3031,-1.3326097436670940e-10,2.5736118390345866e-06,2.5713880628576829e-06,2.2237761769036933e-09,2.5556712654214854e-11,0
3032,1.2994271834367206e-10,-6.3922719718556564e-06,-6.4193581743944912e-06,2.7086202538834768e-08,1.6074088949289816e-11,0
3033,9.3449129356822780e-11,-4.3519322350477584e-05,-4.3530001885805549e-05,1.0679535327965805e-08,8.4067394743835977e-12,0
3034,-3.6493588951414615e-11,-3.7127059354750145e-05,-3.7112248623682250e-05,-1.4810731067895107e-08,4.3650825918134614e-12,0
3036,-5.3174262627943849e-10,-1.7888817707681140e-04,-1.7888019558492569e-04,-7.9814918857055647e-09,7.3659205882531940e-11,0
3037,1.3649056625098158e-10,9.4847956248683002e-05,9.4828770440127014e-05,1.9185808555988127e-08,3.8642125760768272e-11,0
3040,6.6823319255963919e-10,2.7373598592274166e-04,2.7371147251416814e-04,2.4513408573519947e-08,8.9694547964566120e-11,0
3041,1.7544679069193699e-10,2.1766758151646817e-06,2.1721786615562064e-06,4.4971536084752924e-09,2.5965070309475664e-11,0
3042,-4.7808705834140074e-11,4.7440807357554231e-06,4.7457996707173601e-06,-1.7189349619369792e-09,2.2925751211747537e-11,0
3043,-2.2325549656945807e-10,2.5674669173062284e-06,2.5702821727354363e-06,-2.8152554292078610e-09,2.2049152433964917e-11,0
3044,2.9005789585365945e-10,-6.3668456447910082e-06,-6.4174347644951874e-06,5.0589119704179159e-08,2.8113769657986869e-11,0
3045,2.3275373843571808e-10,-4.3512943140909879e-05,-4.3528347890843663e-05,1.5404749933783587e-08,1.5217842316388214e-11,0
3046,-5.7304157416278398e-11,-3.7146112553879899e-05,-3.7112514320725948e-05,-3.3598233153950600e-08,8.8897734654266595e-12,0
3049,5.7236574039912144e-11,1.1206341209209995e-04,1.1205720774221281e-04,6.2043498871361879e-09,1.0901574640129005e-10,0
3050,1.1005127350028610e-12,-1.7454722536446976e-06,-1.7437488660996231e-06,-1.7233875450745384e-09,1.6769861155669076e-11,0
3051,-6.2097093849649514e-10,-1.7888870235596320e-04,-1.7888051775064557e-04,-8.1846053176222542e-09,2.6501460099078674e-11,0
3052,-5.9874371011159062e-10,-5.6847897784116641e-07,-5.6870247747894095e-07,2.2349963777454124e-10,2.8855082253932204e-11,0
3053,1.1316185561243961e-10,9.4835485564659372e-05,9.4828776797922082e-05,6.7087667372897793e-09,2.3990515351951647e-11,0
3054,-5.6794107711301999e-10,-3.7671207431568855e-05,-3.7679246746425697e-05,8.0393148568414408e-09,1.9098599821735602e-11,0
3055,-6.2207145123232370e-10,-1.7714320955089730e-04,-1.7713852846018533e-04,-4.6810907119684050e-09,1.8200046871712588e-11,0
3056,-5.9984422285036694e-10,1.1770534380740535e-06,1.1726140115303584e-06,4.4394265436951901e-09,2.0198111992891809e-11,0
3057,1.1206134287393728e-10,9.6580943035203502e-05,9.6572445374556730e-05,8.4976606467727445e-09,1.7813466042516607e-11,0
3058,-5.6904158985484633e-10,-3.5925722482062911e-05,-3.5935959552225723e-05,1.0237070162811938e-08,1.3797925206500757e-11,0
3059,2.2227228321836020e-11,1.7832020514552561e-04,1.7831374448352353e-04,6.4606620020740517e-09,2.1417718322403596e-11,0
3060,7.3413279434235312e-10,2.7372414817339926e-04,2.7371178231380884e-04,1.2365859590425174e-08,2.4110781341703823e-11,0
3061,5.3029861301017313e-11,1.4121747232495249e-04,1.4120431641572389e-04,1.3155909228603369e-08,1.4780487784952942e-11,0
3062,7.1190556511579998e-10,9.5403861232984215e-05,9.5401126326396043e-05,2.7349065881714010e-09,2.9086618086720306e-11,0
3063,3.0802633023432179e-11,-3.7102725995124489e-05,-3.7111432747297643e-05,8.7067521731533869e-09,1.4964437265289487e-11,0
3064,-6.8110293206226826e-10,-1.3250662839899875e-04,-1.3251189912702029e-04,5.2707280215411999e-09,1.8847078744744321e-11,0
3065,8.9626648295929167e-10,-2.3039676551626226e-05,-2.3066025988977520e-05,2.6349437351293935e-08,1.1212099695619410e-10,0
3066,3.5346797487771065e-10,2.1783851395559134e-06,2.1743989706099003e-06,3.9861689460130823e-09,1.9288948098845756e-11,0
3067,1.7285623224922053e-10,4.7495805638479369e-06,4.7485378205044656e-06,1.0427433434712370e-09,1.8191877243325842e-11,0
3068,-1.8061174247985106e-10,2.5712260982718727e-06,2.5708247481100088e-06,4.0135016186381778e-10,1.6854485640575377e-11,0
3069,6.7829951370249717e-11,-1.5483833438678261e-05,-1.5486602038763328e-05,2.7686000850673284e-09,5.4797963654024537e-11,0
3070,-4.4520547778673363e-11,1.4120765640934351e-04,1.4120231432980770e-04,5.3420795358106402e-09,5.7100628116142867e-12,0
3071,6.2369504670969723e-11,-1.5440768738293753e-05,-1.5486668125780823e-05,4.5899387487069628e-08,5.9211471377874997e-11,0
3072,1.9877637559877347e-10,9.4839712642759248e-05,9.4830177799161148e-05,9.5348435981000741e-09,1.7732957899005572e-11,0
3073,8.7101441507928727e-12,2.1674242281074715e-06,2.1701392391262362e-06,-2.7150110187646600e-09,1.6646271427947995e-11,0
3074,-3.0725648595614426e-10,4.7392896357209210e-06,4.7425856810203756e-06,-3.2960452994545056e-09,1.6698476762086740e-11,0
3075,-3.1596662969454068e-10,2.5718183567467745e-06,2.5691633668965901e-06,2.6549898501844188e-09,1.5641684867607129e-11,0
3076,-7.1341691739320431e-11,1.7831197437089333e-04,1.7831149692408162e-04,4.7744681171417620e-10,2.4515638149216299e-11,0
3077,6.0731043841388039e-10,-1.3921752716046358e-05,-1.3917695224236933e-05,-4.0574918094244219e-09,3.6493629545356374e-11,0
3078,6.0033396883391143e-10,-1.5668764909183559e-05,-1.5662403756091861e-05,-6.3611530916985815e-09,1.7519994376795294e-11,0
3079,5.0008834661372241e-10,2.1735781022205888e-06,2.1762415050700332e-06,-2.6634028494444545e-09,3.0937456206706189e-11,0
3080,7.9175165504772513e-10,-3.1147993292288730e-05,-3.1137992977433829e-05,-1.0000314854901021e-08,7.9615866865716150e-11,0
3081,8.7923369747506438e-10,8.0913952377051519e-05,8.0915008720016741e-05,-1.0563429652212571e-09,3.3063752515927128e-11,0
3082,5.9183031025100801e-10,4.7560995923342370e-06,4.7537367573565028e-06,2.3628349777341935e-09,1.7992747926048981e-11,0
3083,-6.9764695784598168e-12,-1.7470718751559416e-06,-1.7437597283549127e-06,-3.3121468010289438e-09,5.1313017879871011e-12,0
3084,-1.0722209167464158e-10,1.6095371423736535e-05,1.6094271021546706e-05,1.1004021898296712e-09,3.7504268496892165e-11,0
3085,1.8444121661833014e-10,-1.7226365179405772e-05,-1.7228923672096717e-05,2.5584926909446540e-09,3.7064208114907225e-11,0
3086,2.7192325904602048e-10,9.4835763194801338e-05,9.4831284005508605e-05,4.4791892927332306e-09,1.0686034072984657e-11,0
3087,-1.5480127995350916e-11,1.8677806335766316e-05,1.8671153182701551e-05,6.6531530647650648e-09,3.6695374872740336e-11,0
3088,-1.0024562211732308e-10,1.7842382069871410e-05,1.7839431169180908e-05,2.9509006905020980e-09,1.7530851565002228e-11,0
3089,1.9141768619381839e-10,-1.5479340402129761e-05,-1.5485065980882838e-05,5.7255787530767033e-09,1.7539457114363515e-11,0
3090,2.7889972863525557e-10,9.6582843995061778e-05,9.6574955234951876e-05,7.8887601099019442e-09,5.0806570732689830e-12,0
3092,2.9166330848401820e-10,-3.3321448726568708e-05,-3.3324686327804940e-05,3.2376012362321429e-09,8.8820077168728336e-11,0
3093,3.7914535090792496e-10,7.8740493026027876e-05,7.8731598183257948e-05,8.8948427699281308e-09,2.7855610711116077e-11,0
3094,9.1741963628956796e-11,2.5825250103382602e-06,2.5742287755281476e-06,8.2962348101125666e-09,2.0588843981988690e-11,0
3095,8.7482042446585294e-11,1.1206214735822741e-04,1.1205816673291972e-04,3.9806253076878984e-09,4.2045379081975545e-11,0
3096,-1.9992134381417175e-10,3.5904103948227427e-05,3.5891705279539752e-05,1.2398668687674621e-08,7.9206742184398511e-11,0
3097,-2.8740338599435339e-10,-7.6157997551266942e-05,-7.6162209053615761e-05,4.2115023488195017e-09,3.3429178607491748e-11,0
3098,-2.1750629895002315e-11,-1.8476550336411768e-04,-1.8473283644559546e-04,-3.2666918522213789e-08,2.2096402876199398e-11,0
3099,-1.2456030472248550e-10,-6.4555609375731293e-06,-6.4229307392306875e-06,-3.2630198342441840e-08,2.1767273018281663e-11,0
3100,-1.5027861148018466e-10,-4.3565197047998327e-05,-4.3533516609129869e-05,-3.1680438868458252e-08,1.2981735112367274e-11,0
3101,-1.0280967502075636e-10,1.7830990251485731e-04,1.7831068706651598e-04,-7.8455165866513077e-10,1.4862054195077598e-11,0
3102,-1.2852798185768593e-10,1.4120027924014724e-04,1.4120048685512481e-04,-2.0761497756443051e-10,1.0321413804689069e-11,0
3103,-2.5718306850302014e-11,-3.7109625566832344e-05,-3.7112165918754897e-05,2.5403519225534760e-09,9.9709386456842251e-12,0
3104,-6.5163621456358871e-12,-1.7469001778732209e-06,-1.7437340900639566e-06,-3.1660878092643185e-09,1.4355777252267019e-11,0
3105,1.3361659488189335e-10,9.4836647745000051e-05,9.4829688948447455e-05,6.9587965525959609e-09,3.0087395677609696e-11,0
3106,1.4013295701364068e-10,9.6583537923973940e-05,9.6573332707294046e-05,1.0205216679893647e-08,1.4132999357729224e-11,0
3107,3.6786612872515619e-10,-4.3478121643972245e-05,-4.3527195969260274e-05,4.9074325288029339e-08,4.3915463584492215e-12,0
3108,-2.4904253498986127e-09,-1.3947628146458724e-05,-1.3956290800889926e-05,8.6626544312023101e-09,2.8322592831315985e-11,0
3109,-2.4831817836278427e-09,-1.5692012788861426e-05,-1.5700771745425705e-05,8.7589565642793785e-09,1.3696288995869343e-11,0
3110,-6.0386590803250054e-10,2.1542358134857970e-06,2.1625652794378824e-06,-8.3294659520854019e-09,2.3402734092860933e-11,0
3111,-4.0197555522045079e-09,-1.9282232466440999e-04,-1.9283269530976738e-04,1.0370645357391222e-08,3.4709754936225295e-11,0
3112,-3.8184137686617598e-09,-1.4473516371450029e-05,-1.4525824257261800e-05,5.2307885811770993e-08,3.1781076636885767e-11,0
3113,-2.4549608507356066e-09,-3.1177386366395762e-05,-3.1178400473374174e-05,1.0141069784117798e-09,6.0280587499389015e-11,0
3114,-2.2367761131237790e-09,8.0882988928032348e-05,8.0876492166972802e-05,6.4967610595466959e-09,2.5339901562416604e-11,0
3115,-1.7675594102980672e-10,4.7365826830337437e-06,4.7442069493061278e-06,-7.6242662723840655e-09,2.2448148930566894e-11,0
3116,7.2435664159984957e-12,-1.7443865046215942e-06,-1.7435321800844138e-06,-8.5432453718043325e-10,5.4493904854952982e-12,0
3117,1.8865594494244560e-09,1.6101834711933390e-05,1.6119128017583431e-05,-1.7293305650041449e-08,2.4757072144355250e-11,0
3118,-1.5293302132890645e-09,-1.7887474852895484e-04,-1.7888953581996961e-04,1.4787291014773957e-08,1.4458945056457954e-11,0
3119,-1.3279884333337907e-09,-5.2593943844492230e-07,-5.7778710991707869e-07,5.1847671472156388e-08,1.7786826820856556e-11,0
3120,3.5464496398353856e-11,-1.7229695999446235e-05,-1.7230720380163595e-05,1.0243807173602483e-09,5.4875634899432069e-11,0
3121,2.5364923356202106e-10,9.4830602247978008e-05,9.4831366006541956e-05,-7.6375856394785436e-10,1.1040491946827056e-11,0
3122,2.3136694147032513e-09,1.8684229459874427e-05,1.8700173595443830e-05,-1.5944135569403328e-08,2.4012634830678858e-11,0
3123,1.8793158830821522e-09,1.7846214277634879e-05,1.7864060836335292e-05,-1.7846558700412152e-08,1.1834063882322126e-11,0
3124,-1.5365737797204401e-09,-1.7713035288688568e-04,-1.7714779553665945e-04,1.7442649773765501e-08,6.8504974357598479e-12,0
3125,-1.3352319997918032e-09,1.2184511650401020e-06,1.1632124399275454e-06,5.5238725112556588e-08,8.8426945241439141e-12,0
3126,2.8220929979994457e-11,-1.5485411527969991e-05,-1.5487087366007681e-05,1.6758380376897261e-09,2.7304616111835424e-11,0
3127,2.4640566714636267e-10,9.6574988296696963e-05,9.6574804981204619e-05,1.8331549234314182e-10,4.4851152920629749e-12,0
3128,2.3064258483351470e-09,2.0428602821356487e-05,2.0440833670062976e-05,-1.2230848706489591e-08,1.1646407154982885e-11,0
3129,-3.4158896543664753e-09,-1.9497659824196326e-04,-1.9500086437324661e-04,2.4266131283350294e-08,2.9227928076030291e-11,0
3130,-3.2145478727959586e-09,-1.6627743254353858e-05,-1.6684991183409171e-05,5.7247929055313546e-08,2.7902816971246206e-11,0
3131,-1.8510949484060827e-09,-3.3331563759070836e-05,-3.3351307409304141e-05,1.9743650233305639e-08,8.8271518001933489e-11,0
3132,-1.6329102110455067e-09,7.8728813997460713e-05,7.8706864655650439e-05,2.1949341810274152e-08,2.2532123022221767e-11,0
3133,4.2710996605138098e-10,2.5824145263508499e-06,2.5784036162357786e-06,4.0109101150713976e-09,1.7331895817483492e-11,0
3134,2.0134178278381043e-10,1.7834882135207755e-04,1.7831368018193292e-04,3.5141170144620650e-08,1.3461055173967387e-11,0
3135,1.7829794406148758e-09,2.7370535862024717e-04,2.7372333595634425e-04,-1.7977336097085676e-08,1.2783522150817522e-11,0
3136,3.8429996145309974e-09,1.9755893254647452e-04,1.9757576558910618e-04,-1.6833042631655970e-08,3.0884091428176373e-11,0
3137,1.5816376535008426e-09,9.5356510120978011e-05,9.5412755578094992e-05,-5.6245457116980784e-08,1.6144507668188204e-11,0
3138,3.6416578239694634e-09,1.9210194603134362e-05,1.9265538611627405e-05,-5.5344008493043160e-08,2.4836784570808981e-11,0
3139,-1.5647947093477933e-09,-1.6164501627945194e-04,-1.6166370834135206e-04,1.8692061900122672e-08,6.8980004080318080e-11,0
3140,-1.3634529292099225e-09,1.6703875163937704e-05,1.6648183890705449e-05,5.5691273232254902e-08,6.5367367533647354e-11,0
3141,2.1818473716694586e-10,1.1206032761214030e-04,1.1206005509308739e-04,2.7251905291051596e-10,5.6410036435565403e-11,0
3142,2.2782049178932167e-09,3.5913946133274421e-05,3.5922563748172181e-05,-8.6176148977591639e-09,6.6166144729062852e-11,0
3143,2.0600201803959615e-09,-7.6146363486427615e-05,-7.6133257942756440e-05,-1.3105543671175588e-08,2.1657939327825486e-11,0
3144,-8.9045006104078079e-10,-1.7888336069337048e-04,-1.7888129711707550e-04,-2.0635762949762146e-09,1.2292234448054941e-11,0
3145,-9.1985688303829459e-10,-3.7677180614158895e-05,-3.7683962389125950e-05,6.7817749670548043e-09,7.2129396315398038e-12,0
3146,-2.9406821709924729e-11,1.4120618096625809e-04,1.4120056425254805e-04,5.6167137100452281e-09,5.0703611756201408e-12,0
3147,-5.8628849538226569e-11,9.6570832634598888e-05,9.6571182218517626e-05,-3.4958391873830558e-10,4.4536089048278383e-11,0
3148,2.8053585216961685e-10,-1.8472222797910783e-04,-1.8472774084724220e-04,5.5128681343791057e-09,7.0794708084668168e-12,0
3149,1.1884186274542966e-10,-6.4229170012954952e-06,-6.4201929033938891e-06,-2.7240979016060620e-09,7.0084573148025512e-12,0
3150,6.6754734603012245e-11,-4.3534125290996132e-05,-4.3531156884849520e-05,-2.9684061466118418e-09,3.9887147535521924e-12,0
3151,-1.6169398942377753e-10,1.7829930885494404e-04,1.7830835149624350e-04,-9.0426412994602714e-09,3.1827046411173400e-12,0
3152,-2.1378111755296820e-10,1.4118809939781159e-04,1.4119774841607065e-04,-9.6490182590637779e-09,1.9273551500492197e-12,0
3153,-5.2087128138680934e-11,-3.7111220737983276e-05,-3.7112527266591031e-05,1.3065286077557298e-09,1.9787139045876689e-12,0
3154,1.8805098598783256e-10,2.1773212141979435e-06,2.1724007988329632e-06,4.9204153649803464e-09,1.3169920269325536e-11,0
3155,-3.2976464227439442e-11,4.7436823612839914e-06,4.7459918531720908e-06,-2.3094918880994127e-09,1.2617492406989423e-11,0
3156,-2.2102745025524868e-10,2.5663158644004605e-06,2.5703816408260243e-06,-4.0657764255637915e-09,1.2210210412269190e-11,0
3157,2.0465169575888965e-12,-1.7423542149624858e-06,-1.7435423060518277e-06,1.1880910893418420e-09,5.2699900799694676e-12,0
3158,-1.0450130531325567e-10,-1.7237969248188028e-05,-1.7232402235510887e-05,-5.5670126771407730e-09,4.4390640721802522e-11,0
3159,-2.0026625631240839e-10,9.4816986696482503e-05,9.4826064249973644e-05,-9.0775534911417214e-09,1.1299149865410840e-11,0
3160,-1.0654782226971450e-10,-1.5495641551999811e-05,-1.5488756048833766e-05,-6.8855031660450565e-09,2.2379449865370013e-11,0
3161,-2.0231277326947142e-10,9.6559352254209710e-05,9.6569508356673261e-05,-1.0156102463551196e-08,4.8460400596238254e-12,0
3162,-9.5764950985707685e-11,1.1205492926999808e-04,1.1205644543231232e-04,-1.5161623142406246e-09,4.8655865013931835e-11,0
3163,1.6953093023385281e-09,-5.8769677984214092e-06,-5.8542634594242294e-06,-2.2704338997179779e-08,1.5162121492334216e-11,0
3164,1.7033225006373013e-09,-7.6190227889672696e-06,-7.5813541713773157e-06,-3.7668617589953847e-08,6.2922848658206611e-12,0
3165,1.4058915481675146e-09,1.0217516744771837e-05,1.0263974478759899e-05,-4.6457733988061593e-08,2.6843204300478766e-11,0
3166,1.4625524014682524e-09,-2.3108265789252569e-05,-2.3059638282095317e-05,-4.8627507157252291e-08,5.9919876403290141e-11,0
3167,1.3315460659328872e-09,8.8950887839573528e-05,8.8990323831188441e-05,-3.9435991614912677e-08,1.2420203254429370e-11,0
3168,1.0027378777105151e-09,1.2790375679467073e-05,1.2825094055583048e-05,-3.4718376115975348e-08,2.2830961950593529e-11,0
3169,-1.5121393674414570e-09,-8.0517220308390022e-06,-8.0948674270793220e-06,4.3145396240319752e-08,3.8814861525386688e-11,0
3170,1.8316993158389686e-10,-1.3928608118294293e-05,-1.3923419844872747e-05,-5.1882734215459483e-09,2.6169295684109039e-11,0
3171,1.9118312986985343e-10,-1.5670726879833848e-05,-1.5667809499290073e-05,-2.9173805437743478e-09,7.3811670117046198e-12,0
3172,-1.0624782263923666e-10,2.1657233496815212e-06,2.1687595512159102e-06,-3.0362015343889996e-09,2.1069669132368321e-11,0
3173,-4.9586968866536297e-11,-3.1160020675525223e-05,-3.1148799043226361e-05,-1.1221632298861713e-08,5.7311809408348254e-11,0
3174,-1.8059330426087404e-10,8.0899148808367266e-05,8.0902193924056709e-05,-3.0451156894433992e-09,2.5676068832907669e-11,0
3175,-5.0940149239933987e-10,4.7386715525043685e-06,4.7400845347802018e-06,-1.4129822758332899e-09,2.0718650213097778e-11,0
3176,8.0131982782767957e-12,-1.7420581406491601e-06,-1.7434409522696826e-06,1.3828116205224761e-09,4.7117977007772287e-12,0
3177,-2.8941775427440642e-10,1.6094473860784296e-05,1.6092351850723620e-05,2.1220100606758889e-09,2.1205331671667730e-11,0
3178,-2.3275690013013552e-10,-1.7231308884971784e-05,-1.7233965637657254e-05,2.6567526854696932e-09,5.7398179409624149e-11,0
3179,-3.6376323539702020e-10,9.4827840284311769e-05,9.4824201557959165e-05,3.6387263526040754e-09,1.1196778467749629e-11,0
3180,-6.9257142345729043e-10,1.8667355584753471e-05,1.8663107863082995e-05,4.2477216704762282e-09,1.9852021541073300e-11,0
3181,-2.9743095255588120e-10,1.7836507038725049e-05,1.7837193791674133e-05,-6.8675294908438845e-10,6.4296128661884579e-12,0
3182,-2.4077009839924030e-10,-1.5489336158066485e-05,-1.5490419270526476e-05,1.0831124599910025e-09,1.6916943972470141e-11,0
3183,-3.7177643367392481e-10,9.6569902808823702e-05,9.6567541795947637e-05,2.3610128760647841e-09,4.9007890712965246e-12,0
3184,-7.0058462174327164e-10,2.0409425388751446e-05,2.0403694593206236e-05,5.7307955452103434e-09,6.0133307234866688e-12,0
3185,5.6660854359340095e-11,-3.3325642325299459e-05,-3.3327724453329718e-05,2.0821280302584714e-09,7.8042609609400743e-11,0
3186,-7.4345480847994954e-11,7.8733371337194710e-05,7.8726542531685909e-05,6.8288055088015429e-09,2.1121119506887904e-11,0
3187,-4.0315366888371274e-10,2.5729068799957427e-06,2.5681322767922560e-06,4.7746032034867787e-09,1.8184005332457495e-11,0
3188,-1.3100633520912023e-10,1.1205918539691057e-04,1.1205615129950379e-04,3.0340974067758538e-09,6.7072168208438146e-11,0
3189,-4.5981452325996797e-10,3.5898706373927532e-05,3.5888809240472802e-05,9.8971334547298282e-09,6.6498694444778607e-11,0
3190,-3.2880818803333304e-10,-7.6160472093612930e-05,-7.6163138966012860e-05,2.6668723999300923e-09,2.0169854079134530e-11,0
3191,6.4524836374610315e-10,-5.8107012365169602e-06,-5.8672857838526161e-06,5.6584547335655835e-08,3.4174189751368738e-11,0
3192,1.2762667122263621e-10,-1.8473645617633327e-04,-1.8472875706608893e-04,-7.6991102443337445e-09,2.2332593234197427e-11,0
3193,-3.5055754977282905e-11,-6.4306476071224195e-06,-6.4222849010937035e-06,-8.3627060287159248e-09,2.1219951546512375e-11,0
3194,5.7116698391160000e-10,8.8989949674871983e-05,8.8981009148042655e-05,8.9405268293281338e-09,2.1191970787984876e-11,0
3195,-8.2085010977145484e-11,-4.3540731691830287e-05,-4.3533219548657864e-05,-7.5121431724229108e-09,1.3327468734171964e-11,0
3196,-5.1762169299433478e-10,-1.7892580385439963e-04,-1.7887514531721472e-04,-5.0658537184908184e-08,2.9746469742950431e-11,0
3197,-6.8030411915656360e-10,-6.1996487368473630e-07,-5.6978842554917537e-07,-5.0176448135560922e-08,2.7255434682871768e-11,0
3198,-7.4081379715635623e-11,9.4800587295073603e-05,9.4827996655353684e-05,-2.7409360280080774e-08,2.7053626439764264e-11,0
3199,-7.2733337512431785e-10,-3.7730046381339449e-05,-3.7681784341098025e-05,-4.8262040241424267e-08,1.8464239882306162e-11,0
3200,-1.6268242621576990e-10,1.7830582855674505e-04,1.7830729021925103e-04,-1.4616625059827096e-09,1.7002471609688713e-11,0
3201,4.4354031246154401e-10,2.7372635714910387e-04,2.7370553209016827e-04,2.0825058935603716e-08,2.1375815021796302e-11,0
3202,-2.0971168223006384e-10,1.4119576895379321e-04,1.4119670029497981e-04,-9.3134118659917754e-10,1.1167699556642464e-11,0
3203,6.0622273840219364e-10,9.5420552389008373e-05,9.5401350953501127e-05,1.9201435507245658e-08,2.1832774648193574e-11,0
3204,-4.7029256032817113e-11,-3.7110060801095199e-05,-3.7112486978190499e-05,2.4261770953002641e-09,1.1167738720513541e-11,0
3205,-6.5325199516113436e-10,-1.3253062500621741e-04,-1.3251339609612428e-04,-1.7228910093134309e-08,1.2746400317022093e-11,0
3206,1.2044029593278480e-09,-5.8134427724926274e-06,-5.8603514314910762e-06,4.6908658998448759e-08,2.9149601959220339e-11,0
3207,1.2077608694519297e-09,-7.5529353964990525e-06,-7.5877058359103329e-06,3.4770439411280332e-08,1.4377930255268084e-11,0
3208,9.3786931577914431e-10,1.0249554770885416e-05,1.0257954716045272e-05,-8.3999451598561951e-09,3.0065699245277913e-11,0
3209,1.0289128648267499e-09,8.8987931094703515e-05,8.8986831161677683e-05,1.0999330258323328e-09,1.7935621605693811e-11,0
3210,5.0609116921546561e-10,-4.3478329338823146e-05,-4.3526067866517700e-05,4.7738527694553550e-08,1.9876207903121032e-11,0
3211,6.7600806356856487e-10,1.2818597143000789e-05,1.2820918956747818e-05,-2.3218137470282100e-09,1.0989013559611333e-11,0
3212,3.3579101300044741e-12,-1.7394919615213166e-06,-1.7434226685862429e-06,3.9307070649263259e-09,5.5472975433621246e-12,0
3213,-2.6653364381895371e-10,1.6063003595549394e-05,1.6092830335284722e-05,-2.9826739735328597e-08,3.7136007534145156e-11,0
3214,-1.7549009466615773e-10,9.4801400402908138e-05,9.4826994653709023e-05,-2.5594250800884386e-08,7.3915861914489181e-12,0
3215,-6.9831179193186425e-10,-3.7664926771562674e-05,-3.7681517412211960e-05,1.6590640649285387e-08,8.6016971353482762e-12,0
3216,-5.2839489648562172e-10,1.8632042924342229e-05,1.8665345046919498e-05,-3.3302122577269082e-08,3.5534510591039461e-11,0
3217,-2.6989155395211787e-10,1.7802465789622940e-05,1.7837654318282843e-05,-3.5188528659903034e-08,2.1310706310515985e-11,0
3218,-1.7884800479799411e-10,9.6540874791870880e-05,9.6570309620104138e-05,-2.9434828233257425e-08,3.1098766235255652e-12,0
3219,-7.0166970207067691e-10,-3.5925445370135756e-05,-3.5938370105843969e-05,1.2924735708213521e-08,4.9570113477752356e-12,0
3220,-5.3175280662085145e-10,2.0371495984841670e-05,2.0405930135970078e-05,-3.4434151128408442e-08,1.9119317794409417e-11,0
3221,9.1043549076821210e-11,7.8738336855664094e-05,7.8728918710788850e-05,9.4181448752442580e-09,2.8904308103631320e-11,0
3222,-4.3177814699289920e-10,-5.3728405949322183e-05,-5.3768315008745845e-05,3.9909059423661494e-08,8.0704569269860008e-11,0
3223,-2.6186125233866427e-10,2.5689458608120844e-06,2.5699079376437421e-06,-9.6207683165775411e-10,1.5948439021803028e-11,0
3224,-5.2282169647479909e-10,-1.3246631629721273e-04,-1.3251208398391219e-04,4.5767686699451368e-08,6.2132552237344805e-12,0
3225,-3.5290480155453694e-10,-7.6169362239583011e-05,-7.6163676023044817e-05,-5.6862165381934898e-09,3.0155013204884572e-11,0
3226,1.6991689555344374e-10,5.6296999083181587e-05,5.6341782637691350e-05,-4.4783554509763310e-08,3.7983036371685701e-11,0
3227,-1.3113650462768165e-10,1.7829423209160880e-04,1.7830693440719803e-04,-1.2702315589229081e-08,1.9816906632151503e-11,0
3228,1.4310834763408547e-09,-7.5890136257371604e-06,-7.5850273690602214e-06,-3.9862566769389862e-09,2.0591730197238303e-11,0
3229,1.2742475364347519e-09,-2.3081862874586769e-05,-2.3062286896805904e-05,-1.9575977780865472e-08,1.0557685774070785e-10,0
3230,1.1819583277981860e-09,8.8976909598663910e-05,8.8988844307545030e-05,-1.1934708881120048e-08,2.0955524954008716e-11,0
3231,-1.0952811477367165e-09,-8.0761364255395752e-06,-8.0895963839233520e-06,1.3459958383776834e-08,3.5031986310921964e-11,0
3232,3.3580232906605902e-10,-1.5665062297125107e-05,-1.5666289625916561e-05,1.2273287914541528e-09,9.5793508637137378e-12,0
3233,1.7896638912377027e-10,-3.1157907967888348e-05,-3.1146271713293883e-05,-1.1636254594465120e-08,4.3246120809960078e-11,0
3234,8.6677180470284922e-11,8.0900687541383270e-05,8.0905779607218665e-05,-5.0920658353943715e-09,2.1505253578665482e-11,0
3235,-1.5683593993539937e-10,-1.5492909923228541e-05,-1.5489373011790953e-05,-3.5369114375880288e-09,1.7850669939808811e-11,0
3236,-2.4912514858574697e-10,9.6565775731850996e-05,9.6569603987075824e-05,-3.8282552248283504e-09,3.9691946629115993e-12,0
3237,-9.2289208621138317e-11,1.1205869412855667e-04,1.1205720412254973e-04,1.4900060069366347e-09,2.4384760913095089e-11,0
3238,-2.3350463802128845e-11,1.7831141801890639e-04,1.7830752408652621e-04,3.8939323801793959e-09,1.1098705260475842e-11,0
3239,1.7098957341861903e-09,-5.8580714480671592e-06,-5.8540825658772057e-06,-3.9888821899534835e-09,3.4255409319001705e-11,0
3240,1.7105523799631285e-09,-7.6011527867219514e-06,-7.5816181893484806e-06,-1.9534597373470819e-08,2.5717529929173470e-11,0
3241,1.4918233986996466e-09,8.8967218677923551e-05,8.8992758733536764e-05,-2.5540055613213039e-08,2.7890659280663903e-11,0
3242,6.5664577294880707e-13,-1.7431154109992931e-06,-1.7434016476752746e-06,2.8623667598148848e-10,2.1513057007157674e-11,0
3243,-2.1807233548492374e-10,9.4825342773629129e-05,9.4826795221923186e-05,-1.4524482940561590e-09,3.0679345617744861e-11,0
3244,-2.1872898125680107e-10,9.6568398012072953e-05,9.6570084155513130e-05,-1.6861434401764953e-09,1.5800636555093262e-11,0
3245,-5.5663347946464178e-11,1.7830702755821412e-04,1.7830657659712159e-04,4.5096109252450514e-10,1.2485580057526065e-11,0
3246,-6.1772089124332466e-11,1.4119802744569756e-04,1.4119639771360975e-04,1.6297320878076466e-09,7.9139427114341722e-12,0
3247,-6.1087411702406152e-12,-3.7109007298974372e-05,-3.7112023152387254e-05,3.0158534128815794e-09,8.2295349189543154e-12,0
3248,6.0195117558225681e-10,-1.3922786902944857e-05,-1.3918793471625415e-05,-3.9934313194422532e-09,3.0345410586056569e-11,0
3249,5.9442564647761715e-10,-1.5669312303468190e-05,-1.5663213511794778e-05,-6.0987916734125708e-09,2.2365204858294585e-11,0
3250,4.8146490961576919e-10,2.1728136254986182e-06,2.1760938642312984e-06,-3.2802387326802469e-09,3.4898345969137089e-11,0
3251,7.9615878082871546e-10,-3.1149809029288288e-05,-3.1138764847408348e-05,-1.1044181879939804e-08,1.0684804179474602e-10,0
3252,8.8432662084237264e-10,8.0912773253251184e-05,8.0915801658971106e-05,-3.0284057199214979e-09,3.1305473543532293e-11,0
3253,6.0190104090739060e-10,4.7527234183731767e-06,4.7538720795999208e-06,-1.1486612267440433e-09,2.1792739438583964e-11,0
3254,-7.5255291045120081e-12,-1.7465142258847534e-06,-1.7434714617310032e-06,-3.0427641537501652e-09,6.0505069602965404e-12,0
3255,-1.2048626588391582e-10,1.6095616092888770e-05,1.6094862253419600e-05,7.5383946916986167e-10,2.8137455628249812e-11,0
3256,1.9420760523545818e-10,-1.7227140533515681e-05,-1.7228509626765147e-05,1.3690932494657187e-09,2.9582775004445516e-11,0
3257,2.8237544524678415e-10,9.4835474053559139e-05,9.4833192352044494e-05,2.2817015146449045e-09,1.0129199816092700e-11,0
3258,-5.0134573368035533e-14,1.8675566173007030e-05,1.8672125349831751e-05,3.4408231752784376e-09,3.0888369535742418e-11,0
3259,-1.1296073679926930e-10,1.7842137757625521e-05,1.7839735398835777e-05,2.4023587897435022e-09,2.0609084177832298e-11,0
3260,2.0173313434935443e-10,-1.5480683043233960e-05,-1.5484923654347098e-05,4.2406111131381211e-09,2.2125791084354291e-11,0
3261,2.8990097436621406e-10,9.6581993157445270e-05,9.6576548189558219e-05,5.4449678870511706e-09,5.8364520442626630e-12,0
3262,7.4753944933254379e-12,2.0422035024596046e-05,2.0412778099356604e-05,9.2569252394413719e-09,2.2046680423279474e-11,0
3263,3.1469387141820514e-10,-3.3322786480878379e-05,-3.3324675498888021e-05,1.8890180096423157e-09,9.0614661263579622e-11,0
3264,4.0286171142581966e-10,7.8739799009830067e-05,7.8733154289071380e-05,6.6447207586862274e-09,2.9040635552405520e-11,0
3265,1.2043613123392246e-10,2.5798514651249188e-06,2.5746755513489865e-06,5.1759137759323084e-09,2.4564204577945938e-11,0
3266,8.8167840028179573e-11,1.1206264948863281e-04,1.1205971665668939e-04,2.9328319434216831e-09,3.7565781431710809e-11,0
3267,-1.9425773910394119e-10,3.5902613603687374e-05,3.5892501703764018e-05,1.0111899923356739e-08,1.0512512406088420e-10,0
3268,-2.8242557893161505e-10,-7.6159958479301800e-05,-7.6163072043135396e-05,3.1135638335958154e-09,2.8721208721032397e-11,0
3269,-3.0022590989362436e-13,-1.7458109337626024e-06,-1.7433498092110326e-06,-2.4611245515698404e-09,9.8373344448085719e-12,0
3270,-4.4019897659067248e-10,-1.7888698249300151e-04,-1.7887161633238223e-04,-1.5366160619286915e-08,4.8904073403832017e-11,0
3271,-4.1167644668833545e-10,-5.6617947968243959e-07,-5.6650380977079590e-07,3.2433008835631234e-10,5.2083227200919442e-11,0
3272,1.1390374251373310e-10,9.4880042933954446e-05,9.4831296237131478e-05,4.8746696822967936e-08,3.0754759601716553e-11,0
3273,-4.3989875068508299e-10,-1.7714117980502462e-04,-1.7713012189343928e-04,-1.1057911585341364e-08,1.3218834868154934e-11,0
3274,-4.1137622078250779e-10,1.1797099443396682e-06,1.1741164881906567e-06,5.5934561490114942e-09,2.1774729461561007e-11,0
3275,1.1420396842203288e-10,9.6625855482787397e-05,9.6574527476065323e-05,5.1328006722074402e-08,1.2214277986494050e-11,0
3276,2.8522529820029273e-11,1.7832087477788472e-04,1.7830704843565249e-04,1.3826342232231689e-08,2.4714581193192235e-11,0
3279,7.0566950939684057e-11,-4.3510266695386338e-05,-4.3531918444042987e-05,2.1651748656649613e-08,9.9433739654731510e-12,0
3280,2.0101111208913968e-10,2.1785026588392806e-06,2.1726297228039632e-06,5.8729360353173516e-09,2.2838800239711928e-11,0
3281,-1.6721937754987874e-11,4.7430453055312231e-06,4.7462019711012128e-06,-3.1566655699897077e-09,2.1467806743635753e-11,0
3282,-2.1773304988017722e-10,2.5645606143024149e-06,2.5704969225628532e-06,-5.9363082604382922e-09,1.8244574730703297e-11,0
3290,7.6799558006857937e-10,1.7859189308848389e-05,1.7850779876139545e-05,8.4094327088438743e-09,5.6015824042495332e-12,0
3291,-8.9697670388384740e-10,-1.7713578597249166e-04,-1.7713513839464612e-04,-6.4757784554105198e-10,3.6329200375993241e-12,0
3292,-9.3149596681997546e-10,1.1724376878770662e-06,1.1675776919601315e-06,4.8599959169347517e-09,4.2578396372586577e-12,0
3293,-3.6673573155451538e-11,-1.5487046160953650e-05,-1.5487876534605955e-05,8.3037365230517269e-10,1.1880237860060887e-11,0
3294,3.6297446296105171e-11,9.6574824100882520e-05,9.6573779314914926e-05,1.0447859675934840e-09,2.2528600312621383e-12,0
3295,-9.0535400827558935e-10,-3.5935446814910552e-05,-3.5941313102280099e-05,5.8662873695473623e-09,2.7032741091294523e-12,0
3296,-1.6649722831784712e-09,-1.9499493963815763e-04,-1.9497520073210372e-04,-1.9738906053911416e-08,1.5984829799006513e-11,0
3297,-1.6994915450765138e-09,-1.6686727874205484e-05,-1.6667347669398413e-05,-1.9380204807071578e-08,1.7201204420854722e-11,0
3298,-8.0466915302858803e-10,-3.3346166895827090e-05,-3.3338628243541904e-05,-7.5386522851853596e-09,4.6554110013537810e-11,0
3299,-7.3169813327533218e-10,7.8715642413207734e-05,7.8719409995760151e-05,-3.7675825524164687e-09,9.5884654105756063e-12,0
3300,-1.6733495861637804e-09,-5.3794634236430106e-05,-5.3784463192613238e-05,-1.0171043816868002e-08,7.4199432777438218e-12,0
3301,-3.4519262747312409e-11,1.7830822307880138e-04,1.7830554820423637e-04,2.6748745650092068e-09,5.6420376960766052e-12,0
3302,9.3327415014115641e-10,2.7371060944069770e-04,2.7370948674985810e-04,1.1226908396000379e-09,6.9601702744919301e-12,0
3303,-8.3773041337178340e-12,1.4120033424250712e-04,1.4119570829236252e-04,4.6259501445904648e-09,3.5907718703521807e-12,0
3304,9.6779341249262204e-10,9.5402390524953161e-05,9.5407064109957838e-05,-4.6735850046768224e-09,7.8298081177051914e-12,0
3305,2.6141958728708808e-11,-3.7107884290292232e-05,-3.7111650799552159e-05,3.7665092599266999e-09,3.2220003972517579e-12,0
3306,-8.6030313075497095e-10,-1.6164884806075608e-04,-1.6165019673750002e-04,1.3486767439332189e-09,3.4972801867103365e-11,0
3307,-8.9482239372897964e-10,1.6659443163500286e-05,1.6653733952478005e-05,5.7092110222806320e-09,4.1094080063444540e-11,0
3308,7.2971019443246187e-11,1.1206182058952612e-04,1.1205992630821371e-04,1.8942813124160759e-09,2.4260655313581074e-11,0
3309,-8.6868043518672281e-10,-2.0448444113823142e-05,-2.0457183704740375e-05,8.7395909172336144e-09,2.3692485794253455e-11,0
3310,-9.4165145451499063e-10,-1.3251027196293196e-04,-1.3251844769611971e-04,8.1757331877577080e-09,4.8289814489114613e-12,0
3311,-2.7735605718349911e-10,-8.0763205115564046e-06,-8.0793301885668231e-06,3.0096770104185761e-09,2.8230097226477803e-11,0
3317,-5.7744895298242667e-10,-1.7713838692099120e-04,-1.7713074594884786e-04,-7.6409721433379988e-09,1.2804438600085857e-11,0
3318,-5.6657596333782392e-10,1.1697123448488811e-06,1.1720448752204484e-06,-2.3325303715673218e-09,1.6800494121604271e-11,0
3319,2.4727622599473195e-11,-1.5484419157847608e-05,-1.5487113647160817e-05,2.6944893132097134e-09,6.0322587307941951e-11,0
3320,9.0706159149622434e-11,9.6580755999594280e-05,9.6574597787344040e-05,6.1582122502394426e-09,1.0350219243097726e-11,0
3321,1.0872989472885836e-11,1.7830813881153200e-04,1.7830563748805252e-04,2.5013234794784688e-09,1.5115743202108190e-11,0
3322,6.6815511255378513e-10,2.7371913754060256e-04,2.7370589764014500e-04,1.3239900457560037e-08,2.0796696459141198e-11,0
3323,6.5728212255743624e-10,9.5411010113676496e-05,9.5403388059729798e-05,7.6220539466982260e-09,2.4191827710629379e-11,0
3324,-6.0217657549378591e-10,-1.6165403230653051e-04,-1.6164656123977215e-04,-7.4710667583564351e-09,1.0658707824598393e-10,0
3327,4.4057416781434798e-10,1.2828465505921455e-05,1.2817664885313726e-05,1.0800620607728448e-08,2.3099527851261738e-11,0
3328,4.6179251248285159e-11,9.6579657192511197e-05,9.6574132399775565e-05,5.5247927356323698e-09,1.4472765977776381e-11,0
3329,-6.0925194862142104e-10,-3.5947213912279098e-05,-3.5937760927709235e-05,-9.4529845698636435e-09,1.2831321415671127e-11,0
3330,-6.5543119974149370e-10,-1.3252689070089758e-04,-1.3251523451977487e-04,-1.1656181122713478e-08,1.9844044494031644e-11,0
3333,5.1833438663321404e-10,2.7373352229420958e-04,2.7370356453309364e-04,2.9957761115936062e-08,1.9001146080379558e-11,0
3335,5.1382463953603251e-10,2.0436841572660930e-05,2.0419344418688928e-05,1.7497153972002058e-08,1.8671856714087791e-11,0
3336,-2.1728080097603996e-12,1.1205897180243291e-04,1.1205950685769727e-04,-5.3505526436325654e-10,8.3146698569329609e-11,0
3338,2.4597664323247722e-10,-1.8471755988173216e-04,-1.8472303827989889e-04,5.4783981667274034e-09,7.5888941736410493e-12,0
3339,9.4203883404461445e-11,-6.4242491237516755e-06,-6.4215679462931014e-06,-2.6811774585741113e-09,7.9021896777922367e-12,0
3340,4.6086086536903143e-11,-4.3535627678880425e-05,-4.3532677383389122e-05,-2.9502954913024240e-09,4.0471946225620201e-12,0
3341,-1.5177275980358770e-10,1.7829332797865936e-04,1.7830235843624434e-04,-9.0304575849737504e-09,5.9204026494155876e-12,0
3342,-1.9989055664997705e-10,1.4118193037556369e-04,1.4119151557784998e-04,-9.5852022862939409e-09,3.4528406471540920e-12,0
3343,-4.8117796862859528e-11,-3.7111381397278605e-05,-3.7112608854121356e-05,1.2274568427509324e-09,3.7506274057586217e-12,0
3344,-2.0721895859324154e-10,2.5717386814791974e-06,2.5706695240072961e-06,1.0691574719012272e-09,2.9038123906380975e-11,0
3345,1.4728175530277746e-10,-1.8470774949843564e-04,-1.8472382220223769e-04,1.6072703802052449e-08,2.5329219037338936e-11,0
3346,4.7693700323934360e-11,-6.4246755555749592e-06,-6.4222364607080541e-06,-2.4390948669050910e-09,2.3597194691898771e-11,0
3347,-9.9588054914276039e-11,1.7828309274458415e-04,1.7830248109509909e-04,-1.9388350514941465e-08,2.1788605310748158e-11,0
3348,-1.6928833506071331e-12,-1.7466069082518648e-06,-1.7431798732244100e-06,-3.4270350274548419e-09,1.6289148627669759e-11,0
3349,1.4814289492615608e-10,9.4872531511538093e-05,9.4832849342126540e-05,3.9682169411552797e-08,3.5635261294635702e-11,0
3350,1.4983577827698301e-10,9.6619134618148271e-05,9.6575893435773880e-05,4.3241182374391483e-08,1.9062657978044536e-11,0
3351,-7.7007323223286438e-10,-2.0455081514877374e-05,-2.0456329024357552e-05,1.2475094801782708e-09,6.0100433372381915e-11,0
3352,-4.8660334274220966e-10,-1.7894085656341985e-04,-1.7886876671254441e-04,-7.2089850875433053e-08,4.4488222022372955e-11,0
3353,-5.2900436390588400e-10,-6.3768767496162615e-07,-5.6802120948494973e-07,-6.9666465476676423e-08,3.6343107117130698e-11,0
3354,-4.2401021526333600e-11,1.7830331749672909e-04,1.7830268486337161e-04,6.3263335748405675e-10,2.5592862793116346e-11,0
3355,3.9843896483544840e-10,2.1766787305114652e-06,2.1751341831913538e-06,1.5445473201113559e-09,2.2577277199901135e-11,0
3356,2.9739100155404655e-10,4.7500916087062778e-06,4.7501044587269376e-06,-1.2850020659795341e-11,2.0098673202343212e-11,0
3357,-1.0104796303144832e-10,2.5733581655465552e-06,2.5720051708266728e-06,1.3529947198823470e-09,2.2680574091950455e-11,0
3360,-4.6509582455672649e-11,9.6568820285139294e-05,9.6573688995676889e-05,-4.8687105375956607e-09,2.4533156416826273e-11,0
3361,-9.5974058544142512e-11,1.4119130538371239e-04,1.4119135615872814e-04,-5.0775015756569092e-11,1.3427922619100042e-11,0
3363,1.4975973208437244e-09,-7.5826165011911445e-06,-7.5851497019466993e-06,2.5332007555547897e-09,1.9511567511278833e-11,0
3364,1.2212953995789174e-09,1.0246009160214467e-05,1.0260382816516114e-05,-1.4373656301646607e-08,4.3453525316900384e-11,0
3365,6.8299712779546746e-10,-6.3811268543045863e-06,-6.4145906588705764e-06,3.3463804565990133e-08,1.0774211588728351e-11,0
3367,1.2652607390910596e-09,8.8981472465464695e-05,8.8991075111956398e-05,-9.6026464917029928e-09,2.1076202767958489e-11,0
3368,5.5425763766955773e-10,-4.3510601929298148e-05,-4.3526759017857961e-05,1.6157088559812683e-08,6.2746213176924031e-12,0
3370,-1.1486648302248129e-09,-8.0830181358728867e-06,-8.0899351307178998e-06,6.9169948450131043e-09,3.5989992386041384e-11,0
3371,3.4408782670724105e-10,-1.3925544428038052e-05,-1.3923029979931730e-05,-2.5144481063215632e-09,1.4713230504437850e-11,0
3372,3.4893249239403867e-10,-1.5665637406143458e-05,-1.5666999354725934e-05,1.3619485824767439e-09,9.8840658502440025e-12,0
3373,7.2630570998325126e-11,2.1628986661536426e-06,2.1711075770100502e-06,-8.2089108564075989e-09,1.1451697226171473e-11,0
3374,-4.6566770190318677e-10,-1.4464200661947618e-05,-1.4486077108603231e-05,2.1876446655612878e-08,2.3644446640620000e-11,0
3375,2.0041955538921006e-10,-3.1161353352657066e-05,-3.1146984902430916e-05,-1.4368450226150099e-08,4.7096725878228035e-11,0
3376,1.1659591047634803e-10,8.0898390757882035e-05,8.0907015263243716e-05,-8.6245053616801738e-09,1.9861706230539123e-11,0
3378,-2.5152058766730644e-10,4.7331609302498495e-06,4.7432988756060345e-06,-1.0137945356184998e-08,1.9391118531563254e-11,0
3379,4.8446656790674544e-12,-1.7400537386865898e-06,-1.7430210229080493e-06,2.9672842214594381e-09,3.4208619169126773e-12,0
3380,-2.7145725570586107e-10,1.6088433898548207e-05,1.6093750719862627e-05,-5.3168213144200128e-09,8.9216069546935442e-12,0
3381,-8.0975552855211561e-10,-5.3865001289898906e-07,-5.7151773638467611e-07,3.2867723485687052e-08,2.5205789948632112e-11,0
3382,-1.4366827131544982e-10,-1.7235852311882523e-05,-1.7232404924981444e-05,-3.4473869010782964e-09,1.6764669961303670e-11,0
3383,-2.2749191623100934e-10,9.4823975467737791e-05,9.4828659738460254e-05,-4.6842707224632437e-09,8.0342659428438125e-12,0
3384,-9.3849501880101490e-10,-3.7668135691985242e-05,-3.7685336309903824e-05,1.7200617918582280e-08,1.4740973582899817e-11,0
3385,-5.9560841435235919e-10,1.8658796114734422e-05,1.8665525520499928e-05,-6.7294057655061521e-09,1.1195307035143419e-11,0
3386,-2.7630192139712174e-10,1.7828496742171816e-05,1.7838174699235354e-05,-9.6779570635381303e-09,8.0682646855892561e-12,0
3387,-8.1460019426370255e-10,1.2014241395838510e-06,1.1685847025752013e-06,3.2839437008649627e-08,2.0815741228702808e-11,0
3388,-1.4851293700810060e-10,-1.5495816621515553e-05,-1.5489252733970447e-05,-6.5638875451064043e-09,1.7807389895634435e-11,0
3389,-2.3233658192290806e-10,9.6564028694214911e-05,9.6571537832207190e-05,-7.5091379922795484e-09,3.6817136696655512e-12,0
3390,-9.4333968451174642e-10,-3.5928048876939997e-05,-3.5942351230285574e-05,1.4302353345577135e-08,1.2472270036028493e-11,0
3391,-6.0045308004450263e-10,2.0398845138490038e-05,2.0405792861454925e-05,-6.9477229648874054e-09,8.3981124073912908e-12,0
3392,-5.3829827165557536e-10,-1.6627072212067884e-05,-1.6653737343223616e-05,2.6665131155732016e-08,1.9487858617250315e-11,0
3393,1.2778898437729555e-10,-3.3324220276672277e-05,-3.3327270002958828e-05,3.0497262865512224e-09,3.6976081689109438e-11,0
3394,4.3965339510555043e-11,7.8735544699370377e-05,7.8729973782912824e-05,5.5709164575531728e-09,1.4013446937144157e-11,0
3395,-6.6703776176739158e-10,-5.3756530851507139e-05,-5.3773004424632246e-05,1.6473573125106269e-08,1.2150507536557962e-11,0
3396,-3.2415115828951246e-10,2.5703525894696898e-06,2.5692535321736063e-06,1.0990572960834873e-09,1.1308999333092289e-11,0
3398,-1.2873949036961991e-10,-3.7129467501584214e-05,-3.7113648389853502e-05,-1.5819111730712768e-08,2.7994802547497424e-12,0
3399,2.1414711490470551e-10,1.9197501324777141e-05,1.9224608895760473e-05,-2.7107570983331833e-08,1.8209118765688538e-11,0
3401,-8.3823644880896065e-11,1.1205981110265191e-04,1.1205913533224837e-04,6.7577040354326306e-10,2.2043261831858417e-11,0
3402,-7.9482674675089228e-10,-2.0432464787578999e-05,-2.0456804662557704e-05,2.4339874978704574e-08,7.9535449433466753e-11,0
3403,-4.5194014283057803e-10,3.5894507483892439e-05,3.5890037053230882e-05,4.4704306615566715e-09,3.0619604247214957e-11,0
3404,-7.1100310135276247e-10,-1.3249215110116425e-04,-1.3251717773932710e-04,2.5026638162853982e-08,2.3245446459877839e-11,0
3405,-3.6811649782269001e-10,-7.6165167134064401e-05,-7.6165065584301024e-05,-1.0154976337638840e-10,1.2469729192275203e-11,0
3406,3.4288660504599214e-10,5.6326957275023778e-05,5.6345253991258584e-05,-1.8296716234805842e-08,1.0706276923524676e-11,0
3407,1.8776754567808340e-09,-7.6011114469578742e-06,-7.5804854050042546e-06,-2.0626041953619529e-08,5.8088653387907291e-12,0
3408,1.2248227498693412e-09,-1.8468812688043987e-04,-1.8470909362126338e-04,2.0966740823505272e-08,1.1548258708026540e-11,0
3409,1.5309845394683423e-09,8.8969496082634547e-05,8.8994432747289211e-05,-2.4936664654663697e-08,1.6185218849790024e-11,0
3410,-6.5285270496147378e-10,-1.7708700473857350e-04,-1.7712858287129989e-04,4.1578132726393041e-08,7.1281376658003071e-12,0
3411,-3.4669091686226171e-10,9.6570610193477159e-05,9.6570209373975099e-05,4.0081950205986348e-10,6.9676533532206556e-12,0
3412,3.0616179072699370e-10,2.7365763283633722e-04,2.7369923704563428e-04,-4.1604209297064695e-08,1.9035300310778924e-11,0
3413,-2.4845612242230217e-09,-1.3951652065857800e-05,-1.3958316494367248e-05,6.6644285094475460e-09,1.8847454453319877e-11,0
3414,-2.4786624343219815e-09,-1.5694658404816902e-05,-1.5702213540714069e-05,7.5551358971664225e-09,1.1336524106985359e-11,0
3415,-5.8735062857204758e-10,2.1511795563356612e-06,2.1629395428221299e-06,-1.1759986486468753e-08,2.1976754804921530e-11,0
3416,-3.8963068352633729e-09,-1.9281722877830497e-04,-1.9282471213960301e-04,7.4833612980374636e-09,1.9671076730798399e-11,0
3417,-3.6253634781115969e-09,-1.4497271530922238e-05,-1.4525462587592286e-05,2.8191056670047698e-08,3.0875949974786497e-11,0
3418,-2.4151052579300689e-09,-3.1180914854763569e-05,-3.1179587170058344e-05,-1.3276847052255919e-09,6.9506772430209759e-11,0
3419,-2.1818218795348316e-09,8.0882241411835837e-05,8.0878657887930596e-05,3.5835239052409498e-09,2.4350381590457673e-11,0
3420,-3.4439862234325637e-09,-5.1586524176359602e-05,-5.1646022326524073e-05,5.9498150164470382e-08,1.8356095353687495e-11,0
3421,-1.0249929472604510e-10,4.7310632675674064e-06,4.7451490552110470e-06,-1.4085787643640649e-08,2.2190764469149538e-11,0
3422,5.8987900366987085e-12,-1.7430173285282447e-06,-1.7429487396202633e-06,-6.8588907981401344e-11,4.7337271444483246e-12,0
3423,1.8972106040661516e-09,1.6102920300539378e-05,1.6120797087282807e-05,-1.7876786743428681e-08,1.6194053964951219e-11,0
3424,-1.4117456250085242e-09,-1.7886555113063793e-04,-1.7887848043093908e-04,1.2929300301152717e-08,9.4555612683292630e-12,0
3425,-1.1408022717245789e-09,-5.4567142484737707e-07,-5.7564045013695933e-07,2.9969025289582254e-08,1.1603423956123004e-11,0
3426,6.9455963699558807e-11,-1.7229336804125822e-05,-1.7229703086563810e-05,3.6628243798751074e-10,3.4776797083879934e-11,0
3428,-9.5942501794226312e-10,-3.7634802283751517e-05,-3.7685725705316630e-05,5.0923421565112381e-08,8.3470087075392432e-12,0
3429,2.3820619359953485e-09,1.8682769248594411e-05,1.8702609761006357e-05,-1.9840512411946641e-08,1.6487658554357746e-11,0
3430,1.8913118140225216e-09,1.7845949097558197e-05,1.7865149037086342e-05,-1.9199939528144157e-08,9.9982293316667016e-12,0
3431,-1.4176444150405560e-09,-1.7712254014911645e-04,-1.7713746163844693e-04,1.4921489330482589e-08,5.9602074676981163e-12,0
3432,-1.1467010617560874e-09,1.1973398069443919e-06,1.1643474569901976e-06,3.2992349954194292e-08,7.0702048092658509e-12,0
3433,6.3557173663339980e-11,-1.5486300159339340e-05,-1.5486619858316013e-05,3.1969897667293652e-10,2.2666491990341847e-11,0
3434,2.9684055177188022e-10,9.6576866882454781e-05,9.6578392688384301e-05,-1.5258059295197857e-09,4.6372814225961257e-12,0
3435,-9.6532380800373044e-10,-3.5891797658518798e-05,-3.5942775915648283e-05,5.0978257129485319e-08,5.2659485640060117e-12,0
3436,2.3761631459468137e-09,2.0425761128307213e-05,2.0442817781941078e-05,-1.7056653633864828e-08,1.0245649329880345e-11,0
3437,-3.3089562199664763e-09,-1.9496847104858751e-04,-1.9499213324820829e-04,2.3662199620776972e-08,1.6965177089681731e-11,0
3438,-3.0380128651271027e-09,-1.6648617460484835e-05,-1.6684949425644404e-05,3.6331965159568927e-08,2.2900502279489170e-11,0
3439,-1.8277546359097898e-09,-3.3332248641116009e-05,-3.3351576804301011e-05,1.9328163185001904e-08,7.4341499068221971e-11,0
3440,-1.5944712576465417e-09,7.8730944598780217e-05,7.8709907954541150e-05,2.1036644239067251e-08,2.1420824393588513e-11,0
3441,-2.8566356109856894e-09,-5.3737725943201267e-05,-5.3800432482340718e-05,6.2706539139450795e-08,1.4527693446846856e-11,0
3442,4.8485133269049528e-10,2.5797932782590030e-06,2.5793046169806637e-06,4.8866127833935402e-10,1.7411562337301847e-11,0
3443,2.7094335618586489e-10,1.7831985502897267e-04,1.7830478111197188e-04,1.5073917000794738e-08,8.0794249052762090e-12,0
3444,1.7144849586443811e-09,2.7369940166499518e-04,2.7371627779394639e-04,-1.6876128951215895e-08,1.3061316478569835e-11,0
3445,4.5232061062444813e-10,1.4123071342416176e-04,1.4119665109889199e-04,3.4062325269775592e-08,4.7283931318940124e-12,0
3446,3.7938075458403707e-09,1.9754824730180347e-04,1.9756818675063730e-04,-1.9939448833830630e-08,1.6806207770695440e-11,0
3448,1.8137725466661933e-10,-3.7089138059101827e-05,-3.7109823079935297e-05,2.0685020833470199e-08,6.5682086487717793e-12,0
3449,3.5228641822412537e-09,1.9228365228091300e-05,1.9265814506807022e-05,-3.7449278715721753e-08,2.2450745908678768e-11,0
3450,-1.4812015886802485e-09,-1.6163633355274938e-04,-1.6165371953596607e-04,1.7385983216685122e-08,3.5793777285214753e-11,0
3451,-1.2102582354528347e-09,1.6683693871116789e-05,1.6649593166839498e-05,3.4100704277290880e-08,5.6730447251722699e-11,0
3452,2.3328337814016546e-10,1.1206312239810110e-04,1.1206337723766956e-04,-2.5483956846074785e-10,5.1600771916348964e-11,0
3453,-1.0288809816426185e-09,-2.0405528141732854e-05,-2.0459851237604688e-05,5.4323095871834155e-08,2.9690845412810203e-11,0
3454,2.3126059722953253e-09,3.5912092883207125e-05,3.5924467273618653e-05,-1.2374390411528139e-08,6.9461753924152594e-11,0
3456,2.0793225940279684e-09,-7.6151110930613650e-05,-7.6134899239842203e-05,-1.6211690771446904e-08,2.0954906424051838e-11,0
3457,3.3414869245619095e-09,5.6317534303045556e-05,5.6382646041203610e-05,-6.5111738158053420e-08,1.4657784969023216e-11,0
3458,1.7622647926186327e-09,-5.8473322318386249e-06,-5.8534331113133303e-06,6.1008794747053686e-09,3.9542323034746093e-11,0
3459,1.7628285434095255e-09,-7.5893180907114430e-06,-7.5821214623089628e-06,-7.1966284024801543e-09,1.9296631031962460e-11,0
3460,1.5579432980639312e-09,8.8977852945309934e-05,8.8995034874955297e-05,-1.7181929645363305e-08,2.9937743709581164e-11,0
3461,5.6375078497727821e-13,-1.7419582307892313e-06,-1.7429777733367045e-06,1.0195425474732056e-09,1.7080576728680921e-11,0
3462,-2.0432149456152532e-10,9.4825240943813283e-05,9.4829527821960546e-05,-4.2868781472636111e-09,2.9068390651412805e-11,0
3463,-2.0488524535713613e-10,9.6567208160920886e-05,9.6572353809993289e-05,-5.1456490724035913e-09,1.3017700600444406e-11,0
3464,2.1935103441124580e-10,2.1811187728699825e-06,2.1729557117569596e-06,8.1630611130229162e-09,2.5159683962599050e-11,0
3465,8.0954397963877564e-12,4.7421166720104484e-06,4.7465220802333515e-06,-4.4054082229031156e-09,2.2897406283962398e-11,0
3466,-2.1125559465057994e-10,2.5609684496377336e-06,2.5706847974124551e-06,-9.7163477747215267e-09,2.1387355182045025e-11,0
3470,4.5164373701977959e-12,1.7830639824435290e-04,1.7830055515504354e-04,5.8430893093550009e-09,1.1853773346518571e-11,0
3471,1.6935386642518199e-11,1.4120153546583712e-04,1.4119028624568324e-04,1.1249220153883256e-08,7.8909731413013631e-12,0
3472,1.2418949300857875e-11,-3.7104834061709498e-05,-3.7111938132506890e-05,7.1040707973917851e-09,8.5671594400839310e-12,0
3473,-6.4394799117107627e-10,-1.5487990691125933e-05,-1.5495390679868356e-05,7.3999887424231966e-09,3.6585019749781194e-11,0
3474,-1.2739253067005306e-09,9.6574139789107685e-05,9.6559246591283276e-05,1.4893197824408962e-08,7.5386349107528610e-12,0
3475,-6.2997731492791965e-10,1.1206201275130046e-04,1.1205302471465234e-04,8.9880366481204406e-09,5.8282777528104439e-11,0
3476,2.5099407792175706e-10,2.1720395708075060e-06,2.1733562438226206e-06,-1.3166730151145778e-09,2.0968995714761437e-11,0
3477,-7.2840045497220448e-11,4.7424323524345238e-06,4.7455193746824459e-06,-3.0870222479220506e-09,1.4922698716751486e-11,0
3478,-3.2383412333229788e-10,2.5704143637233709e-06,2.5692975071303055e-06,1.1168565930653942e-09,1.6595550748990457e-11,0
3479,-3.7838295423180525e-10,-1.7887549275015339e-04,-1.7886446515378394e-04,-1.1027596369454730e-08,4.4772706356081501e-11,0
3480,-3.2075779435249055e-10,-5.5720834325409530e-07,-5.6549252161902968e-07,8.2841783649343850e-09,4.2256188597713364e-11,0
3481,5.7625159844448889e-11,1.7831834033421329e-04,1.7830091497110252e-04,1.7425363110779024e-08,2.8192510978310782e-11,0
3482,5.9064025489526781e-10,-1.3924504761236915e-05,-1.3920538134708082e-05,-3.9666265288333127e-09,3.3854270514449008e-11,0
3483,5.8241104230142837e-10,-1.5669928186719164e-05,-1.5664507718569828e-05,-5.4204681493362581e-09,2.1885517110456482e-11,0
3484,4.4491417346932689e-10,2.1719539315483670e-06,2.1757701366108044e-06,-3.8162050624374340e-09,3.3631418088589954e-11,0
3485,7.9538281083995198e-10,-3.1152101230788511e-05,-3.1140059689475317e-05,-1.2041541313194534e-08,9.3594018698304415e-11,0
3486,8.8179133449711871e-10,8.0912042053184544e-05,8.0916904999961807e-05,-4.8629467772634766e-09,2.9195357794738526e-11,0
3487,6.0484295777230211e-10,4.7496142569418247e-06,4.7539247822828927e-06,-4.3105253410680489e-09,2.1274313588407261e-11,0
3488,-8.2292125895391958e-12,-1.7454799439150593e-06,-1.7430213553867228e-06,-2.4585885283364800e-09,5.8051981585596206e-12,0
3489,-1.4572608144025272e-10,1.6096506206865219e-05,1.6095724373158726e-05,7.8183370649293924e-10,2.9947068229082014e-11,0
3490,2.0474255594540526e-10,-1.7227676599771737e-05,-1.7227923485040411e-05,2.4688526867476979e-10,3.2614839210463543e-11,0
3491,2.9115107959725907e-10,9.4836494538392928e-05,9.4836067039649898e-05,4.2749874302962405e-10,9.9561034569074589e-12,0
3492,1.4202702860057049e-11,1.8674142330926766e-05,1.8673516243362764e-05,6.2608756400188382e-10,3.1249198347821380e-11,0
3493,-1.3749686886537906e-10,1.7842035028621181e-05,1.7840149378339940e-05,1.8856502812405302e-09,2.0574921252308844e-11,0
3494,2.1297176854475825e-10,-1.5482262348944908e-05,-1.5484761887642161e-05,2.4995386972531642e-09,2.1200873965053350e-11,0
3495,2.9938029220324065e-10,9.6581982675041696e-05,9.6578930591867165e-05,3.0520831745310889e-09,5.6446384321744266e-12,0
3496,2.2431915434418262e-11,2.0419623671966321e-05,2.0413819341170956e-05,5.8043307953650454e-09,2.0720950076943739e-11,0
3497,3.5046863785267203e-10,-3.3324144224714143e-05,-3.3324659119090519e-05,5.1489437637598084e-10,6.8591188204035750e-11,0
3498,4.3687716149792080e-10,7.8739965533411449e-05,7.8735538480262913e-05,4.4270531485358011e-09,2.6422447825615469e-11,0
3499,1.5992878422439366e-10,2.5776089966449145e-06,2.5753067050375420e-06,2.3022916073725053e-09,2.2102038407939064e-11,0
3500,8.6408523658917221e-11,1.1206417100474524e-04,1.1206209169381724e-04,2.0793109280008940e-09,3.4821741595397515e-11,0
3501,-1.9053985251377800e-10,3.5901766248475336e-05,3.5893677007951527e-05,8.0892405238084677e-09,8.8932718939678638e-11,0
3502,-2.7694837606948416e-10,-7.6162378201725966e-05,-7.6164442029360161e-05,2.0638276341952916e-09,2.8277138049084504e-11,0
3503,2.1687357912055933e-10,-1.8471399187062684e-04,-1.8471953483498250e-04,5.5429643556570516e-09,1.0703314082739470e-11,0
3504,7.4533648024113632e-11,-6.4253054615982970e-06,-6.4226173431827796e-06,-2.6881184155173941e-09,1.1267474400261196e-11,0
3505,3.0023488926115977e-11,-4.3536765391957819e-05,-4.3533828658253613e-05,-2.9367337042059930e-09,5.7540748295184534e-12,0
3506,-1.4233993105744401e-10,1.7828866601256581e-04,1.7829786927079096e-04,-9.2032582251443378e-09,7.9505821430473925e-12,0
3507,-1.8685009012718416e-10,1.4117721638236443e-04,1.4118685349834073e-04,-9.6371159763019697e-09,4.6873913817537280e-12,0
3508,-4.4510159090940480e-11,-3.7111455909017831e-05,-3.7112662631840694e-05,1.2067228228625606e-09,5.2754193769650045e-12,0
3509,-2.0514669416103503e-12,-1.7463313921378318e-06,-1.7429140620463586e-06,-3.4173300914732215e-09,1.6522806467301825e-11,0
3510,1.5813286807831736e-10,9.4856041067773247e-05,9.4834602355255878e-05,2.1438712517369576e-08,3.0490080038129754e-11,0
3511,1.6018433502175499e-10,9.6602379252683397e-05,9.6577355793819368e-05,2.5023458864029450e-08,1.7702778245577657e-11,0
3512,6.3986468862730438e-11,-1.8472814912318287e-04,-1.8472103882639273e-04,-7.1102967901491565e-09,1.7511168092141679e-11,0
3513,-8.0304667122121193e-11,-6.4326216337121794e-06,-6.4246192826056054e-06,-8.0023511065740267e-09,1.6818789491195489e-11,0
3514,-1.4429113602037719e-10,1.7829557326350023e-04,1.7829737778269727e-04,-1.8045191970458146e-09,1.3967549047217849e-11,0
3515,3.0280614919026936e-10,4.7760522195478688e-06,4.7501811399192240e-06,2.5871079628644827e-08,2.4559767679841872e-11,0
3516,4.3531655112282966e-12,-1.7418701053694780e-06,-1.7427902759608681e-06,9.2017059139011102e-10,2.7871181378605555e-12,0
3517,7.8760471898672617e-10,1.6119425130566370e-05,1.6107491254473017e-05,1.1933876093352672e-08,1.1991734991195506e-11,0
3518,-8.8081037289238857e-10,-1.7887094855292894e-04,-1.7886905532991617e-04,-1.8932230127686155e-09,8.3528779885243274e-12,0
3519,-8.8836789199722295e-10,-5.7084847141387202e-07,-5.7256160535213085e-07,1.7131339382588353e-09,8.7975749561250661e-12,0
3520,-1.3366225937722558e-11,-1.7229283492278054e-05,-1.7230553866963309e-05,1.2703746852553628e-09,2.2964497596714163e-11,0
3521,6.9920252730594771e-11,9.4834787957123357e-05,9.4833775784589134e-05,1.0121725342230161e-09,5.3164798754583828e-12,0
3522,-8.5255678575456548e-10,-3.7679418034108729e-05,-3.7684789876038647e-05,5.3718419299183064e-09,5.2645903697803628e-12,0
3523,7.8325155347551167e-10,1.7861318849234434e-05,1.7851685501772827e-05,9.6333474616065186e-09,6.2970779185821028e-12,0
3524,-8.8516353840031782e-10,-1.7712908552690288e-04,-1.7712823586326902e-04,-8.4966363385710099e-10,4.0484470606690693e-12,0
3525,-8.9272105749568698e-10,1.1710140819824397e-06,1.1671410924795161e-06,3.8729895029235203e-09,4.8219869281805119e-12,0
3526,-1.7719391448434823e-11,-1.5487482657057777e-05,-1.5487619140801680e-05,1.3648374390298063e-10,1.3147316930053987e-11,0
3527,6.5567087224313576e-11,9.6576651179267306e-05,9.6576401359289423e-05,2.4981997788259443e-10,2.3311180308392533e-12,0
3528,-8.5690995125388057e-10,-3.5937551523753525e-05,-3.5941887570015870e-05,4.3360462623453751e-09,3.0407560957053080e-12,0
3529,-1.6684150905621337e-09,-1.9499041924981794e-04,-1.9496959624857208e-04,-2.0823001245864631e-08,1.6218226688563582e-11,0
3530,-1.6759726085736404e-09,-1.6690294461663147e-05,-1.6668693752249543e-05,-2.1600709413603501e-08,1.8100086596973804e-11,0
3531,-8.0097094465637712e-10,-3.3348653650216303e-05,-3.3339008569127884e-05,-9.6450810884194738e-09,4.2895601758605972e-11,0
3532,-7.1768446571773716e-10,7.8715342351508288e-05,7.8721541120445971e-05,-6.1987689376830687e-09,9.4119403900497025e-12,0
3533,-1.6401615019564609e-09,-5.3798869998926933e-05,-5.3786167705342292e-05,-1.2702293584641259e-08,1.0540262077167065e-11,0
3534,-7.5575189829703595e-12,1.7830008482620265e-04,1.7829843771479840e-04,1.6471114042452238e-09,5.4422189551385873e-12,0
3535,9.5073062554028116e-10,2.7370573998331568e-04,2.7370496834788223e-04,7.7163543344685101e-10,7.0736431823260931e-12,0
3536,2.8253587305430886e-11,1.4119152460246361e-04,1.4118836592320099e-04,3.1586792626208272e-09,3.5642806889922603e-12,0
3537,9.5828814403535036e-10,9.5405639147988670e-05,9.5409693029734885e-05,-4.0538817462144102e-09,7.8222870015952005e-12,0
3538,3.5811106386282453e-11,-3.7108553896832586e-05,-3.7111690120752541e-05,3.1362239199546728e-09,3.2591875673677137e-12,0
3539,-8.6744414701125007e-10,-1.6164166554872086e-04,-1.6164345824414000e-04,1.7926954191407017e-09,3.3360138794055199e-11,0
3540,-8.7500166617603489e-10,1.6658483891211946e-05,1.6653605643912725e-05,4.8782472992212923e-09,4.6886806419996701e-11,0
3541,8.3286478654742031e-11,1.1206405838566223e-04,1.1206244496575535e-04,1.6134199068857649e-09,2.4173536737770581e-11,0
3542,-8.3919055995323357e-10,-2.0450133549516046e-05,-2.0457930651551172e-05,7.7971020351256355e-09,2.5255370036686166e-11,0
3543,-9.2247703849980575e-10,-1.3251421174188989e-04,-1.3252150617100856e-04,7.2944291186743254e-09,4.9503150387531934e-12,0
3544,5.0674216458656994e-10,1.2870732685549280e-05,1.2817788610326082e-05,5.2944075223198113e-08,2.3986967848907665e-11,0
3546,-5.2340322650406113e-10,-1.7887351320048685e-04,-1.7886416980866777e-04,-9.3433918190821523e-09,1.5397565797980022e-11,0
3547,-4.8140957305705683e-10,-5.7264745558573442e-07,-5.6752296415334933e-07,-5.1244914323850884e-09,1.8475636953013558e-11,0
3548,4.1361645964038795e-11,-1.7227908025193748e-05,-1.7229847030786596e-05,1.9390055928475381e-09,6.5050722355950229e-11,0
3549,1.1409702592486112e-10,9.4838833676255067e-05,9.4834494447181217e-05,4.3392290738494214e-09,2.4021391985661994e-11,0
3550,-5.2411684154478712e-10,-1.7713007208284681e-04,-1.7712334005941943e-04,-6.7320234273748024e-09,1.3880295001010289e-11,0
3551,-4.8212318809630227e-10,1.1708042231423901e-06,1.1721763164990257e-06,-1.3720933566355864e-09,1.9508294576042985e-11,0
3552,4.0648030919924888e-11,-1.5484548194754418e-05,-1.5486893914823538e-05,2.3457200691202212e-09,5.5763913215382238e-11,0
3553,1.1338341088265598e-10,9.6582329382709914e-05,9.6577134217905148e-05,5.1951648047653684e-09,1.2509440416180889e-11,0
3554,4.1993653309277562e-11,1.7830087603375178e-04,1.7829859129081746e-04,2.2847429343136449e-09,1.2526403206750530e-11,0
3555,6.3750025282350285e-10,2.7371237618955581e-04,2.7370079067264957e-04,1.1585516906237586e-08,2.8889631655601773e-11,0
3556,5.9550659892482857e-10,9.5411528839915109e-05,9.5405364058877268e-05,6.1647810378404316e-09,3.1744704308007880e-11,0
3557,-5.6476487236938349e-10,-1.6164556340654470e-04,-1.6163928188633954e-04,-6.2815202051642264e-09,9.9957585464405903e-11,0
3559,7.2735379964581866e-11,1.1206699249674199e-04,1.1206246213341063e-04,4.5303633313591250e-09,1.0723784962248061e-10,0
3560,3.7079949824526769e-10,5.6356368539806285e-05,5.6346547005999855e-05,9.8215338064299666e-09,2.7876415779284920e-11,0
3561,-3.3745753622584049e-10,-8.0820319089992820e-06,-8.0796167133933033e-06,-2.4151956059787307e-09,3.0769765569111655e-11,0
3562,2.3751646352103928e-11,9.6576289149946599e-05,9.6576145152357532e-05,1.4399758906699211e-10,8.8226855868186468e-12,0
3563,6.4863454989178769e-12,-1.7404543625427007e-06,-1.7426823335266682e-06,2.2279709839674522e-09,1.2383516523266470e-11,0
3564,-9.5775081513243445e-10,-1.7887037123242046e-04,-1.7886870634204353e-04,-1.6648903769294829e-09,1.9013497100497210e-11,0
3565,-1.1171898523940206e-09,-5.7366669498754280e-07,-5.7542306524292540e-07,1.7563702553826023e-09,2.0063897432304260e-11,0
3566,-5.4445483182500652e-11,9.4833925830093476e-05,9.4832724674144575e-05,1.2011559489015153e-09,1.4549304017439589e-11,0
3567,-1.1403721899309435e-09,-3.7683344465257911e-05,-3.7688537896941502e-05,5.1934316835911248e-09,1.2780411122387582e-11,0
3568,-9.6423716063835238e-10,-1.7712996752859152e-04,-1.7712801356318977e-04,-1.9539654017518802e-09,1.6182632832755332e-11,0
3569,-1.1236761978941866e-09,1.1667997935108066e-06,1.1641135461166151e-06,2.6862473941915290e-09,1.8416458238294705e-11,0
3570,-6.0931828676777734e-11,9.6574390424249233e-05,9.6575234815514990e-05,-8.4439126575726851e-10,1.0345741899128899e-11,0
3571,-1.1468585354314004e-09,-3.5942913199852938e-05,-3.5945692621729802e-05,2.7794218768637468e-09,1.0861745963064177e-11,0
3572,-1.5943903727094717e-10,1.7829674139267684e-04,1.7829522857863323e-04,1.5128140436052647e-09,1.3250174954376398e-11,0
3573,9.0330533193844817e-10,2.7370432771277233e-04,2.7370353714256744e-04,7.9057020489509827e-10,1.7326314706793119e-11,0
3574,-1.8262137480788356e-10,1.4118705980940664e-04,1.4118436254266536e-04,2.6972667412842981e-09,8.1307576221808899e-12,0
3575,1.0627443692511652e-09,9.5407590639070249e-05,9.5411477518694235e-05,-3.8868796239867505e-09,2.0187559104693239e-11,0
3576,-2.3182337520848615e-11,-3.7109679214542370e-05,-3.7112450079511624e-05,2.7708649692534241e-09,8.3965786638424239e-12,0
3577,-1.0859267066513231e-09,-1.3251726961490285e-04,-1.3252412010101235e-04,6.8504861095027795e-09,1.1894088100966320e-11,0
3578,-8.5174914761210071e-11,2.5732715263756200e-06,2.5723159479007521e-06,9.5557847486792868e-10,1.9415114988755737e-11,0
3579,-1.9474878092706724e-10,-8.0729438218747367e-06,-8.0778049868446698e-06,4.8611649699330792e-09,2.9195223563778771e-11,0
3580,-1.3373186741572819e-10,-1.5493398294655607e-05,-1.5489052938643188e-05,-4.3453560124190891e-09,2.9366010599804309e-11,0
3581,-2.4835700633806857e-09,-1.3955439819191007e-05,-1.3959381084881197e-05,3.9412656901905601e-09,1.8658039467696292e-11,0
3582,-2.4783384005676207e-09,-1.5697756725129020e-05,-1.5702978196567428e-05,5.2214714384081918e-09,9.8305119697466428e-12,0
3583,-5.8438238753492143e-10,2.1482959328879975e-06,2.1630633127455461e-06,-1.4767379857548637e-08,1.6797094657835098e-11,0
3584,-3.8230726455128410e-09,-1.9281625204384343e-04,-1.9282049272424941e-04,4.2406804059795782e-09,2.5057402586793572e-11,0
3585,-3.5159299887325894e-09,-1.4507084186406410e-05,-1.4525148473624990e-05,1.8064287218579847e-08,2.8328920127729599e-11,0
3586,-2.3980558969173351e-09,-3.1184446860919868e-05,-3.1180238383683212e-05,-4.2084772366559665e-09,6.3141847301880561e-11,0
3587,-2.1583530271398863e-09,8.0880172335151546e-05,8.0879710613487876e-05,4.6172166366957243e-10,2.4412674633857248e-11,0
3588,-3.3225148060209164e-09,-5.1606704018053429e-05,-5.1645540433930176e-05,3.8836415876746877e-08,1.3183481419646743e-11,0
3589,-6.9741858247442934e-11,4.7272551751643618e-06,4.7455661823873815e-06,-1.8311007223019656e-08,1.8176671577995778e-11,0
3590,5.2316629726207834e-12,-1.7423196276052613e-06,-1.7426490398581428e-06,3.2941225288146288e-10,4.0760741666297150e-12,0
3591,1.8991876847121183e-09,1.6103726825680321e-05,1.6121610365282148e-05,-1.7883539601826198e-08,1.7510640898666796e-11,0
3592,-1.3395025974486476e-09,-1.7886085172933580e-04,-1.7887265936091662e-04,1.1807631580817990e-08,1.0825653477507650e-11,0
3593,-1.0323599446433090e-09,-5.5166321535037033e-07,-5.7438527170506471e-07,2.2722056354694386e-08,1.2651829877783429e-11,0
3594,8.5514163953032165e-11,-1.7229025756770910e-05,-1.7229198209913394e-05,1.7245314248485024e-10,4.1315539129012797e-11,0
3595,3.2521703360344814e-10,9.4835596746022479e-05,9.4837727547265354e-05,-2.1308012428746014e-09,1.1421913542093362e-11,0
3596,-8.3894476283036422e-10,-3.7651252217909409e-05,-3.7684906868752551e-05,3.3654650843142333e-08,8.1120164502353450e-12,0
3597,2.4138282120503473e-09,1.8682741962396804e-05,1.8703818650661180e-05,-2.1076688264376589e-08,1.6639984161898837e-11,0
3598,1.8939560217748483e-09,1.7846049312397229e-05,1.7865663934995370e-05,-1.9614622598141301e-08,9.1896532188227060e-12,0
3599,-1.3447342603777634e-09,-1.7711852504677557e-04,-1.7713201111395563e-04,1.3486067180064299e-08,5.3102743371254942e-12,0
3600,-1.0375916075476397e-09,1.1906455437433322e-06,1.1650831874510016e-06,2.5562356292330600e-08,6.2618780780908376e-12,0
3602,3.1998537068608402e-10,9.6577920499978684e-05,9.6580199904023212e-05,-2.2794040445287336e-09,4.7670795109659819e-12,0
3603,-8.4417642573612620e-10,-3.5908926148114223e-05,-3.5942064364652587e-05,3.3138216538364273e-08,4.3363044703845557e-12,0
3604,2.4085965490773928e-09,2.0425041049170270e-05,2.0443794397938131e-05,-1.8753348767861096e-08,9.1516604037648439e-12,0
3605,-3.2386902727864744e-09,-1.9496456663997512e-04,-1.9498746169396120e-04,2.2895053986081004e-08,2.1114195863771484e-11,0
3606,-2.9315476184254634e-09,-1.6655381478805978e-05,-1.6684731189078192e-05,2.9349710272214355e-08,2.5501478013067395e-11,0
3607,-1.8136735163671553e-09,-3.3332615529704096e-05,-3.3351688972299689e-05,1.9073442595593298e-08,5.6624921559700412e-11,0
3608,-1.5739706466724045e-09,7.8731869281878537e-05,7.8711479339974938e-05,2.0389941903599168e-08,2.2847927197506221e-11,0
3609,-2.7381324362700293e-09,-5.3754985161224775e-05,-5.3800386847579035e-05,4.5401686354260516e-08,1.1595223069986051e-11,0
3610,5.1464052806208775e-10,2.5789770931334416e-06,2.5797689469990297e-06,-7.9185386558809818e-10,1.5629546570112322e-11,0
3611,3.0714265558615706e-10,1.7830917023732400e-04,1.7830022017740967e-04,8.9500599143293308e-09,8.4767771008141219e-12,0
3612,1.6647196222822173e-09,2.7369643766060603e-04,2.7371247438517303e-04,-1.6036724566998936e-08,1.3235047256422388e-11,0
3613,5.0055783802062211e-10,1.4120958633731615e-04,1.4119200272180930e-04,1.7583615506856906e-08,5.9086867743277842e-12,0
3615,1.3575769622998598e-09,9.5387270675904162e-05,9.5415427094184421e-05,-2.8156418280258729e-08,1.5539527837363096e-11,0
3616,1.9341518266649541e-10,-3.7099577330646253e-05,-3.7109780944217910e-05,1.0203613571656397e-08,6.8698190099747385e-12,0
3617,3.4461881315957971e-09,1.9234435131095136e-05,1.9265761233247172e-05,-3.1326102152036536e-08,2.5327873995463094e-11,0
3618,-1.4250167617131125e-09,-1.6163189452861847e-04,-1.6164842863765014e-04,1.6534109031668583e-08,5.2597797706986358e-11,0
3619,-1.1178741089922861e-09,1.6677434181548018e-05,1.6650487115017540e-05,2.6947066530477211e-08,8.2069893998931939e-11,0
3620,2.3970286964095959e-10,1.1206458807476116e-04,1.1206506564108440e-04,-4.7756632323833412e-10,6.8196091654002913e-11,0
3621,-9.2445892719724855e-10,-2.0422220180449369e-05,-2.0459304993019269e-05,3.7084812569900281e-08,2.9190820719653485e-11,0
3622,2.3283140482964222e-09,3.5911755620112937e-05,3.5925420004920009e-05,-1.3664384807072420e-08,5.9694494692778393e-11,0
3623,-1.1641617968207102e-09,-1.3248684211012232e-04,-1.3252544219747708e-04,3.8600087354755119e-08,1.0613901984043136e-11,0
3624,2.0886111786263989e-09,-7.6152861645688297e-05,-7.6135749187582376e-05,-1.7112458105920936e-08,2.1549325051659627e-11,0
3625,3.2527729461848642e-09,5.6333941641737231e-05,5.6382611741466094e-05,-4.8670099728862653e-08,1.1180681433323927e-11,0
3626,-7.7776290841588166e-10,-1.7883351492730109e-04,-1.7886512730747357e-04,3.1612380172477356e-08,1.8243631659632445e-11,0
3627,-1.2600317340689656e-09,-5.5620887909856032e-07,-5.7721904025045641e-07,2.1010161151896092e-08,2.2461229200236290e-11,0
3628,-4.8226882671157603e-10,1.7827732854979795e-04,1.7828985492467715e-04,-1.2526374879202884e-08,1.5117985756749901e-11,0
3629,1.7881641001300868e-09,-7.5819435377778507e-06,-7.5826406335854662e-06,6.9709580761541877e-10,2.4133013776525163e-11,0
3630,1.5954810471377821e-09,8.8983013746479620e-05,8.8996554187336863e-05,-1.3540440857242350e-08,3.3979916704442421e-11,0
3631,-1.9268305296231269e-10,9.6565019872093399e-05,9.6574023391545917e-05,-9.0035194525171823e-09,1.6339310968971775e-11,0
3633,1.5509523431572196e-09,-7.5707812741791780e-06,-7.5856380070654318e-06,1.4856732886253768e-08,2.0466275784876160e-11,0
3634,1.3036656414103623e-09,1.0250969195398259e-05,1.0260200585795166e-05,-9.2313903969073541e-09,4.5347897592967839e-11,0
3635,6.4809411810994838e-10,-6.4005545957514232e-06,-6.4162308594052247e-06,1.5676263653801533e-08,1.1082381043534461e-11,0
3637,1.3437666672087378e-09,8.8987008781608694e-05,8.8993502850145319e-05,-6.4940685366249523e-09,2.5839445135601499e-11,0
3638,5.2100060107775114e-10,-4.3521911973652336e-05,-4.3528598581198070e-05,6.6866075457345294e-09,6.5855302380888026e-12,0
3640,-1.1855870877295748e-09,-8.0954102612187245e-06,-8.0900005192265046e-06,-5.4097419922199600e-09,4.1739085317343174e-11,0
3641,3.6078799590359092e-10,-1.3927273629618100e-05,-1.3924307002673836e-05,-2.9666269442635111e-09,1.3412833626950948e-11,0
3642,3.6536525866400072e-10,-1.5666127112248145e-05,-1.5667854929800853e-05,1.7278175527083990e-09,1.0670704100954054e-11,0
3643,1.1807855673154007e-10,2.1555246779575432e-06,2.1717910448559965e-06,-1.6266366898453273e-08,1.2937576162013946e-11,0
3644,-5.3749296874084734e-10,-1.4496022773137778e-05,-1.4488405317400154e-05,-7.6174557376234393e-09,2.3913625968302853e-11,0
3645,2.3036698654111631e-10,-3.1168983846714855e-05,-3.1147802391743779e-05,-2.1181454971076438e-08,5.4481632622813229e-11,0
3646,1.5817958248445197e-10,8.0891508172066529e-05,8.0908580684886723e-05,-1.7072512820194325e-08,1.8587286156865702e-11,0
3647,-6.6458648600673840e-10,-5.1617358592921528e-05,-5.1612768626818117e-05,-4.5899661034110224e-09,1.5364472469324846e-11,0
3648,-2.0384084931317679e-10,4.7237260524437413e-06,4.7439051784155674e-06,-2.0179125971826115e-08,1.7557747986221708e-11,0
3649,4.5772627581710963e-12,-1.7388679721685611e-06,-1.7425998989718383e-06,3.7319268032771769e-09,3.8609982016945752e-12,0
3650,-2.4270943917130396e-10,1.6082796158030724e-05,1.6095194282108296e-05,-1.2398124077571756e-08,1.0102999325685799e-11,0
3651,-8.9828096461363922e-10,-5.6874802056047606e-07,-5.7273916263018151e-07,3.9911420697054495e-09,2.9733630603232841e-11,0
3652,-1.3042100936170471e-10,-1.7241802629560776e-05,-1.7231819289090676e-05,-9.9833404700990836e-09,1.6751227342684976e-11,0
3653,-2.0260841341779406e-10,9.4818813218450898e-05,9.4831526866248858e-05,-1.2713647797960048e-08,7.3478198995368669e-12,0
3654,-1.0253744818743020e-09,-3.7690078806010274e-05,-3.7687344423058962e-05,-2.7343829513124299e-09,1.4175655403779046e-11,0
3655,-5.6462884520776065e-10,1.8651016939595297e-05,1.8667032841924312e-05,-1.6015902329015355e-08,1.0765029133330726e-11,0
3656,-2.4728670192803953e-10,1.7821629030675967e-05,1.7839198956279775e-05,-1.7569925603807976e-08,8.9849301746556855e-12,0
3657,-9.0285822739330997e-10,1.1701613077757210e-06,1.1666393014344963e-06,3.5220063412247267e-09,2.1818334340715155e-11,0
3658,-1.3499827212398792e-10,-1.5502915574678710e-05,-1.5489064419444751e-05,-1.3851155233958907e-08,1.4879495847519201e-11,0
3659,-2.0718567617828275e-10,9.6557687377148843e-05,9.6573944818732568e-05,-1.6257441583724546e-08,3.2938290259339295e-12,0
3660,-1.0299517446621906e-09,-3.5951221079017284e-05,-3.5944515287410946e-05,-6.7057916063381759e-09,1.2369193052410916e-11,0
3661,-5.6920610797665675e-10,2.0389890359686150e-05,2.0406971983751716e-05,-1.7081624065565915e-08,8.9067476718852163e-12,0
3662,-6.5557152426189672e-10,-1.6651480408653302e-05,-1.6656710579129179e-05,5.2301704758770154e-09,2.2967123363341943e-11,0
3663,1.1228842979714583e-10,-3.3324525774283209e-05,-3.3327857485888292e-05,3.3317116050830451e-09,4.3071615328972051e-11,0
3664,4.0101025776821747e-11,7.8736016339901911e-05,7.8731741115856810e-05,4.2752240451011383e-09,1.4606238723961069e-11,0
3665,-7.8266504139912635e-10,-5.3772875845439251e-05,-5.3776400868121529e-05,3.5250226822778133e-09,1.4620682753949347e-11,0
3666,-3.2191940572280303e-10,2.5682342639729051e-06,2.5694119971164938e-06,-1.1777331435887042e-09,1.4819521777530875e-11,0
3668,-1.2709351727280844e-10,-3.7121380782231253e-05,-3.7113775652068970e-05,-7.6051301622825289e-09,2.9992102313839621e-12,0
3669,3.3365211951005613e-10,1.9219770883040568e-05,1.9227328017180235e-05,-7.5571341396667093e-09,2.2264530559244259e-11,0
3671,-7.2187404034589112e-11,1.1206062950836057e-04,1.1206149683223342e-04,-8.6732387285094574e-10,2.3634067998306005e-11,0
3673,-4.3420783563787698e-10,3.5892746784705297e-05,3.5891301515500310e-05,1.4452692049865198e-09,4.1907524860848336e-11,0
3674,-8.2276606708620440e-10,-1.3250890987271530e-04,-1.3252162076553476e-04,1.2710892819463738e-08,2.5226611220177379e-11,0
3675,-3.6202043148269556e-10,-7.6167787768560268e-05,-7.6166320113554685e-05,-1.4676550055836308e-09,1.3232609141025276e-11,0
3676,4.6074563648678382e-10,5.6341132758036885e-05,5.6348184594380942e-05,-7.0518363440568322e-09,1.3190819450243375e-11,0
3677,2.6023920184782148e-09,-7.5965431348117701e-06,-7.5726504713212270e-06,-2.3892663490543100e-08,4.6100225220742929e-12,0
3678,2.2201470524727137e-09,8.8975339351250043e-05,8.9004436886935758e-05,-2.9097535685714167e-08,7.3825506486878721e-12,0
3679,-3.8224496574799984e-10,9.6571904254194249e-05,9.6571868351292856e-05,3.5902901392983674e-11,2.3820653635948567e-12,0
3680,2.3764577680737382e-10,2.1869661246554789e-06,2.1732851131712740e-06,1.3681011484204917e-08,2.3687953468118106e-11,0
3681,3.5174049637789990e-11,4.7409127339140961e-06,4.7468707293552298e-06,-5.9579954411337146e-09,2.1632028378951803e-11,0
3682,-2.0247172720311138e-10,2.5539428150844409e-06,2.5709056107290654e-06,-1.6962795644624513e-08,2.3062832683792552e-11,0
3683,1.0814364933223146e-11,-1.7417745198048935e-06,-1.7424811217284630e-06,7.0660192356953694e-10,8.1248745594431485e-12,0
3684,-6.2794892523804920e-10,-1.7230352519525746e-05,-1.7237948252305593e-05,7.5957327798470528e-09,5.4732351263304534e-11,0
3685,-1.2365740983969075e-09,9.4833294368223704e-05,9.4818953875122836e-05,1.4340493100867486e-08,2.1207902158424298e-11,0
3686,-6.3876329034335972e-10,-1.5488601744481417e-05,-1.5495309836633919e-05,6.7080921525019285e-09,3.8609081090435445e-11,0
3687,-1.2473884635219826e-09,9.6575041813005535e-05,9.6561249242039753e-05,1.3792570965781592e-08,9.2321062078049396e-12,0
3688,-6.0862517226341492e-10,1.1206365749438546e-04,1.1205506061359399e-04,8.5968807914734314e-09,9.0813836091976111e-11,0
3689,1.8288390284016764e-10,-1.8471018570217265e-04,-1.8471578262869271e-04,5.5969265200651701e-09,7.0148763812667115e-12,0
3690,5.2491708366614895e-11,-6.4265005803041189e-06,-6.4237606337451620e-06,-2.7399465589568825e-09,7.3601820321920190e-12,0
3691,1.2423815241911726e-11,-4.3538057135023901e-05,-4.3535075213694840e-05,-2.9819213290610482e-09,3.5888244822471881e-12,0
3692,-1.3039219442008943e-10,1.7828367529606776e-04,1.7829304254791533e-04,-9.3672518475642133e-09,5.4954217289561260e-12,0
3693,-1.7046008751722642e-10,1.4117211190617894e-04,1.4118184678769659e-04,-9.7348815176513670e-09,3.2135663409360823e-12,0
3694,-4.0067893119514023e-11,-3.7111566903894316e-05,-3.7112713945788041e-05,1.1470418937253673e-09,3.4284740111822218e-12,0
3695,-4.2179148132005272e-11,4.7410869735255504e-06,4.7459120419863746e-06,-4.8250684608242784e-09,2.4555670752950938e-11,0
3696,3.9596362443862202e-12,-1.7414189707760100e-06,-1.7425231394315775e-06,1.1041686555674577e-09,2.5723481977757855e-12,0
3697,7.9503096352010414e-10,1.6122144055186541e-05,1.6108280021602720e-05,1.3864033583821123e-08,1.1997883895057645e-11,0
3698,-8.6652295053671462e-10,-1.7886652891241687e-04,-1.7886452801332722e-04,-2.0008990896450141e-09,9.8447908743467606e-12,0
3699,-8.5631167406134763e-10,-5.7129792677959243e-07,-5.7224325989063027e-07,9.4533311103784333e-10,9.0263103735280680e-12,0
3700,-2.3006814751160806e-12,-1.7229140825733243e-05,-1.7230146601183195e-05,1.0057754499514788e-09,2.3335735652654118e-11,0
3701,8.6890041461510470e-11,9.4836354358442246e-05,9.4835625959524580e-05,7.2839891766590583e-10,6.1494334339369195e-12,0
3702,-8.1424601957520802e-10,-3.7680133182865783e-05,-3.7684911221930316e-05,4.7780390645328998e-09,7.9952715258666767e-12,0
3703,7.9107132727969017e-10,1.7863553995484810e-05,1.7852208297971273e-05,1.1345697513536873e-08,5.8218532975853049e-12,0
3704,-8.7048258677387509e-10,-1.7712512507243817e-04,-1.7712403825764531e-04,-1.0868147928648746e-09,4.1132320159271072e-12,0
3705,-8.6027131028367323e-10,1.1701155937320594e-06,1.1669982090844458e-06,3.1173846476136287e-09,4.3774424907742767e-12,0
3706,-6.2603177149289004e-12,-1.5487694135560672e-05,-1.5487463756864402e-05,-2.3037869626986148e-10,1.1818264324970389e-11,0
3707,8.2930405220481580e-11,9.6577776968178090e-05,9.6577959392115740e-05,-1.8242393765011394e-10,2.6281600156820079e-12,0
3708,-8.1820565579771498e-10,-3.5938709767232950e-05,-3.5942106102845269e-05,3.3963356123190426e-09,3.4829520924928410e-12,0
3709,-1.6615539124381634e-09,-1.9498868072207604e-04,-1.9496615468070100e-04,-2.2526041375031582e-08,2.1247438432586188e-11,0
3710,-1.6513426348473610e-09,-1.6693415397841041e-05,-1.6669361724742762e-05,-2.4053673098278999e-08,1.8754365588494728e-11,0
3711,-7.9733164468224370e-10,-3.3351090267632819e-05,-3.3339216747618626e-05,-1.1873520014192378e-08,4.7408025247860694e-11,0
3712,-7.0814092150226128e-10,7.8714203082036124e-05,7.8722822843271489e-05,-8.6197612353644234e-09,1.1104229093925364e-11,0
3713,-1.6092769799811416e-09,-5.3802266542511516e-05,-5.3787042421112228e-05,-1.5224121399287963e-08,1.6659132298992275e-11,0
3714,1.0211276545912101e-11,1.7829523207417864e-04,1.7829423312196060e-04,9.9895221803737722e-10,6.7962018556467064e-12,0
3715,9.5341299193148638e-10,2.7370290128481947e-04,2.7370218736703981e-04,7.1391777965680234e-10,8.1033153117293847e-12,0
3716,5.2276931057450632e-11,1.4118641209601851e-04,1.4118402980391596e-04,2.3822921025467864e-09,4.8161199086336034e-12,0
3717,9.4320171489083749e-10,9.5407686336894046e-05,9.5411138533525199e-05,-3.4521966311529088e-09,9.4682925376042903e-12,0
3718,4.2065654600549114e-11,-3.7108833377291544e-05,-3.7111707197385814e-05,2.8738200942695909e-09,4.7276579096736257e-12,0
3719,-8.6422226915752877e-10,-1.6163752792963909e-04,-1.6163936053515416e-04,1.8326055150664784e-09,4.0873901678471439e-11,0
3720,-8.5401099275693818e-10,1.6657848460732011e-05,1.6653643599094932e-05,4.2048616370793694e-09,4.9008480709585607e-11,0
3721,8.9190722919980281e-11,1.1206543279883730e-04,1.1206393915081194e-04,1.4936480253590484e-09,2.8576325387563270e-11,0
3722,-8.1194533830044359e-10,-2.0451057827363013e-05,-2.0458254098077672e-05,7.1962707146585659e-09,4.0977314863241633e-11,0
3723,-9.0113606109781744e-10,-1.3251649366065061e-04,-1.3252320069233808e-04,6.7070316874689485e-09,6.0703979768870867e-12,0
3724,5.9662250159673509e-10,4.7481140052979889e-06,4.7538352212699628e-06,-5.7212159719738947e-09,2.3613970981191200e-11,0
3725,5.7497010003699515e-12,-4.3538585146019396e-05,-4.3535350500194212e-05,-3.2346458251833335e-09,1.9160119841478251e-11,0
3726,2.1190770058755093e-12,-1.7406608038833261e-06,-1.7425059051587251e-06,1.8451012753989423e-09,4.6285334937087917e-12,0
3727,-5.8733096927869846e-10,-1.7887989206497208e-04,-1.7886042497132433e-04,-1.9467093647751021e-08,3.1582419714138539e-11,0
3728,-6.3683536614130584e-10,-5.8714343008185732e-07,-5.6953308949937704e-07,-1.7610340582480284e-08,2.3772111272208524e-11,0
3729,-3.8688865400458189e-12,-1.7231515744604506e-05,-1.7230126280962967e-05,-1.3894636415386237e-09,4.3223512928972895e-11,0
3730,3.9845572880413039e-11,9.4837508681361194e-05,9.4835284020201559e-05,2.2246611596345254e-09,1.2239299623622169e-11,0
3731,-5.8945004628258879e-10,-1.7713925046581105e-04,-1.7711996166525974e-04,-1.9288800551318496e-08,1.2642936551870163e-11,0
3732,-6.3895444314115528e-10,1.1535103935159108e-06,1.1696625612032829e-06,-1.6152167687372076e-08,1.1132225080226145e-11,0
3733,-5.9879635467516802e-12,-1.5490828823060696e-05,-1.5487458424357671e-05,-3.3703987030248765e-09,1.9805039924500453e-11,0
3734,3.7726495874927986e-11,9.6578192343420145e-05,9.6577596535945201e-05,5.9580747494426649e-10,4.8117861595703329e-12,0
3735,-4.9504397273779776e-11,1.7829274367763768e-04,1.7829284089513435e-04,-9.7217496666844941e-11,9.7189357388611917e-12,0
3736,6.2717654218604386e-10,2.7371747424359549e-04,2.7369772709330569e-04,1.9747150289798916e-08,2.4908956042919526e-11,0
3737,6.7668093945219833e-10,9.5424676097492431e-05,9.5408073710630636e-05,1.6602386861794987e-08,2.2361327738302551e-11,0
3739,-6.3296647964654332e-10,1.6644295254452518e-05,1.6656352134237203e-05,-1.2056879784684782e-08,9.6334120136277442e-11,0
3740,4.3714459412867420e-11,1.1206889848855320e-04,1.1206358444267667e-04,5.3140458765272647e-09,4.8255314976751320e-11,0
3741,2.3267747862461424e-10,2.2267765182352670e-06,2.1732474457650112e-06,5.3529072470255751e-08,2.2411327655049258e-11,0
3742,2.9151841676666259e-10,-4.3526167982130270e-05,-4.3531886044999382e-05,5.7180628691111640e-09,1.3095541862225494e-11,0
3743,6.8858428796301221e-10,1.2839164500006231e-05,1.2819553613178429e-05,1.9610886827801580e-08,1.8123427931674810e-11,0
3744,3.9706587220145793e-10,5.6365265027822666e-05,5.6347849359684915e-05,1.7415668137750972e-08,3.1661254485355518e-11,0
3745,-1.4408819352300552e-10,-4.3544575416602782e-05,-4.3537362465130725e-05,-7.2129514720571599e-09,1.9507454719325841e-11,0
3746,2.9050382461006973e-13,-1.7432505087377500e-06,-1.7424853956100495e-06,-7.6511312770041447e-10,7.4528366599773831e-12,0
3747,-4.7907521340645676e-10,-1.7886741995011557e-04,-1.7885839179238662e-04,-9.0281577289487262e-09,1.6998281769388384e-11,0
3748,-4.1450239370084097e-10,-5.7180998727320888e-07,-5.6678840253967379e-07,-5.0215847335350884e-09,1.9167338920534263e-11,0
3749,5.1582731402491330e-11,-1.7227828648190731e-05,-1.7229395725882114e-05,1.5670776913830379e-09,5.5451071353475315e-11,0
3750,1.2843522922790274e-10,9.4840356198048169e-05,9.4836642994069486e-05,3.7132039786832516e-09,1.8067894804626801e-11,0
3751,-4.7936571722587252e-10,-1.7712419812287907e-04,-1.7711795893046145e-04,-6.2391924176218808e-09,1.0790957073292092e-11,0
3752,-4.1479289751910229e-10,1.1714143256017200e-06,1.1723559236686576e-06,-9.4159806693760617e-10,1.3409593576462007e-11,0
3753,5.1292227574645827e-11,-1.5484681104075337e-05,-1.5486745956924879e-05,2.0648528495422077e-09,4.4783205989485638e-11,0
3754,1.2814472540253035e-10,9.6583598626215350e-05,9.6578931030269369e-05,4.6675959459812309e-09,7.7001531871683651e-12,0
3755,6.4572819597786686e-11,1.7829564795566154e-04,1.7829355309827662e-04,2.0948573849178479e-09,1.4585211154285013e-11,0
3756,6.0751044300006238e-10,2.7370777116358675e-04,2.7369703640227696e-04,1.0734761309787004e-08,2.0382643624458900e-11,0
3757,5.4293762278181588e-10,9.5412181665413629e-05,9.5406674292088990e-05,5.5073733246395126e-09,3.2359159010414596e-11,0
3758,-5.3065794470697732e-10,-1.6163980009686104e-04,-1.6163398202688028e-04,-5.8180699807593508e-09,8.5358133010040749e-11,0
3760,7.6852497825392079e-11,1.1206829814362556e-04,1.1206422100224990e-04,4.0771413756663906e-09,1.0086813648481847e-10,0
3761,2.7510179326133412e-10,2.1782128431444003e-06,2.1737881926118998e-06,4.4246505325005659e-09,1.9353518967123085e-11,0
3762,3.1227663834415611e-10,4.7613274994206395e-06,4.7503120437018971e-06,1.1015455718742428e-08,1.7771712403147400e-11,0
3763,3.7174845193375671e-11,2.5830992326216981e-06,2.5739196768321059e-06,9.1795557895921563e-09,1.6722533618559875e-11,0
3764,-1.4703830747143511e-11,-4.3539277224287354e-05,-4.3535868948255997e-05,-3.4082760313569431e-09,2.0643646940802197e-11,0
3765,8.5609997323413526e-11,9.6584151575675441e-05,9.6578502888306609e-05,5.6486873688325586e-09,1.4871407309834364e-11,0
3766,1.0698374568943402e-09,-5.8499688989342193e-06,-5.8620202447619588e-06,1.2051345827739509e-08,3.6426415435293938e-11,0
3767,1.0758544653094581e-09,-7.5888789639374371e-06,-7.5921515165798150e-06,3.2725526423779238e-09,1.6810950050288682e-11,0
3769,2.1081669024216329e-10,-1.8471871504246746e-04,-1.8471299332211273e-04,-5.7217203547278890e-09,2.4344633713018174e-11,0
3770,-6.2726649569983610e-11,-6.4312513383193992e-06,-6.4256986910425318e-06,-5.5526472768673964e-09,1.7026690977650402e-11,0
3772,9.4032224183497029e-10,8.8980450588938345e-05,8.8989285525953722e-05,-8.8349370153768467e-09,3.7948043831478491e-11,0
3773,1.1052574079470306e-09,1.2830336750984869e-05,1.2824562044522022e-05,5.7747064628471277e-09,4.3290650836633575e-11,0
3774,6.0170084222845316e-12,-1.7389043554316220e-06,-1.7423526274392264e-06,3.4482720076044760e-09,5.7540322636773021e-12,0
3775,2.2862105197057092e-10,1.6118600173428178e-05,1.6101627049945808e-05,1.6973123482370042e-08,2.7456047342476368e-11,0
3776,-8.5902076706525109e-10,-1.7886883675861769e-04,-1.7886211615510486e-04,-6.7206035128273764e-09,1.4741033674868099e-11,0
3777,-1.1325641068959410e-09,-5.8137880388185736e-07,-5.7571141977096968e-07,-5.6673841108876875e-09,2.3958580526200592e-11,0
3778,-1.1384508110219803e-10,-1.7234058249225408e-05,-1.7231385976517476e-05,-2.6722727079317075e-09,5.8020245360750878e-11,0
3779,-1.2951521501883353e-10,9.4830427875790095e-05,9.4833816259424505e-05,-3.3883836344096151e-09,1.0263450292281305e-11,0
3780,3.5419951394472601e-11,1.8680156677690005e-05,1.8675081412000954e-05,5.0752656890508396e-09,3.0771629323368719e-11,0
3781,2.2260404357279585e-10,1.7857548395807527e-05,1.7845385435639588e-05,1.2162960167938643e-08,1.2759162148531453e-11,0
3782,-8.6503777550652276e-10,-1.7712990346286034e-04,-1.7712183026646704e-04,-8.0731963932999945e-09,6.8413869755942211e-12,0
3783,-1.1385811153419173e-09,1.1575426960555232e-06,1.1632560770769010e-06,-5.7133810213777867e-09,1.1061499096519324e-11,0
3784,-1.1986208952094410e-10,-1.5495182053188415e-05,-1.5488865512741828e-05,-6.3165404465876545e-09,2.6996392820462803e-11,0
3785,-1.3553222343257086e-10,9.6569342465578807e-05,9.6575965850899628e-05,-6.6233853208210207e-09,4.5060652397207114e-12,0
3786,2.9402942997479706e-11,2.0419097057044512e-05,2.0414823509609857e-05,4.2735474346549307e-09,1.5317396259517281e-11,0
3787,-1.0876418203918187e-09,-1.9498748450654749e-04,-1.9495724815570147e-04,-3.0236350846024216e-08,2.0494880711492051e-11,0
3788,-1.3611851602426264e-09,-1.6699935889015818e-05,-1.6666282216691828e-05,-3.3653672323989963e-08,2.5658172543043752e-11,0
3789,-3.4246613363860692e-10,-3.3352732370097241e-05,-3.3333710762254561e-05,-1.9021607842679489e-08,7.6629731662874837e-11,0
3790,-3.5813626748466085e-10,7.8711809034515134e-05,7.8727783552850119e-05,-1.5974518334985048e-08,1.9913745414928955e-11,0
3791,-1.9320110051746866e-10,2.5615374672773809e-06,2.5710789893007888e-06,-9.5415220234078946e-09,3.8634303643220112e-11,0
3792,-2.7354333981513672e-10,1.7828744447190466e-04,1.7828835543768731e-04,-9.1096578265265245e-10,7.5749785236156794e-12,0
3793,7.2950555153497593e-10,2.7369924173448060e-04,2.7369791045764986e-04,1.3312768307443407e-09,9.4986312088340605e-12,0
3794,8.9444071762092885e-10,1.9754898048386822e-04,1.9752532502523179e-04,2.3655458636432898e-08,1.6813953862895062e-11,0
3795,1.0030488906722910e-09,9.5411798487226099e-05,9.5412750977739576e-05,-9.5249051347719420e-10,1.2836071432086064e-11,0
3796,1.1679840563286275e-09,1.9261547667849023e-05,1.9238343641237195e-05,2.3204026611828033e-08,1.5058699053754008e-11,0
3797,-7.4517568531194978e-10,-1.6163470038177343e-04,-1.6163572121080688e-04,1.0208290334465069e-09,3.3990649393775650e-11,0
3798,-1.0187190251117092e-09,1.6652755276158702e-05,1.6651482445035101e-05,1.2728311236012810e-09,4.2465589986243298e-11,0
3799,-1.5670133973885616e-11,1.1206458150576741e-04,1.1206339615845854e-04,1.1853473088735108e-09,4.5434937382384160e-11,0
3800,1.4926503197059595e-10,3.5914225971842538e-05,3.5899102049186094e-05,1.5123922656444001e-08,9.7019583107591101e-11,0
3801,1.6493516576257731e-10,-7.6150195872396950e-05,-7.6160504032739363e-05,1.0308160342412738e-08,1.9806358135991209e-11,0
3802,2.0255690360577862e-09,-5.8503020597261424e-06,-5.8501677453184460e-06,-1.3431440769640676e-10,1.2490770391331555e-11,0
3803,2.0331152844348715e-09,-7.5898241141860844e-06,-7.5803811791350153e-06,-9.4429350510691679e-09,4.8178384397255253e-12,0
3804,1.7392447389136231e-09,8.8980778058228745e-05,8.8999321232425743e-05,-1.8543174196998719e-08,7.7810115249466721e-12,0
3805,5.1010329021246754e-10,-4.3530024610488084e-05,-4.3529630606056268e-05,-3.9400443181642842e-10,6.7583974004279231e-12,0
3806,-1.7789054139867988e-09,-8.0961698214155817e-06,-8.0971118834082631e-06,9.4206199268139315e-10,2.3228118121518974e-11,0
3807,2.4666362584542235e-10,-1.3946441361681501e-05,-1.3926655021240659e-05,-1.9786340440841902e-08,2.4824522987505716e-11,0
3808,2.5420987423836674e-10,-1.5686014649336430e-05,-1.5669899184369770e-05,-1.6115464966660176e-08,9.6271840839955800e-12,0
3809,-3.9660671655185053e-11,8.0884574903829221e-05,8.0906786871132991e-05,-2.2211967303770023e-08,1.6310033699852106e-11,0
3810,-1.2688021236546183e-09,-5.1626202325778022e-05,-5.1621149169880637e-05,-5.0531558973854218e-09,2.9419423151442265e-11,0
3811,7.5462483903938255e-12,-1.7395273153214991e-06,-1.7422963384236910e-06,2.7690231021919515e-09,4.8214623887141037e-12,0
3812,-2.8632429724447141e-10,9.4831069418954174e-05,9.4832096583425017e-05,-1.0271644708431020e-09,8.8469290443280242e-12,0
3813,-1.5154657467597055e-09,-3.7679731584804119e-05,-3.7694007174366009e-05,1.4275589561889767e-08,1.0999635984466778e-11,0
3814,-2.9387054562542344e-10,9.6570607801813035e-05,9.6574186454802906e-05,-3.5786529898701415e-09,3.5855953610705420e-12,0
3815,-1.5230119952004701e-09,-3.5940203925945938e-05,-3.5951314946111009e-05,1.1111020165070144e-08,4.4145905235271714e-12,0
3816,-1.2291414470265494e-09,-1.3251080250612900e-04,-1.3252858160734104e-04,1.7779101212035599e-08,7.2500967654337759e-12,0
3817,1.5654241549501170e-09,-5.8150949388442730e-06,-5.8558742293001069e-06,4.0779290455833895e-08,3.3591621878758241e-11,0
3818,1.5697309122167144e-09,-7.5521371916322660e-06,-7.5862083155653861e-06,3.4071123933120066e-08,1.8378514267165053e-11,0
3819,1.3427685121804209e-09,1.0255793190912070e-05,1.0259844782780900e-05,-4.0515918688304277e-09,4.1323738247969023e-11,0
3820,6.1964560372703272e-10,-6.4075026534292367e-06,-6.4174269192740267e-06,9.9242658447899363e-09,9.5128510993296889e-12,0
3821,1.4462211827854022e-09,-2.3068827975118375e-05,-2.3063213967100879e-05,-5.6140080174958782e-09,1.0025067376837147e-10,0
3822,1.3828995403316978e-09,8.8991448194139858e-05,8.8995003783121613e-05,-3.5555889817557576e-09,2.1892569963064830e-11,0
3823,4.9521127360040501e-10,-4.3526384900309870e-05,-4.3529915161876682e-05,3.5302615668128751e-09,5.7150352071534328e-12,0
3825,-1.1927749597134317e-09,-8.1129581144621238e-06,-8.0898155221402138e-06,-2.3142592321909961e-08,4.0516509354991100e-11,0
3826,3.7264919932815523e-10,-1.3928078133134687e-05,-1.3925196473660444e-05,-2.8816594742428080e-09,1.8021101960957724e-11,0
3827,3.7695595660647081e-10,-1.5665031765388354e-05,-1.5668451085671301e-05,3.4193202829467322e-09,1.2789026362737049e-11,0
3828,1.4999355637972633e-10,2.1428141128267478e-06,2.1722705423765871e-06,-2.9456429549839278e-08,1.3137916862837194e-11,0
3829,-5.7312935495307961e-10,-1.4520387092917253e-05,-1.4489851239376401e-05,-3.0535853540852029e-08,3.2144397277198948e-11,0
3830,2.5344622699540890e-10,-3.1181818175685539e-05,-3.1148346531172695e-05,-3.3471644512844385e-08,4.7738919505862960e-11,0
3831,1.9012458450270480e-10,8.0878493431131397e-05,8.0909710012815246e-05,-3.1216581683848367e-08,1.8603035883417016e-11,0
3832,-6.9756368535709211e-10,-5.1639325726741611e-05,-5.1614163772784414e-05,-2.5161953957196926e-08,1.8737770770947543e-11,0
3833,-1.6662511995129615e-10,4.7084090427796516e-06,4.7443771875491605e-06,-3.5968144769508906e-08,1.3826659545696008e-11,0
3834,4.3067572726750447e-12,-1.7370426889269788e-06,-1.7423068099606887e-06,5.2641210337099547e-09,5.2388858054936757e-12,0
3835,-2.2265564295255709e-10,1.6070804096337231e-05,1.6096202209963796e-05,-2.5398113626565557e-08,1.5827098111600268e-11,0
3836,-9.4577855427912563e-10,-5.9238513262956094e-07,-5.7341451526325246e-07,-1.8970617366308482e-08,3.5040093273966340e-11,0
3837,-1.1920297233958318e-10,-1.7253824462342641e-05,-1.7231385883207967e-05,-2.2438579134673436e-08,1.9652423018115356e-11,0
3838,-1.8252461482832142e-10,9.4806555988510670e-05,9.4833562904907519e-05,-2.7006916396849347e-08,9.0630677779660128e-12,0
3839,-1.0702128846762662e-09,-3.7711199795843232e-05,-3.7688550503990425e-05,-2.2649291852807783e-08,2.3771343787279577e-11,0
3840,-5.3927431928357779e-10,1.8636445230884105e-05,1.8668131707743793e-05,-3.1686476859688165e-08,1.6799526053795288e-11,0
3841,-2.2696240022266872e-10,1.7807872462157967e-05,1.7839915065391488e-05,-3.2042603233521405e-08,1.1025169767077825e-11,0
3842,-9.5008531158126097e-10,1.1445685495110880e-06,1.1654593381948758e-06,-2.0890788683787805e-08,2.6350019306251921e-11,0
3843,-1.2350972961321930e-10,-1.5516865128291195e-05,-1.5488907478033445e-05,-2.7957650257750318e-08,1.6655464099133667e-11,0
3845,-1.0745196419758642e-09,-3.5974238674517899e-05,-3.5945829246484118e-05,-2.8409428033780856e-08,1.3833471342637423e-11,0
3846,-5.4358107655942946e-10,2.0373430823677693e-05,2.0407842662463746e-05,-3.4411838786052503e-08,1.0970574360943041e-11,0
3847,-7.2312291018702948e-10,-1.6663229624059445e-05,-1.6658609150284663e-05,-4.6204737747818504e-09,2.8437065455671229e-11,0
3848,1.0345267060715754e-10,-3.3324512102014163e-05,-3.3328243120809261e-05,3.7310187950981093e-09,4.8780945310197688e-11,0
3849,4.0131028131439400e-11,7.8735716552521444e-05,7.8733009325714849e-05,2.7072268065953279e-09,1.5381855643434644e-11,0
3850,-8.4755724048336126e-10,-5.3782066983760817e-05,-5.3778576301029792e-05,-3.4906827310257757e-09,2.0719511457775557e-11,0
3851,-3.1661867605438110e-10,2.5655602597426247e-06,2.5695690808650400e-06,-4.0088211224153246e-09,1.2113633237983358e-11,0
3853,-1.2443433035567738e-10,-3.7118880196670805e-05,-3.7113845815330320e-05,-5.0343813404844242e-09,2.8797634475942266e-12,0
3854,4.0650423462009418e-10,1.9228841699752038e-05,1.9229095512325674e-05,-2.5381257363652301e-10,2.7962894449515497e-11,0
3856,-6.3321642479717682e-11,1.1206034204750900e-04,1.1206315534542751e-04,-2.8132979185043752e-09,3.3723469540814717e-11,0
3858,-4.2007134674663852e-10,3.5890117321643079e-05,3.5892206382576998e-05,-2.0890609339182706e-09,4.7487428939987702e-11,0
3859,-8.8768826842038562e-10,-1.3251788803493201e-04,-1.3252456101138946e-04,6.6729764574516726e-09,2.6161047560450754e-11,0
3860,-3.5674970414158025e-10,-7.6170148917176304e-05,-7.6167183757214880e-05,-2.9651599614240534e-09,1.4024468112174391e-11,0
3861,5.3093856463034151e-10,5.6347654489556295e-05,5.6350081074593397e-05,-2.4265850371012632e-09,1.6868820658229641e-11,0
3863,-5.8876571886537009e-10,-1.8476798437945356e-04,-1.8472167722174043e-04,-4.6307157713129220e-08,3.2500021514067913e-11,0
3864,3.7622946490050697e-10,8.8932664663941841e-05,8.8982599240360305e-05,-4.9934576418464134e-08,1.7876758833644328e-11,0
3865,-9.9343457710287547e-10,-1.7712472288455719e-04,-1.7712208983478863e-04,-2.6330497685618168e-09,1.6576412649697689e-11,0
3867,9.6499518227722938e-10,2.7370063894561287e-04,2.7369989684228508e-04,7.4210332779052479e-10,2.3874918349957485e-11,0
3868,-2.4843868722238443e-09,-1.3963531752574782e-05,-1.3960784465287226e-05,-2.7472872875559332e-09,2.6326712715543632e-11,0
3869,-2.4799770783974163e-09,-1.5705232870925206e-05,-1.5703993015455673e-05,-1.2398554695335832e-09,2.0358652835452550e-11,0
3870,-5.8619140560899681e-10,2.1413043997334930e-06,2.1631533845720032e-06,-2.1848984838510281e-08,3.4579199655281755e-11,0
3871,-3.7203676111327680e-09,-1.9281851554495393e-04,-1.9281493505575792e-04,-3.5804891960111631e-09,3.3488693005063574e-11,0
3872,-3.3668745223943403e-09,-1.4520834747306938e-05,-1.4524649409572486e-05,3.8146622655472670e-09,4.1774576397763498e-11,0
3873,-2.3799273016296145e-09,-3.1192359652740947e-05,-3.1181129644341186e-05,-1.1230008399761016e-08,8.9123817998685951e-11,0
3874,-3.1582328617549763e-09,-5.1626291892073808e-05,-5.1644828616346357e-05,1.8536724272548660e-08,2.6521369188749925e-11,0
3875,-3.3646201045532201e-11,4.7194544654993384e-06,4.7460279066030275e-06,-2.6573441103689109e-08,3.2026501969158165e-11,0
3876,4.4097940084753150e-12,-1.7416086864414625e-06,-1.7422607822478157e-06,6.5209580635315631e-10,5.4428898614595651e-12,0
3877,1.8981954759979766e-09,1.6104828587292820e-05,1.6122618542709777e-05,-1.7789955416957207e-08,1.4862877559802461e-11,0
3878,-1.2359807557364621e-09,-1.7885494513548636e-04,-1.7886500346822693e-04,1.0058332740569545e-08,8.4811566635166707e-12,0
3879,-8.8248767099170692e-10,-5.5728580479127987e-07,-5.7264264298747580e-07,1.5356838196195930e-08,1.0242282258273683e-11,0
3880,1.0445956830825144e-10,-1.7228766317064809e-05,-1.7228567709444753e-05,-1.9860762005537245e-10,3.2267121355764521e-11,0
3881,-6.7384601124935790e-10,-3.7662780257670045e-05,-3.7683733086559486e-05,2.0952828889441214e-08,6.8387262676460127e-12,0
3882,2.4507406786852372e-09,1.8683012501002211e-05,1.8705330775356864e-05,-2.2318274354653320e-08,1.5430213661429721e-11,0
3883,1.8937856819787270e-09,1.7846438621838684e-05,1.7866285562178699e-05,-1.9846940340014933e-08,1.2193116574950129e-11,0
3884,-1.2403905497203330e-09,-1.7711335040551841e-04,-1.7712483513783843e-04,1.1484732320021654e-08,7.1124209291617002e-12,0
3885,-8.8689746492465945e-10,1.1843290584224314e-06,1.1661532523402787e-06,1.8175806082152668e-08,8.1397018900353506e-12,0
3886,1.0004977432741916e-10,-1.5487223559281014e-05,-1.5486132822411493e-05,-1.0907368695209721e-09,2.6291521490357717e-11,0
3887,-6.7825580515748735e-10,-3.5921176630060794e-05,-3.5941029898103247e-05,1.9853268042452344e-08,5.4756122467994957e-12,0
3888,2.4463308846839375e-09,2.0424655464049146e-05,2.0445005499685046e-05,-2.0350035635899783e-08,1.2455380692303502e-11,0
3889,-3.1341762219908576e-09,-1.9495976648750387e-04,-1.9498124899698904e-04,2.1482509485171684e-08,1.7574195674555109e-11,0
3890,-2.7806831357694901e-09,-1.6662108971210281e-05,-1.6684286110011928e-05,2.2177138801647491e-08,2.1041002155249250e-11,0
3891,-1.7937359033526989e-09,-3.3333423227123460e-05,-3.3351812766135766e-05,1.8389539012305658e-08,7.1468098411765520e-11,0
3892,-2.5720414757078766e-09,-5.3767588733419358e-05,-5.3800169392963062e-05,3.2580659543704254e-08,1.3317384124127995e-11,0
3893,5.5254520341365811e-10,2.5782148616176892e-06,2.5803618008298401e-06,-2.1469392121509058e-09,1.8240407888017348e-11,0
3894,3.5349308721084453e-10,1.7829766486271740e-04,1.7829431332674829e-04,3.3515359691097674e-09,6.8662808358719044e-12,0
3895,5.6213474752391018e-10,1.4119215641512049e-04,1.4118597842422315e-04,6.1779908973433502e-09,4.5610249249214311e-12,0
3896,3.6867214193908439e-09,1.9753799316210113e-04,1.9755865548213666e-04,-2.0662320035529829e-08,1.7262328046596754e-11,0
3897,2.0864166049402762e-10,-3.7105500401762512e-05,-3.7109730745187241e-05,4.2303434247289540e-09,5.1982594874213526e-12,0
3898,3.3332283263472609e-09,1.9240350122376199e-05,1.9265521692456764e-05,-2.5171570080564888e-08,2.0041823713766439e-11,0
3899,-1.3404403247930496e-09,-1.6162629732044929e-04,-1.6164143597171044e-04,1.5138651261145967e-08,4.2094168715999139e-11,0
3900,-9.8694724023702953e-10,1.6671558622149626e-05,1.6651785090348533e-05,1.9773531801093290e-08,5.3863782979437901e-11,0
3901,-7.7830558054567175e-10,-2.0433985032198426e-05,-2.0458461185631821e-05,2.4476153433395140e-08,3.0891815811656052e-11,0
3902,2.3462811109103512e-09,3.5911731485311141e-05,3.5926623416335483e-05,-1.4891931024342152e-08,7.8285274697386728e-11,0
3903,3.1245866633731249e-09,5.6345821276213015e-05,5.6382401064049738e-05,-3.6579787836723123e-08,1.3106645883758840e-11,0
3904,2.4397565185020222e-11,9.6577628331934260e-05,9.6578598384639157e-05,-9.7005270489728974e-10,2.2199072603476866e-11,0
3905,3.5176951380684074e-12,-1.7410939880982244e-06,-1.7422311994061237e-06,1.1372113078992986e-09,3.4401885471205795e-12,0
3906,8.0195680885353268e-10,1.6126025264111971e-05,1.6109127645662870e-05,1.6897618449100509e-08,1.3137265696024597e-11,0
3907,-8.4457678978426661e-10,-1.7886188538173686e-04,-1.7885949945468650e-04,-2.3859270503582847e-09,7.7621153064153598e-12,0
3908,-8.1370666349925604e-10,-5.7186974469899607e-07,-5.7180149014877909e-07,-6.8254550216978005e-11,8.9927957281756241e-12,0
3909,9.7837470422950474e-12,-1.7228953623770219e-05,-1.7229701480792880e-05,7.4785702266079012e-10,3.7436508105090094e-11,0
3911,-7.6446002947597839e-10,-3.7681008742410788e-05,-3.7684945961465857e-05,3.9372190550695206e-09,8.4554647011299965e-12,0
3912,7.9843911371811115e-10,1.7867126470089145e-05,1.7852765256460079e-05,1.4361213629065996e-08,7.7284329272050742e-12,0
3913,-8.4809448490552505e-10,-1.7712079875495038e-04,-1.7711937005734286e-04,-1.4286976075122710e-09,4.8959149502717768e-12,0
3914,-8.1722435861572491e-10,1.1692398047646706e-06,1.1669358200348208e-06,2.3039847298497641e-09,5.8731572024835298e-12,0
3915,6.2660519062980056e-12,-1.5487916039365248e-05,-1.5487293897165728e-05,-6.2214219951998995e-10,1.5355635959383506e-11,0
3917,-7.6797772458922373e-10,-3.5939906007682963e-05,-3.5942246961085699e-05,2.3409534027359720e-09,3.7004313500705117e-12,0
3918,-1.6465335966962003e-09,-1.9498788683287860e-04,-1.9496229846305816e-04,-2.5588369820435126e-08,1.6353408293541309e-11,0
3919,-1.6156634692924580e-09,-1.6697896714792243e-05,-1.6669983579316913e-05,-2.7913135475329565e-08,1.9936403560107796e-11,0
3920,-7.9217306145279287e-10,-3.3354786105707634e-05,-3.3339429741668419e-05,-1.5356364039215500e-08,6.7460348060414984e-11,0
3922,-1.5664168348914000e-09,-5.3806990694618348e-05,-5.3787886081679132e-05,-1.9104612939216132e-08,1.5983500782327419e-11,0
3923,3.0870126282301363e-11,1.7829000835280825e-04,1.7828965112024324e-04,3.5723256500814170e-10,5.3126890314632035e-12,0
3924,9.4972610955971061e-10,2.7369987725953012e-04,2.7369906457328077e-04,8.1268624935095651e-10,6.6235860134881712e-12,0
3925,8.0116760298346580e-11,1.4118087867898491e-04,1.4117930823759553e-04,1.5704413893716674e-09,4.9558130208474748e-12,0
3926,9.1885598278861377e-10,9.5409853468927767e-05,9.5412621677771030e-05,-2.7682088432628852e-09,7.7770814447456937e-12,0
3927,4.9246634099860126e-11,-3.7109137214531851e-05,-3.7111721623614655e-05,2.5844090828036842e-09,4.8596514114357491e-12,0
3928,-8.5436053695406638e-10,-1.6163301461596578e-04,-1.6163480152524745e-04,1.7869092816752766e-09,4.4721883273937555e-11,0
3929,-8.2349041077194220e-10,1.6657197497139519e-05,1.6653778972952387e-05,3.4185241871321364e-09,5.9389287127495374e-11,0
3930,9.5365572724771031e-11,1.1206693471559775e-04,1.1206556939671608e-04,1.3653188816743463e-09,2.9508471563628946e-11,0
3931,-7.7424377677655862e-10,-2.0452044866160930e-05,-2.0458509632320102e-05,6.4647661591720460e-09,4.8045758229131904e-11,0
3933,1.3312935035153496e-09,1.2812916434601883e-05,1.2827113208826083e-05,-1.4196774224200468e-08,1.0018153471517272e-11,0
3934,-1.5737516512237581e-09,-8.0751788019836016e-06,-8.0944583405539251e-06,1.9279538570323446e-08,1.2470171745146627e-11,0
3935,-2.4245814721947935e-10,4.7377898411849612e-06,4.7434398737578652e-06,-5.6500325729040858e-09,1.7404708916433300e-11,0
3936,-2.8082802246947696e-10,-2.0475438362274265e-05,-2.0452458953043362e-05,-2.2979409230902649e-08,3.7538817321277172e-11,0
3937,-1.0269294563609228e-12,-1.7436656478033747e-06,-1.7422551207461453e-06,-1.4105270572294270e-09,1.5759521310265134e-11,0
3938,-3.6380958175364058e-10,-1.7885924957063322e-04,-1.7885301845739452e-04,-6.2311132386944513e-09,2.2453397061724311e-11,0
3939,-2.2389911255298753e-10,-5.6323170128692868e-07,-5.6449644011711677e-07,1.2647388301880900e-09,2.5611247602589423e-11,0
3940,1.8065724601986836e-10,9.4840730474219422e-05,9.4838777214137113e-05,1.9532600823091639e-09,2.0156720872319734e-11,0
3941,-3.6278265229313220e-10,-1.7711557016246611e-04,-1.7711287260089233e-04,-2.6975615737749679e-09,1.7363438359821501e-11,0
3942,-2.2287218309519006e-10,1.1804374952916613e-06,1.1742416453384751e-06,6.1958499531862061e-09,1.9850197613963583e-11,0
3943,1.8168417548411712e-10,9.6584374043899839e-05,9.6580812305184583e-05,3.5617387152559734e-09,1.5243118967409095e-11,0
3944,1.3991046924036673e-10,1.7829597820146620e-04,1.7829047569510714e-04,5.5025063590578762e-09,2.0047271517037713e-11,0
3945,5.4446682745567694e-10,2.7370000158459876e-04,2.7369370314578030e-04,6.2984388184573331e-09,2.0342966177182269e-11,0
3946,4.0455635725175561e-10,9.5403998663637010e-05,9.5406438286060251e-05,-2.4396224232404659e-09,2.2289996795210162e-11,0
3947,7.1397633748195032e-10,1.0288178490965721e-05,1.0251673282654825e-05,3.6505208310896490e-08,1.6012609568522432e-11,0
3948,5.2302564627236130e-10,1.2824986599118196e-05,1.2817019509196422e-05,7.9670899217735593e-09,1.0618447969687983e-11,0
3949,-4.5802415170831105e-10,-8.0858120916921933e-06,-8.0805817157007800e-06,-5.2303759914132451e-09,1.2139348942460860e-11,0
3950,2.5595218616355526e-10,2.2023746513947368e-06,2.1736217771348099e-06,2.8752874259926869e-08,1.2181233962046285e-11,0
3951,6.5001494888350068e-11,4.7391689895091502e-06,4.7472543591944309e-06,-8.0853696852807276e-09,9.8458665670513173e-12,0
3952,-1.9095069129842887e-10,2.5367840507063352e-06,2.5711681368121357e-06,-3.4384086105800470e-08,1.0904840282024575e-11,0
3953,5.2986805560869407e-12,-1.5490901444552415e-05,-1.5487302966421569e-05,-3.5984781308463049e-09,3.5455678807807551e-11,0
3954,-5.9487405971803773e-10,-3.5957321509330967e-05,-3.5940254273664412e-05,-1.7067235666554852e-08,1.0539584769749744e-11,0
3955,-6.0017274034279999e-10,-2.0466553878524876e-05,-2.0456496744631718e-05,-1.0057133893158498e-08,7.7582535497039778e-11,0
3956,3.0843283013875307e-10,2.1714238508483297e-06,2.1742836509702867e-06,-2.8598001219569448e-09,1.9218480884403970e-11,0
3957,-2.9834076009989671e-12,4.7389429037860906e-06,4.7464126263093778e-06,-7.4697225232872114e-09,2.4997867466110964e-11,0
3958,-3.1141623769596678e-10,2.5675028632347538e-06,2.5696862271439984e-06,-2.1833639092446125e-09,2.2270986184701839e-11,0
3959,-8.3253943933193599e-14,-1.7429550707640940e-06,-1.7421898742073864e-06,-7.6519655670755086e-10,7.8884746448635861e-12,0
3960,-4.3415725872716278e-10,-1.7886176225210453e-04,-1.7885303459786180e-04,-8.7276542427318620e-09,2.2841482283436230e-11,0
3961,-3.4895114265016290e-10,-5.7108024033173180e-07,-5.6606286168113247e-07,-5.0173786505993290e-09,2.8142278384127311e-11,0
3962,6.0277479238421017e-11,-1.7227692046945008e-05,-1.7228989926712117e-05,1.2978797671093806e-09,8.4251281370534188e-11,0
3963,1.4032216425855163e-10,9.4841830379563744e-05,9.4838599760666901e-05,3.2306188968428537e-09,1.4114789868813999e-11,0
3964,-4.3407400477972303e-10,-1.7711879563591520e-04,-1.7711296630499280e-04,-5.8293309224014076e-09,1.1555425137911011e-11,0
3965,-3.4886788870097190e-10,1.1719182284376274e-06,1.1725717722804993e-06,-6.5354384287188169e-10,1.4335305741130966e-11,0
3966,6.0360733182971862e-11,-1.5484735777353720e-05,-1.5486618846400089e-05,1.8830690463693660e-09,4.5083801058999547e-11,0
3967,1.4040541820250463e-10,9.6584804571060202e-05,9.6580564683100179e-05,4.2398879600231759e-09,7.2352453778120789e-12,0
3968,8.5206115989400484e-11,1.7829069699623005e-04,1.7828892627582749e-04,1.7707204025534801e-09,1.9614088296956061e-11,0
3969,5.7447942331902237e-10,2.7370364120309944e-04,2.7369352139317498e-04,1.0119809924454600e-08,1.8192280833763877e-11,0
3970,4.8927330669138153e-10,9.5412888129044714e-05,9.5407810261899408e-05,5.0778671453055721e-09,1.5849471460936907e-11,0
3973,8.0044685020636230e-11,1.1206956074656573e-04,1.1206582854998221e-04,3.7321965835218109e-09,5.3384302283763090e-11,0
3974,6.8820194325285655e-10,1.2858360142004033e-05,1.2818969793178581e-05,3.9390348825451530e-08,1.9838825912237611e-11,0
3980,3.1460427002929862e-11,1.4117953736395884e-04,1.4117679727782288e-04,2.7400861359614184e-09,1.5089561378265586e-11,0
3982,-2.3470284736964176e-10,-1.7885633996270558e-04,-1.7884976416614065e-04,-6.5757965649277175e-09,2.5008580789376856e-11,0
3983,-1.2075159030382248e-10,-5.4308893439151962e-07,-5.6324735483728148e-07,2.0158420445761864e-08,3.2984381296260049e-11,0
3984,8.4541212852485865e-11,-1.7225565370810551e-05,-1.7228639552272566e-05,3.0741814620152458e-09,6.5198936496606370e-11,0
3985,1.5776029922973903e-10,9.4847160183784106e-05,9.4839116400104309e-05,8.0437836797971670e-09,2.0389368494170604e-11,0
3986,-2.3291132924190479e-10,-1.7711151011961992e-04,-1.7710973598191151e-04,-1.7741377084069202e-09,1.1502426309401676e-11,0
3987,-1.1896007218045409e-10,1.2017585921363094e-06,1.1753230777672553e-06,2.6435514369054105e-08,1.6475585093230766e-11,0
3988,8.6332730978081595e-11,-1.5480658124553126e-05,-1.5486294323110280e-05,5.6361985571543591e-09,2.9828847706631881e-11,0
3989,1.5955181735604099e-10,9.6592030838875235e-05,9.6581048096123563e-05,1.0982742751672976e-08,8.5394690695533517e-12,0
3990,1.1395125708727073e-10,1.7831325683534752e-04,1.7828847215300904e-04,2.4784682338472967e-08,1.6563183551797169e-11,0
3991,3.9246314642664368e-10,2.7370353456330262e-04,2.7369074857861971e-04,1.2785984682909396e-08,2.8082393841539205e-11,0
3992,2.7851188866896682e-10,9.5390256104491665e-05,9.5405495580512580e-05,-1.5239476020914859e-08,3.6673900599550903e-11,0
3993,-3.1924406001164233e-10,-1.6163098673715830e-04,-1.6162613932007883e-04,-4.8474170794693665e-09,9.6701530916381512e-11,0
3995,7.3219086362888810e-11,1.1207259196894387e-04,1.1206600420819455e-04,6.5877607493180970e-09,7.3078189612562673e-11,0
3996,3.6317430770782608e-10,2.1709598413866167e-06,2.1749798527231846e-06,-4.0200113365678459e-09,3.8851206996313378e-11,0
3997,5.7362987767490645e-10,4.7467723738546508e-06,4.7535656614224208e-06,-6.7932875677699785e-09,2.2500171087908579e-11,0
3998,2.1045556984979398e-10,2.5758259475702067e-06,2.5761771248731004e-06,-3.5117730289374867e-10,2.4759690627090681e-11,0
3999,-2.9317709386052751e-12,-1.7454436923090264e-06,-1.7421482067902008e-06,-3.2954855188255372e-09,1.8467643554955187e-11,0
4000,-2.3408301948347413e-12,-1.7460799934123863e-06,-1.7421234863582544e-06,-3.9565070541319420e-09,2.1081751409854096e-12,0
4001,8.3360076729706879e-11,-1.7214195029416433e-05,-1.7228609970009237e-05,1.4414940592804274e-08,2.4361803644336843e-11,0
4002,8.5700906921969570e-11,-1.5468137025530498e-05,-1.5486299984433213e-05,1.8162958902714969e-08,1.0361751187433152e-11,0
4003,5.3089004233983296e-10,2.7372268813968424e-04,2.7369198208580640e-04,3.0706053877837224e-08,1.9065847154132104e-11,0
4004,2.2406675345847477e-10,2.1897738811194403e-06,2.1732650293642590e-06,1.6508851755181324e-08,2.5257096748913118e-11,0
4005,-9.2146264262114435e-11,-3.7124541444514148e-05,-3.7113539833477211e-05,-1.1001611036936989e-08,1.1927060455952563e-11,0
4007,1.1759225707485303e-10,-1.8470366662696937e-04,-1.8470920764248187e-04,5.5410155124977194e-09,7.5672918766826591e-12,0
4008,1.2334027565660041e-11,-6.4288496179108019e-06,-6.4257978548350267e-06,-3.0517630757752039e-09,8.1441074194673595e-12,0
4009,-1.8663882211016374e-11,-4.3540655693470771e-05,-4.3537280136631828e-05,-3.3755568389434590e-09,4.3119678619682633e-12,0
4010,-1.0525822944517693e-10,1.7827481284888539e-04,1.7828455202441057e-04,-9.7391755251837256e-09,6.3332052205438725e-12,0
4011,-1.3625613919223321e-10,1.4116299142581668e-04,1.4117305281430555e-04,-1.0061388488878014e-08,3.4632708046044925e-12,0
4012,-3.0997909777621868e-11,-3.7111821360397926e-05,-3.7112789729341708e-05,9.6836894378200073e-10,3.9850447893309644e-12,0
4013,2.3986813429078582e-10,2.2084075505905687e-06,2.1734746188673656e-06,3.4932931723203083e-08,2.2207587009902266e-11,0
4014,2.3332787140323393e-10,4.7935297943640931e-06,4.7493484059349877e-06,4.4181388429105377e-08,2.2375848515283043e-11,0
4015,-6.5402627007118057e-12,2.5851135809352825e-06,2.5735121858471486e-06,1.1601395088133887e-08,3.6384961306442554e-11,0
4016,-1.8509035324726457e-10,-1.8473815194461340e-04,-1.8471258799032390e-04,-2.5563954289504554e-08,2.9062374409414480e-11,0
4017,-2.5600783153075007e-10,-6.4547491543318070e-06,-6.4292035166823933e-06,-2.5545637649413665e-08,2.3764975215523117e-11,0
4018,-7.0917478579710485e-11,1.7828338764846064e-04,1.7828453286270534e-04,-1.1452142446974258e-09,1.6851643275881356e-11,0
4019,-3.6276561907607316e-12,-1.7461538184880912e-06,-1.7420821884964835e-06,-4.0716299916076963e-09,5.7257346650573585e-12,0
4020,1.0332704135645143e-10,-1.7220413849342898e-05,-1.7228305510238522e-05,7.8916608956231904e-09,7.5766820302531525e-11,0
4022,1.0695469754833527e-10,-1.5474292775606840e-05,-1.5486033611588075e-05,1.1740835981235401e-08,3.4075498947008697e-11,0
4023,1.6283421339962873e-10,9.6602050908298730e-05,9.6581591351307212e-05,2.0459556991517594e-08,7.7093602513006534e-12,0
4024,5.5879515843175523e-11,1.1207622990233048e-04,1.1206632101216017e-04,9.9088901703124491e-09,5.7648741014895080e-11,0
4025,-4.2419112310687240e-12,-1.7458483129581732e-06,-1.7420688968331637e-06,-3.7794161250095136e-09,8.8749028504581519e-12,0
4026,1.0157763629082611e-10,-1.7211990828802735e-05,-1.7228306448359166e-05,1.6315619556431368e-08,6.1976533023120756e-11,0
4027,1.4060370045734638e-10,9.4863521400422555e-05,9.4839643393279102e-05,2.3878007143453761e-08,1.5630183574880012e-11,0
4028,1.0581954752195074e-10,-1.5466094043388098e-05,-1.5486046668777621e-05,1.9952625389522722e-08,3.6094590600718021e-11,0
4030,3.9026064171102739e-11,1.1207531096569156e-04,1.1206622123054959e-04,9.0897351419713798e-09,1.0286519711007249e-10,0
4031,-4.7811119306032587e-11,-1.8471816713845624e-04,-1.8471036280650114e-04,-7.8043319550998372e-09,1.5802787949776808e-11,0
4032,-1.5144250172666047e-10,-6.4368475038295569e-06,-6.4280157010213361e-06,-8.8318028082208180e-09,1.5433507389999927e-11,0
4033,-1.0363138250239606e-10,1.7828136502633530e-04,1.7828350410777275e-04,-2.1390814374520114e-09,1.2304885389977931e-11,0
4034,8.0522404036585283e-10,-1.3882244471956351e-05,-1.3921110355551914e-05,3.8865883595563024e-08,4.7508771684711412e-11,0
4035,8.0061321950409216e-10,-1.5626605087422363e-05,-1.5664109659596908e-05,3.7504572174545671e-08,2.9822727664737550e-11,0
4036,3.7633172513987057e-10,2.1747521671776869e-06,2.1751807103983254e-06,-4.2854322063844418e-10,2.4231760618535106e-11,0
4037,8.8338629211618216e-10,-3.1092114755253836e-05,-3.1141558457819843e-05,4.9443702566007142e-08,8.7078579755330087e-11,0
4038,8.8152446793010948e-10,8.0952685183498935e-05,8.0919188653782783e-05,3.3496529716151306e-08,3.7657757916106173e-11,0
4039,3.2029902552955314e-10,4.7478499877748673e-06,4.7504286981175589e-06,-2.5787103426915770e-09,2.1291163068242592e-11,0
4040,-4.6108208729979051e-12,-1.7444660522167999e-06,-1.7420517808626569e-06,-2.4142713541429546e-09,2.0655453984621445e-11,0
4041,-4.2889231406137094e-10,1.6056990890274750e-05,1.6094580968487936e-05,-3.7590078213186413e-08,3.7492260465565383e-11,0
4042,7.8162252052929025e-11,-1.7210079589714952e-05,-1.7228575301023547e-05,1.8495711308595404e-08,8.9617053453799202e-11,0
4043,7.6300428101220346e-11,9.4834879868917763e-05,9.4838976690502457e-05,-4.0968215846940315e-09,2.6462476607745425e-11,0
4044,-4.8492501279498983e-10,1.8630105097247260e-05,1.8669773203487873e-05,-3.9668106240613204e-08,4.1164427813907937e-11,0
4045,-4.2428149319386974e-10,1.7801401086706831e-05,1.7838040361508472e-05,-3.6639274801641037e-08,2.6970375338435146e-11,0
4046,8.2773072925733578e-11,-1.5465595302784161e-05,-1.5486331420982780e-05,2.0736118198619498e-08,6.2560393914994018e-11,0
4047,8.0911248974903365e-11,9.6579377304527233e-05,9.6580785663595082e-05,-1.4083590678490732e-09,1.6103123956164405e-11,0
4048,-4.8031419193518121e-10,2.0374473956705566e-05,2.0409309176216883e-05,-3.4835219511316555e-08,2.8555041592707614e-11,0
4049,5.0705456680233255e-10,-3.3266834631971720e-05,-3.3323578332292781e-05,5.6743700321060578e-08,7.9878741752946520e-11,0
4050,5.0519274266596961e-10,7.8778008467209407e-05,7.8740340480235485e-05,3.7667986973921228e-08,3.3710847519743981e-11,0
4051,-5.6032699430251255e-11,2.5730707864978289e-06,2.5729133993278712e-06,1.5738716995771041e-10,2.0890259577816780e-11,0
4052,-1.8618239421776115e-12,1.1204483927574021e-04,1.1206582746924848e-04,-2.0988193508267349e-08,1.0061673384633802e-10,0
4053,-5.6308726477015544e-10,3.5839898812162901e-05,3.5891332570201778e-05,-5.1433758038876170e-08,8.9749139484217715e-11,0
4054,-5.6122544093877564e-10,-7.6204931190058944e-05,-7.6170865359467187e-05,-3.4065830591757705e-08,3.6290705876821005e-11,0
4055,2.0664067303298418e-09,-5.8434861236302330e-06,-5.8496612968980043e-06,6.1751732677713407e-09,1.3517095449965083e-11,0
4056,2.0733694802412485e-09,-7.5816963400589590e-06,-7.5810647805947076e-06,-6.3155946425141668e-10,6.5387710098136253e-12,0
4057,1.0881497136373023e-09,-1.8468479621279628e-04,-1.8469564580204061e-04,1.0849589244328519e-08,1.2413052502070231e-11,0
4058,6.1665063617498253e-10,-6.4196208272400065e-06,-6.4186213840564085e-06,-9.9944318359805753e-10,1.2949047849044132e-11,0
4059,1.8232814123121876e-09,8.8986275927142129e-05,8.9001859068930464e-05,-1.5583141788335308e-08,8.6197686772388126e-12,0
4060,6.9627499218875637e-12,-1.7382218631880751e-06,-1.7418670188501433e-06,3.6451556620681198e-09,6.6228147190360981e-12,0
4061,-9.7825701922411002e-10,-1.7884136165384739e-04,-1.7885601650919613e-04,1.4654855348743235e-08,1.7669414863627864e-11,0
4062,-1.4497560974623345e-09,-5.7610550835093290e-07,-5.7978304766258724e-07,3.6775393116543481e-09,1.9529161923027768e-11,0
4063,-2.4312531825858846e-10,9.4829763279453798e-05,9.4835263884174382e-05,-5.5006047205839086e-09,9.7471331568544173e-12,0
4064,-9.8521976921132304e-10,-1.7710314116961296e-04,-1.7711632523992907e-04,1.3184070316106088e-08,8.2578398721018291e-12,0
4065,-1.4567188474498882e-09,1.1620885005541887e-06,1.1583607127983135e-06,3.7277877558752221e-09,9.6356376328839470e-12,0
4066,-2.5008806819305006e-10,9.6567965106838724e-05,9.6576884304897041e-05,-8.9191980583169534e-09,4.6371264781368442e-12,0
4067,-4.7149907856074752e-10,1.7826518250109967e-04,1.7827819179129232e-04,-1.3009290192653568e-08,1.2714295290649586e-11,0
4068,7.3513170195781052e-10,2.7367113919462942e-04,2.7369307753849709e-04,-2.1938343867673044e-08,1.1793464223331088e-11,0
4069,1.2066307787725365e-09,9.5405865969255300e-05,9.5418119842614362e-05,-1.2253873359061225e-08,1.3596278916691687e-11,0
4070,2.7304293981733510e-09,-5.8447464130785554e-06,-5.8414264237676383e-06,-3.3199893109170148e-09,6.0054413536350087e-12,0
4071,2.7352220460384730e-09,-7.5837865779124214e-06,-7.5729214140911584e-06,-1.0865163821262943e-08,5.3174516103816586e-12,0
4072,1.9946084384317719e-09,1.0245389147503373e-05,1.0266707092204080e-05,-2.1317944700707147e-08,7.1242346207833609e-12,0
4073,1.5255590869062834e-09,-6.3708763083474007e-06,-6.4074173775794490e-06,3.6541069232048271e-08,4.4323835310538859e-12,0
4074,2.5495978249252230e-09,-2.3079651094656123e-05,-2.3050761518058632e-05,-2.8889576597491257e-08,2.2171953170640917e-11,0
4075,2.4126170419958168e-09,8.8985876439139717e-05,8.9009249389834170e-05,-2.3372950694452652e-08,6.6701490082444729e-12,0
4076,1.3023719821908533e-09,-4.3508086010815919e-05,-4.3521353315396693e-05,1.3267304580774414e-08,3.2747429446702066e-12,0
4077,1.4199007637388943e-09,1.2815644913028151e-05,1.2827657688400818e-05,-1.2012775372667730e-08,4.7990282203816271e-12,0
4078,4.7926478537202510e-12,-1.7390543470767976e-06,-1.7418700907980218e-06,2.8157437212242398e-09,3.0929020689567827e-12,0
4079,-7.3582096144514355e-10,1.6090132764314154e-05,1.6090941255133677e-05,-8.0849081952316377e-10,9.9790374444654339e-12,0
4080,-1.2048703132808114e-09,-5.2612180791080515e-07,-5.7675303941802319e-07,5.0631231507218035e-08,7.7200694705707507e-12,0
4081,-1.8083157342649606e-10,-1.7234968260460611e-05,-1.7231722612147800e-05,-3.2456483128107713e-09,1.8909923743721394e-11,0
4082,-3.1781235657985589e-10,9.4830629511087096e-05,9.4834481364777120e-05,-3.8518536900241903e-09,5.0198314999582610e-12,0
4083,-1.4280574183806964e-09,-3.7663343266040438e-05,-3.7693932700489528e-05,3.0589434449089850e-08,5.1543446021827813e-12,0
4084,-1.3105286371917538e-09,1.8660383106255257e-05,1.8659706677444862e-05,6.7642881039484451e-10,7.8969600159052529e-12,0
4085,-7.4061360931863504e-10,1.7829176983099639e-05,1.7834219236928578e-05,-5.0422538289392822e-09,8.7163497173854652e-12,0
4086,-1.2096629611734075e-09,1.2129190704590620e-06,1.1613767820256120e-06,5.1542288433449985e-08,6.8962748962813078e-12,0
4087,-1.8562422131169024e-10,-1.5495943013623271e-05,-1.5489656772882851e-05,-6.2862407404197735e-09,1.5567620420622631e-11,0
4088,-3.2260500445226671e-10,9.6569688508743416e-05,9.6576102665866577e-05,-6.4141571231603450e-09,2.7605770370291091e-12,0
4089,-1.4328500662851176e-09,-3.5924299958146541e-05,-3.5951379075293076e-05,2.7079117146534663e-08,4.2380700095201698e-12,0
4090,-1.3153212850978011e-09,2.0399419351937662e-05,2.0399075206868076e-05,3.4414506958562558e-10,6.8121912769188274e-12,0
4091,-4.6904935148868972e-10,-1.6616255024056240e-05,-1.6656999508431774e-05,4.0744484375534909e-08,1.1543227871896007e-11,0
4092,5.5498938625375002e-10,-3.3325010193353821e-05,-3.3323044467081831e-05,-1.9657262719904498e-09,4.6278162061502455e-11,0
4093,4.1800860336824420e-10,7.8740509975834668e-05,7.8739537572510221e-05,9.7240332444709955e-10,1.5833475710731840e-11,0
4094,-6.9223645612409969e-10,-5.3753460277505480e-05,-5.3778641497062446e-05,2.5181219556966454e-08,9.7388979302447076e-12,0
4095,-5.7470767454166455e-10,2.5702593451151778e-06,2.5665011064691672e-06,3.7582386460106308e-09,8.4281907664186380e-12,0
4096,8.8705795823562484e-10,9.5356773869669301e-05,9.5414299749096412e-05,-5.7525879427111539e-08,9.8644589582500062e-12,0
4097,-2.2318710547785837e-10,-3.7137202283673556e-05,-3.7115220347706118e-05,-2.1981935967438013e-08,3.6163540610015219e-12,0
4098,-1.0565832461005456e-10,1.9186499702141674e-05,1.9223999238111730e-05,-3.7499535970056614e-08,1.2102079680833691e-11,0
4099,-1.0240387387951983e-09,1.6708849117974545e-05,1.6651009610378150e-05,5.7839507596394157e-08,4.2726113056005901e-11,0
4100,-1.3698078301916835e-10,1.1206558230701007e-04,1.1206449172108223e-04,1.0905859278398074e-09,2.3371452007936937e-11,0
4101,-1.2472258436772210e-09,-2.0428360824008979e-05,-2.0465214804040848e-05,3.6853980031869562e-08,2.9714396227753853e-11,0
4102,-1.1296970622784573e-09,3.5895248818768738e-05,3.5884465908087336e-05,1.0782910681402446e-08,3.3427378781797755e-11,0
4103,-1.1102450597708740e-09,-1.3249396880286521e-04,-1.3253042308521195e-04,3.6454282346736703e-08,5.9675528576991419e-12,0
4104,-9.9271627823331595e-10,-7.6170243367790734e-05,-7.6176420419203368e-05,6.1770514126337044e-09,1.0312736238258860e-11,0
4105,1.1752878094541199e-10,5.6323724415186308e-05,5.6346444793051212e-05,-2.2720377864904838e-08,8.3605746140785022e-12,0
4106,1.5649808500454290e-10,9.6587296010358778e-05,9.6582255503979429e-05,5.0405063793489266e-09,6.7008707179329144e-11,0
4107,-3.7010939948630667e-10,-1.7888165332550186e-04,-1.7884734328601836e-04,-3.4310039483500306e-08,2.4498919686766276e-11,0
4108,-3.1607255694082631e-10,-3.7706107475169587e-05,-3.7680245264253309e-05,-2.5862210916277855e-08,1.8716006525248880e-11,0
4109,5.4036842178598124e-11,1.4117559365280606e-04,1.4117230339414944e-04,3.2902586566212720e-09,1.2067546950560463e-11,0
4110,-3.2797414435813359e-11,1.7828105181827078e-04,1.7828204928246251e-04,-9.9746419172821836e-10,1.3721186594611345e-11,0
4111,5.5242651098112708e-10,-1.3927951244065129e-05,-1.3924735349418504e-05,-3.2158946466254612e-09,3.8126042347187502e-11,0
4112,5.4336070695486520e-10,-1.5671195908385305e-05,-1.5667649682900466e-05,-3.5462254848394551e-09,1.7852834633618656e-11,0
4113,3.3044790021760184e-10,2.1706141300308068e-06,2.1746512444862345e-06,-4.0371144554276342e-09,3.1792026118175876e-11,0
4114,7.5858316971693284e-10,-3.1155714838268327e-05,-3.1143498665487697e-05,-1.2216172780630087e-08,1.0354373870615439e-10,0
4115,8.2810891668138922e-10,8.0912801298744196e-05,8.0918872745390673e-05,-6.0714466464773615e-09,2.8892647421221939e-11,0
4116,5.5251563502717781e-10,4.7461619521190586e-06,4.7533134835952030e-06,-7.1515314761444863e-09,2.0525768754674256e-11,0
4117,-9.0658040092536504e-12,-1.7431592397010830e-06,-1.7419669171662871e-06,-1.1923225347958292e-09,4.7915540052969464e-12,0
4118,-2.2197861094681239e-10,1.6098679093496261e-05,1.6097505852953586e-05,1.1732405426749548e-09,3.5765645979802398e-11,0
4119,2.0615665878712621e-10,-1.7227798410599220e-05,-1.7226848887081651e-05,-9.4952351756892963e-10,3.8496924954662681e-11,0
4120,2.7568240574523316e-10,9.4840916396463494e-05,9.4842293924221426e-05,-1.3775277579318630e-09,1.0810859263220331e-11,0
4121,8.9123840394206611e-14,1.8674157764254803e-05,1.8676158859894883e-05,-2.0010956400794979e-09,3.5750820853680462e-11,0
4122,-2.1291280695170849e-10,1.7841900108883472e-05,1.7840880982661092e-05,1.0191262223806631e-09,1.6947283759109883e-11,0
4123,2.1522246280132865e-10,-1.5484641993379427e-05,-1.5484682013258632e-05,4.0019879205384573e-11,1.7801705326605775e-11,0
4124,2.8474820976701125e-10,9.6584075124358918e-05,9.6584005153588557e-05,6.9970770361560061e-11,4.6386444807961142e-12,0
4125,9.1549278380889385e-12,2.0417312960131285e-05,2.0415640644382311e-05,1.6723157489736051e-09,1.7240135254450140e-11,0
4126,4.2813527058321202e-10,-3.3326373934561455e-05,-3.3324687526600892e-05,-1.6864079605631555e-09,8.8136452021620316e-11,0
4127,4.9766101752416644e-10,7.8742193925945315e-05,7.8740846310720636e-05,1.3476152246796446e-09,2.9642923455173323e-11,0
4128,2.2206773470576641e-10,2.5754322870628031e-06,2.5764054346439399e-06,-9.7314758113678032e-10,2.1774572258623446e-11,0
4129,6.9525746965329835e-11,1.1206864064487889e-04,1.1206744470053503e-04,1.1959443438553426e-09,3.6475832458818362e-11,0
4130,-2.0606753476277561e-10,3.5901860146101772e-05,3.5896104966866901e-05,5.7551792348713854e-09,8.9423387236229028e-11,0
4131,-2.7559328185289290e-10,-7.6166721329368105e-05,-7.6167762183698701e-05,1.0408543305950955e-09,3.2803930769166953e-11,0
4132,3.9582709797138801e-10,-4.3527097187143551e-05,-4.3532853392428714e-05,5.7562052851623945e-09,2.6943250630059067e-11,0
4133,4.4552515442794736e-10,-4.3531518581311004e-05,-4.3532294226182591e-05,7.7564487158696214e-10,5.9121464665199952e-12,0
4134,-7.9926893195227496e-12,-1.7428030515703350e-06,-1.7419334812550882e-06,-8.6957031524682551e-10,1.4425975702675783e-11,0
4135,1.4064904380806175e-10,9.4839539673425080e-05,9.4840740638960989e-05,-1.2009655359085250e-09,2.5985869253272918e-11,0
4136,1.4864173312586435e-10,9.6582334233345215e-05,9.6582416582147553e-05,-8.2348802337697466e-11,1.1907733540479616e-11,0
4139,2.1622901540630788e-10,2.1827289328471208e-06,2.1732496575213105e-06,9.4792753258103431e-09,2.4247518844417653e-11,0
4140,2.6319851221057351e-10,4.7779612338122446e-06,4.7497273840243224e-06,2.8233849787922192e-08,1.9709056391616819e-11,0
4143,4.6969496896748402e-11,2.5952444237357930e-06,2.5742502130600248e-06,2.0994210675768236e-08,2.1527750380032867e-11,0
4144,-8.7499058401821937e-11,-1.7707831089563194e-04,-1.7710286995674057e-04,2.4559061108630478e-08,2.5379887680696428e-12,0
4145,9.1054460429085804e-11,-1.5474103221343929e-05,-1.5486219030689846e-05,1.2115809345917584e-08,1.0241877496083228e-11,0
4146,-1.7855351865472785e-10,-1.6160437037624625e-04,-1.6161927863028033e-04,1.4908254034078821e-08,3.3941110516029254e-11,0
4147,-1.6313815923118297e-10,-1.7710426177023697e-04,-1.7710355125389858e-04,-7.1051633839165108e-10,1.4826212108954511e-11,0
4148,9.3523046669827458e-11,-1.5481454267551008e-05,-1.5486187567816175e-05,4.7333002651672870e-09,4.1974972255674024e-11,0
4149,-2.5666120570507062e-10,-1.6162309561253358e-04,-1.6161998784263237e-04,-3.1077699012046611e-09,7.9971109815382106e-11,0
4150,2.6519257803817321e-10,-4.3512005683324362e-05,-4.3534748105199588e-05,2.2742421875225855e-08,2.3764759889338054e-12,0
4151,-1.1700519687648690e-09,-5.9705449706980163e-07,-5.7636772413603976e-07,-2.0686772933761867e-08,2.8952591282416651e-11,0
4152,-7.4374643314224352e-11,9.4824763005902681e-05,9.4838462751715909e-05,-1.3699745813228496e-08,1.2249507018744418e-11,0
4153,1.0956773232157740e-09,9.5421790325713775e-05,9.5417845153979378e-05,3.9451717343967673e-09,1.6162851764604396e-11,0
4154,3.0402746547139006e-12,4.6945546189718079e-06,4.7465021867342957e-06,-5.1947567762487784e-08,3.1412356842899701e-11,0
4155,2.7100095590471682e-12,-1.7402382691044863e-06,-1.7417069528749905e-06,1.4686837705042745e-09,3.4419202611505781e-12,0
4156,8.1101221463733540e-10,1.6138619597465959e-05,1.6110608263340991e-05,2.8011334124967237e-08,1.4124223194332711e-11,0
4157,-7.8943609662920541e-10,-1.7885345808972119e-04,-1.7885027162001141e-04,-3.1864697097832954e-09,9.3249304417900218e-12,0
4158,-7.1901624670726406e-10,-5.7266720990457485e-07,-5.7078274176809336e-07,-1.8844681364814882e-09,9.4649960873450906e-12,0
4159,3.0996863002689618e-11,-1.7228558659844722e-05,-1.7228908033055676e-05,3.4937321095448374e-10,2.4153274956844591e-11,0
4160,1.3648655821684341e-10,9.4841125122340679e-05,9.4841254440059647e-05,-1.2931771896807637e-10,5.3845610722554782e-12,0
4161,-6.5624575887987618e-10,-3.7682240296053058e-05,-3.7684775431647665e-05,2.5351355946074436e-09,5.5217910656722928e-12,0
4162,8.0830220507623492e-10,1.7878866135637855e-05,1.7853723916935244e-05,2.5142218702611736e-08,8.0378485987759110e-12,0
4163,-7.9214610616956630e-10,-1.7711322253601155e-04,-1.7711078937042589e-04,-2.4331655856530809e-09,4.7788251970564978e-12,0
4164,-7.2172625623906611e-10,1.1675895768655744e-06,1.1670491089368147e-06,5.4046792875974522e-10,5.7571174793366581e-12,0
4165,2.8286853444950358e-11,-1.5488366221913389e-05,-1.5486994734528184e-05,-1.3714873852044447e-09,1.5440065263386035e-11,0
4166,1.3377654865993821e-10,9.6581360638267827e-05,9.6582695232252428e-05,-1.3345939846011673e-09,2.8871788909126313e-12,0
4167,-6.5895576841279007e-10,-3.5942009261380903e-05,-3.5942266883126942e-05,2.5762174603880320e-10,3.6572788724092369e-12,0
4168,-1.6004483088242485e-09,-1.9499207243264816e-04,-1.9495513454179656e-04,-3.6937890851595524e-08,2.0106105617574163e-11,0
4169,-1.5300284577988144e-09,-1.6711283491913087e-05,-1.6670833454331434e-05,-4.0450037581653075e-08,2.1419546092276345e-11,0
4170,-7.8001535120821519e-10,-3.3367190066914756e-05,-3.3339776491569299e-05,-2.7413575345457044e-08,4.9801072126990348e-11,0
4171,-6.7452565584121386e-10,7.8702491524949153e-05,7.8726796688909984e-05,-2.4305163960831096e-08,9.4618403929483255e-12,0
4172,-1.4672579695917911e-09,-5.3820860612400351e-05,-5.3789126646491162e-05,-3.1733965909188559e-08,1.0719808288792068e-11,0
4173,7.0419849778036169e-11,1.7828080585492755e-04,1.7828145063326152e-04,-6.4477833396905590e-10,6.1520362697269841e-12,0
4174,9.2592265508862018e-10,2.7369458571613347e-04,2.7369324196892611e-04,1.3437472073636950e-09,6.7754511543929317e-12,0
4175,1.3319033755772530e-10,1.4117121657894992e-04,1.4117086479272143e-04,3.5178622848400752e-10,3.9797232570003162e-12,0
4176,8.5550280490854875e-10,9.5413773166826274e-05,9.5415042557646013e-05,-1.2693908197394495e-09,7.9371246563743151e-12,0
4177,6.2770487838403783e-11,-3.7109595907477240e-05,-3.7111739792863902e-05,2.1438853866622841e-09,3.4799642753753575e-12,0
4178,-8.2043295985914808e-10,-1.6162497653842090e-04,-1.6162641101944781e-04,1.4344810269099548e-09,4.0092477525706440e-11,0
4179,-7.5001311006179709e-10,1.6655971090556243e-05,1.6654253467287673e-05,1.7176232685708523e-09,5.3086862045577334e-11,0
4180,1.0548969519442754e-10,1.1206965202284431e-04,1.1206848583781423e-04,1.1661850300812449e-09,2.4407656936826583e-11,0
4181,-6.8724262227008706e-10,-2.0453704384441971e-05,-2.0458729589386284e-05,5.0252049443133106e-09,2.9330153291464561e-11,0
4182,-7.9273231736197762e-10,-1.3252336365306627e-04,-1.3252784646458718e-04,4.4828115209152343e-09,4.8749223767683972e-12,0
4183,-1.7681854334262460e-10,-8.0839459440807532e-06,-8.0766400404870578e-06,-7.3059035936953899e-09,3.3763161444651556e-11,0
4184,-6.3570348780982690e-13,-1.7424530555988636e-06,-1.7417205004524336e-06,-7.3255514643006416e-10,1.0198682928096131e-11,0
4185,-3.5602210861933032e-10,-1.7885293053142466e-04,-1.7884444975056123e-04,-8.4807808634350564e-09,2.0031413511073586e-11,0
4186,-2.3891540742401922e-10,-5.6997531267194770e-07,-5.6483691024978359e-07,-5.1384024221641113e-09,2.0964708112447839e-11,0
4187,7.2448212539173081e-11,-1.7227251455569775e-05,-1.7228366233574874e-05,1.1147780050990415e-09,5.8136499680378679e-11,0
4188,1.5630494653054751e-10,9.4844255070669625e-05,9.4841668666362225e-05,2.5864043074001189e-09,2.1539058749115329e-11,0
4189,-3.5538640512821022e-10,-1.7711053533134465e-04,-1.7710496038166312e-04,-5.5749496815304077e-09,1.3181206808707102e-11,0
4190,-2.3827970393466732e-10,1.1724866895742973e-06,1.1729885489497651e-06,-5.0185937546779335e-10,1.7244892142280597e-11,0
4191,7.3083916025563855e-11,-1.5484732501154963e-05,-1.5486437820357788e-05,1.7053192028252621e-09,5.6201901510116128e-11,0
4192,1.5694065002133015e-10,9.6586738735846434e-05,9.6583120437312108e-05,3.6182985343265368e-09,9.1938903915523416e-12,0
4193,1.1710670113714926e-10,1.7828298868029224e-04,1.7828157504511203e-04,1.4136351802140033e-09,1.7614313616367003e-11,0
4194,5.1232705543098864e-10,2.7369721554636357e-04,2.7368782365839105e-04,9.3918879725185186e-09,2.3761540844275477e-11,0
4195,3.9522035364201990e-10,9.5414300036045208e-05,9.5409502084198945e-05,4.7979518462632278e-09,2.9546631942352437e-11,0
4198,8.3856733988085830e-11,1.1207159234665680e-04,1.1206836353220365e-04,3.2288144531498640e-09,1.0901159987851874e-10,0
4199,1.9591327499760289e-10,9.6586347499053038e-05,9.6583689604114935e-05,2.6578949381033182e-09,1.9169569801972807e-11,0
4200,1.0068439458122105e-11,-3.5924180542944856e-05,-3.5934086404080815e-05,9.9058611359594635e-09,1.4477924857073101e-11,0
4201,-1.8584483514284161e-10,-1.3251059099055745e-04,-1.3252064668334057e-04,1.0055692783116597e-08,2.8556972022713875e-11,0
4202,4.9292375109574635e-10,1.2829284319802736e-05,1.2815781857417847e-05,1.3502462384889011e-08,1.1007872074090235e-11,0
4203,-3.8659981700387517e-10,-8.0934728091622971e-06,-8.0792026082811046e-06,-1.4270200881192428e-08,1.0951672476262924e-11,0
4204,1.0632393421938512e-10,4.7358121881514378e-06,4.7477856763140347e-06,-1.1973488162596889e-08,1.1917428512926311e-11,0
4205,2.0658576264006622e-09,-5.8349698633906877e-06,-5.8496681066070865e-06,1.4698243216398838e-08,1.3791351525633619e-11,0
4206,2.0722862388782553e-09,-7.5722594395071646e-06,-7.5819115844371019e-06,9.6521449299372819e-09,6.8947348779751655e-12,0
4207,1.9592721646352837e-09,1.0259197292802197e-05,1.0265464156254966e-05,-6.2668634527696218e-09,2.3684497079782989e-11,0
4208,1.0252864824049860e-09,-1.8468273862676417e-04,-1.8469222766869358e-04,9.4890419294086249e-09,1.2101888016577573e-11,0
4209,5.6815557503270658e-10,-6.4219151786606629e-06,-6.4200977356820594e-06,-1.8174429786035122e-09,1.8059798256367056e-11,0
4210,1.9147187374934706e-09,-2.3075948558831313e-05,-2.3059445998692856e-05,-1.6502560138457426e-08,5.2385241214478264e-11,0
4211,1.8568120259554750e-09,8.8990376986399292e-05,8.9003328686846039e-05,-1.2951700446747457e-08,9.4015836299610400e-12,0
4212,1.5645811455980905e-09,1.2823129606850774e-05,1.2828992224628642e-05,-5.8626177778680927e-09,2.1456718358806107e-11,0
4213,6.4286124885145377e-12,-1.7372862020883421e-06,-1.7415660606467663e-06,4.2798585584241493e-09,7.1363560497330338e-12,0
4217,-1.5113888915944049e-10,-1.7241000152259153e-05,-1.7231072702501010e-05,-9.9274497581423925e-09,7.4844202860883743e-11,0
4220,-1.1301407361603255e-10,1.7831448739228338e-05,1.7842446582405882e-05,-1.0997843177543496e-08,1.3292731823281186e-11,0
4221,-1.0469997604002400e-09,-1.7711049587666069e-04,-1.7711255084392708e-04,2.0549672663928813e-09,9.0552503018821449e-12,0
4222,-1.5041306688542466e-09,1.1503674140697639e-06,1.1571561290884810e-06,-6.7887150187170133e-09,1.2502486315373030e-11,0
4223,-1.5756750166333097e-10,-1.5503766701935925e-05,-1.5489294981171126e-05,-1.4471720764799113e-08,3.8023781648244857e-11,0
4224,-2.1547421317589425e-10,9.6562643299749965e-05,9.6578831824549165e-05,-1.6188524799200395e-08,5.0453295135662604e-12,0
4225,-5.0770509346598266e-10,2.0395403274016920e-05,2.0409620054179907e-05,-1.4216780162987030e-08,1.2905321939581920e-11,0
4226,-9.3398568585010603e-10,-1.9494197775497693e-04,-1.9494569994670319e-04,3.7221917262547210e-09,3.7270357449990994e-11,0
4227,-1.3911165940878484e-09,-1.6681069108194155e-05,-1.6669449898572182e-05,-1.1619209621972624e-08,7.3259726738529312e-11,0
4228,-4.4553427867336876e-11,-3.3335057005298490e-05,-3.3330743923529001e-05,-4.3130817694892213e-09,6.8795125189015353e-11,0
4229,-1.0246013937742558e-10,7.8731186939590830e-05,7.8734296496338788e-05,-3.1095567479575781e-09,1.8719616086106189e-11,0
4230,-3.9469101969094056e-10,2.5639210777307110e-06,2.5688210147135275e-06,-4.8999369828164881e-09,2.0429781501279022e-11,0
4231,-4.5713090848412279e-10,1.7826080735773402e-04,1.7827336647580105e-04,-1.2559118067029772e-08,1.6199401190996394e-11,0
4232,8.3152554737217959e-10,2.7367311192930295e-04,2.7369109076539651e-04,-1.7978836093556026e-08,1.2336321570989518e-11,0
4233,5.3929466706463206e-10,1.9750584011901228e-04,1.9751184606150261e-04,-6.0059424903280857e-09,3.8383665502241104e-11,0
4234,1.2886564537421362e-09,9.5412313511522313e-05,9.5420983139084850e-05,-8.6696275625370873e-09,1.8965350741146511e-11,0
4236,-8.8943225734875827e-10,-1.6160678393588746e-04,-1.6162585291342629e-04,1.9068977538823882e-08,7.2672243276843317e-11,0
4238,-5.7906711516612878e-11,1.1206624846677718e-04,1.1206695456974353e-04,-7.0610296635294917e-10,6.0096014312241104e-11,0
4239,-3.5013759183778238e-10,3.5899137276319696e-05,3.5894831903968224e-05,4.3053723514717792e-09,7.4940840694991731e-11,0
4240,-2.9223088033551001e-10,-7.6167238414430943e-05,-7.6168622556394979e-05,1.3841419640357950e-09,1.7814655492793118e-11,0
4241,2.7765699961123982e-10,-5.8753328995662241e-06,-5.8718444659489658e-06,-3.4884336172582339e-09,2.8294881610212708e-11,0
4242,2.8238281347713525e-10,-7.6141934707224870e-06,-7.6041890094848944e-06,-1.0004461237592629e-08,1.5284997770310708e-11,0
4243,-7.1852318882407059e-10,-1.8473103020534912e-04,-1.8471345080901824e-04,-1.7579396330877177e-08,2.2002211581258732e-11,0
4244,3.1279200521219654e-10,8.8964102770617073e-05,8.8984281625865315e-05,-2.0178855248241946e-08,2.2789500120031237e-11,0
4245,-8.0904682963201243e-10,-4.3564385700712097e-05,-4.3548591324455680e-05,-1.5794376256417046e-08,1.2910705053013006e-11,0
4246,4.7258138778797548e-12,-1.7388602072771701e-06,-1.7415576703152847e-06,2.6974630381145764e-09,1.1255264137760389e-11,0
4247,-9.9618018845109333e-10,-1.7885569051020837e-04,-1.7885084799567765e-04,-4.8425145307247949e-09,2.3193290342776917e-11,0
4248,3.5135005200048894e-11,9.4839379014566901e-05,9.4840746713716975e-05,-1.3676991500742629e-09,1.9081821268359975e-11,0
4249,-1.0867038299988249e-09,-3.7689095688809779e-05,-3.7690386273810233e-05,1.2905850004543652e-09,1.6123355702991324e-11,0
4250,-1.0009060023249218e-09,-1.7711683451251958e-04,-1.7711154361869613e-04,-5.2908938234579820e-09,1.3800281474242272e-11,0
4251,3.0409191329478911e-11,9.6578262385697746e-05,9.6582026798386892e-05,-3.7644126891459451e-09,8.9267738117075385e-12,0
4252,-1.0914296438660907e-09,-3.5950214551153624e-05,-3.5947949358467117e-05,-2.2651926865065544e-09,9.0725658349760724e-12,0
4253,1.0313151932975956e-09,2.7369510486609586e-04,2.7369326317447487e-04,1.8416916209846972e-09,2.1946854781307482e-11,0
4254,-9.0523642232325382e-11,1.4116659325856670e-04,1.4116597312612781e-04,6.2013243888950353e-10,1.0379290666701707e-11,0
4255,-1.1218388353679876e-09,-1.3252846154204485e-04,-1.3253282302029033e-04,4.3614782454842651e-09,1.3896625256881358e-11,0
4256,2.7502004335309382e-09,-5.8364984173824019e-06,-5.8411812333913005e-06,4.6828160088985680e-09,7.1889428746747107e-12,0
4257,2.7544959691260220e-09,-7.5746431010721704e-06,-7.5736089436397934e-06,-1.0341574323770685e-09,5.4794587408269833e-12,0
4258,2.0481419049096785e-09,1.0249163165875277e-05,1.0266401119135008e-05,-1.7237953259730319e-08,7.2653218464991069e-12,0
4259,1.4751116070802328e-09,-6.3942368961813351e-06,-6.4090157753495232e-06,1.4778879168188120e-08,3.9014395202660459e-12,0
4260,2.5891603812795709e-09,-2.3075803551680929e-05,-2.3051248366051301e-05,-2.4555185629628501e-08,2.5605043655153441e-11,0
4261,2.4673779785972315e-09,8.8990311639247557e-05,8.9011100126937075e-05,-2.0788487689517993e-08,6.5722125652666859e-12,0
4262,1.2573047623547196e-09,-4.3520355898954421e-05,-4.3523062064872132e-05,2.7061659177104493e-09,2.2328157457016239e-12,0
4263,1.4846426626863150e-09,1.2817978260277563e-05,1.2827906518450174e-05,-9.9282581726112501e-09,4.8616505094254996e-12,0
4264,4.2955355718712390e-12,-1.7381434684074720e-06,-1.7415342804885834e-06,3.3908120811114118e-09,3.4956005444354648e-12,0
4265,-7.0205853145380696e-10,1.6085669133782989e-05,1.6092235802777513e-05,-6.5666689945241162e-09,1.2208605194793918e-11,0
4266,-1.2750888299148613e-09,-5.5770378976755484e-07,-5.7772342230890279e-07,2.0019632541347947e-08,8.7713405321882366e-12,0
4267,-1.6104005249458623e-10,-1.7239343712849905e-05,-1.7231137682181291e-05,-8.2060306686141825e-09,2.0884203909120206e-11,0
4268,-2.8282245551122532e-10,9.4826830074540465e-05,9.4836976726706050e-05,-1.0146652165585147e-08,5.0076137428202779e-12,0
4269,-1.4928956753003687e-09,-3.7683846663166441e-05,-3.7695486647418846e-05,1.1639984252405030e-08,5.6057755030138542e-12,0
4270,-1.2655577754342920e-09,1.8654488489729462e-05,1.8661169298071310e-05,-6.6808083418473804e-09,9.2593062375213269e-12,0
4271,-7.0635406707981677e-10,1.7823816270198280e-05,1.7835179439633580e-05,-1.1363169435300527e-08,9.2717712857833831e-12,0
4272,-1.2793843655202562e-09,1.1804278820407108e-06,1.1598265790746844e-06,2.0601302966026383e-08,6.9431137424069457e-12,0
4273,-1.6533558807086855e-10,-1.5501254693483981e-05,-1.5489388475279174e-05,-1.1866218204807384e-08,1.6914586505621078e-11,0
4274,-2.8711799108831784e-10,9.6564968696330120e-05,9.6578230780873669e-05,-1.3262084543549132e-08,2.8258035962756302e-12,0
4275,-1.4971912108989064e-09,-3.5945716778990676e-05,-3.5953055174640003e-05,7.3383956493265233e-09,4.2230502484453431e-12,0
4276,-1.2698533110467350e-09,2.0392619230702458e-05,2.0400276887542064e-05,-7.6576568396058160e-09,7.1866173516699141e-12,0
4277,-5.7303029804349620e-10,-1.6643392388976559e-05,-1.6659512796688888e-05,1.6120407712329042e-08,1.1598103509637948e-11,0
4278,5.4101847730158796e-10,-3.3324940710862446e-05,-3.3323536186049491e-05,-1.4045248129546930e-09,5.6969331195798840e-11,0
4279,4.1923607450903437e-10,7.8741172055000412e-05,7.8741015363293412e-05,1.5669170699990874e-10,1.4584747865463362e-11,0
4280,-7.9083714300220810e-10,-5.3769514005728991e-05,-5.3781445490785434e-05,1.1931485056443326e-08,6.9008179247996992e-12,0
4281,-5.6349924282398282e-10,2.5688138467483412e-06,2.5667454847404306e-06,2.0683620079106048e-09,8.5520753093556371e-12,0
4282,9.9226637497861987e-10,9.5384542709376144e-05,9.5417656966643072e-05,-3.3114257266928133e-08,8.6520448037068466e-12,0
4283,-2.1780684552142892e-10,-3.7126123479297489e-05,-3.7115272607315945e-05,-1.0850871981543848e-08,2.3232280608012405e-12,0
4284,9.5310542658159755e-12,1.9212222136483909e-05,1.9226424485684476e-05,-1.4202349200566979e-08,1.0943028730295102e-11,0
4285,-1.1140487762540463e-09,1.6681663951947402e-05,1.6649613803360894e-05,3.2050148586508569e-08,4.1975144437911324e-11,0
4286,-1.2178240289873103e-10,1.1206617993347314e-04,1.1206646661628244e-04,-2.8668280930058652e-10,2.3208579504370296e-11,0
4287,-1.3318556214049004e-09,-2.0444494014670422e-05,-2.0467095750615006e-05,2.2601735944584512e-08,2.4526600453253458e-11,0
4288,-1.1045177213643277e-09,3.5893781694031068e-05,3.5885619777057583e-05,8.1619169734853348e-09,3.6179813399215820e-11,0
4289,-1.2100732175874436e-09,-1.3251066762819813e-04,-1.3253412415475645e-04,2.3456526558319991e-08,5.5135449745304643e-12,0
4290,-9.8273531741758007e-10,-7.6172328102698007e-05,-7.6177368337786378e-05,5.0402350883704209e-09,9.5699918082848253e-12,0
4291,2.2733789985461527e-10,5.6338330083425397e-05,5.6348990156635113e-05,-1.0660073209715264e-08,6.1245254217880825e-12,0
4292,8.7689251095119533e-13,-1.7401119384370694e-06,-1.7415387663714633e-06,1.4268279343939249e-09,7.7041173457029714e-12,0
4293,-5.1198065752754367e-10,-1.7886663173506505e-04,-1.7884377754095890e-04,-2.2854194106148359e-08,2.5580218184241253e-11,0
4294,8.9299453973817458e-11,9.4847183036551419e-05,9.4841820119114447e-05,5.3629174369716282e-09,2.4878421994460487e-11,0
4295,-5.1285755003408777e-10,-1.7712649303553221e-04,-1.7710450739685986e-04,-2.1985638672355860e-08,1.1637449891579270e-11,0
4296,8.8422561465977492e-11,9.6587263362122775e-05,9.6583075174192006e-05,4.1881879307692754e-09,1.1599668128663341e-11,0
4297,6.0128011190163249e-10,2.7371375931082610e-04,2.7368724068754552e-04,2.6518623280581341e-08,3.6785366751005185e-11,0
4298,-5.8996973048297346e-13,-1.7424967318211941e-06,-1.7415317491938736e-06,-9.6498262732053829e-10,1.7809271247652560e-11,0
4299,-3.2378411375338362e-10,-1.7886905060473385e-04,-1.7884104048549146e-04,-2.8010119242392406e-08,2.6586599728709039e-11,0
4300,5.2923173035501131e-11,-1.7217061461526550e-05,-1.7228421559193090e-05,1.1360097666539542e-08,8.4057880162801703e-11,0
4301,-3.2319414402213681e-10,-1.7712657013370554e-04,-1.7710178315749408e-04,-2.4786976211463828e-08,1.6397855488545322e-11,0
4302,5.3513142764488654e-11,-1.5474524840255370e-05,-1.5486671343884710e-05,1.2146503629339637e-08,5.9094560643599930e-11,0
4303,-3.7670728672485944e-10,-1.6165204126493068e-04,-1.6161768411026366e-04,-3.4357154667026850e-08,8.0615735255515305e-11,0
4305,5.2433800131077537e-10,-6.4178429531012993e-06,-6.4209968962808293e-06,3.1539431795300440e-09,1.1213776066614875e-11,0
4306,1.4197492858778624e-09,8.9018801832891487e-05,8.8998336933950877e-05,2.0464898940609328e-08,1.9841364622405162e-11,0
4307,4.1380736207567281e-10,-4.3533738125297108e-05,-4.3533747406092730e-05,9.2807956212173116e-12,6.6691230734312462e-12,0
4309,-8.4313110476484633e-10,-1.6730853698424843e-05,-1.6663101609683652e-05,-6.7752088741190528e-08,4.1172844351636351e-11,0
4314,-1.1053063940809115e-10,-3.7115900699825378e-05,-3.7113965474742195e-05,-1.9352250831829957e-09,2.9253550558003132e-12,0
4315,5.5747019832980002e-10,1.9248385486686059e-05,1.9233414538660584e-05,1.4970948025475289e-08,2.3102774562739018e-11,0
4316,-1.0059419272858290e-09,-1.3255251094443973e-04,-1.3253207397237086e-04,-2.0436972068870254e-08,2.4654563099493925e-11,0
4317,-3.3794108880903520e-10,-7.6188242553317746e-05,-7.6169581366323377e-05,-1.8661186994368343e-08,1.6656374014685947e-11,0
4318,6.6800083731297914e-10,5.6364234769429311e-05,5.6354686338110947e-05,9.5484313183637941e-09,1.2085947103577446e-11,0
4319,-1.3203896197242790e-10,-8.0839018828651396e-06,-8.0758526748263163e-06,-8.0492080388232869e-09,3.5678942421463763e-11,0
4320,2.9124507755043591e-12,-1.7400229931558212e-06,-1.7414455181878284e-06,1.4225250320072274e-09,4.0227235875350171e-12,0
4321,1.8834727652264714e-09,1.6108124084359896e-05,1.6124571514748250e-05,-1.6447430388354296e-08,1.6298418069628725e-11,0
4322,-9.9222466276598298e-10,-1.7884297339368881e-04,-1.7884864575130625e-04,5.6723576174414880e-09,1.2492357728189954e-11,0
4323,-5.4757959321853135e-10,-5.6464183432157478e-07,-5.6873205862504529e-07,4.0902243034705149e-09,1.1157426859246536e-11,0
4324,1.3580491004944670e-10,-1.7228362809486438e-05,-1.7227351217638658e-05,-1.0115918477807530e-09,3.1342129854890174e-11,0
4325,3.9046021291207225e-10,9.4842237394012797e-05,9.4845964893509700e-05,-3.7274994969029593e-09,9.5960323903347387e-12,0
4326,-3.0967270570287422e-10,-3.7674229122893962e-05,-3.7681045155876916e-05,6.8160329829531578e-09,6.1190246761193836e-12,0
4327,2.5097020779638927e-09,1.8685153650404088e-05,1.8708268425514093e-05,-2.3114775110005608e-08,1.7685810818022570e-11,0
4328,1.8805603143751827e-09,1.7848154054134896e-05,1.7867426843149635e-05,-1.9272789014739477e-08,9.1564143398459721e-12,0
4329,-9.9513711347346590e-10,-1.7710295063665289e-04,-1.7710948449899905e-04,6.5338623461621160e-09,5.2750183703104750e-12,0
4330,-5.5049204391385048e-10,1.1754032567933698e-06,1.1686536071535587e-06,6.7496496398110763e-09,5.8681649141539645e-12,0
4331,1.3289245926809983e-10,-1.5488360862926914e-05,-1.5485684833353385e-05,-2.6760295735287246e-09,1.8221639601439109e-11,0
4332,3.8754776214823931e-10,9.6582236095255763e-05,9.6587120449008761e-05,-4.8843537529970858e-09,4.0524831141297331e-12,0
4333,-3.1258515640931805e-10,-3.5934220214996898e-05,-3.5938636272496381e-05,4.4160574994830731e-09,3.6403678084939491e-12,0
4334,2.5067896271152043e-09,2.0425170912807475e-05,2.0447310441102772e-05,-2.2139528295297278e-08,9.3320613023454990e-12,0
4335,-2.8756974175440247e-09,-1.9495104488472870e-04,-1.9496775461161868e-04,1.6709726889977631e-08,2.6129641092004189e-11,0
4336,-2.4310523467488846e-09,-1.6672763127265934e-05,-1.6682934064770762e-05,1.0170937504827668e-08,2.3722341270349447e-11,0
4337,-1.7476678508869080e-09,-3.3336315252161311e-05,-3.3352017947061028e-05,1.5702694899717067e-08,7.2041790144294772e-11,0
4338,-1.4930125481981367e-09,7.8734102686479554e-05,7.8717753601773160e-05,1.6349084706394055e-08,1.8669598769821216e-11,0
4339,-2.1931454590358342e-09,-5.3782386133047894e-05,-5.3799325928528318e-05,1.6939795480424636e-08,1.3578237472094305e-11,0
4340,6.2622931325225698e-10,2.5770367093470685e-06,2.5815325330426705e-06,-4.4958236956019942e-09,2.2704619729599606e-11,0
4341,4.4464507099664688e-10,1.7827833400575342e-04,1.7828187961527284e-04,-3.5456095194173406e-09,9.4185512020696143e-12,0
4342,1.3826848684184483e-09,2.7368518273427657e-04,2.7369622771239579e-04,-1.1044978119221453e-08,1.0504168575455920e-11,0
4343,6.8255195874408219e-10,1.4116872294615748e-04,1.4117326669962018e-04,-4.5437534627022508e-09,6.2051487748407271e-12,0
4344,3.5019267293542249e-09,1.9752816698365106e-04,1.9754668097806308e-04,-1.8513994412013403e-08,2.5130063935025615e-11,0
4345,9.3803979554814221e-10,9.5406840819121930e-05,9.5417620157181303e-05,-1.0779338059372962e-08,1.2486397750102734e-11,0
4346,2.3790688782765984e-10,-3.7109604128987843e-05,-3.7109657926881649e-05,5.3797893806331425e-11,5.2057498599652569e-12,0
4347,3.0572816555960097e-09,1.9249778103050435e-05,1.9264529847124072e-05,-1.4751744073637362e-08,2.1896421635405219e-11,0
4348,-1.1280295747164077e-09,-1.6161477108517577e-04,-1.6162636323264223e-04,1.1592147466460640e-08,5.2613055298544798e-11,0
4349,-6.8338450553471972e-10,1.6663777396563884e-05,1.6654868103696478e-05,8.9092928674052189e-09,5.5883630739072985e-11,0
4350,2.5465530292646474e-10,1.1207066389102736e-04,1.1207168828372849e-04,-1.0243927011315641e-09,4.5500752227753912e-11,0
4351,-4.4547761811612112e-10,-2.0445835377668961e-05,-2.0456360838957535e-05,1.0525461288574041e-08,2.9599964415339475e-11,0
4352,2.3738971690972439e-09,3.5913447008276145e-05,3.5929017976320642e-05,-1.5570968044497225e-08,8.1325121985353856e-11,0
4353,-7.0013292187595063e-10,-1.3251646234499655e-04,-1.3252856297539628e-04,1.2100630399737100e-08,7.5895717396348822e-12,0
4354,2.1192418665027367e-09,-7.6157073615717996e-05,-7.6139231106352829e-05,-1.7842509365166917e-08,1.9704025950779091e-11,0
4355,2.8193747663236718e-09,5.6359384871209413e-05,5.6381501853718549e-05,-2.2116982509136416e-08,1.2447852350351772e-11,0
4356,5.3419351916437610e-10,-1.3929379396306453e-05,-1.3926400497680723e-05,-2.9788986257304659e-09,2.8397462417329801e-11,0
4357,5.2512450062760264e-10,-1.5671813304597151e-05,-1.5668903014353651e-05,-2.9102902435002248e-09,2.3017812124287582e-11,0
4358,2.7802608511900183e-10,2.1700603099993054e-06,2.1741173388879201e-06,-4.0570288886147113e-09,3.4498430727107096e-11,0
4360,7.9084247229537271e-10,8.0913317209130005e-05,8.0919428410159062e-05,-6.1112010290567328e-09,4.0842553343339109e-11,0
4361,5.1143777618688668e-10,4.7450843525401534e-06,4.7528186037089669e-06,-7.7342511688134469e-09,2.3084336483923301e-11,0
4362,-9.0690185373619740e-12,-1.7423818773302114e-06,-1.7415554142513837e-06,-8.2646307882766104e-10,5.6922912185985612e-12,0
4363,-2.5616743431292016e-10,1.6099519189077035e-05,1.6098135875041403e-05,1.3833140356320629e-09,2.4473318227143951e-11,0
4364,1.9802320722858162e-10,-1.7227627056250623e-05,-1.7226541207435791e-05,-1.0858488148314993e-09,2.7106321873893269e-11,0
4365,2.5664895317273294e-10,9.4842808040593134e-05,9.4844538670607294e-05,-1.7306300141605498e-09,1.2999734132792802e-11,0
4366,-2.2755743265430703e-11,1.8674549610371745e-05,1.8676964549682525e-05,-2.4149393107800437e-09,2.5492424350252280e-11,0
4367,-2.4709841578850695e-10,1.7841864712138042e-05,1.7841101265303391e-05,7.6344683465082923e-10,1.9967911282188025e-11,0
4368,2.0709222577491615e-10,-1.5485363319960548e-05,-1.5484762757239148e-05,-6.0056272139992787e-10,2.0650252564666038e-11,0
4369,2.6571797171876281e-10,9.6585178752261634e-05,9.6585800565341718e-05,-6.2181308008429220e-10,5.8099572656985811e-12,0
4370,-1.3686724740103313e-11,2.0416880392468877e-05,2.0416124932381605e-05,7.5546008727219696e-10,2.0224432623263510e-11,0
4371,4.5419064251030546e-10,-3.3326897705603618e-05,-3.3324747643510071e-05,-2.1500620935472345e-09,8.9183049582386868e-11,0
4372,5.1281638843381120e-10,7.8743298073755824e-05,7.8742794356450571e-05,5.0371730525296081e-10,3.5782748864521802e-11,0
4373,2.3341169097488752e-10,2.5750030097472856e-06,2.5766729303091078e-06,-1.6699205618221990e-09,2.2181194288555529e-11,0
4374,5.8625745949036984e-11,1.1207057663708837e-04,1.1206945934417741e-04,1.1172929109546292e-09,5.2796205929364070e-11,0
4375,-2.2077895046180200e-10,3.5902093074271146e-05,3.5896935337874925e-05,5.1577363962212281e-09,9.7440958090357693e-11,0
4376,-2.7940469661671744e-10,-7.6168282970258384e-05,-7.6169099162217536e-05,8.1619195915218733e-10,4.1386976424615646e-11,0
4377,3.6379956464563355e-11,-1.8469689776980536e-04,-1.8470161931471234e-04,4.7215449069752929e-09,6.6768817361300386e-12,0
4378,-3.4397303565556289e-11,-6.4324362436117728e-06,-6.4281689642888113e-06,-4.2672793229614874e-09,7.2749749203638462e-12,0
4379,-5.3322380640353574e-11,-4.3544656542356466e-05,-4.3539827646420316e-05,-4.8288959361508050e-09,4.2239611442355988e-12,0
4380,-7.0777259979135618e-11,1.7826446214172162e-04,1.7827473422202782e-04,-1.0272080306196561e-08,5.1092023086425573e-12,0
4381,-8.9702337033115345e-11,1.4115223449813995e-04,1.4116290060655715e-04,-1.0666108417198500e-08,3.1765930502383496e-12,0
4382,-1.8925077084079472e-11,-3.7112219643386764e-05,-3.7112859140633513e-05,6.3949724674923361e-10,3.4438333188808710e-12,0
4384,2.9719033899892263e-11,-1.8470328404523030e-04,-1.8470129121449675e-04,-1.9928307335489309e-09,2.7937539590614076e-11,0
4385,-1.8874588466773304e-10,-6.4330526165748587e-06,-6.4301687213724364e-06,-2.8838952024223762e-09,2.4161518601322809e-11,0
4386,9.3218199849439128e-10,8.8996204185165344e-05,8.8992686043864463e-05,3.5181413008810326e-09,7.0065208297446816e-11,0
4387,-9.4370368409005928e-10,-1.7889330120460928e-04,-1.7884682210682571e-04,-4.6479097783573434e-08,2.6424631576967888e-11,0
4388,-1.1621686025147171e-09,-6.2311298753246758e-07,-5.7637612695610295e-07,-4.6736860576364626e-08,3.7748584755366442e-11,0
4389,-4.1240717326918675e-11,9.4806407591609132e-05,9.4841071740464557e-05,-3.4664148855425170e-08,2.1586060232286039e-11,0
4390,-2.1846491855907031e-10,1.7827017590510332e-04,1.7827241313226312e-04,-2.2372271597955167e-09,1.6523260172263461e-11,0
4391,9.0246296490112770e-10,2.7369971772219209e-04,2.7368948174746367e-04,1.0235974728413366e-08,1.8240105601983039e-11,0
4392,1.1209278825697392e-09,9.5429508527077392e-05,9.5420346824475041e-05,9.1617026023505833e-09,2.6741406642637600e-11,0
4393,-2.3400015048091291e-09,-3.5951773515150581e-05,-3.5963981494877290e-05,1.2207979726708426e-08,2.3529710341179461e-11,0
4394,1.2955337133383396e-10,4.7331639529673425e-06,4.7480845315454208e-06,-1.4920578578078344e-08,1.7434381419111217e-11,0
4395,-1.5563487147595484e-09,-1.9500423150743684e-04,-1.9495014850455126e-04,-5.4083002885580572e-08,2.3892250869372793e-11,0
4396,-7.6993619808193438e-10,-3.3384553449904847e-05,-3.3339986513695278e-05,-4.4566936209568535e-08,7.7790687801800488e-11,0
4397,-6.5849623030780487e-10,7.8686883993428491e-05,7.8728534099593731e-05,-4.1650106165239207e-08,1.2181854644989864e-11,0
4398,8.9785248709568003e-10,2.7369112327135033e-04,2.7368917185457753e-04,1.9514167728007688e-09,8.7622774068630127e-12,0
4399,-7.8641251924243060e-10,-1.6161978399646649e-04,-1.6162062250376041e-04,8.3850729392645137e-10,5.4368133487965750e-11,0
4400,1.1143996763913852e-10,1.1207140972859414e-04,1.1207043893611680e-04,9.7079247734414929e-10,3.0745150572024793e-11,0
4401,2.7028089539063173e-10,-6.4122110200338228e-06,-6.4245472549584709e-06,1.2336234924648072e-08,2.3198839258793665e-11,0
4402,-1.4558596830019141e-11,-1.7403224146586785e-06,-1.7415422008226773e-06,1.2197861639987853e-09,1.7138763508896207e-11,0
4404,2.0093091829896776e-10,2.1775444371506525e-06,2.1731866803380565e-06,4.3577568125959559e-09,2.1574043647399347e-11,0
4405,2.6481089084288725e-10,4.7602436179655649e-06,4.7497632461707099e-06,1.0480371794855077e-08,1.7677965099660593e-11,0
4406,6.3879972609311152e-11,2.5827345930063209e-06,2.5745982430265295e-06,8.1363499797913952e-09,2.0514903172853585e-11,0
4407,-1.3967172986329941e-10,-1.8471330543549588e-04,-1.8470265050940914e-04,-1.0654926086746267e-08,2.2869592861615083e-11,0
4408,-2.0486610666115988e-10,-6.4423084012877468e-06,-6.4305231682517126e-06,-1.1785233036034205e-08,2.4111965110869168e-11,0
4409,-2.1609104481683140e-10,-4.3553122147724221e-05,-4.3542130069377128e-05,-1.0992078347093603e-08,1.3097866102595573e-11,0
4410,-6.5194376940575458e-11,1.7827098701192912e-04,1.7827343019701349e-04,-2.4431850843657787e-09,1.9580171685315642e-11,0
4411,-7.6419315158489865e-11,1.4116012861225755e-04,1.4116162718408890e-04,-1.4985718313508846e-09,1.1584976818180560e-11,0
4412,-1.1224938255120848e-11,-3.7110825534343605e-05,-3.7112793019179722e-05,1.9674848361167464e-09,1.1432985086656089e-11,0
4420,-8.1663343061933639e-11,1.7822441803863913e-05,1.7843351133600432e-05,-2.0909329736519230e-08,1.4629777588689087e-11,0
4421,-1.0966437113870353e-09,-1.7713076305261562e-04,-1.7710830285347891e-04,-2.2460199136713167e-08,9.7925365830497217e-12,0
4422,-1.5321862102094611e-09,1.1253745798587081e-06,1.1561477167536250e-06,-3.0773136894916935e-08,1.0485892455177061e-11,0
4423,-1.3354261056792758e-10,-1.5521129036696370e-05,-1.5488980958700874e-05,-3.2148077995495687e-08,3.6103819713353088e-11,0
4424,-1.7552892523717102e-10,9.6544917216107376e-05,9.6580953495408213e-05,-3.6036279300836614e-08,5.9266066877442037e-12,0
4425,-4.5665088737131209e-10,2.0376578758064812e-05,2.0410867686859079e-05,-3.4288928794267348e-08,1.4704710303908370e-11,0
4426,-1.0149803675362998e-09,-1.9495319635125973e-04,-1.9494263901123488e-04,-1.0557340024847919e-08,4.2167647647009353e-11,0
4427,-1.4505228661976968e-09,-1.6697044096168102e-05,-1.6671365639284790e-05,-2.5678456883312440e-08,2.9348564624476390e-11,0
4428,-5.1879267366092345e-11,-3.3343567903117242e-05,-3.3331141587213569e-05,-1.2426315903673127e-08,8.0472709816172908e-11,0
4429,-9.3865582039398655e-11,7.8722458348727715e-05,7.8735812161784857e-05,-1.3353813057141489e-08,1.9701893595714566e-11,0
4430,-3.7498754418631963e-10,2.5540647945994713e-06,2.5691668904329087e-06,-1.5102095833437379e-08,2.0790671452991953e-11,0
4431,-4.3554249862633290e-10,1.7825615241984748e-04,1.7826827467141333e-04,-1.2122251565857599e-08,1.1480960030286807e-11,0
4432,9.2111478532984463e-10,2.7367567932855968e-04,2.7368879317139571e-04,-1.3113842836024858e-08,1.2899596548388475e-11,0
4433,6.3999282318496365e-10,1.9750731046931994e-04,1.9750926895938274e-04,-1.9584900628067791e-09,4.8336364295298405e-11,0
4434,1.3566572815314455e-09,9.5419545044837621e-05,9.5423803864961058e-05,-4.2588201234366498e-09,1.4269754553457764e-11,0
4435,1.0755353193349001e-09,1.9251199173354319e-05,1.9240435078225318e-05,1.0764095129001268e-08,3.0284300872739076e-11,0
4436,-9.6310109933824150e-10,-1.6160975050224916e-04,-1.6162185173884691e-04,1.2101236597744473e-08,6.8263403444060705e-11,0
4437,-1.3986435977954129e-09,1.6646495614126497e-05,1.6645862680828246e-05,6.3293329825086044e-10,5.2300274308195172e-11,0
4438,-4.1986314694855955e-11,1.1206602569512774e-04,1.1206887308736946e-04,-2.8473922417213571e-09,5.5729373196780630e-11,0
4439,-3.2310827686400824e-10,3.5897620069622613e-05,3.5895977936591191e-05,1.6421330314219198e-09,7.6567115304067569e-11,0
4440,-2.8112196218045513e-10,-7.6168350485865462e-05,-7.6169517293116595e-05,1.1668072511330542e-09,2.0149813744324514e-11,0
4441,1.9890862909811879e-10,-5.8698247997800504e-06,-5.8728210633933034e-06,2.9962636132530287e-09,3.0108923732872283e-11,0
4442,2.0303390689308286e-10,-7.6083710291875023e-06,-7.6060651945642185e-06,-2.3058346232838483e-09,1.5835984883572386e-11,0
4443,-7.8357368089588217e-10,-1.8472224535647994e-04,-1.8470976377290614e-04,-1.2481583573799694e-08,2.3212976499222317e-11,0
4444,2.6098500636564926e-10,8.8970622495179383e-05,8.8984767244054030e-05,-1.4144748874646762e-08,2.2406208290731773e-11,0
4445,-8.3874551995354608e-10,-4.3561386906339553e-05,-4.3550066772541579e-05,-1.1320133797973941e-08,1.3686802252668479e-11,0
4446,4.1252778022307097e-12,-1.7385840634320479e-06,-1.7412358445530542e-06,2.6517811210063750e-09,1.1936684414255081e-11,0
4447,-9.8248231007995947e-10,-1.7885249888336882e-04,-1.7884541233769745e-04,-7.0865456713745199e-09,2.4326596075149515e-11,0
4448,6.2076377011628909e-11,9.4840418256564047e-05,9.4843065694277343e-05,-2.6474377132955579e-09,2.1087063297988655e-11,0
4449,-1.0376541496368916e-09,-3.7691592103190549e-05,-3.7690499988386597e-05,-1.0921148039527034e-09,1.6215752663132525e-11,0
4450,-9.8660758788103602e-10,-1.7711392176062487e-04,-1.7710650553211371e-04,-7.4162285111591033e-09,1.4604662823941489e-11,0
4451,5.7951099226319083e-11,9.6579007721738896e-05,9.6583993684218208e-05,-4.9859624793127146e-09,9.7278145732635647e-12,0
4452,-1.0417794274172477e-09,-3.5952999468747901e-05,-3.5948179176778580e-05,-4.8202919693211680e-09,9.2480917265703214e-12,0
4453,1.0445586867910400e-09,2.7369289898309789e-04,2.7369002080091084e-04,2.8781821870488625e-09,2.3696317552358523e-11,0
4454,-5.5171840459751034e-11,1.4116090790179604e-04,1.4116080208351545e-04,1.0581828059738792e-10,1.1027045937770259e-11,0
4455,-1.0997305268897601e-09,-1.3253197147350838e-04,-1.3253492041071936e-04,2.9489372109861318e-09,1.4986908029099080e-11,0
4457,2.7449360719008709e-09,-7.5562993496723629e-06,-7.5746175228983895e-06,1.8318173226026571e-08,5.7530950924144010e-12,0
4458,2.0708393492172428e-09,1.0253764917673470e-05,1.0265750973833030e-05,-1.1986056159559279e-08,9.7288299139677328e-12,0
4459,1.4216575507438613e-09,-6.4051969985521456e-06,-6.4106131040847348e-06,5.4161055325891816e-09,5.2507780170476201e-12,0
4460,2.6017065923284224e-09,-2.3070747951626017e-05,-2.3052031716337831e-05,-1.8716235288186072e-08,3.4175441457177862e-11,0
4461,2.4952945478059334e-09,8.8995026398354556e-05,8.9012571758488774e-05,-1.7545360134218774e-08,6.4460863728237213e-12,0
4462,1.2111585753040767e-09,-4.3526764869487519e-05,-4.3524738858264602e-05,-2.0260112229176391e-09,3.1387182351176802e-12,0
4463,1.5234574748398542e-09,1.2820183981293067e-05,1.2827855659927855e-05,-7.6716786347884216e-09,7.1444715003363961e-12,0
4471,-6.7409672656814984e-10,1.7810047464896644e-05,1.7836093704622661e-05,-2.6046239726016464e-08,1.0878969220615346e-11,0
4472,-1.3232785258698693e-09,1.1511101608604850e-06,1.1586237029253433e-06,-7.5135420648582954e-09,7.2771966973008275e-12,0
4473,-1.4322947980077488e-10,-1.5514487198261661e-05,-1.5489098296263300e-05,-2.5388901998360546e-08,1.8266940257869701e-11,0
4474,-2.4964152472441583e-10,9.6551334603218672e-05,9.6580317011733853e-05,-2.8982408515181306e-08,3.1822149082062945e-12,0
4475,-1.5337775021919574e-09,-3.5970463846243719e-05,-3.5954352447232073e-05,-1.6111399011645958e-08,4.4430954913096063e-12,0
4476,-1.2214786032331041e-09,2.0376467052522426e-05,2.0401489468125475e-05,-2.5022415603048780e-08,8.0501520844446339e-12,0
4477,-6.4918179894127807e-10,-1.6658959295883305e-05,-1.6661632706772467e-05,2.6734108891625580e-09,1.1171694303304016e-11,0
4478,5.3086724511610367e-10,-3.3324554937356858e-05,-3.3323967978942152e-05,-5.8695841470644133e-10,5.2987611618002359e-11,0
4479,4.2445520037615627e-10,7.8741278103564819e-05,7.8742484989579759e-05,-1.2068860149406840e-09,1.4808960195474966e-11,0
4480,-8.5968077485563539e-10,-5.3780493568301047e-05,-5.3783818108194901e-05,3.3245398938533356e-09,6.9734643387191452e-12,0
4481,-5.4738187563898141e-10,2.5664197296553989e-06,2.5670465862819421e-06,-6.2685662654312756e-10,8.1652923261326719e-12,0
4482,1.0736370006691890e-09,9.5400204422640966e-05,9.5420637633770577e-05,-2.0433211129610579e-08,8.7044411736542372e-12,0
4483,-2.1049897621623657e-10,-3.7121553276353103e-05,-3.7115296270365371e-05,-6.2570059877327887e-09,2.0758843256447840e-12,0
4484,1.0179992282012501e-10,1.9225354625396207e-05,1.9228526185157135e-05,-3.1715597609279042e-09,1.1249759333154638e-11,0
4485,-1.1800490448060967e-09,1.6665614449517217e-05,1.6648526775530000e-05,1.7087673987217620e-08,4.0135137823554066e-11,0
4486,-1.0641204481089972e-10,1.1206580830369064e-04,1.1206837320857037e-04,-2.5649048797279353e-09,2.4117069945661312e-11,0
4487,-1.3905480208711209e-09,-2.0456005145314752e-05,-2.0468622253604510e-05,1.2617108289757591e-08,2.4913662628846588e-11,0
4488,-1.0782491217498163e-09,3.5890880332475547e-05,3.5886753971080666e-05,4.1263613948807308e-09,3.9473068617421103e-11,0
4489,-1.2841359751280559e-09,-1.3252178989884905e-04,-1.3253740858025216e-04,1.5618681403111248e-08,5.4787143854421692e-12,0
4490,-9.7183707590087571e-10,-7.6174855639720568e-05,-7.6178262625220441e-05,3.4069854998731823e-09,1.0369613308945220e-11,0
4491,3.1229889909890750e-10,5.6346908271704028e-05,5.6351180700077592e-05,-4.2724283735631730e-09,6.7141193750236224e-12,0
4492,4.6215698669642170e-13,-1.7399870144965603e-06,-1.7412160043057876e-06,1.2289898092272236e-09,1.1896729558567064e-11,0
4493,-4.7475180662847876e-10,-1.7886194992433428e-04,-1.7883807193942388e-04,-2.3877984910397436e-08,3.3402297127650768e-11,0
4494,1.0417835748143212e-10,9.4850736459947118e-05,9.4843981261307018e-05,6.7551986401002441e-09,3.1920932332715171e-11,0
4495,-4.7521396361457198e-10,-1.7712202215858230e-04,-1.7709919998835580e-04,-2.2822170226506535e-08,1.3906888303258690e-11,0
4496,1.0371620049371739e-10,9.6590746269900390e-05,9.6584883411098338e-05,5.8628588020520752e-09,1.2913217686254473e-11,0
4498,2.4771753494667293e-12,-1.7395419791249280e-06,-1.7411570129576375e-06,1.6150338327095329e-09,4.6226401250975692e-12,0
4499,1.8744325542819001e-09,1.6109533791328241e-05,1.6125212127185699e-05,-1.5678335857457793e-08,1.5534818688883449e-11,0
4500,-9.0089421918481078e-10,-1.7883902350045167e-04,-1.7884281297559504e-04,3.7894751433737838e-09,8.3901401470340935e-12,0
4501,-4.2724824952469148e-10,-5.6653282396509214e-07,-5.6732534209741671e-07,7.9251813232457006e-10,9.3958225986896119e-12,0
4502,1.4374324491900040e-10,-1.7228331858333557e-05,-1.7226961006855085e-05,-1.3708514784719001e-09,2.9976179854151509e-11,0
4503,3.9920858250039048e-10,9.4843575588433524e-05,9.4847845042397367e-05,-4.2694539638431835e-09,8.1828503175753151e-12,0
4504,-1.8026212339375728e-10,-3.7676773919630147e-05,-3.7680084718708772e-05,3.3107990786253381e-09,5.9580975548727554e-12,0
4505,2.5238140108542746e-09,1.8686269866674543e-05,1.8709221144159645e-05,-2.2951277485102337e-08,1.6817544511497288e-11,0
4506,1.8719553789013237e-09,1.7849061521977953e-05,1.7867780209739185e-05,-1.8718687761231951e-08,1.0386448590279810e-11,0
4507,-9.0337139443450021e-10,-1.7709950040102878e-04,-1.7710400783767840e-04,4.5074366496200557e-09,5.8482710835914580e-12,0
4508,-4.2972542473827847e-10,1.1729867199069752e-06,1.1695621095002482e-06,3.4246104067269644e-09,6.7145063015111311e-12,0
4509,1.4126606959242726e-10,-1.5488820666757341e-05,-1.5485566645724681e-05,-3.2540210326594801e-09,2.1216951744295994e-11,0
4510,3.9673140719093296e-10,9.6583114620337873e-05,9.6588685075143564e-05,-5.5704548056911439e-09,3.9731894474412432e-12,0
4511,-1.8273929861862065e-10,-3.5937232914075821e-05,-3.5937780716861241e-05,5.4780278541956794e-10,4.1820910413245352e-12,0
4512,2.5213368354745584e-09,2.0425799118807715e-05,2.0448039000242480e-05,-2.2239881434764765e-08,1.0784987542263371e-11,0
4513,-2.7753267627699468e-09,-1.9494855232349176e-04,-1.9496288332500439e-04,1.4331001512633791e-08,1.7663018500025262e-11,0
4514,-2.3016807919782391e-09,-1.6676052389699784e-05,-1.6682381406402264e-05,6.3290167024796363e-09,1.9708888853870258e-11,0
4515,-1.7306893050652689e-09,-3.3337810446754448e-05,-3.3352081080339188e-05,1.4270633584739561e-08,6.5480549416128978e-11,0
4516,-1.4752239677450253e-09,7.8734069162549394e-05,7.8719231179737777e-05,1.4837982811616995e-08,1.5582069993004833e-11,0
4517,-2.0546946656760945e-09,-5.3786287087084143e-05,-5.3798967858494564e-05,1.2680771410421049e-08,1.1612868970788022e-11,0
4518,6.4938145702013527e-10,2.5767631318487395e-06,2.5819102181956746e-06,-5.1470863469350410e-09,2.0721956182422123e-11,0
4519,4.7364597067607100e-10,1.7827247296910132e-04,1.7827745828665048e-04,-4.9853175491585116e-09,4.2507331900328160e-12,0
4520,1.3001027956879511e-09,2.7368260475028969e-04,2.7369216289152153e-04,-9.5581412318333087e-09,9.1860160628225372e-12,0
4521,7.2063209699747393e-10,1.4116225285327436e-04,1.4116873205142149e-04,-6.4791981471321557e-09,2.7987227665830843e-12,0
4522,3.4247082208220386e-09,1.9752531798370105e-04,1.9754231044205009e-04,-1.6992458349044878e-08,1.7503605977647003e-11,0
4523,8.2645682401262271e-10,9.5410127942440262e-05,9.5418000318144112e-05,-7.8723757038494553e-09,1.0138181514961649e-11,0
4524,2.4698612633808959e-10,-3.7110213032398717e-05,-3.7109647588038939e-05,-5.6544435977814566e-10,2.7902549706678695e-12,0
4525,2.9510622486716578e-09,1.9252851075184270e-05,1.9264069183604569e-05,-1.1218108420298631e-08,1.9202448278527054e-11,0
4526,-1.0446374663774143e-09,-1.6161071871848010e-04,-1.6162094480715966e-04,1.0226088679565325e-08,3.8590026710471252e-11,0
4527,-5.7099149707152149e-10,1.6661820756666904e-05,1.6656021693311231e-05,5.7990633556722064e-09,4.5643299091647923e-11,0
4528,2.5546533771459899e-10,1.1207187351202881e-04,1.1207323362338197e-04,-1.3601113531605796e-09,3.8736318005486993e-11,0
4529,-3.2400537101907835e-10,-2.0448373915684173e-05,-2.0455568939890642e-05,7.1950242064687943e-09,2.6564658818490405e-11,0
4530,2.3800707674017690e-09,3.5914481690305436e-05,3.5929817839715886e-05,-1.5336149410450392e-08,6.8774859360905447e-11,0
4531,-5.7947070970799234e-10,-1.3252034723428008e-04,-1.3252918340030855e-04,8.8361660284703991e-09,6.3731340487230022e-12,0
4532,2.1246054301130440e-09,-7.6157299815996990e-05,-7.6140085637523832e-05,-1.7214178473157682e-08,1.6054558620567371e-11,0
4533,2.7040761213152467e-09,5.6363037007293743e-05,5.6381089169091769e-05,-1.8052161798025616e-08,1.2273842016704247e-11,0
4534,-7.5837630268369116e-11,-8.0836079722704929e-06,-8.0748770391548417e-06,-8.7309331156512274e-09,3.3617695691375344e-11,0
4535,1.9210565809968189e-10,-5.8510537356253739e-06,-5.8729054303973149e-06,2.1851694771940993e-08,3.8897688162906326e-11,0
4536,1.8710659742879503e-10,-7.5942884716685585e-06,-7.6066354568329909e-06,1.2346985164432332e-08,3.3331612048384440e-11,0
4537,-2.5716345453662413e-10,1.0208247634127879e-05,1.0236569349052308e-05,-2.8321714924428891e-08,1.8183083750040904e-11,0
4538,2.7451172056352034e-10,-2.3078228626861907e-05,-2.3081205762631110e-05,2.9771357692037227e-09,4.8840962626886332e-11,0
4539,2.6959172118206189e-10,8.8976252302289463e-05,8.8985345306034528e-05,-9.0930037450651872e-09,2.6224117073028664e-11,0
4540,-2.8918588531374137e-10,1.2781025310101141e-05,1.2805198556374559e-05,-2.4173246273418271e-08,1.5077514272795918e-11,0
4541,6.0316193275087787e-10,-8.0342995150972651e-06,-8.0664235408847376e-06,3.2124025787472438e-08,1.4757662395653780e-11,0
4542,7.9526759486516700e-10,-1.3885188896591016e-05,-1.3924189107212231e-05,3.9000210621214479e-08,3.5774718585875787e-11,0
4543,7.9026853420065514e-10,-1.5628666060932273e-05,-1.5666347413990851e-05,3.7681353058578352e-08,3.4955399644502616e-11,0
4544,3.4599848122432238e-10,2.1739995483710008e-06,2.1750431743359761e-06,-1.0436259649753324e-09,2.1899423235479925e-11,0
4545,8.7767365709594020e-10,-3.1112589837831162e-05,-3.1143996667447476e-05,3.1406829616314222e-08,5.9880597344436540e-11,0
4546,8.7275365754141095e-10,8.0941918057221562e-05,8.0921170143947806e-05,2.0747913273756096e-08,3.9138530511438707e-11,0
4547,3.1397604963013231e-10,4.7467319691205405e-06,4.7503801581706811e-06,-3.6481890501405964e-09,2.1524968375409293e-11,0
4548,-4.9990606677219992e-12,-1.7433300853011334e-06,-1.7412114282263639e-06,-2.1186570747694715e-09,2.2536224354311052e-11,0
4549,-4.4926911262745971e-10,1.6059212707754747e-05,1.6096492849332336e-05,-3.7280141577588705e-08,3.1213154450883459e-11,0
4550,8.2406062464532591e-11,-1.7227298667053352e-05,-1.7227683657174894e-05,3.8499012154245491e-10,7.4336604939841271e-11,0
4551,7.7486063086244853e-11,9.4827214868951210e-05,9.4844086083210210e-05,-1.6871214259000416e-08,2.6204112938107901e-11,0
4552,-4.8129154339387298e-10,1.8632011075520039e-05,1.8672054696115184e-05,-4.0043620595145554e-08,3.9788549070625781e-11,0
4553,-4.4427005196176628e-10,1.7802565220945490e-05,1.7839115511276461e-05,-3.6550290330970169e-08,3.0847039496398891e-11,0
4554,8.7405123135258513e-11,-1.5484142358666809e-05,-1.5486232732846030e-05,2.0903741792207046e-09,6.9914027701523398e-11,0
4555,8.2485123755773005e-11,9.6570535997134079e-05,9.6584977010324039e-05,-1.4441013189959669e-08,1.7911161227255609e-11,0
4556,-4.7629248272954796e-10,2.0375349430040018e-05,2.0410935352947039e-05,-3.5585922907020343e-08,3.2678371406062349e-11,0
4557,5.3167517575374825e-10,-3.3286579065436653e-05,-3.3324060048195388e-05,3.7480982758734743e-08,9.2372433069735399e-11,0
4559,-3.2022431474574091e-11,2.5727427389148072e-06,2.5734715941826390e-06,-7.2885526783182740e-10,1.9651486435870849e-11,0
4561,-5.6369760585719942e-10,3.5859295973637156e-05,3.5893404973943699e-05,-3.4109000306542763e-08,7.5964929141082036e-11,0
4562,-5.5877760662256057e-10,-7.6195152382704801e-05,-7.6173483626260327e-05,-2.1668756444473652e-08,4.1899924616030909e-11,0
4563,1.7611454833619975e-12,-1.7393890099486346e-06,-1.7410812783515348e-06,1.6922684029001472e-09,2.6992968850530816e-12,0
4564,-6.9994514404036816e-10,-1.7884391874617434e-04,-1.7883896774103212e-04,-4.9510051422117438e-09,7.7914602644031832e-12,0
4565,-5.8011320352426707e-10,-5.7389281969124836e-07,-5.6924573196866388e-07,-4.6470877225844842e-09,1.2961268010315727e-11,0
4566,1.6995880999689799e-10,9.4844513438924801e-05,9.4845512060607082e-05,-9.9862168228127650e-10,5.1782870191282237e-12,0
4567,-5.0079735054273631e-10,-3.7684019339533515e-05,-3.7684245370123180e-05,2.2603058966473360e-10,4.5517712080247437e-12,0
4568,-7.0170628949491242e-10,-1.7710453030990100e-04,-1.7710025780232787e-04,-4.2725075731291865e-09,3.5952485611128626e-12,0
4569,-5.8187434897103893e-10,1.1654964437533138e-06,1.1675056100376424e-06,-2.0091662843285737e-09,5.7099339290160398e-12,0
4570,1.6819766451653528e-10,9.6583904476142983e-05,9.6586268580430574e-05,-2.3641042875909664e-09,2.2915880800808915e-12,0
4571,-5.0255849599422424e-10,-3.5944631652223575e-05,-3.5941964237816030e-05,-2.6674144075445553e-09,2.7381675518122292e-12,0
4572,1.1983194020480278e-10,1.7827002142118548e-04,1.7827169402412490e-04,-1.6726029394246045e-09,7.7595487045372461e-12,0
4573,8.6990395475915406e-10,2.7368843010161471e-04,2.7368595237469931e-04,2.4777269154040334e-09,6.2732035237761338e-12,0
4574,1.9914779308242926e-10,1.4115989419339367e-04,1.4116082338611662e-04,-9.2919272295477300e-10,3.5277638797359141e-12,0
4575,7.5007201431755475e-10,9.5418415914681927e-05,9.5417560873589107e-05,8.5504109281970327e-10,1.0357215113102871e-11,0
4576,7.9315852894361159e-11,-3.7110126993152893e-05,-3.7111756389690734e-05,1.6293965378401149e-09,4.6914003106459083e-12,0
4577,-6.7075616096180966e-10,-1.3252853916736150e-04,-1.3253092490553522e-04,2.3857381737204305e-09,4.5643468722832895e-12,0
4580,3.0930116596293406e-10,-8.0626964179351251e-06,-8.0700065926484198e-06,7.3101747132946768e-09,6.1984412997744146e-11,0
4581,3.5879918435219348e-10,2.1761426263295844e-06,2.1752206272568555e-06,9.2199907272893182e-10,1.8191238508956157e-11,0
4582,2.6439574954652793e-10,4.7466493807847392e-06,4.7497676299771652e-06,-3.1182491924260252e-09,2.0397136519757694e-11,0
4583,-9.4403434645030049e-11,2.5705043593992130e-06,2.5727183895711523e-06,-2.2140301719392432e-09,1.7035100528356348e-11,0
4584,-1.0689660213151579e-12,-1.7424840096447053e-06,-1.7410686948425829e-06,-1.4153148021223776e-09,1.2431166474030536e-11,0
4585,-2.5667017502395785e-10,-1.7885459010484779e-04,-1.7883270794616518e-04,-2.1882158682614986e-08,2.9616510707664716e-11,0
4586,-1.7676757002013868e-10,-5.8238728150358104e-07,-5.6425752619203436e-07,-1.8129755311546688e-08,2.9756164215960119e-11,0
4587,6.3506370117000233e-11,-1.7219476998219093e-05,-1.7227824731570983e-05,8.3477333518894889e-09,8.1025808474075860e-11,0
4588,1.2490564558595598e-10,9.4885860807220924e-05,9.4845240756979529e-05,4.0620050241395680e-08,2.9134882764401315e-11,0
4589,-2.5560120900247590e-10,-1.7711214559743005e-04,-1.7709402155947774e-04,-1.8124037952312088e-08,8.2903423333917692e-12,0
4590,-1.7569860399939866e-10,1.1600980174561806e-06,1.1724472103739082e-06,-1.2349192917727596e-08,9.8315496050590037e-12,0
4591,6.4575336135999512e-11,-1.5477134692761787e-05,-1.5486511269430449e-05,9.3765766686613767e-09,2.8489639996030094e-11,0
4592,1.2597461160492239e-10,9.6628376170446000e-05,9.6585980310132018e-05,4.2395860313981164e-08,9.0641041001131586e-12,0
4593,7.9902604824383612e-11,1.7827222797133207e-04,1.7827042320249517e-04,1.8047688368999591e-09,1.3161982985047630e-11,0
4594,3.8157582109239646e-10,2.7374051548049137e-04,2.7367940307450496e-04,6.1112405986413210e-08,1.6432422442298793e-11,0
4595,3.0167321598900336e-10,9.5468285860326324e-05,9.5412286232378796e-05,5.5999627947527896e-08,1.9831172256238901e-11,0
4596,-3.2017654506280859e-10,-1.6163520980764373e-04,-1.6160998691894295e-04,-2.5222888700782761e-08,6.4839807423503902e-11,0
4597,-2.4027394003039446e-10,1.6637152329893393e-05,1.6660014939939497e-05,-2.2862610046103923e-08,7.9744910559634425e-11,0
4598,6.1399275468063747e-11,1.1210560445875381e-04,1.1207151800074246e-04,3.4086458011357043e-08,7.9618175910948772e-11,0
4599,2.2521876821013871e-10,-4.3507414575476300e-05,-4.3537691375080071e-05,3.0276799603770762e-08,2.3365957721220786e-12,0
4600,-1.3207103994576112e-12,-1.7416045854998371e-06,-1.7410346881081551e-06,-5.6989739168201886e-10,1.0558337357534562e-11,0
4601,-2.3160744435051560e-10,-1.7884038680271550e-04,-1.7883180336295223e-04,-8.5834397632622052e-09,2.4032832834414578e-11,0
4602,-7.1655823906878793e-11,-5.6882652698731287e-07,-5.6296479378446689e-07,-5.8617332028459819e-09,2.7087433344857056e-11,0
4603,8.5942994169232725e-11,-1.7226772524338513e-05,-1.7227509625482558e-05,7.3710114404436930e-10,9.2711366699859146e-11,0
4604,1.7240188450930037e-10,9.4847754549719481e-05,9.4846053594231435e-05,1.7009554880456591e-09,1.8988175199395483e-11,0
4605,-2.3028673394621160e-10,-1.7709878261560480e-04,-1.7709315952405005e-04,-5.6230915547494150e-09,1.5760108209532888e-11,0
4606,-7.0335113501933056e-11,1.1728078956828834e-06,1.1736794435599067e-06,-8.7154787702329422e-10,2.0803665052646373e-11,0
4607,8.7263704568370931e-11,-1.5485088908268638e-05,-1.5486228087899402e-05,1.1391796307640568e-09,5.8531142571719274e-11,0
4608,1.7372259490764384e-10,9.6589385721154893e-05,9.6586755727531566e-05,2.6299936233269323e-09,9.7037592988187859e-12,0
4609,1.5995162041846476e-10,1.7827152482062080e-04,1.7827081194930319e-04,7.1287131761326415e-10,1.8649029873460347e-11,0
4610,4.0400932906215534e-10,2.7368815439075909e-04,2.7367929715508784e-04,8.8572356712456751e-09,2.5028818774115660e-11,0
4611,2.4405770803743745e-10,9.5416634223800725e-05,9.5411794554253892e-05,4.8396695468327705e-09,3.5377259773368480e-11,0
4615,4.2523919892290964e-10,1.2841010025027230e-05,1.2813836235062052e-05,2.7173789965177981e-08,1.8656445601281384e-11,0
4616,-2.6782759901098114e-10,-8.1121557670288391e-06,-8.0770982537458570e-06,-3.5057513282982090e-08,1.3453077978108764e-11,0
4617,1.5741159967005471e-10,4.7288164452211762e-06,4.7484433740619521e-06,-1.9626928840775966e-08,2.2399513014061377e-11,0
4618,8.2650299233995622e-11,9.6579088361466430e-05,9.6585765195183568e-05,-6.6768337171374840e-09,1.2267595746890302e-11,0
4619,-9.8503705983175609e-10,-3.5956300623030124e-05,-3.5948237740835897e-05,-8.0628821942269903e-09,1.1370236021582650e-11,0
4620,-1.0676873593797348e-09,-1.3253536617193785e-04,-1.3253666095604998e-04,1.2947841121209273e-09,1.7013478161690238e-11,0
4621,7.5586235041650158e-11,2.5792410122513383e-06,2.5748572253002197e-06,4.3837869511186448e-09,1.8508819088217855e-11,0
4622,-3.1948140808647217e-10,-1.7884462396601693e-04,-1.7883229936347726e-04,-1.2324602539670907e-08,1.9221615321396973e-11,0
4623,4.5124396598162120e-10,-6.4217372130401240e-06,-6.4235165081712529e-06,1.7792951311288433e-09,1.2185230141228472e-11,0
4624,3.5488446231100820e-10,-4.3536937178241530e-05,-4.3536384915619206e-05,-5.5226262232472949e-10,7.0987794971527174e-12,0
4625,-9.6359503784493344e-11,-3.7115182221388911e-05,-3.7113987039084684e-05,-1.1951823042268949e-09,1.7770672478872574e-12,0
4626,5.1073057822021292e-10,-1.3931148656033893e-05,-1.3928414075044133e-05,-2.7345809897601854e-09,3.5889695453257872e-11,0
4627,5.0189578398020277e-10,-1.5672313761687200e-05,-1.5670420671470861e-05,-1.8930902163390552e-09,1.7189261778040375e-11,0
4628,2.1179489615497615e-10,2.1692977187704257e-06,2.1734350749691262e-06,-4.1373561987004566e-09,3.5904774105592626e-11,0
4629,6.9296596254535379e-10,-3.1158702406004768e-05,-3.1146845086291069e-05,-1.1857319713698650e-08,7.9413055375537309e-11,0
4630,7.3582742185746593e-10,8.0913907599228577e-05,8.0919964534123011e-05,-6.0569348944342722e-09,3.3241842937995165e-11,0
4631,4.4879613261133906e-10,4.7439440377782666e-06,4.7520591672367453e-06,-8.1151294584787197e-09,1.8314622960546195e-11,0
4632,-8.8347942395403967e-12,-1.7411997803925252e-06,-1.7410598697537718e-06,-1.3991063875341291e-10,4.9846363798440896e-12,0
4633,-2.9893568240093184e-10,1.6100414387463374e-05,1.6098867199373259e-05,1.5471880901153862e-09,3.6488933890253496e-11,0
4634,1.8223538438300081e-10,-1.7227482420211502e-05,-1.7226247946858971e-05,-1.2344733525301280e-09,3.8927538680487946e-11,0
4635,2.2509684368722501e-10,9.4845066015286856e-05,9.4847117021502035e-05,-2.0510062151792886e-09,1.1634640894838141e-11,0
4636,-6.1934445962814852e-11,1.8675036710406531e-05,1.8677782269576394e-05,-2.7455591698629072e-09,3.6985319883314975e-11,0
4637,-2.9010088815876125e-10,1.7841682887738755e-05,1.7841339156109475e-05,3.4373162928041370e-10,1.8444650026200635e-11,0
4638,1.9107017863479617e-10,-1.5486382229000831e-05,-1.5484937413958441e-05,-1.4448150423899107e-09,1.8374542428918275e-11,0
4639,2.3393163793003532e-10,9.6586265425747855e-05,9.6587838085052897e-05,-1.5726593050421249e-09,4.8711446271416296e-12,0
4640,-5.3099651718996887e-11,2.0416288926436692e-05,2.0416554963874957e-05,-2.6603743826433541e-10,1.7369374701181952e-11,0
4641,4.8117106788344500e-10,-3.3328030199088459e-05,-3.3324871808609938e-05,-3.1583904785213832e-09,9.2070702607232244e-11,0
4642,5.2403252716925146e-10,7.8744623607717498e-05,7.8745040387443490e-05,-4.1677972599280140e-10,2.9533811146775377e-11,0
4643,2.3700123637344395e-10,2.5746305726786871e-06,2.5768692490907545e-06,-2.2386764120674076e-09,2.2079733474417408e-11,0
4644,4.2861459297162984e-11,1.1207257583097118e-04,1.1207183729839402e-04,7.3853257716175250e-10,4.1823898488965697e-11,0
4645,-2.4416983050998054e-10,3.5902534921430918e-05,3.5897857651770992e-05,4.6772696599256514e-09,8.2160525066852210e-11,0
4646,-2.8703129012190466e-10,-7.6169956197496354e-05,-7.6170737600038133e-05,7.8140254177936058e-10,3.5004868424290089e-11,0
4647,-1.4397014854816892e-09,-5.8791156320129462e-06,-5.8931422768957297e-06,1.4026644882783537e-08,3.2082846463383331e-11,0
4648,-1.4555678663010905e-09,-7.6188516045551380e-06,-7.6276133060305595e-06,8.7617014754214978e-09,1.7352740132655212e-11,0
4649,-1.1938667756704379e-09,8.8964623128044359e-05,8.8967962808284993e-05,-3.3396802406339930e-09,2.5002232492654724e-11,0
4650,-1.5866380844637403e-11,-1.7397070662205670e-06,-1.7411224497152593e-06,1.4153834946923373e-09,1.0936065099803351e-11,0
4651,2.4583470918991102e-10,9.4843701609619198e-05,9.4847522625328033e-05,-3.8210157088348299e-09,1.8973650580054443e-11,0
4652,2.6170109002804337e-10,9.6583424910917995e-05,9.6588304005404147e-05,-4.8790944861523602e-09,8.5390590466295008e-12,0
4653,-2.6804605144165175e-09,-5.8995674107487767e-06,-5.9085295425470910e-06,8.9621317983143615e-09,1.3883749164024407e-11,0
4654,-2.6783628876814224e-09,-7.6384132242073716e-06,-7.6428667404290935e-06,4.4535162217219508e-09,5.8731655513903032e-12,0
4655,-8.1694461418917911e-10,1.0212164497513596e-05,1.0228899548230800e-05,-1.6735050717204045e-08,2.0582268821304023e-11,0
4656,-3.4886006560668002e-09,-1.8473446993026547e-04,-1.8473793097202411e-04,3.4610417586370887e-09,1.2070833121301728e-11,0
4657,-2.9880563921194815e-09,-6.4678093983239898e-06,-6.4663418466971901e-06,-1.4675516267997581e-09,1.2020864314130911e-11,0
4658,-2.5305457267708775e-09,-2.3127693622893020e-05,-2.3116726057109881e-05,-1.0967565783138241e-08,4.5483898993606601e-11,0
4659,-2.2753724885933950e-09,8.8945517103079103e-05,8.8954662997165377e-05,-9.1458940862739922e-09,1.0829883458338808e-11,0
4660,-2.7327841337068260e-09,-4.3578312492157864e-05,-4.3574880963709195e-05,-3.4315284486689671e-09,6.9639973197892378e-12,0
4661,-1.4625784019414667e-10,1.2788378719143408e-05,1.2806555369697309e-05,-1.8176650553900989e-08,1.9409443590079186e-11,0
4662,2.0976267774444261e-12,-1.7388541499214626e-06,-1.7408668395590744e-06,2.0126896376117965e-09,2.1644152367272278e-12,0
4663,1.8635159086325418e-09,1.6111705239625455e-05,1.6125831971438193e-05,-1.4126731812737518e-08,1.5317970891848358e-11,0
4664,-8.0814015663117538e-10,-1.7883491579983495e-04,-1.7883694691941046e-04,2.0311195755081269e-09,6.3641419007043470e-12,0
4665,-3.0759589487282705e-10,-5.6825264542438234e-07,-5.6592733052939876e-07,-2.3253148949835785e-09,1.0328434790718304e-11,0
4666,1.4991478680468920e-10,-1.7228152284073581e-05,-1.7226591736985418e-05,-1.5605470881628364e-09,3.1188499693854379e-11,0
4667,4.0508802567731977e-10,9.4845075504774827e-05,9.4849695502125306e-05,-4.6199973504788740e-09,7.8854496593360304e-12,0
4668,-5.2323636722730247e-11,-3.7678766011614573e-05,-3.7679144680170631e-05,3.7866855605864702e-10,5.8520629660326284e-12,0
4669,2.5342026819967736e-09,1.8687912599973759e-05,1.8710130274267704e-05,-2.2217674293944920e-08,1.7864526029568161e-11,0
4670,1.8614182818141617e-09,1.7850546778897143e-05,1.7868111144161500e-05,-1.7564365264357141e-08,6.5081541630479367e-12,0
4671,-8.1023778327876396e-10,-1.7709606960295650e-04,-1.7709849978881720e-04,2.4301858607064797e-09,2.7654476233952922e-12,0
4672,-3.0969352148885346e-10,1.1706128364200562e-06,1.1704595415478653e-06,1.5329487219088047e-10,4.4831704674053697e-12,0
4673,1.4781716004666268e-10,-1.5489331343739813e-05,-1.5485471012384523e-05,-3.8603313552899475e-09,1.3162332291251181e-11,0
4674,4.0299039887863249e-10,9.6583940683483711e-05,9.6590218254130245e-05,-6.2775706465343197e-09,3.3459796587732412e-12,0
4675,-5.4421263352112327e-11,-3.5939907256102299e-05,-3.5936946617573759e-05,-2.9606385285404655e-09,2.5327867497895596e-12,0
4676,2.5321050551409374e-09,2.0426768481570517e-05,2.0448722516590490e-05,-2.1954035019972382e-08,7.5848311856933216e-12,0
4677,-2.6716560543260035e-09,-1.9494661352630321e-04,-1.9495795905647605e-04,1.1345530172843839e-08,1.7583802763597691e-11,0
4678,-2.1711117915296256e-09,-1.6679948883450025e-05,-1.6681817394401722e-05,1.8685109516968358e-09,2.0866268873611468e-11,0
4679,-1.7136011175452611e-09,-3.3339802783081615e-05,-3.3352143763778837e-05,1.2340980697222331e-08,6.4357375819565873e-11,0
4680,-1.4584278789954443e-09,7.8733406585724391e-05,7.8720700628089079e-05,1.2705957635312203e-08,1.4179604886116342e-11,0
4681,-1.9158395332685889e-09,-5.3790431934065295e-05,-5.3798609291760812e-05,8.1773576955166522e-09,1.1686368167725275e-11,0
4682,6.7068677364328286e-10,2.5762234727275297e-06,2.5822653010099908e-06,-6.0418282824610631e-09,2.2709831147097006e-11,0
4683,5.0054426239322983e-10,1.7826667755399336e-04,1.7827299498832233e-04,-6.3174343289712671e-09,7.2943159234240828e-12,0
4684,1.2132281779674838e-09,2.7367998632390513e-04,2.7368803472803345e-04,-8.0484041283250714e-09,8.5798571364145206e-12,0
4685,7.5581652060349587e-10,1.4115614672747807e-04,1.4116414484675971e-04,-7.9981192816446205e-09,4.3922546212556489e-12,0
4686,3.3423428319855046e-09,1.9752282223008686e-04,1.9753786473091769e-04,-1.5042500830836272e-08,1.9403731345537709e-11,0
4687,7.1268391545617721e-10,9.5413327025660813e-05,9.5418359184833244e-05,-5.0321591724307446e-09,9.3579234101196328e-12,0
4688,2.5527225819950256e-10,-3.7110521979110301e-05,-3.7109647424854633e-05,-8.7455425566766677e-10,4.8525488871520976e-12,0
4689,2.8417985693766697e-09,1.9256137492632778e-05,1.9263573614351481e-05,-7.4361217187034092e-09,2.1023520316499612e-11,0
4690,-9.5805494606905755e-10,-1.6160682748397187e-04,-1.6161547224054039e-04,8.6447565685195647e-09,3.9495190421537316e-11,0
4691,-4.5751068474008621e-10,1.6660039706479363e-05,1.6657187974610334e-05,2.8517318690286276e-09,5.6415171670102273e-11,0
4692,2.5517323898529565e-10,1.1207322658329203e-04,1.1207477039896921e-04,-1.5438156771843334e-09,3.9539262623126904e-11,0
4693,-2.0223842662389842e-10,-2.0450558944039472e-05,-2.0454775761596672e-05,4.2168175571996754e-09,2.8473048739714097e-11,0
4694,2.3842878967653123e-09,3.5916037651186408e-05,3.5930595844566242e-05,-1.4558193379834246e-08,6.9317479841992314e-11,0
4695,-4.5741166676286431e-10,-1.3252384416038467e-04,-1.3252979353972158e-04,5.9493793369157135e-09,5.9323261577536334e-12,0
4696,2.1291146582800301e-09,-7.6157160163490417e-05,-7.6140953825723319e-05,-1.6206337767097983e-08,1.4295732632552781e-11,0
4697,2.5865263106058528e-09,5.6366676401665549e-05,5.6380651948265514e-05,-1.3975546599964673e-08,1.4344232284958113e-11,0
4698,2.0599443608290213e-09,1.0263395677227033e-05,1.0264478065945411e-05,-1.0823887183778944e-09,8.5913511439453118e-12,0
4699,1.3509040797385534e-09,-6.4128120167861874e-06,-6.4126317552919777e-06,-1.8026149420972374e-10,4.8777723380844975e-12,0
4700,2.5829613734950975e-09,-2.3058938418299077e-05,-2.3053410912019012e-05,-5.5275062800653324e-09,2.9055405852964567e-11,0
4701,2.4960067582650743e-09,8.9003029563371541e-05,8.9013955068217013e-05,-1.0925504845472238e-08,7.0687346879234565e-12,0
4702,1.1520094478199767e-09,-4.3531689495671794e-05,-4.3526821332508424e-05,-4.8681631633701794e-09,3.5449762256749777e-12,0
4703,1.5389943868558766e-09,1.2823260760945303e-05,1.2827398342018358e-05,-4.1375810730552641e-09,6.9181057989949456e-12,0
4704,-7.0904028175267657e-10,-1.6676184604928303e-05,-1.6663810697451247e-05,-1.2373907477055291e-08,1.1076229603639044e-11,0
4705,5.2301701596505441e-10,-3.3322407279950342e-05,-3.3324438931206677e-05,2.0316512563340662e-09,5.5809453284899724e-11,0
4706,4.3606240046618791e-10,7.8739652209133034e-05,7.8744344737764719e-05,-4.6925286316851266e-09,1.5997762897583322e-11,0
4707,-9.0793491438806436e-10,-5.3795064334882618e-05,-5.3786271502634607e-05,-8.7928322480113172e-09,1.0177145566793455e-11,0
4708,-5.2094997590911227e-10,2.5598561795995081e-06,2.5674980035705102e-06,-7.6418239710020719e-09,9.9145934874638840e-12,0
4709,1.1451026822238906e-09,9.5415836380040807e-05,9.5423931762547785e-05,-8.0953825069775449e-09,9.7534191091858404e-12,0
4710,-1.9889463263766478e-10,-3.7118875683053894e-05,-3.7115291943073814e-05,-3.5837399800796354e-09,3.0288884030729727e-12,0
4711,1.8809030583248249e-10,1.9236062193333549e-05,1.9230765618198170e-05,5.2965751353784615e-09,1.0460962894244179e-11,0
4712,-1.2320572982475595e-09,1.6646374545250002e-05,1.6647553845656266e-05,-1.1793004062640700e-09,3.6159019765240692e-11,0
4713,-8.6954615534901942e-11,1.1206211297067623e-04,1.1207071022692132e-04,-8.5972562450885694e-09,2.8994667227899646e-11,0
4714,-1.4309519309806716e-09,-2.0472602917099604e-05,-2.0470098686204376e-05,-2.5042308952281369e-09,3.3890189648856620e-11,0
4715,-1.0439669925777503e-09,3.5882263980739279e-05,3.5888166446556353e-05,-5.9024658170735655e-09,3.7966972834029063e-11,0
4716,-1.3439973145425001e-09,-1.3253470361887358e-04,-1.3254104046126787e-04,6.3368423942953937e-09,5.6577681533230646e-12,0
4717,-9.5701237602715186e-10,-7.6179773417703149e-05,-7.6179336030953934e-05,-4.3738674921495191e-10,1.0942043824217572e-11,0
4718,3.8698493859329502e-10,5.6354926356825662e-05,5.6353495411080486e-05,1.4309457451759850e-09,8.9443392180468621e-12,0
4719,1.3709227319725299e-12,-1.7389049324663392e-06,-1.7408123420866841e-06,1.9074096203449274e-09,3.1662699133260355e-12,0
4720,-6.5471632764000189e-10,-1.7883984617417942e-04,-1.7883402857908225e-04,-5.8175950971720361e-09,6.6730689117170745e-12,0
4721,1.8258468593882716e-10,9.4846048107015109e-05,9.4847318966199246e-05,-1.2708591841370780e-09,4.3501315618624936e-12,0
4722,-4.2721358740407447e-10,-3.7684755793359389e-05,-3.7683933134555355e-05,-8.2265880403404462e-10,8.4649729047290518e-12,0
4723,-6.5608725034640060e-10,-1.7710094507326132e-04,-1.7709565055565503e-04,-5.2945176062910333e-09,4.3221940262240545e-12,0
4724,1.8121376321660623e-10,9.6584940616583790e-05,9.6587781382504126e-05,-2.8407659203357740e-09,2.6406107903465539e-12,0
4725,-4.2858451009495130e-10,-3.5945845169744854e-05,-3.5941749890109488e-05,-4.0952796353662074e-09,3.7862970576396823e-12,0
4726,8.3730101455610828e-10,2.7368588502254447e-04,2.7368271560778161e-04,3.1694147628645933e-09,5.4160875762072919e-12,0
4727,2.2750273973127486e-10,1.4115509044822965e-04,1.4115651102368341e-04,-1.4205754537651751e-09,5.1283459027395908e-12,0
4728,-6.0979827380710430e-10,-1.3253079074864111e-04,-1.3253214078511689e-04,1.3500364757861559e-09,6.5020632725696575e-12,0
4729,2.1310231416803440e-10,-4.3502863941096565e-05,-4.3538634704231158e-05,3.5770763134593188e-08,4.7146874842823411e-12,0
4730,9.1333249898361318e-11,2.1641288905712049e-06,2.1719854227170782e-06,-7.8565321458732996e-09,7.7834196977760468e-12,0
4731,-8.5315092136718951e-11,-4.3552802208131174e-05,-4.3542399917427276e-05,-1.0402290703897491e-08,7.1562109004036928e-12,0
4732,-2.2543338718068603e-12,-1.7437055772593523e-06,-1.7408139186822654e-06,-2.8916585770869621e-09,5.0659479112548604e-12,0
4733,-6.5060202450371299e-11,-1.7883349264297957e-04,-1.7882602219125918e-04,-7.4704517203879640e-09,1.0191184808253716e-11,0
4734,6.6554035149572519e-11,-5.4062279019814752e-07,-5.6131843464777838e-07,2.0695644449630865e-08,1.4110983192287553e-11,0
4735,8.3452982575740644e-11,-1.7223051303480365e-05,-1.7227309849171985e-05,4.2585456916193181e-09,4.6456002373286338e-11,0
4736,1.4457554920430791e-10,9.4858157685503292e-05,9.4847109103857305e-05,1.1048581645986631e-08,1.2849168986958513e-11,0
4737,-6.2805868583393251e-11,-1.7708978582633181e-04,-1.7708765257078041e-04,-2.1332555514002195e-09,5.4546376062912123e-12,0
4738,6.8808369014103922e-11,1.2030773540328693e-06,1.1749392460742304e-06,2.8138107958638910e-08,7.4740346595676206e-12,0
4739,8.5707316446836694e-11,-1.5479418619224455e-05,-1.5486236050970088e-05,6.8174317456336827e-09,2.2850209938146564e-11,0
4740,1.4682988307369767e-10,9.6601844861307629e-05,9.6587569108798772e-05,1.4275752508856885e-08,5.3209992885419572e-12,0
4741,1.3161423760708714e-10,1.7829286285461939e-04,1.7826668087653685e-04,2.6181978082535223e-08,1.0053223703208574e-11,0
4742,2.0963575158524602e-10,2.7369163434263870e-04,2.7367448279704329e-04,1.7151545595405198e-08,1.2678442393306142e-11,0
4743,7.8021513550501629e-11,9.5398765389535616e-05,9.5411129968219440e-05,-1.2364578683824227e-08,1.7274683905031021e-11,0
4744,-1.4851318488646117e-10,-1.6161057643603364e-04,-1.6160383817960563e-04,-6.7382564280084409e-09,5.4679528111878877e-11,0
4745,-1.6898947267811350e-11,1.6682469149494061e-05,1.6662564839686366e-05,1.9904309807694911e-08,9.6647684063380328e-11,0
4746,6.1122566617102289e-11,1.1208127657380508e-04,1.1207292226225262e-04,8.3543115524592005e-09,6.2106232018062370e-11,0
4747,1.9155154944573050e-10,1.2863417441178956e-05,1.2810527833465962e-05,5.2889607712994268e-08,3.1773936594458964e-11,0
4748,-2.3456597871053704e-12,-1.7412885573595211e-06,-1.7407833941231438e-06,-5.0516323637727514e-10,1.2444992341301899e-11,0
4749,-5.1319969983489823e-11,-1.7883276110431572e-04,-1.7882534552657900e-04,-7.4155777367215098e-09,2.5766946184047331e-11,0
4750,1.7985421603437396e-10,-5.6325953026389874e-07,-5.5992256032147952e-07,-3.3369699424192254e-09,2.5237394886801283e-11,0
4751,2.0182005140699100e-10,9.4848278700884877e-05,9.4848009851179657e-05,2.6884970522078090e-10,2.0236830523648107e-11,0
4752,-4.8974310192452126e-11,-1.7709144022702702e-04,-1.7708701371302896e-04,-4.4265139980651132e-09,1.4210522858489947e-11,0
4753,1.8219987582729473e-10,1.1780452193015101e-06,1.1762820075103637e-06,1.7632117911463338e-09,1.6203057134670610e-11,0
4754,2.0416571119721430e-10,9.6589599635288261e-05,9.6588436421429937e-05,1.1632138583242673e-09,1.0941574080902502e-11,0
4755,2.3117418599236842e-10,1.7826951608742106e-04,1.7826740059572499e-04,2.1154916960721120e-09,2.3579230642183645e-11,0
4756,2.5314002091618054e-10,2.7368098660285312e-04,2.7367469479494723e-04,6.2918079058956779e-09,1.9869512647394064e-11,0
4757,2.1965834298355987e-11,9.5411505922416047e-05,9.5410624794684830e-05,8.8112773121654803e-10,2.3101251177025609e-11,0
4758,3.2809925843970482e-10,2.1737808403397146e-06,2.1749361313829902e-06,-1.1552910432755580e-09,2.1931747713974024e-11,0
4759,8.7077841338124346e-10,-3.1113600596252566e-05,-3.1145222345264488e-05,3.1621749011921836e-08,6.9109037207455076e-11,0
4760,5.4267915484808031e-10,-3.3287508280171324e-05,-3.3324302639403631e-05,3.6794359232307028e-08,7.6057041674759917e-11,0
4761,3.6886606936012598e-11,-7.5997234577150196e-06,-7.6096573970712623e-06,9.9339393562426605e-09,2.1406873460445795e-11,0
4762,-8.8762683653744041e-10,-4.3559793197908703e-05,-4.3552573837927309e-05,-7.2193599813936927e-09,1.9328592444781362e-11,0
4763,-9.2451344356334722e-10,-3.5960075231551702e-05,-3.5948176648852320e-05,-1.1898582699382384e-08,5.1685896877852559e-12,0
4764,7.7635970480646571e-10,-1.8467435637350982e-04,-1.8468237483909816e-04,8.0184655883424466e-09,1.5426584250428970e-11,0
4765,3.9746700321830272e-10,-6.4271709822654940e-06,-6.4249116134144098e-06,-2.2593688510842583e-09,1.4131198575780222e-11,0
4766,1.8344263412157271e-09,-2.3040634545726940e-05,-2.3063151885240759e-05,2.2517339513819187e-08,6.1653420637008686e-11,0
4767,1.8231279678016217e-09,8.9013989937486784e-05,8.9006159353440580e-05,7.8305840462040976e-09,1.1058820286554547e-11,0
4768,1.5655052681008495e-09,1.2843270618229444e-05,1.2827467496951898e-05,1.5803121277546136e-08,2.2996313333406593e-11,0
4769,-3.7889270246083120e-10,1.7824719320528714e-04,1.7825891298977537e-04,-1.1719784488234885e-08,1.2895513169874441e-11,0
4770,1.0467682678184526e-09,2.7368834557926314e-04,2.7368395066959826e-04,4.3949096648738216e-09,1.6236417422342908e-11,0
4771,7.8914556832610224e-10,1.9751764914574250e-04,1.9750393431676303e-04,1.3714828979471180e-08,4.4504049378169547e-11,0
4772,1.4256609674291806e-09,9.5441164172331908e-05,9.5428372836048501e-05,1.2791336283406239e-08,1.6376472689362168e-11,0
4773,1.1680382678369392e-09,1.9270410497529249e-05,1.9243385474847671e-05,2.7025022681577177e-08,4.0581028137589322e-11,0
4774,-1.0580666420198005e-09,-1.6163380541410824e-04,-1.6161380039767854e-04,-2.0005016429698336e-08,9.7199897972859109e-11,0
4775,-1.4369593446453538e-09,1.6613570823383744e-05,1.6644881765915304e-05,-3.1310942531559877e-08,7.5751439663123562e-11,0
4776,-1.1298373145523535e-11,1.1205459674192703e-04,1.1207248553925209e-04,-1.7888797325068574e-08,7.1229932127587526e-11,0
4777,-2.6892107259372774e-10,3.5883857303520283e-05,3.5898172527122160e-05,-1.4315223601876910e-08,9.6426998937483476e-11,0
4778,-2.5762269947078801e-10,-7.6170666913400817e-05,-7.6171164720863034e-05,4.9780746221700888e-10,2.3330588341724294e-11,0
4779,1.7181660255369934e-10,2.1743744704461575e-06,2.1730148771934630e-06,1.3595932526944520e-09,1.9760285355813522e-11,0
4780,5.7847728605518207e-13,-1.7389598049196678e-06,-1.7406586077200811e-06,1.6988028004133298e-09,6.8996187849075224e-12,0
4781,-5.3245651519248733e-10,-1.7884272167792599e-04,-1.7882989667085842e-04,-1.2825007067571084e-08,8.2810290699961975e-11,0
4782,1.4442035165842008e-10,9.4847769853222195e-05,9.4847831626291128e-05,-6.1773068932746873e-11,1.3138706041369674e-11,0
4783,-3.9205918758660001e-10,-3.7690550354617727e-05,-3.7683855812734229e-05,-6.6945418834984277e-09,5.7595110639685530e-11,0
4784,-5.3303499246807758e-10,-1.7710390977033162e-04,-1.7709171000737480e-04,-1.2199762956826470e-08,3.4351231489408799e-11,0
4785,1.4384187437383797e-10,9.6586714357350901e-05,9.6588125272546613e-05,-1.4109151957116157e-09,5.8898875313811062e-12,0
4786,-3.9263766484689072e-10,-3.5951759626612692e-05,-3.5941724113137887e-05,-1.0035513474805462e-08,2.9564808067457926e-11,0
4788,1.4039732688464019e-10,1.4115224260057273e-04,1.4115264436734661e-04,-4.0176677387543033e-10,1.1861240430299487e-11,0
4789,-5.3647953930575125e-10,-1.3253839141084273e-04,-1.3253240956549473e-04,-5.9818453479964194e-09,3.3228098521149149e-11,0
4790,-5.8101402514695581e-12,5.6340734714289183e-05,5.6349386382064248e-05,-8.6516677750645018e-09,1.5952538969980923e-11,0
4791,-2.4897318654821634e-13,-1.7393676657920492e-06,-1.7406393617639190e-06,1.2716959718697401e-09,8.3497643073656284e-12,0
4792,-3.9576626425450583e-10,-1.7885257241537569e-04,-1.7882772961829883e-04,-2.4842797076863460e-08,9.3516152069950114e-12,0
4793,-3.2580925138982029e-10,-5.8998318766198543e-07,-5.6622790809272617e-07,-2.3755279569259262e-08,1.1521012459747576e-11,0
4794,5.6575092472339863e-11,-1.7227875585036742e-05,-1.7227494577494830e-05,-3.8100754191247002e-10,4.0003246409077794e-11,0
4795,1.2764094563376579e-10,9.4857847532208101e-05,9.4847801408969157e-05,1.0046123238944215e-08,1.2324189169324827e-11,0
4796,-3.9551729106153688e-10,-1.7711318623739314e-04,-1.7708956898865921e-04,-2.3617248733932839e-08,8.1229826628874720e-12,0
4797,-3.2556027819311677e-10,1.1493898482289877e-06,1.1697484091574272e-06,-2.0358560928439453e-08,9.5723968990844804e-12,0
4798,5.6824065660903084e-11,-1.5488591077534165e-05,-1.5486586941750194e-05,-2.0041357839709300e-09,3.9764366600602136e-11,0
4800,6.9957012424049104e-11,1.7826258039690024e-04,1.7826348123944379e-04,-9.0084254354585828e-10,1.0315161421502734e-11,0
4801,5.2340721057506944e-10,2.7371041835957607e-04,2.7367682538781131e-04,3.3592971764766569e-08,1.1129341052692205e-11,0
4802,4.5345019806644845e-10,9.5447848558125048e-05,9.5416684242862805e-05,3.1164315262243152e-08,8.9622484490605761e-12,0
4803,-4.5234135674450933e-10,-1.6162463959066425e-04,-1.6160537317274680e-04,-1.9266417917459091e-08,5.0967966115170963e-11,0
4804,-3.8238434389231251e-10,1.6637997808566576e-05,1.6657909912546229e-05,-1.9912103979652872e-08,4.4116428188077088e-11,0
4805,7.1065853158380657e-11,1.1208573897174756e-04,1.1207382751216760e-04,1.1911459579954146e-08,3.8094920584553221e-11,0
4806,1.9899318034987455e-10,-8.0491503323606994e-06,-8.0709531601849918e-06,2.1802827824292370e-08,3.5409755750436984e-11,0
4807,1.0885825314399985e-10,-3.5936017952491357e-05,-3.5935647831270766e-05,-3.7012122059147841e-10,1.0451258577762969e-11,0
4808,-2.8153139443181045e-09,-5.8847450526821471e-06,-5.9102019265487412e-06,2.5456873866594065e-08,1.7195654709746703e-11,0
4809,-2.8135597801436546e-09,-7.6229907490701215e-06,-7.6454148750303521e-06,2.2424125960230582e-08,7.4892900263877420e-12,0
4810,-9.6565142497609087e-10,1.0230129565597362e-05,1.0226143131448534e-05,3.9864341488279301e-09,2.7458736233962674e-11,0
4811,-3.5222836667930964e-09,-1.8471558063194986e-04,-1.8473395894214181e-04,1.8378310191941895e-08,1.4594780938750060e-11,0
4812,-2.9952780340399614e-09,-6.4548209269404966e-06,-6.4673463689494354e-06,1.2525442008938795e-08,1.4211841515658280e-11,0
4813,-2.6607993811523704e-09,-2.3112966488490413e-05,-2.3119260789414627e-05,6.2943009242132325e-09,5.6535246743308164e-11,0
4814,-2.4072008476051818e-09,8.8961738379371783e-05,8.8954130120554877e-05,7.6082588169055013e-09,1.1303174098676669e-11,0
4815,-2.7320202028902806e-09,-4.3565701057188613e-05,-4.3575953004584063e-05,1.0251947395450035e-08,8.2401675857611733e-12,0
4816,-2.7421150730302459e-10,1.2805440784337697e-05,1.2804447414204658e-05,9.9337013303833635e-10,2.2552389823328263e-11,0
4817,1.7541642403032744e-12,-1.7382304855848441e-06,-1.7405494468634888e-06,2.3189612786446434e-09,3.3606157603391823e-12,0
4818,1.8496625259100573e-09,1.6114895126291030e-05,1.6126483961763905e-05,-1.1588835472874217e-08,1.6616979879750907e-11,0
4819,-7.0696973373258327e-10,-1.7883087469956868e-04,-1.7883054834987025e-04,-3.2634969843159910e-10,8.6842199917834218e-12,0
4820,-1.7996410236858514e-10,-5.7008491153708735e-07,-5.6443815679234932e-07,-5.6467547447380275e-09,9.9296578053344905e-12,0
4821,1.5451456277197815e-10,-1.7228338476010883e-05,-1.7226215382493488e-05,-2.1230935173950063e-09,3.2134826886681469e-11,0
4822,4.0811309691320164e-10,9.4846460895285471e-05,9.4851671944278841e-05,-5.2110489933695570e-09,6.1642938883099605e-12,0
4823,8.3293728637725812e-11,-3.7680941078836174e-05,-3.7678168115051652e-05,-2.7729637845224113e-09,5.7942822265676610e-12,0
4824,2.5411024433040013e-09,1.8690181288549303e-05,1.8711066978579280e-05,-2.0885690029976979e-08,1.6267021637968907e-11,0
4825,1.8479083615297775e-09,1.7853127122451420e-05,1.7868447120076524e-05,-1.5319997625103641e-08,7.7165635929766781e-12,0
4826,-7.0872389787278843e-10,-1.7709264478014725e-04,-1.7709249260444541e-04,-1.5217570183568424e-10,4.2313768924368101e-12,0
4827,-1.8171826648271475e-10,1.1681462902938568e-06,1.1714018139891126e-06,-3.2555236952558163e-09,4.6935390890511705e-12,0
4828,1.5276039846414643e-10,-1.5490146546092484e-05,-1.5485394012360938e-05,-4.7525337315459503e-09,1.5107992568215528e-11,0
4829,4.0635893264850883e-10,9.6584697603326920e-05,9.6591847735208567e-05,-7.1501318816462670e-09,2.8176559374234325e-12,0
4830,8.1539564537544230e-11,-3.5942699894182068e-05,-3.5936086484642205e-05,-6.6134095398639754e-09,2.8615560050204959e-12,0
4831,2.5393482789713721e-09,2.0428412713023765e-05,2.0449412249124788e-05,-2.0999536101022550e-08,7.8390146312101582e-12,0
4832,-2.5566322484018523e-09,-1.9494575636720430e-04,-1.9495256364945629e-04,6.8072822519919113e-09,1.8879291307418800e-11,0
4833,-2.0296266161355735e-09,-1.6685000933601944e-05,-1.6681213809166889e-05,-3.7871244350549211e-09,2.1009285412935588e-11,0
4834,-1.6951479587956127e-09,-3.3343275569327688e-05,-3.3352214450312497e-05,8.9388809848092482e-09,7.4669048809180625e-11,0
4835,-1.4415494249859047e-09,7.8731537268728058e-05,7.8722285596097277e-05,9.2516726307804434e-09,1.1320133891916525e-11,0
4836,-1.7663687850269028e-09,-5.3795849696488228e-05,-5.3798242860737741e-05,2.3931642495134066e-09,1.2378835187943826e-11,0
4837,6.9143991757500030e-10,2.5752332072088557e-06,2.5826217855695553e-06,-7.3885783606996553e-09,2.2693118995219211e-11,0
4838,5.2700563161529431e-10,1.7826078100892400e-04,1.7826809076971692e-04,-7.3097607929182955e-09,7.0149229293583648e-12,0
4839,1.1150828284117219e-09,2.7367734116225898e-04,2.7368348981381569e-04,-6.1486515567075496e-09,6.7196668646840161e-12,0
4840,7.9026346268781796e-10,1.4114993203653804e-04,1.4115909241568258e-04,-9.1603791445413110e-09,4.4339519685300958e-12,0
4841,3.2480721736570427e-09,1.9752100459949698e-04,1.9753296049312887e-04,-1.1955893631891701e-08,1.7525550330256244e-11,0
4842,5.8807719763347922e-10,9.5416561445183824e-05,9.5418744375651301e-05,-2.1829304674769257e-09,7.2931217773244128e-12,0
4843,2.6325783104339428e-10,-3.7110849252382199e-05,-3.7109660303710255e-05,-1.1889486719438469e-09,4.4677208532932043e-12,0
4844,2.7210665432932760e-09,1.9260245946187138e-05,1.9263013849963899e-05,-2.7679037767609045e-09,1.9272563616586931e-11,0
4845,-8.6148429945855294e-10,-1.6160260811093341e-04,-1.6160947644405923e-04,6.8683331258209170e-09,4.0597194711585427e-11,0
4846,-3.3447866847783308e-10,1.6658289562898089e-05,1.6658450820486714e-05,-1.6125758862519453e-10,5.0283255013103509e-11,0
4847,2.5359853434380586e-10,1.1207475369194976e-04,1.1207643111891179e-04,-1.6774269620214608e-09,3.1202779570155642e-11,0
4848,-7.1220837518091612e-11,-2.0452596126102705e-05,-2.0453932949083506e-05,1.3368229808008870e-09,2.6057696835817415e-11,0
4849,2.3865878824332752e-09,3.5918315671975773e-05,3.5931415959816794e-05,-1.3100287841021356e-08,8.0850034395533785e-11,0
4850,-3.2481937308875399e-10,-1.3252740435549734e-04,-1.3253046587281491e-04,3.0615173175730596e-09,4.4347696070434113e-12,0
4851,2.1329893486168567e-09,-7.6156288890179974e-05,-7.6141913781737047e-05,-1.4375108442927229e-08,1.2035480301507099e-11,0
4852,2.4578087121115572e-09,5.6371122082437414e-05,5.6380168886531366e-05,-9.0468040939522512e-09,1.1444144406364298e-11,0
4853,9.7152843325317891e-13,-1.7385160909815444e-06,-1.7405243689490350e-06,2.0082779674905609e-09,3.6947379419490508e-12,0
4854,-6.0253784774907654e-10,-1.7883579209866489e-04,-1.7882869697168511e-04,-7.0951269797814385e-09,1.0819865386382377e-11,0
4855,-4.3884928643497293e-10,-5.7527641065917290e-07,-5.6765884737541346e-07,-7.6175632837594375e-09,1.2279270416482683e-11,0
4856,7.2698352288442155e-11,-1.7228191864664556e-05,-1.7227195495207753e-05,-9.9636945680267770e-10,2.4197972745223506e-11,0
4857,1.9471102325670361e-10,9.4847512560186685e-05,9.4849235117119499e-05,-1.7225569328132434e-09,7.0911130858184022e-12,0
4858,-3.4515457312145887e-10,-3.7685724801301418e-05,-3.7683557785129139e-05,-2.1670161722792494e-09,6.4014955926926792e-12,0
4859,-6.0350937615039619e-10,-1.7709726917296796e-04,-1.7709067430579171e-04,-6.5948671762558909e-09,4.8767656309382472e-12,0
4860,-4.3982081483428320e-10,1.1632451060233570e-06,1.1681312262129537e-06,-4.8861201895966720e-09,5.7876550510076203e-12,0
4861,7.1726823852992217e-11,-1.5489711807119798e-05,-1.5486397252317745e-05,-3.3145548020526360e-09,1.5775166482947540e-11,0
4862,1.9373949482851928e-10,9.6586029273703754e-05,9.6589382632582540e-05,-3.3533588787850810e-09,3.1916962021707179e-12,0
4863,-3.4612610152231629e-10,-3.5947219021310352e-05,-3.5941479500575646e-05,-5.7395207347062170e-09,3.6348265837191551e-12,0
4864,1.6368856086709614e-10,1.7826050457848183e-04,1.7826301926080764e-04,-2.5146823258155419e-09,7.9509244907254147e-12,0
4865,7.9724887226529671e-10,2.7368327634459590e-04,2.7367918833022742e-04,4.0880143684801119e-09,8.8135929160415147e-12,0
4866,2.5738327403973420e-10,1.4115005059557476e-04,1.4115189133342092e-04,-1.8407378461651573e-09,4.9847263296030022e-12,0
4867,6.3356031135160937e-10,9.5422786957769304e-05,9.5419517200343197e-05,3.2697574261066151e-09,1.0552038732261437e-11,0
4868,9.3694713177478129e-11,-3.7110461864187008e-05,-3.7111775241956673e-05,1.3133777696658290e-09,4.6099704699080045e-12,0
4869,-6.7523620043771727e-10,-1.6160763913091250e-04,-1.6160664781005659e-04,-9.9132085591528696e-10,5.0064398776632754e-11,0
4870,-5.1154763927058303e-10,1.6653049374409229e-05,1.6656226466674984e-05,-3.1770922657546206e-09,6.7675127735876330e-11,0
4872,-4.1785292600669391e-10,-2.0457497204999595e-05,-2.0458316271213879e-05,8.1906621428364250e-10,3.6245110617175106e-11,0
4873,-5.3986559689213289e-10,-1.3253324186900724e-04,-1.3253338329476691e-04,1.4142575966661491e-10,6.2644904663659796e-12,0
4874,3.6007456865472905e-10,1.2863073455871704e-05,1.2812248920878191e-05,5.0824534993512748e-08,1.2569222259691625e-11,0
4875,-1.6953159358905955e-10,-8.1381748927057684e-06,-8.0754345085182173e-06,-6.2740384187551102e-08,1.1797858172714627e-11,0
4876,1.9054297454592304e-10,4.7248611627071207e-06,4.7488712516607539e-06,-2.4010088953633171e-08,1.3262927684748279e-11,0
4877,6.1547676764321585e-12,-1.7370306134287846e-06,-1.7404333172623887e-06,3.4027038336040889e-09,1.2723842494737634e-11,0
4878,-3.7889886371041986e-10,-1.7235663174528740e-05,-1.7232769398503998e-05,-2.8937760247425544e-09,6.6139040170668562e-11,0
4879,-7.6028495368276650e-10,9.4836748117449986e-05,9.4837553121144657e-05,-8.0500369467172844e-10,1.7263993627793167e-11,0
4880,-3.8505363118762463e-10,-1.5498621394222176e-05,-1.5492060705938913e-05,-6.5606882832636810e-09,5.0243849726454627e-11,0
4881,-7.6643972139976949e-10,9.6573799076112542e-05,9.6577607123882805e-05,-3.8080477702628988e-09,9.7147606184902312e-12,0
4882,-3.8138608843846112e-10,1.1207232264123226e-04,1.1206887791518744e-04,3.4447260448153228e-09,7.3108258077468834e-11,0
4883,-1.5319228256894522e-10,-1.9494091523181980e-04,-1.9492199303256384e-04,-1.8922199255963718e-08,3.6398439322126305e-11,0
4884,4.6717247906922809e-11,-1.6655266028010353e-05,-1.6655685720241777e-05,4.1969223142453616e-10,3.4290573581503531e-11,0
4885,1.9990953049790709e-10,1.7828568072291405e-04,1.7826302659546930e-04,2.2654127444749839e-08,1.8407367782378578e-11,0
4886,1.9856564575351289e-10,-4.3492034752972211e-05,-4.3539820933914886e-05,4.7786180942674871e-08,5.1609948049170521e-12,0
4887,1.0096752965402645e-10,1.4115370464219939e-04,1.4114900942192467e-04,4.6952202747225971e-09,1.5450651609645705e-11,0
4889,-2.4398952901491246e-11,-1.3944997411146839e-05,-1.3936710902163282e-05,-8.2865089835578918e-09,7.5843775634408576e-12,0
4890,7.4870044056967679e-11,2.1645703301158455e-06,2.1718710828841239e-06,-7.3007527682784649e-09,1.1860023026869751e-11,0
4891,7.2821439167428346e-11,-3.1169955526432445e-05,-3.1155865907890606e-05,-1.4089618541839174e-08,3.7610754437425731e-11,0
4892,2.2663545874153966e-10,4.7684380133149011e-06,4.7493208278964190e-06,1.9117185418482062e-08,1.3269940009421413e-11,0
4893,9.9268996959762089e-11,1.6109561066569335e-05,1.6105021702978843e-05,4.5393635904915277e-09,6.8602785139735632e-12,0
4894,9.7220392146147661e-11,-1.7224994162777854e-05,-1.7226830859855909e-05,1.8366970780550964e-09,1.8736780298785987e-11,0
4895,2.5103441165978284e-10,1.8713427721249107e-05,1.8682920089759060e-05,3.0507631490046897e-08,8.4184124652245787e-12,0
4896,-2.0486048592975638e-12,-3.3334488125882911e-05,-3.3331306657305943e-05,-3.1814685769678583e-09,3.8718268508450957e-11,0
4897,1.5176541469337258e-10,2.6038611649868704e-06,2.5759585210130555e-06,2.7902643973814864e-08,1.1670575185392764e-11,0
4898,1.5381401953138569e-10,3.5938360994493962e-05,3.5903961878262219e-05,3.4399116231742933e-08,5.8676763452568760e-11,0
4899,8.8171267208165667e-11,-5.8159890577022186e-06,-5.8741943721222310e-06,5.8205314420012442e-08,5.0650851144264474e-11,0
4900,-3.8184308501775345e-10,1.0228582514992118e-05,1.0233042941946238e-05,-4.4604269541198669e-09,2.1914061143268429e-11,0
4901,1.6816989002466914e-10,-2.3056638818310347e-05,-2.3084520300796829e-05,2.7881482486482082e-08,6.2387187461721531e-11,0
4902,1.5758200262716611e-10,8.8997413624186499e-05,8.8986348330812536e-05,1.1065293373962483e-08,2.0133413149444510e-11,0
4903,-4.0210532815122895e-10,1.2800943993585001e-05,1.2802666941661343e-05,-1.7229480763415359e-09,1.8789620942269348e-11,0
4904,6.9613492570548639e-10,-8.0550301800284829e-06,-8.0646248591748339e-06,9.5946791463509361e-09,2.0493196640044303e-11,0
4905,7.8430619581779362e-10,-1.3870887119942638e-05,-1.3926766479439632e-05,5.5879359496994834e-08,6.0424196180739160e-11,0
4906,3.1429184292233060e-10,2.1735712757565799e-06,2.1748471128613289e-06,-1.2758371047489733e-09,2.3133910100307767e-11,0
4907,8.6430481851257579e-10,-3.1111778459807365e-05,-3.1146118205080926e-05,3.4339745273560623e-08,6.6177635297561419e-11,0
4908,8.5371693102684464e-10,8.0942327608331602e-05,8.0922660881759957e-05,1.9666726571644535e-08,2.8923855733102936e-11,0
4909,2.9402959922807975e-10,4.7459542930630922e-06,4.7501574724398335e-06,-4.2031793767412915e-09,2.1678596975177509e-11,0
4910,-4.7001435199362972e-10,1.6044476816504463e-05,1.6098023798680746e-05,-5.3546982176282760e-08,5.4076457271249570e-11,0
4911,7.9998622854260775e-11,-1.7240878754813454e-05,-1.7227020380549136e-05,-1.3858374264318296e-08,1.0820626705958549e-10,0
4912,6.9410735488742832e-11,9.4813413177148760e-05,9.4848194798128715e-05,-3.4781620979955179e-08,3.4768380789215738e-11,0
4913,-4.9027659493227864e-10,1.8616888346291438e-05,1.8673790845433536e-05,-5.6902499142097505e-08,5.6169476477708849e-11,0
4914,5.5001297550982177e-10,-3.3285280866452577e-05,-3.3324482834012391e-05,3.9201967559813838e-08,6.6718843989768107e-11,0
4915,5.3942508803921780e-10,7.8768798345826840e-05,7.8747365792169948e-05,2.1432553656892841e-08,2.6529176683899353e-11,0
4916,-2.0262243606487661e-11,2.5723482938999620e-06,2.5738325877522127e-06,-1.4842938522506629e-09,1.8923328538669491e-11,0
4917,-1.0587887371397499e-11,1.1205419667124341e-04,1.1207378158820219e-04,-1.9584916958781699e-08,8.6532491285729542e-11,0
4918,-5.7027521784626252e-10,3.5857559567097769e-05,3.5895041723834878e-05,-3.7482156737109380e-08,8.5910611293830103e-11,0
4919,-5.5968733064442483e-10,-7.6196388837549561e-05,-7.6175683008106569e-05,-2.0705829442991814e-08,2.5896722350527020e-11,0
4920,-2.3371999101431554e-12,1.7825631379952533e-04,1.7825908795353831e-04,-2.7741540129801959e-09,1.3956474223122438e-11,0
4921,7.8424306543472458e-12,1.4114520665365433e-04,1.4114683584072102e-04,-1.6291870666939028e-09,9.0643921079112227e-12,0
4922,1.0179630532441795e-11,-3.7111104305241789e-05,-3.7112850999987905e-05,1.7466947461162747e-09,8.7020853021237408e-12,0
4923,-7.0114393263010916e-11,-5.8574571316694947e-06,-5.8761573507906691e-06,1.8700219121174392e-08,3.3525550970555126e-11,0
4924,-6.7687473737009909e-11,-7.5941528653762636e-06,-7.6117913481562565e-06,1.7638482779992927e-08,2.1331110316802804e-11,0
4925,6.1498279993112852e-11,8.8983518542118693e-05,8.8985288640003598e-05,-1.7700978849046140e-09,2.2674134056821705e-11,0
4926,2.4269195303898423e-12,-1.7366999867055196e-06,-1.7403826225938113e-06,3.6826358882917832e-09,1.7334797932579914e-11,0
4927,1.3161267331745608e-10,9.4840972397463013e-05,9.4849198253756849e-05,-8.2258562938356938e-09,2.2083731679040870e-11,0
4928,1.2918575379221966e-10,9.6577660356816138e-05,9.6589192651792800e-05,-1.1532294976661448e-08,1.3617534765412914e-11,0
4929,1.9923032250547164e-09,1.0301572896082023e-05,1.0262287495874107e-05,3.9285400207916273e-08,1.0840200341725161e-11,0
4930,1.0794486438171848e-09,-4.3535579054999191e-05,-4.3529323755330660e-05,-6.2552996685309161e-09,3.6871923810193726e-12,0
4931,1.5116065279831049e-09,1.2828824004300007e-05,1.2826286481642190e-05,2.5375226578175716e-09,8.3907855207554809e-12,0
4932,-9.1285458264845152e-10,-5.3837149649603629e-05,-5.3788536251967738e-05,-4.8613397635890554e-08,1.1265944204399439e-11,0
4933,-4.8069669957610591e-10,2.5272759618093915e-06,2.5681440697274578e-06,-4.0868107918066331e-08,1.5762309812453260e-11,0
4934,4.3215788354954859e-10,5.6364390730544427e-05,5.6355705176562310e-05,8.6855539821169368e-09,9.5112097943754611e-12,0
4935,-1.6627889263972838e-12,-1.7419649279653956e-06,-1.7403967985911487e-06,-1.5681293742469189e-09,1.1152646229974590e-11,0
4936,-1.5041817259885220e-10,-1.7883657437769637e-04,-1.7882052743495587e-04,-1.6046942740501361e-08,1.6458834127562747e-11,0
4937,-3.3600863478905831e-11,-5.7404826926156505e-07,-5.6267981638730770e-07,-1.1368452874257352e-08,1.9095634977966317e-11,0
4938,7.5288962196253965e-11,-1.7221675855691497e-05,-1.7227004294550799e-05,5.3284388593011678e-09,5.8222359981487232e-11,0
4939,1.3905553289691379e-10,9.4868958096266075e-05,9.4849510835376806e-05,1.9447260889268649e-08,2.7559003239325468e-11,0
4940,-1.4875538367555310e-10,-1.7709461555686246e-04,-1.7708266920079827e-04,-1.1946356064188859e-08,1.2503840481777105e-11,0
4941,-3.1938074554484770e-11,1.1679388141039825e-06,1.1728683508452681e-06,-4.9295367412856908e-09,1.4221709252718716e-11,0
4942,7.6951751118837393e-11,-1.5479721385096290e-05,-1.5486324635781016e-05,6.6032506847259794e-09,4.1225673207271027e-11,0
4943,1.4071832181993592e-10,9.6610926477495862e-05,9.6589516050183386e-05,2.1410427312475687e-08,1.1959182391841456e-11,0
4944,1.1681730901702434e-10,1.7826255082631619e-04,1.7825983133423605e-04,2.7194920801496165e-09,1.2592778459652039e-11,0
4945,2.8947370587764493e-10,2.7370552739164160e-04,2.7367123334210737e-04,3.4294049534226798e-08,2.3549454815813377e-11,0
4946,1.7265639652710775e-10,9.5443040504456303e-05,9.5414763034819836e-05,2.8277469636467031e-08,2.9644615412006018e-11,0
4947,-2.2570713469948456e-10,-1.6161488331234083e-04,-1.6159868263510924e-04,-1.6200677231594657e-08,6.6650031194352052e-11,0
4948,-1.0888982555244682e-10,1.6647762882921607e-05,1.6661089036893196e-05,-1.3326153971588979e-08,9.3141801454457203e-11,0
4949,6.3766570699903030e-11,1.1209054871088447e-04,1.1207509568452825e-04,1.5453026356221150e-08,1.0504539649632466e-10,0
4950,1.8615513434500297e-10,2.2094765170874858e-06,2.1732845664820864e-06,3.6191950605399423e-08,3.1324008334413097e-11,0
4951,2.2253865593160513e-10,4.8013096503023850e-06,4.7492742003833790e-06,5.2035449919006015e-08,3.1456011852885836e-11,0
4952,3.6383521708370759e-11,2.5918000863798824e-06,2.5745640434844313e-06,1.7236042895451154e-08,3.7817383538317226e-11,0
4953,1.5811708855364591e-10,9.6594384220065246e-05,9.6589862039803614e-05,4.5221802616316528e-09,1.2671128537907912e-11,0
4954,-7.4085777277405744e-12,-3.5942415425335586e-05,-3.5937758128803779e-05,-4.6572965318073347e-09,9.2684513427592682e-12,0
4955,-1.6552566602868591e-10,-1.3253684135902579e-04,-1.3253008504261133e-04,-6.7563164144574753e-09,1.4004388968815595e-11,0
4956,-6.0088038368430841e-13,-1.7392415317142031e-06,-1.7403336032458311e-06,1.0920715316279609e-09,1.3768236431943519e-11,0
4957,-3.4848239845352702e-10,-1.7884707727457150e-04,-1.7882218370313430e-04,-2.4893571437192711e-08,1.3931997670756298e-11,0
4958,-2.5852861335944692e-10,-5.8951379181340635e-07,-5.6548382195895691e-07,-2.4029969854449440e-08,1.7943949650193110e-11,0
4959,6.4465426596904795e-11,-1.7227011027670181e-05,-1.7227088860678099e-05,7.7833007918658376e-11,5.7987656480600720e-11,0
4960,1.3814236467066715e-10,9.4861601638054384e-05,9.4849801069200529e-05,1.1800568853854933e-08,1.7763459803214055e-11,0
4961,-3.4788151806566744e-10,-1.7710779294671623e-04,-1.7708440017226421e-04,-2.3392774452024112e-08,1.2200121265711591e-11,0
4962,-2.5792773296915631e-10,1.1497050947419096e-06,1.1699654547877365e-06,-2.0260360045826845e-08,1.5759664340222354e-11,0
4963,6.5066306980686414e-11,-1.5487788459571134e-05,-1.5486469591794016e-05,-1.3188677771182463e-09,5.3799541756374544e-11,0
4965,8.9953784676823473e-11,1.7825751032106885e-04,1.7825868440204173e-04,-1.1740809728784125e-09,1.2762564343671325e-11,0
4966,4.8662476387657990e-10,2.7370865953183637e-04,2.7367316074725171e-04,3.5498784584661689e-08,1.3760969145285363e-11,0
4967,3.9667097908764668e-10,9.5451112526743001e-05,9.5417841398238529e-05,3.3271128504472119e-08,1.1604353885438893e-11,0
4968,-4.1294782505981662e-10,-1.6162011750887710e-04,-1.6160025844600258e-04,-1.9859062874521237e-08,6.0370344464678673e-11,0
4969,-3.2299403997125397e-10,1.6637542829951030e-05,1.6658392930872700e-05,-2.0850100921670020e-08,4.3911481752290215e-11,0
4970,7.3676938075254838e-11,1.1208849464949431e-04,1.1207547991453011e-04,1.3014734964199629e-08,6.0820693095960017e-11,0
4971,2.1541236813404628e-10,-4.3542206838615826e-05,-4.3540230299417286e-05,-1.9765391985401425e-09,1.1849615910629782e-11,0
4972,1.2512791167978672e-10,2.1677451964964914e-06,2.1725378351778474e-06,-4.7926386813559687e-09,2.9048766447754712e-11,0
4973,3.5075345995603298e-10,4.7419115113602611e-06,4.7508655195558430e-06,-8.9540081955818840e-09,1.9282311116990202e-11,0
4974,2.2562554820013947e-10,2.5740976608575159e-06,2.5769219467608618e-06,-2.8242859033459219e-09,2.1393732684774076e-11,0
4975,2.8770235228633541e-10,-4.3539811222986780e-05,-4.3539390959515417e-05,-4.2026347136234817e-10,7.1033037605705378e-12,0
4976,-2.9278267239750045e-09,-5.8780143309695304e-06,-5.9115972531104509e-06,3.3582922140920526e-08,2.3129106405315097e-11,0
4977,-1.0921481815992565e-09,1.0241140408653046e-05,1.0223756368271411e-05,1.7384040381635517e-08,3.1386852076740369e-11,0
4978,-3.5452110449437550e-09,-1.8470538684465989e-04,-1.8473030690266583e-04,2.4920058005936099e-08,1.9255126600239121e-11,0
4979,-2.5200395226312692e-09,8.8969601512105256e-05,8.8953718929913513e-05,1.5882582191743540e-08,1.4518482563865554e-11,0
4980,-2.7279276848090896e-09,-4.3560912161438176e-05,-4.3576872066423805e-05,1.5959904985629310e-08,1.0226325504907868e-11,0
4981,-3.8453276407473632e-10,1.2815171451109825e-05,1.2802611950518830e-05,1.2559500590994939e-08,2.8867220357553952e-11,0
4982,1.8356785471679255e-09,1.6119169583379660e-05,1.6127049250605543e-05,-7.8796672258837799e-09,1.7296598167208737e-11,0
4983,-6.1738432895081677e-10,-1.7882738110770513e-04,-1.7882482471788647e-04,-2.5563898186622882e-09,1.0676491640908310e-11,0
4984,4.0778720168314999e-10,9.4847625409529186e-05,9.4853406575767731e-05,-5.7811662385444731e-09,1.1882980570904027e-11,0
4985,1.9989903032795222e-10,-3.7682888767459405e-05,-3.7677354484803448e-05,-5.5342826559565475e-09,5.9918118336227560e-12,0
4986,2.5432939646122450e-09,1.8693138062993511e-05,1.8711857387676065e-05,-1.8719324682554112e-08,2.0685193399271770e-11,0
4987,-2.4530628645372479e-09,-1.9494652004592699e-04,-1.9494772020920478e-04,1.2001632777869364e-09,2.1846968356616198e-11,0
4988,-1.4278913414483849e-09,7.8728478066813698e-05,7.8723688548636278e-05,4.7895181774201866e-09,2.0950283365448890e-11,0
4989,-1.6357795044806545e-09,-5.3802011469967700e-05,-5.3797956986041627e-05,-4.0544839260736642e-09,1.2604414268086077e-11,0
4990,7.0761541749695969e-10,2.5739814409831340e-06,2.5829112638842107e-06,-8.9298229010766179e-09,2.6226777588181858e-11,0
4991,1.0251715305204760e-09,2.7367498903728676e-04,2.7367939070800006e-04,-4.4016707133006684e-09,1.2611210446205441e-11,0
4992,8.1728335932093897e-10,1.4114449278612566e-04,1.4115451381750539e-04,-1.0021031379730443e-08,5.4851988643379596e-12,0
4993,3.1606782934204120e-09,1.9752047799087742e-04,1.9752852730554410e-04,-8.0493146666798555e-09,2.1911580991660811e-11,0
4994,-2.0788817642181101e-10,-1.3253051479685278e-04,-1.3253109315907366e-04,5.7836222088132085e-10,8.1041749908803493e-12,0
4995,2.1355067653173935e-09,-7.6154471363738124e-05,-7.6142786462223325e-05,-1.1684901514799097e-08,2.1267041839975273e-11,0
4996,2.3433949368169029e-09,5.6376023802926986e-05,5.6379748238547751e-05,-3.7244356207644840e-09,1.4064240533577148e-11,0
4997,1.1385366184283453e-10,-1.5652186610045672e-05,-1.5676904937791697e-05,2.4718327746025160e-08,3.7154493401057859e-11,0
4998,-2.5552447548438334e-12,-1.7430995110854952e-06,-1.7402751799819151e-06,-2.8243311035801211e-09,5.6293876518513138e-12,0
4999,1.8375189142686162e-10,1.6170206844176582e-05,1.6106663488930536e-05,6.3543355246046282e-08,2.1685913185723206e-11,0
5000,2.7016064589249502e-11,-1.7882174844236192e-04,-1.7881620504632737e-04,-5.5433960345467343e-09,7.8237226075555747e-12,0
5001,1.8189890142875498e-10,-5.3243860357980732e-07,-5.6004592987680509e-07,2.7607326296997765e-08,1.4682823064978122e-11,0
5002,8.7205527966749878e-11,-1.7224155787122063e-05,-1.7226724790942993e-05,2.5690038209291775e-09,2.8794703347364400e-11,0
5003,1.4657541684522317e-10,9.4856470409921019e-05,9.4850403929906221e-05,6.0664800147978678e-09,6.7110054285337995e-12,0
5004,1.8630713618364309e-10,1.7913315661940640e-05,1.7848353784607471e-05,6.4961877333169293e-08,1.7144856933682107e-11,0
5005,2.9571309341366764e-11,-1.7707862794512363e-04,-1.7707849895379777e-04,-1.2899132586716155e-10,6.2714788372789222e-12,0
5006,1.8445414618278628e-10,1.2107015942650762e-06,1.1752859429632883e-06,3.5415651301787922e-08,8.6502735344616643e-12,0
5009,-1.5673582624015222e-10,-1.9499197779733989e-04,-1.9491875765922470e-04,-7.3220138115185881e-08,2.5875233891561097e-11,0
5010,-1.8529893602979852e-12,-1.6702684639377258e-05,-1.6657239107218908e-05,-4.5445532158350287e-08,4.5984693152128202e-11,0
5011,-9.6546363423472652e-11,-3.3394435694746732e-05,-3.3332694576762674e-05,-6.1741117984058047e-08,8.1534082004153693e-11,0
5012,-3.7176474596153767e-11,7.8686268832818540e-05,7.8741103477128664e-05,-5.4834644310123941e-08,2.0384135865008781e-11,0
5013,1.5488283685361820e-10,1.7828929475673019e-04,1.7825814496779416e-04,3.1149788936029200e-08,1.1274075281982538e-11,0
5014,1.1955935206512092e-10,2.7367822836963014e-04,2.7366775339655766e-04,1.0474973072477963e-08,6.9602393971972240e-12,0
5015,-3.5323485174302260e-11,9.5388913534871084e-05,9.5412980134252189e-05,-2.4066599381105508e-08,1.2434154511880857e-11,0
5016,-6.0189463258418921e-11,-1.6159768248832267e-04,-1.6159465064814681e-04,-3.0318401758610853e-09,4.6541067325694783e-11,0
5017,9.4693373590610098e-11,1.6691614401688482e-05,1.6663505308061418e-05,2.8109093627063199e-08,7.5036988918957878e-11,0
5018,5.9369888865583375e-11,1.1208063984285673e-04,1.1207573428718605e-04,4.9055556706735720e-09,3.2014528055530913e-11,0
5019,2.6952294788330858e-10,-8.0426208080870004e-06,-8.0697212215471687e-06,2.7100413460168265e-08,3.9598269671406296e-11,0
5020,-2.9529602560201986e-11,5.6355824295090530e-05,5.6350478688856017e-05,5.3456062345123216e-09,1.3235480518365241e-11,0
5021,5.9992075645669275e-11,2.1649304534805680e-06,2.1717619459317918e-06,-6.8314924512237433e-09,1.2780507809754806e-11,0
5022,2.1739991291796471e-10,4.7571652074065475e-06,4.7492157288057982e-06,7.9494786007493041e-09,1.3132441245361088e-11,0
5023,1.5740783728730357e-10,2.5922472851689499e-06,2.5761107497370183e-06,1.6136535431931549e-08,5.7076087457646921e-12,0
5024,5.4469400107365737e-13,-1.7381505259814255e-06,-1.7401955036662812e-06,2.0449776848557166e-09,3.6485423218615760e-12,0
5025,-5.3900793014798599e-10,-1.7883123862419935e-04,-1.7882256519461298e-04,-8.6734295863641515e-09,1.0543780044280167e-11,0
5026,-3.5031443099838879e-10,-5.7627597872290937e-07,-5.6665817542661536e-07,-9.6178032962940049e-09,1.1165268225685153e-11,0
5027,8.1913174404097273e-11,-1.7228249124389729e-05,-1.7226749491777591e-05,-1.4996326121374185e-09,2.7925474188307649e-11,0
5028,2.0661987530812420e-10,9.4849246190275779e-05,9.4851397121046012e-05,-2.1509307702327228e-09,6.8506350127430121e-12,0
5029,-2.4855779122595492e-10,-3.7686937717536749e-05,-3.7683092556835099e-05,-3.8451607016501085e-09,5.8514725091683081e-12,0
5030,-5.3955262412777782e-10,-1.7709307127371666e-04,-1.7708494826346047e-04,-8.1230102561870299e-09,4.7264567178629364e-12,0
5031,-3.5085912495916064e-10,1.1618508501190505e-06,1.1685646004941294e-06,-6.7137503750788775e-09,5.6011938321411355e-12,0
5032,8.1368480407160361e-11,-1.5490118219455874e-05,-1.5486261374577046e-05,-3.8568448788286807e-09,1.5179457572006470e-11,0
5033,2.0607518130781658e-10,9.6587395407807166e-05,9.6591185053164806e-05,-3.7896453576396431e-09,3.0948566487795294e-12,0
5034,-2.4910248518740775e-10,-3.5948779240054483e-05,-3.5941134363281691e-05,-7.6448767727925080e-09,3.5132050139888387e-12,0
5035,1.8869349866708194e-10,1.7825492803818751e-04,1.7825789353418707e-04,-2.9654959995603896e-09,7.7907247583410095e-12,0
5036,7.4562780707206715e-10,2.7368045988981470e-04,2.7367509099601343e-04,5.3688938012725305e-09,8.5952071782932206e-12,0
5037,2.9045013828760649e-10,1.4114429556658808e-04,1.4114660872779314e-04,-2.3131612050613336e-09,5.0428770931089396e-12,0
5038,5.5693430844264569e-10,9.5425535268446431e-05,9.5420572485688674e-05,4.9627827577563557e-09,9.5768258123284474e-12,0
5039,1.0175663961781660e-10,-3.7110639547830089e-05,-3.7111791525287213e-05,1.1519774571240463e-09,4.0093980320917126e-12,0
5040,-6.2092110499435400e-10,-1.6160308759420247e-04,-1.6160098948218851e-04,-2.0981120139602471e-09,5.5701636156553779e-11,0
5041,-4.3222760596807888e-10,1.6651885214948557e-05,1.6656936995184449e-05,-5.0517802358920655e-09,5.5965317012271883e-11,0
5042,1.2470670090824505e-10,1.1207751510287288e-04,1.1207675995158533e-04,7.5515128754365200e-10,2.9544616163476639e-11,0
5043,-3.3047096623711861e-10,-2.0458728582323921e-05,-2.0458045011580166e-05,-6.8357074375438869e-10,3.1647938129089322e-11,0
5044,-4.5517766706127909e-10,-1.3253618001298016e-04,-1.3253473979084362e-04,-1.4402221365375847e-09,5.9330538110254728e-12,0
5045,1.2093167447918905e-10,-8.0795385957077755e-06,-8.0715112079418238e-06,-8.0273877659516686e-09,6.2886242631308952e-11,0
5046,-1.9013678512902103e-12,-1.7405542539537547e-06,-1.7402019979277673e-06,-3.5225602598745157e-10,9.6631167958751571e-12,0
5047,-7.5223083486028945e-11,-1.7882567986035906e-04,-1.7881643230812096e-04,-9.2475522381005055e-09,2.8263632686346729e-11,0
5048,1.2713422947885538e-10,-5.6817200399465057e-07,-5.6074404006731294e-07,-7.4279639273376299e-09,2.4548579429722172e-11,0
5049,9.4430259771859295e-11,-1.7225931255428944e-05,-1.7226570594226694e-05,6.3933879775068293e-10,7.9054618532280053e-11,0
5050,1.7916617365276190e-10,9.4852164856050122e-05,9.4851200365589955e-05,9.6449046016781285e-10,1.7733634302167847e-11,0
5051,-7.3321715633855398e-11,-1.7708509083171758e-04,-1.7707881436696094e-04,-6.2764647566456496e-09,1.4969342657976517e-11,0
5052,1.2903559733077904e-10,1.1724076120593618e-06,1.1744682191489503e-06,-2.0606070895884363e-09,1.8138331131414301e-11,0
5053,9.6331627621245851e-11,-1.5485587906598219e-05,-1.5486074645787914e-05,4.8673918969440746e-10,5.7394499924093210e-11,0
5054,1.8106754149946876e-10,9.6592709495999440e-05,9.6590992600389166e-05,1.7168956102740079e-09,8.6264160841810005e-12,0
5055,2.0235731296008443e-10,1.7825754954971240e-04,1.7825767516678974e-04,-1.2561707734117314e-10,2.4448311823566093e-11,0
5056,2.5438925729394408e-10,2.7367781960418308e-04,2.7366875225319877e-04,9.0673509843064784e-09,2.9932168947416476e-11,0
5060,8.4735913876419930e-11,1.1207815172722827e-04,1.1207638879258686e-04,1.7629346414090681e-09,1.0544705701025305e-10,0
5061,1.6433622558274904e-10,9.6589620021678754e-05,9.6590893140548764e-05,-1.2731188700108257e-09,9.3624752217664350e-12,0
5062,-2.6039475517266584e-10,-3.5953723752332398e-05,-3.5941391828579335e-05,-1.2331923753062840e-08,2.3823058607532675e-11,0
5063,-4.2473098081402530e-10,-1.3254348488295382e-04,-1.3253469155158468e-04,-8.7933313691482620e-09,6.7674861183321272e-11,0
5064,1.4448747012809149e-10,2.1731241531145005e-06,2.1728258716306534e-06,2.9828148384706431e-10,2.6768879102211436e-11,0
5065,2.3798925679464083e-10,4.7491708825477680e-06,4.7494730774767140e-06,-3.0219492894604990e-10,2.4109208779362600e-11,0
5066,9.3501786682795652e-11,2.5761329143108615e-06,2.5753357419191105e-06,7.9717239175100999e-10,2.0332910124944622e-11,0
5067,-1.6817846197985098e-10,-5.8514811690506437e-06,-5.8773734917503648e-06,2.5892322699721141e-08,3.6306940147078865e-11,0
5068,-1.0210611693413657e-09,-1.8470217176207171e-04,-1.8469707015647592e-04,-5.1016055957876869e-09,3.2789142739486323e-11,0
5069,-8.5288270720776895e-10,-1.7885060904162392e-04,-1.7882547955627452e-04,-2.5129485349404583e-08,2.7262011958820076e-11,0
5070,1.9792723780722959e-10,9.6591903428672188e-05,9.6591438973619686e-05,4.6445505250223163e-10,1.7430238216404623e-11,0
5071,4.3698743467859919e-10,-3.5932182457395351e-05,-3.5932810490500283e-05,6.2803310493212035e-10,1.5394037729775277e-11,0
5072,2.3906019695611996e-10,-1.3252408058032732e-04,-1.3252664814862949e-04,2.5675683021754783e-09,2.2722708684614321e-11,0
5073,1.4919657751142522e-10,2.1718704279357053e-06,2.1728963554089674e-06,-1.0259274732620820e-09,2.8165268585896413e-11,0
5074,2.5325977906451556e-10,4.7464650615061492e-06,4.7496639674823275e-06,-3.1989059761783407e-09,2.4165857883617748e-11,0
5075,1.0406320154007931e-10,2.5746247748980287e-06,2.5754799064175088e-06,-8.5513151948005440e-10,1.6444532713495907e-11,0
5076,3.0957202711488165e-10,-6.4152893461989768e-06,-6.4276764807260772e-06,1.2387134527100345e-08,3.5814996963945142e-11,0
5077,8.3468734512989553e-11,1.4114249840984676e-04,1.4114241061217878e-04,8.7797667980239399e-11,1.1444946841567849e-11,0
5078,-2.1646385429863856e-12,-1.7433487344708257e-06,-1.7401269016930923e-06,-3.2218327777333967e-09,3.5116142755209876e-11,0
5079,-3.2439222591542128e-10,1.1207290262129038e-04,1.1207177027242267e-04,1.1323488677072264e-09,9.4021771217800788e-11,0
5080,-1.8751531222529945e-12,-1.7420131615357452e-06,-1.7401047472709731e-06,-1.9084142647720827e-09,1.4732932030388961e-11,0
5081,8.4176361688583541e-11,-3.7678036319466288e-05,-3.7679230962410109e-05,1.1946429438207851e-09,2.4001761270028493e-11,0
5082,8.6051514810723477e-11,-3.5936049625946015e-05,-3.5937288073494236e-05,1.2384475482212247e-09,1.3477101484896983e-11,0
5083,5.8103705592425088e-10,-1.8466769364661358e-04,-1.8467638033373610e-04,8.6866871225191929e-09,2.2827060772957776e-11,0
5084,2.7688798267922064e-10,-6.4299164840575518e-06,-6.4281613012111186e-06,-1.7551828464332247e-09,2.2548252092226413e-11,0
5085,-3.0414907374578077e-10,1.7823780666068045e-04,1.7824980748714473e-04,-1.2000826464275997e-08,1.7923322387990536e-11,0
5086,-3.6291127420195133e-11,1.1207417139570122e-04,1.1207547688220846e-04,-1.3054865072406911e-09,9.6593818449352406e-11,0
5087,1.7719496447167778e-10,2.1935274092249601e-06,2.1732558817570759e-06,2.0271527467884260e-08,2.6774322117537579e-11,0
5088,2.2172098544125157e-10,4.7764910113389653e-06,4.7492743796673043e-06,2.7216631671660926e-08,2.0830842806908463e-11,0
5089,4.4526021081072208e-11,2.5829695257299865e-06,2.5747549844684148e-06,8.2145412615717154e-09,2.9051358300255713e-11,0
5090,-2.7788149660896754e-10,-1.8468585320475378e-04,-1.8468679218425362e-04,9.3897949983955120e-10,2.9676412983510760e-11,0
5091,-3.7182482563305621e-10,-6.4375881052925257e-06,-6.4362563375696178e-06,-1.3317677229079220e-09,2.2988259780828251e-11,0
5094,-1.1609987760887257e-10,1.4112178857998876e-04,1.4113886703656010e-04,-1.7078456571341513e-08,1.5052191027048936e-11,0
5095,1.5786927191705140e-10,-6.4095819103417162e-06,-6.4297540438765979e-06,2.0172133534881675e-08,3.2260109084647407e-11,0
5096,-1.1818313439401287e-10,-3.3340164182937837e-05,-3.3333167810554285e-05,-6.9963723835518360e-09,6.9956090507607449e-11,0
5097,2.0371131603679586e-10,2.6218537230882771e-06,2.5767420060468756e-06,4.5111717041401534e-08,3.6662121485218198e-11,0
5098,3.2189445064877981e-10,3.5962273231476133e-05,3.5907158691408823e-05,5.5114540067309817e-08,1.0287139393194323e-10,0
5099,1.7719376312384412e-11,1.7824228573634074e-04,1.7825272786598097e-04,-1.0442129640239779e-08,5.5244609768561430e-12,0
5100,2.8572093307792938e-11,1.4112909593115650e-04,1.4114017181404595e-04,-1.1075882889446595e-08,3.4320802346113150e-12,0
5101,1.0852716974824835e-11,-3.7113191921656270e-05,-3.7112984004361655e-05,-2.0791729461440509e-10,3.8083838298515372e-12,0
5102,-3.0459807544592022e-12,-1.7433056818271544e-06,-1.7400522401349216e-06,-3.2534416922328266e-09,1.6768062603722349e-11,0
5103,1.4136372802398749e-10,9.4855802485973098e-05,9.4851719869567348e-05,4.0826164057500974e-09,3.1229454999818467e-11,0
5104,1.4440970878070889e-10,9.6599093757786421e-05,9.6591347274963557e-05,7.7464828228634942e-09,1.4808669933616003e-11,0
5105,1.8205231093936203e-10,-8.0753282388733305e-06,-8.0705808231644081e-06,-4.7474157089224048e-09,7.6803889540734892e-11,0
5106,-2.6559857442470790e-12,-1.7429168679598147e-06,-1.7400159418916563e-06,-2.9009260681583890e-09,4.5231310882332804e-12,0
5107,1.7616407318351132e-10,1.6143333589322545e-05,1.6107236530827280e-05,3.6097058495264910e-08,1.6702857074708610e-11,0
5108,7.0270917981893152e-11,-1.7881655460919889e-04,-1.7881150287087742e-04,-5.0517383214695576e-09,8.6883834949625769e-12,0
5109,2.3442603695612245e-10,-5.3001637633637300e-07,-5.5947035757689153e-07,2.9453981240518530e-08,1.1556299525784494e-11,0
5110,8.7740563780575778e-11,-1.7224286424573874e-05,-1.7226459564715131e-05,2.1731401412564361e-09,3.7778995576142754e-11,0
5111,1.4556367335079353e-10,9.4856682150554726e-05,9.4851961607173152e-05,4.7205433815745946e-09,7.2561596644480138e-12,0
5112,1.7882005893043669e-10,1.7886227613164371e-05,1.7848668704608020e-05,3.7558908556351446e-08,9.4413076422215592e-12,0
5113,7.2926903725940933e-11,-1.7707363184104718e-04,-1.7707411593865296e-04,4.8409760577895929e-10,4.9263998651445384e-12,0
5114,2.3708202269956708e-10,1.2128599649538496e-06,1.1754164114599996e-06,3.7443553493850034e-08,6.7104784921723214e-12,0
5115,9.0396549526051014e-11,-1.5481441215284275e-05,-1.5486138713485980e-05,4.6974982017049737e-09,2.1825431798371811e-11,0
5116,1.4821965909751043e-10,9.6599595712074451e-05,9.6591549822157744e-05,8.0458899167078516e-09,3.9285655803402372e-12,0
5117,-1.0589315466359343e-10,-1.9495983894404854e-04,-1.9491491291968231e-04,-4.4926024366225437e-08,1.7693758424733997e-11,0
5118,5.8261964327001774e-11,-1.6673327678540261e-05,-1.6657425754442562e-05,-1.5901924097699237e-08,2.5347360776377269e-11,0
5119,-8.8423509374160706e-11,-3.3367470846718678e-05,-3.3332836415872678e-05,-3.4634430845999794e-08,7.1683505010010183e-11,0
5120,-3.0600399859122134e-11,7.8713380650290155e-05,7.8742299089453480e-05,-2.8918439163325236e-08,1.4293903286212185e-11,0
5121,1.6415511897795448e-10,1.7828650870253815e-04,1.7825402255736025e-04,3.2486145177894853e-08,8.8233196787518209e-12,0
5122,7.5292755134708366e-11,2.7367323226050835e-04,2.7366450946041500e-04,8.7228000933414762e-09,7.4533741165396316e-12,0
5123,-8.8862364202368869e-11,9.5386715865852963e-05,9.5413879572453828e-05,-2.7163706600865463e-08,1.0081493763012433e-11,0
5124,-1.7469645692738858e-11,-1.6159227625941628e-04,-1.6159023509378797e-04,-2.0411656283106979e-09,4.5348742810846039e-11,0
5125,1.4668547328761595e-10,1.6694319022129284e-05,1.6663937152009338e-05,3.0381870119945204e-08,7.2515438969805642e-11,0
5126,5.7823109558947381e-11,1.1208097205457146e-04,1.1207707584079441e-04,3.8962137770525698e-09,3.5006693445706053e-11,0
5127,2.2255238388108978e-09,5.6383133808367292e-05,5.6379336791521297e-05,3.7970168459945338e-09,1.3471247851438465e-11,0
5128,-3.4925897103874471e-11,-1.3943758189388644e-05,-1.3938655616175852e-05,-5.1025732127925457e-09,3.6309256033835831e-12,0
5129,-3.8373106643697802e-11,-1.5686564925872573e-05,-1.5679600958243946e-05,-6.9639676286267142e-09,3.6300965248740856e-12,0
5130,4.5202601406484933e-11,2.1649252432698329e-06,2.1716496577934011e-06,-6.7244145235681319e-09,1.3165504133404858e-11,0
5131,2.0795225820903884e-10,-1.9272938306716305e-04,-1.9274085665041689e-04,1.1473583253840750e-08,5.7326798576103436e-12,0
5132,5.9346026140803331e-11,-3.1168842900788918e-05,-3.1157486283845365e-05,-1.1356616943552957e-08,1.9431347331500282e-11,0
5133,1.0774002879669730e-10,8.0910251725967337e-05,8.0914632879439601e-05,-4.3811534722641102e-09,4.3067293859353097e-12,0
5134,2.0661925970897725e-10,4.7517472132208721e-06,4.7490909362072666e-06,2.6562770136055657e-09,5.2599229030574144e-12,0
5135,-3.4472095442658709e-12,-1.7428129776188436e-06,-1.7399993733014372e-06,-2.8136043174063343e-09,1.7654710682062870e-12,0
5136,8.0128498503340745e-11,1.6108692688520179e-05,1.6106113111261109e-05,2.5795772590706532e-09,8.2243201466808113e-12,0
5137,2.4287815519443578e-10,-1.7878560915457996e-04,-1.7880894039553621e-04,2.3331240956250311e-08,3.2299465238821151e-12,0
5138,9.4271923340856192e-11,-1.7225077826155729e-05,-1.7226352377214346e-05,1.2745510586172233e-09,1.0990659260842989e-11,0
5139,1.4266592604878543e-10,9.4854021434356145e-05,9.4852084695753875e-05,1.9367386022700736e-09,2.3088196297646193e-12,0
5140,2.4154515685550651e-10,1.8695525541083738e-05,1.8684175293778271e-05,1.1350247305466393e-08,3.7620637190461841e-12,0
5141,8.3575708046338866e-11,1.7851509895746437e-05,1.7847528829494488e-05,3.9810662519491186e-09,3.6203551943388411e-12,0
5142,2.4632536473681279e-10,-1.7704280023860160e-04,-1.7707157610054344e-04,2.8775861941838848e-08,2.1817436149475277e-12,0
5143,9.7719132884511276e-11,-1.5482358621261415e-05,-1.5486046615133869e-05,3.6879938724537038e-09,9.8335587945599652e-12,0
5144,1.4611313559415684e-10,9.6596832455659101e-05,9.6591653917038137e-05,5.1785386209643415e-09,1.6620786195181490e-12,0
5145,2.4499236640063881e-10,2.0438321055991915e-05,2.0422105043489869e-05,1.6216012502045753e-08,3.6691772082569988e-12,0
5146,1.6274965674762237e-10,-1.9489431383829491e-04,-1.9491125582687493e-04,1.6941988580028737e-08,8.4546394433108086e-12,0
5147,1.4143424785000183e-11,-3.3333764345271077e-05,-3.3331588999477795e-05,-2.1753457932823395e-09,4.6062448912846291e-11,0
5148,6.2537427466228790e-11,7.8745313858283837e-05,7.8743566964358100e-05,1.7468939257376387e-09,6.6082188575010754e-12,0
5149,1.6141665832757934e-10,2.5868008654275285e-06,2.5762380827743235e-06,1.0562782653204959e-08,1.1669768823155171e-11,0
5150,-1.0021222955298555e-10,2.7363963210831274e-04,2.7366206000304136e-04,-2.2427894728622565e-08,2.7203756517629142e-12,0
5151,-1.3329985868291958e-12,1.9748112164858726e-04,1.9748552630857147e-04,-4.4046599842137175e-09,5.5274161515596657e-12,0
5152,1.4860623190128164e-10,-1.6156055267549201e-04,-1.6158778197271985e-04,2.7229297227843608e-08,2.1038576472533589e-11,0
5153,4.8394002696438807e-11,1.1207912501117910e-04,1.1207709671475272e-04,2.0282964263772067e-09,1.2732912728523261e-11,0
5154,1.4727323352943147e-10,3.5920512003035504e-05,3.5905157601588961e-05,1.5354401446543030e-08,2.3776697366073653e-11,0
5155,9.8879230844956524e-11,-7.6158502607575132e-05,-7.6169065779498597e-05,1.0563171923464831e-08,4.1969206588695025e-12,0
5157,1.9677890823837694e-13,-1.7379305181999555e-06,-1.7399033746499125e-06,1.9728564499569720e-09,3.6510237666255222e-12,0
5158,-4.7982555479679702e-10,-1.7882742653123687e-04,-1.7881709047675169e-04,-1.0336054485178200e-08,1.0354129902653278e-11,0
5159,-2.6986756112498792e-10,-5.7746602277232439e-07,-5.6574682561252792e-07,-1.1719197159796472e-08,1.0936900433191881e-11,0
5160,8.8994848534311773e-11,-1.7228217500591964e-05,-1.7226367382974463e-05,-1.8501176175015580e-09,2.7948454196877513e-11,0
5161,2.1532594506678586e-10,9.4850735507485484e-05,9.4853292058868837e-05,-2.5565513833529507e-09,6.9947807847291225e-12,0
5162,-1.6134284293882327e-10,-3.7688162036033160e-05,-3.7682660978925499e-05,-5.5010571076605469e-09,5.9685520351270301e-12,0
5163,-4.8002233367898721e-10,-1.7708950878960079e-04,-1.7707983386816391e-04,-9.6749214368869584e-09,4.4402581671780404e-12,0
5164,-2.7006433999444263e-10,1.1604689781809924e-06,1.1689722996965283e-06,-8.5033215155358896e-09,5.4968456062905141e-12,0
5165,8.8798069619363914e-11,-1.5490339474546946e-05,-1.5486154770250713e-05,-4.1847042962322957e-09,1.5600752611960526e-11,0
5166,2.1512916615120133e-10,9.6588660539536795e-05,9.6592760610919015e-05,-4.1000713822198420e-09,3.0956281344263410e-12,0
5167,-1.6153962180706110e-10,-3.5950227150815389e-05,-3.5940809703519048e-05,-9.4174472963409793e-09,3.3796935244622487e-12,0
5168,2.0995799317294311e-10,1.7824997066283354e-04,1.7825333493759544e-04,-3.3642747619049094e-09,7.7058554876735390e-12,0
5169,6.9515150177748384e-10,2.7367814835481223e-04,2.7367139805214974e-04,6.7503026624881994e-09,8.2955920066941899e-12,0
5170,3.1848271119743673e-10,1.4113926893085152e-04,1.4114190619705743e-04,-2.6372662059010680e-09,4.9325953855765768e-12,0
5171,4.8519350873852380e-10,9.5428191348196668e-05,9.5421461996070909e-05,6.7293521257590213e-09,9.6540535868863286e-12,0
5172,1.0852471801980831e-10,-3.7110694700091644e-05,-3.7111810732155466e-05,1.1160320638218201e-09,4.1775157282484886e-12,0
5173,-5.6882040378848806e-10,-1.6159920326619306e-04,-1.6159592122122303e-04,-3.2820449700273358e-09,4.8781384137112026e-11,0
5174,-3.5886241023890266e-10,1.6650625676402180e-05,1.6657604504970928e-05,-6.9788285687487003e-09,6.5318475395440457e-11,0
5175,1.2633109653640138e-10,1.1207890711163168e-04,1.1207832866102336e-04,5.7845060832213344e-10,3.0688493811290779e-11,0
5176,-2.5033769208710669e-10,-2.0459890472627508e-05,-2.0457771953733406e-05,-2.1185188941017137e-09,3.2619508779621411e-11,0
5177,-3.7666878853326225e-10,-1.3253889942189956e-04,-1.3253590127702217e-04,-2.9981448773836773e-09,6.0774887532927421e-12,0
5178,1.7992727026382047e-10,-8.0772951596757778e-06,-8.0705029070337887e-06,-6.7922526419890742e-09,5.4054258382793538e-11,0
5179,-2.0311054648048326e-12,-1.7402781046489630e-06,-1.7399069677702729e-06,-3.7113687869010302e-10,8.7446295494467525e-12,0
5180,-2.1097134328510328e-11,-1.7882061098263395e-04,-1.7881101717240450e-04,-9.5938102294553743e-09,2.3756192539170647e-11,0
5181,1.9302887376857796e-10,-5.6800309603194724e-07,-5.6001321648768792e-07,-7.9898795442593181e-09,2.2955070142917175e-11,0
5182,9.5214659889704786e-11,-1.7225772195966131e-05,-1.7226266387037704e-05,4.9419107157262538e-10,7.9053873274908921e-11,0
5183,1.7808568702365582e-10,9.4853732464708239e-05,9.4852975113455252e-05,7.5735125298675900e-10,2.0629209695522494e-11,0
5184,-1.9066028863299118e-11,-1.7708034191723978e-04,-1.7707376249990331e-04,-6.5794173364705499e-09,1.1742998016737098e-11,0
5185,1.9505997923386933e-10,1.1722574511821397e-06,1.1746923515416353e-06,-2.4349003594955425e-09,1.5568096049300382e-11,0
5186,9.7245765351115569e-11,-1.5485640282478951e-05,-1.5486048833257903e-05,4.0855077895174375e-10,4.7253670953373759e-11,0
5187,1.8011679248367606e-10,9.6593980355854508e-05,9.6592445049081057e-05,1.5353067734519017e-09,8.4630844833979141e-12,0
5188,2.1412600809939315e-10,1.7825259330814074e-04,1.7825299562925406e-04,-4.0232111332737588e-10,1.5701189672181932e-11,0
5189,1.9918282149898445e-10,2.7367431001328220e-04,2.7366499862692146e-04,9.3113863607399705e-09,2.4427314444304473e-11,0
5190,-1.4943187042307910e-11,9.5421789112872749e-05,9.5415403813581132e-05,6.3852992916171251e-09,3.3859195200831847e-11,0
5194,1.6432233242670932e-10,9.6596736169084034e-05,9.6592347561807120e-05,4.3886072769138947e-09,1.9676754392850792e-11,0
5195,1.0952491194739655e-10,-3.5941565177044542e-05,-3.5937561006291150e-05,-4.0041707533917297e-09,1.3181407731386074e-11,0
5196,-5.4797420240760958e-11,-1.3253831428685931e-04,-1.3253222626919702e-04,-6.0880176622906974e-09,1.4925132696362039e-11,0
5197,5.8029686427538935e-11,2.5745900525645134e-06,2.5749854354150679e-06,-3.9538285055449392e-10,2.4972508975547788e-11,0
5198,-2.8138963071812218e-10,-5.8414984490749028e-06,-5.8787774793800761e-06,3.7279030305173268e-08,3.7424702557447263e-11,0
5199,-1.0818237451778477e-09,-1.8469842329000945e-04,-1.8469376731859841e-04,-4.6559714110419939e-09,3.0744278189062368e-11,0
5200,-8.0043411417236426e-10,-1.7885692021616696e-04,-1.7882007584699717e-04,-3.6844369169795931e-08,2.7300544168151630e-11,0
5201,4.9326155327092339e-10,-1.8466469968602024e-04,-1.8467390054278140e-04,9.2008567611611553e-09,2.3755063600674402e-11,0
5202,2.2536899272248954e-10,-6.4308897012432115e-06,-6.4295439685964927e-06,-1.3457326467187326e-09,2.2853565639473127e-11,0
5203,1.3996992599594408e-10,-4.3544222526419561e-05,-4.3542863732028856e-05,-1.3587943907048786e-09,1.0169293604510188e-11,0
5204,-2.6789256088512805e-10,1.7823387475308580e-04,1.7824600382726060e-04,-1.2129074174795909e-08,1.8676268622907340e-11,0
5205,-3.5329162765619102e-10,1.4112048368983623e-04,1.4113210374929066e-04,-1.1620059454421367e-08,1.0645341565055720e-11,0
5206,-8.5399066733963304e-11,-3.7113376167238060e-05,-3.7114245728482129e-05,8.6956124406860260e-10,1.0969024742277596e-11,0
5209,1.2555951082467774e-10,2.1724866918421473e-06,2.1726870346667231e-06,-2.0034282457575956e-10,2.3798518243499615e-11,0
5212,2.2270216780329454e-10,4.7481180686002010e-06,4.7492954997536529e-06,-1.1774311534519427e-09,2.1768090691136601e-11,0
5213,-3.9715877669902009e-12,-1.7429960726637065e-06,-1.7398612697000368e-06,-3.1348029636696531e-09,4.7506226595952342e-12,0
5214,-1.2518300304759738e-10,1.6099063650201750e-05,1.6103937298405284e-05,-4.8736482035334028e-09,3.6275951393283628e-11,0
5215,8.5283353890623471e-11,-1.7223054603470855e-05,-1.7226320295019610e-05,3.2656915487551538e-09,2.5771850832772887e-11,0
5216,1.0898675965821048e-10,9.4855634098596139e-05,9.4852538716237898e-05,3.0953823582411484e-09,8.5936360486970886e-12,0
5218,-1.2121141528354646e-10,1.7842056786125833e-05,1.7845215532679851e-05,-3.1587465540182976e-09,2.2907340212583289e-11,0
5219,8.9254941660336956e-11,-1.5480104448049392e-05,-1.5486144527008929e-05,6.0400789595362189e-09,1.7925354752886106e-11,0
5220,1.1295834742578150e-10,9.6598635219638431e-05,9.6591956540724569e-05,6.6786789138623907e-09,4.7047050461923205e-12,0
5223,2.3416976296889886e-10,7.8756572604731998e-05,7.8746313919192474e-05,1.0258685539523229e-08,2.5044695946278214e-11,0
5224,9.7142656982093442e-11,2.5756006915909728e-06,2.5754855485379030e-06,1.1514305306977791e-10,1.9312785118015969e-11,0
5225,2.3703405765981588e-11,1.1207864774515921e-04,1.1207754591178276e-04,1.1018333764503023e-09,2.8700701918596186e-11,0
5228,3.1771233308027919e-11,1.7823965538498365e-04,1.7824927506768495e-04,-9.6196827012906723e-09,8.2941727053930556e-12,0
5229,4.7217211577730733e-11,1.4112638926212133e-04,1.4113660458954904e-04,-1.0215327427703924e-08,4.6225660016668399e-12,0
5230,1.5445978255760543e-11,-3.7113270275761104e-05,-3.7113004617891588e-05,-2.6565786951580602e-10,4.3897376657116859e-12,0
5231,-1.2252982167447108e-09,-5.8763410079260350e-06,-5.8904833560451527e-06,1.4142348119117701e-08,2.3946540402895638e-11,0
5232,-1.2325941226537043e-09,-7.6150158406758719e-06,-7.6279586759537140e-06,1.2942835277842023e-08,1.0612569996298394e-11,0
5233,-1.6260518503847634e-09,1.0225558110367808e-05,1.0215702531490664e-05,9.8555788771442375e-09,3.2175010776408913e-11,0
5234,-1.1037525050926876e-09,-2.3104270233690813e-05,-2.3102219400577909e-05,-2.0508331129037737e-09,8.0075920400966774e-11,0
5235,-1.1071687272748458e-09,8.8973438160168741e-05,8.8972971288239387e-05,4.6687192935442046e-10,1.8853638999253840e-11,0
5236,-1.4242573710100813e-09,1.2799077106754111e-05,1.2788899377083374e-05,1.0177729670737779e-08,3.2860461741623187e-11,0
5237,1.6777023244216746e-09,-8.0596428537142023e-06,-8.0518290487649919e-06,-7.8138049492103696e-09,3.2384097770623820e-11,0
5238,4.5240410778150999e-10,-1.3935927455915528e-05,-1.3933237899768465e-05,-2.6895561470633529e-09,3.7230803732168665e-11,0
5239,4.4510820186670632e-10,-1.5674627033078264e-05,-1.5674051835280455e-05,-5.7519779780865004e-10,1.7697062868355487e-11,0
5240,5.1650473150226726e-11,2.1659397372109437e-06,2.1717801633704069e-06,-5.8404261594631785e-09,3.1563508418710458e-11,0
5241,5.7394981956154733e-10,-3.1163702778464614e-05,-3.1151605816615495e-05,-1.2096961849118921e-08,9.6586125832197507e-11,0
5242,5.7053359733916956e-10,8.0913903277546675e-05,8.0920814911534213e-05,-6.9116339875371262e-09,3.8331593851758630e-11,0
5243,2.5344495248128095e-10,4.7393922959059614e-06,4.7496779719115034e-06,-1.0285676005541984e-08,2.1800605361833301e-11,0
5244,-7.2959059115644359e-12,-1.7386913200165348e-06,-1.7398681032726898e-06,1.1767832561550898e-09,4.9693345616364549e-12,0
5245,-4.0075363508317771e-10,1.6101857171382621e-05,1.6100607895654680e-05,1.2492757279403317e-09,3.4077854751727241e-11,0
5246,1.2154571184440535e-10,-1.7227910620116939e-05,-1.7225836445059481e-05,-2.0741750574580255e-09,3.9409192824257390e-11,0
5247,1.1812948959800078e-10,9.4849810554332135e-05,9.4852859421199251e-05,-3.0488668671159198e-09,1.1961767282313010e-11,0
5248,-1.9895915578070445e-10,1.8675390549154763e-05,1.8679186040425719e-05,-3.7954912709553805e-09,3.6176127438644061e-11,0
5249,-3.9345772915864857e-10,1.7840574211913131e-05,1.7841893110876555e-05,-1.3188989634246319e-09,1.6954126260307994e-11,0
5250,1.2884161776070157e-10,-1.5489315321831620e-05,-1.5485651914722670e-05,-3.6634071089508753e-09,1.7769625398479649e-11,0
5251,1.2542539551589085e-10,9.6588493831770497e-05,9.6592280917633610e-05,-3.7870858631125145e-09,5.0334253572475263e-12,0
5252,-1.9166324985716717e-10,2.0414130605650276e-05,2.0417023709392622e-05,-2.8931037423461084e-09,1.6845391085485356e-11,0
5253,5.2229934819644687e-10,-3.3329763383691674e-05,-3.3325453797290500e-05,-4.3095864011742299e-09,8.9152748196335022e-11,0
5254,5.1888312590129862e-10,7.8747864948792707e-05,7.8749991882838302e-05,-2.1269340455949649e-09,3.0956744333696139e-11,0
5255,2.0179447925094138e-10,2.5734915365391905e-06,2.5767939853964107e-06,-3.3024488572202349e-09,2.0651877092359874e-11,0
5256,-3.4162222700867740e-12,1.1207773801462069e-04,1.1207738924994364e-04,3.4876467705047091e-10,4.1572236200195535e-11,0
5257,-3.2050486822704647e-10,3.5903377718133570e-05,3.5899796975691757e-05,3.5807424418133130e-09,9.1620225376037854e-11,0
5258,-3.1708864645604240e-10,-7.6174399473232304e-05,-7.6174785359676305e-05,3.8588644400098376e-10,3.4484332953409511e-11,0
5259,7.5268053710518790e-11,1.7824802160275511e-04,1.7824936309723081e-04,-1.3414944756982069e-09,1.9184253103786789e-11,0
5260,1.1313877151796275e-10,1.4113732439261320e-04,1.4113694938956104e-04,3.7500305215699276e-10,1.0567542813586510e-11,0
5261,3.7870717811997423e-11,-3.7110740429966284e-05,-3.7112736172228693e-05,1.9957422624092757e-09,1.2829050477063137e-11,0
5262,-2.1532728943309734e-10,-5.8503808812700522e-06,-5.8779582076510795e-06,2.7577326381027264e-08,2.8287913189200764e-11,0
5263,-2.2228080703500824e-10,-7.5887181855850000e-06,-7.6154938755524172e-06,2.6775689967417198e-08,1.6929837078933128e-11,0
5264,-1.7411687701206587e-10,8.8990073413605869e-05,8.8984624203789907e-05,5.4492098159621659e-09,2.1481213516226937e-11,0
5265,-6.9535176011622662e-12,-1.7383489019266669e-06,-1.7398400165862166e-06,1.4911146595496820e-09,1.3815732076696731e-11,0
5266,4.1210412524460637e-11,9.4840456758450188e-05,9.4852049221186784e-05,-1.1592462736595942e-08,2.0278069242379978e-11,0
5267,4.8163930122869788e-11,9.6578787905703296e-05,9.6591440439353565e-05,-1.2652533650268439e-08,1.0375586687938922e-11,0
5268,4.5738953266130491e-11,1.7824613579157911e-04,1.7824858682124450e-04,-2.4510296653889544e-09,1.9306077541182427e-11,0
5269,3.3183228841636184e-10,-1.3928345797861556e-05,-1.3934910828724932e-05,6.5650308633752395e-09,2.5303730958909659e-11,0
5270,3.2723375410717335e-10,-1.5669802118044134e-05,-1.5675640466296204e-05,5.8383482520700113e-09,1.8555291231253570e-11,0
5271,1.2295974564532509e-10,2.1715038913082668e-06,2.1726788509627289e-06,-1.1749596544621168e-09,2.1646727241362286e-11,0
5272,4.2059657027429660e-10,-3.1154417325216302e-05,-3.1153649941565104e-05,-7.6738365119809193e-10,6.5721962035225566e-11,0
5273,4.3456847131171948e-10,8.0923881193721396e-05,8.0919254398167478e-05,4.6267955539178608e-09,2.6906846663523015e-11,0
5274,2.2664051657203613e-10,4.7457916895926361e-06,4.7493473527781686e-06,-3.5556631855324596e-09,1.9045292549092515e-11,0
5275,-4.5985343078385398e-12,-1.7414154825805598e-06,-1.7397838440843343e-06,-1.6316384962254722e-09,7.0527053753017847e-12,0
5276,-2.0887254239625289e-10,1.6099808007607325e-05,1.6103117633130377e-05,-3.3096255230522789e-09,1.4996216793910642e-11,0
5277,8.8764281789783863e-11,-1.7225839798476310e-05,-1.7226192545916152e-05,3.5274743984286031e-10,3.8027261157415765e-11,0
5278,1.0273618282790187e-10,9.4852318307220838e-05,9.4852974791522857e-05,-6.5648430201887317e-10,8.4485262636395003e-12,0
5279,-1.0519177139667728e-10,1.8674175232416025e-05,1.8680483340558218e-05,-6.3081081421927185e-09,1.4770277111626634e-11,0
5280,-2.0427400809236402e-10,1.7841235006459816e-05,1.7844318806875956e-05,-3.0838004161402117e-09,1.3799790644571600e-11,0
5281,9.3362816095663953e-11,-1.5484498500917699e-05,-1.5486089425472903e-05,1.5909245552044938e-09,3.3762911637646827e-11,0
5282,1.0733471713419744e-10,9.6593727100191540e-05,9.6592307358186333e-05,1.4197420052070682e-09,6.0729452905749607e-12,0
5283,-1.0059323709375103e-10,2.0415559516082961e-05,2.0418247873932429e-05,-2.6883578494681689e-09,1.3536567650647694e-11,0
5284,2.9763682472906308e-10,-3.3325627278348036e-05,-3.3328287262109489e-05,2.6599837614531751e-09,5.7233638688048225e-11,0
5285,3.1160872576536595e-10,7.8752486566226187e-05,7.8747638666471675e-05,4.8478997545129635e-09,1.5966000444497101e-11,0
5286,1.0368077091085676e-10,2.5743237464486823e-06,2.5755928848385804e-06,-1.2691383898981138e-09,1.3961260069489789e-11,0
5287,1.3971901039893280e-11,1.1207830948545532e-04,1.1207787029851960e-04,4.3918693572034869e-10,4.1523998330233426e-11,0
5288,-1.9395605316129335e-10,3.5899949501186704e-05,3.5901491408894642e-05,-1.5419077079386842e-09,5.9888043498478632e-11,0
5289,-2.0792795428268998e-10,-7.6178153007332161e-05,-7.6173590827622413e-05,-4.5621797097484401e-09,1.5404587237543177e-11,0
5290,-3.6285325265238094e-10,-1.8468182926608689e-04,-1.8468306684118796e-04,1.2375751010736038e-09,2.4991672979313543e-11,0
5291,-4.1782438200514736e-10,-6.4390843660224253e-06,-6.4378229210113122e-06,-1.2614450111131782e-09,2.4001735041528271e-11,0
5292,-4.1768280002835266e-10,-4.3550969240383104e-05,-4.3550136897620547e-05,-8.3234276255735908e-10,1.4013994606879911e-11,0
5293,-5.4971129348105123e-11,1.7824283528185703e-04,1.7824691507935437e-04,-4.0797974973404497e-09,1.7265591972722896e-11,0
5294,-5.4829547361743908e-11,1.4113089279873918e-04,1.4113399411903771e-04,-3.1013202985254781e-09,1.2161017743074002e-11,0
5295,1.4158185687979211e-13,-3.7111882949333267e-05,-3.7113221883317426e-05,1.3389339841590893e-09,1.0960557512443900e-11,0
5296,-3.0662763359186609e-12,-1.7412525705552795e-06,-1.7397185285774754e-06,-1.5340419778040699e-09,7.7464974603794315e-12,0
5297,2.2897055422280206e-10,-1.7881001823407718e-04,-1.7880469711238045e-04,-5.3211216967223324e-09,1.5690298573909538e-11,0
5298,4.5033322365713982e-10,-5.4613731756587847e-07,-5.5688086123928304e-07,1.0743543673404577e-08,2.0950260080939104e-11,0
5299,1.5631026801984918e-10,9.4854616229015417e-05,9.4853918367399876e-05,6.9786161554098291e-10,1.3281674927137528e-11,0
5300,2.3203683055923406e-10,-1.7706872452343675e-04,-1.7706767718055844e-04,-1.0473428783042051e-09,1.0120553805760823e-11,0
5301,4.5339949999463341e-10,1.1950961289388523e-06,1.1774926504297150e-06,1.7603478509137279e-08,1.3030578339585499e-11,0
5302,1.5937654435613201e-10,9.6595874737140895e-05,9.6593181361140964e-05,2.6933759999310698e-09,7.8540598613756593e-12,0
5303,2.2136266929346218e-10,1.7826383038028852e-04,1.7824981116415986e-04,1.4019216128664759e-08,1.5190366176605580e-11,0
5304,-7.2660286603395526e-11,2.7366463398100557e-04,2.7365954498580306e-04,5.0889952025079573e-09,1.2367574238300348e-11,0
5305,-2.9402295607301674e-10,9.5400798215074592e-05,9.5413150836230431e-05,-1.2352621155838875e-08,1.6020613733595830e-11,0
5307,-4.1712848528380467e-11,-1.3943707708298850e-05,-1.3939813250397356e-05,-3.8944579014935511e-09,7.0570954092243172e-12,0
5308,-4.5138571233598643e-11,-1.5685996014825829e-05,-1.5680451095780798e-05,-5.5449190450310095e-09,3.5297008519162122e-12,0
5309,2.6385377224702556e-11,2.1650416456410818e-06,2.1715029795145388e-06,-6.4613338734570774e-09,1.0280415098734118e-11,0
5310,2.4882743817396290e-10,-1.9272563444560492e-04,-1.9273704904021141e-04,1.1414594606486399e-08,7.1485813327287493e-12,0
5311,4.9142349157843183e-11,-3.1168762392811897e-05,-3.1158472739019916e-05,-1.0289653791981080e-08,3.4904824887478858e-11,0
5312,9.3470437467562150e-11,8.0911524841437155e-05,8.0915215175426434e-05,-3.6903339892794705e-09,5.6495411179747482e-12,0
5313,1.9090881602969992e-10,4.7481456355990149e-06,4.7489069547218059e-06,-7.6131912279101308e-10,1.1165726892442329e-11,0
5314,-3.4257227125397774e-12,-1.7423083486447653e-06,-1.7396921107703475e-06,-2.6162378744178545e-09,1.7487001196450519e-12,0
5315,6.8098225739341663e-11,1.6108722046086037e-05,1.6106750174742419e-05,1.9718713436178356e-09,5.6310297238867570e-12,0
5316,2.9054028664646459e-10,-1.7878192263930462e-04,-1.7880343979082060e-04,2.1517151515979211e-08,3.2609978843100425e-12,0
5317,9.0855197790093049e-11,-1.7225106068940359e-05,-1.7226089988698101e-05,9.8391975774156761e-10,1.6065583880488466e-11,0
5318,1.3518328615425798e-10,9.4855221837459019e-05,9.4853842479381716e-05,1.3793580773023215e-09,2.8102984377461021e-12,0
5319,2.3262166461202907e-10,1.8691806448086629e-05,1.8684876984045001e-05,6.9294640416274716e-09,6.5863752675628366e-12,0
5320,7.1523948450372605e-11,1.7851036161047398e-05,1.7847859945929218e-05,3.1762151181806181e-09,3.5982680388562566e-12,0
5321,2.9396600935675554e-10,-1.7703962741253201e-04,-1.7706645337936392e-04,2.6825966831906488e-08,2.0715448180188960e-12,0
5322,9.4280920503267242e-11,-1.5482876105042285e-05,-1.5486074272832365e-05,3.1981677900793488e-09,9.9261009315208542e-12,0
5323,1.3860900886845832e-10,9.6597530781900552e-05,9.6593076217038691e-05,4.4545648618615850e-09,1.6360382756890329e-12,0
5324,2.3604738732312895e-10,2.0434121727135046e-05,2.0422566683414378e-05,1.1555043720668016e-08,3.6664715874001829e-12,0
5325,2.2244206092526201e-10,-1.9489065468951232e-04,-1.9490672745667623e-04,1.6072767163911612e-08,5.7879370942630138e-12,0
5326,2.2756971997268702e-11,-3.3333779257261123e-05,-3.3331768063659565e-05,-2.0111936015581298e-09,3.7251133371111805e-11,0
5327,6.7085060339182673e-11,7.8746492361005246e-05,7.8744936330263097e-05,1.5560307421491658e-09,4.8743691974701799e-12,0
5328,1.6452343884072143e-10,2.5830971345612574e-06,2.5763712099078834e-06,6.7259246533739970e-09,8.9131612605345109e-12,0
5329,-1.5535700082229735e-10,2.7363715265272918e-04,2.7365819998988124e-04,-2.1047337152052970e-08,3.1153175748390899e-12,0
5330,-5.7918622207118308e-11,1.9747374975358657e-04,1.9748125961322700e-04,-7.5098596404303986e-09,6.6280815170606032e-12,0
5331,1.9968508888585025e-10,-1.6155684618376041e-04,-1.6158256897132181e-04,2.5722787561397549e-08,2.1474814390497777e-11,0
5332,4.4328088355361339e-11,1.1208034312050247e-04,1.1207864997943400e-04,1.6931410684698249e-09,1.5353536993893158e-11,0
5333,1.4176646683101907e-10,3.5916848515626237e-05,3.5905844832552971e-05,1.1003683073266125e-08,3.9408060814992411e-11,0
5334,9.7438378484744753e-11,-7.6163402914856612e-05,-7.6170045726294222e-05,6.6428114376098756e-09,5.1204715379413028e-12,0
5335,2.2212627690910841e-10,-4.3542316429156895e-05,-4.3542451333550575e-05,1.3490439367951643e-10,8.6852674347929512e-12,0
5336,2.1644238109113845e-10,4.7619569417903934e-06,4.7492243274427797e-06,1.2732614347613681e-08,2.4821353059945056e-11,0
5337,-2.7458975428664797e-12,-1.7424767990346259e-06,-1.7396578852184352e-06,-2.8189138161906734e-09,5.0833410123930136e-12,0
5338,1.6483299634893509e-10,1.6128952771523805e-05,1.6108015894011251e-05,2.0936877512553958e-08,1.2608227123183914e-11,0
5339,1.2789627371932811e-10,-1.7880947755157233e-04,-1.7880504430712888e-04,-4.4332444434490737e-09,8.6475699714001286e-12,0
5340,3.0259515492001246e-10,-5.2895926948987038e-07,-5.5872953391480800e-07,2.9770264424937622e-08,1.1373497585931016e-11,0
5341,8.7114304367825233e-11,-1.7224369980240600e-05,-1.7226110774456242e-05,1.7407942156417598e-09,3.0553677398424748e-11,0
5342,1.4208777529673772e-10,9.4857531647443358e-05,9.4854083596450532e-05,3.4480509928253847e-09,8.0109187159087871e-12,0
5343,1.6757889388980181e-10,1.7871416349717756e-05,1.7849091550176970e-05,2.2324799540786116e-08,1.0213930279088582e-11,0
5344,1.3064217125814308e-10,-1.7706700122527286e-04,-1.7706809805500683e-04,1.0968297339711101e-09,5.5410162722573458e-12,0
5345,3.0534105246089880e-10,1.2135321479315314e-06,1.1755428984935648e-06,3.7989249437966604e-08,7.6952374262594709e-12,0
5346,8.9860201908966900e-11,-1.5481930071144581e-05,-1.5486127837577357e-05,4.1977664327758611e-09,2.4910915514187514e-11,0
5347,1.4483367283882554e-10,9.6600002865602358e-05,9.6593280737336781e-05,6.7221282655771089e-09,4.8372888110708787e-12,0
5348,-3.6936722173511187e-11,-1.9493839854317109e-04,-1.9490962585429542e-04,-2.8772688875672477e-08,1.7060922487240968e-11,0
5349,1.3776215900746519e-10,-1.6657907734021413e-05,-1.6657725140534699e-05,-1.8259348671389466e-10,2.3103455067791106e-11,0
5350,-7.7718691964591692e-11,-3.3353274037143527e-05,-3.3333038132897380e-05,-2.0235904246146126e-08,6.3283564568648365e-11,0
5351,-2.2745221091701320e-11,7.8728612063956073e-05,7.8743932620005042e-05,-1.5320556048968787e-08,1.5738526675930325e-11,0
5352,1.7469888119246401e-10,1.7828052928574572e-04,1.7824831059837825e-04,3.2218687367465771e-08,8.6891280706173397e-12,0
5353,1.4191501311684243e-11,2.7366699848636422e-04,2.7366003577643943e-04,6.9627099247857385e-09,8.6025215060686328e-12,0
5354,-1.6050738018627491e-10,9.5386475036153898e-05,9.5415146753437467e-05,-2.8671717283568882e-08,1.1200258792990376e-11,0
5355,4.0781969439933915e-11,-1.6158511940061624e-04,-1.6158415482049233e-04,-9.6458012391787036e-10,4.2907684534618150e-11,0
5356,2.1548085063591614e-10,1.6695441255175358e-05,1.6664496712116020e-05,3.0944543059338364e-08,7.2148520677903221e-11,0
5357,5.4973470918876548e-11,1.1208191901990790e-04,1.1207891674463088e-04,3.0022752770192743e-09,4.3057039151631875e-11,0
5358,3.7709501471721176e-10,-8.0310349797330094e-06,-8.0677938954804299e-06,3.6758915747420550e-08,4.9188696010889222e-11,0
5359,-1.4174635147586701e-13,-1.7377440339771163e-06,-1.7395870932112626e-06,1.8430592341463244e-09,3.4183624790027748e-12,0
5360,-4.1371865283334106e-10,-1.7882355285056550e-04,-1.7881114549782152e-04,-1.2407352743983415e-08,1.0898016203282346e-11,0
5361,-1.8205337430726159e-10,-5.7876311715214512e-07,-5.6475110829615254e-07,-1.4012008855992580e-08,1.0851527023509479e-11,0
5362,9.5390830510970539e-11,-1.7228327729864722e-05,-1.7225969916794905e-05,-2.3578130698170450e-09,2.9798783637982775e-11,0
5363,2.2264419272858837e-10,9.4852319841825421e-05,9.4855314675047330e-05,-2.9948332219090906e-09,6.5157415432298663e-12,0
5364,-6.6716684234518113e-11,-3.7689688581397235e-05,-3.7682190195076129e-05,-7.4983863211061695e-09,7.9032999329316176e-12,0
5365,-4.1357690645218334e-10,-1.7708580283778454e-04,-1.7707427889342739e-04,-1.1523944357149166e-08,4.7541298031316250e-12,0
5366,-1.8191162791388554e-10,1.1589797975809779e-06,1.1694230635793732e-06,-1.0443265998395265e-08,5.0360915785051329e-12,0
5367,9.5532576864757443e-11,-1.5490650185852588e-05,-1.5486055613034333e-05,-4.5945728182551402e-09,1.4573995099736766e-11,0
5368,2.2278593908210781e-10,9.6590060714755186e-05,9.6594437485062056e-05,-4.3767703068704278e-09,2.8462101506856256e-12,0
5369,-6.6574937836128893e-11,-3.5951949913943723e-05,-3.5940454973141320e-05,-1.1494940802403290e-08,3.3816590785648183e-12,0
5370,2.3166527803769965e-10,1.7824478906262257e-04,1.7824839083431228e-04,-3.6017716897093072e-09,8.2007384878680291e-12,0
5371,6.3636284780293844e-10,2.7367586464692277e-04,2.7366735335012754e-04,8.5112967952304282e-09,8.4197761511659483e-12,0
5372,3.4700196796848306e-10,1.4113385656035381e-04,1.4113680022815678e-04,-2.9436678029750706e-09,5.2806016979674421e-12,0
5373,4.0469756997387297e-10,9.5431086463598422e-05,9.5422387189390178e-05,8.6992742082440348e-09,8.7682205406997542e-12,0
5374,1.1533668992673946e-10,-3.7110926438158748e-05,-3.7111837757474792e-05,9.1131931604445000e-10,4.5474469989394489e-12,0
5375,-5.0910948381369613e-10,-1.6159528375576590e-04,-1.6159040003073470e-04,-4.8837250312045756e-09,5.4388447040765368e-11,0
5376,-2.7744420539242921e-10,1.6649560424995130e-05,1.6658352235865318e-05,-8.7918108701878263e-09,5.9788830796194715e-11,0
5377,1.2725336223332717e-10,1.1208066693554870e-04,1.1208001422228544e-04,6.5271326325333067e-10,3.0513181432410721e-11,0
5378,-1.6210751533924958e-10,-2.0461308702091063e-05,-2.0457456918506189e-05,-3.8517835848747486e-09,4.0656174289505091e-11,0
5379,-2.8936087747628184e-10,-1.3254201714710430e-04,-1.3253712675936766e-04,-4.8903877366396863e-09,5.9859736358968192e-12,0
5380,1.5784782816101111e-10,2.2206305478663507e-06,2.1731572020475137e-06,4.7473345818837072e-08,2.8030381412073541e-11,0
5381,2.2524986598414704e-10,-4.3536414153295261e-05,-4.3542666877188309e-05,6.2527238930479832e-09,3.2528017433111868e-11,0
5382,-2.1238303596431206e-12,-1.7399415945633108e-06,-1.7395872472110224e-06,-3.5434735228832744e-10,7.9972091322180575e-12,0
5383,3.5574381858947465e-11,-1.7881507922551908e-04,-1.7880518295616585e-04,-9.8962693532284301e-09,2.1462002790427984e-11,0
5384,2.6026249959991151e-10,-5.6788534555807929e-07,-5.5927284266731060e-07,-8.6125028907686920e-09,2.4876196794172139e-11,0
5385,9.4732825575226414e-11,-1.7225463569901953e-05,-1.7225953828072137e-05,4.9025817018443960e-10,8.8343727225489734e-11,0
5386,1.7488355461694676e-10,9.4855505939391103e-05,9.4854869617129036e-05,6.3632226206678921e-10,1.8964485290472078e-11,0
5387,3.7698212224688205e-11,-1.7707511427916432e-04,-1.7706832181688472e-04,-6.7924622795942011e-09,1.2127695695346239e-11,0
5388,2.6238632996213503e-10,1.1720926973916683e-06,1.1748840539395811e-06,-2.7913565479127738e-09,1.5213668148549285e-11,0
5389,9.6856655927926458e-11,-1.5485501799328962e-05,-1.5486038000458612e-05,5.3620112964999976e-10,5.4500969866306840e-11,0
5390,1.7700738497374617e-10,9.6595448609582959e-05,9.6593990335671137e-05,1.4582739118221234e-09,8.0021031126751024e-12,0
5391,2.2468811774599991e-10,1.7824719014770084e-04,1.7824790695145705e-04,-7.1680375621652886e-10,1.6140962005417288e-11,0
5392,1.3930917289957147e-10,2.7367058832284807e-04,2.7366093642588774e-04,9.6518969603287715e-09,2.8314095559536922e-11,0
5393,-8.5378945221622468e-11,9.5423376540475311e-05,9.5416456113856410e-05,6.9204266189007912e-09,3.1371548378756250e-11,0
5396,8.0150729041824000e-11,1.1208087979571162e-04,1.1207955768016119e-04,1.3221155504352126e-09,9.3432790657039166e-11,0
5397,1.6589853046452618e-10,9.6598311576265479e-05,9.6593950956906267e-05,4.3606193592121570e-09,1.6739702265462315e-11,0
5398,1.8365847009254719e-10,-3.5941089175125563e-05,-3.5937465616621660e-05,-3.6235585039036768e-09,1.3366274030766337e-11,0
5399,1.7759939846458973e-11,-1.3253938246174770e-04,-1.3253363749532755e-04,-5.7449664201466178e-09,1.7583506260499696e-11,0
5400,-1.3803062939344866e-09,1.0294057456809377e-05,1.0218057934864293e-05,7.5999521945084689e-08,2.5419056230263407e-11,0
5401,-6.4266145174479376e-10,1.2846050252241989e-05,1.2798196889207861e-05,4.7853363034128140e-08,1.9538718227746650e-11,0
5402,7.3764484175003955e-10,2.5519017685356540e-06,2.5835145395019435e-06,-3.1612770966289462e-08,3.4167994700929802e-11,0
5403,-1.2600338868648369e-11,-1.7881716564588281e-04,-1.7880530225525447e-04,-1.1863390628343668e-08,2.7473818593415384e-11,0
5404,-2.7642150280315629e-12,-1.7435636807673459e-06,-1.7395435995293436e-06,-4.0200812380022639e-09,1.9029252296239022e-11,0
5405,1.1728463311796701e-10,-1.7879813843830767e-04,-1.7880334460209128e-04,5.2061637836062560e-09,6.8472986470665357e-11,0
5406,1.2899892642928439e-10,9.4865767494159772e-05,9.4854611561364237e-05,1.1155932795535689e-08,3.3626097811380158e-11,0
5407,1.2004884814613008e-10,-1.7705456946521484e-04,-1.7706653897805731e-04,1.1969512842468708e-08,3.8467321532753779e-11,0
5408,1.3176314145575102e-10,9.6609319191099004e-05,9.6593683889787115e-05,1.5635301311888914e-08,1.6603331726696783e-11,0
5409,1.1714293079085014e-11,2.7366384763196543e-04,2.7365882032240443e-04,5.0273095609956568e-09,6.4780227153689515e-11,0
5410,1.0882522378487091e-09,-6.4245652055504310e-06,-6.4197423259352258e-06,-4.8228796152051390e-09,9.7648268863007678e-12,0
5411,9.4650061852942493e-10,-4.3540528776597059e-05,-4.3533924663665912e-05,-6.6041129311472961e-09,5.3939203062505021e-12,0
5412,-1.4175161976243619e-10,-3.7115953902187165e-05,-3.7115054592493720e-05,-8.9930969344575312e-10,3.7471591945467317e-12,0
5413,1.0735378778700783e-10,2.1721830103329281e-06,2.1725499814728001e-06,-3.6697113987199973e-10,2.3953406856519291e-11,0
5415,2.0587458548631927e-10,4.7473313731214752e-06,4.7490979196529893e-06,-1.7665465315141400e-09,2.1607325403481610e-11,0
5417,9.8520797701459603e-11,2.5752250835606172e-06,2.5755994659257122e-06,-3.7438236509497997e-10,1.9613459501815404e-11,0
5419,1.1689042282439528e-10,-6.3996014921796629e-06,-6.4318520329099961e-06,3.2250540730333235e-08,3.9884889245879916e-11,0
5421,5.2509506312725931e-13,-3.5956854369216182e-05,-3.5939899331536565e-05,-1.6955037679617160e-08,1.4075260826376370e-11,0
5422,-1.5966308326786874e-10,-1.3256702668260241e-04,-1.3253629382222867e-04,-3.0732860373743716e-08,1.8167157975683327e-11,0
5423,3.7046480129230956e-10,-1.8466048260673898e-04,-1.8467054027631439e-04,1.0057669575408738e-08,2.4468659288512606e-11,0
5424,1.5572948105841616e-10,-6.4322615019518289e-06,-6.4314254017575415e-06,-8.3610019428748128e-10,2.3241732700159514e-11,0
5425,-2.1473532032160111e-10,1.7822817411476330e-04,1.7824084259099066e-04,-1.2668476227360899e-08,1.8401647981385186e-11,0
5426,-2.1009094585084883e-12,-1.7424255308747730e-06,-1.7394828070688761e-06,-2.9427238058968746e-09,1.9189499922172621e-11,0
5428,1.0518984961885886e-10,-3.5953968743345551e-05,-3.5938655026219057e-05,-1.5313717126494398e-08,2.3919740083685467e-11,0
5430,2.4519170482220958e-10,4.7446938454260949e-06,4.7495871753500787e-06,-4.8933299239837649e-09,2.1696840805475572e-11,0
5431,-1.7740183102278053e-11,2.5712784551649992e-06,2.5741721679844829e-06,-2.8937128194836905e-09,1.9642803028727500e-11,0
5432,-1.1631030820922875e-09,-1.8469402926203290e-04,-1.8468913743593211e-04,-4.8918261007972839e-09,2.2325479569838811e-11,0
5433,-1.0510333527843767e-09,-6.4529462279489663e-06,-6.4464788913634726e-06,-6.4673365854936863e-09,2.0120147677126791e-11,0
5434,-2.4735602302312802e-10,8.9006210883432659e-05,8.8984822607431527e-05,2.1388276001132220e-08,3.0614881584392044e-11,0
5435,1.1206972835880587e-10,1.7824109529641268e-04,1.7824439320430696e-04,-3.2979078942827356e-09,1.6822291987828569e-11,0
5436,9.1574705975288558e-10,2.7370026754240488e-04,2.7366921894444313e-04,3.1048597961755298e-08,2.3723869372634417e-11,0
5437,8.0367733181864411e-10,9.5459167463084194e-05,9.5428262853663377e-05,3.0904609420816221e-08,2.2481306553822226e-11,0
5438,8.2356093793693692e-11,-1.5471031638789219e-05,-1.5486211401736354e-05,1.5179762947134816e-08,6.5972397833304205e-11,0
5439,-4.3748938236276473e-10,-1.8467848604935481e-04,-1.8467975737249738e-04,1.2713231425714663e-09,2.6150385427107156e-11,0
5440,-4.5669549569845035e-10,-6.4407486655374685e-06,-6.4391877034996436e-06,-1.5609620378248561e-09,2.2955328738050524e-11,0
5441,-1.9206113370940033e-11,1.7823774058210208e-04,1.7824231061288709e-04,-4.5700307850071037e-09,1.8214659929859688e-11,0
5442,9.9595664181983885e-11,2.1710770852748258e-06,2.1724841166209196e-06,-1.4070313460937321e-09,2.6333808461864763e-11,0
5443,2.0019458953360177e-10,4.7451258568414513e-06,4.7490312782740168e-06,-3.9054214325654849e-09,2.5010275647709358e-11,0
5444,1.0059892533403098e-10,2.5741104560370910e-06,2.5756583562901726e-06,-1.5479002530816023e-09,1.5861251432564601e-11,0
5446,8.7498832081156479e-11,-1.7228040280394680e-05,-1.7225867589894256e-05,-2.1726905004232431e-09,6.2999969757048547e-11,0
5447,1.8560958699317746e-10,9.4856865702577374e-05,9.4856071048204837e-05,7.9465437253730970e-10,1.3488824742178381e-11,0
5448,-5.0340818273450418e-11,-3.7694728160262564e-05,-3.7682429310476596e-05,-1.2298849785968044e-08,1.2629798703355231e-11,0
5452,9.8110754907634041e-11,1.1208482780290232e-04,1.1208070628343440e-04,4.1215194679182759e-09,6.7965570610961314e-11,0
5453,-1.3783965052239155e-10,-2.0466630730079510e-05,-2.0457646255607518e-05,-8.9844744719926408e-09,5.5175489548330180e-11,0
5454,-2.3595040524710727e-10,-1.3255160913045946e-04,-1.3253791688622212e-04,-1.3692244237343502e-08,1.5900030876721276e-11,0
5455,7.0530451275319127e-11,1.7824076110030732e-04,1.7824304837662732e-04,-2.2872763200056274e-09,1.9452733308743896e-11,0
5456,1.9982857703319870e-09,-5.1581842281896335e-05,-5.1590759428043575e-05,8.9171461472399224e-09,3.2405753477185488e-11,0
5457,1.7066688009510545e-10,4.7360654444987549e-06,4.7486666654443218e-06,-1.2601220945566886e-08,2.6028000824384107e-11,0
5458,-1.8276188871036033e-09,5.6317950552121562e-05,5.6331264407727192e-05,-1.3313855605629735e-08,2.6591640257321354e-11,0
5460,1.5547798748509606e-10,1.6123725453632762e-05,1.6108612563943809e-05,1.5112889688952597e-08,1.4138494508583858e-11,0
5461,1.7034399759738483e-10,-1.7880425210690595e-04,-1.7880006775771335e-04,-4.1843491926040442e-09,8.5625239397179822e-12,0
5462,3.5131729851886565e-10,-5.2962840375002374e-07,-5.5820632675512932e-07,2.8577923005105589e-08,1.4602635714645097e-11,0
5463,8.5548457267983085e-11,-1.7224421553204815e-05,-1.7225853949067226e-05,1.4323958624103930e-09,3.2841121392675065e-11,0
5464,1.3777203687698815e-10,9.4858484314485833e-05,9.4855707493858013e-05,2.7768206278203783e-09,6.5209099519053927e-12,0
5470,1.4866010495979970e-11,-1.9492799408031211e-04,-1.9490554978356827e-04,-2.2444296743839506e-08,1.7219617289422417e-11,0
5471,1.9583931137532637e-10,-1.6653380714316129e-05,-1.6658000695536150e-05,4.6199812200204955e-09,2.6640157753062559e-11,0
5472,-6.9929530212590120e-11,-3.3348015748706911e-05,-3.3333200670149260e-05,-1.4815078557650185e-08,7.3652073099026677e-11,0
5473,-1.7705950661962695e-11,7.8734757530727825e-05,7.8745185227212439e-05,-1.0427696484614259e-08,1.1578327084904179e-11,0
5474,1.8097330089315143e-10,1.7827464809844640e-04,1.7824386173506280e-04,3.0786363383600432e-08,1.0809070226551138e-11,0
5475,-3.2571961000106730e-11,2.7366274722169645e-04,2.7365657689813435e-04,6.1703235620979083e-09,7.9373495559778877e-12,0
5476,-2.1354526215392807e-10,9.5388091406311409e-05,9.5416159133503029e-05,-2.8067727191619313e-08,1.0897214620198557e-11,0
5477,8.4795540402819850e-11,-1.6157993529802850e-04,-1.6157945795189363e-04,-4.7734613486884354e-10,5.1732346973707524e-11,0
5478,2.6576884131545763e-10,1.6694925571599656e-05,1.6664892886066138e-05,3.0032685533517688e-08,6.7564721258060320e-11,0
5479,5.2223579597525961e-11,1.1208284259237879e-04,1.1208033627130699e-04,2.5063210717978304e-09,3.3596937889531227e-11,0
5480,2.4846222515440509e-11,-3.7112286174334331e-05,-3.7113053800956225e-05,7.6762662189428042e-10,5.4060433452224069e-12,0
5481,-4.9468502410591847e-11,-1.3944220014784278e-05,-1.3941081293321786e-05,-3.1387214624920392e-09,8.5056023480540505e-12,0
5483,5.1231386059829165e-12,2.1647957109752203e-06,2.1713339249236086e-06,-6.5382139483883609e-09,1.3119584293903196e-11,0
5484,2.8845773505113258e-10,-1.9272263682902115e-04,-1.9273295432204146e-04,1.0317493020313082e-08,8.8902469606485738e-12,0
5485,3.6297863110836781e-11,-3.1169267514213200e-05,-3.1159570765091593e-05,-9.6967491216068792e-09,3.8643887263527397e-11,0
5486,7.5586590935095387e-11,8.0912499145598810e-05,8.0915822244076747e-05,-3.3230984779376730e-09,6.4663249859443050e-12,0
5487,1.7076302291711917e-10,4.7454351236573365e-06,4.7486689629390968e-06,-3.2338392817602815e-09,1.2397920801005676e-11,0
5489,5.4591640995350288e-11,1.6109044918216978e-05,1.6107440999122264e-05,1.6039190947139963e-09,8.0891879731367921e-12,0
5490,3.3792623748195323e-10,-1.7877839702763916e-04,-1.7879749259758419e-04,1.9095569945025209e-08,3.0481829342763723e-12,0
5491,8.5766365639079166e-11,-1.7225032799189849e-05,-1.7225820401991806e-05,7.8760280195700936e-10,1.2456185669255755e-11,0
5492,1.2505509351834651e-10,9.4856737212520130e-05,9.4855737080844736e-05,1.0001316753938116e-09,2.1440929169054049e-12,0
5493,2.2023152539749029e-10,1.8689652436655602e-05,1.8685610144267041e-05,4.0422923885602489e-09,8.3442722785089782e-12,0
5499,2.8333459647208576e-10,-1.9488743357965951e-04,-1.9490183698108880e-04,1.4403401429289187e-08,8.0436350425085001e-12,0
5500,3.1174724592528511e-11,-3.3334054653976104e-05,-3.3331975760598910e-05,-2.0788933771938669e-09,5.0024099974305528e-11,0
5501,7.0463452450244848e-11,7.8747699224430631e-05,7.8746411544313637e-05,1.2876801169943962e-09,6.1310652493226410e-12,0
5502,1.6563988436954174e-10,2.5805686962648497e-06,2.5764883249335377e-06,4.0803713313120040e-09,1.1990531359393557e-11,0
5503,-2.1287114419502060e-10,2.7363513677999135e-04,2.7365401946405056e-04,-1.8882684059212066e-08,2.7043025046896023e-12,0
5504,-1.1769471215693422e-10,1.9746804272640674e-04,1.9747662658324531e-04,-8.5838568385720408e-09,8.2923445301382828e-12,0
5505,2.5215987185509943e-10,-1.6155342188081158e-04,-1.6157691889081603e-04,2.3497010004450971e-08,2.1401673956299194e-11,0
5506,3.9288727869659190e-11,1.1208177414312546e-04,1.1208033816816393e-04,1.4359749615246425e-09,1.1439546757421509e-11,0
5507,1.3446515976065043e-10,3.5914601438013713e-05,3.5906579060811669e-05,8.0223772020443919e-09,5.0970501357976586e-11,0
5508,9.5176431898843549e-11,-7.6167108741316547e-05,-7.6171124041271733e-05,4.0152999551863484e-09,6.5649251291153059e-12,0
5509,1.4854326792590358e-10,2.1797182583162614e-06,2.1731175699237793e-06,6.6006883924820604e-09,2.8687766634753690e-11,0
5510,2.0922491725281430e-10,4.7567310134007112e-06,4.7491465764620924e-06,7.5844369386188250e-09,2.1684276611221080e-11,0
5511,6.0681649400828272e-11,2.5769185039194176e-06,2.5751921656150168e-06,1.7263383044007253e-09,2.5688112504685555e-11,0
5512,2.0869898465486953e-10,-4.3536380888395745e-05,-4.3543801210528024e-05,7.4203221322785410e-09,3.0434763649039185e-11,0
5514,1.8686638280085137e-10,1.6114211323000130e-05,1.6109183501816943e-05,5.0278211831869383e-09,3.0072142537646765e-11,0
5515,2.9058374434395357e-10,-1.7880322836267420e-04,-1.7879744219600021e-04,-5.7861666739942967e-09,1.8087445952385556e-11,0
5516,5.1587668063680197e-10,-5.4965538669182745e-07,-5.5618619789179491e-07,6.5308111999674555e-09,2.1583283511988558e-11,0
5517,9.0071525874716175e-11,-1.7225160190917550e-05,-1.7225727437258784e-05,5.6724634123444910e-10,7.3698246040686077e-11,0
5518,1.4395015626962913e-10,9.4856735765453271e-05,9.4856211712261005e-05,5.2405319226646579e-10,1.7299209807122200e-11,0
5519,3.9721255229409946e-10,1.8707203572065206e-05,1.8687910460615648e-05,1.9293111449558573e-08,2.9389551860830411e-11,0
5526,1.0371736184578670e-10,-1.9491746037439569e-04,-1.9490357260535992e-04,-1.3887769035762559e-08,3.3037437575532033e-11,0
5527,3.2901029795183750e-10,-1.6663914835888562e-05,-1.6656603021036494e-05,-7.3118148520674925e-09,2.6869490701327247e-11,0
5528,-9.6794856856677545e-11,-3.3339321797810906e-05,-3.3333599897795360e-05,-5.7219000155456332e-09,8.1012036918052063e-11,0
5529,-4.2916226553223193e-11,7.8742504515751793e-05,7.8745175960581845e-05,-2.6714448300517966e-09,2.6081869296072610e-11,0
5530,2.1034616931783384e-10,2.5930060482412878e-06,2.5770550336022672e-06,1.5951014639020614e-08,2.5464556886215028e-11,0
5531,2.2529293611850662e-10,1.7825353677887543e-04,1.7824325744396360e-04,1.0279334911831315e-08,1.7761276939903570e-11,0
5532,-1.4663358837701723e-10,2.7365997346921918e-04,2.7365442847606980e-04,5.5449931493753608e-09,1.4671861862231310e-11,0
5533,1.0662880750452837e-10,1.9751047102154699e-04,1.9747894560856997e-04,3.1525412977015128e-08,3.2217211965870236e-11,0
5534,-3.7192652457550420e-10,9.5406443126989232e-05,9.5414620711391687e-05,-8.1775844024551932e-09,1.9797550035162397e-11,0
5535,-1.1866412879000798e-10,1.9256881671113986e-05,1.9231575966991013e-05,2.5305704122973024e-08,2.6493198408833383e-11,0
5536,2.0051221848348103e-10,-1.6157801035310976e-04,-1.6157696472819766e-04,-1.0456249120943759e-09,7.3835846033690388e-11,0
5537,4.2580515476680613e-10,1.6675341360801454e-05,1.6666819589188562e-05,8.5217716128921741e-09,6.3757745633433476e-11,0
5538,5.3878630385116678e-11,1.1208190779597499e-04,1.1208072734941893e-04,1.1804465560556277e-09,5.8620346598570787e-11,0
5539,3.0714102640346752e-10,3.5932395216882462e-05,3.5908818606927072e-05,2.3576609955389886e-08,7.0396437925318266e-11,0
5540,2.5326239599758435e-10,-7.6149468383860525e-05,-7.6169288468434587e-05,1.9820084574061984e-08,2.7493114003619737e-11,0
5541,1.0030835242171524e-09,-4.3524493582334373e-05,-4.3534019960457712e-05,9.5263781233392701e-09,2.4590405217615487e-11,0
5543,8.8010211870265246e-11,-1.7880982314788735e-04,-1.7879954814819404e-04,-1.0274999693313594e-08,2.9816033938200643e-11,0
5544,1.6979184782249071e-10,9.4857219447907386e-05,9.4856685323006299e-05,5.3412490108714541e-10,1.1646701955264401e-11,0
5548,1.8710325627536480e-10,-4.3543660687324348e-05,-4.3544204383432801e-05,5.4369610845276563e-10,8.8630553349235801e-12,0
5549,3.0584027716056845e-10,-8.0702785989329951e-06,-8.0683253564183966e-06,-1.9532425145985042e-09,5.9163192997661891e-11,0
5551,-3.3490994866558316e-10,-1.7881941190353058e-04,-1.7880418047155243e-04,-1.5231431978147362e-08,1.0065085764739322e-11,0
5552,-7.9970507270695629e-11,-5.8088833578863464e-07,-5.6359414138332457e-07,-1.7294194405310068e-08,8.9325954275015783e-12,0
5553,1.0108791900984977e-10,-1.7228678511768247e-05,-1.7225527576219411e-05,-3.1509355488356619e-09,2.3713315665746344e-11,0
5554,2.2830488949470072e-10,9.4854103508570974e-05,9.4857641852848110e-05,-3.5383442771358582e-09,5.8878326101625272e-12,0
5555,4.2534646147966230e-11,-3.7691914244434785e-05,-3.7681656300200167e-05,-1.0257944234617585e-08,6.3532567834854898e-12,0
5561,2.5493944094389599e-10,1.7823852639479326e-04,1.7824258880139637e-04,-4.0624066031144483e-09,7.6040293131004352e-12,0
5562,5.6321484071905861e-10,2.7367352153647405e-04,2.7366257257358396e-04,1.0948962890088183e-08,8.2354034377901516e-12,0
5563,3.7744459423855573e-10,1.4112749376911664e-04,1.4113079929271589e-04,-3.3055235992515176e-09,4.8466378198653668e-12,0
5564,3.0827540003842376e-10,9.5435015072531382e-05,9.5423438578435109e-05,1.1576494096272589e-08,7.6879415992475748e-12,0
5565,1.2250515328287888e-10,-3.7111017926246307e-05,-3.7111879127066132e-05,8.6120081982469501e-10,3.7105747779294455e-12,0
5566,-4.3599786813131573e-10,-1.6159082872670150e-04,-1.6158390809714723e-04,-6.9206295542662433e-09,4.9500515296413261e-11,0
5567,-1.8105842681358502e-10,1.6647761870953320e-05,1.6659241498310103e-05,-1.1479627356782683e-08,4.8398408329249621e-11,0
5568,1.2721697051370594e-10,1.1208279060079593e-04,1.1208196963754746e-04,8.2096324847285608e-10,2.6152906843534638e-11,0
5569,-5.8553273418226993e-11,-2.0463195624513195e-05,-2.0457082967351896e-05,-6.1126571612991041e-09,3.4143705580286054e-11,0
5570,-1.8577024382430080e-10,-1.3254602654869628e-04,-1.3253853876999427e-04,-7.4877787020072046e-09,4.9366753788508364e-12,0
5571,1.4433597824246502e-10,2.1930743309278578e-06,2.1730940854008440e-06,1.9980245527013775e-08,2.9520053311785082e-11,0
5572,2.0761946248990518e-10,4.7882417334808164e-06,4.7491302582599572e-06,3.9111475220859170e-08,3.1574615571628664e-11,0
5573,6.3283484329897111e-11,2.5952941564858292e-06,2.5752557442699851e-06,2.0038412215844135e-08,3.6604740825333807e-11,0
5574,9.0000744086689505e-10,-4.3541931096340025e-05,-4.3535588676795172e-05,-6.3424195448531784e-09,4.0616948342465296e-12,0
5576,4.4270295534979677e-11,-1.7880968391575155e-04,-1.7879890617778039e-04,-1.0777737971160535e-08,2.3478588686548966e-11,0
5577,2.1128317528272625e-10,-5.6444406404876010e-07,-5.5999257259454628e-07,-4.4514914542138201e-09,2.8475833986894629e-11,0
5578,8.3964582413359273e-11,-1.7223110736971914e-05,-1.7225704430687716e-05,2.5936937158026370e-09,7.6531902032704181e-11,0
5579,1.4446014903035372e-10,9.4863809558079146e-05,9.4856817619992789e-05,6.9919380863569950e-09,1.7475782078578952e-11,0
5584,1.6701287973280185e-10,1.7824523119739852e-04,1.7824091665201271e-04,4.3145453858131708e-09,1.7985156490638961e-11,0
5585,1.0018985362634845e-10,2.7367344632018686e-04,2.7365646039565384e-04,1.6985924533021932e-08,1.9454817708208808e-11,0
5586,-6.6823026442208995e-11,9.5428285004466908e-05,9.5419001427897313e-05,9.2835765695947065e-09,2.3498961338336733e-11,0
5587,-3.9694286787674893e-11,-1.6158673906965185e-04,-1.6157845988607936e-04,-8.2791835724909009e-09,8.0827442693529891e-11,0
5588,1.2731859297336149e-10,1.6658652262391792e-05,1.6663036601328518e-05,-4.3843389367261693e-09,9.2743670110816398e-11,0
5589,6.0495566609858705e-11,1.1208688189409330e-04,1.1208132900017290e-04,5.5528939203958530e-09,8.4259429113935407e-11,0
5590,8.7653898143938051e-11,2.1717202136739945e-06,2.1723995298622237e-06,-6.7931618822912777e-10,2.8696075491606076e-11,0
5591,1.8552820964330816e-10,4.7466110398831050e-06,4.7488573436414897e-06,-2.2463037583846955e-09,2.4705852446834502e-11,0
5592,9.7874311497633893e-11,2.5748352986492383e-06,2.5756938749482824e-06,-8.5857629904407390e-10,2.0526219650115718e-11,0
5594,-1.4793569726211319e-10,-1.7882341604408790e-04,-1.7880088668208741e-04,-2.2529362000490213e-08,3.7500529090825641e-11,0
5595,1.6321418466861677e-10,9.4872710277772981e-05,9.4857202155253004e-05,1.5508122519977143e-08,2.7103769714894008e-11,0
5596,7.9826450771222778e-11,-3.7694758772211304e-05,-3.7681327514663597e-05,-1.3431257547706686e-08,1.8958862389130282e-11,0
5600,3.1114988275590730e-10,2.7369612090246895e-04,2.7365881581220135e-04,3.7305090267597280e-08,2.6352240064733166e-11,0
5601,2.2776214766176985e-10,1.4112864239969845e-04,1.4112790434157535e-04,7.3805812310823345e-10,1.7254081239036352e-11,0
5602,-8.3387733669274379e-11,-1.3256755083721795e-04,-1.3253770820075944e-04,-2.9842636458516075e-08,2.2528007620039131e-11,0
5603,4.4571451167133620e-10,-8.0236490002695560e-06,-8.0665055924143962e-06,4.2856592144840225e-08,4.5363394882872977e-11,0
5604,-2.0676344174271038e-11,2.5705973137708435e-06,2.5742370375250713e-06,-3.6397237542278345e-09,2.2921663679232090e-11,0
5606,1.2873614593955008e-10,9.4878262091084575e-05,9.4856966583997237e-05,2.1295507087338433e-08,3.9426390628779698e-11,0
5608,-1.5926519742056992e-10,1.7822253680989993e-04,1.7823580222442649e-04,-1.3265414526553426e-08,1.5688635190286263e-11,0
5609,9.1012384467212520e-11,-4.3525026587588889e-05,-4.3545915785378707e-05,2.0889197789818170e-08,2.1785411537391598e-11,0
5610,1.3965895788488181e-10,2.1781085571218745e-06,2.1730667067184996e-06,5.0418504033748093e-09,2.9737218907278536e-11,0
5611,2.0329597502091986e-10,4.7543624775193971e-06,4.7490804741496835e-06,5.2820033697135942e-09,2.5023388828358006e-11,0
5614,-2.4739795650747725e-10,-1.7882164586849846e-04,-1.7880096075272901e-04,-2.0685115769444699e-08,2.3533666728963311e-11,0
5615,-5.5901717382358672e-11,-5.8480591143966754e-07,-5.6333451254558410e-07,-2.1471398894083439e-08,1.8850613052885779e-11,0
5616,9.2372436842362321e-11,-1.7227662040058276e-05,-1.7225503164863343e-05,-2.1588751949325191e-09,6.4008157296760282e-11,0
5617,1.9079260424406551e-10,9.4859522612872717e-05,9.4857981193052605e-05,1.5414198201120282e-09,1.8210072551483296e-11,0
5622,1.9149623869596112e-10,1.7823684639249946e-04,1.7823963085966693e-04,-2.7844671674718408e-09,1.5853771331195102e-11,0
5623,4.3819056223941193e-10,2.7368122222810876e-04,2.7365964124511976e-04,2.1580982988991197e-08,3.2123027648046628e-11,0
5624,2.4669432349626737e-10,9.5444352649493025e-05,9.5423475933144780e-05,2.0876716348244796e-08,2.7610661676281878e-11,0
5625,-3.3977039345730243e-10,-1.6159395470567890e-04,-1.6158072375193475e-04,-1.3230953744154108e-08,1.0848397943058551e-10,0
5626,-1.4827415435886699e-10,1.6642992773555076e-05,1.6659538968646956e-05,-1.6546195091879081e-08,6.2470745807540051e-11,0
5627,9.8420167404491908e-11,1.1208719823505215e-04,1.1208230972547646e-04,4.8885095756964021e-09,8.6530210327587629e-11,0
5628,-4.7016079463928420e-10,-4.3554938315364111e-05,-4.3552935620376258e-05,-2.0026949878529919e-09,1.4083709709558701e-11,0
5629,-3.8016762954923618e-10,8.9030039651099603e-05,8.8984452275788883e-05,4.5587375310720147e-08,4.1601233102969716e-11,0
5630,-9.9798627519218511e-10,-4.3567528246487783e-05,-4.3559535980583146e-05,-7.9922659046370820e-09,2.0968749786526580e-11,0
5631,-6.1781864502045577e-10,-1.3259754515648758e-04,-1.3254499744769072e-04,-5.2547708796860408e-08,2.1309769503286807e-11,0
5633,-3.9422029356658172e-11,2.1603078859261382e-06,2.1708571462601823e-06,-1.0549260334044080e-08,2.6733327482897853e-11,0
5634,1.1169206943091077e-10,4.7322098315327049e-06,4.7479458648762973e-06,-1.5736033343592420e-08,1.9421774708231917e-11,0
5635,1.5111409869144310e-10,2.5718622535678484e-06,2.5763907388207115e-06,-4.5284852528630633e-09,1.8752892997195650e-11,0
5636,-2.2606750801400839e-10,-4.3567634177323067e-05,-4.3550051080175783e-05,-1.7583097147284247e-08,2.0880571453332541e-11,0
5637,-5.6738201222600899e-11,-1.3944991684560967e-05,-1.3942237398021031e-05,-2.7542865399366834e-09,5.2765914306715472e-12,0
5639,-1.4599310249351575e-11,2.1643842865980145e-06,2.1711754135569599e-06,-6.7911269589453538e-09,1.1963533436678982e-11,0
5640,3.1947510496175999e-10,-1.9272021731479069e-04,-1.9272929207458958e-04,9.0747597988893609e-09,1.2083938026914721e-11,0
5641,2.3231838712182249e-11,-3.1169869554158874e-05,-3.1160586696607990e-05,-9.2828575508848462e-09,3.4020137524459732e-11,0
5642,5.7456102759440046e-11,8.0913230994548307e-05,8.0916351342902955e-05,-3.1203483546473308e-09,7.3072337881844886e-12,0
5643,1.4997869874444895e-10,4.7435606730567882e-06,4.7484219817740121e-06,-4.8613087172238629e-09,6.8076090575013041e-12,0
5645,4.2138890938004844e-11,1.6109393131054014e-05,1.6108067317954653e-05,1.3258130993618663e-09,7.0640300849496711e-12,0
5646,3.7621330627909769e-10,-1.7877521843141786e-04,-1.7879214263368862e-04,1.6924202270765217e-08,5.4652469666902941e-12,0
5647,7.9970040055765318e-11,-1.7224952344771331e-05,-1.7225589657980187e-05,6.3731320885606854e-10,1.9788354834136526e-11,0
5648,1.1419430416122529e-10,9.4858210656799261e-05,9.4857440012781599e-05,7.7064401766220505e-10,3.8747519428114710e-12,0
5649,2.0671690004228473e-10,1.8688549278509173e-05,1.8686249209588438e-05,2.3000689207347623e-09,4.9459917796398154e-12,0
5655,3.3407441529539135e-10,-1.9488459526489574e-04,-1.9489744616022389e-04,1.2850895328154728e-08,1.0660283164491691e-11,0
5656,3.7831149062073667e-11,-3.3334251843601843e-05,-3.3332177094285449e-05,-2.0747493163940562e-09,3.9668712314291794e-11,0
5657,7.2055413148004457e-11,7.8748840019798524e-05,7.8747735062181394e-05,1.1049576171303765e-09,6.4045699231314846e-12,0
5658,1.6457800906259268e-10,2.5791726688930219e-06,2.5765690921374194e-06,2.6035767556025551e-09,1.0004392632605038e-11,0
5659,-2.6201900224716671e-10,2.7363344059783308e-04,2.7365025606058816e-04,-1.6815462755082403e-08,5.0797464238656365e-12,0
5660,-1.6949640620611380e-10,1.9746376750946152e-04,1.9747244417722587e-04,-8.6766677643462017e-09,9.5391084794858345e-12,0
5661,2.9624326622468414e-10,-1.6155030976349773e-04,-1.6157182470918162e-04,2.1514945683891043e-08,3.9492994320087264e-11,0
5662,3.4224264098512951e-11,1.1208311599305453e-04,1.1208186782046135e-04,1.2481725931821766e-09,2.1020870120708086e-11,0
5663,1.2674685998803253e-10,3.5913331983571106e-05,3.5907233575357081e-05,6.0984082140248743e-09,4.4656170234087625e-11,0
5664,9.2522595896876175e-11,-7.6169658400557227e-05,-7.6172112294493001e-05,2.4538939357739544e-09,6.6798391661069940e-12,0
5665,1.9571899429797250e-10,-6.4288255422874710e-06,-6.4322335446130932e-06,3.4080023256221831e-09,1.5141003327519148e-11,0
5666,1.6705523797622015e-10,-4.3544440736018389e-05,-4.3545272358084576e-05,8.3162206618693849e-10,8.6699566858985174e-12,0
5667,-2.8663756280700340e-11,-3.7115565457220001e-05,-3.7113826120986495e-05,-1.7393362335065368e-09,4.2806467068701676e-12,0
5668,7.8150553143343536e-11,-1.9491776187670513e-04,-1.9490036922704412e-04,-1.7392649661018529e-08,2.1167336402636325e-11,0
5669,-6.0746032980135582e-11,-3.3344391934166800e-05,-3.3333418524169945e-05,-1.0973409996855265e-08,7.2782046619523962e-11,0
5670,-1.2682547791789485e-11,7.8739754800647745e-05,7.8746771103212432e-05,-7.0163025646873770e-09,1.9168615443298574e-11,0
5671,-9.0833100848147603e-11,2.7365754249712975e-04,2.7365216876174399e-04,5.3737353857626242e-09,1.1056093731501581e-11,0
5672,1.3889658587133403e-10,-1.6157333985343265e-04,-1.6157347287764818e-04,1.3302421553065651e-10,5.5367538950234119e-11,0
5673,4.8063485235965880e-11,1.1208414421248910e-04,1.1208214561142686e-04,1.9986010622353740e-09,5.1076766829231575e-11,0
5675,2.0742310630640855e-10,-6.4105109436416591e-06,-6.4321628828064497e-06,2.1651939164790662e-08,3.4984801438310486e-11,0
5676,-1.9907032164237209e-10,2.7365645829890376e-04,2.7365059800316956e-04,5.8602957341978741e-09,1.8682875650882289e-11,0
5677,5.1481747157488797e-11,1.9750147593655589e-04,1.9747469221511365e-04,2.6783721442238473e-08,3.8083730580224148e-11,0
5678,2.5055206893194987e-10,-7.6154900466409922e-05,-7.6170285383410192e-05,1.5384917000270328e-08,2.8656686867417952e-11,0
5679,1.1561523200622664e-10,2.2305588430913612e-06,2.1728034557770817e-06,5.7755387314279456e-08,2.8016034706543786e-11,0
5680,3.5471555924162702e-10,-8.0667554987546349e-06,-8.0674622599364320e-06,7.0676118179710740e-10,5.7513816393648684e-11,0
5682,-2.7584319552953318e-10,-1.7881667545831259e-04,-1.7879897907077975e-04,-1.7696387532840875e-08,8.0729620855046323e-12,0
5683,-5.2537884595170133e-12,-5.8271709501601932e-07,-5.6274890403244483e-07,-1.9968190983574485e-08,7.9101835869121716e-12,0
5684,1.0402986864965123e-10,-1.7229133401017345e-05,-1.7225213683465764e-05,-3.9197175515814269e-09,2.3786503780254030e-11,0
5685,2.3043710722703156e-10,9.4855444354443891e-05,9.4859352782321836e-05,-3.9084278779448305e-09,4.7936842992555878e-12,0
5686,1.2196798344445575e-10,-3.7693882998417541e-05,-3.7681283947353281e-05,-1.2599051064259882e-08,4.6803267100683623e-12,0
5692,2.7058940667216880e-10,1.7823396762620559e-04,1.7823823713578781e-04,-4.2695095822220096e-09,6.4519240924906470e-12,0
5693,5.0628030550495917e-10,2.7367212782355640e-04,2.7365897542840772e-04,1.3152395148680052e-08,6.8989358748808090e-12,0
5694,3.9781117847123362e-10,1.4112280463953277e-04,1.4112629132005750e-04,-3.4866805247309954e-09,3.7617824829527325e-12,0
5695,2.3569089913297101e-10,9.5438173491403308e-05,9.5424215588283770e-05,1.3957903119538018e-08,6.1649053245969522e-12,0
5696,1.2722177179747539e-10,-3.7111162896721005e-05,-3.7111917859953404e-05,7.5496323239900758e-10,2.9530535745666614e-12,0
5697,-3.7987306461801627e-10,-1.6158757877968687e-04,-1.6157904354085654e-04,-8.5352388303253611e-09,4.1699474403914912e-11,0
5698,-1.0928365762000653e-10,1.6646312382719020e-05,1.6659903181964464e-05,-1.3590799245444252e-08,4.1237747711723980e-11,0
5699,1.2640723860221117e-10,1.1208449962321653e-04,1.1208341934994197e-04,1.0802732745612744e-09,2.0213092674926684e-11,0
5700,1.7938114274347561e-11,-2.0464748598429325e-05,-2.0456813741339474e-05,-7.9348570898508020e-09,2.2701680854531782e-11,0
5701,-1.0846912421150052e-10,-1.3254933684554715e-04,-1.3253959278535448e-04,-9.7440601926697575e-09,3.7451428760966314e-12,0
5702,1.3321163242353856e-10,2.1850363688463367e-06,2.1730346440781507e-06,1.2001724768185994e-08,2.6636409253987713e-11,0
5703,2.0127934745151550e-10,4.7701385482157299e-06,4.7490614605572693e-06,2.1077087658460645e-08,2.7186019306779732e-11,0
5704,6.8067715096552537e-11,2.5849999909840354e-06,2.5754007624116876e-06,9.5992285723478242e-09,3.5305896995514150e-11,0
5705,-3.3190191222278052e-09,-5.8569560650607172e-06,-5.9164486232897807e-06,5.9492558229063464e-08,1.6779267274643967e-11,0
5707,-3.5545477613202264e-09,-1.8467783148575509e-04,-1.8471162624308769e-04,3.3794757332595042e-08,1.6983437100533366e-11,0
5708,-2.9504428251776987e-09,-6.4458707918673211e-06,-6.4715285868658226e-06,2.5657794998501521e-08,1.0280767807181790e-11,0
5709,-3.1773857980641321e-09,-2.3092203582249964e-05,-2.3130428411831906e-05,3.8224829581942209e-08,5.1445033725645184e-11,0
5710,-2.9513083394390833e-09,8.8989955904628711e-05,8.8953089166829058e-05,3.6866737799652843e-08,1.6316842679926160e-11,0
5711,-2.6668579048059158e-09,-4.3557512610984533e-05,-4.3580745643094956e-05,2.3233032110423044e-08,5.9798814732130906e-12,0
5713,-2.3552863418576785e-10,-1.7882085069432195e-04,-1.7879806347245294e-04,-2.2787221869011902e-08,1.4392626851358487e-11,0
5714,3.6857630176076074e-10,-5.8889685272678349e-07,-5.5812041960873151e-07,-3.0776433118051981e-08,1.2298982007419208e-11,0
5715,1.4163332382553801e-10,-1.7235328214861532e-05,-1.7224721543541143e-05,-1.0606671320389903e-08,4.8018773436777157e-11,0
5716,3.6771078183273644e-10,9.4846902046643103e-05,9.4861211850024609e-05,-1.4309803381506287e-08,1.3593827040122779e-11,0
5717,6.5216122186101039e-10,-3.7700557876172228e-05,-3.7674765748120144e-05,-2.5792128052083273e-08,7.7741340468995361e-12,0
5723,6.0410493635226615e-10,1.7823196252160847e-04,1.7824195044022272e-04,-9.9879186142440637e-09,1.1895409711926891e-11,0
5724,6.0323942611829659e-10,2.7366774853045117e-04,2.7365990897645811e-04,7.8395539930596961e-09,1.2833207844432030e-11,0
5725,8.8768985686574499e-10,1.4112028101508425e-04,1.4113192378322528e-04,-1.1642768141023521e-08,7.3547440064708313e-12,0
5726,-8.6550614366145917e-13,9.5435823325693697e-05,9.5421437923619168e-05,1.4385402074529167e-08,1.3596839676684606e-11,0
5727,2.8358492073022792e-10,-3.7111652197190721e-05,-3.7109987765998498e-05,-1.6644311922237075e-09,4.3203854036558440e-12,0
5728,-3.7716196149782077e-10,-1.6158566153062336e-04,-1.6157862221716343e-04,-7.0393134599328402e-09,6.3357932167271155e-11,0
5729,2.2694297458821415e-10,1.6646432188712271e-05,1.6664051648872132e-05,-1.7619460159860867e-08,4.4182518529730880e-11,0
5730,2.2607745842833504e-10,1.1208224125895444e-04,1.1208479117693112e-04,-2.5499179766790654e-09,6.2014588567653755e-11,0
5731,5.1052789488919618e-10,-2.0465245663320308e-05,-2.0450768079359191e-05,-1.4477583961117408e-08,2.9526190371820624e-11,0
5732,2.8445043550774436e-10,-1.3254745328415522e-04,-1.3253490718768713e-04,-1.2546096468093928e-08,8.3306641535818657e-12,0
5733,7.0970490937705190e-11,2.1712560945505444e-06,2.1722714789364225e-06,-1.0153843858781174e-09,4.8869231023050580e-11,0
5734,1.6663565014743992e-10,4.7457749694524440e-06,4.7486329183184479e-06,-2.8579488660038729e-09,4.1417453939288505e-11,0
5735,9.5665159205362820e-11,2.5744851524641885e-06,2.5757525259844255e-06,-1.2673735202370587e-09,2.0625562416100219e-11,0
5737,1.4577448139369876e-10,-1.7880343947680732e-04,-1.7879293160699412e-04,-1.0507869813202245e-08,3.3594324090996813e-11,0
5738,1.6133697486061795e-10,9.4859329254479998e-05,9.4858804463695710e-05,5.2479078428788878e-10,2.5301428164104668e-11,0
5741,1.5562493630154699e-11,2.7366279840962881e-04,2.7365236010151890e-04,1.0438308109908014e-08,3.1274181164334876e-11,0
5742,8.5784063354684771e-10,-4.3543153070760982e-05,-4.3537149757242062e-05,-6.0033135189195693e-09,6.8733285270023847e-12,0
5744,-9.4046111682000914e-11,-1.7881688490211170e-04,-1.7879537759971044e-04,-2.1507302401264222e-08,3.1346640161930970e-11,0
5745,7.8730345606745427e-11,-5.8245138415298492e-07,-5.6173189756697594e-07,-2.0719486586008976e-08,2.4281277591189127e-11,0
5746,8.8574083572097314e-11,-1.7222875403862035e-05,-1.7225321747853324e-05,2.4463439912888465e-09,5.0199310252319634e-11,0
5747,1.6549164534191930e-10,9.4874364170534874e-05,9.4859055063528099e-05,1.5309107006774344e-08,1.7062831469040707e-11,0
5752,1.7277645705770057e-10,1.7823439585236368e-04,1.7823565402682050e-04,-1.2581744568179905e-09,1.6626061739445697e-11,0
5753,2.5953775782450544e-10,2.7369117614747633e-04,2.7365504408716245e-04,3.6132060313880977e-08,1.8083137192689293e-11,0
5754,8.6761300548244305e-11,9.5456857416506558e-05,9.5422874134277856e-05,3.3983282228701580e-08,2.4611594093141625e-11,0
5755,-1.8262019521962465e-10,-1.6159377286473209e-04,-1.6157534092301270e-04,-1.8431941719383640e-08,1.0851522372239237e-10,0
5756,-9.8437379194896009e-12,1.6640476993635619e-05,1.6661067536833837e-05,-2.0590543198217951e-08,9.3156325254696132e-11,0
5757,7.6917561768868579e-11,1.1209713354937059e-04,1.1208324557191007e-04,1.3887977460511373e-08,6.0500074476302580e-11,0
5758,6.2120100809923396e-11,2.1704532349700774e-06,2.1721736943332810e-06,-1.7204593632036140e-09,2.6214154013390849e-11,0
5759,1.5237389300266244e-10,4.7439753964027311e-06,4.7484575501233762e-06,-4.4821537206451222e-09,2.9129434698767476e-11,0
5760,9.0253792174458508e-11,2.5735860199145241e-06,2.5756984836932663e-06,-2.1124637787421315e-09,1.7823752422665948e-11,0
5761,-1.6080917514703933e-09,-4.3561527328902019e-05,-4.3567861757130835e-05,6.3344282288159979e-09,1.8658255647215332e-11,0
5764,4.2341669982843790e-11,2.7366682191044215e-04,2.7365207759782323e-04,1.4744312618920896e-08,2.8421859115272301e-11,0
5766,3.7429684305762388e-11,-1.7881172901194464e-04,-1.7879301270626500e-04,-1.8716305679632650e-08,2.5114831112195125e-11,0
5767,1.8455653662904922e-10,-5.6701552168483176e-07,-5.6043286530488259e-07,-6.5826563799491715e-09,3.2135917415387078e-11,0
5770,1.4712685226374432e-10,1.7824474286249909e-04,1.7823458890479029e-04,1.0153957708799793e-08,1.7102643848721977e-11,0
5771,2.3387861879095471e-12,-4.3548274306393162e-05,-4.3548008939682521e-05,-2.6536671064090979e-10,1.4042244821871916e-11,0
5772,1.2654395189584301e-10,2.1764330260121839e-06,2.1729877097171917e-06,3.4453162949922439e-09,1.5898953539319095e-11,0
5773,1.9321338657177570e-10,4.7520285795538825e-06,4.7489659065714114e-06,3.0626729824711137e-09,1.3237511827741013e-11,0
5774,6.6669434722527076e-11,2.5755942921115021e-06,2.5754224412335815e-06,1.7185087792060750e-10,1.3319313843366579e-11,0
5775,-4.9059103893469874e-10,-4.3557417912037932e-05,-4.3554179169853416e-05,-3.2387421845163442e-09,1.3994744242342658e-11,0
5776,-6.2830424011068391e-11,-1.3945927201327452e-05,-1.3943193725685167e-05,-2.7334756422843097e-09,5.0640412315834956e-12,0
5778,-3.0983079455330828e-11,2.1638798341399104e-06,2.1710433537791078e-06,-7.1635196391973459e-09,7.2024152399774702e-12,0
5779,3.4118972434906082e-10,-1.9271869873187502e-04,-1.9272631457061145e-04,7.6158387364263277e-09,5.6028574517583682e-12,0
5780,1.1565185772301324e-11,-3.1170583337476049e-05,-3.1161436937236313e-05,-9.1464002397359631e-09,2.4068904592159079e-11,0
5781,4.1307034149623161e-11,8.0913594893896462e-05,8.0916774040692716e-05,-3.1791467962539359e-09,1.0359802787013484e-11,0
5782,1.3123267096812950e-10,4.7421709867851315e-06,4.7481984066305839e-06,-6.0274198454524528e-09,8.0578871058389622e-12,0
5784,3.1847344517204776e-11,1.6109807153291515e-05,1.6108584808385419e-05,1.2223449060963824e-09,4.2511991853375506e-12,0
5785,4.0402014852405627e-10,-1.7877277910491318e-04,-1.7878776954080355e-04,1.4990435890369688e-08,2.4508591933172792e-12,0
5786,7.4395609912797517e-11,-1.7224708024688395e-05,-1.7225408733894117e-05,7.0070920572289281e-10,1.3033422984704687e-11,0
5787,1.0413745834834074e-10,9.4859499742204522e-05,9.4858833686903670e-05,6.6605530085175804e-10,3.8810328657454634e-12,0
5788,1.9406309506154824e-10,1.8688097915596849e-05,1.8686758817855173e-05,1.3390977416757508e-09,4.3709693097099605e-12,0
5794,3.7217280394793747e-10,-1.9488259550069602e-04,-1.9489386556443064e-04,1.1270063734623772e-08,4.5751694348472357e-12,0
5795,4.2548265342009060e-11,-3.3334448083286936e-05,-3.3332353162667241e-05,-2.0949206196949630e-09,2.6499225311001435e-11,0
5796,7.2290113763837316e-11,7.8749694634099292e-05,7.8748815258847097e-05,8.7937525219527329e-10,6.3440808474347565e-12,0
5797,1.6221575050490802e-10,2.5782824341607363e-06,2.5766174142693242e-06,1.6650198914121514e-09,6.2439365312206326e-12,0
5798,-2.9988269021323500e-10,2.7363228837534379e-04,2.7364718048614043e-04,-1.4892110796642984e-08,3.8903508363906385e-12,0
5799,-2.0995705334204111e-10,1.9746088303492209e-04,1.9746901737651977e-04,-8.1343415976782314e-09,4.5235261627684747e-12,0
5800,3.2962453861046215e-10,-1.6154809504136287e-04,-1.6156765322903867e-04,1.9558187675796593e-08,1.6714139467921223e-11,0
5801,2.9741848432623428e-11,1.1208423669044159e-04,1.1208312805227671e-04,1.1086381648724988e-09,1.9903628768535295e-11,0
5802,1.1966748515247917e-10,3.5912827913748765e-05,3.5907765684589544e-05,5.0622291592212891e-09,2.8941441733273089e-11,0
5803,8.9925636721462828e-11,-7.6171407094836885e-05,-7.6172933882357949e-05,1.5267875210639437e-09,6.4367682827254942e-12,0
5804,-1.0122306862968881e-09,-5.8592513924411380e-06,-5.8878410003449536e-06,2.8589607903815624e-08,2.5099620387320911e-11,0
5806,-1.4922284852408929e-09,1.0240965246358872e-05,1.0214364971825332e-05,2.6600274533539940e-08,3.5675040337870890e-11,0
5807,4.3558115122213683e-10,-6.4138392127967292e-06,-6.4300621286144651e-06,1.6222915817735939e-08,2.5298661024834817e-11,0
5808,-9.6522668784040278e-10,-2.3090713677194515e-05,-2.3103522174612806e-05,1.2808497418291889e-08,7.3502063289349743e-11,0
5809,-1.0149761610650542e-09,8.8990704649856531e-05,8.8977735253344156e-05,1.2969396512375387e-08,1.9389618472219553e-11,0
5810,4.8446797108350996e-10,-4.3534726768529493e-05,-4.3542285412410988e-05,7.5586438814950621e-09,1.5588648418814074e-11,0
5811,-1.3697379612658881e-09,1.2811442075444119e-05,1.2787863276285781e-05,2.3578799158337498e-08,3.2892784083135898e-11,0
5812,1.4166800858487020e-09,-8.0862398898085691e-06,-8.0540888334998953e-06,-3.2151056308673840e-08,4.3760155554770286e-11,0
5813,4.0444939940670041e-10,-1.3945474465121505e-05,-1.3937527901649846e-05,-7.9465634716592733e-09,4.2155921436223335e-11,0
5815,-7.5548397640788295e-11,2.1546427732017231e-06,2.1705011057478089e-06,-1.5858332546085710e-08,3.9177909266381589e-11,0
5819,1.9011480545229231e-09,-5.1620898560993133e-05,-5.1594043053688186e-05,-2.6855507304947290e-08,2.5268754950322388e-11,0
5820,4.6942126461981375e-11,4.7252986173484252e-06,4.7471543834427766e-06,-2.1855766094351429e-08,2.6868248099261974e-11,0
5822,-4.7999779751649528e-10,1.6100170797673542e-05,1.6102331754979803e-05,-2.1609573062611649e-09,3.1603119613415141e-11,0
5823,1.4478118357859947e-09,-5.5463385885152344e-07,-5.4479005353441223e-07,-9.8438053171112148e-09,2.0657789288183676e-11,0
5824,4.7003998325394565e-11,-1.7231679717143612e-05,-1.7225711766362685e-05,-5.9679507809267058e-09,3.2053555539854857e-11,0
5825,-2.7454747987426131e-12,9.4849980474573208e-05,9.4857730813816801e-05,-7.7503392435936645e-09,1.2663927950368594e-11,0
5826,1.4966986556941341e-09,-3.7675466981819785e-05,-3.7664697144267286e-05,-1.0769837552498972e-08,1.1441387857466917e-11,0
5827,-3.5750727344872616e-10,1.8670734136207699e-05,1.8680016252033604e-05,-9.2821158259050705e-09,2.7728425622706350e-11,0
5834,1.9278096357590250e-09,-1.6654765177461818e-05,-1.6638757327405949e-05,-1.6007850055869266e-08,2.8188079414380391e-11,0
5835,5.2700179704603370e-10,-3.3331714108265952e-05,-3.3326379608654094e-05,-5.3344996118581374e-09,9.9398542755331548e-11,0
5836,4.7725232385252637e-10,7.8749790489520332e-05,7.8753995352642440e-05,-4.2048631221076969e-09,3.4117344199166020e-11,0
5837,1.9766964556255777e-09,-5.3775650669407940e-05,-5.3760378895550372e-05,-1.5271773857568002e-08,1.3560431544017833e-11,0
5838,1.2249052398966523e-10,2.5705281472446044e-06,2.5761361428241311e-06,-5.6079955795266958e-09,2.0748711187792538e-11,0
5839,-1.4505573097964044e-09,9.5404607723012860e-05,9.5404567916454800e-05,3.9806558060646174e-11,2.2489126262660554e-11,0
5840,4.8886819905951534e-11,-3.7120846337816531e-05,-3.7112962623837968e-05,-7.8837139785628281e-09,6.0915914975531961e-12,0
5841,-1.8053191077275470e-09,1.9225324903978172e-05,1.9212273053867845e-05,1.3051850110327274e-08,2.8819953523327659e-11,0
5842,1.4008078383710092e-09,1.6676982368499238e-05,1.6678458370973744e-05,-1.4760024745060440e-09,6.0485313561832618e-11,0
5843,-4.9749473181093200e-11,1.1208168382919681e-04,1.1208233517368744e-04,-6.5134449063150059e-10,4.3997818211366939e-11,0
5844,1.4496946582516870e-09,-2.0443768903866989e-05,-2.0439569970261942e-05,-4.1989336050476435e-09,2.5496388864549332e-11,0
5845,-4.0451127271977162e-10,3.5902410492623382e-05,3.5901355978482159e-05,1.0545141412230926e-09,1.0040031383496240e-10,0
5846,1.4994441320836265e-09,-1.3252547302365983e-04,-1.3252116949832241e-04,-4.3035253374139673e-09,1.3692847767558111e-11,0
5847,-3.5476180013108153e-10,-7.6179201463038530e-05,-7.6178564414257574e-05,-6.3704878095524175e-10,3.6177726558214426e-11,0
5848,-1.8542059283818213e-09,5.6346199121043092e-05,5.6333097571849862e-05,1.3101549193229747e-08,1.5303413117064262e-11,0
5849,-1.2590651553391703e-10,8.9008550240939413e-05,8.8988830003404435e-05,1.9720237534977996e-08,3.0377482873690758e-11,0
5851,-1.2967392767512381e-09,-1.8469012780468128e-04,-1.8468045507740084e-04,-9.6727272804364613e-09,3.1854187853483856e-11,0
5852,-1.1094810316352596e-09,-6.4612280973354308e-06,-6.4493588404436176e-06,-1.1869256891813158e-08,2.5670547027185717e-11,0
5853,1.8725824415952610e-10,1.7822890035424591e-04,1.7823300127158763e-04,-4.1009173417120778e-09,1.5011180536943636e-11,0
5854,1.5702268466592758e-10,2.2245682409268580e-06,2.1733991841117675e-06,5.1169056815090505e-08,1.5321784211702555e-11,0
5855,2.1011187276556647e-10,4.8063930207457167e-06,4.7491796658237078e-06,5.7213354922008927e-08,1.3802803750692785e-11,0
5856,5.3089188197676770e-11,2.5818349984656425e-06,2.5752905766434323e-06,6.5444218222101710e-09,1.6977125739176021e-11,0
5858,7.1783480098715659e-11,-1.7197113463994322e-05,-1.7225348982131610e-05,2.8235518137287405e-08,6.0960590789620609e-11,0
5859,9.5807621094100603e-11,9.4908057131221080e-05,9.4859289916801755e-05,4.8767214419324651e-08,1.7652238253878207e-11,0
5862,2.4024140991286487e-11,1.1210509074604874e-04,1.1208354202757687e-04,2.1548718471869812e-08,7.7342570720694407e-11,0
5863,1.2206151246206506e-10,2.1806651016136047e-06,2.1729705241171400e-06,7.6945774964647158e-09,2.8586708354455430e-11,0
5864,1.9360920673458796e-10,4.7617329488654908e-06,4.7489756228664152e-06,1.2757325999075574e-08,2.7854009246886229e-11,0
5865,7.1547694326304090e-11,2.5809352860763080e-06,2.5755248488681627e-06,5.4104372081452613e-09,3.1730070966907805e-11,0
5867,1.4179950508344480e-10,1.7823169727764106e-04,1.7823177313667140e-04,-7.5859030347494652e-11,1.5586214510283826e-11,0
5868,-5.2384899090433803e-11,-3.3342550057475703e-05,-3.3333655857524710e-05,-8.8941999509933845e-09,5.8741808226641199e-11,0
5869,-9.2745763245271614e-12,7.8743173498118692e-05,7.8748379568868821e-05,-5.2060707501287414e-09,1.1604263220364196e-11,0
5870,1.7260774587633481e-10,2.6316885776639723e-06,2.5767877789570489e-06,5.4900798706923353e-08,2.1473013604776092e-11,0
5871,4.3110322815289502e-11,1.1208574038321941e-04,1.1208399717748462e-04,1.7432057347903287e-09,3.1409119958762255e-11,0
5872,2.2499264501060568e-10,3.5974089573887619e-05,3.5909403226833018e-05,6.4686347054600712e-08,6.9141579899971324e-11,0
5873,1.8188232219998801e-10,-7.6111510074111655e-05,-7.6172215424654584e-05,6.0705350542929735e-08,1.3926849213114539e-11,0
5874,5.0634611011364526e-10,-8.0187106458618623e-06,-8.0652861726133551e-06,4.6575526751492773e-08,4.7953642201434211e-11,0
5876,1.2008178136577508e-10,1.7823024784168352e-04,1.7823109055458154e-04,-8.4271289802601533e-10,2.0168758068319215e-11,0
5877,2.1789264033538116e-10,1.7822893199378141e-04,1.7823186169588619e-04,-2.9297021047753995e-09,1.9209632205865203e-11,0
5878,3.1488855576698819e-10,1.4111785427546467e-04,1.4111927065654830e-04,-1.4163810836264213e-09,1.0624670249843740e-11,0
5879,9.6995915434712740e-11,-3.7111116499216677e-05,-3.7112415088111710e-05,1.2985888950324564e-09,1.3298999549271549e-11,0
5882,5.2682549262558691e-11,2.1708995969946764e-06,2.1721315300830522e-06,-1.2319330883758071e-09,2.6198463540713499e-11,0
5885,1.4418331012464826e-10,4.7452521830998245e-06,4.7483653479680705e-06,-3.1131648682459565e-09,2.1656218772963128e-11,0
5887,-1.7133642283751374e-10,1.6102603205182461e-05,1.6106523967883060e-05,-3.9207627005985359e-09,2.7948779752781753e-11,0
5888,6.2985100808965368e-11,-1.7224716407379149e-05,-1.7225372350832146e-05,6.5594345299640425e-10,2.5550399462534973e-11,0
5889,6.7629470462971200e-11,9.4859198910094648e-05,9.4859461125188565e-05,-2.6221509391696676e-10,6.4553275415996444e-12,0
5896,2.3896589364775271e-10,7.8756557068815694e-05,7.8751648673324059e-05,4.9083954916355086e-09,1.9538920366038415e-11,0
5897,9.1500760862405343e-11,2.5743435497543789e-06,2.5757956602832752e-06,-1.4521105288962999e-09,1.9025626107101723e-11,0
5898,4.6443696536631283e-12,1.1208395328295129e-04,1.1208375288623635e-04,2.0039671494215174e-10,2.0554509525729697e-11,0
5901,-5.4316719455382489e-10,-5.8838621924076767e-06,-5.8820239122670196e-06,-1.8382801406571030e-09,1.1868419504911385e-11,0
5903,-8.0249615995676929e-10,1.0216891463812883e-05,1.0222433194891686e-05,-5.5417310788029306e-09,1.4312370083956832e-11,0
5904,-4.8686464783094244e-10,-2.3110533116156920e-05,-2.3098079070604886e-05,-1.2454045552033757e-08,3.7987296264347588e-11,0
5905,-4.9677425849799881e-10,8.8972616947496225e-05,8.8984748210464126e-05,-1.2131262967901547e-08,1.0603565326657255e-11,0
5906,-7.2041897742728175e-10,1.2790348721720274e-05,1.2795638452046973e-05,-5.2897303266993270e-09,1.3578231757922880e-11,0
5907,8.4515722114827406e-10,-8.0467737811097673e-06,-8.0610182687044351e-06,1.4244487594667870e-08,1.9244914568095563e-11,0
5908,3.0199002695372028e-10,-1.3930671224757739e-05,-1.3939397122625779e-05,8.7258978680400444e-09,2.3622723213338255e-11,0
5910,4.2661060909094275e-11,2.1700709434985949e-06,2.1720154148840584e-06,-1.9444713854635138e-09,1.9966549795113255e-11,0
5911,3.5829257380360004e-10,-3.1157308614579611e-05,-3.1157719945997282e-05,4.1133141767083371e-10,6.4892320548126208e-11,0
5912,3.4838296313461085e-10,8.0925703896423274e-05,8.0921096952729583e-05,4.6069436936905638e-09,2.4827223366002818e-11,0
5913,1.2473824338402147e-10,4.7435444522061707e-06,4.7481252223812145e-06,-4.5807701750438511e-09,2.0617476330744623e-11,0
5915,-2.5932896568075317e-10,1.6100806629920639e-05,1.6105506800190755e-05,-4.7001702701159650e-09,1.6939706399035071e-11,0
5916,5.6302546777565788e-11,-1.7226666787493235e-05,-1.7225426513708898e-05,-1.2402737843372237e-09,4.4400065796133107e-11,0
5917,4.6392936108323000e-11,9.4856487053957429e-05,9.4859372098927972e-05,-2.8850449705430199e-09,9.6967621575120484e-12,0
5918,-1.7725178317316877e-10,1.8674236681224740e-05,1.8682704663885783e-05,-8.4679826610432603e-09,1.6211260865813374e-11,0
5923,3.1563151309034215e-10,-3.3327460485798460e-05,-3.3329160327350638e-05,1.6998415521774705e-09,7.4575855724037117e-11,0
5924,3.0572190242308627e-10,7.8755723372514463e-05,7.8752600239057386e-05,3.1231334570775869e-09,1.8629527980311496e-11,0
5925,8.2077182460861343e-11,2.5734554436551921e-06,2.5756877057133906e-06,-2.2322620581984564e-09,1.4885366044546781e-11,0
5926,-9.9096106664837380e-12,1.1208311827511541e-04,1.1208372347460069e-04,-6.0519948527995061e-10,4.8494514196901194e-11,0
5927,-2.3355433003168530e-10,3.5900745332190231e-05,3.5903897384662061e-05,-3.1520524718299135e-09,6.6230604175212079e-11,0
5928,-2.2364471949963333e-10,-7.6182260247019407e-05,-7.6177474827671823e-05,-4.7854193475834481e-09,1.8008523613120123e-11,0
5929,9.7795352281619901e-11,1.7822607419310909e-04,1.7822965071224008e-04,-3.5765191309846539e-09,2.0826707650770020e-11,0
5931,9.1497218071875084e-11,9.4860113094451769e-05,9.4860137602898148e-05,-2.4508446379127580e-11,2.0773356822862327e-11,0
5932,8.0357882434145791e-10,-3.7644550002925020e-05,-3.7673743207590390e-05,2.9193204665369779e-08,2.5765964350347794e-11,0
5935,7.1208160635286640e-10,-1.3250466330066296e-04,-1.3253241320816472e-04,2.7749907501755690e-08,2.7039194727648074e-11,0
5936,-6.4263053989187075e-10,-1.8467178815468254e-04,-1.8466991625505860e-04,-1.8718996239403072e-09,2.2512714349242457e-11,0
5937,-5.5526798941201358e-10,-6.4483932137818917e-06,-6.4429916130253110e-06,-5.4016007565806969e-09,2.2331987820751851e-11,0
5938,8.7362550229597428e-11,1.7822338829751472e-04,1.7822886966665225e-04,-5.4813691375275083e-09,1.6739214139018414e-11,0
5941,1.5819433317573562e-10,2.5776637741763836e-06,2.5766511216795587e-06,1.0126524968248645e-09,1.0867706157692070e-11,0
5942,3.3430701763760803e-11,-1.8464793755839162e-04,-1.8466128139519201e-04,1.3343836800382321e-08,2.9843362059390262e-11,0
5943,-2.1406823286537673e-11,-6.4358431616268370e-06,-6.4364231888192492e-06,5.8002719241212464e-10,2.4320718012784268e-11,0
5944,-5.4837524649434427e-11,1.7821209290044132e-04,1.7822680736183290e-04,-1.4714461391582365e-08,1.9343808437617999e-11,0
5946,8.9187488834312271e-10,-6.4286991176519537e-06,-6.4251471595124424e-06,-3.5519581395112605e-09,1.2079609640782920e-11,0
5947,8.0593321110628620e-10,-4.3544656263702630e-05,-4.3539177904567344e-05,-5.4783591352865636e-09,6.8422108408551224e-12,0
5948,-8.5941677439444077e-11,-3.7115959220811613e-05,-3.7114725669542628e-05,-1.2335512689841356e-09,3.9080396542051457e-12,0
5949,2.5629806284637577e-10,-1.3881979987234033e-05,-1.3940283556116367e-05,5.8303568882334063e-08,2.3853400608381607e-11,0
5950,1.1120170026982611e-10,2.1751030633452781e-06,2.1728912441511098e-06,2.2118191941682729e-09,1.8442692652482161e-11,0
5951,1.7965181807079601e-10,4.7503432531476736e-06,4.7488094654000724e-06,1.5337877476011928e-09,1.5108576134417798e-11,0
5952,-1.4509636243620201e-10,1.6057067898837471e-05,1.6107157680595618e-05,-5.0089781758146839e-08,2.1106608249585438e-11,0
5953,-7.6646244521321513e-11,1.8632250868635958e-05,1.8684194322929617e-05,-5.1943454293659292e-08,2.1012572710062739e-11,0
5954,6.8450117837318877e-11,2.5752180629486608e-06,2.5755468905664781e-06,-3.2882761781723925e-10,1.5425522260668110e-11,0
5955,1.3332239833720831e-10,-6.4297857406492645e-06,-6.4346260509799684e-06,4.8403103307039454e-09,1.0950161215886048e-11,0
5956,1.2638730945076577e-10,-4.3546136637524855e-05,-4.3547690049258309e-05,1.5534117334540837e-09,5.4411714708371631e-12,0
5957,-6.9350888263203840e-12,-3.7116329846004475e-05,-3.7113754640545455e-05,-2.5752054590193673e-09,3.0293695224861220e-12,0
5958,1.3577266912988814e-10,-1.3906960573351924e-05,-1.3941875963107450e-05,3.4915389755525543e-08,2.3237359646445448e-11,0
5960,9.2913837346248141e-11,2.1844606777768685e-06,2.1726723376713900e-06,1.1788340105478566e-08,2.2408992663590615e-11,0
5962,-4.2858831745379053e-11,1.6091390321825404e-05,1.6108497147609876e-05,-1.7106825784471831e-08,1.9676320616666987e-11,0
5964,-2.0964076026395096e-11,2.7366029141987457e-04,2.7364721266370546e-04,1.3078756169108800e-08,2.6641279078682573e-11,0
5965,7.4849636224216548e-11,-1.6157138202449765e-04,-1.6156587180470920e-04,-5.5102197884539499e-09,1.1030385235333132e-10,0
5966,5.3885560112060449e-11,1.1208884097345688e-04,1.1208515773855720e-04,3.6832348996798788e-09,7.8327284348110171e-11,0
5967,1.4686599248159532e-10,2.2023046598301094e-06,2.1733457839999696e-06,2.8958875830139786e-08,1.4374814297094974e-11,0
5968,2.0413859098805859e-10,4.7815696575057715e-06,4.7491146714049067e-06,3.2454986100864773e-08,1.3360504647905695e-11,0
5969,5.7272598594456669e-11,2.5792978152913660e-06,2.5754216404503298e-06,3.8761748410362157e-09,1.5236301016166244e-11,0
5970,9.5820831252496723e-10,-4.3528363686934010e-05,-4.3537474098646341e-05,9.1104117123312189e-09,2.6236295534850666e-11,0
5971,1.1064280861992693e-10,2.1782422786834760e-06,2.1729015283525635e-06,5.3407503309124669e-09,2.7726787387210496e-11,0
5972,1.8458744309748707e-10,4.7571648211126860e-06,4.7488728296255025e-06,8.2919914871835458e-09,2.4910122319386826e-11,0
5973,7.3944634520862932e-11,2.5789247188219566e-06,2.5756338179909812e-06,3.2909008309753804e-09,2.6609485780074211e-11,0
5975,1.0024528213869611e-10,-1.7879898545946878e-04,-1.7878569287672460e-04,-1.3292582744180203e-08,2.6354135912885404e-11,0
5976,2.5993772672751510e-10,-5.5717870281251844e-07,-5.5961710970861741e-07,2.4384068960989739e-09,3.6152782347332657e-11,0
5977,1.3458733993148880e-10,9.4895005447669448e-05,9.4861414101342896e-05,3.3591346326552096e-08,2.5675927346533844e-11,0
5981,1.5969244456200965e-10,1.7824180943305963e-04,1.7822809141400866e-04,1.3718019050969156e-08,1.8019662086322254e-11,0
5984,-3.2664415781545275e-09,-2.3084196970198437e-05,-2.3133048214171767e-05,4.8851243973330562e-08,4.6255535673603292e-11,0
5985,-2.6275739165999778e-09,-4.3558604422041028e-05,-4.3582041056838739e-05,2.3436634797711247e-08,6.2835732647958349e-12,0
5986,6.3886766564327471e-10,-2.0474407421209109e-05,-2.0450465398893335e-05,-2.3942022315773953e-08,3.0900030797616159e-11,0
5987,2.0615841776190396e-10,2.1744283929506399e-06,2.1740988105441439e-06,3.2958240649595146e-10,2.3156665691603485e-11,0
5988,1.7164452491618495e-10,4.7426413538561620e-06,4.7487139137071852e-06,-6.0725598510232327e-09,2.0991327281752299e-11,0
5989,-3.4513892793378429e-11,2.5681902114235364e-06,2.5743026799757495e-06,-6.1124685522131234e-09,1.7977539450753996e-11,0
5991,-1.5432314987439618e-10,-1.7881255788809031e-04,-1.7878809988298473e-04,-2.4458005105573721e-08,6.3787388344014090e-12,0
5992,1.0642034460064882e-10,-1.7230527184510696e-05,-1.7224602256775575e-05,-5.9249277351209641e-09,1.9344955486568796e-11,0
5993,2.2900393631826822e-10,9.4858325501246581e-05,9.4862867719265744e-05,-4.5422180191634440e-09,4.9805664578245963e-12,0
5994,2.7863183608832428e-10,-3.7699557444995091e-05,-3.7680626119907764e-05,-1.8931325087327363e-08,5.0966633127681452e-12,0
5999,3.8332708916717773e-10,2.7367088380301878e-04,2.7365138746080077e-04,1.9496342218005159e-08,5.1569846293556116e-12,0
6000,4.3295498571997807e-10,1.4111299538156861e-04,1.4111674331965829e-04,-3.7479380896835324e-09,3.1675226453152611e-12,0
6001,-2.6074349484595992e-10,-1.6158209058790216e-04,-1.6156882391418027e-04,-1.3266673721883896e-08,2.7463832262639713e-11,0
6002,1.2258359174687036e-10,1.1208888829065131e-04,1.1208643333176759e-04,2.4549588837220315e-09,2.0473931538303771e-11,0
6003,1.7221149107833957e-10,-2.0468960886095566e-05,-2.0456325321708424e-05,-1.2635564387142697e-08,2.3835740715756300e-11,0
6004,4.9627899486157624e-11,-1.3255788079734668e-04,-1.3254185311216789e-04,-1.6027685178783124e-08,3.8573461039570556e-12,0
6005,-1.1284930851383258e-09,-6.4684025078039220e-06,-6.4505334838526487e-06,-1.7869023951273312e-08,2.6851012572195800e-11,0
6006,5.3958189713929315e-10,-4.3540413797463207e-05,-4.3542974508110781e-05,2.5607106475742368e-09,1.1999391905030630e-11,0
6007,-1.7304432444850761e-10,-1.4008318968552341e-05,-1.3946144434447429e-05,-6.2174534104911982e-08,1.7715283783613749e-11,0
6009,-5.5185711115482548e-11,2.1093580004939716e-06,2.1708711057856717e-06,-6.1513105291700108e-08,1.3823839731843864e-11,0
6010,1.3122435880788035e-10,-1.9279393712007958e-04,-1.9272404829860738e-04,-6.9888821472208120e-08,2.2699579932661708e-11,0
6011,3.2000162046520510e-10,-1.4548036040767671e-05,-1.4492509784980417e-05,-5.5526255787254221e-08,3.6910403522418122e-11,0
6012,-1.0131169731179612e-10,-3.1232284659090531e-05,-3.1164105577079423e-05,-6.8179082011108596e-08,7.1763131937643421e-11,0
6013,-6.2993792852186669e-11,8.0854827718156164e-05,8.0916600838019226e-05,-6.1773119863062611e-08,1.7065778043162900e-11,0
6014,1.1638494772464378e-10,4.7165989215246663e-06,4.7480302839772337e-06,-3.1431362452567455e-08,1.6173366093234779e-11,0
6016,1.1785861344631470e-10,1.6117697604201356e-05,1.6110811593328516e-05,6.8860108728400918e-09,1.3701743270883738e-11,0
6017,3.0426868315336536e-10,-1.7878569347489111e-04,-1.7878176263951397e-04,-3.9308353771408053e-09,8.4662290410321281e-12,0
6018,4.9304594501428882e-10,-5.3977940467006547e-07,-5.5675170904327784e-07,1.6972304373212370e-08,1.1574688961439689e-11,0
6019,7.1732627322746234e-11,-1.7223939530352627e-05,-1.7224992086012089e-05,1.0525556594624013e-09,3.4529603789715586e-11,0
6020,1.1005053188506060e-10,9.4863105244154255e-05,9.4861637535594641e-05,1.4677085596144154e-09,7.4125685208308164e-12,0
6021,2.8942927245878052e-10,1.8724968476782622e-05,1.8689140125160620e-05,3.5828351622001464e-08,1.3899290439899722e-11,0
6028,1.8641006982620675e-10,-1.9490339828918588e-04,-1.9489057999070409e-04,-1.2818298481790009e-08,1.6108656717639801e-11,0
6029,3.7518733157366719e-10,-1.6657489408255892e-05,-1.6659500966204125e-05,2.0115579482335184e-09,2.4307072158841274e-11,0
6030,-4.6125986164858191e-11,-3.3341508996203792e-05,-3.3333874677324772e-05,-7.6343188790202097e-09,6.6503966932081633e-11,0
6031,-7.8080816595948291e-12,7.8745399535139204e-05,7.8749759197749292e-05,-4.3596626100872449e-09,1.3502044422774881e-11,0
6032,1.7157065891767587e-10,2.6072183080434741e-06,2.5768730084369735e-06,3.0345299606500628e-08,1.1854553897498839e-11,0
6033,1.8877726175706543e-10,1.7824590380995532e-04,1.7822702798656734e-04,1.8875823387974134e-08,8.5759413549129963e-12,0
6034,-1.9421815146649032e-10,2.7364879825523322e-04,2.7364380451741889e-04,4.9937378143218025e-09,7.9012654525099391e-12,0
6035,-1.4839410889890059e-11,1.9751061821952909e-04,1.9746617706826176e-04,4.4441151267332743e-08,1.6897175795163998e-11,0
6036,-3.8299541329225126e-10,9.5402890751789676e-05,9.5420304262564462e-05,-1.7413510774785400e-08,9.7572291016255734e-12,0
6037,-2.0361667271445152e-10,1.9264739032936800e-05,1.9233349146815176e-05,3.1389886121624801e-08,2.5222470314679928e-11,0
6038,2.3253605585033106e-10,-1.6156162395003330e-04,-1.6156210017990140e-04,4.7622986809473314e-10,4.1503723260790856e-11,0
6039,4.2131331769801712e-10,1.6684224547536264e-05,1.6665971085349252e-05,1.8253462187011593e-08,7.0542156251592308e-11,0
6040,3.8317904555954263e-11,1.1208708718350854e-04,1.1208560063924885e-04,1.4865442596903545e-09,3.6740198365108655e-11,0
6041,2.1769664512922839e-10,3.5948894748484561e-05,3.5910096161910405e-05,3.8798586574156316e-08,7.8123632150298472e-11,0
6042,1.7937874057296806e-10,-7.6138169187865007e-05,-7.6173244069994945e-05,3.5074882129938279e-08,1.3523516469468489e-11,0
6045,2.2803935996300524e-10,-1.7879333585418822e-04,-1.7878219235645558e-04,-1.1143497732641477e-08,1.3390402613729279e-11,0
6046,4.6997548955274389e-10,-5.6801271682699328e-07,-5.5704720503389736e-07,-1.0965511793095921e-08,1.6377959876456486e-11,0
6047,7.9307865556200597e-11,-1.7224384584597929e-05,-1.7224866133104111e-05,4.8154850618246101e-10,6.7108183045532783e-11,0
6048,1.4209760272437613e-10,9.4862828158760780e-05,9.4862229331011538e-05,5.9882774924185402e-10,1.7276808992783370e-11,0
6053,2.4193612964742550e-10,1.7822529744215094e-04,1.7822716272649871e-04,-1.8652843477694886e-09,1.1494081158856915e-11,0
6054,-8.5941757063229753e-11,2.7365615087682248e-04,2.7364481372125745e-04,1.1337155565033230e-08,1.7485098598616534e-11,0
6055,-3.2787788684244415e-10,9.5430860188255585e-05,9.5421181321403469e-05,9.6788668521162902e-09,2.3613885433976929e-11,0
6056,1.4873149438144450e-10,-1.6156873461473575e-04,-1.6156265849802791e-04,-6.0761167078391808e-09,9.9585241838232988e-11,0
6058,6.2789737176269003e-11,1.1208743641370213e-04,1.1208607255972037e-04,1.3638539817634448e-09,8.0071712479014561e-11,0
6059,-1.1187394136092488e-10,-4.3559982465028908e-05,-4.3551244737181405e-05,-8.7377278475036569e-09,1.8190821558461991e-11,0
6060,-7.5741093952214991e-11,-1.3948227591129708e-05,-1.3945220615635823e-05,-3.0069754938856518e-09,9.7268945639183322e-12,0
6062,-6.5281892465505467e-11,2.1626225513316638e-06,2.1707687414226648e-06,-8.1461900910010111e-09,1.4263021711830236e-11,0
6063,3.7462522766723422e-10,-1.9271589871434468e-04,-1.9272015994336585e-04,4.2612290211707128e-09,1.6938704359254683e-11,0
6065,4.2721254811579656e-12,8.0914024604991294e-05,8.0917635121031340e-05,-3.6105160400459009e-09,1.2154831890469352e-11,0
6066,8.7595808970332564e-11,4.7398378343931416e-06,4.7476761152993653e-06,-7.8382809062237192e-09,1.5788090397299237e-11,0
6068,1.0459201419862072e-11,1.6110827655203656e-05,1.6109686879611275e-05,1.1407755923810426e-09,6.0467413666230649e-12,0
6069,4.5036632191887695e-10,-1.7876764330181441e-04,-1.7877865702150097e-04,1.1013719686557349e-08,4.4762619789412911e-12,0
6070,6.0472231545170922e-11,-1.7224411992320823e-05,-1.7225051419163935e-05,6.3942684311215758e-10,1.6386044621011343e-11,0
6071,8.0013219619216764e-11,9.4862223011450453e-05,9.4861752704641494e-05,4.7030680895955926e-10,3.8985959147011656e-12,0
6072,1.6333690300135319e-10,1.8688041658315030e-05,1.8687790468373638e-05,2.5118994139209077e-10,5.9749707960960928e-12,0
6078,4.3990712040832812e-10,-1.9487846346159104e-04,-1.9488643798539821e-04,7.9745238071662634e-09,8.2760562241259076e-12,0
6079,5.0013030077996348e-11,-3.3335254519188499e-05,-3.3332757748150744e-05,-2.4967710377554503e-09,3.5936319457333487e-11,0
6080,6.9554018135083183e-11,7.8751400789158973e-05,7.8751064605239444e-05,3.3618391952910682e-10,6.4457034646693485e-12,0
6081,1.5287770154509755e-10,2.5771988350822145e-06,2.5766661170192387e-06,5.3271806297576637e-10,8.5075289155749401e-12,0
6082,-3.7035310214390649e-10,2.7362987514961516e-04,2.7364078318525007e-04,-1.0908035634905194e-08,3.8033826671768943e-12,0
6083,-2.8702941861467755e-10,1.9745568844290254e-04,1.9746186204726098e-04,-6.1736043584410556e-09,7.8667550777981108e-12,0
6084,3.8989409037323336e-10,-1.6154318201687737e-04,-1.6155894187350301e-04,1.5759856625638001e-08,2.7697877243595137e-11,0
6085,1.9540988071756926e-11,1.1208671708522304e-04,1.1208579039160791e-04,9.2669361512762519e-10,1.9943139242416032e-11,0
6086,1.0286467145739633e-10,3.5912395484386482e-05,3.5908871174172530e-05,3.5243102139515610e-09,3.3762921671583973e-11,0
6087,8.3323683378041977e-11,-7.6174189771772115e-05,-7.6174688829197274e-05,4.9905742515940488e-10,6.2274366900663275e-12,0
6088,8.4988438997609663e-10,-6.4293854062664330e-06,-6.4263699690671873e-06,-3.0154371992456556e-09,1.2956778489207750e-11,0
6089,7.7763554521912999e-10,-4.3545498717883699e-05,-4.3540358700075840e-05,-5.1400178078584813e-09,6.8620543388547529e-12,0
6090,-7.2248844899567331e-11,-3.7116115359970073e-05,-3.7114641729600100e-05,-1.4736303699723033e-09,4.0559133805663978e-12,0
6093,3.0537238617868291e-11,2.1705535691958142e-06,2.1719643251949199e-06,-1.4107559991056922e-09,2.3715362134843417e-11,0
6096,1.1445762390998398e-10,4.7447207955648302e-06,4.7480101537097568e-06,-3.2893581449266744e-09,2.0035816091206787e-11,0
6098,-1.8515274745145340e-10,1.6103173141974667e-05,1.6107327062792878e-05,-4.1539208182114068e-09,2.7568391392691898e-11,0
6099,5.3199923455423869e-11,-1.7224840634661907e-05,-1.7225115999739886e-05,2.7536507797882724e-10,2.5012272979635708e-11,0
6100,5.0961505987657180e-11,9.4860631099863337e-05,9.4861547911077401e-05,-9.1681121406424117e-10,1.0604707049971566e-11,0
6107,2.3611425381217330e-10,7.8757447912461073e-05,7.8753240520440678e-05,4.2073920203953077e-09,3.4249723728170337e-11,0
6108,8.3920385290977559e-11,2.5741753458386309e-06,2.5758188917100389e-06,-1.6435458714080163e-09,2.1382363458591163e-11,0
6109,-2.2384174689650795e-12,1.1208560673045130e-04,1.1208565504098972e-04,-4.8310538417460115e-11,3.3021925448096080e-11,0
6112,-5.8244994829840138e-11,-1.8464430788507798e-04,-1.8465856994591897e-04,1.4262060840994481e-08,3.1970958767969639e-11,0
6113,-6.5796334904685728e-11,-6.4370065493361394e-06,-6.4377758064408969e-06,7.6925710475746580e-10,2.5801949914318295e-11,0
6114,-6.2774706949769525e-11,-4.3550869789022505e-05,-4.3550840177846527e-05,-2.9611175978664500e-11,1.4881890193707818e-11,0
6115,-7.5513395830651299e-12,1.7820730014363271e-04,1.7822280670762167e-04,-1.5506563988962937e-08,1.8848311002991252e-11,0
6116,-4.5297114316828036e-12,1.4109345683831903e-04,1.4110875448341862e-04,-1.5297645099586000e-08,1.1689474667161063e-11,0
6117,3.0216280071785048e-12,-3.7113851214506943e-05,-3.7113714382401157e-05,-1.3683210578594070e-10,1.1862619929780654e-11,0
6118,2.5119627566819363e-10,-1.3898706713304232e-05,-1.3941375193917036e-05,4.2668480612804239e-08,3.3781704822525427e-11,0
6120,9.7240269405186421e-11,2.1742041187841274e-06,2.1728011432673568e-06,1.4029755167705574e-09,3.1887416412629672e-11,0
6121,1.6581664031824740e-10,4.7492288579639025e-06,4.7486482841269389e-06,5.8057383696361471e-10,2.7062267818482083e-11,0
6123,-1.5395600613086901e-10,1.6072985257862063e-05,1.6107801032818486e-05,-3.4815774956422924e-08,2.3870812897695906e-11,0
6124,-8.5379635124506136e-11,1.8647985682107224e-05,1.8684864242527111e-05,-3.6878560419887534e-08,2.7095594205512821e-11,0
6127,6.8576370938458450e-11,2.5749800230576939e-06,2.5756390804899728e-06,-6.5905743227889823e-10,2.5109611263974126e-11,0
6129,1.0670190237958817e-10,-6.4300351008302059e-06,-6.4357449653647413e-06,5.7098645345353871e-09,7.2446840053859419e-12,0
6130,1.1010727165678958e-10,-4.3546958750298979e-05,-4.3548824309015310e-05,1.8655587163303997e-09,3.8654859609701852e-12,0
6131,3.4053693322829837e-12,-3.7116883943637269e-05,-3.7113722881526796e-05,-3.1610621104732374e-09,2.1577032516835693e-12,0
6132,1.3103521995003454e-10,-1.3920271804663577e-05,-1.3942938483736314e-05,2.2666679072736996e-08,2.1404225545540879e-11,0
6134,7.9724021187622229e-11,2.1787275723047367e-06,2.1725898195828313e-06,6.1377527219054010e-09,2.3583712998826301e-11,0
6135,1.7396344111411249e-10,4.7804983827424291e-06,4.7487500557173394e-06,3.1748327025089668e-08,1.7004989387365563e-11,0
6137,-5.1311198731891476e-11,1.6099061891406384e-05,1.6109127533329225e-05,-1.0065641922841020e-08,1.7568890416780990e-11,0
6138,4.2928221236451873e-11,1.8700810863514104e-05,1.8686510780711320e-05,1.4300082802784047e-08,1.9316334812169922e-11,0
6141,9.4239419949350662e-11,2.6017283665897770e-06,2.5759637836874545e-06,2.5764582902322479e-08,1.9534091796139211e-11,0
6142,1.3484768112158826e-10,2.1906231366282392e-06,2.1732777943211429e-06,1.7345342307096213e-08,1.3776264136576339e-11,0
6143,1.9566936196553623e-10,4.7685222669315713e-06,4.7490197872472147e-06,1.9502479684356645e-08,1.3520335611767711e-11,0
6144,6.0821680917078954e-11,2.5778810134884263e-06,2.5755541108150097e-06,2.3269026734165314e-09,1.4450936398047061e-11,0
6146,-3.4855176851926877e-09,-1.8466621483899512e-04,-1.8469992647222530e-04,3.3711633230185806e-08,1.2166069680329089e-11,0
6147,-2.8850359618162942e-09,-6.4474863922881279e-06,-6.4729776141383806e-06,2.5491221850252765e-08,1.1338101082392746e-11,0
6148,-3.2947869099408099e-09,-2.3076649641675002e-05,-2.3134155472476973e-05,5.7505830801970852e-08,5.7396699867430515e-11,0
6149,-3.0910560076714023e-09,8.9008027237050952e-05,8.8954078261590841e-05,5.3948975460110750e-08,1.4211277113089063e-11,0
6150,-2.6054250298617067e-09,-4.3559407047998044e-05,-4.3582655374799430e-05,2.3248326801385722e-08,6.6862776792979940e-12,0
6151,6.0048172384490143e-10,1.7821869170755664e-04,1.7822898032259434e-04,-1.0288615037706969e-08,8.1418757559929518e-12,0
6152,3.9446168084028986e-10,2.7367422005015150e-04,2.7364909947206816e-04,2.5120578083339448e-08,1.0777857499580991e-11,0
6153,8.8009265605915033e-10,1.4110678642287322e-04,1.4111829362872610e-04,-1.1507205852876205e-08,4.9212891582582653e-12,0
6154,-2.0602003900076481e-10,9.5455528981091067e-05,9.5423662482286583e-05,3.1866498804484665e-08,1.1264194768640242e-11,0
6155,2.7961093259187965e-10,-3.7111905345137012e-05,-3.7110313497591461e-05,-1.5918475455500782e-09,5.3105892132682814e-12,0
6156,-1.9073076919576079e-10,-1.6158950963271468e-04,-1.6156445758894970e-04,-2.5052043764982324e-08,4.1798335648560713e-11,0
6157,4.0975095318561771e-10,1.6629150667002088e-05,1.6665669230930422e-05,-3.6518563928333804e-08,5.0043009461796758e-11,0
6158,2.0373090129132673e-10,1.1208469325207600e-04,1.1208866464826645e-04,-3.9713961904480361e-09,5.3172945360545995e-11,0
6159,6.8936188459819113e-10,-2.0482664034454645e-05,-2.0450481994533684e-05,-3.2182039920961188e-08,2.9332450254590246e-11,0
6160,4.8563098281537552e-10,-1.3256745812092671e-04,-1.3253813497197126e-04,-2.9323148955452726e-08,7.0700738915922578e-12,0
6161,9.7221950981649848e-11,2.1762404080177128e-06,2.1728174692577821e-06,3.4229387599306736e-09,2.0489164498296936e-11,0
6162,1.7264757947451249e-10,4.7538510409960572e-06,4.7487350701906632e-06,5.1159708053939471e-09,2.0468252595975373e-11,0
6163,7.5425628526224260e-11,2.5776121881505680e-06,2.5757420861407152e-06,1.8701020098527954e-09,2.2372941654689548e-11,0
6164,-5.0195805825730461e-10,-5.8711884810332560e-06,-5.8815128574105398e-06,1.0324376377283769e-08,1.6040992019556140e-11,0
6166,-7.7962132251971377e-10,1.0228449272026846e-05,1.0221369591801397e-05,7.0796802254491332e-09,2.3504271174768413e-11,0
6167,-4.6214887414321558e-10,-2.3098886183093095e-05,-2.3099130421332473e-05,2.4423823937762723e-10,6.6378431374861762e-11,0
6168,-4.8251307148843794e-10,8.8985932884578373e-05,8.8986552617593834e-05,-6.1973301546168567e-10,1.0663387898120551e-11,0
6169,-7.1430604377262563e-10,1.2801552624125065e-05,1.2794944584422449e-05,6.6080397026156408e-09,2.0530894501851090e-11,0
6170,7.9263135699961041e-10,-8.0590460261363919e-06,-8.0612303612944400e-06,2.1843351580480753e-09,2.8700462130445737e-11,0
6171,2.9067329888000801e-10,-1.3930152726365948e-05,-1.3941198571712412e-05,1.1045845346464161e-08,1.7866883116726157e-11,0
6173,1.3010034217558060e-11,2.1694847883299215e-06,2.1717818336782893e-06,-2.2970453483678579e-09,1.7707129622517107e-11,0
6174,3.3048248307466328e-10,-3.1157942033686707e-05,-3.1159395483052507e-05,1.4534493657995633e-09,5.5212419691712025e-11,0
6175,3.1011828571916693e-10,8.0926945737618255e-05,8.0921797309576739e-05,5.1484280415157102e-09,2.3897774383750791e-11,0
6176,7.8325312942356282e-11,4.7425021621654365e-06,4.7475664245336988e-06,-5.0642623682623132e-09,1.6396362507404869e-11,0
6178,-2.7766326428813769e-10,1.6099645017668071e-05,1.6106496098642535e-05,-6.8510809744634280e-09,1.4536310256827525e-11,0
6179,3.9809184123284126e-11,-1.7227685775197130e-05,-1.7225159462136040e-05,-2.5263130610901630e-09,3.5885002512885521e-11,0
6180,1.9444986774243456e-11,9.4857124422613112e-05,9.4861901531636180e-05,-4.7771090230683223e-09,9.8539479387733186e-12,0
6181,-2.1234798554401031e-10,1.8672727736699854e-05,1.8683526474409875e-05,-1.0798737710021069e-08,1.3398426564297754e-11,0
6186,3.1747244907347690e-10,-3.3327387166272662e-05,-3.3329579881794925e-05,2.1927155222624070e-09,5.5193270447919064e-11,0
6187,2.9710825172038909e-10,7.8757482043353630e-05,7.8754525133236942e-05,2.9569101166876648e-09,1.8168360690246010e-11,0
6188,6.5315278718794492e-11,2.5730686398143902e-06,2.5756262167334909e-06,-2.5575769191006670e-09,1.3674366572886684e-11,0
6189,-2.0364197349812045e-11,1.1208487671537232e-04,1.1208607540438259e-04,-1.1986890102743970e-09,4.5355285171130199e-11,0
6190,-2.5215716978949654e-10,3.5900503064564132e-05,3.5904835794738330e-05,-4.3327301741982976e-09,6.2249957062826655e-11,0
6191,-2.3179297258773268e-10,-7.6184412693993536e-05,-7.6179064618983873e-05,-5.3480750096627236e-09,1.7229981176946409e-11,0
6192,1.6794898976130884e-10,1.7822400852782281e-04,1.7822294235531649e-04,1.0661725063194297e-09,1.9380084346393516e-11,0
6193,2.3461384194585396e-10,1.4111464787561114e-04,1.4110958296741454e-04,5.0649081965992420e-09,1.2273599574045073e-11,0
6194,6.6664852206939291e-11,-3.7109390388312402e-05,-3.7112968761054422e-05,3.5783727420196621e-09,1.4569408142156267e-11,0
6195,-1.6234760377669649e-09,-4.3566539192994164e-05,-4.3570751075709952e-05,4.2118827157881637e-09,2.0404826075360906e-11,0
6197,4.2193483660070997e-10,-1.7878326104594361e-04,-1.7877587514485531e-04,-7.3859010882944189e-09,3.0976284600581547e-11,0
6198,6.3143512645284973e-10,-5.5838293134234662e-07,-5.5511609837842186e-07,-3.2668329639247627e-09,3.3398240623075917e-11,0
6199,8.9165142719630086e-11,9.4863430964339346e-05,9.4863047698838331e-05,3.8326550101468702e-10,2.1927019286666424e-11,0
6203,2.0950028965262181e-10,1.7822482229640528e-04,1.7822278055949577e-04,2.0417369095057907e-09,2.5229030368773850e-11,0
6204,-3.3276969386017134e-10,2.7364665061453339e-04,2.7363922148188952e-04,7.4291326438639775e-09,2.3789087040217944e-11,0
6205,-5.4226998339825508e-10,9.5421864214266169e-05,9.5419990939075631e-05,1.8732751905388683e-09,2.9780191301037340e-11,0
6206,1.8222573812082042e-09,-1.6679843150827606e-05,-1.6642657227219503e-05,-3.7185923608102858e-08,2.9527123887642908e-11,0
6207,4.8255258790776135e-11,2.5633760067766270e-06,2.5754386127330683e-06,-1.2062605956441271e-08,1.8173629800887874e-11,0
6208,-1.7740021227017133e-09,1.9243261164163163e-05,1.9214771645103354e-05,2.8489519059809434e-08,3.1560832155909058e-11,0
6210,-8.3587074084058039e-11,-1.7881145966011473e-04,-1.7878149435219141e-04,-2.9965307923326230e-08,7.7898701792026057e-12,0
6211,1.0532388080485745e-10,-1.7231923894909943e-05,-1.7224260267712201e-05,-7.6636271977417790e-09,2.9677510683635726e-11,0
6212,2.2421579241516146e-10,9.4860137716291817e-05,9.4864967544920178e-05,-4.8298286283609453e-09,4.9976545266042768e-12,0
6213,3.6523376156788646e-10,-3.7704402460755210e-05,-3.7680337546907328e-05,-2.4064913847882097e-08,4.6768461687203110e-12,0
6219,4.4882083563176592e-10,1.4110706844434157e-04,1.4111083792198254e-04,-3.7694776409676143e-09,3.7074000341007543e-12,0
6220,-1.8891095520088641e-10,-1.6157956819869319e-04,-1.6156258979239263e-04,-1.6978406300566067e-08,3.5999842999970019e-11,0
6221,1.1889191164623404e-10,1.1209208236404652e-04,1.1208825868899601e-04,3.8236750505080261e-09,2.2549999171599693e-11,0
6222,2.5990988044246591e-10,-2.0472391708544618e-05,-2.0456108574183510e-05,-1.6283134361108116e-08,2.3810496088958343e-11,0
6223,1.4101796894727678e-10,-1.3256453388890525e-04,-1.3254329960901622e-04,-2.1234279889032490e-08,3.6795715751442173e-12,0
6224,4.9614501135003506e-10,-8.0777842878989453e-06,-8.0648116392125831e-06,-1.2972648686362245e-08,4.3509514345320884e-11,0
6226,5.9579019598879279e-11,-1.7879743048095954e-04,-1.7877923761422412e-04,-1.8192866735425610e-08,2.3760852623583047e-11,0
6227,2.6516264807302063e-10,-5.7682765032800870e-07,-5.5967902075123568e-07,-1.7148629576773024e-08,2.5640985423208557e-11,0
6228,9.0398431362364121e-11,-1.7221417278586674e-05,-1.7224415490856509e-05,2.9982122698355665e-09,4.7546598384428701e-11,0
6229,1.6177097352283040e-10,9.4877243798378776e-05,9.4864374542142938e-05,1.2869256235838308e-08,1.2182602348826917e-11,0
6234,2.0558362837350372e-10,1.7822056628534260e-04,1.7822158124510009e-04,-1.0149597574882468e-09,1.1402413673013507e-11,0
6236,-1.0339167405394290e-10,9.5454082041894137e-05,9.5425858255115877e-05,2.8223786778259477e-08,2.2792643038412930e-11,0
6237,-3.0819411718971532e-11,-1.6157601475126973e-04,-1.6156018030300123e-04,-1.5834448268504725e-08,8.1724657608644506e-11,0
6239,7.1372542153277655e-11,1.1209869488020691e-04,1.1208782658212748e-04,1.0868298079428143e-08,4.5008137141733920e-11,0
6241,-8.3013834943025754e-11,2.1616454010369573e-06,2.1706294527640565e-06,-8.9840517270991130e-09,1.1659754011032302e-11,0
6242,6.2556395374369171e-11,4.7384234477861747e-06,4.7473756808381174e-06,-8.9522330519426919e-09,1.3006808231219778e-11,0
6243,1.4557023043740854e-10,2.5767625218067747e-06,2.5766634681784007e-06,9.9053628373999307e-11,1.1341211235829156e-11,0
6244,-7.8059104968287582e-11,2.1151943568990805e-06,2.1706972441984996e-06,-5.5502887299419084e-08,2.7970314748082043e-11,0
6245,8.9617893930935003e-11,4.7102279433532124e-06,4.7477120781982958e-06,-3.7484134845083398e-08,2.8069528691659469e-11,0
6246,1.6767699899782929e-10,2.5950790078213201e-06,2.5769445499085203e-06,1.8134457912799800e-08,2.0875690774496103e-11,0
6247,9.7791206193356315e-11,-4.3547763099672978e-05,-4.3549804937632999e-05,2.0418379600214021e-09,5.3604364974803187e-12,0
6249,2.2296804479928776e-10,-1.7878479367576072e-04,-1.7877640507189021e-04,-8.3886038705085174e-09,2.2711708147774794e-11,0
6250,4.1319128919232622e-10,-5.5921641767264774e-07,-5.5785792367049871e-07,-1.3584940021490251e-09,2.6366626726571771e-11,0
6251,7.5006124703825074e-11,-1.7222857767335573e-05,-1.7224556328587212e-05,1.6985612516387614e-09,7.4189488053873465e-11,0
6252,1.2252884707589088e-10,9.4867456468938384e-05,9.4864191795546870e-05,3.2646733915135586e-09,1.6891163884150017e-11,0
6257,1.9022324438680641e-10,1.7822550045022093e-04,1.7822057061134155e-04,4.9298388793775089e-09,1.7783728845859826e-11,0
6258,-1.0043919776821658e-10,2.7365228412038920e-04,2.7364084925541866e-04,1.1434864970541209e-08,1.9590340134756736e-11,0
6259,-2.9066244235659731e-10,9.5426703169688293e-05,9.5423838411410865e-05,2.8647582774277104e-09,2.3315417645254558e-11,0
6260,1.4796192014461862e-10,-1.6156178696502533e-04,-1.6155721106387777e-04,-4.5759011475527810e-09,8.9976798453617688e-11,0
6261,3.3818516453097682e-10,1.6663756343702173e-05,1.6664614778093967e-05,-8.5843439179430180e-10,6.4559267910192457e-11,0
6262,4.7522722365766855e-11,1.1209047305678951e-04,1.1208779417698521e-04,2.6788798042918019e-09,7.4270195216749285e-11,0
6263,1.1922461164861836e-10,2.2317909761683519e-06,2.1731509197104601e-06,5.8640056457891816e-08,5.5709605023085686e-11,0
6265,2.7120541440972188e-10,-1.7878688205475281e-04,-1.7877534121739610e-04,-1.1540837356708048e-08,2.1470247838548515e-11,0
6266,1.2644802519005462e-10,9.4865029282440263e-05,9.4864415915666306e-05,6.1336677395691132e-10,2.1532869272710382e-11,0
6267,6.0410537264644334e-10,-3.7679127999928680e-05,-3.7677615564361079e-05,-1.5124355676003880e-09,1.0200132715270870e-11,0
6271,-1.4475738905188975e-10,2.7365193486683908e-04,2.7363999840607591e-04,1.1936460763166054e-08,2.2055127888870499e-11,0
6272,3.3289995835445252e-10,1.4110773317519126e-04,1.4110753273003206e-04,2.0044515919586010e-10,1.2294302593632817e-11,0
6273,4.7765734745976780e-10,-1.3254416474169843e-04,-1.3253991436163991e-04,-4.2503800585190748e-09,1.5782172507225119e-11,0
6274,1.2322153573267120e-10,2.1847894873978924e-06,2.1732085434147403e-06,1.1580943983152023e-08,7.8975334005070384e-12,0
6275,1.8623503397614394e-10,4.7616568880394505e-06,4.7489121677017526e-06,1.2744720337697970e-08,7.4616187152709043e-12,0
6276,6.3013498307823077e-11,2.5768438901613202e-06,2.5756630651559497e-06,1.1808250053704962e-09,7.1586068571040619e-12,0
6277,-7.6888081071042223e-10,-1.8467759729968742e-04,-1.8466252376435094e-04,-1.5073535336476533e-08,2.6750297917194328e-11,0
6278,-6.0781136128149411e-10,-6.4644471445586549e-06,-6.4455103988769393e-06,-1.8936745681715549e-08,2.6345546543856233e-11,0
6279,-5.3656713764321397e-10,-4.3576874734781168e-05,-4.3557913068509042e-05,-1.8961666272126077e-08,1.6284150030855535e-11,0
6280,1.6106944893364094e-10,1.7821326752553383e-04,1.7821910600145511e-04,-5.8384759212871690e-09,1.5754228727996499e-11,0
6281,2.3231367237899164e-10,1.4110075763111574e-04,1.4110562615690902e-04,-4.8685257932859667e-09,9.6893829907193423e-12,0
6282,7.1244223340695990e-11,-3.7112484264888342e-05,-3.7112992198461215e-05,5.0793357287391445e-10,1.0680646494831120e-11,0
6285,9.7160175905110718e-12,2.1701652817580214e-06,2.1718115546162820e-06,-1.6462728582606280e-09,2.8676886391988307e-11,0
6288,8.3722898550250123e-11,4.7441015281987110e-06,4.7476421971930080e-06,-3.5406689942970153e-09,2.2934377970499291e-11,0
6290,-1.9804719593621627e-10,1.6103479093648385e-05,1.6108123573000810e-05,-4.6444793524250138e-09,2.6280616069710803e-11,0
6291,4.2570375818650104e-11,-1.7225136089359236e-05,-1.7224877103803131e-05,-2.5898555610465949e-10,2.6350898625070384e-11,0
6292,3.3341939249321348e-11,9.4861867929538473e-05,9.4863580489016084e-05,-1.7125594776112255e-09,7.0146052499504154e-12,0
6299,2.3138913558207721e-10,7.8758371357890572e-05,7.8754779046506774e-05,3.5923113837982648e-09,2.3364714082356976e-11,0
6300,7.4006880965248437e-11,2.5738502870559785e-06,2.5758110210996928e-06,-1.9607340437143262e-09,1.8114190676331954e-11,0
6301,-9.2284365663009339e-12,1.1208708131200387e-04,1.1208751911684758e-04,-4.3780484371548720e-10,2.2987208103376707e-11,0
6304,-1.7356909222729462e-10,-1.8463953097797026e-04,-1.8465489031921139e-04,1.5359341241135555e-08,3.1163002128236065e-11,0
6305,-1.1886082224911422e-10,-6.4386262675347880e-06,-6.4394989335432575e-06,8.7266600846949900e-10,2.8561349088418621e-11,0
6306,5.4708270497382585e-11,1.7820090180423621e-04,1.7821748815249490e-04,-1.6586348258691491e-08,1.8299036864518311e-11,0
6307,7.8572988226563283e-10,-6.4302110615024541e-06,-6.4283312415796882e-06,-1.8798199227658383e-09,1.1901408682747364e-11,0
6308,7.3605474616984204e-10,-4.3546771547599457e-05,-4.3542252211279569e-05,-4.5193363198883091e-09,6.3923420836644558e-12,0
6309,-4.9675136188133842e-11,-3.7116558024389082e-05,-3.7114504357362024e-05,-2.0536670270577357e-09,4.0211824954409208e-12,0
6310,2.4461939111149676e-10,-1.3909829684664171e-05,-1.3942750929221243e-05,3.2921244557072095e-08,2.2427474416411308e-11,0
6311,2.4146979057138027e-10,-1.5652027099872373e-05,-1.5681528279539384e-05,2.9501179667010952e-08,1.5383340406451584e-11,0
6312,7.9433492934632412e-11,2.1734430054537804e-06,2.1726848182920461e-06,7.5818716173427350e-10,2.4748748067422402e-11,0
6313,3.0217159089134357e-10,-3.1108875810408748e-05,-3.1160532600135788e-05,5.1656789727039427e-08,7.1730488257993385e-11,0
6314,3.0735170375627059e-10,8.0969689647620441e-05,8.0922457014914257e-05,4.7232632706184019e-08,3.0328287025144171e-11,0
6315,1.4623168958040822e-10,4.7482555042581073e-06,4.7484184840478606e-06,-1.6297978975327341e-10,2.1421820404957962e-11,0
6316,-3.1496005363667272e-12,-1.7422845448181255e-06,-1.7378330310594090e-06,-4.4515137587165270e-09,7.9189183567334273e-12,0
6317,-1.6518589804749120e-10,1.6083215564007686e-05,1.6108609677824877e-05,-2.5394113817191059e-08,1.6993957605275093e-11,0
6318,5.7552199715326814e-11,-1.7199150451023895e-05,-1.7224660850101390e-05,2.5510399077495190e-08,3.8550451657644854e-11,0
6320,-9.8387701335102440e-11,1.8657988954624838e-05,1.8685682299383223e-05,-2.7693344758385191e-08,1.9826599071875176e-11,0
6321,-1.6203629751214137e-10,1.7825526905755965e-05,1.7847868320822648e-05,-2.2341415066683276e-08,1.2881810611112503e-11,0
6322,6.0701800252205081e-11,-1.5456906805926636e-05,-1.5486400148930731e-05,2.9493343004095813e-08,2.6871233438061586e-11,0
6323,6.5881913086846890e-11,9.6621736090650749e-05,9.6601333987616391e-05,2.0402103034357724e-08,8.7722834537019958e-12,0
6324,-9.5238100801321422e-11,2.0400249163091480e-05,2.0421919186989327e-05,-2.1670023897846810e-08,1.3391578056839559e-11,0
6325,2.2273809791067124e-10,-3.3282289035777013e-05,-3.3331016047494608e-05,4.8727011717595193e-08,7.4312372546485078e-11,0
6326,2.2791821076808790e-10,7.8796222342681493e-05,7.8754867215124512e-05,4.1355127556981443e-08,2.4855262048233189e-11,0
6327,6.6798196662814058e-11,2.5747355871053122e-06,2.5757310764644030e-06,-9.9548935909084691e-10,2.1423838331769291e-11,0
6328,5.1801128301480174e-12,1.1207869514318416e-04,1.1208785807111510e-04,-9.1629279309321304e-09,6.5782082786160485e-11,0
6329,-1.5593990102443129e-10,3.5856904265363018e-05,3.5906719631708605e-05,-4.9815366345586879e-08,8.4124782874040262e-11,0
6330,-1.6112001386536984e-10,-7.6221457266751821e-05,-7.6179067572984023e-05,-4.2389693767798517e-08,2.5118464809501457e-11,0
6331,-3.4412602345264541e-09,-1.8466175046051624e-04,-1.8469477451061681e-04,3.3024050100565827e-08,1.1344403652516347e-11,0
6332,-2.8504178841735413e-09,-6.4485492592379623e-06,-6.4735077310122008e-06,2.4958471774238504e-08,1.1078497057643602e-11,0
6333,-2.5751479485037588e-09,-4.3560631409913717e-05,-4.3583413973023273e-05,2.2782563109556488e-08,6.0920246548405624e-12,0
6334,5.9084235095253634e-10,1.7821317832580549e-04,1.7822337409324025e-04,-1.0195767434755670e-08,7.8081795431942593e-12,0
6335,8.6611228695870100e-10,1.4110112290959334e-04,1.4111237430223541e-04,-1.1251392642065445e-08,4.6363419987561364e-12,0
6336,2.7526993651883951e-10,-3.7112072393852584e-05,-3.7110484683534514e-05,-1.5877103180699848e-09,5.1350895626234040e-12,0
6337,1.2454368184711007e-10,-1.3928516907655425e-05,-1.3944325460035140e-05,1.5808552379715151e-08,2.0570693900865250e-11,0
6338,1.2153149338073068e-10,-1.5671502192749279e-05,-1.5683076660804172e-05,1.1574468054892975e-08,1.0063192111652365e-11,0
6339,6.1864411006790416e-11,2.1751037639853449e-06,2.1724738325805546e-06,2.6299314047903012e-09,2.1712281623910357e-11,0
6340,1.9109122635107288e-10,-3.1132072210952183e-05,-3.1161978583546982e-05,2.9906372594798556e-08,6.7317204984252086e-11,0
6341,2.1175498334416248e-10,8.0974118143860296e-05,8.0921331884936559e-05,5.2786258923737356e-08,2.0092443971837580e-11,0
6342,1.5755270179396235e-10,4.7617061029823354e-06,4.7485597449348764e-06,1.3146358047458997e-08,1.6569899176930360e-11,0
6343,-3.0121884671219608e-12,-1.7429753291381162e-06,-1.7378069001412840e-06,-5.1684289968322074e-09,2.6418775071038039e-12,0
6344,-6.2679270812545735e-11,1.6103702352250528e-05,1.6109943473366725e-05,-6.2411211161964280e-09,1.3965827994657325e-11,0
6345,6.6547544485892118e-11,-1.7203582268886675e-05,-1.7224525045420169e-05,2.0942776533493788e-08,2.4219937430555368e-11,0
6346,8.7211301467415682e-11,9.4902674215044912e-05,9.4864580735094865e-05,3.8093479950046831e-08,5.9672298653699134e-12,0
6347,3.3009020004336721e-11,1.8690246839767185e-05,1.8687376451802544e-05,2.8703879646416186e-09,1.3911733177300767e-11,0
6348,-5.9667082347688473e-11,1.7846666742184214e-05,1.7849176090115716e-05,-2.5093479315021442e-09,6.9342442014260882e-12,0
6349,6.9559732955334481e-11,-1.5460675047457295e-05,-1.5486289105314308e-05,2.5614057857012559e-08,1.1281140141081336e-11,0
6350,9.0223489935426415e-11,9.6645651092645314e-05,9.6601756432608736e-05,4.3894660036578504e-08,2.7632187413461630e-12,0
6351,3.6021208472570954e-11,2.0433206960932373e-05,2.0423592556373202e-05,9.6144045591705263e-09,7.0867503676921797e-12,0
6352,1.2922681532452896e-10,-3.3307272421652726e-05,-3.3332198474163291e-05,2.4926052510565650e-08,5.4331500901789216e-11,0
6353,1.4989057231066689e-10,7.8798964148042369e-05,7.8754004024999232e-05,4.4960123043137558e-08,1.4227693919682264e-11,0
6354,9.5688290801606388e-11,2.5865597299834509e-06,2.5760968837201038e-06,1.0462846263347046e-08,1.4419827636667682e-11,0
6355,2.0663756975209846e-11,1.1210628937303774e-04,1.1208817769233364e-04,1.8111680704098574e-08,2.8791474059235754e-11,0
6356,-3.3538524444073232e-11,3.5893815075619794e-05,3.5908297706468936e-05,-1.4482630849141549e-08,6.6003509435418214e-11,0
6357,-5.4202281406967681e-11,-7.6212461187578559e-05,-7.6177818183181483e-05,-3.4643004397075694e-08,1.4390939719425186e-11,0
6358,1.4154581420208513e-10,-1.3932248022062443e-05,-1.3944191137905708e-05,1.1943115843264984e-08,2.7605434797179747e-11,0
6361,2.0151985266683469e-10,-3.1151103441701480e-05,-3.1161910558159819e-05,1.0807116458338788e-08,8.4343752072915826e-11,0
6363,1.3686096205964764e-10,4.7495237631466417e-06,4.7483039100748370e-06,1.2198530718046801e-09,2.0640240448770891e-11,0
6364,-2.9601090997082147e-12,-1.7418706169084635e-06,-1.7377843678636789e-06,-4.0862490447846214e-09,5.0275169148334775e-12,0
6365,-9.5134983526236796e-11,1.6104616146993093e-05,1.6109597027996815e-05,-4.9808810037213882e-09,1.9566146552320255e-11,0
6366,5.9974038425632833e-11,-1.7218823111135075e-05,-1.7224584839641667e-05,5.7617285065927123e-09,4.9663405406996986e-11,0
6368,-4.6848520700367206e-12,1.8681762757142596e-05,1.8686966906018492e-05,-5.2041488758953623e-09,1.8705130659316937e-11,0
6369,-9.2174874430939294e-11,1.7846499780155810e-05,1.7848807206251920e-05,-2.3074260961098694e-09,1.1007896430277722e-11,0
6370,6.2934147525079886e-11,-1.5477058171719030e-05,-1.5486370204424879e-05,9.3120327058491593e-09,2.5777420583575538e-11,0
6371,7.5930693153702290e-11,9.6613400383569782e-05,9.6601687214048748e-05,1.1713169521034581e-08,5.6162581377741105e-12,0
6372,-1.7247429726538681e-12,2.0423670005349694e-05,2.0423165270014336e-05,5.0473533535829872e-10,1.1007826108802909e-11,0
6373,1.5510902202822372e-10,-3.3323422897973617e-05,-3.3331897877496925e-05,8.4749795233070974e-09,6.1080689595581623e-11,0
6374,1.6810556766919822e-10,7.8766920991383063e-05,7.8754323522526516e-05,1.2597468856547053e-08,1.9059927103516371e-11,0
6375,9.0450131442708123e-11,2.5771708990307389e-06,2.5760386668444947e-06,1.1322321862442356e-09,1.2587509386357404e-11,0
6376,1.2996545622427349e-11,1.1209038389970886e-04,1.1208819693786319e-04,2.1869618456677245e-09,4.4020459122161781e-11,0
6377,-6.4658890466581362e-11,3.5900630259644989e-05,3.5907965630318070e-05,-7.3353706730812829e-09,6.1319042518422916e-11,0
6378,-7.7655436086998264e-11,-7.6189719252518599e-05,-7.6178177625972661e-05,-1.1541626545937965e-08,1.8920260380266132e-11,0
6379,-6.9241745987595923e-10,1.7819867799192136e-04,1.7820701789492144e-04,-8.3399030000779265e-09,2.4554722063274474e-11,0
6380,-1.0249423353966717e-09,1.4108422408465153e-04,1.4108845966103191e-04,-4.2355763803789744e-09,1.4389022264208686e-11,0
6381,-3.3252487186348751e-10,-3.7114425996569601e-05,-3.7118031697842701e-05,3.6057012731000320e-09,1.4857156326135974e-11,0
6382,1.1589363672653209e-10,1.7819129692773009e-04,1.7821662573142048e-04,-2.5328803690397896e-08,1.6353393740226725e-11,0
6386,-3.0902098318927441e-12,-1.7395712557692963e-06,-1.7377590141164256e-06,-1.8122416528707254e-09,1.0490676766895305e-11,0
6387,3.6000020773643354e-11,9.4856999354843170e-05,9.4864240129401936e-05,-7.2407745587668888e-09,1.4869741089007379e-11,0
6388,3.9090230608686632e-11,9.6596570451490957e-05,9.6601363449946306e-05,-4.7929984553485554e-09,8.0277897517721480e-12,0
6389,-4.5247586289377767e-10,-5.8642013068947209e-06,-5.8808992042616891e-06,1.6697897366968215e-08,1.6588204876393718e-11,0
6390,-4.5524256891004049e-10,-7.6010921826789000e-06,-7.6239491623650401e-06,2.2856979686140026e-08,8.1200597546222989e-12,0
6391,-4.5520658631253598e-10,8.8992170218227295e-05,8.8988176692964983e-05,3.9935252623112807e-09,1.5063122255139026e-11,0
6392,-2.7667060121379790e-12,-1.7368731126898864e-06,-1.7377337020133797e-06,8.6058932349325289e-10,6.8421673609118667e-12,0
6393,-2.7307234497988993e-12,9.4856384927215903e-05,9.4863888208253870e-05,-7.5032810379672705e-09,1.3708628077951622e-11,0
6394,3.5982560982597256e-14,9.6593239893070539e-05,9.6600984258643288e-05,-7.7443655727491142e-09,6.4794695907042572e-12,0
6395,6.2163500380029882e-10,-4.3545568571760722e-05,-4.3544106158334112e-05,-1.4624134266096587e-09,1.2738302685284998e-11,0
6396,-8.8688547592621130e-11,-1.3951752076035023e-05,-1.3947319025064176e-05,-4.4330509708477171e-09,5.7711722367843652e-12,0
6398,-9.9079127146772500e-11,2.1603741390801429e-06,2.1705060878178259e-06,-1.0131948737683083e-08,7.7450696669269681e-12,0
6399,3.9015300791748266e-10,-1.9271389824153601e-04,-1.9271400889292546e-04,1.1065138944541843e-10,6.8610635400472194e-12,0
6400,5.5497062289901438e-10,-1.4465293371760876e-05,-1.4491746726036616e-05,2.6453354275740213e-08,9.4335459523767662e-12,0
6401,-4.5201645966637870e-11,-3.1175846247361721e-05,-3.1165188672975285e-05,-1.0657574386436976e-08,2.6333989345135695e-11,0
6402,-3.6896588918553010e-11,8.0913337534484903e-05,8.0918495198934118e-05,-5.1576644492155833e-09,6.2476230795851297e-12,0
6403,3.8231557288430449e-11,4.7367859892641015e-06,4.7470835141464426e-06,-1.0297524882341143e-08,8.2319655488020365e-12,0
6405,-1.0390579651027847e-11,1.6112125050283914e-05,1.6110847677433075e-05,1.2773728508386315e-09,3.4596023271376654e-12,0
6406,4.7884155594836068e-10,-1.7876215368698746e-04,-1.7876944111874294e-04,7.2874317554819795e-09,2.0937110333595795e-12,0
6407,6.4365917115122423e-10,-5.1354498546360428e-07,-5.5506879272562630e-07,4.1523807262022029e-08,3.1536580818027736e-12,0
6408,4.3486901757774360e-11,-1.7224076054626392e-05,-1.7224711902065347e-05,6.3584743895423877e-10,1.0595233351008684e-11,0
6410,1.2692010494750310e-10,1.8688519530403284e-05,1.8688805324667132e-05,-2.8579426384795783e-10,3.4579781032705501e-12,0
6417,4.8923213548633358e-10,-1.9487428001415188e-04,-1.9487898793778600e-04,4.7079236341102289e-09,3.7610121132491105e-12,0
6418,6.5404975064970648e-10,-1.6625670858456607e-05,-1.6658315369764793e-05,3.2644511308186703e-08,5.1677753058507560e-12,0
6419,5.3877481361612776e-11,-3.3336233564796106e-05,-3.3333225908452895e-05,-3.0076563432105958e-09,2.1029615432750929e-11,0
6420,6.2182538448173839e-11,7.8752938717620638e-05,7.8753343384289342e-05,-4.0466666870436329e-10,3.8708228742579571e-12,0
6421,1.3731068456645455e-10,2.5763950377969726e-06,2.5766438336625899e-06,-2.4879586561736821e-10,4.9672342525075864e-12,0
6422,1.6481761493176014e-10,1.7824860662087483e-04,1.7821639960441328e-04,3.2207016461551982e-08,2.7315274231801169e-12,0
6423,-4.2704959677887310e-10,2.7362721179280403e-04,2.7363434644173931e-04,-7.1346489352868032e-09,2.2569857688595076e-12,0
6424,-3.5192145054870960e-10,1.9745066958563179e-04,1.9745462177315823e-04,-3.9521875264375127e-09,3.5805102048514367e-12,0
6425,-5.9186721156707581e-10,9.5378608050006308e-05,9.5421525681350412e-05,-4.2917631344103905e-08,3.4022285210426517e-12,0
6426,-5.1673906530137973e-10,1.9202064885750700e-05,1.9231317026108960e-05,-2.9252140358260534e-08,4.6249267315846702e-12,0
6427,4.3535465421020739e-10,-1.6153804665890517e-04,-1.6155011100609665e-04,1.2064347191474136e-08,1.2527988394010548e-11,0
6428,6.0017226943119648e-10,1.6710613660434609e-05,1.6667670042849755e-05,4.2943617584854417e-08,1.8351714388135252e-11,0
6429,8.3050570974086642e-12,1.1208921095116632e-04,1.1208854605846474e-04,6.6489270157872073e-10,1.2972744370249062e-11,0
6430,8.3433203187608709e-11,3.5912609886766880e-05,3.5909994080044502e-05,2.6158067223782180e-09,2.2028049096008684e-11,0
6431,7.5128146082804779e-11,-7.6176545205092726e-05,-7.6176527228304414e-05,-1.7976788311527443e-11,4.0591960796175981e-12,0
6432,-1.8817014106718080e-10,-1.4002641015292000e-05,-1.3948739969924940e-05,-5.3901045367059933e-08,2.9548340215811941e-11,0
6435,1.7629234866571408e-10,-1.9277692670435775e-04,-1.9271608540608940e-04,-6.0841298268351053e-08,4.2304258095049128e-11,0
6438,-1.0495240811283678e-10,8.0863922233033458e-05,8.0917783628592339e-05,-5.3861395558880238e-08,2.9026931971338856e-11,0
6439,4.2004456629110506e-10,-5.1647453597192076e-05,-5.1616085882008253e-05,-3.1367715183823214e-08,4.0546549538914970e-11,0
6440,6.7272224165319460e-11,4.7051581654020298e-06,4.7474455544234372e-06,-4.2287389021407376e-08,3.6134488385716951e-11,0
6442,9.2691212948498689e-11,1.6117685271451951e-05,1.6112263177666205e-05,5.4220937857462758e-09,1.2490081051978594e-11,0
6443,3.6446248989643014e-10,-1.7877419762851385e-04,-1.7877000331421763e-04,-4.1943142962161221e-09,7.8167630449710222e-12,0
6444,5.4452661149108691e-10,-5.4737732088465385e-07,-5.5631377413256348e-07,8.9364532479096264e-09,9.9214995318794966e-12,0
6445,5.6478912941214291e-11,-1.7223508078190544e-05,-1.7224497627980889e-05,9.8954979034501854e-10,3.3647672496379384e-11,0
6447,6.0821470790477726e-10,-3.7644826962227734e-05,-3.7678137920689369e-05,3.3310958461634974e-08,6.9951855414062086e-12,0
6448,2.5544236554310336e-10,1.8707851202438147e-05,1.8690540876506434e-05,1.7310325931713268e-08,1.2340533063696572e-11,0
6456,2.7177127690611176e-10,-1.9489186220155867e-04,-1.9488102409107640e-04,-1.0838110482268726e-08,1.6252167477225233e-11,0
6457,4.5183539835955050e-10,-1.6665071338936403e-05,-1.6661014737128769e-05,-4.0566018076341657e-09,2.0935427135090117e-11,0
6458,-3.6212300068744874e-11,-3.3341252430461182e-05,-3.3334393017889700e-05,-6.8594125714825757e-09,6.8536109504402652e-11,0
6459,-9.4734798008395492e-12,7.8748883223078020e-05,7.8752683739018292e-05,-3.8005159402719349e-09,1.2975669142793052e-11,0
6460,5.1552349472358835e-10,-5.3762468858589707e-05,-5.3783607344232432e-05,2.1138485642724629e-08,1.4526069208981163e-11,0
6461,1.6275115247947284e-10,2.5901386794986714e-06,2.5769758324958773e-06,1.3162847002794095e-08,1.7055491114993378e-11,0
6462,1.8006412144906234e-10,1.7822681775626383e-04,1.7821571768030124e-04,1.1100075962582794e-08,7.4466681042211931e-12,0
6463,-2.8124475670928063e-10,2.7364078849399266e-04,2.7363560068595556e-04,5.1878080371044882e-09,7.5201456100619868e-12,0
6464,2.4375221781134966e-10,1.4112938176660123e-04,1.4110197288919735e-04,2.7408877403877017e-08,5.1661310187414425e-12,0
6465,-1.0902012442877384e-10,1.9748203665713882e-04,1.9745701234543981e-04,2.5024311699016867e-08,1.5474749450675450e-11,0
6466,-4.6130887811693704e-10,9.5413955647074417e-05,9.5423466158838267e-05,-9.5105117638502731e-09,9.4900211154427692e-12,0
6467,6.3688096332618425e-11,-3.7097430260548802e-05,-3.7113163414566901e-05,1.5733154018098873e-08,5.5822808160149945e-12,0
6468,-2.8908424583963168e-10,1.9255198183098544e-05,1.9234296344985090e-05,2.0901838113454325e-08,1.9616660256435196e-11,0
6469,3.0798357696202770e-10,-1.6155073421750613e-04,-1.6155089187339973e-04,1.5765589360264634e-10,4.0337518990969917e-11,0
6470,4.8804769854629395e-10,1.6676176667866291e-05,1.6666235761414893e-05,9.9409064513978859e-09,5.4810466522546847e-11,0
6471,2.6738820319394213e-11,1.1209014392547702e-04,1.1208905436583843e-04,1.0895596385974158e-09,3.5629647954798374e-11,0
6472,5.5173579495886326e-10,-2.0421258843290185e-05,-2.0453391696448407e-05,3.2132853158222085e-08,3.0013146269110296e-11,0
6473,1.9896345260193125e-10,3.5931255270621812e-05,3.5911558599431788e-05,1.9696671190023681e-08,6.9882410639775546e-11,0
6474,5.2499697462690692e-10,-1.3251140292242988e-04,-1.3254121045814629e-04,2.9807535716406099e-08,6.5648637825102572e-12,0
6475,1.7222463227979042e-10,-7.6158737147811323e-05,-7.6175490884007821e-05,1.6753736196498397e-08,1.2751101593526325e-11,0
6476,-3.5277234214192360e-10,5.6352637074031731e-05,5.6355540849269889e-05,-2.9037752381579659e-09,1.3440063980774089e-11,0
6477,6.6471416581305094e-10,-8.0752174105563207e-06,-8.0623636849958576e-06,-1.2853725560463145e-08,2.8721621310629220e-11,0
6479,1.1644408759475041e-10,1.6118716014867918e-05,1.6112668355266399e-05,6.0476596015185510e-09,2.3959584654879165e-11,0
6480,4.4414627103422991e-10,-1.7877616713057442e-04,-1.7876832447045316e-04,-7.8426601212615646e-09,1.7544877802350634e-11,0
6481,6.3789716151834203e-10,-5.6072443212901169e-07,-5.5516841388049570e-07,-5.5560182485159853e-09,2.1003937383240267e-11,0
6482,4.4242580139248118e-11,-1.7223968320151514e-05,-1.7224606504614987e-05,6.3818446347277923e-10,5.6777363030192460e-11,0
6483,6.4515221383785853e-11,9.4865835610493309e-05,9.4865484300359683e-05,3.5131013362602569e-10,1.2758478397170553e-11,0
6484,2.9626939590367119e-10,1.8701243495336181e-05,1.8691161470484547e-05,1.0082024851634167e-08,2.3563398136865938e-11,0
6491,3.2770218321643076e-10,-1.9489484846900136e-04,-1.9487979757500906e-04,-1.5050893992300503e-08,2.8655389967593738e-11,0
6492,5.2145307344011236e-10,-1.6679461797520058e-05,-1.6660305918513103e-05,-1.9155879006955306e-08,3.6877421434271215e-11,0
6493,-7.2201507467219725e-11,-3.3342533909047622e-05,-3.3334879554629348e-05,-7.6543544182743561e-09,7.6108635844925049e-11,0
6494,-5.1928866291535645e-11,7.8747124921446990e-05,7.8752341930280877e-05,-5.2170088338872496e-09,2.2432428800945923e-11,0
6495,1.7982530808338996e-10,2.5825844449990122e-06,2.5772008851403858e-06,5.3835598586264515e-09,2.9324471161639478e-11,0
6496,1.9375089031000658e-10,1.7821542167262110e-04,1.7821518489190497e-04,2.3678071612784346e-10,1.4280661370041334e-11,0
6497,-3.7963104955711678e-10,2.7364197519683109e-04,2.7363393374691758e-04,8.0414499135060546e-09,1.3909276000928529e-11,0
6498,-1.4787687513131582e-10,1.9747737714046094e-04,1.9745602896543277e-04,2.1348175028174923e-08,2.7015143222580546e-11,0
6499,-5.7338193973941039e-10,9.5426570853146889e-05,9.5422335483834556e-05,4.2353693123329964e-09,1.8316779565085795e-11,0
6500,-3.4162776535893131e-10,1.9262005424144565e-05,1.9233770599247204e-05,2.8234824897361221e-08,3.2034265407293056e-11,0
6501,3.9990369091795720e-10,-1.6155214512276941e-04,-1.6154910770008630e-04,-3.0374226831094385e-09,7.5754929704562957e-11,0
6503,2.0272641248634819e-11,1.1208988670109539e-04,1.1208919977394621e-04,6.8692714918236562e-10,4.6642639779957729e-11,0
6504,2.5202681579077390e-10,3.5925297353947908e-05,3.5912322947419381e-05,1.2974406528526786e-08,8.4719199330904107e-11,0
6505,2.3175417454436448e-10,-7.6164592837584671e-05,-7.6174887968819411e-05,1.0295131234739881e-08,2.0369085391990593e-11,0
6506,5.9732858997956716e-10,-8.0756405153748628e-06,-8.0631803922347249e-06,-1.2460123140137965e-08,6.9977143184951147e-11,0
6508,3.0066544132822956e-10,-1.7878133923388863e-04,-1.7876960695711476e-04,-1.1732276773869640e-08,1.9825603501606704e-11,0
6509,5.3360901563274120e-10,-5.6848897886222806e-07,-5.5647078919421312e-07,-1.2018189668014935e-08,2.3335391730240159e-11,0
6510,1.1148686505989966e-10,9.4866908617463830e-05,9.4866254115000306e-05,6.5450246352456113e-10,1.8326276811194683e-11,0
6511,6.2512959901071667e-10,-3.7679584281203514e-05,-3.7678090976572590e-05,-1.4933046309245244e-09,1.2217408165365895e-11,0
6516,2.3294357441878948e-10,1.7821289905779053e-04,1.7821516550336290e-04,-2.2664455723699160e-09,1.8646493016638337e-11,0
6517,-1.8917857611354167e-10,2.7364830690613379e-04,2.7363597418727869e-04,1.2332718855097725e-08,1.9320454014663390e-11,0
6518,3.2446415784103721e-10,1.4110175854638654e-04,1.4110170879691586e-04,4.9749470683443583e-11,1.1185717668300001e-11,0
6519,-4.2212215055814710e-10,9.5435417160382461e-05,9.5424397813307306e-05,1.1019347075154231e-08,2.2550846624480187e-11,0
6520,9.1520583394874316e-11,-3.7111122481238955e-05,-3.7112844086426270e-05,1.7216051873152386e-09,1.2488727074773575e-11,0
6521,5.1364273394771157e-10,-1.3254652727073986e-04,-1.3254188610167843e-04,-4.6411690614290256e-09,1.2064981667623992e-11,0
6524,2.6627745667695248e-10,-1.7877745923089265e-04,-1.7876960840668106e-04,-7.8508242115963266e-09,1.9454023202873742e-11,0
6525,4.5651748109822307e-10,-5.5863048630151735e-07,-5.5743457728250022e-07,-1.1959090190171275e-09,2.3265590173141673e-11,0
6526,6.8684520047774179e-11,-1.7222629887259869e-05,-1.7224246160481694e-05,1.6162732218245521e-09,7.5280573190830928e-11,0
6527,1.1061748097442452e-10,9.4869128800474656e-05,9.4866403536278106e-05,2.7252641965499168e-09,1.7149323235853000e-11,0
6528,5.2727224493928221e-10,-3.7664017515235543e-05,-3.7679362828460042e-05,1.5345313224499339e-08,1.6317785651580772e-11,0
6534,1.9024002440800536e-10,1.7821882485612086e-04,1.7821420359260331e-04,4.6212635175545743e-09,1.1549371407249636e-11,0
6535,-1.5565997576242204e-10,2.7364655817768355e-04,2.7363611491291193e-04,1.0443264771616695e-08,2.0194696009377394e-11,0
6536,2.6099478824227825e-10,1.4111343098420666e-04,1.4110046893042201e-04,1.2962053784644750e-08,7.7019626454905105e-12,0
6537,-3.4590000031229528e-10,9.5427789445472894e-05,9.5425502588552280e-05,2.2868569206135675e-09,2.3121105101095298e-11,0
6538,7.0754763819566329e-11,-3.7105388765845855e-05,-3.7113110860281982e-05,7.7220944361269328e-09,8.4270060783490667e-12,0
6539,1.9759293666334589e-10,-1.6155479640545466e-04,-1.6155075671524447e-04,-4.0396902101929883e-09,5.2917969790470822e-11,0
6540,3.8783296107658141e-10,1.6664166782114596e-05,1.6664910522202034e-05,-7.4374008743720581e-10,7.1249540808240198e-11,0
6541,4.1932960922175947e-11,1.1209199706840520e-04,1.1208976953239133e-04,2.2275360138656079e-09,8.2271413926880135e-11,0
6542,4.5858772491362370e-10,-2.0441238557959360e-05,-2.0454792019120689e-05,1.3553461161329092e-08,4.4259495463883524e-11,0
6543,4.1665476402881741e-10,-1.3253315357864177e-04,-1.3254328031167350e-04,1.0126733031724355e-08,1.5853285527881779e-11,0
6544,1.0708452492848261e-10,2.1803138958191234e-06,2.1731087325595384e-06,7.2051632595849989e-09,7.7963005187350335e-12,0
6545,1.7135743323149761e-10,4.7563228598203333e-06,4.7487402208347956e-06,7.5826389855377163e-09,7.3756626479931645e-12,0
6546,6.4272908350776757e-11,2.5760264859200216e-06,2.5757881553426971e-06,2.3833057732445954e-10,6.9088962899609100e-12,0
6547,1.1931481131431526e-10,-1.3932079188799101e-05,-1.3945406374441116e-05,1.3327185642014744e-08,1.7209564225167809e-11,0
6549,4.7636545139276392e-11,2.1736956409361928e-06,2.1723794343147374e-06,1.3162066214553839e-09,1.7170061567096278e-11,0
6550,1.9892361680036199e-10,8.0952678128281413e-05,8.0921891420076636e-05,3.0786708204777252e-08,1.4696020993497765e-11,0
6551,1.4289223604584973e-10,4.7557643246482276e-06,4.7483882045248531e-06,7.3761201233744892e-09,1.3433852606349636e-11,0
6553,-7.1678266148360658e-11,1.6105744301435354e-05,1.6110576088749465e-05,-4.8317873141108872e-09,1.1777480835674036e-11,0
6554,7.9608805451637938e-11,9.4884749468860177e-05,9.4866238083453447e-05,1.8511385406729994e-08,4.5182547131784217e-12,0
6555,2.3577424778182682e-11,1.8687813622894297e-05,1.8688028404924979e-05,-2.1478203068213625e-10,1.2329013708385760e-11,0
6559,1.5128707163987730e-10,7.8779000054854734e-05,7.8755264108861761e-05,2.3735945992972205e-08,1.0991711498616935e-11,0
6560,9.5255690912471848e-11,2.5820830505084158e-06,2.5761810591541617e-06,5.9019913542541024e-09,1.2199307635732655e-11,0
6561,-5.6031380624496736e-11,-7.6196929365737309e-05,-7.6178751503342562e-05,-1.8177862394746624e-08,1.1035495365358796e-11,0
6562,2.3850649956896901e-10,-1.3915501835298771e-05,-1.3944019098468626e-05,2.8517263169854952e-08,2.0568797501884172e-11,0
6564,6.3065432800743695e-11,2.1730135061695521e-06,2.1725781141428489e-06,4.3539202670322600e-10,2.4443140288827596e-11,0
6565,2.8989401949612680e-10,-3.1126112689298241e-05,-3.1161640016643689e-05,3.5527327345447610e-08,6.4584012920462391e-11,0
6566,2.9037809665825639e-10,8.0956964517715779e-05,8.0923089870815878e-05,3.3874646899900870e-08,1.9038719532612417e-11,0
6567,1.2634275351234769e-10,4.7474797359500082e-06,4.7481838848975247e-06,-7.0414894751653039e-10,1.2177924202991267e-11,0
6569,-1.7544106664151393e-10,1.6088508257213266e-05,1.6109355839075234e-05,-2.0847581861968247e-08,1.8176110023698549e-11,0
6570,5.1387519850754102e-11,-1.7210593715173087e-05,-1.7224398785761970e-05,1.3805070588883298e-08,4.0625357147910680e-11,0
6571,5.1871596976248170e-11,9.4872522399195485e-05,9.4866050769679946e-05,6.4716295155383026e-09,9.9649404220623682e-12,0
6572,-1.1216374588856341e-10,1.8662965561921235e-05,1.8686413785132881e-05,-2.3448223211645344e-08,1.8766779188429875e-11,0
6577,2.2682858665432414e-10,-3.3299018174563072e-05,-3.3331282868264771e-05,3.2264693701699275e-08,7.3457894045005925e-11,0
6579,6.3277320720016757e-11,2.5744615836749071e-06,2.5757924882380428e-06,-1.3309045631356370e-09,2.0985588438828940e-11,0
6580,4.8407712428493381e-13,1.1208311483084635e-04,1.1208958114180089e-04,-6.4663109545441255e-09,3.9073489598509464e-11,0
6581,-1.6355126571656428e-10,3.5873469703004424e-05,3.5907464442347144e-05,-3.3994739342720212e-08,7.7543152004517901e-11,0
6582,-1.6403534285418909e-10,-7.6209523764804790e-05,-7.6180172362835057e-05,-2.9351401969733592e-08,1.6980790194599531e-11,0
6584,-1.3811437480878001e-10,1.6090549808552707e-05,1.6109869794958983e-05,-1.9319986406276222e-08,1.1079321094104680e-11,0
6585,5.6985802755011290e-11,-1.7196843259814111e-05,-1.7224309571533033e-05,2.7466311718922211e-08,3.1961962796352277e-11,0
6586,6.4535105006177801e-11,9.4892746119273636e-05,9.4866327968303255e-05,2.6418150970381545e-08,2.2122691028091958e-11,0
6590,1.9510017764649508e-10,-3.3287503681950215e-05,-3.3331694909538708e-05,4.4191227588493906e-08,6.1547415675614781e-11,0
6591,2.0264947992038389e-10,7.8802243136041894e-05,7.8756097481489639e-05,4.6145654552254560e-08,3.6257452842779011e-11,0
6593,-2.8358332109455477e-10,-1.8463483508900872e-04,-1.8465093948939770e-04,1.6104400388976606e-08,2.1624038893820900e-11,0
6594,-1.6594347620307350e-10,-6.4408144339260878e-06,-6.4411906790154008e-06,3.7624508931299844e-10,1.6508014979339294e-11,0
6595,-1.2216701747686185e-10,-4.3555263999030345e-05,-4.3554145164515997e-05,-1.1188345143474214e-09,8.4503708719535994e-12,0
6596,1.1763984534803909e-10,1.7819400249673243e-04,1.7821193315965868e-04,-1.7930662926250772e-08,1.1787987358188445e-11,0
6597,1.6141630425052453e-10,1.4107953861979342e-04,1.4109779918572109e-04,-1.8260565927679263e-08,6.7561287509185355e-12,0
6598,4.3776458720492990e-11,-3.7114449901277241e-05,-3.7113474735352234e-05,-9.7516592500665467e-10,7.4470344259564298e-12,0
6600,3.9036571786673034e-10,-1.9271347289206661e-04,-1.9271104172073633e-04,-2.4311713302791783e-09,6.4168589701780572e-12,0
6601,5.4400358740895439e-10,-1.4484920988577440e-05,-1.4492816558525043e-05,7.8955699476027357e-09,9.6348494582957342e-12,0
6602,-5.7880194711444759e-11,8.0912322880032431e-05,8.0918916903524555e-05,-6.5940234921245443e-09,1.0870619165289418e-11,0
6603,5.9337735560835078e-10,-5.1586028858500825e-05,-5.1614675443467580e-05,2.8646584966754733e-08,6.3900450848655435e-12,0
6604,1.2765047687780422e-11,4.7347144829052931e-06,4.7467774376878613e-06,-1.2062954782568167e-08,8.3920540420735736e-12,0
6610,1.5363786951616370e-10,1.7822855795208113e-04,1.7821177560836085e-04,1.6782343720278276e-08,2.3773884789764117e-12,0
6611,-4.4824591253886867e-10,2.7362578589064900e-04,2.7363123091672035e-04,-5.4450260713570682e-09,3.9631057191081456e-12,0
6612,2.0301163770868307e-10,1.4112744803705061e-04,1.4109768250953868e-04,2.9765527511928193e-08,1.6779723340200317e-12,0
6613,-3.7760067012297374e-10,1.9744820027688560e-04,1.9745110143905151e-04,-2.9011621659170116e-09,4.8003925682420259e-12,0
6614,-6.0188378191998048e-10,9.5397241286616224e-05,9.5423056342989232e-05,-2.5815056373007278e-08,5.8237347481357180e-12,0
6615,4.9373768175605368e-11,-3.7101107308799971e-05,-3.7113418238492940e-05,1.2310929692968683e-08,1.8645794327155068e-12,0
6616,-5.3123853947889744e-10,1.9219643716062232e-05,1.9231940857854756e-05,-1.2297141792524236e-08,6.4760023970945895e-12,0
6617,6.5125755105921421e-10,-1.3249834147995715e-04,-1.3254124491794534e-04,4.2903437988194926e-08,4.1353190923008424e-12,0
6618,7.0645242270098190e-11,-7.6177592398692789e-05,-7.6177446917319815e-05,-1.4548137297436519e-10,7.2643453272278320e-12,0
6619,-5.8061230759472533e-10,5.6320746801849855e-05,5.6353484273339346e-05,-3.2737471489490810e-08,4.2217485691441516e-12,0
6620,-3.9632847611799663e-10,-5.8565097462472127e-06,-5.8802028927815378e-06,2.3693146534325111e-08,1.5084395796229493e-11,0
6622,-6.9746629114606524e-10,1.0236300624374191e-05,1.0220371665632997e-05,1.5928958741194847e-08,2.3007619838184737e-11,0
6623,-3.8330427400405172e-10,-2.3089462040644035e-05,-2.3100185236154990e-05,1.0723195510954972e-08,6.3239529049004427e-11,0
6624,-4.1919572714555766e-10,8.8997011271797028e-05,8.8989774146689418e-05,7.2371251076100342e-09,1.0617968631194453e-11,0
6625,-6.6437930516579495e-10,1.2808161202173575e-05,1.2794411609439353e-05,1.3749592734222429e-08,1.9733664511490251e-11,0
6626,6.7197103255121841e-10,-8.0678835976682344e-06,-8.0620691250122752e-06,-5.8144726559592483e-09,2.6915425437869894e-11,0
6627,2.7564255643456439e-10,-1.3924427384318268e-05,-1.3943871507744099e-05,1.9444123425831674e-08,2.2374066093252298e-11,0
6629,-2.5495258582315349e-11,2.1683633443592490e-06,2.1715051004272609e-06,-3.1417560680119589e-09,1.5087393433740578e-11,0
6630,2.8866675854262945e-10,-3.1157437425730593e-05,-3.1161905930826052e-05,4.4685050954590411e-09,5.4086385701638440e-11,0
6631,2.5277530540393106e-10,8.0929097803436123e-05,8.0922844890241613e-05,6.2529131945101299e-09,2.2253379514037623e-11,0
6632,7.5917273965352346e-12,4.7402136299943762e-06,4.7467143583379564e-06,-6.5007283435802331e-09,1.4026415109886581e-11,0
6634,-3.0113781463117427e-10,1.6092786253229727e-05,1.6108026232253066e-05,-1.5239979023339728e-08,1.9795212020433081e-11,0
6635,1.3024202038747065e-11,-1.7232952329110807e-05,-1.7224785700002387e-05,-8.1666291084203765e-09,4.5472882105519006e-11,0
6636,-2.2867251090520369e-11,9.4853523223188511e-05,9.4865663403261532e-05,-1.2140180073020083e-08,1.0732564540407364e-11,0
6637,-2.6805082864195937e-10,1.8664708932641591e-05,1.8684717381530152e-05,-2.0008448888561239e-08,1.7263847839099223e-11,0
6642,3.1416201734993152e-10,-3.3325722094508167e-05,-3.3330283148471786e-05,4.5610539636185528e-09,5.5763969680018151e-11,0
6643,2.7827056420944673e-10,7.8760735463005369e-05,7.8757332824093987e-05,3.4026389113814889e-09,2.0191510397699856e-11,0
6644,3.3086985974004955e-11,2.5718977587868390e-06,2.5754456616419763e-06,-3.5479028551373204e-09,1.2135315125145235e-11,0
6645,-3.5891453135035843e-11,1.1208647802047342e-04,1.1208959756057313e-04,-3.1195400997086585e-09,4.8348606140707910e-11,0
6646,-2.8107503086259197e-10,3.5897657858096135e-05,3.5906227232791223e-05,-8.5693746950873950e-09,4.8965052469759851e-11,0
6647,-2.4518357789656888e-10,-7.6188826460056244e-05,-7.6181459200706764e-05,-7.3672593494799200e-09,1.7782735446755445e-11,0
6648,6.3370951181352015e-10,-1.8460385814571094e-04,-1.8463827289878526e-04,3.4414753074325961e-08,2.1087942085164515e-11,0
6649,6.7515555953855682e-10,-6.4313312809639173e-06,-6.4310288357697501e-06,-3.0244519416716036e-10,2.6492742364648314e-11,0
6650,-5.8043409897266297e-10,8.9021581141868894e-05,8.8987866940569009e-05,3.3714201299884757e-08,2.2038570983692633e-11,0
6651,6.6145784370696649e-10,-4.3547517279803744e-05,-4.3544745060777893e-05,-2.7722190258500892e-09,6.2997798990370947e-12,0
6652,4.1446047711003802e-11,1.7817258965920155e-04,1.7820944968168189e-04,-3.6860022480339309e-08,1.8222227626506698e-11,0
6653,-1.2141436059607843e-09,2.7362547766938278e-04,2.7362113825286704e-04,4.3394165157354357e-09,2.6095035664406996e-11,0
6654,2.7748332081938173e-11,1.4105635013651231e-04,1.4109453024051916e-04,-3.8180104006851380e-08,8.1942009199458026e-12,0
6655,-1.2555896556011641e-09,9.5452928617882453e-05,9.5415294229487380e-05,3.7634388395073196e-08,2.2848636882482346e-11,0
6656,-1.3697715715655810e-11,-3.7116198833051818e-05,-3.7114220408244306e-05,-1.9784248075118945e-09,8.6541405833660486e-12,0
6657,1.2418919385368609e-09,-1.3256912369819657e-04,-1.3253433396174258e-04,-3.4789736453986900e-08,1.3805942989289133e-11,0
6659,3.2446673134195049e-10,1.7820759767215189e-04,1.7821251770151563e-04,-4.9200293637374076e-09,7.4030991352178226e-12,0
6660,1.6958575396545096e-10,2.7367855123001938e-04,2.7363801754394659e-04,4.0533686072798548e-08,8.5389634993879588e-12,0
6661,-1.5488097720624234e-10,9.5470952764648703e-05,9.5429107686793385e-05,4.1845077855317886e-08,9.3588551917400931e-12,0
6662,-1.9559682982684871e-10,-1.4008089850012229e-05,-1.3950035365036759e-05,-5.8054484975469381e-08,2.9445307923326010e-11,0
6665,1.8882235686633843e-10,-1.9277672035598360e-04,-1.9271223012522827e-04,-6.4490230755327553e-08,3.1457120360196036e-11,0
6666,3.6053584762655423e-10,-1.4558617792333368e-05,-1.4495504806883062e-05,-6.3112985450306712e-08,4.4776065028927989e-11,0
6668,-1.2769891234225942e-10,8.0860340320700747e-05,8.0918352624703458e-05,-5.8012304002711215e-08,2.7928473796917723e-11,0
6669,4.2082945612711820e-10,-5.1661746079090156e-05,-5.1617220948445552e-05,-4.4525130644604413e-08,3.1595928594967965e-11,0
6670,4.0174997010170578e-11,4.6968559382493114e-06,4.7471216722124576e-06,-5.0265733963146201e-08,3.3108140833117638e-11,0
6672,8.0655689222189729e-11,1.6118169773210109e-05,1.6112995267561153e-05,5.1745056489556915e-09,1.3477750542621231e-11,0
6673,3.8441918699576394e-10,-1.7876863361499483e-04,-1.7876425253037095e-04,-4.3810846238811693e-09,8.4094400415207474e-12,0
6674,5.5613267807143064e-10,-5.5056263224134705e-07,-5.5627003580412809e-07,5.7074035627810438e-09,1.1233833260624633e-11,0
6675,4.7379719401257019e-11,-1.7223295978520278e-05,-1.7224268852127423e-05,9.7287360714456831e-10,3.5724758839219232e-11,0
6676,6.7897917795056510e-11,9.4868424075317303e-05,9.4867340313544067e-05,1.0837617732357757e-09,8.8154683238903651e-12,0
6677,6.1642628668206382e-10,-3.7653743589577404e-05,-3.7678790653898209e-05,2.5047064320804643e-08,7.2177590257971250e-12,0
6678,2.3577182715471297e-10,1.8704959998817883e-05,1.8691207535232493e-05,1.3752463585389355e-08,1.3714541561309433e-11,0
6686,3.0376349765673176e-10,-1.9488680521648403e-04,-1.9487638110444124e-04,-1.0424112042788872e-08,1.7166232669831321e-11,0
6687,4.7547698857968584e-10,-1.6668764383529627e-05,-1.6661953007525321e-05,-6.8113760043065881e-09,2.3538349668504113e-11,0
6688,-3.3275969893803083e-11,-3.3341643526110104e-05,-3.3334677063573958e-05,-6.9664625361462256e-09,6.1921507883903607e-11,0
6689,-1.2757771547987417e-11,7.8750253114981059e-05,7.8754114770487600e-05,-3.8616555065413768e-09,1.5962358191763514e-11,0
6690,5.3577059713727357e-10,-5.3771906780799086e-05,-5.3784947386767938e-05,1.3040605968851890e-08,1.5381781932127114e-11,0
6691,1.5511613780983072e-10,2.5867741882826603e-06,2.5769871862493923e-06,9.7870020332680272e-09,1.7792016377111319e-11,0
6692,1.7171349092302710e-10,1.7821805338689382e-04,1.7821001617369762e-04,8.0372131961922721e-09,7.3394062345389801e-12,0
6693,-3.1652126920497607e-10,2.7363704104202934e-04,2.7363160294045585e-04,5.4381015734896072e-09,9.3156205307312058e-12,0
6694,2.3200709947693763e-10,1.4111490260351398e-04,1.4109596476622865e-04,1.8937837285327996e-08,4.8051564556346344e-12,0
6695,-1.4864735984727426e-10,1.9747359156674013e-04,1.9745252480710631e-04,2.1066759633823649e-08,1.6225506220590008e-11,0
6696,-4.8823476004275871e-10,9.5419008873368419e-05,9.5425197614950650e-05,-6.1887415822315653e-09,1.1281357637682528e-11,0
6697,6.0293608525198576e-11,-3.7103159806279457e-05,-3.7113325242050802e-05,1.0165435771345896e-08,5.6214467008247707e-12,0
6698,-3.2036085068730394e-10,1.9255553758190267e-05,1.9234911460681936e-05,2.0642297508331444e-08,2.1268750438505491e-11,0
6699,3.3703946759362579e-10,-1.6154532500149525e-04,-1.6154539812973813e-04,7.3128242881765476e-11,4.3238499017664827e-11,0
6700,5.0875295866763028e-10,1.6672773336473545e-05,1.6666211232336811e-05,6.5621041367346588e-09,5.2853006821583812e-11,0
6701,2.0518198392370358e-11,1.1209169529532190e-04,1.1209077486229236e-04,9.2043302953113536e-10,4.2842686987815866e-11,0
6702,5.6904656727703882e-10,-2.0430344186018329e-05,-2.0454013653914267e-05,2.3669467895937849e-08,3.0955427528728198e-11,0
6703,1.8839210775269839e-10,3.5928175622569614e-05,3.5912274396591540e-05,1.5901225978073841e-08,8.2458288663611643e-11,0
6704,5.4852836886706277e-10,-1.3252215872538997e-04,-1.3254339716698270e-04,2.1238441592728993e-08,7.7878770758000820e-12,0
6705,1.6787390936119422e-10,-7.6163446935654036e-05,-7.6176623273264363e-05,1.3176337610327224e-08,1.5173302341170066e-11,0
6706,-3.8065445916748039e-10,5.6358656954587144e-05,5.6356386075378210e-05,2.2708792089332682e-09,1.4096926419650074e-11,0
6707,6.1693696453692430e-10,-8.0781121343156265e-06,-8.0626390471955388e-06,-1.5473087120087666e-08,2.9200500356349121e-11,0
6709,1.0423191886280185e-10,1.6120574144466021e-05,1.6113386743419007e-05,7.1874010470137652e-09,2.4905870177824120e-11,0
6710,4.5093719578016890e-10,-1.7877104123521694e-04,-1.7876280883902124e-04,-8.2323961957022750e-09,1.8139621950049316e-11,0
6711,6.2981440742237805e-10,-5.6224589918899004e-07,-5.5536753773055161e-07,-6.8783614584384275e-09,2.1351573874971017e-11,0
6712,3.2237775712306957e-11,-1.7223846812538081e-05,-1.7224418224487434e-05,5.7141194935303929e-10,5.0246141093288418e-11,0
6713,4.5146027768361862e-11,9.4867677128427979e-05,9.4867291392748660e-05,3.8573567931921189e-10,1.1961906370824629e-11,0
6714,2.7108360864658415e-10,1.8702702013959766e-05,1.8691747838719520e-05,1.0954175240245523e-08,2.5069403630640016e-11,0
6721,3.4670527660405673e-10,-1.9489164499772536e-04,-1.9487537113202304e-04,-1.6273865702313680e-08,3.1401739210550474e-11,0
6722,5.2558248798488637e-10,-1.6682857512255716e-05,-1.6661470085215784e-05,-2.1387427039931402e-08,3.4786852119037871e-11,0
6723,-7.1994143179104140e-11,-3.3344431537041599e-05,-3.3335193258108848e-05,-9.2382789327509832e-09,6.7067974150456361e-11,0
6724,-5.9085891182596410e-11,7.8747149449651110e-05,7.8753705711747011e-05,-6.5562620959010902e-09,2.1393781020405953e-11,0
6725,1.6685168955600768e-10,2.5820873079443994e-06,2.5771446472757005e-06,4.9426606686989523e-09,2.1638433734534034e-11,0
6726,1.7887721150569238e-10,1.7820880127934931e-04,1.7820947560319572e-04,-6.7432384640866115e-10,1.3752988715997192e-11,0
6727,-4.0579116789247702e-10,2.7363874659644058e-04,2.7363009555808279e-04,8.6510383577901792e-09,1.3732786789339734e-11,0
6728,-1.7985358708716316e-10,1.9747373086843878e-04,1.9745168849714527e-04,2.2042371293506686e-08,2.6435789409680931e-11,0
6729,-5.8466837928164216e-10,9.5429934702975783e-05,9.5424233916998984e-05,5.7007859767988119e-09,1.7381434847113012e-11,0
6730,-3.5873079851148095e-10,1.9264882090060456e-05,1.9234548388565409e-05,3.0333701495047254e-08,3.0837576941749784e-11,0
6731,4.1869942011596158e-10,-1.6154725347974040e-04,-1.6154380824395941e-04,-3.4452357809894914e-09,7.3666139419315136e-11,0
6732,5.9757663180327534e-10,1.6661649356437824e-05,1.6667281149717919e-05,-5.6317932800943377e-09,1.0316055250362895e-10,0
6733,1.2908252065482087e-11,1.1209147093518441e-04,1.1209088260741205e-04,5.8832777236376369e-10,5.1961129338707351e-11,0
6734,2.3884583297018756e-10,3.5926490576853806e-05,3.5912995320042014e-05,1.3495256811792676e-08,6.5710847057408806e-11,0
6735,2.2593758090499662e-10,-7.6164988717845536e-05,-7.6176024451896966e-05,1.1035734051429943e-08,1.9549657412926512e-11,0
6736,5.8757088712837778e-10,-8.0772375741500202e-06,-8.0629754010509750e-06,-1.4262173099045168e-08,4.2786403843408746e-11,0
6738,3.2317828519794352e-10,-1.7877592318792969e-04,-1.7876390260058569e-04,-1.2020587344003250e-08,1.6510650181061823e-11,0
6739,5.4744814078898564e-10,-5.6876784443934264e-07,-5.5639793519784668e-07,-1.2369909241495961e-08,1.9667752439258273e-11,0
6740,9.5071873011087235e-11,9.4868885680836153e-05,9.4868095487976698e-05,7.9019285945558949e-10,2.0020643633027566e-11,0
6741,6.3541396799731497e-10,-3.7680104757293774e-05,-3.7678707291862164e-05,-1.3974654316091474e-09,1.1359246858472950e-11,0
6746,2.2426985574122992e-10,1.7820716600738633e-04,1.7820953946111223e-04,-2.3734537259016437e-09,1.9043340254087992e-11,0
6747,-2.2810641206249466e-10,2.7364489162260818e-04,2.7363198170312773e-04,1.2909919480446827e-08,2.1732395850118562e-11,0
6748,3.1223568300212634e-10,1.4109585614718000e-04,1.4109577790598078e-04,7.8241199218294366e-11,1.0294829787452480e-11,0
6749,-4.5237626778999940e-10,9.5437721058866127e-05,9.5426058673243826e-05,1.1662385622301192e-08,2.6508233146120090e-11,0
6750,8.7965827236808286e-11,-3.7111348597357622e-05,-3.7113006201721857e-05,1.6576043642346164e-09,1.1326245070947850e-11,0
6751,5.4034209498620836e-10,-1.3254899028508583e-04,-1.3254399833654727e-04,-4.9919485385629958e-09,1.2869539462073469e-11,0
6752,-8.4126676885286501e-10,-5.9007763625069237e-06,-5.8857207923487509e-06,-1.5055570158172869e-08,2.8670536110018914e-11,0
6754,-3.0369295266300838e-10,-1.8466739749684654e-04,-1.8464739918622828e-04,-1.9998310618255096e-08,3.9238296330007205e-11,0
6755,-1.5328837116541538e-10,-6.4620582302570354e-06,-6.4418236290114459e-06,-2.0234601245589451e-08,3.1786889803717584e-11,0
6756,-8.3556511444752058e-10,8.8966095012245686e-05,8.8985330253461205e-05,-1.9235241215519064e-08,2.5220414556172305e-11,0
6758,5.3757381710803130e-10,-1.7876655396304852e-04,-1.7876045625193047e-04,-6.0977111180455720e-09,2.9079906282042622e-11,0
6759,6.8797839895970855e-10,-5.6126197323872612e-07,-5.5466948789095067e-07,-6.5924853477754454e-09,2.4256761659608545e-11,0
6760,5.7016545851912374e-12,9.4866868693071343e-05,9.4867284010372049e-05,-4.1531730070559596e-10,1.5937073525375639e-11,0
6764,1.5040458167942627e-10,1.7820537593414608e-04,1.7820782235238142e-04,-2.4464182353360359e-09,1.9453435757379678e-11,0
6765,-5.3187216216083931e-10,2.7363346429439689e-04,2.7362770507839690e-04,5.7592159999884408e-09,2.4467682800410945e-11,0
6766,-6.8227674384546992e-10,9.5428108436271947e-05,9.5423503120413384e-05,4.6053158585625861e-09,2.4858409690215631e-11,0
6768,-1.2969559359108402e-10,2.1561226270123968e-06,2.1702833219089555e-06,-1.4160694896558691e-08,9.5587481622808533e-12,0
6769,3.8545018395601312e-10,-1.9271394895115492e-04,-1.9270809192406985e-04,-5.8570270850661320e-09,8.5572238558329650e-12,0
6770,-7.6078109922609943e-11,-3.1181357515978544e-05,-3.1167128300415385e-05,-1.4229215563159596e-08,3.5316818433586582e-11,0
6771,-7.9228203762876119e-11,8.0910358750567457e-05,8.0919344721513313e-05,-8.9859709458562503e-09,8.4637553128442008e-12,0
6772,5.7077489290238295e-10,-5.1607301007269412e-05,-5.1615887320032974e-05,8.5863127635617828e-09,7.3901196929537018e-12,0
6773,-1.3347804019195662e-11,4.7317890391413223e-06,4.7464634975837965e-06,-1.4674458442474272e-08,1.0263958584456104e-11,0
6780,5.1514577811250282e-10,-1.9487006217795179e-04,-1.9487180893605947e-04,1.7467581076772813e-09,5.8082052766573711e-12,0
6781,5.3617483879389667e-11,-3.3337462205330903e-05,-3.3333746673893431e-05,-3.7155314374723715e-09,3.1256328159320024e-11,0
6782,5.0467390068564995e-11,7.8754260217965555e-05,7.8755574981384567e-05,-1.3147634190125573e-09,6.3816345543798647e-12,0
6783,7.0047048731474630e-10,-5.3763428439209532e-05,-5.3783635827267251e-05,2.0207388057718885e-08,5.4592495173927433e-12,0
6784,1.1634778971418323e-10,2.5756628861985098e-06,2.5765551150821770e-06,-8.9222888366716080e-10,8.0414835345777092e-12,0
6785,-4.6467838771274118e-10,2.7362431958821883e-04,2.7362812999241287e-04,-3.8104041940483814e-09,3.5745434242971309e-12,0
6786,1.8532470894488378e-10,1.4110663009976165e-04,1.4109269262930205e-04,1.3937470459593048e-08,2.4855674147972490e-12,0
6787,-3.9879798797123051e-10,1.9744572123479073e-04,1.9744758676431987e-04,-1.8655295291403542e-09,5.5665658988606934e-12,0
6788,4.6152829436991012e-10,-1.6153254804708063e-04,-1.6154149600493961e-04,8.9479578589831375e-09,1.7810719409513278e-11,0
6789,-3.1500937987462738e-12,1.1209178105157534e-04,1.1209130717312452e-04,4.7387845081606986e-10,2.0298006898191072e-11,0
6790,6.4685300366697698e-10,-2.0425863086332569e-05,-2.0453433087239091e-05,2.7570000906522587e-08,1.9444499834896562e-11,0
6791,6.2730305809259797e-11,3.5913158023796569e-05,3.5911105065644697e-05,2.0529581518723508e-09,3.4571183152465337e-11,0
6792,6.5000309752148976e-10,-1.3251769996060203e-04,-1.3254327736214808e-04,2.5577401546050685e-08,3.7247789555480696e-12,0
6793,6.5880399598750797e-11,-7.6178596423223839e-05,-7.6178383575565680e-05,-2.1284765815913608e-10,6.3836746387340245e-12,0
6794,-5.8412269672414121e-10,5.6339091647612111e-05,5.6354409911115132e-05,-1.5318263503021057e-08,4.8804860452868796e-12,0
6800,-5.8930676034510052e-10,1.2799099509590642e-05,1.2794894935646118e-05,4.2045739445241794e-09,3.7115066969688883e-11,0
6804,-2.7187923720507315e-11,2.1693543909018231e-06,2.1715621294409423e-06,-2.2077385391191777e-09,2.5996042896265655e-11,0
6807,2.0831489672052977e-11,4.7425964639852616e-06,4.7468883181998934e-06,-4.2918542146317922e-09,2.1385752299711030e-11,0
6809,-2.2061921321563788e-10,1.6102561492547379e-05,1.6109732464406610e-05,-7.1709718592305981e-09,2.6482442839805185e-11,0
6810,1.9412614302661364e-11,-1.7226317696822802e-05,-1.7224432169830971e-05,-1.8855269918308429e-09,2.1100516182014332e-11,0
6811,-3.7729225908639484e-12,9.4863545596482642e-05,9.4867565840845558e-05,-4.0202443629168156e-09,7.9884972956123721e-12,0
6818,2.1684629104852944e-10,7.8760972988914033e-05,7.8757752826531222e-05,3.2201623828109326e-09,2.5627066724883844e-11,0
6819,4.8019413399034851e-11,2.5732536179817224e-06,2.5757159906449207e-06,-2.4623726631982751e-09,1.9346300194702755e-11,0
6820,-2.3185536890766081e-11,1.1208989014949806e-04,1.1209119855428211e-04,-1.3084047840533847e-09,2.5252536391801335e-11,0
6823,1.8625491184737866e-10,1.7821127876511186e-04,1.7820711620809151e-04,4.1625570203435245e-09,2.3911408350809934e-11,0
6824,2.5488123974983287e-10,1.4110501827769781e-04,1.4109302258539239e-04,1.1995692305417308e-08,1.3325296865331179e-11,0
6825,6.8626327880670718e-11,-3.7106307305196772e-05,-3.7113287786397369e-05,6.9804812005968024e-09,1.7062351832544298e-11,0
6826,4.3889238214008558e-11,2.1724278436779584e-06,2.1724556210722678e-06,-2.7777394309365150e-11,1.4174173092061352e-11,0
6827,1.0065621750167604e-10,4.7467025362291949e-06,4.7478797698909809e-06,-1.1772336617859775e-09,1.6933272395684300e-11,0
6828,5.6766979290590813e-11,2.5742627352130136e-06,2.5758376004908420e-06,-1.5748652778283941e-09,1.5128473708914314e-11,0
6830,7.9756530366600856e-11,-1.7881529409232225e-04,-1.7876435881672632e-04,-5.0935275595930841e-08,1.2116518087415034e-11,0
6831,4.0619985710967305e-10,-6.1203124702285949e-07,-5.5819627983747393e-07,-5.3834967185385566e-08,1.3252079767665981e-11,0
6832,9.3348371311330687e-11,-1.7237653170755788e-05,-1.7223470831876526e-05,-1.4182338879262441e-08,4.4276434444488033e-11,0
6833,1.9815092179146669e-10,9.4869862342954994e-05,9.4870339751668576e-05,-4.7740871358167153e-10,1.1302522352411021e-11,0
6834,5.4778524799880914e-10,-3.7723821408933850e-05,-3.7680145379852320e-05,-4.3676029081529753e-08,8.8274607580468498e-12,0
6840,3.2644332718684544e-10,1.7820326093343061e-04,1.7820819991178213e-04,-4.9389783515155911e-09,7.1905963128985673e-12,0
6841,1.1839439391266524e-10,2.7368515093552023e-04,2.7363462101335226e-04,5.0529922167969702e-08,9.8427589074436623e-12,0
6842,4.6802871826750895e-10,1.4109146646006120e-04,1.4109498014722651e-04,-3.5136871653072051e-09,4.4616159280292854e-12,0
6843,-2.0804893314379306e-10,9.5481865024105855e-05,9.5430050428828606e-05,5.1814595277248896e-08,1.1104736915742300e-11,0
6844,1.4158539110098563e-10,-3.7111808835019026e-05,-3.7112396990996398e-05,5.8815597737179454e-10,4.5573882562744320e-12,0
6845,-1.3591841101501286e-11,-1.6157773552587067e-04,-1.6154632129528415e-04,-3.1414230586518203e-08,4.3671321604831636e-11,0
6846,3.1285148566475032e-10,1.6625739736098044e-05,1.6663594064828423e-05,-3.7854328730379161e-08,5.1319603492675087e-11,0
6847,1.0480255050440351e-10,1.1210755653581978e-04,1.1209301956262609e-04,1.4536973193683190e-08,4.2165375578009760e-11,0
6848,4.5443687657699577e-10,-2.0486104271050243e-05,-2.0455993218334217e-05,-3.0111052716025538e-08,3.3011556536280802e-11,0
6849,3.4963432619371106e-10,-1.3259369304391769e-04,-1.3254751751323770e-04,-4.6175530679990048e-08,7.1692095256483630e-12,0
6851,9.1907635350602009e-11,-1.7222856443439773e-05,-1.7223463674220920e-05,6.0723078114713856e-10,5.8116973395848690e-11,0
6853,7.3161881053422796e-10,-1.8460306900070812e-04,-1.8463268226226465e-04,2.9613261556522916e-08,2.4900456898362268e-11,0
6854,7.2601283644031694e-10,-6.4331397470022977e-06,-6.4313103133054708e-06,-1.8294336968269719e-09,2.3696499336415953e-11,0
6855,-4.3872527132906264e-10,8.9051779130315534e-05,8.8990722986252490e-05,6.1056144063043266e-08,4.2485410803169996e-11,0
6856,6.9641791237311703e-10,-4.3549105701352550e-05,-4.3545389733172666e-05,-3.7159681798843553e-09,1.3464192234124484e-11,0
6857,-8.6075738920830604e-10,1.2836849078733115e-05,1.2791412979917855e-05,4.5436098815259784e-08,3.2575290779550041e-11,0
6858,-5.6059739876237234e-12,1.7816993084344025e-04,1.7820364968142589e-04,-3.3718837985641237e-08,1.0609242141818274e-11,0
6859,-1.1703440769126591e-09,2.7365472591118220e-04,2.7361836377585243e-04,3.6362135329777619e-08,5.1917828987258634e-11,0
6860,-3.5200897811760621e-11,1.4105397653589938e-04,1.4108828659667498e-04,-3.4310060775604671e-08,6.5175738298823252e-12,0
6861,-1.5923761902979877e-09,1.9743995018324696e-04,1.9743164546154370e-04,8.3047217032644182e-09,3.4168734725563874e-11,0
6862,-1.1647381049472000e-09,9.5484834856759092e-05,9.5418345560511832e-05,6.6489296247259342e-08,4.6103021687463170e-11,0
6863,-2.9594923916877878e-11,-3.7115956872857316e-05,-3.7114529129314681e-05,-1.4277435426347687e-09,5.1514271678656209e-12,0
6864,-1.5867702202088818e-09,1.9270013428190902e-05,1.9219952783534551e-05,5.0060644656351133e-08,3.5330860021181021e-11,0
6865,1.1351431788966252e-09,-1.3260083391668578e-04,-1.3253796744418301e-04,-6.2866472502770164e-08,2.5455893987442949e-11,0
6866,-1.5571752976270475e-09,5.6385965391511465e-05,5.6342682119616044e-05,4.3283271895421460e-08,1.6553061037115045e-11,0
6867,-1.6651884502340208e-12,-1.7376768344940268e-06,-1.7369960311039057e-06,-6.8080339012111906e-10,3.2803645145922953e-12,0
6868,7.0776615761291209e-11,1.6118795876330846e-05,1.6113632483594706e-05,5.1633927361399734e-09,1.3931128018770569e-11,0
6869,3.9583448561638908e-10,-1.7876395142808581e-04,-1.7875936707053081e-04,-4.5843575550020676e-09,8.7381288569325032e-12,0
6870,5.5834064294390893e-10,-5.5302019554871740e-07,-5.5632902219710341e-07,3.3088266483860104e-09,1.1301376825676974e-11,0
6871,3.8896076799374696e-11,-1.7223129172207891e-05,-1.7224079582514603e-05,9.5041030671229472e-10,3.5492368390437251e-11,0
6872,5.3924007809206074e-11,9.4869922354373735e-05,9.4868955163696984e-05,9.6719067675080268e-10,8.9807012170752085e-12,0
6873,6.1507208278816951e-10,-3.7659320781051678e-05,-3.7679457894286828e-05,2.0137113235150193e-08,7.4092512783430215e-12,0
6874,2.1770388942252959e-10,1.8703667485495817e-05,1.8691768414723674e-05,1.1899070772143438e-08,1.3985690257872120e-11,0
6875,7.2441804208716673e-11,1.7856455495885923e-05,1.7852057634316534e-05,4.3978615693891884e-09,6.0995633696579677e-12,0
6876,3.9749967406623057e-10,-1.7702627580797915e-04,-1.7702569191916918e-04,-5.8388880996894724e-10,3.9223719505426776e-12,0
6877,5.6000583139156703e-10,1.1846770058328987e-06,1.1733918051533499e-06,1.1285200679548801e-08,4.9367743686795076e-12,0
6878,4.0561265246198457e-11,-1.5485574353675492e-05,-1.5486609974775541e-05,1.0356211000490023e-09,1.5362988019405413e-11,0
6879,5.5589196259625744e-11,9.6607601076912220e-05,9.6605246987377166e-05,2.3540895350545937e-09,3.7677526032768698e-12,0
6880,6.1673727123487211e-10,-3.5921644990366194e-05,-3.5938683097431817e-05,1.7038107065622463e-08,3.3543144901327408e-12,0
6881,2.1936907787076796e-10,2.0441345136691311e-05,2.0427347520616999e-05,1.3997616074311922e-08,6.2032919831182937e-12,0
6882,3.2505786968067384e-10,-1.9488274455741828e-04,-1.9487245672418171e-04,-1.0287833236569469e-08,1.8721960478643387e-11,0
6883,4.8756402684528874e-10,-1.6671785338355331e-05,-1.6662864642537792e-05,-8.9206958175395078e-09,2.4700038398658903e-11,0
6884,-3.1880539042760460e-11,-3.3341962723540744e-05,-3.3334935998429503e-05,-7.0267251112412165e-09,6.8071558655928207e-11,0
6885,-1.6852608074030973e-11,7.8751132114170466e-05,7.8755332661934336e-05,-4.2005477638698465e-09,1.5604185751657089e-11,0
6886,5.4429546663478055e-10,-5.3778089421513582e-05,-5.3786213241882427e-05,8.1238203688451384e-09,1.6702087289307279e-11,0
6887,1.4692727353343601e-10,2.5848933339293195e-06,2.5769770390949976e-06,7.9162948343219314e-09,1.8537813534935956e-11,0
6888,1.6250615716651276e-10,1.7821092595736877e-04,1.7820507650206547e-04,5.8494553032957617e-09,7.3790624654182165e-12,0
6889,-3.4191047775629480e-10,2.7363388829404478e-04,2.7362821909234327e-04,5.6692017015103416e-09,9.5242520890474796e-12,0
6890,2.1923759695857990e-10,1.4110462658352245e-04,1.4109075289974431e-04,1.3873683778144099e-08,4.8141738535022565e-12,0
6891,-1.7813059614753014e-10,1.9746760542229281e-04,1.9744871449066574e-04,1.8890931627069682e-08,1.6970479237361709e-11,0
6892,-5.0441663481275702e-10,9.5422937868924404e-05,9.5426777311850470e-05,-3.8394429260657807e-09,1.1860797267746056e-11,0
6893,5.6731439762599867e-11,-3.7106302599356671e-05,-3.7113472627407495e-05,7.1700280508243323e-09,5.4721136133695848e-12,0
6894,-3.4063675320595717e-10,1.9256679082278630e-05,1.9235524598834020e-05,2.1154483444610198e-08,2.2416107762171306e-11,0
6895,3.5693840881976698e-10,-1.6154072628379000e-04,-1.6154072630365343e-04,1.9863424056618117e-14,4.2916012605739894e-11,0
6896,5.1944456614737384e-10,1.6670179829638906e-05,1.6666101336252970e-05,4.0784933859364873e-09,5.8077106746856410e-11,0
6897,1.5027931014907245e-11,1.1209315657997155e-04,1.1209225636008699e-04,9.0021988455768649e-10,4.6924950929244469e-11,0
6898,5.7617600599394763e-10,-2.0436153291867459e-05,-2.0454646427786460e-05,1.8493135919000353e-08,3.2157349956772514e-11,0
6899,1.7880781262414417e-10,3.5926756224068102e-05,3.5912885571426145e-05,1.3870652641956782e-08,6.7717516172970226e-11,0
6900,5.6114807496877122e-10,-1.3252925975921342e-04,-1.3254537718479549e-04,1.6117425582069756e-08,7.6345819580592198e-12,0
6901,1.6377988161110054e-10,-7.6166265229011404e-05,-7.6177603666277135e-05,1.1338437265730954e-08,1.5078009252809449e-11,0
6902,-3.9736819291151373e-10,5.6362976598346368e-05,5.6357205459468492e-05,5.7711388778752468e-09,1.4361586577492428e-11,0
6903,5.9084232527887486e-10,-8.0319800640216155e-06,-8.0627140024143013e-06,3.0733938392685800e-08,3.1969268876220898e-11,0
6904,-1.0142829287863175e-12,-1.7360269486254990e-06,-1.7369502439188890e-06,9.2329529338995098e-10,5.3154228727229754e-12,0
6905,9.4489697564314428e-11,1.6122615816080779e-05,1.6114023154215058e-05,8.5926618657207877e-09,2.5234419757584293e-11,0
6906,4.4992281631537833e-10,-1.7876672778887638e-04,-1.7875809315123054e-04,-8.6346376458384597e-09,1.7828258373033147e-11,0
6907,6.1388547691568820e-10,-5.6350499560552797e-07,-5.5565116424164825e-07,-7.8538313638797238e-09,2.1451344998158313e-11,0
6908,2.1345184081006025e-11,-1.7223726456533405e-05,-1.7224259799400231e-05,5.3334286682584940e-10,4.5605174266180360e-11,0
6909,2.7880144962862871e-11,9.4869182513266249e-05,9.4868859527706483e-05,3.2298555976560846e-10,1.1407219849381075e-11,0
6910,2.4850133048865617e-10,1.8704670587626690e-05,1.8692250148174273e-05,1.2420439452417455e-08,2.3553694685694557e-11,0
6911,9.5503980488604062e-11,1.7858710293614660e-05,1.7852402679361340e-05,6.3076142533205904e-09,1.2272223158276618e-11,0
6912,4.5093709923900656e-10,-1.7703071226484552e-04,-1.7702447246296360e-04,-6.2398018819238236e-09,8.7597732930329524e-12,0
6913,6.1489975983840353e-10,1.1725119996976521e-06,1.1739969651340985e-06,-1.4849654364463209e-09,1.0752560543827509e-11,0
6914,2.2359467011981559e-11,-1.5487794028635820e-05,-1.5486833863792611e-05,-9.6016484320900642e-10,2.3153318123793070e-11,0
6915,2.8894427890311376e-11,9.6605216289545777e-05,9.6605102097192355e-05,1.1419235342198780e-10,5.0560887318955284e-12,0
6916,2.4951561341575623e-10,2.0440671606867383e-05,2.0427791724013368e-05,1.2879882854015029e-08,1.1866971763269522e-11,0
6917,3.5543311836770901e-10,-1.9488947313971855e-04,-1.9487161465183144e-04,-1.7858487887112157e-08,2.9915989482668330e-11,0
6918,5.1939577870432146e-10,-1.6686188449647945e-05,-1.6662604845515440e-05,-2.3583604132505070e-08,3.7781824650157568e-11,0
6919,-7.3144513516219128e-11,-3.3346383255914921e-05,-3.3335482854820192e-05,-1.0900401094729039e-08,7.5428038262341543e-11,0
6920,-6.6609552689559126e-11,7.8746509737850218e-05,7.8754876901874734e-05,-8.3671640245162014e-09,2.0003327352586104e-11,0
6921,1.5401163269851590e-10,2.5819453796597364e-06,2.5770765173073591e-06,4.8688623523772116e-09,2.7770201506068240e-11,0
6922,1.6396266049532633e-10,1.7820323389869451e-04,1.7820448104776882e-04,-1.2471490743067287e-09,1.3625450010185444e-11,0
6923,-4.2204267124137691e-10,2.7363591604161967e-04,2.7362683513980937e-04,9.0809018102951285e-09,1.3675058449489895e-11,0
6924,-2.0142148576763944e-10,1.9747131749667766e-04,1.9744798768883088e-04,2.3329807846786963e-08,2.8056700266604796e-11,0
6925,-5.8600533164111300e-10,9.5432720267058131e-05,9.5425991848897842e-05,6.7284181602889548e-09,1.6450169332234743e-11,0
6926,-3.6538414619157502e-10,1.9268165291291307e-05,1.9235327618957623e-05,3.2837672333684600e-08,3.2372333726719162e-11,0
6927,4.2857763230424686e-10,-1.6154305271127555e-04,-1.6153927526514755e-04,-3.7774461280031934e-09,7.4402409010668417e-11,0
6929,6.5349608918655171e-12,1.1209291363168235e-04,1.1209234805035644e-04,5.6558132591373600e-10,4.1133166633746103e-11,0
6930,2.2715614644682152e-10,3.5928333307299470e-05,3.5913577980284943e-05,1.4755327014527142e-08,7.3046461173055091e-11,0
6931,2.2062118556098297e-10,-7.6164544351279423e-05,-7.6177016942101543e-05,1.2472590822120203e-08,1.9042818849740010e-11,0
6932,9.1844615282552436e-10,-4.3511305096425104e-05,-4.3542906958498874e-05,3.1601862073769816e-08,2.9702898222984167e-11,0
6933,-9.9150761091460164e-13,-1.7364243826310045e-06,-1.7369181089195837e-06,4.9372628857919149e-10,8.4119911947594318e-12,0
6934,3.3660851572702397e-10,-1.7877127336535237e-04,-1.7875898902748532e-04,-1.2284337867052688e-08,1.9122959598916843e-11,0
6935,5.5108438149869203e-10,-5.6911589422755163e-07,-5.5643926573281384e-07,-1.2676628494737785e-08,2.2658991595784483e-11,0
6936,7.9843394317875041e-11,9.4870570712309650e-05,9.4869695957566116e-05,8.7475474353480593e-10,1.8371098144164954e-11,0
6937,3.3760002333392379e-10,-1.7703486408062775e-04,-1.7702540780154026e-04,-9.4562790874900150e-09,9.4240400211564260e-12,0
6938,5.5207588910232903e-10,1.1673535314890744e-06,1.1731540008782639e-06,-5.8004693891895300e-09,1.0261225407469792e-11,0
6939,8.0834901920892588e-11,9.6606987036162631e-05,9.6605903463956711e-05,1.0835722059204800e-09,8.3218237835903421e-12,0
6940,2.1447586594939071e-10,1.7820218318515468e-04,1.7820458933522366e-04,-2.4061500689847356e-09,2.2471308888618467e-11,0
6941,-2.5676512132512820e-10,2.7364184773144389e-04,2.7362855528659312e-04,1.3292444850767152e-08,2.0089410681315962e-11,0
6942,-4.7124098723729687e-10,9.5439667850558824e-05,9.5427606271704911e-05,1.2061578853912996e-08,1.7300864805571138e-11,0
6943,7.0161492059818227e-11,-4.3555360360161767e-05,-4.3553583335040876e-05,-1.7770251208907802e-09,4.8831539652878060e-12,0
6944,-1.5877564124927103e-12,-1.7375833304108376e-06,-1.7369010764923455e-06,-6.8225391849219066e-10,9.1634789843598490e-12,0
6945,2.8472746722964651e-10,-1.7877058452725730e-04,-1.7875924179321475e-04,-1.1342734042546054e-08,1.6636577655514658e-11,0
6946,4.9815045361646664e-10,-5.6764765505017828e-07,-5.5710283754879789e-07,-1.0544817501380392e-08,2.2658277145075207e-11,0
6947,1.0434157635134273e-10,9.4872406145415228e-05,9.4870147016972223e-05,2.2591284430049366e-09,1.2198932406132413e-11,0
6948,2.8631522364386797e-10,-1.7703296269688199e-04,-1.7702568321880928e-04,-7.2794780727120697e-09,1.4736604624646910e-11,0
6949,4.9973821002434864e-10,1.1699563551464173e-06,1.1724559673671696e-06,-2.4996122207522953e-09,1.9717868610323232e-11,0
6950,1.0592933276374097e-10,9.6609988747076072e-05,9.6606335245463351e-05,3.6535016127210327e-09,9.8767028085953377e-12,0
6951,2.1342298647049473e-10,1.7820291315564802e-04,1.7820417892230135e-04,-1.2657666533292221e-09,1.6277906825209529e-11,0
6952,-1.8038589073313114e-10,2.7364294483472797e-04,2.7362924978708956e-04,1.3695047638409476e-08,1.4203463347291724e-11,0
6953,-3.9380887724811003e-10,9.5440037236139540e-05,9.5428713150980674e-05,1.1324085158866343e-08,1.7781452660932907e-11,0
6954,1.7624918067835665e-11,2.1718409457244367e-06,2.1721793430534421e-06,-3.3839732900546078e-10,1.2018336940678166e-11,0
6955,1.5995434922283928e-10,-3.1155513379210395e-05,-3.1164885902026828e-05,9.3725228164333796e-09,4.0938780141106301e-11,0
6956,1.0758021136329160e-10,4.7499930465599860e-06,4.7479718267681151e-06,2.0212197918709215e-09,9.5160911608254907e-12,0
6957,1.4232943114754470e-10,-3.3327321515246380e-05,-3.3332874165776894e-05,5.5526505305132233e-09,3.2183906683876022e-11,0
6958,8.9955293294395178e-11,2.5781507332796327e-06,2.5763031381777532e-06,1.8475951018795258e-09,7.5799117634475757e-12,0
6959,-5.2374137782652220e-11,3.5905474257873129e-05,3.5910279227728992e-05,-4.8049698558633343e-09,3.6298742084439893e-11,0
6960,-1.0733134457675479e-10,-1.5698239294589106e-05,-1.5688238971272532e-05,-1.0000323316573817e-08,6.3560466979089038e-12,0
6961,-1.4324722365060364e-10,2.1524198147299112e-06,2.1701930613314484e-06,-1.7773246601537178e-08,2.1927094117360962e-11,0
6962,-9.1297657393872423e-11,-3.1185891155983622e-05,-3.1168088833710899e-05,-1.7802322272723241e-08,6.1487526354092025e-11,0
6963,5.4168754052168019e-10,-5.1621625479198179e-05,-5.1617164666956452e-05,-4.4608122417265361e-09,1.4687359715685765e-11,0
6964,-3.9012278056260411e-11,4.7277221577497752e-06,4.7461549591630693e-06,-1.8432801413294040e-08,2.1449006416457446e-11,0
6965,-3.5915879215765025e-11,1.7850662606228810e-05,1.7850928276339510e-05,-2.6567011070043446e-10,3.4677413536406867e-12,0
6966,1.6033687308869296e-11,-1.5487730912631644e-05,-1.5486907468553881e-05,-8.2344407776268301e-10,8.1673646418703364e-12,0
6967,6.4901888603138482e-10,-3.5923374144000708e-05,-3.5938634528204055e-05,1.5260384203347156e-08,1.6425452847334983e-12,0
6968,6.8319066554359431e-11,2.0425980826225924e-05,2.0425729763217569e-05,2.5106300835498439e-10,3.4683049507806187e-12,0
6969,5.1949566477931084e-11,-3.3338356371322587e-05,-3.3334023945385086e-05,-4.3324259375006140e-09,5.3323909074552378e-11,0
6970,6.8493476506193728e-10,-5.3774042305802447e-05,-5.3785102487167191e-05,1.1060181364744314e-08,7.6138682993908287e-12,0
6971,1.0423494573752860e-10,2.5753019712900903e-06,2.5764898014524841e-06,-1.1878301623937812e-09,1.1170032847655030e-11,0
6972,6.3298519885126691e-10,-2.0435679960980821e-05,-2.0454274948371519e-05,1.8594987390698018e-08,9.5776103360423121e-12,0
6973,5.2285379230044424e-11,3.5913623688095357e-05,3.5911653628156275e-05,1.9700599390826243e-09,4.7219626785804667e-11,0
6974,-5.8069981854299259e-10,5.6349355309957480e-05,5.6355405976319008e-05,-6.0506663615274379e-09,6.4199447013892742e-12,0
6975,6.8327786532029102e-11,2.1784141692278089e-06,2.1728246323614512e-06,5.5895368663577360e-09,2.7374453908978549e-11,0
6976,1.4844630193682694e-10,4.7605132631311359e-06,4.7484806926505147e-06,1.2032570480621146e-08,2.5043774225948041e-11,0
6977,8.0118515428413479e-11,2.5821470353484116e-06,2.5761991518445380e-06,5.9478835038736097e-09,3.0789587020180595e-11,0
6978,-7.6803931912889769e-10,-5.8895415355180586e-06,-5.8848126625704474e-06,-4.7288729476111757e-09,2.9403735223556244e-11,0
6979,-7.6868783988860292e-10,-7.6246549519480566e-06,-7.6302443360664261e-06,5.5893841183694940e-09,2.4261412703875002e-11,0
6980,-2.4781606304885901e-10,-1.8465225211770561e-04,-1.8464202845247068e-04,-1.0223665234928084e-08,3.6477492059061057e-11,0
6981,-1.2051074088744924e-10,-6.4537479685395499e-06,-6.4423921345606435e-06,-1.1355833978906437e-08,2.9251920238124502e-11,0
6982,-7.8472364836775115e-10,8.8978764828587589e-05,8.8987135061261796e-05,-8.3702326742071068e-09,2.5043098777740127e-11,0
6983,-6.4852076331071625e-13,-1.7351111625647721e-06,-1.7368186885450903e-06,1.7075259803182421e-09,1.1850179164444254e-11,0
6984,5.2022325675823413e-10,-1.7876274688828891e-04,-1.7875519000947295e-04,-7.5568788159572145e-09,2.7086557174669448e-11,0
6985,6.4752857915731959e-10,-5.6416907460781970e-07,-5.5527092205158238e-07,-8.8981525562373251e-09,2.2125288045512924e-11,0
6986,-1.6684329130692778e-11,9.4868313779116094e-05,9.4869072537461324e-05,-7.5875834523004507e-10,1.7099163921091878e-11,0
6987,5.2087177751248483e-10,-1.7702758699786889e-04,-1.7702173009596448e-04,-5.8569019044114445e-09,1.9496870333891144e-11,0
6988,6.4817709990774748e-10,1.1709360812762852e-06,1.1741550197571720e-06,-3.2189384808867669e-09,1.9738283283421458e-11,0
6989,-1.6035808368189491e-11,9.6603414801159793e-05,9.6605171875117302e-05,-1.7570739575090795e-09,1.1711278159661974e-11,0
6990,1.2730532229430202e-10,1.7819853708741932e-04,1.7820196019266153e-04,-3.4231052422142600e-09,1.9036675859908940e-11,0
6991,-5.3690758563612563e-10,2.7363099818174513e-04,2.7362409651968123e-04,6.9016620639003601e-09,2.4239144490957613e-11,0
6992,-6.6421290801968242e-10,9.5432487629121439e-05,9.5425784306336486e-05,6.7033227849533274e-09,2.2758097381388214e-11,0
6994,-4.0631691249041244e-11,2.1689817146382760e-06,2.1714839109008057e-06,-2.5021962625297104e-09,3.4733911890213127e-11,0
6995,-5.8553302392489126e-12,4.7418533889974357e-06,4.7465684411938678e-06,-4.7150521964321314e-09,2.8305806063717137e-11,0
6996,-2.2692300502879747e-10,1.7837460509309219e-05,1.7848660757065503e-05,-1.1200247756284104e-08,1.3126382725117184e-11,0
6997,-1.9214664404263201e-10,2.0410341445904756e-05,2.0422620236451187e-05,-1.2278790546430490e-08,2.9537390334770574e-11,0
6998,3.4776361020269403e-11,2.5728547002378324e-06,2.5756483425326149e-06,-2.7936422947825171e-09,1.9437857321033691e-11,0
6999,6.4681388475939694e-11,2.7369663280904857e-04,2.7363089197302839e-04,6.5740836020181798e-08,1.0155640100075432e-11,0
7000,4.6700314602094880e-10,1.4108659739317574e-04,1.4108992391018813e-04,-3.3265170123954624e-09,4.7149323137506576e-12,0
7001,3.4606553223124711e-11,-1.6157894086021862e-04,-1.6154130725885875e-04,-3.7633601359868393e-08,4.5459571952119493e-11,0
7002,9.9287939653756452e-11,1.1211782271084618e-04,1.1209449769610373e-04,2.3325014742451222e-08,4.3580450090876913e-11,0
7003,5.0160969844899954e-10,-2.0492228456878842e-05,-2.0456127969154701e-05,-3.6100487724140463e-08,3.2983554025903227e-11,0
7004,4.0232175889313282e-10,-1.3261003549410247e-04,-1.3254899640900602e-04,-6.1039085096445010e-08,7.5334008964082775e-12,0
7005,-5.1948443698614339e-11,2.1666923251686086e-06,2.1713559811378990e-06,-4.6636559692904143e-09,1.8148439414317001e-11,0
7006,1.5157998860254855e-12,-1.7333988133251294e-06,-1.7367066470460796e-06,3.3078337209501561e-09,1.0440465303968815e-11,0
7007,-3.4656833623183314e-12,-1.7237435866895336e-05,-1.7224356816198360e-05,-1.3079050696975929e-08,6.8113426932934631e-11,0
7008,2.9295991425257822e-11,9.4857847785737720e-05,9.4870156353906769e-05,-1.2308568169048747e-08,2.5447888088148562e-11,0
7009,-4.9814832514715771e-12,-1.5504132169875257e-05,-1.5487162576178105e-05,-1.6969593697151452e-08,4.3506529247030782e-11,0
7010,2.7780191528826182e-11,9.6591208425009494e-05,9.6606135817856165e-05,-1.4927392846670316e-08,1.2384980857045480e-11,0
7011,3.2761674860105524e-11,1.1209527723773317e-04,1.1209378189739932e-04,1.4953403338431506e-09,9.7187643826768307e-11,0
7012,8.1961648624290232e-10,-1.8460138441555446e-04,-1.8462755591037652e-04,2.6171494822062411e-08,2.5053309051911785e-11,0
7013,7.6998204978773470e-10,-6.4345635230646236e-06,-6.4316060616757826e-06,-2.9574613888410319e-09,2.1545353779526943e-11,0
7014,7.2567170218984969e-10,-4.3550412552271697e-05,-4.3546021068737059e-05,-4.3914835346379132e-09,1.3535889834827987e-11,0
7015,-7.3069974469220017e-10,1.2858515751414806e-05,1.2792546859190824e-05,6.5968892223982727e-08,3.3140543573111136e-11,0
7016,-4.9634436254421630e-11,1.7816680366399863e-04,1.7819829407000326e-04,-3.1490406004623704e-08,1.1009271553078802e-11,0
7017,-9.3944783574518866e-11,1.4105095976105035e-04,1.4108252122442804e-04,-3.1561463377689780e-08,6.8010053089985768e-12,0
7018,-1.5503162213869412e-09,1.9745990954660089e-04,1.9742873373384740e-04,3.1175812753488899e-08,4.1365758229529949e-11,0
7019,-4.4310347448357192e-11,-3.7115856945278518e-05,-3.7114814491742386e-05,-1.0424535361314288e-09,5.2920771779147476e-12,0
7020,-1.5006817892050308e-09,1.9293036489381049e-05,1.9221882150538555e-05,7.1154338842494133e-08,3.6760973392308097e-11,0
7021,-1.4563714431321533e-09,5.6408889948894939e-05,5.6344955515753185e-05,6.3934433141753721e-08,1.9386695086955335e-11,0
7022,-1.3837948984706459e-12,-1.7371363852343512e-06,-1.7366998105942398e-06,-4.3657464011140992e-10,3.2859159198355631e-12,0
7023,6.1601864344679275e-11,1.6119516878290371e-05,1.6114268424638770e-05,5.2484536516011354e-09,1.3883425405094547e-11,0
7024,4.0169896245356559e-10,-1.7875938976641588e-04,-1.7875461295105885e-04,-4.7768153570301123e-09,9.5231873637560310e-12,0
7025,5.5340978551514723e-10,-5.5510435048936047e-07,-5.5647540272768348e-07,1.3710522383230127e-09,1.1747975249793616e-11,0
7026,3.0049315326376642e-11,-1.7223013557771138e-05,-1.7223898695953011e-05,8.8513818187273925e-10,3.3928998000521262e-11,0
7028,6.0609291372870300e-10,-3.7663479738919009e-05,-3.7680211125856034e-05,1.6731386937024603e-08,7.7203706454177935e-12,0
7029,1.9909085806339654e-10,1.8703098911249105e-05,1.8692312192356602e-05,1.0786718892503647e-08,1.3112919984735195e-11,0
7030,6.2985659244305612e-11,1.7856662945126001e-05,1.7852398609208586e-05,4.2643359174146240e-09,6.4024856325504453e-12,0
7031,4.0308275734956418e-10,-1.7702223934404869e-04,-1.7702130135965029e-04,-9.3798439840448757e-10,4.0241385586404991e-12,0
7032,5.5479358041029247e-10,1.1820247958916480e-06,1.1727403317665149e-06,9.2844641251330587e-09,5.2359062531317437e-12,0
7033,3.1433110222337567e-11,-1.5485956737751989e-05,-1.5486708892401598e-05,7.5215464960897804e-10,1.6129226997816931e-11,0
7035,6.0747670862488397e-10,-3.5926357742707346e-05,-3.5939549658355522e-05,1.3191915648176438e-08,3.5058587206707756e-12,0
7036,2.0047465296148259e-10,2.0440224481570526e-05,2.0427659166765726e-05,1.2565314804800581e-08,6.3102910835714721e-12,0
7037,3.4009709787613856e-10,-1.9487885332786518e-04,-1.9486865814232398e-04,-1.0195185541199978e-08,2.0576916946710565e-11,0
7038,4.9180792077227683e-10,-1.6674624318812736e-05,-1.6663859558324314e-05,-1.0764760488421254e-08,2.7654898530623044e-11,0
7039,-3.1552549103190350e-11,-3.3342599299580888e-05,-3.3335204531617688e-05,-7.3947679632004417e-09,6.3390831451543209e-11,0
7040,-2.1989934215764296e-11,7.8751938740148283e-05,7.8756520909885989e-05,-4.5821697377054901e-09,1.4953161367161224e-11,0
7041,5.4449104893042370e-10,-5.3782985365065199e-05,-5.3787564321769068e-05,4.5789567038693742e-09,1.9665167722135380e-11,0
7042,1.3748899358590983e-10,2.5835583236637899e-06,2.5769501930113974e-06,6.6081306523925287e-09,1.8812917288307406e-11,0
7043,1.5171082290569469e-10,1.7820424994768880e-04,1.7820018071375762e-04,4.0692339311782389e-09,7.8617872133325425e-12,0
7045,2.0439395106858753e-10,1.4109587532462782e-04,1.4108558189188453e-04,1.0293432743294735e-08,5.2642993566996421e-12,0
7046,-2.0260810429517974e-10,1.9746248097300516e-04,1.9744501163718953e-04,1.7469335815623781e-08,1.9031365815754528e-11,0
7047,-5.1379785487671533e-10,9.5426608541983315e-05,9.5428417890160269e-05,-1.8093481769538167e-09,1.1104827922508104e-11,0
7048,5.2683128137041379e-11,-3.7108364736759998e-05,-3.7113624681857737e-05,5.2599450977387557e-09,5.5275881740815351e-12,0
7049,-3.5431892707708230e-10,1.9258186440411365e-05,1.9236208117904559e-05,2.1978322506805955e-08,2.2405032664055573e-11,0
7050,3.7164964713380940e-10,-1.6153640904719400e-04,-1.6153617711388247e-04,-2.3193331153206764e-10,4.5730782310632931e-11,0
7051,5.2336047020381561e-10,1.6667899241601045e-05,1.6665910606158962e-05,1.9886354420822761e-09,5.2064403550977058e-11,0
7052,9.5626149329535841e-12,1.1209451420933920e-04,1.1209371775117120e-04,7.9645816799937298e-10,4.0496497120908786e-11,0
7053,5.7604359842103062e-10,-2.0440450850332803e-05,-2.0455359757563058e-05,1.4908907230254761e-08,3.1943990593352626e-11,0
7054,1.6904154273685021e-10,3.5926012813615113e-05,3.5913484871130158e-05,1.2527942484955392e-08,6.5832571599669314e-11,0
7055,5.6648098347905208e-10,-1.3253497525111957e-04,-1.3254741942062787e-04,1.2444169508301619e-08,7.3998905299781835e-12,0
7057,-4.0700205515074937e-10,5.6366576357435758e-05,5.6358099118068995e-05,8.4772393667628546e-09,1.5993783980006177e-11,0
7058,5.8590268162883336e-10,-8.0362162726711067e-06,-8.0625020274890346e-06,2.6285754817927898e-08,3.1058928361917777e-11,0
7059,-6.3678708287094623e-13,-1.7355515959849348e-06,-1.7366545903270274e-06,1.1029943420926106e-09,5.3437443000516827e-12,0
7060,8.5831110290397028e-11,1.6125416727730962e-05,1.6114660992129848e-05,1.0755735601114731e-08,2.5348451014182441e-11,0
7061,4.4263758270897128e-10,-1.7876260425188839e-04,-1.7875353023366207e-04,-9.0740182263145293e-09,1.9086687919615906e-11,0
7062,5.9031824096345128e-10,-5.6472119739541318e-07,-5.5602815164270277e-07,-8.6930457527104171e-09,2.3355259839500745e-11,0
7063,1.0358103697657101e-11,-1.7223620417760807e-05,-1.7224107201916381e-05,4.8678415557343660e-10,4.9637939914150817e-11,0
7064,1.0733969720762571e-11,9.4870669766956243e-05,9.4870400876109981e-05,2.6889084626155035e-10,1.0676071328024814e-11,0
7065,2.2595905131389440e-10,1.8707377232196620e-05,1.8692740543416689e-05,1.4636688779931772e-08,2.3404172025632775e-11,0
7066,8.6467897373578540e-11,1.7860972618551421e-05,1.7852746110505736e-05,8.2265080456849339e-09,1.2312546750875347e-11,0
7067,4.4327436978597512e-10,-1.7702702477877946e-04,-1.7702027213385422e-04,-6.7526449252380567e-09,8.8211312296700722e-12,0
7068,5.9095502803702336e-10,1.1708045473185144e-06,1.1731167067018529e-06,-2.3121593833384407e-09,1.0405993344435328e-11,0
7069,1.0994890781780891e-11,-1.5488135161828478e-05,-1.5486960602208072e-05,-1.1745596204057061e-09,2.3319547262179726e-11,0
7070,1.1370756804650540e-11,9.6606228479396376e-05,9.6606321043937680e-05,-9.2564541304802038e-11,4.8734726011689441e-12,0
7071,2.2659583839444305e-10,2.0442950506238677e-05,2.0428050169641809e-05,1.4900336596868551e-08,1.1728102232079800e-11,0
7072,3.5680647196606188e-10,-1.9488796110284871e-04,-1.9486800724860843e-04,-1.9953854240277328e-08,3.2521750314319828e-11,0
7073,5.0448712995138992e-10,-1.6690159792926047e-05,-1.6663830987775041e-05,-2.6328805151006762e-08,3.8668891161746768e-11,0
7074,-7.5473006637514498e-11,-3.3348988342596017e-05,-3.3335782694578880e-05,-1.3205648017137475e-08,9.2845323919804061e-11,0
7076,1.4012794079417017e-10,2.5819558658823037e-06,2.5769939995353379e-06,4.9618663469657704e-09,3.3017099417960487e-11,0
7077,1.4768065819070924e-10,1.7819784897105150e-04,1.7819954582618647e-04,-1.6968551349726309e-09,1.3613983041386915e-11,0
7078,-4.3190361290539040e-10,2.7363325892843394e-04,2.7362370249553442e-04,9.5564328995187235e-09,1.4036389015377437e-11,0
7079,-2.1667853133995508e-10,1.9746997374699149e-04,1.9744441960587144e-04,2.5554141120048921e-08,2.7775225450015453e-11,0
7080,-5.7958427102885487e-10,9.5435427222474896e-05,9.5427817843505775e-05,7.6093789691213847e-09,1.6470933245696425e-11,0
7081,-3.6435918948207687e-10,1.9272174826513375e-05,1.9236188402394292e-05,3.5986424119082713e-08,3.3214707501489327e-11,0
7082,4.3227947910031912e-10,-1.6153889515469703e-04,-1.6153488884375068e-04,-4.0063109463489392e-09,7.7773236102713925e-11,0
7083,5.7996013741362805e-10,1.6658856632421372e-05,1.6666583134108589e-05,-7.7265016872175667e-09,1.0506591062467580e-10,0
7084,3.7586603115876666e-13,1.1209437848633258e-04,1.1209379165028256e-04,5.8683605002295136e-10,4.0026444240611937e-11,0
7085,2.1560094765604454e-10,3.5931027500841345e-05,3.5914150766330622e-05,1.6876734510723056e-08,7.9979840364059147e-11,0
7086,2.1522508163215036e-10,-7.6163265111823739e-05,-7.6177995723247181e-05,1.4730611423442166e-08,2.0141886346950159e-11,0
7087,5.5589085500648583e-10,-8.0798732081024255e-06,-8.0628389804795380e-06,-1.7034227622887458e-08,7.5375239146512505e-11,0
7088,5.1079431833611179e-10,-8.0858708996333489e-06,-8.0633771018100773e-06,-2.2493797823271603e-08,2.4475845594215043e-11,0
7089,-6.9026600233842117e-13,-1.7361072262815766e-06,-1.7366247688951665e-06,5.1754261358996355e-10,1.0149355070623082e-11,0
7090,3.4390425761952849e-10,-1.7876678772666982e-04,-1.7875426715969648e-04,-1.2520566973343080e-08,2.0590022258120049e-11,0
7091,5.4695998932558403e-10,-5.6947641226615109e-07,-5.5657473454990727e-07,-1.2901677716243819e-08,2.2886548253748638e-11,0
7092,6.4393029800857148e-11,9.4872226401389087e-05,9.4871250090816647e-05,9.7631057243959072e-10,1.9567750489967537e-11,0
7093,6.2681602977942237e-10,-3.7681149617920830e-05,-3.7680099814502168e-05,-1.0498034186612803e-09,1.2887231230113544e-11,0
7094,3.4459452362058311e-10,-1.7703062588836360e-04,-1.7702104589397276e-04,-9.5799943908455015e-09,1.0554697618907146e-11,0
7095,5.4765025531773224e-10,1.1666300973305760e-06,1.1725185506364294e-06,-5.8884533058533882e-09,1.1753238790102022e-11,0
7096,6.5083295800102524e-11,9.6608320596510067e-05,9.6607137634862971e-05,1.1829616470963346e-09,9.3597990527369379e-12,0
7097,6.2750629577310955e-10,-3.5945042865129315e-05,-3.5939471878024742e-05,-5.5709871045733078e-09,7.4261243297467371e-12,0
7098,2.0305573191522850e-10,1.7819729386602933e-04,1.7819973665998755e-04,-2.4427939582152142e-09,1.8141142647513072e-11,0
7099,-2.7951122778823510e-10,2.7363899879127417e-04,2.7362527699912432e-04,1.3721792149854351e-08,1.7490814678381154e-11,0
7100,2.8291177244976077e-10,1.4108559833819583e-04,1.4108542375145604e-04,1.7458673978623489e-10,1.2577659033423345e-11,0
7101,-4.8256695965176402e-10,9.5441711107871301e-05,9.5429203966685268e-05,1.2507141186032843e-08,2.0122002374145268e-11,0
7102,7.9856040511959411e-11,-3.7111674455642856e-05,-3.7113310813820145e-05,1.6363581772891613e-09,1.3146395104332641e-11,0
7103,5.6242299998875979e-10,-1.3255337931415397e-04,-1.3254794828135611e-04,-5.4310327978574977e-09,1.2131298423908160e-11,0
7104,6.4365548170603761e-11,2.1749139769771872e-06,2.1728375138823879e-06,2.0764630947993023e-09,1.4182443667120698e-11,0
7105,1.2300193601903391e-10,4.7498720562736199e-06,4.7481729083897987e-06,1.6991478838211744e-09,1.3614352950515700e-11,0
7106,5.8636387860753811e-11,2.5750141195324695e-06,2.5760004234925284e-06,-9.8630396005895281e-10,1.1152666489282815e-11,0
7107,-1.7024781069852347e-12,-1.7382066824940388e-06,-1.7366091821602530e-06,-1.5975003337857719e-09,8.7748936796855105e-12,0
7108,3.3831860819257033e-10,-1.7876101254255547e-04,-1.7875388641652127e-04,-7.1261260342061691e-09,2.1343964752200591e-11,0
7109,5.1500339000064694e-10,-5.5853591510689193e-07,-5.5697923717978262e-07,-1.5566779271093095e-09,2.1468543573438049e-11,0
7110,4.8118224207137703e-11,-1.7222080593326397e-05,-1.7223580722487612e-05,1.5001291612147733e-09,7.2801139099676235e-11,0
7111,7.4830394226571978e-11,9.4873550849641601e-05,9.4871549156370558e-05,2.0016932710431763e-09,1.8769010578515054e-11,0
7112,3.4002108630165695e-10,-1.7702276175152317e-04,-1.7702068721074993e-04,-2.0745407732435887e-09,1.0183901563229566e-11,0
7113,5.1670586811087817e-10,1.1796562325114973e-06,1.1720783827551808e-06,7.5778497563165110e-09,1.0974122419047325e-11,0
7114,4.9820702316649211e-11,-1.5484156453854500e-05,-1.5486476243298128e-05,2.3197894436280658e-09,3.4793730970565662e-11,0
7115,7.6532872332708751e-11,9.6611769261673378e-05,9.6607418526897863e-05,4.3507347755142745e-09,7.8873289635121365e-12,0
7116,1.7668478176377359e-10,1.7820243799783475e-04,1.7819895186710588e-04,3.4861307288721992e-09,1.7452752557045610e-11,0
7117,-2.6348821400954086e-10,2.7363456938900624e-04,2.7362518457951709e-04,9.3848094891569971e-09,2.0458080256045083e-11,0
7118,-4.4017299576683044e-10,9.5432077979184203e-05,9.5429898604627500e-05,2.1793745567027590e-09,2.2901181099062478e-11,0
7119,2.9020038399373856e-10,-1.6153869278320680e-04,-1.6153577632108763e-04,-2.9164621191701302e-09,9.0744053280785097e-11,0
7120,4.6688516578837426e-10,1.6663741221513081e-05,1.6665132912998919e-05,-1.3916914858379096e-09,6.1329163550223623e-11,0
7121,2.6712170013894169e-11,1.1209577330927056e-04,1.1209442450195498e-04,1.3488073155799212e-09,9.2795470256165972e-11,0
7122,-2.0552430704702445e-12,-1.7383824352776795e-06,-1.7365858081244262e-06,-1.7966271532533234e-09,8.0623049317696374e-12,0
7123,2.5435194992361127e-10,-1.7876796283749444e-04,-1.7875448396514532e-04,-1.3478872349124505e-08,2.6039889654815248e-11,0
7124,1.2637406293606649e-10,9.4880065438602765e-05,9.4872355645584782e-05,7.7097930179827190e-09,1.3262268609833647e-11,0
7125,5.6110376319995787e-10,-3.7679532392954039e-05,-3.7681037292623586e-05,1.5048996695473478e-09,2.3156784063097624e-11,0
7126,2.5640719299669513e-10,-1.7702958023990429e-04,-1.7702131451672156e-04,-8.2657231827328037e-09,2.1198483075936410e-11,0
7127,1.2842930600904831e-10,9.6618427355084618e-05,9.6608199091219755e-05,1.0228263864863049e-08,7.9860832062647853e-12,0
7128,5.6315900627162823e-10,-3.5941169620652810e-05,-3.5940413399112792e-05,-7.5622154001862060e-10,2.0571176745931498e-11,0
7129,-1.2797788671322311e-10,2.7364802266999395e-04,2.7362657802456849e-04,2.1444645425465047e-08,2.9729526681892750e-11,0
7130,3.0675181332111868e-10,1.4108845807195985e-04,1.4108476729383373e-04,3.6907781261264535e-09,8.7581166150402380e-12,0
7131,4.3472970037417041e-10,-1.3255963078776661e-04,-1.3254993440199123e-04,-9.6963857753858216e-09,2.5672918671154340e-11,0
7132,2.2133973313128424e-11,2.1718180229525746e-06,2.1723238766916398e-06,-5.0585373906524494e-10,1.8140147480737722e-11,0
7133,6.8026575232131065e-11,4.7457993018666742e-06,4.7474923958327066e-06,-1.6930939660323485e-09,1.5745669770170909e-11,0
7134,4.5892601920306284e-11,2.5740074303761177e-06,2.5758534009282263e-06,-1.8459705521085944e-09,1.2062916110962019e-11,0
7135,-6.2775787958959111e-10,-5.9108285103762204e-06,-5.8830729631398493e-06,-2.7755547236371080e-08,3.3743698153597199e-12,0
7136,-6.2862459882816152e-10,-7.6463710067184443e-06,-7.6293047093744699e-06,-1.7066297343974410e-08,1.6063765756302582e-12,0
7137,-6.7340975477854276e-10,1.0204706069065830e-05,1.0218267500955719e-05,-1.3561431889888288e-08,5.4208855921378937e-12,0
7138,-1.5796466687997351e-10,-1.8466100636541950e-04,-1.8463689778011610e-04,-2.4108585303399179e-08,4.5006628521503428e-12,0
7139,-4.9547598702258888e-11,-6.4645464011294992e-06,-6.4423492267898614e-06,-2.2197174339637864e-08,5.4828730438048714e-12,0
7140,-6.2467570890846071e-10,-2.3134610037561440e-05,-2.3105599967087191e-05,-2.9010070474249044e-08,1.6703355623956022e-11,0
7142,-1.6452295611083353e-11,-4.3577541926342282e-05,-4.3555909824819182e-05,-2.1632101523099822e-08,2.6969303158903703e-12,0
7143,-5.8455650022640359e-10,1.2779566672853696e-05,1.2794029030291778e-05,-1.4462357438082223e-08,4.7677082170462847e-12,0
7144,5.1594828683650275e-10,-8.0597270558787574e-06,-8.0632206612565930e-06,3.4936053778356042e-09,6.4186779318962087e-12,0
7145,-1.1180959284594492e-10,-1.3970549186552439e-05,-1.3951638603119518e-05,-1.8910583432920974e-08,5.1903296841878335e-12,0
7146,-1.1267631208247573e-10,-1.5706093035259064e-05,-1.5689109048313556e-05,-1.6983986945507453e-08,2.3690708449221565e-12,0
7147,-1.5746146805112267e-10,2.1449681837214934e-06,2.1701077155247241e-06,-2.5139531803230668e-08,7.2079210165290215e-12,0
7148,3.5798361993237430e-10,-1.9272073112599607e-04,-1.9270200764207108e-04,-1.8723483924989711e-08,1.0016444419306818e-11,0
7149,4.6640068813670529e-10,-1.4524280521444749e-05,-1.4496751173988366e-05,-2.7529347456383042e-08,1.3747589759023287e-11,0
7150,-1.0872742215380680e-10,-3.1194334278634300e-05,-3.1169207050466811e-05,-2.5127228167488977e-08,2.3296173349327621e-11,0
7151,-1.2384499925122096e-10,8.0900219377301116e-05,8.0920269330085148e-05,-2.0049952784032075e-08,4.9549446482945621e-12,0
7152,4.9949599123634861e-10,-5.1637263968595023e-05,-5.1618759245804742e-05,-1.8504722790280777e-08,7.3899887545678495e-12,0
7153,-6.8608213482837672e-11,4.7198318881731816e-06,4.7457993087029797e-06,-2.5967420529798169e-08,7.3100910884568378e-12,0
7154,-8.6671924562987733e-13,-1.7355479575016213e-06,-1.7365271004076340e-06,9.7914290601270896e-10,1.0182718800243398e-12,0
7155,-4.5651875375644199e-11,1.6115522462188669e-05,1.6113364228002613e-05,2.1582341860563591e-09,4.1064118673680980e-12,0
7156,4.6979321344988394e-10,-1.7875019327424392e-04,-1.7875110902540066e-04,9.1575115673532374e-10,4.6165859057565456e-12,0
7157,5.7821028189290804e-10,-5.5370386310184261e-07,-5.5621625820061570e-07,2.5123950987730875e-09,7.0125057934816051e-12,0
7158,3.0821708000790031e-12,-1.7223774395306798e-05,-1.7224068041866466e-05,2.9364655966754587e-10,1.2451432464228262e-11,0
7160,6.1130558506169683e-10,-3.7666715933092759e-05,-3.7680511125046420e-05,1.3795191953660634e-08,3.6558665384479093e-12,0
7161,4.3201379364920134e-11,1.8690392184168413e-05,1.8690818977039670e-05,-4.2679287125705159e-10,4.3007454901120151e-12,0
7162,-4.4785156130214122e-11,1.7851068820689533e-05,1.7851322414974807e-05,-2.5359428527374148e-10,2.0337172541628829e-12,0
7163,4.7065993269111560e-10,-1.7701464214184802e-04,-1.7701800839909615e-04,3.3662572481287043e-09,2.0412013085192896e-12,0
7164,5.7907700113383560e-10,1.1818295756332864e-06,1.1727081076510595e-06,9.1214679822269158e-09,3.1253330478086674e-12,0
7165,3.9488900416886328e-12,-1.5488315030031275e-05,-1.5487041622540378e-05,-1.2734074908971852e-09,5.6934156877761536e-12,0
7167,6.1217230429980898e-10,-3.5931166837943965e-05,-3.5939918468952189e-05,8.7516310082240640e-09,1.5947839325234062e-12,0
7168,4.4068098609294037e-11,2.0425938559582180e-05,2.0426029649647125e-05,-9.1090064944430961e-11,1.9966480504128589e-12,0
7169,5.1544508867768981e-10,-1.9486570702687608e-04,-1.9486443157989549e-04,-1.2754469805884103e-09,7.9616741688058005e-12,0
7170,6.2386215708213565e-10,-1.6669259592038375e-05,-1.6662816989971325e-05,-6.4426020670500816e-09,1.1531178621210466e-11,0
7171,4.8734046127748758e-11,-3.3339282729505024e-05,-3.3334363719865502e-05,-4.9190096395221295e-09,2.5705663003305596e-11,0
7173,6.5695746023828254e-10,-5.3782249745026357e-05,-5.3786938484192631e-05,4.6887391662734702e-09,6.2001171032532084e-12,0
7174,8.8853254712314965e-11,2.5748554642056375e-06,2.5763982805040063e-06,-1.5428162983688349e-09,6.3499975057985542e-12,0
7175,1.0841706826767693e-10,1.7819646837616764e-04,1.7819693860929655e-04,-4.7023312891095181e-10,4.8933738036423561e-12,0
7177,1.4151237138317972e-10,1.4108346757595979e-04,1.4108196904049849e-04,1.4985354613011176e-09,2.9891491478734838e-12,0
7178,-4.2659183359006597e-10,1.9744056979957483e-04,1.9744030279568282e-04,2.6700389200496645e-10,7.5674733353130090e-12,0
7180,3.3095303116726012e-11,-3.7112992664433298e-05,-3.7113925459822778e-05,9.3279538948006597e-10,3.2824889395674417e-12,0
7181,-5.3500890182403588e-10,1.9244113181100635e-05,1.9234451986456671e-05,9.6611946439641421e-09,9.7540889523132222e-12,0
7182,4.6671104275682063e-10,-1.6152636294262425e-04,-1.6153251750099560e-04,6.1545583713499934e-09,2.6954794875211779e-11,0
7183,5.7512811124533160e-10,1.6670086071753770e-05,1.6666416662011950e-05,3.6694097418203968e-09,4.6341776016838647e-11,0
7184,-1.5117577070053673e-11,1.1209460616634030e-04,1.1209428038683585e-04,3.2577950444733980e-10,1.2712239291108808e-11,0
7185,6.0822341442338584e-10,-2.0442849777257965e-05,-2.0455364983008253e-05,1.2515205750287682e-08,2.1701388780479388e-11,0
7186,4.0119208546605454e-11,3.5914154298703760e-05,3.5912295303292830e-05,1.8589954109299333e-09,2.7102678035995566e-11,0
7189,-5.6810420492080237e-10,5.6357112117305826e-05,5.6356676762184251e-05,4.3535512157512292e-10,5.2374328967293786e-12,0
7190,5.1349080803962500e-10,1.7819216931658655e-04,1.7820146305016089e-04,-9.2937335743350190e-09,8.8726112564027730e-12,0
7191,7.5931111151368429e-10,1.4107962209906812e-04,1.4108910800622289e-04,-9.4859071547693206e-09,5.3169003892254530e-12,0
7192,2.4582030417777260e-10,-3.7112541618193389e-05,-3.7111298026462034e-05,-1.2435917313557022e-09,5.6102371777733372e-12,0
7202,-5.1872008848042250e-11,2.1685285276087062e-06,2.1714282731907582e-06,-2.8997455820520645e-09,1.5186333646153019e-11,0
7205,-3.0606319660695663e-11,4.7409185817345878e-06,4.7462719773437167e-06,-5.3533956091289327e-09,1.0442262581752206e-11,0
7206,-1.4420288128917886e-12,-1.7356524672105120e-06,-1.7364949568062783e-06,8.4248959576626373e-10,5.1938211945769789e-12,0
7207,-2.3541074897101192e-10,1.6098311326590356e-05,1.6111111531303204e-05,-1.2800204712848113e-08,3.2761845128686657e-11,0
7208,-8.8451027844485818e-13,-1.7229647773861143e-05,-1.7224078242299070e-05,-5.5695315620725439e-09,3.5111619860855839e-11,0
7209,-3.5152318195240548e-11,9.4862055100358549e-05,9.4870854289286655e-05,-8.7991889281065390e-09,8.9514102702288039e-12,0
7211,-2.3396872015883156e-10,1.7833976585722097e-05,1.7849037742982366e-05,-1.5061157260268335e-08,1.9817360436493610e-11,0
7212,5.5751853376721500e-13,-1.5494061787475321e-05,-1.5487081763850183e-05,-6.9800236251384303e-09,1.7535009255776779e-11,0
7213,-3.3710289381286122e-11,9.6597711689821140e-05,9.6606599231033774e-05,-8.8875412126336942e-09,4.3631337195029797e-12,0
7215,2.3452623912486723e-10,-3.3328088937776418e-05,-3.3332096196369676e-05,4.0072585932578002e-09,1.0529259391825210e-10,0
7216,2.0025843121219630e-10,7.8763683102446060e-05,7.8760156334147069e-05,3.5267682989905151e-09,2.7043308761500098e-11,0
7217,2.1265689196675824e-11,2.5724466768749059e-06,2.5755721970138606e-06,-3.1255201389547526e-09,1.1029366104610347e-11,0
7218,-3.4267807915351929e-11,1.1209172269170372e-04,1.1209424807760787e-04,-2.5253859041522416e-09,2.7408204118767215e-11,0
7221,-4.3019332963499036e-10,-5.8690896285462646e-06,-5.8806228675592011e-06,1.1533239012936517e-08,8.7901912372999148e-12,0
7222,-4.3076996873411332e-10,-7.6035178415622892e-06,-7.6270326211447804e-06,2.3514779582491219e-08,5.5325354346676330e-12,0
7223,1.0184058633884149e-10,-1.8458468712552988e-04,-1.8463276105343046e-04,4.8073927900581931e-08,7.6209054586626000e-12,0
7224,1.6419630971172726e-10,-6.4257626123144507e-06,-6.4398891466281166e-06,1.4126534313665944e-08,6.9553896535229207e-12,0
7225,-4.8876671227202700e-10,8.8996033026270452e-05,8.8992043269303807e-05,3.9897569666449972e-09,9.2265849590229262e-12,0
7226,-5.7663909427274395e-13,-1.7344216936031396e-06,-1.7364564758324718e-06,2.0347822293321667e-09,3.3683165658254389e-12,0
7227,5.3203391561485435e-10,-1.7871558129886264e-04,-1.7874926524037599e-04,3.3683941513346300e-08,1.2741832655536161e-11,0
7228,5.9438963891578718e-10,-5.5666410323429102e-07,-5.5603512540372438e-07,-6.2897783056664776e-10,1.3862648068726610e-11,0
7229,-5.8573382660403939e-11,9.4865134042755594e-05,9.4870731103812288e-05,-5.5970610566934273e-09,7.5327233397402678e-12,0
7230,5.3261055470003513e-10,-1.7698117037794926e-04,-1.7701625065749118e-04,3.5080279541920695e-08,6.2392409623334388e-12,0
7231,5.9496627800139137e-10,1.1777553690830306e-06,1.1727707899616061e-06,4.9845791214245249e-09,8.2119633988691028e-12,0
7232,-5.7996743567104475e-11,9.6599551942548254e-05,9.6606435013729008e-05,-6.8830711807542789e-09,3.4066135311904603e-12,0
7233,6.2355723207811808e-11,1.7815892335937712e-04,1.7819527703591577e-04,-3.6353676538655646e-08,1.2408553595038492e-11,0
7234,-5.9060729783784982e-10,2.7358072743484223e-04,2.7361969238686530e-04,-3.8964952023073061e-08,1.2596108808324406e-11,0
7235,-6.5296302133298677e-10,9.5421816009148321e-05,9.5428092409235817e-05,-6.2764000874961654e-09,1.3000018834345904e-11,0
7236,5.4367248500873432e-11,1.7857004883523736e-05,1.7852740184306657e-05,4.2646992170793628e-09,8.8207352462443491e-12,0
7237,4.0326202948134618e-10,-1.7701833870695152e-04,-1.7701707012672473e-04,-1.2685802267865549e-09,6.4499217008874059e-12,0
7238,2.2122767622179202e-11,-1.5486284516738830e-05,-1.5486810374582180e-05,5.2585784335039041e-10,2.2509403893756754e-11,0
7240,1.8142211904780990e-10,2.0439729232256745e-05,2.0427957189317594e-05,1.1772042939151646e-08,8.7622698021728846e-12,0
7241,3.4889478069559413e-10,-1.9487531641843958e-04,-1.9486501412539086e-04,-1.0302293048714863e-08,3.6527687245827226e-11,0
7242,-3.2244480973444806e-11,-3.3343143634637085e-05,-3.3335479890113004e-05,-7.6637445240801752e-09,7.8206679612153677e-11,0
7243,-2.8013297425326702e-11,7.8752606067928124e-05,7.8757671425548072e-05,-5.0653576199482554e-09,2.0514947166506486e-11,0
7244,1.2705487041517223e-10,2.5826850635389878e-06,2.5769090700908273e-06,5.7759934481605392e-09,2.0834597079996154e-11,0
7246,-2.2183991030476089e-10,1.9745807426421562e-04,1.9744144645338757e-04,1.6627810828044858e-08,3.0415348003878378e-11,0
7247,3.8113926188025055e-10,-1.6153219188562093e-04,-1.6153178596172043e-04,-4.0592390050404187e-10,6.4936984822080994e-11,0
7248,4.2311835904288622e-12,1.1209597105520984e-04,1.1209514813679615e-04,8.2291841368281864e-10,5.9852682904660180e-11,0
7249,1.5929935143191970e-10,3.5926009561034616e-05,3.5914069080049829e-05,1.1940480984787749e-08,7.1536126923071052e-11,0
7250,1.5506816783952724e-10,-7.6169921877715721e-05,-7.6179526853754231e-05,9.6049760385096428e-09,2.0877529048119964e-11,0
7251,1.6748764173163100e-10,-1.7882190828832217e-04,-1.7875246424393294e-04,-6.9444044389232627e-08,1.0672315604847128e-11,0
7252,4.8969362693832345e-10,-6.2955213117610320e-07,-5.5735757946739142e-07,-7.2194551708711783e-08,1.6134407725412657e-11,0
7253,7.7381355072537803e-11,-1.7240129015705309e-05,-1.7222998023308618e-05,-1.7130992396691781e-08,2.9849794572296981e-11,0
7254,6.2823259731274373e-10,-3.7741562731806455e-05,-3.7680629427346844e-05,-6.0933304459611325e-08,6.0602628758745419e-12,0
7255,3.2220598599957179e-10,1.7819237640779472e-04,1.7819715491589188e-04,-4.7785080971622044e-09,7.1646948918869829e-12,0
7256,4.6074495668133259e-10,1.4108035079237000e-04,1.4108337794531617e-04,-3.0271529461714172e-09,3.6752331404045992e-12,0
7257,1.3853897068667942e-10,-3.7112029796787819e-05,-3.7112669881314766e-05,6.4008452694657965e-10,4.6302387239871633e-12,0
7258,9.0106286603431864e-11,-1.6158187513802894e-04,-1.6153495503251023e-04,-4.6920105518705093e-08,3.5700353289737749e-11,0
7259,4.1231227184164823e-10,1.6610617208027978e-05,1.6664275140169432e-05,-5.3657932141453954e-08,5.7010667862035977e-11,0
7260,5.5085124223687862e-10,-2.0501427317229370e-05,-2.0456440404082728e-05,-4.4986913146642427e-08,1.9848271293534063e-11,0
7261,-6.5705541274176493e-10,-7.6162983244109674e-06,-7.6300681548982305e-06,1.3769830487263130e-08,2.3486218194236541e-11,0
7262,-7.0225231935855072e-10,8.8987870773623787e-05,8.8989685621011446e-05,-1.8148473876597633e-09,3.8225782437325532e-11,0
7263,-4.5196906582263859e-11,9.6604202823422254e-05,9.6607011415955887e-05,-2.8085925336324884e-09,1.0446203080353456e-11,0
7264,-6.6490295728070405e-12,2.1707272138969712e-06,2.1720217154343532e-06,-1.2945015373820034e-09,1.3468114617636586e-11,0
7265,7.4521498257705965e-11,4.7474836317902558e-06,4.7475798016059047e-06,-9.6169815648875000e-11,1.1312943840395947e-11,0
7266,8.1170527830099154e-11,2.5767624780995493e-06,2.5763506938197007e-06,4.1178427984867562e-10,8.6195617334166208e-12,0
7267,4.5579066509780010e-10,-8.0913643853066514e-06,-8.0637968380138146e-06,-2.7567547292836730e-08,3.0132396874936525e-11,0
7268,-2.0772617911158111e-13,-1.7350508258561880e-06,-1.7363326979616851e-06,1.2818721054970901e-09,5.3878597197434335e-12,0
7269,7.7577313787981853e-11,1.6129688963553018e-05,1.6115369413164840e-05,1.4319550388178253e-08,2.5586885621101866e-11,0
7270,4.2772743560029338e-10,-1.7875816553265431e-04,-1.7874865248906490e-04,-9.5130435894159870e-09,2.2239365993931607e-11,0
7271,5.5611084279254942e-10,-5.6610742470348564e-07,-5.5654454635597164e-07,-9.5628783475140057e-09,2.2248845171775460e-11,0
7272,-1.7451904644844800e-12,-1.7223697479172313e-05,-1.7223943034233569e-05,2.4555506125635215e-10,5.4097990586252875e-11,0
7273,-7.8578501197135240e-12,9.4872295005470324e-05,9.4872078609486063e-05,2.1639598426147991e-10,1.0350928886961755e-11,0
7274,2.0138617823672285e-10,1.8712047312723773e-05,1.8693273495594043e-05,1.8773817129729797e-08,2.5686783253831791e-11,0
7275,7.7785039962988892e-11,1.7864805529156647e-05,1.7853133995690232e-05,1.1671533466414669e-08,1.2852754690200083e-11,0
7276,4.2793516177387944e-10,-1.7702311918598129e-04,-1.7701578910531946e-04,-7.3300806618340365e-09,1.0591680451566166e-11,0
7277,5.5631856896018541e-10,1.1689205560364143e-06,1.1720525363111592e-06,-3.1319802747448622e-09,1.0893418754851188e-11,0
7278,-1.5374642868566636e-12,-1.5488718384715564e-05,-1.5487100573591802e-05,-1.6178111237612918e-09,2.3251711564719919e-11,0
7279,-7.6501239444304794e-12,9.6607353410728489e-05,9.6607647783626997e-05,-2.9437289850728701e-10,4.5862461134875345e-12,0
7280,2.0159390441265878e-10,2.0447082727767171e-05,2.0428330538012700e-05,1.8752189754471548e-08,1.2163577941362261e-11,0
7281,3.5015012129713045e-10,-1.9488782623750152e-04,-1.9486418355017554e-04,-2.3642687325975149e-08,3.4387429272617345e-11,0
7282,4.7853352822386260e-10,-1.6695865129165086e-05,-1.6665285711816436e-05,-3.0579417348649299e-08,3.8472858278308180e-11,0
7283,-7.9322504302032659e-11,-3.3353438092105850e-05,-3.3336125235983971e-05,-1.7312856121878589e-08,7.9422994138303311e-11,0
7284,-8.5435163996956704e-11,7.8742529116262658e-05,7.8757241793235992e-05,-1.4712676973333894e-08,2.0228678890052075e-11,0
7285,1.2380886422627146e-10,2.5823002518174376e-06,2.5768891675741169e-06,5.4110842433207573e-09,2.8053356362269101e-11,0
7286,1.2838340717365601e-10,1.7819204183869243e-04,1.7819415678230067e-04,-2.1149436082383132e-09,1.5247068182078938e-11,0
7287,-4.3558528569512963e-10,2.7363047502388521e-04,2.7362038163698051e-04,1.0093386904703669e-08,1.5766703303591199e-11,0
7288,-2.2634125734841089e-10,1.9747017076041443e-04,1.9744062363264125e-04,2.9547127773177449e-08,3.1579096982367383e-11,0
7289,-5.6396869285068517e-10,9.5438437105754143e-05,9.5429911506357085e-05,8.5255993970579248e-09,1.6507962022789310e-11,0
7290,-3.5472466450596818e-10,1.9278194291446824e-05,1.9237230569489197e-05,4.0963721957626773e-08,3.6051126211144570e-11,0
7291,4.2947262618132308e-10,-1.6153445582864747e-04,-1.6153020126809494e-04,-4.2545605525234290e-09,9.7591706539564910e-11,0
7292,5.5785603344010610e-10,1.6657701582552253e-05,1.6666050228546575e-05,-8.3486459943215479e-09,1.0963069116658662e-10,0
7293,-6.1126596474027612e-12,1.1209600948378242e-04,1.1209536489051612e-04,6.4459326629606392e-10,4.2094987946398674e-11,0
7294,2.0313136874224562e-10,3.5935603813212064e-05,3.5914775213031431e-05,2.0828600180632594e-08,8.2894978217757017e-11,0
7295,2.0924402839235887e-10,-7.6160293810179774e-05,-7.6179061982844208e-05,1.8768172664433702e-08,1.9202986608127270e-11,0
7296,4.1727782922572243e-10,-8.0822918792685522e-06,-8.0642507816750193e-06,-1.8041097593532904e-08,3.2618612083641304e-11,0
7297,-3.2927748866456983e-13,-1.7357994032732689e-06,-1.7363007895127810e-06,5.0138623951210144e-10,1.0466300285184826e-11,0
7298,3.4519590384638627e-10,-1.7876184639840399e-04,-1.7874914161224262e-04,-1.2704786161370045e-08,2.2928745546383767e-11,0
7299,5.3367624751879586e-10,-5.6994501492716593e-07,-5.5683249810758446e-07,-1.3112516819581467e-08,2.5094023483492852e-11,0
7300,4.6885321699077406e-11,9.4874101726018559e-05,9.4872958938239778e-05,1.1427877787817528e-09,1.9104479634460394e-11,0
7301,6.0818080344047496e-10,-3.7681776550550772e-05,-3.7681031498594925e-05,-7.4505195584692640e-10,2.0366696286536313e-11,0
7302,3.4552518133571500e-10,-1.7702606627408024e-04,-1.7701631782389183e-04,-9.7484501884151538e-09,1.0944790017225421e-11,0
7303,5.3400552500075472e-10,1.1658669897083446e-06,1.1717088328722066e-06,-5.8418431638619845e-09,1.3981863780661385e-11,0
7304,4.7214599185540944e-11,9.6609890240483703e-05,9.6608493132125691e-05,1.3971083580126536e-09,1.0472113988239460e-11,0
7305,6.0851008091893670e-10,-3.5946029914460040e-05,-3.5940527923984101e-05,-5.5019904759385043e-09,8.4531201494365078e-12,0
7306,1.8848034391870409e-10,1.7819188650126244e-04,1.7819435849158040e-04,-2.4719903179547947e-09,2.5059163408243857e-11,0
7307,-2.9831058219141664e-10,2.7363595158797372e-04,2.7362173833280379e-04,1.4213255169928489e-08,2.0209764785027175e-11,0
7308,2.6298489993182296e-10,1.4108002553729539e-04,1.4107973362344903e-04,2.9191384636677135e-10,1.6659842803583059e-11,0
7309,-4.8679092604415207e-10,9.5444072338527614e-05,9.5431069182195049e-05,1.3003156332564336e-08,1.8281878093004720e-11,0
7310,7.4504555990243890e-11,-3.7111877853065675e-05,-3.7113488344220316e-05,1.6104911546404297e-09,1.9252278473450567e-11,0
7311,5.6129548175637601e-10,-1.3255590670272410e-04,-1.3255026345785793e-04,-5.6432448661692790e-09,1.4010611262427865e-11,0
7312,6.5289021077807515e-10,-4.3550546131181350e-05,-4.3548421099396276e-05,-2.1250317850735534e-09,8.2873109439447890e-12,0
7313,-1.9046175716483217e-12,-1.7382084704655532e-06,-1.7362951176224919e-06,-1.9133528430612942e-09,7.9007983141380517e-12,0
7314,2.8337500306333986e-10,-1.7876220439238741e-04,-1.7874950514661347e-04,-1.2699245773939525e-08,2.2651009773889345e-11,0
7315,5.0175995413179685e-10,-5.6801459242129121e-07,-5.5723564744037049e-07,-1.0778944980920721e-08,3.0873104194579855e-11,0
7316,6.7167453629416471e-11,-1.7220730574458434e-05,-1.7223030216970515e-05,2.2996425120806892e-09,3.3397901670487833e-11,0
7317,1.1520523314343854e-10,9.4880891785042391e-05,9.4873958164411336e-05,6.9336206310542355e-09,8.2843584523562369e-12,0
7318,2.8527962063271281e-10,-1.7702396491675858e-04,-1.7701669282907704e-04,-7.2720876815430234e-09,2.2052626548790365e-11,0
7319,5.0366457170542255e-10,1.1701577867801599e-06,1.1712820246447608e-06,-1.1242378646008508e-09,2.9707923024757719e-11,0
7320,6.9072071199147132e-11,-1.5482614606636240e-05,-1.5486222049020017e-05,3.6074423837770253e-09,3.7245194722656240e-11,0
7321,1.1710985071502503e-10,9.6619096779077852e-05,9.6609484369079536e-05,9.6124099983158854e-09,7.6837072988459173e-12,0
7322,2.1838495112235751e-10,1.7819423507691237e-04,1.7819431928236282e-04,-8.4205450446607488e-11,1.2354640750974926e-11,0
7323,-1.6816976971711533e-10,2.7364310750066165e-04,2.7362309147032097e-04,2.0016030340672987e-08,2.4159851552245120e-11,0
7324,-3.8655472094931208e-10,9.5448913799756931e-05,9.5432463557693130e-05,1.6450242063800529e-08,2.5145478487540543e-11,0
7327,4.8037779504169666e-11,1.1210160504091958e-04,1.1209634267901893e-04,5.2623619006483564e-09,3.9586243396608713e-11,0
7328,4.9659181958422884e-11,2.1739501850151499e-06,2.1727459546755283e-06,1.2042303396216480e-09,1.1469414817658073e-11,0
7329,1.0336690178245314e-10,4.7487231118149495e-06,4.7479407741712876e-06,7.8233764366186347e-10,5.4778134880078898e-12,0
7330,5.3707719827981559e-11,2.5747776674690283e-06,2.5760384152151355e-06,-1.2607477461071808e-09,1.0892611681232476e-11,0
7331,1.2543155014727028e-10,1.7873263143773979e-05,1.7853849998616228e-05,1.9413145157751323e-08,2.3287941315231508e-11,0
7332,-1.5344619006677347e-10,-4.3590862445104517e-05,-4.3558512206265587e-05,-3.2350238838930242e-08,1.0194941674724437e-11,0
7333,-5.6619871012344462e-10,-5.8955646962243619e-06,-5.8823095374691408e-06,-1.3255158755221047e-08,2.5211553715039529e-12,0
7334,-5.6666103776334185e-10,-7.6305513333936592e-06,-7.6293685797549196e-06,-1.1827536387396000e-09,2.0350379240914202e-12,0
7335,-6.1873945940479035e-10,1.0221204362059755e-05,1.0218074275697524e-05,3.1300863622312012e-09,6.3797547028796125e-12,0
7336,-1.1431143603995747e-10,-1.8464265078055840e-04,-1.8463216401734292e-04,-1.0486763215477235e-08,4.1280486759222078e-12,0
7337,-2.4554545252274521e-11,-6.4534825908826345e-06,-6.4429131042620922e-06,-1.0569486620542276e-08,5.0467403979085701e-12,0
7338,-5.7430354002727889e-10,-2.3119515158761400e-05,-2.3105853335770393e-05,-1.3661822991007554e-08,1.2202800034181096e-11,0
7340,2.0208567864759549e-12,-4.3567087256041366e-05,-4.3556713622718705e-05,-1.0373633322660581e-08,2.3911730963973033e-12,0
7341,-5.4559504330838815e-10,1.2795454625667314e-05,1.2794014500794018e-05,1.4401248732960159e-09,5.9185137489936247e-12,0
7342,4.4952973493268886e-10,-8.0905170315539489e-06,-8.0637602740285546e-06,-2.6756757525394259e-08,1.2378482982847883e-11,0
7343,-1.1666897502858796e-10,-1.3986051070981331e-05,-1.3952773015903649e-05,-3.3278055077682109e-08,9.7534513753937022e-12,0
7345,-1.6920972427979074e-10,2.1307024189766433e-06,2.1700487581867314e-06,-3.9346339210088152e-08,1.2819576125706670e-11,0
7346,3.3521829892628057e-10,-1.9273316446449980e-04,-1.9269898716814000e-04,-3.4177296359796982e-08,1.3031061299622621e-11,0
7347,4.2497518967439880e-10,-1.4543947929805505e-05,-1.4498305289582404e-05,-4.5642640223100562e-08,1.7456464895423657e-11,0
7348,-1.2477380495587461e-10,-3.1209969562613279e-05,-3.1170266511290008e-05,-3.9703051323271787e-08,3.9411945723327202e-11,0
7349,-1.4571363914395713e-10,8.0886136075385834e-05,8.0920757869814259e-05,-3.4621794428425583e-08,9.3107404207063153e-12,0
7350,4.5155059170081072e-10,-5.1657574296327599e-05,-5.1620375774508255e-05,-3.7198521819344576e-08,9.5368365699169546e-12,0
7351,-9.6065308214446163e-11,4.7049650528565440e-06,4.7454696581023635e-06,-4.0504605245819497e-08,1.4003890415731253e-11,0
7352,-4.6232764960698376e-13,-1.7349900696082008e-06,-1.7362148938709823e-06,1.2248242627815258e-09,1.3871082257897946e-12,0
7353,-5.2540749437204787e-11,1.6116766990121635e-05,1.6114065552990833e-05,2.7014371308022316e-09,5.3485416189440915e-12,0
7354,4.5188727467324674e-10,-1.7874709230706123e-04,-1.7874641843762025e-04,-6.7386944098803483e-10,4.7879914244314863e-12,0
7355,5.4164416565147819e-10,-5.5792879167290005e-07,-5.5675917352350652e-07,-1.1696181493935242e-09,7.1274619131637110e-12,0
7356,-8.1048298286461396e-12,-1.7223966711536580e-05,-1.7223901822378236e-05,-6.4889158343719045e-11,9.7488947866564075e-12,0
7358,5.6821956774564681e-10,-3.7671523095433694e-05,-3.7681719040672443e-05,1.0195945238748445e-08,3.4860708495727022e-12,0
7359,2.0603666794607928e-11,1.8691019766930213e-05,1.8691351603639224e-05,-3.3183670901029824e-10,5.6317373992782733e-12,0
7360,-5.2078421788918245e-11,1.7851749167618718e-05,1.7851712849748227e-05,3.6317870491021399e-11,2.6684439101806111e-12,0
7361,4.5234960231328123e-10,-1.7701210158227801e-04,-1.7701370068381032e-04,1.5991015323154559e-09,2.1275108251770730e-12,0
7362,5.4210649329166783e-10,1.1770690462693453e-06,1.1716337953182784e-06,5.4352509510669655e-09,3.1496639133234898e-12,0
7363,-7.6425021823679900e-12,-1.5489056680940798e-05,-1.5487170382313631e-05,-1.8862986271669013e-09,7.5863193149499789e-12,0
7365,5.6868189538531956e-10,-3.5936526073930379e-05,-3.5941246665283184e-05,4.7205913528044477e-09,1.5516309594123283e-12,0
7366,2.1065994445320947e-11,2.0426007538825938e-05,2.0426317324682021e-05,-3.0978585608269532e-10,2.7264940205187482e-12,0
7367,5.0442802395091296e-10,-1.9486385159794666e-04,-1.9486077770148740e-04,-3.0738964592572256e-09,7.9475091828742746e-12,0
7368,5.9418491489019486e-10,-1.6674679667884849e-05,-1.6664284326477437e-05,-1.0395341407412552e-08,1.1617469574496221e-11,0
7369,4.4435919559312666e-11,-3.3340691846470497e-05,-3.3334703090068652e-05,-5.9887564018450330e-09,3.2600105732638513e-11,0
7371,6.2076031697322032e-10,-5.3788280755559352e-05,-5.3788807750329386e-05,5.2699477003396653e-10,6.0886891318088599e-12,0
7372,7.3144416204998034e-11,2.5742460164466683e-06,2.5762981260666124e-06,-2.0521096199440187e-09,8.2351957742306528e-12,0
7373,8.9756890843007961e-11,1.7818916197701192e-04,1.7819171005064232e-04,-2.5480736304023428e-09,4.9709681152486972e-12,0
7375,1.1633229289861958e-10,1.4107556599254992e-04,1.4107642349535775e-04,-8.5750280782851719e-10,2.8688840661079390e-12,0
7376,-4.3128360744653541e-10,1.9743809416809290e-04,1.9743667739238193e-04,1.4167757109639564e-09,7.3143539379197716e-12,0
7377,-5.7068882919260739e-10,9.5430111597391565e-05,9.5430554156708083e-05,-4.4255931651835962e-10,6.1356985626235219e-12,0
7378,2.6575402057455101e-11,-3.7113597598260341e-05,-3.7114113196950258e-05,5.1559868991625036e-10,3.0946305985602215e-12,0
7379,-5.2104049832144679e-10,1.9248948468350222e-05,1.9235520561317411e-05,1.3427907032810099e-08,9.7211312935098118e-12,0
7380,4.5999210462996479e-10,-1.6152315904385123e-04,-1.6152801836355444e-04,4.8593197032127580e-09,2.8230015311696154e-11,0
7381,5.4974899566179883e-10,1.6666062542235530e-05,1.6665850809017528e-05,2.1173321800141203e-10,4.5456133470264962e-11,0
7382,-2.0939834170656297e-11,1.1209617659089805e-04,1.1209581289105010e-04,3.6369984794833426e-10,1.9088723089818193e-11,0
7383,5.7632439777012671e-10,-2.0447520454934184e-05,-2.0456507423000219e-05,8.9869680660351016e-09,2.2929169066233961e-11,0
7384,2.8708496600716989e-11,3.5914880992760252e-05,3.5912909797433867e-05,1.9711953263854627e-09,3.7448488482235017e-11,0
7386,4.9648330756079834e-11,-7.6181172629333389e-05,-7.6181420282614112e-05,2.4765328072236421e-10,6.3090669583667620e-12,0
7387,-5.4761590038268110e-10,5.6362552711039168e-05,5.6357994028608214e-05,4.5586824309540243e-09,5.3130932985506360e-12,0
7389,-6.1582252187971744e-11,2.1680193226700749e-06,2.1713921072824367e-06,-3.3727846123618311e-09,3.2959380488992426e-11,0
7391,-5.4697073800822773e-11,4.7398537058127715e-06,4.7459837635638279e-06,-6.1300577510563960e-09,2.3912740319903558e-11,0
7392,-2.4002884642925991e-10,1.7827820316049237e-05,1.7849429704815717e-05,-2.1609388766480640e-08,1.5358175172913434e-11,0
7393,-4.9116445781016112e-11,9.6593239294118227e-05,9.6607881092338987e-05,-1.4641798220759697e-08,3.5893417499787206e-12,0
7395,1.9091240108496344e-10,7.8765404739714572e-05,7.8761316624727712e-05,4.0881149868598424e-09,2.1222863177724146e-11,0
7396,6.8851783947693430e-12,2.5717671388674444e-06,2.5754858061309527e-06,-3.7186672635082621e-09,1.8892819785224559e-11,0
7398,4.8659148709526159e-10,1.7818718524509163e-04,1.7819608780998561e-04,-8.9025648939886591e-09,7.7548591715896509e-12,0
7399,7.2277938541130813e-10,1.4107450048913596e-04,1.4108337507692155e-04,-8.8745877855928457e-09,4.6890387578314468e-12,0
7400,2.3618789893823969e-10,-3.7112664773412051e-05,-3.7111525315154397e-05,-1.1394582576543613e-09,5.0473821517593355e-12,0
7401,-3.1088432462846604e-10,-5.9142332146855034e-06,-5.8791432576496030e-06,-3.5089957035900414e-08,1.6402103378432331e-11,0
7402,-3.1296538890562748e-10,-7.6527978416836978e-06,-7.6263833305263622e-06,-2.6414511157335617e-08,1.0418912558815731e-11,0
7403,-5.2178457530949970e-10,1.0180156622217190e-05,1.0219108181178315e-05,-3.8951558961124687e-08,1.9072686614225650e-11,0
7404,-2.8954378019552073e-10,-2.3136658285768767e-05,-2.3102491692043756e-05,-3.4166593725010939e-08,5.2760395796141645e-11,0
7405,-3.0860180926300942e-10,8.8954859075713807e-05,8.8995303922103695e-05,-4.0444846389887479e-08,1.6769163343791425e-11,0
7406,-4.8722635754711315e-10,1.2753918546840048e-05,1.2794642110482230e-05,-4.0723563642181752e-08,1.5289090151087690e-11,0
7407,5.2733976947103410e-10,-8.0085984552231981e-06,-8.0627403774385193e-06,5.4141922215321140e-08,1.9610771907682492e-11,0
7408,2.1645544485532973e-10,-1.3922872759742494e-05,-1.3948849498916130e-05,2.5976739173635667e-08,1.8863193511772197e-11,0
7409,2.1437438056856518e-10,-1.5661423257609663e-05,-1.5685968126728002e-05,2.4544869118338510e-08,1.1743938933423151e-11,0
7410,5.5551939999368388e-12,2.1714843446846155e-06,2.1722328781471163e-06,-7.4853346250077028e-10,2.2455580575314905e-11,0
7411,2.3779598941720041e-10,-3.1145220911193636e-05,-3.1165936503879603e-05,2.0715592685967396e-08,7.4478398586994017e-11,0
7412,2.1873796040067907e-10,8.0946195530636963e-05,8.0925424536552860e-05,2.0770994084103912e-08,2.1255043666310990e-11,0
7413,4.0113411810571959e-11,4.7452729710487150e-06,4.7471605775238015e-06,-1.8876064750864569e-09,2.0549240008801561e-11,0
7414,-2.0810642822736605e-12,-1.7385424504872413e-06,-1.7361755626383019e-06,-2.3668878489394308e-09,5.7316721319255212e-12,0
7415,-2.1090025071699454e-10,1.6094385611087683e-05,1.6112253805039510e-05,-1.7868193951826590e-08,1.2300139817973748e-11,0
7416,2.1340544456616518e-11,-1.7222364191493588e-05,-1.7223477682257923e-05,1.1134907643348927e-09,2.6069398872850335e-11,0
7417,2.2825153991065173e-12,9.4869090028580974e-05,9.4873291624822473e-05,-4.2015962414994334e-09,1.1557955568064401e-11,0
7418,-1.7634203294746135e-10,1.8668144574841145e-05,1.8689066379345935e-05,-2.0921804504790963e-08,1.2475375021875600e-11,0
7419,-2.0881918643691852e-10,1.7832912199837112e-05,1.7849862025120096e-05,-1.6949825282984817e-08,9.8906225086482605e-12,0
7420,2.3421608737673395e-11,-1.5483949909629959e-05,-1.5486782241942733e-05,2.8323323127738725e-09,1.9646531075072682e-11,0
7421,4.3635796815253808e-12,9.6607642546788419e-05,9.6608687083072411e-05,-1.0445362839917819e-09,5.4205445557978342e-12,0
7422,-1.7426096866532881e-10,2.0406712292087015e-05,2.0424005775206593e-05,-1.7293483119578182e-08,9.8011149431797715e-12,0
7423,2.3224079539702735e-10,-3.3316806489972275e-05,-3.3332429349875150e-05,1.5622859902874784e-08,5.2089000844609995e-11,0
7424,2.1318276637948871e-10,7.8774698174837593e-05,7.8761716502020394e-05,1.2981672817198890e-08,1.9189428232042095e-11,0
7425,3.4558217807301976e-11,2.5738012034851390e-06,2.5758379050442674e-06,-2.0367015591283354e-09,1.4244023820749075e-11,0
7426,-1.9058029056158606e-11,1.1209156328288229e-04,1.1209614655363032e-04,-4.5832707480338627e-09,4.3388820845230587e-11,0
7427,-1.9768257740316118e-10,3.5890468960098412e-05,3.5910248409138271e-05,-1.9779449039858507e-08,4.9950035800040694e-11,0
7428,-1.7862454837354147e-10,-7.6200939013075855e-05,-7.6184437376504576e-05,-1.6501636571279016e-08,1.9162599852391668e-11,0
7429,2.7863096983618582e-11,1.7817166492052009e-04,1.7818986484662331e-04,-1.8199926103218628e-08,2.0590738970001242e-11,0
7430,-6.7166198528176239e-11,1.4105643711116549e-04,1.4107301929025342e-04,-1.6582179087931996e-08,1.3639873532938135e-11,0
7431,-9.5029293373403707e-11,-3.7115238108796893e-05,-3.7115644325532822e-05,4.0621673592819126e-10,9.8378332705683901e-12,0
7432,5.5920104609228031e-10,-8.0432448858504257e-06,-8.0623080236977924e-06,1.9063137847366636e-08,2.9578064649646188e-11,0
7433,-7.6602624655748449e-13,-1.7360710517284368e-06,-1.7361146997130066e-06,4.3647984569750243e-11,3.7660295778983003e-12,0
7434,4.5593076156066156e-11,1.6121561629568390e-05,1.6115548815333569e-05,6.0128142348209613e-09,1.3760041577889597e-11,0
7435,3.9732379112350220e-10,-1.7875055427210660e-04,-1.7874543255618909e-04,-5.1217159175072097e-09,8.9844750346339804e-12,0
7436,5.2327715918310397e-10,-5.5858258840579822e-07,-5.5701722063098462e-07,-1.5653677748136036e-09,1.2119829152887583e-11,0
7437,1.1628165055367884e-11,-1.7222695421805325e-05,-1.7223553900156913e-05,8.5847835158792498e-10,3.4945151207150807e-11,0
7438,1.0524522573281269e-11,9.4874669454750532e-05,9.4873662413540874e-05,1.0070412096585416e-09,8.1712893416550454e-12,0
7439,5.6661431561612709e-10,-3.7669462115131475e-05,-3.7681966904322369e-05,1.2504789190894751e-08,6.6938907266863219e-12,0
7440,1.6096042032785349e-10,1.8703644257553678e-05,1.8693367331161154e-05,1.0276926392524467e-08,1.3643904163849420e-11,0
7441,4.6359102402431194e-11,1.7857632793360709e-05,1.7853096363405794e-05,4.5364299549149043e-09,7.3542585363010281e-12,0
7442,3.9808981736670520e-10,-1.7701447821193844e-04,-1.7701283891147956e-04,-1.6393004588868311e-09,4.8364762352652648e-12,0
7443,5.2404318542433673e-10,1.1774944130901049e-06,1.1712013750886707e-06,6.2930380014342330e-09,6.1580581770239614e-12,0
7444,1.2394191298384928e-11,-1.5486671469029569e-05,-1.5486916824154621e-05,2.4535512505160714e-10,1.8395529947046971e-11,0
7445,1.1290548818999625e-11,9.6610740938327848e-05,9.6608992913124002e-05,1.7480252038464808e-09,3.4887787133042470e-12,0
7446,5.6738034185793278e-10,-3.5933390116050720e-05,-3.5941529771091992e-05,8.1396550412720357e-09,3.9195944688786660e-12,0
7447,1.6172644657116229e-10,2.0439695788640813e-05,2.0428255618634395e-05,1.1440170006418217e-08,7.3188750414070414e-12,0
7448,3.5173071462993451e-10,-1.9487209264127336e-04,-1.9486138858398661e-04,-1.0704057286749832e-08,2.1957810024996907e-11,0
7449,4.7768408251962237e-10,-1.6680151323988316e-05,-1.6666101136679356e-05,-1.4050187308959754e-08,3.2444831626537360e-11,0
7450,-3.3964911203807153e-11,-3.3344212264065087e-05,-3.3335772188983402e-05,-8.4400750816857354e-09,8.0900051130780108e-11,0
7451,-3.5068553720275693e-11,7.8753112229844324e-05,7.8758828366520567e-05,-5.7161366762430339e-09,1.4906854544267647e-11,0
7452,5.2102123889773651e-10,-5.3790985723570217e-05,-5.3790525348068092e-05,-4.6037550212470711e-10,2.2546848607621367e-11,0
7453,1.1536734403458334e-10,2.5820704669552927e-06,2.5768537880523694e-06,5.2166789029232611e-09,2.0836190006953533e-11,0
7454,1.2595336792884726e-10,1.7819196911999071e-04,1.7819046779541585e-04,1.5013245748592835e-09,7.1306488738005141e-12,0
7455,-3.8679926839530461e-10,2.7362522896091576e-04,2.7361865964687759e-04,6.5693140381727425e-09,9.0453609488923772e-12,0
7456,1.6929052431703332e-10,1.4108109252270861e-04,1.4107530919925691e-04,5.7833234517004097e-09,4.3374691385935913e-12,0
7457,-2.3636337064217228e-10,1.9745417002723330e-04,1.9743788746798103e-04,1.6282559252262614e-08,1.9961176229802844e-11,0
7458,-5.1275263619326735e-10,9.5433244814280629e-05,9.5431896604761222e-05,1.3482095194075486e-09,1.1400187079523480e-11,0
7459,4.3337156368530795e-11,-3.7110874521404649e-05,-3.7113941496947667e-05,3.0669755430177601e-09,4.9612725302667294e-12,0
7460,-3.6231673844121536e-10,1.9262192218824116e-05,1.9237791978136334e-05,2.4400240687782445e-08,2.6183518910017777e-11,0
7461,3.8569562609593570e-10,-1.6152787034975219e-04,-1.6152738894303090e-04,-4.8140672128998627e-10,4.3395899733424864e-11,0
7462,5.1164899417922069e-10,1.6664103327238694e-05,1.6665293329462113e-05,-1.1900022234193725e-09,5.0184716469227660e-11,0
7463,-1.1036424778882133e-12,1.1209737089303665e-04,1.1209660195888677e-04,7.6893414988695070e-10,4.7015617547365030e-11,0
7464,5.5498615061697156e-10,-2.0446738488243132e-05,-2.0457024798055876e-05,1.0286309812743280e-08,3.1355676986483321e-11,0
7465,1.4933225527633300e-10,3.5926102435260288e-05,3.5914661560940803e-05,1.1440874319484148e-08,7.8751339887943960e-11,0
7466,5.5608979309368670e-10,-1.3254412534514232e-04,-1.3255170732487156e-04,7.5819797292484611e-09,7.1059083484748585e-12,0
7467,1.5043589775269070e-10,-7.6171036031693132e-05,-7.6180496162219063e-05,9.4601305259317319e-09,1.4456151323775443e-11,0
7468,-4.0565389474332764e-10,5.6373061233754582e-05,5.6360114373771449e-05,1.2946859983132674e-08,1.0608476288864136e-11,0
7469,-1.9821709800148793e-11,2.1702193372947608e-06,2.1719400719835947e-06,-1.7207346888338285e-09,2.2159652908150467e-11,0
7470,1.2778758572911083e-10,-3.1161643381852171e-05,-3.1167518077333544e-05,5.8746954813735058e-09,7.2776647844019867e-11,0
7471,1.4760929553899069e-10,-3.3331889823654155e-05,-3.3333551151571716e-05,1.6613279175606418e-09,5.6781472714710260e-11,0
7472,-3.2780382115318283e-10,-5.8608951243564744e-06,-5.8793530846842176e-06,1.8457960327743179e-08,1.2021387542857865e-11,0
7473,-3.2780663644804349e-10,-7.5943908244471142e-06,-7.6267849922263790e-06,3.2394167779264821e-08,9.3166790920873427e-12,0
7474,1.6288339362070945e-10,-1.8458816311195218e-04,-1.8462681953986619e-04,3.8656427914007590e-08,8.2635381490591478e-12,0
7475,1.9684258788627560e-10,-6.4313967294490904e-06,-6.4405648965646842e-06,9.1681671155938353e-09,9.4806887847085851e-12,0
7476,-4.0836735835557961e-10,8.9001104611012571e-05,8.8994341843495021e-05,6.7627675175504923e-09,8.6829976692173212e-12,0
7478,4.9068721404662770e-10,-1.7872729234508873e-04,-1.7874370281801088e-04,1.6410472922153167e-08,1.4846338385761063e-11,0
7479,5.2464640818732465e-10,-5.7049534047033147e-07,-5.5701065190522804e-07,-1.3484688565103428e-08,1.2916090063534516e-11,0
7480,-8.0563537230157587e-11,9.4861994454637465e-05,9.4872748352704250e-05,-1.0753898066785390e-08,6.7203858762903414e-12,0
7481,4.9069002933286862e-10,-1.7699377605842137e-04,-1.7701116262547789e-04,1.7386567056519239e-08,1.0192492843634094e-11,0
7482,5.2464922346823501e-10,1.1630289975773315e-06,1.1711372015702237e-06,-8.1082039928922101e-09,1.2299288292855299e-11,0
7483,-8.0560721935959219e-11,9.6595503147641273e-05,9.6608030339119991e-05,-1.2527191478717129e-08,5.0218918678349066e-12,0
7484,3.3959194092560455e-11,1.7815679587200898e-04,1.7818874520155861e-04,-3.1949329549622917e-08,1.2688191588746442e-11,0
7485,-5.7125075104005947e-10,2.7358925555114218e-04,2.7361600219659107e-04,-2.6746645448894220e-08,1.1905037209576503e-11,0
7486,-6.0520994552057101e-10,9.5432479215758551e-05,9.5430964626341640e-05,1.5145894169106642e-09,1.3215882023123063e-11,0
7487,3.1301106888227055e-11,2.1736746518017172e-06,2.1725810787950051e-06,1.0935730067120571e-09,3.0299232971642166e-11,0
7488,2.2341370215257198e-10,-3.1114382343969474e-05,-3.1166401686296529e-05,5.2019342327055257e-08,6.4430425425893349e-11,0
7490,-4.6816507470461248e-11,2.0425028987214669e-05,2.0425802403356390e-05,-7.7341614172150614e-10,2.2320462776445249e-11,0
7491,2.2805224922160621e-10,7.8778038121258588e-05,7.8762445816986222e-05,1.5592304272366345e-08,2.9410478621776993e-11,0
7492,-1.1508086305301906e-10,-1.8463317930530543e-04,-1.8462957864668987e-04,-3.6006586155582290e-09,4.2304617889485247e-11,0
7493,-2.6923463281970773e-11,-4.3562628434941700e-05,-4.3557711891362560e-05,-4.9165435791394285e-09,2.5202298186571902e-11,0
7494,8.8157399823101669e-11,1.4107055473349187e-04,1.4107283491402055e-04,-2.2801805286845698e-09,1.6366176153425079e-11,0
7495,-7.1911641158019324e-10,-5.9129557375570824e-06,-5.8842059454260756e-06,-2.8749792131006803e-08,3.4893594779924394e-11,0
7496,-7.1884640834004837e-10,-7.6475437561385889e-06,-7.6318536660484799e-06,-1.5690090090109018e-08,1.4789807703820489e-11,0
7497,-6.4895306368885858e-10,1.0224541995988105e-05,1.0217073878431876e-05,7.4681175562285357e-09,5.3395909081252001e-11,0
7498,-3.1540667392117990e-10,-1.8466663275731182e-04,-1.8463164694658529e-04,-3.4985810726527759e-08,2.3803517088659178e-11,0
7499,-2.0939429012606811e-10,-6.4806848500773701e-06,-6.4458329712219400e-06,-3.4851878855430016e-08,2.3827153699548956e-11,0
7501,-7.4667207248178439e-10,8.8961011411418933e-05,8.8990423531353557e-05,-2.9412119934623467e-08,2.3873269588110960e-11,0
7502,-5.4391709138783979e-10,1.2807574218520919e-05,1.2793677858039239e-05,1.3896360481680019e-08,5.8812366801984314e-11,0
7503,2.7000323776892898e-13,-1.7345673710470431e-06,-1.7359851889876210e-06,1.4178179405778277e-09,5.4233298742751810e-12,0
7504,7.0163347927499856e-11,1.6137494570021491e-05,1.6116152311019109e-05,2.1342259002381215e-08,2.9113509597260973e-11,0
7505,4.0370973841298081e-10,-1.7875365267022215e-04,-1.7874348767963041e-04,-1.0164990591740369e-08,2.0052731524567291e-11,0
7506,5.0972212252801202e-10,-5.6767805928161115e-07,-5.5721929037774856e-07,-1.0458768903862591e-08,2.2311357115220543e-11,0
7507,-1.4791121503117659e-11,-1.7223635915090355e-05,-1.7223765725714079e-05,1.2981062372344502e-10,4.9031026153386811e-11,0
7508,-2.7555660751515328e-11,9.4873993761074825e-05,9.4873893406160952e-05,1.0035491387276173e-10,1.0230227345904740e-11,0
7509,1.7519932049665159e-10,1.8720514820963485e-05,1.8693852620000880e-05,2.6662200962605711e-08,2.6349904614896115e-11,0
7510,6.9893344691490159e-11,1.7872017772854742e-05,1.7853570848266836e-05,1.8446924587906162e-08,1.2969842218390648e-11,0
7511,4.0343973516738192e-10,-1.7701909420807346e-04,-1.7701105038252728e-04,-8.0438255461827424e-09,9.0956953260268141e-12,0
7512,5.0945211927903110e-10,1.1668859516943131e-06,1.1707865524329312e-06,-3.9006007386181641e-09,1.0338465351461469e-11,0
7513,-1.5061124742469893e-11,-1.5489202565330869e-05,-1.5487251618017762e-05,-1.9509473131076166e-09,2.3301759916963159e-11,0
7514,-2.7825663991843541e-11,9.6608573256820249e-05,9.6609083670642839e-05,-5.1041382258991755e-10,4.5222551153962269e-12,0
7515,1.7492931725664679e-10,2.0455126947909602e-05,2.0428636938236191e-05,2.6490009673410834e-08,1.2691125326812207e-11,0
7516,3.3354638990123313e-10,-1.9489117213031260e-04,-1.9486017457237686e-04,-3.0997557935735645e-08,3.4693505632957770e-11,0
7517,4.3955877375437074e-10,-1.6705165080425563e-05,-1.6666991427579176e-05,-3.8173652846387127e-08,4.3173177192348570e-11,0
7518,-8.4954469491873493e-11,-3.3361034857754684e-05,-3.3336513175637652e-05,-2.4521682117032025e-08,8.5181450975299599e-11,0
7519,-9.7719008771224050e-11,7.8736513805278963e-05,7.8758550352009320e-05,-2.2036546730357727e-08,2.1289951165283998e-11,0
7520,1.0503597235071690e-10,2.5830802846526363e-06,2.5767616122099347e-06,6.3186724427015778e-09,3.2389588211876962e-11,0
7521,1.0601238415157791e-10,1.7818596479187034e-04,1.7818832272687059e-04,-2.3579350002470717e-09,1.3197591629405227e-11,0
7522,-4.3126539923499585e-10,2.7362764376465229e-04,2.7361690122845641e-04,1.0742536195882182e-08,1.3697582579639334e-11,0
7523,-2.2851041796754838e-10,1.9747421313088404e-04,1.9743663013029440e-04,3.7583000589631096e-08,3.2090522466992906e-11,0
7524,-5.3727778341712536e-10,9.5441701033344801e-05,9.5432292643821194e-05,9.4083895236070835e-09,1.5854374898158548e-11,0
7525,-3.3452280214232604e-10,1.9288198424165237e-05,1.9238476690829172e-05,4.9721733336065071e-08,3.7532795944353431e-11,0
7526,4.1850086006130050e-10,-1.6152987731937306e-04,-1.6152524182285900e-04,-4.6354965140633832e-09,8.8343268896968899e-11,0
7527,5.2451324424972884e-10,1.6656050493637250e-05,1.6665357499552165e-05,-9.3070059149149718e-09,1.0757129609116047e-10,0
7528,-1.2764539239510965e-11,1.1209767897739766e-04,1.1209706676823725e-04,6.1220916040111671e-10,4.0036007091401086e-11,0
7530,2.0275498129256566e-10,-7.6153463626335918e-05,-7.6180212929334516e-05,2.6749302998598065e-08,1.9584290168932796e-11,0
7531,8.5028717994930170e-14,-1.7354536096554624e-06,-1.7359534808380015e-06,4.9987118253908728e-10,1.0391480702691393e-11,0
7532,3.3870009578057052e-10,-1.7875666193158633e-04,-1.7874375012992259e-04,-1.2911801663739514e-08,2.6680437299981261e-11,0
7533,5.0949933652459539e-10,-5.7048386692751252e-07,-5.5723195319863993e-07,-1.3251913728872586e-08,2.5096807138514703e-11,0
7534,2.7870121377738181e-11,9.4876208561932513e-05,9.4874785734190697e-05,1.4228277418157917e-09,1.8046888395110311e-11,0
7535,5.7764940810697207e-10,-3.7682503383070290e-05,-3.7682160417675132e-05,-3.4296539515836369e-10,2.2351169050564325e-11,0
7536,3.3861506705432198e-10,-1.7702120916767046e-04,-1.7701135236277357e-04,-9.8568048968945051e-09,1.1675054562519536e-11,0
7537,5.0941430779619726e-10,1.1649556104532943e-06,1.1707179199215059e-06,-5.7623094682116277e-09,1.3935566933822726e-11,0
7538,2.7785092656773857e-11,9.6611648677243512e-05,9.6609941164825473e-05,1.7075124180391957e-09,1.0859236116741322e-11,0
7539,5.7756437937844459e-10,-3.5947079933018253e-05,-3.5941790371757327e-05,-5.2895612609254409e-09,8.7389161653894512e-12,0
7540,1.7079924103237276e-10,1.7818611550461248e-04,1.7818857306163129e-04,-2.4575570188080115e-09,2.6222792576276254e-11,0
7541,-3.1082997453829673e-10,2.7363287487953882e-04,2.7361804302687888e-04,1.4831852659946427e-08,2.1800546991169453e-11,0
7542,2.3894931272581439e-10,1.4107410642821274e-04,1.4107360637085492e-04,5.0005735782645416e-10,1.8655275407130901e-11,0
7543,-4.8162921549932379e-10,9.5446698233176037e-05,9.5433186843958632e-05,1.3511389217405064e-08,1.7547540682380890e-11,0
7544,6.8150071672776547e-11,-3.7112033623204650e-05,-3.7113686200181057e-05,1.6525769764064754e-09,1.5935199760189151e-11,0
7545,5.4977928675851180e-10,-1.3255874600764765e-04,-1.3255287073458339e-04,-5.8752730642565570e-09,1.5069766218887083e-11,0
7546,-2.0107631292045294e-10,-4.3568841102237243e-05,-4.3560162722846959e-05,-8.6783793902840277e-09,6.6390414045654395e-11,0
7547,-1.6805010801533271e-12,-1.7379610516542165e-06,-1.7359499721698983e-06,-2.0110794843181920e-09,7.4438293184057988e-12,0
7548,3.1163473701880846e-10,-1.7875540810790083e-04,-1.7874367951855338e-04,-1.1728589347447492e-08,2.4164294299838471e-11,0
7549,5.2422123800648575e-10,-5.6663598232086464e-07,-5.5705677613385835e-07,-9.5792061870062818e-09,2.8087410762649327e-11,0
7550,5.8749318530876657e-11,-1.7220586552454259e-05,-1.7222794740900506e-05,2.2081884462468238e-09,3.8185096567943694e-11,0
7551,1.0060780080046369e-10,9.4882170231775850e-05,9.4875840925248125e-05,6.3293065277248740e-09,8.4040752968316607e-12,0
7552,3.1331523810032803e-10,-1.7701748835825815e-04,-1.7701129110394930e-04,-6.1972543088473046e-09,2.0782633771299272e-11,0
7553,5.2590173908942977e-10,1.1712973149359150e-06,1.1708714618797269e-06,4.2585305618803918e-10,2.9443178077818247e-11,0
7555,1.0228830188058130e-10,9.6620130518323532e-05,9.6610990511923633e-05,9.1400063998987695e-09,6.6627634272099173e-12,0
7556,2.1258650105065186e-10,1.7818885291257316e-04,1.7818867803621614e-04,1.7487635702050953e-10,1.0989379057887076e-11,0
7557,-2.1102693608752996e-10,2.7363763165860235e-04,2.7361901790894495e-04,1.8613749657391508e-08,2.0757505802244228e-11,0
7558,-4.2361343719855265e-10,9.5448807371951126e-05,9.5434058795930616e-05,1.4748576020510128e-08,2.8325952160357731e-11,0
7561,4.1858482263511310e-11,1.1210281315725702e-04,1.1209805450069603e-04,4.7586565609893843e-09,4.2460099317033643e-11,0
7562,-3.3284251846223334e-12,2.1713203427438984e-06,2.1721899138520663e-06,-8.6957110816791996e-10,1.9613270746921851e-11,0
7563,4.1918717016287598e-11,4.7458490139112679e-06,4.7471913791893290e-06,-1.3423652780611571e-09,1.5530754697968473e-11,0
7564,4.5247142197046109e-11,2.5745821025942956e-06,2.5760438060488563e-06,-1.4617034545606528e-09,1.6290600854209230e-11,0
7565,5.8773992018827213e-10,-3.5941885508773079e-05,-3.5941779596875595e-05,-1.0591189748409158e-10,1.4735209378651179e-11,0
7566,2.2655259060613434e-10,-3.1146118352224847e-05,-3.1166844442786393e-05,2.0726090561546480e-08,6.0243164843377786e-11,0
7567,-1.2114534699554058e-14,-1.7343813171604447e-06,-1.7358745656450602e-06,1.4932484846154733e-09,1.6454281597078681e-12,0
7568,-5.8627104606115202e-11,1.6118438021144391e-05,1.6114847398339712e-05,3.5906228046782567e-09,6.0104591221935261e-12,0
7569,4.2534507209506832e-10,-1.7874387601400123e-04,-1.7874139431412324e-04,-2.4816998779879536e-09,5.4014643540643624e-12,0
7570,-4.7087566244510117e-11,9.4873526293240418e-05,9.4874339111621000e-05,-8.1281838058182634e-10,3.7055873150795097e-12,0
7571,5.1268064403192149e-10,-3.7675711325602622e-05,-3.7683141807885399e-05,7.4304822827772469e-09,3.3348173948055552e-12,0
7572,-3.5081248340867024e-12,1.8691836599909507e-05,1.8691938363670903e-05,-1.0176376139531935e-10,6.1392687895217821e-12,0
7573,-5.8614990072608832e-11,1.7852822395977332e-05,1.7852155801260088e-05,6.6659471724335754e-10,3.1185223826551261e-12,0
7574,4.2535718662287774e-10,-1.7700949670913964e-04,-1.7700909389285592e-04,-4.0281628371969559e-10,2.3741988383189519e-12,0
7575,-4.7075451710976928e-11,9.6607907423127380e-05,9.6609408261913625e-05,-1.5008387862445452e-09,1.6131383230855151e-12,0
7576,5.1269275855512837e-10,-3.5941332286603019e-05,-3.5942800620168824e-05,1.4683335658054230e-09,1.6706162060338926e-12,0
7577,-3.4960103016499009e-12,2.0426214843227231e-05,2.0426637043871302e-05,-4.2220064407123988e-10,3.2403720321715051e-12,0
7578,4.8397217652478608e-10,-1.9486230521649495e-04,-1.9485690088991056e-04,-5.4043265843906931e-09,8.9063188127477411e-12,0
7579,1.1539538310453727e-11,7.8755077331938393e-05,7.8760393401163220e-05,-5.3160692248266101e-09,6.3467817344489564e-12,0
7580,5.7130774840906344e-10,-5.3794163865371813e-05,-5.3790968802916808e-05,-3.1950624550052507e-09,5.7988909629688800e-12,0
7581,5.5118979744527464e-11,2.5733803443823630e-06,2.5761777327268234e-06,-2.7973883444604003e-09,9.1947652504510627e-12,0
7582,-4.7243263806749533e-10,2.7361739870266320e-04,2.7361521000369629e-04,2.1886989669110159e-09,3.9943807169933677e-12,0
7583,8.7335571823350845e-11,1.4106815384548155e-04,1.4107036122138389e-04,-2.2073759023432706e-09,3.0126382378697794e-12,0
7584,-4.2885319660142072e-10,1.9743570941223396e-04,1.9743282035439224e-04,2.8890578417279950e-09,8.3533062650656791e-12,0
7585,5.5976821061710146e-10,-1.3254924288121344e-04,-1.3255332391472424e-04,4.0810335108021692e-09,3.3956182138501213e-12,0
7586,4.3579441358502921e-11,-7.6181683976657248e-05,-7.6182544584573004e-05,8.6060791575548381e-10,6.5206841310794499e-12,0
7587,-5.1618876856731548e-10,5.6367565473438349e-05,5.6359542314473080e-05,8.0231589652686973e-09,5.0934658468976883e-12,0
7597,-7.0322119894741505e-11,2.1672258904326287e-06,2.1713770245459226e-06,-4.1511341132939174e-09,2.6106888885473850e-11,0
7600,-8.0071892383988867e-11,4.7381217627533168e-06,4.7456807582761040e-06,-7.5589955227872032e-09,1.8538496715063243e-11,0
7601,-6.6701553756227176e-13,-1.7336239118832426e-06,-1.7358565018629159e-06,2.2325899796733393e-09,5.3493063323010021e-12,0
7602,-2.4611536741322251e-10,1.6078937619446593e-05,1.6112589328328797e-05,-3.3651708882204232e-08,2.7890325115844186e-11,0
7603,-2.1707932468097887e-11,-1.7244854365818137e-05,-1.7223712218437121e-05,-2.1142147381015956e-08,2.5483688769780917e-11,0
7604,-6.6314009055580484e-11,9.4846682095857220e-05,9.4874258522019588e-05,-2.7576426162367949e-08,9.1443091958102977e-12,0
7606,-2.4544835187377611e-10,1.7812567870912482e-05,1.7849879779672621e-05,-3.7311908760138425e-08,1.6794775887049672e-11,0
7607,-2.1040916932001901e-11,-1.5511230219618713e-05,-1.5487318929428127e-05,-2.3911290190585776e-08,1.4637084703055416e-11,0
7608,-6.5646993517748582e-11,9.6580306895008294e-05,9.6609307201383753e-05,-2.9000306375458478e-08,4.4513512381686284e-12,0
7609,-2.5519812438718177e-10,2.0383442744305313e-05,2.0423564399626618e-05,-4.0121655321304306e-08,3.1841160825480092e-11,0
7611,1.7980135878545608e-10,7.8767694688199746e-05,7.8762592090064737e-05,5.1025981350090715e-09,3.1282237464935836e-11,0
7612,-9.7497724806801012e-12,2.5708987318844023e-06,2.5753813321507181e-06,-4.4826002663157408e-09,1.6780716895876210e-11,0
7613,-4.4606076586840479e-11,1.1209148637227094e-04,1.1209740482516449e-04,-5.9184528935433533e-09,2.5711525929274516e-11,0
7616,3.1011100318784131e-10,1.7818413119297341e-04,1.7818855872847142e-04,-4.4275354980070382e-09,7.1847255551606987e-12,0
7617,4.4342807763009349e-10,1.4107197107897330e-04,1.4107431789085991e-04,-2.3468118866135698e-09,3.9256438100988304e-12,0
7618,1.3331707444473928e-10,-3.7112157494863566e-05,-3.7112915290623546e-05,7.5779575998036371e-10,4.6106476688221909e-12,0
7619,-4.2793956119438622e-13,-1.7355462842709213e-06,-1.7358173852949337e-06,2.7110102401244307e-10,4.5882803439850048e-12,0
7620,3.8718317485012235e-11,1.6122983428608004e-05,1.6116214280687374e-05,6.7691479206296050e-09,1.3005388970521113e-11,0
7621,3.8705620685375126e-10,-1.7874613818755908e-04,-1.7874087224818764e-04,-5.2659393714332443e-09,9.1675808002344428e-12,0
7622,4.9797421067172114e-10,-5.6010227237647536e-07,-5.5741635931930146e-07,-2.6859130571739071e-09,1.1967166671991032e-11,0
7623,2.0036440741860269e-12,-1.7222513884445961e-05,-1.7223382270991724e-05,8.6838654576339418e-10,3.5491513859111987e-11,0
7624,-4.3292896303768329e-12,9.4876240536199931e-05,9.4875245148261543e-05,9.9538793838795624e-10,7.1164675721095564e-12,0
7625,5.3598739697617233e-10,-3.7671676971455861e-05,-3.7682989457306009e-05,1.1312485850147145e-08,7.0266332074534318e-12,0
7626,1.4133966425070695e-10,1.8704514996831234e-05,1.8693899645690330e-05,1.0615351140903767e-08,1.3191701143004278e-11,0
7627,3.9146257046309002e-11,1.7858501528002224e-05,1.7853465770373845e-05,5.0357576283789737e-09,9.1990921768580316e-12,0
7628,3.8748414641023065e-10,-1.7701062911939288e-04,-1.7700864334724533e-04,-1.9857721475469940e-09,6.1051664119810151e-12,0
7629,4.9840215022830911e-10,1.1754193363841536e-06,1.1702957707674237e-06,5.1235656167299799e-09,7.6188832416443532e-12,0
7630,2.4315836358360593e-12,-1.5487047460020949e-05,-1.5487026071167793e-05,-2.1388853155382718e-11,2.2276693769319962e-11,0
7631,-3.9013500714102863e-12,9.6611774085303588e-05,9.6610251387758630e-05,1.5226975449576709e-09,3.9188968985589900e-12,0
7632,5.3641533653059856e-10,-3.5936142431993584e-05,-3.5942666503158127e-05,6.5240711645433817e-09,4.8545619995070688e-12,0
7633,1.4176760380960430e-10,2.0440072112774127e-05,2.0428554793337079e-05,1.1517319437047457e-08,9.1193200939987562e-12,0
7634,3.4833788899028484e-10,-1.9486913568830160e-04,-1.9485781376460658e-04,-1.1321923695014474e-08,2.2543858344843511e-11,0
7635,4.5925589263774452e-10,-1.6682992156974701e-05,-1.6667378618770516e-05,-1.5613538204185010e-08,3.4071516819017149e-11,0
7636,-3.6714673513815275e-11,-3.3345429667840099e-05,-3.3336079254850581e-05,-9.3504129895178385e-09,7.2326958417196774e-11,0
7637,-4.3047607248889713e-11,7.8753252524177766e-05,7.8759983044313726e-05,-6.7305201359598409e-09,1.3055221190547134e-11,0
7638,4.9726907888377458e-10,-5.3794622359374126e-05,-5.3792175222820577e-05,-2.4471365535496488e-09,2.1402813644533725e-11,0
7639,1.0262134663176541e-10,2.5815688754035788e-06,2.5767860417614235e-06,4.7828336421553975e-09,1.8259895860463156e-11,0
7640,1.1091800370769571e-10,1.7818606279185146e-04,1.7818551306671157e-04,5.4972513989352302e-10,6.9416585639284469e-12,0
7641,-3.9138549632230153e-10,2.7362240811809602e-04,2.7361557017791893e-04,6.8379401770837442e-09,8.3152675398900969e-12,0
7642,1.4893118997674953e-10,1.4107449008514796e-04,1.4107006313050980e-04,4.4269546381568020e-09,4.2916378388543237e-12,0
7643,-2.4571654244030326e-10,1.9745069960146709e-04,1.9743436764042564e-04,1.6331961041454171e-08,1.9704354949148491e-11,0
7644,-5.0230349991418197e-10,9.5436330355160720e-05,9.5433785454803038e-05,2.5449003576819050e-09,1.0089429393103504e-11,0
7645,3.8013186252086042e-11,-3.7111579193484668e-05,-3.7114109507449452e-05,2.5303139647837956e-09,4.7345406630175086e-12,0
7646,-3.5663454603210693e-10,1.9264552317369531e-05,1.9238716783395870e-05,2.5835533973660846e-08,2.7306693369503791e-11,0
7647,3.8505256282223562e-10,-1.6152356228046113e-04,-1.6152302433943420e-04,-5.3794102692857927e-10,4.4224283441053033e-11,0
7648,4.9597056666507914e-10,1.6662354527331724e-05,1.6664859280899207e-05,-2.5047535674825995e-09,5.6638813558835794e-11,0
7649,-6.3329337032047306e-12,1.1209875451928539e-04,1.1209806831864619e-04,6.8620063919792341e-10,3.7866547444020702e-11,0
7650,5.3398375297808131e-10,-2.0449127002259912e-05,-2.0457997897072907e-05,8.8708948129954707e-09,3.2720867989151146e-11,0
7651,1.3933602017762198e-10,3.5926970360639424e-05,3.5915258970569799e-05,1.1711390069624682e-08,7.1234532161444577e-11,0
7652,5.4031668668653666e-10,-1.3254791996552412e-04,-1.3255401412173696e-04,6.0941562128418152e-09,6.1316585469510407e-12,0
7653,1.4566895388081108e-10,-7.6171700948767657e-05,-7.6181473877223751e-05,9.7729284560945729e-09,1.2313997525149004e-11,0
7654,-3.9464773221718396e-10,5.6376182619374392e-05,5.6361265352162584e-05,1.4917267211808757e-08,1.6046538735727395e-11,0
7655,5.3602183158900606e-10,-8.0464777041169833e-06,-8.0623151990015531e-06,1.5837494884569825e-08,2.8505221363790344e-11,0
7656,-9.9200213966615988e-13,-1.7369735788876627e-06,-1.7357907692324500e-06,-1.1828096552126882e-09,1.1139504062553095e-11,0
7657,3.6110339327218534e-10,-1.7874709659478636e-04,-1.7874065658563725e-04,-6.4400091491110742e-09,2.1175342357728089e-11,0
7658,5.1147650191675956e-10,-5.5948444983161538e-07,-5.5725869688463087e-07,-2.2257529469845125e-09,1.6919909848541173e-11,0
7659,2.5317049845511431e-11,-1.7221716328020545e-05,-1.7223059783351319e-05,1.3434553307740656e-09,5.0576404266929381e-11,0
7660,3.7611882363031154e-11,9.4877894752142542e-05,9.4875967891054036e-05,1.9268610885054801e-09,2.0318832578135108e-11,0
7661,3.6209539541330920e-10,-1.7701019801763919e-04,-1.7700846203265604e-04,-1.7359849831515700e-09,1.1866973862858687e-11,0
7662,5.1246850405540208e-10,1.1774745566472261e-06,1.1704028344670171e-06,7.0717221802090350e-09,1.2905880699305791e-11,0
7663,2.6309051986907815e-11,-1.5484847167803698e-05,-1.5486728314671712e-05,1.8811468680138895e-09,4.3132020452605262e-11,0
7664,3.8603884502180536e-11,9.6614869148133314e-05,9.6610944424718753e-05,3.9247234145608784e-09,9.0360647051505258e-12,0
7665,1.5037310858244496e-10,1.7818761418747497e-04,1.7818545560759207e-04,2.1585798828992284e-09,1.8201136863512707e-11,0
7666,-3.2349151089317302e-10,2.7362503305044714e-04,2.7361606442745482e-04,8.9686229923246520e-09,2.0119058717941418e-11,0
7667,-4.7386461936200837e-10,9.5437418304330709e-05,9.5434339868479044e-05,3.0784358516651976e-09,2.3170974464586107e-11,0
7668,3.3578634342522016e-10,-1.6152538606367846e-04,-1.6152313392515228e-04,-2.2521385261808739e-09,7.7753358708884340e-11,0
7669,4.8615945206370524e-10,1.6662344006632829e-05,1.6664710132837843e-05,-2.3661262050144946e-09,7.4662706269573084e-11,0
7670,1.2294832516766768e-11,1.1209966220417805e-04,1.1209847490961364e-04,1.1872945644084967e-09,7.3994802787222982e-11,0
7671,2.8156619955126379e-11,2.1729182257557850e-06,2.1726185029100053e-06,2.9972284577962314e-10,1.3438221876421387e-11,0
7672,7.1555194156076691e-11,4.7474838371763112e-06,4.7475636887794758e-06,-7.9851603164618056e-11,1.3996459216616703e-11,0
7673,4.3398574196184194e-11,2.5745866930696479e-06,2.5760624898942029e-06,-1.4757968245550029e-09,9.2085962330625306e-12,0
7674,6.5327943248771342e-10,-4.3552646359071225e-05,-4.3550132503661629e-05,-2.5138554095958531e-09,6.7048444867653817e-12,0
7675,-2.6869797339416816e-11,9.6609265575671802e-05,9.6610262672165294e-05,-9.9709649349253530e-10,1.7853114801456025e-11,0
7676,-3.3675332196172823e-11,2.1698846643079545e-06,2.1718591432512732e-06,-1.9744789433186782e-09,1.9614272103035105e-11,0
7677,3.2128555744253645e-11,4.7457523482288648e-06,4.7470756720555642e-06,-1.3233238266993904e-09,1.6287001684225272e-11,0
7678,6.5803887944443529e-11,2.5758840915294720e-06,2.5763484783389365e-06,-4.6438680946451547e-10,1.0825493153028865e-11,0
7679,4.4675674046077033e-10,1.4107722303782332e-04,1.4107249822947556e-04,4.7248083477624287e-09,8.8210309619782318e-12,0
7680,-3.2482343997307361e-10,1.0262808195226486e-05,1.0220335964529411e-05,4.2472230697075371e-08,2.3807087015556642e-11,0
7681,4.5848625979720067e-10,-6.3828355804790293e-06,-6.4383101297797993e-06,5.5474549300770008e-08,1.6860116428950177e-11,0
7683,-3.8652462974281882e-10,1.2817712310243812e-05,1.2795196954836163e-05,2.2515355407648268e-08,2.0303646329645021e-11,0
7684,2.4967417143404787e-10,-8.1046552574716435e-06,-8.0657877288351519e-06,-3.8867528636491589e-08,2.9019139261334493e-11,0
7685,-7.5149267417567149e-11,2.1580733259236092e-06,2.1713529707211964e-06,-1.3279644797587190e-08,2.1520948049449802e-11,0
7688,-1.3685045714812101e-10,4.7130019035068055e-06,4.7449811021328814e-06,-3.1979198626075934e-08,1.6955409669137544e-11,0
7689,7.8330969758577015e-10,-1.6645658559339901e-05,-1.6663684341108005e-05,1.8025781768103775e-08,4.0739899363953440e-11,0
7691,-6.1701189731689861e-11,2.5548599620322382e-06,2.5747761367644220e-06,-1.9916174732183777e-08,1.7306300207330148e-11,0
7693,-8.4501088688168522e-10,1.9200589360689191e-05,1.9232924462228436e-05,-3.2335101539245580e-08,3.5231397732546132e-11,0
7695,-2.9941812855817548e-12,-1.7401144221741352e-06,-1.7357442729798484e-06,-4.3701491942868488e-09,9.2627525619936453e-12,0
7696,3.5484195242847064e-10,-1.7875009549878844e-04,-1.7873959357745430e-04,-1.0501921334133985e-08,1.6837123365236966e-11,0
7697,8.0171428917178642e-11,-1.7204969917802154e-05,-1.7222308700114718e-05,1.7338782312563731e-08,7.3090955691097852e-11,0
7698,3.5783613371176481e-10,-1.7700996934346238e-04,-1.7700746192853405e-04,-2.5074149283298760e-09,9.5561771261092279e-12,0
7699,8.3165610202874906e-11,-1.5464882961070334e-05,-1.5486019727716084e-05,2.1136766645750242e-08,4.4301619658275161e-11,0
7700,2.7467052364226368e-10,-1.6154526818831262e-04,-1.6152282785851266e-04,-2.2440329799960001e-08,8.8092254549381218e-11,0
7701,-6.1908847204333948e-10,8.9017599236584227e-05,8.8993033436439076e-05,2.4565800145151138e-08,3.5070658130003589e-11,0
7702,-7.1606893941644155e-11,-4.3562228054626860e-05,-4.3559377114953957e-05,-2.8509396729028990e-09,2.1181305715070399e-11,0
7703,5.4748157672673430e-10,-1.3257988293274847e-04,-1.3255481477975983e-04,-2.5068152988637869e-08,1.7275064015898574e-11,0
7704,-6.3670714226489646e-10,-5.9003195989771468e-06,-5.8831839473672118e-06,-1.7135651609934932e-08,3.6630035663580819e-11,0
7705,-6.3595802344414558e-10,-7.6342693187438082e-06,-7.6317390447308987e-06,-2.5302740129095214e-09,1.4217968515192862e-11,0
7706,-5.7222742920952772e-10,1.0252660845984146e-05,1.0217069378152699e-05,3.5591467831447320e-08,5.8964952159714965e-11,0
7707,-2.6439907344393063e-10,-1.8464967267876539e-04,-1.8462641393995395e-04,-2.3258738811446009e-08,2.3175225645584102e-11,0
7708,-1.8169516904865285e-10,-6.4697040865879102e-06,-6.4464483376234257e-06,-2.3255748964484487e-08,2.1709589726538120e-11,0
7710,-6.8302862525546857e-10,8.8975322162411150e-05,8.8992367687434730e-05,-1.7045525023580421e-08,2.3933981238400748e-11,0
7711,-4.8661316656650759e-10,1.2836701149947791e-05,1.2793842361328847e-05,4.2858788618943967e-08,8.3449076665476680e-11,0
7712,7.4911882101792070e-13,-1.7340516646955327e-06,-1.7356421573548065e-06,1.5904926592738415e-09,5.5393799192717550e-12,0
7713,6.4479713066511579e-11,1.6152916485559499e-05,1.6116945156482528e-05,3.5971329076970546e-08,3.0783824554050001e-11,0
7714,3.7230806941584212e-10,-1.7874945663709204e-04,-1.7873848631964594e-04,-1.0970317446096873e-08,2.0284729376178604e-11,0
7715,4.5501197403726493e-10,-5.6940924854885500e-07,-5.5799592392876329e-07,-1.1413324620091706e-08,2.2424280582496675e-11,0
7716,-2.7450557479187517e-11,-1.7223879008582306e-05,-1.7223588085888327e-05,-2.9092269397887880e-10,4.7762254698639499e-11,0
7717,-4.6321482898370468e-11,9.4875539999669019e-05,9.4875692667741309e-05,-1.5266807228944603e-10,1.0295123587501631e-11,0
7718,1.5009397590208119e-10,1.8737148072336951e-05,1.8694433263621158e-05,4.2714808715792776e-08,3.9580382199558100e-11,0
7719,6.3730594246911632e-11,1.7886951912075150e-05,1.7854022106534599e-05,3.2929805540550750e-08,1.4486534177785198e-11,0
7720,3.7155895058774722e-10,-1.7701542605440225e-04,-1.7700646959792712e-04,-8.9564564751277304e-09,9.5556427168875843e-12,0
7721,4.5426285520344553e-10,1.1646285532013537e-06,1.1694263633519867e-06,-4.7978101506329909e-09,1.0550227585209258e-11,0
7722,-2.8199676298851751e-11,-1.5489863319595541e-05,-1.5487398105849182e-05,-2.4652137463583113e-09,2.2431428473663171e-11,0
7723,-4.7070601720351416e-11,9.6609598254677239e-05,9.6610508913072286e-05,-9.1065839504661517e-10,4.6115914828622130e-12,0
7724,1.4934485707914591e-10,2.0471176667393592e-05,2.0428948351003963e-05,4.2228316389629234e-08,1.8586947184429436e-11,0
7725,3.0782835569931987e-10,-1.9490240025920799e-04,-1.9485633408461382e-04,-4.6066174594171358e-08,3.8566638795968801e-11,0
7726,3.9053226006729283e-10,-1.6722283787490300e-05,-1.6668805716350118e-05,-5.3478071140181587e-08,3.7395493567063482e-11,0
7727,-9.1930270612193464e-11,-3.3376780666503555e-05,-3.3336913595405742e-05,-3.9867071097813580e-08,7.4330719988702657e-11,0
7728,-1.1080119605325707e-10,7.8722666053455265e-05,7.8759829787816498e-05,-3.7163734361233495e-08,2.1018445931712202e-11,0
7729,8.5614262622372496e-11,2.5841948019639759e-06,2.5766246255805486e-06,7.5701763834272091e-09,5.5022946901831242e-11,0
7730,8.2703904706681336e-11,1.7818002267166392e-04,1.7818255015901875e-04,-2.5274873548253307e-09,1.3473375579665673e-11,0
7731,-4.1862955250545893e-10,2.7362499742750326e-04,2.7361357045002117e-04,1.1426977482081532e-08,1.4735834891896046e-11,0
7732,-2.2221409366053619e-10,1.9748659896483452e-04,1.9743279380473331e-04,5.3805160101210586e-08,4.9573048232194359e-11,0
7733,-5.0133345729492663e-10,9.5444995546074482e-05,9.5434761562078016e-05,1.0233983996466131e-08,1.7373948520932140e-11,0
7734,-3.0491799844098468e-10,1.9306676572057244e-05,1.9239826322846753e-05,6.6850249210490648e-08,5.1248813834208582e-11,0
7735,3.9975862706225587e-10,-1.6152568709959151e-04,-1.6152044578922578e-04,-5.2413103657298742e-09,7.6777066342269868e-11,0
7737,-1.8870925414739353e-11,1.1209938291312596e-04,1.1209875193232639e-04,6.3098079956499034e-10,4.0111560360530328e-11,0
7738,1.7754453342430769e-10,3.5961040855094634e-05,3.5916128128295002e-05,4.4912726799632122e-08,1.1690189170855980e-10,0
7739,1.9641545884704686e-10,-7.6138414554281428e-05,-7.6181347936329766e-05,4.2933382048338702e-08,2.8350200013485012e-11,0
7740,5.1507480119956778e-13,-1.7351015328475553e-06,-1.7356108623258720e-06,5.0932947831664371e-10,1.0297345109102027e-11,0
7741,3.2442114095664871e-10,-1.7875162772160863e-04,-1.7873853329760679e-04,-1.3094424001835548e-08,1.8442957149209137e-11,0
7742,4.7596769952897488e-10,-5.7107656332641699e-07,-5.5774599846265952e-07,-1.3330564863757463e-08,2.7210572212158718e-11,0
7743,9.1513102738229655e-12,9.4878258169810842e-05,9.4876586756741018e-05,1.6714130698241864e-09,2.1975409122072000e-11,0
7744,5.3732119738237509e-10,-3.7683277054906088e-05,-3.7683400119678680e-05,1.2306477259233124e-10,1.4496303472399197e-11,0
7745,3.2390606615060644e-10,-1.7701653515156575e-04,-1.7700655573767428e-04,-9.9794138914662597e-09,1.1546444459726475e-11,0
7746,4.7545262471794512e-10,1.1640451599050083e-06,1.1696205928141248e-06,-5.5754329091164660e-09,1.4854220405366954e-11,0
7747,8.6362354714004002e-12,9.6613368867941080e-05,9.6611368563381800e-05,2.0003045592793204e-09,1.0465822065746208e-11,0
7748,5.3680612256843831e-10,-3.5948159178539330e-05,-3.5943161964546875e-05,-4.9972139924548526e-09,9.3812059487356486e-12,0
7749,1.5154655889709074e-10,1.7818053703978374e-04,1.7818284761288031e-04,-2.3105730965686244e-09,1.9748641241667382e-11,0
7750,-3.1526983092589341e-10,2.7362985827952650e-04,2.7361449846248536e-04,1.5359817041144756e-08,1.8003071116266230e-11,0
7751,2.1290005686885699e-10,1.4106834923287119e-04,1.4106753737213755e-04,8.1186073364264769e-10,1.2742268646754670e-11,0
7752,-4.6681638975158618e-10,9.5449317476694294e-05,9.5435394872883791e-05,1.3922603810502879e-08,2.2532984282038360e-11,0
7753,6.1353497951982673e-11,-3.7112208845855275e-05,-3.7113887838955561e-05,1.6789931002860001e-09,1.2651952065273795e-11,0
7754,5.2816988714303746e-10,-1.3256152648710631e-04,-1.3255556799567899e-04,-5.9584914273110891e-09,1.5013051177375756e-11,0
7755,-4.2222346117415747e-10,-5.8833584040598325e-06,-5.8805240292833119e-06,-2.8343747765205952e-09,1.9435567454293243e-12,0
7756,-4.2184856506449865e-10,-7.6171902850452264e-06,-7.6292537242258971e-06,1.2063439180670749e-08,1.5610118058672768e-12,0
7757,-4.8480396262807521e-10,1.0237098706587897e-05,1.0217975658241224e-05,1.9123048346672924e-08,8.9517047261316217e-12,0
7758,-2.5031766310427828e-11,-1.8462476342956486e-04,-1.8462258934656356e-04,-2.1740830013008972e-09,2.3317305208893644e-12,0
7759,2.3990509026795814e-11,-6.4483124986823570e-06,-6.4440759624023869e-06,-4.2365362799700891e-09,2.7597167375927105e-12,0
7760,-4.5246643816146536e-10,-2.3107951095480660e-05,-2.3106115806758916e-05,-1.8352887217438856e-09,9.6376544899291843e-12,0
7761,-4.8409917418632255e-10,8.8991096427990662e-05,8.8995049618351837e-05,-3.9531903611749646e-09,2.4134801621124978e-12,0
7762,3.6599382944081990e-11,-4.3562357491151726e-05,-4.3558370951257293e-05,-3.9865398944336156e-09,1.4655053663487412e-12,0
7763,-4.4561354711859969e-10,1.2809197230082220e-05,1.2794249186287825e-05,1.4948043794395309e-08,8.2811618971956409e-12,0
7764,3.7489610879487409e-13,-1.7338359248358399e-06,-1.7355840702449788e-06,1.7481454091389034e-09,1.1360983854077743e-12,0
7765,-6.2580501511716497e-11,1.6120444353077881e-05,1.6115530074637237e-05,4.9142784406435488e-09,8.0140691027989577e-12,0
7766,3.9719169506566770e-10,-1.7874142157987783e-04,-1.7873717457025514e-04,-4.2470096226984461e-09,3.1273691691996554e-12,0
7767,4.4621397045717208e-10,-5.6495203737980202e-07,-5.5812329600274229e-07,-6.8287413770597353e-09,4.1934340309526330e-12,0
7768,-3.0242976967533901e-11,-1.7224578033351364e-05,-1.7223560444714513e-05,-1.0175886368513868e-09,7.7036973841225914e-12,0
7769,-6.1875712993136337e-11,9.4874453304086108e-05,9.4875877898105423e-05,-1.4245940193154854e-09,2.0531388374668312e-12,0
7770,4.5882284438824899e-10,-3.7678999013426428e-05,-3.7684436175920022e-05,5.4371624935939476e-09,2.3112250389373786e-12,0
7771,-2.3390085965091728e-11,1.8692557598388960e-05,1.8692447789289650e-05,1.0980909931007448e-10,7.9759302517965822e-12,0
7772,-6.2955397616848868e-11,1.7854275084704455e-05,1.7852549206370422e-05,1.7258783340320808e-09,3.5363397579320923e-12,0
7773,3.9681679895064735e-10,-1.7700758015094060e-04,-1.7700523036552686e-04,-2.3497854137455570e-09,1.4763603327264285e-12,0
7774,4.4583907433985569e-10,1.1688856181163443e-06,1.1691961458082518e-06,-3.1052769190753186e-10,1.8783397723926796e-12,0
7775,-3.0617873077868799e-11,-1.5490826331517483e-05,-1.5487425034001947e-05,-3.4012975155353641e-09,5.9920364155058644e-12,0
7776,-6.2250609103163640e-11,9.6608290141412395e-05,9.6610630289953637e-05,-2.3401485412416793e-09,9.1192860474482021e-13,0
7777,4.5844794827177581e-10,-3.5945164898296199e-05,-3.5944206987696379e-05,-9.5791059982010046e-10,1.1213325495480392e-12,0
7778,-2.3764982074924285e-11,2.0426394599382504e-05,2.0426918522925235e-05,-5.2392354273032306e-10,3.6288629674850965e-12,0
7779,4.5977219638264709e-10,-1.9486186004464542e-04,-1.9485367573835125e-04,-8.1843062941751917e-09,9.3145536712694872e-12,0
7780,5.0879447173176611e-10,-1.6685381688531483e-05,-1.6667563562472928e-05,-1.7818126058554502e-08,1.2091261467832090e-11,0
7781,3.2337524485436636e-11,-3.3344998704346908e-05,-3.3335430903537751e-05,-9.5678008091569814e-09,4.8757720754120380e-11,0
7782,7.0478846301522456e-13,7.8754005868863011e-05,7.8761480905429506e-05,-7.4750365664947921e-09,6.1148821988094273e-12,0
7783,5.2140334565058085e-10,-5.3799445959977705e-05,-5.3792908669967852e-05,-6.5372900098529195e-09,7.1592959793536027e-12,0
7784,3.9190415520072888e-11,2.5721088424930172e-06,2.5760682296668475e-06,-3.9593871738302622e-09,1.2261486830538681e-11,0
7785,4.9022275339380596e-11,1.7817645951309332e-04,1.7818111204720110e-04,-4.6525341077842137e-09,2.8149318438829047e-12,0
7786,-4.5906740788612101e-10,2.7361586365684011e-04,2.7361241998532387e-04,3.4436715162398587e-09,2.3323532110815675e-12,0
7787,6.1631149257251602e-11,1.4106241436049336e-04,1.4106517536964936e-04,-2.7610091560053771e-09,1.6566628768168774e-12,0
7788,-4.2058178082281101e-10,1.9743396567900996e-04,1.9742960532852160e-04,4.3603504883626357e-09,8.4472769975008747e-12,0
7789,-5.0808968337779066e-10,9.5439404472442632e-05,9.5435054257520958e-05,4.3502149216738525e-09,3.1032118397801188e-12,0
7790,1.2608873929075116e-11,-3.7114049425409495e-05,-3.7114502271688844e-05,4.5284627934858877e-10,1.7471483842211705e-12,0
7791,-4.6960405633908535e-10,1.9257519897719014e-05,1.9237966797931113e-05,1.9553099787901582e-08,1.0727563190073689e-11,0
7792,4.2743467221716272e-10,-1.6151683384861212e-04,-1.6151916683310988e-04,2.3329844977540079e-09,1.7893499912879548e-11,0
7793,4.7645694766367787e-10,1.6659627997682100e-05,1.6664434698039969e-05,-4.8067003578694035e-09,2.6767761027916048e-11,0
7794,-3.1632736025125011e-11,1.1209903320005517e-04,1.1209892134591629e-04,1.1185413887975469e-10,1.1382698573095877e-11,0
7795,4.8906582161024472e-10,-2.0454364034539103e-05,-2.0459097976615677e-05,4.7339420765732832e-09,1.3904211989751156e-11,0
7796,6.8528909656826021e-12,3.5917180577133868e-05,3.5914165671781410e-05,3.0149053524580098e-09,4.9831187060971752e-11,0
7797,5.2069855775991318e-10,-1.3255345428243338e-04,-1.3255586614017219e-04,2.4118577388087051e-09,1.8784640825531820e-12,0
7798,3.8485626973514902e-11,-7.6181885390261793e-05,-7.6183503082116654e-05,1.6176918548612513e-09,6.4110566502903190e-12,0
7799,-4.8221293031638454e-10,5.6371568103951624e-05,5.6360952450859714e-05,1.0615653091910148e-08,6.4765153281360385e-12,0
7800,-7.6003332192693979e-11,2.1664746234577835e-06,2.1713860794009025e-06,-4.9114559431189813e-09,2.8277304516768091e-11,0
7801,-1.0033523465114312e-10,4.7359649278429922e-06,4.7454394160872624e-06,-9.4744882442701864e-09,1.8167996113352909e-11,0
7802,-2.4331902448179915e-11,2.5695863179716130e-06,2.5752872623634287e-06,-5.7009443918156712e-09,1.8570778875784896e-11,0
7803,3.4632567075696092e-10,-1.7702697546289649e-04,-1.7700519015902868e-04,-2.1785303867810765e-08,3.4378920527362336e-11,0
7804,3.9945028998237376e-10,1.1501885780265675e-06,1.1685303625321488e-06,-1.8341784505581317e-08,2.9988324589573582e-11,0
7805,-8.9478658161053640e-11,9.6603463577538129e-05,9.6610515440505773e-05,-7.0518629676440646e-09,9.2568121251073198e-12,0
7806,4.2071493712865475e-10,-3.5962778574516116e-05,-3.5944790852247344e-05,-1.7987722268771825e-08,1.6392361078597306e-11,0
7807,5.3124619546131444e-11,1.7817721536063369e-04,1.7818042860916851e-04,-3.2132485348174665e-09,2.2499417748340512e-11,0
7808,-4.3580432982365563e-10,2.7363046130775368e-04,2.7361224146294329e-04,1.8219844810391655e-08,2.7583143691473722e-11,0
7809,7.4389266801364219e-11,1.4106422246376767e-04,1.4106456457764951e-04,-3.4211388184727555e-10,2.3629669991968196e-11,0
7810,-4.8892894975410977e-10,9.5453209690550198e-05,9.5435562806075720e-05,1.7646884474477233e-08,7.4524943653827850e-11,0
7811,2.1264647288404153e-11,-3.7113012674841071e-05,-3.7114410632906500e-05,1.3979580654291694e-09,9.5378689324702392e-12,0
7812,5.1019359580794077e-10,-1.3256626543867514e-04,-1.3255632154015906e-04,-9.9438985160763167e-09,2.4648983772202471e-11,0
7813,-1.6141792962873691e-11,2.1710416195971222e-06,2.1721376665162987e-06,-1.0960469191765765e-09,1.9374067914969358e-11,0
7814,-2.1551612122794430e-12,4.7445235115417279e-06,4.7466581492105973e-06,-2.1346376688694324e-09,2.0300420085926744e-11,0
7815,1.3986631746895518e-11,2.5734266235373504e-06,2.5757725254092492e-06,-2.3459018718987887e-09,1.6333235223687916e-11,0
7816,-6.1175111255731402e-14,-1.7349676853318428e-06,-1.7355052545622577e-06,5.3756923041482520e-10,5.1558964897602523e-12,0
7817,3.2532145499835356e-11,1.6124855616606384e-05,1.6116925321194683e-05,7.9302954117010558e-09,1.1962824858345046e-11,0
7818,3.7060941998769835e-10,-1.7874163846994841e-04,-1.7873615731455505e-04,-5.4811553933575754e-09,1.0419462963422501e-11,0
7819,4.6458358231785932e-10,-5.6156760284108154e-07,-5.5792000764064451e-07,-3.6475952004370266e-09,1.3155716277440056e-11,0
7820,-8.1292649727016351e-12,-1.7222390348523367e-05,-1.7223202591209594e-05,8.1224268622649373e-10,2.9357162346493738e-11,0
7821,-1.9725118518781571e-11,9.4877907514754689e-05,9.4876908330411908e-05,9.9918434278160797e-10,9.3310795271255314e-12,0
7822,4.9668016315920105e-10,-3.7673740670249312e-05,-3.7684151367349048e-05,1.0410697099736527e-08,7.2905412338778998e-12,0
7823,1.2089514588150211e-10,1.8706075760073840e-05,1.8694460009303135e-05,1.1615750770704885e-08,1.1608058120294322e-11,0
7824,3.2593320609921422e-11,1.7859821434981077e-05,1.7853865998145041e-05,5.9554368360360734e-09,1.0076577916179874e-11,0
7825,3.7067059509375264e-10,-1.7700667775104317e-04,-1.7700431130020911e-04,-2.3664508340642647e-09,6.6623369615230641e-12,0
7826,4.6464475742432885e-10,1.1734067810863918e-06,1.1692605223719365e-06,4.1462587144553229e-09,8.4379285123161217e-12,0
7827,-8.0680898627455674e-12,-1.5487477844416606e-05,-1.5487141272925547e-05,-3.3657149105847440e-10,2.5425782776122357e-11,0
7828,-1.9663943410091227e-11,9.6612895479023658e-05,9.6611574164188796e-05,1.3213148348622649e-09,4.4329156265767968e-12,0
7829,4.9674133826320170e-10,-3.5938764724910248e-05,-3.5943948373921696e-05,5.1836490114483377e-09,5.2083074264179388e-12,0
7830,1.2095632099405912e-10,2.0441054213100537e-05,2.0428870366755337e-05,1.2183846345200359e-08,1.0225122906258274e-11,0
7831,3.3807727406051938e-10,-1.9486651433982434e-04,-1.9485414568256356e-04,-1.2368657260777936e-08,2.4400826566558516e-11,0
7832,4.3205143622447821e-10,-1.6686364328824185e-05,-1.6668816687631974e-05,-1.7547641192211007e-08,4.3328802881756180e-11,0
7833,-4.0661410582396658e-11,-3.3347173540821881e-05,-3.3336414631251893e-05,-1.0758909569987831e-08,6.4776263174633081e-11,0
7834,-5.2257264152809695e-11,7.8753101295438166e-05,7.8761184306532059e-05,-8.0830110938930402e-09,1.6642078618810492e-11,0
7835,4.6414801700902561e-10,-5.3798589317602397e-05,-5.3794008148035740e-05,-4.5811695666562644e-09,2.3849645964720103e-11,0
7836,8.8363000253564648e-11,2.5812437266787940e-06,2.5767039960242894e-06,4.5397306545045152e-09,1.6229266700034372e-11,0
7837,9.3974162242113902e-11,1.7818005312052730e-04,1.7818029943549710e-04,-2.4631496980411470e-10,7.9722037942110783e-12,0
7838,-3.9033453836114174e-10,2.7361954798024984e-04,2.7361240101057182e-04,7.1469696780201465e-09,1.0493451273228032e-11,0
7839,1.2607074305591690e-10,1.4106791034706936e-04,1.4106453969415586e-04,3.3706529134925212e-09,4.5610821735991246e-12,0
7840,-2.4971427395498673e-10,1.9744771836534454e-04,1.9743074630584100e-04,1.6972059503536077e-08,2.3125971402616711e-11,0
7841,-4.8430870050857551e-10,9.5439496099813254e-05,9.5435854672754481e-05,3.6414270587721087e-09,1.2730533956403385e-11,0
7842,3.2096580799647345e-11,-3.7112141454705540e-05,-3.7114289898790504e-05,2.1484440849636743e-09,5.3142498000180184e-12,0
7843,-3.4368843610518401e-10,1.9267661808759599e-05,1.9239773819405746e-05,2.7887989353853656e-08,3.4571319773717224e-11,0
7844,3.7873868502199030e-10,-1.6151926746040077e-04,-1.6151851434853510e-04,-7.5311186567604896e-10,4.5590648289879165e-11,0
7845,4.7271284738468061e-10,1.6660789366561637e-05,1.6664319416904790e-05,-3.5300503431521071e-09,5.7158016525774497e-11,0
7846,-1.1595853542229014e-11,1.1210026706454375e-04,1.1209960980109253e-04,6.5726345122496446e-10,5.2905848718281809e-11,0
7847,5.0480942823550317e-10,-2.0451318733284013e-05,-2.0459107496998375e-05,7.7887637143623405e-09,2.9506215332490484e-11,0
7848,1.2902441085899942e-10,3.5928433357691053e-05,3.5915888057062638e-05,1.2545300628415319e-08,5.6327093251995387e-11,0
7849,5.1640528179154597e-10,-1.3255164156729046e-04,-1.3255652599754341e-04,4.8844302529471237e-09,7.8056019899903497e-12,0
7850,1.4062026440055564e-10,-7.6171798333300386e-05,-7.6182500403785327e-05,1.0702070484940604e-08,1.5966156271214310e-11,0
7851,-3.7578501684463905e-10,5.6379826762279796e-05,5.6362563811499637e-05,1.7262950780158311e-08,1.7975926493079826e-11,0
7852,-5.5178348450420567e-10,-1.8466959690333767e-04,-1.8462738835714454e-04,-4.2208546193129096e-08,3.4500260859924213e-11,0
7853,-4.4432409677508510e-10,-6.4925473768837061e-06,-6.4502450791036102e-06,-4.2302297780095926e-08,2.7742620740012351e-11,0
7854,-3.9809777846056832e-10,-4.3605118632796674e-05,-4.3564188932125727e-05,-4.0929700670947139e-08,1.6212817386239643e-11,0
7855,1.0745938850699123e-10,1.7817702217482758e-04,1.7817977050536184e-04,-2.7483305342624036e-09,2.5373077878817221e-11,0
7856,1.5368570710568982e-10,1.4106443024314405e-04,1.4106415309790948e-04,2.7714523457753569e-10,1.6200646137091872e-11,0
7857,4.6226318626003559e-11,-3.7112603954532063e-05,-3.7114129558788127e-05,1.5256042560640184e-09,1.4473841504965010e-11,0
7858,2.2571154148270928e-10,-1.3911086603944633e-05,-1.3951145395446875e-05,4.0058791502241368e-08,8.8284330714141280e-12,0
7859,2.2353594627948338e-10,-1.5650835812619501e-05,-1.5687575247651218e-05,3.6739435031716314e-08,5.5196945165685921e-12,0
7860,1.5313157916621610e-11,2.1724726796614087e-06,2.1725485567131114e-06,-7.5877051702742855e-11,9.9803305612635141e-12,0
7861,2.5001939456150553e-10,-3.1112570424870339e-05,-3.1167716027918741e-05,5.5145603048402055e-08,3.6977712569821778e-11,0
7862,2.3277002094083962e-10,8.0974038800311204e-05,8.0927303628345576e-05,4.6735171965628266e-08,1.2679581478432056e-11,0
7863,5.0480331561476215e-11,4.7469183191792969e-06,4.7473135120390746e-06,-3.9519285977778173e-10,1.0476341557587318e-11,0
7864,-2.1755951969747499e-12,-1.7397584239797108e-06,-1.7354873128701253e-06,-4.2711111095855539e-09,2.9573767069380050e-12,0
7865,-2.1039838358814857e-10,1.6083568245044838e-05,1.6114025728572649e-05,-3.0457483527810791e-08,8.4497101918464448e-12,0
7866,2.4307852972181405e-11,-1.7201475164731672e-05,-1.7222756480353665e-05,2.1281315621993441e-08,2.1704747539558976e-11,0
7867,7.0584792842863153e-12,9.4885114656325243e-05,9.4877506706629664e-05,7.6079496955788750e-09,8.2242590458874339e-12,0
7868,-1.7523121000117440e-10,1.8658015175017015e-05,1.8690904463354586e-05,-3.2889288337571677e-08,9.0532989078936521e-12,0
7869,-2.0822278839254162e-10,1.7823320127414305e-05,1.7850948653073072e-05,-2.7628525658766732e-08,5.2391999715799795e-12,0
7870,2.6483448168163849e-11,-1.5461791761337300e-05,-1.5486710627066974e-05,2.4918865729674520e-08,1.2361056203765168e-11,0
7871,9.2340744816203293e-12,9.6624877376511520e-05,9.6612150538900480e-05,1.2726837611039135e-08,4.2820436096454331e-12,0
7872,-1.7305561480261372e-10,2.0397779387355125e-05,2.0425306548086457e-05,-2.7527160731332062e-08,5.9094766743880985e-12,0
7873,2.3470623662921575e-10,-3.3285071711547376e-05,-3.3333040787709948e-05,4.7969076162572154e-08,3.6912945879393686e-11,0
7874,2.1745686299141756e-10,7.8801546221357946e-05,7.8764718044911216e-05,3.6828176446730200e-08,1.0436686197014577e-11,0
7875,3.5167173632113992e-11,2.5744600853001593e-06,2.5760578969829956e-06,-1.5978116828363663e-09,9.4048894303427390e-12,0
7876,-1.7249373690110690e-11,1.1208658927607949e-04,1.1209977039142101e-04,-1.3181115341516416e-08,3.4697125852710355e-11,0
7877,-1.9953906296869680e-10,3.5859450353933897e-05,3.5911922066714102e-05,-5.2471712780204386e-08,3.4130055830888368e-11,0
7878,-1.8228968928254493e-10,-7.6227092261007753e-05,-7.6186643371703452e-05,-4.0448889304301101e-08,1.1860904742969907e-11,0
7879,8.3539540903494327e-11,-1.3942902994027936e-05,-1.3952992586682892e-05,1.0089592654955159e-08,1.4914621059079164e-11,0
7880,8.1922872427532413e-11,-1.5681041648987239e-05,-1.5689391453053625e-05,8.3498040663864412e-09,7.3871048917381999e-12,0
7881,-4.6201272792023385e-11,2.1696715067423544e-06,2.1717924726679972e-06,-2.1209659256427680e-09,1.8030416089786532e-11,0
7882,1.0100666964704995e-10,-3.1164280949184248e-05,-3.1169631334534489e-05,5.3503853502412401e-09,5.5599785174906577e-11,0
7883,8.7636045754299272e-11,8.0936301105408170e-05,8.0925563195805234e-05,1.0737909602936621e-08,1.6871433589248093e-11,0
7884,9.9074229987676349e-12,4.7451639568002945e-06,4.7468111969642534e-06,-1.6472401639588559e-09,1.5357179367767728e-11,0
7885,-1.6166684766322929e-12,-1.7381322470354146e-06,-1.7354563453694354e-06,-2.6759016659791537e-09,2.0838545237263127e-12,0
7886,-1.2974081367251325e-10,1.6112589523989071e-05,1.6115087562197758e-05,-2.4980382086871658e-09,1.2276435575364796e-11,0
7887,1.7467128710609437e-11,-1.7221329366169094e-05,-1.7222817454570982e-05,1.4880884018882233e-09,2.0840667631360026e-11,0
7888,4.0965048051117655e-12,9.4879245659141654e-05,9.4877614863143994e-05,1.6307959976592486e-09,4.6370868917778302e-12,0
7889,-7.3632117896839414e-11,1.8688111096405724e-05,1.8692228046465480e-05,-4.1169500597560175e-09,1.1532054978811203e-11,0
7890,-1.2812414519194832e-10,1.7850709711106534e-05,1.7851979622192209e-05,-1.2699110856749529e-09,5.7630913500360581e-12,0
7891,1.9083797190927717e-11,-1.5483273809486641e-05,-1.5486801220849270e-05,3.5274113626296917e-09,9.2685741954349663e-12,0
7892,5.7131732836111960e-12,9.6617374529310208e-05,9.6612225518369362e-05,5.1490109408451005e-09,2.1061058138948743e-12,0
7893,-7.2015449418820237e-11,2.0426236895375316e-05,2.0426604426013160e-05,-3.6753063784437955e-10,5.4642134108487102e-12,0
7894,1.4720794246387608e-10,-3.3333918203109006e-05,-3.3334148280385871e-05,2.3007727686474681e-10,4.5550845148478943e-11,0
7895,1.3383731857972510e-10,7.8766668333889178e-05,7.8763783835291166e-05,2.8844985980119257e-09,1.1163246257841105e-11,0
7896,5.6108695799801590e-11,2.5755261012444866e-06,2.5763250096402720e-06,-7.9890839578537250e-10,1.0854006641716858e-11,0
7897,-1.3370623907948194e-11,1.1210057675882469e-04,1.1209994405299737e-04,6.3270582731909421e-10,2.2041401208080895e-11,0
7898,-9.1099246601833199e-11,3.5909434305749985e-05,3.5913326035432057e-05,-3.8917296820724758e-09,4.6950625555734214e-11,0
7899,-7.7728622704679150e-11,-7.6191151982119357e-05,-7.6185421983281627e-05,-5.7299988377295394e-09,1.0501368356948732e-11,0
7900,-2.9641236488289573e-09,-1.8465058038952958e-04,-1.8465676092763259e-04,6.1805381030080597e-09,2.1173855150186940e-11,0
7901,-2.5528704352431564e-09,-6.4753512882091691e-06,-6.4765076014806926e-06,1.1563132715235161e-09,2.2617623477707628e-11,0
7902,-2.3429633770090569e-09,-4.3588294017961673e-05,-4.3588442210670876e-05,1.4819270920259867e-10,7.5492372031733959e-12,0
7903,4.1125321764311348e-10,1.7817515147015069e-04,1.7818288951830015e-04,-7.7380481494529300e-09,1.3313728618057470e-11,0
7904,6.2116027752904241e-10,1.4106228482110373e-04,1.4106927135375770e-04,-6.9865326539754555e-09,6.8952792391079374e-12,0
7905,2.0990706037661170e-10,-3.7112882425974203e-05,-3.7112113543054875e-05,-7.6888291932852675e-10,8.1115715196925604e-12,0
7906,1.6557602476023225e-10,-1.3932437923228416e-05,-1.3952055157938632e-05,1.9617234710216200e-08,2.9508152671373101e-11,0
7907,1.6329356094832121e-10,-1.5672230387234892e-05,-1.5688439400239914e-05,1.6209013005021559e-08,1.7567345074728637e-11,0
7908,2.3666890683402507e-12,2.1721175445486851e-06,2.1724012436903811e-06,-2.8369914169598377e-10,2.4097518100759337e-11,0
7909,1.9765516984342837e-10,-3.1145298502658139e-05,-3.1168496790736299e-05,2.3198288078159733e-08,7.6150735373238130e-11,0
7910,1.8856364794764930e-10,8.0956122686114823e-05,8.0926871394655656e-05,2.9251291459167559e-08,4.0952235201771817e-11,0
7911,6.0497819361990611e-11,4.7482739501929910e-06,4.7474394016241334e-06,8.3454856885760838e-10,2.6386077698495148e-11,0
7912,-2.2824638119854797e-12,-1.7398133238714453e-06,-1.7354417387385214e-06,-4.3715851329238856e-09,9.5121251014911144e-12,0
7913,-1.6320933571686112e-10,1.6104563011926434e-05,1.6114731058887789e-05,-1.0168046961354281e-08,2.7440257303816703e-11,0
7914,3.2079145014867426e-11,-1.7212962021133718e-05,-1.7222613546705333e-05,9.6515255716145829e-09,8.2138829940007340e-11,0
7915,2.2987623078018109e-11,9.4888540376914443e-05,9.4877986962880190e-05,1.0553414034252472e-08,2.0741100246620991e-11,0
7916,-1.0507820544639810e-10,1.8680706585780422e-05,1.8691898568014444e-05,-1.1191982234021571e-08,2.7823330595004974e-11,0
7917,-1.6092687190535910e-10,1.7844366956978192e-05,1.7851608610221792e-05,-7.2416532436006585e-09,1.5906453080449752e-11,0
7918,3.4361608827266622e-11,-1.5473344912578756e-05,-1.5486610637431882e-05,1.3265724853126621e-08,4.0009891978709853e-11,0
7919,2.5270086890495826e-11,9.6628354762246134e-05,9.6612580909712548e-05,1.5773852533586220e-08,9.6225025155581817e-12,0
7920,-1.0279574163389864e-10,2.0420497233595604e-05,2.0426265346549343e-05,-5.7681129537391520e-09,1.6584617747008470e-11,0
7921,1.9528848076149004e-10,-3.3317427276999961e-05,-3.3333573301125812e-05,1.6146024125850275e-08,9.5237056923214904e-11,0
7922,1.8619695885567244e-10,7.8784008474738418e-05,7.8764530956194071e-05,1.9477518544346950e-08,3.2655544200530223e-11,0
7923,5.8131130284615520e-11,2.5761590657646938e-06,2.5763571360527079e-06,-1.9807028801407394e-10,2.2875734950816965e-11,0
7924,-9.0915219435710012e-12,1.1210147006099138e-04,1.1210011655469580e-04,1.3535062955816841e-09,9.8721749644619555e-11,0
7925,-1.3715735045301805e-10,3.5893709149250122e-05,3.5912811113608080e-05,-1.9101964357958118e-08,7.4594328067261689e-11,0
7926,-1.2806582851261057e-10,-7.6207815134239631e-05,-7.6186117890464133e-05,-2.1697243775498044e-08,3.2482894496757627e-11,0
7927,2.9387148242248550e-10,1.7817704760101434e-04,1.7818107777875842e-04,-4.0301777440743692e-09,5.9776252545843407e-12,0
7928,-1.8843249061428199e-12,-1.7390342413665694e-06,-1.7354133514902241e-06,-3.6208898763452875e-09,1.1931079606202799e-11,0
7929,2.9308368681630334e-11,9.4881552683157271e-05,9.4878206705103550e-05,3.3459780537215380e-09,2.4209614205691946e-11,0
7930,3.1192693584963842e-11,9.6620597622320507e-05,9.6612770109034136e-05,7.8275132863711615e-09,1.0533081459930702e-11,0
7931,1.1643858412358182e-09,-1.8458612090896213e-04,-1.8460488917824709e-04,1.8768269284953447e-08,2.4521658602840675e-11,0
7932,9.2112805339544262e-10,-6.4395456506379650e-06,-6.4335649094776599e-06,-5.9807411603051601e-09,2.6930880055728190e-11,0
7933,8.1397421343639909e-10,-4.3555554364498560e-05,-4.3549457046289357e-05,-6.0973182092023616e-09,1.3857808618202847e-11,0
7934,-2.4325778717985429e-10,1.7814665305823044e-04,1.7817397153502382e-04,-2.7318476793377049e-08,1.5822957821167492e-11,0
7935,-3.5041162673679741e-10,1.4103060265237451e-04,1.4105638348874331e-04,-2.5780836368803411e-08,9.6966659161305088e-12,0
7936,-1.0715383975468624e-10,-3.7116034844065799e-05,-3.7116062705438601e-05,2.7861372802232779e-11,8.3407900302898395e-12,0
7937,6.2162904118298708e-12,-1.3958279848210256e-05,-1.3954207065086966e-05,-4.0727831232904561e-09,1.3087844851282177e-11,0
7938,3.3592990139968619e-12,-1.5698960388327646e-05,-1.5690548172576136e-05,-8.4122157515102312e-09,9.7408386398815967e-12,0
7939,-2.1739980303027354e-11,2.1775370689017378e-06,2.1721164655205888e-06,5.4206033811490191e-09,1.3914080660794114e-11,0
7940,6.7759467429833203e-11,-3.1167749130007804e-05,-3.1170248364956634e-05,2.4992349488293171e-09,7.0931871831457041e-11,0
7941,8.5575649445520039e-11,8.0954112221111579e-05,8.0925718397045779e-05,2.8393824065800119e-08,1.6465510234932508e-11,0
7942,-2.8569913983053973e-12,-1.7406923906751427e-06,-1.7353986422316124e-06,-5.2937484435303336e-09,3.7112733682968443e-12,0
7943,-2.7956270732616144e-11,1.6135829256085261e-05,1.6116537022772503e-05,1.9292233312758508e-08,1.2293752488899997e-11,0
7944,6.1543177026103798e-11,-1.7209392986319069e-05,-1.7222198292812944e-05,1.2805306493875781e-08,2.3677359814305197e-11,0
7945,7.9359359052385086e-11,9.4912360845738654e-05,9.4878988793062371e-05,3.3372052676283195e-08,6.3919140193235981e-12,0
7946,-2.5099279335622830e-11,1.7876480437030440e-05,1.7853371692799789e-05,2.3108744230650668e-08,9.0400491140480983e-12,0
7947,6.4400168426983690e-11,-1.5468870734832579e-05,-1.5486235663627983e-05,1.7364928795403616e-08,1.8293101763460055e-11,0
7948,8.2216350450511708e-11,9.6653051267287654e-05,9.6613535026696712e-05,3.9516240590942533e-08,3.8002808571213988e-12,0
7949,8.9499447724668997e-11,-3.3345326516806377e-05,-3.3334932011137195e-05,-1.0394505669182087e-08,6.3076602911980526e-11,0
7950,1.0731562973949884e-10,7.8776551450560582e-05,7.8763767498467264e-05,1.2783952093317966e-08,1.3899920478383515e-11,0
7951,1.7816182017200716e-11,1.1212184099330383e-04,1.1210071259787249e-04,2.1128395431336579e-08,3.4105567758116142e-11,0
7952,-2.1903467249925401e-10,-1.8463977685052521e-04,-1.8462172829602263e-04,-1.8048554502580463e-08,3.1717922760664988e-11,0
7953,-1.5795834352966440e-10,-6.4649349089083985e-06,-6.4470133415616924e-06,-1.7921567346706107e-08,2.8066125977908500e-11,0
7954,6.1076329245687135e-11,1.7817485579454668e-04,1.7817736745016948e-04,-2.5116556227953828e-09,2.2084153193412944e-11,0
7955,-1.5395430171485749e-12,-1.7375784904754936e-06,-1.7353457614058730e-06,-2.2327290696205898e-09,2.2746976017950197e-12,0
7956,8.8220866101683076e-12,-1.7221734801380702e-05,-1.7222815836644672e-05,1.0810352639708328e-09,5.0542562370854427e-11,0
7957,-1.4619330283261714e-11,9.4876848682146509e-05,9.4878043595952107e-05,-1.1949138055975320e-09,1.2629205357746517e-11,0
7958,1.0361629626611992e-11,-1.5484266733122666e-05,-1.5486904038984946e-05,2.6373058622794281e-09,2.1860228532337433e-11,0
7959,-1.3079787268236489e-11,9.6614427521716237e-05,9.6612533589534065e-05,1.8939321821725887e-09,5.4239707084761928e-12,0
7960,-2.3441416894400523e-11,1.1209856708136530e-04,1.1210039183295149e-04,-1.8247515861876968e-09,6.2306201141397427e-11,0
7961,3.4089245463009204e-10,1.4104050032351552e-04,1.4106412442839569e-04,-2.3624104880171689e-08,2.1504601252573012e-11,0
7963,4.8599499585642467e-10,-6.4027015797586684e-06,-6.4391074034625255e-06,3.6405823703857097e-08,1.7696799690514550e-11,0
7964,-2.9290518973261780e-10,1.2821830190915678e-05,1.2795709559975350e-05,2.6120630940328684e-08,2.2732671573334808e-11,0
7966,-8.6144848599392927e-11,2.5187492889789179e-06,2.5745963200412891e-06,-5.5847031062371261e-08,2.6860394261619527e-11,0
7968,4.6408726097303447e-10,1.4108195827493460e-04,1.4106533263876184e-04,1.6625636172759367e-08,1.2736702156155232e-11,0
7974,-5.2305788530744455e-11,1.1208295639093552e-04,1.1210018290946942e-04,-1.7226518533893626e-08,2.4366867804919725e-11,0
7975,-2.0165451953334024e-10,-5.8647386881201767e-06,-5.8777886448772193e-06,1.3049956757042553e-08,1.3540690887013087e-11,0
7976,-2.0292270537870493e-10,-7.6013827471511225e-06,-7.6273964416816821e-06,2.6013694530559586e-08,1.0156717304161423e-11,0
7977,-4.3015776887100221e-10,1.0223556498857589e-05,1.0217755531992371e-05,5.8009668652182376e-09,1.8036822873290940e-11,0
7978,-2.0370619539063325e-10,-2.3092947587325611e-05,-2.3103935677891076e-05,1.0988090565464982e-08,4.3062406066142684e-11,0
7979,-2.3567222517409982e-10,8.9000704547091724e-05,8.8999215068740926e-05,1.4894783507979088e-09,1.1955659503536047e-11,0
7980,-4.2592761226016142e-10,1.2796811780369302e-05,1.2793980414273974e-05,2.8313660953283287e-09,1.3954997733829914e-11,0
7981,4.0629440036797926e-10,-8.0526425633390547e-06,-8.0634299511588929e-06,1.0787387819838164e-08,2.1423453352283006e-11,0
7982,2.0463988063220942e-10,-1.3917430257120306e-05,-1.3952064734393516e-05,3.4634477273210557e-08,1.9466495298390909e-11,0
7983,2.0337169478241135e-10,-1.5654019540361011e-05,-1.5688295005741884e-05,3.4275465380872680e-08,1.4585789696313916e-11,0
7984,-2.3863368838998572e-11,2.1709453210499692e-06,2.1721158449153049e-06,-1.1705238653356297e-09,2.3983433947917360e-11,0
7985,2.0258820486719461e-10,-3.1145655805022918e-05,-3.1168831360431415e-05,2.3175555408497305e-08,5.9620492814762004e-11,0
7986,1.7062217511396413e-10,8.0948124436090729e-05,8.0926998317618599e-05,2.1126118472130002e-08,1.8378462550654169e-11,0
7987,-1.9633212164812332e-11,4.7441745694850549e-06,4.7464506511503120e-06,-2.2760816652570457e-09,2.1541282880461669e-11,0
7988,-1.2681858447926570e-12,-1.7366518198292974e-06,-1.7352878755468471e-06,-1.3639442824503031e-09,7.5936710227632455e-12,0
7989,-2.2850324930932116e-10,1.6088286213498254e-05,1.6114283165118935e-05,-2.5996951620681073e-08,1.8185441222450489e-11,0
7990,-2.0516758780343978e-12,-1.7228272618586876e-05,-1.7222896563850500e-05,-5.3760547363762904e-09,3.2672094100273486e-11,0
7991,-3.4017705668813500e-11,9.4865461196200120e-05,9.4878131678734318e-05,-1.2670482534197602e-08,1.0528698817260249e-11,0
7992,-2.2427309271122769e-10,1.8661560779589109e-05,1.8690794232402372e-05,-2.9233452813262888e-08,1.6791993585140907e-11,0
7993,-2.2723506346283889e-10,1.7824949588209765e-05,1.7851007458668864e-05,-2.6057870459098964e-08,1.2573289082143606e-11,0
7994,-7.8349003190235989e-13,-1.5491685734629092e-05,-1.5487039594537195e-05,-4.6461400918963041e-09,2.5269720493263613e-11,0
7995,-3.2749519822991037e-11,9.6602094644299228e-05,9.6612558774563067e-05,-1.0464130263839171e-08,6.1198295370764548e-12,0
7996,-2.2300490686793966e-10,2.0398217514202427e-05,2.0425038079898709e-05,-2.6820565696282532e-08,1.1955135236300189e-11,0
7997,2.2645157369592776e-10,-3.3316604173702635e-05,-3.3333318401204281e-05,1.6714227501646187e-08,7.3330152269810048e-11,0
7998,1.9448554394307654e-10,7.8777166794878617e-05,7.8765237996681508e-05,1.1928798197109129e-08,1.7596030196459924e-11,0
7999,4.2301566703094492e-12,2.5732622558191295e-06,2.5757322191954260e-06,-2.4699633762964710e-09,1.9262432125541930e-11,0
8000,-3.1966029789315750e-11,1.1209368425676818e-04,1.1210057092022150e-04,-6.8866634533247236e-09,3.7681094892816771e-11,0
8001,-2.2222141684681847e-10,3.5889741807453024e-05,3.5912103896236650e-05,-2.2362088783626285e-08,7.0265776798021279e-11,0
8002,-1.9025538709381935e-10,-7.6203907773240639e-05,-7.6187331898031079e-05,-1.6575875209560000e-08,1.6001889695636782e-11,0
8003,-2.8190738752736019e-11,1.7814943821243580e-04,1.7817493482673381e-04,-2.5496614298011399e-08,1.3965248593020155e-11,0
8004,-4.6999576737518105e-11,1.4103283952243955e-04,1.4105836187795038e-04,-2.5522355510829370e-08,7.7269603254158774e-12,0
8005,-1.8808837978144197e-11,-3.7116585510797197e-05,-3.7115003538182998e-05,-1.5819726141992054e-09,6.0803464142220010e-12,0
8006,8.4258041588373251e-13,-1.7332145939421900e-06,-1.7352306279980964e-06,2.0160340559063721e-09,1.9373305900111096e-12,0
8007,-6.5781405493457290e-11,1.6124238973028605e-05,1.6116380735687511e-05,7.8582373410937914e-09,5.4636123204684551e-12,0
8008,3.5658679683640077e-10,-1.7873915889582832e-04,-1.7873211858897284e-04,-7.0403068554842057e-09,5.8377490137067685e-12,0
8009,3.8165532623655148e-10,-5.6909110907228666e-07,-5.5902513801012076e-07,-1.0065971062165898e-08,6.8309794187145515e-12,0
8010,-4.2026492581894723e-11,-1.7225656355842993e-05,-1.7223361466613895e-05,-2.2948892290982216e-09,1.5672519082623051e-11,0
8011,-7.8856281231828189e-11,9.4875010094089968e-05,9.4877762909492002e-05,-2.7528154020347011e-09,3.2125390356361014e-12,0
8012,3.8619524055701496e-10,-3.7683295751029730e-05,-3.7686099148568077e-05,2.8033975383467578e-09,3.3443793632944338e-12,0
8013,-4.6374872233940169e-11,1.8693488889174334e-05,1.8693082654085127e-05,4.0623508920769940e-10,5.3185705611548193e-12,0
8014,-6.6623985905406015e-11,1.7857454777979193e-05,1.7853047914828145e-05,4.4068631510483418e-09,3.7026275531576599e-12,0
8015,3.5574421641610308e-10,-1.7700594868779885e-04,-1.7700060779769951e-04,-5.3408900993489900e-09,2.6410189731859996e-12,0
8016,3.8081274581252652e-10,1.1641217212460427e-06,1.1676928082131652e-06,-3.5710869671225193e-09,3.0866574520287285e-12,0
8017,-4.2869072997370539e-11,-1.5492499791137058e-05,-1.5487560002395949e-05,-4.9397887411094276e-09,1.0245629252391486e-11,0
8018,-7.9698861644357530e-11,9.6608232462077996e-05,9.6612129901531253e-05,-3.8974394532564384e-09,1.5827624043427418e-12,0
8019,3.8535266013196636e-10,-3.5950088735533549e-05,-3.5946006204083320e-05,-4.0825314502292891e-09,1.8640460617883505e-12,0
8020,-4.7217452645117160e-11,2.0426691215189399e-05,2.0427276056539498e-05,-5.8484135009905305e-10,3.7658069137394069e-12,0
8021,4.2236820210925535e-10,-1.9486339023166077e-04,-1.9484984996571441e-04,-1.3540265946361757e-08,1.0111233604138460e-11,0
8022,4.4743673146500203e-10,-1.6693354547523201e-05,-1.6669568538896476e-05,-2.3786008626725343e-08,1.2844584651931969e-11,0
8023,2.3754912847551351e-11,-3.3349838197649535e-05,-3.3335861076886258e-05,-1.3977120763276852e-08,3.0036071256298443e-11,0
8024,-1.3074875797806479e-11,7.8750762823213277e-05,7.8762796822159310e-05,-1.2033998946032391e-08,5.5293078541500689e-12,0
8025,4.5197664577625097e-10,-5.3807544761166198e-05,-5.3795377065374085e-05,-1.2167695792113752e-08,6.0368096313113374e-12,0
8026,1.9406533231349411e-11,2.5692425649345100e-06,2.5759300031889238e-06,-6.6874382544137965e-09,4.2636532976411416e-12,0
8027,2.5068529392735229e-11,1.7817006139112879e-04,1.7817515981944252e-04,-5.0984283137282729e-09,4.6893937652025895e-12,0
8028,-4.3544307803712715e-10,2.7361416890639770e-04,2.7360911630715246e-04,5.0525992452421509e-09,4.2615509245229675e-12,0
8029,2.9608443707972669e-11,1.4105584931908008e-04,1.4105885585131349e-04,-3.0065322334060611e-09,2.9375633913397249e-12,0
8030,-4.0296166903258830e-10,1.9743263771053129e-04,1.9742578689680993e-04,6.8508137213553564e-09,9.1593626352470328e-12,0
8031,-4.6051160764532930e-10,9.5444109296496417e-05,9.5437730785198822e-05,6.3785112975950006e-09,5.2605549596274124e-12,0
8032,4.5399143321906353e-12,-3.7114214121011704e-05,-3.7114723293430416e-05,5.0917241871216564e-10,2.7217193376248262e-12,0
8033,-4.2803019867631377e-10,1.9262578064220548e-05,1.9239495620252612e-05,2.3082443967935664e-08,1.0698366954599079e-11,0
8034,3.9861328962663668e-10,-1.6151356488464021e-04,-1.6151433838316228e-04,7.7349852206903130e-10,3.0826633398904600e-11,0
8035,4.2368181908012084e-10,1.6656574520795397e-05,1.6663496027010671e-05,-6.9215062152740278e-09,4.5467609568072362e-11,0
8036,-3.6829788653079816e-11,1.1210072680832204e-04,1.1210067291068815e-04,5.3897633887434529e-11,1.8082012047522985e-11,0
8037,4.2822173341367177e-10,-2.0457610075088250e-05,-2.0460697722770094e-05,3.0876476818435207e-09,2.1133499538317313e-11,0
8038,-4.3483796989354766e-12,3.5919095531693375e-05,3.5914882313454478e-05,4.2132182388973671e-09,3.0416259605362492e-11,0
8039,4.6505152219522460e-10,-1.3255831809428731e-04,-1.3255906011407201e-04,7.4201978470054414e-10,2.8594711334828676e-12,0
8040,3.2481408936394793e-11,-7.6181531089308634e-05,-7.6184667000356356e-05,3.1359110477222106e-09,5.6341258555728551e-12,0
8041,-4.3257011308539719e-10,5.6376793051430424e-05,5.6362771275801370e-05,1.4021775629053355e-08,5.2390399058778414e-12,0
8042,4.7603963530076935e-10,-8.0513360726265637e-06,-8.0625256112136041e-06,1.1189538587040368e-08,2.6932811785971019e-11,0
8043,-1.2055568276581875e-10,-3.7132658032837471e-05,-3.7116284252347031e-05,-1.6373780490440263e-08,1.5745397487845227e-11,0
8044,1.0503989515036278e-12,-1.7347121285775363e-06,-1.7351991294028176e-06,4.8700082528124340e-10,9.4254330951173244e-12,0
8045,-1.6353813965496699e-11,-1.7222541203833165e-05,-1.7223014376267132e-05,4.7317243396708232e-10,1.0928493555262469e-10,0
8046,-1.2880768758014171e-11,9.4880726096055500e-05,9.4878755442906807e-05,1.9706531486935602e-09,1.8467453608381452e-11,0
8047,-1.7404212915723658e-11,-1.5488064360766633e-05,-1.5487242788738142e-05,-8.2157202849076206e-10,4.9511063233439137e-11,0
8048,-1.3931167708671944e-11,9.6615425707754945e-05,9.6613088277711480e-05,2.3374300434650733e-09,9.4799960055455708e-12,0
8049,3.4730452197185201e-12,1.1210344326859306e-04,1.1210132380550451e-04,2.1194630885551036e-09,1.0766281053901818e-10,0
8050,-2.9636694449414873e-10,-5.8603007520394851e-06,-5.8789632204469885e-06,1.8662468407503464e-08,3.4929658029364542e-11,0
8051,-2.9446106647598725e-10,-7.5921117988859629e-06,-7.6288075027745600e-06,3.6695703888597047e-08,2.1265091405332431e-11,0
8052,2.2259499645364942e-11,-1.8461900215078093e-04,-1.8461629298951017e-04,-2.7091612707537405e-09,3.6649428785235037e-11,0
8053,2.1171919610701251e-11,-6.4496288478118821e-06,-6.4453010362012049e-06,-4.3278116106771781e-09,2.5692454395151005e-11,0
8054,-4.0850647900982314e-10,8.9005055343076116e-05,8.8997420473694235e-05,7.6348693818804663e-09,2.6897861304985978e-11,0
8055,1.9058780233177364e-12,-1.7317827427400234e-06,-1.7351467014972105e-06,3.3639587571870601e-09,1.2437578087078184e-11,0
8056,3.1862644347498640e-10,-1.7875873889605133e-04,-1.7873145806994608e-04,-2.7280826105254268e-08,3.0962995563352137e-11,0
8057,3.1753886330883206e-10,-5.8935735399931466e-07,-5.5984087437058704e-07,-2.9516479628727624e-08,2.1626823461776028e-11,0
8058,-1.1213953449408709e-10,9.4865404353217109e-05,9.4877776569956052e-05,-1.2372216738943168e-08,2.3285820584081286e-11,0
8059,3.1672056543691985e-10,-1.7702692873536058e-04,-1.7700004747812334e-04,-2.6881257237244393e-08,1.4858858678793782e-11,0
8060,3.1563298526814268e-10,1.1424107344004675e-06,1.1667426701918438e-06,-2.4331935791376356e-08,1.2860747183587584e-11,0
8061,-1.1404541251786964e-10,9.6597185537216149e-05,9.6612053132606485e-05,-1.4867595390336431e-08,1.1139963185569832e-11,0
8062,-1.0875800368778315e-12,1.7816932167506391e-04,1.7817368470266409e-04,-4.3630276001772016e-09,2.3457793569060636e-11,0
8063,-4.3076597864471842e-10,2.7362413743225013e-04,2.7360844244442403e-04,1.5694987826097087e-08,2.3312170032240221e-11,0
8064,-4.2967839905774529e-10,9.5454743173716168e-05,9.5438537732370787e-05,1.6205441345380745e-08,2.0049109815500448e-11,0
8065,4.0368637374076632e-10,1.4106042456717475e-04,1.4106151418875938e-04,-1.0896215846376185e-09,4.2427735718627896e-12,0
8066,2.1027748552799578e-10,-1.6158630395738879e-04,-1.6151493957235159e-04,-7.1364385037205654e-08,4.3494614488249590e-11,0
8067,6.1396385760684112e-10,-2.0525836951557075e-05,-2.0458676922635383e-05,-6.7160028921691513e-08,3.5648560139066726e-11,0
8068,7.7552111413932065e-11,-1.5681439496181664e-05,-1.5690252374903897e-05,8.8128787222338078e-09,2.2783945601268534e-11,0
8069,-5.7888911424627000e-11,2.1691994598698437e-06,2.1717387916108646e-06,-2.5393317410208745e-09,5.2273605235899824e-11,0
8070,6.9223410579246832e-11,8.0936567030760655e-05,8.0926134225544082e-05,1.0432805216573863e-08,3.3070433764414580e-11,0
8071,-1.2856982561342455e-11,4.7444344003900020e-06,4.7465403091250617e-06,-2.1059087350596282e-09,4.2056022795157878e-11,0
8072,-1.3544102281195517e-10,1.7850705857914463e-05,1.7852394848326145e-05,-1.6889904116821524e-09,6.5103006427312596e-12,0
8073,-8.3287008750688958e-12,9.6617956314888945e-05,9.6613646801054913e-05,4.3095138340320475e-09,2.2385396754054672e-12,0
8074,-9.0409093968671357e-11,2.0425885289510233e-05,2.0426979138780340e-05,-1.0938492701068471e-09,6.0523226539702692e-12,0
8075,1.2711232205148801e-10,7.8767253839233040e-05,7.8765082771275709e-05,2.1710679573301150e-09,1.1887242653960441e-11,0
8076,4.5031928876897218e-11,2.5752066136054512e-06,2.5762872374746921e-06,-1.0806238692408711e-09,1.1312646341984076e-11,0
8077,-8.2080393099055166e-11,-7.6192088913865086e-05,-7.6186488858886889e-05,-5.6000549781968275e-09,1.1602887495170110e-11,0
8078,1.2185092314780628e-09,-1.8458189347095831e-04,-1.8460045227697890e-04,1.8558806020593050e-08,1.6430260712032871e-11,0
8079,9.3989682263977273e-10,-6.4402639448927698e-06,-6.4341170380678110e-06,-6.1469068249587775e-09,1.6695640593597472e-11,0
8080,8.2165958908698055e-10,-4.3556559638790321e-05,-4.3550289499720869e-05,-6.2701390694520865e-09,8.8423686666567155e-12,0
8081,-2.7861240812437056e-10,1.7814164314102713e-04,1.7816904455555244e-04,-2.7401414525308858e-08,1.0179187061786102e-11,0
8082,-3.9684964124873747e-10,1.4102533070301480e-04,1.4105110696224551e-04,-2.5776259230709956e-08,6.3910242507852262e-12,0
8083,-1.1823723334867821e-10,-3.7116301925573317e-05,-3.7116296158257405e-05,-5.7673159122224350e-12,5.2077238192184746e-12,0
8084,1.6026568430110217e-10,-1.3935290657853330e-05,-1.3953254610466852e-05,1.7963952613521395e-08,2.9834432192128357e-11,0
8085,1.5824727856062597e-10,-1.5674416492804030e-05,-1.5689311138252127e-05,1.4894645448096958e-08,1.2975164464580414e-11,0
8086,-1.1228047462554023e-11,2.1715508951838849e-06,2.1723241876562135e-06,-7.7329247232860355e-10,1.9793570339087812e-11,0
8087,1.8412254675097010e-10,-3.1151518866208774e-05,-3.1169572698155662e-05,1.8053831946887762e-08,5.8198518435846105e-11,0
8088,1.7000818513602450e-10,8.0950843068625100e-05,8.0927443069605493e-05,2.3399999019607285e-08,2.5617687602052814e-11,0
8089,3.7932347111635646e-11,4.7471977736874421e-06,4.7471710153920666e-06,2.6758295375502747e-11,1.8562243767346536e-11,0
8090,-2.0184057404914644e-12,-1.7391438785108084e-06,-1.7351142714922237e-06,-4.0296070185847706e-09,7.2813539766460669e-12,0
8091,-1.7149373178301507e-10,1.6106873553786705e-05,1.6115458619230911e-05,-8.5850654442058271e-09,2.8382965141733500e-11,0
8092,2.3856862377484260e-11,-1.7216098423364530e-05,-1.7222393683003669e-05,6.2952596391389849e-09,7.5597498620811321e-11,0
8093,9.7425007186824163e-12,9.4886207345096360e-05,9.4879776943841752e-05,6.4304012546072091e-09,1.5281741202352238e-11,0
8094,-1.2233333724605352e-10,1.8682511128972380e-05,1.8692542437787999e-05,-1.0031308815618584e-08,2.6506916755605492e-11,0
8095,-1.6947532604157738e-10,1.7845988080404662e-05,1.7852010092490372e-05,-6.0220120857098244e-09,1.2405825080286554e-11,0
8096,2.5875268117346440e-11,-1.5477138514297974e-05,-1.5486700060283469e-05,9.5615459854953391e-09,3.2562546026141988e-11,0
8097,1.1760906458809360e-11,9.6625347982149746e-05,9.6614013621519081e-05,1.1334360630664651e-08,6.7725333637360610e-12,0
8098,-1.2031493150216137e-10,2.0421671487068707e-05,2.0426652726174909e-05,-4.9812391062020267e-09,1.2969579773177967e-11,0
8099,1.9535059420506169e-10,-3.3323067709619195e-05,-3.3333874429791590e-05,1.0806720172395546e-08,6.5854253409432745e-11,0
8100,1.8123623258324203e-10,7.8779363681207720e-05,7.8765855950532209e-05,1.3507730675511149e-08,2.2006518350885537e-11,0
8101,4.9160394569639069e-11,2.5756932974635958e-06,2.5763457828975793e-06,-6.5248543398342907e-10,1.9573557924122431e-11,0
8102,-1.4114361665355131e-11,1.1210245067756655e-04,1.1210174778310531e-04,7.0289446123608396e-10,7.0370120410932061e-11,0
8103,-1.4619019961872428e-10,3.5898750189642531e-05,3.5913496936717063e-05,-1.4746747074532442e-08,7.0783786842256588e-11,0
8104,-1.3207583795632754e-10,-7.6203669699306809e-05,-7.6187183589715608e-05,-1.6486109591200282e-08,2.3515020439046661e-11,0
8105,-1.8469604979368410e-12,-1.7388452728111663e-06,-1.7350931901158148e-06,-3.7520826953514743e-09,3.1257090383711798e-12,0
8106,-8.5505425000738536e-12,9.4880521145720368e-05,9.4879664345166591e-05,8.5680055377770816e-10,6.0955323110543485e-12,0
8107,-6.7035819997325322e-12,9.6619362007844970e-05,9.6613878198981029e-05,5.4838088639404823e-09,3.6629667494107576e-12,0
8108,-1.7590173781458645e-10,-1.8463244446429751e-04,-1.8461719300390492e-04,-1.5251460392594037e-08,1.8729846264962152e-11,0
8109,-1.3620730473886138e-10,-6.4625931843302620e-06,-6.4475774021718773e-06,-1.5015782158384716e-08,1.5078273357886661e-11,0
8110,-1.2090288406445521e-10,-4.3575735676801286e-05,-4.3562114693240434e-05,-1.3620983560852441e-08,8.9568362668806688e-12,0
8111,3.9694433313873458e-11,1.7816982144130012e-04,1.7817233401499027e-04,-2.5125736901482083e-09,1.4703848172901595e-11,0
8112,5.4998854066964266e-11,1.4105669006726426e-04,1.4105602144425189e-04,6.6862301237096897e-10,9.1579415228995272e-12,0
8113,1.5304420771603950e-11,-3.7113146824778351e-05,-3.7114654116209173e-05,1.5072914308223296e-09,6.3281107174427040e-12,0
8114,5.2076777043047046e-13,-1.7341541099820531e-06,-1.7350210309887453e-06,8.6692100669223035e-10,5.1162712116412563e-12,0
8115,2.5202906655800494e-11,1.6129106371500293e-05,1.6118056103646625e-05,1.1050267853668496e-08,1.4051433757077921e-11,0
8116,3.3413455931335278e-10,-1.7873484440311975e-04,-1.7872898130223837e-04,-5.8631008813714476e-09,1.2225497192612821e-11,0
8117,3.9998617976633768e-10,-5.6370155870509239e-07,-5.5885999560431110e-07,-4.8415631007812913e-09,1.3164633919527955e-11,0
8118,-2.3604895675348228e-11,-1.7222242430950645e-05,-1.7222920978322684e-05,6.7854737203809938e-10,3.3603107117671621e-11,0
8119,-4.2749893056100007e-11,9.4880410947948725e-05,9.4879498195976712e-05,9.1275197201313475e-10,1.0031457440889515e-11,0
8120,4.2241917639094051e-10,-3.7676466526075092e-05,-3.7686118256075523e-05,9.6517300004312582e-09,7.4390888590491601e-12,0
8121,9.0099119973953957e-11,1.8710011065290952e-05,1.8695340319381284e-05,1.4670745909667766e-08,1.5470842657758230e-11,0
8122,2.4682138886516926e-11,1.7863265099003420e-05,1.7854514601006751e-05,8.7504979966690716e-09,1.0351077350200367e-11,0
8123,3.3361379153634093e-10,-1.7700068740617958e-04,-1.7699772924149347e-04,-2.9581646861069361e-09,7.0257993356082131e-12,0
8124,3.9946541198839908e-10,1.1704697841568787e-06,1.1674959520910660e-06,2.9738320658127230e-09,8.4962581527727334e-12,0
8125,-2.4125663443752868e-11,-1.5488147012012940e-05,-1.5487317133116770e-05,-8.2987889616956243e-10,2.3574114161255108e-11,0
8126,-4.3270660827127514e-11,9.6614568352139732e-05,9.6613635956596512e-05,9.3239554322017710e-10,4.4090765234357151e-12,0
8127,4.2189840861122673e-10,-3.5942306547618198e-05,-3.5946101463985574e-05,3.7949163673764550e-09,5.2470544013496337e-12,0
8128,8.9578352201248617e-11,2.0444149907769896e-05,2.0429370886711937e-05,1.4779021057958520e-08,1.0654388582268369e-11,0
8129,3.0893165216591329e-10,-1.9486395852861323e-04,-1.9484862123722972e-04,-1.5337291383508934e-08,3.1620941264670515e-11,0
8130,3.7478327245552940e-10,-1.6692758142026164e-05,-1.6671233881592634e-05,-2.1524260433529295e-08,4.4744251351623367e-11,0
8131,-4.8807802447902102e-11,-3.3351388176941152e-05,-3.3336959863247263e-05,-1.4428313693889310e-08,6.3422478956952166e-11,0
8132,-6.7952799846385422e-11,7.8751299976346015e-05,7.8763029732290568e-05,-1.1729755944553410e-08,1.7803677591905743e-11,0
8133,3.9721626902663267e-10,-5.3805564677642838e-05,-5.3797043746886715e-05,-8.5209307561229242e-09,2.5080657733578722e-11,0
8134,6.4896213192169897e-11,2.5809066237576957e-06,2.5765599586282709e-06,4.3466651294248161e-09,2.1571859980659923e-11,0
8135,6.5851620412464981e-11,1.7817114786751790e-04,1.7817219111295203e-04,-1.0432454341320532e-09,8.9405838859776097e-12,0
8136,-3.7688445228240521e-10,2.7361523001679430e-04,2.7360763277225271e-04,7.5972445415847106e-09,1.1941290350634770e-11,0
8137,8.8284617020788200e-11,1.4105838132299998e-04,1.4105594486634815e-04,2.4364566518302565e-09,5.8538082068773556e-12,0
8138,-2.4403543925288248e-10,1.9744481599818717e-04,1.9742527755893689e-04,1.9538439250272590e-08,2.8416423091872570e-11,0
8139,-4.4273607264599954e-10,9.5444076000150702e-05,9.5439233146255508e-05,4.8428538951933962e-09,1.4377234196152348e-11,0
8140,2.2432996603355359e-11,-3.7112782428154771e-05,-3.7114575705779968e-05,1.7932776251973416e-09,4.9495820127601220e-12,0
8141,-3.0988705961349090e-10,1.9273705004116924e-05,1.9241583299002592e-05,3.2121705114332021e-08,3.6390288599248805e-11,0
8142,3.5773945508039880e-10,-1.6151255724545892e-04,-1.6151165912754517e-04,-8.9811791375215763e-10,6.0188695544694831e-11,0
8143,4.2359107557136763e-10,1.6658574949215965e-05,1.6663320303913234e-05,-4.7453546972691784e-09,5.4426626537793560e-11,0
8144,-1.9144997376734470e-11,1.1210269705127455e-04,1.1210200797077838e-04,6.8908049616822273e-10,4.7449537784870873e-11,0
8145,4.4602407220721024e-10,-2.0454103498932126e-05,-2.0460996222661894e-05,6.8927237297678617e-09,3.0087488597500080e-11,0
8146,1.1370401565133247e-10,3.5932193556848305e-05,3.5916871983541166e-05,1.5321573307139119e-08,7.2722916673393221e-11,0
8147,4.6516906960966505e-10,-1.3255685493243890e-04,-1.3256059700774285e-04,3.7420753039492122e-09,8.7240418712454768e-12,0
8148,1.3284901302555534e-10,-7.6170413429034467e-05,-7.6184091643698084e-05,1.3678214663616784e-08,1.8321983813096931e-11,0
8149,-3.3232005617732858e-10,5.6386446942122484e-05,5.6364753748071931e-05,2.1693194050553279e-08,2.0771806516254638e-11,0
8150,-1.5741514934055734e-10,-5.8549732308964958e-06,-5.8772400105932605e-06,2.2266779696764712e-08,1.2278496351076677e-11,0
8151,-1.5840752071092990e-10,-7.5910080986783465e-06,-7.6276004557581208e-06,3.6592357079774316e-08,1.0646351772492526e-11,0
8152,-3.9005607515404557e-10,1.0227476836687996e-05,1.0217461440591958e-05,1.0015396096037715e-08,1.6412473811569712e-11,0
8153,-1.6695963855143072e-10,-2.3087269183523322e-05,-2.3104277591650022e-05,1.7008408126700049e-08,3.8461455312716673e-11,0
8154,-2.0271406874534972e-10,8.9006123081354117e-05,8.9000579840775920e-05,5.5432405781969014e-09,1.1557070894655655e-11,0
8155,-3.9673779467080772e-10,1.2800455276943193e-05,1.2793890293584556e-05,6.5649833586369237e-09,1.4658804230792466e-11,0
8156,3.5907651152300833e-10,-8.0566595844575734e-06,-8.0637574692980450e-06,7.0978848404716757e-09,1.3359765202550488e-11,0
8157,2.0166136197464459e-10,-1.3911568553402406e-05,-1.3953077426314722e-05,4.1508872912315831e-08,1.7736317067565807e-11,0
8158,2.0066899059931760e-10,-1.5647628363004568e-05,-1.5689025012512347e-05,4.1396649507779477e-08,1.4811359166469243e-11,0
8159,-3.0979563954055946e-11,2.1708427887672833e-06,2.1721063865356162e-06,-1.2635977683328641e-09,2.0958040125388141e-11,0
8160,1.9211687283867866e-10,-3.1143927202855262e-05,-3.1169742861376524e-05,2.5815658521262039e-08,5.8468439107412443e-11,0
8161,1.5636244267015375e-10,8.0949493359093461e-05,8.0927511624340082e-05,2.1981734753379035e-08,1.8308114438771726e-11,0
8162,-3.7661283413015874e-11,4.7437880866070190e-06,4.7462369398657098e-06,-2.4488532586908969e-09,2.1173901860705867e-11,0
8163,-9.9237136782280619e-13,-1.7360626142210573e-06,-1.7350054032358205e-06,-1.0572109852368297e-09,8.2593765255044238e-12,0
8164,-2.3264092575755829e-10,1.6082443860546136e-05,1.6114946539695153e-05,-3.2502679149017008e-08,1.6997400965137534e-11,0
8165,-9.5444892475302780e-12,-1.7232249490389991e-05,-1.7222712465731166e-05,-9.5370246588248955e-09,3.7901991278926322e-11,0
8166,-4.5298919453366970e-11,9.4861108026278364e-05,9.4879673905692017e-05,-1.8565879413652477e-08,1.1215973138479579e-11,0
8167,-2.3932264529851516e-10,1.8655413941755239e-05,1.8691346005905735e-05,-3.5932064150495945e-08,1.7382266154648229e-11,0
8168,-2.3164855438776038e-10,1.7818479657989716e-05,1.7851389556676826e-05,-3.2909898687109152e-08,1.2777011245304610e-11,0
8169,-8.5521178789070561e-12,-1.5496348395807038e-05,-1.5487122319524741e-05,-9.2260762822974371e-09,2.5598629779176660e-11,0
8170,-4.4306548082209033e-11,9.6597150699949830e-05,9.6613792876933913e-05,-1.6642176984082535e-08,6.6031241397221240e-12,0
8171,-2.3833027393152168e-10,2.0391479245526756e-05,2.0425368475302227e-05,-3.3889229775470949e-08,1.2279493713340251e-11,0
8172,2.2309643678486825e-10,-3.3314855844030627e-05,-3.3333619872315038e-05,1.8764028284410891e-08,6.6485498581996996e-11,0
8173,1.8734200661645545e-10,7.8778648876294544e-05,7.8766342861884891e-05,1.2306014409652955e-08,1.8448844030307898e-11,0
8174,-6.6817194590451081e-12,2.5729691360974923e-06,2.5756828832387168e-06,-2.7137471412245219e-09,1.8886018269098663e-11,0
8175,-3.5754430201809190e-11,1.1209347254335662e-04,1.1210198165106209e-04,-8.5091077054735235e-09,3.4696088156445035e-11,0
8176,-2.2977815606915209e-10,3.5887753328099625e-05,3.5912696933120946e-05,-2.4943605021320731e-08,6.9900880809135813e-11,0
8177,-1.9402372590449666e-10,-7.6205679553627975e-05,-7.6188253136147700e-05,-1.7426417480274924e-08,1.6396133579863423e-11,0
8178,1.1417475414814931e-10,1.7817322214794262e-04,1.7817220548449746e-04,1.0166634451620402e-09,1.6655503857758994e-11,0
8179,1.5576183313802489e-10,1.4106206508200745e-04,1.4105616913850851e-04,5.8959434989401191e-09,1.0083442181773549e-11,0
8180,4.1587078965693972e-11,-3.7111168710879730e-05,-3.7114350676741549e-05,3.1819658618186886e-09,1.0942286838566561e-11,0
8181,1.2099412112891339e-12,-1.7327094465045031e-06,-1.7349474112048020e-06,2.2379647002989135e-09,1.0206888943205352e-12,0
8182,-6.7037145728049461e-11,1.6130131965794679e-05,1.6117078849614882e-05,1.3053116179797674e-08,6.7642417513011903e-12,0
8183,3.1943625905999947e-10,-1.7873832909655741e-04,-1.7872812292673302e-04,-1.0206169824398701e-08,5.1609361489111700e-12,0
8184,3.2506243517272266e-10,-5.7322911857851655e-07,-5.5980810841323296e-07,-1.3421010165283585e-08,6.9495612307177071e-12,0
8185,-5.0977410904043475e-11,-1.7227047720636338e-05,-1.7223195839157849e-05,-3.8518814784884012e-09,1.0135048422719289e-11,0
8186,-9.1483619177955351e-11,9.4874760752892105e-05,9.4879286086573415e-05,-4.5253336813092697e-09,3.6007346046626111e-12,0
8187,3.2312458362086153e-10,-3.7687523012911416e-05,-3.7687492344194656e-05,-3.0668716759143112e-11,3.1875816593990964e-12,0
8188,-6.3597871127452943e-11,1.8694448673852392e-05,1.8693606439418877e-05,8.4223443351543652e-10,6.6748919425311507e-12,0
8189,-6.8247086935390941e-11,1.7862831943513645e-05,1.7853464006030274e-05,9.3679374833706983e-09,3.0958325464860758e-12,0
8190,3.1822631784066982e-10,-1.7700561046600093e-04,-1.7699695945508757e-04,-8.6510109133534820e-09,2.3386838174278862e-12,0
8191,3.2385249394886796e-10,1.1594703223961889e-06,1.1664277879284382e-06,-6.9574655322493188e-09,3.2102037203678305e-12,0
8192,-5.2187352116240343e-11,-1.5494420095730349e-05,-1.5487661964446714e-05,-6.7581312836352677e-09,5.3685810877371063e-12,0
8193,-9.2693560387935886e-11,9.6607465676653778e-05,9.6613344245471028e-05,-5.8785688172499889e-09,1.6853393190108389e-12,0
8194,3.2191464239740549e-10,-3.5954816941698685e-05,-3.5947508515844186e-05,-7.3084258544989949e-09,1.4796639310104848e-12,0
8195,-6.4807812336717682e-11,2.0427160826354783e-05,2.0427577633724967e-05,-4.1680737018358447e-10,2.9965500165661309e-12,0
8196,3.8647340454379736e-10,-1.9486842890985116e-04,-1.9484685665285486e-04,-2.1572256996298025e-08,9.4124965483124172e-12,0
8197,3.9209958061426299e-10,-1.6703352555498541e-05,-1.6671251999292019e-05,-3.2100556206521861e-08,1.3012241179177098e-11,0
8198,1.6059734756040339e-11,-3.3357167049126620e-05,-3.3336216007038727e-05,-2.0951042087892751e-08,3.9263633207987494e-11,0
8199,-2.4446473514505950e-11,7.8744631365128097e-05,7.8763847581590516e-05,-1.9216216462419129e-08,6.5074528244752954e-12,0
8200,3.9016172905168471e-10,-5.3817648325545434e-05,-5.3797432113093022e-05,-2.0216212452411496e-08,6.1199186583902429e-12,0
8201,3.4392745744610421e-12,2.5643291146886654e-06,2.5758178525053118e-06,-1.1488737816646411e-08,9.7762791601565452e-12,0
8202,5.6261761314476422e-12,1.7816507275516180e-04,1.7817038567203124e-04,-5.3129168694425032e-09,4.4139439641432516e-12,0
8203,-4.1091987833494601e-10,2.7361307119251567e-04,2.7360653744650133e-04,6.5337460143318794e-09,4.2394698745226520e-12,0
8204,3.6883245872811744e-12,1.4105078409028943e-04,1.4105378717060144e-04,-3.0030803120130196e-09,2.5176496904212583e-12,0
8205,-3.8303413030422515e-10,1.9743276909934540e-04,1.9742279811630012e-04,9.9709830452758118e-09,7.7219182429856337e-12,0
8206,-4.1654605473698627e-10,9.5447992188354828e-05,9.5439948498466732e-05,8.0436898880964156e-09,5.3550431550837878e-12,0
8207,-1.9378515331891857e-12,-3.7114285093751216e-05,-3.7114900581447555e-05,6.1548769633858842e-10,2.7713174236814697e-12,0
8208,-3.8866030675046508e-10,1.9267702279958908e-05,1.9240796055994705e-05,2.6906223964202940e-08,1.0368424248783072e-11,0
8209,3.7041367018975061e-10,-1.6151120235396543e-04,-1.6151053123590622e-04,-6.7111805921045951e-10,2.9880857838260311e-11,0
8210,3.7603984634864365e-10,1.6653833626858235e-05,1.6662677403623718e-05,-8.8437767654825253e-09,4.5932041326927672e-11,0
8211,-4.0506208281031006e-11,1.1210183825619002e-04,1.1210208298864340e-04,-2.4473245337826993e-10,1.9730146342233309e-11,0
8212,3.7410199481151782e-10,-2.0460408769958343e-05,-2.0462046369488844e-05,1.6375995305007904e-09,1.9432224526800754e-11,0
8213,-1.2620460273892777e-11,3.5921455500458922e-05,3.5915465517200116e-05,5.9899832588060538e-09,3.7282143734304750e-11,0
8214,4.1460820321407414e-10,-1.3256228448411272e-04,-1.3256169272148939e-04,-5.9176262333241261e-10,3.1803836094512949e-12,0
8215,2.7885747983333633e-11,-7.6180300567263264e-05,-7.6185597273706503e-05,5.2967064432390965e-09,6.3988761093309520e-12,0
8216,-3.8672245531222016e-10,5.6381982244974038e-05,5.6364304292833773e-05,1.7677952140264758e-08,5.2318274575192520e-12,0
8219,3.3674356842539780e-10,-4.3525976816420273e-05,-4.3556828170867714e-05,3.0851354447441266e-08,2.9603754833318799e-11,0
8222,-8.2505152185575606e-11,2.1629332825198397e-06,2.1714822349347754e-06,-8.5489524149357293e-09,3.1867360415480417e-11,0
8225,-1.3975587745089058e-10,4.7262186373304982e-06,4.7449726724545512e-06,-1.8754035124053009e-08,2.0380209710036444e-11,0
8226,1.4654609815914553e-10,7.8782439529672538e-05,7.8766061749313641e-05,1.6377780358897004e-08,4.3814580960333319e-11,0
8228,-5.7250725259482908e-11,2.5633376205804956e-06,2.5750719499628261e-06,-1.1734329382330496e-08,1.8071614645517504e-11,0
8232,3.5730828099731075e-10,1.7816764545793050e-04,1.7817430519606836e-04,-6.6597381378585667e-09,1.3791484496623160e-11,0
8233,7.5320377682337354e-11,1.7816750371793186e-04,1.7817039805375330e-04,-2.8943358214414319e-09,1.9163619885046323e-11,0
8234,1.4635752219251174e-12,-1.7344048946040717e-06,-1.7348864230942283e-06,4.8152849015652510e-10,7.6011236236177084e-12,0
8235,-2.7240297174689393e-11,-1.7222511826548489e-05,-1.7222844041930453e-05,3.3221538196388767e-10,9.0230484936834611e-11,0
8236,-2.8992312439151866e-11,9.4882571526809078e-05,9.4880409749124482e-05,2.1617776845960640e-09,1.5268137417905853e-11,0
8237,-2.8703872395839147e-11,-1.5488267316843924e-05,-1.5487367911517247e-05,-8.9940532667744707e-10,4.2157432246945276e-11,0
8238,-3.0455887662492230e-11,9.6616989344009601e-05,9.6614401602633005e-05,2.5877413765951728e-09,7.1588318860701109e-12,0
8239,-1.7520152526988938e-12,1.1210490008740123e-04,1.1210286575746355e-04,2.0343299376735782e-09,9.5064187876626445e-11,0
8240,-4.2045962350710650e-10,1.2775984099492460e-05,1.2793448884156202e-05,-1.7464784663742206e-08,1.8375275734868844e-11,0
8241,3.9398304184883905e-10,-8.0316279241834931e-06,-8.0632405459090215e-06,3.1612621725528382e-08,2.3156446805571392e-11,0
8242,-2.6476581987545949e-11,4.7443641993281330e-06,4.7463788588031119e-06,-2.0146594749788759e-09,2.0732996800076741e-11,0
8243,-7.2199252262127128e-13,-1.7369451737490021e-06,-1.7348842152356890e-06,-2.0609585133131769e-09,7.4108689601532164e-12,0
8244,3.5272877993171110e-10,-1.7873546092969997e-04,-1.7872631625769639e-04,-9.1446720035769091e-09,2.7268972186027858e-11,0
8245,5.3101924477457626e-10,-5.6331852359907224e-07,-5.5727931198732761e-07,-6.0392116117446279e-09,2.4845006404424983e-11,0
8246,2.7379197378387963e-11,-1.7220124004821251e-05,-1.7222137579836096e-05,2.0135750148450474e-09,3.8947336891716907e-11,0
8247,4.8976316454441294e-11,9.4886409930802166e-05,9.4881553371026155e-05,4.8565597760111571e-09,1.2537431108769962e-11,0
8248,3.5345077245164404e-10,-1.7699847228946821e-04,-1.7699523603101317e-04,-3.2362584550399160e-09,2.2155109710435108e-11,0
8249,5.3174123729403342e-10,1.1736201860656267e-06,1.1688312007574599e-06,4.7889853081667883e-09,2.4531033665927568e-11,0
8250,2.8101189895358722e-11,-1.5483202479294128e-05,-1.5486662013457539e-05,3.4595341634104527e-09,3.4548352530267729e-11,0
8251,4.9698308974356335e-11,9.6623335008762593e-05,9.6615540322109343e-05,7.7946866532493291e-09,7.9953364787609432e-12,0
8252,1.7829046490870306e-10,1.7817204104398580e-04,1.7817110920223539e-04,9.3184175040941439e-10,1.0428618047865242e-11,0
8253,-3.0375246349434737e-10,2.7362173163013662e-04,2.7360696479160356e-04,1.4766838533051847e-08,2.7998091007228508e-11,0
8254,-4.8204292827295105e-10,9.5449674934580718e-05,9.5439659327551220e-05,1.0015607029498219e-08,3.2926217678294497e-11,0
8255,3.2534958253922849e-10,-1.6151528743205915e-04,-1.6150978998456564e-04,-5.4974474935135225e-09,1.0046486427398816e-10,0
8256,5.0364004736300833e-10,1.6656852455286899e-05,1.6664188591926430e-05,-7.3361366395307572e-09,1.0517230999930225e-10,0
8257,2.1597119069847040e-11,1.1210650050377758e-04,1.1210330844269105e-04,3.1920610865372560e-09,6.5197406589959941e-11,0
8258,7.3457835231609494e-11,2.2052460536686747e-06,2.1734352244195719e-06,3.1810829249102710e-08,6.9502518679592689e-12,0
8259,4.6645328406551776e-10,-4.3545145425913367e-05,-4.3555452174556850e-05,1.0306748643482513e-08,1.1592366997124450e-11,0
8260,-1.8033091510995994e-10,1.2830315437892953e-05,1.2796376814627736e-05,3.3938623265216848e-08,3.2000613499638200e-11,0
8261,-6.4678419692146838e-10,5.6375518489413948e-05,5.6361394305544682e-05,1.4124183869266454e-08,3.3727022447553905e-11,0
8262,1.2257740594088031e-09,-4.3542176141853420e-05,-4.3546126793351391e-05,3.9506514979716339e-09,2.3040928544005493e-11,0
8263,-7.7647428905197900e-12,-1.5694640412817519e-05,-1.5692007408298846e-05,-2.6330045186726404e-09,5.8333595971902184e-12,0
8264,-5.2094628159924431e-11,2.1700733971595130e-06,2.1718894976285491e-06,-1.8161004690361168e-09,1.2379899994924141e-11,0
8265,-4.4329885288320370e-11,1.7864718106218400e-05,1.7853961900345237e-05,1.0756205873163301e-08,4.9703456912801003e-12,0
8266,2.4721197813317123e-10,-1.7879268485017016e-04,-1.7872679979879670e-04,-6.5885051373464195e-08,1.0590944325393926e-11,0
8267,5.1299802171682500e-10,-6.2456125442603150e-07,-5.5751782267798954e-07,-6.7043431748041956e-08,1.5186563027474902e-11,0
8268,2.3976583179705256e-11,-1.7211956942718041e-05,-1.7222128563517290e-05,1.0171620799248740e-08,3.5089846456177196e-11,0
8269,6.2954059177192977e-10,-3.7736922165460332e-05,-3.7683996555068086e-05,-5.2925610392246024e-08,7.9900287985456357e-12,0
8270,2.6578604485923938e-10,1.7816813100075585e-04,1.7817135506302545e-04,-3.2240622695992212e-09,7.6198708762949165e-12,0
8271,3.8232861535362462e-10,1.4105574840481659e-04,1.4105611924680514e-04,-3.7084198854634744e-10,4.2699793608284828e-12,0
8272,1.1654257046328454e-10,-3.7112378879453588e-05,-3.7113479520255861e-05,1.1006408022736836e-09,4.7267280358689708e-12,0
8273,2.2323539493994202e-10,-1.6158077123854322e-04,-1.6151028677922696e-04,-7.0484459316268611e-08,4.2797093159430810e-11,0
8274,4.8902143849721956e-10,1.6587469778176628e-05,1.6663965127511990e-05,-7.6495349335362360e-08,8.0606007888372121e-11,0
8275,6.0556400854848352e-10,-2.0524895965374004e-05,-2.0459513209991331e-05,-6.5382755382673030e-08,3.3100466074411240e-11,0
8276,1.2688206292623556e-09,-1.8457691091651983e-04,-1.8459577995664266e-04,1.8869040122835310e-08,2.7352012387819507e-11,0
8277,9.5483962645854469e-10,-6.4411198705677242e-06,-6.4347755366349909e-06,-6.3443339327332369e-09,2.7347134410446517e-11,0
8278,8.2568470508883709e-10,-4.3557645167087346e-05,-4.3551236993813954e-05,-6.4081732733921185e-09,9.0139213832731705e-12,0
8279,-3.1398100205495874e-10,1.7813581616992619e-04,1.7816378044520925e-04,-2.7964275283067072e-08,1.5739804697171798e-11,0
8280,-4.4313592301291166e-10,1.4101925222888799e-04,1.4104547943762449e-04,-2.6227208736501369e-08,1.0768369313384523e-11,0
8281,-1.2915492119120903e-10,-3.7116527896011858e-05,-3.7116534763039828e-05,6.8670279694798414e-12,8.2092701535558817e-12,0
8282,2.1625522784002800e-10,-1.3918209572277851e-05,-1.3953596140807339e-05,3.5386568529488017e-08,1.4179500039761273e-11,0
8283,2.1465699167137891e-10,-1.5656404896400439e-05,-1.5689350983637392e-05,3.2946087236953371e-08,7.7296963578648070e-12,0
8284,-8.4318587269503671e-12,2.1717145236555511e-06,2.1724425132407938e-06,-7.2798958524263627e-10,1.6276379608301644e-11,0
8285,2.2351169585397544e-10,-3.1133504087857422e-05,-3.1169914022982863e-05,3.6409935125440837e-08,6.2784448780356397e-11,0
8286,1.9651312278855299e-10,8.0960877815627191e-05,8.0928504449310999e-05,3.2373366316192369e-08,1.2289538015872089e-11,0
8287,5.8232713874220674e-12,4.7458185291489839e-06,4.7467832864640366e-06,-9.6475731505266165e-10,1.6020257606937124e-11,0
8288,-1.5982361627863593e-12,-1.7381338251834137e-06,-1.7348128124928482e-06,-3.3210126905654454e-09,3.2791519651983627e-12,0
8289,-2.2468708657097606e-10,1.6089965691039668e-05,1.6115557672501013e-05,-2.5591981461345646e-08,1.0840330225884543e-11,0
8290,7.2564678889610220e-12,-1.7215271635860185e-05,-1.7222305461224134e-05,7.0338253639491818e-09,2.6792258945649022e-11,0
8292,-2.1043195655810453e-10,1.8664055669730811e-05,1.8692233798013538e-05,-2.8178128282727174e-08,1.2485107719204072e-11,0
8293,-2.2308885040967363e-10,1.7828108273153578e-05,1.7851808956191062e-05,-2.3700683037483243e-08,5.8229752311576665e-12,0
8294,8.8547040544293084e-12,-1.5477231711989508e-05,-1.5486896683922386e-05,9.6649719328773822e-09,1.3146988838202666e-11,0
8295,-1.8143869075751461e-11,9.6617269237366681e-05,9.6615105067855697e-05,2.1641695109841626e-09,3.8459296117411504e-12,0
8296,-2.0883372039529787e-10,2.0402185202742992e-05,2.0426107486521576e-05,-2.3922283778583727e-08,6.8022284067494744e-12,0
8297,2.3194355455903389e-10,-3.3305291747689342e-05,-3.3333696498743284e-05,2.8404751053942015e-08,5.1664211322622101e-11,0
8298,2.0494498148292998e-10,7.8789152005962620e-05,7.8767416976470103e-05,2.1735029492517526e-08,9.2147728616440457e-12,0
8299,1.4255130097494036e-11,2.5740544536926192e-06,2.5760041920356596e-06,-1.9497383430404458e-09,1.3309054238052440e-11,0
8300,-2.6998573131690608e-11,1.1209444317561088e-04,1.1210313554333232e-04,-8.6923677214412187e-09,2.6653559762192776e-11,0
8301,-2.1768842444465621e-10,3.5879279760130806e-05,3.5913339324486918e-05,-3.4059564356112644e-08,4.8590793093386109e-11,0
8302,-1.9068985132063143e-10,-7.6215080881845629e-05,-7.6188838887205764e-05,-2.6241994639865135e-08,9.8833780091794889e-12,0
8303,3.4677333420420629e-10,1.7819380470685073e-04,1.7817158060934649e-04,2.2224097504246372e-08,2.0426459965521102e-11,0
8304,1.5544384528636799e-10,-1.3937323623949144e-05,-1.3954415889699946e-05,1.7092265750801971e-08,3.2721874754950853e-11,0
8305,1.5370292823005778e-10,-1.5675814638472715e-05,-1.5690153727892778e-05,1.4339089420062947e-08,1.5561531643763953e-11,0
8306,-2.3405740166860540e-11,2.1711338127907397e-06,2.1722621117531764e-06,-1.1282989624367701e-09,2.3380071558331129e-11,0
8307,1.7098708248159296e-10,-3.1155139981925081e-05,-3.1170617953939966e-05,1.5477972014885154e-08,6.9081900115188500e-11,0
8308,1.5202945313513738e-10,8.0948279086027683e-05,8.0927999181900541e-05,2.0279904127141752e-08,2.9195448624062383e-11,0
8309,1.5870346190115074e-11,4.7464999694936741e-06,4.7469085483099966e-06,-4.0857881632251543e-10,2.3758533517446765e-11,0
8310,-1.7409170541644607e-12,-1.7384460745752025e-06,-1.7347958221642297e-06,-3.6502524109727864e-09,7.7677109999552640e-12,0
8311,-1.7884958546912659e-10,1.6108485382365298e-05,1.6116174172244311e-05,-7.6887898790133503e-09,2.7137929676721864e-11,0
8312,1.5543237117352588e-11,-1.7217765926471045e-05,-1.7222184069698599e-05,4.4181432275543122e-09,7.3671780130768850e-11,0
8313,-3.4143922715527709e-12,9.4885630820961287e-05,9.4881512654728241e-05,4.1181662330464289e-09,1.5427882378423134e-11,0
8314,-1.3957349916002962e-10,1.8683836993972636e-05,1.8693162189785676e-05,-9.3251958130399055e-09,2.6959076175132307e-11,0
8315,-1.7710866841347996e-10,1.7846925273710262e-05,1.7852408545991848e-05,-5.4832722815855990e-09,1.3864648109582596e-11,0
8316,1.7284154172706857e-11,-1.5479404250971340e-05,-1.5486791230678148e-05,7.3869797068087755e-09,3.4202172891725996e-11,0
8317,-1.6734752158426438e-12,9.6624096621720622e-05,9.6615401925466470e-05,8.6946962541529192e-09,7.4237166187775592e-12,0
8318,-1.3783258210704904e-10,2.0422346061428620e-05,2.0427022995138941e-05,-4.6769337103211989e-09,1.3800972844263111e-11,0
8319,1.9439282264236629e-10,-3.3326134042690331e-05,-3.3334179653661010e-05,8.0456109706792496e-09,8.1864652932695099e-11,0
8320,1.7543519329103231e-10,7.8777179306606382e-05,7.8767131243327512e-05,1.0048063278869797e-08,2.3438013785770370e-11,0
8321,3.9276086352544307e-11,2.5753685536358470e-06,2.5763202699541411e-06,-9.5171631829406680e-10,2.2036659690551297e-11,0
8322,-1.8957629394291798e-11,1.1210343789034172e-04,1.1210333326053793e-04,1.0462980379018563e-10,7.1345427795850702e-11,0
8323,-1.5511673627776382e-10,3.5901564995798052e-05,3.5914161475086444e-05,-1.2596479288391987e-08,9.1491667920665268e-11,0
8324,-1.3615910688662829e-10,-7.6201802831799004e-05,-7.6188221414763758e-05,-1.3581417035245886e-08,2.4138280122139886e-11,0
8325,5.1005240583404256e-10,1.7814619634909379e-04,1.7817326219849721e-04,-2.7065849403422543e-08,3.7735080123099740e-11,0
8326,5.6394922009695357e-10,1.4102927053438524e-04,1.4105719645721005e-04,-2.7925922824813569e-08,2.5838680763370438e-11,0
8327,5.3896814912156475e-11,-3.7116905651222976e-05,-3.7114280421762299e-05,-2.6252294606772075e-09,1.7132489627459749e-11,0
8328,-1.3017595063066504e-12,-1.7373188714151671e-06,-1.7347669262234894e-06,-2.5519451916776740e-09,1.3018232806277955e-11,0
8329,-2.0745540816070378e-11,9.4882187708278300e-05,9.4881439078128255e-05,7.4863015004538510e-10,2.6712046930276545e-11,0
8330,-1.9443781311603672e-11,9.6619485906689171e-05,9.6615297297272272e-05,4.1886094168981517e-09,1.3293018734167845e-11,0
8331,2.2121370680127930e-10,1.7816803536302526e-04,1.7816929870568651e-04,-1.2633426612511985e-09,2.2308438188783571e-11,0
8332,-1.1155727964704300e-10,-5.8420220764507369e-06,-5.8766713044974566e-06,3.4649228046719705e-08,1.6505556657539976e-11,0
8333,-1.1228285373354810e-10,-7.5774603952574390e-06,-7.6277511538697108e-06,5.0290758612271737e-08,1.0846382905147523e-11,0
8334,-3.4741755308382954e-10,1.0230115714607996e-05,1.0217233724902310e-05,1.2881989705685286e-08,2.5434933834592223e-11,0
8335,-1.2815997240044269e-10,-2.3081532515296932e-05,-2.3104558854405438e-05,2.3026339108506161e-08,4.0120771305019909e-11,0
8336,-1.6732653593759157e-10,8.9010820086728171e-05,8.9001932562399167e-05,8.8875243290037834e-09,1.2200625621746106e-11,0
8337,-3.6491988278876561e-10,1.2802786407193831e-05,1.2793852711574722e-05,8.9336956191090580e-09,1.6368540740789635e-11,0
8338,3.1077808876256480e-10,-8.0593747839629096e-06,-8.0641097724173296e-06,4.7349884544200523e-09,2.1838518399912920e-11,0
8339,1.9922080892581230e-10,-1.3901383995332250e-05,-1.3954040398695134e-05,5.2656403362883180e-08,2.3245393877585862e-11,0
8340,1.9849523483797942e-10,-1.5636797648287126e-05,-1.5689717732067394e-05,5.2920083780268179e-08,1.4937706271688299e-11,0
8341,-3.6639464607347952e-11,2.1708242113513106e-06,2.1721115122180451e-06,-1.2873008667344901e-09,2.9960042957915414e-11,0
8342,1.8261811622933488e-10,-3.1140866782771240e-05,-3.1170607816781181e-05,2.9741034009941089e-08,6.3088046600462318e-11,0
8343,1.4345155270955330e-10,8.0951479113921393e-05,8.0928011210986426e-05,2.3467902934967352e-08,1.8819377424746499e-11,0
8344,-5.4141794263408204e-11,4.7433908288534166e-06,4.7460419854774108e-06,-2.6511566239941888e-09,2.3333248532008985e-11,0
8345,-7.2557408114019636e-13,-1.7354285573022956e-06,-1.7347353538602243e-06,-6.9320344207122020e-10,8.7884503869610308e-12,0
8346,-2.3586027334676238e-10,1.6072141598013484e-05,1.6115589772570652e-05,-4.3448174557168031e-08,2.5237574034902479e-11,0
8347,-1.6602692805606594e-11,-1.7239532123176525e-05,-1.7222535199280244e-05,-1.6996923896280252e-08,4.1573433012684488e-11,0
8348,-5.5769256358147177e-11,9.4852865468191775e-05,9.4881151977078764e-05,-2.8286508886989168e-08,1.2278958499849734e-11,0
8349,-2.5336260309967147e-10,1.8644783272209198e-05,1.8691877722961628e-05,-4.7094450752430302e-08,1.9606941856896891e-11,0
8350,-2.3513469926429196e-10,1.7807586665497324e-05,1.7851763883166125e-05,-4.4177217668801312e-08,1.4769867890694579e-11,0
8351,-1.5877118724180746e-11,-1.5504217622195823e-05,-1.5487200143651333e-05,-1.7017478544490658e-08,2.4596252842213937e-11,0
8352,-5.5043682275949337e-11,9.6588274139982298e-05,9.6614976378387219e-05,-2.6702238404920672e-08,7.0542740970515320e-12,0
8353,-2.5263702901535871e-10,2.0380248315070293e-05,2.0425688541860895e-05,-4.5440226790602383e-08,1.2107734175517895e-11,0
8354,2.1925758083019540e-10,-3.3311421168046029e-05,-3.3333915877746942e-05,2.2494709700912531e-08,9.1254689278407003e-11,0
8355,1.8009101731010260e-10,7.8780732171698786e-05,7.8767393742064154e-05,1.3338429634632558e-08,1.9112404298451131e-11,0
8356,-1.7502329658699672e-11,2.5726660138870004e-06,2.5756308855448748e-06,-2.9648716578743525e-09,2.2518955938414893e-11,0
8357,-3.9166563549891705e-11,1.1209236716576811e-04,1.1210333273732354e-04,-1.0965571555431822e-08,3.5169243002576508e-11,0
8358,-2.3675991031388121e-10,3.5884175894687620e-05,3.5913266802807088e-05,-2.9090908119467978e-08,8.6272565337581950e-11,0
8359,-1.9759334680088645e-10,-7.6208052250777841e-05,-7.6189133328758582e-05,-1.8918922019259591e-08,1.6435113628577953e-11,0
8360,7.3610495525539444e-11,-1.3945292657985102e-05,-1.3955686983374048e-05,1.0394325388946089e-08,1.5723606656317525e-11,0
8361,7.2700107802615502e-11,-1.5681754191326606e-05,-1.5691341185460031e-05,9.5869941334245470e-09,1.0497439496719112e-11,0
8362,-7.0755557691944128e-11,2.1687283455742654e-06,2.1716955947330983e-06,-2.9672491588329772e-09,2.6383587164285420e-11,0
8363,7.0912333311293823e-11,-3.1166725629277591e-05,-3.1172064293152114e-05,5.3386638745224891e-09,5.4771990380924033e-11,0
8364,4.6538593305978313e-11,8.0937005222101940e-05,8.0926872174165847e-05,1.0133047936093631e-08,1.8082673446438374e-11,0
8365,-4.1209535165268368e-11,4.7436735911834602e-06,4.7462032627698773e-06,-2.5296715864171431e-09,2.1805279390667146e-11,0
8366,-9.1038771867558203e-13,-1.7364677182476684e-06,-1.7347122419501413e-06,-1.7554762975270835e-09,2.7176394339964028e-12,0
8367,-1.4436605319085939e-10,1.6114066526931765e-05,1.6116789500220973e-05,-2.7229732892077518e-09,1.5676892183825857e-11,0
8368,-2.6981622458199470e-12,-1.7221458155218750e-05,-1.7222337543402235e-05,8.7938818348474892e-10,2.1084913899503197e-11,0
8369,-2.7071902261446058e-11,9.4882270009289142e-05,9.4881661002305952e-05,6.0900698318957364e-10,4.7253593858257804e-12,0
8370,-1.1482003068712022e-10,1.8688948334469324e-05,1.8693663080080876e-05,-4.7147456115515950e-09,1.4382953411751119e-11,0
8371,-1.4345566547117109e-10,1.7850526873291334e-05,1.7852940607762490e-05,-2.4137344711563848e-09,7.2724351883495930e-12,0
8372,-1.7877745248836599e-12,-1.5485090582959568e-05,-1.5487024175035948e-05,1.9335920763801620e-09,1.1518854552064341e-11,0
8373,-2.6161514542062908e-11,9.6618745905197988e-05,9.6615459956413108e-05,3.2859487848800953e-09,2.3425607643960786e-12,0
8374,-1.1390964296809738e-10,2.0425413312165006e-05,2.0427456348867962e-05,-2.0430367029560166e-09,7.0792233978906407e-12,0
8375,1.4166789105425456e-10,-3.3335561637764730e-05,-3.3334901762760285e-05,-6.5987500444446507e-10,6.2224019018040169e-11,0
8376,1.1729415105639796e-10,7.8768245137199495e-05,7.8766723615035552e-05,1.5215221639439070e-09,1.1526953022728342e-11,0
8377,2.9546022548372623e-11,2.5749002529383645e-06,2.5762221834061041e-06,-1.3219304677396678e-09,1.4341099396326364e-11,0
8378,-2.4373740015536513e-11,1.1210372528261750e-04,1.1210364889537036e-04,7.6387247140716555e-11,2.0825794270563727e-11,0
8379,-1.1212186844532613e-10,3.5910452302227898e-05,3.5914875020151499e-05,-4.4227179236009588e-09,5.7053718299081064e-11,0
8380,-8.7748128442156574e-11,-7.6193339179116658e-05,-7.6187850695749813e-05,-5.4884833668449214e-09,1.1416074016610278e-11,0
8381,9.7641340772732104e-11,-1.8460925993198617e-04,-1.8460891219756854e-04,-3.4773441762235395e-10,3.9151888698535053e-12,0
8382,8.4827858682585923e-11,-6.4487370137374100e-06,-6.4458551468355507e-06,-2.8818669018593543e-09,3.5483947640720724e-12,0
8383,7.6804468221114286e-11,-4.3563113387551020e-05,-4.3560867210993998e-05,-2.2461765570219510e-09,1.8778991719661130e-12,0
8384,-1.2813482125225345e-11,1.7816053032584543e-04,1.7816585601523199e-04,-5.3256893865630608e-09,4.3520495373686931e-12,0
8385,-2.0836872594312300e-11,1.4104615365809203e-04,1.4104897881002458e-04,-2.8251519325448067e-09,2.7355407349621916e-12,0
8386,-8.0233904577671509e-12,-3.7114370787087649e-05,-3.7115068041979148e-05,6.9725489149904474e-10,2.3057719891394870e-12,0
8387,-1.1810188695372026e-13,-1.7347745358254035e-06,-1.7346768171324289e-06,-9.7718692974582951e-11,3.0902881408818166e-11,0
8388,3.5705827501108450e-10,-1.7868221902849445e-04,-1.7872306559406378e-04,4.0846565569333968e-08,5.8993270274700292e-11,0
8389,-4.4837913658265162e-11,9.4881928137586970e-05,9.4881594990347602e-05,3.3314723936884831e-10,3.7541076380472994e-11,0
8390,3.5717637689867453e-10,-1.7694752567976729e-04,-1.7699223875229989e-04,4.4713072532595426e-08,4.4807246378618388e-11,0
8391,-4.4719811771076373e-11,9.6616644677238565e-05,9.6615356166382041e-05,1.2885108565242973e-09,2.9153205223619347e-11,0
8392,-4.0189618834161156e-10,2.7356420933879674e-04,2.7360367943444434e-04,-3.9470095647593795e-08,4.0817920131173115e-11,0
8393,-1.1014367050207257e-10,-6.4612398916197300e-06,-6.4483425689169496e-06,-1.2897322702780420e-08,2.2644245704894412e-11,0
8394,-4.2589744371743649e-10,-2.3110105579897920e-05,-2.3108402055500881e-05,-1.7035243970390645e-09,1.0602359020937309e-10,0
8395,-1.0413798271986401e-10,-4.3574581879105012e-05,-4.3563193299757700e-05,-1.1388579347312074e-08,1.3636012664845058e-11,0
8396,6.0056878614960164e-12,-3.7113344912302517e-05,-3.7114902559225089e-05,1.5576469225713515e-09,6.0351538963205068e-12,0
8397,3.1575377358213218e-10,1.6649058764644717e-05,1.6661693667934601e-05,-1.2634903289884082e-08,1.0336062542024157e-10,0
8398,3.2175946139247813e-10,-2.0464459994564560e-05,-2.0463397680989017e-05,-1.0623135755426455e-09,6.3321002768713475e-11,0
8400,3.1838254728527928e-10,-8.0865204847378053e-06,-8.0639354111332601e-06,-2.2585073604545163e-08,5.0231664447600491e-11,0
8401,3.1408303993477082e-10,-1.6700487206110226e-05,-1.6673411821775335e-05,-2.7075384334891191e-08,3.9309334150454920e-11,0
8402,-5.7331293759679748e-11,-3.3357329679947756e-05,-3.3337436435321371e-05,-1.9893244626385169e-08,7.6343797225955247e-11,0
8403,3.2818675025067205e-10,-5.3813625108912327e-05,-5.3799741233942604e-05,-1.3883874969723698e-08,2.3154488430071633e-11,0
8404,4.4511631906246782e-11,2.5809213757971294e-06,2.5764298783772801e-06,4.4914974198493370e-09,2.2620287621107264e-11,0
8405,1.4103710364780352e-11,-3.7113171832269247e-05,-3.7114817565425791e-05,1.6457331565434392e-09,5.0282009120143869e-12,0
8406,-2.6957140860414777e-10,1.9281325769443872e-05,1.9243244033304749e-05,3.8081736139122970e-08,3.7478670718039557e-11,0
8407,3.7141433442603875e-10,1.6656760926232056e-05,1.6662347680666637e-05,-5.5867544345808580e-09,5.4441597145982197e-11,0
8408,3.8551804480585844e-10,-2.0456352540544360e-05,-2.0462714825169632e-05,6.3622846252725605e-09,2.9188511430672935e-11,0
8409,1.0184292565841740e-10,3.5937892701527058e-05,3.5917705000382497e-05,2.0187701144560991e-08,7.6787719780118839e-11,0
8410,-2.8367511894000446e-10,5.6394537085693169e-05,5.6366735365646138e-05,2.7801720047030938e-08,2.0255230555753204e-11,0
8417,-8.2403154061443938e-11,2.1586572358956325e-06,2.1715790116331333e-06,-1.2921775737500807e-08,3.3247522983861079e-11,0
8421,-1.5722982750216232e-10,4.7126981540671423e-06,4.7447679260355472e-06,-3.2069771968404945e-08,2.2285723245820466e-11,0
8425,-7.4826673437463295e-11,2.5541916591998934e-06,2.5749582148267073e-06,-2.0766555626813901e-08,1.8906702731335323e-11,0
8427,-3.1119127214859083e-11,-3.7153658892758335e-05,-3.7115387778823930e-05,-3.8271113934405083e-08,6.7084930352482229e-12,0
8432,-8.1715283205499237e-13,-1.7359754325861940e-06,-1.7345895379256670e-06,-1.3858946605270614e-09,5.7197688734239177e-12,0
8433,-1.1142264970919858e-11,-1.7223841612679417e-05,-1.7222321600031557e-05,-1.5200126478599990e-09,3.4523438703704113e-11,0
8434,-4.4958149410169704e-11,9.4877498016399543e-05,9.4882171878974070e-05,-4.6738625745276069e-09,9.0078627540165002e-12,0
8435,-1.0325112138733188e-11,-1.5487920636747510e-05,-1.5487124119299724e-05,-7.9651744778653382e-10,2.6468147323893817e-11,0
8436,-4.4140996578201570e-11,9.6613499384430677e-05,9.6615836955586443e-05,-2.3375711557659540e-09,5.5944533103632149e-12,0
8437,-3.3815884435661729e-11,1.1210140098201829e-04,1.1210416674074443e-04,-2.7657587261408932e-09,4.4444631179384528e-11,0
8438,5.2733647733750516e-10,-6.4177266823270407e-06,-6.4407159097595167e-06,2.2989227432475989e-08,1.7063300631241861e-11,0
8439,5.6116031671388310e-11,2.1886180431888655e-06,2.1733062366112649e-06,1.5311806577600591e-08,9.4463240751615801e-12,0
8440,1.2289609348351876e-10,4.7858117059144945e-06,4.7482430802174792e-06,3.7568625697015233e-08,9.5232090119824293e-12,0
8441,6.6780061816641159e-11,2.5972379062433326e-06,2.5767245865243522e-06,2.0513319718980398e-08,1.3451760827214103e-11,0
8442,-1.1378737646364902e-11,-1.3954663130058727e-05,-1.3957291034150933e-05,2.6279040922065091e-09,1.4899654922045083e-11,0
8443,-1.3581909751268994e-11,-1.5693949641391348e-05,-1.5692803840099046e-05,-1.1458012923029127e-09,1.5561616485747851e-11,0
8444,-6.7884704565014316e-11,2.1684519282264871e-06,2.1717756152636816e-06,-3.3236870371945799e-09,1.5674948980690561e-11,0
8445,2.7864716951251449e-11,-3.1171949484200875e-05,-3.1173038778742073e-05,1.0892945411983593e-09,6.3420051594186914e-11,0
8446,3.0660512020638226e-11,8.0937460872917088e-05,8.0927064316654683e-05,1.0396556262404601e-08,1.6593520893327671e-11,0
8447,4.3661119895422516e-11,4.7727191507737632e-06,4.7472613461268953e-06,2.5457804646867884e-08,1.4328449142846252e-11,0
8448,-2.2031721050415626e-12,-1.7393235745659906e-06,-1.7345709657955182e-06,-4.7526087704723626e-09,3.5989451957665468e-12,0
8449,-5.6505966936738098e-11,1.6123078414833052e-05,1.6118281984366007e-05,4.7964304670458245e-09,1.0964208816185743e-11,0
8450,3.9243454622818529e-11,-1.7217247393446367e-05,-1.7221661241344652e-05,4.4138478982846377e-09,2.4376225071429430e-11,0
8451,4.2039249704471985e-11,9.4892098054267029e-05,9.4883466343887490e-05,8.6317103795396357e-09,5.4931011123837859e-12,0
8452,5.5039857510763555e-11,1.8727319885102414e-05,1.8696185857251957e-05,3.1134027850456957e-08,1.3814091237809857e-11,0
8453,-5.4302794831119853e-11,1.7862395599179716e-05,1.7854292489823576e-05,8.1031093561402187e-09,8.7101644221971828e-12,0
8454,4.1446626726137070e-11,-1.5478001370795164e-05,-1.5486480327277752e-05,8.4789564825888742e-09,1.8680870239000712e-11,0
8455,4.4242421814654580e-11,9.6631424194302748e-05,9.6617109560998295e-05,1.4314633304453339e-08,3.4798275717081071e-12,0
8456,5.7243029618156264e-11,2.0466705556523163e-05,2.0429872290248585e-05,3.6833266274577994e-08,1.0457273590738393e-11,0
8457,9.5749421527785964e-11,-3.3340380887155518e-05,-3.3335617711443660e-05,-4.7631757118577920e-09,5.8120363897469540e-11,0
8458,9.8545216603580978e-11,7.8769027417268994e-05,7.8767163881658759e-05,1.8635356102350434e-09,1.1556485502528632e-11,0
8459,1.1154582445853412e-10,2.6043099335456427e-06,2.5772875768647873e-06,2.7022356680855363e-08,1.4470392973747339e-11,0
8460,2.7957950769150514e-12,1.1210934263472614e-04,1.1210480758798373e-04,4.5350467424074264e-09,2.9783262051392378e-11,0
8461,1.5796402934256116e-11,3.5944508519169041e-05,3.5916848537287865e-05,2.7659981881176165e-08,8.4919595563701119e-11,0
8462,1.3000607881019456e-11,-7.6164757030480063e-05,-7.6187094241708900e-05,2.2337211228837142e-08,1.3160957673265968e-11,0
8463,1.1404783029106981e-10,-1.8460982432362240e-04,-1.8460644718483026e-04,-3.3771387921398277e-09,3.4611203133130358e-11,0
8464,6.1976147015607716e-11,-6.4512040307308782e-06,-6.4466099205187592e-06,-4.5941102121190166e-09,3.3675638184315573e-11,0
8465,-5.2071683282698464e-11,1.7815862824118681e-04,1.7816267349419866e-04,-4.0452530118500162e-09,2.5145740324330269e-11,0
8466,-3.1393802196927142e-13,-1.7365229984549871e-06,-1.7345135343603581e-06,-2.0094640946290028e-09,7.1602884271296196e-12,0
8467,2.9735843139707351e-11,9.4887949292147156e-05,9.4883518728790099e-05,4.4305633570577638e-09,1.9868416323183057e-11,0
8468,5.7341092445276695e-10,-3.7673056547719852e-05,-3.7685381228554851e-05,1.2324680834998757e-08,2.5190051611273195e-11,0
8469,3.0049781162090169e-11,9.6624493754458776e-05,9.6617101388768217e-05,7.3923656905582925e-09,8.6593255809607054e-12,0
8470,5.7372486247445745e-10,-3.5936575232867717e-05,-3.5945548394000284e-05,8.9731611325672062e-09,1.4273845221033588e-11,0
8471,5.4367508118119854e-10,-1.3256106022145739e-04,-1.3256335317922446e-04,2.2929577670719077e-09,2.7738203184077228e-11,0
8472,-1.7054804363328598e-11,2.1714482016177775e-06,2.1724175691823681e-06,-9.6936756459067933e-10,1.2813573156532257e-11,0
8473,-1.3146725936468231e-11,4.7453988070863228e-06,4.7465582945166631e-06,-1.1594874303403666e-09,1.4030805588644562e-11,0
8474,3.9080784110733828e-12,2.5739883972957216e-06,2.5759653532398386e-06,-1.9769559441169923e-09,7.5941952037618217e-12,0
8475,2.4011369887671815e-10,-1.7877726337209993e-04,-1.7872149391537595e-04,-5.5769456723975697e-08,1.1130565805557313e-11,0
8476,4.8617580662449369e-10,-6.1432144406008138e-07,-5.5794866108653924e-07,-5.6372782973542137e-08,1.4078012435057008e-11,0
8477,1.0421246996326451e-11,-1.7207193222616604e-05,-1.7221961840200846e-05,1.4768617584242066e-08,4.8683346507780044e-11,0
8478,5.9562517859208925e-10,-3.7726752283084863e-05,-3.7685156728801367e-05,-4.1595554283496337e-08,9.1347831945826054e-12,0
8479,2.4606210903118876e-10,1.7816290678456448e-04,1.7816562377002460e-04,-2.7169854601295611e-09,7.4976734187231712e-12,0
8480,3.5551148143635604e-10,1.4105049296020368e-04,1.4105004072525258e-04,4.5223495109304734e-10,4.3096691325610201e-12,0
8481,1.0944937235043317e-10,-3.7112416156977971e-05,-3.7113684837615994e-05,1.2686806380226841e-09,4.6442820558862855e-12,0
8482,2.2969245183303608e-10,-1.6157002026416858e-04,-1.6150517532169896e-04,-6.4844942469620024e-08,4.9416581256883175e-11,0
8483,4.7575455953774044e-10,1.6592859953772424e-05,1.6663524884116527e-05,-7.0664930344103391e-08,6.4922442359116102e-11,0
8484,5.8520393149604779e-10,-2.0519476833019343e-05,-2.0460585714051720e-05,-5.8891118967623068e-08,4.3956105399692460e-11,0
8485,9.0199200608042554e-11,9.6641603038887663e-05,9.6617992983704838e-05,2.3610055182825946e-08,3.3035024586523057e-11,0
8486,3.0341872354728678e-10,1.7816064113210890e-04,1.7816602990860093e-04,-5.3887764920354346e-09,1.4865107368568519e-11,0
8487,4.7693078389681445e-10,1.4104744050772301e-04,1.4105122691671800e-04,-3.7864089949915004e-09,8.7616465154989327e-12,0
8488,1.7351206056708099e-10,-3.7113207043053080e-05,-3.7112896891632895e-05,-3.1015142018498646e-10,8.2196944705845364e-12,0
8489,3.6915388959310357e-10,-8.0558060654919994e-06,-8.0631462034923692e-06,7.3401380003697655e-09,2.7499654729996706e-11,0
8490,-1.8542333342844786e-10,1.6109699938055694e-05,1.6116899925018941e-05,-7.1999869632469930e-09,1.9398209048037085e-11,0
8491,7.0201897753536069e-12,-1.7218656981536932e-05,-1.7221976859548486e-05,3.3198780115534633e-09,5.0359053863051484e-11,0
8492,-1.5705221527246542e-10,1.8684920693895837e-05,1.8693779500449037e-05,-8.8588065531996509e-09,2.1023853121228928e-11,0
8493,1.9244352326753477e-10,-3.3328445781388369e-05,-3.3334497355933120e-05,6.0515745447511579e-09,9.2228513948433828e-11,0
8494,2.8371118211706991e-11,2.5751970193039694e-06,2.5762821595181974e-06,-1.0851402142279378e-09,2.9391787173545051e-11,0
8496,3.4453497738036527e-10,1.7821103154044143e-04,1.7816619013860961e-04,4.4841401831822482e-08,2.1850374275908436e-11,0
8497,-2.9568469418183088e-10,1.0232525316930356e-05,1.0217035661030678e-05,1.5489655899678117e-08,2.5701130595039019e-11,0
8498,-8.1363740921228649e-11,-2.3073071935270431e-05,-2.3104824732043741e-05,3.1752796773309457e-08,3.8333616511995174e-11,0
8499,-1.2403665544995041e-10,8.9016367556388025e-05,8.9003483709483426e-05,1.2883846904599393e-08,1.3821664014316682e-11,0
8500,-3.2551167762187309e-10,1.2804810851581999e-05,1.2793861769151059e-05,1.0949082430940010e-08,1.7753833030238320e-11,0
8501,2.5413940325480649e-10,-8.0618821371404234e-06,-8.0645384007186829e-06,2.6562635782594886e-09,2.2404433107104895e-11,0
8503,1.7277566222751542e-10,-3.1134843668744611e-05,-3.1171559139671341e-05,3.6715470926730707e-08,7.2639646363023279e-11,0
8504,1.3010274770763770e-10,8.0954547370778313e-05,8.0928577861444183e-05,2.5969509334129596e-08,2.2199368699582305e-11,0
8505,-7.1372274543426309e-11,4.7430123662735649e-06,4.7458387664541195e-06,-2.8264001805546515e-09,2.5076806902154971e-11,0
8506,2.1432095336069114e-10,-3.3305675771210658e-05,-3.3334252793656332e-05,2.8577022445673908e-08,9.2932369032599950e-11,0
8507,1.7164803884246088e-10,7.8783834233190145e-05,7.8768555202794738e-05,1.5279030395406882e-08,2.1592136389033536e-11,0
8508,-2.9826983404927514e-11,2.5722847603417733e-06,2.5755692677759503e-06,-3.2845074341770758e-09,2.3443688099481695e-11,0
8509,-4.2672914545612916e-11,1.1208935403461944e-04,1.1210483577622371e-04,-1.5481741604268903e-08,4.5083462664565786e-11,0
8510,-2.4414793659101809e-10,3.5877782048714113e-05,3.5913903771900925e-05,-3.6121723186811937e-08,9.0331050676134122e-11,0
8511,-2.0147502208524238e-10,-7.6211554257368808e-05,-7.6190109251087981e-05,-2.1445006280826481e-08,2.0050343620917103e-11,0
8512,1.8961733940344590e-12,-1.7311315071891588e-06,-1.7343913496805854e-06,3.2598424914265461e-09,2.3629779682857133e-12,0
8513,2.3616942031895048e-10,-1.7874305393736269e-04,-1.7872039904582462e-04,-2.2654891538074042e-08,5.5259352350272549e-12,0
8514,2.0382253262555132e-10,-5.8740110384265798e-07,-5.6147108753469917e-07,-2.5930016307958812e-08,7.1035261109351248e-12,0
8515,1.8941545958567665e-10,-3.7701838312765787e-05,-3.7690351163152268e-05,-1.1487149613519185e-08,3.7686696892761629e-12,0
8516,2.3427324691858927e-10,-1.7701192911140536e-04,-1.7698991759372757e-04,-2.2011517677783185e-08,2.7944216141111966e-12,0
8517,2.0192635921958220e-10,1.1437401628185129e-06,1.1638180528133931e-06,-2.0077889994880190e-08,3.2888966439096848e-12,0
8518,1.8751928618006577e-10,-3.5970704551394408e-05,-3.5950581299519106e-05,-2.0123251875302445e-08,1.9502297665508934e-12,0
8519,-3.2346887634002329e-11,1.7815565580352188e-04,1.7816100762519833e-04,-5.3518216764443429e-09,4.2469898231220817e-12,0
8520,-4.6753960659237382e-11,1.4104121862557051e-04,1.4104383359863588e-04,-2.6149730653686910e-09,2.4605800318352527e-12,0
8521,-1.4407073015214918e-11,-3.7114439850818295e-05,-3.7115245726997587e-05,8.0587617929208689e-10,2.6588310570464343e-12,0
8522,-7.8446833638844640e-11,2.1683467668481837e-06,2.1716839704418014e-06,-3.3372035936176240e-09,2.0430926503472701e-11,0
8523,-6.0803908313220450e-11,4.7431459421105882e-06,4.7459707486654953e-06,-2.8248065549071506e-09,2.0943519655221786e-11,0
8524,1.7642925350549096e-11,2.5747732418534468e-06,2.5761659742144239e-06,-1.3927323609770651e-09,1.4111559237725270e-11,0
8525,-2.8233574595776611e-10,-5.8799542997376233e-06,-5.8787892126225427e-06,-1.1650871150806181e-09,2.5620667206679450e-11,0
8526,-2.7986231359453047e-10,-7.6121543819068294e-06,-7.6307231180059985e-06,1.8568736099169143e-08,1.7641852754212597e-11,0
8527,-8.4659841236312835e-11,-1.8461971854930384e-04,-1.8460705794775658e-04,-1.2660601547259112e-08,2.0971021168957415e-11,0
8528,-9.3190020884777976e-11,-6.4609713448463696e-06,-6.4489205429262123e-06,-1.2050801920157301e-08,1.9260316322879265e-11,0
8529,-3.5177167630213710e-10,-2.3107518882736766e-05,-2.3108274825588200e-05,7.5594285143382439e-10,1.0787834854288309e-10,0
8530,-3.8786058276214253e-10,8.8998661020345954e-05,8.9000327721605829e-05,-1.6667012598753578e-09,2.9755210544890407e-11,0
8531,2.4734323618930126e-12,-1.7321991492534063e-06,-1.7343658218509738e-06,2.1666725975675269e-09,1.0551593060512985e-11,0
8532,1.9767590466574693e-10,-1.7873975267385621e-04,-1.7872058266406776e-04,-1.9170009788447608e-08,2.7079533870832427e-11,0
8533,1.8914572500080533e-10,-5.8101682902898799e-07,-5.6165845012069701e-07,-1.9358378908290981e-08,2.6789254292101948e-11,0
8534,-6.9435930345363697e-11,-1.7227616133537287e-05,-1.7222862952307735e-05,-4.7531812295516836e-09,6.2474675582917689e-11,0
8535,-1.0552483680877804e-10,9.4878541403672825e-05,9.4882523334734303e-05,-3.9819310614785811e-09,2.0009875637319662e-11,0
8536,1.9520247229367514e-10,-1.7700754637445248e-04,-1.7699013096537293e-04,-1.7415409079554528e-08,1.7763655175767714e-11,0
8537,1.8667229262394114e-10,1.1512070560836668e-06,1.1635920555882820e-06,-1.2384999504615204e-08,1.9549404583064661e-11,0
8538,-7.1909362707002909e-11,-1.5495434540145105e-05,-1.5487878930189046e-05,-7.5556099560587428e-09,3.9582045787306841e-11,0
8539,-1.0799826916949156e-10,9.6610780292327725e-05,9.6615947881175212e-05,-5.1675888474870873e-09,1.0411953344377627e-11,0
8540,-8.5301794764961981e-12,1.7815874599008599e-04,1.7816100417651751e-04,-2.2581864315214702e-09,1.5254150375478861e-11,0
8541,-3.0320074221120736e-10,2.7361828472920093e-04,2.7360201839873356e-04,1.6266330467372241e-08,2.7054909653091211e-11,0
8542,-2.9467056298597647e-10,9.5459559005871969e-05,9.5444856491211792e-05,1.4702514660177115e-08,2.7525051148773994e-11,0
8544,2.5858165561382026e-10,1.6646623868382671e-05,1.6660758134442757e-05,-1.4134266060085974e-08,9.6307889633458200e-11,0
8545,-3.6088906466148920e-11,1.1210612343814089e-04,1.1210509402740405e-04,1.0294107368418294e-09,7.2854261759120938e-11,0
8546,1.3725617026565991e-10,4.8057255197068993e-06,4.7484281016289248e-06,5.7297418077974486e-08,1.2514513807908689e-11,0
8547,4.6364539967838502e-10,-5.3775348263924473e-05,-5.3799284739715602e-05,2.3936475791128944e-08,1.5969377400273357e-11,0
8552,2.2213145634981846e-13,-1.7340808567435629e-06,-1.7343599346500525e-06,2.7907790648961777e-10,3.2081185698717124e-11,0
8553,3.3097074427938760e-10,-1.7868565844830764e-04,-1.7871838896760768e-04,3.2730519300042766e-08,5.9554827507244282e-11,0
8554,-5.7658857856312418e-11,9.4883350022657159e-05,9.4883320731947517e-05,2.9290709641820525e-11,4.0351120499068768e-11,0
8555,3.3074861281800596e-10,-1.7695155493114081e-04,-1.7698795093296532e-04,3.6396001824509899e-08,4.9784079055463679e-11,0
8556,-5.7880989313067913e-11,9.6617525490375836e-05,9.6616736283453800e-05,7.8920692203610088e-10,3.1746961311960192e-11,0
8557,-3.8862960179770786e-10,2.7356902550049536e-04,2.7360060919419849e-04,-3.1583693703126151e-08,4.6410976876178597e-11,0
8558,2.5085706520256193e-11,-1.5684409875123284e-05,-1.5692841305675582e-05,8.4314305522981744e-09,2.3342503785421557e-11,0
8559,4.3042543281450577e-11,-3.7112379377906429e-05,-3.7114565833237501e-05,2.1864553310715624e-09,1.0093265664130302e-11,0
8560,-6.4887400111818475e-11,-3.3365291505813022e-05,-3.3337817483176546e-05,-2.7474022636475961e-08,6.2335321861864239e-11,0
8561,2.8526795456497369e-11,2.5810478896191175e-06,2.5763267226609495e-06,4.7211669581679577e-09,2.2079144708150560e-11,0
8562,9.3414195549389661e-11,3.5945996579850661e-05,3.5918359841983492e-05,2.7636737867169591e-08,7.3606328286451772e-11,0
8564,6.6194626458282512e-13,-1.7345406355236072e-06,-1.7342811998798294e-06,-2.5943564377780179e-10,7.3937037248258361e-12,0
8565,7.8741720535600754e-11,1.6140154617573510e-05,1.6120610384513558e-05,1.9544233059952388e-08,2.9890610306538533e-11,0
8566,3.0035533110792899e-10,-1.7872277882671349e-04,-1.7871759673412387e-04,-5.1820925896207091e-09,1.8080908475855630e-11,0
8567,3.7590828562067379e-10,-5.6216525106626142e-07,-5.5937349447239947e-07,-2.7917565938619506e-09,1.7980060953600569e-11,0
8568,-2.1159350535317766e-11,-1.7220749087953533e-05,-1.7222157943121468e-05,1.4088551679345915e-09,5.6766393178197568e-11,0
8569,-3.3638162755177750e-11,9.4886078232966166e-05,9.4884060360499566e-05,2.0178724665997167e-09,1.5880619248587028e-11,0
8570,7.8079774272401745e-11,1.7874666104922277e-05,1.7856332213454140e-05,1.8333891468136170e-08,1.4594167130958943e-11,0
8571,2.9969338483846565e-10,-1.7698825524797824e-04,-1.7698725429158898e-04,-1.0009563892532988e-09,7.8507128565840719e-12,0
8572,3.7524633935356906e-10,1.1723763787656327e-06,1.1657159793550914e-06,6.6603994105413049e-09,8.4367296654990943e-12,0
8573,-2.1821296800672683e-11,-1.5486209439764353e-05,-1.5487252537537048e-05,1.0430977726943970e-09,3.1854957036813754e-11,0
8574,-3.4300109021298277e-11,9.6620657834153612e-05,9.6617390440818633e-05,3.2673933349788940e-09,6.7998470022430002e-12,0
8575,2.2161360988248028e-10,-1.9486290972937047e-04,-1.9484059676857127e-04,-2.2312960799196957e-08,3.6615485702519832e-11,0
8576,2.9716656414902592e-10,-1.6702255009225925e-05,-1.6674837688257322e-05,-2.7417320968602593e-08,2.5729052676205310e-11,0
8578,-1.1237988353893744e-10,7.8745962901336647e-05,7.8765635410362370e-05,-1.9672509025722815e-08,2.6001358851728405e-11,0
8579,7.5552954487606621e-11,1.7816063310026331e-04,1.7816030492585653e-04,3.2817440678476438e-10,1.5519264462723752e-11,0
8580,-3.3399349381721373e-10,2.7360893175260763e-04,2.7360052861534359e-04,8.4031372640401211e-09,1.6134571010462858e-11,0
8581,-4.0954644813336024e-10,9.5448271453950177e-05,9.5444074576809697e-05,4.1968771404807302e-09,1.7407517004067127e-11,0
8582,3.2151468167365405e-10,-1.6150210544868407e-04,-1.6150109821608643e-04,-1.0072325976474405e-09,7.1672550133744321e-11,0
8583,3.9706763620567588e-10,1.6658568305029028e-05,1.6662388029016176e-05,-3.8197239871478055e-09,6.0893224378686589e-11,0
8584,-1.2478812216721864e-11,1.1210685988195356e-04,1.1210594623018565e-04,9.1365176791661108e-10,6.0329492412650517e-11,0
8585,2.3261459882883571e-12,-1.7338389176992840e-06,-1.7342283179367549e-06,3.8940023747088758e-10,6.7967943398229443e-12,0
8586,1.9386287397112569e-10,-1.7873218733093464e-04,-1.7871840175913949e-04,-1.3785571795156461e-08,2.1607312545423069e-11,0
8587,-6.0156901471883588e-11,9.4886859612608525e-05,9.4883925852380703e-05,2.9337602278214437e-09,2.5878690779492331e-11,0
8588,2.8678593145292094e-10,-3.7686946116062547e-05,-3.7689489414418265e-05,2.5432983557171183e-09,1.3554854200745933e-11,0
8589,1.9153672797038997e-10,-1.7699840921724976e-04,-1.7698811961577621e-04,-1.0289601473547749e-08,1.0237408941509589e-11,0
8590,-6.2483047460736210e-11,9.6620737921172416e-05,9.6617200086733233e-05,3.5378344391822107e-09,1.1538913851138190e-11,0
8591,2.8445978545138692e-10,-3.5953147420090051e-05,-3.5949784055718399e-05,-3.3633643716521420e-09,6.9387287824246265e-12,0
8592,-2.5401977619121473e-10,2.7361909348244152e-04,2.7360118682370597e-04,1.7906658735552909e-08,2.4629392364614834e-11,0
8593,9.2923058038220276e-11,1.4104523420603479e-04,1.4104287925491459e-04,2.3549511202040647e-09,1.2332312734825624e-11,0
8594,3.4694283294715491e-10,-1.3257387757187843e-04,-1.3256761138856764e-04,-6.2661833107849514e-09,2.0347472452212514e-11,0
8595,-3.4650796496607175e-10,1.2796912350255055e-05,1.2793318651741750e-05,3.5936985133045753e-09,9.3596563286785821e-12,0
8596,2.7987079038265591e-10,-8.0534749748034651e-06,-8.0640579188292643e-06,1.0582944025799265e-08,1.0481400609434371e-11,0
8597,-6.6637174916616414e-11,4.7434413682368587e-06,4.7459036570504084e-06,-2.4622888135497067e-09,1.0692500718436641e-11,0
8598,1.7963088420851776e-12,-1.7346857677733379e-06,-1.7341975645536958e-06,-4.8820321964212103e-10,6.6952514466453817e-12,0
8599,2.2824205739399419e-10,-1.7876524891641959e-04,-1.7871737851289941e-04,-4.7870403520181883e-08,1.0926596744266690e-11,0
8600,4.5724756880581313e-10,-6.0637767378829421e-07,-5.5838502089305129e-07,-4.7992652895242919e-08,1.4358628475962401e-11,0
8601,-4.6251531066440459e-13,-1.7205764762122508e-05,-1.7221832210385528e-05,1.6067448263020053e-08,4.3254160821134455e-11,0
8602,5.6066079382368840e-10,-3.7718788026212813e-05,-3.7686174798346978e-05,-3.2613227865834675e-08,8.4531162889391877e-12,0
8603,2.2644574854049210e-10,-1.7703055867142846e-04,-1.7698713570892297e-04,-4.3422962505486763e-08,6.7347729009144292e-12,0
8604,4.5545125994710081e-10,1.1283079184923328e-06,1.1665711790531360e-06,-3.8263260560803197e-08,8.1055615150538407e-12,0
8605,-2.2588241632620065e-12,-1.5471121194809046e-05,-1.5487006538785148e-05,1.5885343976102147e-08,2.3369531973984559e-11,0
8606,5.5886448496376876e-10,-3.5984096915480171e-05,-3.5946476873797494e-05,-3.7620041682676823e-08,5.1431647532422006e-12,0
8607,2.2900551267949019e-10,1.7815887098323029e-04,1.7816107629796264e-04,-2.2053147323423169e-09,7.9599472291611436e-12,0
8608,3.3241873812221946e-10,1.4104645182841250e-04,1.4104521350963815e-04,1.2383187743443547e-09,4.6075782319260901e-12,0
8609,1.0341322539007858e-10,-3.7112403359370163e-05,-3.7113852433505776e-05,1.4490741356138186e-09,4.7018361754146306e-12,0
8610,2.2870457263870115e-10,-1.6155946925965406e-04,-1.6150121144145602e-04,-5.8257818198043099e-08,4.6781271379466491e-11,0
8611,4.5771008398768502e-10,1.6599415181121208e-05,1.6663083217902295e-05,-6.3668036781087630e-08,7.4731709715739139e-11,0
8612,5.6112330898837257e-10,-2.0513056254885947e-05,-2.0461532375152266e-05,-5.1523879733681479e-08,2.9949406544826824e-11,0
8613,-3.8450881377773652e-10,1.0197003052436759e-05,1.0215317827386293e-05,-1.8314774949533162e-08,1.3601590432466344e-11,0
8614,-1.9324525137633715e-10,8.8983924887938749e-05,8.9003369900113538e-05,-1.9445012174789051e-08,8.0231943478522828e-12,0
8615,-3.9150459206613103e-10,1.2770887267501280e-05,1.2792691288910743e-05,-2.1804021409463798e-08,1.2513733591423370e-11,0
8616,3.6003628978758213e-10,-8.0258229427539185e-06,-8.0630241713264180e-06,3.7201228572499454e-08,1.2786273797937297e-11,0
8617,-2.4472524443882475e-11,2.1711837281902444e-06,2.1724073510125537e-06,-1.2236228223093428e-09,1.0704944934636098e-11,0
8618,1.6679103817829079e-10,8.0958101214828951e-05,8.0929570277783123e-05,2.8530937045827568e-08,1.0123513465995051e-11,0
8619,-3.1468302597624167e-11,4.7450477904340546e-06,4.7463413163247424e-06,-1.2935258906877637e-09,1.2182995395285435e-11,0
8620,1.9126356259854618e-10,7.8786908245124035e-05,7.8769727822284934e-05,1.7180422839100425e-08,8.4369363528514120e-12,0
8621,-6.9957781682159146e-12,2.5738669638853025e-06,2.5759193683698283e-06,-2.0524044845258023e-09,1.1554773575319562e-11,0
8622,-1.9825934070609409e-10,-7.6213053090412597e-05,-7.6190750358988066e-05,-2.2302731424530837e-08,8.7461804596226931e-12,0
8623,-1.6464635225098427e-12,-1.7369111217624993e-06,-1.7342224773618050e-06,-2.6886444006943198e-09,2.5699848279234518e-11,0
8624,4.5515719331503880e-10,-1.7876534408702884e-04,-1.7871428004262560e-04,-5.1064044403234098e-08,1.9679583878552295e-11,0
8625,7.9392845008840657e-10,-6.0300491638940606e-07,-5.5421485251996368e-07,-4.8790063869442387e-08,2.5033089325239312e-11,0
8626,4.5680365683123763e-10,-1.7702836561359937e-04,-1.7698401641655484e-04,-4.4349197044532118e-08,2.3634804393069413e-11,0
8627,7.9557491360829752e-10,1.1339305784115877e-06,1.1707535717274716e-06,-3.6822993315883877e-08,2.9223059190081890e-11,0
8628,3.3877125700354411e-10,1.7816231830670905e-04,1.7816214828227347e-04,1.7002443558427303e-10,1.4038178922161551e-11,0
8629,-8.6419659036522532e-11,2.1675816420062277e-06,2.1716481630588705e-06,-4.0665210526427689e-09,1.3004000527031738e-11,0
8630,9.4868389694118467e-12,-3.1172733887802192e-05,-3.1174282605957519e-05,1.5487181553270148e-09,6.7694848729030678e-11,0
8631,5.4502114062223099e-12,8.0936828965603015e-05,8.0927648671264102e-05,9.1802943389128521e-09,1.3200602601485596e-11,0
8632,1.2992182749138063e-11,4.7570219582201631e-06,4.7468938255766052e-06,1.0128132643557950e-08,1.3498223101531903e-11,0
8633,9.5906498027247332e-11,-3.3340195099099178e-05,-3.3335953511790438e-05,-4.2415873087402038e-09,6.6154976747487217e-11,0
8634,9.1869870473961726e-11,7.8769282090936348e-05,7.8768632255552751e-05,6.4983538359674343e-10,1.1019342866761075e-11,0
8635,9.9411841783489649e-11,2.5894259635464434e-06,2.5772488571578079e-06,1.2177106388635476e-08,1.3788748968483593e-11,0
8636,-4.0366275549200450e-12,1.1210958268181880e-04,1.1210661747387783e-04,2.9652079409751581e-09,2.6158356850216873e-11,0
8637,3.5053437607179394e-12,3.5929716417866520e-05,3.5917588694686384e-05,1.2127723180135257e-08,7.1766557337901288e-11,0
8638,7.5419713334058922e-12,-7.6179811625067505e-05,-7.6188298548608994e-05,8.4869235414896348e-09,1.1844934127812765e-11,0
8639,8.1959020276102055e-10,-4.3560057873661589e-05,-4.3553424353869008e-05,-6.6335197925808062e-09,9.2653692243268193e-12,0
8640,6.7953432849751282e-11,-1.3946612393245413e-05,-1.3957705913878738e-05,1.1093520633325674e-08,1.6358123044796413e-11,0
8641,6.7610858198038558e-11,-1.5681767719962717e-05,-1.5692795327209833e-05,1.1027607247116213e-08,8.2434259014624543e-12,0
8642,-8.4034690781804559e-11,2.1680855204504051e-06,2.1716882790775453e-06,-3.6027586271401285e-09,1.9470824110231748e-11,0
8643,5.0044953030285020e-11,-3.1168228898799909e-05,-3.1173884171941060e-05,5.6552731411517584e-09,6.0790083681830420e-11,0
8644,1.8158280024188975e-11,8.0938070769738394e-05,8.0927898580106963e-05,1.0172189631431025e-08,1.4778992050020435e-11,0
8645,-7.7245182023924961e-11,4.7426315600233165e-06,4.7457760667476969e-06,-3.1445067243803538e-09,1.6426284029185988e-11,0
8646,-3.4257465031465713e-13,-1.7351858649353364e-06,-1.7341478782785922e-06,-1.0379866567442573e-09,2.2171031373158010e-12,0
8647,-1.5198812359609165e-10,1.6114685363001827e-05,1.6118122349125284e-05,-3.4369861234575486e-09,1.1740697259834783e-11,0
8648,-1.7908479843619916e-11,-1.7221638009014316e-05,-1.7221972909632845e-05,3.3490061852864796e-10,1.8707283842871574e-11,0
8649,-4.9795152861943044e-11,9.4884674152061806e-05,9.4884738749924347e-05,-6.4597862540864692e-11,3.9719501577656523e-12,0
8650,-1.4519861486682858e-10,1.8689255097270249e-05,1.8694761092753817e-05,-5.5059954835677528e-09,1.0917869605442870e-11,0
8651,-1.5164554894814593e-10,1.7849872908117653e-05,1.7853711481131324e-05,-3.8385730136710307e-09,5.8665878934084622e-12,0
8652,-1.7565905197086869e-11,-1.5486513277391395e-05,-1.5487192650365180e-05,6.7937297378462685e-10,9.5994093839547053e-12,0
8653,-4.9452578211148375e-11,9.6619861031166984e-05,9.6617922107663338e-05,1.9389235036455657e-09,1.8641716250728681e-12,0
8654,-1.4485604021875452e-10,2.0424442436108373e-05,2.0428112015159418e-05,-3.6695790510451044e-09,5.6786710295258915e-12,0
8655,1.3407964387862861e-10,-3.3336258746682196e-05,-3.3335514865257191e-05,-7.4388142500480484e-10,4.9616067322330555e-11,0
8656,1.0219297088012996e-10,7.8770009984430525e-05,7.8768919906304304e-05,1.0900781262211277e-09,8.9923928951238958e-12,0
8657,6.7895087870626043e-12,2.5745828686812372e-06,2.5761117029948572e-06,-1.5288343136199772e-09,1.0183870839155766e-11,0
8658,-3.1886673014335988e-11,1.1210631375883342e-04,1.1210646706587927e-04,-1.5330704585046588e-10,1.6989149461722503e-11,0
8659,-1.2729013502965733e-10,3.5910882301168866e-05,3.5916058490790952e-05,-5.1761896220867154e-09,4.8542210352365361e-11,0
8660,-9.5403462035280348e-11,-7.6195424764170273e-05,-7.6189692193900300e-05,-5.7325702699731083e-09,8.8838362761155190e-12,0
8661,2.6564226999831478e-10,1.7815592953312391e-04,1.7816027500465437e-04,-4.3454715304607275e-09,8.9192922932653622e-12,0
8662,4.2668524167481538e-10,1.4104270063723990e-04,1.4104506757836900e-04,-2.3669411290975703e-09,4.1909623321798101e-12,0
8663,1.6104297185557985e-10,-3.7113219907685617e-05,-3.7113164594684652e-05,-5.5313000964988916e-11,5.4998807443366411e-12,0
8664,1.4675808461759124e-10,-1.3940327029303423e-05,-1.3956817447593844e-05,1.6490418290420855e-08,2.8137348362454944e-11,0
8665,1.4564411848225543e-10,-1.5677330970038234e-05,-1.5691891004080327e-05,1.4560034042093630e-08,1.3845766475471843e-11,0
8666,-4.4783429579909174e-11,2.1704375927707767e-06,2.1721822263964951e-06,-1.7446336257184174e-09,3.6971251689162142e-11,0
8667,1.4446886955088821e-10,-3.1159707776477405e-05,-3.1172784332081419e-05,1.3076555604013800e-08,6.9355864594529174e-11,0
8668,1.1583442205293881e-10,8.0946366135169201e-05,8.0929172738860051e-05,1.7193396309149868e-08,2.3370853141625781e-11,0
8669,-2.9170779942219695e-11,4.7452507757614944e-06,4.7463731591154808e-06,-1.1223833539863594e-09,2.3581148933971631e-11,0
8670,-1.1139661334491567e-12,-1.7370490709222393e-06,-1.7341320408101415e-06,-2.9170301120977715e-09,7.2200973985246798e-12,0
8671,-1.9154151420051334e-10,1.6110589369186870e-05,1.6117696890617196e-05,-7.1075214303257411e-09,2.5182221347347883e-11,0
8672,-2.2892151490929636e-12,-1.7219404345432637e-05,-1.7221753988489757e-05,2.3496430571193954e-09,7.2146173803634127e-11,0
8673,-3.0923662687938931e-11,9.4886714035015277e-05,9.4885125919759060e-05,1.5881152562176142e-09,1.3413438529645964e-11,0
8674,-1.7592886463702965e-10,1.8685593698410802e-05,1.8694447213984592e-05,-8.8535155737903576e-09,2.6069911896909305e-11,0
8675,-1.9042754806683626e-10,1.7847628093245471e-05,1.7853270294010949e-05,-5.6422007654774150e-09,1.2792048288999319e-11,0
8676,-1.1752490139860703e-12,-1.5482447415979413e-05,-1.5486988142043034e-05,4.5407260636209088e-09,3.2669756113533030e-11,0
8677,-2.9809696552093303e-11,9.6623780061341855e-05,9.6618291104738421e-05,5.4889566034342684e-09,6.6902231929255592e-12,0
8678,-1.7481489850144039e-10,2.0422607146384358e-05,2.0427787860719735e-05,-5.1807143353764420e-09,1.2946386490856015e-11,0
8680,1.6061785163372283e-10,7.8776136833297317e-05,7.8769753110043746e-05,6.3837232535703115e-09,2.1025329761466020e-11,0
8681,1.5612649641066308e-11,2.5749915857295209e-06,2.5762289511268865e-06,-1.2373653973656022e-09,3.6802038201549793e-11,0
8682,-2.8634447541878078e-11,1.1210629194909516e-04,1.1210664010326849e-04,-3.4815417332390540e-10,5.8180117056701954e-11,0
8683,-1.7363964948732302e-10,3.5904927367774384e-05,3.5915546206981701e-05,-1.0618839207317027e-08,8.4000292085520027e-11,0
8684,-1.4500520194985518e-10,-7.6201113107155286e-05,-7.6190386941387677e-05,-1.0726165767608047e-08,2.2549125970636324e-11,0
8685,5.4536090188035053e-10,-6.4217845457924250e-06,-6.4418081258145455e-06,2.0023580022120483e-08,2.1546502451123048e-11,0
8686,-1.7327739060376944e-12,-1.7384636945495704e-06,-1.7341166560488246e-06,-4.3470385007458256e-09,4.6594205183412307e-12,0
8687,-1.9605795271223084e-10,1.6109568140200078e-05,1.6117699936879162e-05,-8.1317966790837946e-09,1.8841739242320973e-11,0
8689,-1.9432517880465427e-10,1.7848060385078010e-05,1.7853258054319490e-05,-5.1976692414800753e-09,9.4777834172496553e-12,0
8691,1.8637209714060906e-10,7.8783843872944417e-05,7.8770171120056418e-05,1.3672752887999504e-08,2.3627307461505728e-11,0
8692,1.7121451911557543e-10,-1.8460041182096973e-04,-1.8459974033047078e-04,-6.7149049894684593e-10,3.5901577524365732e-12,0
8693,1.1719157923525128e-10,-6.4501059520889747e-06,-6.4471753197776116e-06,-2.9306323113631209e-09,4.0705450884666569e-12,0
8694,9.5780384675311124e-11,-4.3564696781330393e-05,-4.3562666784807585e-05,-2.0299965228074866e-09,2.2092491628600857e-12,0
8695,-5.4022939917873220e-11,1.7815031072980665e-04,1.7815550007295870e-04,-5.1893431520487216e-09,4.2954648864867025e-12,0
8696,-7.5434134481907993e-11,1.4103572316260388e-04,1.4103799163889952e-04,-2.2684762956428316e-09,2.3970391039321763e-12,0
8697,-2.1411194558129318e-11,-3.7114577684967337e-05,-3.7115444636438616e-05,8.6695147127847580e-10,2.6799307434591282e-12,0
8698,-2.2711590046585328e-10,1.0235078778763392e-05,1.0216860727451700e-05,1.8218051311692492e-08,2.3007016739927427e-11,0
8699,-1.9701462223937115e-11,-2.3055153239222650e-05,-2.3105093366622274e-05,4.9940127399623917e-08,4.7759017895193018e-11,0
8700,-6.6195853892298835e-11,8.9024580337217565e-05,8.9005439591208899e-05,1.9140746008666581e-08,1.4265865878261969e-11,0
8701,-2.7223051362867306e-10,1.2806731091650515e-05,1.2793936808037693e-05,1.2794283612822219e-08,1.9597624675509461e-11,0
8702,1.8162554601583846e-10,-8.0643122409370001e-06,-8.0651033669358196e-06,7.9112599881950481e-10,2.1336074835650105e-11,0
8703,-4.5490354538495458e-11,2.1706956975441841e-06,2.1721874193077308e-06,-1.4917217635466716e-09,2.1169827063832109e-11,0
8704,1.6192408374509483e-10,-3.1119417772710115e-05,-3.1172706345323742e-05,5.3288572613627544e-08,7.1751637348152920e-11,0
8705,1.1542969207689400e-10,8.0960259003439936e-05,8.0929289993849528e-05,3.0969009590407293e-08,2.3147371892542854e-11,0
8706,-9.0604967687444908e-11,4.7423512021518496e-06,4.7456130309709369e-06,-3.2618288190872701e-09,2.3306895249647483e-11,0
8707,2.0741443827583175e-10,-3.3290083440126392e-05,-3.3334675101232929e-05,4.4591661106536940e-08,6.5494241239685183e-11,0
8708,1.6092004660863245e-10,7.8789568452298370e-05,7.8769968303302480e-05,1.9600148995889562e-08,2.4261791676460769e-11,0
8709,-4.5114613150074493e-11,2.5716931505003621e-06,2.5754910768412799e-06,-3.7979263409178059e-09,1.8833556104749140e-11,0
8710,-4.6494391684322308e-11,1.1207967001908205e-04,1.1210667687749715e-04,-2.7006858415099520e-08,4.9789583475827358e-11,0
8711,-2.5252905125012495e-10,3.5861740294820116e-05,3.5914689532941353e-05,-5.2949238121237569e-08,7.5538082653628281e-11,0
8712,-2.0603465960570969e-10,-7.6217882439649082e-05,-7.6191298734665927e-05,-2.6583704983154590e-08,2.1326685618299334e-11,0
8713,-2.4253061206048272e-12,-1.7396889426642614e-06,-1.7340941735892918e-06,-5.5947690749695898e-09,7.3885424494621486e-12,0
8715,-9.0311756801605689e-11,1.4103912413787265e-04,1.4103731110495224e-04,1.8130329204092688e-09,2.1412164518930008e-11,0
8716,-1.9136783443227850e-11,-3.7113708934458632e-05,-3.7115426560884447e-05,1.7176264258150125e-09,1.1183837070462172e-11,0
8717,-1.8031606111941918e-10,8.9000831095952578e-05,8.9004105339275731e-05,-3.2742433231526926e-09,3.3143520547745881e-11,0
8718,1.0699621120330915e-10,2.2085171668632247e-06,2.1740865915891430e-06,3.4430575274081749e-08,2.6158137721502467e-11,0
8719,1.1212223650759650e-10,4.7785748794153260e-06,4.7481281665614247e-06,3.0446712853901321e-08,2.3573031103890225e-11,0
8720,5.1260251703837237e-12,2.5700980954652063e-06,2.5761229874816058e-06,-6.0248920163995187e-09,2.5757193148750441e-11,0
8721,-1.6678920347966644e-10,1.4101693269417091e-04,1.4103588994453820e-04,-1.8957250367282680e-08,9.3312129368478903e-12,0
8722,4.4325545073839380e-11,-1.5476656399311152e-05,-1.5486419229655477e-05,9.7628303443251911e-09,4.5039065771989736e-11,0
8723,-6.7615053746566371e-11,8.9059199055680632e-05,8.9005610789152538e-05,5.3588266528094763e-08,6.2313198267059811e-11,0
8725,7.1464742178505177e-11,-1.7875231927700838e-04,-1.7871596955969495e-04,-3.6349717313428247e-08,3.4717095608415717e-11,0
8726,1.2218762018654843e-09,-4.3528567210621497e-05,-4.3549058295888664e-05,2.0491085267167544e-08,2.8326951796577623e-11,0
8727,1.8652946862969512e-11,2.1886082947905963e-06,2.1730078873561567e-06,1.5600407434439600e-08,1.3621386446215275e-11,0
8728,-1.5556918732619384e-11,1.7815273286554017e-04,1.7815410476929619e-04,-1.3719037560166493e-09,2.0392694518549275e-11,0
8729,3.2695729413230406e-13,-1.7359246694153733e-06,-1.7339728865773501e-06,-1.9517828380232099e-09,5.3126394579392884e-12,0
8730,-3.0356572521759661e-12,-1.7219526029303408e-05,-1.7221622989461708e-05,2.0969601583006468e-09,4.6800452686012132e-11,0
8731,1.5995294145843290e-12,9.4890609415577715e-05,9.4886380923027211e-05,4.2284925505048322e-09,1.4130571456855166e-11,0
8732,-3.3626145485466515e-12,-1.5483673752213038e-05,-1.5487008374016310e-05,3.3346218032715704e-09,2.8325627254258861e-11,0
8733,1.2725721189419622e-12,9.6626523397833584e-05,9.6619373965961799e-05,7.1494318717855347e-09,6.5833166515201091e-12,0
8734,4.6351866612671174e-12,1.1211005351952769e-04,1.1210779074003488e-04,2.2627794928043420e-09,5.1167187904145207e-11,0
8735,-4.3391627699370836e-11,-4.3583054840552055e-05,-4.3564836238722655e-05,-1.8218601829399542e-08,8.3857587401891796e-12,0
8736,-2.2334169938978188e-10,1.2842786610286344e-05,1.2794368334057234e-05,4.8418276229109759e-08,4.0529410817464255e-11,0
8737,-1.7995007259430306e-10,5.6425735920207290e-05,5.6370334738200290e-05,5.5401182006999648e-08,2.3897312325905612e-11,0
8738,-1.4571890780252224e-10,-5.8701410959355500e-06,-5.8770949597240176e-06,6.9538637884675308e-09,3.4426742347272643e-11,0
8739,-1.4269376060989903e-10,-7.6010371529446584e-06,-7.6302551353462044e-06,2.9217982401546006e-08,1.5870041972529213e-11,0
8740,-2.8695918697062680e-11,-1.8461253766174565e-04,-1.8460015265593397e-04,-1.2385005811681822e-08,2.5589090444640082e-11,0
8741,-6.9371149708830790e-11,-6.4613671936913919e-06,-6.4499197761010845e-06,-1.1447417590307386e-08,2.2071371620639408e-11,0
8742,-2.2715075061632904e-10,-2.3102962758524050e-05,-2.3108030229889751e-05,5.0674713657009854e-09,1.0791794531613281e-10,0
8743,-2.6683509377899539e-10,8.9006099222614481e-05,8.9003387876896036e-05,2.7113457184448336e-09,2.5210539784259061e-11,0
8744,3.0251471929511141e-12,-1.7309383018413067e-06,-1.7339038595660926e-06,2.9655577247858793e-09,8.1080465019760682e-12,0
8745,1.1702298887284604e-10,-1.7874237438985502e-04,-1.7871430453619337e-04,-2.8069853661653443e-08,2.7398916578709817e-11,0
8746,7.6347757811502998e-11,-5.9119922154494964e-07,-5.6318982472125311e-07,-2.8009396823696531e-08,2.6367913932428536e-11,0
8747,-8.1431842811965776e-11,-1.7232662454499947e-05,-1.7222559912790461e-05,-1.0102541709486573e-08,5.5207397381642554e-11,0
8748,-1.2111618596281267e-10,9.4876238511112584e-05,9.4885073454047014e-05,-8.8349429344295296e-09,1.6127968861610755e-11,0
8749,1.1399784167040075e-10,-1.7701152080795701e-04,-1.7698441949508619e-04,-2.7101312870817440e-08,1.3416398668632483e-11,0
8750,7.3322610607753513e-11,1.1397284653338891e-06,1.1612739765832809e-06,-2.1545511249391857e-08,1.3307910357757247e-11,0
8751,-8.4456990003100628e-11,-1.5501806927976924e-05,-1.5488012329849860e-05,-1.3794598127064123e-08,2.8550036954851115e-11,0
8752,-1.2414133315584753e-10,9.6607162059812474e-05,9.6617994200562629e-05,-1.0832140750154486e-08,7.6435579366518780e-12,0
8753,-4.0675230877645333e-11,1.7815119631854701e-04,1.7815320199950093e-04,-2.0056809539213075e-09,1.4171979704890783e-11,0
8754,-2.3813917575303479e-10,2.7361866440780112e-04,2.7359811665348039e-04,2.0547754320731845e-08,2.4487130221738812e-11,0
8755,-1.9746394515369420e-10,9.5467480699109111e-05,9.5448793550841708e-05,1.8687148267403108e-08,2.2524718951532454e-11,0
8758,-3.9684343157501546e-11,1.1210886318422953e-04,1.1210742689856016e-04,1.4362856693643077e-09,5.8705854378946271e-11,0
8760,1.1158723220640447e-12,-1.7339380254348521e-06,-1.7338888453707206e-06,-4.9180064131505241e-11,1.0585941624596445e-11,0
8761,7.4822519784370119e-11,1.6144578090607556e-05,1.6121552233961718e-05,2.3025856645837441e-08,2.9286412924583973e-11,0
8762,2.6436918569606739e-10,-1.7871674833427098e-04,-1.7871185845455475e-04,-4.8898797162290081e-09,1.9810290312188936e-11,0
8763,3.1708465971072768e-10,-5.6289136614881899e-07,-5.6021559292784071e-07,-2.6757732209782838e-09,1.6878148788388150e-11,0
8764,-3.2794121982750440e-11,-1.7220472208083482e-05,-1.7221918322023703e-05,1.4461139402213794e-09,5.4329718292319050e-11,0
8765,-5.0580485083887886e-11,9.4888308858613493e-05,9.4886181438750389e-05,2.1274198631036911e-09,2.0594744717864118e-11,0
8766,7.3706647462332434e-11,1.7878523601079846e-05,1.7856883365518480e-05,2.1640235561366301e-08,2.0638795884591585e-11,0
8767,2.6325331336986656e-10,-1.7698280611339344e-04,-1.7698199732831696e-04,-8.0878507648205096e-10,1.1437079431149296e-11,0
8768,3.1596878738020023e-10,1.1710581725751616e-06,1.1642055862209881e-06,6.8525863541735347e-09,1.2096392408533506e-11,0
8769,-3.3909994307158456e-11,-1.5486626098079083e-05,-1.5487383583430887e-05,7.5748535180401454e-10,4.2983013608481746e-11,0
8770,-5.1696357409579259e-11,9.6622277110526783e-05,9.6619083614242447e-05,3.1934962843366190e-09,8.7962130359375591e-12,0
8771,1.8954666514543189e-10,-1.9486135569532492e-04,-1.9483622255581505e-04,-2.5133139509874889e-08,3.9339504852392252e-11,0
8772,2.4226213891361026e-10,-1.6707455221235193e-05,-1.6676902493267226e-05,-3.0552727967966711e-08,2.5624335715459572e-11,0
8773,-1.0761664198748914e-10,-3.3365019133821741e-05,-3.3338736637284562e-05,-2.6282496537179080e-08,1.0522085095630238e-10,0
8774,-1.2540300511452734e-10,7.8743786154264125e-05,7.8767127860015435e-05,-2.3341705751310005e-08,3.3186969882657832e-11,0
8775,5.2715474008345585e-11,1.7815383372417467e-04,1.7815373077242745e-04,1.0295174722495595e-10,1.8505017484791353e-11,0
8776,-3.1494967076752834e-10,2.7360505375669322e-04,2.7359676378632718e-04,8.2899703660412917e-09,1.9827216630835329e-11,0
8777,-3.6766514461875795e-10,9.5451200221373204e-05,9.5446915024686548e-05,4.2851966866559255e-09,2.0730004653753494e-11,0
8778,2.9716330772703614e-10,-1.6149611326472866e-04,-1.6149563132088118e-04,-4.8194384748745552e-10,8.7247097316204685e-11,0
8779,3.4987878176107283e-10,1.6657844895325361e-05,1.6661486687780329e-05,-3.6417924549687528e-09,6.7473982146846827e-11,0
8780,-1.7786363099698585e-11,1.1210892079842165e-04,1.1210790058605182e-04,1.0202123698252984e-09,8.4228413908182233e-11,0
8781,-1.6778080847928234e-10,-5.9052343831314524e-06,-5.8773685602528640e-06,-2.7865822878588401e-08,1.0668246566481198e-11,0
8782,-1.6783272275167969e-10,-7.6397941237730735e-06,-7.6307866219320051e-06,-9.0075018410683928e-09,4.7122493727338340e-12,0
8783,-2.2847431534172917e-10,8.8980500148829259e-05,8.9004141449097136e-05,-2.3641300267877104e-08,9.0022509641927133e-12,0
8784,-3.2767150878027702e-10,1.2783934849498746e-05,1.2792911434778296e-05,-8.9765852795500075e-09,1.3730839876947542e-11,0
8785,2.3357002293406406e-10,-8.0418926084215026e-06,-8.0642663599885150e-06,2.2373751567012493e-08,1.5554074179208767e-11,0
8786,6.5789214093970883e-11,-1.3947176197330862e-05,-1.3958723539886781e-05,1.1547342555919384e-08,1.1469744461753561e-11,0
8787,6.5737299817708369e-11,-1.5681670169116410e-05,-1.5693525781559384e-05,1.1855612442973845e-08,8.5732438271452316e-12,0
8788,5.0957073317498729e-12,8.0938639075651465e-05,8.0928437365941039e-05,1.0201709710425675e-08,1.5055917783199322e-11,0
8789,-9.4101486227985370e-11,4.7420139208378606e-06,4.7455770390873318e-06,-3.5631182494712089e-09,1.2619888045751855e-11,0
8790,-5.1914276274018304e-14,-1.7345494607243147e-06,-1.7338609227389038e-06,-6.8853798541089515e-10,2.6494024761155349e-12,0
8791,-6.0693506796196631e-11,9.4885751202905717e-05,9.4886311640097530e-05,-5.6043719181230172e-10,4.1336959804683090e-12,0
8792,-1.5989070031569722e-10,1.8689167415217658e-05,1.8695328675454949e-05,-6.1612602372900481e-09,9.0484865134576526e-12,0
8793,-6.0641592519699056e-11,9.6620304382592000e-05,9.6619181994817848e-05,1.1223877741524087e-09,2.4232149613812731e-12,0
8794,-1.5983878603921872e-10,2.0423724486113778e-05,2.0428454677759407e-05,-4.7301916456280683e-09,6.7662735360734301e-12,0
8795,-9.9197193555628467e-11,-7.6196577870537609e-05,-7.6190627219691889e-05,-5.9506508457199923e-09,9.4187573670614304e-12,0
8796,2.9851489288125976e-10,1.4104092940960596e-04,1.4103857437645966e-04,2.3550331463054706e-09,3.5058501240450791e-12,0
8797,9.6418674141977147e-10,-6.4439141216959470e-06,-6.4374156251679766e-06,-6.4984965279703621e-09,3.0516281899353149e-11,0
8798,8.0808379382971254e-10,-4.3561577190873667e-05,-4.3554712956811295e-05,-6.8642340623724916e-09,1.5671194127837520e-11,0
8799,-1.5610294748644872e-10,-3.7117734564297115e-05,-3.7117206054298424e-05,-5.2850999869102997e-10,8.8656420508048796e-12,0
8800,-2.5294353566250449e-11,-1.3954945842026278e-05,-1.3960004121727365e-05,5.0582797010867593e-09,1.3466656726285206e-11,0
8801,-2.6747686899944059e-11,-1.5692952063699889e-05,-1.5694780523562499e-05,1.8284598626104446e-09,6.0638659869219936e-12,0
8802,-1.0335865382904519e-10,2.1670120781500796e-06,2.1715408342017666e-06,-4.5287560516870510e-09,1.3962693673913113e-11,0
8803,-8.9190262691797675e-12,-3.1173609513647244e-05,-3.1175530064461737e-05,1.9205508144926314e-09,6.8140171186152187e-11,0
8804,-1.9747135107123159e-11,8.0937021664995428e-05,8.0928236086308213e-05,8.7855786872154205e-09,1.0344058218036691e-11,0
8805,-1.7976633145987553e-11,4.7507823798206318e-06,4.7465226275260670e-06,4.2597522945648264e-09,1.2136266393837888e-11,0
8806,-1.4533333368893855e-12,-1.7380105814397933e-06,-1.7338351158409644e-06,-4.1754655988289361e-09,2.1183382864692763e-12,0
8807,-7.8064300289553437e-11,1.6121978103458270e-05,1.6119875419988669e-05,2.1026834696010388e-09,1.0024095113818367e-11,0
8808,1.6375327334940157e-11,-1.7218648133199722e-05,-1.7221223579012583e-05,2.5754458128614754e-09,2.4108133787110707e-11,0
8809,5.5472185186861989e-12,9.4891982587969048e-05,9.4887393453831379e-05,4.5891341376687930e-09,4.1355301758879020e-12,0
8810,7.3177204024803829e-12,1.8705735496508252e-05,1.8697516587487150e-05,8.2189090211022011e-09,1.1308938470482706e-11,0
8811,-7.6610966953322705e-11,1.7859974234759983e-05,1.7855153188777104e-05,4.8210459828787596e-09,5.0776070587714540e-12,0
8812,1.7828660671829848e-11,-1.5480699777515889e-05,-1.5486737769983513e-05,6.0379924676242204e-09,1.1330038134941906e-11,0
8813,7.0005518541101421e-12,9.6629996885885024e-05,9.6620234031658670e-05,9.7628542263547644e-09,1.8892011166893482e-12,0
8814,8.7710537391816554e-12,2.0443767098875937e-05,2.0430626237950157e-05,1.3140860925779397e-08,5.8107383843699282e-12,0
8815,9.4439627597972868e-11,-3.3340639104822859e-05,-3.3336310543364130e-05,-4.3285614587291760e-09,7.0076147264307170e-11,0
8816,8.3611518775308691e-11,7.8769999476520445e-05,7.8770086012332585e-05,-8.6535812139610334e-11,9.0570776130497987e-12,0
8817,8.5382020691181815e-11,2.5837900225712460e-06,2.5771869875145518e-06,6.6030350566942090e-09,1.3240762444838968e-11,0
8818,-1.0828108827040748e-11,1.1211062914069246e-04,1.1210843399234910e-04,2.1951483433578630e-09,2.0570854376489917e-11,0
8819,-9.0576069049452545e-12,3.5924390146013264e-05,3.5918328365735709e-05,6.0617802775554262e-09,7.4609497752225540e-11,0
8820,1.7705019380365671e-12,-7.6186234298982781e-05,-7.6189510409494901e-05,3.2761105121190690e-09,9.7949136698585050e-12,0
8821,2.0172297044347536e-10,-1.8459650312095720e-04,-1.8459548427910577e-04,-1.0188418514346827e-09,3.6812900644419083e-12,0
8822,1.2929138403896307e-10,-6.4509348421408399e-06,-6.4478335000578942e-06,-3.1013420829457202e-09,4.1529158412986647e-12,0
8823,-7.2431586431517805e-11,1.7814557491035651e-04,1.7815064973739122e-04,-5.0748270347025348e-09,4.1339138904937725e-12,0
8824,1.6404924650052731e-10,-1.3940443997160698e-05,-1.3957768039572786e-05,1.7324042412087879e-08,2.9928549420917682e-11,0
8825,1.6262861613550879e-10,-1.5678336593584474e-05,-1.5692511963432712e-05,1.4175369848237979e-08,1.5862705336165624e-11,0
8826,-3.8483080364741537e-11,2.1707826882483208e-06,2.1723544373009707e-06,-1.5717490526498989e-09,1.3316310380200214e-11,0
8827,1.6793019748354819e-10,-3.1156871092459515e-05,-3.1173426638143950e-05,1.6555545684434779e-08,9.2574701640663562e-11,0
8828,1.4057694589475918e-10,8.0952112414447996e-05,8.0930303605212598e-05,2.1808809235398532e-08,3.7746261502929275e-11,0
8829,-1.4399492806682543e-11,4.7466515728897436e-06,4.7465681222201657e-06,8.3450669577962570e-11,1.3232646146486720e-11,0
8830,-1.4206303657285742e-12,-1.7378628355318239e-06,-1.7338026623095011e-06,-4.0601732223227926e-09,4.7056523725150889e-12,0
8831,-2.0253232694403392e-10,1.6111258907356568e-05,1.6118413909510853e-05,-7.1550021542850868e-09,1.7180452355216867e-11,0
8832,3.8809508960364923e-12,-1.7216481548101327e-05,-1.7221346713302264e-05,4.8651652009368621e-09,3.3323769443429663e-11,0
8833,-2.3472300748538662e-11,9.4892618821095344e-05,9.4887226754334752e-05,5.3920667605921770e-09,9.4662230965790167e-12,0
8834,-1.7844873945945105e-10,1.8687116074528332e-05,1.8695297609289809e-05,-8.1815347614770250e-09,2.0729167955597485e-11,0
8835,-2.0111169657804442e-10,1.7849136204148991e-05,1.7853659362094035e-05,-4.5231579450437192e-09,9.4650249724714628e-12,0
8836,5.3015812616944053e-12,-1.5478652284179554e-05,-1.5486891560557122e-05,8.2392763775682653e-09,1.8079809838765823e-11,0
8837,-2.2051670383114861e-11,9.6630476270696819e-05,9.6620031932570893e-05,1.0444338125926316e-08,4.4259655845579785e-12,0
8838,-1.7702810909301472e-10,2.0425018507345093e-05,2.0428381822643376e-05,-3.3633152982833468e-09,1.1128513215227997e-11,0
8839,2.0641327784720194e-10,-3.3327730651700263e-05,-3.3334951746953766e-05,7.2210952535030739e-09,4.0567283383504252e-11,0
8840,1.7906002624865910e-10,7.8781318016798649e-05,7.8771406779969445e-05,9.9112368292039602e-09,1.7554353806795421e-11,0
8841,2.4083587548925432e-11,2.5758708889823435e-06,2.5764366706915146e-06,-5.6578170917103563e-10,9.7376852249122404e-12,0
8842,-2.7353251650262493e-11,1.1210902469939178e-04,1.1210839646826851e-04,6.2823112326453739e-10,3.4074625393942789e-11,0
8843,-1.8232969036354107e-10,3.5903537854551151e-05,3.5916258403680580e-05,-1.2720549129428967e-08,5.4579603742260995e-11,0
8844,-1.5497643871144599e-10,-7.6205470798132446e-05,-7.6191554739095849e-05,-1.3916059036597653e-08,1.9830560228994216e-11,0
8845,4.6599310760423044e-10,-1.8457441010023660e-04,-1.8459187623656465e-04,1.7466136328046777e-08,1.2745115197940310e-11,0
8846,3.3086755870455932e-10,-6.4450499151899251e-06,-6.4454025822990759e-06,3.5266710915074311e-10,8.4166515171997387e-12,0
8847,2.7782708168781110e-10,-4.3561309668677106e-05,-4.3561445968713326e-05,1.3630003621931249e-10,7.8381843994303999e-12,0
8848,-1.3512554886074064e-10,1.7812935120596271e-04,1.7814947806179377e-04,-2.0126855831059318e-08,9.9137353330963645e-12,0
8849,-1.8816602582994511e-10,1.4101311762724708e-04,1.4103134034614662e-04,-1.8222718899541922e-08,6.4886847258013361e-12,0
8850,-5.3040476994975262e-11,-3.7116261546353817e-05,-3.7115944175349842e-05,-3.1737100397537504e-10,6.2008779269813469e-12,0
8851,-6.1131560817141278e-13,-1.7360482167715229e-06,-1.7337689804519210e-06,-2.2792363196018621e-09,3.3951495638639310e-12,0
8852,-5.9941255691908532e-11,9.4873491804639207e-05,9.4886917018306341e-05,-1.3425213667134618e-08,6.1121403375583805e-12,0
8853,-5.9329940083273624e-11,9.6609537969045284e-05,9.6619686341067697e-05,-1.0148372022413172e-08,3.3268359022831227e-12,0
8854,3.6739183462200991e-10,1.4103738773265241e-04,1.4103770410292015e-04,-3.1637026773833309e-10,7.1452495662751382e-12,0
8855,1.0098574221804324e-14,-1.7340968386549892e-06,-1.7337442729326590e-06,-3.5256572233022911e-10,6.3502027593009926e-12,0
8856,-7.5726301905047347e-11,9.4871588237369249e-05,9.4886823742913113e-05,-1.5235505543864420e-08,1.2265407885334759e-11,0
8857,-7.5736400479257607e-11,9.6605689497357254e-05,9.6619566795306467e-05,-1.3877297949213183e-08,5.8281858715889387e-12,0
8858,1.2367062067770018e-11,-3.7113458441705627e-05,-3.7115156004838401e-05,1.6975631327741840e-09,1.4319718581784074e-11,0
8862,-2.0466317590356901e-10,8.8995703671703938e-05,8.9004979035335865e-05,-9.2753636319269734e-09,8.7134666399637468e-11,0
8865,-8.2021048867449305e-11,9.4886000660187805e-05,9.4887001296571657e-05,-1.0006363838514559e-09,4.3194784762907552e-11,0
8866,2.6085790696638052e-10,-1.7695578118929068e-04,-1.7697906442037527e-04,2.3283231084591594e-08,3.8227563598459980e-11,0
8867,-8.2944894625662750e-11,9.6618659077910007e-05,9.6619686714064510e-05,-1.0276361545025724e-09,1.7599667940623879e-11,0
8868,-3.4380280131435510e-10,2.7357443961443725e-04,2.7359432964914299e-04,-1.9890034705740724e-08,5.1282131115511958e-11,0
8869,-4.8715158033138384e-11,-3.7132402664688102e-05,-3.7115924122097530e-05,-1.6478542590571757e-08,5.0550373215080614e-12,0
8872,8.9980962359839007e-11,2.1913711797123120e-06,2.1739804138022739e-06,1.7390765910038111e-08,2.2763151915023705e-11,0
8873,8.3505055025734015e-11,4.7651740942671050e-06,4.7477863947712346e-06,1.7387699495870442e-08,2.0450053923196568e-11,0
8874,-6.4759074903582489e-12,2.5737856815827992e-06,2.5760935154678541e-06,-2.3078338850548794e-09,2.5788191366764741e-11,0
8875,-5.9733222755168681e-11,-5.8587147571675935e-06,-5.8760286087669152e-06,1.7313851599321743e-08,3.0969738342641631e-11,0
8876,-5.6390868845579528e-11,-7.5886751898643010e-06,-7.6299673924235776e-06,4.1292202559276600e-08,1.8077297307254876e-11,0
8877,2.9844597872484336e-12,-1.8460855453687232e-04,-1.8459581806485277e-04,-1.2736472019544498e-08,2.2893946008350360e-11,0
8878,-5.7118034548739878e-11,-6.4620793117121933e-06,-6.4505893959996974e-06,-1.1489915712495913e-08,2.0693529162569215e-11,0
8879,-1.4760161920090811e-10,-2.3098626190925110e-05,-2.3107869255856891e-05,9.2430649317813392e-09,1.0025634427431601e-10,0
8880,-1.8874029753362450e-10,8.9012215086068823e-05,8.9005345885546759e-05,6.8692005220636395e-09,2.6807123160948305e-11,0
8881,3.3423539096360051e-12,-1.7299133492015915e-06,-1.7336111032081846e-06,3.6977540065930584e-09,1.2252159707588494e-11,0
8882,6.2717682227820699e-11,-1.7874973592823216e-04,-1.7871035911381535e-04,-3.9376814416818093e-08,3.1445381411724757e-11,0
8883,2.6151878374830382e-12,-6.0335297964730916e-07,-5.6418831135275120e-07,-3.9164668294557964e-08,3.0567606005377622e-11,0
8884,-8.7868396433672876e-11,-1.7239873542353960e-05,-1.7222353015885389e-05,-1.7520526468570543e-08,7.7480486753599611e-11,0
8885,-1.2900707475004910e-10,9.4870961127381612e-05,9.4886716624239265e-05,-1.5755496857652461e-08,2.6426637319918820e-11,0
8886,5.9375328309478418e-11,-1.7701981528438389e-04,-1.7698083326945141e-04,-3.8982014932480939e-08,1.6338670850123278e-11,0
8887,-7.2716608263962443e-13,1.1265903975127278e-06,1.1597766499301644e-06,-3.3186252417436528e-08,1.6982741547856400e-11,0
8888,-9.1210750344558860e-11,-1.5510073215221909e-05,-1.5488081992157257e-05,-2.1991223064652321e-08,3.7020851797638024e-11,0
8889,-1.3234942865906553e-10,9.6600900970492294e-05,9.6619318063932211e-05,-1.8417093439917326e-08,1.2866961224698890e-11,0
8890,-6.0102494227693752e-11,1.7814644163166886e-04,1.7814826273927927e-04,-1.8211076104144436e-09,1.5279232924236519e-11,0
8891,-1.9172475798397056e-10,2.7362072877583875e-04,2.7359570414675220e-04,2.5024629086544802e-08,2.8835188595492559e-11,0
8892,-1.3162226404127918e-10,9.5474302858222782e-05,9.5451343548640468e-05,2.2959309582313257e-08,2.8616056653354302e-11,0
8895,-4.1138678324906204e-11,1.1211091369161741e-04,1.1210891761565633e-04,1.9960759610812692e-09,8.3016832013890141e-11,0
8896,8.2661302963356091e-12,2.1750629840833202e-06,2.1729732628287734e-06,2.0897212545467758e-09,6.3478645500898818e-12,0
8897,4.6802912544989443e-11,4.7543083957508198e-06,4.7473320139049923e-06,6.9763818458274884e-09,5.1642791626318636e-12,0
8898,3.8536782217099653e-11,2.5792389814404890e-06,2.5766585444107917e-06,2.5804370296972507e-09,8.1600956430987460e-12,0
8899,3.1149972521563920e-12,-1.7333153846916616e-06,-1.7335904730393621e-06,2.7508834770053552e-10,1.0744567873682759e-11,0
8900,1.0078296255698345e-10,-1.7872358715480437e-04,-1.7870951203615887e-04,-1.4075118645492631e-08,3.1323644940837353e-11,0
8901,1.3617002237758792e-10,-3.7688984625808969e-05,-3.7692734440219488e-05,3.7498144105188895e-09,1.9623932260532309e-11,0
8902,9.7667965294516900e-11,-1.7699032852326081e-04,-1.7698001221631171e-04,-1.0316306949106555e-08,1.5592172787831160e-11,0
8903,1.3305502510797932e-10,-3.5955665686848368e-05,-3.5953274528437986e-05,-2.3911584103811917e-09,1.1128679863192242e-11,0
8904,3.5387060354806971e-11,1.4103468674927741e-04,1.4103146613963361e-04,3.2206096438000282e-09,1.8623641306875798e-11,0
8905,-1.3562332661357217e-10,1.0238023688838305e-05,1.0216724013619452e-05,2.1299675218852877e-08,3.2918167261120508e-11,0
8907,-1.9966532889008339e-10,1.2808587419841939e-05,1.2794110423076139e-05,1.4476996765799539e-08,2.6310063870040244e-11,0
8908,8.8460060473990123e-11,-8.0672038389483815e-06,-8.0658442088498444e-06,-1.3596300985370250e-09,2.6403316617377587e-11,0
8909,-4.7163266030164976e-11,2.1708945135716275e-06,2.1722932492504608e-06,-1.3987356788332372e-09,2.5115419750564402e-11,0
8911,-1.1120526832158124e-10,4.7413882789783604e-06,4.7453734019865756e-06,-3.9851230082151758e-09,2.3034153297825885e-11,0
8913,-6.4042002294997317e-11,2.5704840453128625e-06,2.5753944830955838e-06,-4.9104377827213414e-09,1.3293538771022239e-11,0
8915,2.7174975463816691e-12,-1.7354132237019563e-06,-1.7335709758264050e-06,-1.8422478755512432e-09,5.2195986675924839e-12,0
8916,1.8048272207264351e-10,-1.7874025687967393e-04,-1.7870813300328734e-04,-3.2123876386595026e-08,1.2401334708403968e-11,0
8917,3.6615522504718412e-10,-5.9072756251020431e-07,-5.5969381133590406e-07,-3.1033751174300251e-08,1.3839680749758545e-11,0
8918,-2.5539724216679327e-11,-1.7207041382245707e-05,-1.7221532519255552e-05,1.4491137009845872e-08,4.2024962058078240e-11,0
8919,4.5453360147567304e-10,-3.7703027024433081e-05,-3.7688839817323515e-05,-1.4187207109565912e-08,8.8695689164755144e-12,0
8920,1.7776522452019975e-10,-1.7700484927628789e-04,-1.7697865829976553e-04,-2.6190976522359440e-08,6.2292392199672774e-12,0
8921,3.6343772749015427e-10,1.1446923307914525e-06,1.1641968612001354e-06,-1.9504530408682919e-08,6.9469795789120462e-12,0
8922,-2.8257221768924514e-11,-1.5471764751265327e-05,-1.5487298937996779e-05,1.5534186731452150e-08,1.9228637030212148e-11,0
8923,4.5181610392166643e-10,-3.5967608013755259e-05,-3.5949384141476879e-05,-1.8223872278380214e-08,4.3967520479851049e-12,0
8924,1.8567250411774589e-10,1.7814950997464699e-04,1.7815053189938458e-04,-1.0219247375945796e-09,8.9138746813119339e-12,0
8925,2.7405088092199111e-10,1.4103721603870700e-04,1.4103400979569009e-04,3.2062430169069005e-09,5.7315994816284834e-12,0
8926,8.8378376730804716e-11,-3.7112287653717204e-05,-3.7114252921279282e-05,1.9652675620771345e-09,4.7887493046520450e-12,0
8927,2.0602244613565569e-10,-1.6153307683660321e-04,-1.6149231614887821e-04,-4.0760687725001658e-08,5.8912423343411220e-11,0
8928,3.9169494901778366e-10,1.6616350386758350e-05,1.6661761664545472e-05,-4.5411277787122897e-08,7.3017571744405344e-11,0
8929,4.8007332541860974e-10,-2.0495920150810296e-05,-2.0464033105461615e-05,-3.1887045348680243e-08,4.1054217727051047e-11,0
8931,4.3512048633364107e-12,-1.7308271216239846e-06,-1.7335280473415737e-06,2.7009257175890130e-09,3.4749072701551578e-11,0
8932,-1.4700521127159220e-11,-1.7875753955910040e-04,-1.7871019105617270e-04,-4.7348502927696242e-08,2.5115606873433175e-11,0
8933,-5.2003464612254317e-11,-6.1115801778394152e-07,-5.6488620377735635e-07,-4.6271814006585171e-08,2.8697754647137712e-11,0
8934,-1.2445849542640108e-10,9.4887097555584042e-05,9.4887198277985300e-05,-1.0072240125822730e-10,2.6599579528454619e-11,0
8935,-1.9051726001860002e-11,-1.7702674006909308e-04,-1.7698076449567212e-04,-4.5975573420960420e-08,2.9492463321232586e-11,0
8936,-5.6354669491809654e-11,1.1196381992512050e-06,1.1589453659131663e-06,-3.9307166661961267e-08,2.9201631738411219e-11,0
8937,-1.2880970028851638e-10,9.6617968876271977e-05,9.6619710176887557e-05,-1.7413006155801540e-09,3.5723859876279493e-11,0
8938,-3.7302943026241622e-11,1.7814639249252168e-04,1.7814739792467750e-04,-1.0054321558259846e-09,2.0900218747224517e-11,0
8939,-1.0975797575239747e-10,2.7364463579045498e-04,2.7359599081329026e-04,4.8644977164718096e-08,2.3141792679946229e-11,0
8940,-7.2455032881538220e-11,9.5498274690908325e-05,9.5452500707179881e-05,4.5773983728443902e-08,2.3057459054523516e-11,0
8941,4.7212222661321251e-10,-2.0453165944404189e-05,-2.0464218177698665e-05,1.1052233294475699e-08,4.7619541173872110e-11,0
8943,-3.0094687150223845e-11,-1.3955437728077266e-05,-1.3961063322410741e-05,5.6255943334750547e-09,1.2540186154008598e-11,0
8944,-3.1221312582284458e-11,-1.5692893270470056e-05,-1.5695549563219054e-05,2.6562927489984602e-09,9.9959200650587258e-12,0
8945,-1.1530087973026330e-10,2.1666427559349083e-06,2.1714734570329759e-06,-4.8307010980675946e-09,1.3229127974279098e-11,0
8946,-4.2080228921017249e-11,4.7480849936971416e-06,4.7462338124186628e-06,1.8511812784787864e-09,1.2602256877386116e-11,0
8947,-1.1266254309457987e-12,-1.7374411523364905e-06,-1.7335451728704957e-06,-3.8959794659947529e-09,3.6223962298141340e-12,0
8948,-8.5206192605532832e-11,1.6122070659793913e-05,1.6120519054661253e-05,1.5516051326595567e-09,1.1043314044144944e-11,0
8949,-1.1985541781324466e-11,1.8703514129249713e-05,1.8698033706931563e-05,5.4804223181495080e-09,1.2612380076802740e-11,0
8950,-8.4079567175433296e-11,1.7859517228617418e-05,1.7855508105529399e-05,4.0091230880190474e-09,8.5776405136313041e-12,0
8951,-1.0858916350898770e-11,2.0440964157659135e-05,2.0430916006042406e-05,1.0048151616728689e-08,9.8265167102215118e-12,0
8952,7.3220650821468446e-11,2.5814473716551101e-06,2.5771242635081714e-06,4.3231081469386962e-09,1.4330583655816844e-11,0
8953,2.2886959715147675e-10,-1.8459266183294340e-04,-1.8459131525702053e-04,-1.3465759228698838e-09,3.6862812400206251e-12,0
8954,1.3911514349670058e-10,-6.4517944385752372e-06,-6.4485104568996870e-06,-3.2839816755501233e-09,4.0644807892306215e-12,0
8955,6.1956037356706147e-11,-2.3066645885586740e-05,-2.3105626790136706e-05,3.8980904549966786e-08,1.6423263740584777e-11,0
8956,1.0759138313633155e-11,8.9033616593091336e-05,8.9008247115662310e-05,2.5369477429026347e-08,3.4742794072846388e-12,0
8957,1.0636761092922433e-10,-4.3566481699620820e-05,-4.3564435037303488e-05,-2.0466623173317979e-09,2.2305544326818169e-12,0
8958,-8.9754453672673593e-11,1.7814087240731937e-04,1.7814586690747641e-04,-4.9945001570389676e-09,4.0729793916457952e-12,0
8959,-2.1811045855862263e-10,2.7362628226385542e-04,2.7359408706180638e-04,3.2195202049039445e-08,4.7058550568358625e-12,0
8960,-1.2250198623815886e-10,1.4102618398097871e-04,1.4102778362905062e-04,-1.5996480719085524e-09,2.3540189058981426e-12,0
8961,-1.2835600528142579e-10,9.5485410460989170e-05,9.5452132329235508e-05,3.3278131753662534e-08,5.4813859986000918e-12,0
8962,-3.2747532561704556e-11,-3.7114692750396094e-05,-3.7115781783669885e-05,1.0890332737909111e-09,2.6380004275646368e-12,0
8963,1.6691355906518123e-10,-1.6152598594557522e-04,-1.6149165554192851e-04,-3.4330403646709758e-08,3.4765070168071866e-11,0
8964,7.7159105358569511e-11,1.6614917470491805e-05,1.6657798171656701e-05,-4.2880701164896377e-08,5.0070303508884112e-11,0
8965,-5.1196898975104334e-11,1.1210027722423441e-04,1.1210944415367974e-04,-9.1669294453297417e-09,2.0033408517694832e-11,0
8966,4.4411572790839131e-11,-2.0499827589455510e-05,-2.0469622673204454e-05,-3.0204916251056103e-08,2.4471064888084025e-11,0
8967,9.5608471853080526e-11,-1.3260010042128074e-04,-1.3257598094284947e-04,-2.4119478431270259e-08,3.1124344839451401e-12,0
8968,-1.5201305320137234e-10,1.7812489678671953e-04,1.7814470698871969e-04,-1.9810202000163221e-08,9.9141103267106400e-12,0
8969,-2.1022501444609611e-10,1.4100858086343003e-04,1.4102628958772588e-04,-1.7708724295853939e-08,6.1980600149267197e-12,0
8970,-5.8211961275509085e-11,-3.7116321997487933e-05,-3.7116105875435652e-05,-2.1612205228167857e-10,6.1206231403209464e-12,0
8971,-9.4840887432078653e-11,-5.8931261803850214e-06,-5.8764639962597196e-06,-1.6662184125301822e-08,9.2095722598784203e-12,0
8972,-9.4523544714707421e-11,-7.6268997300896375e-06,-7.6308654509500066e-06,3.9657208603690978e-09,4.2057089987602458e-12,0
8973,-2.5145460439007185e-10,1.0221484548052218e-05,1.0214933392338847e-05,6.5511557133703243e-09,1.3282818101298026e-11,0
8974,-1.2940160539368377e-10,-2.3115427543648689e-05,-2.3108092073458710e-05,-7.3354701899793688e-09,3.1165647207510175e-11,0
8975,-1.6865522109596643e-10,8.8993632095400212e-05,8.9006132576558829e-05,-1.2500481158617756e-08,7.0950358763659842e-12,0
8976,-2.7254903343311069e-10,1.2795503138875522e-05,1.2793004242928319e-05,2.4988959472025253e-09,1.2656596438664884e-11,0
8977,1.5860395648407399e-10,-8.0543960603481068e-06,-8.0648588458995898e-06,1.0462785551482975e-08,1.6680251480309551e-11,0
8978,6.3763068789593379e-11,-1.3947561861969975e-05,-1.3960023706797229e-05,1.2461844827253417e-08,1.4772357541889064e-11,0
8979,6.4080411508414128e-11,-1.5681315773255662e-05,-1.5694456447691133e-05,1.3140674435470524e-08,7.3733106919854691e-12,0
8980,-9.2850648240644489e-11,2.1670610694333320e-06,2.1717619156982551e-06,-4.7008462649231406e-09,1.5886820096521769e-11,0
8981,2.9202350877558445e-11,-3.1169800218027854e-05,-3.1175957721962180e-05,6.1575039343261958e-09,5.7048389341909794e-11,0
8982,-1.0051264810225237e-11,8.0939207852026611e-05,8.0929151353832256e-05,1.0056498194355602e-08,1.4813251799822846e-11,0
8983,-1.1394507722721088e-10,4.7410445317098635e-06,4.7453438380760789e-06,-4.2993063662154649e-09,2.2017266221217216e-11,0
8984,3.1734271679554755e-13,-1.7337797529858994e-06,-1.7334917000827574e-06,-2.8805290314198367e-10,2.1271530424478628e-12,0
8985,-1.5661371699621082e-10,1.6114599695778511e-05,1.6119724582355422e-05,-5.1248865769107767e-09,1.0979258958860981e-11,0
8986,-3.4560717937615171e-11,-1.7222298016560979e-05,-1.7221536145666217e-05,-7.6187089476158166e-10,1.8872348618594701e-11,0
8987,-7.3814333634941811e-11,9.4886761779692901e-05,9.4888347000806592e-05,-1.5852211136910700e-09,4.2033964948889585e-12,0
8988,-1.7770814601153320e-10,1.8688605054606455e-05,1.8696072610184167e-05,-7.4675555777116995e-09,1.5086570472966762e-11,0
8989,-1.5693105971341106e-10,1.7848359992446439e-05,1.7854660312834425e-05,-6.3003203879865579e-09,5.4131525564245023e-12,0
8990,-3.4878060656961193e-11,-1.5488619267998993e-05,-1.5487375725125894e-05,-1.2435428730993943e-09,9.0916345245702541e-12,0
8991,-7.4131676351235873e-11,9.6620538426892000e-05,9.6620814612459878e-05,-2.7618556787812991e-10,1.9189942807757859e-12,0
8992,-1.7802548872799645e-10,2.0422376168437520e-05,2.0428909223024393e-05,-6.5330545868732431e-09,6.9356537043022253e-12,0
8993,1.2205299919530273e-10,-3.3336898839453517e-05,-3.3336267447596656e-05,-6.3139185686158974e-10,4.9779670143163818e-11,0
8994,8.2799383514871218e-11,7.8772182820129218e-05,7.8771450754850798e-05,7.3206527841931327e-10,9.3560798734918205e-12,0
8995,-2.1094428953128139e-11,2.5740136139081569e-06,2.5759655748174934e-06,-1.9519609093364064e-09,1.3190559226313622e-11,0
8996,-3.9253615692874708e-11,1.1210908242792928e-04,1.1210976070142184e-04,-6.7827349256078823e-10,1.8461965526275115e-11,0
8997,-1.4314742808734878e-10,3.5910858765145909e-05,3.5917456562696519e-05,-6.5977975506099776e-09,6.7300169614212149e-11,0
8998,-1.0389381241958534e-10,-7.6198165053161654e-05,-7.6191828200419435e-05,-6.3368527422190835e-09,1.1152550126168331e-11,0
8999,1.8960730293761784e-10,1.7814670595471007e-04,1.7814845404936312e-04,-1.7480946530536081e-09,1.3911880888561322e-11,0
9000,3.2599583043613299e-10,1.4103395929357734e-04,1.4103242685283707e-04,1.5324407402761420e-09,7.0298603837750097e-12,0
9001,1.3638852741448293e-10,-3.7112730050432169e-05,-3.7113703009135676e-05,9.7295870350662698e-10,8.7943112268606921e-12,0
9002,2.7229649384548237e-13,-1.7333460469081510e-06,-1.7334680273344736e-06,1.2198042632260075e-10,8.0714535439508701e-12,0
9003,-2.1330236207031744e-10,1.6082190668844157e-05,1.6119083618201331e-05,-3.6892949357174483e-08,1.8028108915581916e-11,0
9004,-3.8620558171338738e-11,-1.7238532857574186e-05,-1.7221562438775217e-05,-1.6970418798968969e-08,3.9906861336583867e-11,0
9005,-8.4581568510622257e-11,9.4863489400245742e-05,9.4888359538393730e-05,-2.4870138147988787e-08,1.1598669127688501e-11,0
9006,-2.1357465856395769e-10,1.7815539008638956e-05,1.7853995779764059e-05,-3.8456771125103088e-08,1.4804803674356400e-11,0
9007,-3.8892854665155053e-11,-1.5505282096206496e-05,-1.5487424332088668e-05,-1.7857764117828177e-08,2.8583333302602735e-11,0
9008,-8.4853865004009872e-11,9.6596800847559283e-05,9.6620801249790183e-05,-2.4000402230899996e-08,6.3907501773269238e-12,0
9009,1.7468180413317020e-10,-3.3320872524554221e-05,-3.3335637336870452e-05,1.4764812316231380e-08,6.8048825954590416e-11,0
9010,1.2872079381340403e-10,7.8781281899635569e-05,7.8772123882356519e-05,9.1580172790502569e-09,2.0019611890292681e-11,0
9011,-4.5961010335589233e-11,1.1210205473569145e-04,1.1210980409979884e-04,-7.7493641073892415e-09,5.3943343894253174e-11,0
9012,-3.7511846704336274e-10,1.2759408388865467e-05,1.2791667640421924e-05,-3.2259251556456794e-08,2.3778914134347538e-11,0
9013,1.5865371092678391e-10,-1.5679381268637535e-05,-1.5693421139470970e-05,1.4039870833434882e-08,1.5356142966419154e-11,0
9015,-3.7533251064311756e-11,9.6629786570360155e-05,9.6621540500464422e-05,8.2460698957325957e-09,3.5912972869183429e-12,0
9016,2.1169899961554645e-10,-1.7870960911188418e-04,-1.7870506766903011e-04,-4.5414428540750760e-09,2.6083334242569646e-11,0
9017,2.3628666950890868e-10,-5.6392524372557689e-07,-5.6135313550527821e-07,-2.5721082202986842e-09,2.7441167424353735e-11,0
9018,2.4587669914150180e-11,1.7814572303494051e-04,1.7814580993648628e-04,-8.6901545773851799e-11,2.1965236879442707e-11,0
