obs_index,gravity_template_s,obs_minus_base_s,fit_s,obs_minus_base_minus_fit_s,sigma_s,flag
0,4.5456208019604019e-10,-1.1661070027361997e-05,-1.1662810636768590e-05,1.7406094065933376e-09,1.2673034021960959e-11,0
1,6.9859024026652928e-10,-5.5996839600507171e-06,-5.5794294020115671e-06,-2.0254558039150025e-08,9.3885061557492863e-12,0
2,5.5961594753441337e-10,-1.3132209187132794e-05,-1.3140846608371225e-05,8.6374212384307932e-09,6.2870058645295546e-12,0
3,2.4402815990027930e-10,6.0614263854659109e-06,6.0775102451842403e-06,-1.6083859718329406e-08,9.9410555424446780e-12,0
4,1.0505386726340753e-10,-1.4711132955420696e-06,-1.4759232451410226e-06,4.8099495989530129e-09,6.8074800804675980e-12,0
5,-1.3897429267656781e-10,-7.5325232757501859e-06,-7.5557250844784062e-06,2.3201808728220314e-08,3.3315665869189038e-12,0
6,8.7464914032464975e-09,-7.6430493406784558e-05,-7.6383022258547697e-05,-4.7471148236860822e-08,5.2101645797036024e-11,0
7,1.1702721268201142e-08,-8.1683085496903757e-06,-8.0994251886358340e-06,-6.8883361054541704e-08,2.2400598224349791e-11,0
8,1.1981812554125793e-08,-1.5692352818120949e-05,-1.5663545977384243e-05,-2.8806840736705930e-08,1.4621644086492945e-11,0
9,2.9562298721414836e-09,6.8262113712144225e-05,6.8291717118513809e-05,-2.9603406369584583e-08,3.4201917927618844e-11,0
10,3.2353211574747058e-09,6.0738043171755952e-05,6.0735861592151317e-05,2.1815796046349288e-09,2.2550479125741106e-11,0
11,2.7909128853619702e-10,-7.5240899757057778e-06,-7.5534540594206138e-06,2.9364083714836020e-08,6.2802499047613376e-12,0
12,2.1436991785940088e-10,-1.1659546965826599e-05,-1.1664122320961108e-05,4.5753551345092459e-09,2.0056481126051686e-11,0
13,1.2926028031434692e-10,-3.4416737495455985e-05,-3.4448998042121820e-05,3.2260546665835151e-08,5.2555097305656727e-11,0
14,-6.6682466189719248e-11,1.6615779429631286e-05,1.6609501947462452e-05,6.2774821688336762e-09,2.6173086332178686e-11,0
15,-2.8105238343765983e-10,2.8275371968765383e-05,2.8242229214762559e-05,3.3142754002823613e-08,5.9032311726347889e-11,0
17,-1.9594274616991589e-10,5.1032522835868684e-05,5.1064145071697200e-05,-3.1622235828516088e-08,9.2833065057307134e-11,0
19,2.6803040892224946e-09,-8.1712119129543747e-06,-8.1486885156050716e-06,-2.2523397349303106e-08,1.3797690707209432e-11,0
20,-1.0578679851284120e-10,-1.1693668557664211e-05,-1.1665870689850038e-05,-2.7797867814172267e-08,6.7192643202991864e-11,0
23,4.3588792329099507e-14,-9.1880149200530587e-05,-9.1881757940182374e-05,1.6087396517873572e-09,3.8310869002419160e-11,0
24,1.9909576551056642e-10,-3.1158505848376955e-05,-3.1164895483254973e-05,6.3896348780181954e-09,1.1196038131086956e-11,0
25,1.9905217671751064e-10,6.0721680427218601e-05,6.0719240783208550e-05,2.4396440100513095e-09,1.7759962832483851e-11,0
26,-1.1450729736890579e-10,2.9685735395097029e-05,2.9685051614603919e-05,6.8378049311026631e-10,2.7172103668830013e-11,0
27,-1.1450383574915489e-10,-6.2194904154900046e-05,-6.2197913838083900e-05,3.0096831838538878e-09,3.5606025078662905e-11,0
28,-1.3622353258316733e-11,-1.4762256609806082e-06,-1.4765006189320751e-06,2.7495795146694507e-10,7.0622434538341384e-12,0
30,1.0088494444536696e-10,-3.1162002347035270e-05,-3.1165438378368237e-05,3.4360313329675780e-09,8.3533827018937073e-12,0
31,1.0088148282365211e-10,6.0718679292822916e-05,6.0718685259718358e-05,-5.9668954415577520e-12,1.5214126358115964e-11,0
32,4.1567243918388152e-10,2.2793948264971872e-05,2.2800744544675423e-05,-6.7962797035508960e-09,4.5199825205545883e-11,0
33,3.0116514161995363e-10,5.2479650682951337e-05,5.2476955282707529e-05,2.6954002438085147e-09,6.9410094106914321e-11,0
34,3.0116860324128306e-10,-3.9401022258083937e-05,-3.9392502448157351e-05,-8.5198099265856148e-09,4.1710956298116242e-11,0
35,4.0205008589710823e-10,2.1317736209262471e-05,2.1322751578716265e-05,-5.0153694537946299e-09,2.3127109028886685e-11,0
36,1.0524484148845222e-09,-5.5762419979765374e-06,-5.5774747620033476e-06,1.2327640268102201e-09,1.5782103859163924e-11,0
37,2.4719349182431974e-10,-1.4242471918515798e-05,-1.4248005772215372e-05,5.5338536995747529e-09,1.6714090190479502e-11,0
38,-1.4663508697210870e-10,1.5434456405385641e-05,1.5435171034571892e-05,-7.1462918625097216e-10,1.8464878411615611e-11,0
39,-1.4655702040655402e-10,-7.6445762737081032e-05,-7.6431558149848321e-05,-1.4204587232710892e-08,2.4391047091641262e-11,0
40,6.0674814076020368e-10,-8.1572932880704351e-06,-8.1599987425976704e-06,2.7054545272353164e-09,1.1026053255455782e-11,0
41,1.7052801261095585e-10,-1.5723569969635764e-05,-1.5728062573929978e-05,4.4926042942139085e-09,7.9961245735620881e-12,0
42,-3.9382857813451148e-10,2.9676914871889365e-05,2.9683550862911825e-05,-6.6359910224597944e-09,2.8649341747185678e-11,0
43,-3.9375051157540493e-10,-6.2203267575278165e-05,-6.2199401988895396e-05,-3.8655863827686534e-09,1.8201338221664134e-11,0
44,3.5955464932257356e-10,6.0852002735879360e-06,6.0782953363956083e-06,6.9049371923276230e-09,1.1558116229564519e-11,0
45,-7.6665479102204136e-11,-1.4810785564103000e-06,-1.4768287656860279e-06,-4.2497907242721256e-09,7.6866443553718496e-12,0
46,7.8066565003758066e-14,-9.1880230240015388e-05,-9.1881756439985367e-05,1.5261999699786848e-09,1.7376300115510695e-11,0
47,7.5338322786770214e-10,-2.3591799638176744e-05,-2.3609718201991819e-05,1.7918563815075208e-08,1.5397650194370694e-11,0
48,3.1716309986257958e-10,-3.1158039679168685e-05,-3.1164263469647387e-05,6.2237904787016719e-09,9.9811703624508043e-12,0
49,7.5330516129900857e-10,6.8288503304507996e-05,6.8279680961030729e-05,8.8223434772667208e-09,1.2272416982554295e-11,0
50,3.1708503330372388e-10,6.0722181299302860e-05,6.0719847669248656e-05,2.3336300542043721e-09,7.6552370427011258e-12,0
51,-4.3622012821070528e-10,-7.5662853077050618e-06,-7.5574049725281366e-06,-8.8803351769252328e-09,3.0095859229095712e-12,0
52,-4.8495616280986275e-10,1.5414592533000149e-05,1.5433324616252071e-05,-1.8732083251921940e-08,4.9046721976235207e-11,0
54,2.6261372198670618e-10,6.0921317414867199e-06,6.0778270629151511e-06,1.4304678571568772e-08,5.0237937595336515e-11,0
55,3.6337081317937934e-11,-1.4730945479201566e-06,-1.4761772400530306e-06,3.0826921328739754e-09,3.0140089456946220e-11,0
58,-7.2983693412777597e-11,6.0711136149223591e-05,6.0717678518314181e-05,-6.5423690905907247e-09,6.0087751018860671e-11,0
60,-2.2627664051871769e-10,-7.5652808750430178e-06,-7.5562809230575579e-06,-8.9999519854599110e-09,2.6465733483197816e-11,0
63,-1.4834801707458366e-11,5.2416217045186952e-05,5.2475136907195617e-05,-5.8919862008664965e-08,7.7385831226686967e-11,0
64,-4.3910380520275769e-10,1.4016117056932231e-05,1.4027499705556669e-05,-1.1382648624437940e-08,1.8360553776941722e-11,0
65,-1.2800636791937882e-11,-1.1678023349649680e-05,-1.1665362894436292e-05,-1.2660455213388052e-08,2.3232782628612950e-11,0
66,9.7969044393254836e-11,1.8017805897859243e-05,1.8026438680957272e-05,-8.6327830980290575e-09,2.6074911456348605e-11,0
67,9.7902782965664511e-11,-7.3865044692986506e-05,-7.3854349660822081e-05,-1.0695032164425547e-08,3.7410530156770138e-11,0
68,2.6988772954713666e-10,-5.5934693384950690e-06,-5.5817237478990833e-06,-1.1745590595985749e-08,1.0924186446724039e-11,0
69,-8.3971302597398547e-11,-3.4460858740209196e-05,-3.4450051563249327e-05,-1.0807176959869332e-08,5.3003586040272710e-11,0
70,2.1128545742709054e-11,-1.3151680688145914e-05,-1.3143757887028212e-05,-7.9228011177024049e-09,8.3353791607601030e-12,0
71,1.1076968099387876e-10,2.9695948122707670e-05,2.9686407563544084e-05,9.5405591635857072e-09,3.8268644722766715e-11,0
72,1.1070341956708431e-10,-6.2186854761695116e-05,-6.2196495996133975e-05,9.6412344388580951e-09,3.3187475229987740e-11,0
73,2.8268836660391612e-10,6.0845450206787124e-06,6.0779932058456530e-06,6.5518148330594232e-09,1.5658709884840903e-11,0
74,3.3929182525714172e-11,-1.4735873062446977e-06,-1.4761585608204331e-06,2.5712545757353867e-09,1.0795561403790488e-11,0
75,-6.6261427082165860e-14,-9.1882838844904805e-05,-9.1881754615686666e-05,-1.0842292181390900e-09,2.3277577525767994e-11,0
76,1.7191868547392783e-10,-2.3611389167890393e-05,-2.3612738994178422e-05,1.3498262880297417e-09,1.2628706334352629e-11,0
77,-7.6840498521869289e-11,-3.1169524765907106e-05,-3.1166440503465274e-05,-3.0842624418317617e-09,1.1285036319812261e-11,0
78,1.7198494690455722e-10,6.8271454553456463e-05,6.8276500541083497e-05,-5.0459876270339370e-09,2.0888018168518099e-11,0
79,-7.6774237093499281e-11,6.0713288618941680e-05,6.0717621760957012e-05,-4.3331420153324102e-09,1.5618441299217428e-11,0
80,-2.4875918389313920e-10,-7.5581773615477146e-06,-7.5564244565084044e-06,-1.7529050393102452e-09,4.9267809172870181e-12,0
82,1.8194034718418166e-10,5.2478765363053216e-05,5.2476177336929616e-05,2.5880261236000649e-09,6.8990018205044667e-11,0
83,1.8187408575927111e-10,-3.9403962520071813e-05,-3.9393275807058568e-05,-1.0686713013244352e-08,4.4421237954909827e-11,0
84,3.5385903246855942e-10,2.8867451560530091e-05,2.8903809404907296e-05,-3.6357844377205110e-08,3.3777271384933157e-11,0
85,1.0509984858687582e-10,2.1309247228586299e-05,2.1320900511040538e-05,-1.1653282454239175e-08,3.2328982491208825e-11,0
86,-3.3967746339558243e-10,1.4025952887392230e-05,1.4028220555320721e-05,-2.2676679284909285e-09,4.2692087984460559e-11,0
87,1.0609935764924535e-10,-1.1669702707731155e-05,-1.1664713584143725e-05,-4.9891235874304667e-09,8.3326550623045117e-12,0
88,3.9606767411652322e-10,1.8031631380088786e-05,1.8028067449214353e-05,3.5639308744332741e-09,6.7572094483173152e-12,0
89,3.9593708751152586e-10,-7.3851901346360174e-05,-7.3852703814507390e-05,8.0246814721613921e-10,8.9405644824113515e-12,0
90,3.9212419470684332e-10,-5.5984564737258935e-06,-5.5810494387158330e-06,-1.7407035010060461e-08,4.8475699855250616e-12,0
91,1.7459460413171389e-10,-1.3143021216775047e-05,-1.3142915554482984e-05,-1.0566229206353055e-10,2.3287001533008998e-12,0
92,2.8996831659559922e-10,2.9701319572139617e-05,2.9687420010090186e-05,1.3899562049431028e-08,1.4365225035266415e-11,0
93,2.8983772998836190e-10,-6.2182251745524636e-05,-6.2195467134852403e-05,1.3215389327766980e-08,1.1401669635003377e-11,0
94,2.8602483736273910e-10,6.0711941411561304e-06,6.0780508082429957e-06,-6.8566670868652697e-09,7.3518752074573959e-12,0
95,6.8495246530662114e-11,-1.4733152119388981e-06,-1.4759476170080362e-06,2.6324050691381181e-09,4.9477226213539318e-12,0
96,-1.3058660689174207e-13,-9.1883599221379020e-05,-9.1881754092355315e-05,-1.8451290237044742e-09,7.2931923294637946e-12,0
97,-3.9434794823037085e-12,-2.3630096696257950e-05,-2.3613647625271748e-05,-1.6449070986202029e-08,4.3836212049565722e-12,0
98,-2.2147306995261024e-10,-3.1174666775916730e-05,-3.1167238838500567e-05,-7.4279374161635280e-09,2.9878208029563796e-12,0
99,-3.8128928773640769e-12,6.8253494600203565e-05,6.8275538556804139e-05,-2.2043956600574055e-08,4.8546081914926266e-12,0
100,-2.2134248334921195e-10,6.0708911947469392e-05,6.0716807151010010e-05,-7.8952035406179588e-09,2.6699555680843807e-12,0
101,-2.1752959076310067e-10,-7.5445569511242792e-06,-7.5562683763699209e-06,1.1711425245641750e-08,1.5806671071894978e-12,0
103,-1.1522269025133034e-10,-1.1684094845186913e-05,-1.1665922219050306e-05,-1.8172626136606622e-08,2.9006854627154975e-11,0
104,1.1410404982439883e-10,1.8011692376100966e-05,1.8026528331767956e-05,-1.4835955666990519e-08,4.6640412553436716e-11,0
105,1.1397634741397913e-10,-7.3871278860259196e-05,-7.3854229108547470e-05,-1.7049751711725953e-08,8.8191393490322208e-11,0
106,2.1761099863360821e-10,-5.6059585075585866e-06,-5.5819970815194616e-06,-2.3961426039125030e-08,2.6045417348041003e-11,0
107,-6.4857049006612422e-11,-1.3157902613684935e-05,-1.3144219821766597e-05,-1.3682791918338206e-08,1.8292612669714396e-11,0
108,2.2932674008823608e-10,2.9695726652086314e-05,2.9687115661359751e-05,8.6109907265633293e-09,2.2241782654549457e-11,0
109,2.2919903768193196e-10,-6.2187111638533493e-05,-6.2195758185665465e-05,8.6465471319717392e-09,4.0007246890570842e-11,0
110,3.3283368986293299e-10,6.0780402392813268e-06,6.0783376291014753e-06,-2.9738982014851942e-10,1.7670569316003393e-11,0
111,5.0365641303997199e-11,-1.4738377327546033e-06,-1.4760290517859872e-06,2.1913190313839624e-09,1.3873214585280359e-11,0
112,-1.2770241095326473e-13,-9.1882871567248412e-05,-9.1881753383732105e-05,-1.1181835163066823e-09,3.3417088490079993e-11,0
113,1.0350694953659757e-10,-2.3617604658350815e-05,-2.3613019845339658e-05,-4.5848130111569006e-09,1.9105426270186283e-11,0
114,-1.7896109879829673e-10,-3.1169591163903582e-05,-3.1167013415074127e-05,-2.5777488294544170e-09,1.6637654071903124e-11,0
115,1.0363465194493446e-10,6.8265314984375901e-05,6.8276123775890492e-05,-1.0808791514591346e-08,2.8912339110328035e-11,0
116,-1.7883339638876479e-10,6.0713231602958599e-05,6.0717019387288583e-05,-3.7877843299841487e-09,2.2042135396382572e-11,0
117,-2.8246804854333619e-10,-7.5519796389095532e-06,-7.5566344623681007e-06,4.6548234585474840e-09,9.6105725315340949e-12,0
118,-1.8782518307130173e-10,-3.7041230671638285e-05,-3.7046060446563008e-05,4.8297749247238134e-09,3.0643521693583079e-11,0
119,1.0866326264237466e-09,-5.6011167753641615e-06,-5.5772471917055618e-06,-2.3869583658599653e-08,2.5815909853178271e-11,0
120,8.4159479911080314e-11,1.5439811378411411e-05,1.5436439528887759e-05,3.3718495236523846e-09,4.4601422860516922e-11,0
121,8.4206840070730712e-11,-7.6439886529437728e-05,-7.6430244073498268e-05,-9.6424559394605843e-09,6.3669376222188105e-11,0
122,-3.5614098429950274e-10,-3.7043232588776205e-05,-3.7046949669231841e-05,3.7170804556357299e-09,5.3260432638903354e-11,0
123,2.5765302137170616e-10,-1.5698008216907811e-05,-1.5727615595281975e-05,2.9607378374164076e-08,2.6772280986640568e-11,0
124,4.7360161788419764e-14,-9.1879704426632550e-05,-9.1881751570147273e-05,2.0471435147230302e-09,1.9226439632736084e-11,0
125,1.7349354137357284e-10,-3.1137726932457463e-05,-3.1165097002042355e-05,2.7370069584892024e-08,1.0576490346991772e-11,0
126,1.7344618121227868e-10,6.0741947193859377e-05,6.0718918542004167e-05,2.3028651855210513e-08,1.4601693526830332e-11,0
127,4.4030046417588417e-10,5.2483147272964527e-05,5.2477493533181600e-05,5.6537397829267526e-09,1.1233284249099729e-10,0
128,4.4034782433817281e-10,-3.9396605191363739e-05,-3.9391955281966340e-05,-4.6499093973986555e-09,8.9835630974792965e-11,0
129,6.1379400560045729e-10,2.1345386685233184e-05,2.1323507209355752e-05,2.1879475877431196e-08,6.9928464332200881e-11,0
130,8.7271852387260083e-11,6.0428897909990675e-06,6.0770572285974183e-06,-3.4167437598350812e-08,2.7143045242191303e-11,0
131,2.8239708323474784e-10,-1.4806535562947960e-06,-1.4747278000536067e-06,-5.9257562411893077e-09,2.3284855214955471e-11,0
132,1.9512523256607339e-10,-7.5235040984285295e-06,-7.5540485953327359e-06,3.0544496904206412e-08,8.1916739394230675e-12,0
134,-1.8656004962191253e-10,5.1056636440069761e-05,5.1067683673757571e-05,-1.1047233687810345e-08,1.0978091856595168e-10,0
135,-2.0507790927010361e-10,2.9678696371182936e-05,2.9684827564120465e-05,-6.1311929375285697e-09,3.1387150472975629e-11,0
136,-2.0504861397406902e-10,-6.2201483059206794e-05,-6.2198003728249456e-05,-3.4793309573380579e-09,5.5386090526344517e-11,0
137,3.2516872990961863e-10,6.0948005001512998e-06,6.0783937144738310e-06,1.6406785677468714e-08,1.8725761930342312e-11,0
138,-3.2749359758205151e-11,-1.4796788439463103e-06,-1.4764277808328478e-06,-3.2510631134624694e-09,1.2370589006681728e-11,0
139,2.9295293162625260e-14,-9.1880128608491012e-05,-9.1881750351205198e-05,1.6217427141864207e-09,6.9732986991250575e-11,0
140,5.3024663951326504e-10,-2.3583862925563234e-05,-2.3610560730254329e-05,2.6697804691094363e-08,2.1681368265788047e-11,0
141,1.7232855002408793e-10,-3.1158407355503376e-05,-3.1165116168773986e-05,6.7088132706100536e-09,1.4671843948800578e-11,0
142,5.3021734421765714e-10,6.8296282487568735e-05,6.8278448469914280e-05,1.7834017654455039e-08,7.3018824226033516e-11,0
143,1.7229925472710477e-10,6.0721784534453586e-05,6.0718874426676945e-05,2.9101077766418974e-09,3.0281985240877431e-11,0
144,-3.5791808965006927e-10,-7.5745243752495944e-06,-7.5570824655449940e-06,-1.7441909704600459e-08,8.6877584364931144e-12,0
147,3.4892170914329740e-10,6.0848846281334734e-06,6.0785615323449859e-06,6.3230957884875886e-09,3.1221165921687966e-11,0
148,2.3600276792293048e-11,-1.4741463878755693e-06,-1.4760985975096136e-06,1.9522096340442961e-09,2.1479727611566261e-11,0
150,-8.5586327303625476e-11,6.0715055350794434e-05,6.0717441808990923e-05,-2.3864581964895938e-09,5.2559294635717579e-11,0
151,-3.2532143234154806e-10,-7.5590660273017630e-06,-7.5569184502885090e-06,-2.1475770132540022e-09,1.3374900757738313e-11,0
152,-1.4865637461037781e-10,-3.7037312030595987e-05,-3.7045712178921571e-05,8.4001483255841157e-09,6.9549117455900991e-11,0
153,-2.2450841692667777e-10,-3.7070035510120176e-05,-3.7046085782509538e-05,-2.3949727610638296e-08,8.3358496749260207e-11,0
154,8.5824979587026579e-10,-5.5531260660622583e-06,-5.5784667872292325e-06,2.5340721166974131e-08,3.5963784488943033e-11,0
157,6.2574432346882154e-11,-1.4740905453157179e-06,-1.4758562361165644e-06,1.7656908008465480e-09,1.2042894527672130e-11,0
158,-1.8084483224146101e-13,-9.1882425623187802e-05,-9.1881749488309248e-05,-6.7613487855430754e-10,4.7724635026757359e-11,0
159,-2.6817611891076183e-10,-3.1168916791468517e-05,-3.1167541293489125e-05,-1.3754979793920629e-09,3.7118668542430353e-11,0
160,-2.6799527408355181e-10,6.0713441315470712e-05,6.0716412230887690e-05,-2.9709154169776605e-09,5.4366842315933797e-11,0
161,4.0049060033137177e-10,1.5440500490665650e-05,1.5438173963228280e-05,2.3265274373698527e-09,3.0552355242107929e-11,0
162,4.0081988664192862e-10,-7.6439774519551553e-05,-7.6428468951833035e-05,-1.1305567718518329e-08,5.4504431811360794e-11,0
163,1.3812039862154683e-09,-1.5700216985018930e-05,-1.5721504559601613e-05,2.1287574582682582e-08,1.9446832905387571e-11,0
164,3.2928634411118501e-13,-9.1880223139620789e-05,-9.1881745719977790e-05,1.5225803570007414e-09,3.7791961450385472e-11,0
165,9.8071338571015348e-10,-3.1140752233808043e-05,-3.1160730683334720e-05,1.9978449526676493e-08,1.0847364206414830e-11,0
166,9.8038409936774175e-10,6.0739423289929775e-05,6.0723201377753531e-05,1.6221912176244498e-08,1.8971757381653221e-11,0
167,8.5208769338369660e-10,-5.5979812198794982e-06,-5.5784915910790558e-06,-1.9489628800442375e-08,1.5742862573129539e-11,0
169,-1.9562036903254598e-10,2.8288230287026005e-05,2.8249580548174773e-05,3.8649738851231419e-08,6.5562307977188988e-11,0
170,-1.4547779529895248e-14,-9.1880811780639191e-05,-9.1881746626490895e-05,9.3484585170385253e-10,3.4891294211080639e-11,0
171,3.8625772854170838e-10,-2.3588221255716607e-05,-2.3611112502734025e-05,2.2891247017417895e-08,8.2601530901697697e-12,0
172,6.5450990175731336e-11,-3.1162419693794852e-05,-3.1165738349414863e-05,3.3186556200112270e-09,8.2889891305379097e-12,0
173,3.8627227632168640e-10,6.8292521822509861e-05,6.8277653523119325e-05,1.4868299390535496e-08,3.3384240527682227e-11,0
174,6.5465537954826133e-11,6.0718338542351674e-05,6.0718177127795331e-05,1.6141455634269145e-10,2.4484535224270216e-11,0
175,-3.2080673830251734e-10,-7.5742088957832590e-06,-7.5569453588370397e-06,-1.7263536946219340e-08,3.9627972347772499e-12,0
176,2.8447130840842989e-10,-1.1609507475293657e-05,-1.1663739498786720e-05,5.4232023493063023e-08,3.1382554642031180e-11,0
177,-1.6905379529324476e-10,-3.7000912966076577e-05,-3.7045671754207051e-05,4.4758788130474397e-08,3.5464491314648849e-11,0
178,-4.8689985497927305e-10,1.4017196218667899e-05,1.4030753116450426e-05,-1.3556897782527144e-08,1.1158231393601135e-11,0
179,-3.1784605985348741e-10,5.1018089599041624e-05,5.1068802899300281e-05,-5.0713300258656507e-08,6.7395730171908758e-11,0
180,1.0155004949662981e-10,-1.1670326815461929e-05,-1.1664738427816944e-05,-5.5883876449850013e-09,7.6857659378587512e-12,0
181,4.1023074657628029e-10,1.8031130546808556e-05,1.8028152260041320e-05,2.9782867672356877e-09,1.2193862168890864e-11,0
182,4.1009348747867115e-10,-7.3852349374232138e-05,-7.3852467382260021e-05,1.1800802788295220e-10,1.4823313728310506e-11,0
183,3.6569818391712811e-10,-5.5989603448625483e-06,-5.5811347688660138e-06,-1.7825575996534458e-08,8.2389447109042635e-12,0
184,1.7143247574256418e-10,-1.3143549083906129e-05,-1.3142895775046292e-05,-6.5330885983699329e-10,3.9509196401734684e-12,0
185,3.0868069724560610e-10,2.9701485151016616e-05,2.9687816708077559e-05,1.3668442939056356e-08,1.2745186301133009e-11,0
186,3.0854343815040081e-10,-6.2182079091104361e-05,-6.2194924587208642e-05,1.2845496104280747e-08,1.1165309000202577e-11,0
187,2.6414813474363711e-10,6.0713091843613443e-06,6.0782740146143571e-06,-6.9648302530127666e-09,7.0134662466355691e-12,0
188,6.9882426309730504e-11,-1.4732075149508517e-06,-1.4757470530563203e-06,2.5395381054685588e-09,4.4679181319006900e-12,0
189,-1.3725909594419002e-13,-9.1883534237046001e-05,-9.1881746518552795e-05,-1.7877184932055257e-09,9.8212100883274916e-12,0
190,-4.4532562707294301e-11,-2.3630098396544563e-05,-2.3613419003282909e-05,-1.6679393261654707e-08,5.9128305932685709e-12,0
191,-2.3879827079902100e-10,-3.1174679585666519e-05,-3.1167407409453872e-05,-7.2721762126474001e-09,4.0106463223941379e-12,0
192,-4.4395303609602358e-11,6.8253428662671221e-05,6.8275299916644748e-05,-2.1871253973526693e-08,6.3614338286408759e-12,0
193,-2.3866101170031915e-10,6.0708840004248914e-05,6.0716493947048722e-05,-7.6539427998082647e-09,3.5882732805248725e-12,0
194,-1.9426570841225257e-10,-7.5445797116945631e-06,-7.5562671883336987e-06,1.1687476639135616e-08,2.0820126222971032e-12,0
197,2.3506554464578343e-10,6.0677192488057044e-06,6.0781458824951201e-06,-1.0426633689415664e-08,2.8551702427696648e-11,0
198,1.1128112011595776e-10,-1.4731208412877049e-06,-1.4755036931261660e-06,2.3828518384610973e-09,1.8622616485253535e-11,0
200,-4.0933467411488305e-10,6.0700991874061520e-05,6.0715542323263782e-05,-1.4550449202261272e-08,6.9725159632578430e-11,0
201,-1.2378442473148885e-10,-7.5409275042768315e-06,-7.5558935622148297e-06,1.4966057937998222e-08,1.0321532963873700e-11,0
202,-3.1667674742964402e-10,1.4088638326113095e-05,1.4032442316753925e-05,5.6196009359170572e-08,3.0703779075369426e-11,0
203,-1.1997405616518809e-10,-1.1688143757850392e-05,-1.1665948166156577e-05,-2.2195591693814184e-08,2.4140960254082954e-11,0
204,1.3366489409261081e-10,1.8007614786118287e-05,1.8026643444378504e-05,-1.9028658260217556e-08,3.6543262366870809e-11,0
205,1.3352835753108367e-10,-7.3875147757827830e-05,-7.3853945636050312e-05,-2.1202121777518087e-08,7.0887581587695598e-11,0
206,1.8833819724995297e-10,-5.6095080177964024e-06,-5.5820914435322305e-06,-2.7416574264171924e-08,2.2607495396368889e-11,0
207,-6.7509739127259442e-11,-1.3161865953665794e-05,-1.3144193168457377e-05,-1.7672785208417238e-08,1.4035723904741822e-11,0
208,2.5363895038805756e-10,2.9695717272047034e-05,2.9687575467874690e-05,8.1418041723445213e-09,2.3304842055709351e-11,0
209,2.5350241382266097e-10,-6.2186936282519929e-05,-6.2195136428506401e-05,8.2001459864717002e-09,3.8276920273173064e-11,0
210,3.0831225443353778e-10,6.0786144058773764e-06,6.0785842402833767e-06,3.0165593999692173e-11,1.5694372726657534e-11,0
211,5.2464317117097280e-11,-1.4737288091172139e-06,-1.4758032872118176e-06,2.0744780946037428e-09,9.4920490728304349e-12,0
212,-1.3653656256355498e-13,-9.1882757581390889e-05,-9.1881744981200329e-05,-1.0126001905600085e-09,3.7752024682944810e-11,0
213,5.4673303853940814e-11,-2.3617120033873982e-05,-2.3612786514520464e-05,-4.3335193535179288e-09,1.7833391505842232e-11,0
214,-2.0117463326099406e-10,-3.1169514827212707e-05,-3.1167216849651823e-05,-2.2979775608837584e-09,1.3035913597720613e-11,0
215,5.4809840419121063e-11,6.8265618304551301e-05,6.8275838244283589e-05,-1.0219939732287867e-08,2.8024984605115733e-11,0
216,-2.0103809669981819e-10,6.0713242257505722e-05,6.0716655353091198e-05,-3.4130955854755319e-09,2.2237566902199922e-11,0
217,-2.5584793735806047e-10,-7.5523862824303299e-06,-7.5566288464994932e-06,4.2425640691633374e-09,7.2562353655286608e-12,0
218,8.3362353107262064e-09,-7.6418275321437495e-05,-7.6385090023787776e-05,-3.3185297649719462e-08,6.2026574205704339e-11,0
219,1.1938842385727739e-08,-8.1522802086093395e-06,-8.0980082065800750e-06,-5.4272002029264491e-08,2.4479165336965169e-11,0
220,3.6026071164554866e-09,6.8266026022453276e-05,6.8295210871945769e-05,-2.9184849492492975e-08,2.4220951144905129e-11,0
221,1.3171389241469881e-10,1.8019390705022349e-05,1.8026633592381014e-05,-7.2428873586650316e-09,3.5281026731804424e-11,0
222,7.3610885807233257e-12,-3.4456035114942404e-05,-3.4449322735874221e-05,-6.7123790681831736e-09,7.2314870749903617e-11,0
223,2.6478109203973203e-11,-1.3150622393591493e-05,-1.3143675921603879e-05,-6.9464719876145847e-09,8.0053592369839864e-12,0
224,-1.0523578311772501e-10,-3.1170022669127929e-05,-3.1166700877439710e-05,-3.3217916882189195e-09,1.3657315798024500e-11,0
225,1.2435280388349105e-10,5.2475657926917552e-05,5.2475439684356715e-05,2.1824256083693896e-10,9.3392031056768542e-11,0
226,1.9117020683965246e-11,2.1305595691308021e-05,2.1319665662995201e-05,-1.4069971687180063e-08,3.3820849598991879e-11,0
227,1.4703675534855699e-10,2.9691798591390591e-05,2.9687052437398196e-05,4.7461539923949786e-09,3.5403254788581250e-11,0
228,1.4691131434364224e-10,-6.2189935439115746e-05,-6.2195630112301119e-05,5.6946731853734292e-09,2.9577905708946352e-11,0
229,2.2646742498157104e-11,-1.4744617934316258e-06,-1.4759273786005971e-06,1.4655851689713185e-09,1.1037646132716428e-11,0
230,-1.2544100052117669e-13,-9.1881803651461686e-05,-9.1881743392880250e-05,-6.0258581436288539e-11,3.5003103398867645e-11,0
231,-1.2439001273711525e-10,-3.1166291136174745e-05,-3.1166812377377634e-05,5.2124120288949338e-10,1.2878442257915643e-11,0
232,-1.2426457174007090e-10,6.0715476290510426e-05,6.0717030722921225e-05,-1.5544324107982679e-09,1.4437219051239800e-11,0
233,6.3994003143830464e-10,-5.5817246759834460e-06,-5.5796106863382388e-06,-2.1139896452072055e-09,1.0491612933949324e-11,0
234,3.8075825712280529e-12,1.5439697129783925e-05,1.5436016549329729e-05,3.6805804541959310e-09,3.8343164587891612e-11,0
235,3.8374790217713050e-12,-7.6440066190716638e-05,-7.6430578124728752e-05,-9.4880659878859332e-09,6.0080979226060258e-11,0
236,-4.2116857678445426e-10,-3.7043524422938903e-05,-3.7046855328999384e-05,3.3309060604803974e-09,4.4080101667013338e-11,0
237,1.4507886048315598e-10,-1.5700496897265090e-05,-1.5728286419601292e-05,2.7789522336202490e-08,2.2792540699743806e-11,0
238,2.9896453349343567e-14,-9.1879726453031904e-05,-9.1881741863071676e-05,2.0154100397715190e-09,2.0656081580731276e-11,0
239,1.4127127783011010e-10,-3.1140275231197889e-05,-3.1165368229968799e-05,2.5092998770909452e-08,9.1070522371004537e-12,0
240,1.4124138137669106e-10,6.0739447545601899e-05,6.0718461066562781e-05,2.0986479039117746e-08,1.4340037417812538e-11,0
242,4.2500605580784430e-10,-3.9396308123815227e-05,-3.9392406876428584e-05,-3.9012473866426403e-09,9.9461822062601122e-11,0
243,5.6624743726877685e-10,2.1343038430505362e-05,2.1322555260984568e-05,2.0483169520794280e-08,5.7122256786557601e-11,0
244,-8.4709534990978711e-11,1.6620329566343576e-05,1.6616938152158462e-05,3.3914141851142067e-09,1.8321505091395342e-11,0
248,4.3536615105489440e-14,-9.1880077334360589e-05,-9.1881741283126757e-05,1.6639487661671394e-09,2.2264775541758698e-11,0
249,2.5310282143412385e-10,-3.1156201101466274e-05,-3.1164762432495903e-05,8.5613310296290298e-09,1.1261838731341817e-11,0
250,2.5305928482406827e-10,6.0723824824097418e-05,6.0719057180904765e-05,4.7676431926525439e-09,1.0555574514963298e-11,0
251,2.8054201049719867e-09,-8.1426919451210375e-06,-8.1478686207362500e-06,5.1766756152124766e-09,1.3600282464448409e-11,0
253,-2.2069426304985653e-10,5.1067390032777035e-05,5.1071571567643319e-05,-4.1815348662834991e-09,8.5343160342201183e-11,0
258,7.6103432508473795e-11,-1.4712027098097262e-06,-1.4755814447733141e-06,4.3787349635879137e-09,4.7460805104343538e-11,0
259,-1.3091233518474381e-10,-7.5367531784476059e-06,-7.5560070616716559e-06,1.9253883224050029e-08,3.5074058694345195e-11,0
260,2.9141551391925109e-10,1.8030293653287927e-05,1.8027509001433282e-05,2.7846518546440803e-09,4.4039982667012538e-11,0
261,2.9131257695118531e-10,-7.3853373941122234e-05,-7.3852996936396605e-05,-3.7700472562860691e-10,5.4923328582534804e-11,0
262,3.2013803534883403e-10,-5.5952594072447657e-06,-5.5813394235907993e-06,-1.3919983653966345e-08,1.9272547272846383e-11,0
263,-1.0293697061732689e-13,-9.1883580745872657e-05,-9.1881740634798347e-05,-1.8401110743102543e-09,7.5436790980393793e-11,0
264,2.8722521379380517e-11,-2.3625547545739860e-05,-2.3612681922343880e-05,-1.2865623395980107e-08,3.5940503695077743e-11,0
265,2.8825458348456283e-11,6.8257936052614279e-05,6.8275687033672052e-05,-1.7750981057772751e-08,4.1460920217938620e-11,0
266,8.6827872138767663e-11,-1.4734574651178745e-06,-1.4754975310854374e-06,2.0400659675628848e-09,2.1974705653901200e-11,0
268,7.4225857452020034e-10,-5.5924810266252262e-06,-5.5790276300439957e-06,-1.3453396581230503e-08,3.0429165030499928e-11,0
269,-3.2498808644659282e-10,5.1034828071437957e-05,5.1071831040914415e-05,-3.7002969476457618e-08,6.9194579250805449e-11,0
270,-1.1330828377899194e-10,-1.4243524830345571e-05,-1.4250535150409825e-05,7.0103200642544940e-09,3.1290503387318807e-11,0
271,-2.6438475960200244e-10,1.5435373455441759e-05,1.5434557749635846e-05,8.1570580591348212e-10,2.7284286404734990e-11,0
273,2.3346785565838870e-10,-8.1465466693717709e-06,-8.1618916044772118e-06,1.5344935105440923e-08,3.6257505435936326e-11,0
274,-1.3552730360104662e-10,-1.5723061126357053e-05,-1.5729839330697133e-05,6.7782043400792897e-09,1.7182183125418296e-11,0
275,-1.5107647543932826e-10,2.9678828727697573e-05,2.9685589724806136e-05,-6.7609971085628951e-09,2.9641194829876212e-11,0
276,-1.5106986281426704e-10,-6.2201247778975732e-05,-6.2197010233345761e-05,-4.2375456299714688e-09,4.3757215773113575e-11,0
277,3.4677613954226677e-10,6.0970818392161691e-06,6.0790553882905885e-06,1.8026450925580533e-08,1.9239499099069688e-11,0
278,-2.2219019770548523e-11,-1.4794656722416297e-06,-1.4760640855096858e-06,-3.4015867319439073e-09,1.1800421183449512e-11,0
280,4.9785261542222200e-10,-2.3581778135923701e-05,-2.3610023236881324e-05,2.8245100957623810e-08,2.1953931296005167e-11,0
281,1.2885745618672337e-10,-3.1158384230492789e-05,-3.1165470903455272e-05,7.0866729624829462e-09,1.3721271457354417e-11,0
282,4.9784600279748364e-10,6.8298401505049317e-05,6.8278244686563558e-05,2.0156818485758243e-08,4.7289752187953709e-11,0
283,1.2885084356145476e-10,6.0721774537629905e-05,6.0718290288072026e-05,3.4842495578787523e-09,2.0990764404051077e-11,0
284,-3.6899515931171962e-10,-7.5766101228485344e-06,-7.5573426354194831e-06,-1.9267487429051281e-08,8.6036220648651562e-12,0
285,-3.1450323097501631e-10,-1.4257451619544004e-05,-1.4251651322893591e-05,-5.8002966504122752e-09,2.5697882246661602e-11,0
286,-3.5164053540775630e-10,1.5429820683442175e-05,1.5434082173495278e-05,-4.2614900531030018e-09,2.6473242749338274e-11,0
287,-3.5166898593762459e-10,-7.6450935158556971e-05,-7.6432475012491705e-05,-1.8460146065265551e-08,5.8442377832408849e-11,0
288,5.5581000382431462e-12,-8.1586744086267348e-06,-8.1631316825155315e-06,4.4572738887967893e-09,2.1772228723143476e-11,0
289,-5.7923164580156827e-10,-3.7049242345644356e-05,-3.7047527633049807e-05,-1.7147125945497104e-09,4.0159985803099955e-11,0
290,-3.1417477112817609e-10,-1.5732882636200311e-05,-1.5730818201054235e-05,-2.0644351460761266e-09,1.3478806368311943e-11,0
291,-3.7137304563094079e-11,2.9687355343927489e-05,2.9686234142296724e-05,1.1212016307651220e-09,1.8716496744711391e-11,0
292,-3.7165755094607133e-11,-6.2193492863018077e-05,-6.2196355011442104e-05,2.8621484240271521e-09,4.5704287284274538e-11,0
293,3.2006133102924606e-10,6.0987428454071027e-06,6.0789353277567336e-06,1.9807517650369112e-08,9.4599583649861142e-12,0
294,3.2845982926494212e-13,-1.4754169896636325e-06,-1.4759264080571489e-06,5.0941839351636893e-10,5.9082508983211898e-12,0
295,-2.8450529250497474e-14,-9.1880738219677724e-05,-9.1881738018787965e-05,9.9979911024163700e-10,3.3101269575766035e-11,0
296,3.5719863597493646e-10,-2.3588546573496266e-05,-2.3610757406343345e-05,2.2210832847078567e-08,1.1384869642383202e-11,0
297,3.7465764690455682e-11,-3.1162782414089624e-05,-3.1165975565978624e-05,3.1931518890005307e-09,9.7965793864491425e-12,0
298,3.5722708650270951e-10,6.8292247062933659e-05,6.8277475486821517e-05,1.4771576112141728e-08,3.1522105257724248e-11,0
299,3.7494215218599791e-11,6.0718026748104136e-05,6.0717774912838190e-05,2.5183526594516276e-10,2.3345459888899050e-11,0
300,-3.1973287116570511e-10,-7.5742293252608131e-06,-7.5570831012567395e-06,-1.7146224004073572e-08,4.6821139342656410e-12,0
301,2.6472841561591537e-10,2.2791845123073390e-05,2.2798060052388837e-05,-6.2149293154472327e-09,4.4193455926524787e-11,0
302,2.2759111089970087e-10,5.2479124647189512e-05,5.2475786559519118e-05,3.3380876703946265e-09,6.8771349638121952e-11,0
303,2.2756266037155446e-10,-3.9401657554742966e-05,-3.9393641314019373e-05,-8.0162407235933610e-09,5.7624247652718489e-11,0
304,5.8478974666562474e-10,2.8890651738719582e-05,2.8903459349708276e-05,-1.2807610988693681e-08,4.4488135713977122e-11,0
305,2.6505687542675018e-10,2.1316438141637728e-05,2.1320616459982500e-05,-4.1783183447722822e-09,3.4293922418218609e-11,0
307,2.0448419283231951e-10,-7.6437382691623562e-05,-7.6429431736894793e-05,-7.9509547287688652e-09,5.1868941927220573e-11,0
308,1.9718856111732279e-09,-8.1511368912288995e-06,-8.1523890783987031e-06,1.2521871698036166e-09,2.4564392951363751e-11,0
309,1.1097340247818186e-09,-1.5680040324069291e-05,-1.5723045546391025e-05,4.3005222321733545e-08,2.0719409961273445e-11,0
310,2.8448133861007661e-13,-9.1879877514829686e-05,-9.1881735736266111e-05,1.8582214364242997e-09,4.2862696799957078e-11,0
312,9.0553431280466086e-10,-3.1122598275733389e-05,-3.1161240636929113e-05,3.8642361195724507e-08,1.5961090933098833e-11,0
313,1.7674014195964604e-09,6.8286189371866255e-05,6.8285175135402004e-05,1.0142364642503352e-09,2.5288173141670173e-11,0
314,9.0524983143557094e-10,6.0757291585097906e-05,6.0722497228783767e-05,3.4794356314138614e-08,1.9610430985655277e-11,0
315,-8.6215158846584116e-10,-7.5289106085960414e-06,-7.5600547242404544e-06,3.1144115644412976e-08,6.1979757225272176e-12,0
316,-2.8184875681920478e-10,5.1073880541780987e-05,5.1072751764007390e-05,1.1287777735964296e-09,8.7874389757431473e-11,0
318,3.4481749652338401e-11,2.9690410753000808e-05,2.9686691187492535e-05,3.7195655082724894e-09,3.7679473096731068e-11,0
319,3.4413080024319338e-11,-6.2190945231907664e-05,-6.2195865524815932e-05,4.9202929082675737e-09,6.1957052181146120e-11,0
320,3.4062298953857026e-10,6.0913694293260338e-06,6.0791243327155528e-06,1.2245096610480963e-08,1.9083437291046497e-11,0
321,7.4186061792402080e-12,-1.4745398704738531e-06,-1.4758444825201857e-06,1.3046120463325892e-09,1.1226496912181141e-11,0
322,-6.8669624495917399e-14,-9.1881393868129230e-05,-9.1881736534638302e-05,3.4266650907294020e-10,6.3075990153109234e-11,0
323,3.0614124037278443e-10,-2.3599019448660580e-05,-2.3610935421145903e-05,1.1915972485323373e-08,2.0193924786521981e-11,0
324,-2.7063143228176473e-11,-3.1164947373837123e-05,-3.1166344514798457e-05,1.3971409613340092e-09,1.7528670056908803e-11,0
325,3.0620991000084857e-10,6.8282279117869681e-05,6.8277193072568062e-05,5.0860453016185339e-09,4.3343864200471102e-11,0
326,-2.6994473604713065e-11,6.0716319826175681e-05,6.0717373794971946e-05,-1.0539687962649361e-09,3.1598699472800009e-11,0
327,-3.3320438335618754e-10,-7.5659287051134221e-06,-7.5571848455020206e-06,-8.7438596114014906e-09,8.9878030885014377e-12,0
329,8.9672937618860301e-11,2.1311884906734246e-05,2.1319467367678010e-05,-7.5824609437633115e-09,1.1027058444117784e-10,0
330,-1.2704134896324255e-10,-1.1695622949626713e-05,-1.1665986760489370e-05,-2.9636189137343413e-08,4.4274891026720401e-11,0
331,1.4883873304037633e-10,1.8000090717651060e-05,1.8026735424316815e-05,-2.6644706665755248e-08,5.6325652525912753e-11,0
333,1.5029915214919747e-10,-5.6163880275475475e-06,-5.5822271634127923e-06,-3.4160864134755259e-08,3.5338910202145999e-11,0
334,2.7588008225278745e-10,2.9695688573665689e-05,2.9688056492254421e-05,7.6320814112679019e-09,3.0579132588957807e-11,0
335,2.7573580893626865e-10,-6.2186961053824295e-05,-6.2194477334697086e-05,7.5162808727913342e-09,3.1072279766903948e-11,0
336,2.7734050215650215e-10,6.0792605717176120e-06,6.0788334740638784e-06,4.2709765373363849e-10,1.7067399966199443e-11,0
337,-1.4427331148080210e-13,-9.1882686379320214e-05,-9.1881735732141589e-05,-9.5064717862557331e-10,2.6848126359885777e-11,0
338,1.4604197690183567e-12,-2.3616447280418174e-05,-2.3612527366420028e-05,-3.9199139981459545e-09,1.4702386346105958e-11,0
339,1.6046930799647547e-12,6.8266201745887344e-05,6.8275526911882269e-05,-9.3251659949255107e-09,2.1401178843849917e-11,0
340,-2.2783706830032263e-10,5.1070323586189376e-05,5.1074117823100505e-05,-3.7942369111293298e-09,6.8397361305485891e-11,0
341,1.7381353129483433e-10,2.9691544152120157e-05,2.9687531856794732e-05,4.0122953254246663e-09,3.0118516968640069e-11,0
342,1.7367834430992794e-10,-6.2190098204410911e-05,-6.2194985698873741e-05,4.8874944628301328e-09,2.9700401934640270e-11,0
343,3.4845037997260358e-10,6.0856396366677085e-06,6.0792599069317638e-06,6.3797297359446866e-09,1.7482820467835467e-11,0
344,-1.3518697723607061e-13,-9.1881611478160339e-05,-9.1881734836307970e-05,1.2335814763067814e-10,3.3345448501071153e-11,0
345,1.7463684910723284e-10,-2.3605891041229951e-05,-2.3611531585457224e-05,5.6405442272726024e-09,1.8623183530208586e-11,0
346,1.7477203608554748e-10,6.8275818259902889e-05,6.8276470682411837e-05,-6.5242250894847510e-10,1.8311492739891249e-11,0
347,1.2482616552087800e-09,6.8316435840477547e-05,6.8282331563346258e-05,3.4104277131288808e-08,4.4616688188437842e-11,0
348,-1.2001816957486210e-10,2.9631376634581610e-05,2.9685958897089544e-05,-5.4582262507933156e-08,2.0927206174208084e-11,0
350,4.0441141031496668e-10,5.2483246666034690e-05,5.2476573189803283e-05,6.6734762314070743e-09,7.8725534398238522e-11,0
351,-7.1709686555635173e-11,1.6619988777732487e-05,1.6620566305936030e-05,-5.7752820354397801e-10,1.9614439581709474e-11,0
352,3.9336435211878082e-09,6.8269905023871959e-05,6.8296995003711529e-05,-2.7089979839570047e-08,3.2951479872293745e-11,0
353,-1.7760527813980831e-10,1.6611271318727611e-05,1.6620225797028705e-05,-8.9544783010944598e-09,4.9596380184536369e-11,0
354,1.5839312308314649e-11,-3.4464874531100857e-05,-3.4449037088791932e-05,-1.5837442308924774e-08,9.3003407955390801e-11,0
355,1.7517256035193188e-10,2.9697227014365175e-05,2.9687627191880336e-05,9.5998224848394052e-09,2.8124577967488123e-11,0
356,-8.1542663760000215e-12,6.8257334602253410e-05,6.8275466454566507e-05,-1.8131852313097059e-08,5.9869673497903657e-11,0
358,-1.4624800857103964e-13,-9.1883338018651414e-05,-9.1881732176334884e-05,-1.6058423165293606e-09,1.4178145053600670e-11,0
359,-3.3193715667963003e-10,5.1045414480532791e-05,5.1074903628468485e-05,-2.9489147935693591e-08,6.8766052461990978e-11,0
360,-1.0049670325409207e-13,-9.1882561401777915e-05,-9.1881731335842441e-05,-8.3006593547436947e-10,4.3664701297326847e-11,0
361,4.2518458390841791e-10,-1.1659237549520220e-05,-1.1662971066639079e-05,3.7335171188590451e-09,1.3210175473828038e-11,0
362,5.5906476759476638e-10,-5.6002024232761939e-06,-5.5799616710076863e-06,-2.0240752268507594e-08,1.0465249540165837e-11,0
363,1.3388018357276166e-10,6.0590182503596560e-06,6.0782431144783508e-06,-1.9224864118694884e-08,1.0254032692922308e-11,0
364,4.4103934267949713e-10,-6.2183660029834116e-05,-6.2193285400282379e-05,9.6253704482627536e-09,6.9537606158686782e-11,0
365,-2.9286800846059477e-10,5.1075856662043204e-05,5.1075534919730941e-05,3.2174231226304861e-10,7.5948922984702211e-11,0
366,6.0324841128701136e-10,-5.5838174439024751e-06,-5.5797125502016770e-06,-4.1048937007981667e-09,1.0683977844265911e-11,0
367,-2.4520076506529090e-10,2.9668303414583444e-05,2.9685437258194040e-05,-1.7133843610595836e-08,2.6381390423954367e-11,0
368,-2.4518566443921232e-10,-6.2211623481528075e-05,-6.2196983562093288e-05,-1.4639919434787413e-08,2.1780658543064593e-11,0
369,1.5100631907534795e-14,-9.1879972763317941e-05,-9.1881729012141205e-05,1.7562488232637525e-09,1.8276049836240623e-11,0
370,-2.1667555111967182e-11,1.6626734367466197e-05,1.6622655394780362e-05,4.0789726858350044e-09,1.8790674504643154e-11,0
371,2.4275936061329927e-13,-9.1879732894709404e-05,-9.1881727138501263e-05,1.9942437918586166e-09,2.3648767722991201e-11,0
372,1.7607599150832257e-09,-2.3588441807792342e-05,-2.3602536461572182e-05,1.4094653779839921e-08,1.4759261084963148e-11,0
373,1.7605171557249670e-09,6.8291295494760009e-05,6.8285117801893959e-05,6.1776928660496958e-09,1.6660494984301642e-11,0
375,1.1748967048987266e-12,2.9688077199675408e-05,2.9686834359499148e-05,1.2428401762604180e-09,2.5895175128910475e-11,0
376,1.1309316002738186e-12,-6.2192783508476825e-05,-6.2195561198843157e-05,2.7776903663328167e-09,4.0843770083790381e-11,0
377,3.2100529508572242e-10,6.0989590646254137e-06,6.0793954215750227e-06,1.9563643050390974e-08,1.5304166987166961e-11,0
378,-4.3965105493777984e-14,-9.1880887656068056e-05,-9.1881728000066138e-05,8.4034399808218842e-10,3.2258839859862023e-11,0
379,3.1983039877284349e-10,-2.3589098634001215e-05,-2.3610363678904601e-05,2.1265044903385149e-08,2.1666642109809271e-11,0
380,3.1987436387905359e-10,6.8291742590738738e-05,6.8277248907801851e-05,1.4493682936887243e-08,3.7742454869119017e-11,0
381,1.7945462527143413e-10,2.2790602597453670e-05,2.2796637382036002e-05,-6.0347845823321847e-09,5.7154857878211262e-11,0
382,1.8062952184736920e-10,5.2478779664118756e-05,5.2475135545483855e-05,3.6441186349007526e-09,7.7089968840954963e-11,0
383,1.8058555674308800e-10,-3.9402252100014488e-05,-3.9394276962746793e-05,-7.9751372676951124e-09,5.8855979749396092e-11,0
384,5.0045992039380932e-10,2.8889711349381134e-05,2.8902005666734608e-05,-1.2294317353473945e-08,6.8429763567716287e-11,0
385,6.9296723610805178e-10,-5.5917859285306917e-06,-5.5792049911597528e-06,-1.2580937370938897e-08,3.3499232626135072e-11,0
386,2.9123728614194535e-10,2.9695564932027529e-05,2.9688454868005774e-05,7.1100640217547535e-09,3.4161536251099279e-11,0
387,2.9108802677303643e-10,-6.2186968788418943e-05,-6.2193923192889721e-05,6.9544044707778221e-09,3.0865289093011264e-11,0
388,2.4713742567174903e-10,6.0799267215414995e-06,6.0790344814715269e-06,8.9224006997262685e-10,1.5148278706285822e-11,0
389,-1.4925937091506311e-13,-9.1882454807517248e-05,-9.1881727632314654e-05,-7.2717520259403187e-10,2.6698192219246472e-11,0
390,-4.4099860559922852e-11,-2.3615651680462466e-05,-2.3612295313443943e-05,-3.3563670185225475e-09,1.4309079811250539e-11,0
391,-4.3950601193506922e-11,6.8266805908866537e-05,6.8275259959044301e-05,-8.4540501777633902e-09,2.4034174851438607e-11,0
392,-2.3587371293142052e-10,5.1073485647416816e-05,5.1077079416611524e-05,-3.5937691947074716e-09,9.3047549402088093e-11,0
393,1.9499308347112025e-10,2.9691054736647599e-05,2.9687960050211098e-05,3.0946864365002328e-09,3.1416685564089297e-11,0
394,1.9485048922094568e-10,-6.2190344737006898e-05,-6.2194402732455533e-05,4.0579954486351074e-09,2.3077547479474200e-11,0
395,3.1970623446504529e-10,6.0863458161905526e-06,6.0794665799842353e-06,6.8792362063172684e-09,1.5856263886229041e-11,0
396,-1.4259425106173363e-13,-9.1881519124372541e-05,-9.1881726800816793e-05,2.0767644425174776e-10,2.4874055862506652e-11,0
397,1.2471315147047411e-10,-2.3604679491839463e-05,-2.3611326385264330e-05,6.6468934248673081e-09,1.5947656472404242e-11,0
398,1.2485574572097844e-10,6.8276807405027908e-05,6.8276180028585472e-05,6.2737644243647354e-10,1.4568099274531302e-11,0
399,-2.8932045969472530e-11,1.6624333065029951e-05,1.6623915132453228e-05,4.1793257672299118e-10,2.0839949279108936e-11,0
401,6.7596118202409441e-10,6.0546827891170413e-06,6.0814486495339125e-06,-2.6765860416871220e-08,5.4350631423107569e-11,0
402,9.7970449128523910e-10,6.8283802532778984e-05,6.8280846522690585e-05,2.9560100883990054e-09,6.7999761558345552e-11,0
403,-8.1497412144491892e-11,2.9646157340367657e-05,2.9686512560162018e-05,-4.0355219794360991e-08,1.4502879993686341e-11,0
404,-8.1499514485782811e-11,-6.2233646092075753e-05,-6.2195818536138890e-05,-3.7827555936863319e-08,4.7840469838946894e-11,0
408,3.7718550201270153e-10,-3.9396650821963732e-05,-3.9393329064662882e-05,-3.3217573008496653e-09,1.1583112978909957e-10,0
409,-1.4901954357576677e-13,-9.1883169854285192e-05,-9.1881724496040089e-05,-1.4453582451034877e-09,1.4161404073554867e-11,0
410,-3.3811356344334860e-10,5.1052482523636714e-05,5.1077781744877828e-05,-2.5299221241114733e-08,7.2329667370094867e-11,0
411,-1.1555961873443154e-13,-9.1883460489284387e-05,-9.1881723699953463e-05,-1.7367893309237683e-09,4.8524846284260233e-11,0
413,5.1669799761552395e-10,-5.6008582857282156e-06,-5.5801340532982961e-06,-2.0724232429919502e-08,1.4620415144201308e-11,0
415,-3.0348395635206751e-10,5.1078128247442046e-05,5.1078235777269156e-05,-1.0752982711062856e-10,9.5361685864273593e-11,0
416,-1.2272130337288687e-10,1.6618306578328190e-05,1.6624892107576859e-05,-6.5855292486689571e-09,2.9957065083006325e-11,0
417,4.1865244514809936e-09,6.8277829092827430e-05,6.8298352126895570e-05,-2.0523034068139958e-08,6.9567034917521187e-11,0
422,6.4945669184005788e-10,-2.3581861346008356e-05,-2.3608212783184479e-05,2.6351437176122918e-08,1.5781051558130630e-11,0
423,6.4945809859216803e-10,6.8298016765002204e-05,6.8279035496690563e-05,1.8981268311640755e-08,2.0950175544001537e-11,0
424,5.7488572558594140e-10,-5.5841731003303946e-06,-5.5798008857033788e-06,-4.3722146270158379e-09,1.0920287292909103e-11,0
425,3.3936265960652767e-10,-3.9390586248242918e-05,-3.9393664114662589e-05,3.0778664196717776e-09,9.3026552172748361e-11,0
429,-5.5176409275432174e-14,-9.1880879350797088e-05,-9.1881720348822865e-05,8.4099802577682070e-10,2.6502912080733561e-11,0
430,2.8909667320323616e-10,-2.3589550612721291e-05,-2.3610075188509521e-05,2.0524575788230173e-08,1.8297896634262753e-11,0
431,2.8915184961265541e-10,6.8291239804212783e-05,6.8277063883689866e-05,1.4175920522917175e-08,2.8551757102564267e-11,0
433,1.4124409911181666e-10,5.2478239675238757e-05,5.2474619276758013e-05,3.6203984807436505e-09,7.1526732853754369e-11,0
434,1.4118892270294056e-10,-3.9402551631608461e-05,-3.9394781498911905e-05,-7.7701326965556633e-09,4.9580569836538368e-11,0
435,4.3034077207483838e-10,2.8888777488657140e-05,2.8900864618993956e-05,-1.2087130336815838e-08,5.2019415337524383e-11,0
438,-6.6690216931023600e-11,-6.2200193163004791e-05,-6.2195454034601823e-05,-4.7391284029680777e-09,6.0334776563284178e-11,0
439,3.6492942497702855e-10,6.1008558444275397e-06,6.0800068620504390e-06,2.0848982377100648e-08,1.7597068224566873e-11,0
440,-2.8212658505357964e-14,-9.1880213151289934e-05,-9.1881719662042412e-05,1.5065107524778231e-09,5.9960469786228605e-11,0
441,4.3159142981899946e-10,-2.3578992883169572e-05,-2.3609265105031525e-05,3.0272221861952879e-08,2.9503098848546028e-11,0
442,4.3161964247063852e-10,6.8301172417612951e-05,6.8277840690541958e-05,2.3331727070993063e-08,5.2397930432080981e-11,0
443,9.9708229773449832e-11,-3.4454187514662630e-05,-3.4448303561311341e-05,-5.8839533512890642e-09,1.0321562846907452e-10,0
444,1.9539342514082411e-13,-9.1879560881148132e-05,-9.1881717912761001e-05,2.1570316128692504e-09,4.8629526560872427e-11,0
445,1.4306565148581000e-11,1.6628740661504653e-05,1.6627288093104428e-05,1.4525684002245510e-09,1.7901836487749385e-11,0
446,2.1124251028656354e-10,2.9690757016778008e-05,2.9688343078277312e-05,2.4139385006952813e-09,3.3749786452545323e-11,0
447,2.1109454948644775e-10,-6.2190640468866472e-05,-6.2193873956471434e-05,3.2334876049622133e-09,2.8846543088835634e-11,0
448,2.8977429462004697e-10,6.0870951083561928e-06,6.0796455411524059e-06,7.4495672037868575e-09,1.5521919667942598e-11,0
449,-1.4796080022997516e-13,-9.1881294308057725e-05,-9.1881719225561848e-05,4.2491750412319493e-10,2.4453431284200172e-11,0
450,7.8531784854597755e-11,-2.3603579422358832e-05,-2.3611128638642308e-05,7.5492162834766749e-09,1.4888472181568154e-11,0
451,7.8679745655327515e-11,6.8277788081750164e-05,6.8275910854657845e-05,1.8772270923194051e-09,1.4326510385919225e-11,0
452,2.1125957829263184e-10,-3.4424220982343448e-05,-3.4447663754957292e-05,2.3442772613844142e-08,7.6163148179172846e-11,0
453,3.0370144024829310e-10,2.9695399856324422e-05,2.9688875907012568e-05,6.5239493118540389e-09,2.3026214719110818e-11,0
454,3.0354863557610991e-10,-6.2187007683223421e-05,-6.2193327327670522e-05,6.3196444471003577e-09,4.4208516663115340e-11,0
455,2.1020509976674200e-10,6.0807075936983659e-06,6.0792434928699020e-06,1.4641008284639845e-09,2.1807462229130344e-11,0
456,-1.5280467158863989e-13,-9.1882334828084785e-05,-9.1881718530745032e-05,-6.1629733975399666e-10,3.5884417330947809e-11,0
457,-9.3496340526060187e-11,-2.3614654935207556e-05,-2.3612025404896147e-05,-2.6295303114090758e-09,1.9402359048747243e-11,0
458,-9.3343535854599753e-11,6.8267645511458849e-05,6.8274969826109642e-05,-7.3243146507930099e-09,2.7770840255029623e-11,0
459,9.0866151046349313e-10,6.8286499628044317e-05,6.8280440242428318e-05,6.0593856159989754e-09,8.9473972538440975e-11,0
460,-2.4616735904394244e-10,5.1077944700314570e-05,5.1081090651917167e-05,-3.1459516025965513e-09,1.0442340644093986e-10,0
461,-1.5030034088802594e-13,-9.1883020925865737e-05,-9.1881717222192143e-05,-1.3037036735943528e-09,1.6009825515555410e-11,0
463,-3.4436412643314434e-10,5.1058672600964167e-05,5.1080892403972258e-05,-2.2219803008091199e-08,6.9127034792667411e-11,0
464,4.0443165027244168e-10,-1.1654935344183014e-05,-1.1663084397959860e-05,8.1490537768460331e-09,9.2455916250749577e-12,0
465,4.7191617132784001e-10,-5.6022238745364814e-06,-5.5803189639159061e-06,-2.1904910620575275e-08,9.6229685915966085e-12,0
466,6.7484520972458777e-11,6.0527417009431650e-06,6.0785697142537429e-06,-2.5828013310577871e-08,8.0972162826473053e-12,0
467,-1.1295601591942564e-13,-9.1882516608737545e-05,-9.1881715802888761e-05,-8.0080584878409761e-10,3.8620333257719962e-11,0
469,-1.0543287997975193e-13,-9.1883071484526876e-05,-9.1881714552117559e-05,-1.3569324093173907e-09,1.7687092010890780e-11,0
470,-4.5024089239013481e-11,5.2454968749275632e-05,5.2473364980671408e-05,-1.8396231395776243e-08,5.6256808589456692e-11,0
471,-4.5129522119656353e-11,-3.9428047672910096e-05,-3.9396026785532966e-05,-3.2020887377130335e-08,3.2324006332034999e-11,0
472,2.0615317465559512e-10,-1.1663526538175338e-05,-1.1664167192417651e-05,6.4065424231317804e-10,1.5579090251220815e-11,0
473,3.7545113212570714e-10,-5.5928310987579666e-06,-5.5808301756656822e-06,-1.2000923092284360e-08,1.4470940889327590e-11,0
474,1.6929795734163870e-10,6.0707117256787735e-06,6.0792162426841007e-06,-8.5045170053271794e-09,1.2138177547865893e-11,0
475,4.3419982828856459e-09,6.8296157671630985e-05,6.8299179534849516e-05,-3.0218632185311303e-09,5.5809631836185759e-11,0
476,-6.7859400704307613e-11,1.6624536226394690e-05,1.6629411783832089e-05,-4.8755574373992422e-09,2.8743881800162926e-11,0
477,5.7275376345051149e-11,2.9689269839590186e-05,2.9687753919367733e-05,1.5159202224529272e-09,2.3431238787095596e-11,0
478,5.7209103505779962e-11,-6.2191692688919747e-05,-6.2194338012883004e-05,2.6453239632568413e-09,3.2833251076763176e-11,0
479,3.1225462488851979e-10,6.0990864636091373e-06,6.0800611134971714e-06,1.9025350111965896e-08,1.1439691688557959e-11,0
480,-6.6272839619569252e-14,-9.1880942350678740e-05,-9.1881712276685261e-05,7.6992600652175253e-10,2.5757341984526922e-11,0
481,2.5497924893270917e-10,-2.3590106846436629e-05,-2.3609780310316088e-05,1.9673463879459042e-08,1.3261318870882923e-11,0
482,2.5504552177574136e-10,6.8290840040133305e-05,6.8276859440707588e-05,1.3980599425716879e-08,2.8489002145819734e-11,0
483,3.9583730368938872e-11,2.2788814535190747e-05,2.2794372702572979e-05,-5.5581673822320608e-09,5.5695344375507104e-11,0
484,9.6859106634392487e-11,5.2478079622228849e-05,5.2474059293304478e-05,4.0203289243707918e-09,7.4413017608260176e-11,0
485,9.6792833794566765e-11,-3.9402888503601435e-05,-3.9395329106511599e-05,-7.5593970898360291e-09,5.9603667553674090e-11,0
486,3.5183835531229559e-10,2.8887999687847270e-05,2.8899636478538753e-05,-1.1636790691483677e-08,4.4040696906400861e-11,0
487,5.2928503933739900e-11,1.6632745372616425e-05,1.6630313992314186e-05,2.4313803022383814e-09,1.9396669553262520e-11,0
488,-1.4877875671904387e-10,2.9662060632752035e-05,2.9686649761442926e-05,-2.4589128690890997e-08,2.7656611926595282e-11,0
489,-1.4880344231498441e-10,-6.2217692626719695e-05,-6.2195431492159667e-05,-2.2261134560028141e-08,1.9620640288741526e-11,0
490,4.5400464551095018e-10,6.0840709109897043e-06,6.0808597571074141e-06,3.2111538822902046e-09,1.3802692912608412e-11,0
491,-2.4685594969136405e-14,-9.1879734029950096e-05,-9.1881711504366936e-05,1.9774744168397007e-09,1.6777049715916434e-11,0
492,6.0278340344261074e-10,-2.3577915526078880e-05,-2.3607848700637708e-05,2.9933174558828058e-08,1.4416170405851958e-11,0
493,6.0280808903841948e-10,6.8301816633890497e-05,6.8278757345171222e-05,2.3059288719275346e-08,1.3632212030231108e-11,0
494,1.5285206377134598e-10,-3.4449037294707451e-05,-3.4447842364127234e-05,-1.1949305802176906e-09,8.9274953827098504e-11,0
495,-2.8930971369020127e-11,2.9680543289419339e-05,2.9687327764450952e-05,-6.7844750316123207e-09,3.3113745213726713e-11,0
496,-2.8974487833128962e-11,-6.2199448988000186e-05,-6.2194741942873073e-05,-4.7070451271127205e-09,4.8162110173202949e-11,0
497,3.6656824673837485e-10,6.1026628970007636e-06,6.0804096316489993e-06,2.2253265351764276e-08,1.9739581245850074e-11,0
498,-4.3516464267601189e-14,-9.1880120081012917e-05,-9.1881710999518480e-05,1.5909185055630473e-09,4.2374385554564439e-11,0
499,3.9549921871539442e-10,-2.3577899525915880e-05,-2.3608944720036034e-05,3.1045194120154628e-08,2.0631654032008939e-11,0
500,3.9554273517893183e-10,6.8302269254008965e-05,6.8277624114466986e-05,2.4645139541979214e-08,4.5269120186870167e-11,0
501,-1.9745957608705122e-11,2.9663147174740362e-05,2.9687401440461868e-05,-2.4254265721506405e-08,2.5674213111980786e-11,0
502,-1.9773588728317989e-11,-6.2216785879544087e-05,-6.2194656530999102e-05,-2.2129348544984721e-08,3.1797722278090560e-11,0
503,-2.7631118911221614e-14,-9.1879988978214053e-05,-9.1881710305085552e-05,1.7213268714994781e-09,2.1576603372247876e-11,0
505,3.2092857042237686e-10,5.2482813379045937e-05,5.2475214178038831e-05,7.5992010071054437e-09,8.5880892792958796e-11,0
506,3.2090093930465217e-10,-3.9396973636328381e-05,-3.9394171318507126e-05,-2.8023178212543856e-09,9.3277125648616230e-11,0
507,-1.3062758951940107e-10,1.6617569479073294e-05,1.6630022548470722e-05,-1.2453069397428069e-08,3.7684061778435102e-11,0
508,2.2562341929611268e-10,2.9690074841559784e-05,2.9688769749400936e-05,1.3050921588480461e-09,2.8940576494302227e-11,0
509,2.2547119539186311e-10,-6.2191157035175297e-05,-6.2193274858200157e-05,2.1178230248599002e-09,2.1905285151818404e-11,0
510,2.5117292772144363e-10,6.0878179222231127e-06,6.0798398119536815e-06,7.9781102694311971e-09,1.5616795062919947e-11,0
511,-1.5222390303065003e-13,-9.1881131144528637e-05,-9.1881710252856376e-05,5.7910832773871556e-10,1.5423350341428248e-11,0
513,2.5701732899767185e-11,6.8278983744120058e-05,6.8275601423130366e-05,3.3823209896928497e-09,1.7955548080065856e-11,0
514,4.6426385342392394e-10,-5.5389748609586953e-06,-5.5803092540919180e-06,4.1334393133222680e-08,1.2406437456073805e-11,0
515,3.9307412870486141e-10,-1.1649548653230347e-05,-1.1663146421138973e-05,1.3597767908626022e-08,2.0193226400829108e-11,0
516,4.2634492979331061e-10,-5.6049693660719865e-06,-5.5805091098534874e-06,-2.4460256218499108e-08,1.0054626227490083e-11,0
517,3.3270801020422271e-11,6.0445752696619559e-06,6.0787240140770952e-06,-3.4148744415139339e-08,1.1322950571833834e-11,0
518,3.1156240405322982e-10,-6.2187176543479061e-05,-6.2192658136352548e-05,5.4815928734878224e-09,2.1663826683720596e-11,0
519,1.6295844928088492e-10,6.0817040307570985e-06,6.0794721289707816e-06,2.2319017863169386e-09,9.7187981494037796e-12,0
520,-1.4860395478218414e-10,6.8268834249070667e-05,6.8274643878517795e-05,-5.8096294471276242e-09,1.4813043563298992e-11,0
521,9.1163336970582749e-11,1.6638216604455535e-05,1.6632972694086110e-05,5.2439103694247461e-09,9.1393445220502326e-12,0
522,-3.3070879022506827e-10,5.1085044790946102e-05,5.1085418102634657e-05,-3.7331168855508391e-10,1.0359286463393068e-10,0
523,2.0118660871624919e-10,-1.1663912681774205e-05,-1.1664194314726601e-05,2.8163295239547214e-10,1.6015216731040209e-11,0
524,3.5033416483814052e-10,-5.5948647325661932e-06,-5.5809004782560043e-06,-1.3964254310188892e-08,1.4951611695979809e-11,0
525,1.4914755599551048e-10,6.0690653157094779e-06,6.0794946515344195e-06,-1.0429335824941631e-08,1.1617119607211200e-11,0
526,-3.5289646406650601e-10,5.1065568753755342e-05,5.1085628087300678e-05,-2.0059333545336538e-08,5.1948613402204042e-11,0
527,3.5468080226164156e-10,2.9700802886262374e-05,2.9689699807206609e-05,1.1103079055765723e-08,1.2898985295175971e-11,0
528,3.5453144186995176e-10,-6.2181907253546290e-05,-6.2192233192781467e-05,1.0325939235177745e-08,1.1561191098426817e-11,0
529,1.0427138635460210e-10,6.0739224951008100e-06,6.0792997062937442e-06,-5.3772111929342069e-09,6.6824643270972622e-12,0
530,6.5126724543108690e-11,-1.4728825991044536e-06,-1.4747036654054561e-06,1.8210663010025825e-09,4.2998222796667291e-12,0
531,-1.4936039073789264e-13,-9.1882716322011363e-05,-9.1881704415952499e-05,-1.0119060588639848e-09,1.0609090992994253e-11,0
532,-2.5040941587671927e-10,-2.3626911938893005e-05,-2.3612048281243082e-05,-1.4863657649923556e-08,5.3547009654716217e-12,0
533,-2.8955407753681886e-10,-3.1173716500220924e-05,-3.1168094392659078e-05,-5.6221075618465228e-09,4.1297226513738293e-12,0
534,-2.5026005548665689e-10,6.8255774687343493e-05,6.8274081382377553e-05,-1.8306695034059762e-08,6.4928446691306050e-12,0
535,-2.8940471714712964e-10,6.0709004662921028e-05,6.0715005410048546e-05,-6.0007471275181474e-09,4.1977294789434966e-12,0
536,-3.9144661962668889e-11,-7.5467891649423635e-06,-7.5561174467387325e-06,9.3282817963689978e-09,2.0335656558199254e-12,0
537,-2.7037913143820124e-11,-1.1678630035151863e-05,-1.1665440643893867e-05,-1.3189391257996378e-08,3.3591150498786493e-11,0
539,2.0460759760251405e-10,-7.3863502048224575e-05,-7.3852697251812613e-05,-1.0804796411962095e-08,8.5889014910705175e-11,0
540,1.6244014856147049e-10,-5.5983362448365492e-06,-5.5819140187864444e-06,-1.6422226050104870e-08,2.6393342565413995e-11,0
542,1.9567360972479922e-11,-1.3151353230086982e-05,-1.3143517363263519e-05,-7.8358668234630198e-09,1.6794589153640993e-11,0
543,2.3175687852261230e-10,2.9697889094447774e-05,2.9689048083067631e-05,8.8410113801429139e-09,3.0412200737844084e-11,0
544,2.3164551082203914e-10,-6.2184957264684905e-05,-6.2192875019993600e-05,7.9177553086949006e-09,3.5635270037878386e-11,0
545,1.8947806214561611e-10,6.0803050205473358e-06,6.0797877778323596e-06,5.1724271497617799e-10,1.4070818809613775e-11,0
546,4.6605274163826229e-11,-1.4727221489700194e-06,-1.4747919927454500e-06,2.0698437754306359e-09,1.1547718357514614e-11,0
547,-1.1136769912287075e-13,-9.1882995292941609e-05,-9.1881703703018935e-05,-1.2915899226740224e-09,3.3659262606705679e-11,0
548,-4.2278816510555342e-11,-2.3617686367426952e-05,-2.3610881778021001e-05,-6.8045894059508153e-09,1.6028300534001359e-11,0
549,-1.8515160434760515e-10,-3.1170696686043560e-05,-3.1167529165178698e-05,-3.1675208648623008e-09,1.3757181123230703e-11,0
550,-4.2167448811564355e-11,6.8265201197241238e-05,6.8275216641126716e-05,-1.0015443885477357e-08,2.7511865556618052e-11,0
551,-1.8504023664769164e-10,6.0712212591290150e-05,6.0715560821409356e-05,-3.3482301192057774e-09,1.9167347843921278e-11,0
552,-1.4287278789804800e-10,-7.5529959236474500e-06,-7.5566922628469560e-06,3.6963391995059261e-09,6.1738840600625401e-12,0
553,-3.4062784699462182e-10,2.2734602750828364e-05,2.2791460957387724e-05,-5.6858206559359857e-08,9.4508493894778375e-11,0
554,-1.0887096858632473e-10,5.2432467000594271e-05,5.2472591371709674e-05,-4.0124371115402566e-08,7.0806827963577212e-11,0
555,-1.0898233628586448e-10,-3.9450391584722883e-05,-3.9396783787071860e-05,-5.3607797651022764e-08,6.3216922686998672e-11,0
556,-1.5114978548901503e-10,2.8815057535210714e-05,2.8896022680259329e-05,-8.0965145048614431e-08,5.9133595346095866e-11,0
557,-2.9402257290218154e-10,2.1261901726743471e-05,2.1315107808607929e-05,-5.3206081864458224e-08,4.5839197755171628e-11,0
558,-1.1765620878551429e-11,1.6630589144408722e-05,1.6633964607855453e-05,-3.3754634467305505e-09,3.9664807337813206e-11,0
559,4.3296912282518308e-10,-6.2185997579623374e-05,-6.2191721696878421e-05,5.7241172550466296e-09,6.4325404884295077e-11,0
560,4.6988772647081595e-11,6.0746463632944947e-06,6.0790515861865237e-06,-4.4052228920290348e-09,2.8026524269682482e-11,0
561,7.1568231967116551e-11,-1.4742516076563742e-06,-1.4746320510744984e-06,3.8044341812418217e-10,2.3724369871601683e-11,0
562,-3.8598035013618402e-10,6.8260420228911239e-05,6.8273337003219251e-05,-1.2916774308011233e-08,4.0383290580636632e-11,0
563,-3.6140089079357573e-10,6.0711576572237838e-05,6.0714570962260796e-05,-2.9943900229579732e-09,2.8008022689009992e-11,0
564,2.4579459091424924e-11,-7.5488741683969740e-06,-7.5557932129685865e-06,6.9190445716124931e-09,1.1879623397364836e-11,0
565,-6.0356782641261133e-10,1.5447441184701649e-05,1.5432764341923742e-05,1.4676842777907120e-08,2.9419160595061176e-11,0
566,2.1515337399948947e-10,-3.4443118982934069e-05,-3.4447302219400829e-05,4.1832364667596903e-09,9.4176828876979854e-11,0
567,-1.3948139596156811e-09,-1.4264030222439078e-05,-1.4258664299902179e-05,-5.3659225368992764e-09,1.4722117897998743e-11,0
568,-1.1608405444283149e-09,1.5425203275193020e-05,1.5429722215099740e-05,-4.5189399067207181e-09,1.7087491439137293e-11,0
569,-1.1609946347244037e-09,-7.6455814501918615e-05,-7.6436503288115608e-05,-1.9311213803006595e-08,3.3629347746140903e-11,0
570,-1.1812207788332480e-09,-8.1756645538902384e-06,-8.1693234930858979e-06,-6.3410608043404978e-09,1.3223223335910282e-11,0
571,-1.3703960821096458e-09,-1.5739053930213451e-05,-1.5736795499330684e-05,-2.2584308827668759e-09,7.1444037180001213e-12,0
572,2.3397341519329369e-10,2.9689170478017397e-05,2.9689130957859540e-05,3.9520157857505199e-11,2.7345599717448833e-11,0
573,2.3381932489842400e-10,-6.2191761621873710e-05,-6.2192757322298043e-05,9.9570042433273689e-10,2.3705780475032686e-11,0
574,2.1359318128109236e-10,6.0883718243417290e-06,6.0800018141630414e-06,8.3700101786875805e-09,1.5739420508467086e-11,0
575,2.4417877515322494e-11,-1.4750191845037258e-06,-1.4748667827667934e-06,-1.5240173693246719e-10,1.0526326317264139e-11,0
576,-1.5409029202457258e-13,-9.1880961416529770e-05,-9.1881702107596573e-05,7.4069106680311678e-10,2.6141006184234111e-11,0
577,-2.0380233326738578e-11,-2.3600873884794529e-05,-2.3610653989179278e-05,9.7801043847487606e-09,2.0783875033736392e-11,0
578,-2.0955553766482700e-10,-3.1164244742659490e-05,-3.1167680206624419e-05,3.4354639649291762e-09,1.0327131622361658e-11,0
579,-2.0226143034407622e-11,6.8280163217037640e-05,6.8275332372122696e-05,4.8308449149438290e-09,1.8464722326978272e-11,0
580,-2.0940144737510881e-10,6.0716709387103034e-05,6.0715375249418734e-05,1.3341376843000754e-09,1.1675597524052584e-11,0
581,-1.8917530427913628e-10,-7.5634064299850805e-06,-7.5569753627792060e-06,-6.4310672058745256e-09,6.6489583896011093e-12,0
582,4.4262920315080416e-10,-5.5586186865838605e-06,-5.5803638850564930e-06,2.1745198472632517e-08,1.0604494529181041e-11,0
583,-3.6861878224345404e-10,-1.4232960397406874e-05,-1.4253085496822538e-05,2.0125099415664179e-08,2.9983956197099606e-11,0
584,-3.4728018713794529e-10,1.5438173218290619e-05,1.5434166388804713e-05,4.0068294859059352e-09,2.2216787516549098e-11,0
585,-3.4732455886907452e-10,-7.6441923772012669e-05,-7.6432050984846136e-05,-9.8727871665336324e-09,3.5159407575565671e-11,0
586,-6.2184673430909554e-10,-3.7044577047643142e-05,-3.7046044301449042e-05,1.4672538059006175e-09,3.3848164761223348e-11,0
587,-3.5156333202784162e-10,-1.5715642516217661e-05,-1.5731236417742360e-05,1.5593901524698912e-08,1.2522099220159281e-11,0
588,-4.5365381785987509e-10,1.4104352673146789e-05,1.4050321697133807e-05,5.4030976012982006e-08,5.3364989310511202e-11,0
589,2.1338595367889845e-11,2.9671140746357488e-05,2.9688001852129125e-05,-1.6861105771636472e-08,2.7708753610558629e-11,0
590,2.1294223634709374e-11,-6.2208965384166065e-05,-6.2193869933805648e-05,-1.5095450360417054e-08,3.5045752984385410e-11,0
591,1.7055450243424039e-11,-1.4826848132630868e-06,-1.4748859617071929e-06,-7.7988515558938710e-09,8.8001422956504269e-12,0
593,-4.4371731958507502e-14,-9.1880123745832816e-05,-9.1881700679250403e-05,1.5769334175865912e-09,1.5915561231417400e-11,0
594,-4.2831448436090457e-12,-3.1153832274730814e-05,-3.1166567276691156e-05,1.2735001960342363e-08,6.9337864177160871e-12,0
596,-4.2387731144314315e-12,6.0726275366330094e-05,6.0716471817689423e-05,9.8035486406712114e-09,1.0810352557429446e-11,0
599,2.7456654764495972e-10,5.2482806791023275e-05,5.2474581519689925e-05,8.2252713333498821e-09,8.0298439169115648e-11,0
600,2.7452217591279662e-10,-3.9397258493539117e-05,-3.9394789208801293e-05,-2.4692847378236576e-09,6.5509012042576860e-11,0
601,2.7028340295868331e-10,2.1328958604818066e-05,2.1318001756784457e-05,1.0956848033608297e-08,3.3436675619662287e-11,0
602,1.6819291616619694e-10,5.1149023006749617e-05,5.1089875998616613e-05,5.9147008133003068e-08,5.2365569676444488e-11,0
603,-1.0209048502611653e-10,2.9820014387062568e-05,2.9762761722471537e-05,5.7252664591031310e-08,3.2844624033383504e-11,0
604,-7.4667002238314979e-10,1.5438307904862844e-05,1.5431986356156184e-05,6.3215487066601824e-09,1.9943157495505306e-11,0
605,-7.4671932032120028e-10,-7.6441363153891950e-05,-7.6434225267656126e-05,-7.1378862358240352e-09,3.4278786313820337e-11,0
606,-4.9297934306169572e-14,-9.1879671882194431e-05,-9.1881700070072452e-05,2.0281878780208139e-09,1.2661215602882361e-11,0
607,3.8011664042305222e-10,-1.1634890642439090e-05,-1.1663217181701635e-05,2.8326539262545520e-08,3.0062007165888299e-11,0
608,3.7578834883479052e-10,-5.6119942467283343e-06,-5.5807215508060419e-06,-3.1272695922292430e-08,2.0375044524740236e-11,0
609,4.7042647044374775e-10,-1.3100125637849347e-05,-1.3141038034646745e-05,4.0912396797398057e-08,2.0992143759144325e-11,0
610,-4.3282916382733735e-12,6.0228957465061073e-06,6.0788884679100896e-06,-5.5992721403982343e-08,1.1537411183383642e-11,0
611,9.0309829983977022e-11,-1.4652733689755957e-06,-1.4744637418411051e-06,9.1903728655093474e-09,1.0900368987336103e-11,0
612,9.4638121551947292e-11,-7.4881398728840476e-06,-7.5554536404214000e-06,6.7313767537352452e-08,4.6599177267067201e-12,0
613,-7.2142572066339370e-10,-3.7042723715904630e-05,-3.7046535498854722e-05,3.8117829500919072e-09,4.5090201383976584e-11,0
614,1.2752994580010946e-10,1.6640866850353708e-05,1.6636276902638319e-05,4.5899477153896109e-09,1.4472174738776427e-11,0
615,3.1266109352217773e-10,-6.2187498992390328e-05,-6.2192176245638991e-05,4.6772532486622984e-09,2.8665697888442982e-11,0
616,1.2500162264815590e-10,6.0824572959070067e-06,6.0796351406808792e-06,2.8221552261275190e-09,1.1458231487263380e-11,0
617,4.8045621221013907e-11,-1.4735793427214650e-06,-1.4746717903976974e-06,1.0924476762324602e-09,7.3899445749420191e-12,0
618,-1.8765947085985259e-10,6.8269888478084649e-05,6.8274412204896034e-05,-4.5237268113851488e-09,1.8565138689466235e-11,0
619,-2.6461547231006993e-10,6.0713832335010267e-05,6.0714999001782890e-05,-1.1666667726228821e-09,1.4271001535519590e-11,0
620,-7.6956001687952348e-11,-7.5560000511020603e-06,-7.5564055518900687e-06,4.0550078800837935e-10,4.6410368021967837e-12,0
621,-2.8016918692896918e-10,1.5428346625011302e-05,1.5434536061103318e-05,-6.1894360920159916e-09,4.6453574474396696e-11,0
622,1.2918814170337168e-10,1.6642234746505526e-05,1.6636603004174345e-05,5.6317423311811449e-09,1.8900232083268145e-11,0
623,-6.2305168867262132e-10,1.5426581449437884e-05,1.5432664732935489e-05,-6.0832834976041789e-09,2.9486466833237263e-11,0
625,1.7999042351716506e-10,6.0843027901913757e-06,6.0799906704254770e-06,4.3121197658987589e-09,2.4026803853852443e-11,0
626,4.1393067663207913e-11,-1.4730096030978216e-06,-1.4746770112394664e-06,1.6674081416447226e-09,9.0230401214590995e-12,0
627,-5.5709543989937557e-11,6.8271183622929102e-05,6.8275130036984740e-05,-3.9464140556383061e-09,8.0712127583113998e-11,0
631,-2.1104010455110863e-10,-3.9450716003506386e-05,-3.9397553371546254e-05,-5.3162631960132435e-08,9.7489259964745333e-11,0
632,-2.6674964910635768e-10,2.8820219373833916e-05,2.8894835356506791e-05,-7.4615982672875190e-08,9.4922108888199732e-11,0
633,-4.0534700425592084e-10,2.1263006380237148e-05,2.1314100373282825e-05,-5.1093993045677041e-08,5.8310746874456861e-11,0
634,3.2580756221111827e-10,1.8026971600765100e-05,1.8027739180233456e-05,-7.6757946835615334e-10,3.8683134088851569e-11,0
636,4.6348260009274566e-11,-1.1686184365661961e-05,-1.1665039883592872e-05,-2.1144482069088979e-08,1.2087352148456308e-11,0
637,3.9848792454316391e-10,1.8014229833554322e-05,1.8028136587604594e-05,-1.3906754050271115e-08,2.1449163343862040e-11,0
638,3.9834088114663852e-10,-7.3868343268473913e-05,-7.3851498916531849e-05,-1.6844351942064159e-08,3.3955280746512189e-11,0
639,1.1879651877375254e-10,-5.6117639109284218e-06,-5.5821003285420408e-06,-2.9663582386381000e-08,9.5217925932479353e-12,0
640,1.0860882135309305e-10,-1.3159142628981976e-05,-1.3142998430343949e-05,-1.6144198638026898e-08,4.9295039410007465e-12,0
641,3.5213966499502512e-10,2.9700377036463374e-05,2.9689965275121891e-05,1.0411761341482743e-08,1.5471165797427255e-11,0
642,3.5199262160003544e-10,-6.2182154748763319e-05,-6.2191829338163575e-05,9.6745894002562378e-09,1.2033654123501504e-11,0
643,7.2448259114232042e-11,6.0744209008836009e-06,6.0794509502727414e-06,-5.0300493891404936e-09,7.0999160692649347e-12,0
644,6.2260561453790115e-11,-1.4729531764641924e-06,-1.4745362663392846e-06,1.5830898750922639e-09,4.6663007234142710e-12,0
645,-1.4704339407962664e-13,-9.1882508837170816e-05,-9.1881697184929197e-05,-8.1165224161908883e-10,1.4824926415191257e-11,0
646,-2.7969140583014528e-10,-2.3625966326832129e-05,-2.3611781097424447e-05,-1.4185229407682359e-08,7.7117291854183259e-12,0
647,-2.8987910337690137e-10,-3.1173348417490830e-05,-3.1168166317719109e-05,-5.1820997717214891e-09,6.1307822037295723e-12,0
648,-2.7954436243471957e-10,6.8256523834775082e-05,6.8273905317346495e-05,-1.7381482571413075e-08,9.0689458375738615e-12,0
649,-2.8973205998143198e-10,6.0709169941364736e-05,6.0714796252286011e-05,-5.6263109212748952e-09,5.7548444275681586e-12,0
650,-1.0187697818128406e-11,-7.5473717595147746e-06,-7.5560786882861135e-06,8.7069287713388571e-09,1.8928864723058251e-12,0
652,3.0052212129851712e-10,-5.5996000661411027e-06,-5.5811033512795469e-06,-1.8496714861555809e-08,6.9205249136582605e-11,0
653,3.0619774429705103e-10,-1.3133641893585402e-05,-1.3141916526170496e-05,8.2746325850946537e-09,5.7874982387234978e-11,0
656,5.6756229536525381e-12,-7.5340383957414603e-06,-7.5560018269263930e-06,2.1963431184932675e-08,2.7033247352512718e-11,0
657,-1.8398474887493244e-13,-9.1881176872202224e-05,-9.1881696512055371e-05,5.1963985314685233e-10,4.7045825581874220e-11,0
658,-3.3073204339076956e-11,-1.1679770930847488e-05,-1.1665473602488272e-05,-1.4297328359216149e-08,3.3461594668655606e-11,0
659,1.3360057070252658e-10,-5.5994560067048477e-06,-5.5820101084825038e-06,-1.7445898222343909e-08,2.4594334746903849e-11,0
660,1.3333542271549556e-11,-1.3152374130180611e-05,-1.3143512837644387e-05,-8.8612925362241760e-09,1.5409971642322720e-11,0
661,1.6667377550096239e-10,6.0803329741765475e-06,6.0800199836884756e-06,3.1299048807195251e-10,2.2602897425721395e-11,0
662,4.6406746665843261e-11,-1.4726280001764133e-06,-1.4745921671332119e-06,1.9641669567986468e-09,1.4497477801761041e-11,0
663,-1.2026702877955422e-10,-7.5529435926381325e-06,-7.5566998345191270e-06,3.7562418809945725e-09,7.8318868791158357e-12,0
664,-4.2235389302276348e-10,-3.7037960852676684e-05,-3.7044680411259527e-05,6.7195585828428231e-09,3.3044491992542745e-11,0
665,-7.6738172503103377e-10,1.4051294075495893e-05,1.4051142090405952e-05,1.5198508994072326e-10,3.3690742015831381e-11,0
667,4.2028353942013892e-10,-6.2187572471636453e-05,-6.2191340059473868e-05,3.7675878374141686e-09,6.0777967861831226e-11,0
668,1.5090284103371117e-12,6.0741457028699181e-06,6.0791540801325086e-06,-5.0083772625905421e-09,3.1689323433374178e-11,0
669,6.5984983694870258e-11,-1.4748760274814650e-06,-1.4744649437964746e-06,-4.1108368499035587e-10,2.3507026472773958e-11,0
670,-4.1877451102462022e-10,6.8261652912772475e-05,6.8273140488063906e-05,-1.1487575291431159e-08,4.3269258216808505e-11,0
671,-3.5429855573522432e-10,6.0712547441612208e-05,6.0714385899141616e-05,-1.8384575294080690e-09,2.8572767403639045e-11,0
672,6.4475955101697337e-11,-7.5490533319958614e-06,-7.5557042000946512e-06,6.6508680987898187e-09,1.2034473392410826e-11,0
674,-1.4052689351756265e-09,-1.4260255593939990e-05,-1.4258958454677198e-05,-1.2971392627921733e-09,1.4283297019646979e-11,0
675,-1.1675718134439052e-09,1.5428080679813147e-05,1.5429698031454691e-05,-1.6173516415436641e-09,1.7855220988993497e-11,0
676,-1.1677258909197520e-09,-7.6452758316941649e-05,-7.6436456706620206e-05,-1.6301610321442939e-08,3.3623838915376168e-11,0
677,-1.2294887110076908e-09,-8.1714304829283435e-06,-8.1695255171307789e-06,-1.9049657975645770e-09,1.3684740493273417e-11,0
678,-1.3831596320193681e-09,-1.5735579573776352e-05,-1.5736909762395626e-05,1.3301886192735365e-09,7.3373243510202164e-12,0
679,2.3769712176502430e-10,2.9688327533197549e-05,2.9689452836099225e-05,-1.1253029016762756e-09,2.8234563420115982e-11,0
680,2.3754304428476216e-10,-6.2192486843898505e-05,-6.2192286074046630e-05,-2.0076985187474517e-10,2.2715793874829009e-11,0
681,1.7578022447132385e-10,6.0888523977630643e-06,6.0801461762689967e-06,8.7062214940675746e-09,1.4342212417821756e-11,0
682,2.2109303166024390e-11,-1.4753415712304152e-06,-1.4746817925654528e-06,-6.5977866496241717e-10,9.8019769248867740e-12,0
683,-1.5407747848461949e-13,-9.1880840043553552e-05,-9.1881694315548669e-05,8.5427199511642782e-10,2.6310669127486991e-11,0
684,-6.1916896704714322e-11,-2.3599475813549818e-05,-2.3610419788995444e-05,1.0943975445626717e-08,1.8414506834357317e-11,0
685,-2.1558781863799419e-10,-3.1163664647504419e-05,-3.1167788873357969e-05,4.1242258535506408e-09,1.0185568025452593e-11,0
686,-6.1762819227023319e-11,6.8281324919557953e-05,6.8275088114280771e-05,6.2368052771826768e-09,1.9167945092644781e-11,0
687,-2.1543374115851555e-10,6.0717124977973345e-05,6.0715118458376149e-05,2.0065195971969547e-09,1.1112650345438811e-11,0
688,-1.5367092182557429e-10,-7.5641796831943733e-06,-7.5569103351422079e-06,-7.2693480521654792e-09,6.3460571122516706e-12,0
689,3.9119769108461426e-11,1.6635886912113283e-05,1.6638095083134507e-05,-2.2081710212239463e-09,5.2040391530720226e-11,0
690,-4.6280659623031686e-10,-1.4238696927977752e-05,-1.4253836914813355e-05,1.5139986835602308e-08,3.3385754774129770e-11,0
691,-4.0961756546697089e-10,1.5437362535768422e-05,1.5433838541401930e-05,3.5239943664921547e-09,2.3410296159925493e-11,0
692,-4.0967476815534850e-10,-7.6442807174030222e-05,-7.6432308137248061e-05,-1.0499036782161703e-08,4.0769096113432861e-11,0
693,-6.4286876064023865e-10,-3.7045158907232298e-05,-3.7045801830215663e-05,6.4292298336554327e-10,3.6504219529787820e-11,0
694,-4.4058111797047470e-10,-1.5718545834272381e-05,-1.5731767103537520e-05,1.3221269265139212e-08,1.3724569502481070e-11,0
695,-4.8121661248744575e-10,1.4095839389872272e-05,1.4053469255179447e-05,4.2370134692825608e-08,6.5844412246560972e-11,0
696,5.3189030957708661e-11,2.9676069765933663e-05,2.9688477329826352e-05,-1.2407563892688543e-08,2.8517651168655988e-11,0
697,5.3131828271726806e-11,-6.2204114356426837e-05,-6.2193245156236219e-05,-1.0869200190618254e-08,3.2157267300774730e-11,0
698,2.2225478273611295e-11,-1.4798235732833322e-06,-1.4746601310203516e-06,-5.1634422629805624e-09,8.4652337249301469e-12,0
700,-5.7202686423374789e-14,-9.1880195445442011e-05,-9.1881692957342044e-05,1.4975119000333647e-09,1.7934104639724901e-11,0
701,-3.0963552422263790e-11,-3.1155914415960211e-05,-3.1166788702396564e-05,1.0874286436353550e-08,8.4683850797779600e-12,0
703,-3.0906349734643322e-11,6.0724295558545367e-05,6.0716102337814505e-05,8.1932207308621171e-09,1.1775526759094906e-11,0
706,2.3325119577883862e-10,5.2482452349609555e-05,5.2474051606654821e-05,8.4007429547341798e-09,5.8423361616166798e-11,0
707,2.3319399309071284e-10,-3.9397696867318234e-05,-3.9395307276535127e-05,-2.3895907831072700e-09,5.9571396456066120e-11,0
708,2.0228764351590743e-10,2.1326689778448232e-05,2.1317080125017115e-05,9.6096534311178035e-09,4.3080203287936442e-11,0
709,1.6165214780890221e-10,5.1140902466280391e-05,5.1092973653903343e-05,4.7928812377048152e-08,4.4849805244634552e-11,0
711,-7.7343725103314809e-10,-1.4218737351329169e-05,-1.4255551058893485e-05,3.6813707564315449e-08,2.3000645793497898e-11,0
712,-8.2268429343756832e-10,-7.6441057366135722e-05,-7.6434557316684061e-05,-6.5000494516611858e-09,2.7523828097517287e-11,0
713,-7.8630654334643169e-10,-1.5712526713571387e-05,-1.5733658447959727e-05,2.1131734388339852e-08,9.4040825178941113e-12,0
714,-4.9247041483342527e-11,-6.2222261620540134e-05,-6.2193770393677040e-05,-2.8491226863094346e-08,1.7537948660628071e-11,0
715,-1.2869292290010626e-11,-1.4937084474486891e-06,-1.4748369486039227e-06,-1.8871498844766384e-08,9.0199674368506221e-12,0
716,3.6377750006539575e-11,6.0728510110654582e-05,6.0716452969848072e-05,1.2057140806510274e-08,6.7765756582116898e-12,0
717,3.2776944199184531e-10,-5.6294824198228899e-06,-5.5809240950341905e-06,-4.8558324788699338e-08,2.6118162530149636e-11,0
718,-7.0388775076595275e-10,-1.4246971640808487e-05,-1.4255189738525059e-05,8.2180977165721740e-09,6.0736602633207242e-11,0
719,-6.5534962747982864e-10,1.5435742164861960e-05,1.5432498528784671e-05,3.2436360772889264e-09,6.3863692632684871e-11,0
721,-3.4893465967743015e-10,-8.1408196074472458e-06,-8.1647008556681059e-06,2.3881248220860082e-08,4.7334569384432300e-11,0
722,-6.9270168055519477e-10,-1.5724160963986444e-05,-1.5733150749117630e-05,8.9897851311858596e-09,3.6631197622299988e-11,0
723,4.8538123463476984e-11,2.9682657242178709e-05,2.9688498085886457e-05,-5.8408437077485885e-09,2.9620119067505545e-11,0
724,4.8463792480964068e-11,-6.2197500109177975e-05,-6.2193201630967191e-05,-4.2984782107840331e-09,4.6130968823816446e-11,0
725,3.5495309096184268e-10,6.1061676729836506e-06,6.0812156743251126e-06,2.4951998658537958e-08,2.0113036063534373e-11,0
726,1.1186070220173598e-11,-1.4771890865261129e-06,-1.4746901725074644e-06,-2.4989140186485491e-09,1.1563758108565573e-11,0
727,-7.4330983471501258e-14,-9.1880158654704833e-05,-9.1881691858229612e-05,1.5332035247785872e-09,4.3651174625723287e-11,0
728,3.0641496814402993e-10,-2.3576471324067427e-05,-2.3608288710544727e-05,3.1817386477300125e-08,1.9803662505976066e-11,0
729,-3.7352052879565309e-11,-3.1159862774806681e-05,-3.1166835180355714e-05,6.9724055490330496e-09,1.4456667089863531e-11,0
730,3.0648929912468759e-10,6.8303638386273124e-05,6.8277094609254903e-05,2.6543777018221758e-08,4.3944056630780413e-11,0
731,-3.7277721899170260e-11,6.0720344619126856e-05,6.0716033281315190e-05,4.3113378116668298e-09,2.1466703132433776e-11,0
732,-3.4376702068279883e-10,-7.5833366989302639e-06,-7.5579818820607734e-06,-2.5354816869490542e-08,7.3092634270432434e-12,0
733,2.3051736623870402e-10,-3.4466036790915290e-05,-3.4446994282714743e-05,-1.9042508200546680e-08,5.2174570487635832e-11,0
734,-1.3004029115655982e-10,1.6605246456136147e-05,1.6638055189987609e-05,-3.2808733851462238e-08,1.0764555773364254e-11,0
735,-3.6055765733427628e-10,5.1071194126542721e-05,5.1090724800807026e-05,-1.9530674264305276e-08,7.2435793029781221e-11,0
736,-8.8141514614352904e-10,1.5448291543592590e-05,1.5431264979808544e-05,1.7026563784046638e-08,3.4643931421388749e-11,0
737,-1.1176893334739134e-10,1.6611586868664485e-05,1.6638387950369928e-05,-2.6801081705442396e-08,2.6553582769072820e-11,0
738,3.0934495124007295e-10,-6.2187950725488359e-05,-6.2191711891148679e-05,3.7611656603201175e-09,3.0599945992910536e-11,0
739,8.5225269357695711e-11,6.0831601421361403e-06,6.0797933305411583e-06,3.3668115949820238e-09,1.1405499332586983e-11,0
740,4.4435721836218145e-11,-1.4736927144917700e-06,-1.4744800806557168e-06,7.8736616394679696e-10,7.5173548494030632e-12,0
741,-2.2411968186683013e-10,6.8271144624050539e-05,6.8274194450141783e-05,-3.0498260912439987e-09,1.7725235771589434e-11,0
742,-2.6490922944801085e-10,6.0714215913979284e-05,6.0714757885873561e-05,-5.4197189427719573e-10,1.3956241173665743e-11,0
743,-4.0789547790358673e-11,-7.5568572514457533e-06,-7.5563459252102069e-06,-5.1132623554635156e-10,4.2702541966075222e-12,0
745,-5.0042347420465249e-10,-3.7045663682285651e-05,-3.7044898425647313e-05,-7.6525663833781595e-10,6.0169466642627273e-11,0
746,1.6748213020304916e-10,1.6646363127501961e-05,1.6640414924135282e-05,5.9482033666787264e-09,1.9971232157932570e-11,0
747,-3.3308107342129016e-10,-3.7025036781273765e-05,-3.7043951761723962e-05,1.8914980450196808e-08,2.3511611856666174e-11,0
748,1.6116200713101785e-10,2.9690493775168074e-05,2.9689200816147856e-05,1.2929590202176910e-09,3.9141778472127913e-11,0
749,1.6104626180389962e-10,-6.2190521024446839e-05,-6.2192455687650879e-05,1.9346632040400649e-09,7.5091800637665716e-11,0
750,2.3873135090606601e-10,6.0943254264105365e-06,6.0806830251108840e-06,1.3642401299652446e-08,1.7141078626895248e-11,0
751,2.0348418198825359e-11,-1.4741186310143067e-06,-1.4745826726098532e-06,4.6404159554646959e-10,1.0955217828912449e-11,0
752,-1.1574532647504960e-13,-9.1880924065697355e-05,-9.1881689818358058e-05,7.6575266070297906e-10,4.5985797260536300e-11,0
753,7.7569344290545619e-11,-2.3596151186192765e-05,-2.3609404356194023e-05,1.3253170001257527e-08,2.1838666541152357e-11,0
754,-1.4081358884046173e-10,-3.1164607292889779e-05,-3.1167422203504710e-05,2.8149106149309711e-09,1.4933269972751030e-11,0
755,7.7685089618561934e-11,6.8284727118739404e-05,6.8275840046383359e-05,8.8870723560449411e-09,4.0006292411929926e-11,0
756,-1.4069784351340039e-10,6.0716334372937046e-05,6.0715403407381959e-05,9.3096555508679181e-10,2.7881181145691691e-11,0
757,-2.1838293277408972e-10,-7.5684286615920141e-06,-7.5573346371645470e-06,-1.1094024427467155e-08,7.3042862812207020e-12,0
758,-8.0050765494392373e-10,-1.4265481077011845e-05,-1.4255811890867478e-05,-9.6691861443665139e-09,2.2628206392499807e-11,0
759,-6.7312376657613276e-10,1.5425396582792114e-05,1.5432406478365273e-05,-7.0098955731593467e-09,2.5374369340836476e-11,0
760,-6.7321693300236086e-10,-7.6455673331922783e-05,-7.6433701352105873e-05,-2.1971979816909977e-08,6.1979940387899272e-11,0
761,-5.2348937347100185e-10,-8.1665623855309288e-06,-8.1656295495139912e-06,-9.3283601693765444e-10,2.1239758690218045e-11,0
762,-6.2931296250093346e-10,-3.7051591026094136e-05,-3.7045530677695176e-05,-6.0603483989596992e-09,3.2752938950641849e-11,0
763,-7.7649083967320327e-10,-1.5739272624904280e-05,-1.5733626086074972e-05,-5.6465388293075545e-09,1.2218302504353944e-11,0
764,1.2738388821948731e-10,2.9690807506424326e-05,2.9689048882551828e-05,1.7586238724973699e-09,2.0333664093380640e-11,0
765,1.2729072179128124e-10,-6.2190178343133826e-05,-6.2192591385151479e-05,2.4130420176528581e-09,3.5771289257348636e-11,0
766,2.7701828173684419e-10,6.0989012332290579e-06,6.0809299568494058e-06,1.7971276379652096e-08,8.9497027342030751e-12,0
767,2.4016815273550649e-11,-1.4738346153721389e-06,-1.4745413244149053e-06,7.0670904276641312e-10,5.8136498365259725e-12,0
768,-9.3166426629270402e-14,-9.1880949891339110e-05,-9.1881688854521110e-05,7.3896318200010556e-10,3.5291398686462716e-11,0
769,1.4963439387138132e-10,-2.3591936665711896e-05,-2.3608961078312984e-05,1.7024412601087660e-08,1.4938625127682943e-11,0
770,-1.0336707281219234e-10,-3.1164632154089683e-05,-3.1167225877432781e-05,2.5937233430974494e-09,5.8920230484469061e-12,0
771,1.4972756029825374e-10,6.8289021066852279e-05,6.8276231588878806e-05,1.2789477973472897e-08,4.4517460716645255e-11,0
772,-1.0327390638440863e-10,6.0716377492938539e-05,6.0715583631734545e-05,7.9386120399404072e-10,2.0347439932914565e-11,0
773,-2.5300146634392848e-10,-7.5727140698240644e-06,-7.5575375886865740e-06,-1.5176481137490389e-08,4.1421933148307999e-12,0
774,-1.7119469149341365e-10,2.2786280369621950e-05,2.2790989202709800e-05,-4.7088330878494885e-09,7.2512759953712492e-11,0
775,-4.3810803299060623e-11,5.2476944732449474e-05,5.2472370684859159e-05,4.5740475903145294e-09,4.9296287455604874e-11,0
776,-4.3903969723341440e-11,-3.9404229808639828e-05,-3.9396981820430790e-05,-7.2479882090372718e-09,6.2017073318544817e-11,0
777,1.0582359028155561e-10,2.8884938155173193e-05,2.8895976183060496e-05,-1.1038027887303820e-08,5.3800194426274830e-11,0
778,-1.4717787621788849e-10,2.1312284205219690e-05,2.1314868069130337e-05,-2.5838639106470253e-09,2.6504285950511860e-11,0
780,1.5190451648564992e-10,1.6645251247876698e-05,1.6641120068669869e-05,4.1311792068287299e-09,3.6264402444867880e-11,0
782,6.8064100419339390e-11,-1.4699719812999532e-06,-1.4742721228991440e-06,4.3001415991907767e-09,4.7679519010390833e-11,0
783,3.4020457002757401e-11,-7.5328659792745986e-06,-7.5559888586682821e-06,2.3122879393683469e-08,2.4775800935327449e-11,0
784,-1.3615819237853289e-13,-9.1881238670042954e-05,-9.1881687697873579e-05,4.4902783062432915e-10,5.9791555393896073e-11,0
785,-1.2172041672813202e-10,1.6590306177208941e-05,1.6639978882977559e-05,-4.9672705768618144e-08,3.6410899735830478e-11,0
786,-1.0982401668486806e-10,6.0332591195980806e-06,6.0789005308119077e-06,-4.5641411213827128e-08,3.4762414039203736e-11,0
787,7.5159531265982572e-11,-1.4917450023796148e-06,-1.4742152282164817e-06,-1.7529774163133092e-08,3.5126356130884170e-11,0
788,1.8498354805863782e-10,-7.5250819787237022e-06,-7.5551762866759101e-06,3.0094307952207897e-08,1.7980267973922745e-11,0
789,4.5167922968444002e-09,-7.6388323419527421e-05,-7.6405336348919255e-05,1.7012929391833844e-08,8.4713809774754661e-11,0
790,1.3732723288674998e-10,6.0893065031873347e-06,6.0802796270674703e-06,9.0268761198643923e-09,2.2437794713548859e-11,0
791,1.9071708341724543e-11,-1.4757299366271147e-06,-1.4745049601479284e-06,-1.2249764791862897e-09,1.7276477390195657e-11,0
792,-1.1825552506357142e-10,-7.5650199393329128e-06,-7.5568430697152538e-06,-8.1768696176590016e-09,6.5679517430305073e-12,0
795,3.9936136629422838e-10,-6.2190908756108937e-05,-6.2190914994018039e-05,6.2379091014764729e-12,6.5060712041301015e-11,0
796,-5.2858005021169113e-11,6.0722931220606735e-06,6.0792768314261557e-06,-6.9837093654822046e-09,3.1632874886186452e-11,0
797,5.8365592369806515e-11,-1.4765107641144179e-06,-1.4742702141115913e-06,-2.2405500028266371e-09,3.0046420465390770e-11,0
798,-4.5221937141648967e-10,6.8263193885498633e-05,6.8272937002652036e-05,-9.7431171534032891e-09,5.1503553401555596e-11,0
799,-3.4099577404388613e-10,6.0714445965800003e-05,6.0714190807801344e-05,2.5515799865913564e-10,3.1875529042686327e-11,0
800,1.1122359728368843e-10,-7.5487528304624824e-06,-7.5556030382862094e-06,6.8502078237270424e-09,1.3569008123761458e-11,0
801,-4.6918002048204913e-10,1.5436277343996475e-05,1.5433525820297398e-05,2.7515236990772692e-09,2.8531412934200783e-11,0
804,-7.8314837629098298e-10,-7.6502306998533359e-05,-7.6434257402974065e-05,-6.8049595559294628e-08,8.7263146384331052e-11,0
805,-9.5472414787943075e-10,-1.5787312139692311e-05,-1.5734623091715538e-05,-5.2689047976773104e-08,2.5139261691685875e-11,0
806,-1.7157577157500187e-10,6.0714877915447928e-05,6.0715091696650717e-05,-2.1378120278935315e-10,3.6068222776296506e-11,0
808,3.2703316945164798e-10,-5.5876415017315495e-06,-5.5808671093349196e-06,-6.7743923966298984e-09,3.3135111453968950e-11,0
809,1.3229829827607415e-10,6.0751635065038265e-06,6.0803357869887814e-06,-5.1722804849549479e-09,5.6146214865925673e-12,0
810,-9.0354693879053204e-10,1.5438828184496890e-05,1.5431156199276998e-05,7.6719852198917277e-09,2.3050653186961804e-11,0
811,-9.0362816548916060e-10,-7.6440825378956256e-05,-7.6434906228894667e-05,-5.9191500615882187e-09,3.2998802592194662e-11,0
812,-9.3247545691634503e-10,-3.7038420648698254e-05,-3.7046957347815488e-05,8.5366991172338455e-09,5.4177147331998459e-11,0
813,-9.0257450060269497e-10,-1.5712094116914974e-05,-1.5734343175516621e-05,2.2249058601647769e-08,1.1724780774892884e-11,0
814,-8.1226702155263287e-14,-9.1879648969910829e-05,-9.1881683797227713e-05,2.0348273168838788e-09,9.6043361431396112e-12,0
816,1.0536648048335020e-12,6.0728682191956915e-05,6.0716009948994007e-05,1.2672242962907690e-08,4.2468801612160039e-12,0
817,2.8928517326894880e-11,5.2477298462253385e-05,5.2472572962560950e-05,4.7254996924354529e-09,7.5006369835870351e-11,0
818,2.8847290622662005e-11,-3.9402306635673246e-05,-3.9396771843699211e-05,-5.5347919740352533e-09,4.0234011131375683e-11,0
820,2.9879467224358734e-10,1.6691248942910658e-05,1.6643750051800267e-05,4.7498891110390703e-08,1.8213679677597004e-11,0
821,-4.8988683176773335e-10,-3.7040033694387515e-05,-3.7044485956829220e-05,4.4522624417051991e-09,2.8968840794621181e-11,0
822,-8.5056364845403483e-10,1.4053767006003397e-05,1.4055887356448193e-05,-2.1203504447954972e-09,2.9540927952917870e-11,0
823,-3.6067681671201480e-10,5.1093605144436616e-05,5.1094334838664935e-05,-7.2969422831961920e-10,1.0968135415052102e-10,0
824,3.1119818016659214e-10,1.8023422773508300e-05,1.8027673936287143e-05,-4.2511627788431768e-09,3.1464554475780258e-11,0
825,3.0144839940100097e-10,-6.2188627123988503e-05,-6.2191264991136809e-05,2.6378671483061724e-09,2.9443015196798752e-11,0
826,4.3955349266038927e-11,6.0838664838521600e-06,6.0799492457932081e-06,3.9172380589519424e-09,1.0768911104837498e-11,0
827,3.9958888271203450e-11,-1.4738880545729031e-06,-1.4742897927317279e-06,4.0173815882480049e-10,7.4113251854479391e-12,0
828,-2.5749305013500554e-10,6.8272452753287416e-05,6.8273993260426017e-05,-1.5405071386012572e-09,1.8353264954388150e-11,0
829,-2.6148951121811494e-10,6.0714646171779944e-05,6.0714533296605100e-05,1.1287517484413626e-10,1.3704991860126419e-11,0
830,-3.9964612550533595e-12,-7.5577577189032963e-06,-7.5562850367097970e-06,-1.4726821934992908e-09,4.3583837986829718e-12,0
831,-3.6427799134093096e-10,-3.7030177214870778e-05,-3.7043776833862425e-05,1.3599618991647154e-08,4.0944225406174864e-11,0
832,2.0266955424914563e-10,1.6650359436525246e-05,1.6644118608349642e-05,6.2408281756046679e-09,1.9637525036251955e-11,0
833,3.3662756690006413e-10,2.9698868543409813e-05,2.9690473320376784e-05,8.3952230330291283e-09,1.5430212275424908e-11,0
834,3.3648959813448600e-10,-6.2183252422315198e-05,-6.2191027620369142e-05,7.7751980539434839e-09,1.2039387899226898e-11,0
835,3.2093158943662570e-12,6.0752274713398585e-06,6.0797625344088751e-06,-4.5350630690166126e-09,6.7411858310670470e-12,0
836,5.4386388286656186e-11,-1.4732575206149578e-06,-1.4741908414795201e-06,9.3332086456231585e-10,4.4067483640859103e-12,0
837,-1.3796876219468845e-13,-9.1882099092379361e-05,-9.1881681818343345e-05,-4.1727403601648713e-10,1.0789366390456155e-11,0
838,-3.3341825094847660e-10,-2.3623626016149035e-05,-2.3611168229892698e-05,-1.2457786256337008e-08,4.2573267314647490e-12,0
839,-2.8224117851082104e-10,-3.1172118695334695e-05,-3.1168273462269238e-05,-3.8452330654569497e-09,3.1951902125749907e-12,0
840,-3.3328028218749021e-10,6.8258443805245886e-05,6.8273577609733848e-05,-1.5133804487962432e-08,6.5310162937206580e-12,0
841,-2.8210320974803005e-10,6.0709956441641101e-05,6.0714397883928192e-05,-4.4414422870913306e-09,4.4268279868971833e-12,0
842,5.1177072244351920e-11,-7.5484931777863862e-06,-7.5559968843234957e-06,7.5037065371095520e-09,1.5414555271934732e-12,0
843,-5.3079626246268724e-10,-3.7048278044548785e-05,-3.7044658323477335e-05,-3.6197210714498983e-09,5.9881764746238341e-11,0
844,-8.2180637628466460e-10,-1.4248584572245770e-05,-1.4256176148528794e-05,7.5915762830247070e-09,4.5675828748354391e-11,0
845,-7.3328711649589103e-10,1.5435480175607884e-05,1.5432091080738713e-05,3.3890948691712931e-09,4.7533209515384491e-11,0
847,-8.0530326072750229e-10,-1.5725032433306762e-05,-1.5733830037873100e-05,8.7976045663381035e-09,3.2539653275094731e-11,0
848,8.8519259897962872e-11,2.9684070780877994e-05,2.9689152033187268e-05,-5.0812523092741012e-09,2.1749044487557598e-11,0
849,8.8429440264896318e-11,-6.2196185302168180e-05,-6.2192331987473648e-05,-3.8533146945322113e-09,3.3410696729115144e-11,0
850,1.6503115560581025e-11,-1.4764281189216452e-06,-1.4743756859460585e-06,-2.0524329755866905e-09,8.2438727163072277e-12,0
851,-8.9819633039332213e-14,-9.1880299258850239e-05,-9.1881680686471500e-05,1.3814276212607271e-09,3.0184899080353705e-11,0
852,-7.2016144045494569e-11,-3.1160486207607724e-05,-3.1167133872417188e-05,6.6476648094646734e-09,9.8850361690504282e-12,0
853,-7.1926324411758788e-11,6.0719752958344857e-05,6.0715520692611068e-05,4.2322657337883905e-09,1.5305715348419319e-11,0
854,3.0776128118059921e-10,-3.4450079145959206e-05,-3.4446334916355867e-05,-3.7442296033389152e-09,6.4676723274606507e-11,0
855,-5.8063908755109760e-11,1.6624551767902007e-05,1.6643179925265120e-05,-1.8628157363112529e-08,1.1957767537878239e-11,0
856,-3.6582518994295054e-10,5.1074579250838179e-05,5.1095195121903381e-05,-2.0615871065201988e-08,1.0128039120114924e-10,0
857,1.0860386682224260e-10,1.6643865408438917e-05,1.6644392729349995e-05,-5.2732091107820503e-10,3.7389025106908944e-11,0
858,1.4908645851555087e-10,2.9691382046629668e-05,2.9689521251483769e-05,1.8607951458990066e-09,1.9810602630903361e-11,0
859,1.4898534611731942e-10,-6.2189698107444069e-05,-6.2191943778558195e-05,2.2456711141257552e-09,2.4924175326307558e-11,0
860,2.5675433716038012e-10,6.0988104214334746e-06,6.0812310168261046e-06,1.7579404607369936e-08,8.0316499910361293e-12,0
861,2.6018803064842389e-11,-1.4735661067757054e-06,-1.4742985172486821e-06,7.3241047297672708e-10,5.6624671927162270e-12,0
862,-1.0111239734527845e-13,-9.1881063304340973e-05,-9.1881679754266313e-05,6.1644992533976470e-10,2.5606918826798475e-11,0
863,1.0766787897334582e-10,-2.3592553422994295e-05,-2.3608649250773283e-05,1.6095827778988192e-08,1.2083008581689403e-11,0
864,-1.2306765535245069e-10,-3.1164917401898563e-05,-3.1167422322361112e-05,2.5049204625482110e-09,7.8105575346686003e-12,0
865,1.0776899136913865e-10,6.8288459402234686e-05,6.8275982004046838e-05,1.2477398187848033e-08,2.7562630081834748e-11,0
866,-1.2296654295397230e-10,6.0716122917426826e-05,6.0715213410938847e-05,9.0950648797889127e-10,1.3511737960752906e-11,0
867,-2.3073553396400587e-10,-7.5723488920393517e-06,-7.5575672093817876e-06,-1.4781682657564056e-08,3.2758926732210411e-12,0
868,-2.5029594726008303e-10,2.2785057728408797e-05,2.2789691151987857e-05,-4.6334235790593953e-09,5.4691479631873772e-11,0
869,-1.0120948875182739e-10,5.2476394818953657e-05,5.2471700155950198e-05,4.6946630034592281e-09,7.5456503160280029e-11,0
870,-1.0131060115228751e-10,-3.9404752655767400e-05,-3.9397638410409629e-05,-7.1142453577708437e-09,5.0552133158619268e-11,0
871,6.4583899126895264e-12,2.8883666624492967e-05,2.8894534739607342e-05,-1.0868115114375529e-08,5.2696193198907381e-11,0
872,-2.2427714419734558e-10,2.1311426004776363e-05,2.1313801261639175e-05,-2.3752568628125311e-09,3.4505602147677808e-11,0
873,1.7580861504807586e-10,2.9690416988128673e-05,2.9689697071176917e-05,7.1991695175637740e-10,3.9290459343194458e-11,0
874,1.7568840526120740e-10,-6.2190590266649956e-05,-6.2191753256805564e-05,1.1629901556083023e-09,7.2740619649310222e-11,0
875,2.0272754975060251e-10,6.0951137154131863e-06,6.0809707566226574e-06,1.4142958790528838e-08,1.6764657116843147e-11,0
876,1.9976833855115247e-11,-1.4740611869300951e-06,-1.4743119254096054e-06,2.5073847951027077e-10,1.0663960769667738e-11,0
877,-1.2020978535764175e-13,-9.1880742722982883e-05,-9.1881679086174077e-05,9.3636319119412559e-10,6.8210569233638174e-11,0
878,2.6918935203080293e-11,-2.3595337607668770e-05,-2.3609044519138922e-05,1.3706911470151302e-08,2.2073972461058679e-11,0
879,-1.5583178115101209e-10,-3.1164447853720446e-05,-3.1167608752768336e-05,3.1608990478895109e-09,1.4683031068606285e-11,0
880,2.7039144985493538e-11,6.8285613239496903e-05,6.8275539412652382e-05,1.0073826844521328e-08,5.1659601671685736e-11,0
881,-1.5571157135980026e-10,6.0716357700063735e-05,6.0715012401952902e-05,1.3452981108326586e-09,3.4291450449568516e-11,0
882,-1.8275071596557317e-10,-7.5691413991860017e-06,-7.5573179387269043e-06,-1.1823460459097377e-08,7.0514952475219079e-12,0
884,3.7287835932151002e-09,-7.6384477311806920e-05,-7.6409549746280880e-05,2.5072434473960396e-08,7.8760232933999873e-11,0
887,-8.0801266986868393e-10,-7.6462980484187128e-05,-7.6434316223720624e-05,-2.8664260466504019e-08,6.2477572347415335e-11,0
888,-1.2836846938602642e-09,-8.1984241428623844e-06,-8.1696913926930322e-06,-2.8732750169352210e-08,3.5411620837825014e-11,0
889,-1.1334560150275522e-09,-1.5746136085100729e-05,-1.5735640293837479e-05,-1.0495791263250031e-08,2.3439012561593653e-11,0
890,3.7648834561369287e-10,-6.2196174375558303e-05,-6.2190574529217657e-05,-5.5998463406462320e-09,5.1084554739084525e-11,0
891,-9.9183678505823637e-11,6.0685750445654829e-06,6.0793859577716652e-06,-1.0810913206182277e-08,2.7004748021788737e-11,0
892,5.1045000323717918e-11,-1.4791572697770393e-06,-1.4741062574913847e-06,-5.0510122856545828e-09,1.9830562793947121e-11,0
893,-4.7567202431343264e-10,6.8264672282700167e-05,6.8272790942387458e-05,-8.1186596872910056e-09,4.2306567184491413e-11,0
894,-3.2544334549452484e-10,6.0716953786408949e-05,6.0714044711634563e-05,2.9090747743855719e-09,2.7243689903180007e-11,0
895,1.5022867879054329e-10,-7.5476581425596573e-06,-7.5555230259769050e-06,7.8648834172477387e-09,1.2037115485638054e-11,0
898,-1.2541444915235485e-09,-7.6429689483945018e-05,-7.6436741545268818e-05,7.0520613238003261e-09,5.0664148397945115e-11,0
899,-3.2954804560734405e-14,-9.1879011542847155e-05,-9.1881676161905028e-05,2.6646190578723337e-09,3.6409851061847252e-11,0
900,1.7755166472841558e-10,-1.1664560156578012e-05,-1.1664323384643446e-05,-2.3677193456627884e-10,1.3896450556576906e-11,0
901,2.4571945736827073e-10,-5.5977168679876947e-06,-5.5812445652278076e-06,-1.6472302759887101e-08,1.3005681961473768e-11,0
902,2.3618109211296458e-10,-1.3134616626988768e-05,-1.3142199603146576e-05,7.5829761578079702e-09,7.1100406800342021e-12,0
903,6.8167792537839866e-11,6.0668925586811456e-06,6.0803724870785090e-06,-1.3479928397363474e-08,1.0443225147722065e-11,0
904,5.8629427359029002e-11,-1.4700608079996381e-06,-1.4740239370397221e-06,3.9631290400839932e-09,7.3520171324274126e-12,0
905,-9.5383652018864128e-12,-7.5369031401904991e-06,-7.5564221841980094e-06,1.9519044007510249e-08,4.4850531693858068e-12,0
906,-3.6850027068258922e-10,5.1096202878019980e-05,5.1097014405143991e-05,-8.1152712401075765e-10,6.0869192194031463e-11,0
907,-1.3434430316622016e-09,-7.6388100852409907e-05,-7.6437220516271991e-05,4.9119663862083824e-08,8.3558392820810271e-11,0
909,2.9754168815098769e-10,-5.5913188018053700e-06,-5.5809543024739929e-06,-1.0364499331377086e-08,3.3900459876056887e-11,0
910,1.0918718256879776e-10,6.0719807586399541e-06,6.0806386880814443e-06,-8.6579294414902789e-09,6.9215632409515348e-12,0
911,-8.6649316961068748e-10,1.5403774582270491e-05,1.5431373104619481e-05,-2.7598522348990168e-08,3.7781135184925351e-11,0
912,-8.6663255969049514e-10,-7.6477579996953385e-05,-7.6434607735254137e-05,-4.2972261699248055e-08,5.7680748512312115e-11,0
913,-1.1219689351041709e-09,-1.5762293737054539e-05,-1.5735592860891894e-05,-2.6700876162645039e-08,1.6778268141071441e-11,0
914,-1.3939007972272330e-13,-9.1881365532794663e-05,-9.1881675096153333e-05,3.0956335867089735e-10,3.3801360505792684e-11,0
915,-2.5547576599335922e-10,-3.1166144079617600e-05,-3.1168192700448233e-05,2.0486208306326080e-09,9.3011844989741813e-12,0
916,-2.5533637591094108e-10,6.0715200617588545e-05,6.0714350718217050e-05,8.4989937149500738e-10,2.2899986464956983e-11,0
917,-1.1482110951228861e-09,-7.6447446317380943e-05,-7.6436140570014773e-05,-1.1305747366169793e-08,7.5031622699084086e-11,0
918,2.3147212670838580e-10,1.6653841627678294e-05,1.6647355089349497e-05,6.4865383287969502e-09,2.0776962405920179e-11,0
919,3.8335488445706917e-10,-5.5709102868197607e-06,-5.5804777995672417e-06,9.5675127474809267e-09,4.2821191487712038e-11,0
920,9.2512628689229992e-10,-3.9367247035843392e-05,-3.9392268538101889e-05,2.5021502258497559e-08,1.0342396995796290e-10,0
921,2.6037077250797209e-10,-1.1650203949215357e-05,-1.1663871111290909e-05,1.3667162075552445e-08,3.4584451654611333e-11,0
922,3.4399647966813988e-10,-5.5808209568856265e-06,-5.5806883773578946e-06,-1.3257952773193998e-10,1.9854185149420953e-11,0
923,3.2334665676395393e-10,-1.3100806678014582e-05,-1.3141711346011289e-05,4.0904667996707048e-08,1.4301408105218253e-11,0
924,8.3625706891892764e-11,6.0694365779650084e-06,6.0805701896037550e-06,-1.1133611638746530e-08,4.0928092511261988e-11,0
925,6.2975884212113111e-11,-1.4505855427974709e-06,-1.4739363996802905e-06,2.3350856882819549e-08,2.8734178010303147e-11,0
926,-2.0649822663684847e-11,-7.5200271422251087e-06,-7.5565244710859517e-06,3.6497328860843010e-08,1.2051727349267688e-11,0
928,3.5302408881561768e-10,-5.5790281882836523e-06,-5.5806357325480151e-06,1.6075442643627519e-09,2.5211425314574840e-11,0
930,3.2080906667314885e-10,2.9697233653605765e-05,2.9690744743661430e-05,6.4889099443351823e-09,3.4442026049921202e-11,0
931,3.2067919307071770e-10,-6.2184592571038746e-05,-6.2190578912158946e-05,5.9863411201998293e-09,1.2678279013206250e-11,0
932,-3.8818346717408785e-11,6.0752130219294403e-06,6.0799493462843363e-06,-4.7363243548959863e-09,6.9096483861805262e-12,0
933,4.8556225918005293e-11,-1.4737675310302597e-06,-1.4739882131314810e-06,2.2068210122136067e-10,5.0596214210434096e-12,0
934,-1.2987360164063337e-13,-9.1881848954534882e-05,-9.1881672528261159e-05,-1.7642627372319464e-10,1.6855567173499796e-11,0
935,-3.5962741335644345e-10,-2.3622081272607620e-05,-2.3610764303280888e-05,-1.1316969326732201e-08,5.1733495476730712e-12,0
936,-2.7225284070675702e-10,-3.1171051952024256e-05,-3.1168308770118195e-05,-2.7431819060616492e-09,4.9325934014098191e-12,0
937,-3.5949753975096616e-10,6.8259753032984261e-05,6.8273413759228541e-05,-1.3660726244280508e-08,8.4099955298176951e-12,0
938,-2.7212296710043632e-10,6.0710774038402445e-05,6.0714186769290716e-05,-3.4127308882708047e-09,5.9526964731832426e-12,0
939,8.7374572515231953e-11,-7.5489698272189834e-06,-7.5559521156249657e-06,6.9822884059822713e-09,1.4332318394255228e-12,0
940,2.3034622524576705e-11,1.6637263958235379e-05,1.6647348095015294e-05,-1.0084136779915079e-08,8.0910877111333671e-12,0
941,1.6547438565819784e-10,2.9691825247084302e-05,2.9689926794477974e-05,1.8984526063280278e-09,1.7558201514660104e-11,0
942,1.6536749973927528e-10,-6.2189216468158323e-05,-6.2191381711716802e-05,2.1652435584784430e-09,2.4386120027507741e-11,0
943,2.3586203212925585e-10,6.0987632584147584e-06,6.0814846602458928e-06,1.7278598168865656e-08,7.8830447109333124e-12,0
944,2.7100205803395794e-11,-1.4733378460257771e-06,-1.4740855090476287e-06,7.4766302185159344e-10,5.3940662900602013e-12,0
945,-1.0688591965438618e-13,-9.1881039149434505e-05,-9.1881671618984707e-05,6.3246955020251558e-10,2.3270600171669224e-11,0
946,7.0387646774222571e-11,-2.3593092577052499e-05,-2.3608369628434832e-05,1.5277051382333267e-08,1.0997648861963475e-11,0
947,-1.3837417978793808e-10,-3.1165171396696847e-05,-3.1167585278264704e-05,2.4138815678568463e-09,7.3657036256702539e-12,0
948,7.0494532693470175e-11,6.8287958060405524e-05,6.8275760183759534e-05,1.2197876645989665e-08,2.7496367638657241e-11,0
949,-1.3826729386530140e-10,6.0715898831175535e-05,6.0714895236815216e-05,1.0035943603191170e-09,1.3571757996873498e-11,0
950,-2.0876182618808998e-10,-7.5720811865036611e-06,-7.5575822713199583e-06,-1.4498915183702824e-08,3.3743523810158913e-12,0
951,-3.1830397155305273e-10,2.2784069515131123e-05,2.2788546206530457e-05,-4.4766913993344887e-09,6.3138748446832190e-11,0
952,-1.5282958589433790e-10,5.2475725240017090e-05,5.2471099331029146e-05,4.6259089879439603e-09,7.6387357736412520e-11,0
953,-1.5293647181201901e-10,-3.9405307511473052e-05,-3.9398226778300489e-05,-7.0807331725632628e-09,4.9901905520978077e-11,0
954,-8.2441939430888944e-11,2.8882640623860856e-05,2.8893246466766039e-05,-1.0605842905182783e-08,5.8446783808333793e-11,0
955,-2.9120376575068802e-10,2.1310705811659414e-05,2.1312858995849218e-05,-2.1531841898041605e-09,3.6900717428054732e-11,0
956,-3.6922885940258541e-10,5.1076200984604553e-05,5.1099097819990423e-05,-2.2896835385869969e-08,7.0269328682874399e-11,0
957,1.8295028029325440e-10,2.9690333158162267e-05,2.9690058714044608e-05,2.7444411765950930e-10,3.9465060250384933e-11,0
958,1.8282840831586788e-10,-6.2190411226658790e-05,-6.2191231801532194e-05,8.2057487340398902e-10,6.2084101223739718e-11,0
959,1.7242792269312095e-10,6.0957529158947935e-06,6.0811806986794928e-06,1.4572217215300687e-08,1.6901623362612662e-11,0
960,1.8813589520384588e-11,-1.4739949048330966e-06,-1.4741068545374243e-06,1.1194970432763703e-10,1.0963784622231029e-11,0
961,-1.2187197359124502e-13,-9.1880695857635505e-05,-9.1881670758062032e-05,9.7490042652733332e-10,3.8327256300043292e-11,0
962,-1.0522357130875909e-11,-2.3594593547766538e-05,-2.3608755695493556e-05,1.4162147727018353e-08,2.3704339360784389e-11,0
963,-1.6413669076983050e-10,-3.1164301074162321e-05,-3.1167735128790410e-05,3.4340546280892375e-09,1.6690748791010739e-11,0
964,-1.0400485153293917e-11,6.8286161924961154e-05,6.8275316309311472e-05,1.0845615649681837e-08,3.8912537339955840e-11,0
965,-1.6401481879044321e-10,6.0716402586768331e-05,6.0714727546390668e-05,1.6750403776627748e-09,2.4497933220660715e-11,0
966,-1.5361433324867305e-10,-7.5697242553193680e-06,-7.5572967031133881e-06,-1.2427552205979857e-08,7.5262525915777735e-12,0
967,-4.0491854132257928e-10,-3.7036417110923548e-05,-3.7043450884420292e-05,7.0337734967438541e-09,4.0310202136755885e-11,0
968,-2.2860701904502154e-10,-3.7009989895017692e-05,-3.7042466177218764e-05,3.2476282201072330e-08,5.4450614168335225e-11,0
970,7.3281398976741236e-11,6.0911601626606471e-06,6.0806796665744194e-06,1.0480496086227661e-08,2.8777973845433913e-11,0
971,2.1971065973162772e-11,-1.4741359486924142e-06,-1.4740668562555374e-06,-6.9092436876845107e-11,1.4599902417717580e-11,0
972,-1.5551567687539450e-10,6.8281361563867285e-05,6.8274521831500690e-05,6.8397323665952319e-09,8.0041326368210123e-11,0
973,-2.0682601021921365e-10,6.0716091153272585e-05,6.0714467976894102e-05,1.6231763784834547e-09,4.7837973021554174e-11,0
974,-5.1310333251299299e-11,-7.5652083515323834e-06,-7.5567528628676147e-06,-8.4554886647687173e-09,1.3406151003177420e-11,0
975,-5.8375167454430795e-10,1.5432525696230590e-05,1.5432926664041125e-05,-4.0096781053582369e-10,3.4151099153286902e-11,0
977,-6.7001715725247957e-10,-3.7048865312552109e-05,-3.7044840252083230e-05,-4.0250604688794726e-09,5.4868413960335858e-11,0
979,-9.2278508249648428e-14,-9.1880619865212186e-05,-9.1881668943781075e-05,1.0490785688885198e-09,2.5015163693984844e-11,0
982,8.6265483754794825e-11,5.2481233013659638e-05,5.2472303667686362e-05,8.9293459732756584e-09,7.7933901080564476e-11,0
983,8.6173205246407107e-11,-3.9399417170169794e-05,-3.9397018392977139e-05,-2.3987771926545524e-09,9.4150239643721189e-11,0
984,1.4761188782272933e-10,5.1137784028681965e-05,5.1102630538063202e-05,3.5153490618763234e-08,6.9904809325634773e-11,0
988,-3.7580280495520679e-11,6.0555173360191117e-06,6.0801269331676590e-06,-2.4609597148547266e-08,4.4135677474917310e-11,0
989,5.8975966088469083e-11,-1.4693359110792619e-06,-1.4738351049024228e-06,4.4991938231608636e-09,3.7826944995447166e-11,0
990,9.6556246489659262e-11,-7.5248132568889875e-06,-7.5559647146188701e-06,3.1151457729882575e-08,1.9229904843159287e-11,0
991,-1.4857364747840607e-13,-9.1880399158204151e-05,-9.1881668393635683e-05,1.2692354315317232e-09,7.3907344962103488e-11,0
992,-4.4221694294862733e-10,5.1045537820711140e-05,5.1099779471282909e-05,-5.4241650571768777e-08,9.1215759269471142e-11,0
993,-5.5453046549187039e-10,-3.7042980519893295e-05,-3.7044141616741791e-05,1.1610968484961938e-09,4.8204152891775520e-11,0
994,-9.3187404404848932e-10,1.4056563828113676e-05,1.4061880823987900e-05,-5.3169958742240836e-09,5.0013988669113434e-11,0
995,-3.7734357831499647e-10,5.1099404236554583e-05,5.1100359839570225e-05,-9.5560301564264838e-10,7.1046984032067447e-11,0
996,-1.1650483713174241e-13,-9.1882636857908070e-05,-9.1881667434767390e-05,-9.6942314067969149e-10,7.6100420845565268e-11,0
997,1.6868229317208351e-10,-1.1664550555066586e-05,-1.1664371820089277e-05,-1.7873497730889663e-10,1.5664829975774517e-11,0
998,2.0970309916448127e-10,-5.5979899105332992e-06,-5.5813724084262163e-06,-1.6617502107082901e-08,1.5143615520362878e-11,0
999,2.2485745785530293e-10,-1.3134426080693880e-05,-1.3142218200459609e-05,7.7921197657288514e-09,8.4902102953612355e-12,0
1000,4.1020805901908391e-11,6.0666595230545427e-06,6.0806241954563064e-06,-1.3964672401763775e-08,1.2803920886481454e-11,0
1001,5.6175164661018303e-11,-1.4698682451854198e-06,-1.4738120903423872e-06,3.9438451569674795e-09,8.4628301502714407e-12,0
1002,1.5154358712869247e-11,-7.5364676786100759e-06,-7.5564342318238399e-06,1.9966553213763934e-08,4.5002758350285785e-12,0
1003,-1.1261884335999438e-09,1.5434380456676514e-05,1.5429968140862411e-05,4.4123158141022166e-09,2.1856783612788513e-11,0
1004,-1.1263287385684609e-09,-7.6445975346887962e-05,-7.6435938276896143e-05,-1.0037069991819265e-08,3.1644807757047487e-11,0
1005,-1.4030497259865039e-13,-9.1880364397588135e-05,-9.1881666905942441e-05,1.3025083543059248e-09,3.4172821602263364e-11,0
1006,-1.1708319668822118e-10,5.2478091673316638e-05,5.2471074529283135e-05,7.0171440335023059e-09,8.1564158662065007e-11,0
1007,2.6209446204938261e-10,1.6657756812510013e-05,1.6651089086605619e-05,6.6677259043940174e-09,7.4041751009517954e-12,0
1008,-1.1037051558616161e-09,-1.4271290195374403e-05,-1.4258173643452657e-05,-1.3116551921745842e-08,2.0144348020037737e-11,0
1009,-8.3084671941889264e-10,-7.6461933147134106e-05,-7.6434313965053575e-05,-2.7619182080531528e-08,3.2162713141963332e-11,0
1010,-1.1419273732718845e-09,-8.1865708354365158e-06,-8.1688234739642584e-06,-1.7747361472257310e-08,1.4037898860070965e-11,0
1011,-1.0747725835457472e-09,-1.5745962773774935e-05,-1.5735387706620871e-05,-1.0575067154064102e-08,9.4041038539571110e-12,0
1012,2.7285843675717723e-10,-6.2190630182727344e-05,-6.2190453563329336e-05,-1.7661939800766267e-10,3.0543018888722400e-11,0
1013,-3.8222217179302014e-11,6.0847402443154480e-06,6.0802533370292697e-06,4.4869072861782993e-09,1.0482198486240760e-11,0
1014,2.8932572378157639e-11,-1.4746773515945250e-06,-1.4739260083845670e-06,-7.5134320995792592e-10,7.4149784303917788e-12,0
1015,-3.1108065399941917e-10,6.8275370151266428e-05,6.8273663225403499e-05,1.7069258629291576e-09,2.0618643576627583e-11,0
1016,-2.4392586456367359e-10,6.0715939182615607e-05,6.0714148882641941e-05,1.7902999736654226e-09,1.3645382266810639e-11,0
1017,6.7154789340657288e-11,-7.5593830857756394e-06,-7.5561729877306728e-06,-3.2100980449666747e-09,4.3132140720502827e-12,0
1018,3.0467129496008204e-10,2.9695316727194804e-05,2.9690945411347368e-05,4.3713158474358547e-09,1.6330973811159791e-11,0
1019,3.0454930191721904e-10,-6.2186300480087213e-05,-6.2190235145968438e-05,3.9346658812242172e-09,1.2851287946426402e-11,0
1020,4.3325992119131134e-11,-1.4744926221073925e-06,-1.4738275312866760e-06,-6.6509082071652883e-10,5.4719451148085152e-12,0
1021,-1.2199304382581093e-13,-9.1881626664807608e-05,-9.1881665022646160e-05,3.8357838552573881e-11,1.4899477644759826e-11,0
1022,-2.6134530283934262e-10,-3.1169815336786312e-05,-3.1168321727683432e-05,-1.4936091028805269e-09,3.3905025185280597e-12,0
1023,-2.6122330979680584e-10,6.0711793958525629e-05,6.0714031906262648e-05,-2.2379477370188948e-09,6.2264352871282623e-12,0
1024,-2.8309894389615491e-10,5.1097374249830727e-05,5.1102055232332691e-05,-4.6809825019644051e-09,9.0303776059312349e-11,0
1026,3.4150083648496808e-10,-5.5598671030161577e-06,-5.5806315800745391e-06,2.0764477058381398e-08,1.5749850205647192e-11,0
1027,1.3863936177462622e-10,2.9686235026299759e-05,2.9690071682105383e-05,-3.8366558056235735e-09,3.0425449476239378e-11,0
1028,2.1962563911015149e-11,-1.4752652576590676e-06,-1.4739225933043733e-06,-1.3426643546942654e-09,1.0953041589348317e-11,0
1029,-1.1667679768116934e-10,-3.1161553250033495e-05,-3.1167539975038514e-05,5.9867250050182940e-09,1.3802912970380176e-11,0
1030,1.7874907556208600e-10,2.9692299993240752e-05,2.9690312698747370e-05,1.9872944933814560e-09,1.6558887186596064e-11,0
1031,1.7863776281574164e-10,-6.2188764274455702e-05,-6.2190840582688578e-05,2.0763082328760160e-09,3.6085783391235489e-11,0
1032,2.1277416319667867e-10,6.0986221265091171e-06,6.0817232450113114e-06,1.6898881497805779e-08,8.1458450803346756e-12,0
1033,2.7501694074727720e-11,-1.4731083349277165e-06,-1.4738779421008001e-06,7.6960717308358932e-10,5.1239511625237767e-12,0
1034,-1.1131274504816713e-13,-9.1881047735198413e-05,-9.1881663544500226e-05,6.1580930181277371e-10,3.4169430074137326e-11,0
1035,3.4025087911147760e-11,-2.3593692644967995e-05,-2.3608089027043311e-05,1.4396382075315656e-08,1.1028810237219209e-11,0
1036,-1.5124738144482392e-10,-3.1165383771707654e-05,-3.1167734283531258e-05,2.3505118236039286e-09,6.9972739380111003e-12,0
1037,3.4136400655440457e-11,6.8287346022190276e-05,6.8275543519934496e-05,1.1802502255779820e-08,4.1915084790119769e-11,0
1038,-1.5113606869704777e-10,6.0715672079236695e-05,6.0714592301521626e-05,1.0797777150691238e-09,1.9204073756653056e-11,0
1039,-1.8527246898084161e-10,-7.5717166389457219e-06,-7.5575879292650680e-06,-1.4128709680653928e-08,3.4044113447592494e-12,0
1040,-3.8251925409352480e-10,2.2783113474340562e-05,2.2787428428411797e-05,-4.3149540712345588e-09,5.0629472611712357e-11,0
1041,-2.0377017852937522e-10,5.2475384151635593e-05,5.2470504878303001e-05,4.8792733325919713e-09,6.5681415456612444e-11,0
1042,-2.0388149127692695e-10,-3.9405793100127408e-05,-3.9398808870858292e-05,-6.9842292691163054e-09,7.5794158664823425e-11,0
1043,-1.6974509093417340e-10,2.8881496280556279e-05,2.8891973615300030e-05,-1.0477334743751139e-08,5.0830373075693058e-11,0
1044,-3.5501756002242489e-10,2.1309928221726216e-05,2.1311938542334568e-05,-2.0103206083520848e-09,3.5812591749503112e-11,0
1045,2.1261465308701702e-10,-6.2187965351316685e-05,-6.2190599164470452e-05,2.6338131537664757e-09,5.2815196748058587e-11,0
1046,1.0591556226538233e-10,6.0922062789599187e-06,6.0811831661472139e-06,1.1023112812704781e-08,3.2354223699510867e-11,0
1047,2.6390428302855535e-11,-1.4729723983699164e-06,-1.4738595270716226e-06,8.8712870170619527e-10,1.9908894324500463e-11,0
1048,-1.0669909068684938e-10,6.8280117657934167e-05,6.8274772261052392e-05,5.3453968817745393e-09,5.2926147919278628e-11,0
1049,-1.8622422483129513e-10,6.0714975306478281e-05,6.0714372949492044e-05,6.0235698623700403e-10,3.3768023631328380e-11,0
1050,-7.9525134009192553e-11,-7.5651642457461943e-06,-7.5570264121059989e-06,-8.1378336401954354e-09,1.3338668499686212e-11,0
1051,-3.7122171633059971e-10,5.1076279646122824e-05,5.1102446407572020e-05,-2.6166761449195844e-08,5.2397983419148236e-11,0
1052,2.2048121477207936e-10,-6.2190884117872824e-05,-6.2190511179768313e-05,-3.7293810451106708e-10,8.1806720495752689e-11,0
1053,1.7803632936336279e-11,-1.4742907087261954e-06,-1.4738866884516917e-06,-4.0402027450368595e-10,2.1222059328719053e-11,0
1054,-2.0267758200339768e-10,6.0716458312405110e-05,6.0714260745814461e-05,2.1975665906483741e-09,4.7860540909905458e-11,0
1055,-8.4828615976084712e-10,-8.1991816743031722e-06,-8.1671868789564268e-06,-3.1994795346745365e-08,1.6215285244162251e-11,0
1056,3.1331586922911303e-10,1.6671805751414595e-05,1.6653254269530701e-05,1.8551481883893905e-08,1.9483592952960048e-11,0
1057,1.6764458826280163e-10,2.9688389698312619e-05,2.9690349421536961e-05,-1.9597232243424466e-09,2.9344379998171188e-11,0
1058,1.6754269421712893e-10,-6.2192314938173607e-05,-6.2190755578956240e-05,-1.5593592173670503e-09,5.9356694751848260e-11,0
1059,3.0655001201942191e-10,6.1536042435987939e-06,6.0823486400792040e-06,7.1255603519589970e-08,2.1259724266696056e-11,0
1060,3.8115689423091270e-11,-1.4740732394470657e-06,-1.4737561778494905e-06,-3.1706159757515171e-10,8.2268330465634032e-12,0
1062,-1.0189404624549614e-13,-9.1880722372203769e-05,-9.1881660977142021e-05,9.3860493825175060e-10,2.6761041298551267e-11,0
1063,1.3890542398090829e-10,-2.3534786557167023e-05,-2.3607367417207948e-05,7.2580860040925643e-08,7.7144908793948997e-12,0
1064,-1.2952889869976043e-10,-3.1162475836551094e-05,-3.1167640129796299e-05,5.1642932452045337e-09,7.0324716543425600e-12,0
1066,1.3900731802750312e-10,6.8345949957965627e-05,6.8276110590816759e-05,6.9839367148867657e-08,3.2901158804358170e-11,0
1067,-1.2942700465345282e-10,6.0718258463733459e-05,6.0714638576534148e-05,3.6198871993103356e-09,2.1269666397373681e-11,0
1069,-2.6843432250084796e-10,-7.6276817132236996e-06,-7.5580836818042401e-06,-6.9598031419459496e-08,4.7135487116230144e-12,0
1071,-1.3457584233312952e-10,2.2792546843739339e-05,2.2788544135393237e-05,4.0027083461022803e-09,9.2194515900690443e-11,0
1072,3.3068745683620472e-11,5.2480851086886444e-05,5.2471699999206995e-05,9.1510876794491445e-09,8.7722622691828800e-11,0
1073,3.2966851637102070e-11,-3.9399999706503201e-05,-3.9397609851209004e-05,-2.3898552941968966e-09,8.7435299753870753e-11,0
1074,1.7197416982303248e-10,2.8945830217372986e-05,2.8893592423841279e-05,5.2237793531707447e-08,6.5487056374731705e-11,0
1075,-9.6460152912862429e-11,2.1318390038587570e-05,2.1313172831689435e-05,5.2172068981356286e-09,4.3117083525555967e-11,0
1076,1.4521614321743879e-10,5.1140279077117184e-05,5.1105842181254652e-05,3.4436895862532534e-08,7.1839782582745017e-11,0
1077,2.4167629760888601e-10,2.9822187544837828e-05,2.9783763074410370e-05,3.8424470427457253e-08,2.4056741679462219e-11,0
1078,-7.0068548370809092e-11,-1.1696270326331040e-05,-1.1665675633260181e-05,-3.0594693070859694e-08,7.8736377169570513e-11,0
1080,-2.2584851852111597e-11,-5.6140584240305103e-06,-5.5825873161477309e-06,-3.1471107882779374e-08,5.2948979753285273e-11,0
1082,2.4776827198453162e-10,-6.2184623695351292e-05,-6.2190269814004702e-05,5.6461186534098986e-09,6.1329340451091758e-11,0
1083,4.7483696998138193e-11,6.0822297637710791e-06,6.0809709650051833e-06,1.2587987658958002e-09,2.3326275905003015e-11,0
1084,3.8317987535222489e-11,-1.4722741879968264e-06,-1.4737341900098653e-06,1.4600020130388763e-09,2.8415568481001172e-11,0
1085,-2.0028457500919503e-10,6.8266714897450252e-05,6.8274255883372939e-05,-7.5409859226868063e-09,3.6279812366751389e-11,0
1086,-2.0945028440060659e-10,6.0712351580352163e-05,6.0714177913646321e-05,-1.8263332941578629e-09,2.5617779563352234e-11,0
1087,-9.1657095256427887e-12,-7.5544535928446024e-06,-7.5566814402226973e-06,2.2278473780948209e-09,1.0525233964456168e-11,0
1089,-6.4459118260999553e-12,-1.1694196297231535e-05,-1.1665328191420987e-05,-2.8868105810547507e-08,5.0845445060461518e-11,0
1092,-1.5493914114943642e-11,-5.6165760295538714e-06,-5.5825425184534004e-06,-3.4033511100470944e-08,4.0499202899589632e-11,0
1093,3.5021562721251795e-11,-1.3166674312134127e-05,-1.3143217400055876e-05,-2.3456912078250857e-08,2.4990879913246700e-11,0
1095,2.6868829320953534e-10,-6.2182673291760488e-05,-6.2190110215989072e-05,7.4369242285835186e-09,3.2183692764545615e-11,0
1096,-9.0480020051797474e-12,6.0777239456952237e-06,6.0806975369883964e-06,-2.9735912931727501e-09,1.7287147421691103e-11,0
1097,4.1467474635053759e-11,-1.4723754512271578e-06,-1.4736971157844228e-06,1.3216645572650032e-09,1.1059987029647383e-11,0
1099,-2.7784777900447698e-10,-2.3622013406983042e-05,-2.3609548201371681e-05,-1.2465205611360616e-08,4.0068115515227954e-11,0
1100,-2.2733230230048256e-10,-3.1172171208610541e-05,-3.1168189851637555e-05,-3.9813569729859081e-09,3.0037347707908251e-11,0
1101,-2.7773629518742507e-10,6.8260332567793292e-05,6.8273831168350917e-05,-1.3498600557625465e-08,2.4422035905154754e-11,0
1102,-2.2722081848310696e-10,6.0710244500631824e-05,6.0714058353739059e-05,-3.8138531072344039e-09,1.5600581774224906e-11,0
1103,5.0515476527888808e-11,-7.5500912625481309e-06,-7.5563684837994376e-06,6.2772212513067393e-09,6.6478267132048860e-12,0
1104,-5.8054567124956237e-10,-3.7045620707143977e-05,-3.7043895946074727e-05,-1.7247610692498706e-09,4.9230866906535735e-11,0
1105,-9.6564097928115628e-10,1.4057054861219345e-05,1.4065275751436889e-05,-8.2208902175438450e-09,4.3697453361110651e-11,0
1106,-3.8509530763969196e-10,5.1102629362530759e-05,5.1103718086483418e-05,-1.0887239526593769e-09,1.1096765919914520e-10,0
1107,2.8691969039173800e-10,1.6661235200940601e-05,1.6654443155578497e-05,6.7920453621035442e-09,1.1278700528059209e-11,0
1108,-1.2944526781761474e-09,-1.4245915998013954e-05,-1.4259443732691106e-05,1.3527734677151995e-08,1.3847275365765147e-11,0
1109,-1.0933495790762745e-09,-7.6444613701268354e-05,-7.6435667183939981e-05,-8.9465173283727589e-09,3.0222509591532328e-11,0
1110,-1.3055791452839572e-09,-8.1564921797911189e-06,-8.1696578503196720e-06,1.3165670528553133e-08,1.0267384958524492e-11,0
1111,-1.2927549456497147e-09,-1.5724366895751574e-05,-1.5736621041206376e-05,1.2254145454802345e-08,6.9395478650692717e-12,0
1112,2.0110309884980292e-10,-6.2198667590222106e-05,-6.2190410937267029e-05,-8.2566529550773737e-09,2.4065720701695897e-11,0
1113,-1.1126467573437605e-11,6.0894751438738196e-06,6.0807393778095450e-06,8.7357660642745056e-09,1.2969677242496365e-11,0
1114,1.6977324827435005e-12,-1.4784229648832393e-06,-1.4738843410460170e-06,-4.5386238372223411e-09,9.9193037003586539e-12,0
1115,-2.1222956604326270e-10,6.8288067707289977e-05,6.8274186257191843e-05,1.3881450098134096e-08,1.6489790357587152e-11,0
1116,-1.9940536670566870e-10,6.0720179401806997e-05,6.0714176317054539e-05,6.0030847524576865e-09,1.0486067340806513e-11,0
1117,1.2824199635143001e-11,-7.5678850436976079e-06,-7.5565938508279909e-06,-1.1291192869616990e-08,5.2042551238115259e-12,0
1118,-4.4452967199432139e-10,5.1044566064827046e-05,5.1103964466831955e-05,-5.9398402004909128e-08,1.0722942878034493e-10,0
1119,-1.0418682673962985e-09,-1.4261990692977528e-05,-1.4258092365792875e-05,-3.8983271846528065e-09,2.0002103080504737e-11,0
1120,-7.8963336353850854e-10,-7.6454333103099029e-05,-7.6433998755745118e-05,-2.0334347353910499e-08,2.9405123141842464e-11,0
1121,-1.1209031973453379e-09,-8.1773669270198551e-06,-8.1686420695056753e-06,-8.7248575141797878e-09,1.4206869030643221e-11,0
1122,-1.0194664453717548e-09,-1.5737454262428063e-05,-1.5735133880275817e-05,-2.3203821522461184e-09,9.2844983502878747e-12,0
1123,2.5223490401933018e-10,-6.2192322045350433e-05,-6.2190078465661376e-05,-2.2435796890566025e-09,3.2895364563639199e-11,0
1124,-7.9034929853906139e-11,6.0846810907089557e-06,6.0804099589900758e-06,4.2711317188799306e-09,1.1457680642446903e-11,0
1125,2.2401822053907654e-11,-1.4754443147667502e-06,-1.4737479450048492e-06,-1.6963697619010333e-09,8.0818614609223704e-12,0
1126,-3.3126983399081310e-10,6.8276997042891318e-05,6.8273534123167192e-05,3.4629197241258262e-09,2.1702131932339414e-11,0
1127,-2.2983308220145204e-10,6.0716896587769027e-05,6.0713983720831173e-05,2.9128669378546634e-09,1.3834366352622456e-11,0
1128,1.0143675172679088e-10,-7.5600855357592367e-06,-7.5561251549705997e-06,-3.9603807886369531e-09,4.3673127460836228e-12,0
1129,2.4021583491000986e-10,1.6658348482193747e-05,1.6654778965596420e-05,3.5695165973270151e-09,3.6153584222549293e-11,0
1130,2.8284819165393498e-10,-6.2189605291616129e-05,-6.2189864618312517e-05,2.5932669638799918e-10,1.0756328755717284e-11,0
1131,-1.0955092463736358e-10,6.0725014897899943e-06,6.0802796250793248e-06,-7.7781352893305120e-09,3.6841312981419220e-12,0
1132,-3.9239911633248053e-10,6.8262053950336743e-05,6.8273198493816966e-05,-1.1144543480222889e-08,7.1891857177392194e-12,0
1133,2.5450081178005663e-10,-1.3124245825344230e-05,-1.3142002931277866e-05,1.7757105933635927e-08,4.1862787325596924e-11,0
1134,-1.1207507714089169e-09,-7.6440429685214919e-05,-7.6435792159201810e-05,-4.6375260131094158e-09,3.9546797391295328e-11,0
1135,-8.4255805995985090e-10,-8.1030437267832350e-06,-8.1671110836725693e-06,6.4067356889334310e-08,2.7344020972275714e-11,0
1136,-9.1728130572547667e-10,-3.7039102884960963e-05,-3.7045589287146405e-05,6.4864021854420598e-09,6.6407130274748083e-11,0
1137,2.7819271139550356e-10,6.8337443366491002e-05,6.8276859285663723e-05,6.0584080827279035e-08,1.8684099491165939e-11,0
1138,-2.0346946557582004e-10,-3.9401468686185129e-05,-3.9399092176966208e-05,-2.3765092189211587e-09,7.6517552327004536e-11,0
1139,7.4723245921592068e-11,2.8935799410909763e-05,2.8892560571830034e-05,4.3238839079728491e-08,5.2036729030204378e-11,0
1140,1.3532468952686896e-10,1.6650041819749918e-05,1.6654885885085917e-05,-4.8440653359989230e-09,1.4455115994875318e-11,0
1141,1.6103642463096063e-10,-6.2192943454254801e-05,-6.2190429261649839e-05,-2.5141926049621543e-09,4.5456430030979993e-11,0
1142,2.7690078712056423e-10,6.1091425033591752e-06,6.0824682820522633e-06,2.6674221306911879e-08,1.8773345188526535e-11,0
1143,2.3671104607324647e-11,-1.4747138498225759e-06,-1.4736764919208827e-06,-1.0373579016932102e-09,8.6593825873236620e-12,0
1144,1.1586436302785741e-10,6.8302033977651541e-05,6.8275970222891969e-05,2.6063754759571788e-08,3.8910887932890637e-11,0
1145,-1.3736531990189315e-10,6.0718274159742187e-05,6.0714415591785657e-05,3.8585679565299809e-09,1.6403318649958089e-11,0
1146,-2.5322968233723039e-10,-7.5838278929636280e-06,-7.5581040577495991e-06,-2.5723835214028903e-08,8.4776873010992120e-12,0
1147,-3.4238556393286431e-10,2.2789907912418479e-05,2.2786817021065462e-05,3.0908913530171929e-09,5.0717235454509852e-11,0
1148,-1.8134913936933733e-10,-3.9403102459355807e-05,-3.9399014851074804e-05,-4.0876082810036409e-09,5.4858423653888225e-11,0
1149,-6.5484776415207839e-11,2.8898912157964904e-05,2.8891681012089703e-05,7.2311458752013624e-09,6.6965427088731243e-11,0
1150,-3.1871445928929324e-10,2.1315258909584793e-05,2.1311517495282479e-05,3.7414143023138408e-09,3.6272347739847393e-11,0
1151,1.0898229296629059e-10,1.6647977197145961e-05,1.6655011038695798e-05,-7.0338415498373964e-09,8.3634102649972433e-12,0
1152,-9.8509977120981787e-10,-1.4272848381466710e-05,-1.4257883778786840e-05,-1.4964602679870136e-08,2.3789633195674509e-11,0
1153,-7.9480533192159304e-10,-7.6461260678561960e-05,-7.6433991343036528e-05,-2.7269335525431453e-08,7.6863467154028046e-11,0
1154,-8.0227024688037356e-10,-8.1744036912112170e-06,-8.1668756812769153e-06,-7.5280099343016856e-09,2.2503960350519369e-11,0
1155,-5.3186648310908208e-10,-3.7054820096063881e-05,-3.7043395227137819e-05,-1.1424868926062401e-08,3.6720048032151159e-11,0
1156,-9.5798929552688156e-10,-1.5745781548767712e-05,-1.5734817220240347e-05,-1.0964328527365006e-08,1.3978097938016283e-11,0
1157,1.9029443931490555e-10,-6.2188337791270129e-05,-6.2190223801378782e-05,1.8860101086529439e-09,2.1039299268628389e-11,0
1158,1.8282952483173958e-10,6.0985211636143885e-06,6.0819901070213098e-06,1.6531056593078675e-08,8.5973138647608151e-12,0
1159,2.7110475735380386e-11,-1.4729029262357078e-06,-1.4736376906237077e-06,7.3476438799990951e-10,5.2337719679251022e-12,0
1160,-7.4649142433040464e-12,6.8286796657537549e-05,6.8275294958823160e-05,1.1501698714389105e-08,1.8312453279031851e-11,0
1161,-1.6318396356585455e-10,6.0715427178655110e-05,6.0714251918171309e-05,1.1752604838012105e-09,8.7589154723383289e-12,0
1162,-1.5571904895058107e-10,-7.5713997401008828e-06,-7.5575846094564108e-06,-1.3815130644472023e-08,3.4695162560638080e-12,0
1163,-4.5323328739096742e-10,2.2781960733623662e-05,2.2786136910642425e-05,-4.1761770187628161e-09,5.2678957160325405e-11,0
1164,-2.6293884807870254e-10,-3.9406463173280622e-05,-3.9399490031830902e-05,-6.9731414497194123e-09,3.9655231818354268e-11,0
1165,-2.7040376262881919e-10,2.8880359592737105e-05,2.8890484354629199e-05,-1.0124761892093035e-08,4.7338455706319051e-11,0
1166,-4.2612281166375839e-10,2.1309031272978736e-05,2.1310875187779342e-05,-1.8439148006057799e-09,3.3261185769456630e-11,0
1167,1.8963352854419433e-10,-6.2190654837075351e-05,-6.2190183042326629e-05,-4.7179474872227969e-10,5.4197772116529822e-11,0
1168,2.8952068714721591e-10,6.1371599430169732e-06,6.0826072683305670e-06,5.4552674686406206e-08,2.0617215838575191e-11,0
1169,4.0434017767383689e-11,-1.4733926775466113e-06,-1.4735454881688099e-06,1.5281062219857357e-10,7.8190658778221526e-12,0
1171,9.9887158806570779e-11,6.8327752785269855e-05,6.8275879491416048e-05,5.1873293853806545e-08,3.0990290635534698e-11,0
1172,-1.4919951066565116e-10,6.0717274122496466e-05,6.0714306261025053e-05,2.9678614714128012e-09,1.9660494351399043e-11,0
1174,-2.4908666925279345e-10,-7.6105329287184248e-06,-7.5581071674813391e-06,-5.2425761237085662e-08,4.9560787646209227e-12,0
1176,-2.0974918205376108e-10,2.2790172088432009e-05,2.2787393950409272e-05,2.7781380227372208e-09,8.4286135953658595e-11,0
1177,-2.0115653696780748e-11,-3.9400575610455332e-05,-3.9398192748348164e-05,-2.3828621071683600e-09,7.7238529881766371e-11,0
1178,7.9771505255143016e-11,2.8927079796927518e-05,2.8892321287932935e-05,3.4758508994583455e-08,6.2001262016565685e-11,0
1179,-1.6931516427742060e-10,2.1316764103909008e-05,2.1312223460354423e-05,4.5406435545853620e-09,3.8724494659651716e-11,0
1180,1.4401113593053755e-10,5.1144640560624871e-05,5.1108975826418421e-05,3.5664734206449574e-08,7.5822584282848435e-11,0
1181,3.1332630151818729e-10,2.9827976544282570e-05,2.9787886338677913e-05,4.0090205604656785e-08,2.5427455992156503e-11,0
1183,1.0121380399294093e-10,6.0970411276150323e-06,6.0816070585251184e-06,1.5434069089913940e-08,2.9377662577079653e-11,0
1184,1.3731611024476092e-11,-1.4739295804834344e-06,-1.4736754670860888e-06,-2.5411339734560048e-10,1.8625896139501206e-11,0
1186,-1.7157243033163367e-10,6.0716611990855283e-05,6.0714166135933076e-05,2.4458549222069830e-09,5.0567759260449175e-11,0
1187,-8.7482193043888779e-11,-7.5709614450619484e-06,-7.5572349803628008e-06,-1.3726464699147601e-08,8.7243475375918666e-12,0
1188,2.5113738625035914e-10,1.6659284945078415e-05,1.6656743286801273e-05,2.5416582771412401e-09,5.9683767597498022e-11,0
1189,-5.4311315499066867e-10,-3.7027666876306153e-05,-3.7043337120277390e-05,1.5670243971237056e-08,3.6697131814996156e-11,0
1190,-2.7130313624570734e-09,1.4097511148718211e-05,1.4059004925982279e-05,3.8506222735932346e-08,1.6871557443683431e-11,0
1191,-2.1699182252818309e-09,5.1124964200109559e-05,5.1097079459690498e-05,2.7884740419061396e-08,9.1911137745445151e-11,0
1192,1.6831908752188000e-10,-1.1663787211256549e-05,-1.1664373803547461e-05,5.8659229091188370e-10,1.7748381099753593e-11,0
1193,2.1283857208138712e-10,-5.5955251398263212e-06,-5.5812316441414791e-06,-1.4293495684842049e-08,1.3054853655816713e-11,0
1194,2.2195507177738504e-10,-1.3132644835819191e-05,-1.3142156388287249e-05,9.5115524680586033e-09,1.0843291553257185e-11,0
1195,4.4519484420458036e-11,6.0682682391364118e-06,6.0813616396248318e-06,-1.3093400488420074e-08,6.3515584312957895e-12,0
1196,5.3635984228980069e-11,-1.4688405947918190e-06,-1.4734214008130649e-06,4.5808060212458801e-09,4.2576874944488293e-12,0
1197,9.1164998142751491e-12,-7.5370783844180486e-06,-7.5567310314245054e-06,1.9652647006456787e-08,2.5502339993014516e-12,0
1198,-5.9895281915960749e-10,-3.7049953356124016e-05,-3.7043611592394822e-05,-6.3417637291939672e-09,3.7047581854891141e-11,0
1199,-9.9055423797948492e-10,1.4055817870204518e-05,1.4068692586306255e-05,-1.2874716101736800e-08,3.4889636162026831e-11,0
1200,-3.9160141829441710e-10,5.1105965221132262e-05,5.1107058013887717e-05,-1.0927927554559621e-09,1.0190546474119241e-10,0
1204,4.3298777406842380e-11,-1.3149530283647348e-05,-1.3143126413980710e-05,-6.4038696666386566e-09,5.8544389285122377e-11,0
1207,4.0584595401520016e-11,-1.4717902657148600e-06,-1.4734634378329459e-06,1.6731721180859283e-09,3.8223147249802857e-11,0
1209,-2.0814299634256815e-10,6.0709663319543326e-05,6.0713892352442799e-05,-4.2290328994729304e-09,5.7181140508608442e-11,0
1210,2.0098001279744912e-11,-7.5494811066448980e-06,-7.5566901278552401e-06,7.2090212103421221e-09,3.4760574190002676e-11,0
1212,2.3769889271403773e-10,-6.2184721347651817e-05,-6.2189683598979191e-05,4.9622513273743420e-09,3.7734195402694677e-11,0
1213,7.3488159048782531e-12,6.0831366053872016e-06,6.0812507132345493e-06,1.8858921526522776e-09,1.5470753253225199e-11,0
1214,3.3574604915905532e-11,-1.4722160566705764e-06,-1.4734791078889741e-06,1.2630512183977071e-09,9.5139066595242604e-12,0
1215,-2.3035007681280517e-10,6.8267757236905452e-05,6.8274066914988094e-05,-6.3096780826424684e-09,2.9618766360623814e-11,0
1216,-2.0412428775487054e-10,6.0712481690592020e-05,6.0713888683170326e-05,-1.4069925783062967e-09,1.9304982705050721e-11,0
1217,2.6225788928610641e-11,-7.5553074131711091e-06,-7.5566714098985172e-06,1.3639967274081221e-09,7.0524762744841250e-12,0
1219,2.2584159654942919e-10,-6.2194917727923828e-05,-6.2189699710644755e-05,-5.2180172790727885e-09,3.6457907392158046e-11,0
1220,-1.2161825216235851e-10,6.0840099498412487e-06,6.0805842745102037e-06,3.4256753310449398e-09,1.0991589772394100e-11,0
1221,1.4787433591894654e-11,-1.4767601462023147e-06,-1.4735603890663423e-06,-3.1997571359723933e-09,8.3005390399520488e-12,0
1222,-3.4745984890845196e-10,6.8278858511915813e-05,6.8273425501185516e-05,5.4330107302966429e-09,2.3614721886656861e-11,0
1223,-2.1105416325653015e-10,6.0718112106564019e-05,6.0713826692313475e-05,4.2854142505446510e-09,1.3069317053288875e-11,0
1224,1.3640568561562714e-10,-7.5607113210153162e-06,-7.5560836203313193e-06,-4.6277006839969228e-09,4.4141559730510299e-12,0
1225,5.2293699040972695e-10,-3.4418202713651022e-05,-3.4444471224488538e-05,2.6268510837516087e-08,5.8172085194251786e-11,0
1226,1.5034611106750043e-10,1.6652539961119900e-05,1.6658035098194908e-05,-5.4951370750079749e-09,1.0614466378261786e-11,0
1227,-3.7259087955241065e-10,5.1070832995055160e-05,5.1108200959253571e-05,-3.7367964198410793e-08,7.7238569077123093e-11,0
1228,1.8701064029442394e-10,1.6655394169339498e-05,1.6658475508882319e-05,-3.0813395428212612e-09,1.3151662589469091e-11,0
1229,-7.7992873832456044e-10,-1.4266586472695686e-05,-1.4256961009729628e-05,-9.6254629660581396e-09,4.7456229380313757e-12,0
1230,-5.2400572241110513e-10,-7.6462618557271607e-05,-7.6432443021126067e-05,-3.0175536145540089e-08,2.2193197872957570e-11,0
1231,-9.2775432886723104e-10,-8.1991259575815711e-06,-8.1675096121412452e-06,-3.1616345440325992e-08,6.0976378294606323e-12,0
1232,-7.5039234504933536e-10,-1.5746019715509249e-05,-1.5733720694109114e-05,-1.2299021400135419e-08,2.7651658872339714e-12,0
1233,2.5592301600793133e-10,-6.2196044916269094e-05,-6.2189489425124218e-05,-6.5554911448761737e-09,1.2954887659228421e-11,0
1234,-1.4782559052124509e-10,6.0675056412374390e-06,6.0804769586242185e-06,-1.2971317386779546e-08,3.8789497016144166e-12,0
1235,2.9536393296181209e-11,-1.4794219166875452e-06,-1.4734596823297413e-06,-5.9622343578039082e-09,2.1456317068330791e-12,0
1236,-4.0374860664564276e-10,6.8263512864695855e-05,6.8273116331238969e-05,-9.6034665431136675e-09,8.6809599610663512e-12,0
1237,-2.2638662282971210e-10,6.0716599587830604e-05,6.0713720120368060e-05,2.8794674625441078e-09,6.2509568887950260e-12,0
1238,1.7736198381521990e-10,-7.5469025810695478e-06,-7.5558731079588420e-06,8.9705268892942359e-09,1.7516546711747317e-12,0
1239,2.2093474791066282e-10,6.8344297554876268e-05,6.8276526341697598e-05,6.7771213178670678e-08,1.5694336116314960e-11,0
1240,-2.8220031197166373e-10,-3.9401464648049743e-05,-3.9399862021496488e-05,-1.6026265532549330e-09,6.3732121779383195e-11,0
1241,-6.1265563888947148e-11,2.8942510076889263e-05,2.8890927501666663e-05,5.1582575222600748e-08,7.0650469316883460e-11,0
1242,1.3073630049692331e-10,1.6649432653968732e-05,1.6658593326016128e-05,-9.1606720473960592e-09,1.1595628790796667e-11,0
1243,1.7010027236761534e-10,-6.2202029864330544e-05,-6.2189884482801694e-05,-1.2145381528849719e-08,2.4424307133391588e-11,0
1244,4.2657847266242326e-11,-7.5676098654059963e-06,-7.5566325805246994e-06,-1.0977284881296863e-08,1.5711183901420103e-11,0
1245,2.0903782017690502e-10,-6.2189292019833482e-05,-6.2189625176848438e-05,3.3315701495576378e-10,4.9715837123977531e-11,0
1246,2.6971451835406476e-10,6.1260404558109716e-06,6.0828507322974664e-06,4.3189723513505207e-08,1.9392834479255110e-11,0
1247,4.2097498567204957e-11,-1.4728770459920132e-06,-1.4733383745963779e-06,4.6132860436472321e-10,7.4492857678086497e-12,0
1249,6.0676698358747260e-11,6.8315248532915818e-05,6.8275647898882310e-05,3.9600634033507757e-08,1.7343685022622572e-11,0
1250,-1.6694032152086792e-10,6.0716353770945853e-05,6.0713985040559164e-05,2.3687303866892144e-09,1.3464315472011011e-11,0
1251,2.1784611884215715e-10,9.0551688325220953e-05,9.0490553791870525e-05,6.1134533350427640e-08,5.9310089646701803e-11,0
1252,-2.2761701962992844e-10,-7.5989235609093264e-06,-7.5581190649822281e-06,-4.0804495927098308e-08,4.6753054186813672e-12,0
1254,-2.8295334093828294e-10,2.2788099790482449e-05,2.2786254519079181e-05,1.8452714032682880e-09,8.2917561314215713e-11,0
1256,-1.3238822417622771e-11,2.8913842600591932e-05,2.8891045741393879e-05,2.2796859198052986e-08,6.1200422776809414e-11,0
1257,-2.4085584235886993e-10,2.1315191626109994e-05,2.1311281266564977e-05,3.9103595450174920e-09,4.2391369682723875e-11,0
1258,1.4393059747662363e-10,5.1150526641487171e-05,5.1112115612282112e-05,3.8411029205058641e-08,8.0243554137295692e-11,0
1259,3.8478644094589807e-10,2.9835346062243723e-05,2.9792008566099631e-05,4.3337496144091884e-08,2.5850976246946786e-11,0
1260,1.9730462847517560e-10,-6.2187856209120970e-05,-6.2189648827128821e-05,1.7926180078509752e-09,1.7730267103530680e-11,0
1261,1.5138805305721997e-10,6.0984602329831883e-06,6.0822360084919433e-06,1.6224224491244956e-08,8.6898053958711040e-12,0
1262,2.5841217920035672e-11,-1.4727048496753457e-06,-1.4734094351680661e-06,7.0458549272039759e-10,5.0702637129227595e-12,0
1263,-4.5916575202664112e-11,6.8286282304404547e-05,6.8275064232996790e-05,1.1218071407757433e-08,1.8252191351688665e-11,0
1264,-1.7146341057040673e-10,6.0715180256409006e-05,6.0713940271988830e-05,1.2399844201760649e-09,9.1185914853291968e-12,0
1265,-1.2554683500065594e-10,-7.5711268458372727e-06,-7.5575732143260390e-06,-1.3553631511233725e-08,3.8055498157966083e-12,0
1266,-5.1564613008832872e-10,2.2780750339886600e-05,2.2784917622404268e-05,-4.1672825176671544e-09,5.1717543537516903e-11,0
1267,-3.1834150162774464e-10,-3.9407119684969384e-05,-3.9400140579467238e-05,-6.9791055021457046e-09,3.7700625388683952e-11,0
1268,-3.6425807712792745e-10,2.8879059340665078e-05,2.8889060165829368e-05,-1.0000825164289490e-08,4.3307515640868381e-11,0
1269,-4.8980491217725855e-10,2.1308132045247397e-05,2.1309872425862329e-05,-1.7403806149322246e-09,3.2967316035610486e-11,0
1270,2.8443527561839557e-10,1.6663929333126173e-05,1.6660218082603645e-05,3.7112505225282786e-09,6.0369413760207105e-11,0
1271,3.2519702194953198e-10,1.6667533452274699e-05,1.6660637634537022e-05,6.8958177376770321e-09,1.9261311955403741e-11,0
1272,1.8142531863344017e-10,-6.2191558859156504e-05,-6.2189698734463000e-05,-1.8601246935036906e-09,6.5947315149654328e-11,0
1273,2.4283464292543882e-10,6.1089714832526787e-06,6.0827640377937854e-06,2.6207445458893298e-08,1.4610368625570099e-11,0
1274,2.4399364222981810e-11,-1.4741157555006774e-06,-1.4734011787099908e-06,-7.1457679068660892e-10,8.2865795617238095e-12,0
1275,6.1409324759733490e-11,6.8300565736870850e-05,6.8275648914801823e-05,2.4916822069027044e-08,5.4882213280791267e-11,0
1276,-1.5702595435717770e-10,6.0717566494148528e-05,6.0714000841251461e-05,3.5656528970669471e-09,2.9343523245395275e-11,0
1277,-2.1843527849133285e-10,-7.5830273397426914e-06,-7.5580909953700799e-06,-2.4936344372611576e-08,5.0070125665048526e-12,0
1278,3.7724777632072716e-10,1.6705752549292519e-05,1.6661140452282544e-05,4.4612097009974353e-08,1.9860449540971113e-11,0
1280,-6.7202172948559734e-10,-3.7030716063127592e-05,-3.7043647358812149e-05,1.2931295684557665e-08,5.9529711212248207e-11,0
1281,-2.8676600728585688e-09,1.4088858246823210e-05,1.4061795118374077e-05,2.7063128449133499e-08,3.3058346984710318e-11,0
1282,-2.1956383580311164e-09,5.1119629364221840e-05,5.1100392108953463e-05,1.9237255268377202e-08,9.9895607124739950e-11,0
1283,1.5996322347870122e-10,-1.1663849988658749e-05,-1.1664419434739894e-05,5.6944608114486951e-10,4.3058719191346245e-11,0
1284,1.7972098762365570e-10,-5.5961754103104819e-06,-5.5813458139936013e-06,-1.4829596316880582e-08,3.1322990657797167e-11,0
1285,2.1102781986039378e-10,-1.3132522939170166e-05,-1.3142174175696112e-05,9.6512365259462826e-09,2.3605399135838010e-11,0
1286,1.9757764011973549e-11,6.0677253750692633e-06,6.0816138432525376e-06,-1.3888468183274294e-08,7.4287917870080244e-12,0
1287,5.1064596356975454e-11,-1.4687006327993024e-06,-1.4732172507793324e-06,4.5166179800299846e-09,5.2173816452911329e-12,0
1288,3.1306832326195598e-11,-7.5363656492116911e-06,-7.5567521423760484e-06,2.0386493164357290e-08,2.5472412528917482e-12,0
1289,-2.0574489518316643e-09,-7.6429025156079730e-05,-7.6440759414585273e-05,1.1734258505542933e-08,2.5350657144355566e-11,0
1290,3.7410665814386593e-10,1.6699474118465202e-05,1.6661875082411646e-05,3.7599036053555951e-08,4.0749524901421919e-11,0
1291,2.2706930610723013e-10,-6.2184865544995770e-05,-6.2189282188820241e-05,4.4166438244712001e-09,3.4802654124058809e-11,0
1292,-2.1486052670427984e-11,6.0838463202253154e-06,6.0814507533953261e-06,2.3955668299893517e-09,9.4867900664955706e-12,0
1293,2.9609396727985632e-11,-1.4722400025690089e-06,-1.4732994199743300e-06,1.0594174053210813e-09,5.3236349558413593e-12,0
1294,-2.4855535877829175e-10,6.8268657974335407e-05,6.8273949739135970e-05,-5.2917648005629822e-09,2.7592626149330340e-11,0
1295,-1.9745990935133401e-10,6.0712573546371947e-05,6.0713696986346384e-05,-1.1234399744375887e-09,1.8881801247039512e-11,0
1296,5.1095449310841614e-11,-7.5560575014308427e-06,-7.5566669002210466e-06,6.0939879020385594e-10,4.7423354505368931e-12,0
1297,-6.1063195230497030e-10,-3.7060132381574670e-05,-3.7043238416696383e-05,-1.6893964878287107e-08,2.9301090228940569e-11,0
1298,-1.0080894098716890e-09,1.4049360679368669e-05,1.4072630482116514e-05,-2.3269802747844323e-08,2.9818016296339689e-11,0
1300,5.6856249641126608e-10,-3.4404023302609874e-05,-3.4444060972141375e-05,4.0037669531501946e-08,6.4747512762026214e-11,0
1301,1.9630866166194414e-10,1.6657464121858784e-05,1.6661494990166946e-05,-4.0308683081624868e-09,9.7919391067544974e-12,0
1302,-3.7225383499434271e-10,5.1061477746267708e-05,5.1111253957309689e-05,-4.9776211041980785e-08,7.3110361370989343e-11,0
1303,4.6945502155445993e-10,-3.4450033447116818e-05,-3.4444589052891917e-05,-5.4443942249006731e-09,6.4640372429103462e-11,0
1304,1.8165352104236878e-10,1.6655001221922705e-05,1.6661676762033561e-05,-6.6755401108563621e-09,1.6548762391498813e-11,0
1305,-2.8780150052249059e-10,5.1105052441423673e-05,5.1111964083931894e-05,-6.9116425082210134e-09,8.7429879476569580e-11,0
1306,1.9751125411380401e-10,-6.2198321354497120e-05,-6.2189366371043635e-05,-8.9549834534854598e-09,4.0107450172078479e-11,0
1307,-1.5977768733553160e-10,6.0825109198560379e-06,6.0807556416892263e-06,1.7552781668116055e-09,1.3898143375171569e-11,0
1308,7.1959349363807435e-12,-1.4786793936564201e-06,-1.4733879743889314e-06,-5.2914192674886393e-09,9.6358944465306189e-12,0
1309,-3.5728894171673426e-10,6.8280761401001266e-05,6.8273352962458877e-05,7.4084385423886902e-09,3.0181938214638344e-11,0
1310,-1.9031531951956878e-10,6.0719568986507093e-05,6.0713697661344717e-05,5.8713251623756612e-09,1.7740975354643046e-11,0
1311,1.6697362218421088e-10,-7.5611268328485901e-06,-7.5560561637077679e-06,-5.0706691408221622e-09,6.2161152760779808e-12,0
1316,-1.7273605794260778e-11,6.0784505051683993e-06,6.0815793728476780e-06,-3.1288676792787289e-09,6.0858901497233119e-11,0
1317,-2.5368575860715980e-10,6.8260152963418516e-05,6.8273916476265038e-05,-1.3763512846521730e-08,8.8021982262234469e-11,0
1318,4.4315374966284597e-11,-1.4690644943786239e-06,-1.4731381709539197e-06,4.0736765752957813e-09,2.1187642062659509e-11,0
1319,-9.7806841759163894e-10,-7.6441769163035573e-05,-7.6434818471738471e-05,-6.9506912971019526e-09,6.8349235851659400e-11,0
1320,2.2074769222448653e-10,-5.5797448328060231e-06,-5.5810843542701362e-06,1.3395214641130624e-09,1.1121167129527968e-11,0
1321,2.2686160303274899e-10,-6.2187936330661449e-05,-6.2189036504030834e-05,1.1001733693846846e-09,2.7493857665361861e-11,0
1322,2.4526113838605208e-10,6.1176943464847505e-06,6.0830995052198064e-06,3.4594841264944156e-08,1.0186023116613106e-11,0
1323,4.3143959552917226e-11,-1.4724185829101703e-06,-1.4731173479952087e-06,6.9876508503842169e-10,4.5626378616052463e-12,0
1325,1.8399535503759561e-11,6.8305566614896771e-05,6.8275398034929838e-05,3.0168579966932782e-08,1.4706234595777402e-11,0
1326,-1.8371764341777419e-10,6.0715511071040770e-05,6.0713649503071870e-05,1.8615679689006179e-09,1.1330344306128812e-11,0
1327,2.7771440080949272e-10,9.0561327682037174e-05,9.0495050198550537e-05,6.6277483486636797e-08,5.9296798048260759e-11,0
1328,-2.0211717864477093e-10,-7.5900988006881442e-06,-7.5581202243391166e-06,-3.1978576349027624e-08,3.3472250273701798e-12,0
1330,-3.5945724089110743e-10,2.2785759701644467e-05,2.2785032515352376e-05,7.2718629209167886e-10,6.4598839900025366e-11,0
1331,-1.3259563793735481e-10,-3.9402000332768982e-05,-3.9399418600754740e-05,-2.5817320142420088e-09,5.7507171135578249e-11,0
1332,-1.1419610234083659e-10,2.8903558228586881e-05,2.8889659804503616e-05,1.3898424083265231e-08,8.3663148453891340e-11,0
1333,-3.1631328132351100e-10,2.1313527005266050e-05,2.1310269551499317e-05,3.2574537667335516e-09,3.9529988204150609e-11,0
1334,1.4511876251156520e-10,5.1159245348687821e-05,5.1115536382567629e-05,4.3708966120192089e-08,9.3838518331778557e-11,0
1335,4.6143204470355469e-10,2.9845787635655180e-05,2.9796484811751770e-05,4.9302823903410052e-08,2.4108986135210944e-11,0
1336,3.1710339830134291e-10,1.6669066626939615e-05,1.6663958448130336e-05,5.1081788092781268e-09,5.2930772985724335e-11,0
1337,1.5719284767392467e-10,-6.2207407471486995e-05,-6.2189367336860444e-05,-1.8040134626550884e-08,1.3424249096522451e-11,0
1338,3.1079219958785328e-10,6.1426213021115346e-06,6.0834959837456624e-06,5.9125318365872213e-08,1.2953441179279092e-11,0
1339,1.0137727083060244e-11,-1.4826939333514519e-06,-1.4732758470932906e-06,-9.4180862581612755e-09,6.6046395451035049e-12,0
1340,1.5359935297940956e-10,6.8349974239451800e-05,6.8276134440221672e-05,7.3839799230127089e-08,1.3103323336761748e-11,0
1341,-1.4705512060053897e-10,6.0724723508086623e-05,6.0713825079892056e-05,1.0898428194566843e-08,5.5279752942666158e-12,0
1342,-3.0065447223293084e-10,-7.6252759126328382e-06,-7.5586725165902998e-06,-6.6603396042538377e-08,4.8057081628182936e-12,0
1343,-5.3329224309121963e-10,2.2805560035973199e-05,2.2784001977507104e-05,2.1558058466095164e-08,6.1943734627154438e-11,0
1344,-3.7609939519605077e-10,-3.9401725238133109e-05,-3.9400780547840035e-05,-9.4469029307379677e-10,5.3315188845540039e-11,0
1345,-2.2250004199664120e-10,2.8948158834626869e-05,2.8888984060496574e-05,5.9174774130295240e-08,6.8545176181050778e-11,0
1346,-5.2315451579103546e-10,2.1323103090258727e-05,2.1309079429989213e-05,1.4023660269514083e-08,4.5711405041016093e-11,0
1347,2.6176551487510859e-10,1.6663184806503094e-05,1.6663920454285138e-05,-7.3564778204358080e-10,1.4517670950157140e-11,0
1348,1.9338680280583094e-10,-6.2190563593384797e-05,-6.2189135502454171e-05,-1.4280909306263511e-09,7.1783905745189858e-11,0
1349,2.1240295366691577e-10,6.1085876969825537e-06,6.0829852778444892e-06,2.5602419138064469e-08,1.4848431106648078e-11,0
1350,2.4023194384049493e-11,-1.4736580041408570e-06,-1.4731850406381594e-06,-4.7296350269764801e-10,8.9735639387763835e-12,0
1351,1.9016151276857917e-11,6.8299189056731172e-05,6.8275398163280605e-05,2.3790893450566881e-08,5.4659121267767035e-11,0
1352,-1.6936360841647090e-10,6.0717030395784043e-05,6.0713686285591716e-05,3.3441101923261979e-09,3.2450405753587739e-11,0
1353,-1.8837975904807186e-10,-7.5822172594863443e-06,-7.5580691547062631e-06,-2.4148104780081258e-08,5.8241735372435310e-12,0
1356,-1.8486283253971932e-09,5.1148186926032804e-05,5.1105431916503911e-05,4.2755009528892872e-08,1.0961294838466697e-10,0
1357,1.6496369287033869e-10,-6.2193178342950101e-05,-6.2189226632938108e-05,-3.9517100119929689e-09,8.7466442224154415e-11,0
1358,-8.6786220518489985e-11,6.0935345634902452e-06,6.0814012790707662e-06,1.2133284419478977e-08,4.0306589079568341e-11,0
1359,-8.5024826238253434e-13,-1.4754158665936795e-06,-1.4732927898084141e-06,-2.1230767852654085e-09,1.9001766944665686e-11,0
1360,-2.5174991338201163e-10,6.8286786592587374e-05,6.8273917038807252e-05,1.2869553780121899e-08,7.3359656074210535e-11,0
1361,-1.6581394145527373e-10,6.0717860762269683e-05,6.0713673854998744e-05,4.1869072709395188e-09,3.9117732443605549e-11,0
1362,8.5935972067293913e-11,-7.5689007775321063e-06,-7.5565894372402248e-06,-1.2311340291881544e-08,1.8482389318230938e-11,0
1363,2.1447298171238655e-10,-6.2185099671323741e-05,-6.2188915510705774e-05,3.8158393820332840e-09,4.3764274745752815e-11,0
1364,2.5456430436116812e-11,-1.4722468811643585e-06,-1.4731312709602997e-06,8.8438979594127457e-10,7.0442368224827275e-12,0
1365,-1.8901655126596978e-10,6.0712806094478152e-05,6.0713526914815280e-05,-7.2082033712798617e-10,2.3561611120772719e-11,0
1366,-7.9483933269116732e-10,-3.7032874505220185e-05,-3.7043898294446847e-05,1.1023789226661976e-08,3.3560423334737715e-11,0
1367,-3.0160459566007814e-09,1.4086243304770388e-05,1.4064859787391332e-05,2.1383517379055446e-08,1.6524496233775280e-11,0
1368,-2.2212066350308489e-09,5.1119061291429475e-05,5.1103933967547014e-05,1.5127323882461140e-08,9.9327415648810431e-11,0
1370,-4.0128708146513098e-10,5.1112627549650125e-05,5.1114308714678318e-05,-1.6811650281931640e-09,6.0032934025182117e-11,0
1372,1.3960324447411651e-10,-5.5965077567620564e-06,-5.5814860190703258e-06,-1.5021737691730554e-08,3.3741322457197270e-11,0
1373,-9.9069773031462585e-12,6.0671529925923444e-06,6.0819101080489958e-06,-1.4757115456651368e-08,7.7696360905219927e-12,0
1374,5.2928447161011307e-10,-3.4445606141221986e-05,-3.4444080734823629e-05,-1.5254063983561532e-09,4.5947214248206672e-11,0
1375,2.4196562654889517e-10,1.6661250126413785e-05,1.6665623333643528e-05,-4.3732072297435177e-09,1.2182944927368701e-11,0
1376,-2.8731884511919106e-10,5.1106784743274250e-05,5.1115406123250055e-05,-8.6213799758047788e-09,9.4785818902548198e-11,0
1377,1.9848952619731812e-10,-6.2237079304130680e-05,-6.2188857531002284e-05,-4.8221773128395706e-08,2.4252736584479652e-11,0
1378,-2.1175781188327277e-10,6.0294954641847143e-06,6.0808635535658145e-06,-5.1368089381100259e-08,7.8149807518994211e-12,0
1379,-4.1024733835179325e-10,6.8266660855346994e-05,6.8273044298551388e-05,-6.3834432043931039e-09,1.4534970339410282e-11,0
1381,3.5157469960387541e-10,1.6673319266863849e-05,1.6666594195472156e-05,6.7250713916937321e-09,1.3592622742212570e-11,0
1382,1.2612038937920028e-10,-1.1662490663521489e-05,-1.1664604249723390e-05,2.1135862019007804e-09,1.7970377732023915e-11,0
1383,5.0128090851980872e-11,-5.6004314153406537e-06,-5.5819532490666744e-06,-1.8478166273979274e-08,1.5817402918043640e-11,0
1384,-7.5992298561635327e-11,6.0620733004458291e-06,6.0816735010054812e-06,-1.9600200559652113e-08,1.2479385449162784e-11,0
1387,1.4738253820896660e-10,5.1171130621707056e-05,5.1118700389682572e-05,5.2430232024484435e-08,5.9357679980006095e-11,0
1388,1.8630352922073333e-10,-5.5777800379549006e-06,-5.5812023352745316e-06,3.4222973196309874e-09,1.1961428339688905e-11,0
1390,1.0269472765961447e-10,6.8351605939140359e-05,6.8275837614306006e-05,7.5768324834352922e-08,1.6443347443936351e-11,0
1392,-3.4539311594522989e-10,2.8949497897914206e-05,2.8887485031932302e-05,6.2012865981904284e-08,7.2860152722495405e-11,0
1394,1.8059520789141518e-10,6.1080487769975267e-06,6.0831882627341519e-06,2.4860514263374821e-08,1.7157481920618726e-11,0
1395,-2.0479115205760931e-11,6.8297849431728230e-05,6.8275163770644879e-05,2.2685661083351625e-08,6.2038550360695495e-11,0
1398,-1.9468445461354544e-09,5.1136689687812306e-05,5.1108259597982317e-05,2.8430089829988741e-08,1.1208334819228025e-10,0
1399,7.6531891299591821e-11,6.0880519016067239e-06,6.0826603801297562e-06,5.3915214769676762e-09,3.1312860595965068e-11,0
1400,1.7651085184804867e-10,-6.2188356534154110e-05,-6.2188619323355439e-05,2.6278920132896764e-10,3.7619372396566038e-11,0
1401,-9.6407878006124558e-11,6.0903635249976926e-06,6.0817722198019887e-06,8.5913051957039137e-09,2.8048451705467610e-11,0
1402,-2.7291872990249728e-10,6.8278690258649459e-05,6.8273780402076961e-05,4.9098565724984677e-09,6.6473319500626794e-11,0
1403,-4.0364798721337491e-10,5.1115742010295236e-05,5.1117730657769672e-05,-1.9886474744360135e-09,1.0026118807571989e-10,0
1404,1.4010725169051897e-10,-1.1663193027898651e-05,-1.1664527867771463e-05,1.3348398728125571e-09,2.5955465291915770e-11,0
1405,1.0459739474993161e-10,-5.5966357870391916e-06,-5.5816090041469866e-06,-1.5026782892205025e-08,1.6640988441071326e-11,0
1406,-3.5509857045480823e-11,6.0665962520415478e-06,6.0821664128517116e-06,-1.5570160810163798e-08,7.8051886260367616e-12,0
1407,-2.2473834294415509e-09,5.1120485216721821e-05,5.1107961236346396e-05,1.2523980375424954e-08,8.4707756792411582e-11,0
1408,-4.0649945521975986e-10,6.8268523390990939e-05,6.8273046093924035e-05,-4.5227029330966806e-09,8.2394567172508115e-12,0
1409,2.8663129142918248e-10,-1.1636590968621893e-05,-1.1663727703166260e-05,2.7136734544366662e-08,2.5946252751722925e-11,0
1410,5.8744374059100235e-10,-3.4440284003263780e-05,-3.4443573217683601e-05,3.2892144198213777e-09,6.0562440389354711e-11,0
1411,3.0179141465232590e-10,1.6667438376627257e-05,1.6669732978161401e-05,-2.2946015341442343e-09,1.4555443607533812e-11,0
1412,1.5160123889133994e-11,2.8303993686517107e-05,2.8319943701203470e-05,-1.5950014686363164e-08,4.9157111355362550e-11,0
1414,-2.8565232604589441e-10,5.1107748247234894e-05,5.1119012209856305e-05,-1.1263962621411040e-08,8.0855254402871499e-11,0
1418,2.5075628699527251e-10,-6.2186070509874947e-05,-6.2187965408322599e-05,1.8948984476516769e-09,5.0357752562523519e-11,0
1419,1.9102637887031912e-10,6.1076219902179985e-06,6.0835352218809931e-06,2.4086768337005374e-08,1.6393800398530880e-11,0
1420,-5.9729908040981173e-11,6.8293614346910669e-05,6.8274935019005368e-05,1.8679327905301614e-08,2.1425077866476631e-11,0
1421,-4.9375482461973273e-10,2.2782207360840141e-05,2.2782759540071517e-05,-5.5217923137541869e-10,7.3921937283258593e-11,0
1422,-2.4299853763676024e-10,-3.9403707209100880e-05,-3.9400631405434694e-05,-3.0758036661867748e-09,5.3876267590251776e-11,0
1423,-3.0272844565274239e-10,2.8889840975331732e-05,2.8887032469082557e-05,2.8085062491745841e-09,6.6948374511202689e-11,0
1424,3.6345159429741408e-10,1.6677194707094296e-05,1.6670819084908509e-05,6.3756221857868656e-09,1.1079516035898783e-11,0
1425,1.5352510993041024e-10,-5.5747197449463118e-06,-5.5813132884505031e-06,6.5935435041913285e-09,1.4214802428517296e-11,0
1426,1.9465679396562193e-10,-6.2186904437041418e-05,-6.2188226740858844e-05,1.3223038174261853e-09,1.3281720530720987e-11,0
1427,-6.4617396270193368e-10,2.2777847667181540e-05,2.2781853484930615e-05,-4.0058177490758244e-09,4.4285763908559009e-11,0
1428,-4.5151716882804215e-10,-3.9409228114390890e-05,-3.9401799316082125e-05,-7.4287983087653088e-09,3.3662939217499639e-11,0
1429,2.0469866520798205e-10,-6.2189177497421963e-05,-6.2188128848761543e-05,-1.0486486604196696e-09,6.6013429997843155e-11,0
1430,1.4862357376171324e-10,6.1074180446873960e-06,6.0833721959953858e-06,2.4045848692010228e-08,1.3872398408395117e-11,0
1431,-5.6075091149283164e-11,6.8296471615224980e-05,6.8274951573782421e-05,2.1520041442558502e-08,5.9408392421403138e-11,0
1432,-6.4879983820372769e-09,9.0476938861962057e-05,9.0467077600888687e-05,9.8612610733705020e-09,8.8468219232223931e-11,0
1433,6.6614086228924687e-11,-6.2213637184551848e-05,-6.2188825082574496e-05,-2.4812101977352268e-08,3.3942319784017956e-11,0
1434,2.2170971106618983e-10,-5.5661105841653402e-06,-5.5809238115156977e-06,1.4813227350357462e-08,5.3451059626195847e-12,0
1435,1.7233801318817890e-09,9.0538782338382261e-05,9.0512446870888685e-05,2.6335467493576346e-08,6.1994602622830403e-11,0
1436,1.1032808452304462e-10,-1.1658455962020205e-05,-1.1664690491157922e-05,6.2345291377176456e-09,2.0250017324307386e-11,0
1437,-4.5899399884236644e-12,-5.6068889163797542e-06,-5.5821491971633443e-06,-2.4739719216409859e-08,1.6653243207873312e-11,0
1438,-1.1491802452997020e-10,6.0516094804764775e-06,6.0820585631391763e-06,-3.0449082662698795e-08,1.2434895323380447e-11,0
1439,-5.9348855237052953e-11,6.0658163376341862e-06,6.0824103576262993e-06,-1.6594019992113160e-08,7.5312046160461757e-12,0
1440,-2.2663977803578685e-09,5.1122783897653186e-05,5.1111296802935628e-05,1.1487094717557819e-08,6.3620358864740011e-11,0
1441,-3.9810407115047576e-10,6.8270911806533538e-05,6.8273073434322738e-05,-2.1616277892004890e-09,8.5639489216633875e-12,0
1442,9.2044155160918269e-11,-6.2224718799094511e-05,-6.2188444977583516e-05,-3.6273821510995267e-08,4.1909557539201692e-11,0
1443,-2.6264988911234524e-10,6.0632029474866692e-06,6.0813589523636923e-06,-1.8156004877023163e-08,1.5744185892201414e-11,0
1444,-3.5469404481806407e-10,6.8287950786021304e-05,6.8273309263455124e-05,1.4641522566179155e-08,3.1826523578384670e-11,0
1445,9.7234004846943154e-11,-6.2196467246599524e-05,-6.2188374896886221e-05,-8.0923497133026040e-09,8.1662550578603227e-11,0
1446,-1.7396837315121932e-10,6.0942773062143407e-06,6.0818757175662280e-06,1.2401588648112681e-08,4.4354596152853456e-11,0
1447,-2.7120237818880136e-10,6.8290632614543580e-05,6.8273763596500594e-05,1.6869018042985919e-08,7.8209485157341566e-11,0
1448,3.6859832862102514e-10,1.6680013683617427e-05,1.6674180979566298e-05,5.8327040511295110e-09,1.0454420564724585e-11,0
1449,2.5745747198254649e-10,-6.2185350028372581e-05,-6.2187453251156326e-05,2.1032227837455971e-09,4.8079157968997421e-11,0
1450,-5.5407611390719481e-10,2.2780683130926632e-05,2.2781651730263708e-05,-9.6859933707569082e-10,7.8758078665776811e-11,0
1451,-2.9661864192354394e-10,-3.9404761395124186e-05,-3.9401232581706753e-05,-3.5288134174325152e-09,4.9719880136269119e-11,0
1452,1.2500755268260322e-10,-5.5704127519392785e-06,-5.5814079717286684e-06,1.0995219789389920e-08,1.5016332309856687e-11,0
1453,1.8708859417647746e-10,-6.2186673214298209e-05,-6.2187800067532400e-05,1.1268532341908227e-09,1.7136970365198949e-11,0
1454,-6.7558664067650187e-10,2.2776848719461423e-05,2.2780926838957527e-05,-4.0781194961034121e-09,4.9318431485787098e-11,0
1455,-4.8849804662839850e-10,-3.9409870484846329e-05,-3.9402304724561719e-05,-7.5657602846107260e-09,4.4313436591852794e-11,0
1456,2.0468270299048704e-10,-6.2188522166947181e-05,-6.2187668163214392e-05,-8.5400373278892838e-10,7.6263386808301113e-11,0
1457,1.1533398065818982e-10,6.1067340074933210e-06,6.0835489319112355e-06,2.3185075582085501e-08,1.4117158259383538e-11,0
1458,-8.9348722094419454e-11,6.8295051991979633e-05,6.8274752059195644e-05,2.0299932783988928e-08,5.7419414783020973e-11,0
1462,3.0722498763160581e-11,-6.2217530269196436e-05,-6.2188560641693113e-05,-2.8969627503323174e-08,3.0636254591106910e-11,0
1463,1.8825559411578079e-09,9.0536742938450345e-05,9.0517223433337805e-05,1.9519505112540513e-08,6.6505633781439623e-11,0
1464,-5.2680996935527923e-10,-3.9392601434162094e-05,-3.9402595989265203e-05,9.9945551031082138e-09,9.6868201410307807e-11,0
1466,1.8898705618534395e-10,-5.5688465165175394e-06,-5.5810320832880734e-06,1.2185566770534028e-08,5.6721997671102623e-12,0
1467,-4.0421689045838356e-10,5.1121317968257085e-05,5.1123978312959816e-05,-2.6603447027308551e-09,9.7420177585408699e-11,0
1468,-2.2798927682143919e-09,5.1124870677155205e-05,5.1114007059904458e-05,1.0863617250746129e-08,9.3507457212465161e-11,0
1469,1.2250462945666402e-10,-1.1661433895426149e-05,-1.1664623995309957e-05,3.1900998838085826e-09,2.2937327577089280e-11,0
1470,4.1535109666009375e-11,-5.5969452815403994e-06,-5.5818291281569546e-06,-1.5116153383444735e-08,1.8545035827959852e-11,0
1471,-8.0969519876629540e-11,6.0645108579922627e-06,6.0826400767613404e-06,-1.8129218769077739e-08,8.2355940556701712e-12,0
1472,-3.8646041437274063e-10,6.8273825124658041e-05,6.8273120139306545e-05,7.0498535149541002e-10,1.1720675109669376e-11,0
1473,-2.7990425509196260e-10,5.1103870278105049e-05,5.1125378862523997e-05,-2.1508584418948780e-08,8.1449878714199936e-11,0
1474,9.8545085466253572e-11,-1.1648251672075603e-05,-1.1664754837860383e-05,1.6503165784780382e-08,2.9938618798320881e-11,0
1475,-4.3888386617804238e-11,-5.6248010989676245e-06,-5.5822856763551076e-06,-4.2515422612516897e-08,2.2019833696213328e-11,0
1476,-1.4243347209399637e-10,6.0235112589960421e-06,6.0823622178182788e-06,-5.8850958822236649e-08,1.3606435974938543e-11,0
1477,2.6032254006680252e-10,-6.2184694639248967e-05,-6.2187004110635815e-05,2.3094713868485354e-09,5.4165354937260618e-11,0
1479,-3.4353211193997345e-10,-3.9405471807393453e-05,-3.9401769856187010e-05,-3.7019512064435781e-09,5.4910797935245597e-11,0
1480,3.6973261736229516e-10,1.6682868117351944e-05,1.6677753943239068e-05,5.1141741128765878e-09,9.6831584433018533e-12,0
1481,1.7723064959480205e-10,-6.2186399553562643e-05,-6.2187420407108302e-05,1.0208535456584285e-09,1.8045722751553254e-11,0
1482,-6.9655574220124752e-10,2.2775978323404111e-05,2.2780102786681912e-05,-4.1244632778005517e-09,5.3915428692115535e-11,0
1483,-5.1932509277049138e-10,-3.9410521652415847e-05,-3.9402754151429863e-05,-7.7675009859848971e-09,4.3464952103640968e-11,0
1485,2.0125335425167276e-10,-6.2187635980540806e-05,-6.2187245508675014e-05,-3.9047186579206031e-10,3.7640211278027932e-11,0
1486,1.8849618190543038e-10,-6.2195699146580172e-05,-6.2187270807045130e-05,-8.4283395350421121e-09,1.2495044698178503e-11,0
1487,1.5474313435511863e-10,6.1440088939043042e-06,6.0841421093817909e-06,5.9866784522513290e-08,1.0108288466611123e-11,0
1489,-8.3475533675537272e-10,2.2792552859526166e-05,2.2779203914257719e-05,1.3348945268447116e-08,8.8068579660672477e-11,0
1490,-6.4625915395039120e-10,-3.9403127230102242e-05,-3.9403504446821021e-05,3.7721671877814994e-10,4.5506501074619998e-11,0
1491,-6.8001220086821579e-10,2.8936307301778014e-05,2.8883214701507798e-05,5.3092600270216020e-08,6.2964559410039876e-11,0
1492,-7.8353347897468659e-12,-6.2221367792559754e-05,-6.2188305831315888e-05,-3.3061961243865999e-08,5.2813319489609833e-11,0
1493,-2.7365909025655394e-10,6.0845508951822870e-06,6.0818315113024191e-06,2.7193838798678609e-09,1.5954381621011076e-11,0
1494,-5.2874375145381425e-11,-1.4937373475271999e-06,-1.4727598593868902e-06,-2.0977488140309697e-08,7.7155070334274522e-12,0
1495,-2.6582375588278477e-10,6.8305744106933464e-05,6.8273768124199976e-05,3.1975982733487528e-08,3.9157727490613814e-11,0
1496,-4.5039041049142906e-11,6.0727501642323170e-05,6.0713407825148048e-05,1.4093817175121856e-08,2.3243095929010167e-11,0
1497,2.2078471503952256e-10,-7.5782309847660374e-06,-7.5563858508574670e-06,-2.1845133908570395e-08,7.4343640073987308e-12,0
1498,3.9130016617207915e-10,1.6680948937746343e-05,1.6678918936243260e-05,2.0300015030833896e-09,1.7700164705038899e-11,0
1499,7.6988703271884354e-10,-3.4456701717558609e-05,-3.4442127986257416e-05,-1.4573731301193414e-08,4.1434402730746347e-11,0
1500,3.6703928991547656e-10,1.6666991564653552e-05,1.6679031438341602e-05,-1.2039873688050114e-08,1.7916124404442047e-11,0
1501,-4.0284774251484333e-10,5.1124010882383150e-05,5.1126874797474915e-05,-2.8639150917650889e-09,9.7970668926100373e-11,0
1502,-3.5191843260730177e-10,-7.6436753269688417e-05,-7.6431005762975940e-05,-5.7475067124774896e-09,6.7742604449560922e-11,0
1503,-4.1429896320020527e-10,-1.5701377805273087e-05,-1.5732151300878105e-05,3.0773495605017717e-08,2.2278295483947014e-11,0
1504,-6.2380530436965788e-11,6.0735404844984922e-05,6.0713279513696795e-05,2.2125331288127420e-08,2.6807911537280027e-11,0
1508,2.0866322783850328e-10,-5.5568737002400712e-06,-5.5808562309501355e-06,2.3982530710064384e-08,6.4875168779426754e-11,0
1509,1.1993776531834064e-10,-1.3144160825177484e-05,-1.3142463374970331e-05,-1.6974502071531137e-09,4.0694726317036762e-11,0
1511,1.5155338658885779e-10,6.1175261760349625e-06,6.0842597142481270e-06,3.3266461786835540e-08,4.8244984336618683e-11,0
1512,6.2827923980455074e-11,-1.4699655635542781e-06,-1.4720682427838352e-06,2.1026792295571810e-09,2.7718185008950590e-11,0
1513,-1.7008624546009166e-10,6.8296154095840930e-05,6.8274285673396984e-05,2.1868422443946660e-08,7.3748074007623998e-11,0
1514,-2.5881170798075041e-10,6.0708723346894564e-05,6.0712172707874820e-05,-3.4493609802561443e-09,4.6374759129050979e-11,0
1515,-8.8725462399866389e-11,-7.5873488675614470e-06,-7.5581150568707593e-06,-2.9233810690687720e-08,1.8339358415947845e-11,0
1516,-2.2932500056214414e-09,5.1127484324142410e-05,5.1117163410222289e-05,1.0320913920120541e-08,6.7723395927537656e-11,0
1517,-1.3940157809278368e-10,1.4103401353896851e-05,1.4095258988055522e-05,8.1423658413284136e-09,3.8980359772603292e-11,0
1518,3.5424394538071903e-10,-6.2153327198736542e-05,-6.2186123772857812e-05,3.2796574121269273e-08,4.5690781755499620e-11,0
1519,7.5948013395534004e-11,-1.4671500001572652e-06,-1.4719666378215913e-06,4.8166376643260772e-09,1.7933947850307035e-11,0
1520,-2.7829593219385636e-10,6.0686148227749419e-05,6.0712032368684912e-05,-2.5884140935493363e-08,2.0092334345218929e-11,0
1521,1.2793000301081787e-10,1.4146926694515866e-05,1.4096918399313735e-05,5.0008295202130508e-08,5.8389022936192131e-11,0
1522,1.5250497596633072e-10,-5.5698567238728069e-06,-5.5811516417965475e-06,1.1294917923740555e-08,5.6004568802119729e-12,0
1523,-1.9926124130462229e-09,-3.7038980481528087e-05,-3.7048778460906578e-05,9.7979793784906070e-09,2.7557069640597557e-11,0
1524,-6.3365645163946036e-10,1.4105024003769825e-05,1.4093201700011016e-05,1.1822303758809118e-08,2.5711538036357108e-11,0
1525,1.3589559547052829e-09,5.1143816625071406e-05,5.1138051237417531e-05,5.7653876538746275e-09,1.1000868667916139e-10,0
1526,1.1120045725019713e-10,-1.1658715155728368e-05,-1.1664685727149367e-05,5.9705714209987740e-09,3.3314645862840477e-11,0
1527,2.6653410226298301e-12,-5.5976616895416810e-06,-5.5819618138125845e-06,-1.5699875729096512e-08,1.6306485299990210e-11,0
1528,1.4185738799193874e-10,-1.3124622850821908e-05,-1.3142331507452745e-05,1.7708656630837012e-08,1.6643662442197066e-11,0
1529,-1.0853511629985090e-10,6.0610371287279571e-06,6.0829518965792181e-06,-2.1914767851260962e-08,8.8790944933762269e-12,0
1530,3.0656930721793440e-11,-1.4660013833505629e-06,-1.4721805584919867e-06,6.1791751414237888e-09,7.1122845855911057e-12,0
1531,1.3919204692892659e-10,-7.5269576982252978e-06,-7.5569117299857567e-06,2.9954031760458912e-08,3.0626162857985040e-12,0
1532,-1.7529201953086183e-09,-7.6427497566800701e-05,-7.6438608676236626e-05,1.1111109435925663e-08,4.6885738447999851e-11,0
1533,3.6656421120317211e-10,1.6685501383776084e-05,1.6681156896230578e-05,4.3444875455063924e-09,9.4672354201761801e-12,0
1534,7.7115932890588551e-12,6.0767337269349367e-06,6.0836388857081187e-06,-6.9051587731820094e-09,3.2675749947425001e-11,0
1535,5.0315811907395502e-11,-1.4683224134905658e-06,-1.4720438214149600e-06,3.7214079243942710e-09,2.9481615591064175e-11,0
1536,4.2604218706917132e-11,-7.5450408670934242e-06,-7.5574583541164530e-06,1.2417487023028805e-08,1.3593762928201318e-11,0
1537,-7.3595164608290062e-10,-7.6468813572500710e-05,-7.6433046346642376e-05,-3.5767225858333797e-08,4.9864687420233634e-11,0
1538,-1.8558679110738866e-10,-3.7057726538456195e-05,-3.7038830910425724e-05,-1.8895628030471759e-08,4.9207200276442659e-11,0
1539,-5.5036485469949807e-10,-3.9411150247607371e-05,-3.9403247360258384e-05,-7.9028873489872639e-09,8.4357075862418511e-11,0
1540,6.3666905504050767e-11,-1.4615953886762054e-06,-1.4719517565442428e-06,1.0356367868037404e-08,1.1202148021331893e-11,0
1542,-1.4562786824664698e-09,-1.4250551295827939e-05,-1.4262265412321862e-05,1.1714116493923750e-08,3.1986952612359302e-11,0
1543,-1.2719140160252631e-09,-7.6444115030327442e-05,-7.6435961015988165e-05,-8.1540143392769618e-09,2.3511539583896104e-11,0
1544,-1.3447053290971678e-09,-8.1114187255402342e-06,-8.1693682192912219e-06,5.7949493750987643e-08,1.9373162149292549e-11,0
1545,-5.6706954556915819e-10,-3.7040646246837630e-05,-3.7040861838601351e-05,2.1559176372040658e-10,3.7075808342568430e-11,0
1546,-1.4569816965607437e-09,-1.5725052204392599e-05,-1.5737882167729079e-05,1.2829963336480094e-08,1.3001559013372456e-11,0
1547,1.8436466625506808e-10,-6.2193573766322965e-05,-6.2186816163752918e-05,-6.7576025700470579e-09,1.6010016666072294e-11,0
1548,1.1157335308762382e-10,6.1391184387280667e-06,6.0842776761687809e-06,5.4840762559285841e-08,7.4996312982792240e-12,0
1549,-7.0301417053511709e-13,-1.4745132896826826e-06,-1.4722821081437156e-06,-2.2311815389669420e-09,4.0391765111868562e-12,0
1550,-7.2791312822825994e-11,6.8332673506433725e-05,6.8274805262395587e-05,5.7868244038137987e-08,1.4888742230606113e-11,0
1551,-1.8506768090541661e-10,6.0719061489964039e-05,6.0712424667082618e-05,6.6368228814216623e-09,7.5072474347336638e-12,0
1552,-1.1227636672636621e-10,-7.6136155225687424e-06,-7.5583304518051537e-06,-5.5285070763588738e-08,3.2064900249040277e-12,0
1553,-8.8920913615591009e-10,2.2790124159292185e-05,2.2778125456994082e-05,1.1998702298103721e-08,5.0764466290044646e-11,0
1554,-7.0484446891659872e-10,-3.9403510447551769e-05,-3.9404133803509089e-05,6.2335595731976938e-10,6.8800126138229667e-11,0
1555,-7.7763578162833940e-10,2.8929084313174952e-05,2.8881870975420906e-05,4.7213337754046245e-08,6.5128075297421093e-11,0
1556,-8.8991214999194941e-10,2.1315620661420745e-05,2.1304144136667497e-05,1.1476524753247538e-08,3.5274432765057104e-11,0
1558,-5.4170039815736846e-10,-1.4213290732624506e-05,-1.4257303921980030e-05,4.4013189355523666e-08,2.3927600521375662e-11,0
1559,-5.9330748299551210e-10,-7.6438031698363839e-05,-7.6432243558319579e-05,-5.7881400442597779e-09,5.5765567553146828e-11,0
1560,-6.0407262383286426e-10,-1.5709486308673054e-05,-1.5733230653314871e-05,2.3744344641817412e-08,1.2762974318368425e-11,0
1561,-5.1607085735154075e-11,-6.2224777467857068e-05,-6.2188042027488106e-05,-3.6735440368961436e-08,2.8533590523825899e-11,0
1562,-6.2372225762590472e-11,-1.4962036290772779e-06,-1.4725913742960100e-06,-2.3612254781267888e-08,1.1939213757920820e-11,0
1563,-1.0765140721489937e-11,6.0728500327979912e-05,6.0713345366849817e-05,1.5154961130094808e-08,1.2779340954652181e-11,0
1564,8.3798068320968573e-10,-3.4451803382108247e-05,-3.4441582736885870e-05,-1.0220645222377229e-08,4.4302991787404779e-11,0
1565,4.3792635559437011e-10,1.6674574199748021e-05,1.6682872432768038e-05,-8.2982330200164845e-09,1.9135090952226324e-11,0
1566,-4.0005432748931089e-10,5.1126438646601977e-05,5.1130174157367543e-05,-3.7355107655669302e-09,1.0200170121463528e-10,0
1567,-1.9314195983104496e-10,-1.1717618782422501e-05,-1.1666347734492632e-05,-5.1271047929868900e-08,3.6987456450892389e-11,0
1569,-1.1270060551604982e-10,-5.6189375609973571e-06,-5.5825550271942341e-06,-3.6382533803123013e-08,2.1887453573176509e-11,0
1570,4.8103359533185828e-10,-3.4494224517532535e-05,-3.4443519838800060e-05,-5.0704678732474732e-08,1.1553708690736660e-10,0
1571,-1.5752675356369994e-10,-1.3188531862920808e-05,-1.3143943324387643e-05,-4.4588538533164989e-08,1.2253609640603093e-11,0
1572,2.5819894921520316e-10,-6.2183942095868328e-05,-6.2186297270174070e-05,2.3551743057420409e-09,4.6385168040013812e-11,0
1573,8.0441354951496089e-11,6.0987539417470954e-06,6.0841976810082235e-06,1.4556260738871901e-08,1.2872545307824546e-11,0
1574,3.5615206386226287e-11,-1.4709040821232365e-06,-1.4720330796174284e-06,1.1289974941919751e-09,8.3103690108619167e-12,0
1575,-1.7775759426062053e-10,6.8282582982432533e-05,6.8274227572752598e-05,8.3554096799346540e-09,3.0256975423596283e-11,0
1576,-2.2258374283144059e-10,6.0713038726579235e-05,6.0712162362081303e-05,8.7636449793137292e-10,2.1141164876500701e-11,0
1577,-4.4826148310076202e-11,-7.5696098277636126e-06,-7.5579951681791082e-06,-1.1614659584504345e-08,3.3857953019800075e-12,0
1579,-4.1597660510420182e-10,-3.9407261442671749e-05,-3.9402631314136208e-05,-4.6301285355407600e-09,6.9195028940380812e-11,0
1580,-5.9373419945782682e-10,2.8875190453622746e-05,2.8882678747471374e-05,-7.4882938486280407e-09,8.3531704165488903e-11,0
1581,-6.3856034791508033e-10,2.1305859968323657e-05,2.1305375576416321e-05,4.8439190733582521e-10,4.5373922754090691e-11,0
1582,1.8975794172590694e-10,-6.2186854485060498e-05,-6.2186638816953942e-05,-2.1566810655599712e-10,5.9251090737523990e-11,0
1583,3.1768795998201845e-11,6.1049451459951540e-06,6.0839569424932616e-06,2.0988203501892403e-08,1.5814087567820599e-11,0
1584,9.5364508913151189e-12,-1.4718205908904446e-06,-1.4721613810448170e-06,3.4079015437235891e-10,1.0588981618863708e-11,0
1585,-1.5798914561753795e-10,6.8291749337224053e-05,6.8274334283039784e-05,1.7415054184269276e-08,6.3495622463114508e-11,0
1586,-1.8022149100763337e-10,6.0715043699100142e-05,6.0712377712219118e-05,2.6659868810244400e-09,2.8645501496162183e-11,0
1587,-2.2232344841866664e-11,-7.5767359563735578e-06,-7.5578809882670764e-06,-1.8854968106481421e-08,7.5559510764065113e-12,0
1588,-8.2473032786255778e-10,5.1094532141807841e-05,5.1128375717447228e-05,-3.3843575639386832e-08,1.2166936717590720e-10,0
1589,-8.9885959873789383e-10,5.1072522131521275e-05,5.1128153603145383e-05,-5.5631471624107711e-08,1.0816575488242648e-10,0
1590,-2.5873367247013208e-10,-7.6435383273508982e-05,-7.6430393618255759e-05,-4.9896552532232652e-09,7.0914396834883184e-11,0
1591,-5.7117761341394136e-10,-8.1372367002393448e-06,-8.1651185580739593e-06,2.7881857834614513e-08,2.7157048014203223e-11,0
1592,-2.8350802329209799e-10,-1.5691618189967935e-05,-1.5731492269195021e-05,3.9874079227086065e-08,2.0198147555209500e-11,0
1593,-3.1244394061425469e-10,6.8298204366351589e-05,6.8273489322634239e-05,2.4715043717350076e-08,3.9092710866094676e-11,0
1594,-2.4774350616409948e-11,6.0743810381125307e-05,6.0713207516535198e-05,3.0602864590108779e-08,2.8740977406668799e-11,0
1595,2.8766958987724498e-10,-7.5543441386519312e-06,-7.5561996093960755e-06,1.8554707441442489e-09,1.1178104826163115e-11,0
1596,-6.6257561585869520e-11,-7.6417829714682875e-05,-7.6429337529379700e-05,1.1507814696824770e-08,1.9836432183882714e-11,0
1597,-2.2210848849842067e-09,5.1135454489784245e-05,5.1121193312772108e-05,1.4261177012136399e-08,1.0222640032597427e-10,0
1598,1.2540874815300488e-10,-5.5692073642060747e-06,-5.5812387833065300e-06,1.2031419100455350e-08,6.3279735684334822e-12,0
1599,-6.1709201317691209e-10,-1.4258472368116910e-05,-1.4257814639493339e-05,-6.5772862357106859e-10,3.9807431537936050e-11,0
1601,-6.3338941509356281e-10,-1.5731660863334274e-05,-1.5733409362313721e-05,1.7484989794469379e-09,2.4996321661834485e-11,0
1602,8.0242403719348078e-11,-6.2189334379694761e-05,-6.2187133681620223e-05,-2.2006980745375732e-09,7.9792857708104168e-11,0
1603,-1.6297401892489417e-11,-1.4730973638948236e-06,-1.4722572364547842e-06,-8.4012744003937033e-10,1.8771673578546699e-11,0
1604,-9.6539805890247571e-11,6.0716164968905445e-05,6.0712783465381876e-05,3.3815035235690316e-09,3.2120683561178289e-11,0
1605,-2.3057747969443269e-09,5.1130756697155165e-05,5.1120959203048124e-05,9.7974941070403049e-09,9.6163120255002243e-11,0
1606,-1.9632391480553174e-10,-7.6437412364713177e-05,-7.6430032572176725e-05,-7.3797925364518964e-09,7.0389010782921525e-11,0
1607,1.3657276447997031e-09,5.1145107713824675e-05,5.1141433985197480e-05,3.6737286271949191e-09,8.5445761342161375e-11,0
1610,-2.8600201971238989e-11,-5.5992657623221004e-06,-5.5820654295443086e-06,-1.7200332777791771e-08,3.5194409471649592e-11,0
1611,1.2761826445079961e-10,-1.3118284755121723e-05,-1.3142367104445010e-05,2.4082349323286786e-08,4.0017834463910615e-11,0
1612,-1.3042061827561328e-10,6.0544999532889665e-06,6.0832223644463557e-06,-2.8722411157389223e-08,8.9478092231937606e-12,0
1613,2.5797848178261505e-11,-1.4644265711357936e-06,-1.4719874612958898e-06,7.5608901600961575e-09,7.3380665573985531e-12,0
1614,1.5621846636744395e-10,-7.5189057713830054e-06,-7.5569619801749754e-06,3.8056208791969949e-08,3.5515495737964828e-12,0
1615,9.5459859900392974e-11,-7.6412070897698831e-05,-7.6428422199737052e-05,1.6351302038221643e-08,8.3071315106590953e-11,0
1616,-8.4027649679461147e-11,6.0586588604511979e-06,6.0835161203543311e-06,-2.4857259903133245e-08,5.2530982880619643e-11,0
1618,2.2505422744879536e-11,6.1085997256965160e-06,6.0841234678829273e-06,2.4476257813588797e-08,1.8169539532168081e-11,0
1619,6.1063349566923001e-11,-1.4629533836092896e-06,-1.4717577196519416e-06,8.8043360426520051e-09,9.2391733026565564e-12,0
1620,3.8557926981662484e-11,-7.5715139462185360e-06,-7.5576287537142553e-06,-1.3885192504280698e-08,6.2096236570970025e-12,0
1621,1.3532674223517554e-10,-1.1666956683652023e-05,-1.1664553974029984e-05,-2.4027096220387105e-09,7.0009486876055238e-11,0
1622,1.1327035359298386e-10,-5.5920405096481635e-06,-5.5812734671770424e-06,-1.0767042471121049e-08,5.1974138063389914e-11,0
1623,1.8171220207210619e-10,-1.3135281613297842e-05,-1.3142060888422053e-05,6.7792751242114283e-09,3.4872216506438976e-11,0
1624,-2.2056388779548931e-11,6.0748866801975908e-06,6.0839141285257685e-06,-9.0274483281777034e-09,3.1090186116844383e-11,0
1625,4.6385459823684143e-11,-1.4683648203749934e-06,-1.4718187204517343e-06,3.4539000767408742e-09,2.3235822751619002e-11,0
1626,6.8441848662239796e-11,-7.5432468292471375e-06,-7.5574780498957470e-06,1.4231220648609518e-08,1.4803564334405074e-11,0
1627,-5.7832507717858724e-10,-3.9411886029922655e-05,-3.9403752733609095e-05,-8.1332963135593672e-09,8.7926055447399147e-11,0
1628,1.8629495567237578e-10,1.4120137814131045e-05,1.4102643380606908e-05,1.7494433524137073e-08,4.8933881330593637e-11,0
1629,1.9004437554893248e-10,-1.1658375221872130e-05,-1.1664255162220426e-05,5.8799403482955980e-09,4.2841034502225856e-11,0
1630,2.3647977717489583e-10,-1.3119194193389472e-05,-1.3141758016163613e-05,2.2563822774141374e-08,1.7409363271867605e-11,0
1631,4.6435401591063604e-11,-1.4608007315231909e-06,-1.4717987167975089e-06,1.0997985274317948e-08,1.1008302714241209e-11,0
1632,4.2258056468817213e-10,1.6710985501716333e-05,1.6686285745001536e-05,2.4699756714797040e-08,4.2936481830820563e-11,0
1633,2.5226655407602634e-10,-6.2183477905598664e-05,-6.2185863964330919e-05,2.3860587322551167e-09,5.1433034888147511e-11,0
1634,4.6513543352171854e-11,6.0972336307701588e-06,6.0843747675360653e-06,1.2858863234093518e-08,1.3036897406464206e-11,0
1635,3.2032230646891066e-11,-1.4707296567341736e-06,-1.4718485679342438e-06,1.1189112000702076e-09,7.5570863420366700e-12,0
1636,-2.0575301073399304e-10,6.8280620340982132e-05,6.8274056691852741e-05,6.5636491293908760e-09,5.0113729246415983e-11,0
1637,-2.2023432342724501e-10,6.0712756495905399e-05,6.0711944001412605e-05,8.1249449279430534e-10,3.3662209927240915e-11,0
1638,-1.4481312462453524e-11,-7.5679502523637657e-06,-7.5579625432056745e-06,-9.9877091580911819e-09,5.5708219377651871e-12,0
1640,-4.5866679859964050e-10,-3.9408395824691925e-05,-3.9403166409353720e-05,-5.2294153382050589e-09,1.0550260106710565e-10,0
1641,-6.6441980944602489e-10,2.8872235099681575e-05,2.8881501668455695e-05,-9.2665687741202659e-09,1.1803375329814352e-10,0
1642,-6.7890112198439205e-10,2.1304361657197880e-05,2.1304586918450978e-05,-2.2526125309816703e-10,6.7005557393930275e-11,0
1643,3.5401471509048851e-10,1.6689163719101443e-05,1.6686240363871536e-05,2.9233552299064700e-09,1.9865735420541785e-11,0
1644,-2.4526589753850381e-10,6.8266367775164584e-05,6.8273839629946341e-05,-7.4718547817573082e-09,5.0081470089301455e-11,0
1645,-2.1350756436658050e-10,6.0710063689616359e-05,6.0711964257431486e-05,-1.9005678151268863e-09,2.7306020174876351e-11,0
1646,3.1758333155520814e-11,-7.5563022195945448e-06,-7.5577195156282624e-06,1.4172960337175829e-09,9.4394583527730141e-12,0
1648,-1.4148062270521460e-09,-1.4255095010217269e-05,-1.4262386747407857e-05,7.2917371905882453e-09,2.3597696192691820e-11,0
1649,-1.2439447451383248e-09,-7.6446194041528484e-05,-7.6435685998775752e-05,-1.0508042752732237e-08,2.2284194788622729e-11,0
1650,-1.3643814470688084e-09,-8.1233274490657634e-06,-8.1693853403110151e-06,4.6057891245251722e-08,2.0566843236568802e-11,0
1651,-4.6578344914221234e-10,-3.7042020383392174e-05,-3.7039784527435802e-05,-2.2358559563720871e-09,3.6501032065951754e-11,0
1652,-1.4224236624983327e-09,-1.5728356100680636e-05,-1.5737758827879007e-05,9.4027271983705739e-09,1.2278774429057369e-11,0
1653,1.7086148195641087e-10,-6.2191125651861814e-05,-6.2186228324122715e-05,-4.8973277390996573e-09,1.5361985815605465e-11,0
1654,5.0424780032744305e-11,6.1317535182264793e-06,6.0844585241738567e-06,4.7294994052622563e-08,7.3099658947347545e-12,0
1655,-7.6174354494202511e-12,-1.4732875211181246e-06,-1.4720299526949279e-06,-1.2575684231966310e-09,4.3232082373628782e-12,0
1656,-1.2043670177658423e-10,6.8322832049627982e-05,6.8274519503112665e-05,4.8312546515317492e-08,1.4125034843880121e-11,0
1657,-1.7847891793965399e-10,6.0717804270875655e-05,6.0712132216929046e-05,5.6720539466092470e-09,7.2807006524474241e-12,0
1658,-5.8042214911833752e-11,-7.6050359391083983e-06,-7.5582233453252753e-06,-4.6812593783123004e-08,2.6657951813106238e-12,0
1659,-9.4902277751251143e-10,2.2786959561486159e-05,2.2776715946427618e-05,1.0243615058540831e-08,6.8311872587063809e-11,0
1660,-7.7816129449507014e-10,-3.9404329748688252e-05,-3.9404963158666359e-05,6.3340997810706510e-10,6.0940668434541598e-11,0
1661,-8.9859799622157520e-10,2.8918601727771082e-05,2.8880086608945033e-05,3.8515118826048264e-08,6.5112722931408487e-11,0
1662,-9.5664021262346331e-10,2.1313630901154471e-05,2.1302972323039290e-05,1.0658578115180434e-08,3.9107325528496345e-11,0
1664,-1.8031705912825820e-10,6.1029767217438656e-06,6.0832539408135583e-06,1.9722780930307344e-08,2.1681035541600451e-11,0
1665,-3.2566757974873768e-11,-1.4735892888760420e-06,-1.4721349477741200e-06,-1.4543411019219663e-09,1.1533569741819703e-11,0
1666,1.4775030114542871e-10,-7.5765480584983474e-06,-7.5571198979361498e-06,-1.9428160562197636e-08,8.8215466470132893e-12,0
1667,-5.2658808489610379e-09,-7.6407574743002013e-05,-7.6457635794294738e-05,5.0061051292725283e-08,7.4877896655446483e-11,0
1668,-7.0236906478481669e-09,-3.7043984004058415e-05,-3.7075537484365032e-05,3.1553480306617098e-08,4.5200874585880309e-11,0
1669,-9.2719103332224352e-09,1.4093968146743508e-05,1.4052634153918742e-05,4.1333992824765711e-08,2.8583074378269271e-11,0
1670,-4.0060295167573581e-09,9.0501468806545443e-05,9.0498720652539623e-05,2.7481540058199323e-09,7.7897562242936482e-11,0
1673,-1.0607853494047914e-09,-1.4277979531789053e-05,-1.4260520141898154e-05,-1.7459389890899307e-08,3.3336193689922634e-11,0
1675,-1.0778060113570653e-09,-8.1739339207690526e-06,-8.1678030369969234e-06,-6.1308837721291251e-09,3.4550524034925186e-11,0
1676,-2.5910501710194144e-10,-3.7056634562129126e-05,-3.7038555345679870e-05,-1.8079216449255980e-08,3.6146335895398608e-11,0
1677,-1.0579371004888971e-09,-1.5749453900034543e-05,-1.5735780911672526e-05,-1.3672988362017040e-08,1.8456198401929912e-11,0
1678,1.7187271365127624e-10,-6.2186170654334946e-05,-6.2186095941417087e-05,-7.4712917859267973e-11,4.0701218788694759e-11,0
1679,-1.7020661236446302e-11,6.1040364335704020e-06,6.0841889168153202e-06,1.9847516755081801e-08,1.5423582069090981e-11,0
1680,2.8482490958104865e-12,-1.4714676450872186e-06,-1.4719172075819704e-06,4.4956249475176589e-10,8.4710358762662474e-12,0
1681,-1.8889337484143720e-10,6.8290200042897542e-05,6.8274140759786399e-05,1.6059283111142944e-08,4.2568306206254835e-11,0
1682,-1.6902446474510079e-10,6.0714707157885107e-05,6.0712120869618843e-05,2.5862882662648135e-09,1.9047900178271278e-11,0
1683,1.9868910580222935e-11,-7.5754882661481157e-06,-7.5578341282614630e-06,-1.7654137886652729e-08,7.1726235466405847e-12,0
1684,-8.0168033215883602e-10,2.2778710993184782e-05,2.2777312936188541e-05,1.3980569962414422e-09,4.0079474595952307e-11,0
1685,-6.2980761846311989e-10,-3.9407537309202323e-05,-3.9404235259682487e-05,-3.3020495198357179e-09,7.1279672772798169e-11,0
1686,-8.1870099334348052e-10,2.8882525983662047e-05,2.8880307433113998e-05,2.2185505480484325e-09,5.8695287238099521e-11,0
1687,-7.9883208304887853e-10,2.1307190505851902e-05,2.1303679285439925e-05,3.5112204119770144e-09,3.8265221299459455e-11,0
1688,-2.8952883605440350e-09,-7.6436184918694545e-05,-7.6444672849550329e-05,8.4879308557845451e-09,3.8451376572817553e-11,0
1689,-3.3304865931305962e-09,-1.5673426805848378e-05,-1.5748195347587304e-05,7.4768541738925949e-08,1.9572595858037699e-11,0
1690,-4.0009875131484573e-10,1.4106830717011947e-05,1.4101763213333847e-05,5.0675036781004049e-09,4.3548276767911998e-11,0
1691,-4.3519823205168521e-10,6.0762667171938151e-05,6.0710646742900309e-05,5.2020429037841177e-08,2.0212473296705979e-11,0
1692,2.4951896144062208e-09,9.0542999987413528e-05,9.0535012939702057e-05,7.9870477114702895e-09,5.1479210499036185e-11,0
1693,2.9303878605738833e-09,2.9780293998033468e-05,2.9837074151901740e-05,-5.6780153868272651e-08,1.5566094565867218e-11,0
1694,9.0396266388355632e-11,-5.5663973667369887e-06,-5.5813478514619145e-06,1.4950484724925757e-08,5.7375029132753285e-12,0
1695,-5.0728566082851239e-10,-1.4256233104552622e-05,-1.4257541724936169e-05,1.3086203835473446e-09,5.4596755878281005e-11,0
1698,-8.1671493388560773e-10,5.1118558987156212e-05,5.1133608284067654e-05,-1.5049296911441286e-08,1.1458125878672938e-10,0
1699,-1.3617916842827783e-10,-7.6434029108269838e-05,-7.6429591260706841e-05,-4.4378475629974724e-09,6.2975585140196221e-11,0
1701,-1.1390647068679184e-10,-7.6431884273163875e-05,-7.6429462948149484e-05,-2.4213250143914405e-09,6.0750340199379801e-11,0
1702,9.0517194710795483e-11,-1.1636762294939176e-05,-1.1664798677997799e-05,2.8036383058623084e-08,4.5211480766508168e-11,0
1703,-6.4991647168290284e-11,-5.6048385363733494e-06,-5.5821805316379542e-06,-2.2658004735395201e-08,2.3654056579706635e-11,0
1704,1.1002913083322143e-10,-1.3097248425688983e-05,-1.3142410627928848e-05,4.5162202239865234e-08,1.8731738384094103e-11,0
1705,-1.5550884192083577e-10,6.0319256966149398e-06,6.0835712400540699e-06,-5.1645543439130038e-08,1.0130620506964106e-11,0
1706,1.9511936105279715e-11,-1.4605059530502923e-06,-1.4717481479831536e-06,1.1242194932861265e-08,9.3452316447808594e-12,0
1707,1.7502077794607951e-10,-7.4924011843509331e-06,-7.5570377530171997e-06,6.4636568666266660e-08,3.9252714504501433e-12,0
1708,-2.3160135387473104e-09,5.1135188115914777e-05,5.1125879690782549e-05,9.3084251322282218e-09,9.0917305937672009e-11,0
1710,-1.1057367487410852e-10,6.0510608127836013e-06,6.0838478287568980e-06,-3.2787015973296697e-08,5.4499009057378736e-11,0
1712,-5.2462313785708293e-11,6.0737505449598352e-06,6.0841994410972971e-06,-1.0448896137461863e-08,3.6859344586638512e-11,0
1713,4.1757580946184553e-11,-1.4683327983705877e-06,-1.4715897955362925e-06,3.2569971657048467e-09,2.6879204428427100e-11,0
1714,9.4219894760126653e-11,-7.5420663889192406e-06,-7.5575030489288200e-06,1.5436660009579405e-08,1.1400620836219785e-11,0
1715,3.7943309025172405e-10,-1.1653327253638608e-05,-1.1663220914554306e-05,9.8936609156976532e-09,2.7373923483968404e-11,0
1716,9.6322890375298012e-10,-3.4443210347305433e-05,-3.4440522916882710e-05,-2.6874304227231488e-09,5.0285737592218586e-11,0
1717,5.7358634807852526e-10,1.6687884096107126e-05,1.6691099881877075e-05,-3.2157857699489337e-09,2.2697327123349310e-11,0
1719,-5.8379581403962466e-10,2.2789982003504610e-05,2.2777981536717737e-05,1.2000466786873118e-08,8.6989260058609780e-11,0
1720,-3.8964255587200333e-10,5.1130883230140860e-05,5.1137349621973715e-05,-6.4663918328549015e-09,1.0114290937888839e-10,0
1721,1.7178212712538623e-10,-1.1668542266285529e-05,-1.1664354891963245e-05,-4.1873743222842208e-09,3.8008899130306890e-11,0
1722,5.3207992614632392e-10,-7.3827165598049430e-05,-7.3848214029271345e-05,2.1048431221915346e-08,3.8763204148586517e-11,0
1723,2.4252616716266394e-10,-5.5547937613462106e-06,-5.5804777668951836e-06,2.5684005548972984e-08,1.9649795692565795e-11,0
1724,2.4171525050739761e-10,-1.3136705361819698e-05,-1.3141676784373301e-05,4.9714225536036291e-09,1.3362174808459511e-11,0
1725,3.6029779910199531e-10,-6.2158464763005516e-05,-6.2184713981860138e-05,2.6249218854621816e-08,4.9114159555934359e-11,0
1726,7.0744039967809024e-11,6.1137904006306615e-06,6.0849428490571017e-06,2.8847551573559738e-08,2.7791730011018400e-11,0
1727,6.9933123393693314e-11,-1.4682426616205273e-06,-1.4713961796203657e-06,3.1535179998384035e-09,2.2737093502027768e-11,0
1728,-2.8955375961366607e-10,6.8272271940864873e-05,6.8273577413808012e-05,-1.3054729431396768e-09,3.7840497986379042e-11,0
1729,-2.9036467594429420e-10,6.0690270965895084e-05,6.0711283004762571e-05,-2.1012038867487240e-08,1.7559317704739802e-11,0
1730,-8.1091630369113589e-13,-7.5819121500468947e-06,-7.5580479326087695e-06,-2.3864217438125252e-08,1.3002368325765998e-11,0
1731,-8.0354889408426145e-10,5.1112364053449572e-05,5.1135527778127168e-05,-2.3163724677596883e-08,1.0564821871557100e-10,0
1732,2.3751455225281662e-10,-6.2180213499150004e-05,-6.2185344402738616e-05,5.1309035886118112e-09,6.2197739753690044e-11,0
1733,3.2617894288313420e-11,-1.4701431254055680e-06,-1.4715823866744846e-06,1.4392612689165604e-09,1.9323499602280606e-11,0
1734,-2.0489665792184434e-10,6.0710000827903995e-05,6.0711729838832573e-05,-1.7290109285779853e-09,3.6395571870357800e-11,0
1735,-3.5574022381853237e-10,-8.1964968613899500e-06,-8.1638060932388333e-06,-3.2690768151116703e-08,3.6017499629384706e-11,0
1736,-2.1883825168192653e-10,-7.6444838015105390e-05,-7.6429984588924696e-05,-1.4853426180694036e-08,7.4440080080992095e-11,0
1737,-2.0929066256394324e-11,6.0860378226033213e-06,6.0845069232156332e-06,1.5308993876881114e-09,1.7342120992610002e-11,0
1738,5.5647533975313442e-11,-1.4641498837430697e-06,-1.4714377555160185e-06,7.2878717729487597e-09,1.0025781792984690e-11,0
1739,7.6576600356212365e-11,-7.5501054833627609e-06,-7.5576490833313649e-06,7.5435999686039921e-09,5.5926234797086837e-12,0
1740,3.3503798745199777e-10,1.6692301025092516e-05,1.6690757920401994e-05,1.5431046905219938e-09,1.0012810326578452e-11,0
1741,9.6273224021133839e-11,-7.6410963284555267e-05,-7.6428259276931245e-05,1.7295992375978122e-08,1.8787283064908655e-11,0
1744,-8.4373551095744595e-11,6.0674086701771341e-06,6.0842136455356124e-06,-1.6804975358478252e-08,1.9670497761782881e-11,0
1745,4.0063461917952204e-11,-1.4595302824187660e-06,-1.4714929033574320e-06,1.1962620938666014e-08,1.3018814023673293e-11,0
1746,1.2443701298340168e-10,-7.5268748281377695e-06,-7.5574072544377247e-06,3.0532426299955180e-08,6.1935454953143940e-12,0
1749,8.2159640899400023e-12,6.1084597586212597e-06,6.0847540537828268e-06,2.3705704838432835e-08,3.1481068155458689e-11,0
1750,6.3934789206712847e-11,-1.4646160340307107e-06,-1.4713429556545259e-06,6.7269216238152109e-09,1.8840375507112054e-11,0
1751,5.5718825323011990e-11,-7.5729850739511897e-06,-7.5577952963672859e-06,-1.5189777583903807e-08,8.0952974226112334e-12,0
1752,-5.8906106321931774e-11,-7.6433162696649438e-05,-7.6429085508242071e-05,-4.0771884073672986e-09,5.4287955463269348e-11,0
1753,1.5827634194043241e-10,2.8330927593541062e-05,2.8349278458890605e-05,-1.8350865349543038e-08,2.4466045482199273e-11,0
1754,6.0972923741141600e-11,-5.5614202198678644e-06,-5.5814347605296992e-06,2.0014540661834735e-08,6.7351061753737675e-12,0
1755,-1.1923733527480459e-09,-7.6449580707921988e-05,-7.6435267694566284e-05,-1.4313013355703543e-08,1.8794226700540386e-11,0
1756,-3.4486661770278963e-10,-3.7044593933296607e-05,-3.7038538297888083e-05,-6.0556354085247689e-09,3.2292768657684146e-11,0
1757,-1.3548614378285440e-09,-1.5732981859456659e-05,-1.5737462950452769e-05,4.4810909961102508e-09,1.0159760325197347e-11,0
1758,-1.6248808595346873e-10,6.0716593534984771e-05,6.0711852443508483e-05,4.7410914762877000e-09,5.5564331686827617e-12,0
1759,-8.4750673373345365e-10,-3.9405185412896577e-05,-3.9405821331252934e-05,6.3591835635745490e-10,5.3445456704181558e-11,0
1760,-1.0099948198664925e-09,2.1311669758996080e-05,2.1301778480999504e-05,9.8912779965758908e-09,5.5380743151360639e-11,0
1761,-3.4172317975099241e-09,-1.4209705375655725e-05,-1.4273728166485395e-05,6.4022790829670065e-08,2.1917064147203319e-11,0
1762,-2.9270128724702165e-09,-7.6439280069573440e-05,-7.6444734388244432e-05,5.4543186709922692e-09,3.4023266620011180e-11,0
1763,-3.3867868487030187e-09,-1.5699803481004047e-05,-1.5748562531489952e-05,4.8759050485904437e-08,1.1370607160504554e-11,0
1764,-2.1651990040451767e-10,1.4108136116844339e-05,1.4107186407805472e-05,9.4970903886702838e-10,2.9557682976268142e-11,0
1765,4.9021892193638374e-10,-6.2229517906412651e-05,-6.2183711654832012e-05,-4.5806251580638932e-08,3.1725084466333380e-11,0
1766,3.0444947681698335e-11,-1.4900678323283376e-06,-1.4714835006798330e-06,-1.8584331648504663e-08,1.1598017631024055e-11,0
1767,3.2007119095613265e-09,2.8317844019981435e-05,2.8366455093270278e-05,-4.8611073288842984e-08,4.2937403966780908e-11,0
1768,-4.5977397633102856e-10,6.0739415778206761e-05,6.0710212493038044e-05,2.9203285168716709e-08,1.6302873416406558e-11,0
1769,2.7104929717522175e-09,9.0547316695466657e-05,9.0541317569777617e-05,5.9991256890406857e-09,4.7855355549364776e-11,0
1770,3.1702669596353417e-09,2.9807913936373380e-05,2.9843375486963803e-05,-3.5461550590423031e-08,1.8326741586266882e-11,0
1771,-9.0651620279071309e-11,-5.6171334571961107e-06,-5.5822563084953019e-06,-3.4877148700808785e-08,4.0010644837702152e-11,0
1772,-7.0237678467246673e-10,-1.4281617527218265e-05,-1.4258927974213898e-05,-2.2689553004367639e-08,1.9083625968961143e-11,0
1773,-6.0532345765927588e-10,-7.6467110377342884e-05,-7.6432046702562258e-05,-3.5063674780626448e-08,4.1572475459874317e-11,0
1774,-8.3538888388287009e-10,-8.1822684370388976e-06,-8.1663843851599383e-06,-1.5884051878959298e-08,1.1571469205904855e-11,0
1775,7.3224846580706090e-12,-3.7053709111711623e-05,-3.7036550160641262e-05,-1.7158951070360786e-08,3.0366082823116242e-11,0
1776,-7.1488289923293795e-10,-1.5752838785895729e-05,-1.5733976128869558e-05,-1.8862657026171096e-08,8.5985373885229921e-12,0
1777,9.7053327668679590e-11,-6.2185463379967401e-05,-6.2185810082848934e-05,3.4670288153262636e-10,2.6155336882320303e-11,0
1778,-1.3301209871381101e-10,6.0993597621385610e-06,6.0840958418555867e-06,1.5263920282974303e-08,1.2993142733646389e-11,0
1779,-1.2506114402598586e-11,-1.4712270800815858e-06,-1.4716967403409073e-06,4.6966025932155983e-10,6.4849156909483788e-12,0
1780,-2.3006542643859458e-10,6.8284812819343135e-05,6.8273889081072343e-05,1.0923738270792729e-08,2.5398922434490471e-11,0
1781,-1.0955944225047097e-10,6.0714274425748959e-05,6.0712100860061057e-05,2.1735656879020193e-09,1.2850687629012254e-11,0
1782,1.2050598434093411e-10,-7.5705635284892096e-06,-7.5574830086336529e-06,-1.3080519855556731e-08,4.7828814286886620e-12,0
1783,-7.0969926962935670e-10,2.2772138459378408e-05,2.2776678579391408e-05,-4.5401200130006569e-09,4.9871620388031953e-11,0
1784,-6.1264594227329732e-10,-3.9413413012600110e-05,-3.9404591823864700e-05,-8.8211887354101154e-09,6.4978521848699714e-11,0
1785,-8.4271136857987087e-10,2.8871422784027163e-05,2.8878996691683810e-05,-7.5739076566462441e-09,4.1124450623726079e-11,0
1786,-7.2220538410806081e-10,2.1300928784651757e-05,2.1303250219115944e-05,-2.3214344641871816e-09,2.6141517321157933e-11,0
1787,-1.4376727673004845e-10,-1.4210299051306899e-05,-1.4255896426097203e-05,4.5597374790303804e-08,2.5238431817731548e-11,0
1788,-3.2952054886845185e-10,-7.6436714625966948e-05,-7.6430533867017473e-05,-6.1807589494747165e-09,5.1676173766070303e-11,0
1789,-5.0981420459152760e-10,-8.1067037911181777e-06,-8.1646014928364362e-06,5.7897701718258456e-08,2.1643144855052494e-11,0
1790,4.6970446284849907e-10,-3.7031111678608505e-05,-3.7033996458418528e-05,2.8847798100230682e-09,6.0829190764976588e-11,0
1791,-2.3299653357913309e-10,-1.5707239452409510e-05,-1.5731348130593955e-05,2.4108678184444645e-08,1.3832123768131312e-11,0
1792,-1.8575327289066128e-10,-6.2226379601796472e-05,-6.2187318331639985e-05,-3.9061270156487307e-08,3.1131379493009443e-11,0
1793,-3.6604692768540659e-10,6.1036603788738506e-06,6.0828513737074770e-06,2.0809005166373606e-08,2.0502063760295346e-11,0
1794,-8.9229256875241314e-11,-1.4968967182189125e-06,-1.4720998814118409e-06,-2.4796836807071542e-08,8.1298861800801831e-12,0
1795,-1.8029365558433279e-10,6.8330004034146408e-05,6.8274159486429492e-05,5.5844547716915431e-08,2.7042243952514703e-11,0
1796,9.6524015400585635e-11,6.0729483588782551e-05,6.0713208330293995e-05,1.6275258488556734e-08,1.4489087457313076e-11,0
1797,2.7681767081306410e-10,-7.6005568213832406e-06,-7.5566397253251486e-06,-4.3917096058091941e-08,8.8404831315960356e-12,0
1798,-6.1347173901757191e-10,2.2820788448974297e-05,2.2777144902650008e-05,4.3643546324289195e-08,5.8010019777157776e-11,0
1799,-7.9922501128103977e-10,-3.9405519766023142e-05,-3.9405634169294822e-05,1.1440327167994450e-10,7.9363053650689514e-11,0
1800,-9.7951866684275109e-10,2.8924167427567954e-05,2.8878188180460757e-05,4.5979247107196956e-08,8.5626446916466820e-11,0
1801,-7.0270099587101948e-10,2.1323890883193780e-05,2.1303312611221607e-05,2.0578271972173507e-08,3.8563637930087031e-11,0
1803,-3.0653273190778588e-10,-8.1473992840338030e-06,-8.1634866654298007e-06,1.6087381395997653e-08,4.8887962581355386e-11,0
1804,-2.7227183612544456e-10,6.8280499007910504e-05,6.8273655861883698e-05,6.8431460268053145e-09,8.5194755547300036e-11,0
1806,2.2735594666796107e-10,-6.2182611880318584e-05,-6.2184986760757251e-05,2.3748804386670421e-09,5.5745674905731375e-11,0
1807,-2.8075999831604276e-11,6.0949817330558514e-06,6.0847558428961688e-06,1.0225890159682677e-08,1.2220665173760702e-11,0
1808,2.2206834324398976e-11,-1.4703353789291616e-06,-1.4714582064253467e-06,1.1228274961851083e-09,8.5327405582208091e-12,0
1809,-2.5543194652006142e-10,6.8277555755276269e-05,6.8273746236423202e-05,3.8095188530670818e-09,5.8201221551724277e-11,0
1810,-2.0514911231748938e-10,6.0712351596500487e-05,6.0711523374205765e-05,8.2822229472188187e-10,3.2176728491862534e-11,0
1811,5.0282834366361150e-11,-7.5652595243995424e-06,-7.5578984292240447e-06,-7.3610951754977450e-09,3.3319245127985415e-12,0
1813,-5.3751993943366600e-10,-3.9411366877900068e-05,-3.9404254016942440e-05,-7.1128609576283060e-09,9.3048766971514301e-11,0
1814,-7.9295188606733995e-10,2.8865764459714595e-05,2.8879078615857201e-05,-1.3314156142606089e-08,8.9794630506491172e-11,0
1815,-7.4266905161909220e-10,2.1300627004304518e-05,2.1303002093669756e-05,-2.3750893652388317e-09,4.3934476240991739e-11,0
1817,-2.2767254606351595e-10,6.1044709712313895e-06,6.0836957705763877e-06,2.0775200655001800e-08,4.0976584766964303e-11,0
1818,-4.5913656198863658e-11,-1.4733712197100186e-06,-1.4718133604510755e-06,-1.5578592589430917e-09,2.1897972731201998e-11,0
1820,-2.2278091804157539e-11,6.0717128623154724e-05,6.0712502939736791e-05,4.6256834179336987e-09,3.7222571514177013e-11,0
1821,1.8175888986051713e-10,-7.5778215120510251e-06,-7.5571914302122308e-06,-2.0630081838794304e-08,1.8642221242089143e-11,0
1822,-8.1129403846605870e-10,5.1129876237289776e-05,5.1138728478766355e-05,-8.8522414765787529e-09,9.6281668604396817e-11,0
1823,1.3680298143576975e-10,-6.2185146248634922e-05,-6.2185403048918230e-05,2.5680028330860808e-10,4.5824389431484378e-11,0
1824,-7.9757114913630686e-12,-1.4710092108010265e-06,-1.4715887555754009e-06,5.7954477437441749e-10,1.0302343598431354e-11,0
1825,-1.4477869312269395e-10,6.0714155424000833e-05,6.0711814224839260e-05,2.3411991615732435e-09,1.7293269500483752e-11,0
1826,-2.8864530672615802e-10,-8.1680467493377117e-06,-8.1633719307570307e-06,-4.6748185806809575e-09,2.7933504777754387e-11,0
1827,1.0181690666219685e-09,-3.4437582735242014e-05,-3.4440012239764516e-05,2.4295045225012236e-09,2.8999646378090825e-11,0
1828,6.3681018257071405e-10,1.6694798709210681e-05,1.6695641203811959e-05,-8.4249460127760762e-10,1.2130405441934760e-11,0
1829,-3.8135888441211319e-10,5.1132250187657657e-05,5.1141384658391094e-05,-9.1344707334368742e-09,7.6815983880651894e-11,0
1830,3.9557688326918580e-10,-6.2168451715739065e-05,-6.2183919558322294e-05,1.5467842583228903e-08,5.0610065811492013e-11,0
1831,6.9501934869307859e-11,6.1147294079938463e-06,6.0854043026182552e-06,2.9325105375591128e-08,2.4381611552459123e-11,0
1832,7.4193470078218371e-11,-1.4684865913086077e-06,-1.4711092108894646e-06,2.6226195808568445e-09,8.4674717881626031e-12,0
1833,-3.2607494889702783e-10,6.8283092386338742e-05,6.8273354715277105e-05,9.7376710616377954e-09,8.3844196536725572e-11,0
1834,-3.2138341344128044e-10,6.0699954728032739e-05,6.0710814875094918e-05,-1.0860147062179560e-08,2.0840172548803829e-11,0
1835,4.6915355361906202e-12,-7.5831968939909372e-06,-7.5581898550766481e-06,-2.5007038914289149e-08,1.2464026590591225e-11,0
1836,-7.2972588146537721e-10,2.2769825632669612e-05,2.2776143167455315e-05,-6.3175347857032300e-09,6.6578415801748312e-11,0
1837,-3.3414899800356213e-10,-3.9398449201306310e-05,-3.9403239734571640e-05,4.7905332653294772e-09,8.5046897724599300e-11,0
1838,-6.6022394674583625e-10,2.8884346877271552e-05,2.8879551102905545e-05,4.7957743660076609e-09,8.6716839690704254e-11,0
1839,-6.5553241136619352e-10,2.1301299506841249e-05,2.1303296648037504e-05,-1.9971411962548305e-09,4.2449456027851516e-11,0
1840,1.6111010598695885e-10,1.4154612626260214e-05,1.4111510656965521e-05,4.3101969294693249e-08,7.1741069079321625e-11,0
1841,4.9020965368272761e-10,1.4173332633468649e-05,1.4113476131741544e-05,5.9856501727105491e-08,4.0310136086381685e-11,0
1843,-6.5776787292823264e-09,-3.7047008116504118e-05,-3.7072254994409309e-05,2.5246877905190962e-08,4.3027610912996739e-11,0
1844,-8.8274875173608701e-09,1.4097054186677088e-05,1.4062878447219641e-05,3.4175739457447562e-08,4.0974681011537195e-11,0
1845,-2.5183750893651331e-09,9.0517589677770183e-05,9.0515914338332000e-05,1.6753394381827753e-09,8.6248579658915144e-11,0
1846,2.6856631108407555e-10,-3.9373604851858368e-05,-3.9399988808640036e-05,2.6383956781668373e-08,7.2173086902817238e-11,0
1847,-2.2498087668043352e-09,5.1143592906156485e-05,5.1132046654468840e-05,1.1546251687645037e-08,9.2657777354868570e-11,0
1848,1.6592098542102992e-10,-1.1655595865784837e-05,-1.1664386899531056e-05,8.7910337462188771e-09,4.2154448322590183e-11,0
1849,5.7898202255142417e-11,-5.5904963404216496e-06,-5.5813950787191104e-06,-9.1012617025391490e-09,3.8282187160119534e-11,0
1850,2.0126317279885501e-10,-1.3113218173106678e-05,-1.3141840572401733e-05,2.8622399295055107e-08,1.9875024600597529e-11,0
1851,-1.0802278342189983e-10,6.0650790011341701e-06,6.0844949398928281e-06,-1.9415938758657957e-08,1.9294857939116559e-11,0
1852,3.5342187335634033e-11,-1.4576505378573711e-06,-1.4712875318880005e-06,1.3636994030629462e-08,8.1315810817622219e-12,0
1853,1.4336497070109892e-10,-7.5226877624470778e-06,-7.5574546341300666e-06,3.4766871682988783e-08,7.8552857291218629e-12,0
1855,3.0094306463682449e-10,1.6684140916226053e-05,1.6695113655255233e-05,-1.0972739029179313e-08,5.0322256140202665e-11,0
1856,1.7980929797505641e-09,-3.7031483547714651e-05,-3.7026459881341166e-05,-5.0236663734848168e-09,3.7198224194445845e-11,0
1857,1.0731886426560493e-10,-7.5435571289261556e-06,-7.5576724257488702e-06,1.4115296822714637e-08,5.3281292737401201e-12,0
1858,3.1035097269297670e-10,-1.1634941474884114e-05,-1.1663598170500986e-05,2.8656695616871618e-08,8.0009018485814953e-12,0
1859,-1.1426565364768409e-09,-7.6453155287809285e-05,-7.6434897726119767e-05,-1.8257561689517853e-08,1.5519371597363650e-11,0
1860,-1.3302772100372854e-09,-8.1463201046206527e-06,-8.1690253934961497e-06,2.2705288875496989e-08,1.0940704437774037e-11,0
1861,-2.5444714785013050e-10,-3.7047622956861564e-05,-3.7037622406867173e-05,-1.0000549994391365e-08,2.0041109982267969e-11,0
1862,-1.2882043237181828e-09,-1.5737377152694534e-05,-1.5737151586337844e-05,-2.2556635669002643e-10,6.4414488139831921e-12,0
1863,-1.8762067381759895e-10,6.8306823653645904e-05,6.8274103443992932e-05,3.2720209652972254e-08,8.2052525723389085e-12,0
1864,-1.4554778835448628e-10,6.0715760315057689e-05,6.0711680479666026e-05,4.0798353916632747e-09,4.5794711295839429e-12,0
1865,4.2072886406384686e-11,-7.5910718156536189e-06,-7.5580401911075360e-06,-3.3031624546082869e-08,2.6563400070931064e-12,0
1866,-8.8820938752515620e-10,-3.9405631431456553e-05,-3.9406389045289774e-05,7.5761383322073663e-10,5.4869649179481570e-11,0
1867,-1.0758300613798407e-09,2.8901213587683577e-05,2.8876957691204978e-05,2.4255896478599895e-08,8.1804579108408215e-11,0
1868,-1.0337571760301810e-09,2.1310236813530670e-05,2.1300998533134151e-05,9.2382803965187837e-09,4.3263976798838137e-11,0
1869,3.0421454000811070e-10,1.6695698591894024e-05,1.6695976977149031e-05,-2.7838525500653924e-10,8.8510561552897355e-12,0
1870,3.4905228839234446e-10,-6.2160265685156507e-05,-6.2183936011383307e-05,2.3670326226800289e-08,4.4538373983899615e-11,0
1871,1.1291578673813314e-11,6.0925806561820672e-06,6.0852713079562767e-06,7.3093482257905498e-09,3.1115780763763323e-11,0
1872,6.3509061124550397e-11,-1.4683473084542605e-06,-1.4710634307877623e-06,2.7161223335018871e-09,2.3957279098915889e-11,0
1873,-3.3776071025600112e-10,6.8252737250363823e-05,6.8273281716141980e-05,-2.0544465778157199e-08,2.9859631111446433e-11,0
1874,-2.8554322747370727e-10,6.0691848256182179e-05,6.0710892636425943e-05,-1.9044380243764009e-08,1.6792791183442610e-11,0
1875,5.2217482725396034e-11,-7.5608584947390450e-06,-7.5579982225372976e-06,-2.8602722017474666e-09,1.0891940516116412e-11,0
1876,-3.2358931713001378e-11,6.0891554544053456e-06,6.0850628535582195e-06,4.0926008471260552e-09,1.7692000310156557e-11,0
1877,5.8553655620458074e-11,-1.4653442069996817e-06,-1.4710736416532616e-06,5.7294346535799897e-09,7.4565090169583209e-12,0
1878,3.4760187862808034e-10,2.8386493820316272e-05,2.8356462523710803e-05,3.0031296605469051e-08,5.5583084186986084e-11,0
1880,3.7996081083954767e-10,2.2297471075523160e-05,2.2267928970390218e-05,2.9542105132941872e-08,5.4970429691640110e-11,0
1881,2.8904822316860905e-10,2.9851878662424079e-05,2.9832472438303686e-05,1.9406224120392923e-08,2.7348229815499423e-11,0
1883,-2.1846342072520589e-10,-8.1393242876617172e-06,-8.1629380968562016e-06,2.3613809194484361e-08,5.1949743590675167e-11,0
1884,-2.4902355284667986e-10,6.8285751264083943e-05,6.8273763678550019e-05,1.1987585533924060e-08,5.2769599325296760e-11,0
1885,-8.8534495414186196e-10,5.1123867922629740e-05,5.1141293028966079e-05,-1.7425106336339260e-08,1.1027716062795513e-10,0
1886,1.7705090461791887e-11,1.4108050311667248e-05,1.4113335699109468e-05,-5.2853874422200314e-09,3.7555322387594041e-11,0
1887,-2.4519542259180368e-10,-1.1696013710805336e-05,-1.1666631997324545e-05,-2.9381713480791289e-08,3.3845730407804813e-11,0
1889,-3.0996155827515834e-10,-5.6018485205047708e-06,-5.5833664951031812e-06,-1.8482025401589574e-08,2.3876353465141705e-11,0
1891,-2.2880878306639273e-10,-1.3166142029771843e-05,-1.3144165657944373e-05,-2.1976371827470622e-08,1.5663365332543658e-11,0
1892,2.0908868762087827e-10,-6.2182303955385203e-05,-6.2184581048221093e-05,2.2770928358905240e-09,6.2914109523480623e-11,0
1893,-6.4766134976829364e-11,6.0941800851532779e-06,6.0849487874372367e-06,9.2312977160411851e-09,1.1953526476527556e-11,0
1894,1.6386639707483661e-11,-1.4701971901637722e-06,-1.4712684855640563e-06,1.0712954002840886e-09,8.3186890969129097e-12,0
1895,-2.7385482261837158e-10,6.8276511255513112e-05,6.8273626094033648e-05,2.8851614794641288e-09,5.3378165997631907e-11,0
1896,-1.9270204787649049e-10,6.0712127985628264e-05,6.0711340414788916e-05,7.8757083934831570e-10,3.1907256328677478e-11,0
1897,8.1152774867347312e-11,-7.5643123342216886e-06,-7.5578743012311883e-06,-6.4380329905003750e-09,3.7436317941196741e-12,0
1899,-5.6870461562611792e-10,-3.9413691523052657e-05,-3.9404752066075402e-05,-8.9394569772558038e-09,9.4920490880431636e-11,0
1900,-8.4255943834149152e-10,2.8862434014599592e-05,2.8877949093172158e-05,-1.5515078572566276e-08,7.6708040226441745e-11,0
1901,-7.6140666331348202e-10,2.1298388981867006e-05,2.1302282877076567e-05,-3.8938952095615210e-09,4.2624026690713113e-11,0
1902,6.7870443022364423e-10,1.6700129919114230e-05,1.6699129318032286e-05,1.0006010819441167e-09,3.3781511116059461e-11,0
1903,-5.9696661223186053e-10,-1.4279910430880713e-05,-1.4258694790492478e-05,-2.1215640388234892e-08,1.4624764428947930e-11,0
1904,-5.3524771794165882e-10,-7.6465291587907852e-05,-7.6431543625899559e-05,-3.3747962008292783e-08,6.3305795374784881e-11,0
1905,-7.6661796526015918e-10,-8.1802205455106664e-06,-8.1659198899003881e-06,-1.4300655610278301e-08,1.7756038727916696e-11,0
1906,8.6971222494558085e-11,-3.7050990880338128e-05,-3.7035599083095740e-05,-1.5391797242387466e-08,2.7301062465933301e-11,0
1907,-6.1809295957448613e-10,-1.5751015052380829e-05,-1.5733511935073655e-05,-1.7503117307174403e-08,7.1975293878873612e-12,0
1908,6.1718894975048197e-11,-6.2185346552773649e-05,-6.2185351651462793e-05,5.0986891439583001e-12,3.1095839038979119e-11,0
1909,-1.6965135261194887e-10,6.0997741656250220e-06,6.0844026071753269e-06,1.5371558449695137e-08,1.5344605612264511e-11,0
1910,-2.1126347189231498e-11,-1.4710593120867768e-06,-1.4714583649532720e-06,3.9905286649520260e-10,5.6098802761089197e-12,0
1911,-2.3137024768464216e-10,6.8285039618170250e-05,6.8273856780382971e-05,1.1182837787279318e-08,2.5298557260703270e-11,0
1912,-8.2845242359105260e-11,6.0714265318302825e-05,6.0711923372290876e-05,2.3419460119493830e-09,1.7157861323594999e-11,0
1913,1.4852500544453496e-10,-7.5708250254452429e-06,-7.5575161508314403e-06,-1.3308874613802581e-08,7.2581678754899720e-12,0
1914,-6.8393783509551433e-10,2.2771080928163032e-05,2.2775753068543354e-05,-4.6721403803223283e-09,3.6213392184965408e-11,0
1915,-6.2221894047180436e-10,-3.9414473056954488e-05,-3.9405066469212024e-05,-9.4065877424639077e-09,7.5560442228020018e-11,0
1916,-8.5358918791836231e-10,2.8870635811253757e-05,2.8877830800027195e-05,-7.1949887734373667e-09,5.6382222693262870e-11,0
1917,-7.0506418236209825e-10,2.1299962002183440e-05,2.1302548847804594e-05,-2.5868456211540513e-09,2.2841446141148161e-11,0
1918,2.3291863311656370e-10,1.6678597149646576e-05,1.6696896648106292e-05,-1.8299498459716098e-08,8.3005547364696980e-11,0
1919,-8.7916945529966906e-10,-1.4297060692227206e-05,-1.4260263885196359e-05,-3.6796807030847428e-08,4.0697762894261199e-11,0
1920,-7.6784576978149059e-10,-7.6482068413923077e-05,-7.6432803998294606e-05,-4.9264415628470369e-08,8.6919748842943914e-11,0
1921,-6.2870419550879994e-11,-3.7072465332533763e-05,-3.7036375179869887e-05,-3.6090152663875860e-08,3.7303594587402327e-11,0
1922,-8.9414702805797686e-10,-1.5767934657053007e-05,-1.5735024722004477e-05,-3.2909935048529347e-08,2.2610336802395558e-11,0
1923,1.1132368653342615e-10,-6.2184741380883618e-05,-6.2185027518845372e-05,2.8613796175405801e-10,3.4585030774254605e-11,0
1924,-1.4977572489843389e-11,-1.4708164375232171e-06,-1.4714014551711425e-06,5.8501764792536959e-10,8.5471222743425248e-12,0
1925,-1.2630125922830599e-10,6.0713951171089808e-05,6.0711659628796085e-05,2.2915422937222116e-09,1.8802135461547770e-11,0
1926,-8.1629903620325611e-10,2.2775325835567347e-05,2.2774943100906895e-05,3.8273466045220771e-10,5.5781261213214693e-11,0
1928,-8.3127660873751987e-10,2.1304587532653806e-05,2.1301794626374329e-05,2.7929062794773501e-09,3.6617734064146741e-11,0
1930,5.6542157839530042e-11,-1.4214256623687818e-05,-1.4255183357728630e-05,4.0926734040811418e-08,1.2251148879036439e-11,0
1931,-1.9683986543491712e-10,-7.6436260616891171e-05,-7.6429675420950664e-05,-6.5851959405062574e-09,2.3572890839026692e-11,0
1932,-3.2574335372206609e-10,-8.0925572760823933e-06,-8.1634973852864488e-06,7.0940109204055475e-08,1.0937651510035358e-11,0
1933,5.4115091674307126e-10,-3.7031165403694191e-05,-3.7033032364039768e-05,1.8669603455770943e-09,2.9995366353033603e-11,0
1934,-4.5051839940723117e-11,-1.5707526783695011e-05,-1.5730393353066225e-05,2.2866569371213447e-08,6.5935745887860097e-12,0
1935,-2.5338202387702149e-10,-6.2221996977269295e-05,-6.2186963297668416e-05,-3.5033679600878788e-08,2.2037092518538698e-11,0
1936,-3.8228551119739061e-10,6.1217715925621866e-06,6.0833263181046694e-06,3.8445274457517262e-08,1.5724368888258459e-11,0
1937,-1.0159399777528547e-10,-1.4932522879821525e-06,-1.4718499819648023e-06,-2.1402306017350219e-08,1.0119827401536805e-11,0
1938,-1.2890348818200472e-10,6.8343682966317404e-05,6.8274412132117811e-05,6.9270834199592506e-08,1.8527116845175367e-11,0
1939,1.5178802555515474e-10,6.0728712518606093e-05,6.0713150531983450e-05,1.5561986622642345e-08,9.8342800459418959e-12,0
1940,2.8069151340588215e-10,-7.6150042094156808e-06,-7.5568255745102578e-06,-5.8178634905423088e-08,5.9466413932963613e-12,0
1941,-4.8460875871377954e-10,2.2816827654039210e-05,2.2776663004831571e-05,4.0164649207638308e-08,5.9583754948755430e-11,0
1942,-7.3799078202722510e-10,-3.9404928728861330e-05,-3.9405769446467458e-05,8.4071760612773085e-10,7.8330077142402285e-11,0
1943,-8.6689427025527010e-10,2.8938547763526432e-05,2.8877572796126643e-05,6.0974967399788819e-08,4.9199972253786572e-11,0
1944,-5.8620275649737969e-10,2.1323652210289423e-05,2.1303064782468882e-05,2.0587427820541659e-08,4.4633115926809399e-11,0
1945,-6.1260693976415869e-11,-1.4227474068012613e-05,-1.4255853630936341e-05,2.8379562923728173e-08,3.2775827126055608e-11,0
1946,-8.5381360119045834e-11,-7.6438405902768878e-05,-7.6429057272408139e-05,-9.3486303607382771e-09,6.3688158186436039e-11,0
1947,-9.1197734736529608e-11,-1.5714342056833384e-05,-1.5730650421567859e-05,1.6308364734474564e-08,1.9571097196134666e-11,0
1948,-2.4120666414589156e-11,-6.2210946896151809e-05,-6.2185660036361709e-05,-2.5286859790099917e-08,5.1303284920195149e-11,0
1949,-2.9937040804420977e-11,-1.4868747956675241e-06,-1.4714361975471622e-06,-1.5438598120361828e-08,7.3564417049514113e-12,0
1950,-5.8163746251689929e-12,6.0724004689689456e-05,6.0712264405572189e-05,1.1740284117267737e-08,2.1654363086233442e-11,0
1952,1.0216784129356102e-10,-7.6431549266542040e-05,-7.6428027238862215e-05,-3.5220276798248471e-09,6.0086791691248341e-11,0
1953,3.0431863181570186e-10,1.6690296733679055e-05,1.6698571559662346e-05,-8.2748259832909421e-09,5.7558972858758304e-11,0
1956,-3.1318757380750286e-10,-8.1446041307999331e-06,-8.1634119909791262e-06,1.8807860179193063e-08,4.2439488255171893e-11,0
1958,-7.4927001449304760e-11,-6.2207601033212670e-05,-6.2185865513460058e-05,-2.1735519752612417e-08,6.9666202799109691e-11,0
1959,-2.8432661944406404e-10,6.0862614787984479e-06,6.0839571672235403e-06,2.3043115749075543e-09,4.5882046810915307e-11,0
1960,-4.5367572756518019e-11,-1.4842231801852172e-06,-1.4714889226746705e-06,-1.2734257510546746e-08,1.1157333858673164e-11,0
1961,-2.0939961848341487e-10,6.8293645589376749e-05,6.8273967781296997e-05,1.9677808079751505e-08,3.7487192120333969e-11,0
1962,2.9559428362423181e-11,6.0723360279780342e-05,6.0712421861095499e-05,1.0938418684842651e-08,2.6869036037055620e-11,0
1963,2.3895904677704163e-10,-7.5704252834622385e-06,-7.5570886953674871e-06,-1.3336588094751326e-08,1.9078033909770586e-11,0
1964,-8.0842933640918086e-10,5.1137541491060035e-05,5.1143884957759418e-05,-6.3434666993834204e-09,3.1212612342850030e-11,0
1965,9.2831905633184230e-11,-6.2186287663096133e-05,-6.2184881025700961e-05,-1.4066373951721447e-09,1.7766466784938078e-11,0
1966,-1.1148196983942382e-10,6.1157794515659045e-06,6.0849542593853097e-06,3.0825192180594725e-08,7.4783400885533417e-12,0
1967,-3.2864725407198446e-11,-1.4711719910263064e-06,-1.4713906884579692e-06,2.1869743166278276e-10,4.9112070879808157e-12,0
1968,-2.0431387567466098e-10,6.8302039089362943e-05,6.8273992912441111e-05,2.8046176921831239e-08,1.4162303918914549e-11,0
1969,-1.2569663157405281e-10,6.0715102924702429e-05,6.0711540074853453e-05,3.5628498489765422e-09,8.2815174674008248e-12,0
1970,7.8617244892203556e-11,-7.5869519941297592e-06,-7.5579838542546558e-06,-2.8968139875103407e-08,2.2560558133715745e-12,0
1971,-1.0116694536274485e-09,2.2779790623721555e-05,2.2773471119838176e-05,6.3195038833786712e-09,8.4457940504269617e-11,0
1973,-1.1231514228541713e-09,2.8895521768245933e-05,2.8875847910848536e-05,1.9673857397396868e-08,7.7915667965252153e-11,0
1976,2.1164375177876933e-10,-1.1664983848183250e-05,-1.1664137208494987e-05,-8.4663968826291611e-10,2.1312954950691132e-11,0
1977,1.5041641068616769e-10,-5.5819814265729850e-06,-5.5807976248272885e-06,-1.1838017456965578e-09,1.6588274910476925e-11,0
1978,2.6577148278887881e-10,-1.3130650277998202e-05,-1.3141430372248198e-05,1.0780094249996657e-08,1.0539817370747874e-11,0
1979,-6.1227341389378382e-11,6.0830306584163871e-06,6.0852862374625570e-06,-2.2555790461699382e-09,9.5889435577357933e-12,0
1980,5.4127731004390694e-11,-1.4656567955120478e-06,-1.4708832197379431e-06,5.2264242258953220e-09,7.4534104365504731e-12,0
1981,1.1535507254540185e-10,-7.5486496521738698e-06,-7.5578043622310039e-06,9.1547100571341575e-09,4.0638366084745096e-12,0
1983,-6.0665652050968067e-09,-3.7052244232380072e-05,-3.7068894054127239e-05,1.6649821747167094e-08,6.8256979466950163e-11,0
1984,-8.2763222014661207e-09,1.4096022603764247e-05,1.4071147965957847e-05,2.4874637806399688e-08,6.2143271367197894e-11,0
1985,-1.4823141932713290e-09,9.0528052099045006e-05,9.0527674448061807e-05,3.7765098319863469e-10,8.3208266232626980e-11,0
1986,-7.2744276235216388e-10,-3.9379936550065775e-05,-3.9405894258947701e-05,2.5957708881926204e-08,9.9653648674809109e-11,0
1989,2.1918942193410050e-10,1.6685090292638607e-05,1.6699785574443302e-05,-1.4695281804695038e-08,7.4967138568436361e-11,0
1990,2.1051374219322668e-10,1.4105246896872238e-05,1.4118006412477499e-05,-1.2759515605260843e-08,3.4245491943101057e-11,0
1991,-2.5905874003103293e-10,-1.1695195340246517e-05,-1.1666707704600604e-05,-2.8487635645913401e-08,3.2683596722059746e-11,0
1993,-3.5909745477043858e-10,-5.6016713977872362e-06,-5.5835680085615221e-06,-1.8103389225714158e-08,2.4409776842119875e-11,0
1995,-2.4892348456472409e-10,-1.3165247330068630e-05,-1.3144233534873541e-05,-2.1013795195089108e-08,1.6334383568376055e-11,0
1996,1.8752998270980438e-10,-6.2181928444417613e-05,-6.2184199883276719e-05,2.2714388591056102e-09,5.4195750733673176e-11,0
1997,-1.0003871403701899e-10,6.0936080476664545e-06,6.0851443586755280e-06,8.4636889909264762e-09,1.4271936409379757e-11,0
1998,1.0135255660452525e-11,-1.4700028542696613e-06,-1.4710839998456589e-06,1.0811455759976290e-09,8.3321693750312160e-12,0
1999,-2.8756869675617087e-10,6.8275417603758017e-05,6.8273531921438972e-05,1.8856823190454208e-09,4.8151554442444494e-11,0
2000,-1.7739472699862586e-10,6.0711883147282486e-05,6.0711176338272762e-05,7.0680900972423235e-10,3.6072343550646476e-11,0
2001,1.1017396985423827e-10,-7.5635800126580555e-06,-7.5578583907569012e-06,-5.7216219011543075e-09,4.1114971236546642e-12,0
2003,-5.9363003127136014e-10,-3.9416136947370561e-05,-3.9405211671489777e-05,-1.0925275880784317e-08,8.8554814550957988e-11,0
2004,-8.8119872808697479e-10,2.8859013391611607e-05,2.8876890633300586e-05,-1.7877241688978501e-08,9.3574006781326623e-11,0
2005,-7.7102475800852690e-10,2.1295757841398311e-05,2.1301621483956378e-05,-5.8636425580670787e-09,4.2389808970766088e-11,0
2006,7.1765622797887810e-10,1.6706450609751781e-05,1.6703000073167545e-05,3.4505365842360850e-09,3.5042378399539053e-11,0
2007,-5.0912370886414524e-10,-1.4278408803759454e-05,-1.4258477023654050e-05,-1.9931780105404031e-08,2.0541155332744819e-11,0
2008,-4.7688593184460207e-10,-7.6463478356776637e-05,-7.6431132825578024e-05,-3.2345531198612904e-08,6.4162276295469868e-11,0
2009,-7.0423157020098485e-10,-8.1782789776215642e-06,-8.1655111713159085e-06,-1.2767806305655661e-08,1.6759130862411690e-11,0
2010,1.4574880108642351e-10,-3.7048568030096513e-05,-3.7034883330006944e-05,-1.3684700089569026e-08,3.6171642769488960e-11,0
2011,-5.3704865352166242e-10,-1.5749283812102957e-05,-1.5733118592489175e-05,-1.6165219613782189e-08,9.4625528090260243e-12,0
2012,3.2237777704983043e-11,-6.2185190964993142e-05,-6.2185014407948347e-05,-1.7655704479533404e-10,3.4575267797250562e-11,0
2013,-1.9510786098738057e-10,6.1001538571587698e-06,6.0846512723082961e-06,1.5502584850473757e-08,1.6406111128076645e-11,0
2014,-2.7924944506219985e-11,-1.4709461871628519e-06,-1.4712771555973577e-06,3.3096843450579423e-10,8.5650268282089713e-12,0
2015,-2.2734563882253253e-10,6.8285302491377826e-05,6.8273859502663203e-05,1.1442988714623157e-08,2.4771432690623276e-11,0
2016,-6.0162722423153273e-11,6.0714178118553234e-05,6.0711799897887160e-05,2.3782206660740465e-09,1.9459363287601051e-11,0
2017,1.6718291649108941e-10,-7.5710708719832487e-06,-7.5575566461820730e-06,-1.3514225801175636e-08,5.2914865542791302e-12,0
2018,-6.5487251035028074e-10,2.2770297007140318e-05,2.2775096279362586e-05,-4.7992722222684825e-09,5.6671902071362826e-11,0
2019,-6.2263473302042264e-10,-3.9414984223717919e-05,-3.9405391801902655e-05,-9.5924218152643572e-09,6.8416684489577243e-11,0
2020,-8.4998037152843072e-10,2.8870243525799637e-05,2.8877004172684487e-05,-6.7606468848506950e-09,3.9028578347998347e-11,0
2021,-6.8279745493958624e-10,2.1299300331182464e-05,2.1302062379205737e-05,-2.7620480232736833e-09,2.8267780545867451e-11,0
2022,-2.6612635758339247e-10,-1.4252466584930169e-05,-1.4257173864651145e-05,4.7072797209766272e-09,3.5563546579607371e-11,0
2023,-3.6437116037283496e-10,-7.6442526197347330e-05,-7.6430510002180554e-05,-1.2016195166775320e-08,8.5807461745108502e-11,0
2024,-5.3628095056881884e-10,-8.1463411191959323e-06,-8.1645878041150660e-06,1.8246684919133698e-08,3.1329546413887464e-11,0
2025,-3.2756306765609784e-10,-1.5725431385273493e-05,-1.5731979078388210e-05,6.5476931147170187e-09,2.0022571423660242e-11,0
2026,-9.8244802860828337e-11,-6.2190044805596895e-05,-6.2185681616259544e-05,-4.3631893373508772e-09,4.5467072937824448e-11,0
2027,-2.7015459300239702e-10,6.1061744176279902e-06,6.0842767340975308e-06,2.1897683530459376e-08,2.2142509381527443e-11,0
2028,-6.1436710091119952e-11,-1.4730183769489334e-06,-1.4714402876782188e-06,-1.5780892707146362e-09,1.1377030172525537e-11,0
2029,-1.7190979061085380e-10,6.8296180838454262e-05,6.8274160483771919e-05,2.2020354682343373e-08,4.5385164830490341e-11,0
2031,2.0871788291538421e-10,-7.5791538885019473e-06,-7.5573427858709016e-06,-2.1811102631045669e-08,9.4457184094721071e-12,0
2032,2.6681718790579118e-10,1.6698995007822983e-05,1.6700910339997706e-05,-1.9153321747226353e-09,8.0875529139599999e-12,0
2033,1.8813058191231783e-10,-1.4218199756808186e-05,-1.4254719958952977e-05,3.6520202144790757e-08,1.6027354316000862e-11,0
2034,-1.0971856089020054e-10,-7.6436136555468361e-05,-7.6429109934537408e-05,-7.0266209309524175e-09,2.4923430329297984e-11,0
2035,-1.9917222053557402e-10,-8.0822789807390855e-06,-8.1627399052946133e-06,8.0460924555527866e-08,1.3863627793238926e-11,0
2036,5.7962945437319742e-10,-3.7030923968450215e-05,-3.7032437619266468e-05,1.5136508162526935e-09,3.4685139508203190e-11,0
2037,7.8842237320349061e-11,-1.5708218242777711e-05,-1.5729764742117333e-05,2.1546499339622873e-08,8.0900734391474583e-12,0
2038,-2.9784914327655164e-10,-6.2217903269509364e-05,-6.2186720709887444e-05,-3.1182559621920135e-08,2.6288570408078158e-11,0
2039,-3.8730280197419693e-10,6.1359405166482809e-06,6.0836766279975794e-06,5.2263888650701498e-08,1.9928239858680956e-11,0
2040,-1.0928834455773929e-10,-1.4899958038581268e-06,-1.4716792811094902e-06,-1.8316522748636628e-08,1.2015164648339372e-11,0
2041,-8.9453659568843277e-11,6.8353850571405139e-05,6.8274608806127870e-05,7.9241765277269257e-08,2.2886101339235619e-11,0
2042,1.8856079825389479e-10,6.0727892707491266e-05,6.0713110367194136e-05,1.4782340297129148e-08,1.1366523612156069e-11,0
2043,2.7801445737420714e-10,-7.6259403903114475e-06,-7.5569789166944882e-06,-6.8961473616959317e-08,7.2602353498553253e-12,0
2044,-3.9149887255648220e-10,2.2812686138011518e-05,2.2776376941201783e-05,3.6309196809734573e-08,6.9149988176468173e-11,0
2045,-6.8934801534599761e-10,-3.9405161606658346e-05,-3.9405818560466249e-05,6.5695380790242600e-10,6.4958184411632059e-11,0
2046,-7.7880167502473648e-10,2.8948442633056071e-05,2.8877229305339648e-05,7.1213327716423020e-08,7.0117850013794050e-11,0
2047,-5.0078721714904686e-10,2.1322698652497668e-05,2.1302938811040464e-05,1.9759841457204369e-08,4.3466488542756215e-11,0
2049,-1.3062366370105701e-10,-1.4249864110434281e-05,-1.4256485549952328e-05,6.6214395180474891e-09,5.2615595325680567e-11,0
2051,-4.0158592551377010e-10,-8.1484533201559668e-06,-8.1638388204036259e-06,1.5385500247659109e-08,4.3963798404652017e-11,0
2052,-1.8185689304251312e-10,-1.5723919207725654e-05,-1.5731193091436539e-05,7.2738837108852540e-09,2.8020076514125701e-11,0
2053,-8.3362562650739501e-11,-6.2191784259122557e-05,-6.2185502077163172e-05,-6.2821819593849833e-09,6.8934259422308749e-11,0
2054,-2.7096226181404162e-10,6.1013890454812703e-06,6.0843487858957235e-06,1.7040259585546715e-08,3.3313239215015960e-11,0
2055,-5.1233229361747521e-11,-1.4740078717345208e-06,-1.4713415043110280e-06,-2.6663674234928229e-09,1.9408001849387750e-11,0
2056,-1.8759969959266968e-10,6.8293121908776129e-05,6.8274071003662548e-05,1.9050905113580821e-08,5.9025111508620632e-11,0
2057,3.2129332925120864e-11,6.0717664632175747e-05,6.0712232604016049e-05,5.4320281596975943e-09,3.2391393686032142e-11,0
2058,2.1972903247272678e-10,-7.5754604084244195e-06,-7.5573107369089913e-06,-1.8149671515428189e-08,1.4355117122341809e-11,0
2059,-1.9616409985801982e-11,-7.6436446648705039e-05,-7.6428601609257780e-05,-7.8450394472594004e-09,4.9703586510482737e-11,0
2060,1.7288426297378533e-12,-1.5707997618730901e-05,-1.5730194561145962e-05,2.2196942415061071e-08,1.7351748666966272e-11,0
2061,2.1345252658887187e-11,6.0728358445017068e-05,6.0712153481153260e-05,1.6204963863807856e-08,1.8890947733022268e-11,0
2062,-2.1582062966284110e-10,5.1142072270902268e-05,5.1150204311732608e-05,-8.1320408303406236e-09,4.0328479980572286e-11,0
2063,-7.7922249529680259e-11,-7.6442699045583921e-05,-7.6428913820297895e-05,-1.3785225286025936e-08,5.8433311819186730e-11,0
2064,-3.1099868945679759e-10,-8.1629479287944132e-06,-8.1633339841184879e-06,3.8605532407475461e-10,1.8164109982806695e-11,0
2065,-9.4409298034177612e-11,-1.5723350470233819e-05,-1.5730722882336696e-05,7.3724121028768172e-09,1.4108540551102313e-11,0
2066,-2.3307644002630139e-10,6.8279769806968253e-05,6.8273819785548081e-05,5.9500214201718520e-09,3.4277868643719844e-11,0
2067,-1.6487048587575914e-11,6.0719372248398649e-05,6.0711930237954472e-05,7.4420104441779941e-09,2.1791474165902854e-11,0
2068,2.1658939145346343e-10,-7.5603757725938026e-06,-7.5573491087994741e-06,-3.0266637943285056e-09,1.2368739497562949e-11,0
2069,2.9204594571087304e-10,-1.1639086078079480e-05,-1.1663698133856587e-05,2.4612055777106933e-08,1.1979754047148420e-11,0
2070,3.0360370791862814e-10,1.6696863445114091e-05,1.6702674844422941e-05,-5.8113993088506222e-09,5.9836088619052316e-11,0
2071,-2.0228848369440979e-10,6.8304264931786079e-05,6.8273986279370228e-05,3.0278652415850413e-08,5.9448074554623914e-11,0
2072,3.6920304159786041e-11,-3.7085429270718867e-05,-3.7035266453740779e-05,-5.0162816978088179e-08,4.1792725226196495e-11,0
2073,-7.8305608358601696e-10,-1.5782363298851715e-05,-1.5734488374442604e-05,-4.7874924409111076e-08,2.8692690762704454e-11,0
2074,-8.1997638825239778e-10,2.1303109594484823e-05,2.1300987956397778e-05,2.1216380870447927e-09,4.1929171426567520e-11,0
2075,4.7142416007588755e-10,1.6714245862766916e-05,1.6703903550709160e-05,1.0342312057756524e-08,3.2112229324912176e-11,0
2076,3.2241179344294020e-10,-6.2161389565613956e-05,-6.2183108679113192e-05,2.1719113499235631e-08,3.1522932499810183e-11,0
2077,-5.8134919491534320e-11,6.0842316688194953e-06,6.0856491241365041e-06,-1.4174553170088583e-09,1.9221402149463553e-11,0
2078,5.3789871664043618e-11,-1.4683407547652454e-06,-1.4706902039100762e-06,2.3494491448308591e-09,1.3942240327120968e-11,0
2079,-3.8054671348219900e-10,6.8245660719339248e-05,6.8273010465196663e-05,-2.7349745857415948e-08,2.0569800512193519e-11,0
2080,-2.6862192191704848e-10,6.0693100563417521e-05,6.0710502104170144e-05,-1.7401540752623619e-08,1.2036028652213005e-11,0
2081,1.1192479139941142e-10,-7.5525474704865592e-06,-7.5579501714294585e-06,5.4027009428993247e-09,7.5024292214891344e-12,0
2083,-5.6293456961091257e-09,-3.7061083360835287e-05,-3.7066118408320869e-05,5.0350474855816781e-09,4.6550558659830093e-11,0
2084,-7.7935511971088179e-09,1.4090430827241526e-05,1.4077366099746173e-05,1.3064727495352895e-08,3.5576953317463234e-11,0
2085,-7.7642904480467325e-10,9.0535088688090820e-05,9.0535684794141138e-05,-5.9610605031767613e-10,7.8239938976407235e-11,0
2086,-1.3877763975237792e-09,-3.9383897226196590e-05,-3.9409817848031494e-05,2.5920621834903633e-08,1.0553697943548337e-10,0
2088,2.0008728482130309e-10,-1.1665447992121811e-05,-1.1664200318110563e-05,-1.2476740112477713e-09,1.6216386165744329e-11,0
2089,1.0932325813945297e-10,-5.5861876444591313e-06,-5.5809534123706197e-06,-5.2342320885116080e-09,1.2295998618701761e-11,0
2090,2.4914622448465092e-10,-1.3131275878311074e-05,-1.3141478059853116e-05,1.0202181542041472e-08,8.2261907969540772e-12,0
2091,-9.0764026982597047e-11,6.0792741128981587e-06,6.0855236171096984e-06,-6.2495042115397491e-09,1.0045954812886391e-11,0
2092,4.9058939646265709e-11,-1.4658323567247507e-06,-1.4706863710316428e-06,4.8540143068921032e-09,7.8672094524678393e-12,0
2093,1.3982296674760440e-10,-7.5450564819114566e-06,-7.5578171680368691e-06,1.2760686125412562e-08,3.9023813978105488e-12,0
2094,-8.0817212178949105e-10,5.1143384938228884e-05,5.1148554450617375e-05,-5.1695123884915712e-09,1.0210294000681871e-10,0
2095,3.2857229587994013e-10,-1.1665080495974582e-05,-1.1663498664249997e-05,-1.5818317245849806e-09,2.5007976322771259e-11,0
2096,1.0999182495776452e-09,-3.4402121333357641e-05,-3.4439052990250920e-05,3.6931656893279330e-08,5.3424921441312339e-11,0
2097,4.1329349044240454e-10,-1.3130210420467595e-05,-1.3140576816865772e-05,1.0366396398177915e-08,1.0820833278209202e-11,0
2098,7.4507956536332327e-10,1.6712457960619403e-05,1.6706447591898623e-05,6.0103687207809365e-09,2.5414820654358000e-11,0
2099,8.4721194612188536e-11,-1.4651139873303985e-06,-1.4704664164960692e-06,5.3524291656706464e-09,1.0208572752158481e-11,0
2100,4.1650727014096965e-10,2.8377675858280802e-05,2.8366960367816704e-05,1.0715490464098488e-08,5.5631073900491438e-11,0
2102,-6.8662476102561479e-10,2.1272083543105724e-05,2.1301496785363191e-05,-2.9413242257466310e-08,4.2191361469728103e-11,0
2103,-3.5483868487254354e-10,5.1114571153374269e-05,5.1151242488136841e-05,-3.6671334762572319e-08,1.1167277167025241e-10,0
2104,3.3178607574355068e-10,2.9842700187798776e-05,2.9841456316150916e-05,1.2438716478604451e-09,2.1492922321805575e-11,0
2105,1.0864582855861581e-10,-1.1671347913503783e-05,-1.1664699677921282e-05,-6.6482355825009842e-09,2.4494917052150871e-11,0
2106,4.7272729569197704e-10,-7.3840177111053618e-05,-7.3847824111399957e-05,7.6470003463398762e-09,7.5919350735096729e-11,0
2107,6.6587600666018684e-11,-5.5820031007354498e-06,-5.5811738941201605e-06,-8.2920661528930537e-10,1.9529598364382553e-11,0
2108,1.6908036851338092e-10,-1.3139878799350684e-05,-1.3141907197017556e-05,2.0283976668721438e-09,1.1406610308084807e-11,0
2109,3.6408146713122088e-10,-6.2168723020304684e-05,-6.2182717123650524e-05,1.3994103345839836e-08,6.5098234582437077e-11,0
2110,-4.2058227898373216e-11,6.0893768907433615e-06,6.0858645265191515e-06,3.5123642242100534e-09,2.2324573192549833e-11,0
2111,6.0434539953096444e-11,-1.4685156667550853e-06,-1.4705820508728732e-06,2.0663841177879551e-09,1.1843855229088298e-11,0
2112,-4.0613969563841840e-10,6.8258124071502065e-05,6.8272864364247088e-05,-1.4740292745023167e-08,7.2383772260321706e-11,0
2113,-3.0364692737944850e-10,6.0700266800045935e-05,6.0710229418972372e-05,-9.9626189264368187e-09,2.4301204101200504e-11,0
2114,1.0249276819369810e-10,-7.5578587090561686e-06,-7.5580485465970447e-06,1.8983754087616546e-10,9.9139785971562134e-12,0
2115,-2.3045355770742880e-09,5.1149014588203374e-05,5.1140905832534383e-05,8.1087556689913545e-09,8.4751327261908868e-11,0
2116,2.0547037015030353e-10,-3.7045800218083944e-05,-3.7034136381568783e-05,-1.1663836515160282e-08,5.2217813213673747e-11,0
2119,-1.2312932023314208e-10,-5.5895184693317747e-06,-5.5822025834060636e-06,-7.3158859257111284e-09,7.0292146925012668e-11,0
2120,5.6968787358295164e-12,-1.3143298775506254e-05,-1.3142794813568880e-05,-5.0396193737378215e-10,4.2891785863358342e-11,0
2122,-9.4736028305754423e-11,6.0847875169873361e-06,6.0856195606505099e-06,-8.3204366317379287e-10,4.1883474181016900e-11,0
2123,3.4090170465296504e-11,-1.4691115896158392e-06,-1.4707018653401930e-06,1.5902757243538779e-09,2.5626680213146785e-11,0
2125,-2.2793556069167177e-10,6.0707158092620714e-05,6.0710615630200748e-05,-3.4575375800342573e-09,6.8720565930880930e-11,0
2126,1.2882619894525173e-10,-7.5538970594575192e-06,-7.5579204252815876e-06,4.0233658240684377e-09,1.5243078338309840e-11,0
2127,4.6289137740716653e-10,1.4091958271598287e-05,1.4123783680997444e-05,-3.1825409399157087e-08,3.8157646904126031e-11,0
2128,-6.1576380564642350e-10,-3.9420124832425726e-05,-3.9405728060159381e-05,-1.4396772266345235e-08,9.8661548325359513e-11,0
2129,1.9220685945087245e-10,1.6694294474969840e-05,1.6704535625744375e-05,-1.0241150774535298e-08,5.0502075791608779e-11,0
2130,-1.2576610957868839e-10,6.0730567544784169e-06,6.0855004843255987e-06,-1.2443729847181812e-08,1.5352112280653808e-11,0
2131,3.7292405946772434e-11,-1.4644539336333695e-06,-1.4706560057980362e-06,6.2020721646667400e-09,9.7293264160841833e-12,0
2132,1.6305851553025527e-10,-7.5374678696758964e-06,-7.5577519859827171e-06,2.0284116306820766e-08,3.0350742897889493e-12,0
2133,-8.8020049976746100e-10,5.1135686036410735e-05,5.1149597615718591e-05,-1.3911579307855561e-08,9.7813212014047442e-11,0
2134,9.1037026425451306e-10,-7.6420067684816739e-05,-7.6423442000462188e-05,3.3743156454483624e-09,8.8976911203455560e-11,0
2135,-1.0094998984697041e-09,-1.4289081294161302e-05,-1.4261556691308165e-05,-2.7524602853136920e-08,2.0688263087808079e-11,0
2136,-9.7357173977078874e-10,-7.6473849711388570e-05,-7.6433723181355395e-05,-4.0126530033175040e-08,3.0379246484203194e-11,0
2137,-1.1927465789326786e-09,-8.1783250570942670e-06,-8.1680887908493428e-06,-1.0236266244924207e-08,1.7535721742341001e-11,0
2138,-2.0613112760034624e-11,-3.7066459973721100e-05,-3.7035268680433933e-05,-3.1191293287166492e-08,3.7339067745742001e-11,0
2139,-1.0572177781455972e-09,-1.5759604734467969e-05,-1.5736024475712167e-05,-2.3580258755801821e-08,1.0297326123206176e-11,0
2140,3.5928160447706792e-11,-6.2184805531450421e-05,-6.2184333989236630e-05,-4.7154221379083674e-10,1.7161929810631540e-11,0
2141,-1.8324667948863176e-10,6.1107575456773727e-06,6.0852298020913865e-06,2.5527743585986243e-08,6.2023706581904350e-12,0
2142,-4.7717879243147009e-11,-1.4705410266158125e-06,-1.4710959055167854e-06,5.5487890097290679e-10,4.1617144337132889e-12,0
2143,-2.1917484020381868e-10,6.8295527552006755e-05,6.8273878605178278e-05,2.1648946828476388e-08,1.3600635756254630e-11,0
2144,-8.3646040154037617e-11,6.0714240472564511e-05,6.0711343877373153e-05,2.8965951913583377e-09,8.3194162363481441e-12,0
2145,1.3552880058852660e-10,-7.5812983152314523e-06,-7.5579181979825048e-06,-2.3380117248947472e-08,2.3675089259493078e-12,0
2146,-9.8888678768734182e-10,2.2777410290230043e-05,2.2772191516818902e-05,5.2187734111410963e-09,6.5751450490071221e-11,0
2147,-9.5295862669924855e-10,-3.9407520160041651e-05,-3.9407623814681887e-05,1.0365464023676281e-10,8.7626196169233463e-11,0
2148,-1.1721334668761019e-09,2.8888017850763753e-05,2.8874123340243396e-05,1.3894510520357515e-08,6.8556177959962220e-11,0
2149,-1.0366046668050892e-09,2.1306850625209175e-05,2.1299324436963467e-05,7.5261882457073746e-09,4.1283666364570331e-11,0
2150,-6.6748823722710048e-12,-7.6436035752855739e-05,-7.6428437329383882e-05,-7.5984234718562589e-09,3.5574792305704680e-11,0
2151,-2.1311849458887648e-10,5.1148670702348686e-05,5.1153973636049642e-05,-5.3029337009554713e-09,8.7057324737666604e-11,0
2152,-1.1606718014007676e-10,-1.4252568686543899e-05,-1.4256713959349969e-05,4.1452728060700062e-09,5.4512755965711679e-11,0
2154,-4.0571980276618731e-10,-8.1452987934999086e-06,-8.1637814313023744e-06,1.8482637802465807e-08,3.1358441625314842e-11,0
2155,-1.8730804156906888e-10,-1.5725256165065142e-05,-1.5731280738147802e-05,6.0245730826599491e-09,2.7077724107614453e-11,0
2156,-1.4880645175958910e-10,-6.2189696479350576e-05,-6.2185273803638591e-05,-4.4226757119850829e-09,4.8955289298786529e-11,0
2157,-2.8965262262883604e-10,6.1073321075786214e-06,6.0847024242733247e-06,2.2629683305296720e-08,2.3195712693185962e-11,0
2158,-7.1240861435917427e-11,-1.4727438762246990e-06,-1.4711941195317018e-06,-1.5497566929972254e-09,1.1514390285485889e-11,0
2159,-1.4084617140912216e-10,6.8296934338714713e-05,6.8274303688950009e-05,2.2630649764704002e-08,5.4287860375745352e-11,0
2160,7.7565589847967858e-11,6.0716914274166513e-05,6.0712189988016412e-05,4.7242861501005265e-09,2.2579924974028008e-11,0
2161,2.1841176118875739e-10,-7.5800034285145035e-06,-7.5574852995575351e-06,-2.2518128956968405e-08,9.4856632241556191e-12,0
2162,4.8511602480567289e-10,1.6751456798410475e-05,1.6707261670976406e-05,4.4195127434068959e-08,1.7053359410849927e-11,0
2163,3.7826522073014602e-11,-6.2183798177662796e-05,-6.2184201691741636e-05,4.0351407883999248e-10,4.6353242507442824e-11,0
2164,-1.9877207591609611e-10,6.1013292371172798e-06,6.0852398930630306e-06,1.6089344054249108e-08,1.0466198878693642e-11,0
2165,-3.3132207908729106e-11,-1.4702915461877429e-06,-1.4709628215653395e-06,6.7127537759663198e-10,6.7111320628314295e-12,0
2166,-2.3659859810199728e-10,6.8285038663166812e-05,6.8273778742023545e-05,1.1259921143267140e-08,5.1429273562060164e-11,0
2167,-7.0958730169374443e-11,6.0713464616020570e-05,6.0711352631950524e-05,2.1119840700451853e-09,2.6475299038253051e-11,0
2168,1.6563986811118743e-10,-7.5716133692517104e-06,-7.5577886071687702e-06,-1.3824762082940212e-08,4.5664782791697823e-12,0
2169,-7.6704178367457062e-10,2.2772199797242015e-05,2.2773203432510644e-05,-1.0036352686291139e-09,4.6918464403720352e-11,0
2171,-9.6581385979645363e-10,2.8873436570185011e-05,2.8875042929540931e-05,-1.6063593559198562e-09,3.9535113147960378e-11,0
2172,-8.0017399166977297e-10,2.1301995742808132e-05,2.1300466771872560e-05,1.5289709355713527e-09,2.9882635564799976e-11,0
2173,2.9830940441001018e-10,1.6702417520868089e-05,1.6706467299370036e-05,-4.0497785019468825e-09,5.3203738020656768e-11,0
2175,-7.1496020084311435e-09,-7.6471804364867946e-05,-7.6467412505292184e-05,-4.3918595757618797e-09,7.5600195422250221e-11,0
2176,-5.1332603574149519e-09,-3.7084701541643950e-05,-3.7063026505541923e-05,-2.1675036102026613e-08,6.3238928284084526e-11,0
2177,-7.2386755953336875e-09,1.4070102557585396e-05,1.4083929918241303e-05,-1.3827360655907498e-08,4.3908373230947978e-11,0
2178,-8.9073596676382579e-11,9.0541895735133174e-05,9.0543538171101925e-05,-1.6424359687507335e-09,7.7591248948463511e-11,0
2179,-2.0163415674469209e-09,-3.9386993867148931e-05,-3.9413563688182716e-05,2.6569821033785171e-08,1.0456538266261785e-10,0
2180,-2.1054152088607191e-09,5.1154799797443855e-05,5.1144592189514213e-05,1.0207607929642044e-08,9.7490975684510237e-11,0
2181,6.9766526071273264e-10,-3.7036130052040157e-05,-3.7031159729701462e-05,-4.9703223386950981e-09,4.0042504353330906e-11,0
2182,-1.1169852346681498e-10,1.4111136714312425e-05,1.4123073743314857e-05,-1.1937029002432052e-08,3.9003284824331218e-11,0
2183,-8.0936378480785100e-10,5.1147046961972156e-05,5.1151882291696095e-05,-4.8353297239388162e-09,9.2786489417220032e-11,0
2184,1.8841162183400206e-10,-1.1665732194056366e-05,-1.1664264078653075e-05,-1.4681154032914086e-09,1.6915231592461055e-11,0
2185,6.8936925762492347e-11,-5.5888112591995220e-06,-5.5811047677735891e-06,-7.7064914259329369e-09,1.1906235343963639e-11,0
2186,2.3197148689082122e-10,-1.3131611596996565e-05,-1.3141528388734043e-05,9.9167917374778431e-09,7.7892924062549249e-12,0
2187,-1.1947469636616675e-10,6.0769650494303835e-06,6.0857688320682360e-06,-8.8037826378524242e-09,1.1550960523988244e-11,0
2188,4.3559865038044882e-11,-1.4658683469542105e-06,-1.4704899998154519e-06,4.6216528612414037e-09,8.6237301740670781e-12,0
2189,1.6303456148225611e-10,-7.5427790539560335e-06,-7.5578380554532951e-06,1.5059001497261604e-08,3.8586860397622183e-12,0
2192,7.3874632036080892e-11,-1.1667453509661609e-05,-1.1664889562671850e-05,-2.5639469897597574e-09,7.3538845280869265e-11,0
2193,-9.6917065404372185e-11,-5.5952694253819102e-06,-5.5820008972907045e-06,-1.3268528091205669e-08,5.2035667609917581e-11,0
2194,9.0347740153919782e-11,-1.3134886044582038e-05,-1.3142295765773896e-05,7.4097211918581823e-09,3.8005318953032684e-11,0
2195,-1.7079169750613538e-10,6.0722895114341188e-06,6.0855443395867503e-06,-1.3254828152631506e-08,3.8625500182635889e-11,0
2196,1.6473108100900625e-11,-1.4673412084738064e-06,-1.4706065233563000e-06,3.2653148824935554e-09,2.6490642555570762e-11,0
2197,1.8726480551427645e-10,-7.5395870008237997e-06,-7.5577262096184918e-06,1.8139208794692043e-08,1.2537089966035054e-11,0
2198,-2.2927783737234592e-09,5.1152178393842505e-05,5.1144450550323453e-05,7.7278435190518782e-09,8.0800542908472677e-11,0
2200,4.5807518181067418e-10,2.8388098296900418e-05,2.8372800687278373e-05,1.5297609622044685e-08,5.6255102412362768e-11,0
2201,5.1672634804062431e-10,2.2279460886869516e-05,2.2283887932955813e-05,-4.4270460862969594e-09,4.8882820625306360e-11,0
2202,9.0858019796361812e-11,-1.1671731724696612e-05,-1.1664796816759395e-05,-6.9349079372177982e-09,2.1585491305237008e-11,0
2204,1.9587396784243537e-12,-5.5858645227968920e-06,-5.5814487021557138e-06,-4.4158206411782258e-09,1.8727306881125534e-11,0
2205,1.4389478937736039e-10,-1.3140202918300462e-05,-1.3141995660472670e-05,1.7927421722084276e-09,1.3853040976298646e-11,0
2206,3.4098362065010796e-10,-6.2168933266736059e-05,-6.2182259899882020e-05,1.3326633145960601e-08,7.2962221878984926e-11,0
2207,-8.8899280102860370e-11,6.0858985107617447e-06,6.0860626444901785e-06,-1.6413372843375647e-10,1.9897565450161086e-11,0
2208,5.3036769586008836e-11,-1.4684624589289194e-06,-1.4703668120614408e-06,1.9043531325214264e-09,1.2995090276390659e-11,0
2210,-2.8794685122093684e-10,6.0700437224591938e-05,6.0710025556419895e-05,-9.5883318279569208e-09,3.7119332854670777e-11,0
2211,1.4193605000184548e-10,-7.5543480371935770e-06,-7.5579998592943947e-06,3.6518221008176744e-09,1.1897512791428555e-11,0
2212,1.5060649458615445e-09,5.1165693842296703e-05,5.1165842266894815e-05,-1.4842459811252812e-10,9.6300149467318422e-11,0
2213,9.5820588405821195e-11,-7.6433588818344660e-05,-7.6427798697410393e-05,-5.7901209342669244e-09,4.8094133164879346e-11,0
2214,-6.6097617050073751e-11,-8.1383870472913344e-06,-8.1618737217364846e-06,2.3486674445150131e-08,2.2770578082753527e-11,0
2215,1.6560327996105505e-10,-1.5692317729985861e-05,-1.5729391887599128e-05,3.7074157613267304e-08,1.8134225085497681e-11,0
2216,-1.6191820526402022e-10,6.8295100241534158e-05,6.8274173601429948e-05,2.0926640104210626e-08,3.3688855413871457e-11,0
2217,6.9782691662027773e-11,6.0741214660898005e-05,6.0711954636432867e-05,2.9260024465137680e-08,1.8630594459340453e-11,0
2218,2.3170089685874509e-10,-7.5538908848116551e-06,-7.5575237437158982e-06,3.6328589042430658e-09,8.7385318552726732e-12,0
2219,-2.8911250377666485e-10,-1.4274139476749478e-05,-1.4257879429176573e-05,-1.6260047572904895e-08,2.1003235665765682e-11,0
2220,-3.3081946936081031e-10,-7.6459149871959536e-05,-7.6430122859584673e-05,-2.9027012374863116e-08,6.6559663528210805e-11,0
2221,-5.3265948041041172e-10,-8.1730523672305516e-06,-8.1644173878752372e-06,-8.6349793553143874e-09,1.5568018647850273e-11,0
2222,2.7003720579065184e-10,-3.7042620843949318e-05,-3.7033294487409267e-05,-9.3263565400516450e-09,3.5012633165129696e-11,0
2223,-3.3290321237463266e-10,-1.5744858695375050e-05,-1.5732117273802903e-05,-1.2741421572146311e-08,9.8214113086806904e-12,0
2224,-4.1706964936362717e-11,-6.2184974198674706e-05,-6.2184269573332677e-05,-7.0462534202851094e-10,4.6259802115718328e-11,0
2225,-2.4354697644554239e-10,6.1011341295680766e-06,6.0852805142313893e-06,1.5853615336687243e-08,1.3988022701261354e-11,0
2226,-4.3790708468958119e-11,-1.4707121600899577e-06,-1.4708604436139411e-06,1.4828352398339887e-10,7.8035935724404519e-12,0
2227,-2.0184001172240140e-10,6.8286001859486391e-05,6.8273954395335211e-05,1.2047464151179570e-08,2.2329095392554929e-11,0
2228,-2.0837437727094564e-12,6.0714157133199588e-05,6.0711546838805847e-05,2.6102943937407800e-09,2.1580586574092155e-11,0
2229,1.9975626797503968e-10,-7.5718039531194083e-06,-7.5577070213127352e-06,-1.4096931806673083e-08,4.6091761780988740e-12,0
2230,-5.5914970998376516e-10,2.2768429520167097e-05,2.2773738925542309e-05,-5.3094053752126180e-09,4.9569447452554540e-11,0
2231,-6.0085667530830707e-10,-3.9416658388431031e-05,-3.9406017662564833e-05,-1.0640725866197681e-08,7.8899544849698926e-11,0
2232,-8.0269668654370229e-10,2.8869481052376696e-05,2.8875311239537005e-05,-5.8301871603098096e-09,3.6622433320615814e-11,0
2233,-6.0294041852877449e-10,2.1297813625940909e-05,2.1301096634291719e-05,-3.2830083508103612e-09,2.7834213267731880e-11,0
2237,-3.0148392081810584e-10,6.8274374616770334e-05,6.8273408984623093e-05,9.6563214724092704e-10,3.6396023989320223e-11,0
2238,-1.2880503743992742e-10,6.0711735080559975e-05,6.0710838664211415e-05,8.9641634855997096e-10,2.6326042209718743e-11,0
2239,1.7267888340306565e-10,-7.5627105295401724e-06,-7.5578641886040330e-06,-4.8463409361394419e-09,4.9582881341914472e-12,0
2241,-6.2828202867661315e-10,-3.9425024090938496e-05,-3.9406188528885573e-05,-1.8835562052923224e-08,6.9781895836766633e-11,0
2242,-9.2976594938480235e-10,2.8849301585115450e-05,2.8874562048467566e-05,-2.5260463352116508e-08,1.0487385837185084e-10,0
2243,-7.5708706566246504e-10,2.1286546012884780e-05,2.1300215133950553e-05,-1.3669121065773462e-08,4.6419953665770228e-11,0
2244,8.2425778291461796e-12,-6.2183481605569170e-05,-6.2183928439958673e-05,4.4683438950332034e-10,3.9530314675248845e-11,0
2245,-2.2322613671929639e-10,6.1010639535760518e-06,6.0854446771732627e-06,1.5619276402789099e-08,1.7452575275607221e-11,0
2246,-3.9868384062291319e-11,-1.4701717983491448e-06,-1.4708090674470525e-06,6.3726909790772185e-10,1.0875755091967654e-11,0
2247,-2.3146871467175229e-10,6.8284587548462193e-05,6.8273789951643461e-05,1.0797596818732020e-08,4.1735846059169744e-11,0
2248,-4.8110962079061001e-11,6.0713374040045030e-05,6.0711261548900500e-05,2.1124911445301255e-09,2.0562754928490716e-11,0
2249,1.8335775272859844e-10,-7.5712047309297453e-06,-7.5578161090314433e-06,-1.3388621898302015e-08,6.8961238582686033e-12,0
2250,-1.0029204575105611e-11,-6.2183960615257855e-05,-6.2183983196187074e-05,2.2580929219030189e-11,1.1491275795326987e-11,0
2251,-2.2906452538200341e-10,6.1080257865034696e-06,6.0854478284982109e-06,2.2577958005258684e-08,7.1428870168137666e-12,0
2252,-5.8780327954087468e-11,-1.4702016604309191e-06,-1.4708926142394260e-06,6.9095380850687550e-10,4.7050440524352135e-12,0
2253,-2.1903532109467892e-10,6.8291957317672888e-05,6.8273856109981316e-05,1.8101207691572458e-08,6.3976189217634876e-12,0
2254,-4.8751123771968137e-11,6.0713743060332014e-05,6.0711235700740692e-05,2.5073595913218424e-09,3.8821162289108056e-12,0
2255,1.7028419768594936e-10,-7.5782293800456119e-06,-7.5579003707503699e-06,-2.0329009295241939e-08,2.2511049226057608e-12,0
2256,-9.5252789919954680e-10,2.2775239604277443e-05,2.2771405107103207e-05,3.8344971742363277e-09,8.7886805261065830e-11,0
2258,-1.1815924244622464e-09,2.8883062008079607e-05,2.8873049495500051e-05,1.0012512579556435e-08,6.6651167070460659e-11,0
2260,-3.3685208506076032e-09,6.0718801945311776e-05,6.0693078447536515e-05,2.5723497775260909e-08,3.2163623708674582e-11,0
2262,-2.5794001428731988e-09,-3.9390311314148330e-05,-3.9416932619095371e-05,2.6621304947041361e-08,1.0831426711149959e-10,0
2263,-5.9479209258748599e-09,2.1328606626248511e-05,2.1271700443191838e-05,5.6906183056673620e-08,5.6820214746295627e-11,0
2265,3.9095582676234839e-09,2.9829165257835508e-05,2.9868197862425614e-05,-3.9032604590106754e-08,2.5780302889365369e-11,0
2266,2.7066581608089467e-10,-1.1636914349966165e-05,-1.1663814890281096e-05,2.6900540314930618e-08,7.2813044802943540e-12,0
2267,1.2201709820590182e-10,-5.5631357563090678e-06,-5.5807560484290076e-06,1.7620292119939834e-08,3.2270403412069301e-12,0
2268,-1.4864871836765774e-10,6.0738518677971626e-06,6.0859514207547396e-06,-1.2099552957577019e-08,1.1027958742143441e-11,0
2270,-8.7854647286481145e-10,5.1140944759829263e-05,5.1154779456447830e-05,-1.3834696618567250e-08,7.8512519754645632e-11,0
2272,-1.4165152188656718e-10,1.4108291241939075e-05,1.4126580844770182e-05,-1.8289602831106689e-08,4.7178402052121782e-11,0
2274,1.7698154074059119e-10,-1.1665921547037578e-05,-1.1664326498078186e-05,-1.5950489593918123e-09,1.6309701441547610e-11,0
2275,3.0516268314487981e-11,-5.5905221164349178e-06,-5.5812460929277424e-06,-9.2760235071753905e-09,1.2357315876382919e-11,0
2276,2.1478509739831688e-10,-1.3131747256325821e-05,-1.3141579223606944e-05,9.8319672811233706e-09,8.1756602555036705e-12,0
2277,-1.4646527271170428e-10,6.0754089581741000e-06,6.0860193487809128e-06,-1.0610390606812867e-08,1.0326270666163593e-11,0
2278,3.7803556634111984e-11,-1.4658433630655547e-06,-1.4702973376888524e-06,4.4539746232976974e-09,8.0828683049772420e-12,0
2279,1.8426882938327190e-10,-7.5412187932819008e-06,-7.5578682382562125e-06,1.6649444974311693e-08,3.7910950805706836e-12,0
2280,7.0727364659340130e-10,-3.7021894929081291e-05,-3.7030689833501407e-05,8.7949044201164465e-09,3.8760630124827822e-11,0
2281,4.9510071726737967e-10,1.4132985486634171e-05,1.4130240827307159e-05,2.7446593270117828e-09,4.2232336019424692e-11,0
2282,-2.1217292857177951e-10,5.1154785794812335e-05,5.1158804470213901e-05,-4.0186754015660020e-09,1.1619719088618762e-10,0
2283,4.8993696314176935e-10,-7.6397564625404341e-05,-7.6425586178402707e-05,2.8021552998366210e-08,1.9464667326998809e-11,0
2284,2.9809805711743787e-10,-1.1666995538929525e-05,-1.1663665083407371e-05,-3.3304555221548105e-09,2.5915340069049219e-11,0
2285,2.0487801779471642e-10,-5.5712680505394518e-06,-5.5802862483723886e-06,9.0181978329367126e-09,1.7443703326792531e-11,0
2286,3.7072265760014752e-10,-1.3133164633107736e-05,-1.3140722841292371e-05,7.5582081846351374e-09,1.1600865846968297e-11,0
2287,7.7895503526224435e-10,1.6730848808193394e-05,1.6714143216584726e-05,1.6705591608667542e-08,2.9567646639430368e-11,0
2288,-9.3220039676737919e-11,6.0957979332630988e-06,6.0863546163931287e-06,9.4433168699700390e-09,1.7984515916796996e-11,0
2289,7.2624600510281073e-11,-1.4661415566542997e-06,-1.4700821210101428e-06,3.9405643558430430e-09,1.1703638984194752e-11,0
2291,1.6584464059416736e-10,-7.5618961642041557e-06,-7.5579851947851908e-06,-3.9109694189648969e-09,6.0871894117196239e-12,0
2292,5.7407701933310012e-10,2.2302109215410456e-05,2.2288265167439581e-05,1.3844047970874233e-08,3.6263012576397752e-11,0
2293,4.0823237838973634e-10,2.9863996567961598e-05,2.9850361000524677e-05,1.3635567436920897e-08,2.1817157387694492e-11,0
2294,9.3878594587629694e-11,-1.1671136654092546e-05,-1.1664780321465928e-05,-6.3563326266180808e-09,3.9667856716248267e-11,0
2295,3.6570020171224800e-10,-7.3833035169858924e-05,-7.3848038204061335e-05,1.5003034202411714e-08,4.2658172828987772e-11,0
2296,-4.5400453961378740e-11,-5.5908369295939661e-06,-5.5816481718988853e-06,-9.1887576950807777e-09,1.6558578080675018e-11,0
2297,1.3311564258202737e-10,-1.3139388119913064e-05,-1.3142017366818099e-05,2.6292469050354165e-09,1.4959147611659923e-11,0
2298,2.7182160712346374e-10,-6.2162029387595810e-05,-6.2182195881346457e-05,2.0166493750647095e-08,5.3894249226150221e-11,0
2299,-1.3927904859954894e-10,6.0803430774760379e-06,6.0861312191457353e-06,-5.7881416696973690e-09,3.3386108801359345e-11,0
2300,3.9237047990017572e-11,-1.4682504069093126e-06,-1.4702486073636159e-06,1.9982004543033419e-09,2.1756451859961807e-11,0
2301,-4.1110065622074863e-10,6.8242298179521481e-05,6.8272797655443893e-05,-3.0499475922411961e-08,3.0832481239392347e-11,0
2302,-2.3258455917011123e-10,6.0693764467547109e-05,6.0710108608223055e-05,-1.6344140675945615e-08,1.7181953637978663e-11,0
2303,1.7851609674065733e-10,-7.5485720527521897e-06,-7.5579263276611909e-06,9.3542749090012493e-09,1.0396722483204667e-11,0
2304,-2.2763285983664243e-09,5.1155773629321406e-05,5.1148320072011557e-05,7.4535573098483739e-09,9.3234037519419091e-11,0
2307,-2.1906130574183205e-10,-5.5912592881800054e-06,-5.5825898835987028e-06,-8.6694045813026109e-09,6.9258284740862396e-11,0
2308,-3.5810167166234911e-11,-1.3144031805749530e-05,-1.3142935692219870e-05,-1.0961135296603543e-09,4.5699238977105309e-11,0
2310,-1.6272211845233090e-10,6.0837656549969123e-06,6.0860418118703492e-06,-2.2761568734369462e-09,4.1937277610592550e-11,0
2311,2.0529019900675960e-11,-1.4689884910499933e-06,-1.4703290242774816e-06,1.3405332274883387e-09,2.7465428116714435e-11,0
2313,-1.9075176665863585e-10,6.0706930363704260e-05,6.0710312419773984e-05,-3.3820560697234788e-09,7.2308645531113485e-11,0
2314,1.8325113844534658e-10,-7.5527107715146410e-06,-7.5579146519276984e-06,5.2038804130573766e-09,1.5157368272197360e-11,0
2315,5.0701854093323869e-10,-3.7027342426669969e-05,-3.7031654783517966e-05,4.3123568479964871e-09,7.2691369775953813e-11,0
2316,-9.1556144281130116e-11,1.4086705559353957e-05,1.4128224607242469e-05,-4.1519047888511834e-08,1.0003642983578645e-11,0
2318,3.1388627264003111e-10,-6.2169160071989457e-05,-6.2181848837690560e-05,1.2688765701102415e-08,8.4043449231327645e-11,0
2319,-1.3244397227918669e-10,6.0837829412851985e-06,6.0862598399923272e-06,-2.4768987071287571e-09,2.7104259362903818e-11,0
2320,4.5236288273157605e-11,-1.4684022129609828e-06,-1.4701644300247698e-06,1.7622170637870660e-09,1.4077365809110526e-11,0
2322,-2.6864998446778996e-10,6.0700529461521838e-05,6.0709853409341348e-05,-9.3239478195100982e-09,4.2201061049758002e-11,0
2323,1.7768026082711557e-10,-7.5522064200811943e-06,-7.5579644223079390e-06,5.7580022267447097e-09,1.0189190693662025e-11,0
2324,6.9187566011346839e-10,-3.7029591604461885e-05,-3.7030609086866138e-05,1.0174824042525786e-09,4.7072264580080897e-11,0
2325,1.8922737829656237e-10,1.4122833838725590e-05,1.4130092094684763e-05,-7.2582559591731179e-09,4.5455092439848529e-11,0
2327,-1.7322648862347893e-10,6.0705500194630814e-06,6.0860721621934002e-06,-1.5522142730318753e-08,1.5983748967514561e-11,0
2328,2.5786208162178663e-11,-1.4635489211625892e-06,-1.4702509155673743e-06,6.7019944047850886e-09,1.0548220249762092e-11,0
2329,1.9901269672216838e-10,-7.5340490829122267e-06,-7.5578607936560809e-06,2.3811710743854178e-08,3.3486777575222732e-12,0
2331,-1.7375941315915435e-10,-1.4272057408096575e-05,-1.4257550479106433e-05,-1.4506928990141879e-08,2.3300229200926749e-11,0
2332,-2.5428674506998525e-10,-7.6456848730147714e-05,-7.6429599100024198e-05,-2.7249630123516214e-08,5.6869853280170635e-11,0
2333,-4.3536178787119785e-10,-8.1704408448866894e-06,-8.1638078780994498e-06,-6.6329667872396338e-09,1.4045445454890901e-11,0
2334,3.2421549694766855e-10,-3.7039784745961785e-05,-3.7032544999991887e-05,-7.2397459698978080e-09,4.3155995090564584e-11,0
2335,-2.2531167816938117e-10,-1.5742669668753623e-05,-1.5731586297702007e-05,-1.1083371051616193e-08,9.6773897092779466e-12,0
2336,-8.0527331304180040e-11,-6.2184873540384843e-05,-6.2183909055481997e-05,-9.6448490284563228e-10,4.4765883556475158e-11,0
2337,-2.6160237460409915e-10,6.1016522003627281e-06,6.0856273910346442e-06,1.6024809328083847e-08,1.5510505403735358e-11,0
2338,-5.1552264895795943e-11,-1.4705958571894877e-06,-1.4706519441344520e-06,5.6086944964307465e-11,8.3115386205504133e-12,0
2339,-1.8107504355243192e-10,6.8286521996507518e-05,6.8274045665734165e-05,1.2476330773353566e-08,2.1266883581470484e-11,0
2340,2.8975066157368602e-11,6.0714193766799821e-05,6.0711432234084396e-05,2.7615327154252079e-09,2.1396971152165116e-11,0
2341,2.1005010970851552e-10,-7.5722623728970238e-06,-7.5578144190435271e-06,-1.4447953853496669e-08,4.5390797350255323e-12,0
2342,-4.9797491050633312e-10,2.2767734298419738e-05,2.2773135911477182e-05,-5.4016130574438786e-09,5.8556174646865751e-11,0
2343,-5.7850224219064141e-10,-3.9417105740673086e-05,-3.9406266808512846e-05,-1.0838932160240158e-08,6.2454612916041784e-11,0
2344,-7.5957728517812712e-10,2.8869345528578783e-05,2.8874574209966730e-05,-5.2286813879475825e-09,3.6461911284953046e-11,0
2345,-5.4952717547148250e-10,2.1297194423026272e-05,2.1300689607671635e-05,-3.4951846453632417e-09,2.9018022165125541e-11,0
2346,5.9954930709026335e-10,-1.4233468710317734e-05,-1.4253345253753052e-05,1.9876543435317915e-08,2.3619559596147774e-11,0
2347,1.6241529808861892e-10,-7.6436625809980915e-05,-7.6427317242568361e-05,-9.3085674125536555e-09,3.8429688967339638e-11,0
2348,6.4822337143718297e-10,-3.7031528829541659e-05,-3.7030748778566944e-05,-7.8005097471417137e-10,5.8729170208979685e-11,0
2349,4.6882047716177148e-10,-1.5712968862083634e-05,-1.5727799002414182e-05,1.4830140330547738e-08,1.3335766676569229e-11,0
2350,-4.3713400906758764e-10,-6.2203118849930156e-05,-6.2185822625472124e-05,-1.7296224458031892e-08,2.9252340487929347e-11,0
2351,-1.3072882984487694e-10,-1.4794542222964710e-06,-1.4710694914417194e-06,-8.3847308547516196e-09,7.0323991329367577e-12,0
2352,3.0640517904851437e-10,6.0723674134564518e-05,6.0712930468940995e-05,1.0743665623522190e-08,1.3902488379217087e-11,0
2353,-4.8674065328616975e-11,2.2797954754943256e-05,2.2775534126021296e-05,2.2420628921959642e-08,4.4658235430260257e-11,0
2354,-4.8580807429054736e-10,-3.9405253819601790e-05,-3.9405782557137926e-05,5.2873753613521136e-10,7.0487002863735477e-11,0
2355,-1.7940289530161411e-10,2.1318563348103614e-05,2.1302669535103602e-05,1.5893813000012315e-08,2.8326864392702781e-11,0
2356,4.3721054843806525e-10,1.6740080315193195e-05,1.6714520299147018e-05,2.5560016046177725e-08,3.1114997048909192e-11,0
2358,-1.7278367467518032e-10,1.4100733958161138e-05,1.4129531025961826e-05,-2.8797067800688487e-08,4.1154571134155160e-11,0
2359,-3.0957976859939260e-10,-1.1700871745661673e-05,-1.1666983598842606e-05,-3.3888146819067088e-08,3.6456434806137363e-11,0
2360,-2.2946070512372132e-10,-7.3882113477750574e-05,-7.3851168546535000e-05,-3.0944931215574575e-08,7.5847344405328097e-11,0
2361,-5.2666756723403121e-10,-5.6078334270889818e-06,-5.5842319488170066e-06,-2.3601478271975226e-08,1.4254922875342802e-11,0
2364,8.0119064374103166e-11,-6.2181345757798606e-05,-6.2182911153029228e-05,1.5653952306225651e-09,5.5763757398078279e-11,0
2365,-2.1708779801620191e-10,6.0930755436919455e-06,6.0859643360884354e-06,7.1112076035101276e-09,1.3818518253382010e-11,0
2366,-1.6495986943333596e-11,-1.4695208730727371e-06,-1.4704076467293040e-06,8.8677365656683939e-10,1.1554782613767196e-11,0
2367,-2.9720686235673711e-10,6.8274286596200159e-05,6.8273406810805706e-05,8.7978539445234417e-10,3.0381378958562591e-11,0
2368,-9.6615051237511165e-11,6.0711728010765138e-05,6.0710686511248375e-05,1.0414995167633127e-09,2.0137000446937974e-11,0
2369,2.0059181111599015e-10,-7.5626245179647063e-06,-7.5579005399923860e-06,-4.7239779723203226e-09,4.3998263782620196e-12,0
2370,-7.1109105799856717e-10,2.2747798951214260e-05,2.2771774665500790e-05,-2.3975714286529962e-08,7.9178486172990540e-11,0
2371,-6.3097199449512260e-10,-3.9433267828599752e-05,-3.9406631552987623e-05,-2.6636275612129819e-08,6.4906290085895497e-11,0
2373,-7.2758704516940932e-10,2.1278471099377833e-05,2.1299570023096860e-05,-2.1098923719027748e-08,4.6237047378766340e-11,0
2375,1.2901969716451180e-09,9.0555614599911738e-05,9.0559677010728130e-05,-4.0624108163918532e-09,8.6976742747815566e-11,0
2376,-3.2309004188774484e-09,-3.9393540624342582e-05,-3.9420853999346221e-05,2.7313375003638494e-08,1.0758965046760333e-10,0
2378,1.6610657721660744e-10,-1.1665929521691501e-05,-1.1664385886018283e-05,-1.5436356732182957e-09,1.6483619013363778e-11,0
2379,-4.9581734346242872e-12,-5.5915703185919347e-06,-5.5813730895102388e-06,-1.0197229081695830e-08,1.2239427146378004e-11,0
2380,1.9807274849348740e-10,-1.3131692442221177e-05,-1.3141628575657494e-05,9.9361334363170438e-09,8.1095863661911254e-12,0
2381,-1.7106475092127855e-10,6.0743963693128970e-06,6.0862726941370405e-06,-1.1876324824143500e-08,9.4903961252369236e-12,0
2382,3.1966171250053016e-11,-1.4656967917397318e-06,-1.4701108791754058e-06,4.4140874356740172e-09,8.0164320477738538e-12,0
2383,2.0303092216759990e-10,-7.5400804920773036e-06,-7.5579081646726336e-06,1.7827672595329981e-08,3.9346491815122467e-12,0
2384,-2.1325155138617773e-10,5.1158632650543864e-05,5.1162242551026548e-05,-3.6099004826836028e-09,9.9085546145890263e-11,0
2386,-8.7812926103150680e-10,5.1144008997918225e-05,5.1158835480713584e-05,-1.4826482795359257e-08,9.7265490832082250e-11,0
2387,5.4522510849974916e-10,-7.6397116745396954e-05,-7.6425187850344113e-05,2.8071104947159859e-08,1.6150938931456628e-11,0
2388,2.5913528879743485e-10,-1.1631214380981511e-05,-1.1663877858240674e-05,3.2663477259163378e-08,7.7695813456397307e-12,0
2389,8.5584751430943107e-11,-5.5708049223994471e-06,-5.5808697012692873e-06,1.0064778869840203e-08,3.6091298537018016e-12,0
2390,-1.7355053783468227e-10,6.0604740854239194e-06,6.0863110319486951e-06,-2.5836946524775674e-08,9.8096797316961156e-12,0
2391,-1.0423554676519386e-09,2.1338252730675883e-05,2.1297661359540296e-05,4.0591371135586488e-08,4.2342275814535432e-11,0
2392,-2.2595153554480628e-09,5.1158576345003339e-05,5.1151618344663557e-05,6.9580003397823982e-09,9.3363555619078726e-11,0
2393,-1.2171599058407216e-09,2.9820446954828897e-05,2.9845805728749734e-05,-2.5358773920837528e-08,1.1861765767016835e-11,0
2394,4.2869479672028421e-10,-7.6429810010955265e-05,-7.6425818266941050e-05,-3.9917440142157520e-09,8.4263933678654159e-11,0
2396,2.8098220533278639e-10,-1.1667800147371031e-05,-1.1663758552702993e-05,-4.0415946680381437e-09,3.2157112354713945e-11,0
2397,1.4465982562783274e-10,-5.5801935211902132e-06,-5.5805396108137366e-06,3.4608962352342582e-10,2.4647300969928766e-11,0
2398,3.4594243514682051e-10,-1.3134187520252513e-05,-1.3140810749957962e-05,6.6232297054492223e-09,1.6336031179367435e-11,0
2399,7.8019904766640206e-10,1.6749260030677476e-05,1.6718269208378400e-05,3.0990822299076487e-08,5.3233767353826058e-11,0
2400,-1.3632238007537138e-10,6.0876503552359171e-06,6.0865578077508263e-06,1.0925474850907328e-09,1.0066070056538002e-11,0
2401,6.4960229833858543e-11,-1.4663902113635358e-06,-1.4698769793775041e-06,3.4867680139683299e-09,6.8109920229902647e-12,0
2403,2.0128261026153238e-10,-7.5540007921110625e-06,-7.5579527450834898e-06,3.9519529724273532e-09,4.2068455468687480e-12,0
2404,6.3553922366415586e-10,2.2329396985114672e-05,2.2293806065099354e-05,3.5590920015317974e-08,5.2667408593796702e-11,0
2405,4.3425661316188456e-10,2.9883461369490869e-05,2.9855157921601839e-05,2.8303447889029389e-08,3.8859146479387800e-11,0
2407,2.8837172761768681e-10,-6.2169032885337622e-05,-6.2181530357236230e-05,1.2497471898608066e-08,8.8964166215603925e-11,0
2408,-1.6664998569545246e-10,6.0826654513018372e-06,6.0864292698110909e-06,-3.7638185092536859e-09,2.8311626119118182e-11,0
2409,3.8414622844373961e-11,-1.4683397653886959e-06,-1.4700010612678962e-06,1.6612958792003094e-09,1.4196714468885789e-11,0
2410,-4.5502171388508098e-10,6.8251722770662840e-05,6.8272535575242900e-05,-2.0812804580060172e-08,8.7659529207667742e-11,0
2411,-2.4995710482546501e-10,6.0700631398022745e-05,6.0709728215677535e-05,-9.0968176547906042e-09,3.6195602063813129e-11,0
2412,2.0506460876629002e-10,-7.5510491192457355e-06,-7.5579457103660716e-06,6.8965911203361816e-09,1.2263995239356497e-11,0
2413,1.7110543559130202e-10,2.8384714555814046e-05,2.8381672188369627e-05,3.0423674444185630e-09,4.8189099517432105e-11,0
2414,1.4315780595181586e-10,-7.6432937725232943e-05,-7.6427352126531484e-05,-5.5855987014585351e-09,6.2404167210300790e-11,0
2415,2.3030001387334069e-12,-8.1424698268016404e-06,-8.1613612598946477e-06,1.8891433093007277e-08,1.6110197696364549e-11,0
2416,2.1913409108503136e-10,-1.5691805439194476e-05,-1.5729200112903429e-05,3.7394673708953345e-08,1.5615720162673137e-11,0
2417,-1.4085480566226128e-10,6.8290491890656826e-05,6.8274249303236452e-05,1.6242587420374358e-08,3.4201061208354460e-11,0
2418,7.5976285222744436e-11,6.0741030718697991e-05,6.0711483331278811e-05,2.9547387419180877e-08,2.4442709297340461e-11,0
2419,2.1683109086114763e-10,-7.5493669074236380e-06,-7.5578957300110407e-06,8.5288225874026840e-09,1.4343499343102816e-11,0
2421,2.1256106834389161e-10,1.5445079186301829e-05,1.5437529894643235e-05,7.5492916585940639e-09,6.8738985363515793e-11,0
2424,3.7662814761628923e-10,-1.5700591642969428e-05,-1.5728344880689544e-05,2.7753237720116558e-08,4.6240527241100906e-11,0
2425,8.8511439381434360e-14,-9.1879408881651118e-05,-9.1881510214372335e-05,2.1013327212169100e-09,4.7977139895872484e-11,0
2426,-5.3503215236850299e-11,-2.3565168609065643e-05,-2.3599559439187330e-05,3.4390830121687320e-08,1.9524034458519810e-11,0
2427,1.6406707934140076e-10,-3.1145626861024678e-05,-3.1167491857392002e-05,2.1864996367324549e-08,1.9231322850845205e-11,0
2428,-5.3591726678722818e-11,6.8314243786175149e-05,6.8274723952442106e-05,3.9519833733043120e-08,4.5139727137531749e-11,0
2429,1.6397856789891888e-10,6.0733707044773738e-05,6.0711939599725067e-05,2.1767445048671266e-08,4.7997279832492032e-11,0
2430,2.1757029428762828e-10,-7.5804275552995807e-06,-7.5579056876197165e-06,-2.2521867679864234e-08,8.3857164092064963e-12,0
2431,7.0060060510026778e-10,-1.4237434353882999e-05,-1.4253041878964147e-05,1.5607525081147861e-08,1.3918978799323005e-11,0
2432,2.2917391146845524e-10,-7.6437021030368799e-05,-7.6426865325385433e-05,-1.0155704983366037e-08,2.4834174294843853e-11,0
2434,-4.7142669360109961e-10,-6.2199585152090606e-05,-6.2185537292823543e-05,-1.4047859267062989e-08,2.3015935952068804e-11,0
2437,-6.1025472005953017e-11,-1.4269935961173930e-05,-1.4257225637867266e-05,-1.2710323306663375e-08,2.7727020186997244e-11,0
2438,-1.7955075037813633e-10,1.5426300607686988e-05,1.5435391091967395e-05,-9.0904842804071266e-09,3.0019576822837447e-11,0
2439,-1.7952218418143681e-10,-7.6454834974431715e-05,-7.6429088580260500e-05,-2.5746394171214976e-08,5.0381827781388165e-11,0
2440,-3.3583824794188697e-10,-8.1676971311929469e-06,-8.1631888605405229e-06,-4.5082706524240073e-09,2.1919692061945698e-11,0
2441,3.7052662021932647e-10,-3.7037084868517343e-05,-3.7031853838748157e-05,-5.2310297691857241e-09,4.9501810722271811e-11,0
2442,-1.1982654464531695e-10,-1.5740420536335120e-05,-1.5731064908331052e-05,-9.3556280040681355e-09,1.4909039708139701e-11,0
2443,-1.1852527781348479e-10,2.9696194252122263e-05,2.9694641031011303e-05,1.5532211109593524e-09,3.0684272923541365e-11,0
2444,-1.1849671161547658e-10,-6.2184774226261078e-05,-6.2183563280992851e-05,-1.2109452682268354e-09,5.2069898836255734e-11,0
2445,-2.7481277589135883e-10,6.1022454718177486e-06,6.0859856383506221e-06,1.6259833467126432e-08,1.4926058773024703e-11,0
2446,-5.8801072534887378e-11,-1.4705110048694389e-06,-1.4704491418038921e-06,-6.1863065546847383e-11,9.0335064573881219e-12,0
2447,2.8566201002955560e-14,-9.1881008657621654e-05,-9.1881508985608120e-05,5.0032798646585264e-10,3.2908822120388853e-11,0
2448,-1.5628749837150930e-10,-2.3594005819502044e-05,-2.3600028670140664e-05,6.0228506386206086e-09,1.2336412800692022e-11,0
2449,5.9724205018913813e-11,-3.1166733761905843e-05,-3.1168076794405555e-05,1.3430324997127231e-09,9.9370951401286125e-12,0
2450,-1.5631606457301615e-10,6.8287043705321689e-05,6.8274159496749389e-05,1.2884208572299305e-08,2.3450919549235171e-11,0
2451,5.9695638820404866e-11,6.0714255606337218e-05,6.0711325408408283e-05,2.9301979289348529e-09,2.3703576077544886e-11,0
2452,2.1601170336001611e-10,-7.5727577099565877e-06,-7.5579399336873876e-06,-1.4817776269200149e-08,4.5150778633737719e-12,0
2453,-4.3155209259499108e-10,2.2767166591060317e-05,2.2772593295079913e-05,-5.4267040195955492e-09,5.8715372881368849e-11,0
2454,-5.5007737077293142e-10,5.2463356329099028e-05,5.2462607729416758e-05,7.4859968227027236e-10,8.0094606381444130e-11,0
2455,-5.5004880457579917e-10,-3.9417771213023922e-05,-3.9406470074933882e-05,-1.1301138090040344e-08,7.0701022583229134e-11,0
2456,-7.0636486851666810e-10,2.8869284850012444e-05,2.8873925235974356e-05,-4.6403859619119901e-09,4.1457081162060437e-11,0
2457,-4.9035316519705324e-10,2.1296677883442597e-05,2.1300337705342012e-05,-3.6598218994154832e-09,2.9100727779544963e-11,0
2458,-3.2099566714590721e-10,-1.1705429710653220e-05,-1.1667045940817137e-05,-3.8383769836083581e-08,2.8699645552609521e-11,0
2459,-2.7236775982780712e-10,1.7995763074256377e-05,1.8024657289132087e-05,-2.8894214875710336e-08,3.1919571843777794e-11,0
2460,-2.7239930276687680e-10,-7.3886501551167355e-05,-7.3851235596360598e-05,-3.5265954806756807e-08,5.5066235967492030e-11,0
2461,-5.6165536939967528e-10,-5.6121520604045239e-06,-5.5843609535895904e-06,-2.7791106814933470e-08,1.0913534104233149e-11,0
2463,-3.4447790286841807e-10,-1.3174883554047112e-05,-1.3144558615332944e-05,-3.0324938714168195e-08,8.9607194544696098e-12,0
2464,4.8627908283358395e-11,2.9701073210189246e-05,2.9695574510600130e-05,5.4986995891154731e-09,3.6895967152487361e-11,0
2465,4.8596365342956592e-11,-6.2181180271477345e-05,-6.2182619895858042e-05,1.4396243806975330e-09,5.0095593368551171e-11,0
2466,-2.4065970167251100e-10,6.0933433523801487e-06,6.0861961859140590e-06,7.1471664660897237e-09,1.5460986477241985e-11,0
2467,-2.3482235479467856e-11,-1.4694589397365107e-06,-1.4702427283944651e-06,7.8378865795434933e-10,7.6218473374292978e-12,0
2468,-3.1542933151094612e-14,-9.1882313508755481e-05,-9.1881508780010076e-05,-8.0472874540535744e-10,1.3155248820576187e-11,0
2469,-2.8928760991241330e-10,-2.3607904390975662e-05,-2.3600723394194936e-05,-7.1809967807261513e-09,1.2987025048585499e-11,0
2470,-7.2110143680676026e-11,-3.1170593195036130e-05,-3.1168801927053446e-05,-1.7912679826839056e-09,8.2322637314223878e-12,0
2471,-2.8925606697504637e-10,6.8274379202502410e-05,6.8273432320302700e-05,9.4688219970991833e-10,2.2845550680493631e-11,0
2472,-7.2078600743120920e-11,6.0711727362907069e-05,6.0710590455561384e-05,1.1369073456851827e-09,1.4015902482753443e-11,0
2473,2.1717746621760371e-10,-7.5627504675128063e-06,-7.5579423961525703e-06,-4.8080713602360105e-09,4.1849412071884988e-12,0
2474,-6.7457358068636159e-10,2.2739457883252934e-05,2.2771215593811334e-05,-3.1757710558400084e-08,9.5103023296454998e-11,0
2475,-6.2594567336314591e-10,5.2440642101596671e-05,5.2462172566349163e-05,-2.1530464752492315e-08,5.6050724507124569e-11,0
2476,-6.2597721630127261e-10,-3.9441645252356189e-05,-3.9406904749896938e-05,-3.4740502459250702e-08,5.0478367969158582e-11,0
2477,-9.1523328293622811e-10,2.8832834964839793e-05,2.8872732132853475e-05,-3.9897168013682259e-08,8.7463730587114674e-11,0
2478,-6.9805581640753398e-10,2.1270061395482764e-05,2.1299165742320463e-05,-2.9104346837698384e-08,3.5985756217884113e-11,0
2479,-2.1447332337953083e-10,1.4073336694543637e-05,1.4132877879950579e-05,-5.9541185406942394e-08,4.2572343492688137e-11,0
2480,1.5982684127067542e-09,-1.1678352447884888e-05,-1.1656564881275807e-05,-2.1787566609081431e-08,2.5415099163841330e-11,0
2481,5.7219169765625445e-09,1.8029734588096867e-05,1.8057392789540449e-05,-2.7658201443582747e-08,3.0493530907445358e-11,0
2482,5.7203111238276498e-09,-7.3851903280840528e-05,-7.3818491603420424e-05,-3.3411677420104070e-08,5.2412125735118559e-11,0
2483,9.4584343573838423e-09,-3.4455470072202593e-05,-3.4392707117463093e-05,-6.2762954739500139e-08,6.7111949231877617e-11,0
2484,2.3591671224130949e-09,-1.3144959940727258e-05,-1.3129789893665637e-05,-1.5170047061620543e-08,1.2693781513695081e-11,0
2485,7.6122548808490673e-09,1.6709937138486772e-05,1.6757896716812277e-05,-4.7959578325505357e-08,4.1620008783569717e-11,0
2487,4.1220426954039430e-09,-6.2173562485161099e-05,-6.2160325267005388e-05,-1.3237218155710329e-08,5.1245643567384730e-11,0
2488,7.6089870670369236e-10,-1.4665750659558895e-06,-1.4659374938480786e-06,-6.3757210781095377e-10,1.7893260015504076e-11,0
2489,6.0139864364433567e-09,2.8388359253544299e-05,2.8415758805954179e-05,-2.7399552409880100e-08,6.7589911076581379e-11,0
2490,-1.6058530029920886e-12,-9.1881802519381539e-05,-9.1881516519711317e-05,-2.8599967022196939e-10,3.6352410216498083e-11,0
2491,-3.3627498478776809e-09,-3.1174765357084048e-05,-3.1186780373274683e-05,1.2015016190635244e-08,2.0956824262491553e-11,0
2493,-3.3611439948580256e-09,6.0706933341303656e-05,6.0692604304310112e-05,1.4329036993544124e-08,2.1837303135274067e-11,0
2497,-3.7381231472409528e-09,-3.9396511662143779e-05,-3.9423932289716833e-05,2.7420627573053696e-08,7.0627947768491557e-11,0
2498,-7.0992670906411540e-09,2.1310515651790443e-05,2.1264148300281958e-05,4.6367351508484820e-08,8.8313020876680136e-11,0
2499,-1.8461794626638547e-09,5.1165383329809886e-05,5.1156360337955278e-05,9.0229918546082884e-09,1.0982203202362694e-10,0
2500,5.2530877384846961e-09,2.9854878162401469e-05,2.9884092628964290e-05,-2.9214466562821453e-08,3.2864988093649667e-11,0
2501,2.1486694756505031e-11,-8.1392076915218561e-06,-8.1612262984629910e-06,2.2018606941134821e-08,6.5497487622483833e-11,0
2502,5.8536341396074976e-10,-7.6397255684989424e-05,-7.6424888959827122e-05,2.7633274837698387e-08,1.5346254579475462e-11,0
2503,6.3026283745451947e-10,-3.7025323026408999e-05,-3.7030338555210575e-05,5.0155288015764528e-09,1.9152150287226386e-11,0
2504,-4.4899423110370481e-11,-3.9371962697929905e-05,-3.9403790738913260e-05,3.1828040983355619e-08,3.9567148845530826e-11,0
2505,6.5137943904805260e-10,-3.7026373103175424e-05,-3.7030205009740456e-05,3.8319065650313077e-09,4.0349743110988718e-11,0
2506,4.3556019397058095e-10,1.4136057316053638e-05,1.4137208949124029e-05,-1.1516330703904246e-09,3.8252495033386124e-11,0
2507,-2.1581924479574011e-10,5.1162301199835468e-05,5.1165713608465880e-05,-3.4124086304118434e-09,9.2363016165705577e-11,0
2508,1.5535264401978299e-10,-1.1665769170298747e-05,-1.1664444613014386e-05,-1.3245572843603173e-09,1.9082914677585508e-11,0
2509,-3.8902169595215615e-11,-5.5921202503309703e-06,-5.5814899677141305e-06,-1.0630282616839780e-08,1.3494473978781355e-11,0
2510,1.8116752611138231e-10,-1.3131240912520395e-05,-1.3141677875082901e-05,1.0436962562506081e-08,8.7035866174470685e-12,0
2511,-1.9425481386802838e-10,6.0736298781243706e-06,6.0865439653710117e-06,-1.2914087246641042e-08,1.1016320058465368e-11,0
2512,2.5814882061410926e-11,-1.4654703499278159e-06,-1.4699203740303108e-06,4.4500241024949020e-09,9.1625209831789189e-12,0
2513,2.2006969588378774e-10,-7.5390944925656650e-06,-7.5579612589783588e-06,1.8866766412693806e-08,3.9231004359191807e-12,0
2514,2.0825115143723116e-13,-9.1879532249461863e-05,-9.1881505227182502e-05,1.9729777206385418e-09,5.3341334431125147e-11,0
2515,2.2210419653693266e-10,1.4132232639298050e-05,1.4136213943674467e-05,-3.9813043764174501e-09,5.5591302267844967e-11,0
2517,2.5053379323153181e-10,-1.1622233437589766e-05,-1.1663924830821529e-05,4.1691393231763006e-08,8.9844664147206539e-12,0
2518,5.9528981989653180e-11,-5.5738659584109174e-06,-5.5809445584270870e-06,7.0786000161696323e-09,4.4913251004057551e-12,0
2519,-1.9100481167800276e-10,6.0484501723141737e-06,6.0866074887476577e-06,-3.8157316433484010e-08,1.4321173592869953e-11,0
2521,3.3167414739539580e-11,-3.1168658935723514e-05,-3.1168257585422668e-05,-4.0135030084667784e-10,6.2034444155549171e-12,0
2522,3.3174515479330397e-11,6.0712977476040197e-05,6.0711074852614397e-05,1.9026234257998854e-09,6.8012279555829874e-12,0
2523,-9.4489841092043495e-10,5.2470896609658688e-05,5.2460307902756103e-05,1.0588706902584606e-08,8.9572255482724624e-11,0
2524,-9.4490551166524925e-10,-3.9410645106549048e-05,-3.9408764468703068e-05,-1.8806378459799750e-09,6.5780824885678646e-11,0
2525,-9.1173099566196566e-10,2.1302360201440676e-05,2.1297776657721340e-05,4.5835437193360003e-09,3.3445433604421822e-11,0
2526,-5.5770915877213931e-10,6.8318107754783766e-05,6.8271958136490216e-05,4.6149618293549926e-08,2.9823300883376483e-11,0
2527,3.7386956024981965e-09,9.0585537687046594e-05,9.0578455965922421e-05,7.0817211241728899e-09,5.0863418125078990e-11,0
2528,4.2964047735860312e-09,2.2267310521105650e-05,2.2318220161980561e-05,-5.0909640874910537e-08,3.0990139753852360e-11,0
2529,2.5951493846945758e-10,2.9714545397975176e-05,2.9696892756102878e-05,1.7652641872297717e-08,4.5284103389657368e-11,0
2530,2.5942473473078463e-10,-6.2168918910499374e-05,-6.2181219447073922e-05,1.2300536574548493e-08,6.1066991222612220e-11,0
2531,-1.9993862703367170e-10,6.0819968118503050e-06,6.0866124041067863e-06,-4.6155922564813072e-09,2.5784418706400034e-11,0
2532,3.1100180026399536e-11,-1.4682554747070566e-06,-1.4698354868321714e-06,1.5800121251148483e-09,1.4639625425049211e-11,0
2533,-9.0203736286418626e-14,-9.1883598433285945e-05,-9.1881504795458021e-05,-2.0936378279239358e-09,6.9337998678814755e-11,0
2534,-4.5945356602902934e-10,-2.3632578019605263e-05,-2.3601397957245160e-05,-3.1180062360103040e-08,3.7935416732821901e-11,0
2535,-2.2841475844116813e-10,-3.1182869406135016e-05,-3.1169697339340358e-05,-1.3172066794658605e-08,1.9672255035900250e-11,0
2536,-4.5936336229391239e-10,6.8250894944731771e-05,6.8272493740039169e-05,-2.1598795307397473e-08,7.4670972951987192e-11,0
2537,-2.2832455470419752e-10,6.0700696081519151e-05,6.0709613528216605e-05,-8.9174466974537079e-09,2.2028770899472849e-11,0
2538,2.3103880723076274e-10,-7.5502386734916088e-06,-7.5579378925689629e-06,7.6992190773541940e-09,1.2748001233139482e-11,0
2539,1.0576721480672472e-09,-3.7086832956924332e-05,-3.7027874020637416e-05,-5.8958936286915363e-08,7.2813429088536722e-11,0
2540,-1.9138896666277749e-10,-2.3598050150838018e-05,-2.3599895755037428e-05,1.8456041994097355e-09,2.2722547372099660e-11,0
2541,1.4668574441092050e-09,-6.2129618528574890e-05,-6.2174577699754250e-05,4.4959171179359872e-08,3.4172240524023194e-11,0
2542,3.4957083638409951e-10,-1.4618925661691057e-06,-1.4680752983650788e-06,6.1827321959730140e-09,1.6489887265191845e-11,0
2543,-6.8480095646964990e-10,2.8378936202975297e-05,2.8381540871208659e-05,-2.6046682333620000e-09,3.7549839203350734e-11,0
2544,-1.1172866093784329e-09,6.0667701925559269e-05,6.0704735105056972e-05,-3.7033179497703006e-08,1.5014340090419904e-11,0
2545,-2.1516584103724291e-09,9.0508653379305082e-05,9.0547016784014918e-05,-3.8363404709836632e-08,4.0148644432318235e-11,0
2547,-8.2109257536376679e-11,-3.9346440758496540e-05,-3.9404127342626940e-05,5.7686584130399801e-08,7.3251120766587661e-11,0
2548,-1.1993958633699623e-09,2.1321269971136085e-05,2.1296065341318118e-05,2.5204629817966956e-08,6.4876741116911057e-11,0
2549,-2.2337676465208133e-09,5.1162229611744544e-05,5.1155963429057677e-05,6.2661826868672587e-09,5.3479464997493294e-11,0
2550,-1.0343717956651649e-09,2.9840945520779455e-05,2.9851800719500937e-05,-1.0855198721481995e-08,1.4669727013830095e-11,0
2554,-9.2577429467943453e-10,6.8289644759324079e-05,6.8269943529984970e-05,1.9701229339108908e-08,3.5083639464496898e-11,0
2555,-6.4389050429600355e-10,6.0707652887852844e-05,6.0707303669104612e-05,3.4921874823189624e-10,2.1884644742845838e-11,0
2556,2.8188379133083346e-10,-7.5820048750646629e-06,-7.5576835218764236e-06,-2.4321353188239288e-08,9.8186242582284426e-12,0
2558,2.2711812488957269e-11,-1.4268491228276378e-05,-1.4256984849392182e-05,-1.1506378884196378e-08,2.7668633264198763e-11,0
2559,-1.2404744656914088e-10,1.5427748343024850e-05,1.5435705679228841e-05,-7.9573362039917894e-09,2.9897687112762215e-11,0
2560,-1.2400718811976120e-10,-7.6453316280195374e-05,-7.6428709301864213e-05,-2.4606978331161351e-08,5.6257288631802329e-11,0
2561,-2.5911215114581577e-10,-8.1657462518511942e-06,-8.1627136348180254e-06,-3.0326170331688160e-09,2.2456179816909734e-11,0
2562,4.0073386694995838e-10,-3.7035373850325629e-05,-3.7031362593448002e-05,-4.0112568776274043e-09,5.3019339580618158e-11,0
2563,-4.1260992488163468e-11,-1.5738910713936072e-05,-1.5730676560112757e-05,-8.2341538233150638e-09,1.4815504567775269e-11,0
2564,-1.4675925854083373e-10,2.9696214545081416e-05,2.9694762234759744e-05,1.4523103216725324e-09,1.3629259694115948e-11,0
2565,-1.4671900009597539e-10,-6.2184827966120862e-05,-6.2183305599007712e-05,-1.5223671131494535e-09,2.0000688935335869e-11,0
2566,-2.8182396363737989e-10,6.1027387965879431e-06,6.0862677767021696e-06,1.6471019885773460e-08,1.2166368473961129e-11,0
2567,-6.3972804883158125e-11,-1.4704534596478129e-06,-1.4702969257855550e-06,-1.5653386225793373e-10,3.7442340561295566e-12,0
2568,4.0258446618520642e-14,-9.1881036445516049e-05,-9.1881501805613904e-05,4.6536009785512911e-10,1.2329762445931819e-11,0
2569,-1.3506470541876336e-10,-2.3593463318557703e-05,-2.3599491729308926e-05,6.0284107512224676e-09,1.3950708451616154e-11,0
2570,8.2786453392647173e-11,-3.1166640537841524e-05,-3.1168020008596868e-05,1.3794707553441317e-09,5.6194371772705443e-12,0
2571,-1.3510496386520981e-10,6.8287578130578341e-05,6.8274259414678572e-05,1.3318715899769814e-08,1.8186931265016144e-11,0
2572,8.2746194947339568e-11,6.0714373955147137e-05,6.0711246853637319e-05,3.1271015098180877e-09,9.3942973456039827e-12,0
2573,2.1785115875654338e-10,-7.5731733967861637e-06,-7.5580475727657369e-06,-1.5125824020426778e-08,5.3908374165950782e-12,0
2574,-3.7802205480083622e-10,2.2766836449435342e-05,2.2772211584909632e-05,-5.3751354742902690e-09,2.5924562078988723e-11,0
2575,-5.2478131369178810e-10,5.2463081310063706e-05,5.2462467972411026e-05,6.1333765267958164e-10,4.1953185010655015e-11,0
2576,-5.2474105524309611e-10,-3.9418065318288370e-05,-3.9406598886193677e-05,-1.1466432094693212e-08,2.8021005465728831e-11,0
2577,-6.5984601843716921e-10,2.8869475794016108e-05,2.8873479764004975e-05,-4.0039699888666893e-09,4.6042207216781050e-11,0
2578,-4.4199485975049646e-10,2.1296452497102797e-05,2.1300099211431648e-05,-3.6467143288513313e-09,1.7123515610168617e-11,0
2579,2.7139917185400492e-10,-5.5365217084685225e-06,-5.5797573447920247e-06,4.3235636323502166e-08,1.5404644882694276e-11,0
2580,6.1257050145084609e-10,1.6739267396367191e-05,1.6722272811794639e-05,1.6994584572551763e-08,2.2305621828433698e-11,0
2581,3.4117132991835050e-10,2.2275809040812194e-05,2.2298414481750055e-05,-2.2605440937860122e-08,2.1029869761947430e-11,0
2582,-3.3135375523225290e-10,-1.1712295764101238e-05,-1.1667102506111672e-05,-4.5193257989566151e-08,8.6497045805579972e-11,0
2585,-5.9220635311324958e-10,-5.6186612921518830e-06,-5.5844680178357149e-06,-3.4193274316168159e-08,4.8894389178004918e-11,0
2587,-3.6157892668261205e-10,-1.3181699623977805e-05,-1.3144614458245693e-05,-3.7085165732112077e-08,3.3702130511704524e-11,0
2588,1.6989478942439914e-11,2.9701150499563365e-05,2.9695700200011043e-05,5.4502995523226681e-09,3.1283185067291412e-11,0
2589,1.6971541526982268e-11,-6.2181090799567646e-05,-6.2182346286388977e-05,1.2554868213305627e-09,3.7418906656906899e-11,0
2590,-2.6085259734223683e-10,6.0936374829179455e-06,6.0864331906099164e-06,7.2042923080290535e-09,1.5866059588569016e-11,0
2591,-3.0225171197921573e-11,-1.4693521256754424e-06,-1.4700839704431835e-06,7.3184476774108077e-10,7.1853597813296933e-12,0
2592,-1.7937413583041856e-14,-9.1882259445832913e-05,-9.1881500993242670e-05,-7.5845259024274417e-10,2.1439019882761380e-11,0
2593,-2.7784207624207537e-10,-2.3607558020885067e-05,-2.3600204563779359e-05,-7.3534571057081929e-09,1.7318448365360255e-11,0
2594,-4.7214650071243567e-11,-3.1170504623729157e-05,-3.1168740925180561e-05,-1.7636985485960867e-09,1.0765776097581889e-11,0
2595,-2.7782413883117696e-10,6.8274604065849970e-05,6.8273477500687064e-05,1.1265651629068733e-09,4.1622161195303800e-11,0
2596,-4.7196712661403063e-11,6.0711733004499297e-05,6.0710504770367526e-05,1.2282341317710276e-09,2.2026758412643278e-11,0
2597,2.3062742615071252e-10,-7.5629585090523140e-06,-7.5579964923305130e-06,-4.9620167218010518e-09,6.1400968103962202e-12,0
2599,-6.1583318545468676e-10,5.2429074720337226e-05,5.2461926604640508e-05,-3.2851884303281508e-08,8.1982273606563928e-11,0
2600,-6.1585112286856974e-10,-3.9453005174595185e-05,-3.9407138843520689e-05,-4.5866331074495494e-08,9.0495361275148591e-11,0
2601,-8.9367526125442740e-10,2.8821596034074581e-05,2.8872091732151159e-05,-5.0495698076577755e-08,9.5796761144749478e-11,0
2602,-6.6304783482090792e-10,2.1258831660320165e-05,2.1298812227142171e-05,-3.9980566822005301e-08,4.7607980208147595e-11,0
2603,-7.0873955378042877e-11,-6.2185571983525839e-05,-6.2182785912972242e-05,-2.7860705535968835e-09,6.1835535040007706e-11,0
2604,-2.5693571689441900e-10,6.0948738820733664e-06,6.0864857793386712e-06,8.3881027346952372e-09,2.4327624472950781e-11,0
2605,-3.8526940244850611e-11,-1.4711844394210520e-06,-1.4701117356207687e-06,-1.0727038002833530e-09,2.0019042169979323e-11,0
2606,-1.8606176164589199e-10,6.8280323012209418e-05,6.8273977063412913e-05,6.3459487965053865e-09,5.2555480091429810e-11,0
2607,3.2347015013138051e-11,6.0714301785698335e-05,6.0710919252016344e-05,3.3825336819901636e-09,3.3791772924812917e-11,0
2608,2.1840877666697885e-10,-7.5660171985746788e-06,-7.5580746765982515e-06,-7.9425219764273314e-09,1.3487651935745098e-11,0
2609,2.6915858174221883e-10,-3.4481801169414933e-05,-3.4442729184323857e-05,-3.9071985091076046e-08,6.7694042963702774e-11,0
2610,-5.5572844848060252e-10,1.6678319471368636e-05,1.6716486017176463e-05,-3.8166545807827171e-08,3.6227323716053627e-11,0
2611,-8.2488703183031736e-10,5.1159819295822431e-05,5.1164975048444356e-05,-5.1557526219245947e-09,6.3640250293024766e-11,0
2612,1.0783472726505749e-10,-7.6436346835142852e-05,-7.6427415458190777e-05,-8.9313769520746973e-09,7.3792592156578396e-11,0
2613,-3.3023507732858581e-09,-3.1177100148951486e-05,-3.1186531779099457e-05,9.4316301479707623e-09,1.7295789989802554e-11,0
2616,-7.5062596294351009e-09,2.1305550406602349e-05,2.1261335304508502e-05,4.4215102093846461e-08,6.2653108769085026e-11,0
2618,5.7660561112844747e-09,2.9863527754859110e-05,2.9890889197867766e-05,-2.7361443008655772e-08,2.1485816240497722e-11,0
2619,3.1103679480849051e-10,1.5442034658956320e-05,1.5438087118574917e-05,3.9475403814030036e-09,3.0427410235999569e-11,0
2620,3.1120629484657980e-10,-7.6437882020334753e-05,-7.6426296467799003e-05,-1.1585552535750164e-08,3.9795255902347809e-11,0
2621,6.3631329732490645e-10,-3.7032129953044196e-05,-3.7029921159869439e-05,-2.2087931747570653e-09,5.1497321812722576e-11,0
2622,1.6950003753687250e-13,-9.1879996739832156e-05,-9.1881497720654279e-05,1.5009808221230466e-09,3.5793542244560713e-11,0
2624,-3.2510700394122089e-10,-3.9405993592417712e-05,-3.9405635484430587e-05,-3.5810798712520870e-10,7.3819083057320001e-11,0
2625,2.5517219828946767e-10,-1.1668528889204402e-05,-1.1663899500592041e-05,-4.6293886123609994e-09,1.9882012081567917e-11,0
2626,5.7301587305305821e-11,-5.5866411058490967e-06,-5.5809020100316169e-06,-5.7390958174798054e-09,1.4593331455479639e-11,0
2627,3.0742299959493124e-10,-1.3135047252196136e-05,-1.3140949081826224e-05,5.9018296300883118e-09,9.5416711352007779e-12,0
2628,-1.9787061135764481e-10,6.0818935763090956e-06,6.0868878637873745e-06,-4.9942874782789342e-09,1.0511046574331528e-11,0
2629,5.2250801313100829e-11,-1.4665132011719775e-06,-1.4695712097055278e-06,3.0580085335502382e-09,7.3666981296456150e-12,0
2630,2.5012141292461796e-10,-7.5483870377525582e-06,-7.5579307043305297e-06,9.5436665779715307e-09,3.9307384515235223e-12,0
2632,2.4313856464719322e-10,-1.1606661990329684e-05,-1.1663965216004541e-05,5.7303225674857846e-08,9.4072543367437938e-12,0
2633,3.8052664983119164e-11,-5.5753411262460251e-06,-5.5809999533369105e-06,5.6588270908854100e-09,3.7970519238598949e-12,0
2634,-2.0508590006418428e-10,6.0314530144081960e-06,6.0868901448005960e-06,-5.5437130392400021e-08,9.1789753067530596e-12,0
2635,6.2334984154515388e-10,-3.7028405329478855e-05,-3.7029938310130475e-05,1.5329806516195857e-09,7.1001963368235931e-11,0
2636,9.5383140762165848e-14,-9.1880375551562919e-05,-9.1881496904358938e-05,1.1213527960189391e-09,6.0033291849970606e-11,0
2637,2.0909913651046833e-10,-3.1163983346850846e-05,-3.1167374923973346e-05,3.3915771224996873e-09,1.5580808862400639e-11,0
2638,2.0900375337012221e-10,6.0716387092940756e-05,6.0711804187784644e-05,4.5829051561116214e-09,2.6806261964035463e-11,0
2640,-8.7930626582829239e-10,5.1146823093853669e-05,5.1166023024679322e-05,-1.9199930825653118e-08,9.6470313618924022e-11,0
2641,1.3598662949461385e-13,-9.1879694365342817e-05,-9.1881495535408751e-05,1.8011700659334006e-09,6.4355739711306115e-11,0
2643,1.4333047553102980e-10,-1.1665315998651837e-05,-1.1664510265815933e-05,-8.0573283590472898e-10,2.1287642717211791e-11,0
2644,-7.5304035111805361e-11,-5.5925133615334147e-06,-5.5816075916206983e-06,-1.0905769912716370e-08,1.6393914730383865e-11,0
2645,1.6175347879614543e-10,-1.3130314324462378e-05,-1.3141732912645120e-05,1.1418588182741951e-08,1.0762580084758427e-11,0
2646,-2.1863451086866370e-10,6.0728656380380081e-06,6.0868823894990681e-06,-1.4016751461060027e-08,1.0203646164783137e-11,0
2647,1.8423003232657990e-11,-1.4650084688688086e-06,-1.4696951655729869e-06,4.6866967041782499e-09,8.2322653374958558e-12,0
2648,2.3705751401514620e-10,-7.5378355648162906e-06,-7.5580416810962553e-06,2.0206116279964704e-08,3.9083915434703871e-12,0
2651,4.1295725222334914e-11,-3.9372242628506887e-05,-3.9403757100499889e-05,3.1514471993002256e-08,3.6957570915368710e-11,0
2652,1.3955798238651355e-10,5.1192336336812819e-05,5.1172178524584185e-05,2.0157812228633774e-08,4.7332729199313639e-11,0
2653,2.2247627860982557e-10,2.9714477864657696e-05,2.9697057087901440e-05,1.7420776756255595e-08,4.8052881948276113e-11,0
2654,-2.3612643464478546e-10,6.0814890950845399e-06,6.0868413363954804e-06,-5.3522413109405618e-09,2.6829322410818300e-11,0
2655,2.2237042285590201e-11,-1.4681629500476814e-06,-1.4696436606433786e-06,1.4807105956971145e-09,1.5012702575033632e-11,0
2656,-4.5860271371919322e-10,-2.3633229445903584e-05,-2.3600832815342389e-05,-3.2396630561194642e-08,3.5443308030942260e-11,0
2657,-2.0023923626331053e-10,-3.1182816979259675e-05,-3.1169635535083286e-05,-1.3181444176389701e-08,1.9454331905396647e-11,0
2658,2.5836347703830889e-10,-7.5496670807174114e-06,-7.5579453350865065e-06,8.2782543690951209e-09,1.1163628123682111e-11,0
2660,-1.9269025003286328e-10,6.1002702051249705e-06,6.0871099949150143e-06,1.3160210209956188e-08,1.6904007646433016e-11,0
2661,6.0300120946135976e-11,-1.4551425033919319e-06,-1.4694180843712224e-06,1.4275580979290525e-08,1.1122135285940031e-11,0
2662,1.6588549442975929e-10,2.8408653262047921e-05,2.8391350829613793e-05,1.7302432434127425e-08,4.0419408769474304e-11,0
2663,2.5299037119076239e-10,-7.5553550891204520e-06,-7.5579862299108512e-06,2.6311407903991304e-09,4.9853368173687128e-12,0
2664,3.5857574449817468e-10,2.2308370685098465e-05,2.2302500727388546e-05,5.8699577099190540e-09,2.6515766781553360e-11,0
2665,1.0558537335412235e-10,2.9863766522478393e-05,2.9862490812217047e-05,1.2757102613457404e-09,1.8530685698304284e-11,0
2666,5.0161382764799846e-10,-3.6984968590088665e-05,-3.7030445824827105e-05,4.5477234738439121e-08,6.1886226166123262e-11,0
2668,-2.2403743997690450e-10,6.0637182174964888e-06,6.0869664271376071e-06,-2.3248209641118299e-08,1.5650275279454235e-11,0
2669,9.0132827233795294e-12,-1.4588736812683623e-06,-1.4696826063786382e-06,1.0808925110275901e-08,1.2018214810081249e-11,0
2670,2.3305072257769402e-10,-7.5225270122769583e-06,-7.5581052634790579e-06,3.5578251202099639e-08,3.5572521382816219e-12,0
2671,5.8947728897066786e-10,-3.7029006719724658e-05,-3.7029940745338468e-05,9.3402561381040420e-10,2.7259801539534215e-11,0
2672,3.6700578025338489e-10,1.4138649661588759e-05,1.4142394672706303e-05,-3.7450111175440045e-09,2.4991642425156466e-11,0
2673,-2.2247150878179784e-10,5.1167538613923827e-05,5.1170959711144437e-05,-3.4210972206101769e-09,5.2463402555851049e-11,0
2674,1.3052355157378915e-10,-1.4266588254459658e-05,-1.4256678767318746e-05,-9.9094871409123012e-09,2.5814187081720701e-11,0
2675,-5.2611321378197451e-11,1.5429518278075802e-05,1.5436110785837385e-05,-6.5925077615835190e-09,1.6984023201086726e-11,0
2676,-5.2556145410598312e-11,-7.6451493384324665e-05,-7.6428219732118508e-05,-2.3273652206156790e-08,5.9664704315896119e-11,0
2677,-1.5671916036103431e-10,-8.1632803022660405e-06,-8.1620810562924941e-06,-1.1992459735464219e-09,1.3209948957416623e-11,0
2678,4.3422646926475963e-10,-3.7033114002204496e-05,-3.7030753672781183e-05,-2.3603294233129259e-09,3.2965369437629382e-11,0
2679,6.0165997025366172e-11,-1.5736999649859987e-05,-1.5730175805651324e-05,-6.8238442086625154e-09,8.7968473329981205e-12,0
2680,-1.8313487250197265e-10,2.9696017450660771e-05,2.9694923154360996e-05,1.0942962997746329e-09,3.1678838087636705e-11,0
2681,-1.8307969653717017e-10,-6.2184857270608518e-05,-6.2182966486262382e-05,-1.8907843461361601e-09,5.2273635068613981e-11,0
2682,-2.8724271199295966e-10,6.1033694022901482e-06,6.0866565548832422e-06,1.6712847406906051e-08,1.4862462769032207e-11,0
2683,-7.0357554475010819e-11,-1.4703612678181217e-06,-1.4700961738556163e-06,-2.6509396250548398e-10,8.9396578771746876e-12,0
2684,5.5175968213865989e-14,-9.1880977234223198e-05,-9.1881492432840676e-05,5.1519861747823577e-10,2.9404805659797124e-11,0
2685,-1.0410783985156487e-10,-2.3592773611341884e-05,-2.3598772932029961e-05,5.9993206880767285e-09,1.2737274651973780e-11,0
2687,-1.0416301581917479e-10,6.8288176880782273e-05,6.8274407607741346e-05,1.3769273040926521e-08,2.5206339937130935e-11,0
2688,1.1272214179614733e-10,6.0714447304421708e-05,6.0711143629866168e-05,3.3036745555401338e-09,2.2734956062035447e-11,0
2689,2.1688515753495583e-10,-7.5737231832789711e-06,-7.5582065045196079e-06,-1.5516678759363174e-08,4.1406507095742122e-12,0
2690,-3.0370291798331596e-10,2.2766489770754787e-05,2.2771737373233486e-05,-5.2476024786990362e-09,7.8502721748175520e-11,0
2691,-4.8683779080080278e-10,5.2462488127963045e-05,5.2462312338791732e-05,1.7578917131216539e-10,9.0599496737467998e-11,0
2692,-4.8678261483348204e-10,-3.9418363286993635e-05,-3.9406740230224307e-05,-1.1623056769328489e-08,6.6790710653197910e-11,0
2693,-5.9094562993594612e-10,2.8869778140353311e-05,2.8872942700305202e-05,-3.1645599518906537e-09,4.3368967208198852e-11,0
2694,-3.7406047251027052e-10,2.1296074340954041e-05,2.1299814001003314e-05,-3.7396600492735376e-09,3.2784606902459288e-11,0
2695,-1.9825296721367297e-11,2.9701151429605867e-05,2.9695836083644476e-05,5.3153459613907057e-09,3.0100420786889370e-11,0
2696,-1.9827561154881041e-11,-6.2181162846567089e-05,-6.2182043419118570e-05,8.8057255148081374e-10,4.2044567852128423e-11,0
2697,-2.8043961409196311e-10,6.0940815163459190e-06,6.0867182562733806e-06,7.3632600725384735e-09,1.6823784392981192e-11,0
2698,-3.7770389733859014e-11,-1.4692588925046927e-06,-1.4699043900068158e-06,6.4549750212305657e-10,7.6742298115357703e-12,0
2700,-2.6061431732958047e-10,-2.3607055192795354e-05,-2.3599595351782273e-05,-7.4598410130814123e-09,1.5671785560101828e-11,0
2701,-1.7945092955198662e-11,-3.1170396274195168e-05,-3.1168665695388865e-05,-1.7305788063026089e-09,8.9129423831350979e-12,0
2702,-2.6061205289758946e-10,6.8275098929407438e-05,6.8273552023562117e-05,1.5469058453203592e-09,2.8968915145672656e-11,0
2703,-1.7942828523211321e-11,6.0711847839545066e-05,6.0710414408404334e-05,1.4334311407323392e-09,1.3624169913673273e-11,0
2704,2.4266922435452234e-10,-7.5633474156285279e-06,-7.5580747148045010e-06,-5.2727008240269441e-09,5.5029625586817966e-12,0
2706,-5.9827765561427800e-10,5.2410224454121218e-05,5.2461682476621235e-05,-5.1458022500016926e-08,9.5934688966384760e-11,0
2707,-5.9827992004295195e-10,-3.9472148776031890e-05,-3.9407369572346986e-05,-6.4779203684903902e-08,8.3302371663547270e-11,0
2708,-8.5889197237864285e-10,2.8802854279200846e-05,2.8871425857362901e-05,-6.8571578162055711e-08,1.1452515993921007e-10,0
2709,-6.1622274779642561e-10,2.1239678807641327e-05,2.1298453052522742e-05,-5.8774244881415211e-08,5.3082705047078568e-11,0
2710,3.6557439552187434e-10,1.6729247777387199e-05,1.6725120029358685e-05,4.1277480285136251e-09,2.5116020161925218e-11,0
2711,-1.4786605285727106e-10,2.9698949265738375e-05,2.9695164328805845e-05,3.7849369325293394e-09,3.1828205535293027e-11,0
2712,-1.4783414595023826e-10,-6.2182570571395288e-05,-6.2182701378570764e-05,1.3080717547542600e-10,5.3548856705723367e-11,0
2713,-3.0555784566610259e-10,6.1008839484428569e-06,6.0866130520665774e-06,1.4270896376279460e-08,1.8534723870294764e-11,0
2714,-7.1813476033298581e-11,-1.4695199216632673e-06,-1.4700722958959778e-06,5.5237423271052058e-10,1.0947900730141508e-11,0
2715,3.1906906042183726e-14,-9.1881590929279505e-05,-9.1881491304790725e-05,-9.9624488780064580e-11,4.0502962277314355e-11,0
2716,-1.5769179299616384e-10,-2.3598185918436571e-05,-2.3598991290554254e-05,8.0537211768301128e-10,2.0901604326860689e-11,0
2717,7.6052576657530650e-11,-3.1168563514003943e-05,-3.1168159275257578e-05,-4.0423874636514407e-10,1.4386487309465077e-11,0
2718,-1.5772369990450168e-10,6.8283447514477444e-05,6.8274112306895111e-05,9.3352075823330142e-09,4.3084926566100370e-11,0
2719,7.6020669750545720e-11,6.0713086606244311e-05,6.0710907146642512e-05,2.1794596017989955e-09,2.2963382264861608e-11,0
2720,2.3374436961770327e-10,-7.5703659443799795e-06,-7.5581351934966093e-06,-1.2230750883370256e-08,8.3215812557068823e-12,0
2722,-8.3224199820521849e-10,5.1163032220550783e-05,5.1168698586350336e-05,-5.6663657995530115e-09,4.6179692761116772e-11,0
2723,1.4814592253255810e-11,-5.5886445641025601e-06,-5.5810745206742185e-06,-7.5700434283416015e-09,1.7588353000743173e-11,0
2724,2.8740792719096394e-10,-1.3135375727866411e-05,-1.3141021004180615e-05,5.6452763142042419e-09,1.2025227547155894e-11,0
2725,2.7259333549174647e-10,-7.5467364397059688e-06,-7.5579349682338886e-06,1.1198528527919798e-08,4.5922495314185557e-12,0
2726,-1.9444678527173667e-10,2.9699927832432305e-05,2.9694940062794891e-05,4.9877696374142633e-09,2.2238105577081679e-11,0
2727,-1.9442023201785567e-10,-6.2181960929813497e-05,-6.2182910758597752e-05,9.4982878425528897e-10,1.3714706095008023e-11,0
2728,2.6553256909341614e-14,-9.1881918341533809e-05,-9.1881490555964946e-05,-4.2778556886343289e-10,1.3976440968888560e-11,0
2729,9.7905081232502208e-09,-3.4442293663016627e-05,-3.4390519998046956e-05,-5.1773664969670874e-08,8.9804835438449380e-11,0
2730,8.1774497478152469e-09,1.6730961602605659e-05,1.6768426612993148e-05,-3.7465010387488756e-08,6.2259741651194356e-11,0
2732,9.0687494803926485e-10,-1.4246211235862012e-05,-1.4252524311944599e-05,6.3130760825872437e-09,1.3796469398932036e-11,0
2733,3.6508159687170238e-10,1.5441222378538046e-05,1.5438396316618964e-05,2.8260619190813427e-09,1.8352771922456239e-11,0
2734,3.6526129213028258e-10,-7.6439104899531096e-05,-7.6425908093366210e-05,-1.3196806164885756e-08,2.9148404019251098e-11,0
2735,6.0854161117417325e-10,-8.0884234706767727e-06,-8.1578798612978710e-06,6.9456390621098259e-08,1.5980782512236200e-11,0
2736,7.6436551137950624e-10,-1.5719541026475983e-05,-1.5726346199659918e-05,6.8051731839345868e-09,8.0197553595640217e-12,0
2737,-5.4179335108531978e-10,2.9687414133124090e-05,2.9693072881519350e-05,-5.6587483952599544e-09,2.8060700601517374e-11,0
2738,-5.4161365582505683e-10,-6.2192897868103628e-05,-6.2184762406088443e-05,-8.1354620151848338e-09,2.3005158649007634e-11,0
2739,-2.9833333660026197e-10,6.1577766510226978e-06,6.0867220627772055e-06,7.1054588245492235e-08,1.6287369836963112e-11,0
2740,-1.4250943661270014e-10,-1.4733082709965026e-06,-1.4704191912004607e-06,-2.8890797960418705e-09,9.9380079441675467e-12,0
2741,1.7969526653272543e-13,-9.1880339006138897e-05,-9.1881488952956381e-05,1.1499468174837758e-09,2.7468202780632787e-11,0
2742,2.4346001399571042e-10,-2.3529656020242901e-05,-2.3596709209498734e-05,6.7053189255833685e-08,1.7383877210669035e-11,0
2743,3.9928391457183860e-10,-3.1160735694165873e-05,-3.1166409128379808e-05,5.6734342139357335e-09,1.3800727740305741e-11,0
2744,2.4328031872447254e-10,6.8350658778457141e-05,6.8276298726243132e-05,7.4360052214008819e-08,2.3642688088191638e-11,0
2745,3.9910421929956809e-10,6.0719550925688627e-05,6.0712627120712867e-05,6.9238049757601905e-09,1.1290511479925576e-11,0
2746,1.5582389960652493e-10,-7.6311143380244223e-06,-7.5585862622868031e-06,-7.2528075737619194e-08,7.3926098863747657e-12,0
2747,5.6172806802617921e-10,-7.6430281515277830e-05,-7.6424828692955551e-05,-5.4528223222794717e-09,5.1033583164801782e-11,0
2748,5.9503265231259431e-10,-3.7028555975265756e-05,-3.7029719272273721e-05,1.1632970079640558e-09,5.2808863994147600e-11,0
2751,-3.3304584431527369e-11,-3.9401522157431548e-05,-3.9404391657501357e-05,2.8695000698085492e-09,7.0782335137992038e-11,0
2752,3.8406387116109842e-10,5.1230472409929950e-05,5.1175948297272363e-05,5.4524112657587545e-08,7.8370120284225296e-11,0
2753,1.8678536190508011e-11,-5.5759660150533907e-06,-5.5810422396426770e-06,5.0762245892862251e-09,5.5629344540640310e-12,0
2754,-1.8463400061563607e-10,-3.1171867575232118e-05,-3.1169604349021022e-05,-2.2632262110960401e-09,1.3988782526228046e-11,0
2757,2.3251195346633635e-10,-8.1350821337601228e-06,-8.1599220879249538e-06,2.4839954164830965e-08,4.1075685770732928e-11,0
2758,4.2015292466453436e-10,-1.5718677132768328e-05,-1.5728234089438950e-05,9.5569566706222523e-09,2.9160236792201264e-11,0
2762,2.4216223185736471e-11,6.8302986329871196e-05,6.8275099233798309e-05,2.7887096072887153e-08,5.4183804172730814e-11,0
2763,2.1185719452561657e-10,6.0719321760282358e-05,6.0711563616835320e-05,7.7581434470373593e-09,3.1584820752687498e-11,0
2764,1.8764097098768006e-10,-7.5836476219623764e-06,-7.5584360843792966e-06,-2.5211537583079709e-08,1.3629314693844998e-11,0
2770,1.0938809676956393e-13,-9.1880506461402799e-05,-9.1881487082226478e-05,9.8062082367863287e-10,5.5624336647064309e-11,0
2771,4.9630254278296890e-11,-2.3582029175526001e-05,-2.3597634306329783e-05,1.5605130803781838e-08,1.8526126143011562e-11,0
2772,2.3957208806478297e-10,-3.1164225754736277e-05,-3.1167303222760609e-05,3.0774680243318936e-09,1.2901068473526243e-11,0
2773,4.9520866182395726e-11,6.8298485273650747e-05,6.8275235567433513e-05,2.3249706217234032e-08,5.2374970784576613e-11,0
2774,2.3946269996946814e-10,6.0716291974296024e-05,6.0711690549255502e-05,4.6014250405223829e-09,2.5378282147015603e-11,0
2775,1.8994183335347000e-10,-7.5822130127644466e-06,-7.5584372320362605e-06,-2.3775780728186082e-08,7.4806994944115075e-12,0
2777,-8.8096412215917247e-10,5.1145821386391899e-05,5.1169939824215011e-05,-2.4118437823112077e-08,5.5761435800647603e-11,0
2778,1.8434430947582392e-10,-7.6421746300823351e-05,-7.6426860177395475e-05,5.1138765721234301e-09,5.6850145873113470e-11,0
2779,1.3265994500270901e-10,-1.1664346294152847e-05,-1.1664568537351870e-05,2.2224319902301205e-10,1.7450734797745952e-11,0
2780,-1.0592853508320662e-10,-5.5925500703911564e-06,-5.5816964824967120e-06,-1.0853587894444409e-08,1.2596145487003933e-11,0
2781,1.4396084780489150e-10,-1.3128737116093261e-05,-1.3141780865132776e-05,1.3043749039514838e-08,8.6250179524201269e-12,0
2782,-2.3858848028511329e-10,6.0718216635322064e-06,6.0872286158829006e-06,-1.5406952350694204e-08,9.6300575346455706e-12,0
2783,1.1300902768456795e-11,-1.4643425507833777e-06,-1.4694777012275003e-06,5.1351504441226552e-09,8.7677431822710414e-12,0
2784,2.4988938293445665e-10,-7.5361591545470077e-06,-7.5581387877527606e-06,2.1979633205752860e-08,4.0328985176167255e-12,0
2785,6.6989396978585747e-10,-7.6400387035211945e-05,-7.6424196330940653e-05,2.3809295728708410e-08,6.9530585044767780e-12,0
2786,5.5572532687350366e-10,-3.7026997546524883e-05,-3.7029755292694213e-05,2.7577461693295449e-09,7.6431200513964266e-12,0
2787,6.9175576808173401e-10,1.4161019750829826e-05,1.4147581587869296e-05,1.3438162960529323e-08,7.2232800439236422e-12,0
2788,2.1861797927013160e-11,9.0561356740525862e-05,9.0567746797371354e-05,-6.3900568454921787e-09,1.2315120850788373e-11,0
2789,1.1416864298296178e-10,-3.9373405884113311e-05,-3.9403732497114425e-05,3.0326613001114937e-08,1.4877108868389525e-11,0
2790,1.3603044122254189e-10,5.1187951140143489e-05,5.1176160479227908e-05,1.1790660915581670e-08,2.1183701316795329e-11,0
2792,8.4342999776158602e-12,-1.4677853853563641e-06,-1.4694680079277088e-06,1.6826225713446683e-09,4.1238458281546037e-11,0
2793,2.6800675746973632e-10,-7.5472451993331691e-06,-7.5580563794404986e-06,1.0811180107329524e-08,8.8062847886836884e-12,0
2794,5.3996515625538335e-10,-3.7031099674247892e-05,-3.7029810370761307e-05,-1.2893034865850048e-09,3.7972458948473282e-11,0
2795,3.1130225848575065e-10,1.4140036038150922e-05,1.4145789997273877e-05,-5.7539591229556963e-09,2.8167234127317311e-11,0
2796,-2.2866289806704722e-10,5.1171062509790775e-05,5.1174440669065591e-05,-3.3781592748155119e-09,8.5100799932951006e-11,0
2797,-5.4509282096155190e-11,2.9701109055214653e-05,2.9695958108574858e-05,5.1509466397945910e-09,3.4624903163342702e-11,0
2798,-5.4496925651206210e-11,-6.2181202235800067e-05,-6.2181767045242230e-05,5.6480944216324297e-10,4.8457189965835276e-11,0
2799,-2.9531628758090325e-10,6.0946550087650000e-06,6.0869993806535234e-06,7.6556281114766560e-09,7.0602556190133982e-12,0
2800,-4.4603562469494301e-11,-1.4691606736266750e-06,-1.4697376275789823e-06,5.7695395230726499e-10,3.0581769269232822e-12,0
2801,1.2356445477961186e-14,-9.1882194884921676e-05,-9.1881484073920173e-05,-7.1081100150283648e-10,2.4941704853238684e-11,0
2802,-2.4080700545329013e-10,-2.3606478609102454e-05,-2.3599011032199936e-05,-7.4675769025183119e-09,2.5167457305368461e-11,0
2803,9.9057196636996608e-12,-3.1170175726353026e-05,-3.1168591810960552e-05,-1.5839153924738863e-09,1.2554513192645210e-11,0
2804,-2.4081936189788386e-10,6.8275701111341746e-05,6.8273642112481379e-05,2.0589988603670175e-09,4.9944583572606616e-11,0
2805,9.8933632175071698e-12,6.0712008757068297e-05,6.0710335230446971e-05,1.6735266213251565e-09,2.2524183696856602e-11,0
2806,2.5071272509838744e-10,-7.5637849439993206e-06,-7.5581638769387020e-06,-5.6210670606186269e-09,3.2739360966292542e-12,0
2807,4.8897245212850702e-10,-3.7050992891616424e-05,-3.7030058634137384e-05,-2.0934257479040489e-08,5.6007688371861344e-11,0
2808,4.6329588345991302e-14,-9.1881722189025673e-05,-9.1881483479485109e-05,-2.3870954056471032e-10,5.9243328055606379e-11,0
2809,3.4752912322156532e-10,1.6753718129385378e-05,1.6728398506538810e-05,2.5319622846568584e-08,4.0545581727671269e-11,0
2810,1.6512794142927385e-10,1.4134982193696882e-05,1.4145736935018238e-05,-1.0754741321355836e-08,5.5692645574763972e-11,0
2811,4.4424872513187897e-14,-9.1881983504471057e-05,-9.1881482672069803e-05,-5.0083240125378594e-10,9.0768716452790908e-12,0
2812,-8.7295814797300775e-10,5.2468183173411294e-05,5.2459820275389449e-05,8.3628980218446430e-09,6.4260042670326700e-11,0
2813,-8.7291372310661086e-10,-3.9413716333870988e-05,-3.9409217336539141e-05,-4.4989973318465266e-09,3.9638569546985251e-11,0
2815,2.2846209660631445e-10,-1.1669155177704629e-05,-1.1664045363878410e-05,-5.1098138262188934e-09,2.2753982451382825e-11,0
2816,-2.8398083739463332e-11,-5.5900933978213566e-06,-5.5812460204129299e-06,-8.8473774084266255e-09,1.6960394662728871e-11,0
2817,2.6599354142385683e-10,-1.3135618955955122e-05,-1.3141097443978913e-05,5.4784880237907082e-09,1.1344787703225582e-11,0
2818,-2.5686018069794781e-10,6.0790926314450294e-06,6.0872861068070618e-06,-8.1934753620323920e-09,1.0016189623094840e-11,0
2819,3.7531444803455307e-11,-1.4664495191778378e-06,-1.4692458836830649e-06,2.7963645052271390e-09,6.4190648737663428e-12,0
2820,2.9439162562379019e-10,-7.5455458999826850e-06,-7.5579535240188379e-06,1.2407624036152849e-08,4.6737569681689389e-12,0
2821,-1.3646740945316191e-12,-9.1882551004697014e-05,-9.1881489452763960e-05,-1.0615519330540654e-09,3.1065012500250896e-11,0
2823,3.5053741224357686e-09,9.0582595940940334e-05,9.0588454703236632e-05,-5.8587622962975611e-09,8.4012666657679340e-11,0
2824,-4.9976145848146984e-09,5.2477232062945675e-05,5.2437259908393804e-05,3.9972154551870802e-08,1.0191264585230612e-10,0
2825,-4.9989792588859056e-09,-3.9405305932745452e-05,-3.9431784000361250e-05,2.6478067615797862e-08,1.0273437771254081e-10,0
2827,3.4389200695681239e-12,-5.5758518420091080e-06,-5.5810670973609752e-06,5.2152553518671570e-09,5.7628734312453445e-12,0
2828,1.4041402075807370e-09,-6.2143335475733745e-05,-6.2173644691579787e-05,3.0309215846041518e-08,3.1196471823973832e-11,0
2829,3.2087966678085595e-10,-1.4650432189136642e-06,-1.4676730334073886e-06,2.6298144937244187e-09,1.2724024576237260e-11,0
2831,-1.0832605433932253e-09,6.0678305844212577e-05,6.0704287715666762e-05,-2.5981871454185243e-08,1.1762064301631889e-11,0
2832,-1.8118797460586869e-09,9.0544391807945157e-05,9.0559696189241752e-05,-1.5304381296594722e-08,3.9874210628544395e-11,0
2834,-3.5570634621547393e-10,-3.9375590117464790e-05,-3.9406448497786979e-05,3.0858380322189522e-08,6.2313222600399174e-11,0
2835,-1.4389668877019870e-09,2.1302661276992075e-05,2.1293200382313181e-05,9.4608946788938305e-09,5.4761859909938431e-11,0
2837,-7.2861919337285048e-10,2.9866053336766781e-05,2.9864004125554255e-05,2.0492112125256934e-09,1.4696124781914837e-11,0
2838,3.8038881783822937e-10,1.5446431211922629e-05,1.5438493942074434e-05,7.9372698481950201e-09,5.0060224259695272e-11,0
2839,-8.4143621616775820e-10,5.1166022615838080e-05,5.1172706690407287e-05,-6.6840745692068942e-09,9.0538696058651372e-11,0
2840,4.0279534042179952e-10,-6.2174363106745970e-05,-6.2179072589770677e-05,4.7094830247070224e-09,6.8251695674304374e-11,0
2841,-3.6711027495167060e-10,6.0901758757048868e-06,6.0867607516192966e-06,3.4151240855901987e-09,3.2022594874719343e-11,0
2842,3.3224049646321980e-11,-1.4679772436171964e-06,-1.4692261998732396e-06,1.2489562560432495e-09,1.7153135533570848e-11,0
2843,-7.6990561657516808e-10,6.8264481767474393e-05,6.8270745162795477e-05,-6.2633953210836524e-09,5.8883239521550324e-11,0
2844,-3.6957129086873796e-10,6.0706367000946775e-05,6.0708165089127002e-05,-1.7980881802278346e-09,3.0486671341756411e-11,0
2845,4.0033432554980440e-10,-7.5581967318881157e-06,-7.5574031498399714e-06,-7.9358204814436619e-10,1.3444202042857703e-11,0
2846,2.5554635624187728e-10,1.5442280564692198e-05,1.5437813518324714e-05,4.4670463674842029e-09,5.1077158735671742e-11,0
2848,-1.9394239392797566e-09,-6.2176404849538600e-05,-6.2191806870026605e-05,1.5402020488004494e-08,7.3319153619998385e-11,0
2849,-2.0712758563168310e-10,-1.4667947131428299e-06,-1.4705139832738864e-06,3.7192701310564135e-09,2.5927176235564721e-11,0
2850,1.7322963524236733e-09,6.0709553973387715e-05,6.0719615280090785e-05,-1.0061306703069690e-08,3.9275965172472815e-11,0
2851,-4.4399045829055849e-10,-2.3633271037581602e-05,-2.3599853134003881e-05,-3.3417903577721158e-08,3.0032826932184750e-11,0
2852,5.5164784716352002e-10,-3.7028635200239777e-05,-3.7029506741248715e-05,8.7154100893816833e-10,5.0677289325655603e-11,0
2853,9.3191395755910768e-10,1.4184762423838024e-05,1.4151393087254320e-05,3.3369336583704076e-08,3.7234553129766810e-11,0
2855,1.9916875659393289e-09,-1.4234767476529065e-05,-1.4246942114342806e-05,1.2174637813741027e-08,4.7776928003336135e-11,0
2856,1.1908156741010504e-09,-7.6440647712228138e-05,-7.6421279546444579e-05,-1.9368165783559483e-08,8.7023084036738862e-11,0
2857,1.8324213814414262e-09,-1.5709672092668230e-05,-1.5720577846231715e-05,1.0905753563485474e-08,2.1975069463750278e-11,0
2858,-8.0087189131938605e-10,-6.2205718982580142e-05,-6.2185527803697586e-05,-2.0191178882556036e-08,7.3887117387305362e-11,0
2859,-1.5926618437766164e-10,-1.4748780834857034e-06,-1.4702256812087841e-06,-4.6524022769192738e-09,2.0559669919957963e-11,0
2860,6.4160570783975004e-10,6.0730755781618871e-05,6.0713628532114301e-05,1.7127249504570190e-08,3.2848756390361712e-11,0
2861,-1.8799494294539856e-09,1.8020598819399117e-05,1.8015907913826256e-05,4.6909055728607419e-09,2.1345639900807021e-11,0
2862,2.0318068851793521e-09,1.6757436233428777e-05,1.6739815634040244e-05,1.7620599388532660e-08,2.2114760445298494e-11,0
2864,-3.3282172072292789e-10,-3.9410816599952728e-05,-3.9406459910380235e-05,-4.3566895724928673e-09,9.1460018578234440e-11,0
2865,1.2427260070463458e-10,-1.1662878035202662e-05,-1.1664614340457292e-05,1.7363052546301785e-09,2.3069099301614428e-11,0
2866,-1.2853722732019310e-10,-5.5925907053470668e-06,-5.5817518549974564e-06,-1.0838850349610381e-08,2.0588294111458026e-11,0
2867,1.2948821686324973e-10,-1.3126435488267432e-05,-1.3141817129057231e-05,1.5381640789799132e-08,1.3039464498301414e-11,0
2868,-2.5280982820107076e-10,6.0703270865916995e-06,6.0875465635296507e-06,-1.7219476937951290e-08,1.0831368304292426e-11,0
2869,5.2156161246401822e-12,-1.4635685428763482e-06,-1.4692881318359791e-06,5.7195889596308521e-09,8.5801691483111493e-12,0
2870,2.5802544418468768e-10,-7.5338664605470798e-06,-7.5582396542800274e-06,2.4373193732947550e-08,4.7495534404820548e-12,0
2871,6.8905134727448686e-10,-7.6402537037875695e-05,-7.6424001447364186e-05,2.1464409488491194e-08,9.6312826300580168e-12,0
2872,5.1455620384971931e-10,-3.7027475424182535e-05,-3.7029593158448032e-05,2.1177342654970848e-09,7.1118507949411248e-12,0
2873,6.4612243272217696e-10,1.4160112396988458e-05,1.4150904501623858e-05,9.2078953646004634e-09,6.5644032677797982e-12,0
2874,-4.2928914776589245e-11,9.0562599284697148e-05,9.0571537343511386e-05,-8.9380588142373360e-09,1.3333099899251893e-11,0
2875,1.7449514342964967e-10,-3.9375137551584186e-05,-3.9403719724410944e-05,2.8582172826758525e-08,1.7158066654266429e-11,0
2876,1.3156622887881218e-10,5.1187486799554940e-05,5.1179529827798597e-05,7.9569717563432972e-09,1.9243894270486598e-11,0
2877,1.5584369607257946e-13,-9.1879973761428891e-05,-9.1881475418851486e-05,1.5016574225952019e-09,7.3889888369155511e-11,0
2878,2.0723879424082895e-10,-2.3548940205328495e-05,-2.3596098528398652e-05,4.7158323070157051e-08,3.3290070580866069e-11,0
2880,4.8530789435915979e-10,-3.7034115740510083e-05,-3.7029713562073043e-05,-4.4021784370397508e-09,3.9295190442319573e-11,0
2881,2.4923971288835465e-10,1.4140419374281121e-05,1.4149100114566422e-05,-8.6807402853006349e-09,3.8529386742969900e-11,0
2882,-2.3606818199138635e-10,5.1174349981713066e-05,5.1177867038123997e-05,-3.5170564109313464e-09,1.0167610760167450e-10,0
2883,4.6465385244257569e-11,-1.4566986411843411e-06,-1.4690362237933364e-06,1.2337582608995335e-08,1.6891856371862222e-11,0
2887,-4.7800233603610417e-10,6.0706859476563485e-05,6.0707420399507517e-05,-5.6092294403172838e-10,1.9142155304215569e-11,0
2888,4.3850649521111367e-10,-7.6441941640643940e-05,-7.6425344944571348e-05,-1.6596696072592267e-08,3.8659442735954423e-11,0
2890,-1.1903557192219137e-10,-3.9407125041145390e-05,-3.9405409421644909e-05,-1.7156195004816273e-09,8.0439876401295793e-11,0
2891,2.1617975750459176e-10,-1.1669397878437404e-05,-1.1664112437466032e-05,-5.2854409713717644e-09,2.2457412642399697e-11,0
2892,-6.5936178014602191e-11,-5.5910412967690587e-06,-5.5813903607941817e-06,-9.6509359748769938e-09,1.5249894363901421e-11,0
2893,2.4632181313901232e-10,-1.3135843826674390e-05,-1.3141166772501545e-05,5.3229458271550822e-09,1.0867324662477015e-11,0
2894,-2.8211593583966643e-10,6.0784582727474055e-06,6.0875005778828993e-06,-9.0423051354938027e-09,1.0251728752888014e-11,0
2895,3.0142055622461970e-11,-1.4663801612777722e-06,-1.4690877755733681e-06,2.7076142955959461e-09,6.9732197828322125e-12,0
2896,3.1225799151859287e-10,-7.5448131776811780e-06,-7.5579853807401588e-06,1.3172203058980812e-08,4.5228025503454722e-12,0
2897,-1.2621543535854634e-12,-9.1882789910828030e-05,-9.1881481066852230e-05,-1.3088439758000489e-09,5.4929464815797624e-11,0
2901,-5.2696295115287350e-09,-3.9408308037881985e-05,-3.9433555669557690e-05,2.5247631675704308e-08,9.7977820261319321e-11,0
2903,-9.6318652341865466e-12,-5.5751029854680945e-06,-5.5810778663144565e-06,5.9748808463620578e-09,5.8078722377647184e-12,0
2904,2.7824760026595600e-11,-1.4554211863941711e-06,-1.4690759466469212e-06,1.3654760252750160e-08,2.4872421278502761e-11,0
2906,-8.4889155593806340e-10,5.1168224933655776e-05,5.1175628066202125e-05,-7.4031325463490153e-09,8.6440340992733358e-11,0
2907,-2.9186167327596326e-10,2.9700735396194695e-05,2.9695096664357812e-05,5.6387318368825200e-09,2.8019102332143314e-11,0
2908,-2.9179452161552738e-10,-6.2181382708750670e-05,-6.2182412844928744e-05,1.0301361780739801e-09,1.8058650887149371e-11,0
2909,-3.7708840527804422e-10,6.1007566521872891e-06,6.0870586534731166e-06,1.3697998714172561e-08,1.2499345559439338e-11,0
2910,-1.1638116104685578e-10,-1.4688743276010082e-06,-1.4698447292823898e-06,9.7040168138163886e-10,1.9257235584623330e-11,0
2911,6.7151660319529221e-14,-9.1882105348813520e-05,-9.1881472541060531e-05,-6.3280775298914672e-10,1.3757023437053578e-11,0
2912,-8.5226732036550979e-11,-2.3600018784751021e-05,-2.3597496747469694e-05,-2.5220372813273585e-09,9.6029677702422019e-12,0
2913,1.7548051220218629e-10,-3.1169619484440903e-05,-3.1167796782046796e-05,-1.8227023941067553e-09,9.6856120071693597e-12,0
2914,-8.5293883696457819e-11,6.8282096225323087e-05,6.8274466309465546e-05,7.6299158575411641e-09,9.8369516274238595e-12,0
2915,1.7541336053895423e-10,6.0712447886912438e-05,6.0710916410748488e-05,1.5314761639501572e-09,6.9779320081571252e-12,0
2916,2.6070724401077026e-10,-7.5696219135057419e-06,-7.5582950748641657e-06,-1.1326838641576160e-08,3.9883194345350811e-12,0
2917,4.3542327937606641e-10,-3.7018928497292280e-05,-3.7029816198523353e-05,1.0887701231073485e-08,3.1391066577273745e-11,0
2918,1.2498514075385566e-10,1.4133977492530869e-05,1.4149988871183287e-05,-1.6011378652417723e-08,2.0614524037482321e-11,0
2919,-3.1043813855493739e-10,5.1152913164979885e-05,5.1178949943326729e-05,-2.6036778346843527e-08,8.6995878654152971e-11,0
2920,-1.0653226771321161e-10,2.9700818195659801e-05,2.9696137975449284e-05,4.6802202105164503e-09,2.7768602143962875e-11,0
2921,-1.0649823412210478e-10,-6.2181414929046911e-05,-6.2181357234955098e-05,-5.7694091813568528e-11,3.2510601878054034e-11,0
2923,-5.4372023233492298e-11,-1.4690865312184248e-06,-1.4694869438868334e-06,4.0041266840856403e-10,1.2970211855518821e-11,0
2924,3.4033592720029577e-14,-9.1882122787160077e-05,-9.1881471966572781e-05,-6.5082058729596434e-10,1.6131923883616770e-11,0
2926,5.2160244476278696e-11,-3.1169854373780869e-05,-3.1168477572003825e-05,-1.3768017770448573e-09,1.2606339887678024e-11,0
2928,5.2126210886471027e-11,6.0712250307255267e-05,6.0710221442666192e-05,2.0288645890748145e-09,1.4080216815492732e-11,0
2930,-7.6722641088203213e-11,-6.2181915982150338e-05,-6.2181161765700559e-05,-7.5421644977872754e-10,6.9364998398117036e-11,0
2931,-2.7836844558069355e-10,6.0907397323737081e-06,6.0876573454921828e-06,3.0823868815252651e-09,2.6958693317622606e-11,0
2932,-3.8077628309774752e-11,-1.4699177336328310e-06,-1.4693835584155187e-06,-5.3417521731225456e-10,1.8358354974678663e-11,0
2933,-2.0164580450302035e-10,6.8272619972157243e-05,6.8273827954614226e-05,-1.2079824569832028e-09,6.0130211943773028e-11,0
2934,3.8645012765288032e-11,6.0711985073248309e-05,6.0710131506624004e-05,1.8535666243050500e-09,4.0678730636667119e-11,0
2935,2.4029081723781252e-10,-7.5606378957468467e-06,-7.5584284523614008e-06,-2.2094433854459515e-09,1.1043890304190948e-11,0
2937,6.1639458753739486e-10,1.5448144499492604e-05,1.5439799629796384e-05,8.3448696962200157e-09,3.8520323229919930e-11,0
2938,6.1656781456392295e-10,-7.6431624302883763e-05,-7.6424330945939922e-05,-7.2933569438411424e-09,6.0784346644123912e-11,0
2939,5.0493005237814049e-10,-3.7029010964642443e-05,-3.7029361367255063e-05,3.5040261261944008e-10,6.6795752598810969e-11,0
2940,9.7783387706357814e-10,-1.5686930330736926e-05,-1.5725289941251986e-05,3.8359610515060561e-08,2.2048519819671201e-11,0
2941,8.8015476726277711e-10,1.4178641563432695e-05,1.4154807547883722e-05,2.3834015548972987e-08,4.5445336421175932e-11,0
2942,1.7322702765412230e-13,-9.1879694589276590e-05,-9.1881469843412247e-05,1.7752541356565047e-09,2.7879692782744662e-11,0
2943,3.6143928942700396e-10,-3.1135118110930601e-05,-3.1166801852124609e-05,3.1683741194007227e-08,1.1847160869458384e-11,0
2944,2.6376017942462211e-10,-1.2695693690032567e-06,-1.3019697570264019e-06,3.2400388023145205e-08,3.2220049882021785e-11,0
2945,3.6126606240233998e-10,6.0744548295736667e-05,6.0711870491467458e-05,3.2677804269209173e-08,1.8288086670230351e-11,0
2946,2.6358695239931686e-10,9.0610121762372403e-05,9.0576256743951926e-05,3.3865018420477060e-08,7.0871558423075474e-11,0
2947,1.1146453484320036e-10,5.2477222080467290e-05,5.2464722672587988e-05,1.2499407879301044e-08,6.6247464074212538e-11,0
2948,1.1163776187063998e-10,-3.9402436148401263e-05,-3.9404295694178735e-05,1.8595457774720956e-09,5.1455659808084558e-11,0
2949,4.7290382456859829e-10,2.1342107075106309e-05,2.1302889406528759e-05,3.9217668577549959e-08,3.3523323234025309e-11,0
2950,3.7522471518095748e-10,5.1207590431846806e-05,5.1183354351653144e-05,2.4236080193661515e-08,6.4017302635579367e-11,0
2951,-9.7679110619690882e-11,2.9865599350034893e-05,2.9872536032157885e-05,-6.9366821229914759e-09,1.6238908797690386e-11,0
2952,-3.2262611779748571e-10,6.1013961692385835e-06,6.0874537586698522e-06,1.3942410568731258e-08,3.1527867527441588e-11,0
2953,3.7581931891944003e-10,-1.4262829981652979e-05,-1.4256023957556525e-05,-6.8060240964536758e-09,2.1382692565596313e-11,0
2954,9.3288696671545564e-11,-8.1577889724940636e-06,-8.1605379361502023e-06,2.7489636561386590e-09,1.5221908088846817e-11,0
2955,-2.8253062238276471e-10,6.1050429148367877e-06,6.0876957347574805e-06,1.7347180079307133e-08,1.1928379594133630e-11,0
2956,6.6337575610018646e-10,-1.4243856461259273e-05,-1.4254473833876101e-05,1.0617372616828313e-08,5.1328033391305699e-11,0
2958,4.2296509285926868e-10,-8.1314854331326902e-06,-8.1587323303269451e-06,2.7246897194254833e-08,5.7517623835707626e-11,0
2959,5.7042483380370515e-10,-1.5718331843864088e-05,-1.5727521808735073e-05,9.1899648709847825e-09,3.1783047420028118e-11,0
2960,-3.5177421287971877e-10,-6.2193502815530849e-05,-6.2182546815597205e-05,-1.0955999933643474e-08,8.1133000257380448e-11,0
2961,-2.4041066296359141e-10,6.1125289204989365e-06,6.0879556710360131e-06,2.4573249462923405e-08,3.4988095374193522e-11,0
2962,-9.2950922280946611e-11,-1.4743294837723034e-06,-1.4696319486882019e-06,-4.6975350841014654e-09,1.7469856853988612e-11,0
2963,1.1136354937032132e-10,6.8306090864809349e-05,6.8275532770048882e-05,3.0558094760467025e-08,6.4019199899692866e-11,0
2964,2.5882329048076142e-10,6.0719312283815871e-05,6.0711275812205650e-05,8.0364716102207675e-09,3.3297551621923924e-11,0
2965,1.4745974066705324e-10,-7.5868692359197520e-06,-7.5589688371014139e-06,-2.7900398818338164e-08,1.7354118938831619e-11,0
2967,4.3002375792921246e-10,1.5451028409364798e-05,1.5438784722508514e-05,1.2243686856283327e-08,4.0821417255778202e-11,0
2968,4.3013829143255642e-10,-7.6427963951724437e-05,-7.6425330081403455e-05,-2.6338703209823153e-09,7.6439862097976294e-11,0
2969,1.1453350287157847e-13,-9.1878974001989729e-05,-9.1881468391999648e-05,2.4943900099193457e-09,5.0916491767482013e-11,0
2970,3.8705196502627741e-09,-3.4425118802312860e-05,-3.4422388921031492e-05,-2.7298812813676861e-09,8.4330388850335051e-11,0
2971,1.7477796012737682e-09,1.6744689981446070e-05,1.6742477438198151e-05,2.2125432479189514e-09,3.1180203377223921e-11,0
2975,3.5095694671188495e-10,6.0719492815653614e-05,6.0711747136858094e-05,7.7456787955204717e-09,5.2173136871515684e-11,0
2976,3.1421591489341393e-10,1.5448906694148085e-05,1.5438153746606209e-05,1.0752947541875415e-08,3.8320926454325321e-11,0
2978,-1.7972818745187696e-10,-6.2192393887157242e-05,-6.2181490603859817e-05,-1.0903283297424948e-08,6.5578933286346437e-11,0
2979,-2.5876462128116437e-10,6.0947671610906209e-06,6.0879462236558248e-06,6.8209374347961087e-09,3.7739575712349801e-11,0
2980,-5.6531682442246905e-11,-1.4744437313658938e-06,-1.4693819364337920e-06,-5.0617949321018060e-09,1.8948296288782408e-11,0
2981,-7.9036434134638497e-11,6.8287034354907853e-05,6.8274488490705030e-05,1.2545864202823543e-08,5.7493013699846640e-11,0
2982,1.2319650480895937e-10,6.0717817235507628e-05,6.0710477237203111e-05,7.3399983045163426e-09,3.3695819225396979e-11,0
2983,2.0223293893946520e-10,-7.5691425827041289e-06,-7.5587030641736996e-06,-1.0439518530429321e-08,1.2256007883900378e-11,0
2984,4.2049478054622640e-10,-3.7039554450682410e-05,-3.7029640184779395e-05,-9.9142659030151286e-09,2.7868729446490710e-11,0
2985,1.7507357410478104e-10,1.4138480386794924e-05,1.4152639807560704e-05,-1.4159420765780018e-08,2.3147918571404039e-11,0
2986,-2.4542120718232580e-10,5.1177967512391724e-05,5.1181563678070620e-05,-3.5961656788958659e-09,6.4994133825926427e-11,0
2987,-2.0089900152901358e-14,-9.1883226375551389e-05,-9.1881466917933567e-05,-1.7594576178219402e-09,8.0274276468130096e-11,0
2988,-1.1464890009358968e-12,-9.1882901504875212e-05,-9.1881472523963354e-05,-1.4289809118574236e-09,5.3628798122954347e-11,0
2989,4.2350643377822903e-09,-1.2850853282021443e-06,-1.2780180875460774e-06,-7.0672406560668978e-09,5.5569135201538866e-11,0
2991,-5.4837474471787138e-09,5.2471063232586599e-05,5.2433990577551040e-05,3.7072655035558916e-08,1.0466975711525770e-10,0
2992,-5.4848939359044859e-09,-3.9411522566691138e-05,-3.9435028074470724e-05,2.3505507779586715e-08,9.4177098847654829e-11,0
2994,2.0354899409332948e-10,-1.1669612346447596e-05,-1.1664181413791259e-05,-5.4309326563369877e-09,2.1234682403342668e-11,0
2995,-1.0303988114145621e-10,-5.5916380523809983e-06,-5.5815267389160628e-06,-1.0111313464935512e-08,1.5709258315199167e-11,0
2996,2.2559537358037407e-10,-1.3135917652963222e-05,-1.3141238349537486e-05,5.3206965742640729e-09,1.0841853403757520e-11,0
2997,-3.0658887552862551e-10,6.0779836306648237e-06,6.0877518012629431e-06,-9.7681705981194446e-09,1.1957433691189631e-11,0
2998,2.2046379467160162e-11,-1.4662534278332869e-06,-1.4689152337715967e-06,2.6618059383098877e-09,8.1683430359910574e-12,0
2999,3.2863525497532719e-10,-7.5442278258826788e-06,-7.5580372975155106e-06,1.3809471632831791e-08,4.5267032139505678e-12,0
3001,3.8210163926586112e-11,-1.4564949052959381e-06,-1.4688112653691528e-06,1.2316360073214694e-08,1.6108136000375572e-11,0
3002,-2.0544065335531332e-11,-5.5735102797360367e-06,-5.5810713012384201e-06,7.5610215023833878e-09,6.0566718365705242e-12,0
3003,-7.8120491265460933e-10,5.2465191928290772e-05,5.2459626924935346e-05,5.5650033554258192e-09,5.5537400920604764e-11,0
3004,-2.6747706346596935e-10,6.0656861392855560e-06,6.0880196042066264e-06,-2.2333464921070437e-08,2.1965077648246555e-11,0
3005,-2.9772080408962510e-12,-1.4615401778023552e-06,-1.4690213545169391e-06,7.4811767145839298e-09,2.1155238254160796e-11,0
3006,2.6449985526831650e-10,-7.5272389533972278e-06,-7.5584074510137164e-06,3.1168497616488560e-08,5.3479064730307281e-12,0
3007,5.4772174669937667e-10,-7.6410383058328826e-05,-7.6424641248582715e-05,1.4258190253888989e-08,3.4008299283527349e-11,0
3008,5.8192485288040428e-10,1.4203196422320208e-05,1.4155777479223360e-05,4.7418943096847591e-08,5.6592507852572319e-11,0
3010,1.0704167094817388e-09,-1.4257989856273495e-05,-1.4252424640508285e-05,-5.5652157652105402e-09,2.2271529565834728e-11,0
3011,4.7247638137522635e-10,1.5435670024330564e-05,1.5439024887204127e-05,-3.3548628735626494e-09,2.8502556190476506e-11,0
3012,4.7267455810426068e-10,-7.6445011020153178e-05,-7.6425042575495932e-05,-1.9968444657246010e-08,4.1596161449748204e-11,0
3013,8.7478396757005216e-10,-8.1237576208294249e-06,-8.1562198596378854e-06,3.2462238808460476e-08,2.1282251734125450e-11,0
3014,5.0043952974863548e-10,-3.7037359619060406e-05,-3.7029067938597457e-05,-8.2916804629491227e-09,5.4675211453570640e-11,0
3015,9.2657626857905141e-10,-1.5728489345538492e-05,-1.5725609515162618e-05,-2.8798303758737311e-09,1.2268240472284416e-11,0
3016,-5.9794032828704391e-10,2.9693623609104366e-05,2.9693775510584496e-05,-1.5190148012995735e-10,1.9902493131640891e-11,0
3017,-5.9774215155533469e-10,-6.2186955835203186e-05,-6.2183559744046412e-05,-3.3960911567740976e-09,2.7782651729269123e-11,0
3018,-1.9563274218907559e-10,6.1342545675784760e-06,6.0884572082184845e-06,4.5797359359991439e-08,1.0069113085761539e-11,0
3019,-1.4384044096318261e-10,-1.4704603439311039e-06,-1.4697651138019751e-06,-6.9523012912880412e-10,7.0596073926450926e-12,0
3020,1.9817673459339439e-13,-9.1880705908422314e-05,-9.1881462772756419e-05,7.5686433410480838e-10,3.6546763061150721e-11,0
3021,4.0230758589243454e-10,-2.3559423158384454e-05,-2.3594298703813333e-05,3.4875545428879031e-08,1.3354702357526922e-11,0
3022,4.5409988756545395e-10,-3.1164143205141513e-05,-3.1166363225065442e-05,2.2200199239287609e-09,9.2358162353063986e-12,0
3023,4.0210940916295296e-10,6.8321198494755014e-05,6.8277107761517005e-05,4.4090733238008931e-08,2.7462188807717144e-11,0
3024,4.5390171084113946e-10,6.0716518274149013e-05,6.0712177160341075e-05,4.3411138079377828e-09,1.3867353937106597e-11,0
3025,5.1792300750218700e-11,-7.6047393354466281e-06,-7.5595856665580726e-06,-4.5153668888555424e-08,4.4611473638994114e-12,0
3026,5.6997717860165798e-10,2.2779492142532137e-05,2.2773773105631210e-05,5.7190369009269253e-09,4.5049230538669912e-11,0
3027,-2.7963150242766632e-11,5.2473072706904229e-05,5.2463690459957942e-05,9.3822469462870404e-09,9.0280377983373149e-11,0
3028,-2.7764973508871019e-11,-3.9407752022097356e-05,-3.9405317166573698e-05,-2.4348555236578819e-09,9.0832820213680072e-11,0
3029,3.7434443556767475e-10,2.8913579856928301e-05,2.8875375333226488e-05,3.8204523701812861e-08,4.8337710536309317e-11,0
3030,4.2613673742799494e-10,2.1309027513689849e-05,2.1302144270092563e-05,6.8832435972854722e-09,3.2279613129179775e-11,0
3031,2.5596344058405500e-10,1.6801667792564617e-05,1.6736398668140252e-05,6.5269124424365465e-08,5.2369141211035725e-11,0
3033,-1.7189087364523667e-10,-2.3604097936410270e-05,-2.3597371215811174e-05,-6.7267205990960486e-09,2.9837801975961241e-11,0
3035,-1.2975966850322927e-10,-1.4729736823070657e-06,-1.4696552381223452e-06,-3.3184441847205477e-09,2.1646634731169316e-11,0
3036,4.9105317108031115e-10,6.0722073144840044e-05,6.0712342681138990e-05,9.7304637010546080e-09,5.6537538829728865e-11,0
3037,-8.6094185700788149e-10,5.1170109693838770e-05,5.1179951724323102e-05,-9.8420304843322673e-09,4.3479448421006128e-11,0
3038,6.2729780264281199e-10,1.5447433061979970e-05,1.5439872755940264e-05,7.5603060397058815e-09,2.9930103611630123e-11,0
3039,4.5946634055985972e-10,-1.4261490156880149e-05,-1.4255825821431131e-05,-5.6643354490186384e-09,1.9726287065497106e-11,0
3040,1.6514924246428648e-10,1.5434261575573635e-05,1.5437350017586998e-05,-3.0884420133630262e-09,1.6497722862065234e-11,0
3041,1.6524881715668937e-10,-7.6446413516744263e-05,-7.6426698641811778e-05,-1.9714874932485397e-08,3.8167290190914418e-11,0
3042,1.8523004770587525e-10,-8.1557613606274629e-06,-8.1599686711833040e-06,4.2073105558411704e-09,1.3871497791053156e-11,0
3043,4.9221626471270414e-10,-3.7027654943408775e-05,-3.7029015194777579e-05,1.3602513688045154e-09,2.5803588180918143e-11,0
3044,3.7187103748597665e-10,-1.5731637637936974e-05,-1.5728650928143146e-05,-2.9867097938280306e-09,8.8179467156306800e-12,0
3045,-2.9431709787012400e-10,2.9695780948629270e-05,2.9695516009331272e-05,2.6493929799868438e-10,2.4197908961284499e-11,0
3046,-2.9421752317827422e-10,-6.2184950253369765e-05,-6.2181778957430778e-05,-3.1712959389876717e-09,4.4218584075262179e-11,0
3047,-2.7423629300659379e-10,6.1057540397552873e-06,6.0881238536653455e-06,1.7630186089941842e-08,1.0880716264090043e-11,0
3048,-8.7595303046969276e-11,-1.4701400683036873e-06,-1.4694039523211157e-06,-7.3611598257164664e-10,7.0636675658832484e-12,0
3049,9.9574690620563654e-14,-9.1880678319970080e-05,-9.1881461181488475e-05,7.8286151839563820e-10,2.2780063587258707e-11,0
3050,2.0080804396104386e-11,-2.3590018060628930e-05,-2.3596260025322338e-05,6.2419646934084997e-09,1.0370872400675052e-11,0
3051,2.0672179457395563e-10,-3.1165913905462257e-05,-3.1167734848784906e-05,1.8209433226483809e-09,9.2644995743219794e-12,0
3052,1.9981229704032015e-11,6.8290696686428530e-05,6.8275016204613422e-05,1.5680481815107789e-08,2.8438307582335878e-11,0
3053,2.0662221988517562e-10,6.0714787006302916e-05,6.0710765589232662e-05,4.0214170702541408e-09,1.7185396039374119e-11,0
3054,1.8664098999974947e-10,-7.5759014218467879e-06,-7.5588844815503271e-06,-1.7016940296460731e-08,3.8069372100455572e-12,0
3055,-3.2749924285314741e-11,2.2766262235652049e-05,2.2770279899166474e-05,-4.0176635144248125e-09,6.2835558145735376e-11,0
3056,-3.2706702233265445e-10,5.2461888445924643e-05,5.2461973890335440e-05,-8.5444410796936890e-11,7.7488681793513719e-11,0
3057,-3.2696744764553515e-10,-3.9418735980368061e-05,-3.9407031017907600e-05,-1.1704962460460907e-08,5.7443121030910340e-11,0
3058,-3.0698621717031496e-10,2.8871892214934504e-05,2.8871445250620474e-05,4.4696431403040346e-10,4.3547046054644102e-11,0
3059,-1.2034522735320190e-10,2.1295994368833102e-05,2.1299009531646503e-05,-3.0151628134010371e-09,3.5632086151804980e-11,0
3060,1.1971179112229886e-10,5.1189625134369712e-05,5.1185846029557675e-05,3.7791048120372288e-09,4.9491731060729939e-11,0
3061,7.1974033770394432e-10,-1.4244382620731168e-05,-1.4254424513779887e-05,1.0041893048718940e-08,4.0584256598260774e-11,0
3063,6.2520453565955630e-10,-1.5718347730740104e-05,-1.5727271246998905e-05,8.9235162588009633e-09,2.2989023345666559e-11,0
3065,-9.4535802021002023e-11,-1.4739524402977364e-06,-1.4694251477603661e-06,-4.5272925373702205e-09,1.9440858618711805e-11,0
3066,2.7641860438913529e-10,6.0719058468582283e-05,6.0711127819782375e-05,7.9306487999080181e-09,3.9195305918454844e-11,0
3067,3.8441862405448138e-09,-3.4415577217204035e-05,-3.4422365605854439e-05,6.7883886504038825e-09,1.0658861216034982e-10,0
3068,1.7502633329970806e-09,1.6752261064442719e-05,1.6745819986526694e-05,6.4410779160257786e-09,2.8715324944415309e-11,0
3070,-2.8527188399348550e-10,2.9699457901790054e-05,2.9695630461006663e-05,3.8274407833914243e-09,3.1299310529423406e-11,0
3071,-2.8518377601117697e-10,-6.2182110529912082e-05,-6.2181632342789723e-05,-4.7818712235899417e-10,5.6769567912456934e-11,0
3072,-9.5612178326341994e-11,-1.4689998340553043e-06,-1.4694051019871886e-06,4.0526793188423293e-10,1.0719740330530529e-11,0
3073,8.8107976934649508e-14,-9.1881585878748439e-05,-9.1881459563039828e-05,-1.2631570861173797e-10,5.2965628245411875e-11,0
3074,1.8965970548731014e-10,-3.1168452836428115e-05,-3.1167844361564542e-05,-6.0847486357346265e-10,1.2412494141651766e-11,0
3075,1.8957159750854610e-10,6.0713131718094331e-05,6.0710624182239559e-05,2.5075358547717503e-09,3.0033784966949403e-11,0
3076,3.6889782860805866e-10,-3.7046959551104153e-05,-3.7029603742908858e-05,-1.7355808195295124e-08,4.0477033535954202e-11,0
3077,1.1567726700480018e-10,1.4133603278395496e-05,1.4155252946458132e-05,-2.1649668062636497e-08,3.0368136990472047e-11,0
3078,-2.5322056250991764e-10,5.1180658590575800e-05,5.1184311890166739e-05,-3.6532995909382125e-09,8.7316719841688263e-11,0
3082,-4.2813349069613952e-10,2.9694813568298048e-05,2.9694886561170055e-05,-7.2992872007370414e-11,3.6677029587185286e-11,0
3083,-4.2799191451120552e-10,-6.2185913487668512e-05,-6.2182357987051361e-05,-3.5555006171509532e-09,7.4962576373861073e-11,0
3084,-2.3871990679289942e-10,6.1121600319047863e-06,6.0884356981619075e-06,2.3724333742878757e-08,2.1340093514906586e-11,0
3085,-1.1316565820814524e-10,-1.4702431289813009e-06,-1.4694771976395813e-06,-7.6593134171959665e-10,1.1021679187644341e-11,0
3086,1.4157618506208965e-13,-9.1880511968836826e-05,-9.1881458333969204e-05,9.4636513237749981e-10,5.6728966935134602e-11,0
3087,1.8941358337436799e-10,-2.3582596722474675e-05,-2.3595180393581522e-05,1.2583671106847541e-08,2.6265163344667940e-11,0
3088,3.1496783237255826e-10,-3.1165052926556899e-05,-3.1167169163418362e-05,2.1162368614625502e-09,1.5377796179408522e-11,0
3089,1.8927200718843584e-10,6.8297942782387031e-05,6.8275934842322009e-05,2.2007940065022023e-08,5.9416157700692675e-11,0
3090,3.1482625618216642e-10,6.0715520522213254e-05,6.0711281274621882e-05,4.2392475913717869e-09,3.1439081464119264e-11,0
3091,1.2555424843353261e-10,-7.5824519671719229e-06,-7.5592613729781348e-06,-2.3190594193788031e-08,9.3888641131033741e-12,0
3093,3.7877378577833077e-10,-8.1165454500313483e-06,-8.1588837321222834e-06,4.2338282090935084e-08,3.3348331516357803e-11,0
3094,2.0328502694070550e-11,6.8312858292510908e-05,6.8275010175102317e-05,3.7848117408591578e-08,6.5567920503016984e-11,0
3095,-6.0539231325893348e-11,-1.4768424801401593e-06,-1.4691595613820256e-06,-7.6829187581336866e-09,1.9470057557830761e-11,0
3099,-2.7482289815454634e-11,-5.5709927157853237e-06,-5.5810471718914282e-06,1.0054456106104514e-08,6.1782115535715767e-12,0
3100,4.2554973945793280e-10,-7.6408103475120864e-05,-7.6425230006788993e-05,1.7126531668128588e-08,8.7459264461377308e-11,0
3102,-3.2586902147769764e-10,-3.1176474821162370e-05,-3.1170691443845202e-05,-5.7833773171682683e-09,1.8385516102420890e-11,0
3103,1.0855855709207707e-10,-1.1652588696808332e-05,-1.1664700154508869e-05,1.2111457700537552e-08,2.8243375421264989e-11,0
3104,-1.6512022121185056e-10,-5.5938457297921053e-06,-5.5817934396739029e-06,-1.2052290118202390e-08,1.9758970995216197e-11,0
3105,-2.7367877842126224e-10,6.0587795823480867e-06,6.0883516825293726e-06,-2.9572100181285923e-08,1.0089080871157522e-11,0
3106,5.6211009901569371e-10,-7.6410970169471515e-05,-7.6424472104829445e-05,1.3501935357929746e-08,5.9632334502890601e-11,0
3107,4.1390386684005158e-10,-3.7024950757157983e-05,-3.7029188704363408e-05,4.2379472054254025e-09,5.4783077578912403e-11,0
3108,1.4820623228038698e-10,-3.9386011035015545e-05,-3.9404644091922108e-05,1.8633056906563875e-08,9.6490468376056191e-11,0
3109,4.7087676272097151e-10,1.5451609991447637e-05,1.5439029790639471e-05,1.2580200808166690e-08,2.4424598025248466e-11,0
3110,4.7099840965139422e-10,-7.6427431269940338e-05,-7.6424961341865121e-05,-2.4699280752171066e-09,3.4698816353713515e-11,0
3111,4.3157056702897113e-10,-3.7023631227893483e-05,-3.7029056551770713e-05,5.4253238772301393e-09,2.4367763553544548e-11,0
3112,1.2164693347411591e-13,-9.1878992017183897e-05,-9.1881454739909109e-05,2.4627227252123091e-09,3.0329998248800599e-11,0
3114,3.9427842875942219e-11,-3.9403684066263191e-05,-3.9405267323270941e-05,1.5832570077501935e-09,8.1145157909121836e-11,0
3115,1.8895438293101999e-10,-1.1669707706553692e-05,-1.1664261114646488e-05,-5.4465919072037403e-09,2.6407651420383398e-11,0
3116,-1.4352797160339136e-10,-5.5920154132626902e-06,-5.5816639486034453e-06,-1.0351464659244949e-08,1.8533297320042612e-11,0
3117,2.0085784000516793e-10,-1.3135803818164864e-05,-1.3141320744393102e-05,5.5169262282380886e-09,1.2291355313539314e-11,0
3118,-3.3248235478635193e-10,6.0777374009737817e-06,6.0880978137509563e-06,-1.0360412777174653e-08,1.0100772215587077e-11,0
3119,1.1903457050766200e-11,-1.4660582422732979e-06,-1.4686961193807193e-06,2.6378771074214106e-09,7.2283882952925150e-12,0
3120,3.4438581172813910e-10,-7.5438033624009547e-06,-7.5581302994568790e-06,1.4326937055924294e-08,3.9814004518358056e-12,0
3121,3.9928785327637308e-10,-3.7030655591969996e-05,-3.7029189099371199e-05,-1.4664925987971367e-09,3.9376762129646915e-11,0
3122,7.6112693918368436e-10,1.4175616407216020e-05,1.4161073406864048e-05,1.4543000351971571e-08,2.8166092293466673e-11,0
3123,3.6183908638911338e-10,5.1206239420771224e-05,5.1189851747052358e-05,1.6387673718865883e-08,6.6442239086477932e-11,0
3124,3.8866169400368770e-11,2.9714979123945245e-05,2.9697620795101506e-05,1.7358328843739327e-08,3.9532421735684368e-11,0
3125,3.8871052538419160e-11,-6.2168172006712291e-05,-6.2179533375223588e-05,1.1361368511297095e-08,6.5573872393021322e-11,0
3126,-3.4650644622164651e-10,6.0827042569037981e-06,6.0880611219490124e-06,-5.3568650452143007e-09,2.4479384159386206e-11,0
3127,-1.6386346048340430e-11,-1.4677661465873661e-06,-1.4688281420535431e-06,1.0619954661770447e-09,1.3299463168999814e-11,0
3129,-3.8537261572572376e-10,-2.3632265474818337e-05,-2.3598038032763056e-05,-3.4227442055281441e-08,2.2945816643440674e-11,0
3130,-5.5252515211926711e-11,-3.1182679874367132e-05,-3.1169237125120198e-05,-1.3442749246934363e-08,1.6048770371584695e-11,0
3131,-3.8537749886626945e-10,6.8250758269904066e-05,6.8272786062366768e-05,-2.2027792462701889e-08,4.7171895872405768e-11,0
3132,-5.5257398349605982e-11,6.0700375990215862e-05,6.0709123694975037e-05,-8.7477047591751479e-09,2.4188872632490625e-11,0
3133,3.3012010001032096e-10,-7.5504041262795807e-06,-7.5582228560361512e-06,7.8187297565704853e-09,8.7990505393093264e-12,0
3134,3.7160260494442304e-10,-3.7029201306810686e-05,-3.7029309300029220e-05,1.0799321853438570e-10,1.7863937843962625e-11,0
3135,-1.8554048416730918e-10,2.9700207805076874e-05,2.9696426964074890e-05,3.7808410019847354e-09,2.6886692007834803e-11,0
3136,-1.8547412103745849e-10,-6.2181584410403445e-05,-6.2180711193197627e-05,-8.7321720581884539e-10,3.0076163006853944e-11,0
3137,-3.2116865046101399e-10,6.0973733149328330e-06,6.0882363158324167e-06,9.1369991004162926e-09,2.1480274172655881e-11,0
3138,-6.8081258735461277e-11,-1.4690139869639671e-06,-1.4690897077785932e-06,7.5720814626125359e-11,6.9233964074600840e-12,0
3139,6.6363128912594533e-14,-9.1881703822092604e-05,-9.1881453173328260e-05,-2.5064876434425457e-10,1.6761210561535862e-11,0
3140,-1.3562816636926156e-10,-2.3602879172332329e-05,-2.3596625795644629e-05,-6.2533766876998135e-09,1.4361569859899534e-11,0
3141,1.1745922536434544e-10,-3.1169166139195391e-05,-3.1168301897817425e-05,-8.6424137796606033e-10,6.1301040962792441e-12,0
3142,-1.3569452950126713e-10,6.8278898905772909e-05,6.8274147746582767e-05,4.7511591901418584e-09,3.7631662488500306e-11,0
3143,1.1739286223008024e-10,6.0712550323318204e-05,6.0710043039969497e-05,2.5072833487071902e-09,1.2036907993432152e-11,0
3144,2.5308739175198483e-10,-7.5663578521199815e-06,-7.5586570547587310e-06,-7.7007973612504220e-09,6.4066997603131304e-12,0
3145,4.3230474245105198e-10,-3.7041682621573660e-05,-3.7028949943917451e-05,-1.2732677656208870e-08,4.3323471335514705e-11,0
3146,-3.9831264942894931e-10,2.9701422306170481e-05,2.9695292273063878e-05,6.1300331066031495e-09,2.8445626838351704e-11,0
3147,-3.9820212566712368e-10,-6.2180696954910645e-05,-6.2181832143141103e-05,1.1351882304582199e-09,1.9426407268785249e-11,0
3148,-3.8533744770064293e-10,6.1000344049703947e-06,6.0879176016056129e-06,1.2116803364781861e-08,1.2312969560746206e-11,0
3149,-1.3446458687548074e-10,-1.4684789518060789e-06,-1.4694343670488328e-06,9.5541524275394595e-10,7.8673975328799959e-12,0
3150,1.1052376179134826e-13,-9.1882143869784317e-05,-9.1881452227936762e-05,-6.9164184755420195e-10,1.6731271895797859e-11,0
3151,1.2975201775608614e-11,-2.3601441888555091e-05,-2.3595772608347078e-05,-5.6692802080136689e-09,1.1729211532028506e-11,0
3152,2.6384806258108099e-10,-3.1169945533317278e-05,-3.1167509315462555e-05,-2.4362178547228971e-09,7.8412791069055709e-12,0
3153,1.2864678009413188e-11,6.8280736511534042e-05,6.8274957450164267e-05,5.7790613697749574e-09,1.2281295010169835e-11,0
3154,2.6373753881666862e-10,6.0712217320205760e-05,6.0710821993842242e-05,1.3953263635184680e-09,7.7838139384852088e-12,0
3155,2.5087286056409557e-10,-7.5684917007689742e-06,-7.5586807945973502e-06,-9.8109061716239736e-09,3.5203582792821835e-12,0
3156,3.1148171191447226e-10,-3.7064048037842648e-05,-3.7029579288790148e-05,-3.4468749052499398e-08,2.7339391037436818e-11,0
3157,4.9271442821772428e-11,1.4119293736979122e-05,1.4158010498894823e-05,-3.8716761915701348e-08,2.3504826317924717e-11,0
3158,-2.6221027016205583e-10,5.1183131857176004e-05,5.1187227170612321e-05,-4.0953134363176115e-09,7.5326186437435075e-11,0
3159,-3.1768604035023743e-10,2.9699531633198186e-05,2.9695764881424114e-05,3.7667517740721298e-09,2.4486443864064343e-11,0
3160,-3.1758502235080628e-10,-6.2182147067393889e-05,-6.2181343582769311e-05,-8.0348462457794766e-10,3.1002772278117716e-11,0
3161,-1.0056363177393442e-10,-1.4689093909574149e-06,-1.4692280635311078e-06,3.1867257369286654e-10,8.2653047734940812e-12,0
3162,1.0101800089905058e-13,-9.1881578513589325e-05,-9.1881451444992754e-05,-1.2706859657096291e-10,3.4889026240264627e-11,0
3163,2.1712240839904223e-10,-3.1168391812053759e-05,-3.1167772596594924e-05,-6.1921545883560298e-10,1.0045858776589967e-11,0
3164,2.1702139039909539e-10,6.0713213368267282e-05,6.0710542894166444e-05,2.6704741008378254e-09,1.7705635513043227e-11,0
3165,3.7921103531320099e-09,-3.4393408655587418e-05,-3.4422464903641385e-05,2.9056248053966976e-08,7.3972211619270246e-11,0
3166,1.7310776611559850e-09,1.6763172044843150e-05,1.6749402076579142e-05,1.3769968264007557e-08,2.2533731708649337e-11,0
3168,5.5440203500458644e-10,-1.4259944950125066e-05,-1.4255629450032055e-05,-4.3155000930110036e-09,1.6880765396709469e-11,0
3169,2.2792186445631955e-10,1.5435644618399733e-05,1.5437709902826581e-05,-2.0652844268489231e-09,1.5803307659277672e-11,0
3170,2.2803382300805044e-10,-7.6445111728665888e-05,-7.6426242547478240e-05,-1.8869181187648135e-08,3.9616806976043738e-11,0
3171,4.9192996675481830e-10,-3.7026427792368269e-05,-3.7028531368210682e-05,2.1035758424126972e-09,2.3661790952869755e-11,0
3172,4.6269584723446399e-10,-1.5730063136015771e-05,-1.5728215477235338e-05,-1.8476587804328720e-09,7.8863039746670496e-12,0
3173,-3.2648017038270413e-10,2.9695601808182870e-05,2.9695750044200772e-05,-1.4823601790232410e-10,2.3574709576338525e-11,0
3174,-3.2636821183188191e-10,-6.2185228901033736e-05,-6.2181341920843316e-05,-3.8869801904196444e-09,3.2772928947381029e-11,0
3175,-9.1706187748676366e-11,-1.4700975328450251e-06,-1.4691579459992167e-06,-9.3958684580844287e-10,6.4632512004399468e-12,0
3176,1.1195855231118604e-13,-9.1880792162725710e-05,-9.1881450527674720e-05,6.5836494901063379e-10,2.1597446670939760e-11,0
3177,2.3477398240659095e-10,-3.1165734595540312e-05,-3.1167684535850857e-05,1.9499403105445478e-09,8.8476448975299075e-12,0
3178,2.3466202385272041e-10,6.0715048042833848e-05,6.0710614592861114e-05,4.4334499727343422e-09,1.3952620320196781e-11,0
3179,6.2472068160456104e-11,2.2766507789294572e-05,2.2769797187625562e-05,-3.2893983309894648e-09,6.1289610578735891e-11,0
3180,-2.6400810236116629e-10,5.2461981974522703e-05,5.2461904844080432e-05,7.7130442271533105e-11,8.5100280806117145e-11,0
3181,-2.6389614380944022e-10,-3.9418744548810891e-05,-3.9407083808304816e-05,-1.1660740506074787e-08,5.4832199026073149e-11,0
3182,-2.9234119607154420e-11,2.1296338281381715e-05,2.1298759438119662e-05,-2.4211567379472292e-09,4.1261920727548541e-11,0
3183,7.7684211308466793e-10,-1.4245160406782011e-05,-1.4254436307653597e-05,9.2759008715862000e-09,5.1742822400552151e-11,0
3185,5.8608952956110796e-10,-8.1287894404683328e-06,-8.1576903333650486e-06,2.8900892896715778e-08,5.3090139125753306e-11,0
3186,6.8136480256462023e-10,-1.5718565639766431e-05,-1.5727025390721911e-05,8.4597509554801677e-09,3.1463133061980888e-11,0
3187,-3.9044655364299551e-10,-6.2192282086844311e-05,-6.2181650769546181e-05,-1.0631317298129706e-08,6.8479204425608890e-11,0
3188,-1.9075258324996970e-10,6.1164028222493189e-06,6.0890883979770593e-06,2.7314424272259635e-08,3.3021332200632211e-11,0
3189,-9.5477310486536393e-11,-1.4733623531740410e-06,-1.4691605373514930e-06,-4.2018158225479949e-09,2.0116878423832445e-11,0
3190,1.9969396993689958e-10,6.8308683647270302e-05,6.8275972347990813e-05,3.2711299279488825e-08,7.5552223101485675e-11,0
3191,2.9496924314556014e-10,6.0718804366736816e-05,6.0710923534889256e-05,7.8808318475597871e-09,3.6596380414418029e-11,0
3192,9.5275272699155986e-11,-7.5898270189929049e-06,-7.5595702386711722e-06,-3.0256780321732627e-08,1.5664678668966135e-11,0
3193,-4.5045911922372513e-11,5.1186122035949536e-05,5.1189296931257855e-05,-3.1748953083186328e-09,9.2853566293199052e-11,0
3194,-3.1089731513344042e-11,-5.5675231288854210e-06,-5.5810069659899564e-06,1.3483837104535388e-08,8.1678684997264665e-12,0
3195,4.8108052683998368e-10,1.5446729638595325e-05,1.5439094798270991e-05,7.6348403243338956e-09,4.3517749623614393e-11,0
3197,1.3883113466158054e-13,-9.1879683064907851e-05,-9.1881448892951656e-05,1.7658280438049992e-09,3.9633464398633394e-11,0
3198,-8.7675572191573928e-10,5.1170485506162738e-05,5.1185154647099087e-05,-1.4669140936348669e-08,3.9066419956651931e-11,0
3199,-2.9543218847537013e-10,6.0725832710349648e-06,6.0885735163804284e-06,-1.5990245345463673e-08,2.0990176800739469e-11,0
3200,2.5882122046005743e-11,-1.4544332441763369e-06,-1.4684658233837667e-06,1.4032579207429805e-08,1.4299788474341404e-11,0
3201,3.2131431045516587e-10,-7.5269525507612456e-06,-7.5583566950760327e-06,3.1404144314787117e-08,4.6160611229945994e-12,0
3203,2.5224893253219261e-09,-6.2169471750306293e-05,-6.2165630561571909e-05,-3.8411887343841114e-09,4.2987336429398101e-11,0
3204,-2.2437190060327141e-09,6.0952012172609676e-06,6.0779649072997768e-06,1.7236309961190879e-08,2.4340382312096277e-11,0
3205,2.8890169197524029e-10,-1.4668141008293816e-06,-1.4670120526312475e-06,1.9795180186586208e-10,1.1727244411921821e-11,0
3206,7.3080654952268943e-09,2.8457622891079823e-05,2.8455588935265963e-05,2.0339558138595098e-09,7.6535325098431867e-11,0
3207,-8.4891506901517193e-13,-9.1883238369477952e-05,-9.1881453117079729e-05,-1.7852523982232228e-09,3.4975069116017253e-11,0
3208,-4.7670573035837880e-09,-2.3618533227770413e-05,-2.3621618864479576e-05,3.0856367091630968e-09,2.1771092377643150e-11,0
3209,-2.2344365717326839e-09,-3.1180547404199670e-05,-3.1181194671418158e-05,6.4726721848800111e-10,1.6954847394326272e-11,0
3210,4.7847273365313013e-09,-1.2560712266112412e-06,-1.2661204859775651e-06,1.0049259366323935e-08,5.5428916493488487e-11,0
3211,-4.7662083884520364e-09,6.8264702262478918e-05,6.8248849306105832e-05,1.5852956373085987e-08,2.9479547678234234e-11,0
3212,-2.2335876566340444e-09,6.0702654512473884e-05,6.0697059178260055e-05,5.5953342138290326e-09,1.5022809699265160e-11,0
3214,2.5326207349905585e-09,-7.5620684884770625e-06,-7.5462921631859175e-06,-1.5776325291145033e-08,7.3443556684785068e-12,0
3215,9.5517846531579160e-09,2.2362406285393079e-05,2.2377101044781320e-05,-1.4694759388241138e-08,4.2938272269706536e-11,0
3217,-5.7448420148584952e-09,5.2461229746824170e-05,5.2431870332892493e-05,2.9359413931677090e-08,1.0330181566295454e-10,0
3218,-5.7456909296670450e-09,-3.9422288185204327e-05,-3.9437119502374558e-05,1.4831317170230164e-08,6.2162592065176810e-11,0
3219,-1.0511899335758243e-08,2.8842456806604756e-05,2.8814414559176577e-05,2.8042247428178573e-08,7.9716062571877273e-11,0
3220,-7.9792785934141924e-09,2.1280540886898028e-05,2.1255156703033320e-05,2.5384183864707679e-08,6.9832655639998022e-11,0
3222,7.0191638254403525e-09,2.9924455901568850e-05,2.9922062220935980e-05,2.3936806328701083e-09,2.7537410491275717e-11,0
3223,2.0346059849786704e-10,6.0709497818870264e-05,6.0710347941036009e-05,-8.5012216574441952e-10,1.0617556867639503e-11,0
3224,-2.0539655896675066e-09,-3.9423022870799240e-05,-3.9416985068706147e-05,-6.0378020930933023e-09,5.9371786573502602e-11,0
3225,-1.8505049870892822e-09,2.1286428252068057e-05,2.1288576868731701e-05,-2.1486166636440788e-09,5.0079582614854873e-11,0
3226,3.6544117133333245e-10,1.4201168164636874e-05,1.4161794787827756e-05,3.9373376809118037e-08,7.3585895075959120e-11,0
3227,1.0337137904174465e-10,-1.1635435453980457e-05,-1.1664728481575773e-05,2.9293027595316025e-08,3.6824935004075765e-11,0
3228,-1.7387837360968366e-10,-5.5965243614397586e-06,-5.5817692132178472e-06,-1.4755148221911392e-08,2.3304656612935498e-11,0
3229,-2.7724975274048491e-10,6.0389163460978362e-06,6.0887508070917015e-06,-4.9834460993865257e-08,1.1702531852934351e-11,0
3230,-2.3522329088146342e-10,-3.1176499525663835e-05,-3.1170292796175558e-05,-6.2067294882774300e-09,1.8188838235832064e-11,0
3231,5.7003299275668582e-10,-7.6412103382607691e-05,-7.6424328306792721e-05,1.2224924185029961e-08,6.3960461420397491e-11,0
3232,3.6878245850566327e-10,-3.7025388058704520e-05,-3.7029004145459652e-05,3.6160867551319554e-09,5.6397082651693066e-11,0
3233,2.0125053428060718e-10,-3.9386512987193284e-05,-3.9404707101320358e-05,1.8194114127074133e-08,1.0888621552242326e-10,0
3234,1.0481010658240385e-10,5.1193786780776539e-05,5.1191768763286223e-05,2.0180174903157888e-09,4.8580733951547126e-11,0
3235,1.7786570471125580e-10,-1.1669661606343237e-05,-1.1664321669677906e-05,-5.3399366653314624e-09,2.3530577895765452e-11,0
3236,-1.7195808426328420e-10,-5.5921660597308635e-06,-5.5817471502960046e-06,-1.0418909434858903e-08,1.9461845641133865e-11,0
3237,1.8129300607585351e-10,-1.3135638606770819e-05,-1.3141382328445901e-05,5.7437216750813369e-09,1.3349667484581300e-11,0
3238,-3.4982378918706046e-10,6.0775446024730929e-06,6.0884217381292436e-06,-1.0877135656150617e-08,1.0227127918775048e-11,0
3239,3.4273013428563431e-12,-1.4658937211697431e-06,-1.4685066445529117e-06,2.6129233831686517e-09,7.1604867198074222e-12,0
3240,3.5325109035286170e-10,-7.5434554509430651e-06,-7.5582356367266264e-06,1.4780185783561235e-08,3.4098621076281616e-12,0
3242,-6.4933088299751194e-10,5.2460534101017586e-05,5.2459576378784727e-05,9.5772223285891123e-10,8.8576314868169878e-11,0
3243,-2.0228097707316776e-10,1.6736510739779296e-05,1.6741867994843706e-05,-5.3572550644096937e-09,1.0574765433288853e-11,0
3244,1.3255276022527715e-10,1.5389724068306382e-05,1.5437199442561256e-05,-4.7475374254874543e-08,7.1081212850732593e-11,0
3246,1.5853268097055229e-09,6.1186459652702585e-06,6.0990463250653645e-06,1.9599640204894048e-08,3.9001164216180933e-11,0
3247,1.9134516838574126e-11,-1.4666743244171488e-06,-1.4683888950524816e-06,1.7145706353327729e-09,1.9902140726144780e-11,0
3248,2.6785280922620774e-09,6.8290544501618637e-05,6.8289496353122282e-05,1.0481484963547737e-09,6.7582700327000932e-11,0
3249,1.1123358060442979e-09,6.0705243016345202e-05,6.0715222042997579e-05,-9.9790266523769951e-09,3.4481542367876084e-11,0
3250,-1.5661922825583261e-09,-7.5852504574577817e-06,-7.5687385260742673e-06,-1.6511931383514440e-08,1.6071362058840857e-11,0
3251,2.5113577838459835e-10,1.5430102522064927e-05,1.5437848323416642e-05,-7.7458013517147230e-09,3.5961762904999122e-11,0
3252,1.9495642101439385e-09,-1.1669976078707619e-05,-1.1654646462540099e-05,-1.5329616167519773e-08,2.2941222037336566e-11,0
3253,3.1080299807525201e-09,-7.3822838402314017e-05,-7.3831421518706582e-05,8.5831163925645815e-09,3.8998635326536767e-11,0
3254,1.4172963222645757e-09,-5.5771447384899558e-06,-5.5730522005111584e-06,-4.0925379787974160e-09,1.5155781761206135e-11,0
3255,2.2003899417553524e-09,-1.3136018285315500e-05,-1.3130345992477620e-05,-5.6722928378795650e-09,1.0771484196819086e-11,0
3256,1.6932419093939678e-09,1.6778620570038344e-05,1.6752589291434028e-05,2.6031278604316086e-08,3.2768605388448742e-11,0
3257,1.1584657721172761e-09,-6.2152733813072153e-05,-6.2172812597694605e-05,2.0078784622451626e-08,3.1529563978023485e-11,0
3258,-5.3226788809057264e-10,6.0929484025761677e-06,6.0875187553207664e-06,5.4296472554012451e-09,1.8673812130350015e-11,0
3259,2.5082573205353564e-10,-1.4659682086143842e-06,-1.4671030392965992e-06,1.1348306822149556e-09,1.3203977629712789e-11,0
3260,-2.5632230519439869e-10,2.8448690949553143e-05,2.8416829202392480e-05,3.1861747160663416e-08,3.3862578008088271e-11,0
3261,-1.6907336662864316e-09,6.8245699795718099e-05,6.8265634092993496e-05,-1.9934297275397321e-08,1.5778375039373867e-11,0
3262,-9.0764004366163611e-10,6.0686771027551600e-05,6.0704167667482573e-05,-1.7396639930972451e-08,9.2863451561522183e-12,0
3263,-1.4147880985549393e-09,9.0601424762786436e-05,9.0580310756085066e-05,2.1114006701369414e-08,4.3974148106380902e-11,0
3264,7.8309362183931625e-10,-7.5588959894071911e-06,-7.5559225575199100e-06,-2.9734318872810789e-09,4.8815098845907870e-12,0
3265,2.7594557241064106e-10,2.2355787053341281e-05,2.2328910416983203e-05,2.6876636358078162e-08,1.7372544352458705e-11,0
3266,-5.0714804103960649e-10,2.9914663481404175e-05,2.9883165101827092e-05,3.1498379577082469e-08,1.1396879316740975e-11,0
3267,2.6994608389678779e-10,1.5436521888434127e-05,1.5437952228493554e-05,-1.4303400594270336e-09,2.4361642211867478e-11,0
3268,-6.1003845824495658e-10,-6.2184123363422626e-05,-6.2182421720193701e-05,-1.7016432289255297e-09,3.3989115331954666e-11,0
3269,-9.5142145102017850e-11,6.1223531897447100e-06,6.0899437371679222e-06,3.2409452576787808e-08,1.6424823546701065e-11,0
3270,-1.3814091092691455e-10,-1.4691313913034725e-06,-1.4692058625452948e-06,7.4471241822234423e-11,1.2022815239487175e-11,0
3271,5.1489631311327110e-10,6.8306450250396611e-05,6.8277677110630000e-05,2.8773139766611103e-08,2.9999332674982846e-11,0
3272,4.7189754759562692e-10,6.0714981956207226e-05,6.0711677145410953e-05,3.3048107962727123e-09,1.6128536612356222e-11,0
3273,-4.2998766286441562e-11,-7.5914933908953486e-06,-7.5604477306070090e-06,-3.1045660288339580e-08,6.2837075902963300e-12,0
3274,7.4628740483588906e-10,2.2775187182733775e-05,2.2772763312629011e-05,2.4238701047641590e-09,6.8050555121470184e-11,0
3275,1.3624894608535945e-10,-3.9409032688989768e-05,-3.9405202933755716e-05,-3.8297552340516277e-09,1.0513035997904802e-10,0
3276,6.5114525919617685e-10,2.8897276964392343e-05,2.8874839766020507e-05,2.2437198371836063e-08,5.9060522986742762e-11,0
3277,6.0814649375592616e-10,2.1305960726139377e-05,2.1301667389868357e-05,4.2933362710197045e-09,4.7203974521123827e-11,0
3278,6.1743194362206567e-10,1.5444104612251895e-05,1.5439850959486625e-05,4.2536527652706712e-09,2.6156297105941391e-11,0
3279,6.1760063042472781e-10,-7.6436213785011000e-05,-7.6424022679250051e-05,-1.2191105760948873e-08,3.9330273257783190e-11,0
3280,6.5821936864525674e-10,1.4175742086855892e-05,1.4165571528457992e-05,1.0170558397900136e-08,2.9718870511291997e-11,0
3281,1.6868679993652106e-13,-9.1880398464843296e-05,-9.1881441574012419e-05,1.0431091691229027e-09,3.0695770595900276e-11,0
3282,4.0787425218273533e-11,-1.2684188776604377e-06,-1.2890323783109672e-06,2.0613500650529471e-08,3.3286350375888973e-11,0
3283,4.0618738418308234e-11,9.0611989459015579e-05,9.0588933625078920e-05,2.3055833936659218e-08,7.2387078165169526e-11,0
3284,-1.8998791779776275e-10,6.1126441621853558e-06,6.0894554508247262e-06,2.3188711360629645e-08,3.4964383146723382e-11,0
3285,-1.1487543983725249e-10,-1.4697110580609921e-06,-1.4690621038367213e-06,-6.4895422427077951e-10,2.3107692048822410e-11,0
3286,7.5112477787065650e-11,-7.5822960497783434e-06,-7.5598136226186598e-06,-2.2482427159683594e-08,1.3257814850479316e-11,0
3287,8.1166874707963829e-10,-1.4246176911650137e-05,-1.4254510307712060e-05,8.3333960619231970e-09,5.0164932398930147e-11,0
3288,4.0927153941544067e-10,-7.6437294360904087e-05,-7.6425152341695398e-05,-1.2142019208688927e-08,8.2404915577579749e-11,0
3289,7.1629383185349443e-10,-1.5718962920816502e-05,-1.5726884304895184e-05,7.9213840786817626e-09,2.9793470213307806e-11,0
3290,-4.0239720761619979e-10,-6.2191286499604925e-05,-6.2181213520051391e-05,-1.0072979553533957e-08,7.6866027472905350e-11,0
3291,-9.5374915194813303e-11,-1.4728020102860659e-06,-1.4689397695471221e-06,-3.8622407389438228e-09,2.0500784118360024e-11,0
3292,3.0702229245872836e-10,6.0718438403628040e-05,6.0710739892160370e-05,7.6985114676699135e-09,3.9057574667527498e-11,0
3293,-3.1581810398010631e-11,-5.5618437274458296e-06,-5.5809475463491645e-06,1.9103818903334842e-08,8.6354852278342318e-12,0
3294,-8.8671185322846505e-10,5.1168112265992383e-05,5.1188261056768689e-05,-2.0148790776306738e-08,7.1242931752114162e-11,0
3295,-2.3676634066271625e-10,2.9699399193694378e-05,2.9696644371384330e-05,2.7548223100479566e-09,2.9435776293142310e-11,0
3296,-2.3667944496014878e-10,-6.2182125508885439e-05,-6.2180247409322756e-05,-1.8780995626825050e-09,3.0542725156858119e-11,0
3297,-3.1691025109952897e-10,6.0986422342019717e-06,6.0888380259917149e-06,9.8042082102567780e-09,2.1327325097352588e-11,0
3298,-7.6153163946906916e-11,-1.4690643127732422e-06,-1.4688080120112955e-06,-2.5630076194668986e-10,7.7239791902863873e-12,0
3299,8.6895701904761042e-14,-9.1881560310941331e-05,-9.1881440214659467e-05,-1.2009628186403828e-10,1.1101673083558876e-11,0
3300,-8.0143910591592145e-11,-2.3600895397626626e-05,-2.3595562701023845e-05,-5.3326966027814624e-09,1.0327558200173046e-11,0
3301,1.6061317659656878e-10,-3.1168550128885517e-05,-3.1168191081231510e-05,-3.5904765400792456e-10,4.8606512937774105e-12,0
3302,-8.0230806296882454e-11,6.8280701182615432e-05,6.8274421901163071e-05,6.2792814523612937e-09,2.0624764964406829e-11,0
3303,1.6052628089327339e-10,6.0712998856549756e-05,6.0709909533765114e-05,3.0893227846422329e-09,7.9201517805079208e-12,0
3304,2.4075708722242952e-10,-7.5677055287690781e-06,-7.5589368419178388e-06,-8.7686868512392498e-09,4.9561481795882337e-12,0
3305,2.9199318095209847e-10,-3.7029552169397933e-05,-3.7029133141387794e-05,-4.1902801013900520e-10,9.5188044707866263e-11,0
3306,1.8493545197750076e-10,1.4160044031513719e-05,1.4163852320110944e-05,-3.8082885972254239e-09,8.8874648178392324e-11,0
3308,2.1530448258916711e-09,2.9713778283828665e-05,2.9709734199855883e-05,4.0440839727819925e-09,3.9681118804733229e-11,0
3309,2.1523586756089619e-09,-6.2169620203300982e-05,-6.2167142423539423e-05,-2.4777797615592196e-09,4.8432153344882310e-11,0
3310,-2.5680634718459307e-09,6.0916863459780507e-06,6.0765900465032672e-06,1.5096299474783451e-08,2.0098710744432998e-11,0
3311,2.0317774402845008e-10,-1.4668322862666956e-06,-1.4672569561789745e-06,4.2466991227888523e-10,1.4543778661488577e-11,0
3312,-6.8615029986315182e-13,-9.1883345369218631e-05,-9.1881443425334344e-05,-1.9019438842870356e-09,4.1384463749142482e-11,0
3313,-4.7211083573787186e-09,-2.3621951744378115e-05,-2.3620847094217939e-05,-1.1046501601760577e-09,3.0224249943983378e-11,0
3314,-1.9498671023908414e-09,-3.1180525155161988e-05,-3.1179726192617542e-05,-7.9896254444599161e-10,1.4127030897332999e-11,0
3315,-4.7204222070143692e-09,6.8261327188258707e-05,6.8249079655565472e-05,1.2247532693235178e-08,4.7606199362956708e-11,0
3316,-1.9491809520647594e-09,6.0702850568358953e-05,6.0698359426682048e-05,4.4911416769043339e-09,1.7792530812048979e-11,0
3317,2.7712412518295672e-09,-7.5585176997645248e-06,-7.5451346408628990e-06,-1.3383058901625816e-08,1.1509329082305411e-11,0
3318,-2.7951294202185417e-10,5.1187851892188149e-05,5.1192337462427442e-05,-4.4855702392923992e-09,8.9433204307192258e-11,0
3319,-1.7734475406595894e-10,-5.6024113188855862e-06,-5.5817240114277917e-06,-2.0687307457794501e-08,2.9547577209283766e-11,0
3320,-5.3161583039760008e-10,2.9705821311862800e-05,2.9695093766078919e-05,1.0727545783880744e-08,3.4268669867983063e-11,0
3321,-5.3150624757457854e-10,-6.2177169531407207e-05,-6.2181768386904675e-05,4.5988554974672182e-09,2.7277403395897341e-11,0
3322,-2.3825636880428837e-10,-1.4677734988292283e-06,-1.4696542243169295e-06,1.8807254877012394e-09,1.0060604508750272e-11,0
3323,1.0958288750751362e-13,-9.1883099093321250e-05,-9.1881438551679208e-05,-1.6605416420427486e-09,3.0924053835706488e-11,0
3324,2.9335946533888060e-10,-3.1173631355858877e-05,-3.1167481113885800e-05,-6.1502419730776565e-09,1.2849118529023505e-11,0
3325,2.9324988245001290e-10,6.0709451180277103e-05,6.0710590119440523e-05,-1.1389391634195338e-09,1.2861818859058018e-11,0
3326,3.4753201926810986e-10,-3.7017170954637899e-05,-3.7028758755146141e-05,1.1587800508242453e-08,3.5968104417899540e-11,0
3327,2.9719114149390043e-10,1.4173397234870135e-05,1.4165121596186684e-05,8.2756386834500513e-09,3.8567886826324852e-11,0
3328,-5.0340877625509888e-11,5.1190396694154091e-05,5.1193853886961534e-05,-3.4571928074432468e-09,9.0205437863748032e-11,0
3329,3.6223128737866956e-14,-9.1882867048375397e-05,-9.1881438333253290e-05,-1.4287151221071886e-09,8.9037207658433370e-11,0
3330,3.3338564623168146e-10,1.4221282216814179e-05,1.4165665407538074e-05,5.5616809276105037e-08,2.1443664464710131e-11,0
3331,1.3926303493967291e-13,-9.1882206969349332e-05,-9.1881437259419018e-05,-7.6970993031426176e-10,2.5145076981848135e-11,0
3332,-5.9349980681376330e-10,5.2458363910622141e-05,5.2459593170687014e-05,-1.2292600648733344e-09,5.7129194680679366e-11,0
3333,-5.9336054378277173e-10,-3.9423929096837895e-05,-3.9409375270995290e-05,-1.4553825842605016e-08,7.2932377229055342e-11,0
3334,1.6929327904731011e-10,-1.1669545865315798e-05,-1.1664368483508655e-05,-5.1773818071431743e-09,2.4962942729649746e-11,0
3335,-1.9189987849990655e-10,-5.5922236497747083e-06,-5.5817922284969829e-06,-1.0431421277725468e-08,1.9089275849672697e-11,0
3336,1.6549644780787310e-10,-1.3135253904675119e-05,-1.3141428504123620e-05,6.1745994485004667e-09,1.3982048408797738e-11,0
3337,-3.6119315772412787e-10,6.0773747449149526e-06,6.0887304548263166e-06,-1.1355709911364004e-08,1.0088905075301166e-11,0
3338,-3.7968312620386085e-12,-1.4656808789840266e-06,-1.4683372644442945e-06,2.6563854602678181e-09,7.2454314935759023e-12,0
3339,3.5739632623861321e-10,-7.5430461863208731e-06,-7.5583491866277374e-06,1.5303000306864328e-08,4.1609095224213582e-12,0
3340,4.1698491514664415e-10,-7.6383280482511529e-05,-7.6425062170630095e-05,4.1781688118566643e-08,6.1488604125202815e-11,0
3341,-3.0871466252834334e-10,6.0684377693408752e-06,6.0890472145715067e-06,-2.0609445230631529e-08,2.3691766658374184e-11,0
3342,1.7200156369488428e-11,-1.4502909776270383e-06,-1.4682056058320416e-06,1.7914628205003347e-08,1.6113069624647321e-11,0
3343,3.2591481878545172e-10,-7.5186779354271746e-06,-7.5585321892572154e-06,3.9854253830040830e-08,5.6162127415489440e-12,0
3344,-2.3689641509165340e-10,1.6740410785247295e-05,1.6745123234924621e-05,-4.7124496773263860e-09,1.3055244126379366e-11,0
3345,-6.0664532282032871e-11,-6.2155770964643191e-05,-6.2179036418763447e-05,2.3265454120256334e-08,4.5190157930407927e-11,0
3346,-3.2729263074068523e-10,6.0797005674347732e-06,6.0889756807828316e-06,-9.2751133480584326e-09,2.7885746085345116e-11,0
3347,-2.9817780183380285e-11,-1.4680308972235751e-06,-1.4684455192679217e-06,4.1462204434654166e-10,2.3713847694458048e-11,0
3348,-2.6662809841284312e-10,6.8235436291247745e-05,6.8273394336176372e-05,-3.7958044928626945e-08,2.4474891608381317e-11,0
3349,3.0846752258530797e-11,6.0687697843533200e-05,6.0709077358783005e-05,-2.1379515249805088e-08,1.6598705295918311e-11,0
3350,2.9747485036495111e-10,-7.5477477595366910e-06,-7.5586984881859277e-06,1.0950728649236747e-08,8.7260533841239418e-12,0
3352,-3.3757482886576344e-10,1.6752082147302068e-05,1.6744828029966399e-05,7.2541173356692251e-09,2.2376443219142662e-11,0
3353,6.7223210686941757e-10,-1.4258054773686520e-05,-1.4255460448892739e-05,-2.5943247937816144e-09,2.0304822541935510e-11,0
3354,3.0575040705339987e-10,1.5437265729823652e-05,1.5438160092480996e-05,-8.9436265734494551e-10,2.5248047689931303e-11,0
3355,3.0587725823072775e-10,-7.6443299845145932e-05,-7.6425650643198554e-05,-1.7649201947378098e-08,5.4873733333822562e-11,0
3356,4.4454261009644894e-10,-8.1501180755755298e-06,-8.1583457052598464e-06,8.2276296843165848e-09,1.9724756841562433e-11,0
3357,4.7267292523280500e-10,-3.7024965446416256e-05,-3.7027921465565218e-05,2.9560191489613643e-09,3.3789028236064753e-11,0
3358,5.7638348846387873e-10,-1.5728057088175776e-05,-1.5727683819640331e-05,-3.7326853544514650e-10,1.1424548067909479e-11,0
3359,-3.6648169973053380e-10,2.9695368887475843e-05,2.9696135122600908e-05,-7.6623512506576513e-10,1.9539580544277807e-11,0
3360,-3.6635484855226743e-10,-6.2185247735811224e-05,-6.2180657803490922e-05,-4.5899323203015202e-09,4.2347597517755749e-11,0
3361,-2.2768949689928379e-10,6.1079838289577418e-06,6.0895569475224269e-06,1.8426881435314903e-08,8.1353400078365883e-12,0
3362,-9.5848618396727791e-11,-1.4700146879300692e-06,-1.4687850851288744e-06,-1.2296028011948103e-09,5.7545969505155132e-12,0
3363,1.2685117948350487e-13,-9.1880498146725266e-05,-9.1881434851031983e-05,9.3670430671699816e-10,3.0164093870123351e-11,0
3364,1.3879220232001192e-10,-2.3587353301242689e-05,-2.3594062653901386e-05,6.7093526586972001e-09,1.1888283877946113e-11,0
3365,2.7063308115103014e-10,-3.1165365294733363e-05,-3.1167640269631321e-05,2.2749748979582858e-09,7.9974928498547281e-12,0
3366,1.3866535114343954e-10,6.8293116691085266e-05,6.8275605780448217e-05,1.7510910637049478e-08,3.8053128654083340e-11,0
3367,2.7050622997263246e-10,6.0715129504900107e-05,6.0710362313349637e-05,4.7671915504702319e-09,2.0577528464350800e-11,0
3368,1.3184087856018781e-10,-7.5780114906498497e-06,-7.5596167243324245e-06,-1.8394766317425145e-08,3.4553628445464798e-12,0
3369,1.9955918159281146e-10,2.2766962894241790e-05,2.2769068639123341e-05,-2.1057448815512640e-09,6.6018665206792446e-11,0
3370,-1.6692251821107245e-10,5.2462226261575096e-05,5.2461826001190540e-05,4.0026038455604884e-10,6.9633614504731084e-11,0
3371,-1.6679566703450421e-10,-3.9418278443453456e-05,-3.9407138721755373e-05,-1.1139721698082388e-08,8.5459026217602192e-11,0
3372,-2.8130315194783268e-11,2.8874729926670235e-05,2.8870394458979199e-05,4.3354676910358609e-09,5.4730728331858556e-11,0
3373,1.0371056319053858e-10,2.1296892056356376e-05,2.1298384027154530e-05,-1.4919707981542706e-09,3.5192327379038374e-11,0
3375,-2.1446590921280216e-10,6.0797836953689968e-06,6.0896657302508102e-06,-9.8820348818133373e-09,4.3033537759060957e-11,0
3376,-6.7164305499602615e-11,-1.4907654448640013e-06,-1.4686078456665131e-06,-2.2157599197488280e-08,2.2229319642389318e-11,0
3377,1.4730160387028163e-10,-7.5706677133929694e-06,-7.5595457244969894e-06,-1.1121988895979932e-08,2.1140654425963106e-11,0
3378,1.5573002361509707e-10,5.2476476255772751e-05,5.2463552513921288e-05,1.2923741851462881e-08,7.9780494437071930e-11,0
3379,5.9929803455620180e-10,-7.6438718138187658e-05,-7.6424035886926960e-05,-1.4682251260698248e-08,7.2621103791065080e-11,0
3380,5.8216044685038256e-10,1.4175957961337594e-05,1.4168588865627544e-05,7.3690957100502945e-09,4.3502172982579795e-11,0
3382,-2.8974818957362459e-11,-5.5527090493602722e-06,-5.5808741958548052e-06,2.8165146494532975e-08,1.0668803628540393e-11,0
3383,-6.0604855054678039e-10,2.9698274154318048e-05,2.9694895425717809e-05,3.3787286002386345e-09,2.9034608748493014e-11,0
3384,-1.3377103366152729e-10,-1.4686586079070557e-06,-1.4689472439592150e-06,2.8863605215932266e-10,9.9606040161955745e-12,0
3385,4.7227751714716983e-10,-3.1166957276992490e-05,-3.1166556313903262e-05,-4.0096308922838581e-10,9.8205379385450915e-12,0
3386,5.6684266959464457e-10,-7.6413755000588959e-05,-7.6424206564621811e-05,1.0451564032851537e-08,6.0184631609749749e-11,0
3387,2.9744226136401281e-10,-3.7026077891388334e-05,-3.7028797150880446e-05,2.7192594921122450e-09,5.0611406109519008e-11,0
3389,-4.6444649402421901e-10,1.6748307822995415e-05,1.6745242446262431e-05,3.0653767329848268e-09,1.6312534988284543e-11,0
3390,-8.9773143592559375e-10,5.1160691902668587e-05,5.1191608309406941e-05,-3.0916406738353962e-08,9.0110970103541187e-11,0
3391,4.9698062762301140e-10,-1.4293941053972886e-05,-1.4256497492661501e-05,-3.7443561311385190e-08,4.1486007475380684e-11,0
3392,2.3121329659342980e-10,1.5405037194647989e-05,1.5437757290766352e-05,-3.2720096118363294e-08,3.0628345392192452e-11,0
3393,2.3131163473982297e-10,-7.6476317753934944e-05,-7.6426029719989873e-05,-5.0288033945071367e-08,7.7267002099175320e-11,0
3394,1.8698233541837073e-10,-8.1945212443944315e-06,-8.1597314600268706e-06,-3.4789784367560914e-08,1.8356104195677159e-11,0
3395,4.1660446617928604e-10,-1.5763075576226068e-05,-1.5728571407332450e-05,-3.4504168893618201e-08,1.6125685417819416e-11,0
3396,-2.6576733035474354e-10,2.9698976965249462e-05,2.9696786881416073e-05,2.1900838333892367e-09,3.1191200989223607e-11,0
3397,-2.6566899220704658e-10,-6.2182397458379179e-05,-6.2179955793472961e-05,-2.4416649062173777e-09,3.3644251383109881e-11,0
3398,-3.0999829228084280e-10,6.0994630761675508e-06,6.0892258627106590e-06,1.0237213456891814e-08,2.1887561878559527e-11,0
3399,-8.0376161309589843e-11,-1.4691300489497270e-06,-1.4686339084965523e-06,-4.9614045317470848e-10,7.1118064666926164e-12,0
3400,9.8338151236494465e-14,-9.1881283114064307e-05,-9.1881432377232430e-05,1.4926316812321344e-10,2.2297474768497705e-11,0
3401,-4.4230962134879817e-11,-2.3599553621889667e-05,-2.3594906558273730e-05,-4.6470636159370198e-09,1.4261603601479207e-11,0
3402,1.8539116889584236e-10,-3.1168067391723533e-05,-3.1168131328151991e-05,6.3936428457904253e-11,6.0525867336683293e-12,0
3403,-4.4329300284602250e-11,6.8281766266276456e-05,6.8274600569661335e-05,7.1656966151218728e-09,4.3479874012277396e-11,0
3404,1.8529283074381818e-10,6.0713243506069258e-05,6.0709821424005418e-05,3.4220820638392806e-09,1.5644519188061120e-11,0
3405,2.2962213106671362e-10,-7.5685707023541958e-06,-7.5591262289320183e-06,-9.4444734221774571e-09,6.1464558793607117e-12,0
3407,8.3746874252601466e-10,-1.4247444620026778e-05,-1.4254664530479504e-05,7.2199104527256890e-09,4.2659762482904833e-11,0
3409,7.0610032837990783e-10,-8.1277020397146904e-06,-8.1568897023129769e-06,2.9187662598286477e-08,4.3655812278435605e-11,0
3410,7.4313282865862395e-10,-1.5719534391774297e-05,-1.5726793212354678e-05,7.2588205803802335e-09,2.5359653514825572e-11,0
3411,-4.1133915894536362e-10,-6.2190162054269471e-05,-6.2180701011055130e-05,-9.4610432143407393e-09,6.3762399102220437e-11,0
3412,-1.3136841393973057e-10,6.1197464008046210e-06,6.0902404828801501e-06,2.9505917924470886e-08,3.3614482781361065e-11,0
3413,-9.4335913840112076e-11,-1.4720717168392565e-06,-1.4686881071378287e-06,-3.3836097014277555e-09,2.0133733721185294e-11,0
3414,2.7997074466887001e-10,6.8309880412547458e-05,6.8276369621793088e-05,3.3510790754370237e-08,7.1609221315181141e-11,0
3415,3.1700324519566970e-10,6.0718071104647747e-05,6.0710515728991495e-05,7.5553756562524881e-09,2.9141250480269911e-11,0
3416,3.7032500002664480e-11,-7.5918033929341447e-06,-7.5601923268036983e-06,-3.1611066130446415e-08,1.4879410890288186e-11,0
3418,4.9504670602305095e-10,1.5446277785589034e-05,1.5439200948235942e-05,7.0768373530916617e-09,8.4363963925509524e-11,0
3420,7.9719098346595618e-10,-1.5705767981148699e-05,-1.5726503198630470e-05,2.0735217481770979e-08,4.5975457803818208e-11,0
3421,-3.8263679542766724e-10,2.9666241724799272e-05,2.9696217452080771e-05,-2.9975727281498978e-08,3.1545542563455040e-11,0
3422,-3.8249749932199552e-10,-6.2213521299587030e-05,-6.2180490922758897e-05,-3.3030376828132690e-08,5.1082021238518515e-11,0
3423,-8.0492518209238171e-11,-1.4857017583210126e-06,-1.4685894652402444e-06,-1.7112293080768223e-08,1.2412428275906378e-11,0
3424,1.3929610997071766e-13,-9.1879830292787654e-05,-9.1881430375945937e-05,1.6000831582830329e-09,4.6051709745000125e-11,0
3425,3.0214427743586402e-10,-3.1152018954519814e-05,-3.1167511017316043e-05,1.5492062796229080e-08,1.2502780944757948e-11,0
3426,3.0200498132449902e-10,6.0727753050738090e-05,6.0710407718979265e-05,1.7345331758824667e-08,2.2440964284946363e-11,0
3427,-2.9164140543064640e-10,5.1190790642155481e-05,5.1195662672888683e-05,-4.8720307332020111e-09,7.0562952160709184e-11,0
3428,-1.7676075649279049e-10,-5.6184872931387686e-06,-5.5816583192108921e-06,-3.6828973927876498e-08,3.7766764909341486e-11,0
3429,6.4643636180595811e-10,-7.6421394176126329e-05,-7.6423736855917723e-05,2.3426797913941953e-09,2.4841470927256717e-11,0
3430,1.9493462674644172e-10,-3.7034119246109540e-05,-3.7029206690678821e-05,-4.9125554307184369e-09,5.3741292056787926e-12,0
3431,2.8076451883046964e-10,1.4165085666441833e-05,1.4168589584085182e-05,-3.5039176433492302e-09,4.3425950231491584e-12,0
3432,-3.6567184287164830e-10,9.0586407928900867e-05,9.0592607914052894e-05,-6.1999851520274729e-09,1.9729478204455038e-11,0
3433,4.5150173538161845e-10,-3.9387325251750982e-05,-3.9403951660382492e-05,1.6626408631509706e-08,2.7459729515322532e-11,0
3434,8.5829892021674928e-11,5.1199114520552799e-05,5.1197977537317726e-05,1.1369832350735434e-09,1.4781867447190639e-11,0
3435,1.6560612580176397e-13,-9.1880535688876918e-05,-9.1881429011221415e-05,8.9332234449633011e-10,6.4107743364171636e-11,0
3436,1.6208061954000641e-10,-1.1669314135496437e-05,-1.1664407871685896e-05,-4.9062638105411852e-09,2.4458695479182528e-11,0
3437,-2.0652788243696520e-10,-5.5923889814859205e-06,-5.5818091245123060e-06,-1.0579856973614543e-08,1.6950306410803534e-11,0
3438,1.5149754171720934e-10,-1.3134751842034526e-05,-1.3141465388165700e-05,6.7135461311741533e-09,1.2086933346183120e-11,0
3439,-3.6860850212215297e-10,6.0770313968583692e-06,6.0890559055449813e-06,-1.2024508686612125e-08,1.0297958704025867e-11,0
3440,-1.0583077843018179e-11,-1.4654018843246203e-06,-1.4681682294550134e-06,2.7663451303930929e-09,8.0789905461768342e-12,0
3441,3.5802542401926405e-10,-7.5423582504823700e-06,-7.5584801535642476e-06,1.6121903081877681e-08,3.5357911175609237e-12,0
3443,1.6615897536406384e-09,-6.2169906804025038e-05,-6.2169188200028865e-05,-7.1860399617309275e-10,4.4069413922483858e-11,0
3444,-2.9245770733786488e-09,6.0888244973744676e-06,6.0751366871244963e-06,1.3687810249971290e-08,2.3111288261672617e-11,0
3445,9.5174309826111707e-11,-1.4667699200457841e-06,-1.4675687994097864e-06,7.9887936400236766e-10,1.4172976743216044e-11,0
3446,-4.7332309995603040e-13,-9.1883353426369159e-05,-9.1881431302071094e-05,-1.9221242980642589e-09,4.4525913887343222e-11,0
3447,-4.5866402103991296e-09,-2.3624690925379277e-05,-2.3619464231717086e-05,-5.2266936621914281e-09,4.0005059413522726e-11,0
3448,-1.5668887826307970e-09,-3.1180274814269875e-05,-3.1177741278497322e-05,-2.5335357725530974e-09,2.3043851818187349e-11,0
3449,-4.5861668869708763e-09,6.8258725432253625e-05,6.8249788306366273e-05,8.9371258873516355e-09,3.6298137664343793e-11,0
3450,-1.5664154592448311e-09,6.0703093563078785e-05,6.0700134811371327e-05,2.9587517074577897e-09,1.9480796210846956e-11,0
3451,3.0197514154680153e-09,-7.5555830635776894e-06,-7.5439588017647065e-06,-1.1624261812982904e-08,9.0755466307097221e-12,0
3454,-5.6656231498876522e-09,-3.9460321892062326e-05,-3.9437423847603609e-05,-2.2898044458716964e-08,1.1779170098112380e-10,0
3455,-1.0251790084233764e-08,2.8798168348309269e-05,2.8813892235862270e-05,-1.5723887553001185e-08,1.0184572291603528e-10,0
3456,-7.2320386213624106e-09,2.1242709015016278e-05,2.1257841538356994e-05,-1.5132523340716036e-08,9.0686070164354654e-11,0
3457,-6.7075010261482092e-10,-6.2177016113950517e-05,-6.2181898765122933e-05,4.8826511724156833e-09,3.7841972451398247e-11,0
3458,-9.0367404783213952e-10,6.0926292333850912e-06,6.0861932529285971e-06,6.4359804564941388e-09,2.2728062889403802e-11,0
3459,-2.6349748193113629e-10,-1.4675549096759399e-06,-1.4695159765835602e-06,1.9610669076203153e-09,3.3813137701259702e-11,0
3460,-2.3292393989400356e-10,6.8269588069415788e-05,6.8273560255597789e-05,-3.9721861820011129e-09,2.2345067056994910e-11,0
3461,4.0725262438847248e-10,6.0709395590590604e-05,6.0710899917588975e-05,-1.5043269983711885e-09,1.5415877810427912e-11,0
3462,6.4017656470491537e-10,-7.5601694958116888e-06,-7.5569611222115075e-06,-3.2083736001813028e-09,9.3649538560390233e-12,0
3463,2.4297492942489392e-10,1.5407959866649973e-05,1.5437829284339178e-05,-2.9869417689205131e-08,4.8090448344815924e-11,0
3464,3.3779179374577919e-10,1.5437891990809430e-05,1.5438347883782826e-05,-4.5589297339662400e-10,1.8591383491488590e-11,0
3465,4.5445291256623226e-10,-3.7024519399080796e-05,-3.7027656922134098e-05,3.1375230533019585e-09,2.2496429652788092e-11,0
3466,-1.1666111884123906e-10,5.2462412071133807e-05,5.2461790420365449e-05,6.2165076835800403e-10,9.2283999197447797e-11,0
3467,-5.4811125983190037e-10,-6.2170921126888587e-05,-6.2181184997442908e-05,1.0263870554321386e-08,7.6404462718516163e-11,0
3468,2.0263390160485587e-09,6.1018278189831771e-06,6.1022282582214284e-06,-4.0043923825134416e-10,3.5289857933571539e-11,0
3469,1.4330693602512743e-10,-1.4664344822590790e-06,-1.4672751276150094e-06,8.4064535593045419e-10,2.5087700289342587e-11,0
3470,2.5744502688581786e-09,6.8272721510085699e-05,6.8288889563254459e-05,-1.6168053168760300e-08,6.1687790790079132e-11,0
3471,6.9141819866875715e-10,6.0704527040946442e-05,6.0712429876845686e-05,-7.9028358992438183e-09,3.4695002570337650e-11,0
3472,-1.8830320693931999e-09,-7.5682402402976051e-06,-7.5707528954255912e-06,2.5126551279860794e-09,1.7938687864082978e-11,0
3473,5.0270786621891507e-10,1.5451638569011564e-05,1.5439249440137876e-05,1.2389128873687837e-08,3.7656450812483624e-11,0
3474,3.0733849347456616e-10,-3.7024874088859971e-05,-3.7028433228940771e-05,3.5591400808000252e-09,5.2980955565724094e-11,0
3475,1.9536937274886444e-10,5.2476797989592025e-05,5.2463471346342500e-05,1.3326643249525450e-08,8.2468853038642315e-11,0
3476,-2.7506058355635719e-10,1.6745180771956733e-05,1.6749024412037203e-05,-3.8436400804695947e-09,1.6326897310308469e-11,0
3478,5.9290350353712156e-10,6.1357701071924203e-06,6.0944322638677440e-06,4.1337843324676287e-08,4.1581417271559476e-11,0
3479,1.2876499689430401e-10,-1.4649702935760206e-06,-1.4673365381621576e-06,2.3662445861369738e-09,2.0482186392801104e-11,0
3481,4.3720414941663591e-11,6.0684794022448571e-05,6.0708872418897861e-05,-2.4078396449290303e-08,3.8026622391263000e-11,0
3482,-4.6413850828013485e-10,-7.6007309486678803e-06,-7.5630160886957378e-06,-3.7714859972142554e-08,1.4020977427582022e-11,0
3483,9.9618197680404119e-10,-6.2154260329601654e-05,-6.2172680327660798e-05,1.8419998059143673e-08,3.4357033497968019e-11,0
3484,-6.8024529207164180e-10,6.0871308005831445e-06,6.0875031528003480e-06,-3.7235221720349862e-10,1.6378507048590887e-11,0
3485,2.1256687939501210e-10,-1.4659463370755160e-06,-1.4668656479350690e-06,9.1931085955296379e-10,1.7855235135193840e-11,0
3486,-1.6764272754091869e-09,6.8241386537191279e-05,6.8265672856816228e-05,-2.4286319624949328e-08,2.7214942381824556e-11,0
3487,-7.8361510124435790e-10,6.0688286056084784e-05,6.0704339347305383e-05,-1.6053291220599370e-08,1.9005366620095585e-11,0
3488,8.9281217270673606e-10,-7.5530250714540142e-06,-7.5556144512646717e-06,2.5893798106574309e-09,1.0287659704261533e-11,0
3489,1.9989637011346820e-10,1.4181430112958100e-05,1.4170099888514969e-05,1.1330224443130952e-08,1.7678709217055610e-11,0
3490,1.6026511966725087e-13,-9.1882149412853386e-05,-9.1881424792283946e-05,-7.2462056943970940e-10,1.3955368345895056e-11,0
3491,1.7188225866847281e-10,-2.3601680460645560e-05,-2.3593297596385786e-05,-8.3828642597734502e-09,8.5969697982019615e-12,0
3492,3.7194861369610261e-10,-3.1170024316387514e-05,-3.1167182968054609e-05,-2.8413483329058228e-09,1.1766843136057562e-11,0
3493,1.7172199354931075e-10,6.8280455574565042e-05,6.8275764213519336e-05,4.6913610457055121e-09,1.0956076901369135e-11,0
3494,3.7178834857492451e-10,6.0712125468344574e-05,6.0710631686060122e-05,1.4937822844518782e-09,6.8938114876902056e-12,0
3495,2.0006635486511862e-10,-7.5683257695631327e-06,-7.5594074768963586e-06,-8.9182926667740671e-09,3.9914009162350842e-12,0
3496,-4.9400188672449133e-10,5.2453616605893996e-05,5.2459654141484720e-05,-6.0375355907240844e-09,8.3459810108142836e-11,0
3497,-4.9384162160120422e-10,-3.9428418846833291e-05,-3.9409295296342651e-05,-1.9123550490640065e-08,4.7593704111163969e-11,0
3498,-3.2211962541216213e-10,2.8851929412973543e-05,2.8867818160847004e-05,-1.5888747873461301e-08,5.2144466979336131e-11,0
3499,-1.2205327178598918e-10,2.1283721933135213e-05,2.1296453623860528e-05,-1.2731690725314602e-08,3.4365254256500436e-11,0
3502,4.9416289246552093e-10,-1.5748688284598911e-05,-1.5728192943711805e-05,-2.0495340887105747e-08,2.3728421579358033e-11,0
3503,2.0906393198939389e-10,6.0713599465205773e-05,6.0709724778175272e-05,3.8746870305010768e-09,1.8116149298763240e-11,0
3504,-9.0840476984282838e-10,5.1141684310822624e-05,5.1194799870668023e-05,-5.3115559845398781e-08,1.1724065754389993e-10,0
3507,3.5759688552246285e-10,-1.1646763049679570e-05,-1.1663340161595047e-05,1.6577111915476236e-08,2.5595676480661754e-11,0
3508,4.2398983286612090e-11,-5.5860912533027898e-06,-5.5804084090723174e-06,-5.6828442304723993e-09,1.7152415026420819e-11,0
3509,3.6636865298928167e-10,-1.3085903047927588e-05,-1.3140266020610753e-05,5.4362972683164894e-08,1.7702462635792788e-11,0
3510,-3.1519790255628098e-10,6.0607434565537049e-06,6.0895877075980015e-06,-2.8844251044296595e-08,1.8605692769793722e-11,0
3511,8.7717674492106096e-12,-1.4391364225410132e-06,-1.4679272970279324e-06,2.8790874486919195e-08,1.6886616366528157e-11,0
3512,3.2396966986009889e-10,-7.4997810323197689e-06,-7.5587543240863527e-06,5.8973291766583854e-08,4.1387786101798249e-12,0
3513,-5.9470157521279395e-11,5.1196172894164360e-05,5.1199744197252836e-05,-3.5713030884751721e-09,7.3984037540683037e-11,0
3514,5.5307186801801279e-10,1.5463509016006710e-05,1.5439529774773189e-05,2.3979241233520717e-08,4.7173927651258989e-11,0
3515,5.5319262802250052e-10,-7.6415928980787945e-05,-7.6424173711847599e-05,8.2447310596539189e-09,6.5238810744994710e-11,0
3516,1.2076000379931680e-13,-9.1879485104211513e-05,-9.1881423071384617e-05,1.9379671731040073e-09,9.2432601989112804e-11,0
3517,9.9917198678789571e-10,-1.4256009685270198e-05,-1.4254051362008872e-05,-1.9583232613264498e-09,2.7649247643229814e-11,0
3518,5.6067353132337700e-10,1.5436219612036638e-05,1.5439572185553826e-05,-3.3525735171886328e-09,5.3921658868499855e-11,0
3519,5.6082706360815754e-10,-7.6444539776308884e-05,-7.6424126067450369e-05,-2.0413708858515339e-08,6.7973333682161043e-11,0
3520,1.4648703775153253e-10,-3.7039264418439397e-05,-3.7029135603246142e-05,-1.0128815193254949e-08,5.3218488297219608e-11,0
3521,9.1784135339855946e-10,-1.5726209385867346e-05,-1.5725889865549719e-05,-3.1952031762750655e-10,1.6428692462569240e-11,0
3523,-4.3849845556043878e-10,2.9692009804315779e-05,2.9696220529433665e-05,-4.2107251178855379e-09,4.5274868494395262e-11,0
3524,-4.3834492327806502e-10,-6.2188452795283386e-05,-6.2180335131614196e-05,-8.1176636691901102e-09,3.8380280812592152e-11,0
3525,-8.1330633409672393e-11,-1.4701597429859267e-06,-1.4683921242532207e-06,-1.7676187327059295e-09,8.9171157597931454e-12,0
3526,-5.2873655684792700e-10,2.8431039293241606e-05,2.8426781671955091e-05,4.2576212865152595e-09,4.1409984253996217e-11,0
3527,1.5353228052791808e-13,-9.1880621977376810e-05,-9.1881422335846074e-05,8.0035846926459955e-10,8.4874103018558401e-11,0
3528,3.5716782247585541e-10,-3.1162379293286392e-05,-3.1167287915292310e-05,4.9086220059180998e-09,1.3815143381290549e-11,0
3529,-9.0238101042342819e-11,-1.2611829871009630e-06,-1.2800820275934592e-06,1.8899040492496139e-08,4.7731469572080181e-11,0
3530,3.5701429019284276e-10,6.0718266718959822e-05,6.0710479380152287e-05,7.7873388075355601e-09,2.1306342091166713e-11,0
3532,8.5268495024282902e-10,2.2783442501892945e-05,2.2771463715421838e-05,1.1978786471106989e-08,7.4547368588070637e-11,0
3533,4.1418649371076766e-10,5.2475453051239497e-05,5.2464516374363276e-05,1.0936676876220673e-08,7.2387115289172355e-11,0
3534,4.1434002598856913e-10,-3.9405324725670134e-05,-3.9404429287660742e-05,-8.9543800939193745e-10,1.0103804062929144e-10,0
3535,7.7135431661244604e-10,2.1313147803899563e-05,2.1301156420693135e-05,1.1991383206427677e-08,4.4779896686738480e-11,0
3536,3.2394839299023126e-10,5.1214216743077426e-05,5.1202221716130226e-05,1.1995026947200110e-08,6.1252507582669269e-11,0
3537,-4.4740592344673509e-10,2.9901243624220553e-05,2.9893381791424410e-05,7.8618327961432017e-09,1.4188949132403683e-11,0
3540,6.1240106507125175e-10,1.5452475888468715e-05,1.5439856474184562e-05,1.2619414284152457e-08,1.5835183228963282e-11,0
3541,6.1252821145054521e-10,-7.6427971710771097e-05,-7.6423831762038663e-05,-4.1399487324346364e-09,2.9905999688785891e-11,0
3542,1.2714638086207130e-13,-9.1880446776511940e-05,-9.1881421361119902e-05,9.7458460796191488e-10,1.2225893951323957e-11,0
3543,-3.0544079346309734e-10,5.1193679601228316e-05,5.1199284787733281e-05,-5.6051865049650072e-09,9.4465625777624945e-11,0
3544,1.5640087756084705e-10,-1.1668855313460083e-05,-1.1664438888633739e-05,-4.4164248263439367e-09,2.3804906452944234e-11,0
3545,-2.1569372977197267e-10,-5.5928668467562781e-06,-5.5817987887652298e-06,-1.1068057991048293e-08,1.5786696622828085e-11,0
3546,1.3969986576853970e-10,-1.3134086033433565e-05,-1.3141491882544644e-05,7.4058491110795451e-09,1.2395809695009258e-11,0
3547,-3.7209460744930717e-10,6.0760837670001053e-06,6.0893877258428672e-06,-1.3303958842761894e-08,1.0630833593290999e-11,0
3548,-1.6701011813538478e-11,-1.4651970482262335e-06,-1.4680040420839990e-06,2.8069938577655505e-09,8.8474120381244678e-12,0
3549,3.5539359534976328e-10,-7.5412183763263682e-06,-7.5586233869496161e-06,1.7405010623247901e-08,3.7285668006679050e-12,0
3551,9.2168230163881775e-11,-1.1675835762269340e-05,-1.1664789661728975e-05,-1.1046100540365857e-08,2.5515818990867667e-11,0
3552,1.3903046717744021e-09,1.8037388284103048e-05,1.8033823129107479e-05,3.5651549955693549e-09,3.1370873417906674e-11,0
3553,1.3899872201021019e-09,-7.3845918518903632e-05,-7.3840324083380870e-05,-5.5944355227614513e-09,4.4928811770826328e-11,0
3554,-3.0503484242427743e-09,-5.5884520043991345e-06,-5.5972721301647455e-06,8.8201257656109249e-09,2.0261132297611226e-11,0
3555,1.1085265250982251e-10,-1.3142674546067282e-05,-1.3141645241767092e-05,-1.0293043001893961e-09,1.1388541228934051e-11,0
3556,1.2981364380227282e-09,2.9713264896560204e-05,2.9705791069486298e-05,7.4738270739057016e-09,4.3766943541386306e-11,0
3557,1.2978189860922232e-09,-6.2170035835208345e-05,-6.2170724159859271e-05,6.8832465092559959e-10,4.4109922043761684e-11,0
3558,-3.1425166362980577e-09,6.0874625536864319e-06,6.0742971260113100e-06,1.3165427675121879e-08,2.1940280387021534e-11,0
3559,1.8684423195912643e-11,-1.4667670138568227e-06,-1.4677890557683196e-06,1.0220419114969032e-09,1.2135149802963086e-11,0
3560,-3.1745167710765512e-13,-9.1883376938530479e-05,-9.1881422664561997e-05,-1.9542739684819902e-09,3.1223570241442604e-11,0
3561,-4.4406531330872246e-09,-2.3625870876748528e-05,-2.3618206304478224e-05,-7.6645722703040610e-09,2.3224173776720301e-11,0
3562,-1.2794520262219277e-09,-3.1180097469217169e-05,-3.1176247261985634e-05,-3.8502072315351669e-09,1.6875972339687307e-11,0
3563,-4.4403356816097193e-09,6.8257556186276675e-05,6.8250567273166313e-05,6.9889131103624763e-09,3.0303918393388056e-11,0
3564,-1.2791345747893795e-09,6.0703317268913891e-05,6.0701479960392848e-05,1.8373085210429446e-09,1.6788455548582283e-11,0
3565,3.1612010882069130e-09,-7.5541720780869168e-06,-7.5433151152717215e-06,-1.0856962815195226e-08,7.5596801779191620e-12,0
3566,-2.0123640394409827e-09,-1.1682619356939705e-05,-1.1676282466838979e-05,-6.3368901007258068e-09,2.4257782269664280e-11,0
3567,-2.7824423669465117e-09,-7.3859488386874249e-05,-7.3863097637212315e-05,3.6092503380658275e-09,3.6727365625615060e-11,0
3568,-1.0521615061257035e-09,-3.4389153406418765e-05,-3.4448249796637828e-05,5.9096390219062864e-08,1.1640458276989887e-10,0
3569,-2.2929871226012869e-09,-1.3150132203178927e-05,-1.3154769766272247e-05,4.6375630933200761e-09,1.1062367134924743e-11,0
3570,-7.7007832018442442e-10,-6.2176900647511156e-05,-6.2181983708188373e-05,5.0830606772165254e-09,2.8606243189238808e-11,0
3571,-2.8062308146795936e-10,-1.4675223811934281e-06,-1.4694090214088586e-06,1.8866402154305085e-09,1.1537897027235045e-11,0
3572,4.8945524236473553e-10,6.0709357126821975e-05,6.0711121712384788e-05,-1.7645855628130465e-09,1.3063739493519137e-11,0
3574,-1.7302808592758770e-09,-3.9470035302146406e-05,-3.9416246714235687e-05,-5.3788587910718407e-08,9.6371188564150089e-11,0
3575,-1.2408256098984332e-09,2.1239338538928815e-05,2.1289969004416738e-05,-5.0630465487923023e-08,6.9063660240994947e-11,0
3576,-1.7983482848698393e-10,1.8018122254512357e-05,1.8025249773605889e-05,-7.1275190935326453e-09,8.2599881006818211e-11,0
3578,7.1185554217844851e-14,-9.1882189543207788e-05,-9.1881419377969238e-05,-7.7016523855003710e-10,7.6356107369745149e-11,0
3579,6.6341799196528426e-10,-1.5726408909693193e-05,-1.5727299338217618e-05,8.9042852442506454e-10,1.1697273919833095e-11,0
3581,-2.5411306697079588e-10,-6.2170418233380501e-05,-6.2179082226388623e-05,8.6639930081227863e-09,7.0524072590157195e-11,0
3582,2.2106125471221138e-09,6.0982849385549098e-06,6.1036214873721965e-06,-5.3365488172866241e-09,3.1545204590560778e-11,0
3583,2.0612578136605159e-10,-1.4663216442076764e-06,-1.4667141709776662e-06,3.9252676998981821e-10,2.0341400079896427e-11,0
3584,2.4647256079237565e-09,6.8268723942522917e-05,6.8288271141343353e-05,-1.9547198820435993e-08,6.8869206147379388e-11,0
3585,4.6023885344902081e-10,6.0704021991571724e-05,6.0710920557763982e-05,-6.8985661922578195e-09,3.1024325320035606e-11,0
3586,-2.0044867554517635e-09,-7.5645965182868577e-06,-7.5715582608660779e-06,6.9617425792202109e-09,1.8098193773987876e-11,0
3588,1.7771132483682982e-10,-6.2151297810132330e-05,-6.2176682961011525e-05,2.5385150879194286e-08,8.2709861922620293e-11,0
3589,6.5143410721979985e-10,6.1121204813253949e-06,6.0951388136174239e-06,1.6981667707970991e-08,4.1685513687416468e-11,0
3591,4.7372278631641637e-10,6.8263509006550335e-05,6.8277396730355555e-05,-1.3887723805219615e-08,6.7060690586075710e-11,0
3592,-2.9150885067040654e-11,6.0686157651793429e-05,6.0708227616619843e-05,-2.2069964826413691e-08,3.6475108284682744e-11,0
3593,-5.0287367132491468e-10,-7.5772007326916843e-06,-7.5633697246139356e-06,-1.3831008077748746e-08,1.2072191678202080e-11,0
3594,2.6595879831546412e-10,-3.6995318010643596e-05,-3.7028247245996095e-05,3.2929235352499109e-08,7.1696251613919281e-11,0
3595,-3.0739408048660615e-10,1.6749722929694337e-05,1.6752719645697551e-05,-2.9967160032138142e-09,1.9040516374387054e-11,0
3596,9.0925012363747934e-10,-6.2154500189318812e-05,-6.2172657150023715e-05,1.8156960704903183e-08,4.2780974599189900e-11,0
3597,-7.4210453462223270e-10,6.0856724873352072e-06,6.0875527676636963e-06,-1.8802803284890889e-09,2.5503133561769036e-11,0
3598,1.9342399967206768e-10,-1.4659054674796140e-06,-1.4667519944591586e-06,8.4652697954453715e-10,1.9662437845170671e-11,0
3599,-1.6513546648382110e-09,6.8240129773393214e-05,6.8265790534479456e-05,-2.5660761086241388e-08,3.0346774808322384e-11,0
3600,-7.1582612778202823e-10,6.0688607251906460e-05,6.0704462361421827e-05,-1.5855109515367698e-08,1.9777802906426922e-11,0
3601,9.3552853525113985e-10,-7.5515439547416650e-06,-7.5555234700110950e-06,3.9795152694299581e-09,8.6184601074170148e-12,0
3602,2.9509040929199557e-10,-3.6965914772953481e-05,-3.7028068628721560e-05,6.2153855768078484e-08,6.6404261226723313e-11,0
3603,1.7278406372389459e-13,-9.1882055411642098e-05,-9.1881416273143366e-05,-6.3913849873123343e-10,1.9297794010487212e-11,0
3604,2.2480224896952663e-10,-2.3601407642809095e-05,-2.3592508591165927e-05,-8.8990516431682954e-09,1.5432229061125923e-11,0
3605,2.2462946490418121e-10,6.8280605855622822e-05,6.8276034239704261e-05,4.5716159185614676e-09,1.5811956612488262e-11,0
3607,1.6970870281699684e-10,1.4180169821082682e-05,1.4173790804655615e-05,6.3790164270669832e-09,1.1995845897329632e-11,0
3608,-2.6828560261395645e-10,-6.2162453382604618e-05,-6.2179022573637555e-05,1.6569191032937431e-08,8.2940141317113101e-11,0
3609,-1.7633750534107608e-11,-1.4625926202278816e-06,-1.4678760600335634e-06,5.2834398056817908e-09,2.4690801988954203e-11,0
3610,2.5065185195901151e-10,6.0699818317704610e-05,6.0709707972008788e-05,-9.8896543041776378e-09,4.1248742949301969e-11,0
3611,6.2725224125949801e-10,-2.3586421904270988e-05,-2.3590266800756885e-05,3.8448964858971537e-09,1.1222158681192226e-11,0
3612,3.0774772779471624e-10,5.2470426389282813e-05,5.2463673406743808e-05,6.7529825390047525e-09,1.0263759188072481e-10,0
3613,9.3499996901991055e-10,2.8883813230289046e-05,2.8873779427041080e-05,1.0033803247966165e-08,4.0646676550168692e-11,0
3614,6.6692947277120612e-10,-1.4269074552817826e-05,-1.4256096571313667e-05,-1.2977981504159287e-08,4.2929422093333196e-11,0
3615,3.4362705811313729e-10,1.5428185991638380e-05,1.5438399145163275e-05,-1.0213153524895398e-08,3.5335578440589660e-11,0
3616,3.4374757120388715e-10,-7.6452595244774768e-05,-7.6425230379896991e-05,-2.7364864877777242e-08,7.9463243142364124e-11,0
3617,3.8366640531362516e-10,-8.1681157504832208e-06,-8.1585204643261022e-06,-9.5952861571186091e-09,2.3339684069091306e-11,0
3618,5.7917895835076489e-10,-1.5738649638783256e-05,-1.5727782685889631e-05,-1.0866952893624575e-08,1.8771707480219126e-11,0
3619,-3.2330241430156231e-10,2.9697254286248712e-05,2.9697143243465826e-05,1.1104278288569984e-10,2.8789545895431948e-11,0
3620,-3.2318190121397197e-10,-6.2183664057044973e-05,-6.2179267147285320e-05,-4.3969097596522049e-09,3.3056139172792874e-11,0
3621,-2.8326306756788633e-10,6.1010156823049569e-06,6.0901520871587840e-06,1.0863595146172843e-08,1.9782779652425137e-11,0
3622,-8.7750514351948335e-11,-1.4695680465165450e-06,-1.4682347705762438e-06,-1.3332759403012218e-09,6.9381314215404678e-12,0
3623,1.2051309052232055e-13,-9.1880892674057091e-05,-9.1881414928639458e-05,5.2225458236721065e-10,1.7392257030232823e-11,0
3624,4.0039346393907798e-11,-2.3596343306308588e-05,-2.3593421137213646e-05,-2.9221690949420790e-09,1.6176361545334104e-11,0
3625,2.3555189973915962e-10,-3.1166834251194608e-05,-3.1168025794846060e-05,1.1915436514526277e-09,8.1074865379349357e-12,0
3626,3.9918833308331969e-11,6.8284609636455086e-05,6.8275021893514446e-05,9.5877429406399182e-09,2.5633786548945758e-11,0
3627,2.3543138665028555e-10,6.0714025071429215e-05,6.0709597443318407e-05,4.4276281108073337e-09,1.3125401809284693e-11,0
3628,1.9551255337322867e-10,-7.5705536318657583e-06,-7.5595990567120036e-06,-1.0954575153754745e-08,7.1393097714236439e-12,0
3629,-3.1568405098045598e-10,5.1195869770362043e-05,5.1201900896106697e-05,-6.0311257446543642e-09,3.7649574995832975e-11,0
3630,7.5212491372443317e-10,-1.4281393437546100e-05,-1.4255647562603334e-05,-2.5745874942766084e-08,3.9262477412823384e-11,0
3634,6.3687656822503326e-10,-1.5749912331483595e-05,-1.5727470653546583e-05,-2.2441677937012704e-08,2.6293167640190800e-11,0
3635,-4.3832339457154021e-10,2.9699233573213073e-05,2.9696535776048054e-05,2.6977971650184759e-09,2.9918692206117104e-11,0
3636,-4.3817628966820581e-10,-6.2181787942721181e-05,-6.2179864235685080e-05,-1.9237070361010277e-09,6.9119818947585373e-11,0
3637,-2.5111965915747373e-10,6.1050870514773106e-06,6.0903516599807975e-06,1.4735391496513133e-08,1.8293505475570991e-11,0
3638,-1.1524834542788287e-10,-1.4685445069778300e-06,-1.4683713976299754e-06,-1.7310934785460310e-10,1.1290269515924499e-11,0
3639,1.4710490146808789e-13,-9.1881157185433096e-05,-9.1881414249569445e-05,2.5706413634850236e-10,5.9348861670610615e-11,0
3640,1.8720373498441457e-10,-2.3594204532408850e-05,-2.3592585889005074e-05,-1.6186434037764616e-09,1.8724269749796105e-11,0
3641,3.2307504896925966e-10,-3.1167806273805446e-05,-3.1167553020952181e-05,-2.5325285326547849e-10,1.3776514141019850e-11,0
3642,1.8705663008303780e-10,6.8286921746903498e-05,6.8275824215858561e-05,1.1097531044937034e-08,4.4363113699476524e-11,0
3643,3.2292794407141122e-10,6.0713337403767251e-05,6.0710059923541308e-05,3.2774802259435813e-09,3.1858956384934352e-11,0
3644,1.3587131382270615e-10,-7.5736100395934155e-06,-7.5599335848993865e-06,-1.3676454694029047e-08,5.1576305003925695e-12,0
3645,4.9250545323088277e-10,1.5451241323503374e-05,1.5439214440005208e-05,1.2026883498166604e-08,1.6637037485860184e-11,0
3646,4.9262659481271578e-10,-7.6428006909792963e-05,-7.6424402290269062e-05,-3.6046195239010804e-09,2.6904647450537607e-11,0
3647,2.3568293459083077e-10,-3.7025257299967782e-05,-3.7028236029018946e-05,2.9787290511642172e-09,2.2409048698243608e-11,0
3648,4.2169779657609634e-10,1.4213356519828316e-05,1.4176265469642560e-05,3.7091050185755563e-08,2.8962640530450239e-11,0
3649,1.2114158173406982e-13,-9.1879195122973272e-05,-9.1881413516744796e-05,2.2183937715232124e-09,2.5213131810776093e-11,0
3651,-7.0928798386772321e-11,9.0641343539511754e-05,9.0602230127874342e-05,3.9113411637412433e-08,4.7885841038297143e-11,0
3652,2.5682251859479608e-10,5.2476558779625954e-05,5.2463305703617750e-05,1.3253076008203492e-08,7.8762964247322996e-11,0
3653,2.5694366017678081e-10,-3.9402721706625898e-05,-3.9405626378769700e-05,2.9046721438020671e-09,5.7918651664155795e-11,0
3654,1.8601486200637406e-10,5.1238446587187694e-05,5.1205086004093321e-05,3.3360583094373261e-08,8.0117819073976447e-11,0
3656,5.7040042706866099e-10,-7.6438778936354507e-05,-7.6423969733083476e-05,-1.4809203271030935e-08,1.9706566533150789e-11,0
3657,5.3308413976959598e-11,-3.7047162638545114e-05,-3.7029198380416329e-05,-1.7964258128784819e-08,1.8026051387187816e-11,0
3658,1.1555519306342167e-10,1.4158160800930089e-05,1.4174903727763062e-05,-1.6742926832972468e-08,5.9414693246585967e-12,0
3659,1.1706286234118346e-13,-9.1880544241095775e-05,-9.1881412806390941e-05,8.6856529516691084e-10,1.3330699786291458e-11,0
3660,-4.5472817122263328e-10,-1.2836314155269951e-06,-1.2772054660196405e-06,-6.4259495073545848e-09,7.7975771732232415e-12,0
3661,-4.5484523408607741e-10,9.0596917994440092e-05,9.0600493341971801e-05,-3.5753475317087252e-09,1.4215013126885894e-11,0
3662,5.1697495092245161e-10,5.2488979891523665e-05,5.2464697779980265e-05,2.4282111543400366e-08,5.3832784400551931e-11,0
3663,5.1709201378332671e-10,-3.9391602665635878e-05,-3.9404233204358227e-05,1.2630538722348977e-08,2.7593420191883279e-11,0
3664,6.2246778984301728e-11,5.1205218215097381e-05,5.1204704719538543e-05,5.1349555883821408e-10,4.4086139561571232e-11,0
3665,1.5171360076964859e-10,-1.1668072258582849e-05,-1.1664464485750703e-05,-3.6077728321464309e-09,2.8115035177055544e-11,0
3666,-2.2013670623837569e-10,-5.5940591678965354e-06,-5.5817582158854520e-06,-1.2300952011083357e-08,1.8053912148580202e-11,0
3667,1.2893793281434462e-10,-1.3132958374083552e-05,-1.3141509928348409e-05,8.5515542648566473e-09,1.3989492066902521e-11,0
3668,-3.7185030709299006e-10,6.0739658147975981e-06,6.0897657462617456e-06,-1.5799931464147569e-08,1.0544453219263035e-11,0
3669,-2.2775667973161516e-11,-1.4649177428057531e-06,-1.4678250722186523e-06,2.9073294128991437e-09,8.6079495639713815e-12,0
3670,3.4907463882339783e-10,-7.5388622089063440e-06,-7.5587962417853899e-06,1.9934032879045931e-08,4.3917099563706022e-12,0
3672,3.5248472443374794e-10,-1.1629528265914499e-05,-1.1663368078995951e-05,3.3839813081452277e-08,3.3175020962861856e-11,0
3673,3.8163245762134845e-11,-5.5857158593993275e-06,-5.5803429797277477e-06,-5.3728796715797757e-09,1.7053575733352848e-11,0
3674,-3.1432147892264500e-10,6.0437031020790094e-06,6.0901070170383578e-06,-4.6403914959348354e-08,2.3587745779016600e-11,0
3676,4.4718832003972374e-10,-5.5590529043532400e-06,-5.5781053852197292e-06,1.9052480866489239e-08,2.9740116630114546e-11,0
3677,-2.2952528474570314e-10,6.0659975329318844e-06,6.0905928469457727e-06,-2.4595314013888260e-08,3.3014530571292253e-11,0
3679,-3.6887874550209274e-11,-1.1676348229981703e-05,-1.1665494434319615e-05,-1.0853795662087932e-08,2.7147546567564623e-11,0
3680,8.0362071811900035e-10,1.8036714807389415e-05,1.8030628633001196e-05,6.0861743882187726e-09,3.5223963448815950e-11,0
3681,-3.4033278683885648e-09,-5.5901641518007463e-06,-5.5991257079926935e-06,8.9615561919471174e-09,3.1560660652024864e-11,0
3682,-1.1052924323390288e-10,-1.3143179669756252e-05,-1.3142807700279308e-05,-3.7196947694338614e-10,1.2770153594659607e-11,0
3683,8.4050859170773821e-10,2.9713041989646791e-05,2.9703661649824620e-05,9.3803398221702083e-09,4.6106415982819661e-11,0
3684,-3.3664399724073982e-09,6.0862645287623751e-06,6.0735044188299941e-06,1.2760109932380981e-08,2.2607000135268794e-11,0
3685,-7.3641367012142647e-11,-1.4667461605811193e-06,-1.4680510010169218e-06,1.3048404358025536e-09,1.2934381665370777e-11,0
3686,-4.2069486197959518e-09,-2.3626766929595033e-05,-2.3616364849381798e-05,-1.0402080213235318e-08,2.6386758368183999e-11,0
3687,-9.1414996480553122e-10,-3.1179832311522757e-05,-3.1174345189704542e-05,-5.4871218182147327e-09,1.7291928244586280e-11,0
3688,3.2927986283706407e-09,-7.5530148277531614e-06,-7.5427544408127230e-06,-1.0260386940438458e-08,1.0277902056311016e-11,0
3690,-2.0255951585568065e-09,-1.1683336414764281e-05,-1.1676354721693696e-05,-6.9816930705854531e-09,2.0210675818426508e-11,0
3691,-2.9136147458524081e-09,1.8022877897012381e-05,1.8010329559351321e-05,1.2548337661059868e-08,3.2270886023930183e-11,0
3692,-2.9133589008809883e-09,-7.3859901213791865e-05,-7.3863610576509715e-05,3.7093627178506157e-09,3.4028700329327211e-11,0
3693,-2.3254837481233461e-09,-1.3150778380604730e-05,-1.3154900201113806e-05,4.1218205090757457e-09,1.0049601532074682e-11,0
3694,-8.8801958008653808e-10,2.9706142559594341e-05,2.9694248568980338e-05,1.1893990614003441e-08,3.1877808127973693e-11,0
3695,-8.8776373511774392e-10,-6.2176665821585091e-05,-6.2182067345466953e-05,5.4015238818626255e-09,2.4063773746644294e-11,0
3696,-2.9988858795021662e-10,-1.4674115509394911e-06,-1.4692692496261412e-06,1.8576986866500170e-09,1.1411331247346584e-11,0
3697,2.5584493948945068e-13,-9.1882871866836715e-05,-9.1881409299731460e-05,-1.4625671052541757e-09,2.2923672953039203e-11,0
3698,5.8813099558993973e-10,-3.1173649464671938e-05,-3.1166147889081670e-05,-7.5015755902674329e-09,1.3916745962540413e-11,0
3699,5.8787515061835178e-10,6.0709189757518663e-05,6.0711381654520950e-05,-2.1918970022873009e-09,9.4097606614287672e-12,0
3700,2.8095212314925038e-10,-3.7008811115516599e-05,-3.7027801064846390e-05,1.8989949329791444e-08,2.5578744959363288e-11,0
3701,2.1904591172896375e-10,1.4187725971958470e-05,1.4176891965666132e-05,1.0834006292338041e-08,1.6281976171767073e-11,0
3703,1.8174155451442953e-09,-1.1671726519664515e-05,-1.1655368123535430e-05,-1.6358396129085095e-08,1.9126573394110990e-11,0
3704,2.6463263509211942e-09,-7.3826112718666792e-05,-7.3833235005900925e-05,7.1222872341329940e-09,3.4376108911872195e-11,0
3705,1.0269518043173418e-09,-5.5868592245857107e-06,-5.5749214828328455e-06,-1.1937741752865169e-08,1.2476916303165270e-11,0
3706,1.9938307680260880e-09,-1.3137538206634512e-05,-1.3131309200450251e-05,-6.2290061842614473e-09,8.6706351268484675e-12,0
3707,8.2891080656953567e-10,-6.2154572738299524e-05,-6.2172653184538955e-05,1.8080446239431111e-08,2.1168656766739242e-11,0
3708,-7.9046374099848805e-10,6.0848330100571509e-06,6.0876331437470691e-06,-2.8001336899182398e-09,1.2162372823041812e-11,0
3709,1.7641522316316480e-10,-1.4658473077460744e-06,-1.4666508822766454e-06,8.0357453057095776e-10,9.4052175710851424e-12,0
3710,-1.6193745541385703e-09,6.8239406219579996e-05,6.8265948067763833e-05,-2.6541848183837336e-08,1.2282064725816051e-11,0
3711,-6.5249558725313747e-10,6.0688693407199429e-05,6.0704588438191891e-05,-1.5895030992461835e-08,7.8366028621985512e-12,0
3712,9.6687896485812334e-10,-7.5506718363500553e-06,-7.5554787789697915e-06,4.8069426197362345e-09,4.2486831529159553e-12,0
3713,2.6094629082595616e-10,-3.6990334976553206e-05,-3.7027881411599059e-05,3.7546435045852488e-08,5.1507612759708307e-11,0
3715,7.0349029203017561e-10,6.1014978924699842e-06,6.0958291862528088e-06,5.6687062171754244e-09,3.9909077406093747e-11,0
3716,1.6912930496803846e-10,-1.4652782836604115e-06,-1.4666694993812960e-06,1.3912157208844377e-09,2.5315719761287554e-11,0
3717,4.2538574752650803e-10,6.8254048547280793e-05,6.8277112592278854e-05,-2.3064044998060882e-08,8.4826892507928454e-11,0
3718,-1.0897524125220108e-10,6.0687366186536196e-05,6.0707532607219145e-05,-2.0166420682949098e-08,4.0529477703186009e-11,0
3719,-5.3436098845226398e-10,-7.5667845624597871e-06,-7.5636908243549685e-06,-3.0937381048185971e-09,1.4470708483984641e-11,0
3720,-3.3413959767260293e-10,1.6754042853764708e-05,1.6756207610571069e-05,-2.1647568063603391e-09,1.7044124563812157e-11,0
3722,1.1518736758787047e-10,-6.2169630121053365e-05,-6.2176462076226656e-05,6.8319551732907253e-09,6.9501817597175561e-11,0
3723,2.3972292171262425e-09,6.0955870930193973e-06,6.1051101122689343e-06,-9.5230192495370062e-09,4.0126077204196014e-11,0
3724,2.8156562299514931e-10,-1.4661593298957287e-06,-1.4660377724609484e-06,-1.2155743478027849e-10,2.0480045051298840e-11,0
3725,2.2820418444766010e-09,6.8265372971890430e-05,6.8287250188653627e-05,-2.1877216763196267e-08,7.4572630836254099e-11,0
3726,1.6637826340844861e-10,6.0703638351612514e-05,6.0709016238660940e-05,-5.3778870484256385e-09,3.3805477684012984e-11,0
3727,-2.1156635844357742e-09,-7.5617779518241668e-06,-7.5723378359677449e-06,1.0559884143578132e-08,1.5972078866233055e-11,0
3728,1.8616285067993526e-10,1.4183274714092697e-05,1.4177450372963509e-05,5.8243411291887298e-09,6.3843081826380145e-11,0
3729,-3.2738358639974299e-10,5.1197975775255956e-05,5.1204844770451006e-05,-6.8689951950498388e-09,8.2253767773553974e-11,0
3730,2.8447780792267920e-10,6.0710960200975486e-05,6.0709636051826169e-05,1.3241491493172215e-09,3.3214929296721418e-11,0
3732,4.6921896327798171e-10,1.5453298634594825e-05,1.5439098537928074e-05,1.4200096666751446e-08,4.4738923467765516e-11,0
3733,6.5617740338914891e-10,6.8292246827757197e-05,6.8278368062994578e-05,1.3878764762618946e-08,2.0126679468355264e-11,0
3734,3.5547491664944879e-10,-3.9412178026971157e-05,-3.9405357662161897e-05,-6.8203648092597787e-09,8.6722086362679137e-11,0
3737,-1.5876449324414932e-09,2.8425471335417202e-05,2.8429993490708593e-05,-4.5221552913917470e-09,3.3844683314928137e-11,0
3739,4.7879963900894394e-10,1.5450841727267933e-05,1.5439152251013404e-05,1.1689476254528926e-08,2.7286261179163398e-11,0
3740,4.7891691896850347e-10,-7.6428459760680828e-05,-7.6424393271076293e-05,-4.0664896045345929e-09,4.4098380812230638e-11,0
3741,1.8830200993315465e-10,-3.7025341401204608e-05,-3.7028135159536610e-05,2.7937583320028362e-09,3.1525277019173194e-11,0
3742,7.3514823470716450e-10,-1.5659127630207950e-05,-1.5726983849826839e-05,6.7856219618888351e-08,2.0370974265452876e-11,0
3743,3.6712796557833174e-10,1.4207177506485660e-05,1.4179287177469534e-05,2.7890329016125968e-08,4.0808647957534616e-11,0
3744,1.1727996193701851e-13,-9.1879464009357405e-05,-9.1881405694741524e-05,1.9416853841186955e-09,3.8523157234129621e-11,0
3745,2.5634859560806615e-10,-3.1109922580242755e-05,-3.1168002133678722e-05,5.8079553435967191e-08,1.7109468904803939e-11,0
3747,2.5623131564971823e-10,6.0769438744282672e-05,6.0709445251598460e-05,5.9993492684211997e-08,2.9211162830255217e-11,0
3748,-1.1178895348362800e-10,9.0635702388319750e-05,9.0605858519431033e-05,2.9843868888716719e-08,7.1623963818594957e-11,0
3750,2.9061490898057899e-10,-3.9403277885765101e-05,-3.9405736794147564e-05,2.4589083824633207e-09,7.8399641938896409e-11,0
3751,5.4684622479313243e-10,2.1366186557066763e-05,2.1298741127101250e-05,6.7445429965513296e-08,6.5388828896526254e-11,0
3752,1.7882595567869563e-10,5.1232415464046860e-05,5.1208200674117102e-05,2.4214789929757452e-08,6.7115275626969083e-11,0
3753,-3.6802026915580630e-10,2.9866332442136240e-05,2.9901862831828952e-05,-3.5530389692711945e-08,3.9959640321057148e-11,0
3756,1.3083017943634972e-13,-9.1880650277616444e-05,-9.1881404933550704e-05,7.5465593425997832e-10,2.7891898298707628e-11,0
3757,1.4865924634122761e-10,-1.1666542326781593e-05,-1.1664481165514036e-05,-2.0611612675577857e-09,3.7304655120344603e-11,0
3758,-2.1913616309213372e-10,-5.5966232492760462e-06,-5.5816911292464152e-06,-1.4932120029631015e-08,2.5163144876272650e-11,0
3759,1.2064568326747308e-10,-1.3131269004892357e-05,-1.3141516505537633e-05,1.0247500645276753e-08,2.2488014276583950e-11,0
3760,-3.6779540948867922e-10,6.0699660798056027e-06,6.0901459081773514e-06,-2.0179828371748703e-08,1.0242931014315910e-11,0
3761,-2.8013563082827889e-11,-1.4647328365067136e-06,-1.4676520463770271e-06,2.9192098703135601e-09,8.8486590855977551e-12,0
3762,3.3978184611821908e-10,-7.5346802810571933e-06,-7.5589784803678434e-06,2.4298199310650026e-08,4.7034713643245625e-12,0
3763,5.0216449259108505e-10,1.5458632838736587e-05,1.5439282146623243e-05,1.9350692113343643e-08,4.2378371934387714e-11,0
3764,5.0227216328788109e-10,-7.6421183788030062e-05,-7.6424250481854481e-05,3.0666938244199287e-09,7.1615362713845862e-11,0
3765,1.0767069748672598e-13,-9.1879775638314758e-05,-9.1881404321717190e-05,1.6286834024313709e-09,4.5371015308611243e-11,0
3767,-3.0579022889083080e-10,6.0422177026696333e-06,6.0905238991275199e-06,-4.8306196457886588e-08,2.8974260470001560e-11,0
3768,-4.7383659365646066e-11,-1.4853858801922373e-06,-1.4677356467669321e-06,-1.7650233425305249e-08,3.0486667291526751e-11,0
3769,2.5840656944115395e-10,-7.5275079191479410e-06,-7.5594373329827423e-06,3.1929413834801299e-08,9.9720622000261082e-12,0
3770,-3.6529598694759083e-10,5.1178578259942348e-05,5.1206240959601763e-05,-2.7662699659415223e-08,8.5545674539163550e-11,0
3771,-1.2918219885831378e-10,-1.1676792117755463e-05,-1.1665998451624245e-05,-1.0793666131218602e-08,3.1773145953203256e-11,0
3772,3.4059363025443538e-10,1.8035892138045309e-05,1.8028107552137925e-05,7.7845859073836642e-09,4.1976565525538915e-11,0
3773,3.4062571357055640e-10,-7.3847258304645183e-05,-7.3845695050057665e-05,-1.5632545875181661e-09,5.8479146956450072e-11,0
3774,-3.6383850917127028e-09,-5.5910437193623262e-06,-5.6003501045753235e-06,9.3063852129972717e-09,2.7075519810564296e-11,0
3775,-2.7464439330694717e-10,-1.3143481003253903e-05,-1.3143666715920034e-05,1.8571266613155160e-10,1.4616093027712189e-11,0
3776,4.6977583052922244e-10,2.9712832895883654e-05,2.9701932915035282e-05,1.0899980848371794e-08,4.1847109279991553e-11,0
3777,4.6980791358428666e-10,-6.2170567458568263e-05,-6.2174250746481336e-05,3.6832879130732502e-09,4.6526554722305427e-11,0
3778,-3.5092028688828976e-09,6.0857585141029479e-06,6.0730690026805795e-06,1.2689511422368389e-08,2.1229394684639263e-11,0
3779,-1.4546219228591545e-10,-1.4666836272555963e-06,-1.4682493602660385e-06,1.5657330104422353e-09,1.3051991502228126e-11,0
3780,3.2083056121812960e-14,-9.1883334590733064e-05,-9.1881403558887828e-05,-1.9310318452359131e-09,3.3515256535311387e-11,0
3781,-3.9789787510976723e-09,-2.3627103648528151e-05,-2.3614667616606774e-05,-1.2436031921377055e-08,2.1613229831100767e-11,0
3782,-6.1523802444492244e-10,-3.1179524827005742e-05,-3.1172787127640986e-05,-6.7376993647560350e-09,1.7810023565402000e-11,0
3783,-3.9790108340975600e-09,6.8256212009272163e-05,6.8253048096924052e-05,3.1639123481108341e-09,2.7653028908647175e-11,0
3784,-6.1527010749244763e-10,6.0703782906153594e-05,6.0704611276173478e-05,-8.2837001988352076e-10,1.5762638770922873e-11,0
3785,3.3637406941264093e-09,-7.5524219421369086e-06,-7.5424934467825021e-06,-9.9284953544064502e-09,7.6340420839463299e-12,0
3786,-2.0322111725046301e-09,-1.1684138976869596e-05,-1.1676390851602468e-05,-7.7481252671278552e-09,1.8316648157020586e-11,0
3787,-3.0103081680186688e-09,1.8022112250672649e-05,1.8009809096705602e-05,1.2303153967047113e-08,3.1658049055611542e-11,0
3788,-3.0100162256444754e-09,-7.3860761580318152e-05,-7.3863976920619426e-05,3.2153403012747783e-09,2.9610621851277765e-11,0
3789,-2.3460020163788778e-09,-1.3151385411408825e-05,-1.3154974650229232e-05,3.5892388204068732e-09,8.8107391153063810e-12,0
3790,-9.7809698831681421e-10,2.9706168628064640e-05,2.9694055563961449e-05,1.2113064103190865e-08,3.0070230881795293e-11,0
3791,-9.7780504591256603e-10,-6.2176679208329928e-05,-6.2182112089859430e-05,5.4328815295016149e-09,1.9284753652874087e-11,0
3792,-3.1379084220416520e-10,-1.4672557534460952e-06,-1.4691493005155321e-06,1.8935470694369302e-09,9.1373780715656976e-12,0
3793,2.9194240579398598e-13,-9.1882945022495004e-05,-9.1881401378777474e-05,-1.5436437175291593e-09,1.9357151459423597e-11,0
3794,6.6430614936391390e-10,-3.1173551718792838e-05,-3.1165806960481764e-05,-7.7447583110744280e-09,1.2827827516969478e-11,0
3795,6.6401420698838728e-10,6.0709374730179982e-05,6.0711575557301907e-05,-2.2008271219247700e-09,7.9948734074831235e-12,0
3796,1.6812152763833910e-10,-3.7025087457925009e-05,-3.7028074019947857e-05,2.9865620228486855e-09,3.2231243062913601e-11,0
3797,9.1408343841814165e-11,1.4179368671018641e-05,1.4179363209814488e-05,5.4612041529500865e-12,3.2859625942199715e-11,0
3798,-7.6713183819454159e-11,5.1204487323618531e-05,5.1208307921141521e-05,-3.8205975229902616e-09,8.0892160979704262e-11,0
3799,1.7912107035552391e-09,-1.1672000761147770e-05,-1.1655511227607376e-05,-1.6489533540394114e-08,1.9097392133746708e-11,0
3800,2.5354908975738422e-09,-7.3826485370475509e-05,-7.3833676045222905e-05,7.1906747473959951e-09,3.5398244141318492e-11,0
3801,9.5811023272537680e-10,-5.5876394678476375e-06,-5.5752365507441907e-06,-1.2402917103446835e-08,1.2291574837579637e-11,0
3802,1.9503509968466120e-09,-1.3137661885684153e-05,-1.3131508405941231e-05,-6.1534797429219632e-09,8.6862894872064303e-12,0
3803,7.4428019464371571e-10,-6.2154585494389111e-05,-6.2172660822183324e-05,1.8075327794212664e-08,2.2133686370794606e-11,0
3804,-8.3310047097425299e-10,6.0843970945548883e-06,6.0877539763325158e-06,-3.3568817776275043e-09,1.3188417811489228e-11,0
3806,-1.5773806720972770e-09,6.8238968689427262e-05,6.8266159828769495e-05,-2.7191139342233150e-08,1.5329837028208510e-11,0
3808,9.9224076486729487e-10,-7.5500296818539601e-06,-7.5554701728980257e-06,5.4404910440656272e-09,4.6627201155905304e-12,0
3809,2.2707119085717540e-10,-3.7001740469431478e-05,-3.7027719286414999e-05,2.5978816983520943e-08,5.1256846826444378e-11,0
3810,1.0052767411589478e-13,-9.1881079448014570e-05,-9.1881400799813880e-05,3.2135179931012774e-10,1.6997553679355403e-11,0
3813,5.4854459745983315e-10,5.2486207531527579e-05,5.2464397776331592e-05,2.1809755195986767e-08,5.2921792737196762e-11,0
3814,5.4864512513780670e-10,-3.9394800106284933e-05,-3.9404514799952481e-05,9.7146936675482831e-09,2.7324977151429489e-11,0
3815,7.8366530376493892e-10,2.1328387662576664e-05,2.1299682225671349e-05,2.8705436905315654e-08,2.5125592851157195e-11,0
3817,-3.5533787501588634e-10,1.6757996320023935e-05,1.6759428037556029e-05,-1.4317175320936715e-09,1.5923268765732184e-11,0
3818,2.3959787864101907e-10,-3.7013892814914684e-05,-3.7027604787223492e-05,1.3711972308808084e-08,5.8860293568514784e-11,0
3819,3.9368507639725477e-10,6.8308684914924686e-05,6.8276920689548236e-05,3.1764225376449805e-08,6.5531714445915258e-11,0
3820,3.2276029749816677e-10,6.0716427760940106e-05,6.0709648999224463e-05,6.7787617156429077e-09,3.8670757281464319e-11,0
3821,-7.0924779372937169e-11,-7.5922536644339178e-06,-7.5612989199451777e-06,-3.0954744488740075e-08,1.5542028625446832e-11,0
3822,8.2173143616193368e-10,-1.4254751156698477e-05,-1.4255721347862729e-05,9.7019116425201620e-10,2.1600640859486649e-11,0
3823,4.0407965541228386e-10,1.5440124686339624e-05,1.5438754216008546e-05,1.3704703310775737e-09,2.0196162237804994e-11,0
3824,4.0422294443787397e-10,-7.6440287257322631e-05,-7.6424734840826886e-05,-1.5552416495745176e-08,7.1461786652878615e-11,0
3825,6.9887562873976856e-10,-8.1433705430814136e-06,-8.1566770135003599e-06,1.3306470418946213e-08,1.4478606544131719e-11,0
3826,7.2556429221859653e-10,-1.5724603167001101e-05,-1.5727071654921397e-05,2.4684879202963332e-09,9.5376251276413832e-12,0
3827,-4.1765178074588780e-10,2.9694907132978357e-05,2.9697226034914443e-05,-2.3189019360855649e-09,2.7965786822339029e-11,0
3828,-4.1750849171940144e-10,-6.2185467713977982e-05,-6.2178887995589346e-05,-6.5797183886360600e-09,4.2808199291216010e-11,0
3829,-1.2285580744737977e-10,6.1114092056340549e-06,6.0917239016889231e-06,1.9685303945131798e-08,1.6425598038956255e-11,0
3830,-9.6167143946857738e-11,-1.4698303979761122e-06,-1.4678888515471624e-06,-1.9415464289498452e-09,9.6225679523854167e-12,0
3831,1.4328902588622450e-13,-9.1880298643534579e-05,-9.1881399350928245e-05,1.1007073936661858e-09,3.1712954577639414e-11,0
3832,2.9479597283353934e-10,-2.3583475233099165e-05,-2.3591115583447637e-05,7.6403503484725110e-09,1.6309978430188441e-11,0
3833,3.2148463676057150e-10,-3.1164720669047200e-05,-3.1167706697752185e-05,2.9860287049858860e-09,1.0529332585384052e-11,0
3834,2.9465268381078878e-10,6.8296859195559993e-05,6.8276378427786606e-05,2.0480767773387097e-08,4.4836468913450911e-11,0
3835,3.2134134773450043e-10,6.0715576933097898e-05,6.0709622650687518e-05,5.9542824103802554e-09,1.7715801226513996e-11,0
3836,2.6688663553623765e-11,-7.5812226083954697e-06,-7.5607765621605542e-06,-2.0446046234915487e-08,5.9682233067958551e-12,0
3837,-4.1415185458150322e-10,-3.4439735152025450e-05,-3.4444332522938469e-05,4.5973709130188423e-09,6.1147398789006641e-11,0
3838,-7.5389326825137312e-10,1.6760199393440339e-05,1.6757796758519712e-05,2.4026349206276109e-09,2.2916588924567560e-11,0
3839,-3.3974141347070730e-10,5.1199893633764246e-05,5.1207933496911145e-05,-8.0398631468992735e-09,8.5576301936060736e-11,0
3840,8.4728822238101407e-10,-1.4272811710073358e-05,-1.4255596987846068e-05,-1.7214722227289707e-08,3.6014550434147938e-11,0
3841,3.7655538572015612e-10,1.5426141641853436e-05,1.5438604713171014e-05,-1.2463071317577921e-08,2.8876191145047183e-11,0
3843,6.4287439560635318e-10,-8.1664220375615715e-06,-8.1569788861755119e-06,-9.4431513860596236e-09,2.8151751983496475e-11,0
3844,7.3032534386959374e-10,-1.5741256832107337e-05,-1.5727048513099662e-05,-1.4208319007674128e-08,1.5234490720648615e-11,0
3845,-4.7073283633985310e-10,2.9699035892808041e-05,2.9696955501380967e-05,2.0803914270740831e-09,3.0029755792411529e-11,0
3846,-4.7057451703734514e-10,-6.2181870170605405e-05,-6.2179148866463456e-05,-2.7213041419485136e-09,5.5491988465273350e-11,0
3847,-2.0441382739174854e-10,6.1064645377442890e-06,6.0913010191113484e-06,1.5163518632940593e-08,1.7144729576217741e-11,0
3848,-1.1696287848409282e-10,-1.4683931004819822e-06,-1.4679897427249865e-06,-4.0335775699570575e-10,1.1392978176122028e-11,0
3849,1.5831930122390268e-13,-9.1880810655931971e-05,-9.1881398769071241e-05,5.8811313927002208e-10,6.2021967765191453e-11,0
3850,2.6631900846756572e-10,-2.3592500925621093e-05,-2.3591241525031215e-05,-1.2594005898775495e-09,1.7035828050730498e-11,0
3851,3.5376995770691037e-10,-3.1167390484140595e-05,-3.1167535245284267e-05,1.4476114367146424e-10,1.2037374043940618e-11,0
3852,2.6616068916988420e-10,6.8288472530576849e-05,6.8276221715857637e-05,1.2250814719212666e-08,4.7508669524777856e-11,0
3853,3.5361163840826348e-10,6.0713563640751259e-05,6.0709784520395381e-05,3.7791203558778575e-09,3.4475713990100297e-11,0
3854,8.7450949045434670e-11,-7.5748629686603228e-06,-7.5604530057751617e-06,-1.4409962885161026e-08,6.2976963321494368e-12,0
3856,-5.3810224945628553e-10,2.9701666124897462e-05,2.9696624522128221e-05,5.0416027692413209e-09,3.2680051170666929e-11,0
3857,-5.3794187991162692e-10,-6.2179902797636875e-05,-6.2179461544322918e-05,-4.4125331395748844e-10,2.1776620998146717e-11,0
3858,1.3846274725422049e-10,6.1104534522671977e-06,6.0932164228387930e-06,1.7237029428404684e-08,1.4027040702161575e-11,0
3859,-1.0835964593413603e-10,-1.4674193759151846e-06,-1.4679185650737049e-06,4.9918915852026466e-10,9.8222044470493636e-12,0
3860,1.6036955067074252e-13,-9.1881635199405278e-05,-9.1881397803755116e-05,-2.3739565016198377e-10,2.8988658135769522e-11,0
3861,6.7656499680461384e-10,-2.3591308105152392e-05,-2.3588944727804922e-05,-2.3633773474696410e-09,1.2268375454975458e-11,0
3862,4.2974260366705643e-10,-3.1169197555427040e-05,-3.1167129632708635e-05,-2.0679227184049035e-09,1.0132246209906540e-11,0
3863,6.7640462724816491e-10,6.8290342354053457e-05,6.8278459915199050e-05,1.1882438854407085e-08,1.8375692594641586e-11,0
3864,4.2958223411258726e-10,6.0712463635650038e-05,6.0710171984112688e-05,2.2916515373503526e-09,1.2055668298393116e-11,0
3865,-2.4682239342175201e-10,-7.5778757821377135e-06,-7.5622942441543763e-06,-1.5581537983337226e-08,4.7479511804574489e-12,0
3866,8.0381837001086512e-10,-1.4257282033217035e-05,-1.4255889666818434e-05,-1.3923663986003057e-09,4.8960544805053494e-11,0
3867,4.3404630726907165e-10,1.5437405325056594e-05,1.5438921602948189e-05,-1.5162778915948981e-09,5.0354719305625926e-11,0
3868,4.3418388928605116e-10,-7.6443344018016154e-05,-7.6424546441212888e-05,-1.8797576803266151e-08,7.9048274962244188e-11,0
3869,5.6300139619739443e-10,-8.1552714200142096e-06,-8.1574007114569952e-06,2.1292914427856283e-09,3.9207662562960204e-11,0
3870,7.1171924205904468e-10,-1.5727776932522326e-05,-1.5727160513993428e-05,-6.1641852889805738e-10,2.8089954217004031e-11,0
3871,-3.6977206268153532e-10,2.9694475438934130e-05,2.9697577176743557e-05,-3.1017378094270890e-09,2.5908469468815710e-11,0
3872,-3.6963448066146133e-10,-6.2186082906183320e-05,-6.2178492465876319e-05,-7.5904403070000889e-09,3.9020232012658916e-11,0
3873,-2.4081697385329148e-10,6.1020415835838157e-06,6.0911840550507158e-06,1.0857528533099944e-08,1.8236311277458524e-11,0
3874,-9.2099127942293190e-11,-1.4705452199880245e-06,-1.4678078754940015e-06,-2.7373444940230036e-09,6.7865175993863680e-12,0
3875,1.3758202016482050e-13,-9.1880575675199792e-05,-9.1881397064946132e-05,8.2138974633982724e-10,2.3649852920415357e-11,0
3876,1.2895508835117562e-10,-2.3592543398232106e-05,-2.3591884137324966e-05,-6.5926090713996324e-10,2.0429747120320820e-11,0
3877,2.7767293448959433e-10,-3.1165079608482665e-05,-3.1167968471187836e-05,2.8888627051710711e-09,1.2192128269084803e-11,0
3878,1.2881750632993466e-10,6.8288029277819502e-05,6.8275467623117399e-05,1.2561654702102770e-08,3.3188194054924297e-11,0
3879,2.7753535246744851e-10,6.0715510730779965e-05,6.0709316859810143e-05,6.1938709698214247e-09,1.7376485098752543e-11,0
3880,1.4871784613560811e-10,-7.5725515675459376e-06,-7.5601484836278780e-06,-1.2403083918059564e-08,8.9221235699425584e-12,0
3882,1.4694970973968946e-10,-1.1663492177875793e-05,-1.1664490501256362e-05,9.9832338056896552e-10,4.6586480918119971e-11,0
3883,-2.1256401521512686e-10,-5.6028674662277067e-06,-5.5815901389140803e-06,-2.1277327313626371e-08,3.3635115838689206e-11,0
3884,1.1403072333735892e-10,-1.3128358641926975e-05,-1.3141511738926145e-05,1.3153096999170483e-08,2.8498163987248318e-11,0
3885,-3.5951372498850874e-10,6.0605580225660954e-06,6.0905693549405837e-06,-3.0011332374488251e-08,9.3354898991727525e-12,0
3886,-3.2918986412331832e-11,-1.4649560584601134e-06,-1.4674658272285102e-06,2.5097687683967836e-09,8.3240670956766473e-12,0
3887,3.2659473830840363e-10,-7.5255137012304046e-06,-7.5591894055610975e-06,3.3675704330692834e-08,3.7086722822738292e-12,0
3888,4.7528562291097715e-10,1.5450628919615357e-05,1.5439148047358924e-05,1.1480872256433171e-08,3.0919987056548840e-11,0
3889,4.7540292645376417e-10,-7.6429100409145662e-05,-7.6424313144507123e-05,-4.7872646385390761e-09,6.3674482257343967e-11,0
3890,1.1730354383705749e-13,-9.1879662759240588e-05,-9.1881396408983082e-05,1.7336497424945809e-09,5.1878518048729963e-11,0
3891,-2.2809932729275452e-10,-1.2452850742961791e-06,-1.2672111674380531e-06,2.1926093141874049e-08,3.5275966554055382e-11,0
3892,5.0999042242694060e-10,5.2473402149809910e-05,5.2463976092266403e-05,9.4260575435065681e-09,8.2155427627855502e-11,0
3893,2.8189109515228148e-10,5.1228050681429924e-05,5.1212942865518175e-05,1.5107815911748960e-08,6.7695674140873569e-11,0
3894,-2.1361225097223968e-10,-1.1677283612987130e-05,-1.1666459522308876e-05,-1.0824090678253904e-08,2.2937831170062762e-11,0
3895,-1.2827950018944224e-10,-7.3847992931314575e-05,-7.3848089956835629e-05,9.7025521053921079e-11,4.4528734886312704e-11,0
3896,-3.8352276237248087e-09,-5.5917495245115696e-06,-5.6013636107464531e-06,9.6140862348834442e-09,1.8178403948221895e-11,0
3898,8.5332754499188007e-11,-6.2170856642076999e-05,-6.2175891556198585e-05,5.0349141215858331e-09,3.3580462328596210e-11,0
3899,-3.6216153464689135e-09,6.0854699384985632e-06,6.0728121158754506e-06,1.2657822623112584e-08,1.6288505940510928e-11,0
3900,-2.1722833258114647e-10,-1.4666041711641504e-06,-1.4684402198147698e-06,1.8360486506193801e-09,8.8308894635488338e-12,0
3901,-3.7069481469936209e-09,6.8256283302294864e-05,6.8254516093563353e-05,1.7672087315105493e-09,2.0252019295671752e-11,0
3902,-3.0256108374768827e-10,6.0704215843062140e-05,6.0706091208834665e-05,-1.8753657725256354e-09,1.2497693532058286e-11,0
3903,3.4043870253283534e-09,-7.5520538103580502e-06,-7.5424025932035721e-06,-9.6512171544781147e-09,6.6397292750955018e-12,0
3905,-2.0352650122446882e-09,-1.1685200861536599e-05,-1.1676407528555098e-05,-8.7933329815008881e-09,1.8667247503678268e-11,0
3906,-3.1025341152561984e-09,1.8021022126016306e-05,1.8009313365168795e-05,1.1708760847511354e-08,2.4135878776496806e-11,0
3907,-3.1022068662297630e-09,-7.3861782186446408e-05,-7.3864311747288110e-05,2.5295608417017770e-09,2.7276284202525410e-11,0
3908,-2.3619865973193109e-09,-1.3152318688569239e-05,-1.3155022682121959e-05,2.7039935527190380e-09,8.6322991522878501e-12,0
3909,-1.0672690959734187e-09,2.9706234033849595e-05,2.9693880689787971e-05,1.2353344061623588e-08,2.8844247507604772e-11,0
3910,-1.0669418468858042e-09,-6.2176697212500999e-05,-6.2182132175511552e-05,5.4349630105530447e-09,1.8607471093428688e-11,0
3911,-3.2672158344111198e-10,-1.4670986157232311e-06,-1.4690154047131101e-06,1.9167889898789676e-09,9.0365729064157705e-12,0
3912,3.2724902416876748e-13,-9.1882909778383040e-05,-9.1881393121385214e-05,-1.5166569978261688e-09,1.8956514015891150e-11,0
3913,7.4054751543522882e-10,-3.1173386656040310e-05,-3.1165468981868399e-05,-7.9176741719103267e-09,1.0068509593985687e-11,0
3914,7.4022026640741007e-10,6.0709510803955494e-05,6.0711760036678208e-05,-2.2492327227143752e-09,8.0623515760032267e-12,0
3915,1.2010849515312266e-10,-3.7027071845826837e-05,-3.7027946656119111e-05,8.7481029227397126e-10,4.1246245448311423e-11,0
3916,3.5550296054368377e-11,1.4180652932148374e-05,1.4182654325104533e-05,-2.0013929561588605e-09,4.4284279749473239e-11,0
3917,-8.4558199157530180e-11,5.1207582143252602e-05,5.1211681645225299e-05,-4.0995019726965121e-09,6.7501261516061334e-11,0
3918,1.7662800600881763e-09,-1.1672332994893818e-05,-1.1655647373310995e-05,-1.6685621582822641e-08,1.3534304603937733e-11,0
3919,2.4209837077507572e-09,-7.3826569276081930e-05,-7.3834130248341827e-05,7.5609722598976884e-09,2.0723645454073997e-11,0
3920,8.9677777236611310e-10,-5.5882117608345092e-06,-5.5755080586216447e-06,-1.2703702212864445e-08,7.6255211197978634e-12,0
3921,1.9078096916186067e-09,-1.3137971516688149e-05,-1.3131700882930605e-05,-6.2706337575438461e-09,5.3270282102126945e-12,0
3922,6.5470364805229835e-10,-6.2154323981352191e-05,-6.2172676407545603e-05,1.8352426193411200e-08,2.0382193482591685e-11,0
3923,-8.6950228786844998e-10,6.0841657987554263e-06,6.0879236898260524e-06,-3.7578910706261378e-09,1.2301541356775740e-11,0
3924,1.4152963164915405e-10,-1.4656243939605539e-06,-1.4664346754770860e-06,8.1028151653210522e-10,1.0095092230203696e-11,0
3925,-1.5242059422457678e-09,6.8238465681326813e-05,6.8266431911434731e-05,-2.7966230107918867e-08,1.1930358347303016e-11,0
3926,-5.1317402000250441e-10,6.0688705697057796e-05,6.0704888520207822e-05,-1.6182823150025628e-08,7.7672148836299818e-12,0
3927,1.0110319196712431e-09,-7.5497469100998821e-06,-7.5555028964550882e-06,5.7559863552060367e-09,4.3217971814914400e-12,0
3928,-5.3032598997851418e-10,-1.2714983553098816e-06,-1.2675347643857969e-06,-3.9635909240847187e-09,2.1643354043351576e-11,0
3929,5.6220686998108019e-10,5.2484521960532299e-05,5.2464157670955899e-05,2.0364289576399355e-08,5.5765313435747373e-11,0
3930,3.1880879163715943e-11,5.1213100457202058e-05,5.1212644099979248e-05,4.5635722281054661e-10,4.7866018142841400e-11,0
3931,2.4366254697795398e-09,-1.1673873934235982e-05,-1.1651986631557951e-05,-2.1887302678030022e-08,3.3556629780313319e-11,0
3932,3.1139590953688267e-09,-7.3842894132395906e-05,-7.3830324431093565e-05,-1.2569701302340562e-08,6.6857804753480023e-11,0
3933,5.0297430892725099e-09,-5.5803747204216138e-06,-5.5529300576711456e-06,-2.7444662750468184e-08,3.3491572492517459e-11,0
3934,2.8262222046044753e-09,-1.3139610622705730e-05,-1.3126680447891976e-05,-1.2930174813754604e-08,1.7198820256160956e-11,0
3935,6.7733363155974346e-10,-6.2168930748635748e-05,-6.2172493339346887e-05,3.5625907111386723e-09,6.0832546496795455e-11,0
3936,2.5931176259321100e-09,6.0935120395969045e-06,6.1068792687650907e-06,-1.3367229168186200e-08,3.4345721496216804e-11,0
3937,3.8959673705665572e-10,-1.4657347168251129e-06,-1.4650539185289510e-06,-6.8079829616195955e-10,1.9365025480971125e-11,0
3938,1.9157839933561951e-09,6.8262576746149460e-05,6.8285215322876744e-05,-2.2638576727284265e-08,5.4410505199254752e-11,0
3939,-2.8773688216750483e-10,6.0703240017504628e-05,6.0706090096455637e-05,-2.8500789510087503e-09,2.9015147878553498e-11,0
3940,-2.2035208819284922e-09,-7.5592651307757053e-06,-7.5730744995189240e-06,1.3809368743218762e-08,1.5542535719189242e-11,0
3941,-2.1250094497085854e-10,5.1186941019101123e-05,5.1211606430198980e-05,-2.4665411097856815e-08,8.8087610182726905e-11,0
3943,7.7321660821337067e-10,6.0931001564529935e-06,6.0969758633913415e-06,-3.8757069383480157e-09,3.7692634275622496e-11,0
3944,2.0639514475635552e-10,-1.4650210732980277e-06,-1.4660346475304186e-06,1.0135742323908757e-09,2.3933384511650623e-11,0
3946,-2.6509740450754652e-10,6.0689142092496678e-05,6.0706191377901771e-05,-1.7049285405092618e-08,4.8590465745566037e-11,0
3947,-5.6682146457900811e-10,-7.5581292495411484e-06,-7.5641493867933246e-06,6.0201372521762313e-09,1.7509926988668123e-11,0
3948,1.9629534294835761e-10,-3.7017083806620797e-05,-3.7027428784064539e-05,1.0344977443741635e-08,6.8796553328784536e-11,0
3949,1.2186795490722981e-10,1.4189325979660754e-05,1.4184065608084580e-05,5.2603715761747911e-09,3.6203004777355392e-11,0
3950,-7.4427387984775236e-11,5.1206498821593227e-05,5.1212629935359596e-05,-6.1311137663686531e-09,9.9910060708549668e-11,0
3951,9.7240189280887780e-11,-1.4549468216893194e-06,-1.4666190746480264e-06,1.1672252958707003e-08,1.1489178440577165e-11,0
3952,9.0195983831017854e-10,6.8279184589072842e-05,6.8279675993221226e-05,-4.9140414838406282e-10,6.2077631514420640e-11,0
3954,1.3884224695275349e-11,-1.4643942422825490e-06,-1.4670590135021097e-06,2.6647712195606750e-09,2.5622633786161808e-11,0
3955,1.4627021614423163e-10,6.0696818848563448e-05,6.0708407337555649e-05,-1.1588488992200611e-08,5.2972182543629359e-11,0
3956,4.9260359679418207e-10,-8.1830911707577239e-06,-8.1577321121429362e-06,-2.5359058614787664e-08,2.9082115904210826e-11,0
3957,1.4803579921130678e-13,-9.1881728692277861e-05,-9.1881389783808755e-05,-3.3890846910539923e-10,3.4457689268271475e-11,0
3958,6.9119826858002133e-10,-2.3593054595705265e-05,-2.3588386311344444e-05,-4.6682843608215007e-09,1.8108498220503347e-11,0
3959,6.9105023277599601e-10,6.8288766371289028e-05,6.8278521807083110e-05,1.0244564205917736e-08,2.1341648983139823e-11,0
3962,7.5903005765840376e-10,2.2782348189821864e-05,2.2767865578774896e-05,1.4482611046968139e-08,8.2660193059774181e-11,0
3963,7.8514184248908817e-10,2.1343795053065107e-05,2.1298930205623952e-05,4.4864847441154505e-08,6.7401693605883105e-11,0
3964,-3.5443434249822083e-10,5.1201332772555022e-05,5.1211621529963118e-05,-1.0288757408095722e-08,9.3948567516674423e-11,0
3966,1.7055959283751295e-10,-3.7012650453761928e-05,-3.7027483654055502e-05,1.4833200293573568e-08,3.7499373162687931e-11,0
3967,1.4825031772474523e-13,-9.1881044531866404e-05,-9.1881389123840311e-05,3.4459197390608771e-10,5.2204875208978388e-11,0
3968,4.8296781721885773e-10,-2.3586014784074058e-05,-2.3589484474028502e-05,3.4696899544440314e-09,2.3668385656439062e-11,0
3969,4.8281956689881586e-10,6.8294863539273068e-05,6.8277383190514106e-05,1.7480348758961545e-08,6.7459389110342516e-11,0
3970,6.3222319581544965e-11,-1.4436440608747887e-06,-1.4667557342208611e-06,2.3111673346072391e-08,1.3277389667717786e-11,0
3971,-1.3308030682471747e-09,2.8429879372127154e-05,2.8440864648382520e-05,-1.0985276255366812e-08,3.4695818356884287e-11,0
3972,-1.3940253873247926e-09,2.9873556329301776e-05,2.9904174362803815e-05,-3.0618033502038814e-08,1.6106132021757738e-11,0
3973,4.3631098024987662e-10,-7.6428782704015012e-05,-7.6424442615854679e-05,-4.3400881603330131e-09,8.1751693473000709e-11,0
3974,2.5529364141569609e-12,-3.7033620965241584e-05,-3.7028363636822272e-05,-5.2573284193126266e-09,5.6199297165833271e-11,0
3975,4.3375804410536285e-10,-3.9395260631314502e-05,-3.9405598233279571e-05,1.0337601965068740e-08,7.9063233344552799e-11,0
3976,3.9696360105069055e-10,1.5441402974348921e-05,1.5438734283055214e-05,2.6686912937070066e-09,4.9119073913389888e-11,0
3978,1.1300690896235022e-13,-9.1880412357607513e-05,-9.1881387788576353e-05,9.7543096883934751e-10,5.3437688057032728e-11,0
3979,1.4684144743592782e-10,-1.1655370479595308e-05,-1.1664491092474456e-05,9.1206128791484808e-09,4.0331480066530866e-11,0
3980,-1.9986595478443958e-10,-5.6217019025472936e-06,-5.5814533622469117e-06,-4.0248540300381975e-08,2.1380818936449981e-11,0
3981,1.0958068507622969e-10,-1.3123873183579454e-05,-1.3141493684402837e-05,1.7620500823382817e-08,2.2546476054522845e-11,0
3982,-3.4670740223960550e-10,6.0335837860133607e-06,6.0910310642016580e-06,-5.7447278188297384e-08,1.0436824704169684e-11,0
3983,-3.7260762368162177e-11,-1.4685873645111235e-06,-1.4672688968829822e-06,-1.3184676281412758e-09,9.8724486436719007e-12,0
3984,3.0944663963343049e-10,-7.5021493086604302e-06,-7.5594269395072393e-06,5.7277630846809145e-08,4.8592759546533679e-12,0
3985,-3.8216460776428462e-10,5.1170496603053506e-05,5.1212493238207890e-05,-4.1996635154383985e-08,8.1971713658449354e-11,0
3986,-2.9022573656114693e-10,-1.1678022810634667e-05,-1.1666877906893130e-05,-1.1144903741536400e-08,2.0375870681510144e-11,0
3987,-6.1154134631202946e-10,-7.3848898591583577e-05,-7.3850551864910885e-05,1.6532733273084922e-09,5.3643463864290427e-11,0
3988,-3.9907457113379884e-09,-5.5924602965782069e-06,-5.6021472194661989e-06,9.6869228879919477e-09,2.4255456825811673e-11,0
3989,-5.8028087346057361e-10,-1.3144539641979196e-05,-1.3145255943915395e-05,7.1630193619883300e-10,1.2786737448070513e-11,0
3990,-3.2131560219123146e-10,-6.2171106808542667e-05,-6.2177621902496471e-05,6.5150939538042782e-09,2.7928966496692940e-11,0
3991,-3.7005199458615450e-09,6.0854970144925708e-06,6.0727627646868350e-06,1.2734249805735793e-08,1.9197349269317920e-11,0
3992,-2.9005513343966307e-10,-1.4666122412400080e-06,-1.4686230455593927e-06,2.0108043193847389e-09,9.8451658905125710e-12,0
3994,3.1260476870709629e-11,6.0704467680593871e-05,6.0707670773711132e-05,-3.2030931172610431e-09,1.1845217337646305e-11,0
3995,3.4104648173578054e-09,-7.5520833380876497e-06,-7.5425095341827561e-06,-9.5738039048935862e-09,8.3471723993311518e-12,0
3996,4.0045642794758026e-11,1.4183473021256790e-05,1.4185693298037776e-05,-2.2202767809864247e-09,1.6653438406181514e-11,0
3997,-1.5653413572358313e-10,5.2428004166375775e-05,5.2459972043007650e-05,-3.1967876631875368e-08,6.2279495671025653e-11,0
3998,1.7461173322038464e-09,-1.1672703769362888e-05,-1.1655757481530958e-05,-1.6946287831930013e-08,1.6208175355020043e-11,0
3999,2.3197774012064202e-09,-7.3826624532926169e-05,-7.3834528915566779e-05,7.9043826406097195e-09,2.1174559283859388e-11,0
4000,1.8722920532494742e-09,-1.3138221731631532e-05,-1.3131858985078383e-05,-6.3627465531487456e-09,5.1007720681494278e-12,0
4001,5.7366006921421612e-10,-6.2154063207415025e-05,-6.2172692720712268e-05,1.8629513297242425e-08,2.8976960159257732e-11,0
4002,1.2617472117179602e-10,-1.4655602758489091e-06,-1.4663317326349240e-06,7.7145678601487802e-10,1.1243905460375602e-11,0
4003,-4.4748535150384464e-10,6.0688464455393998e-05,6.0705035632419340e-05,-1.6571177025342303e-08,8.6753527119845531e-12,0
4005,-2.1295918399662862e-10,2.9703136271474522e-05,2.9698902546770359e-05,4.2337247041637294e-09,2.3598635154252216e-11,0
4006,-2.1288355468706063e-10,-6.2178376051678715e-05,-6.2176935105122589e-05,-1.4409465561260283e-09,1.5453712608993046e-11,0
4007,-1.9483721806387802e-11,-1.4655205569618756e-06,-1.4671039827995522e-06,1.5834258376766493e-09,6.1629486031896291e-12,0
4008,-7.6235504633586070e-10,2.8436410971056404e-05,2.8446223048339115e-05,-9.8120772827107691e-09,2.0773284244476408e-11,0
4009,7.5629308582218905e-14,-9.1881593486410227e-05,-9.1881385283676054e-05,-2.0820273417376366e-10,1.2184299343367043e-11,0
4011,-5.4939586233496393e-10,-1.2667888065328800e-06,-1.2638401746054582e-06,-2.9486319274217939e-09,1.8446705408210333e-11,0
4013,-5.4947149164468123e-10,9.0614842172972131e-05,9.0613603357373335e-05,1.2388155987955087e-09,1.6490989542675768e-11,0
4014,7.8248255726536964e-10,2.2779776931219561e-05,2.2767530487589207e-05,1.2246443630353960e-08,4.6175738170007980e-11,0
4015,5.6952337280706536e-10,5.2482967559719373e-05,5.2463901097945456e-05,1.9066461773917644e-08,5.3463482191125136e-11,0
4016,5.6959900211781302e-10,-3.9398656075662064e-05,-3.9404987679350291e-05,6.3316036882267858e-09,2.5329789158176591e-11,0
4017,7.6299883538983361e-10,2.1314355065192234e-05,2.1298463936544921e-05,1.5891128647312883e-08,2.1052845653091931e-11,0
4018,2.0127509633499089e-11,5.1216163957639761e-05,5.1215633356346573e-05,5.3060129318835978e-10,4.3137425173130278e-11,0
4019,-7.4287132447184306e-10,2.9901946223378877e-05,2.9909679075818344e-05,-7.7328524394679036e-09,7.6826397423203824e-12,0
4020,-3.2187366832909962e-10,2.9701838521806493e-05,2.9698331503765559e-05,3.5070180409344474e-09,4.1578062244954261e-11,0
4021,-3.2177441988933648e-10,-6.2179698645364748e-05,-6.2177494261160074e-05,-2.2043842046740513e-09,3.4130034647893967e-11,0
4022,2.2346891466831195e-10,6.1329069406465542e-06,6.0942928508117103e-06,3.8614089834843835e-08,1.4186267865474994e-11,0
4023,-4.8600685753744242e-11,-1.4670446209541260e-06,-1.4672474356040672e-06,2.0281464994114432e-10,9.3262657084858936e-12,0
4024,-5.8625669809184496e-10,2.8465817770063559e-05,2.8447523777078398e-05,1.8293992985160849e-08,4.6936033812157726e-11,0
4025,9.9248435328225400e-14,-9.1881618922960473e-05,-9.1881384541329819e-05,-2.3438163065383436e-10,2.8786281262198557e-11,0
4026,5.4534258308711902e-10,-2.3568975700582681e-05,-2.3588856878507109e-05,1.9881177924428278e-08,2.0827570202962509e-11,0
4027,2.7327298265813411e-10,-3.1168903983731441e-05,-3.1168116241579036e-05,-7.8774215240564292e-10,1.3247071053415757e-11,0
4028,-2.6438302977802011e-10,-1.2360036917239553e-06,-1.2619768724257043e-06,2.5973180701748964e-08,3.6509618818516423e-11,0
4030,2.7317373422118070e-10,6.0712733851689361e-05,6.0708927247340903e-05,3.8066043484580206e-09,1.4391105306654509e-11,0
4031,-2.6448227821267091e-10,9.0645584462339945e-05,9.0615460882954670e-05,3.0123579385275497e-08,7.3741966572171344e-11,0
4032,-2.7206960037765851e-10,-7.5998963351055909e-06,-7.5626569679457147e-06,-3.7239367159876213e-08,6.2238550459258645e-12,0
4033,-8.0972561202820627e-10,2.2333001949468613e-05,2.2354398256682007e-05,-2.1396307213393610e-08,3.5472925129755574e-11,0
4034,8.5019820498842380e-10,2.2770516757598599e-05,2.2767842183949695e-05,2.6745736489042931e-09,8.2461385190549620e-11,0
4035,5.2832453630394284e-10,5.2472072472490271e-05,5.2463652159072624e-05,8.4203134176466304e-09,8.9796833042317051e-11,0
4036,5.2842378474029768e-10,-3.9409312793827096e-05,-3.9405235551294947e-05,-4.0772425321492119e-09,7.9823287231942018e-11,0
4037,1.0736671196122317e-09,2.8903273817295488e-05,2.8871451135473791e-05,3.1822681821697200e-08,8.1957586000565181e-11,0
4038,8.0159751916432137e-10,2.1303468428330273e-05,2.1298631404383474e-05,4.8370239467986943e-09,5.7528867930180495e-11,0
4039,2.6394150649340253e-10,5.1236463157426984e-05,5.1217211469752524e-05,1.9251687674459879e-08,6.8519677114077293e-11,0
4040,-5.3765601235702974e-10,2.9932932867552178e-05,2.9911092882659804e-05,2.1839984892374340e-08,1.7853769078849366e-11,0
4042,1.4435432602635219e-10,6.1160191666244715e-06,6.0938948194876201e-06,2.2124347136851389e-08,4.5450799217270269e-11,0
4043,-7.7943256924490434e-11,-1.4674037531270737e-06,-1.4673885199112866e-06,-1.5233215787031860e-11,2.1275836018944540e-11,0
4044,5.5678758264845197e-10,6.8296607919307584e-05,6.8277774591507943e-05,1.8833327799640622e-08,8.4235885252243358e-11,0
4045,3.3448999978018673e-10,6.0713224902142916e-05,6.0709240394507927e-05,3.9845076349885231e-09,4.9391628862148658e-11,0
4046,-2.2229758309863382e-10,-7.5834467605385286e-06,-7.5623976556682043e-06,-2.1049104870324367e-08,1.5175083786090181e-11,0
4048,8.8158216273130279e-10,-1.4249819716309186e-05,-1.4255899553533855e-05,6.0798372246689808e-09,5.3125833488858553e-11,0
4049,4.8529534177490904e-10,1.5441300080945922e-05,1.5439224525152965e-05,2.0755557929565626e-09,4.6966388775442536e-11,0
4051,6.8445976178260079e-10,-8.1478934846014248e-06,-8.1566245737541330e-06,8.7310891527082142e-09,3.8786875227259874e-11,0
4052,7.8850338714130291e-10,-1.5722010600774310e-05,-1.5726822882873405e-05,4.8122820990950405e-09,3.1797604636354061e-11,0
4053,-3.9628682105755779e-10,2.9691088257765771e-05,2.9697985136086019e-05,-6.8968783202476920e-09,3.6463982465317297e-11,0
4054,-3.9614028494464313e-10,-6.2189143926052320e-05,-6.2177810649032599e-05,-1.1333277019721162e-08,4.6889018769733353e-11,0
4055,-1.9712240086361345e-10,6.1019931621112550e-06,6.0920658243041172e-06,9.9273378071377600e-09,1.6618687537073002e-11,0
4057,1.4653611417782210e-13,-9.1880237458718576e-05,-9.1881382732648251e-05,1.1452739296746554e-09,2.5250852536125712e-11,0
4058,1.9916441961997059e-10,-2.3589164801447954e-05,-2.3590655614193973e-05,1.4908127460183684e-09,1.0099783221582559e-11,0
4059,3.0320804518952208e-10,-3.1163260358148953e-05,-3.1167967834496982e-05,4.7074763480286293e-09,7.8815628283183120e-12,0
4060,1.9901788350896209e-10,6.8291071624935638e-05,6.8275819040674793e-05,1.5252584260845104e-08,3.4818834799187678e-11,0
4061,3.0306150907539477e-10,6.0716916553583619e-05,6.0709045922485362e-05,7.8706310982569233e-09,2.0152613231653445e-11,0
4062,1.0404362551480373e-10,-7.5741116928305409e-06,-7.5606286624854813e-06,-1.3483030345059642e-08,4.4955250013661484e-12,0
4063,2.3736708985284073e-10,1.4213012993497670e-05,1.4188597789784640e-05,2.4415203713030131e-08,2.6203481952281593e-11,0
4064,-4.8234205845934673e-10,2.9702950029695911e-05,2.9697549916115422e-05,5.4001135804893291e-09,3.5250278459276926e-11,0
4065,-4.8220747270513024e-10,-6.2178971781610992e-05,-6.2178228732769108e-05,-7.4304884188397709e-10,2.3457542450116048e-11,0
4066,2.1827124582258565e-10,6.1084915179317190e-06,6.0943746849173067e-06,1.4116833014412235e-08,1.6320311968917532e-11,0
4067,-9.3080203511594547e-11,-1.4669878829687765e-06,-1.4674282640897736e-06,4.4038112099704350e-10,2.2419839179402191e-11,0
4068,1.3458575395457320e-13,-9.1881868786119906e-05,-9.1881381900581996e-05,-4.8688553790912290e-10,2.4057316180313813e-11,0
4069,7.0061330432670544e-10,-2.3594413959512547e-05,-2.3587864120211637e-05,-6.5498393009100566e-09,1.5329627166859430e-11,0
4070,3.8926185500586156e-10,-3.1169901357377733e-05,-3.1167506616975606e-05,-2.3947404021265085e-09,1.7429423441389857e-11,0
4071,7.0047871856908469e-10,6.8287425740027642e-05,6.8278555500532169e-05,8.8702394954729476e-09,1.4663561431867516e-11,0
4072,3.8912726924868035e-10,6.0711978902795922e-05,6.0709490147228168e-05,2.4887555677538509e-09,1.0992844426557596e-11,0
4073,-3.1135144944943346e-10,-7.5754601865573798e-06,-7.5629119656672969e-06,-1.2548220890082859e-08,6.8084840523861463e-12,0
4074,9.2000012089286118e-10,2.2763690369861402e-05,2.2767991519341587e-05,-4.3011494801854571e-09,8.2041648629624824e-11,0
4075,4.3765806311167992e-10,5.2466869587138552e-05,5.2463061441535361e-05,3.8081456031917229e-09,8.6479401671693629e-11,0
4076,4.3779264886856676e-10,-3.9415064766994828e-05,-3.9405822332761970e-05,-9.2424342328580760e-09,6.1009187048409641e-11,0
4077,1.1382713669759637e-09,2.8872174128724234e-05,2.8871563324154900e-05,6.1080456933431553e-10,6.4208336099155264e-11,0
4078,8.2691991754336088e-10,2.1296884991543232e-05,2.1298596815603873e-05,-1.7118240606416621e-09,4.5177931652614148e-11,0
4080,3.6726264658571695e-10,6.1088835130885394e-06,6.0952305187306299e-06,1.3652994357909459e-08,2.8478234169064127e-11,0
4081,-4.7958384483414482e-11,-1.4664800869161197e-06,-1.4671580912932634e-06,6.7800437714363244e-10,1.6732405283519366e-11,0
4083,2.9612465930679513e-10,6.0710637628073015e-05,6.0708955341397173e-05,1.6822866758423277e-09,5.2968772164788092e-11,0
4084,-4.1522103067656041e-10,-7.5753449063162975e-06,-7.5634946923341319e-06,-1.1850213982165588e-08,1.0162256550511767e-11,0
4085,1.2640939432465162e-10,-3.7018849089881620e-05,-3.7027319050426686e-05,8.4699605450660022e-09,4.2378178053470565e-11,0
4086,1.3935853647918721e-10,-3.7019902305889408e-05,-3.7027226982446995e-05,7.3246765575866058e-09,6.4571584189669076e-11,0
4087,1.0046609216780861e-09,-1.1663529105620726e-05,-1.1659806558918274e-05,-3.7225467024519477e-09,1.4170631983911907e-11,0
4088,1.2352910200086486e-09,-5.5510609145541234e-06,-5.5735560510350140e-06,2.2495136480890602e-08,1.3146674751477533e-11,0
4089,1.1104440098887310e-09,-1.3120556788537296e-05,-1.3135990335481121e-05,1.5433546943824486e-08,7.4099315798065803e-12,0
4091,2.3063009954854154e-10,6.1124453516895119e-06,6.0945321923561339e-06,1.7913159333378037e-08,1.3560968873216365e-11,0
4092,1.0578308811484372e-10,-1.4571127008359240e-06,-1.4662915804534288e-06,9.1788796175047965e-09,8.7351472661363490e-12,0
4093,-1.4782477685796301e-09,2.8456251856474966e-05,2.8445110814379147e-05,1.1141042095819120e-08,3.6391017186680701e-11,0
4094,-1.2484701202240462e-10,-7.5695147774205822e-06,-7.5619265295316525e-06,-7.5882478889297090e-09,5.1855374305685002e-12,0
4095,-1.7088778682001338e-09,2.2343846792799698e-05,2.2351864515203389e-05,-8.0177224036911217e-09,2.7901729993846047e-11,0
4096,-1.5840308564045545e-09,2.9913351429094494e-05,2.9907503848222679e-05,5.8475808718148274e-09,1.5362833979441315e-11,0
4097,3.9393793604463713e-10,1.5447585553079145e-05,1.5438731224729486e-05,8.8543283496589657e-09,2.1172415401071762e-11,0
4098,1.6792019967031670e-11,-3.7027610221484694e-05,-3.7027867150470709e-05,2.5692898601438171e-10,2.6817100670932955e-11,0
4099,3.7714591614104089e-10,5.2475277327062100e-05,5.2462630516821568e-05,1.2646810240532654e-08,1.0268537753993720e-10,0
4100,1.6800840409932254e-09,-1.1672271181112186e-05,-1.1656118087903032e-05,-1.6153093209153550e-08,6.0630015709436135e-11,0
4102,2.4788660789380921e-09,-5.5819697838601495e-06,-5.5667600728086969e-06,-1.5209711051452645e-08,3.7878755867393334e-11,0
4103,1.9110896456649960e-09,-1.3137366880798182e-05,-1.3131614985784281e-05,-5.7518950139011875e-09,2.6182168408449309e-11,0
4104,6.0876593403131530e-10,-6.2154880357337405e-05,-6.2172119112556150e-05,1.7238755218744245e-08,6.4555321264681810e-11,0
4105,7.9878203809646302e-10,6.0904004113406310e-06,6.0976629877802670e-06,-7.2625764396360408e-09,2.5809375855997488e-11,0
4107,1.9001610897273647e-10,6.8245248415269022e-05,6.8275762007025234e-05,-3.0513591756212198e-08,4.8574410080240564e-11,0
4108,-3.7776032677986913e-10,6.0689762822275020e-05,6.0705226813025165e-05,-1.5463990750144371e-08,2.2312832398411731e-11,0
4109,-5.6777643452702569e-10,-7.5554244467371072e-06,-7.5643556889311274e-06,8.9312421940201692e-09,8.8101477232183114e-12,0
4110,4.0510672289679067e-10,1.5441318094222556e-05,1.5438793243817641e-05,2.5248504049153286e-09,2.5813312861881287e-11,0
4111,1.7281660312814510e-09,-1.1673038007549617e-05,-1.1655855513196212e-05,-1.7182494353404850e-08,1.4604080981095728e-11,0
4112,2.2205753659713496e-09,-7.3826642503537279e-05,-7.3834915568763218e-05,8.2730652259388471e-09,2.4398767266483204e-11,0
4113,8.1487606806902198e-10,-5.5887916332842628e-06,-5.5758407478578984e-06,-1.2950885426364358e-08,8.6131795463967948e-12,0
4114,1.8394965860786612e-09,-1.3138516330406594e-05,-1.3132001972680066e-05,-6.5143577265274220e-09,6.2095367796694147e-12,0
4115,4.9240933471055885e-10,-6.2153693112529732e-05,-6.2172707207266761e-05,1.9014094737029451e-08,2.1032046396305126e-11,0
4116,-9.1328996320910197e-10,6.0842792019228167e-06,6.0883502244190643e-06,-4.0710224962476038e-09,1.2206171675416316e-11,0
4117,1.1133055477559719e-10,-1.4654985542900557e-06,-1.4662247044383642e-06,7.2615014830852490e-10,9.3917210328739953e-12,0
4118,-1.4056993038450430e-09,6.8237910874980115e-05,6.8267046010673870e-05,-2.9135135693755072e-08,1.3284585983805381e-11,0
4119,-3.8107878328995836e-10,6.0688173626114936e-05,6.0705185196669621e-05,-1.7011570554684868e-08,8.6916089244179526e-12,0
4120,1.0246205176309547e-09,-7.5497336094305055e-06,-7.5556731684619273e-06,5.9395590314217995e-09,4.4847988151376021e-12,0
4121,-3.7192067381769767e-10,5.1200988265096004e-05,5.1216107341282414e-05,-1.5119076186410169e-08,1.0565983126479427e-10,0
4122,4.2134010092122882e-10,1.5433414996974745e-05,1.5438882783039333e-05,-5.4677860645879805e-09,3.3823045611367730e-11,0
4124,-3.5461131725637975e-10,-1.1678750095168479e-05,-1.1667229515153794e-05,-1.1520580014685354e-08,2.3239892012862407e-11,0
4125,-1.0929196004116411e-09,-7.3850200395285739e-05,-7.3852994699261080e-05,2.7943039753402068e-09,4.6234096043461534e-11,0
4126,-4.0913529234939841e-09,-5.5930647198708730e-06,-5.6026277038856574e-06,9.5629840147843902e-09,1.8809786128092337e-11,0
4127,-7.1590585252297819e-10,-1.3145270632713285e-05,-1.3145953292883106e-05,6.8266016982083261e-10,1.1255315200837500e-11,0
4128,-7.3830827119536279e-10,-6.2171599859427509e-05,-6.2179384418473821e-05,7.7845590463121103e-09,2.9809718784248159e-11,0
4129,-3.7367415747157002e-09,6.0856656297069182e-06,6.0729654280947513e-06,1.2700201612166900e-08,1.6121821770632807e-11,0
4130,-3.6129453096109921e-10,-1.4665581459449243e-06,-1.4687865449497811e-06,2.2283990048568373e-09,9.0652222442269325e-12,0
4131,-2.9984333354482856e-09,6.8257239902353578e-05,6.8258346435301178e-05,-1.1065329475997473e-09,2.0217534098755698e-11,0
4132,3.7701375221931295e-10,6.0705033903060354e-05,6.0709303423944659e-05,-4.2695208843045976e-09,1.1041771266504450e-11,0
4134,-2.0284163819838177e-09,-1.1689193088014818e-05,-1.1676370128333682e-05,-1.2822959681135687e-08,2.4849006291299445e-11,0
4135,-3.2652912337685198e-09,1.8016923642005800e-05,1.8008441463353267e-05,8.4821786525325236e-09,3.5963909285623565e-11,0
4136,-3.2648983647156978e-09,-7.3865906732772414e-05,-7.3864839797021782e-05,-1.0669357506320164e-09,4.1277222983361234e-11,0
4137,-1.2368748450896234e-09,2.9705958995727109e-05,2.9693621519825991e-05,1.2337475901118928e-08,2.6849836859126730e-11,0
4138,-1.2364819759752185e-09,-6.2176907208765300e-05,-6.2182060566006483e-05,5.1533572411829615e-09,2.2498240104222394e-11,0
4139,3.9286908371809308e-13,-9.1882879336892051e-05,-9.1881375526407940e-05,-1.5038104841106270e-09,1.9781178204260659e-11,0
4140,2.7458862067775842e-11,1.4178596882597275e-05,1.4189605332274372e-05,-1.1008449677096991e-08,7.2362898063778613e-11,0
4141,1.7157009798401044e-10,1.4236885991189205e-05,1.4190637512988265e-05,4.6248478200940321e-08,3.6657361124227543e-11,0
4142,-6.5845677960399136e-10,2.9701709453284347e-05,2.9696814534593171e-05,4.8949186911764883e-09,2.6630645597992853e-11,0
4143,-6.5824922050853256e-10,-6.2180037965056884e-05,-6.2178851579458995e-05,-1.1863855978893646e-09,1.6684029218314008e-11,0
4144,-1.8311545950478651e-10,6.1035443957944274e-06,6.0924461199292269e-06,1.1098275865200510e-08,1.0937577312941692e-11,0
4145,-1.6150565909431963e-10,-1.4673974873882778e-06,-1.4676535920414285e-06,2.5610465315073779e-10,7.3889809671270989e-12,0
4146,2.0755909343846450e-13,-9.1881838004662187e-05,-9.1881375652413442e-05,-4.6235224874483123e-10,1.5539692891337218e-11,0
4147,4.7534131982775103e-10,-2.3598276921774520e-05,-2.3588748216356245e-05,-9.5287054182749485e-09,1.1252615361797579e-11,0
4148,4.9695112045921351e-10,-3.1169242760522567e-05,-3.1166975376857332e-05,-2.2673836652350229e-09,8.6212583141444534e-12,0
4149,4.7513376074278368e-10,6.8283537108350509e-05,6.8277311813684678e-05,6.2252946658302583e-09,1.2658384503253133e-11,0
4150,4.9674356137023970e-10,6.0712626693653769e-05,6.0709909787699073e-05,2.7169059546965622e-09,7.3120026306482302e-12,0
4151,2.1609800675386835e-11,-7.5709502737707343e-06,-7.5611904111886399e-06,-9.7598625820943607e-09,3.5043917211453444e-12,0
4153,-7.3008095708108785e-11,5.2418546596509630e-05,5.2460044264828561e-05,-4.1497668318930727e-08,8.3708076077406517e-11,0
4154,-7.2800536615209515e-11,-3.9463475959962413e-05,-3.9408830165750155e-05,-5.4645794212258164e-08,4.9228039366033579e-11,0
4155,4.0233322681844329e-10,2.8820041402585067e-05,2.8866969365391377e-05,-4.6927962806310068e-08,9.6951979584468253e-11,0
4156,4.2394302523884790e-10,2.1249125694171311e-05,2.1295983035130740e-05,-4.6857340959428472e-08,4.5245285366197553e-11,0
4157,9.0930306307867684e-10,-1.4245998460393761e-05,-1.4255970889561692e-05,9.9724291679316397e-09,5.3361662564949870e-11,0
4158,5.0350786837749203e-10,1.5442857739986736e-05,1.5439335798262161e-05,3.5219417245747680e-09,5.1372057060636395e-11,0
4160,7.3738017091684743e-10,-8.1445715277902314e-06,-8.1562777349393130e-06,1.1706207149081606e-08,4.3734655090014013e-11,0
4161,8.1660785898341521e-10,-1.5719425849757126e-05,-1.5726711270775691e-05,7.2854210185647062e-09,3.0580673995352312e-11,0
4162,-4.0579519486196479e-10,2.9688794974140273e-05,2.9698216512179163e-05,-9.4215380388900966e-09,2.4668319365111993e-11,0
4163,-4.0564583181624753e-10,-6.2191593874176901e-05,-6.2177438923788155e-05,-1.4154950388745838e-08,4.6131182606695139e-11,0
4164,-1.7192289199706007e-10,6.1014835953335927e-06,6.0925330707542053e-06,8.9505245793874028e-09,1.4716143993148643e-11,0
4165,-9.2695204121569931e-11,-1.4733653488862263e-06,-1.4672632734830970e-06,-6.1020754031292820e-09,6.7767686205128445e-12,0
4166,1.4936304611251560e-13,-9.1880349636652809e-05,-9.1881375396613083e-05,1.0257599602749240e-09,2.3225964562977674e-11,0
4167,2.3387230225116806e-10,-2.3587378573889078e-05,-2.3590032934556398e-05,2.6543606673201116e-09,1.4710691411413165e-11,0
4168,3.1309999048888436e-10,-3.1162189470445786e-05,-3.1167984958370197e-05,5.7954879244105184e-09,1.3388131200928021e-11,0
4169,2.3372293920315677e-10,6.8293014225532730e-05,6.8275992191532689e-05,1.7022034000041607e-08,3.5763071677556193e-11,0
4170,3.1295062743912984e-10,6.0718103309998113e-05,6.0708889619803925e-05,9.2136901941875502e-09,1.9948595534871815e-11,0
4171,7.9227688153689076e-11,-7.5748174416718529e-06,-7.5608852472790451e-06,-1.3932194392807808e-08,7.8018059413061011e-12,0
4172,6.3839382208345648e-10,-8.1532753869842682e-06,-8.1568143932728687e-06,3.5390062886005212e-09,2.8963838797408940e-11,0
4173,2.5333714975372506e-10,6.0757579102281578e-05,6.0708545309056193e-05,4.9033793225385254e-08,6.0030667389663321e-11,0
4175,-2.8060459430420311e-10,2.9703235968077282e-05,2.9698941274876713e-05,4.2946932005691676e-09,2.7069266023729892e-11,0
4176,2.6292919172218668e-10,6.1225985995769228e-06,6.0949556095617246e-06,2.7642990015198148e-08,1.4869007752456937e-11,0
4177,5.4353378604801591e-10,-2.3580730203462408e-05,-2.3588279042589177e-05,7.5488391267696593e-09,1.7387418752886510e-11,0
4178,-2.5413075211111250e-11,1.4185302922973056e-05,1.4190643523228633e-05,-5.3406002555774477e-09,1.8933824395724239e-11,0
4179,-4.4819200870313320e-10,2.9703368187901401e-05,2.9698059710536468e-05,5.3084773649330480e-09,3.3443396538955647e-11,0
4180,-4.4807279602266219e-10,-6.2178619507251027e-05,-6.2177558874206555e-05,-1.0606330444723044e-09,1.9921195183448474e-11,0
4181,2.5688089940505890e-10,6.1077332960046346e-06,6.0949617062440267e-06,1.2771589760607921e-08,1.2588596201138958e-11,0
4182,-8.4511667574163124e-11,-1.4667873137994307e-06,-1.4671696161124424e-06,3.8230231301170171e-10,1.1275672383204928e-11,0
4183,1.1921267593034242e-13,-9.1881969553384298e-05,-9.1881373630306974e-05,-5.9592307732328140e-10,2.4722442639284563e-11,0
4184,7.0507290812761761e-10,-2.3595654481273383e-05,-2.3587345468595374e-05,-8.3090126780088617e-09,1.3677019610823737e-11,0
4185,3.6368034115051491e-10,-3.1170170946702176e-05,-3.1167727505737484e-05,-2.4434409646911163e-09,1.1235281253792078e-11,0
4186,7.0495369544580687e-10,6.8286276764830539e-05,6.8278561253846119e-05,7.7155109844205105e-09,1.5493206520640979e-11,0
4187,3.6356112847556254e-10,6.0711796321230279e-05,6.0709110529914225e-05,2.6857913160532030e-09,1.0967061151750373e-11,0
4188,-3.4139256703892938e-10,-7.5744731036385057e-06,-7.5632141788664133e-06,-1.1258924772092419e-08,4.9016964675643281e-12,0
4190,4.5156659466060087e-10,5.2465639752919714e-05,5.2462811148087636e-05,2.8286048320779432e-09,8.5139991559827946e-11,0
4191,4.5168580733355777e-10,-3.9416353851014913e-05,-3.9406059935008340e-05,-1.0293916006572220e-08,6.5296490045195895e-11,0
4192,1.1566395021533328e-09,2.8869664738061847e-05,2.8870842419213648e-05,-1.1776811518000765e-09,5.1909066957500678e-11,0
4193,8.1524693510535629e-10,2.1295336121288956e-05,2.1297943052458813e-05,-2.6069311698568198e-09,4.4688185343745090e-11,0
4194,6.9228587608227869e-10,-1.4259206925867907e-05,-1.4257241544060307e-05,-1.9653818075991534e-09,4.0213216331356757e-11,0
4196,7.8612965648805167e-10,-8.1376441212954384e-06,-8.1559893028009610e-06,1.8345181505522595e-08,4.2170359777191402e-11,0
4197,6.2307741213413221e-10,-1.5727669172482285e-05,-1.5727784213603324e-05,1.1504112103850796e-10,2.3057334610865526e-11,0
4198,-3.6388167812018292e-10,-6.2183367871629369e-05,-6.2177048166987649e-05,-6.3197046417203711e-09,6.5509961458490108e-11,0
4199,9.3843780262792935e-11,6.1215269598945479e-06,6.0941110018002482e-06,2.7415958094299773e-08,3.0581359244840778e-11,0
4200,-6.9208463987839687e-11,-1.4683916200056504e-06,-1.4670637223419432e-06,-1.3278976637072447e-09,2.0615899018478546e-11,0
4201,4.5772545843608123e-10,6.8305023333528961e-05,6.8277209177013842e-05,2.7814156515118928e-08,7.3864320192268223e-11,0
4202,2.9467321439178477e-10,6.0714983625361624e-05,6.0708709045465769e-05,6.2745798958547118e-09,3.3406146562749113e-11,0
4203,-1.6305224438416930e-10,-7.5899657266389683e-06,-7.5622548241445513e-06,-2.7710902494417066e-08,1.4403848563866699e-11,0
4204,-5.6880881463534489e-10,-1.2587358789294817e-06,-1.2577011558504803e-06,-1.0347230790014230e-09,1.3236292768340639e-11,0
4205,5.6966543373697026e-10,5.2480412358283518e-05,5.2463414387465032e-05,1.6997970818486297e-08,4.0053501343308839e-11,0
4206,8.5661834086434377e-13,5.1221570786223573e-05,5.1220547911917830e-05,1.0228743057435715e-09,3.2664114673012102e-11,0
4207,-6.0992904854247693e-12,-3.7038478444864978e-05,-3.7027642439026378e-05,-1.0836005838599911e-08,3.2971162041016483e-11,0
4208,-1.1248251626622365e-10,1.4177341414853620e-05,1.4191016596834064e-05,-1.3675181980444067e-08,3.0017030334017917e-11,0
4209,-1.0638322593113683e-10,5.1215713812823374e-05,5.1220275158120607e-05,-4.5613452972329579e-09,7.5397077155133684e-11,0
4210,-4.3988024804366368e-10,2.9699899952939646e-05,2.9698179607536410e-05,1.7203454032358833e-09,3.1193727498535910e-11,0
4211,-4.3974713773926807e-10,-6.2181038382833932e-05,-6.2177401994307428e-05,-3.6363885265043756e-09,4.4752939505819404e-11,0
4212,8.6885255430078424e-11,6.1132440036248958e-06,6.0941200552685368e-06,1.9123948356359046e-08,1.7739558333175899e-11,0
4213,-9.0038910398320356e-11,-1.4675504563072764e-06,-1.4671509770321011e-06,-3.9947927517532189e-10,1.1924194996400589e-11,0
4214,1.3311030702625852e-13,-9.1881016128454458e-05,-9.1881371629134960e-05,3.5550068050200102e-10,4.0068092645057007e-11,0
4215,5.2676550348037395e-10,-2.3586715283326412e-05,-2.3588205287830604e-05,1.4900045041917661e-09,2.5812582148467469e-11,0
4216,3.4984133788771849e-10,-3.1167488687626303e-05,-3.1167821790607462e-05,3.3310298115874154e-10,1.4886233491487759e-11,0
4217,5.2663239317193900e-10,6.8294231025188556e-05,6.8277583139148457e-05,1.6647886040099640e-08,5.3643124300350116e-11,0
4218,3.4970822758366517e-10,6.0713492145648886e-05,6.0708979569938912e-05,4.5125757099738072e-09,2.0838220990558179e-11,0
4219,-1.7692416596541884e-10,-7.5807861211118696e-06,-7.5623478600612811e-06,-1.8438261050588503e-08,7.4218284520672059e-12,0
4220,9.2429167809077999e-11,-3.7021766110220168e-05,-3.7027076253794271e-05,5.3101435741026545e-09,6.5384103493222526e-11,0
4221,1.1817853990993729e-12,1.4193445744818678e-05,1.4191896930580992e-05,1.5488142376860706e-09,3.4625415895823644e-11,0
4225,1.7111323685681556e-09,-1.1673521964139576e-05,-1.1655948533659096e-05,-1.7573430480479459e-08,1.3815741510446447e-11,0
4226,2.1143934949786403e-09,-7.3826180695615515e-05,-7.3835322763751747e-05,9.1420681362327279e-09,2.6741495707303818e-11,0
4227,7.8617616672167682e-10,-5.5890394638309290e-06,-5.5759334778271408e-06,-1.3105986003788183e-08,8.6787669480968497e-12,0
4228,1.8068268764122362e-09,-1.3138873457372614e-05,-1.3132140181681557e-05,-6.7332756910568888e-09,6.0254083227390477e-12,0
4229,4.0326112624688891e-10,-6.2152779212364118e-05,-6.2172716180983591e-05,1.9936968619473170e-08,2.0476107893021415e-11,0
4230,-9.2495620180874602e-10,6.0844702023002233e-06,6.0886583428243288e-06,-4.1881405241055164e-09,1.0782184270532135e-11,0
4231,9.5694507843141675e-11,-1.4653789228076010e-06,-1.4661006855262129e-06,7.2176271861196107e-10,9.0049435320239470e-12,0
4232,-1.3282173334935596e-09,6.8237191124425819e-05,6.8267450669528458e-05,-3.0259545102638845e-08,1.2992429900635700e-11,0
4233,-3.0756662146444582e-10,6.0687355741122564e-05,6.0705349417455638e-05,-1.7993676333073695e-08,8.9170390205518677e-12,0
4234,1.0206507089112432e-09,-7.5498511644478752e-06,-7.5558314101338633e-06,5.9802456859881016e-09,4.5312294359368721e-12,0
4235,3.4877671332679747e-10,1.5445284866022913e-05,1.5438500264861854e-05,6.7846011610591056e-09,2.2943579263476291e-11,0
4236,-4.8817240933178311e-11,-3.7029523810541004e-05,-3.7027780413557301e-05,-1.7433969837031939e-09,2.9110324463385917e-11,0
4237,9.0453207188972931e-11,1.4203928088734729e-05,1.4193004632366189e-05,1.0923456368539520e-08,3.8098411907621882e-11,0
4239,3.9759395441735642e-10,5.2474779013701039e-05,5.2462363150340603e-05,1.2415863360436795e-08,8.7178555172059308e-11,0
4240,1.3927044821111262e-10,5.1233520312835706e-05,5.1222452538492375e-05,1.1067774343331230e-08,7.1458189168361834e-11,0
4241,-3.9922416695232599e-10,-1.1679693356692056e-05,-1.1667473144959031e-05,-1.2220211733025076e-08,2.1085689551912277e-11,0
4242,-1.5128590091138871e-09,-7.3851348497676675e-05,-7.3855114486115416e-05,3.7659884387407708e-09,5.5195273157263312e-11,0
4243,-4.1265184035849096e-09,-5.5935677194017888e-06,-5.6027554341268083e-06,9.1877147250195030e-09,2.0655917764607512e-11,0
4244,-8.2140302427709213e-10,-1.3146212925648805e-05,-1.3146489017543543e-05,2.7609189473827415e-10,1.3196561613401514e-11,0
4245,-1.1136348259382998e-09,-6.2171820862690075e-05,-6.2180953905359912e-05,9.1330426698368839e-09,3.2124641835884361e-11,0
4246,-3.7272942026630910e-09,6.0860913473487210e-06,6.0733906375612042e-06,1.2700709787516845e-08,1.4379562763612518e-11,0
4247,-4.2217885192579933e-10,-1.4665173101986815e-06,-1.4689086177320301e-06,2.3913075333485756e-09,8.3427317234637896e-12,0
4248,-2.6136594018028253e-09,6.8257815151016518e-05,6.8260429119993947e-05,-2.6139689774290530e-09,2.2911732343060454e-11,0
4249,6.9145598898733658e-10,6.0705230118893866e-05,6.0710782216562166e-05,-5.5520976683002903e-09,1.4080435158962864e-11,0
4250,3.3051153431155751e-09,-7.5526123070684091e-06,-7.5433691473649827e-06,-9.2431597034263658e-09,6.7716360489814698e-12,0
4251,4.2582424940761512e-10,1.5435643231687807e-05,1.5438922183860772e-05,-3.2789521729653160e-09,5.0488545805168501e-11,0
4252,-2.0183404109083827e-09,-1.1692738747648770e-05,-1.1676315103674030e-05,-1.6423643974739963e-08,1.7461636566333822e-11,0
4253,-3.3260658352675185e-09,-7.3869572650505852e-05,-7.3864995706863921e-05,-4.5769436419313640e-09,2.8968902641718254e-11,0
4254,-2.7690871863418910e-09,-5.5983793375621177e-06,-5.5953348728502287e-06,-3.0444647118889990e-09,1.0530162164740502e-11,0
4255,-2.3740366710922453e-09,-1.3159603725753852e-05,-1.3154963105558370e-05,-4.6406201954819624e-09,7.7723158412153905e-12,0
4256,-1.3077254178588230e-09,-6.2176954242790412e-05,-6.2181956644103377e-05,5.0024013129647835e-09,1.7904617049132645e-11,0
4257,-7.5074677983451564e-10,6.0943799248041816e-06,6.0896899950712928e-06,4.6899297328888303e-09,1.0555715072042893e-11,0
4258,-3.5569625875735889e-10,-1.4669052610772704e-06,-1.4685204980188779e-06,1.6152369416074720e-09,8.0941025386485692e-12,0
4259,5.5697864187726656e-10,6.8271317549138850e-05,6.8277741695505208e-05,-6.4241463663576104e-09,1.2968605546768260e-11,0
4260,9.5202916088811617e-10,6.0710039958242722e-05,6.0712176812016272e-05,-2.1368537735504145e-09,8.5412800429658186e-12,0
4261,3.9505052237015797e-10,-7.5612280853757860e-06,-7.5592772907107278e-06,-1.9507946650582509e-09,4.1056660848524949e-12,0
4262,-9.4938281502783712e-12,5.2411265890305037e-05,5.2460089041935950e-05,-4.8823151630913422e-08,9.5197348079230137e-11,0
4263,6.0099493434180023e-11,-3.7030062029460523e-05,-3.7027088491544370e-05,-2.9735379161532167e-09,3.6604460420329086e-11,0
4264,1.0164170036320055e-09,-1.1664654957162929e-05,-1.1659742359209530e-05,-4.9125979533986923e-09,1.7327679423532782e-11,0
4265,1.2628781292398504e-09,-5.5692689748011726e-06,-5.5733062739235470e-06,4.0372991223744210e-09,1.7814434391984192e-11,0
4266,1.1316288120681501e-09,-1.3122976094176800e-05,-1.3135812383395362e-05,1.2836289218562386e-08,9.8045841263967415e-12,0
4267,-3.8667722932624611e-10,1.6818915451462940e-05,1.6773382261379658e-05,4.5533190083282122e-08,3.5525747083110526e-11,0
4268,2.4646112679249635e-10,6.0953525309413031e-06,6.0951945431125528e-06,1.5798782875034955e-10,1.1888236655748466e-11,0
4269,1.1521180837011795e-10,-1.4583868927688787e-06,-1.4659157543631527e-06,7.5288615942739875e-09,7.4129069276738553e-12,0
4270,-1.4030942315591848e-09,2.8483545758794214e-05,2.8452591244185282e-05,3.0954514608932157e-08,4.6511431897837555e-11,0
4271,-1.3124931882534199e-10,-7.5536946871598886e-06,-7.5621730048033541e-06,8.4783176434655356e-09,4.0837853278060814e-12,0
4272,-1.6495553582786031e-09,2.2388251861723022e-05,2.2359023594709571e-05,2.9228267013451536e-08,2.7190375148555856e-11,0
4273,-1.5183060395620950e-09,2.9941967589801593e-05,2.9913975083154471e-05,2.7992506647121432e-08,1.5013010146224385e-11,0
4274,1.1466311254649656e-13,-9.1879186115156184e-05,-9.1881367175088765e-05,2.1810599325813298e-09,5.3451305042572244e-11,0
4275,1.6666707094394114e-10,-3.6988987668760964e-05,-3.7026475800832687e-05,3.7488132071723150e-08,6.2667126583286496e-11,0
4276,-1.9014086654633077e-10,-1.1704575124941996e-05,-1.1666331345587252e-05,-3.8243779354743752e-08,2.0077241826838907e-11,0
4277,1.0220612010188686e-10,-5.5872688467665035e-06,-5.5796380321608971e-06,-7.6308146056064394e-09,2.5583688826078785e-11,0
4278,-2.2069808018124688e-10,-1.3170990149876868e-05,-1.3143193236459258e-05,-2.7796913417610215e-08,1.1145747976573177e-11,0
4279,2.9234698670906406e-10,6.1172697101898738e-06,6.0954837396199857e-06,2.1785970569888086e-08,1.9777875794256837e-11,0
4280,-3.0557213792474734e-11,-1.4663541141799448e-06,-1.4666900486116899e-06,3.3593443174511678e-10,9.0243656138214414e-12,0
4281,-3.2290420033531290e-10,-7.5835976225784030e-06,-7.5632338101839183e-06,-2.0363812394484700e-08,9.7259671158049948e-12,0
4282,3.1045214561298322e-10,1.5418275763030148e-05,1.5438296859761467e-05,-2.0021096731319030e-08,5.5749304923743784e-11,0
4284,6.3321702499730798e-14,-9.1880782018785402e-05,-9.1881366365040529e-05,5.8434625512654697e-10,6.0198021094273320e-11,0
4285,7.9131600287239624e-10,-1.4252963597241467e-05,-1.4256923980301722e-05,3.9603830602548038e-09,2.1096819946975173e-11,0
4286,3.8312419929542421e-10,1.5441795478285392e-05,1.5438694765188621e-05,3.1007130967705102e-09,1.8145004945289553e-11,0
4287,3.8325850027739721e-10,-7.6438404325680429e-05,-7.6424484924070285e-05,-1.3919401610143619e-08,4.2010986567975366e-11,0
4288,7.0655161431043118e-10,-1.5722480076168187e-05,-1.5727370326046250e-05,4.8902498780634064e-09,9.8732942908835285e-12,0
4289,-4.0819180355200130e-10,2.9694724167883893e-05,2.9698596177721888e-05,-3.8720098379947643e-09,3.0104944033274357e-11,0
4290,-4.0805750257315454e-10,-6.2185405466470486e-05,-6.2176864789416003e-05,-8.5406770544829225e-09,3.6165782619611171e-11,0
4291,-8.4764388554266716e-11,-1.4695647484849923e-06,-1.4669625973400563e-06,-2.6021511449360765e-09,1.0016461657355089e-11,0
4292,1.3430098189625490e-13,-9.1880134856194877e-05,-9.1881365329985823e-05,1.2304737909466477e-09,2.5461463017134658e-11,0
4293,3.2342741512402198e-10,-3.1164271875157995e-05,-3.1168027190135035e-05,3.7553149770399815e-09,8.7717677321884606e-12,0
4294,3.2329311414439870e-10,6.0715832921587852e-05,6.0708654541710175e-05,7.1783798776770490e-09,1.2330849700190066e-11,0
4295,-2.3653234298809602e-10,5.1199889750639521e-05,5.1222220476590474e-05,-2.2330725950953036e-08,7.3259144249638971e-11,0
4296,9.3427517426907066e-10,-1.4239873571229335e-05,-1.4256158315619690e-05,1.6284744390355016e-08,4.9556201959462075e-11,0
4297,5.1981670310989992e-10,1.5444488385028474e-05,1.5439442037425983e-05,5.0463476024907692e-09,3.1022855501109208e-11,0
4299,8.0180391065443129e-10,-8.1400319669962294e-06,-8.1558418258394523e-06,1.5809858843222882e-08,2.3527606014789065e-11,0
4300,8.4320120358124591e-10,-1.5715774274664696e-05,-1.5726626911299869e-05,1.0852636635172962e-08,1.8349595432383916e-11,0
4301,-4.1445847137172921e-10,2.9684342313570158e-05,2.9698581076761733e-05,-1.4238763191574196e-08,2.9443262763559192e-11,0
4302,-4.1430719712182002e-10,-6.2195555721511475e-05,-6.2176870325976363e-05,-1.8685395535112206e-08,4.1956176890120203e-11,0
4303,-1.3247126331705140e-10,6.0998625846780258e-06,6.0932277481870382e-06,6.6348364909875384e-09,1.7367096622208554e-11,0
4304,-9.1073970720396358e-11,-1.4759242869628528e-06,-1.4669845239750982e-06,-8.9397629877546166e-09,7.7955826551253202e-12,0
4305,1.5127424525231529e-13,-9.1879962404206681e-05,-9.1881364743197474e-05,1.4023389907934008e-09,2.3071369214855614e-11,0
4306,2.8198720739092651e-10,-2.3584477528316907e-05,-2.3589140462829513e-05,4.6629345126054326e-09,8.5234130670301165e-12,0
4307,3.2338450041415368e-10,-3.1160255436187521e-05,-3.1168032226268512e-05,7.7767900809907857e-09,7.4877302848572502e-12,0
4308,2.8183593314271448e-10,6.8295446590429902e-05,6.8276231132261938e-05,1.9215458167963799e-08,2.8697528403961452e-11,0
4309,3.2323322616733514e-10,6.0719632391909549e-05,6.0708640020168274e-05,1.0992371741274894e-08,1.9445434251992100e-11,0
4310,4.1397292887219089e-11,-7.5757607008852118e-06,-7.5612678481330792e-06,-1.4492852752132582e-08,4.1354129126544042e-12,0
4311,-1.2608875567788125e-10,2.9709086728326502e-05,2.9700187726157221e-05,8.8990021692816651e-09,1.9555395975606721e-11,0
4312,-1.2605098900977473e-10,-6.2173018351531668e-05,-6.2175248510261448e-05,2.2301587297799547e-09,1.4185982160678536e-11,0
4313,5.1121195982551388e-14,-1.4651041805967399e-06,-1.4664660087291980e-06,1.3618281324580799e-09,5.7316287399633458e-12,0
4314,-6.9940058752224399e-10,2.8456070747830283e-05,2.8458148233942500e-05,-2.0774861122168460e-09,2.0084154232278074e-11,0
4315,3.7766668116843932e-14,-9.1882136046676351e-05,-9.1881364539563693e-05,-7.7150711265806891e-10,9.5906581984111198e-12,0
4316,1.2613987677813821e-10,-3.1174225636852650e-05,-3.1169117377844992e-05,-5.1082590076586155e-09,4.8278786756896888e-12,0
4317,-5.7331183156037318e-10,-1.2530000476286725e-06,-1.2534894667429170e-06,4.8941911424450497e-10,1.3720340893791556e-11,0
4318,1.2610211011006840e-10,6.0707908813600019e-05,6.0707539833924585e-05,3.6897967543365233e-10,4.6584692866960915e-12,0
4319,-5.7334959823042551e-10,9.0629148216010702e-05,9.0623761364120732e-05,5.3868518899697184e-09,1.4376646631713405e-11,0
4320,6.8743480601060210e-10,2.2769520237323013e-05,2.2765026979913356e-05,4.4932574096574448e-09,4.6724225194551734e-11,0
4321,5.6134605018680335e-10,5.2478601626899241e-05,5.2463038272128863e-05,1.5563354770377477e-08,3.8614917935567023e-11,0
4322,5.6138381685294435e-10,-3.9403485340356800e-05,-3.9405818674176647e-05,2.3333338198470695e-09,2.0165714514416848e-11,0
4323,6.8748592719131995e-10,2.1304456242893059e-05,2.1296571906444214e-05,7.8843364488456118e-09,1.7113205278517178e-11,0
4324,-1.1965782032210615e-11,5.1225594113613569e-05,5.1223883035607330e-05,1.7110780062393237e-09,3.0873810532923784e-11,0
4325,-6.9945170859216689e-10,2.9921209093473520e-05,2.9919928766283380e-05,1.2803271901400408e-09,6.5364589464663163e-12,0
4326,-4.0222513811883136e-10,2.9703933912126354e-05,2.9698707444096853e-05,5.2264680295007284e-09,2.7696687308741860e-11,0
4327,-4.0212628475363101e-10,-6.2178232125168371e-05,-6.2176714741080959e-05,-1.5173840874115399e-09,2.2140764346396621e-11,0
4328,3.0065643017629493e-10,6.1070834003326344e-06,6.0956623512293717e-06,1.1421049103262659e-08,1.6472277666992381e-11,0
4329,-7.3608204165203777e-11,-1.4665947245626632e-06,-1.4668501140198820e-06,2.5538945721872964e-10,1.1492699955301351e-11,0
4330,9.8853367959565050e-14,-9.1882145969224743e-05,-9.1881363490380722e-05,-7.8247884402113648e-10,1.8018086046028433e-11,0
4331,7.0288156826992695e-10,-2.3596897345189334e-05,-2.3586750904143553e-05,-1.0146441045780783e-08,1.1291458123405780e-11,0
4332,3.2861693392862775e-10,-3.1170497743829837e-05,-3.1168018609322420e-05,-2.4791345074170871e-09,8.5597091896625341e-12,0
4333,7.0278271491126381e-10,6.8285212130776013e-05,6.8278526471309066e-05,6.6856594669472856e-09,1.1429059727712137e-11,0
4334,3.2851808056976236e-10,6.0711620083432594e-05,6.0708624665607607e-05,2.9954178249876561e-09,7.6468135305306481e-12,0
4335,-3.7426463434035627e-10,-7.5735955652207060e-06,-7.5635632217787843e-06,-1.0032343441921673e-08,3.9814784166654453e-12,0
4336,8.6039571046335035e-10,2.2759865650515479e-05,2.2765903735452389e-05,-6.0380849369100296e-09,8.1294122562391994e-11,0
4337,4.5817057348004410e-10,5.2463791813693594e-05,5.2462446888013906e-05,1.3449256796885744e-09,6.5858076140972082e-11,0
4338,4.5826942684585062e-10,-3.9418286428016119e-05,-3.9406408630429714e-05,-1.1877797586405648e-08,3.8769691045763982e-11,0
4339,1.1610521408803274e-09,2.8866816953485117e-05,2.8869858841937510e-05,-3.0418884523928053e-09,4.1691290004936919e-11,0
4340,7.8678750654873117e-10,2.1293266076223907e-05,2.1297063651690374e-05,-3.7975754664661913e-09,3.4293898192957042e-11,0
4341,1.0077731305335855e-10,1.4216334115640591e-05,1.4196202839909397e-05,2.0131275731194497e-08,3.6625169914472792e-11,0
4342,1.6973780722904845e-09,-1.1674120006795771e-05,-1.1656023645572953e-05,-1.8096361222817646e-08,1.5627549853796563e-11,0
4343,2.0138902791429114e-09,-7.3825822202938998e-05,-7.3835699066477151e-05,9.8768635381523600e-09,3.0311817635447209e-11,0
4344,7.7011494631971481e-10,-5.5893218752784551e-06,-5.5759572322498861e-06,-1.3364643028569061e-08,9.4372017566831399e-12,0
4345,1.7785512939717981e-09,-1.3139429844506029e-05,-1.3132254422097084e-05,-7.1754224089446534e-09,6.6405222567707772e-12,0
4346,3.1651220654856361e-10,-6.2151827585755007e-05,-6.2172712380890348e-05,2.0884795135341560e-08,2.2093617177793117e-11,0
4347,-9.2726312582335948e-10,6.0847886080893712e-06,6.0890173165163921e-06,-4.2287084270209175e-09,1.2895072778113004e-11,0
4348,8.1173221586684267e-11,-1.4653424893634488e-06,-1.4659707229515127e-06,6.2823358806392182e-10,9.7657463005623996e-12,0
4349,-1.2437753373880254e-09,6.8236532330148009e-05,6.8267893349634694e-05,-3.1361019486685201e-08,1.3643322728478723e-11,0
4350,-2.3533898773387231e-10,6.0686436613341735e-05,6.0705506786616716e-05,-1.9070173274981269e-08,9.1134624542235665e-12,0
4351,1.0084363464487469e-09,-7.5500890255406766e-06,-7.5560345812130620e-06,5.9455556723853344e-09,4.5824871053677581e-12,0
4352,-6.6046068292157090e-11,-3.7058649598116153e-05,-3.7027496135153878e-05,-3.1153462962274926e-08,3.3186235153834574e-11,0
4353,-1.8338743848126214e-10,1.4161105240519806e-05,1.4195001983999538e-05,-3.3896743479732723e-08,2.9856697066218717e-11,0
4354,-1.1734137037786811e-10,5.1219665110493508e-05,5.1224369549034104e-05,-4.7044385405962670e-09,7.3151496812189281e-11,0
4355,-4.2838081438003789e-10,-1.1680925504388429e-05,-1.1667632368778683e-05,-1.3293135609745692e-08,2.4501480469861979e-11,0
4356,-1.8984158535733819e-09,-7.3853128834590592e-05,-7.3857047223029192e-05,3.9183884386007279e-09,6.3987976583415189e-11,0
4357,-4.1050724361856165e-09,-5.5942951755396514e-06,-5.6025742745774927e-06,8.2790990378412823e-09,2.1046627210581277e-11,0
4358,-9.0516911923281883e-10,-1.3147459811595728e-05,-1.3146906235150045e-05,-5.5357644568310421e-10,1.4276923184358607e-11,0
4359,-1.4700350185242949e-09,-6.2172178747027691e-05,-6.2182422007715660e-05,1.0243260687968774e-08,2.7195990694030088e-11,0
4360,-3.6766915864045737e-09,6.0866972659166449e-06,6.0740390605605025e-06,1.2658205356142423e-08,1.8547913754004251e-11,0
4361,-4.7678829907187724e-10,-1.4664975087759187e-06,-1.4689972876923864e-06,2.4997789164676439e-09,9.6704453158040166e-12,0
4362,-2.2066565850194965e-09,6.8258791343870501e-05,6.8262633272346879e-05,-3.8419284763784424e-09,2.0993195933127200e-11,0
4363,9.9324673755066507e-10,6.0705640320624955e-05,6.0712192898607478e-05,-6.5525779825229545e-09,1.1447484459437721e-11,0
4364,3.1999032746939393e-09,-7.5531677954029930e-06,-7.5440803647448238e-06,-9.0874306581691428e-09,6.9153167200358240e-12,0
4365,3.6723477546269942e-11,-3.7024348890768357e-05,-3.7026906529032234e-05,2.5576382638774968e-09,7.6179910283546168e-11,0
4366,-6.4084815273934852e-11,1.4195122554346712e-05,1.4195915512345044e-05,-7.9295799833233017e-10,3.6809853848203155e-11,0
4367,-1.0080829284188480e-10,5.1219315060120271e-05,5.1224708770066288e-05,-5.3937099460171431e-09,9.9532127592907319e-11,0
4368,-2.0046187095407219e-09,-1.1698315475256252e-05,-1.1676240169760269e-05,-2.2075305495982537e-08,2.2638878476180498e-11,0
4369,-3.3717924052378577e-09,-7.3875407674053525e-05,-7.3865074538007777e-05,-1.0333136045748734e-08,3.4342865717997949e-11,0
4370,-2.6934322344220315e-09,-5.6031722402115347e-06,-5.5948583834707563e-06,-8.3138567407784456e-09,1.5354167719421690e-11,0
4371,-2.3652227041903111e-09,-1.3165139028983516e-05,-1.3154875187814885e-05,-1.0263841168630864e-08,1.1388688541653991e-11,0
4372,-1.3671736895689374e-09,-6.2177176661474143e-05,-6.2181808356917285e-05,4.6316954431416084e-09,1.4904113196429043e-11,0
4373,-6.8881352978609898e-10,6.0951521466275603e-06,6.0903962027794767e-06,4.7559438480835838e-09,1.0681705838791244e-11,0
4374,-3.6060399331392378e-10,-1.4668564903709113e-06,-1.4683400523454438e-06,1.4835619745324601e-09,7.6974531540530395e-12,0
4375,6.7836016296780535e-10,6.8272232178250881e-05,6.8278386279382801e-05,-6.1541011319197559e-09,1.2520045315096527e-11,0
4376,1.0065696976705085e-09,6.0710280263269467e-05,6.0712239876495855e-05,-1.9596132263874203e-09,6.4042906308642472e-12,0
4377,3.2820953826252968e-10,-7.5619611244769937e-06,-7.5597774616783077e-06,-2.1836627986859805e-09,4.8978975207939588e-12,0
4379,-5.2098188375998979e-10,1.6787983545687481e-05,1.6775860119917084e-05,1.2123425770396809e-08,2.2018087721736678e-11,0
4380,-6.6867808107787459e-10,2.9701374236385403e-05,2.9697420265054132e-05,3.9539713312714995e-09,3.1507578818678786e-11,0
4381,-6.6846974287715735e-10,-6.2180278716505392e-05,-6.2177918145381336e-05,-2.3605711240560047e-09,1.7276219996852649e-11,0
4382,-9.9631779470788109e-11,6.1051831341967823e-06,6.0936717616429371e-06,1.1511372553845174e-08,1.1617333996941340e-11,0
4383,-1.5673725562659693e-10,-1.4673318966219526e-06,-1.4671940476658653e-06,-1.3784895608725022e-10,7.7116847162125526e-12,0
4384,2.0833820826061316e-13,-9.1881623764771710e-05,-9.1881358553513265e-05,-2.6521125844492649e-10,1.3355569582703932e-11,0
4385,5.6904630122225187e-10,-2.3596264803562022e-05,-2.3587225049917649e-05,-9.0397536443726227e-09,1.2426593093427962e-11,0
4386,5.1194082544161647e-10,-3.1168718078375662e-05,-3.1167059648854847e-05,-1.6584295208145082e-09,6.6738074312616130e-12,0
4387,5.6883796302077652e-10,6.8285386496639070e-05,6.8277785297700237e-05,7.6011989388327303e-09,1.0675383692014017e-11,0
4388,5.1173248723539921e-10,6.0712915309886354e-05,6.0709500545003962e-05,3.4147648823919393e-09,6.4563099480242480e-12,0
4389,-5.7105475745817217e-11,-7.5724610601661350e-06,-7.5619029789193229e-06,-1.0558081246812097e-08,3.5957040318151863e-12,0
4391,6.3796235932535447e-11,5.2403477584724717e-05,5.2460123773576474e-05,-5.6646188851756701e-08,8.0788191171074375e-11,0
4392,6.4004574143353311e-11,-3.9478140730384720e-05,-3.9408724511882888e-05,-6.9416218501832175e-08,5.3882473850833731e-11,0
4393,6.3284253949331724e-10,2.8807380628506629e-05,2.8866547783636659e-05,-5.9167155130029480e-08,9.5926888728780149e-11,0
4394,5.7573706145884287e-10,2.1234896200719722e-05,2.1295604669830264e-05,-6.0708469110542270e-08,4.2944394866733707e-11,0
4395,-4.5982775581728565e-10,1.6782903722292926e-05,1.6776465492015725e-05,6.4382302772004606e-09,2.1086411941577140e-11,0
4396,7.5912807738520316e-10,-8.1953006829402555e-06,-8.1560223759480822e-06,-3.9278306992173380e-08,1.4830034154550777e-11,0
4397,-1.7693914702656306e-10,-1.1697696380531114e-05,-1.1666259251283093e-05,-3.1437129248021130e-08,4.0087635388801137e-11,0
4401,-2.0585463010354698e-10,-6.2177173511743017e-05,-6.2175340872928537e-05,-1.8326388144795100e-09,3.8701391731674204e-11,0
4402,-2.2240511831689855e-11,-1.4661300292500380e-06,-1.4664372405557278e-06,3.0721130568977199e-10,1.2825659004492566e-11,0
4404,1.8361411820327024e-10,6.0711046341007822e-05,6.0707683408659680e-05,3.3629323481420225e-09,1.9618334879972763e-11,0
4407,7.5918475704588747e-10,-1.4252814838153303e-05,-1.4257343592884727e-05,4.5287547314244194e-09,2.0367433253335286e-11,0
4408,3.6164807315578081e-10,1.5442061729500911e-05,1.5438590436001926e-05,3.4712934989845640e-09,1.7341161857009879e-11,0
4409,3.6177680185877397e-10,-7.6438260430891983e-05,-7.6424516403917009e-05,-1.3744026974973683e-08,3.8459532638541134e-11,0
4410,7.9555218858133546e-10,-8.1370388488087933e-06,-8.1558164644407243e-06,1.8777615631930986e-08,1.6526495876258023e-11,0
4411,6.7858566801916607e-10,-1.5722247815267787e-05,-1.5727568940719505e-05,5.3211254517176434e-09,9.3027794407860769e-12,0
4412,-3.9753668385976484e-10,2.9694865203905296e-05,2.9698964919387772e-05,-4.0997154824754878e-09,3.0807035032428132e-11,0
4413,-3.9740795515463833e-10,-6.2185475595593481e-05,-6.2176342244559416e-05,-9.1333510340651331e-09,3.9878916086531296e-11,0
4414,3.6367431603805557e-11,6.1157690786404042e-06,6.0944888670286604e-06,2.1280211611743725e-08,1.9517547525585401e-11,0
4415,-8.0599089016211999e-11,-1.4694469762702687e-06,-1.4667363485788729e-06,-2.7106276913958317e-09,9.4480445096275575e-12,0
4416,1.2872870426066736e-13,-9.1880375674008877e-05,-9.1881357335587332e-05,9.8166157845483003e-10,2.3739904740940099e-11,0
4417,4.3390411521468821e-10,-2.3579110393032524e-05,-2.3587865274193980e-05,8.7548811614562784e-09,1.5607318901286965e-11,0
4418,3.1693759500887744e-10,-3.1164298442697830e-05,-3.1168140618386412e-05,3.8421756885819499e-09,9.1673095878838480e-12,0
4419,4.3377538650932575e-10,6.8301205872783877e-05,6.8277044027655677e-05,2.4161845128199385e-08,2.6718707155672182e-11,0
4420,3.1680886630394769e-10,6.0716020388084171e-05,6.0708388593196597e-05,7.6317948875741335e-09,1.1554723852174523e-11,0
4421,-1.1696652060977252e-10,-7.5851809259851882e-06,-7.5622572100987954e-06,-2.2923715886392847e-08,6.3080412287431091e-12,0
4422,-2.4413858562067037e-10,5.1202253581808521e-05,5.1225403665365130e-05,-2.3150083556608566e-08,8.6595550021433575e-11,0
4423,9.4084682039235225e-10,-1.4234442776098893e-05,-1.4256366572548617e-05,2.1923796449723759e-08,4.6274956928807697e-11,0
4424,5.2398533038280828e-10,1.5445553062397419e-05,1.5439477753681836e-05,6.0753087155823661e-09,3.9042052059189268e-11,0
4425,5.2413630426361631e-10,-7.6434411278584872e-05,-7.6423624477467211e-05,-1.0786801117661183e-08,8.2462476973407611e-11,0
4426,8.3993291558422244e-10,-8.1366933596745301e-06,-8.1555701982805229e-06,1.8876838605992767e-08,2.8728723341918389e-11,0
4427,8.5181224598703776e-10,-1.5713179982232775e-05,-1.5726625779830632e-05,1.3445797597856770e-08,2.1916645922648153e-11,0
4428,-4.1686149023195594e-10,2.9679904941756416e-05,2.9698878508216009e-05,-1.8973566459592648e-08,3.2025534423852863e-11,0
4429,-4.1671051635092787e-10,-6.2199974953065090e-05,-6.2176419062541621e-05,-2.3555890523468850e-08,4.5295290007161423e-11,0
4430,-1.0091390441166596e-10,6.0978316699907345e-06,6.0937614249024948e-06,4.0702450882397083e-09,1.6345761951946199e-11,0
4431,-8.9034574438187639e-11,-1.4787450563179261e-06,-1.4667698847255175e-06,-1.1975171592408581e-08,8.0517897913932082e-12,0
4432,1.5097388171104531e-13,-9.1879905360093745e-05,-9.1881356720009187e-05,1.4513599154420374e-09,1.6649024977791840e-11,0
4433,3.1594758513641695e-10,-2.3582188597360242e-05,-2.3588480197774934e-05,6.2916004146923682e-09,1.3724333222876505e-11,0
4434,3.2782691558375155e-10,-3.1158723955599342e-05,-3.1168085953819939e-05,9.3619982205968874e-09,1.0886085413633261e-11,0
4435,3.1579661125836219e-10,6.8297740545879108e-05,6.8276398643059218e-05,2.1341902819890487e-08,2.2844332061521479e-11,0
4436,3.2767594170402469e-10,6.0721113990507697e-05,6.0708433743564864e-05,1.2680246942832821e-08,1.3570746684124600e-11,0
4437,1.1879330265090679e-11,-7.5765430258421980e-06,-7.5615617569164807e-06,-1.4981268925717318e-08,5.8202978223588306e-12,0
4438,9.0885633181378942e-10,-1.4259164678215915e-05,-1.4256557168090462e-05,-2.6075101254533238e-09,4.3252802120823986e-11,0
4439,4.1634963759534947e-10,1.5438005341750910e-05,1.5438890800762903e-05,-8.8545901199329341e-10,5.3534607135485682e-11,0
4441,8.0128486170172175e-10,-1.5727824157905218e-05,-1.5726904696876396e-05,-9.1946102882245451e-10,2.7681423405478113e-11,0
4442,-4.9250669424451046e-10,2.9697323410617267e-05,2.9698485631491651e-05,-1.1622208743834804e-09,3.2542562140998381e-11,0
4443,-4.9234634972519347e-10,-6.2183222496891948e-05,-6.2176801872032894e-05,-6.4206248590531001e-09,6.4927495624272456e-11,0
4444,-1.0757147012782022e-10,-1.4685983487487154e-06,-1.4668578643480011e-06,-1.7404844007143696e-09,1.1028297954457496e-11,0
4445,1.6034452074021974e-13,-9.1880588541700097e-05,-9.1881356146342164e-05,7.6760464206692552e-10,6.0949495559686603e-11,0
4446,3.8493522413243420e-10,-3.1165951732251701e-05,-3.1167779164326119e-05,1.8274320744178919e-09,1.3060102304329887e-11,0
4447,3.8477487961020885e-10,6.0714564925544619e-05,6.0708730549356654e-05,5.8343761879644314e-09,2.9460974825011423e-11,0
4448,-2.0529186048644859e-10,5.1169970620481772e-05,5.1226010903974975e-05,-5.6040283493203236e-08,8.9294672742145391e-11,0
4452,-3.9862805576984151e-10,2.9700605574835628e-05,2.9699038301324712e-05,1.5672735109161797e-09,3.9991503318334744e-11,0
4453,-7.8194621694964014e-11,-1.4671672705225246e-06,-1.4666712261319049e-06,-4.9604439061970654e-10,1.1298245480096523e-11,0
4454,3.2043343434602480e-10,-3.1167870877809017e-05,-3.1168141452299178e-05,2.7057449016103198e-10,1.5775462591939284e-11,0
4455,-5.3570304403941836e-10,-1.1722047541178060e-05,-1.1668218453148716e-05,-5.3829088029344477e-08,2.2855164790721502e-11,0
4456,-8.9465567686518119e-10,1.7982314228039142e-05,1.8021409629649891e-05,-3.9095401610748785e-08,2.1625200775812320e-11,0
4457,-8.9457571541795923e-10,-7.3899866023574567e-05,-7.3851422893030837e-05,-4.8443130543730567e-08,3.3828043421551625e-11,0
4458,-2.0058073843584800e-10,-5.6154633053216718e-06,-5.5811991546069806e-06,-3.4264150714691259e-08,1.2315053073979379e-11,0
4459,-1.3490686661566172e-09,-3.4479500411734205e-05,-3.4448485033452170e-05,-3.1015378282035592e-08,4.7471824120283743e-11,0
4460,-5.9956553207777541e-10,-1.3188468096472089e-05,-1.3145204191141213e-05,-4.3263905330876383e-08,7.9216656640100812e-12,0
4461,-3.5895263515780671e-10,2.9704437337717065e-05,2.9699290572886974e-05,5.1467648300905717e-09,3.6533742140385013e-11,0
4462,-3.5887267370801166e-10,-6.2177706087059709e-05,-6.2175959918252125e-05,-1.7461688075841829e-09,2.4259234719846227e-11,0
4463,3.3512230526996431e-10,6.1067025425715071e-06,6.0962541062917357e-06,1.0448436279771471e-08,1.5750538878454182e-11,0
4464,-6.3862488546242677e-11,-1.4663482521343673e-06,-1.4665696272066522e-06,2.2137507228488800e-10,1.2753053501644346e-11,0
4465,7.9961455220616391e-14,-9.1882071279543464e-05,-9.1881354631638586e-05,-7.1664790487829203e-10,1.9129993006959551e-11,0
4466,6.9407494038826064e-10,-2.3597709305629190e-05,-2.3586268744089249e-05,-1.1440561539940807e-08,1.1969905568213348e-11,0
4467,2.9509014656980412e-10,-3.1170755930660585e-05,-3.1168288792684676e-05,-2.4671379759091017e-09,9.0795098349686781e-12,0
4468,6.9399497892964871e-10,6.8284360047613304e-05,6.8278458438136410e-05,5.9016094768944054e-09,1.2215191760038544e-11,0
4469,2.9501018511409167e-10,6.0711328721848429e-05,6.0708184220946246e-05,3.1445009021833473e-09,8.4107255935435907e-12,0
4470,-3.9898479377423715e-10,-7.5730251250785349e-06,-7.5638464269980208e-06,-9.1786980805141563e-09,4.3041308624029091e-12,0
4471,8.1336562347981854e-10,2.2757827834949881e-05,2.2764798038709986e-05,-6.9702037601041900e-09,8.8651111557384606e-11,0
4472,4.5441298964918326e-10,5.2461930768734830e-05,5.2462076389159633e-05,-1.4562042480322727e-10,8.8701953639591492e-11,0
4473,4.5449295110368549e-10,-3.9420057839571754e-05,-3.9406765528038890e-05,-1.3292311532863452e-08,4.9876199400565491e-11,0
4474,1.1484879289416976e-09,2.8864216192856125e-05,2.8868909281392072e-05,-4.6930885359470239e-09,4.4750478655196010e-11,0
4475,7.4950313522397244e-10,2.1291227258812134e-05,2.1296227107668189e-05,-4.9998488560549430e-09,3.3921797430903979e-11,0
4476,-5.6886791411840015e-10,-1.2449881544748754e-06,-1.2481066311664826e-06,3.1184766916071872e-09,2.0126686004348423e-11,0
4477,5.4124139730849730e-10,5.2476116609765332e-05,5.2462510192106587e-05,1.3606417658745199e-08,6.4932373415793510e-11,0
4478,-2.7626517292939214e-11,5.1231063155923739e-05,5.1228104760407568e-05,2.9583955161714714e-09,5.3934103140299175e-11,0
4479,1.6864353889179015e-09,-1.1674960383103701e-05,-1.1656083403329676e-05,-1.8876979774025028e-08,1.6156129729725230e-11,0
4480,1.9139043949071767e-09,-7.3825219864731041e-05,-7.3836060669106636e-05,1.0840804375594911e-08,2.9061520084418234e-11,0
4481,7.6706868278169769e-10,-5.5899030623413407e-06,-5.5759055106542450e-06,-1.3997551687095660e-08,9.5592624721293363e-12,0
4482,1.7534894057154476e-09,-1.3140296547307028e-05,-1.3132348347840766e-05,-7.9481994662624082e-09,6.7011028411974244e-12,0
4483,2.2746900532119760e-10,-6.2150303746745170e-05,-6.2172688244432461e-05,2.2384497687290977e-08,2.1908105263100723e-11,0
4484,-9.1936670603083217e-10,6.0851007898168885e-06,6.0894575831769569e-06,-4.3567933600683928e-09,1.1497955154468352e-11,0
4485,6.7054016585385091e-11,-1.4652927951803269e-06,-1.4658241624859847e-06,5.3136730565776936e-10,9.4158923291216870e-12,0
4486,-1.1468357158208169e-09,6.8235350036869105e-05,6.8268403008816576e-05,-3.3052971947471069e-08,1.3942723844554006e-11,0
4487,-1.6041499123878575e-10,6.0684961779644726e-05,6.0705662565044959e-05,-2.0700785400232658e-08,9.2505241343788436e-12,0
4488,9.8642072134623055e-10,-7.5503872394213495e-06,-7.5563006689781675e-06,5.9134295568179950e-09,4.5744556253154323e-12,0
4489,-6.9341049796033112e-12,-3.7027189821327300e-05,-3.7026775170766444e-05,-4.1465056085568776e-10,3.7621938178814608e-11,0
4490,-1.1548251747506476e-10,1.4195496733647103e-05,1.4199048293125533e-05,-3.5515594784300359e-09,1.9180055114031460e-11,0
4491,-1.0854841253902552e-10,5.1222711649345429e-05,5.1227909498145161e-05,-5.1978487997322940e-09,1.1191725844965861e-10,0
4492,-4.4237137235487789e-10,-1.1682786971532050e-05,-1.1667708770912548e-05,-1.5078200619501880e-08,2.2863696901011235e-11,0
4493,-2.2675002826084813e-09,-7.3855140733353523e-05,-7.3858879316976054e-05,3.7385836225314710e-09,5.4749945053018618e-11,0
4494,-4.0211726629939177e-09,-5.5953262596622477e-06,-5.6020480946894502e-06,6.7218350272024458e-09,2.0730125184052776e-11,0
4496,-1.8251288839971535e-09,-6.2172510441640440e-05,-6.2183853397399674e-05,1.1342955759234032e-08,2.7985672858717695e-11,0
4497,-3.5788012538278971e-09,6.0874174492324060e-06,6.0749687362098934e-06,1.2448713022512520e-08,1.6401356463960491e-11,0
4498,-5.2754312870093808e-10,-1.4664963989443453e-06,-1.4690519457496035e-06,2.5555468052582161e-09,1.0542089651712220e-11,0
4499,-1.7536723805678947e-09,6.8259839864054372e-05,6.8265087384893766e-05,-5.2475208393935316e-09,2.2407514097057679e-11,0
4500,1.2975857737543431e-09,6.0705938910053311e-05,6.0713602812836072e-05,-7.6639027827605870e-09,1.3728541573593466e-11,0
4501,3.0512581081556765e-09,-7.5539330085683948e-06,-7.5450372223148552e-06,-8.8957862535396130e-09,5.9834302496858420e-12,0
4503,4.5962305792599158e-13,-9.1882479246213459e-05,-9.1881349837937668e-05,-1.1294082757912086e-09,1.9344586531865003e-11,0
4504,1.0272513498657839e-09,-1.1665251045393787e-05,-1.1659683193079574e-05,-5.5678523142130721e-09,2.3595488927731102e-11,0
4505,1.2824755073507760e-09,-5.5778753798533393e-06,-5.5730786926660765e-06,-4.7966871872627746e-09,2.2962598242435714e-11,0
4509,-1.2952213699254668e-10,-7.5461541933449262e-06,-7.5624208251427414e-06,1.6266631797815179e-08,4.6164969359171005e-12,0
4510,8.9066986879664112e-11,-3.7007385990469113e-05,-3.7026182945863720e-05,1.8796955394607029e-08,5.8402093094767795e-11,0
4511,9.0529794448928071e-10,-6.2154161690025980e-05,-6.2168860432203600e-05,1.4698742177620197e-08,9.1327843680246102e-11,0
4512,7.7676382538719662e-10,6.0882777885845748e-06,6.0988183145263701e-06,-1.0540525941795273e-08,3.4841896145716436e-11,0
4513,2.7823779129621657e-10,-1.4647483613414950e-06,-1.4646155882757375e-06,-1.3277306575748615e-10,2.2641526788139624e-11,0
4514,-1.2853411440420677e-10,6.8242656966293475e-05,6.8273959054276223e-05,-3.1302087982748453e-08,5.6621308543190722e-11,0
4515,-6.2706015068182218e-10,6.0689569965490658e-05,6.0703051574379517e-05,-1.3481608888858741e-08,2.9257446991281023e-11,0
4516,-4.9852603424852032e-10,-7.5529709942278103e-06,-7.5644459970850267e-06,1.1475002857216370e-08,1.2065116493253997e-11,0
4517,-4.0399370830133198e-10,1.6783333403384143e-05,1.6780341973615345e-05,2.9914297687983881e-09,9.7353791372303977e-12,0
4518,2.1087079548124252e-09,-6.2167191095925667e-05,-6.2162244925256487e-05,-4.9461706691798822e-09,6.6249547300355207e-11,0
4519,2.5855623392007289e-09,6.0929452726625217e-06,6.1087301357355543e-06,-1.5784863073032621e-08,3.7400626728146415e-11,0
4520,6.2580358866297143e-10,-1.4649775938947902e-06,-1.4626983841516065e-06,-2.2792097431837769e-09,2.3674807362838281e-11,0
4521,4.7685439526141864e-10,6.8260194526584619e-05,6.8277263378458593e-05,-1.7068851873973672e-08,4.4048964095643445e-11,0
4522,-1.4829043465529453e-09,6.0702093032123823e-05,6.0698356128145488e-05,3.7369039783351188e-09,2.7393255329200138e-11,0
4523,-1.9597587518041255e-09,-7.5579542978460902e-06,-7.5724382489144478e-06,1.4483951068357617e-08,1.3457183376572971e-11,0
4524,4.0360463596332777e-10,1.5408640599755274e-05,1.5438831558096988e-05,-3.0190958341714017e-08,1.1029865947795735e-11,0
4525,2.7331753429889265e-10,-3.6990200289713834e-05,-3.7025115563058789e-05,3.4915273344955124e-08,3.6499084080127026e-11,0
4526,1.3028710176732272e-10,5.2398942737362508e-05,5.2460132020684799e-05,-6.1189283322290663e-08,7.1023774262963067e-11,0
4527,9.3721343112571122e-10,-1.4228125494317873e-05,-1.4256619327959936e-05,2.8493833642063461e-08,4.5914905778543692e-11,0
4528,5.2139769868259159e-10,1.5446543766561334e-05,1.5439475978367810e-05,7.0677881935240984e-09,4.2504236062365481e-11,0
4530,8.6751765737001661e-10,-8.1333010801334926e-06,-8.1553590694747446e-06,2.2057989341251930e-08,3.1938259909202858e-11,0
4531,8.5075787257099107e-10,-1.5710533120450940e-05,-1.5726675319833401e-05,1.6142199382461654e-08,2.4304639098645374e-11,0
4532,-4.1581573265693605e-10,2.9674514026439835e-05,2.9699180487426824e-05,-2.4666460986988881e-08,3.0441135062156997e-11,0
4533,-4.1566643898190536e-10,-6.2205336207698039e-05,-6.2175970335449909e-05,-2.9365872248129790e-08,4.4096629418653396e-11,0
4534,-6.9695773258895523e-11,6.0949201562705141e-06,6.0942766268286192e-06,6.4352944189483973e-10,1.6062416365296713e-11,0
4535,-8.6455558581908791e-11,-1.4823746734898488e-06,-1.4665616600121112e-06,-1.5813013477737599e-08,8.6964271045113157e-12,0
4536,1.4929367844778095e-13,-9.1879971095357643e-05,-9.1881349073509624e-05,1.3779781519806340e-09,1.7439592891874512e-11,0
4537,3.4611995869962060e-10,-2.3579734657708067e-05,-2.3587862460776861e-05,8.1278030687944593e-09,1.2439037178534126e-11,0
4538,3.2936017389205438e-10,-3.1156977641078401e-05,-3.1168151980679273e-05,1.1174339600871809e-08,1.0601252578001570e-11,0
4539,3.4597066502361374e-10,6.8300272059046603e-05,6.8276546300803973e-05,2.3725758242629973e-08,2.2549501916115313e-11,0
4540,3.2921088021577423e-10,6.0722944569867668e-05,6.0708222192736563e-05,1.4722377131104827e-08,1.4976453360161241e-11,0
4541,-1.6759785034744666e-11,-7.5772636273156550e-06,-7.5618447614017107e-06,-1.5418865913944342e-08,5.1850341830713511e-12,0
4542,7.1450503631253375e-10,-1.4252730745999056e-05,-1.4257850738715913e-05,5.1199927168573832e-09,2.0127332595063345e-11,0
4543,3.3184896691854895e-10,1.5442368182240832e-05,1.5438441663454666e-05,3.9265187861650848e-09,1.5546969207653833e-11,0
4544,3.3197032729274173e-10,-7.6437975937301839e-05,-7.6424586663348122e-05,-1.3389273953716852e-08,4.0309909274243751e-11,0
4545,7.8444488928571817e-10,-8.1360467607360758e-06,-8.1558087792155043e-06,1.9762018479428564e-08,1.4940575989657953e-11,0
4546,6.3893426796461155e-10,-1.5722028468683272e-05,-1.5727834942125164e-05,5.8064734418921001e-09,8.3041468262742718e-12,0
4547,-3.8265606935218939e-10,2.9695017926890596e-05,2.9699380912590039e-05,-4.3629856994427461e-09,2.5117961333549275e-11,0
4548,-3.8253470897751363e-10,-6.2185222639803486e-05,-6.2175760482250476e-05,-9.4621575530103638e-09,3.1938487470863103e-11,0
4549,6.9939853046305033e-11,6.1167104710937951e-06,6.0950616779589913e-06,2.1648793134803812e-08,1.8880861366035980e-11,0
4550,-7.5570768335565986e-11,-1.4692914275509644e-06,-1.4664895445307477e-06,-2.8018830202167177e-09,9.2127881113766868e-12,0
4551,1.2136037653179278e-13,-9.1880356755188943e-05,-9.1881348726275772e-05,9.9197108682877889e-10,2.8153513851400606e-11,0
4552,4.5259592221020653e-10,-2.3578379271907077e-05,-2.3587251427346319e-05,8.8721554392424159e-09,1.5985584629035796e-11,0
4553,3.0708530122082214e-10,-3.1164403467968428e-05,-3.1168278480246150e-05,3.8750122777222681e-09,8.9181499195152601e-12,0
4554,4.5247456183473172e-10,6.8301970662425215e-05,6.8277126798512293e-05,2.4843863912922515e-08,3.1701482103083739e-11,0
4555,3.0696394084408810e-10,6.0715923159980999e-05,6.0708086345032777e-05,7.8368149482221298e-09,1.2973688312495340e-11,0
4556,-1.4551062138201042e-10,-7.5860126400647404e-06,-7.5625561320671137e-06,-2.3456507997626678e-08,6.4228521869852064e-12,0
4557,8.8557971937308100e-10,-1.4257490653379629e-05,-1.4256932572541272e-05,-5.5808083835765876e-10,4.2613942797915980e-11,0
4558,4.0072681488810469e-10,1.5439414472162225e-05,1.5438818656321935e-05,5.9581584028908742e-10,5.0302808400025148e-11,0
4560,8.8508432334771028e-10,-8.1464033127630689e-06,-8.1552550162359783e-06,8.8517034729093604e-09,4.0201661319871903e-11,0
4561,7.8202579511526175e-10,-1.5726194731962087e-05,-1.5727056542971430e-05,8.6181100934269467e-10,2.6587247978125053e-11,0
4562,-4.8485290451664461e-10,2.9696932488352222e-05,2.9698843257767093e-05,-1.9107694148711579e-09,2.9728005960390466e-11,0
4563,-4.8469709531224835e-10,-6.2183570640723419e-05,-6.2176287824018656e-05,-7.2828167047630111e-09,7.1541609839973915e-11,0
4564,-4.9539617424486236e-13,6.1111609687444605e-06,6.0947008152277133e-06,1.6460153516747222e-08,1.5948717761895324e-11,0
4565,-1.0355392426986277e-10,-1.4686806528302343e-06,-1.4666289659543488e-06,-2.0516868758854536e-09,1.0891954255493075e-11,0
4566,1.5580920144664866e-13,-9.1880525621304641e-05,-9.1881348009978050e-05,8.2238867340936155e-10,5.1431216118670175e-11,0
4567,4.8435750788112479e-10,-2.3585833777908273e-05,-2.3587046727371643e-05,1.2129494633697437e-09,2.0028209434741907e-11,0
4568,3.8129898031108171e-10,-3.1165632137913728e-05,-3.1167878333887388e-05,2.2461959736598449e-09,1.2752629605564210e-11,0
4569,4.8420169867817321e-10,6.8294695687840662e-05,6.8277298878445834e-05,1.7396809394828105e-08,5.8625543466551386e-11,0
4570,3.8114317110541537e-10,6.0714862699810801e-05,6.0708476262775808e-05,6.3864370349929283e-09,3.2218342775958680e-11,0
4571,-1.0305852788588827e-10,-7.5798426393449813e-06,-7.5623330368535013e-06,-1.7509602491480003e-08,7.2148555005110337e-12,0
4572,-4.0968070624429943e-10,1.6789586515917991e-05,1.6781422980482197e-05,8.1635354357939517e-09,2.8847283492349757e-11,0
4574,-3.7387140859187783e-10,2.9701157688165510e-05,2.9699488886366714e-05,1.6688017987954063e-09,3.3049218251978045e-11,0
4575,-7.1755243787443121e-11,-1.4669222234283633e-06,-1.4664293902085977e-06,-4.9283321976564248e-10,1.1359468804591777e-11,0
4576,3.0211616508126276e-10,-3.1168063306618015e-05,-3.1168320684236507e-05,2.5737761849212041e-10,1.6174006205070287e-11,0
4577,-2.0038178294406019e-10,-3.4429612945533622e-05,-3.4442056533428424e-05,1.2443587894802124e-08,4.7325073665352011e-11,0
4578,-4.5412033759475833e-10,1.6774573426693931e-05,1.6781516557701772e-05,-6.9431310078407293e-09,1.5516515867366882e-11,0
4579,-2.5373855460737352e-10,5.1204147603917810e-05,5.1229400418422547e-05,-2.5252814504737333e-08,9.2832270070173773e-11,0
4580,-4.6853045513020298e-10,1.6727259151961410e-05,1.6781726088147819e-05,-5.4466936186408645e-08,3.8440597079226106e-11,0
4581,-2.7463656935099809e-10,-6.2178312294827341e-05,-6.2175028288418029e-05,-3.2840064093119826e-09,8.8191053738832632e-11,0
4582,-4.4483980683492575e-11,-1.4663462596081062e-06,-1.4662571309751064e-06,-8.9128632999748136e-11,2.3105399708808047e-11,0
4583,2.3015258877992525e-10,6.0711804348077586e-05,6.0707595907429216e-05,4.2084406483698547e-09,5.0161486729834724e-11,0
4584,8.6589157029580264e-10,-8.1529860664371746e-06,-8.1553439423171173e-06,2.3578758799426623e-09,1.6094075708095216e-11,0
4585,-5.5898123453017463e-10,-1.2385641042589410e-06,-1.2442794813901371e-06,5.7153771311960726e-09,2.7979674714003188e-11,0
4586,5.2084895994390788e-10,5.2474151507453555e-05,5.2462104297250985e-05,1.2047210202570467e-08,6.2263731496222588e-11,0
4587,-3.8132274905137838e-11,5.1235657754596618e-05,5.1231080275752074e-05,4.5774788445441150e-09,4.6533883009052289e-11,0
4588,5.1091109771393757e-10,1.5457543439069757e-05,1.5439425109093054e-05,1.8118329976702448e-08,3.8182574780984595e-11,0
4589,-1.3477702635790275e-10,5.1225744098729910e-05,5.1230837975921145e-05,-5.0938771912353528e-09,8.2800666766905226e-11,0
4590,1.6798803443131497e-09,-1.1676229806362702e-05,-1.1656119200286187e-05,-2.0110606076514776e-08,1.5921514842736532e-11,0
4591,1.8295656443026971e-09,-7.3824797374875441e-05,-7.3836351191779206e-05,1.1553816903764878e-08,3.5014994159365778e-11,0
4592,7.7719739147207183e-10,-5.5909752705186194e-06,-5.5757871667822835e-06,-1.5188103736335925e-08,1.0172962218402311e-11,0
4593,1.7353487992207820e-09,-1.3141522894431247e-05,-1.3132407821971406e-05,-9.1150724598407229e-09,7.4171535713768756e-12,0
4594,1.4968529919376399e-10,-6.2148583312281874e-05,-6.2172642387233346e-05,2.4059074951471998e-08,2.1588031573360439e-11,0
4595,-9.0268295266715118e-10,6.0852599671210386e-06,6.0899148942734561e-06,-4.6549271524174487e-09,1.2583274990658152e-11,0
4596,5.5468454721097157e-11,-1.4652976934655549e-06,-1.4656811924321068e-06,3.8349896655193394e-10,9.6290445053787671e-12,0
4597,-1.0523682557688360e-09,6.8233803015059838e-05,6.8268900704503201e-05,-3.5097689443362745e-08,1.3784631280137512e-11,0
4598,-9.4216846623937774e-11,6.0683269270234326e-05,6.0705790433554048e-05,-2.2521163319721906e-08,9.3888553653569629e-12,0
4599,9.5815140583333918e-10,-7.5505510237754841e-06,-7.5565895434453518e-06,6.0385196698676361e-09,4.5203605429284005e-12,0
4600,-4.3962235867307041e-10,-1.1685413696827657e-05,-1.1667693758608414e-05,-1.7719938219242583e-08,2.2893734871853569e-11,0
4601,-2.5694884719554256e-09,-7.3858274350247811e-05,-7.3860357943517817e-05,2.0835932700057676e-09,7.8002158043234243e-11,0
4602,-3.8878976451810818e-09,-5.5972062525441041e-06,-5.6012570754276427e-06,4.0508228835385888e-09,2.1037301613947201e-11,0
4604,-2.1298660825151214e-09,-6.2172745211201003e-05,-6.2185045613687986e-05,1.2300402486983223e-08,2.8317461777362843e-11,0
4605,-3.4482752494476160e-09,6.0881911389115695e-06,6.0760487602809039e-06,1.2142378630665632e-08,1.2305058171385038e-11,0
4606,-5.6751931651859366e-10,-1.4664885653992263e-06,-1.4690634402033567e-06,2.5748748041304119e-09,9.5368123654612418e-12,0
4607,-1.3184091720819026e-09,6.8260967517233540e-05,6.8267446107968629e-05,-6.4785907350894002e-09,2.0132680943434814e-11,0
4608,1.5623467851895368e-09,6.0706200184092174e-05,6.0714814376236702e-05,-8.6141921445284197e-09,1.3182215880240700e-11,0
4609,2.8807559132440341e-09,-7.5547247284160624e-06,-7.5461032031417572e-06,-8.6215252743051152e-09,5.6936547117493420e-12,0
4610,2.0168006352176184e-10,1.5429986975569812e-05,1.5437738100816531e-05,-7.7511252467193145e-09,2.1612298341748092e-11,0
4611,-2.1671712423562718e-10,-3.7043130675998293e-05,-3.7027528885707795e-05,-1.5601790290497826e-08,2.6547144526092034e-11,0
4612,-1.0866248909697405e-10,1.4199450375991171e-05,1.4202703326652607e-05,-3.2529506614355745e-09,4.1015772234750633e-11,0
4614,4.1839718824701312e-10,5.2473193806806470e-05,5.2461481601252799e-05,1.1712205553671075e-08,8.7174279418844935e-11,0
4615,1.0805463523210584e-10,5.1242521994246393e-05,5.1232529482441290e-05,9.9925118051026477e-09,8.0210431368889243e-11,0
4616,4.7264994753001444e-13,-9.1882184527489072e-05,-9.1881341543194575e-05,-8.4298429449739237e-10,2.3266630787538612e-11,0
4617,1.0313039943776587e-09,-1.1665293623638537e-05,-1.1659661061675733e-05,-5.6325619628039850e-09,1.4608956405984426e-11,0
4618,1.2863959887532274e-09,-5.5801932339026583e-06,-5.5729936795780410e-06,-7.1995543246173121e-09,1.2022186527843814e-11,0
4619,1.1619765090484318e-09,-1.3123920799110872e-05,-1.3135530977823662e-05,1.1610178712790394e-08,7.0589873090896830e-12,0
4620,2.5509199538607336e-10,6.0851203010948984e-06,6.0963116390852369e-06,-1.1191337990338444e-08,1.0527711416224046e-11,0
4621,1.3067251465210666e-10,-1.4586174455159112e-06,-1.4652287385027816e-06,6.6112929868704164e-09,7.2076691522466286e-12,0
4622,-1.2441948080341101e-10,-7.5437428581504734e-06,-7.5625286769821739e-06,1.8785818831700534e-08,4.6290959268590781e-12,0
4623,-4.5880883731802016e-11,1.4212279903182113e-05,1.4203397137277953e-05,8.8827659041603254e-09,2.9196084201134441e-11,0
4625,7.4960456942566024e-10,6.0882453038531986e-06,6.0990361998992137e-06,-1.0790896046015039e-08,3.6093712240140993e-11,0
4626,2.8852431784463328e-10,-1.4645891104566634e-06,-1.4643531752211004e-06,-2.3593523556307082e-10,2.3276288759428742e-11,0
4627,-2.3065922459261228e-10,6.8241953547966416e-05,6.8273383162197786e-05,-3.1429614231369895e-08,4.5579293869642364e-11,0
4628,-6.9173947825449049e-10,6.0689113961124447e-05,6.0702464723849676e-05,-1.3350762725229247e-08,2.6344385854861618e-11,0
4629,-4.6108025148113255e-10,-7.5528385586345025e-06,-7.5643760028248321e-06,1.1537444190329682e-08,9.3818649729910116e-12,0
4630,3.8945753852461483e-10,1.5419350295742956e-05,1.5438766610961401e-05,-1.9416315218444898e-08,1.1951684924918825e-11,0
4631,2.0757204672936153e-10,-3.6978171476371308e-05,-3.7025124877346858e-05,4.6953400975550800e-08,3.5629701136331074e-11,0
4632,1.8188549196796300e-10,5.2397542175633416e-05,5.2460115939383781e-05,-6.2573763750365156e-08,6.2152665572796913e-11,0
4633,3.3899992196482933e-10,6.1179402030576979e-06,6.0968207481845838e-06,2.1119454873114095e-08,1.4511932526000713e-11,0
4634,6.9574177638934545e-11,-1.4613573300374313e-06,-1.4655337349506706e-06,4.1764049132392198e-09,8.4639289882050124e-12,0
4635,-8.3348735840918683e-10,2.8473180398898290e-05,2.8469462018721385e-05,3.7183801769051961e-09,3.8670204134247919e-11,0
4636,-2.6942574430323598e-10,-7.5793053699061905e-06,-7.5633392435283328e-06,-1.5966126377857671e-08,6.2264188629363945e-12,0
4637,-1.1724872787786927e-09,2.2355206043382821e-05,2.2374931843132763e-05,-1.9725799749942735e-08,2.9345094958518585e-11,0
4638,-9.0306153547747387e-10,2.9934499878644895e-05,2.9929231131626267e-05,5.2687470186279497e-09,1.7760136364715105e-11,0
4639,7.9898802941484859e-11,-1.4416294050420032e-06,-1.4654652546032748e-06,2.3835849561271570e-08,3.0720414455878194e-11,0
4640,-1.3325847563175758e-09,2.2406900071390238e-05,2.2374385348692246e-05,3.2514722697992359e-08,3.3497797769861612e-11,0
4643,1.1017520889573616e-09,2.8859816240126707e-05,2.8867341568793980e-05,-7.5253286672738234e-09,7.5625133717132300e-11,0
4644,-3.6618865395163601e-10,2.9695351647407095e-05,2.9699775680702078e-05,-4.4240332949831954e-09,2.5040495847048075e-11,0
4645,-3.6607515934020382e-10,-6.2184811239811288e-05,-6.2175214754098151e-05,-9.5964857131370903e-09,3.3243278886922975e-11,0
4646,-7.0555851335561289e-11,-1.4690287501529023e-06,-1.4662624005818092e-06,-2.7663495710931266e-09,9.6942896232359401e-12,0
4647,1.1349461091601392e-13,-9.1880178050346068e-05,-9.1881340892063353e-05,1.1628417172855794e-09,2.3999720772852755e-11,0
4648,2.9563280285577639e-10,-3.1164395063336403e-05,-3.1168417574562016e-05,4.0225112256126339e-09,8.5322456708705093e-12,0
4649,2.9551930824173006e-10,6.0715770510361491e-05,6.0707797549998490e-05,7.9729603630018212e-09,1.1097814477154481e-11,0
4650,-5.1029369112865124e-10,1.6770135240136951e-05,1.6784012772550399e-05,-1.3877532413448862e-08,4.3879476838725226e-11,0
4651,-4.1055117078999945e-10,2.9666447773728927e-05,2.9699552099568850e-05,-3.3104325839923023e-08,2.8840516573052373e-11,0
4652,-4.1040549815052072e-10,-6.2213061975095393e-05,-6.2175428905539171e-05,-3.7633069556222676e-08,4.4941794226499400e-11,0
4653,-3.2612917616188023e-11,6.0899793169633815e-06,6.0948780700738021e-06,-4.8987531104206712e-09,1.5598307997351215e-11,0
4654,-8.2732123864488241e-11,-1.4882283570038894e-06,-1.4663166531284405e-06,-2.1911703875448943e-08,9.1170547074308778e-12,0
4655,1.4567263953850658e-13,-9.1879576369016823e-05,-9.1881340233600676e-05,1.7638645838521060e-09,1.7209490325460397e-11,0
4656,3.7793825248337446e-10,-2.3576465873358099e-05,-2.3587164497417549e-05,1.0698624059449690e-08,1.3924607633416154e-11,0
4657,3.2781904678137098e-10,-3.1154648179513786e-05,-3.1168246497573042e-05,1.3598318059256098e-08,1.1872529980517926e-11,0
4658,3.7779257983971314e-10,6.8303088092451329e-05,6.8276700264687648e-05,2.6387827763680954e-08,2.2527460727349425e-11,0
4659,3.2767337413805315e-10,6.0724910800825233e-05,6.0707959274470696e-05,1.6951526354536367e-08,1.5712186136833818e-11,0
4660,-5.0119205977092329e-11,-7.5782181993369092e-06,-7.5621734548442435e-06,-1.6044744492665736e-08,5.5319032601056746e-12,0
4661,-4.7317013534244782e-10,2.9696471547819084e-05,2.9699230578639489e-05,-2.7590308204056540e-09,3.1805873049301115e-11,0
4662,-4.7302053452392270e-10,-6.2183806183236864e-05,-6.2175740280086383e-05,-8.0659031504809681e-09,6.2787081866246245e-11,0
4663,3.6444173379344813e-11,6.1119994482906718e-06,6.0952789719890439e-06,1.6720476301627943e-08,1.6986570969903637e-11,0
4664,-9.8788521345940459e-11,-1.4687564947181257e-06,-1.4663909427826350e-06,-2.3655519354907638e-09,1.1807379799980209e-11,0
4665,1.4960082498435133e-13,-9.1880340816586576e-05,-9.1881339683975511e-05,9.9886738893454220e-10,5.6563407504137657e-11,0
4666,5.0961430830474703e-10,-2.3584492732152060e-05,-2.3586414166686960e-05,1.9214345349000031e-09,2.0253943430742413e-11,0
4667,3.7438161411682455e-10,-3.1165299349987172e-05,-3.1167997353336252e-05,2.6980033490805414e-09,1.3376233655989683e-11,0
4668,5.0946470748239506e-10,6.8295913302922340e-05,6.8277418142049723e-05,1.8495160872616869e-08,5.4730513982975641e-11,0
4669,3.7423201329242577e-10,6.0715085861908977e-05,6.0708198356764359e-05,6.8875051446179382e-09,2.9608124083134971e-11,0
4670,-1.3523269452342154e-10,-7.5808049280977861e-06,-7.5626469925092680e-06,-1.8157935588518146e-08,6.8762756809963181e-12,0
4671,-3.9364643641383051e-10,1.6788781033990740e-05,1.6785046088385315e-05,3.7349456054249375e-09,1.0101151944132980e-11,0
4672,-4.7408362338682555e-13,-3.7023062541471365e-05,-3.7026127947139951e-05,3.0654056685857582e-09,9.0229834663833886e-11,0
4673,-3.4656228244047559e-10,2.9701443186056463e-05,2.9699954509359276e-05,1.4886766971867939e-09,3.6147927901725630e-11,0
4674,-3.4647198714170140e-10,-6.2179483474208465e-05,-6.2175000560440197e-05,-4.4829137682680714e-09,5.2188577174348459e-11,0
4675,-6.5024206198312723e-11,-1.4667140467378506e-06,-1.4661852414313994e-06,-5.2880530645125119e-10,2.0663707834993906e-11,0
4676,9.0295299334781611e-14,-9.1880884639411307e-05,-9.1881339167307639e-05,4.5452789633210894e-10,6.8656658123138366e-11,0
4678,2.8144778122847196e-10,6.0712691249790573e-05,6.0707667517127165e-05,5.0237326634081287e-09,2.9354029210186736e-11,0
4679,-3.6268677511213314e-10,1.6795175103733601e-05,1.6785515391534635e-05,9.6597121989651369e-09,2.9172447380433545e-11,0
4680,2.4601623454439972e-11,-3.7014842257913298e-05,-3.7025955594523601e-05,1.1113336610303203e-08,4.6102869922433100e-11,0
4681,1.0646027665359822e-09,-5.5727821582779447e-06,-5.5741634683033369e-06,1.3813100253922119e-09,8.2045703634411775e-12,0
4682,-5.5239957028561725e-12,2.9712214321221675e-05,2.9701864385318367e-05,1.0349935903308240e-08,1.9154046143036523e-11,0
4683,-5.5372375936842007e-12,-6.2170417216676419e-05,-6.2173067733927966e-05,2.6505172515475664e-09,1.1308292828045660e-11,0
4684,2.4229992315276826e-11,-1.4647721538786629e-06,-1.4656667175788186e-06,8.9456370015567270e-10,4.7509440863637583e-12,0
4685,-5.4788087407255956e-10,2.8482052656280191e-05,2.8473520703460143e-05,8.5319528200471901e-09,2.1491133814829940e-11,0
4686,-1.3241888870957115e-14,-9.1882724371475819e-05,-9.1881338505996600e-05,-1.3858654792194480e-09,1.6097688024294024e-11,0
4687,2.9753987868718820e-11,-3.1177004197458641e-05,-3.1169899447527762e-05,-7.1047499308786997e-09,7.6203540123762127e-12,0
4688,-5.4235687770590074e-10,-1.2301541699325305e-06,-1.2401569850048634e-06,1.0002815072332859e-08,2.5890715690597690e-11,0
4689,2.9767229758042118e-11,6.0705652635456402e-05,6.0706257853585873e-05,-6.0521812947123043e-10,3.2003853960609603e-12,0
4690,-5.4234363581531685e-10,9.0652500710974946e-05,9.0636851852195802e-05,1.5648858779144419e-08,2.9869714124373577e-11,0
4691,4.9912571693965711e-10,2.2759328043901739e-05,2.2761506360445952e-05,-2.1783165442130202e-09,4.5860615217138171e-11,0
4692,4.9360172136298473e-10,5.2471679212440312e-05,5.2461640785921840e-05,1.0038426518472424e-08,6.0881130963897225e-11,0
4693,4.9358847947158968e-10,-3.9410982053815361e-05,-3.9407176202852009e-05,-3.8058509633514420e-09,3.3480041049478055e-11,0
4694,5.2335570926211649e-10,2.1294608468578301e-05,2.1293817301287060e-05,7.9116729124030852e-10,2.5778242632157167e-11,0
4695,-4.8755156472963130e-11,5.1241352688725060e-05,5.1234262977330360e-05,7.0897113947003629e-09,5.1849934558940869e-11,0
4696,-5.7211086620230488e-10,2.9946852491419783e-05,2.9933198926188028e-05,1.3653565231754549e-08,1.0368755728302556e-11,0
4699,1.6767268391616113e-09,-1.1678326685704739e-05,-1.1656136421509470e-05,-2.2190264195268855e-08,1.5978846687450416e-11,0
4700,1.7514920659007746e-09,-7.3824790495166832e-05,-7.3836602275500091e-05,1.1811780333258757e-08,3.3625038625250441e-11,0
4701,8.0048518308246387e-10,-5.5932524717534904e-06,-5.5755950247304526e-06,-1.7657447023037778e-08,1.0469616995008731e-11,0
4702,1.7218281151338550e-09,-1.3143631931749299e-05,-1.3132440850312589e-05,-1.1191081436710004e-08,7.9173206834991988e-12,0
4703,7.4765225808474731e-11,-6.2146467344504144e-05,-6.2172566431027910e-05,2.6099086523765280e-08,2.2238078306873720e-11,0
4704,-8.7624165584166816e-10,6.0850501990960398e-06,6.0904367431041276e-06,-5.3865440080877691e-09,1.2303085417387611e-11,0
4705,4.5101275686146406e-11,-1.4652557381634752e-06,-1.4655252318771309e-06,2.6949371365575351e-10,9.9453230626270752e-12,0
4706,-9.5100688498392818e-10,6.8231551062543014e-05,6.8269435488805031e-05,-3.7884426262017076e-08,1.4239623173913287e-11,0
4707,-2.9663951976653323e-11,6.0681142364306905e-05,6.0705902138563697e-05,-2.4759774256792589e-08,1.0122239606314600e-11,0
4708,9.2134292970442093e-10,-7.5503814320884363e-06,-7.5569291826529275e-06,6.5477505644911911e-09,4.6631992084738532e-12,0
4709,1.1633073388678025e-10,1.5428434075478309e-05,1.5437285080607173e-05,-8.8510051288642798e-09,4.4156873927455444e-11,0
4710,-4.2115466304231530e-10,-1.1689904042483726e-05,-1.1667592906922849e-05,-2.2311135560877299e-08,2.4911868215151222e-11,0
4711,-2.8346507391851877e-09,-7.3862867594169310e-05,-7.3861631189511739e-05,-1.2364046575707435e-09,7.4026929788275872e-11,0
4713,-1.0220200610459159e-09,-1.3156463319373597e-05,-1.3147421240956531e-05,-9.0420784170661069e-09,1.3876646023802619e-11,0
4714,-2.4134960404986817e-09,-6.2173107110292426e-05,-6.2186110732254153e-05,1.3003621961727167e-08,2.7476370220251776e-11,0
4715,-3.2766330112818132e-09,6.0890573556826241e-06,6.0773625253959379e-06,1.1694830286686260e-08,1.6364041122266302e-11,0
4716,-6.0086538927759779e-10,-1.4664974356251573e-06,-1.4690335429743087e-06,2.5361073491514093e-09,1.1262367657152623e-11,0
4717,-8.6313697144886157e-10,6.8262194256098543e-05,6.8269913642448948e-05,-7.7193863504045751e-09,2.2397443771802915e-11,0
4718,1.8126306684491886e-09,6.0706550772207137e-05,6.0715941006770034e-05,-9.3902345628976594e-09,1.3818233169436804e-11,0
4719,2.6757675998739470e-09,-7.5556023480657583e-06,-7.5473608931072008e-06,-8.2414549585575468e-09,5.8448563323044569e-12,0
4720,-2.7129526377745795e-10,-3.7058658009469364e-05,-3.7027419926827025e-05,-3.1238082642339479e-08,3.0394249852383315e-11,0
4721,-1.7402983662012405e-10,1.4188193317417677e-05,1.4206103569601438e-05,-1.7910252183761039e-08,3.6986738974474606e-11,0
4722,9.7265427245018259e-11,5.1246765071772879e-05,5.1236040142986078e-05,1.0724928786800820e-08,9.8930276543260036e-11,0
4723,4.8119861456090436e-13,-9.1881903815073127e-05,-9.1881333204755559e-05,-5.7061031756826947e-10,1.9954399989204705e-11,0
4724,1.0342001631110917e-09,-1.1665026544540116e-05,-1.1659645245761052e-05,-5.3812987790641741e-09,1.5356816472593041e-11,0
4725,1.2857573079728214e-09,-5.5815280304381126e-06,-5.5729321554571347e-06,-8.5958749809779457e-09,1.2148332146342637e-11,0
4727,2.5155714578996282e-10,6.0834649484019796e-06,6.0966700445573025e-06,-1.3205096155322968e-08,1.1915050696755412e-11,0
4728,1.3527593751252444e-10,-1.4582142585546631e-06,-1.4649908797939939e-06,6.7766212393307309e-09,8.2530763145323396e-12,0
4729,-1.1628120823792602e-10,-7.5416774903552808e-06,-7.5626229568913506e-06,2.0945466536069844e-08,4.5909639246831005e-12,0
4730,-1.0354100714107751e-10,-3.7041518862942005e-05,-3.7026467888939237e-05,-1.5050974002768426e-08,3.4714407539339046e-11,0
4731,-2.3000813122239010e-10,1.4188142073974161e-05,1.4206129604212352e-05,-1.7987530238191545e-08,1.7321656858129751e-11,0
4733,1.0512059730088051e-09,-6.2152834732445705e-05,-6.2167107577533730e-05,1.4272845088025019e-08,8.1476827048107826e-11,0
4734,7.1230569246322560e-10,6.0884475586069423e-06,6.0992102207496472e-06,-1.0762662142704981e-08,3.5528662486045960e-11,0
4735,2.9737183515079553e-10,-1.4644039569610464e-06,-1.4640921396045323e-06,-3.1181735651405751e-10,2.3378576887735390e-11,0
4736,-3.3890027630268453e-10,6.8241328291699516e-05,6.8272773299511515e-05,-3.1445007811999374e-08,6.4560435036477405e-11,0
4737,-7.5383413562963126e-10,6.0688419343842351e-05,6.0701884646167607e-05,-1.3465302325256078e-08,3.4355778048950026e-11,0
4738,-4.1493385699481102e-10,-7.5528706103057154e-06,-7.5642627212039998e-06,1.1392110898284346e-08,1.1937241770724442e-11,0
4739,2.5691591584478905e-09,-6.2166299553498977e-05,-6.2158773371163235e-05,-7.5261823357416612e-09,6.7355581805127398e-11,0
4741,6.8522879058542571e-10,-1.4647327197893139e-06,-1.4619544742754627e-06,-2.7782455138512293e-09,2.3479200518204497e-11,0
4742,-2.0288030456577272e-10,6.8260068809569696e-05,6.8273514374175891e-05,-1.3445564606194647e-08,5.2432226812432085e-11,0
4743,-1.8839303487105737e-09,6.0701547222797268e-05,6.0695691026146482e-05,5.8561966507865762e-09,2.6925664604749577e-11,0
4744,-1.6810500519605437e-09,-7.5585984083336930e-06,-7.5711897276986668e-06,1.2591319364973847e-08,2.1266873941580072e-11,0
4745,-1.4677309243409911e-10,5.1229600080718481e-05,5.1235388026467382e-05,-5.7879457489014383e-09,6.3872859719830971e-11,0
4746,1.0046085360134111e-09,-1.4272266279159382e-05,-1.4256755988375516e-05,-1.5510290783865417e-08,1.9536875131924412e-11,0
4747,3.6023723373353662e-10,1.5427921781030127e-05,1.5438622658271369e-05,-1.0700877241242039e-08,1.3083932166683328e-11,0
4748,3.6043012594861849e-10,-7.6453165826514610e-05,-7.6424259157311183e-05,-2.8906669203427032e-08,1.7664045973672699e-11,0
4749,1.0450943303767804e-09,-8.1643588381342946e-06,-8.1542582523755632e-06,-1.0100585758731479e-08,1.0479757064244048e-11,0
4750,1.1923026137352090e-10,-3.6972262977076446e-05,-3.7025163584268681e-05,5.2900607192235116e-08,3.8848198584763767e-11,0
4751,8.6267595091958859e-10,-1.5739689867733109e-05,-1.5726705107492479e-05,-1.2984760240629682e-08,6.8577411083668067e-12,0
4752,-6.4437130261668601e-10,2.9700129939070480e-05,2.9698574338435561e-05,1.5556006349189523e-09,2.5287021023825752e-11,0
4753,-6.4417841040700822e-10,-6.2180885910658422e-05,-6.2176258236438075e-05,-4.6276742203472986e-09,1.5226087060491474e-11,0
4754,4.0485793258494990e-11,6.1078473339182954e-06,6.0956253053928398e-06,1.2222028525455550e-08,1.0154214272152247e-11,0
4755,-1.4193258518255156e-10,-1.4674191749397721e-06,-1.4664439325234619e-06,-9.7524241631018020e-10,6.7191681097248782e-12,0
4756,1.9289221479338813e-13,-9.1881062937901781e-05,-9.1881332246229806e-05,2.6930832802522786e-10,1.4447923489243472e-11,0
4757,6.8485709543819535e-10,-2.3592303338236596e-05,-2.3585031085578866e-05,-7.2722526577300318e-09,1.0415616424328854e-11,0
4758,5.0243871757523518e-10,-3.1167613143971273e-05,-3.1167368020792248e-05,-2.4512317902455200e-10,7.6002874287661503e-12,0
4759,6.8466420321959921e-10,6.8288784619981895e-05,6.8278358796738643e-05,1.0425823243251885e-08,9.7221552542049984e-12,0
4760,5.0224582536081599e-10,6.0713453223134369e-05,6.0708690556732370e-05,4.7626664019986939e-09,6.9350781450868692e-12,0
4761,-1.8241837789679964e-10,-7.5753080070054338e-06,-7.5630237656383121e-06,-1.2284241367121635e-08,2.9669246339452158e-12,0
4763,2.4100697254040160e-10,5.2400300125852312e-05,5.2460060876664437e-05,-5.9760750812124994e-08,8.6238431363452146e-11,0
4764,2.4119986474973172e-10,-3.9480962748576764e-05,-3.9408747135471505e-05,-7.2215613105259635e-08,6.1555461705556255e-11,0
4765,9.2586406949052073e-10,2.8807812887284012e-05,2.8865553694249340e-05,-5.7740806965328191e-08,9.9197864550326310e-11,0
4766,7.4344568963040814e-10,2.1232580167852497e-05,2.1294656614027462e-05,-6.2076446174965782e-08,6.4627118632643272e-11,0
4767,6.0003017013768533e-10,-1.4252896451567463e-05,-1.4258987152913836e-05,6.0907013463728143e-09,1.6876696128596929e-11,0
4768,2.5564745311891661e-10,1.5442755622938412e-05,1.5438052650654741e-05,4.7029722836708213e-09,1.4479185768257470e-11,0
4769,2.5575080542777629e-10,-7.6437378930210506e-05,-7.6424823155070296e-05,-1.2555775140210080e-08,2.9495369917097837e-11,0
4770,7.3297285881990105e-10,-8.1341804852351832e-06,-8.1559570869383591e-06,2.1776601703175921e-08,1.1486444820331019e-11,0
4771,-8.3817574134801614e-11,-3.7021430183967804e-05,-3.7026239613397755e-05,4.8094294299511130e-09,2.6796849806534773e-11,0
4772,5.3559375163176985e-10,-1.5721716549381036e-05,-1.5728495388684930e-05,6.7788393038947575e-09,8.0282888748049797e-12,0
4773,-3.4438271696671802e-10,2.9695647480417961e-05,2.9700240262338823e-05,-4.5927819208619203e-09,2.0064677261972102e-11,0
4774,-3.4427936465455902e-10,-6.2184479464030828e-05,-6.2174579083862545e-05,-9.9003801682832166e-09,2.7294644225679605e-11,0
4775,1.3294268874236796e-10,6.1186929625377728e-06,6.0961624321338264e-06,2.2530530403946407e-08,1.4435203364816340e-11,0
4776,-6.4436418496480847e-11,-1.4688322130880678e-06,-1.4660025809482702e-06,-2.8296321397976211e-09,7.0462956577534311e-12,0
4777,1.0335230933852685e-13,-9.1880130997804680e-05,-9.1881332019615479e-05,1.2010218107988717e-09,2.0134690420976463e-11,0
4778,4.7732540564501357e-10,-2.3576944020171908e-05,-2.3586122072056881e-05,9.1780518849723513e-09,1.2012184217761776e-11,0
4779,2.7994629873966436e-10,-3.1164495188653295e-05,-3.1168590001367109e-05,4.0948127138140580e-09,7.0298962615077573e-12,0
4780,4.7722205333355851e-10,6.8303206517635051e-05,6.8277224359219785e-05,2.5982158415266497e-08,2.0158065374970499e-11,0
4781,2.7984294643092689e-10,6.0715643727057150e-05,6.0707455461886556e-05,8.1882651705944228e-09,8.9389988692382928e-12,0
4782,-1.9737910725648710e-10,-7.5875480510176341e-06,-7.5631173000329429e-06,-2.4430750984691136e-08,5.1325151732891244e-12,0
4783,6.8384774433866409e-10,2.2768520426617433e-05,2.2761961047102780e-05,6.5593795146523461e-09,5.0222572311295860e-11,0
4784,3.3946502724355705e-10,5.2464158354593657e-05,5.2460570608894237e-05,3.5877456994198474e-09,8.7093658633116737e-11,0
4785,3.3956837955670416e-10,-3.9415978428981174e-05,-3.9408236797948382e-05,-7.7416310327919034e-09,5.3326937138138504e-11,0
4786,8.1679043292940687e-10,2.8887239804739444e-05,2.8864887703656104e-05,2.2352101083340190e-08,4.3146903139922308e-11,0
4787,6.1941132581573341e-10,2.1299717802512105e-05,2.1293928726528619e-05,5.7890759834860182e-09,3.1203282164777022e-11,0
4788,8.9153354417364946e-10,-1.4207324092211857e-05,-1.4257412019406121e-05,5.0087927194264139e-08,4.8461351832143455e-11,0
4789,4.9071003532246179e-10,1.5448075781680781e-05,1.5439337211417473e-05,8.7385702633081971e-09,4.1130331419563321e-11,0
4790,4.9085023742505246e-10,-7.6431443688887348e-05,-7.6423533390001787e-05,-7.9102988855613444e-09,8.2585634788039223e-11,0
4791,8.1334576748373040e-10,-1.5703915995663592e-05,-1.5726981741438261e-05,2.3065745774668783e-08,2.3878615639567769e-11,0
4792,-4.0082350897595334e-10,2.9655408487266541e-05,2.9699953359410393e-05,-4.4544872143851915e-08,3.2460075076143172e-11,0
4793,-4.0068330687250105e-10,-6.2223922980171598e-05,-6.2174855225143733e-05,-4.9067755027864960e-08,4.3156915964324747e-11,0
4794,-7.8187776690569032e-11,-1.4965723314505977e-06,-1.4660637067475240e-06,-3.0508624703073674e-08,8.9512992451831924e-12,0
4795,1.4020209808875673e-13,-9.1879468834203860e-05,-9.1881331267489009e-05,1.8624332851489064e-09,1.6891977810518959e-11,0
4796,3.2263573218407553e-10,-3.1152071485591321e-05,-3.1168362229001917e-05,1.6290743410596830e-08,1.1153294553403806e-11,0
4797,3.2249553008246356e-10,6.0727369242096971e-05,6.0707672560675304e-05,1.9696681421666688e-08,1.4728088305039658e-11,0
4798,7.9998218962222186e-10,-1.4254222405210625e-05,-1.4257928393899705e-05,3.7059886890805491e-09,4.0495890542127060e-11,0
4799,3.4359885389299737e-10,1.5441803412374541e-05,1.5438534711208481e-05,3.2687011660602816e-09,5.8044272910273023e-11,0
4801,7.0700214023593193e-10,-1.5723131470401878e-05,-1.5727565567214955e-05,4.4340968130765902e-09,2.8085066975338814e-11,0
4802,-4.5638333571493339e-10,2.9695983751042154e-05,2.9699670827846920e-05,-3.6870768047657745e-09,2.9807440226341580e-11,0
4803,-4.5624211266873354e-10,-6.2184190941593984e-05,-6.2175127408460959e-05,-9.0635331330250497e-09,6.1926728761661250e-11,0
4804,-9.2980049379854515e-11,-1.4689029341494533e-06,-1.4661308050009515e-06,-2.7721291485018276e-09,1.1068088234994624e-11,0
4805,1.4122305152357965e-13,-9.1880322017716062e-05,-9.1881330722381620e-05,1.0087046655577175e-09,5.2029053548065869e-11,0
4806,3.6340328650837725e-10,-3.1164918543734321e-05,-3.1168144841591260e-05,3.2262978569383861e-09,1.3852020746020154e-11,0
4807,3.6326206346092805e-10,6.0715323164505820e-05,6.0707879686094632e-05,7.4434784111884213e-09,2.9273312347959210e-11,0
4808,-2.2757850341488800e-10,5.1202058681884197e-05,5.1236145745129990e-05,-3.4087063245793288e-08,7.1261333702424284e-11,0
4809,3.3035162813259507e-10,-7.6428552568516030e-05,-7.6424393650785958e-05,-4.1589177300719324e-09,7.6683896651779976e-11,0
4810,-3.1342968419484665e-10,2.9701962703508090e-05,2.9700489736993408e-05,1.4729665146829326e-09,3.7925624504947725e-11,0
4811,2.4321766559258154e-10,6.1139748341590069e-06,6.0968582375808486e-06,1.7116596578158297e-08,1.9243095725889196e-11,0
4812,-5.7260204010302094e-11,-1.4664950103687301e-06,-1.4659106799867691e-06,-5.8433038196099069e-10,1.1390754992535101e-11,0
4813,5.5664734999687989e-10,-2.3587896961691814e-05,-2.3585565910233631e-05,-2.3310514581830399e-09,3.0694954735867411e-11,0
4814,2.5616948047561367e-10,-3.1168374238312035e-05,-3.1168740046636124e-05,3.6580832408887078e-10,1.6722801782109434e-11,0
4815,-3.0047786964561556e-10,-7.5805002056356791e-06,-7.5637146956029711e-06,-1.6785510032707911e-08,7.8454176099671032e-12,0
4817,4.5860944989102140e-10,5.2468187558169801e-05,5.2461113687651813e-05,7.0738705179875200e-09,7.0337622541951829e-11,0
4818,-5.9284500723988746e-11,5.1249956304868366e-05,5.1237665434561556e-05,1.2290870306809725e-08,2.0441348528926650e-11,0
4819,4.7067711566686685e-10,1.5458835860298822e-05,1.5439232266724082e-05,1.9603593574740231e-08,3.8216415714165307e-11,0
4820,1.6771660503345339e-09,-1.1682329004495794e-05,-1.1656134022986773e-05,-2.6194981509021235e-08,1.7018643650328139e-11,0
4821,1.6853687323701794e-09,-7.3826213510318726e-05,-7.3836793917922793e-05,1.0580407604066761e-08,3.5628629815114032e-11,0
4822,8.3512528477528912e-10,-5.5980134892590766e-06,-5.5753430447536260e-06,-2.2670444505450553e-08,1.1410597522217792e-11,0
4823,1.7138731104404997e-09,-1.3147711150990338e-05,-1.3132444839330436e-05,-1.5266311659901309e-08,8.8271327724011166e-12,0
4824,8.2026809465561027e-12,-6.2144027832475995e-05,-6.2172460938579650e-05,2.8433106103654851e-08,2.2569648900724226e-11,0
4825,-8.4204076525573148e-10,6.0841891796128977e-06,6.0909884362708707e-06,-6.7992566579730054e-09,1.2268498778408679e-11,0
4826,3.6707059757653662e-11,-1.4654995381602946e-06,-1.4653655540589577e-06,-1.3398410133694519e-10,1.0459217273052492e-11,0
4827,-8.5024344893610203e-10,6.8228200221332608e-05,6.8269967630189441e-05,-4.1767408856833652e-08,1.4509084696486977e-11,0
4828,2.8504377391461071e-11,6.0678482850553585e-05,6.0705986972201330e-05,-2.7504121647744910e-08,1.0411402936510854e-11,0
4829,8.7874782306195255e-10,-7.5497263053100894e-06,-7.5572958203448145e-06,7.5695150347251697e-09,4.8519067766141261e-12,0
4831,4.0597070334261660e-10,5.2471659631334912e-05,5.2460774774177841e-05,1.0884857157071029e-08,8.4492432731432678e-11,0
4832,8.8372638261037688e-11,5.1250591607156573e-05,5.1239001628712331e-05,1.1589978444242403e-08,8.5411281892470394e-11,0
4833,-3.8833651298698542e-10,-1.1698376631587987e-05,-1.1667413687716707e-05,-3.0962943871279413e-08,2.5658821415689833e-11,0
4834,-3.0464157355875543e-09,-7.3871922125485871e-05,-7.3862617940399512e-05,-9.3041850863595597e-09,7.8376448751723591e-11,0
4835,-3.4636953726918279e-09,-5.6085535997396629e-06,-5.5988128249854191e-06,-9.7407747542438579e-09,2.2725161252044954e-11,0
4837,-2.6580791824809037e-09,-6.2173651505700520e-05,-6.2186976749120567e-05,1.3325243420047586e-08,2.7603084731979233e-11,0
4838,-3.0753588241729216e-09,6.0897812496109316e-06,6.0788271136683782e-06,1.0954135942553428e-08,1.4857453292218325e-11,0
4839,-6.2552049039402814e-10,-1.4666139920526647e-06,-1.4689623774550268e-06,2.3483854023620732e-09,8.9476402219626955e-12,0
4840,-4.1727963980077012e-10,6.8263496015682351e-05,6.8272330308713798e-05,-8.8342930314465372e-09,2.2636424548253448e-11,0
4841,2.0325587077346568e-09,6.0707001454116463e-05,6.0716908880367261e-05,-9.9074262507981383e-09,1.3167550589466475e-11,0
4842,2.4498383112205058e-09,-7.5564541786917599e-06,-7.5487289026374671e-06,-7.7252760542928465e-09,5.4621735406178210e-12,0
4843,4.8497314020928742e-13,-9.1881685711519843e-05,-9.1881325267220774e-05,-3.6044429906881194e-10,3.8144637885189559e-11,0
4844,1.0357750733769651e-09,-1.1664487452498276e-05,-1.1659636645210225e-05,-4.8508072880510333e-09,1.4342157037964299e-11,0
4845,1.2806873985941961e-09,-5.5825160294210863e-06,-5.5728969869738714e-06,-9.6190424472148889e-09,1.3481596689291681e-11,0
4846,1.1749940802746389e-09,-1.3122052062965878e-05,-1.3135379572942265e-05,1.3327509976386834e-08,8.3725977407336510e-12,0
4847,2.4491232606440531e-10,6.0819856960534369e-06,6.0969989359126283e-06,-1.5013239859191387e-08,1.1646539536184865e-11,0
4848,1.3921900689617052e-10,-1.4575528757354919e-06,-1.4647636843067959e-06,7.2108085713039657e-09,8.7861359345759331e-12,0
4849,-1.0569331904359310e-10,-7.5395518471348122e-06,-7.5626992573177091e-06,2.3147410182896933e-08,5.1814119508062314e-12,0
4853,-1.1096213899212891e-13,-9.1883483417654229e-05,-9.1881327243771479e-05,-2.1561738827496815e-09,8.3181657956781007e-11,0
4855,-1.7396181477680631e-10,-3.1185592614632260e-05,-3.1171126570641443e-05,-1.4466043990816991e-08,2.3302600555775646e-11,0
4856,2.0915756274090873e-10,6.8256239009397389e-05,6.8275747165998118e-05,-1.9508156600729241e-08,7.7101686841563863e-11,0
4857,-1.7385085263506099e-10,6.0697997018558172e-05,6.0704807026478549e-05,-6.8100079203767543e-09,4.0211578262009351e-11,0
4858,-3.8300841572696176e-10,-7.5582384384642425e-06,-7.5642293540291988e-06,5.9909155649563644e-09,1.0044991676616298e-11,0
4859,-1.3432551490653424e-10,-1.1689082888842114e-05,-1.1666026539161707e-05,-2.3056349680407789e-08,3.3114895723127428e-11,0
4861,-5.9751064065254551e-10,-3.4443580722156447e-05,-3.4443765722070862e-05,1.8499991441518022e-10,9.1596171068637682e-11,0
4862,-4.3018629618226415e-11,-6.2175004597889594e-05,-6.2172558582806149e-05,-2.4460150834453671e-09,4.0787403173854807e-11,0
4864,4.2016649700370597e-10,-3.9420440657370048e-05,-3.9408040015426417e-05,-1.2400641943631312e-08,1.2272475662534580e-10,0
4865,-5.8117545387628682e-14,-9.1882946931003023e-05,-9.1881325660311486e-05,-1.6212706915375887e-09,5.0610452499093474e-11,0
4867,1.1001766515598354e-11,-3.1173759786325660e-05,-3.1170129072500722e-05,-3.6307138249374368e-09,4.0596615862081293e-11,0
4869,1.1059884053701258e-11,6.0709184668520863e-05,6.0705779620637717e-05,3.4050478831462315e-09,6.3454724303716744e-11,0
4870,-4.9161549507356727e-10,-7.5666076639322767e-06,-7.5648438691585135e-06,-1.7637947737632033e-09,1.3035397377003962e-11,0
4871,-3.6763291996113123e-10,1.6796272014499595e-05,1.6791531472782459e-05,4.7405417171359236e-09,8.9234011168605585e-12,0
4872,9.5199907181264969e-10,-1.4266815469167644e-05,-1.4257297626352692e-05,-9.5178428149522118e-09,1.5786649959696552e-11,0
4873,3.9444791238626221e-11,-3.6972788211721286e-05,-3.7025215978690382e-05,5.2427766969096162e-08,3.8487949294417600e-11,0
4875,5.3129168226957326e-10,-1.4253142168229108e-05,-1.4259615143294337e-05,6.4729750652289185e-09,2.3202887557444508e-11,0
4876,2.1003835077170137e-10,-7.6437444913443273e-05,-7.6424983982096662e-05,-1.2460931346611106e-08,6.8181676945464793e-11,0
4877,6.9355772780668465e-10,-8.1335114816699638e-06,-8.1561067274362924e-06,2.2595245766328508e-08,1.9036067795863614e-11,0
4878,-1.4386984680393737e-10,-3.7021407563626874e-05,-3.7026186849279587e-05,4.7792856527130749e-09,4.6542597577056319e-11,0
4879,-3.2125333144821453e-10,-6.2184281138759692e-05,-6.2173972847246015e-05,-1.0308291513677452e-08,3.9641137068795340e-11,0
4880,1.6226604559147644e-10,6.1196302340593440e-06,6.0966964396497436e-06,2.2933794409600363e-08,1.8613057106808183e-11,0
4881,4.8351937703492015e-10,6.8304022121190230e-05,6.8277240178647001e-05,2.6781942543229582e-08,2.6698552117629526e-11,0
4882,6.7516152918680573e-10,2.2768119023943312e-05,2.2761127146242890e-05,6.9918777004227320e-09,5.8800693134147459e-11,0
4883,3.5390819758646675e-10,-3.9416151848208070e-05,-3.9408470043081964e-05,-7.6818051261053218e-09,6.2765983675902224e-11,0
4884,8.3742757462216212e-10,2.8887839493021115e-05,2.8864184214126541e-05,2.3655278894574430e-08,5.4897831660507216e-11,0
4885,-3.8818620020578145e-10,2.9642241295230187e-05,2.9700340398411746e-05,-5.8099103181558282e-08,3.7487888509123502e-11,0
4886,-3.8805251418991634e-10,-6.2237088113231698e-05,-6.2174310686518346e-05,-6.2777426713351366e-08,4.9636674553466866e-11,0
4887,4.0625896865915473e-11,6.0740105714733941e-06,6.0960531350718994e-06,-2.2042563598505312e-08,1.5590469053911982e-11,0
4888,-7.3414732925395424e-11,-1.5072910394347237e-06,-1.4658292423827941e-06,-4.1461797051929640e-08,9.5261786699312393e-12,0
4889,1.3368601511607506e-13,-9.1879452674909065e-05,-9.1881323085148950e-05,1.8704102398847677e-09,2.6372615604277812e-11,0
4890,4.2881209641928266e-10,-2.3568279784630213e-05,-2.3585868174295311e-05,1.7588389665098496e-08,1.3699784976961169e-11,0
4891,3.1477146722830339e-10,-3.1149633068520630e-05,-3.1168485039623365e-05,1.8851971102735240e-08,1.1829124686661905e-11,0
4892,4.2867841040563217e-10,6.8311219864240248e-05,6.8276939651764257e-05,3.4280212475991476e-08,3.7433878385130443e-11,0
4893,3.1463778120905547e-10,6.0729793589030245e-05,6.0707393564228455e-05,2.2400024801790452e-08,2.2542735182449815e-11,0
4894,-1.1404062957036402e-10,-7.5813770972288710e-06,-7.5628072060279224e-06,-1.8569891200948682e-08,5.6432554162756151e-12,0
4895,-9.6932625960984901e-11,-3.4404091958286503e-05,-3.4440974319434353e-05,3.6882361147849057e-08,5.1754636631292996e-11,0
4896,-3.7320497830401109e-10,1.6793075564706592e-05,1.6792262435059521e-05,8.1312964707021349e-10,1.8396221935942774e-11,0
4897,-2.7627235217866107e-10,5.1197177789327752e-05,5.1239074865971653e-05,-4.1897076643900423e-08,9.3367768896110401e-11,0
4898,-2.8463402342503981e-10,2.9702216207491521e-05,2.9700936664314805e-05,1.2795431767151128e-09,3.6088378063402653e-11,0
4899,-2.8457088811934740e-10,-6.2178909933496146e-05,-6.2173699564060383e-05,-5.2103694357630813e-09,4.7053257561123663e-11,0
4900,2.6571892967016481e-10,6.1141444646964881e-06,6.0973181650660717e-06,1.6826299630416335e-08,2.0036457748572146e-11,0
4901,-5.0804041266906299e-11,-1.4663508720034243e-06,-1.4656856028983905e-06,-6.6526910503373590e-10,1.1059213608919195e-11,0
4902,6.3135304651224111e-14,-9.1881022092111069e-05,-9.1881322675325068e-05,3.0058321399939990e-10,5.1701192332774001e-11,0
4903,5.5035295333435448e-10,-2.3588007018228614e-05,-2.3585157398330188e-05,-2.8496198984265622e-09,2.8017549354413341e-11,0
4904,2.3382998244603798e-10,-3.1168553662041382e-05,-3.1168934786315164e-05,3.8112427378281504e-10,1.7011233694791440e-11,0
4905,5.5028981803060910e-10,6.8293155746113575e-05,6.8277601990764892e-05,1.5553755348683197e-08,5.9113789425773591e-11,0
4906,2.3376684714347231e-10,6.0712479549606714e-05,6.0706929088094333e-05,5.5504615123814246e-09,2.3738464347863031e-11,0
4907,-3.1652297096794784e-10,-7.5805750109382564e-06,-7.5639261067899185e-06,-1.6648904148337838e-08,8.8534252016515940e-12,0
4908,-2.5697576661491674e-10,1.4179642664048295e-05,1.4211333297614280e-05,-3.1690633565985147e-08,7.3763941269111663e-11,0
4909,-4.3437130025583783e-10,2.9695404205618350e-05,2.9700156095727229e-05,-4.7518901088785810e-09,3.1682440969554346e-11,0
4910,-4.3424061001153345e-10,-6.2184618754523163e-05,-6.2174461364664739e-05,-1.0157389858424519e-08,7.2740871206787894e-11,0
4911,1.1675016836739455e-10,6.1138638948825784e-06,6.0965478678016041e-06,1.7316027080974272e-08,1.7731925720369306e-11,0
4912,-8.6229575423918357e-11,-1.4691126163680901e-06,-1.4658547213664648e-06,-3.2578950016253286e-09,1.0928992574116446e-11,0
4913,1.3069024106005518e-13,-9.1880075062980362e-05,-9.1881321346610003e-05,1.2462836296414691e-09,5.0441417130638366e-11,0
4914,5.5112146832840652e-10,-2.3581541720532964e-05,-2.3585096412682249e-05,3.5546921492851386e-09,2.0155359328478851e-11,0
4915,3.4814172506511398e-10,-3.1164551618383107e-05,-3.1168319859956484e-05,3.7682415733771013e-09,1.3485530981161400e-11,0
4916,5.5099077808505686e-10,6.8298574328292012e-05,6.8277603672078021e-05,2.0970656213991604e-08,5.5294369722415673e-11,0
4917,3.4801103482140238e-10,6.0715527372034311e-05,6.0707525399912738e-05,8.0019721215734995e-09,2.9486911990505848e-11,0
4918,-2.0297974361991786e-10,-7.5830055367149651e-06,-7.5633219225095223e-06,-1.9683614205442821e-08,6.8767090852937473e-12,0
4919,-6.8051894794761060e-11,5.1263541548700158e-05,5.1240773768298482e-05,2.2767780401675337e-08,6.2428126655964309e-11,0
4920,2.0212246428667474e-10,-1.4281424072956975e-05,-1.4261508624675368e-05,-1.9915448281606837e-08,4.7534225795733899e-11,0
4922,4.6477788360992749e-10,-8.1634912852731473e-06,-8.1573311845580900e-06,-6.1601007150573152e-09,4.0792038574372829e-11,0
4923,1.7288657214249625e-10,-1.5747672960916143e-05,-1.5730541635472801e-05,-1.7131325443341529e-08,2.5547369974289645e-11,0
4924,-1.9953536122329032e-10,-6.2178764605722893e-05,-6.2173125745154594e-05,-5.6388605682993224e-09,6.2148548979317443e-11,0
4925,2.6265541918691880e-10,6.1179153587921642e-06,6.0973865924896874e-06,2.0528766302476746e-08,3.1164768174938035e-11,0
4926,-2.9235892270927391e-11,-1.4662077437025463e-06,-1.4655198605986226e-06,-6.8788310392378093e-10,2.0247193506334323e-11,0
4927,4.6219078061618048e-10,6.8296767608510417e-05,6.8277116654111281e-05,1.9650954399136073e-08,5.2406608065397309e-11,0
4928,1.7029946916209278e-10,6.0712566413896347e-05,6.0706528163465686e-05,6.0382504306612738e-09,3.4995671926281313e-11,0
4929,-2.9189131146251737e-10,-7.5842395388103778e-06,-7.5638228698674390e-06,-2.0416668942938839e-08,1.1664209693176020e-11,0
4931,4.3863297745549188e-10,1.5459311414573601e-05,1.5439071967381049e-05,2.0239447192552486e-08,3.8604410931735668e-11,0
4932,-1.5143931819633222e-09,-6.2179253503168749e-05,-6.2180234180018927e-05,9.8067685017826176e-10,1.6402230986791262e-11,0
4933,-2.6774815151697507e-10,6.0992765085849873e-06,6.0945460743629857e-06,4.7304342220016207e-09,1.0210399808318932e-11,0
4934,-3.5193241007883256e-10,-1.4673178430279436e-06,-1.4672505586151078e-06,-6.7284412835726720e-11,6.5181876311792617e-12,0
4935,1.2466450298343435e-09,6.8278593610420976e-05,6.8281397760056167e-05,-2.8041496351907625e-09,1.3158430299385807e-11,0
4936,1.1624607716849413e-09,6.0711890817219058e-05,6.0711910603864287e-05,-1.9786645229452702e-11,8.3800048856526854e-12,0
4937,-8.4184254530703210e-11,-7.5666833497045963e-06,-7.5627091550561556e-06,-3.9741946484406419e-09,4.1122401182213639e-12,0
4938,-1.8056176817577183e-10,-3.4447937221705792e-05,-3.4441352399394358e-05,-6.5848223114339690e-09,8.9441761686821225e-11,0
4939,-4.1853850947384159e-10,1.6760772993420353e-05,1.6793580885530025e-05,-3.2807892109672308e-08,1.5735203182244341e-11,0
4940,-2.3797674130163610e-10,5.1209021379141489e-05,5.1240773035396225e-05,-3.1751656254735234e-08,1.0079579385374833e-10,0
4943,4.1341040983373565e-13,-9.1881024028878330e-05,-9.1881316690433531e-05,2.9266155520063855e-10,4.1535770118596329e-11,0
4944,-1.6241559077331168e-10,5.1234458790895727e-05,5.1241665271305749e-05,-7.2064804100218749e-09,7.9687608244722548e-11,0
4945,1.3721844061174435e-12,-9.1881966811146763e-05,-9.1881310733320432e-05,-6.5607782633026173e-10,5.1605173796950672e-11,0
4946,4.7393922837405533e-10,-1.1671596259310579e-05,-1.1662704818582376e-05,-8.8914407282030173e-09,1.2177063532586557e-11,0
4947,8.1413254165287520e-10,-5.5773501228192912e-06,-5.5753713258639508e-06,-1.9787969553403985e-09,8.5351919803167402e-12,0
4948,5.6179088631566519e-10,-1.3133633175645837e-05,-1.3138682090842480e-05,5.0489151966434008e-09,5.5779706947380431e-12,0
4949,3.4019331311906333e-10,6.0942179951903666e-06,6.0979463278940794e-06,-3.7283327037127809e-09,9.8446125565319337e-12,0
4950,8.7851657866561886e-11,-1.4620253512044601e-06,-1.4648036846519250e-06,2.7783334474649178e-09,6.3300450170444265e-12,0
4951,-2.5234165520126406e-10,-7.5562896276349517e-06,-7.5636569504941429e-06,7.3673228591912242e-09,3.3300815452299786e-12,0
4952,-1.6783391650811067e-10,1.4217721720131537e-05,1.4213942696088701e-05,3.7790240428361548e-09,3.4360188413433371e-11,0
4954,3.4518383419267577e-10,5.2448789746093252e-05,5.2460014549071077e-05,-1.1224802977824965e-08,8.7990928923305311e-11,0
4955,3.4517946063290382e-10,-3.9433344240946688e-05,-3.9408770449047083e-05,-2.4573791899605796e-08,5.7620045761667860e-11,0
4956,1.0360322860739908e-09,-1.1663094404389118e-05,-1.1659635240577262e-05,-3.4591638118559208e-09,1.5917866823137390e-11,0
4957,1.2683275443811475e-09,-5.5830463296492952e-06,-5.5728860909990624e-06,-1.0160238650232779e-08,1.4522483576146172e-11,0
4958,1.1794059534696450e-09,-1.3119400337623099e-05,-1.3135306239466251e-05,1.5905901843151255e-08,9.3507005806713184e-12,0
4959,2.3229525904132708e-10,6.0800018826970108e-06,6.0973854846886993e-06,-1.7383601991688546e-08,1.2621767771966437e-11,0
4960,1.4337366740481464e-10,-1.4562906066229071e-06,-1.4644844937927137e-06,8.1938871698065354e-09,9.4248558499489587e-12,0
4961,-8.8921591412230883e-11,-7.5363612826121612e-06,-7.5627749424132112e-06,2.6413659801050038e-08,4.4035746201115955e-12,0
4962,-1.0552777482873866e-10,1.4238073418669332e-05,1.4214494487100223e-05,2.3578931569109569e-08,1.9258232366093625e-11,0
4963,1.6844971543365548e-09,-1.1703827750264659e-05,-1.1656093987986715e-05,-4.7733762277944391e-08,2.1678079320283835e-11,0
4964,1.6029583336316486e-09,-7.3844239761473106e-05,-7.3836982472721358e-05,-7.2572887517476526e-09,5.6072740502128848e-11,0
4965,9.1100020783758523e-10,-5.6239635289664219e-06,-5.5748317697479537e-06,-4.9131759218468212e-08,1.5019121143384754e-11,0
4966,1.7115946389412184e-09,-1.3170741373872297e-05,-1.3132396402052468e-05,-3.8344971819829522e-08,1.1486877619390309e-11,0
4967,-8.1538822076639216e-11,-6.2140415263161122e-05,-6.2172227319175406e-05,3.1812056014283475e-08,2.5134465497201804e-11,0
4968,-7.7349694615240642e-10,6.0798787108306412e-06,6.0919258640765632e-06,-1.2047153245921935e-08,1.2409345119156552e-11,0
4969,2.7097484134544569e-11,-1.4668385819502068e-06,-1.4651008967567342e-06,-1.7376851934726294e-09,1.0039868316934667e-11,0
4970,-6.9195812585027744e-10,6.8220308100011562e-05,6.8270804053409786e-05,-5.0495953398223877e-08,1.8765795180392733e-11,0
4971,1.0863630528567234e-10,6.0673530134314722e-05,6.0706065303360814e-05,-3.2535169046091401e-08,1.3423096702468749e-11,0
4972,8.0059442805044160e-10,-7.5467872882109543e-06,-7.5579294306525350e-06,1.1142142441580689e-08,5.2512699435105856e-12,0
4973,-1.4486127598180272e-10,5.1236470450212283e-05,5.1242631263027448e-05,-6.1608128151647928e-09,8.9347433326378229e-11,0
4974,4.3510021295462776e-10,1.5449159241410701e-05,1.5439059347834710e-05,1.0099893575990504e-08,3.8823118845908827e-11,0
4975,4.3522646026531555e-10,-7.6430284859152920e-05,-7.6423666034453579e-05,-6.6188246993414881e-09,8.0151109984198689e-11,0
4976,7.3975269148745959e-10,-1.5698127666404979e-05,-1.5727475125810932e-05,2.9347459405952586e-08,2.5359570789049248e-11,0
4977,1.2624730916689751e-13,-9.1879393947698687e-05,-9.1881315345152209e-05,1.9213974535221313e-09,1.6160950164269715e-11,0
4978,3.0465247853298475e-10,-3.1147241498717324e-05,-3.1168615913393533e-05,2.1374414676209334e-08,1.2743242419586243e-11,0
4979,3.0452623122435179e-10,6.0732106501013711e-05,6.0707114822766400e-05,2.4991678247310181e-08,1.5108113735017118e-11,0
4980,1.0764427207460087e-09,-5.5738432128936422e-06,-5.5739218654040924e-06,7.8652510450289152e-11,6.8877409183126079e-12,0
4981,4.5177297128380600e-10,-1.4253580383422624e-05,-1.4260313926372448e-05,6.7335429498248346e-09,2.2082343197776007e-11,0
4982,1.5710816138119712e-10,1.5442874127647929e-05,1.5437541963375587e-05,5.3321642723422390e-09,1.7574948431206084e-11,0
4983,1.5718907378577353e-10,-7.6437323369010768e-05,-7.6425179591820515e-05,-1.2143777190253067e-08,6.0964496197690040e-11,0
4984,-2.0588755146562218e-10,-3.7021235638408020e-05,-3.7026126850578809e-05,4.8912121707885654e-09,3.0482358930648227e-11,0
4985,3.9998384408280886e-10,-1.5721934549042978e-05,-1.5729333161986814e-05,7.3986129438358638e-09,8.7767530297410615e-12,0
4986,-2.9466480985170623e-10,2.9696464337189421e-05,2.9701169583196809e-05,-4.7052460073877225e-09,2.5411066082551618e-11,0
4987,-2.9458389744730774e-10,-6.2183740060083037e-05,-6.2173324036980139e-05,-1.0416023102897704e-08,3.9599119904289439e-11,0
4988,-5.1789127189712565e-11,-1.4683205107070794e-06,-1.4655024584997365e-06,-2.8180522073429146e-09,9.8022556992530295e-12,0
4989,8.0912404475463181e-14,-9.1880195965561996e-05,-9.1881315144061682e-05,1.1191784996856819e-09,2.9943534907244762e-11,0
4990,2.4287568298154370e-10,-3.1164785329941026e-05,-3.1168957635369519e-05,4.1723054284924883e-09,7.9251445897070626e-12,0
4991,2.4279477057645136e-10,6.0715409404132371e-05,6.0706764819343753e-05,8.6445847886183346e-09,1.5016719759484606e-11,0
4992,6.5766052291330584e-10,2.2767603815162726e-05,2.2760207990264936e-05,7.3958248977899332e-09,5.4464209673774881e-11,0
4993,3.6299571288482553e-10,5.2463893496744463e-05,5.2460035303083457e-05,3.8581936610053934e-09,7.3845543907267168e-11,0
4994,3.6307662528909865e-10,-3.9416141695221979e-05,-3.9408746233077839e-05,-7.3954621441395729e-09,7.5178022979954566e-11,0
4995,6.0587139568564309e-10,2.1299261066403752e-05,2.1292654294711481e-05,6.6067716922708864e-09,2.7126547856075080e-11,0
4996,-6.0022181725538522e-10,2.9698748869564327e-05,2.9699523580717392e-05,-7.7471115306426913e-10,2.6617856430598097e-11,0
4997,-6.0005069113598873e-10,-6.2181968512017675e-05,-6.2174958333171762e-05,-7.0101788459135585e-09,1.7674890145004416e-11,0
4998,1.3835627763608164e-10,6.1096451062243179e-06,6.0969837273189801e-06,1.2661378905337803e-08,1.1162099667583733e-11,0
4999,-1.2713315748993449e-10,-1.4677590373128255e-06,-1.4658990764183539e-06,-1.8599608944716150e-09,7.2968860038016596e-12,0
5000,1.7112611901304566e-13,-9.1880682351547154e-05,-9.1881314066440277e-05,6.3171489312350074e-10,1.5851055620672133e-11,0
5001,7.3857809453939941e-10,-2.3588984401471096e-05,-2.3583655032774364e-05,-5.3293686967324490e-09,1.4998176402357785e-11,0
5002,4.7308866006882452e-10,-3.1166510215410725e-05,-3.1167706132153978e-05,1.1959167432528750e-09,9.2575150998177560e-12,0
5004,4.7291753394957093e-10,6.0714140288917109e-05,6.0708004709789994e-05,6.1355791271144769e-09,7.6992101456269234e-12,0
5005,-2.6548943458258827e-10,-7.5774922639122895e-06,-7.5637800316611079e-06,-1.3712232251181564e-08,4.0431507173060613e-12,0
5006,-7.5173429433029457e-11,5.1290922780211461e-05,5.1243571357968611e-05,4.7351422242849356e-08,6.7905345607846548e-11,0
5007,-4.1348915958248309e-10,2.9694896383504130e-05,2.9700565082294342e-05,-5.6686987902126659e-09,3.0161764642230485e-11,0
5008,-4.1336819107697131e-10,-6.2184996070416970e-05,-6.2173906327352675e-05,-1.1089743064295250e-08,7.9300306939334706e-11,0
5009,1.4865438059214496e-10,6.1145514559817794e-06,6.0970652820378468e-06,1.7486173943932637e-08,1.5774313257333397e-11,0
5010,-8.0342742746747893e-11,-1.4692663081370370e-06,-1.4656292968651230e-06,-3.6370112719140485e-09,1.1315692679239827e-11,0
5011,1.2096850489316713e-13,-9.1880041477726847e-05,-9.1881313778100775e-05,1.2723003739288250e-09,6.2887332915400885e-11,0
5012,5.6214353994524823e-10,-2.3580287567714908e-05,-2.3584585271238601e-05,4.2977035236932979e-09,1.7335695979671466e-11,0
5013,3.3314641711442180e-10,-3.1164181451734038e-05,-3.1168475817800861e-05,4.2943660668226438e-09,1.1167630024162361e-11,0
5014,5.6202257143880061e-10,6.8299751850152413e-05,6.8277646870564733e-05,2.2104979587679640e-08,6.7647010570024287e-11,0
5015,3.3302544861092664e-10,6.0715876100491013e-05,6.0707224609787699e-05,8.6514907033147692e-09,3.2094590417961700e-11,0
5016,-2.2899712318938180e-10,-7.5838973123484938e-06,-7.5635900462205703e-06,-2.0307266127923505e-08,6.3542949953291183e-12,0
5017,-2.8420540683575159e-10,5.1182443068717443e-05,5.1242740435738142e-05,-6.0297367020699323e-08,1.0463148359128036e-10,0
5019,2.0756692090925019e-11,2.9708309954519767e-05,2.9702981105557962e-05,5.3288489618052884e-09,3.2496295149353810e-11,0
5020,3.9829317639689346e-10,6.1047648067975857e-06,6.0984804667310981e-06,6.2843400664876339e-09,1.7649481918954304e-11,0
5021,2.1063466827988306e-11,-1.4650311749621076e-06,-1.4650462834209184e-06,1.5108458810813023e-11,9.4733796250206157e-12,0
5022,3.7753648395379099e-10,-2.3603420428422841e-05,-2.3585525192599397e-05,-1.7895235823443974e-08,1.7269188132678292e-11,0
5023,3.0677458944856715e-13,-3.1173266147707830e-05,-3.1170304652021344e-05,-2.9614956864858905e-09,1.0645926132187459e-11,0
5024,-3.7722970927542390e-10,-7.5698431290698379e-06,-7.5644186073325665e-06,-5.4245217372713409e-09,6.1533846840035775e-12,0
5027,7.3171762865214954e-10,2.8853785840462706e-05,2.8862526126631745e-05,-8.7402861690392313e-09,8.3894385993837252e-11,0
5028,3.5448791977236183e-10,2.1283763392726182e-05,2.1291119049734592e-05,-7.3556570084098755e-09,7.0072756874035222e-11,0
5029,-3.3597467760465637e-10,1.6802518384461014e-05,1.6797010077277332e-05,5.5083071836815834e-09,1.8145370245306097e-11,0
5030,1.0063359060091925e-10,-1.4288163241765045e-05,-1.4262329459750200e-05,-2.5833782014844856e-08,4.3651368711173191e-11,0
5032,3.8257034909896763e-10,-8.1707054476447966e-06,-8.1577108787115142e-06,-1.2994568933282407e-08,4.0947368130014404e-11,0
5033,7.8484878643516643e-11,-1.5754097806446737e-05,-1.5731107276630222e-05,-2.2990529816515498e-08,2.6542792262978969e-11,0
5034,-1.6540071088256881e-10,-6.2178207869444287e-05,-6.2172432223657717e-05,-5.7756457865696916e-09,7.9273668273959736e-11,0
5035,2.8193675841821964e-10,6.1174179952399113e-06,6.0978864746756354e-06,1.9531520564275957e-08,2.8955300122483729e-11,0
5036,-2.2148712091447746e-11,-1.4659375275826673e-06,-1.4652589327366377e-06,-6.7859484602954270e-10,2.1187433799424303e-11,0
5037,4.4733746950473143e-10,6.8295681026146401e-05,6.8277015941529466e-05,1.8665084616935920e-08,5.3233519078076908e-11,0
5038,1.4325199898465964e-10,6.0712273339477880e-05,6.0706128709475726e-05,6.1446300021541513e-09,4.1085646196598780e-11,0
5039,-3.0408547048716266e-10,-7.5833991385393026e-06,-7.5640343835988606e-06,-1.9364754940442069e-08,1.2031466708243749e-11,0
5042,-1.5103593083970753e-09,-6.2180651751110767e-05,-6.2179696821865023e-05,-9.5492924574453863e-10,1.5027710926886387e-11,0
5043,-1.5962330625700501e-10,6.0996226727665082e-06,6.0955375221920095e-06,4.0851505744986287e-09,1.0887184637128663e-11,0
5044,-3.4285374005929636e-10,-1.4678370115896004e-06,-1.4669751547368183e-06,-8.6185685278216201e-10,7.0781489650894084e-12,0
5045,1.3507360007897788e-09,6.8280354765346864e-05,6.8281946282074135e-05,-1.5915167272712201e-09,1.0239677157638064e-11,0
5046,1.1675055680406589e-09,6.0712765519828826e-05,6.0711682326168442e-05,1.0831936603843627e-09,6.8261947349636776e-12,0
5047,-1.8323042948856883e-10,-7.5675619994452353e-06,-7.5633973138148959e-06,-4.1646856303394797e-09,4.0512872358342596e-12,0
5048,-1.4785634808263680e-10,-3.4433143897735037e-05,-3.4440987502516799e-05,7.8436047817626465e-09,5.4923815100711832e-11,0
5049,-3.9355696069200450e-10,1.6779031751533446e-05,1.6797428190465793e-05,-1.8396438932346637e-08,1.4057214303767572e-11,0
5050,-2.4570061260711516e-10,5.1212198211102178e-05,5.1244259327269253e-05,-3.2061116167074770e-08,6.1667608362217951e-11,0
5051,3.9787597615369593e-10,1.5459659832989248e-05,1.5438864838888563e-05,2.0794994100684398e-08,3.5974712661148913e-11,0
5052,-3.0898889054611192e-09,-6.2176233983558598e-05,-6.2188263112410082e-05,1.2029128851483942e-08,3.5743031296594839e-11,0
5053,-2.5012547951632691e-09,6.0903669183189069e-06,6.0827962100240719e-06,7.5707082948349983e-09,1.6717286092125501e-11,0
5054,-6.5220801179595551e-10,-1.4675383098241299e-06,-1.4686384638475383e-06,1.1001540234083968e-09,1.0501670297165804e-11,0
5055,5.8863411350045916e-10,6.8266688876264178e-05,6.8277782161148807e-05,-1.1093284884628905e-08,2.2832148204701171e-11,0
5056,2.4376809001647306e-09,6.0708708032268261e-05,6.0718589195051259e-05,-9.8811627829978516e-09,1.5149670761337783e-11,0
5057,1.8490467636356674e-09,-7.5579996754067402e-06,-7.5523160919990183e-06,-5.6835834077219124e-09,7.8718871989622986e-12,0
5059,-4.5538132641474049e-10,-3.4487034770679104e-05,-3.4442643618169435e-05,-4.4391152509669081e-08,8.2213566636728955e-11,0
5060,-3.8786013535884633e-10,1.6776356697564311e-05,1.6797922860627275e-05,-2.1566163062963458e-08,4.1319419952423221e-11,0
5062,3.6773015577003184e-10,5.2469959488491130e-05,5.2459835379327128e-05,1.0124109164001054e-08,7.2086368161249300e-11,0
5063,6.7521191083643844e-11,5.1263499956974434e-05,5.1246410598246128e-05,1.7089358728305983e-08,9.2386984076262971e-11,0
5064,1.7122179796356241e-09,-7.6442071556342799e-05,-7.6416620612060706e-05,-2.5450944282092401e-08,4.2550737891874748e-11,0
5065,1.0348030264679674e-09,-1.1661082479833343e-05,-1.1659641953537327e-05,-1.4405262960163567e-09,1.7764902267645517e-11,0
5066,1.2530709242770725e-09,-5.5831936272062593e-06,-5.5729041310307061e-06,-1.0289496175553236e-08,1.6315627529750230e-11,0
5067,1.1809441052870665e-09,-1.3115665183999203e-05,-1.3135256838297919e-05,1.9591654298715695e-08,1.0609595505892076e-11,0
5068,2.1826789844808229e-10,6.0778411275072206e-06,6.0976881251493752e-06,-1.9846997642154651e-08,1.2199624980058232e-11,0
5069,1.4614107882596353e-10,-1.4545570701596580e-06,-1.4642557973745744e-06,9.6987272149164276e-09,8.7012753590156216e-12,0
5070,-7.2126819339672703e-11,-7.5324562462631903e-06,-7.5628225128983879e-06,3.0366266635197611e-08,4.7086755591363492e-12,0
5071,4.0152357833328400e-10,1.5449522907413395e-05,1.5438887764793200e-05,1.0635142620194296e-08,5.4455060187890725e-11,0
5073,1.1821475536656990e-13,-9.1879317789086799e-05,-9.1881308091137600e-05,1.9903020508007119e-09,1.8033961390112701e-11,0
5074,-1.5212262230860223e-10,5.1239057703140675e-05,5.1245718131852007e-05,-6.6604287113318093e-09,8.4227194454488893e-11,0
5075,4.7609623605786424e-10,-1.1672080069036368e-05,-1.1662693039210167e-05,-9.3870298262015774e-09,1.6288197320401640e-11,0
5076,8.0702691737209919e-10,-5.5805890123890312e-06,-5.5753356540960922e-06,-5.2533582929389092e-09,1.3114403505295668e-11,0
5077,5.6961679996376552e-10,-1.3134143520249220e-05,-1.3138592573999776e-05,4.4490537505561818e-09,8.8394733460246378e-12,0
5078,3.3093068114257790e-10,6.0914145529420566e-06,6.0983284354383171e-06,-6.9138824962605635e-09,9.2122552260394787e-12,0
5079,9.3520563832743401e-11,-1.4620713787365062e-06,-1.4645290427753069e-06,2.4576640388006007e-09,6.0241647959773068e-12,0
5080,-2.3741011727007374e-10,-7.5535616542231170e-06,-7.5637343257649859e-06,1.0172671541868991e-08,4.4076162531770800e-12,0
5082,1.0768749037596020e-09,-5.5732231831959189e-06,-5.5738569582270023e-06,6.3377503108341785e-10,7.2840086334788252e-12,0
5083,3.1208658467791072e-11,-1.4367855746852225e-06,-1.4648464273471851e-06,2.8060852661962675e-08,1.7373788255031851e-11,0
5084,-5.1244149964536834e-10,2.8455028030071466e-05,2.8490764533559663e-05,-3.5736503488197069e-08,5.2232985479225893e-11,0
5086,3.7136777322166673e-10,2.1345553046336896e-05,2.1290808927534143e-05,5.4744118802752429e-08,5.1019141537747483e-11,0
5087,-1.7228238530481269e-10,5.1237366795246070e-05,5.1245991718306618e-05,-8.6249230605485601e-09,7.6486375214619345e-11,0
5088,-5.4365015796635637e-10,2.9891832750006744e-05,2.9948095012295244e-05,-5.6262262288499741e-08,2.7550240409765812e-11,0
5089,1.0326242717651003e-10,1.5442824575731540e-05,1.5437261130273087e-05,5.5634454584530435e-09,3.0085912287296973e-11,0
5090,1.0333131656292641e-10,-7.6437356118458019e-05,-7.6425386115047230e-05,-1.1970003410788723e-08,7.5317079049879642e-11,0
5091,6.8889386721771321e-14,-9.1880276797032555e-05,-9.1881307020191304e-05,1.0302231587489214e-09,3.8241408037767600e-11,0
5094,5.6487785689156116e-11,-1.4611370721642931e-06,-1.4646859112525992e-06,3.5488390883060162e-09,4.1195226499280402e-11,0
5096,-2.2820365632366811e-10,-7.5871604636205611e-06,-7.5637136349209546e-06,-2.3446828699606541e-08,2.6439687619879129e-11,0
5099,1.4148714003532873e-10,2.9714035047055665e-05,2.9703920636062831e-05,1.0114410992834090e-08,1.6723712173761707e-11,0
5100,1.4141380774353193e-10,-6.2169136322471480e-05,-6.2170390924471555e-05,1.2546020000751270e-09,1.1727145920970941e-11,0
5101,3.5722368175281121e-10,6.1008732770732529e-06,6.0985822394072746e-06,2.2910376659783369e-09,7.0504894487542134e-12,0
5102,4.9701989928341879e-11,-1.4643297264751391e-06,-1.4647062618609553e-06,3.7653538581623954e-10,4.4750334921940534e-12,0
5103,-7.3332294032085515e-14,-9.1883225518076003e-05,-9.1881306445191173e-05,-1.9190728848297563e-09,1.0144266909576798e-11,0
5105,-9.1785150189322855e-11,-3.1178397208144609e-05,-3.1170877934898853e-05,-7.5192732457558765e-09,4.6483949960313649e-12,0
5106,2.1580987360177987e-10,6.8270100206378618e-05,6.8275737437174957e-05,-5.6372307963390312e-09,7.3803256435820432e-12,0
5107,-9.1711817896125620e-11,6.0704809094151019e-05,6.0704663985522082e-05,1.4510862893631028e-10,3.8121762959345482e-12,0
5108,-3.0752169154573816e-10,-7.5652712250347948e-06,-7.5641576839476929e-06,-1.1135410871018490e-09,1.9906850098019931e-12,0
5109,1.9238925836542388e-10,2.2732453086178953e-05,2.2756763417822024e-05,-2.4310331643071881e-08,3.7915068017365047e-11,0
5110,3.3387639850099459e-10,5.2446556293297281e-05,5.2459503682166451e-05,-1.2947388869170016e-08,2.5945669082100499e-11,0
5111,3.3380306621087700e-10,-3.9436656549249327e-05,-3.9409264106071765e-05,-2.7392443177562409e-08,2.3977261478492506e-11,0
5112,5.4961293950161044e-10,2.8833600966048437e-05,2.8860819864563401e-05,-2.7218898514963925e-08,2.1733678072979463e-11,0
5113,2.4209124825051680e-10,2.1268219059721385e-05,2.1289993852192091e-05,-2.1774792470705931e-08,1.5170622246847766e-11,0
5114,4.3619665427842002e-11,-6.2171154986722862e-05,-6.2170882579814756e-05,-2.7240690810643921e-10,4.4709231103204186e-11,0
5115,2.9480088747734309e-10,6.1198417143897704e-06,6.0982743387012683e-06,2.1567375688502110e-08,2.2272967619367880e-11,0
5116,2.7963133625841396e-11,-1.4642896023907455e-06,-1.4648063985314372e-06,5.1679614069172760e-10,1.4673609929839112e-11,0
5117,-3.4077168794169643e-10,2.8498563148160114e-05,2.8492960933958399e-05,5.6022142017143135e-09,5.2474847106139145e-11,0
5118,2.5118122186866879e-10,6.8291111597529666e-05,6.8275928960801098e-05,1.5182636728568177e-08,2.9847976825680023e-11,0
5119,-1.5656531895310864e-11,6.0706855621917282e-05,6.0705058274780728e-05,1.7973471365539278e-09,1.5873648229321050e-11,0
5120,-3.8439135301430495e-10,9.0669694961725139e-05,9.0653979532030846e-05,1.5715429694293081e-08,5.7790951341417190e-11,0
5121,-2.6683775366125808e-10,-7.5842112963863534e-06,-7.5639476257866564e-06,-2.0263670599696967e-08,8.1986867376114172e-12,0
5122,-6.3557257429579416e-10,2.2378547549721148e-05,2.2397980787308864e-05,-1.9433237587715874e-08,3.0842853587042694e-11,0
5123,-3.6873482146451231e-10,2.9962789996717046e-05,2.9950138603734751e-05,1.2651392982294545e-08,1.7980672185956217e-11,0
5125,5.0028434449079090e-11,-3.6976173152916680e-05,-3.7024232711590405e-05,4.8059558673724560e-08,4.0498278750144361e-11,0
5126,-1.4844818574333378e-10,-3.7049912526549052e-05,-3.7025284819021231e-05,-2.4627707527820504e-08,5.1125083138529043e-11,0
5131,2.1642481692082667e-11,-1.4734364729028417e-06,-1.4648027498200652e-06,-8.6337230827765570e-09,1.0313888471510047e-11,0
5134,-3.2088609467945489e-10,1.6800566604200165e-05,1.6801326963484788e-05,-7.6035928462249262e-10,2.5868207710996558e-11,0
5135,2.5322907589486011e-09,-1.4275754749570359e-05,-1.4249349149901487e-05,-2.6405599668871379e-08,1.6540630767993465e-11,0
5136,1.0377952923601928e-09,-7.6458336678839056e-05,-7.6420231091426990e-05,-3.8105587412066012e-08,2.8775624308388979e-11,0
5137,2.4779909171688784e-09,-8.1761776664149299e-06,-8.1461902016992998e-06,-2.9987464715630163e-08,1.1224500928928068e-11,0
5138,2.2002373421088060e-09,-1.5744430572121187e-05,-1.5719576621598641e-05,-2.4853950522546903e-08,9.9327560998726622e-12,0
5139,-1.4944954657115769e-09,-6.2182594311442543e-05,-6.2179121810122971e-05,-3.4725013195712742e-09,1.5305618543610837e-11,0
5140,-5.4299844139693896e-11,6.0994390945340315e-06,6.0964927020905343e-06,2.9463924434972906e-09,1.1798331806003511e-11,0
5141,-3.3205341658617090e-10,-1.4686873335630242e-06,-1.4667021586960560e-06,-1.9851748669682351e-09,7.2715254905450797e-12,0
5142,1.4401956196681715e-09,6.8282115837276641e-05,6.8282415944148151e-05,-3.0010687150964187e-10,1.0116228332290530e-11,0
5143,1.1624420487303553e-09,6.0713858817264266e-05,6.0711412225899197e-05,2.4465913650689708e-09,6.8375660065590152e-12,0
5144,-2.7775356798587107e-10,-7.5682470196888896e-06,-7.5640530707630458e-06,-4.1939489258438186e-09,4.2390504504597824e-12,0
5145,2.6115848196641946e-10,5.2438854674248178e-05,5.2458956200093692e-05,-2.0101525845513742e-08,7.8010204249702238e-11,0
5146,-2.7354126040731340e-10,1.6806199569760743e-05,1.6801804082302644e-05,4.3954874580988705e-09,3.5023740232005731e-11,0
5147,-3.0148754351330687e-10,1.6807956780053219e-05,1.6801848421176464e-05,6.1083588767551935e-09,2.0333700883843779e-11,0
5148,-3.2236269707861573e-09,-6.2178679929186548e-05,-6.2188505402099018e-05,9.8254729124700162e-09,3.4809105128363885e-11,0
5149,-2.1939884663338125e-09,6.0894095094046058e-06,6.0848539398134429e-06,4.5555695911629314e-09,1.5086711707141491e-11,0
5150,-6.5050724581438350e-10,-1.4685441870323709e-06,-1.4684153043143494e-06,-1.2888271802152728e-10,1.0945090486244442e-11,0
5151,1.0296385053892150e-09,6.8268157455484216e-05,6.8280171614310616e-05,-1.2014158826400027e-08,2.4583970082067055e-11,0
5152,2.5731197268168313e-09,6.0710101895091167e-05,6.0719086538203164e-05,-8.9846431119969456e-09,1.6246792411787351e-11,0
5153,1.5434812040630050e-09,-7.5580739903793187e-06,-7.5541242531124292e-06,-3.9497372668894718e-09,7.0860253714969899e-12,0
5154,3.6316426949195504e-10,1.5449916237845855e-05,1.5438690072837370e-05,1.1226165008484663e-08,3.6205616056630296e-11,0
5155,1.7796568678338120e-10,1.5440632893295309e-05,1.5437679504827997e-05,2.9533884673120124e-09,1.8859373753866076e-11,0
5156,1.7811473539024077e-10,-7.6439858847839395e-05,-7.6424908658513448e-05,-1.4950189325947075e-08,2.5321808434121058e-11,0
5157,1.4904860255170293e-13,-9.1880529480083240e-05,-9.1881300125097433e-05,7.7064501419307936e-10,1.7241292786752596e-11,0
5158,-1.5898796208026318e-10,5.1241559709029605e-05,5.1248756919648868e-05,-7.1972106192627725e-09,8.1516190110419801e-11,0
5159,1.0322790925773674e-09,-1.1657595858374781e-05,-1.1659655736685599e-05,2.0598783108186216e-09,1.7547040749435268e-11,0
5160,1.2334824133844328e-09,-5.5831737128487699e-06,-5.5729457834078457e-06,-1.0227929440924176e-08,1.3564245019112099e-11,0
5162,2.0120332134516625e-10,6.0743688539881616e-06,6.0979744351638124e-06,-2.3605581175650806e-08,1.3013243210514219e-11,0
5166,1.0754302963961912e-09,-5.5721736287846560e-06,-5.5738048090854774e-06,1.6311803008213567e-09,1.3107363936220723e-11,0
5167,2.0151891380224192e-10,-3.1165154958885666e-05,-3.1169336147187931e-05,4.1811883022652391e-09,6.6701521410592522e-12,0
5168,3.6410293569044162e-10,5.2463926018421654e-05,5.2459427888716667e-05,4.4981297049872257e-09,6.9483841212469550e-11,0
5169,5.6562184930726522e-10,2.1298752315725665e-05,2.1291325051826354e-05,7.4272638993114291e-09,2.2770250043753852e-11,0
5171,1.7217671723051896e-09,-7.6432016918117111e-05,-7.6416462465882641e-05,-1.5554452234469579e-08,3.6410467083251675e-11,0
5173,3.3476565804937171e-10,5.2468399399764089e-05,5.2459233745176508e-05,9.1656545875808061e-09,8.6257242869691355e-11,0
5174,5.6738227301374183e-11,5.1274999054886153e-05,5.1250693217458146e-05,2.4305837428006407e-08,9.2302796747504643e-11,0
5175,4.7619773257681907e-10,-1.1672377474360694e-05,-1.1662692484939877e-05,-9.6849894208175721e-09,1.7132250237022901e-11,0
5176,7.9281790064519262e-10,-5.5825516093593874e-06,-5.5753396981408391e-06,-7.2119112185482846e-09,1.3853942180812677e-11,0
5177,5.7441559939371871e-10,-1.3134492273764869e-05,-1.3138520168761295e-05,4.0278949964258959e-09,8.6760237130887225e-12,0
5178,3.1662016788708290e-10,6.0898183795944812e-06,6.0986776063391859e-06,-8.8592267447047359e-09,1.0784200723032063e-11,0
5179,9.8217866740327275e-11,-1.4620397660210227e-06,-1.4642627312500328e-06,2.2229652290101124e-09,4.8010649321980439e-12,0
5180,-2.1840230112035625e-10,-7.5519275385019604e-06,-7.5637874682061841e-06,1.1859929704223678e-08,5.0220384009316168e-12,0
5181,2.8662791459537508e-10,-7.3848562642018535e-05,-7.3843791519661030e-05,-4.7711223575050811e-09,1.2830017222144478e-11,0
5182,4.6664436641365121e-10,-5.5799446182663338e-06,-5.5771177555745370e-06,-2.8268626917968270e-09,6.3541511475880235e-12,0
5183,1.8001645162364196e-10,6.8268629844549580e-05,6.8275525305231489e-05,-6.8954606819088878e-09,1.1063276117980762e-11,0
5184,-7.5167328335918340e-14,-9.1882824568482164e-05,-9.1881298589403646e-05,-1.5259790785176379e-09,3.6950536418201022e-11,0
5186,2.6094719869303881e-10,-3.9436247704818794e-05,-3.9409957116129443e-05,-2.6290588689351221e-08,1.1958032994689770e-10,0
5189,3.4766313466639503e-10,-1.3133832769036263e-05,-1.3139754228977400e-05,5.9214599411368664e-09,5.0317497822209305e-11,0
5192,6.1249166110239826e-11,-1.4615030526411200e-06,-1.4644425812581779e-06,2.9395286170578180e-09,3.9556852365935522e-11,0
5194,-2.2096256451659669e-10,-7.5713136250777843e-06,-7.5638158198197883e-06,-7.4978052579959781e-09,3.0261772771271439e-11,0
5198,3.7242615670402114e-11,-1.4513621688721189e-06,-1.4645507811170525e-06,1.3188612244933680e-08,1.6459017142510216e-11,0
5199,-4.5710964195818025e-10,2.8471379178119857e-05,2.8496793037457649e-05,-2.5413859337791852e-08,5.8110259822837586e-11,0
5200,-4.9435225745577565e-10,2.9922850295627246e-05,2.9953314874997474e-05,-3.0464579370228264e-08,2.9846004290405742e-11,0
5201,8.7770219995640816e-10,-1.3123002935742228e-05,-1.3136852370522557e-05,1.3849434780328408e-08,2.4200762677153050e-11,0
5202,7.6791435095725640e-11,-6.2170631982843075e-05,-6.2170190044088142e-05,-4.4193875493284303e-10,4.5967359423609529e-11,0
5203,2.9771619558605135e-10,6.1129129275555583e-06,6.0986881708007636e-06,1.4224756754794684e-08,1.6760898745906489e-11,0
5204,2.2092476027134128e-10,6.8283520174913705e-05,6.8275743966824133e-05,7.7762080895722946e-09,4.4263612817681834e-11,0
5205,2.3643687851946997e-10,2.2755053108052849e-05,2.2756097535078399e-05,-1.0444270255507287e-09,8.0202759852571142e-11,0
5206,3.1322831372567130e-10,-3.9415351015022930e-05,-3.9409735540579529e-05,-5.6154744434010087e-09,1.0789050561078483e-10,0
5207,5.3415307397570650e-10,2.8868289569740618e-05,2.8859794756189471e-05,8.4948135511462674e-09,9.8498136777177576e-11,0
5208,-1.0129206514617828e-10,1.4254515616745483e-05,1.4223416659234745e-05,3.1098957510737927e-08,5.2997737053964252e-11,0
5209,-3.4776388796237081e-14,-9.1881962354798603e-05,-9.1881295921058108e-05,-6.6643374049520435e-10,7.6145408103003427e-11,0
5210,-3.3673255423862935e-10,1.6797404207758229e-05,1.6804408486089081e-05,-7.0042783308516552e-09,2.5132314208944497e-11,0
5211,1.2202088943555815e-10,-3.6970708440244721e-05,-3.7023395055493718e-05,5.2686615248996962e-08,4.1729148148568198e-11,0
5215,-2.7483090654425632e-10,1.6811644759004879e-05,1.6805152444810159e-05,6.4923141947207286e-09,2.0668914966268811e-11,0
5216,2.4471317999882257e-09,-1.4259568370682957e-05,-1.4250080980450479e-05,-9.4873902324782205e-09,2.4866387847143330e-11,0
5217,9.8134129063931177e-10,-7.6445211466198357e-05,-7.6420445596802759e-05,-2.4765869395597341e-08,4.0845553868925437e-11,0
5218,2.5038716904917513e-09,-8.1612043864292411e-06,-8.1459795830731427e-06,-1.5224803356098321e-08,1.7107517891410532e-11,0
5219,2.1284302980037282e-09,-1.5729788457498426e-05,-1.5720018906344743e-05,-9.7695511536827727e-09,1.3784467008501433e-11,0
5220,-1.4657905091218036e-09,-6.2185614712930055e-05,-6.2178457611412129e-05,-7.1571015179265922e-09,1.8144884984907473e-11,0
5221,5.6739889799365963e-11,6.0982969151586464e-06,6.0974939306084681e-06,8.0298455017826554e-10,1.0029534250294687e-11,0
5222,-3.1870150190093752e-10,-1.4702262088987783e-06,-1.4664068752333801e-06,-3.8193336653981729e-09,7.7855408359112070e-12,0
5223,1.5225303963756943e-09,6.8284062686565193e-05,6.8282845960905569e-05,1.2167256596240343e-09,1.2027463235110501e-11,0
5224,1.1470890068445458e-09,6.0715387445420613e-05,6.0711076471773563e-05,4.3109736470493148e-09,7.9192384209481018e-12,0
5225,-3.7544138705195527e-10,-7.5686325739501500e-06,-7.5647315574409668e-06,-3.9010165091832235e-09,4.0858339794706863e-12,0
5226,-2.7678235253279733e-10,1.6806704033396104e-05,1.6805374768899256e-05,1.3292644968480893e-09,2.5985153736426374e-11,0
5227,1.1773801155341960e-10,1.5442219328176340e-05,1.5437363031813075e-05,4.8562963632657651e-09,1.7159494691624736e-11,0
5228,3.1225792176378859e-10,1.5450323891497142e-05,1.5438425979106180e-05,1.1897912390962341e-08,5.0709146105654794e-11,0
5229,-1.4146040222768793e-10,-3.4443404037845602e-05,-3.4440563709766287e-05,-2.8403280793152814e-09,2.2990625592266962e-11,0
5230,-3.0751403828787795e-10,1.6800768056560167e-05,1.6805644083237563e-05,-4.8760266773957648e-09,1.0803469585664306e-11,0
5231,-1.6605363609451582e-10,5.1244259112645171e-05,5.1252059534282347e-05,-7.8004216371753421e-09,8.1630046223606559e-11,0
5232,-3.3211325439472623e-09,-6.2183532595037460e-05,-6.2188513017700866e-05,4.9804226634058172e-09,3.0040385852649319e-11,0
5233,-1.8372810071758596e-09,6.0862189287975987e-06,6.0872103080005536e-06,-9.9137920295484848e-10,1.3537990528279692e-11,0
5234,-6.3905242645350857e-10,-1.4708998284519281e-06,-1.4681227477172050e-06,-2.7770807347230204e-09,1.1323043221801919e-11,0
5235,1.4838515333536218e-09,6.8269797931596807e-05,6.8282631776939298e-05,-1.2833845342490957e-08,2.0628788718937279e-11,0
5236,2.6820801130244947e-09,6.0712592259785686e-05,6.0719421009792857e-05,-6.8287500071709619e-09,1.3341689777161885e-11,0
5238,1.1190243335208519e-10,1.5444863902177100e-05,1.5437332511240121e-05,7.5313909369786099e-09,5.1875299675246973e-11,0
5239,-2.2424328391865774e-11,2.9706088870775515e-05,2.9703589264131857e-05,2.4996066436578247e-09,2.9743584302771284e-11,0
5240,-2.2484885969512061e-11,-6.2175751698696053e-05,-6.2170442974525953e-05,-5.3087241700999549e-09,1.7815146626489835e-11,0
5241,-6.0557575412084135e-14,-9.1881850302806447e-05,-9.1881291808064742e-05,-5.5849474170528973e-10,2.3698888463711452e-11,0
5242,2.1371972971622850e-10,2.2723676788526798e-05,2.2755500091617919e-05,-3.1823303091121045e-08,7.9516480905132405e-11,0
5243,1.9129540287630963e-10,5.2429411858186115e-05,5.2458156168598057e-05,-2.8744310411942876e-08,9.7289863700402749e-11,0
5244,1.9123484528804297e-10,-3.9452317584967589e-05,-3.9410589273692502e-05,-4.1728311275087348e-08,6.2413519781850459e-11,0
5245,1.0716874600740940e-09,-5.5703391565534166e-06,-5.5737582119450245e-06,3.4190553916079220e-09,8.7225631792562713e-12,0
5246,-2.9022121216995424e-10,1.4224101935199178e-05,1.4224353671822834e-05,-2.5173662365602875e-10,2.1966418258718269e-11,0
5247,1.8840965157230679e-10,-1.4255345727931148e-05,-1.4262515337038059e-05,7.1696091069106872e-09,2.2853603596418757e-11,0
5248,-1.7679654342755497e-11,-7.6437606061680388e-05,-7.6425866239998122e-05,-1.1739821682266150e-08,5.6812451438626028e-11,0
5249,4.4984798037965501e-10,-8.1324122309194263e-06,-8.1571707150477229e-06,2.4758484128296611e-08,2.3675168954972060e-11,0
5250,1.5655982257600785e-10,-1.5722861038311529e-05,-1.5730805956347193e-05,7.9449180356643782e-09,1.2865474897918206e-11,0
5251,-2.0608930591440933e-10,-6.2182236934849380e-05,-6.2171389105819273e-05,-1.0847829030107502e-08,4.9342026972874668e-11,0
5252,2.6143832880924718e-10,6.1228781805917291e-06,6.0987590832669296e-06,2.4119097324799482e-08,1.8448047014960038e-11,0
5253,-3.1849828994304968e-11,-1.4675036393457276e-06,-1.4647574281742269e-06,-2.7462111715006812e-09,1.0508506713959361e-11,0
5254,4.6752763494646254e-10,6.8305151784407367e-05,6.8277077297419832e-05,2.8074486987535153e-08,3.4051671504419277e-11,0
5255,1.7423947726812559e-10,6.0714682613364178e-05,6.0705669784232487e-05,9.0128291316908505e-09,2.0571436679979110e-11,0
5256,-2.9328815783100872e-10,-7.5904486371734456e-06,-7.5643370195264592e-06,-2.6111617646986373e-08,5.7111754977490781e-12,0
5257,8.9180703689980140e-10,6.8281793975889273e-05,6.8279392804622042e-05,2.4011712672307233e-09,2.9899989051339419e-11,0
5260,2.3150889242875914e-11,2.9707689726562667e-05,2.9703902326231437e-05,3.7874003312295883e-09,3.2771313422355282e-11,0
5261,2.7783691870912709e-10,2.2759376923540573e-05,2.2755693156247144e-05,3.6837672934297329e-09,8.3507718703284653e-11,0
5262,3.0098780799970096e-10,5.2467188014246747e-05,5.2458690434847361e-05,8.4975793993859964e-09,7.3757117985930216e-11,0
5263,-3.5996807247537343e-10,1.6772084808231585e-05,1.6806613808225921e-05,-3.4528999994335471e-08,3.9252325588917051e-11,0
5264,2.0991590254993248e-10,-6.2168635833182578e-05,-6.2169034818272770e-05,3.9898509019212214e-10,1.1654869595897195e-11,0
5265,3.4194380023036580e-10,6.0984446753663615e-06,6.0992629094515493e-06,-8.1823408518772107e-10,7.2216565890926254e-12,0
5266,5.9773153876599984e-11,-1.4641438901266592e-06,-1.4642209276947804e-06,7.7037568121127590e-11,6.5219560122875648e-12,0
5267,1.3202789729761796e-10,6.8267157877670900e-05,6.8275241952457113e-05,-8.0840747862130288e-09,6.4874172846102719e-12,0
5269,-2.8217064614012144e-10,-7.5626573019151738e-06,-7.5642998814657720e-06,1.6425795505981949e-09,2.1387731901093780e-12,0
5270,-1.8707512063630012e-10,5.1239156118335939e-05,5.1253538829157317e-05,-1.4382710821377574e-08,8.4815714056211387e-11,0
5271,1.0264121198872355e-09,-1.1646782085225280e-05,-1.1659687776096297e-05,1.2905690871017119e-08,2.3699867018175159e-11,0
5272,1.1979985695983044e-09,-5.5830914283613864e-06,-5.5730451011220920e-06,-1.0046327239294356e-08,1.8545374036006185e-11,0
5273,1.1764841257498257e-09,-1.3087395931329557e-05,-1.3135180833450123e-05,4.7784902120566103e-08,1.5199810196562735e-11,0
5274,1.7158645010983155e-10,6.0636803817636781e-06,6.0983614888388252e-06,-3.4681107075147104e-08,1.4406972893193167e-11,0
5275,1.5007200585675089e-10,-1.4405598158114506e-06,-1.4637115332100820e-06,2.3151717398631413e-08,1.1726354234834886e-11,0
5276,-2.1514443918595872e-11,-7.5043204247043221e-06,-7.5628870567844496e-06,5.8566632080127450e-08,5.0368824091870342e-12,0
5277,2.7642079371279973e-10,1.5459337795113715e-05,1.5438238082707185e-05,2.1099712406529557e-08,4.0676912967647884e-11,0
5278,2.7648371610838662e-10,-7.6419454031908737e-05,-7.6424232849881085e-05,4.7788179723481537e-09,7.5757079376019458e-11,0
5279,6.2922393843623872e-14,-9.1878959721633792e-05,-9.1881287635304230e-05,2.3279136704374781e-09,5.6353833354275802e-11,0
5281,6.6371644498365661e-11,-1.4618494994043246e-06,-1.4641473039112771e-06,2.2978045069524372e-09,4.5909547928571484e-11,0
5286,-1.5596628173153684e-10,-3.7023369902516780e-05,-3.7024546230458729e-05,1.1763279419483674e-09,9.9980096142843316e-11,0
5289,-7.2669705502979659e-10,2.2380983337926506e-05,2.2407405009794762e-05,-2.6421671868256014e-08,4.2741108603140210e-11,0
5291,1.1141852897913248e-10,-3.1169051576409972e-05,-3.1169958383348599e-05,9.0680693862747090e-10,1.8847249675085853e-11,0
5292,1.1142036767941667e-10,6.0711937569546924e-05,6.0705211216615584e-05,6.7263529313399992e-09,2.1833295246247765e-11,0
5293,2.4234495432185101e-09,-8.1879723781794894e-06,-8.1463574249559616e-06,-4.1614953223527846e-08,1.1408788092396519e-11,0
5295,4.7290069744069740e-10,-1.1672657265041769e-05,-1.1662710489977294e-05,-9.9467750644749377e-09,1.6828405407266616e-11,0
5296,7.6090939242511766e-10,-5.5841893998129916e-06,-5.5754098074587570e-06,-8.7795923542345838e-09,1.3264971270798515e-11,0
5297,5.7610483959832488e-10,-1.3134664190684806e-05,-1.3138445529693313e-05,3.7813390085076368e-09,8.3852849155702323e-12,0
5298,2.8800869480418965e-10,6.0884723996385449e-06,6.0991264104757814e-06,-1.0654010837236582e-08,9.1240728236054231e-12,0
5299,1.0320414207915065e-10,-1.4619357462382181e-06,-1.4638947468226186e-06,1.9590005844005066e-09,5.7917799182672338e-12,0
5300,-1.8480455272228298e-10,-7.5504785282927769e-06,-7.5638262111549009e-06,1.3347682862124010e-08,2.7815647043900874e-12,0
5301,-9.4335705088751558e-11,-3.4438897953010909e-05,-3.4440142858805225e-05,1.2449057943159808e-09,5.7856216605700368e-11,0
5302,-2.6650709560962511e-10,1.6807527458842855e-05,1.6809124950039771e-05,-1.5974911969152735e-09,2.8918041469106619e-11,0
5303,-1.7217139052744867e-10,5.1246394179301630e-05,5.1255122958831000e-05,-8.7287795293700923e-09,1.0113277874200388e-10,0
5304,2.3176135205870019e-09,-1.4246593102450709e-05,-1.4251071298033095e-05,4.4781955823854585e-09,2.0111126806122755e-11,0
5305,8.9550271285445733e-10,-7.6437704507512604e-05,-7.6420814860777477e-05,-1.6889646735126899e-08,3.2575585323791802e-11,0
5306,2.4924080772679215e-09,-8.1515842527638688e-06,-8.1459686832478567e-06,-5.6155695160120880e-09,1.4100216480297319e-11,0
5307,2.0152678440263042e-09,-1.5719993889104944e-05,-1.5720690085141732e-05,6.9619603678750582e-10,1.1119555079810442e-11,0
5308,-1.4221108079304231e-09,-6.2191097099393265e-05,-6.2177680742482428e-05,-1.3416356910836750e-08,1.9312914359984173e-11,0
5309,1.7479455760380270e-10,6.0949950598590541e-06,6.0985575058935722e-06,-3.5624460345180673e-09,1.0656835853961967e-11,0
5311,1.5969053625433062e-09,6.8286157007622483e-05,6.8283231315335183e-05,2.9256922873000532e-09,1.3707427331168836e-11,0
5313,-4.7714022971635321e-10,-7.5684109591732732e-06,-7.5654407769027026e-06,-2.9701822705705447e-09,4.2704835773554645e-12,0
5314,1.9306654859939217e-10,1.8031740863545592e-05,1.8027419113199534e-05,4.3217503460574516e-09,3.6731691815155564e-11,0
5315,-2.6782768478069107e-10,5.1211445426260771e-05,5.1255013949771198e-05,-4.3568523510427296e-08,8.0411710572484737e-11,0
5316,2.5250839092672829e-10,1.5450533084234927e-05,1.5438114372048565e-05,1.2418712186361848e-08,2.1431823684074631e-11,0
5317,2.5259235930571151e-10,-7.6428702169287037e-05,-7.6424317762078286e-05,-4.3844072087506234e-09,6.9520906584904247e-11,0
5318,8.3968376809599348e-14,-9.1879081358760541e-05,-9.1881283260909422e-05,2.2019021488805168e-09,2.7211363824529435e-11,0
5319,1.0662661229116253e-09,-5.5681693670065965e-06,-5.5737257989092690e-06,5.5564319026724524e-09,1.6254995518967119e-11,0
5320,3.4219882287861581e-10,5.2463646535966246e-05,5.2458630048347260e-05,5.0164876189864155e-09,3.9977392828896987e-11,0
5322,1.1103233417200495e-08,-1.4243745906249456e-05,-1.4203154383924923e-05,-4.0591522324533511e-08,2.3872838109874389e-11,0
5323,7.7314831356240220e-09,-7.6439121379510370e-05,-7.6383462216485291e-05,-5.5659163025078466e-08,4.8762868965910462e-11,0
5324,9.6845669039380047e-09,-8.1674640769312939e-06,-8.1066765746532782e-06,-6.0787502278015796e-08,2.0004263352524651e-11,0
5325,1.0488098625605756e-08,-1.5721352786267221e-05,-1.5674431637557524e-05,-4.6921148709697124e-08,1.4886974259925989e-11,0
5326,-3.3717502817882124e-09,-6.2195400137866116e-05,-6.2188211337924410e-05,-7.1887999417060691e-09,3.0420854990114448e-11,0
5327,-1.4186665135945909e-09,6.0760755277097789e-06,6.0899461769820268e-06,-1.3870649272247959e-08,1.4616464896839959e-11,0
5329,1.9530837582294946e-09,6.8271542404707911e-05,6.8285171901375256e-05,-1.3629496667345517e-08,2.0906101233702915e-11,0
5331,8.0353171623494199e-10,-7.5538678594687381e-06,-7.5584803035624061e-06,4.6124440936680378e-09,6.5017071394142903e-12,0
5332,4.8730580638294028e-10,-1.4249922877431626e-05,-1.4261155034470887e-05,1.1232157039261318e-08,1.5529211436316464e-11,0
5333,1.6377621665632894e-11,1.5444018167220207e-05,1.5436828350092660e-05,7.1898171275465634e-09,1.8348757738557884e-11,0
5334,1.6490056498703010e-11,-7.6436062902995351e-05,-7.6425584028924425e-05,-1.0478874070925844e-08,2.6810327796506171e-11,0
5335,7.8659590840861848e-10,-8.1383655506793353e-06,-8.1552611114303230e-06,1.6895560750987656e-08,1.2685742902523751e-11,0
5336,3.9381482855798810e-10,-1.5719769203245346e-05,-1.5729561434315391e-05,9.7922310700451548e-09,8.7571927780327008e-12,0
5337,-4.7092818437683514e-10,2.9693945340632938e-05,2.9701523736536798e-05,-7.5783959038597725e-09,2.4547929983691177e-11,0
5338,-4.7081574954663370e-10,-6.2186158195087771e-05,-6.2172317470009212e-05,-1.3840725078558924e-08,1.9547143744791218e-11,0
5339,2.9929010233612885e-10,6.1114984086091395e-06,6.0993683057380894e-06,1.2130102871050133e-08,1.1151214882599322e-11,0
5340,-9.3490977767074096e-11,-1.4698462670282783e-06,-1.4648673595655294e-06,-4.9789074627489102e-09,7.3154707825594039e-12,0
5341,1.1243483407195442e-13,-9.1880060023669216e-05,-9.1881280947326720e-05,1.2209236575032572e-09,2.0693442624096200e-11,0
5342,7.7021828678769050e-10,-2.3582362852646224e-05,-2.3581503710990301e-05,-8.5914165592302109e-10,1.8463096040163180e-11,0
5343,3.7743720728843999e-10,-3.1163774422349015e-05,-3.1168553458112467e-05,4.7790357634517732e-09,1.0989352182852000e-11,0
5344,7.7010585196137547e-10,6.8297740081224318e-05,6.8278709677775299e-05,1.9030403449019377e-08,1.5108506715876101e-11,0
5345,3.7732477246510136e-10,6.0716271730641182e-05,6.0706522022477740e-05,9.7497081634421979e-09,9.6053849266995335e-12,0
5346,-3.9278107974795110e-10,-7.5814315174732236e-06,-7.5650281814928436e-06,-1.6403335980379957e-08,5.3735269510141819e-12,0
5347,2.4043299190095213e-11,1.5445417850973656e-05,1.5436871027960099e-05,8.5468230135568916e-09,4.4562071930237170e-11,0
5349,2.6756534589005532e-10,-1.5717577791194825e-05,-1.5730253770661305e-05,1.2675979466479788e-08,3.4140071241256958e-11,0
5350,6.8208683285490564e-14,-9.1879773172526673e-05,-9.1881280683388475e-05,1.5075108618020638e-09,5.0272079363218545e-11,0
5351,2.4352204690088526e-10,-3.1163027582223682e-05,-3.1169289678063674e-05,6.2620958399920725e-09,1.6676819876889311e-11,0
5352,2.4345383821904169e-10,6.0716801463853338e-05,6.0705776435402194e-05,1.1025028451144283e-08,2.5244498635634198e-11,0
5354,1.1717312082185870e-09,-5.5831806534262094e-06,-5.5731292127616001e-06,-1.0051440664609311e-08,2.1274027306512002e-11,0
5356,1.6528304292865603e-09,1.5458134046125206e-05,1.5445767201563460e-05,1.2366844561745988e-08,2.4342370009396628e-11,0
5357,1.6532229992120359e-09,-7.6421708455460223e-05,-7.6416631165756360e-05,-5.0772897038634706e-09,2.8861369590423959e-11,0
5359,3.7546926535594671e-10,6.1038032399089726e-06,6.0998523419556671e-06,3.9508979533054632e-09,2.0742796232575425e-11,0
5360,4.3746748175723691e-11,-1.4645010183421346e-06,-1.4640795976427664e-06,-4.2142069936822695e-10,1.1145608201068192e-11,0
5361,-3.3172251704272961e-10,-7.5683906363152934e-06,-7.5647197252654653e-06,-3.6709110498280912e-09,8.5625262587373005e-12,0
5363,3.3775323058750437e-10,2.8810048265943966e-05,2.8857107708466717e-05,-4.7059442522750605e-08,1.0469527226748617e-10,0
5364,6.0307145879697207e-12,2.1241676798323950e-05,2.1286868898707060e-05,-4.5192100383110187e-08,6.2946885362635223e-11,0
5367,1.8835167098612567e-09,-5.6066604266578196e-06,-5.5692314276092519e-06,-3.7428999048567711e-08,6.9491081806159544e-11,0
5368,1.9228403959317066e-09,-1.3157864183621117e-05,-1.3131060983095090e-05,-2.6803200526027011e-08,5.4496780925031738e-11,0
5370,2.6636030740194852e-10,6.0861706496651707e-06,6.0992861646669194e-06,-1.3115515001748684e-08,3.2209043947938895e-11,0
5371,3.0568399408375130e-10,-1.4650391921318401e-06,-1.4626324575449582e-06,-2.4067345868818562e-09,2.2277268391638289e-11,0
5372,-1.0416519113800066e-09,6.8228596906819150e-05,6.8268810855787345e-05,-4.0213948968194487e-08,6.3566724121040269e-11,0
5373,-1.0023282254450737e-09,6.0677291214513741e-05,6.0698925442105477e-05,-2.1634227591735202e-08,5.1069767992430463e-11,0
5374,3.9323688355639192e-11,-7.5512626310034886e-06,-7.5627043449355141e-06,1.1441713932025526e-08,8.6639084994580771e-12,0
5375,2.5519572298251289e-10,5.2465386022478109e-05,5.2458018305947949e-05,7.3677165301599522e-09,5.5367028357080961e-11,0
5377,2.5361330537962682e-09,-8.1638994584333491e-06,-8.1456829646887354e-06,-1.8216493744613638e-08,9.3319159191023688e-12,0
5378,2.6152837787648162e-10,-1.3127917990168186e-05,-1.3140128588987304e-05,1.2210598819117468e-08,1.3503100659990339e-11,0
5379,-1.2801126057875450e-10,1.6821807741844962e-05,1.6812619398756075e-05,9.1883430888863829e-09,4.7685529755598021e-11,0
5380,-3.8953963763494838e-10,2.9949677977911260e-05,2.9962882017194794e-05,-1.3204039283534194e-08,3.0918373391739890e-11,0
5381,-8.6881298922547381e-14,-9.1881692004136512e-05,-9.1881278196591682e-05,-4.1380754483004867e-10,2.0354293448519548e-11,0
5383,9.0399115128392886e-11,-3.9467925649686736e-05,-3.9411656067553981e-05,-5.6269582132754395e-08,6.2883059951044856e-11,0
5384,4.6907732867815049e-10,-1.1672701359125189e-05,-1.1662731369311238e-05,-9.9699898139505823e-09,1.1103099656790332e-11,0
5385,7.3580112489544192e-10,-5.5846349590292499e-06,-5.5754851684202992e-06,-9.1497906089506520e-09,7.6871791475610271e-12,0
5386,5.7426254758610368e-10,-1.3134515240844497e-05,-1.3138416800861512e-05,3.9015600170150087e-09,5.0217409904767691e-12,0
5387,2.6672379604782244e-10,6.0880229107317021e-06,6.0993689594945573e-06,-1.1346048762855200e-08,7.8798301189301188e-12,0
5388,1.0518521882922868e-10,-1.4617716475738736e-06,-1.4636818662681199e-06,1.9102186942463538e-09,5.2508788325638838e-12,0
5389,-1.6153857723270872e-10,-7.5498789866273314e-06,-7.5638309287760235e-06,1.3951942148692127e-08,2.9472069602648212e-12,0
5390,-3.5832928649132963e-10,1.4235494143832652e-05,1.4229938467584101e-05,5.5556762485509554e-09,6.5638768272110650e-12,0
5391,1.1434856460312339e-10,-1.1680476174965801e-05,-1.1664668535403345e-05,-1.5807639562455492e-08,7.5513475906602988e-12,0
5392,3.6724372556234299e-10,1.8034380270863081e-05,1.8028377467834527e-05,6.0028030285540408e-09,1.1088628485186065e-11,0
5393,3.6712685280609192e-10,-7.3848726922343989e-05,-7.3842899599506272e-05,-5.8273228377170869e-09,1.4359787825764023e-11,0
5394,4.3546318091523437e-10,-5.5827629337999729e-06,-5.5771203776071863e-06,-5.6425561927866017e-09,7.5504683490372826e-12,0
5395,1.7955578672686786e-10,-1.3144430112706391e-05,-1.3140569189399097e-05,-3.8609233072941260e-09,3.7426418939151227e-12,0
5396,2.5289516102503154e-10,2.9714931992637708e-05,2.9705654544888845e-05,9.2774477488636199e-09,1.5801089451437230e-11,0
5397,2.5277828827482174e-10,-6.2168228459044683e-05,-6.2168099729022748e-05,-1.2873002193565259e-10,1.2334473524061014e-11,0
5398,3.2111461658480498e-10,6.0976595588914904e-06,6.0996946280432383e-06,-2.0350691517478486e-09,7.2895194584837602e-12,0
5399,6.5207222164903443e-11,-1.4639321330250053e-06,-1.4638840548515443e-06,-4.8078173461038267e-11,4.8572081469633382e-12,0
5400,-1.1687275502846533e-13,-9.1883138832431555e-05,-9.1881277599350296e-05,-1.8612330812586408e-09,8.6086883635440150e-12,0
5401,6.8219455224122597e-11,-2.3617148605806562e-05,-2.3585065128368002e-05,-3.2083477438559957e-08,1.0025719711205285e-11,0
5402,-1.8768793881343198e-10,-3.1178813298003358e-05,-3.1171684300487860e-05,-7.1289975154978456e-09,3.0669142717607958e-12,0
5403,6.8336327978817113e-11,6.8265993266403667e-05,6.8274867041107656e-05,-8.8737747039893894e-09,1.0263864538178914e-11,0
5404,-1.8757106605979806e-10,6.0704322144692832e-05,6.0703304982904597e-05,1.0171617882348484e-09,3.2759524475120748e-12,0
5405,-2.5590739427371580e-10,-7.5616606980974735e-06,-7.5643567941079371e-06,2.6960960104636269e-09,3.2074632178535169e-12,0
5406,3.6424378051510027e-10,-5.5762109970516199e-06,-5.5775039352314661e-06,1.2929381798461618e-09,1.4252168581240029e-11,0
5407,9.4972733366953935e-12,-3.4424332808306000e-05,-3.4439392912062281e-05,1.5060103756280865e-08,6.6514385969023789e-11,0
5408,3.5474650652671545e-10,2.8848157351441493e-05,2.8856828701572770e-05,-8.6713501312766182e-09,8.4299500231661344e-11,0
5409,2.1673849737398321e-09,-1.4233547425090282e-05,-1.4252147413981045e-05,1.8599988890763224e-08,2.7062622079705107e-11,0
5410,7.9596011078178875e-10,-7.6433528752178426e-05,-7.6421268559680522e-05,-1.2260192497904059e-08,3.7199720721686771e-11,0
5411,1.8815719607626210e-09,-1.5712565561116359e-05,-1.5721468264822070e-05,8.9027037057107857e-09,1.4637296022004048e-11,0
5412,-1.3714248633094509e-09,-6.2200024567977096e-05,-6.2176917539919621e-05,-2.3107028057474063e-08,1.8372272658105713e-11,0
5413,-2.8581301318196600e-10,-1.4790396184708073e-06,-1.4657782133772340e-06,-1.3261405093573227e-08,8.7639033239553607e-12,0
5414,1.0856118499091668e-09,6.0720943663883364e-05,6.0710232028705263e-05,1.0711635178101088e-08,8.2884442458893112e-12,0
5415,-1.3343863648829210e-10,1.5442242543777657e-05,1.5436020179296344e-05,6.2223644813131957e-09,1.6589531287102941e-11,0
5416,3.0596547256953872e-10,-8.1327408921760564e-06,-8.1578370017369745e-06,2.5096109560918082e-08,1.3314081264076843e-11,0
5417,-4.5982682810585870e-10,-3.7021213368011556e-05,-3.7025670219025954e-05,4.4568510143978531e-09,3.2655558061657547e-11,0
5418,4.3940410938957934e-10,-2.3574994740548777e-05,-2.3582944681113987e-05,7.9499405652096893e-09,1.0815775149814209e-11,0
5419,3.2638819189946430e-10,5.2463422748327652e-05,5.2458265365036407e-05,5.1573832912451428e-09,7.9730355614906367e-11,0
5420,7.6579230113920090e-10,2.8888613449361104e-05,2.8858986323865630e-05,2.9627125495474180e-08,3.8529706202096980e-11,0
5421,1.8933993246095384e-10,1.5450788642277537e-05,1.5437783672668054e-05,1.3004969609482818e-08,3.2504737061154586e-11,0
5422,1.8940978369917581e-10,-7.6428306398897486e-05,-7.6424568283122449e-05,-3.7381157750367849e-09,5.3107409857913767e-11,0
5423,-2.5875899688847946e-10,-3.7015257911010742e-05,-3.7024549276548361e-05,9.2913655376194093e-09,3.7088044367360151e-11,0
5424,6.9851233392264442e-14,-9.1879210532463430e-05,-9.1881274501036617e-05,2.0639685731864551e-09,1.7479915827821174e-11,0
5425,4.4809892933283817e-10,5.2466167160751314e-05,5.2458910507541743e-05,7.2566532095713122e-09,9.3185337740088465e-11,0
5426,4.4816878057138810e-10,-3.9412931749313400e-05,-3.9409808845975612e-05,-3.1229033377888908e-09,8.1170404724113640e-11,0
5427,1.0584367390324173e-09,-5.5646844348937463e-06,-5.5737020905271885e-06,9.0176556334421821e-09,2.5968133060687831e-11,0
5428,1.1084615976988702e-08,-1.4202480903200126e-05,-1.4203510564980384e-05,1.0296617802583666e-09,3.6313500806767643e-11,0
5429,7.7166358718903235e-09,-7.6424344291590922e-05,-7.6383453821189236e-05,-4.0890470401686160e-08,5.2332780256421690e-11,0
5430,1.0032338693992876e-08,-8.1512348239264412e-06,-8.1047113021616234e-06,-4.6523521764817795e-08,2.1193528064326797e-11,0
5431,1.0498306297128897e-08,-1.5698247112437254e-05,-1.5674423735689104e-05,-2.3823376748150084e-08,1.8737006040388426e-11,0
5432,-3.3679801255244737e-09,-6.2221898024370469e-05,-6.2187706642042006e-05,-3.4191382328462331e-08,3.6733795660135765e-11,0
5433,-1.0522772869141144e-09,6.0511780327846681e-06,6.0923237069076198e-06,-4.1145674122951701e-08,1.7988980779681992e-11,0
5434,-5.8630968346030375e-10,-1.4958224659421520e-06,-1.4673692437762549e-06,-2.8453222165897075e-08,1.3420900610572449e-11,0
5435,2.3157028216512237e-09,6.8273140291365969e-05,6.8287133446379576e-05,-1.3993155013606782e-08,2.2164413129850915e-11,0
5436,2.7816704246955373e-09,6.0726063846638575e-05,6.0719437552996540e-05,6.6262936420353569e-09,1.7251043688388879e-11,0
5437,4.6596760347730026e-10,-7.5470794739258135e-06,-7.5604620810168456e-06,1.3382607091032178e-08,6.3815647271008481e-12,0
5438,-2.4150295755962505e-11,-3.4433217901692730e-05,-3.4439527947123295e-05,6.3100454305656532e-09,3.7549596400210939e-11,0
5439,-2.0416077257945401e-10,1.6815674239921592e-05,1.6814079404392673e-05,1.5948355289188373e-09,2.1800946182967723e-11,0
5440,-1.8001047678772226e-10,5.1248775121526258e-05,5.1259467330504276e-05,-1.0692208978018401e-08,1.1109328510201146e-10,0
5441,-4.3158646075684385e-10,2.9692115416925582e-05,2.9702056827552485e-05,-9.9414106269023997e-09,2.3370991584380571e-11,0
5442,-4.3149125386262747e-10,-6.2187856764771982e-05,-6.2171626828996435e-05,-1.6229935775546552e-08,1.9088874544846526e-11,0
5443,9.5206894439943066e-14,-9.1879960775506129e-05,-9.1881272817804599e-05,1.3120422984695809e-09,1.6857910289605842e-11,0
5444,1.1428998432228729e-09,-5.5837166274695822e-06,-5.5732277225151771e-06,-1.0488904954405098e-08,2.3546839159065946e-11,0
5445,-2.7560134009963477e-10,5.1200144065077086e-05,5.1259356394960932e-05,-5.9212329883846207e-08,8.5452974813090222e-11,0
5446,2.1610502905800359e-10,-1.4246794784639888e-05,-1.4262904217633906e-05,1.6109432994017788e-08,4.3873246844101716e-11,0
5447,-4.4273160971390842e-11,1.5445808146296626e-05,1.5436511363021520e-05,9.2967832751060715e-09,4.3358795662153888e-11,0
5448,-4.4219921196416056e-11,-7.6433936479341005e-05,-7.6425821290140918e-05,-8.1151892000877251e-09,8.8878145956069262e-11,0
5449,1.7213686444601877e-10,-1.5717054098912577e-05,-1.5730822420741677e-05,1.3768321829099931e-08,2.8329657998535248e-11,0
5450,-2.6037818968021754e-10,2.9692631067146022e-05,2.9703014649708933e-05,-1.0383582562910874e-08,2.8921812032497052e-11,0
5451,-2.6032494990755431e-10,-6.2187093812898428e-05,-6.2170657913518650e-05,-1.6435899379777658e-08,5.2187364205786755e-11,0
5452,-4.3968164547805632e-11,-1.4702201525432744e-06,-1.4643733954392356e-06,-5.8467571040388381e-09,1.1221110800779674e-11,0
5453,5.3239771934988318e-14,-9.1879794668956404e-05,-9.1881272456340594e-05,1.4777873841894783e-09,4.9882706097751324e-11,0
5454,2.1641002561706375e-10,-3.1162796273068692e-05,-3.1169518483350708e-05,6.7222102820155630e-09,1.3225065816811802e-11,0
5455,2.1635678584202138e-10,6.0716954963283519e-05,6.0705389763054082e-05,1.1565200229436657e-08,2.7300803566180989e-11,0
5456,2.0085977698440898e-10,2.9709353969202199e-05,2.9705570823467258e-05,3.7831457349408668e-09,3.5139353674838128e-11,0
5457,2.0074228684493215e-10,-6.2173041572849332e-05,-6.2168084164175295e-05,-4.9574086740370891e-09,3.1660573385432476e-11,0
5458,4.7597990913485819e-11,-1.4644058512838662e-06,-1.4638488710214255e-06,-5.5698026244072109e-10,9.6169439926482820e-12,0
5459,-1.1749014104165800e-13,-9.1882461992460495e-05,-9.1881272423214626e-05,-1.1895692458689395e-09,2.7317270941974557e-11,0
5460,-1.5326178610624776e-10,-3.1173826524706107e-05,-3.1171546635885120e-05,-2.2798888209865338e-09,1.2297908761455760e-11,0
5461,-1.5314429596186987e-10,6.0708574571087786e-05,6.0703344189285578e-05,5.2303818022083411e-09,1.5914828867248603e-11,0
5462,-3.3597091404474378e-10,-3.7054554792175648e-05,-3.7024821718591455e-05,-2.9733073584192608e-08,5.1564330423486785e-11,0
5463,5.3954855678107510e-10,-5.5793704982140535e-06,-5.5765074252206081e-06,-2.8630729934454380e-09,4.1835141487272971e-11,0
5466,-1.0102061166322378e-09,6.0674463271802575e-05,6.0698642909404493e-05,-2.4179637601917973e-08,8.3004805774601199e-11,0
5467,-5.8942912997403043e-14,-9.1882286829515379e-05,-9.1881270445138489e-05,-1.0163843768896431e-09,2.0758181913045403e-11,0
5468,2.1320942221968934e-10,5.2463525478399064e-05,5.2457441924120910e-05,6.0835542781538542e-09,6.9002338079487171e-11,0
5469,2.1315047930720545e-10,-3.9418751912435792e-05,-3.9411270854982857e-05,-7.4810574529344913e-09,3.9076876696659366e-11,0
5470,4.6423233594196704e-10,-1.1672628204316589e-05,-1.1662757827711557e-05,-9.8703766050320434e-09,7.5894520061516615e-12,0
5471,7.0814186090220890e-10,-5.5848841671512703e-06,-5.5755778935826517e-06,-9.3062735686185661e-09,6.0431769235302595e-12,0
5472,5.7059703356798306e-10,-1.3134299259371339e-05,-1.3138400185116465e-05,4.1009257451259475e-09,3.9304444474887113e-12,0
5473,2.4390952479806649e-10,6.0876926736824072e-06,6.0995832099145749e-06,-1.1890536232167729e-08,5.5561213998337682e-12,0
5474,1.0636469755152910e-10,-1.4616366761691611e-06,-1.4634845968874443e-06,1.8479207182832035e-09,3.6430874425922665e-12,0
5475,-1.3754482728282820e-10,-7.5494064551194853e-06,-7.5638243461182029e-06,1.4417890998717611e-08,2.4165846547177322e-12,0
5476,-4.0387476864601501e-10,1.4236888094363610e-05,1.4232829168671227e-05,4.0589256923830112e-09,1.1123480326908661e-11,0
