obs_index,gravity_template_s,obs_minus_base_s,fit_s,obs_minus_base_minus_fit_s,sigma_s,flag
0,-1.6026726113087638e-10,-2.6148080814409995e-05,-2.6160901765751054e-05,1.2820951341059074e-08,1.3541378965714928e-11,0
1,-1.5556453488207552e-10,-1.1362229180885970e-05,-1.1378148623963742e-05,1.5919443077772491e-08,1.8334186533889738e-11,0
2,-5.1979099140197452e-12,-3.3247807364827908e-05,-3.3233568598897937e-05,-1.4238765929970728e-08,9.7678558581784369e-12,0
3,1.3485996632556374e-11,-2.0767040011725364e-04,-2.0765618314964754e-04,-1.4216967606102936e-08,1.8133393312105863e-11,0
4,-5.7289979592763248e-12,-3.8083288452228636e-05,-3.8067347434652344e-05,-1.5941017576292583e-08,1.6211666047484077e-11,0
5,-2.1952275187801376e-10,-5.2019445422836139e-05,-5.1992568077682828e-05,-2.6877345153310413e-08,4.2286692069353789e-11,0
6,-1.2335639208456583e-11,-2.8001458750218089e-05,-2.7987993711711371e-05,-1.3465038506717530e-08,7.6329850016894014e-12,0
7,4.7027261498345460e-12,1.4785856543873821e-05,1.4756701339748047e-05,2.9155204125773591e-08,2.1897898517403358e-11,0
8,1.5506935178277635e-10,-7.0997193082067422e-06,-7.0697569302884925e-06,-2.9962377918249709e-08,9.1719122367194177e-12,0
9,1.7375325817365548e-10,-1.8152231427443974e-04,-1.8150884457797289e-04,-1.3469696466848280e-08,1.4531769653045877e-11,0
10,1.5453826368866821e-10,-1.1935226294575337e-05,-1.1915967925083541e-05,-1.9258369491795840e-08,1.5033658732316781e-11,0
11,-5.9255490718413256e-11,-2.5871260788719406e-05,-2.5874119848650308e-05,2.8590599309021676e-09,3.3536373916582463e-11,0
12,1.4793162246868559e-10,-1.8533746492460992e-06,-1.8316895557233609e-06,-2.1685093522738302e-08,7.8775492245263689e-12,0
13,1.5036662489031001e-10,-2.1885563051955020e-05,-2.1829884870244457e-05,-5.5678181710562915e-08,2.2081094154218478e-11,0
14,1.6905053145353729e-10,-1.9630817738295822e-04,-1.9625052023444602e-04,-5.7657148512204508e-08,3.5279912152232576e-11,0
16,-6.3958217008710538e-11,-4.0657127024225706e-05,-4.0631825140903315e-05,-2.5301883322390636e-08,6.4202051318176040e-11,0
17,1.4322889559848742e-10,-1.6639232294266004e-05,-1.6594356528647290e-05,-4.4875765618713792e-08,1.5441709599587636e-11,0
18,1.8683906326522545e-11,-1.7442260575109602e-04,-1.7442766549364435e-04,5.0597425483352859e-09,7.5167649060525552e-12,0
19,-5.3108811281577199e-13,-4.8354533483459684e-06,-4.8352238489506539e-06,-2.2949939531449032e-10,1.0748800610423892e-11,0
20,-7.1377293221593682e-12,5.2463558456611889e-06,5.2448834956162388e-06,1.4723500449501068e-09,4.3098214988319414e-12,0
21,-1.9214994447630767e-11,1.6958712925536684e-04,1.6958786779937022e-04,-7.3854400337871294e-10,1.2345971483205019e-11,0
22,-2.5821635659381702e-11,1.7966894034313085e-04,1.7967292028735202e-04,-3.9799442211666241e-09,6.4676551667246274e-12,0
23,-6.6066412064233855e-12,1.0081821741984331e-05,1.0081858639969029e-05,-3.6897984698154107e-11,6.8411247758017066e-12,0
24,2.1432484269066648e-10,1.8771564306797959e-05,1.8803391978895803e-05,-3.1827672097844018e-08,3.3610415759596920e-11,0
25,2.3300874902827285e-10,-1.5565089341290530e-04,-1.5564149281409323e-04,-9.4005988120768672e-09,6.8242757967954497e-11,0
26,2.1379375458235891e-10,1.3936155518438280e-05,1.3958178870075472e-05,-2.2023351637192036e-08,7.5865145768742035e-11,0
27,2.0718711337212239e-10,2.4018017273991156e-05,2.4043916105948849e-05,-2.5898831957692437e-08,3.1172957846475423e-11,0
28,4.3787353075864050e-10,-1.8151812432622247e-04,-1.8150568587515766e-04,-1.2438451064814872e-08,1.1436444365448413e-11,0
29,6.0786490024105027e-10,-1.1918396536005071e-05,-1.1911113600374072e-05,-7.2829356309992609e-09,1.2794783424856851e-11,0
30,1.6999136946642397e-10,1.6959973221896373e-04,1.6958961342855168e-04,1.0118790412044993e-08,8.3879718899977823e-12,0
31,-5.7259298320749728e-10,2.6268874246398229e-05,2.6328745756622355e-05,-5.9871510224126021e-08,1.3187298936716087e-11,0
32,-1.8676215813410056e-10,-6.9535753411051338e-06,-6.9533950164269647e-06,-1.8032467816909715e-10,8.7871507615132210e-12,0
33,-1.5590940319060483e-10,-1.7052221003349341e-06,-1.7072336852666354e-06,2.0115849317013331e-09,9.7574421903499968e-12,0
34,3.8583082540347860e-10,-3.3222480129955177e-05,-3.3229623200590210e-05,7.1430706350325275e-09,4.0699231742421930e-12,0
35,4.1668358035366430e-10,-2.7974123427974493e-05,-2.7983630791985553e-05,9.5073640110602425e-09,2.9169246131039625e-12,0
36,3.0852754936885721e-11,5.2483585904206098e-06,5.2452946268689349e-06,3.0639635516749457e-09,2.3374947820777074e-12,0
37,-2.4379367867026048e-10,1.4702579970521379e-05,1.4753722895422511e-05,-5.1142924901131763e-08,1.1602944027145176e-11,0
38,-3.0881389305273727e-11,-2.5887160175601127e-05,-2.5873836312451557e-05,-1.3323863149570137e-08,3.2440419822540384e-11,0
39,-2.8917649591029828e-10,4.7271626775549636e-06,4.7911765858736010e-06,-6.4013908318637480e-08,1.2629722399105381e-11,0
40,2.1291228954300965e-10,-4.0589745085806150e-05,-4.0628557402325215e-05,3.8812316519064912e-08,4.1751745060351922e-11,0
41,-4.5382817092573317e-11,-9.9754299198910948e-06,-9.9703237519599750e-06,-5.1061679311198037e-09,7.0289783070440363e-12,0
42,-2.5829510660780516e-10,3.0614280704756303e-05,3.0673241322109630e-05,-5.8960617353327467e-08,4.3630942326946358e-11,0
43,-5.2179023020464594e-10,2.6295731573668796e-05,2.6329308890831253e-05,-3.3577317162457288e-08,4.1748349315169043e-11,0
44,-7.3483310755425723e-10,-6.9606990815880565e-06,-6.9595151548297354e-06,-1.1839267583210844e-09,1.8909799975059616e-11,0
45,-5.3935507841645090e-10,-1.8138144067527339e-04,-1.8138233618354664e-04,8.9550827324824840e-10,2.7488262768391092e-11,0
46,-6.8895888399968983e-10,-1.1795812189374991e-05,-1.1795242275275998e-05,-5.6991409899312786e-10,2.1466603969436758e-11,0
47,-7.2906964961490435e-10,-1.7139060192817093e-06,-1.7136463475838180e-06,-2.5967169789135772e-10,1.4656979254916384e-11,0
48,-2.1304287699054400e-10,-3.3256523631911006e-05,-3.3236545662832808e-05,-1.9977969078197912e-08,9.1467064245623325e-12,0
49,-1.7564847803658473e-11,-2.0767726435252931e-04,-2.0765670949320599e-04,-2.0554859323326140e-08,2.0665135997709370e-11,0
50,-1.6716865338160736e-10,-3.8091620949516278e-05,-3.8069945969539433e-05,-2.1674979976844257e-08,1.3625048291568272e-11,0
51,-2.0727941900826880e-10,-2.8009710987021708e-05,-2.7990833985514360e-05,-1.8877001507347160e-08,7.3965563510975516e-12,0
52,1.9547802911075343e-10,-1.7442073171080631e-04,-1.7442518359221952e-04,4.4518814132105816e-09,4.5129046609026344e-12,0
53,4.5874223527029966e-11,-4.8351227652534924e-06,-4.8348606709331109e-06,-2.6209432038148007e-10,3.5775463888920450e-12,0
54,5.7634579152768156e-12,5.2468171032922376e-06,5.2450092289052078e-06,1.8078743870297931e-09,2.1382270536237492e-12,0
55,-1.4960380558202824e-10,1.6958559640437151e-04,1.6958576486885270e-04,-1.6846448118879725e-10,3.6424555971417878e-12,0
56,-1.8971457119935217e-10,1.7966752741782003e-04,1.7967056136934781e-04,-3.0339515277801217e-09,2.6483271532176751e-12,0
57,-4.0110765609834189e-11,1.0081922502892815e-05,1.0081616050101130e-05,3.0645279168434831e-10,2.0725401471349243e-12,0
58,1.2169799710704182e-11,-2.5859424339228290e-05,-2.5873368349297795e-05,1.3944010069504313e-08,4.0735788261766363e-11,0
59,-2.7068840001166783e-10,1.4728783006330223e-05,1.4753229782207526e-05,-2.4446775877302608e-08,2.0358621195250513e-11,0
60,-5.4774212071694436e-12,-2.5849593151025139e-05,-2.5873581695422822e-05,2.3988544397682873e-08,3.4700582092036865e-11,0
61,-2.7971348344119243e-10,4.7554013459100153e-06,4.7911459742727343e-06,-3.5744628362719024e-08,2.3370010120853752e-11,0
62,2.6521097871550708e-10,-4.0578469810334181e-05,-4.0627804658151432e-05,4.9334847817251678e-08,8.9367196290436588e-11,0
63,-9.0250832873241006e-12,-9.9733615218134970e-06,-9.9698374438680684e-06,-3.5240779454285697e-09,1.9093179792564372e-11,0
64,-2.7423606225911732e-10,3.0604940639849046e-05,3.0672914868899239e-05,-6.7974229050193089e-08,8.0639418508454215e-11,0
65,-5.0444424957335872e-10,2.6262634280387748e-05,2.6329501166141212e-05,-6.6866885753463963e-08,1.0621521246674688e-11,0
66,-3.9567461639885870e-10,-6.9686915502315677e-06,-6.9558120915988204e-06,-1.2879458632747309e-08,8.0458563626448642e-12,0
67,-2.3170340463068253e-10,-1.8138452094819488e-04,-1.8137872054037636e-04,-5.8004078185263774e-09,6.6967790774692783e-12,0
68,-3.4416686161759474e-10,-1.1802800298743935e-05,-1.1791554072973366e-05,-1.1246225770569022e-08,8.3936373654014397e-12,0
69,-3.8438245270013091e-10,-1.7216363069512408e-06,-1.7099001022705805e-06,-1.1736204680660290e-08,5.4581018333681882e-12,0
70,1.0876963338524454e-10,-3.3231328543457082e-05,-3.3233335220984555e-05,2.0066775274725284e-09,3.1376332294644788e-12,0
71,2.7274084514591060e-10,-2.0764717704473872e-04,-2.0765358807345075e-04,6.4110287120288517e-09,4.3063436822016680e-12,0
72,1.6027738816806985e-10,-3.8065436108221037e-05,-3.8066745084530706e-05,1.3089763096683048e-09,3.8102157729322547e-12,0
73,1.2006179707642311e-10,-2.7984284140431664e-05,-2.7987565553796023e-05,3.2814133643586907e-09,2.3427552077632803e-12,0
74,1.6397121175900791e-10,-1.7441584622105918e-04,-1.7442525608910465e-04,9.4098680454611852e-09,3.5345404096576711e-12,0
75,5.1507754782165070e-11,-4.8341256095882704e-06,-4.8348783634495386e-06,7.5275386126827317e-10,3.5773569381182281e-12,0
76,1.1292163690633508e-11,5.2470449142327054e-06,5.2450613589146632e-06,1.9835553180421313e-09,2.0814136553029444e-12,0
77,-1.1246345698660190e-10,1.6958173471421333e-04,1.6958582804307409e-04,-4.0933288607616913e-09,3.3320046121099251e-12,0
78,-1.5267904807172072e-10,1.7966288995695506e-04,1.7967068453887805e-04,-7.7945819229922018e-09,2.1306176440280394e-12,0
79,-4.0215591089376121e-11,1.0081153474367222e-05,1.0081683145826567e-05,-5.2967145934511013e-10,2.0766955819248981e-12,0
80,3.5874200854200086e-10,-1.1949720385689283e-05,-1.1914347279332134e-05,-3.5373106357149082e-08,1.8897868680242760e-11,0
81,-3.4769274858705210e-11,-2.5858816279064872e-05,-2.5873928504269203e-05,1.5112225204331299e-08,6.6532225922771142e-11,0
82,3.9351128305609796e-10,1.3909148973176994e-05,1.3959771732787963e-05,-5.0622759610969168e-08,4.7032643751278622e-11,0
83,5.4937287858470270e-10,-3.3213836118491102e-05,-3.3228811245887105e-05,1.4975127396002247e-08,1.1088304279105661e-11,0
84,5.9182221378555139e-10,-2.7960863007422954e-05,-2.7982699534315572e-05,2.1836526892618659e-08,1.2660451450911741e-11,0
85,4.2449335169140202e-11,5.2529964494666369e-06,5.2453974904055431e-06,7.5989590610938106e-09,8.4736401001296899e-12,0
86,-8.1228948432528646e-11,-9.9790673023444909e-06,-9.9705553934882266e-06,-8.5119088562643367e-09,1.6790033242424598e-11,0
87,3.4795484300758326e-12,-1.8153920054128983e-04,-1.8150973134213702e-04,-2.9469199152806509e-08,3.5936036482604428e-11,0
88,-6.3718326551153669e-10,2.6278271123137201e-05,2.6328029791534283e-05,-4.9758668397082616e-08,3.0687975943986535e-11,0
89,1.9572970460982209e-10,-6.9154641559217300e-06,-6.9493555833074512e-06,3.3891427385721158e-08,1.8851140867574660e-11,0
90,2.6058473308774541e-10,-1.6411672961388901e-06,-1.7028816457077151e-06,6.1714349568825017e-08,2.4424023026308677e-11,0
91,8.3291296841789803e-10,-3.3193702812113132e-05,-3.3225934642521819e-05,3.2231830408686554e-08,8.8948487719551073e-12,0
92,8.9776799685344049e-10,-2.7919438140393271e-05,-2.7979577029678164e-05,6.0138889284892333e-08,1.2099034991090035e-11,0
93,6.4855028395227344e-11,5.2742653801856991e-06,5.2456390166679527e-06,2.8626363517746402e-08,6.0450109250101193e-12,0
94,-1.0218535552227424e-10,-9.9964502859612586e-06,-9.9707247046574406e-06,-2.5725581303817977e-08,2.5058668579172906e-11,0
95,-1.7805088425578515e-11,-2.5869262720553516e-05,-2.5873769727798245e-05,4.5070072447292333e-09,6.4374610336824512e-11,0
96,-6.0228336277613145e-10,-1.7443010154973666e-04,-1.7443305605860021e-04,2.9545088635546998e-09,1.0492042598460367e-11,0
97,-3.1103317176671496e-10,-4.8403444633153894e-06,-4.8390979180006652e-06,-1.2465453147242518e-09,1.2620881179463213e-11,0
98,-1.3444193247188703e-10,5.2446907368195275e-06,5.2434229900288578e-06,1.2677467906696679e-09,7.5300478335095428e-12,0
99,2.9125019285994473e-10,1.6958977688469128e-04,1.6958942943948012e-04,3.4744521116517740e-10,9.5164394411463235e-12,0
100,4.6784143281276984e-10,1.7967477828572222e-04,1.7967684248621331e-04,-2.0642004910920164e-09,9.9933286190656437e-12,0
101,1.7659123961809890e-10,1.0085007247324007e-05,1.0084257495986620e-05,7.4975133738635204e-10,1.0495338038401026e-11,0
102,-8.7146682929579021e-11,-9.9806942516367930e-06,-9.9705094422367150e-06,-1.0184809400077990e-08,2.2824269436218912e-11,0
103,-5.6732055659893439e-10,2.6273665462095853e-05,2.6328804199986378e-05,-5.5138737890525469e-08,7.2906216771702575e-11,0
104,-3.3276105092634407e-11,5.2461445773816255e-06,5.2445399940608902e-06,1.6045833207352885e-09,5.9695223387052875e-13,0
105,-8.0765619785294533e-12,-2.5868847416299964e-05,-2.5873678477496354e-05,4.8310611963907910e-09,4.8455880653762559e-11,0
106,-1.1115174533011575e-10,-9.9880861764538309e-06,-9.9707213765224318e-06,-1.7364799931399052e-08,2.4636573287529190e-11,0
107,1.1598112300280163e-10,-7.1042193254509944e-06,-7.0710827020936624e-06,-3.3136623357331989e-08,1.8283146830013910e-11,0
108,6.7367447134015475e-11,-1.8152735983058797e-04,-1.8150848967824393e-04,-1.8870152344044539e-08,3.3633828904280125e-11,0
109,7.8470534686865189e-11,-1.1941151919561688e-05,-1.1917944599986341e-05,-2.3207319575347152e-08,2.9690385953349507e-11,0
110,9.3346702541860831e-11,-1.8580455891890890e-06,-1.8330790271113663e-06,-2.4966562077722698e-08,1.9696762377639223e-11,0
111,-4.8613676247002034e-11,-1.7442310837056116e-04,-1.7442655688573055e-04,3.4485151693876975e-09,1.2221296272776618e-11,0
112,-3.7510588450242271e-11,-4.8369014483246563e-06,-4.8361707938616169e-06,-7.3065446303931941e-10,1.1089468728229959e-11,0
113,-2.2634420510079169e-11,5.2462028596602598e-06,5.2446503740148982e-06,1.5524856453616275e-09,6.8041208679924643e-12,0
114,1.1103087918864448e-11,1.6958620725798768e-04,1.6958586833592246e-04,3.3892206521748264e-10,1.8234718101750587e-11,0
115,2.5979255898033104e-11,1.7966927888438599e-04,1.7967156879151953e-04,-2.2899071335413974e-09,1.2797208502386584e-11,0
116,1.4876167960408440e-11,1.0083108657916572e-05,1.0082554190014272e-05,5.5446790229988119e-10,1.0902728374087069e-11,0
117,2.1637255693281408e-11,-5.1969015169905930e-05,-5.1992898485230192e-05,2.3883315324262457e-08,9.4311692652984469e-11,0
118,2.7190056784811981e-11,-9.9704087103882205e-06,-9.9691372733909328e-06,-1.2714369972877300e-09,1.5143300726520332e-11,0
119,2.9475634792885333e-10,-7.0981990573303847e-06,-7.0692149254780974e-06,-2.8984131852287293e-08,2.5582499004172366e-11,0
120,1.5577806173696965e-10,-1.8152374286112445e-04,-1.8150731388783827e-04,-1.6428973286181439e-08,4.4807469227780923e-11,0
121,2.2413095531286067e-10,-1.1936560177250657e-05,-1.1916474646678480e-05,-2.0085530572177374e-08,3.4048379935406548e-11,0
122,2.6016736888375767e-10,-1.8527120560470414e-06,-1.8313299710210824e-06,-2.1382085025959062e-08,3.4551429379691757e-11,0
123,-1.3897828629633942e-10,-1.7442554566364163e-04,-1.7442732187667988e-04,1.7762130382508769e-09,1.5503362329160834e-11,0
124,-7.0625392653068589e-11,-4.8383412212249510e-06,-4.8366063969808492e-06,-1.7348242441017983e-09,1.5696375785705863e-11,0
125,-3.4588979059930339e-11,5.2454904996483524e-06,5.2445100324492056e-06,9.8046719914681569e-10,1.0667146760065943e-11,0
126,6.8352893911531152e-11,1.6958718030084426e-04,1.6958620488168261e-04,9.7541916164729618e-10,2.1227690377927492e-11,0
127,1.0438930758708624e-10,1.7967099605180337e-04,1.7967219219456205e-04,-1.1961427586804942e-09,1.9503959755280301e-11,0
128,3.6036413635186431e-11,1.0083830176034394e-05,1.0082847119598443e-05,9.8305643595093806e-10,1.8487367086628310e-11,0
129,-5.0288354549582043e-10,2.6270111611315788e-05,2.6329518466106353e-05,-5.9406854790564116e-08,2.1100659411961173e-11,0
130,6.3048048452131168e-10,2.4049145320788334e-05,2.4048062453154635e-05,1.0828676336997365e-09,3.4456480258200318e-11,0
131,-8.5818739938142972e-11,-9.9849402374002985e-06,-9.9703166581373347e-06,-1.4623579262963834e-08,2.0080143168945532e-11,0
132,3.1326903348173541e-10,-1.8151087644387859e-04,-1.8150523458745495e-04,-5.6418564236399276e-09,1.9903111674981044e-11,0
133,-2.9526845945690257e-11,-2.5869533282973783e-05,-2.5873980215261689e-05,4.4469322879063977e-09,6.2277676468279953e-11,0
134,3.4279587942643042e-10,-1.5564121578701649e-04,-1.5563776489819112e-04,-3.4508888253740894e-09,7.1925712996665471e-11,0
135,-5.2265004204153120e-10,2.6273425920994597e-05,2.6329299360059201e-05,-5.5873439064603697e-08,1.5529614032124635e-11,0
136,-1.4434960509385250e-10,-6.9522008695234450e-06,-6.9533812954624781e-06,1.1804259390331342e-09,9.7048275611483002e-12,0
137,-3.3413131146662401e-11,-1.1779858878702490e-05,-1.1788951105797748e-05,9.0922270952585057e-09,1.7833018954667048e-11,0
138,-1.0982394004885286e-10,-1.7037131384099041e-06,-1.7073257058352263e-06,3.6125674253221476e-09,1.0349690239908053e-11,0
139,3.7830043703029129e-10,-3.3225618973390346e-05,-3.3232593032273688e-05,6.9740588833425154e-09,4.0617724320961060e-12,0
140,4.8923691098535445e-10,-3.8053302706040487e-05,-3.8065797340218124e-05,1.2494634177637317e-08,6.7626712076913598e-12,0
141,4.1282610207960253e-10,-2.7977119891456348e-05,-2.7986586562824258e-05,9.4666713679100170e-09,3.8195932234160143e-12,0
142,1.1093647389353506e-10,-4.8276718173445934e-06,-4.8347240147617839e-06,7.0521974171904370e-09,4.1325285164182737e-12,0
143,3.4525665027461460e-11,5.2485084679942864e-06,5.2452612785185264e-06,3.2471894757599834e-09,2.2654354577272388e-12,0
144,-7.6410808840108656e-11,1.0076182129947330e-05,1.0081711553940088e-05,-5.5294239927580790e-09,3.3986008677499160e-12,0
145,3.2772763482809995e-10,-3.3219714410902962e-05,-3.3233368318776925e-05,1.3653907873962829e-08,1.4958937036833990e-11,0
146,4.0331953923017353e-10,-3.8035507462595014e-05,-3.8067007743410026e-05,3.1500280815011496e-08,2.8264156591453020e-11,0
147,3.4983089411253697e-10,-2.7969696004787742e-05,-2.7987501530724582e-05,1.7805525936840136e-08,2.1828838627915380e-11,0
148,9.9303565647349821e-11,-2.1317312959807239e-05,-2.1350786776161183e-05,3.3473816353944225e-08,3.1028531416375249e-11,0
149,7.5591904390152255e-11,-4.8157503386393394e-06,-4.8351640275817871e-06,1.9413688942447686e-08,1.0797090278875083e-11,0
150,2.2103259281369784e-11,5.2500362129634468e-06,5.2451180705987427e-06,4.9181423647041210e-09,7.5662672025823656e-12,0
152,-5.3488645107628464e-11,1.0065793212783291e-05,1.0082006717824379e-05,-1.6213505041088000e-08,1.5149025218071308e-11,0
155,-5.8845524383850963e-11,-2.5877939222868421e-05,-2.5874321696897206e-05,-3.6175259712149625e-09,4.5231423915854089e-12,0
156,-4.4812310743661381e-10,-1.8137890548345205e-04,-1.8137962491757609e-04,7.1943412403678575e-10,3.4942545031387950e-11,0
157,-4.6430877729409257e-11,-2.5860861340299595e-05,-2.5874197239776825e-05,1.3335899477230471e-08,4.5658036945362134e-11,0
158,3.7458364558038209e-10,-1.8608318416981837e-06,-1.8303969678127245e-06,-3.0434873885459163e-08,1.0627773231640292e-11,0
159,4.2101452285770088e-10,2.4000107888611823e-05,2.4045596887237306e-05,-4.5488998625483788e-08,5.6616879007547657e-11,0
160,-7.3844276313964661e-11,-2.6147598904622746e-05,-2.6162472689718196e-05,1.4873785095450176e-08,4.0452231475348802e-11,0
161,7.9539430845798611e-11,-3.3239669328051762e-05,-3.3236652132466102e-05,-3.0171955856602047e-09,1.7206323021328808e-11,0
162,1.1739653517501144e-10,-2.0765861690999607e-04,-2.0765611988455751e-04,-2.4970254385513983e-09,3.1504863209991428e-11,0
163,8.9437229393597390e-11,-3.8076131502710366e-05,-3.8071127273471603e-05,-5.0042292387624345e-09,2.9849230765581293e-11,0
164,7.6976952451061795e-11,-2.7993980642477840e-05,-2.7991063676223115e-05,-2.9169662547251821e-09,1.8137038894213954e-11,0
165,1.5338370761523791e-10,-7.0920198426676490e-06,-7.0712773603357202e-06,-2.0742482331928723e-08,2.1047895589404386e-11,0
166,1.9124081181734144e-10,-1.8151103425714278e-04,-1.8150606928977886e-04,-4.9649673639171488e-09,2.9368968985802405e-11,0
167,1.6328150612269460e-10,-1.1928471073625012e-05,-1.1917778264606457e-05,-1.0692809018555339e-08,3.2505266626897374e-11,0
168,1.5082122920253443e-10,-1.8463715115279306e-06,-1.8329774151901849e-06,-1.3394096337745624e-08,1.9814204114812269e-11,0
169,3.7857104267972321e-11,-1.7441897035732723e-04,-1.7442433235645042e-04,5.3619991231932014e-09,1.5006925641735699e-11,0
170,9.8977985308117008e-12,-4.8364728915692792e-06,-4.8360118922514175e-06,-4.6099931786172926e-10,1.4814218965341776e-11,0
171,-2.5624784023869513e-12,5.2456781302910919e-06,5.2448309887701202e-06,8.4714152097170662e-10,8.1365153346769367e-12,0
172,-2.7959305748862266e-11,1.6958252665723891e-04,1.6958384099748718e-04,-1.3143402482638979e-09,2.2915961371456551e-11,0
173,-4.0419582684205499e-11,1.7966462779168523e-04,1.7966951821004552e-04,-4.8904183602824138e-09,1.5090953570344852e-11,0
174,-1.2460276931163488e-11,1.0082114922551364e-05,1.0082563428972416e-05,-4.4850642105204543e-10,1.4004302703569771e-11,0
175,-9.2845855646155521e-11,-9.9786380100309879e-06,-9.9702117783739727e-06,-8.4262316570152566e-09,1.5528476482414227e-11,0
176,-1.3304792112892484e-10,-1.1383615299452240e-05,-1.1383137806075810e-05,-4.7749337643057373e-10,1.5482034494219745e-11,0
177,7.0346411216723980e-11,-5.1959210519491456e-05,-5.1994542464602430e-05,3.5331945110974499e-08,3.7613126411687450e-11,0
178,-1.9709295128539579e-10,-2.1358708641413746e-05,-2.1355014204502881e-05,-3.6944369108647148e-09,1.3556951428532830e-11,0
179,2.0339433242093391e-10,-4.0575561455190659e-05,-4.0627224878990093e-05,5.1663423799433775e-08,4.5116038329246282e-11,0
180,-6.4045030097472690e-11,-9.9751110504437551e-06,-9.9698383742640772e-06,-5.2726761796778826e-09,1.3298524524898985e-11,0
181,-2.6743936248422340e-10,3.0600379450795856e-05,3.0671895376898470e-05,-7.1515926102614269e-08,4.1882633420902327e-11,0
182,2.5709673770048037e-10,-7.0836035121080859e-06,-7.0702940555120255e-06,-1.3309456596060410e-08,1.8215982404776232e-11,0
183,2.3646574355345191e-10,-1.8151181909821686e-04,-1.8150528207787570e-04,-6.5370203411593483e-09,2.4292062068620392e-11,0
184,2.4434480217923347e-10,-1.1924779136312721e-05,-1.1917090937810523e-05,-7.6881985021987531e-09,2.0711797095033674e-11,0
185,2.4604956009234489e-10,-1.8400929670554095e-06,-1.8320680195998894e-06,-8.0249474555200654e-09,1.5693809407074651e-11,0
186,-2.0630993912828498e-11,-1.7442817767895306e-04,-1.7442463505946916e-04,-3.5426194838978145e-09,1.9314823250706357e-11,0
188,-1.1047177587848648e-11,5.2435075943548307e-06,5.2447255059534538e-06,-1.2179115986231178e-09,7.8819875028497533e-12,0
189,7.8790585266014149e-12,1.6958704123943387e-04,1.6958380300480738e-04,3.2382346264907876e-09,2.7219488380264927e-11,0
190,9.5838164100231222e-12,1.7967168128108337e-04,1.7966971361019191e-04,1.9676708914572599e-09,1.8551732990296698e-11,0
191,1.7047578732693371e-12,1.0084657173080975e-05,1.0082805689287133e-05,1.8514837938420439e-09,1.2016690893129296e-11,0
192,-1.2069744357709562e-10,-9.9889288060111062e-06,-9.9704192589464802e-06,-1.8509547064625990e-08,2.4665506319424351e-11,0
193,-5.3182646784808685e-10,2.6277559999728344e-05,2.6329197641963591e-05,-5.1637642235246911e-08,4.9565349941166612e-11,0
194,-1.9122672844214163e-11,5.2461111441031274e-06,5.2446270857545781e-06,1.4840583485492805e-09,1.1406950666327007e-11,0
195,3.4678272486616487e-10,-1.5559063929484682e-04,-1.5563645892428959e-04,4.5819629442770803e-08,6.4489924774535242e-11,0
196,-1.0357075854529360e-10,1.4756005749184703e-05,1.4753391377871048e-05,2.6143713136557927e-09,2.3504284384117199e-11,0
197,-7.0299446035419314e-11,4.7864064513262680e-06,4.7922922424187793e-06,-5.8857910925112842e-09,3.1228621628589738e-11,0
198,3.3271312508165937e-11,-9.9695872410841824e-06,-9.9686463364166319e-06,-9.4090466755048147e-10,2.1796728629827600e-11,0
199,8.3060625328968454e-12,-4.8367404714617403e-06,-4.8362572604306935e-06,-4.8321103104673820e-10,1.6712788825914719e-11,0
200,-5.7090766972101386e-12,5.2465066959686947e-06,5.2447700969535661e-06,1.7365990151286558e-09,7.6744723427046558e-12,0
201,-1.4015139225689558e-11,1.0083187669311059e-05,1.0082740156780032e-05,4.4751253102656230e-10,1.6444688860114497e-11,0
202,-5.4678695256908535e-10,2.6285234276732586e-05,2.6329031809203944e-05,-4.3797532471358009e-08,2.8969343891657587e-11,0
203,-5.6354296364036017e-12,-2.5865355929218306e-05,-2.5873829688059776e-05,8.4737588414703720e-09,3.6801466446999593e-11,0
204,1.5459776784930412e-10,1.4801289990798785e-05,1.4756079470107452e-05,4.5210520691333944e-08,3.6751822368808254e-11,0
205,5.2797763284018239e-10,-1.1918018112764411e-05,-1.1914364829676572e-05,-3.6532830878395473e-09,1.1272907276810436e-11,0
206,-1.5367954168602624e-11,-2.5868530330207121e-05,-2.5873949296122566e-05,5.4189659154453194e-09,1.8739967091504382e-11,0
207,3.7337986326837889e-10,-2.6719281444536214e-05,-2.6657417364875630e-05,-6.1864079660584081e-08,5.8493119007274014e-11,0
208,-1.6996572288444969e-10,-4.0669773683495863e-05,-4.0630974004347190e-05,-3.8799679148673503e-08,5.8449203683068225e-11,0
209,5.4334558689108384e-10,1.3950568717828460e-05,1.3960256701412326e-05,-9.6879835838659697e-09,5.2671242903045667e-11,0
210,-3.6348179195553663e-11,-2.1334205411101780e-05,-2.1354421271022771e-05,2.0215859920991912e-08,2.1632826694395248e-11,0
211,-2.4490110813711208e-09,-6.9454582308494869e-06,-6.9792854423004161e-06,3.3827211450929133e-08,1.3673671807914417e-11,0
212,-2.9741254220093357e-09,-1.8138047901307988e-04,-1.8140652445927259e-04,2.6045446192710315e-08,2.4860288999609332e-11,0
213,-2.5744609557341117e-09,-1.7030451749319719e-06,-1.7351178920896582e-06,3.2072717157686305e-08,1.4748116896849472e-11,0
214,-5.2511433676087431e-10,-1.7443501796749698e-04,-1.7442939812555689e-04,-5.6198419400878535e-09,5.4699577860670988e-12,0
215,-1.2544987383587448e-10,5.2424177328673147e-06,5.2434299632966030e-06,-1.0122304292883380e-09,3.7334643495414659e-12,0
216,3.9966446630326408e-10,1.7967742045842377e-04,1.7967317676816078e-04,4.2436902629916420e-09,6.0726784909557315e-12,0
217,3.1323040611805501e-10,-1.1929031566264292e-05,-1.1916866167737938e-05,-1.2165398526354444e-08,1.8746332527231289e-11,0
218,-9.8728017082509305e-11,-9.9949406231871277e-06,-9.9699549932660860e-06,-2.4985629921041644e-08,2.3408415259202860e-11,0
219,1.1232702120157606e-10,-1.8152924510498984e-04,-1.8150580350951103e-04,-2.3441595478808103e-08,1.6403523126151416e-11,0
220,-5.6322085546768441e-11,-2.5862383924382063e-05,-2.5874429858611532e-05,1.2045934229468875e-08,5.1554068775982005e-11,0
221,1.6864910643392095e-10,-1.5566668825378951e-04,-1.5563767717308676e-04,-2.9011080702757422e-08,7.7188093690544462e-11,0
222,2.7649662540266520e-10,-1.8150947177135446e-04,-1.8150382213648808e-04,-5.6496348663790177e-09,2.0754709324353691e-11,0
223,-3.9677502470384422e-11,-2.5870087417502756e-05,-2.5874260229803499e-05,4.1728123007432302e-09,6.3194366779518495e-11,0
224,3.1617412788275228e-10,-1.5563925780025939e-04,-1.5563584525860280e-04,-3.4125416565906203e-09,6.9179822213638200e-11,0
225,-1.0605775768408736e-10,-9.9856507917300830e-06,-9.9699664872913339e-06,-1.5684304438749025e-08,1.9157002983108420e-11,0
226,-6.4726241543491991e-11,-2.5885412467317043e-05,-2.5874551806414350e-05,-1.0860660902692532e-08,5.0815025788475038e-12,0
227,-4.6128775964566340e-10,2.6277967827508138e-05,2.6329979543677424e-05,-5.2011716169286554e-08,1.4543511643407356e-11,0
228,-9.3889738561232031e-11,-6.9506630978287409e-06,-6.9533064512241882e-06,2.6433533954472999e-09,9.5747496606904103e-12,0
229,2.4547227429999887e-11,-1.1778447564898820e-05,-1.1789457051726632e-05,1.1009486827812372e-08,1.5910005040598777e-11,0
230,-5.5905512231685462e-11,-1.7021640766456264e-06,-1.7073679892033410e-06,5.2039125577146264e-09,1.0144060130599220e-11,0
231,3.6739802089645860e-10,-3.3228660982484622e-05,-3.3235777814384531e-05,7.1168318999098980e-09,4.2391787275673099e-12,0
232,4.8583498686934623e-10,-3.8056431792077641e-05,-3.8069517359729091e-05,1.3085567651449420e-08,5.7791032728353985e-12,0
233,4.0538224722333593e-10,-2.7980156666882090e-05,-2.7989761299771324e-05,9.6046328892335588e-09,3.1007979864241421e-12,0
234,1.1843696590990126e-10,-4.8277842766130535e-06,-4.8353291232772432e-06,7.5448466641896389e-09,4.3931505998808344e-12,0
235,3.7984226304986614e-11,5.2485045520165013e-06,5.2452209978141342e-06,3.2835542023670650e-09,2.4383098930287446e-12,0
236,-8.0452739577851925e-11,1.0076276287586915e-05,1.0082252963347283e-05,-5.9766757603685729e-09,3.1689677807080748e-12,0
237,-2.7873336544780904e-10,1.4731739289099155e-05,1.4750759351158173e-05,-1.9020062059018166e-08,2.0299733582129950e-11,0
238,-2.4037962495327507e-11,-2.5863856055139312e-05,-2.5874116899317124e-05,1.0260844177812099e-08,3.5265157994581477e-11,0
239,-3.1646074719851824e-10,4.7591591063479016e-06,4.7890838347782963e-06,-2.9924728430394637e-08,2.1791299128289251e-11,0
240,2.5469540289265664e-10,-4.0595527628955325e-05,-4.0625808200775169e-05,3.0280571819844338e-08,8.1406567193502318e-11,0
241,-3.7727381563768361e-11,-9.9725775530366242e-06,-9.9691384272686159e-06,-3.4391257680083586e-09,2.0901607174446349e-11,0
243,-4.2761984400189456e-10,2.6275257119715142e-05,2.6330352743040069e-05,-5.5095623324927359e-08,1.0685643149265759e-11,0
244,-3.2822283787586178e-10,-6.9627107397943894e-06,-6.9559407255040320e-06,-6.7700142903573339e-09,8.4448399272019339e-12,0
245,-1.1299142267408545e-10,-1.8137453906958909e-04,-1.8137421380981679e-04,-3.2525977229505912e-10,7.2079115791570630e-12,0
246,-2.5937144184045428e-10,-1.1798190731766682e-05,-1.1792691340089009e-05,-5.4993916776731604e-09,6.6803083616371114e-12,0
247,-3.0977891737047755e-10,-1.7158422418858330e-06,-1.7102306572798655e-06,-5.6115846059674604e-09,5.2205836268838974e-12,0
248,9.9397006177133766e-11,-3.3237973582629643e-05,-3.3238980988631753e-05,1.0074060021104296e-09,3.1612689633444433e-12,0
249,3.1462842138345608e-10,-2.0764980966782613e-04,-2.0765462336249242e-04,4.8136946662882471e-09,3.7282736692224632e-12,0
250,1.6824840221396098e-10,-3.8073462611611791e-05,-3.8073317092000416e-05,-1.4551961137552593e-10,3.4468321615549657e-12,0
251,1.1784092667707864e-10,-2.7991098532188265e-05,-2.7993183219301609e-05,2.0846871133444280e-09,2.1011192170311110e-12,0
252,2.1523141525184244e-10,-1.7441183988166006e-04,-1.7442038890897883e-04,8.5490273187699157e-09,3.2678220630696715e-12,0
253,6.8851396054991838e-11,-4.8354970258964770e-06,-4.8359309823755690e-06,4.3395647909196130e-10,3.5000659480517777e-12,0
254,1.8443920503152344e-11,5.2468752679413330e-06,5.2449984343411491e-06,1.8768336001838962e-09,2.0173430906068917e-12,0
255,-1.4638001915745534e-10,1.6957635757793282e-04,1.6958003826078605e-04,-3.6806828532286520e-09,2.2972899743481039e-12,0
256,-1.9678749468387601e-10,1.7965870726211874e-04,1.7966573179557457e-04,-7.0245334558350671e-09,1.9023631461977086e-12,0
257,-5.0407475542731669e-11,1.0082362125443146e-05,1.0082630482233674e-05,-2.6835679052802171e-10,1.9520940395528069e-12,0
258,-7.8019324801347287e-11,-3.3251508759076301e-05,-3.3241210728776960e-05,-1.0298030299341000e-08,2.0565778389808090e-11,0
259,-6.8138368159396242e-11,-2.8004878409081460e-05,-2.7995510307204068e-05,-9.3681018773919620e-09,2.2849476559652122e-11,0
260,9.8809566218059628e-12,5.2466004332294054e-06,5.2448967646044335e-06,1.7036686249719178e-09,9.2212430459027597e-12,0
261,-3.7754303842518332e-10,1.4744699808452526e-05,1.4749544873214306e-05,-4.8450647617794338e-09,2.9048407532530316e-11,0
262,-1.3017854797777874e-11,-2.5866837284768468e-05,-2.5874021532666925e-05,7.1842478984578421e-09,2.5089661898805803e-11,0
263,-6.5157543217702209e-11,-1.1385016923431447e-05,-1.1385702301551063e-05,6.8537811961624968e-10,1.4740601780813249e-11,0
264,-1.4237324144876107e-10,-2.1359974603635083e-05,-2.1357507877458804e-05,-2.4667261762796036e-09,1.2552708573550812e-11,0
265,-7.7215698198719600e-11,-9.9749625777191889e-06,-9.9694854932586345e-06,-5.4770844605543428e-09,1.2716458218678350e-11,0
266,2.6102201427612740e-10,-1.7441680696700574e-04,-1.7441948937874791e-04,2.6824117421633126e-09,3.7040870315570144e-12,0
267,6.8181985392577120e-11,-4.8369230168059136e-06,-4.8360519021030436e-06,-8.7111470286994962e-10,2.5126688938524589e-12,0
268,1.5767078832409519e-11,5.2464984189173007e-06,5.2449557973962372e-06,1.5426215210635714e-09,1.4624974620296901e-12,0
269,-1.9284002884952635e-10,1.6957989448806456e-04,1.6957902966496300e-04,8.6482310155950974e-10,4.8783642778250240e-12,0
270,-2.4525493540590975e-10,1.7966329143236526e-04,1.7966478756434854e-04,-1.4961319832768744e-09,3.7886203455183143e-12,0
271,-5.2414906557625759e-11,1.0083391119270182e-05,1.0082704903077060e-05,6.8621619312163231e-10,1.5248193799855662e-12,0
272,-3.6909108680765069e-11,-1.8152453776706587e-04,-1.8150645811391977e-04,-1.8079653146097592e-08,2.6731316815691117e-11,0
273,-8.4298615871929873e-11,-2.5870723436637521e-05,-2.5874831965428570e-05,4.1085287910484194e-09,8.1076663196146055e-11,0
274,4.7389507236155416e-11,-1.5565363019277162e-04,-1.5563780489948108e-04,-1.5825293290540852e-08,8.5964506602925444e-11,0
275,-3.0467095038475229e-11,-9.9713460420692429e-06,-9.9689040191367101e-06,-2.4420229325328136e-09,1.8366124578931211e-11,0
276,-1.7928293155213170e-10,1.6956278662093489e-04,1.6957864376297975e-04,-1.5857142044860446e-08,1.7689634131490609e-11,0
277,-4.4460496701032376e-10,2.6272334946829748e-05,2.6330164467735228e-05,-5.7829520905479956e-08,3.8445650164223873e-11,0
278,-1.2301879179349556e-10,-6.9529281500339997e-06,-6.9538378884448935e-06,9.0973841089380541e-10,2.4964921438858087e-11,0
279,3.2158617563260596e-10,-3.3225280524833839e-05,-3.3237604504796867e-05,1.2323979963027891e-08,1.0745693467761035e-11,0
280,1.5005339706955965e-11,-2.5837070325779397e-05,-2.5873750751998093e-05,3.6680426218696223e-08,7.9488293190395773e-11,0
281,-2.3886129034233247e-10,1.6956864178416069e-04,1.6957777203620853e-04,-9.1302520478417880e-09,3.6693789183254615e-11,0
283,-3.8915243017323870e-11,-2.5871813723867920e-05,-2.5874364366824961e-05,2.5506429570405895e-09,7.3643528773159190e-11,0
284,6.2036127158876664e-11,-4.8118480032942855e-06,-4.8363488392992936e-06,2.4500836005008085e-08,1.5391112096250138e-11,0
285,-4.5820170148882099e-10,2.6294173830874665e-05,2.6330013751762933e-05,-3.5839920888267897e-08,3.4959681837106332e-11,0
287,-1.7588291908821605e-10,4.7797808170125036e-06,4.7901388592203426e-06,-1.0358042207839001e-08,2.8671757657621495e-11,0
288,4.2904958566363174e-11,-4.8329196045541513e-06,-4.8366007909177976e-06,3.6811863636462838e-09,3.2795528294754196e-12,0
289,-4.7145141097019739e-10,2.6283409105969796e-05,2.6329866882464993e-05,-4.6457776495197100e-08,5.2743703007466154e-11,0
290,-4.8206023536478642e-11,-2.5870563646881659e-05,-2.5874504341116355e-05,3.9406942346964155e-09,4.9499246830414670e-11,0
291,1.5258842996055028e-10,-1.7441400434970757e-04,-1.7441951797597948e-04,5.5136262719097245e-09,2.1248245291107995e-11,0
292,4.4575871693608577e-11,-4.8367131227837305e-06,-4.8366533424849672e-06,-5.9780298763354714e-11,1.9175922041192748e-11,0
293,-1.0801255828332712e-10,1.6957728954344192e-04,1.6957849230847308e-04,-1.2027650311537217e-09,4.6472302690229572e-11,0
295,5.0770863153188205e-11,-1.8152355864503242e-04,-1.8150450314434290e-04,-1.9055500689521554e-08,1.3916697847082276e-11,0
296,-7.0130088059020481e-11,-2.5864541338194115e-05,-2.5874765380842577e-05,1.0224042648462265e-08,5.7016542287589639e-11,0
297,1.2090095084467195e-10,-1.5565892367088406e-04,-1.5563579381204658e-04,-2.3129858837478770e-08,9.7000728742594152e-11,0
298,-4.0346126144921686e-10,2.6281952875090858e-05,2.6330620534123621e-05,-4.8667659032762973e-08,1.6041710310010196e-11,0
299,-4.7484223924321804e-11,-6.9492141994888929e-06,-6.9532022668023021e-06,3.9880673134092849e-09,1.0790491895723900e-11,0
300,7.5954417823681319e-11,-1.1776500390154460e-05,-1.1789859562720126e-05,1.3359172565666677e-08,1.7255129615986920e-11,0
301,3.5597703711197850e-10,-3.3231173217854876e-05,-3.3238498584828476e-05,7.3253669735998117e-09,4.2093243518042612e-12,0
302,4.7941567880813301e-10,-3.8058466271606931e-05,-3.8072706256939105e-05,1.4239985332174451e-08,6.0951312147971924e-12,0
303,1.2343864163366034e-10,-4.8272753184444746e-06,-4.8358564085692781e-06,8.5810901248035531e-09,4.3403634307816607e-12,0
305,-2.1026047045477498e-11,-2.5868074082237378e-05,-2.5874231372175203e-05,6.1572899378251479e-09,3.7525389122056929e-11,0
306,-3.8175582148904584e-10,2.6280077712427042e-05,2.6330861132812437e-05,-5.0783420385395756e-08,1.7066744125487283e-11,0
307,-2.9003954599425471e-10,-6.9612344457178205e-06,-6.9559279373686726e-06,-5.3065083491479051e-09,4.6301169826493712e-12,0
308,-5.5502074033730109e-11,-1.8137128043967587e-04,-1.8137208198232524e-04,8.0154264936503974e-10,8.0478235085247985e-12,0
309,-2.1461603026290250e-10,-1.1797342325937151e-05,-1.1793168189245854e-05,-4.1741366912967137e-09,7.5178750688125330e-12,0
310,9.1716275450775832e-11,-3.3241332051847650e-05,-3.3241661913718961e-05,3.2986187131105790e-10,3.2233294806057140e-12,0
311,3.2625374739994390e-10,-2.0765139074336442e-04,-2.0765519690463545e-04,3.8061612710324141e-09,6.1718721028440954e-12,0
312,1.6713979117904957e-10,-3.8077411036058998e-05,-3.8076449061729783e-05,-9.6197432921459221e-10,5.5705359987737959e-12,0
313,2.3453747202051324e-10,-1.7441005158334681e-04,-1.7441816128832866e-04,8.1097049818513924e-09,1.7379972065800839e-12,0
314,7.5423515756372288e-11,-4.8361026557721537e-06,-4.8364412223566201e-06,3.3856658446644616e-10,1.8859922176930631e-12,0
315,-1.5911395620580932e-10,1.6957394336801924e-04,1.6957736129935552e-04,-3.4179313362870875e-09,2.7963675006321989e-12,0
316,-3.9060073057331136e-10,1.4746986048686439e-05,1.4748396229495266e-05,-1.4101808088272898e-09,2.7817021201287461e-11,0
317,-5.4985936710692524e-11,-2.5870022026711721e-05,-2.5874625253644605e-05,4.6032269328843728e-09,7.3323552511963646e-11,0
318,-5.8492224960956362e-12,-1.1386416933526660e-05,-1.1387880515424915e-05,1.4635818982553932e-09,1.5250686733276728e-11,0
321,6.4681321379922452e-10,-1.1917739542456965e-05,-1.1915088763143483e-05,-2.6507793134820836e-09,2.7746840658438187e-11,0
323,-4.3730566135449938e-10,-1.7445294347093795e-04,-1.7442510131888066e-04,-2.7842152057282708e-08,5.4278097891675375e-12,0
324,-8.9665727001523041e-11,-2.5871003558556780e-05,-2.5875045513981224e-05,4.0419554244441067e-09,8.7906932822797353e-11,0
325,1.2823849744373545e-10,-1.1363803527819280e-05,-1.1387233725133798e-05,2.3430197314518387e-08,1.6476385986298133e-11,0
326,-1.4401739304779374e-11,-2.1355799515325501e-05,-2.1359524289542248e-05,3.7247742167471974e-09,1.2864581833241780e-11,0
327,-1.4264023686987726e-10,-9.9919675919102335e-06,-9.9696579709424828e-06,-2.2309620967750750e-08,2.4412481061921545e-11,0
328,-3.8795768644267383e-11,-2.5869673131556766e-05,-2.5874495076555584e-05,4.8219449988173575e-09,2.4181204078751644e-11,0
329,-5.2535620761897809e-10,-6.9590181420399119e-06,-6.9587050851298024e-06,-3.1305691010953426e-10,1.8372910945099933e-11,0
330,-2.4295988012699005e-10,-1.8137411483506522e-04,-1.8137354552519218e-04,-5.6930987303431026e-10,4.0184304444440156e-11,0
331,-4.4980022699953114e-10,-1.1796874306221504e-05,-1.1796175090165724e-05,-6.9921605577919865e-10,2.5181446209234313e-11,0
332,2.8239632751786230e-10,-1.7441513383391306e-04,-1.7441680304896022e-04,1.6692150471629523e-09,5.2367976986646590e-12,0
333,7.5555980631824322e-11,-4.8378458173123969e-06,-4.8366794446556545e-06,-1.1663726567424145e-09,3.6907255057942340e-12,0
334,-2.0684034686540200e-10,1.6957729494835976e-04,1.6957578987150077e-04,1.5050768589872261e-09,4.5256560152194238e-12,0
335,-2.8130298696596943e-10,1.4730346406187714e-05,1.4749071706245737e-05,-1.8725300058023670e-08,2.2491274173755201e-11,0
336,-3.6098817984355817e-11,-2.5868532708816800e-05,-2.5874480148656118e-05,5.9474398393182220e-09,4.5052365153401017e-11,0
337,-3.3980162358836552e-10,4.7587059703105283e-06,4.7876721060382064e-06,-2.8966135727678100e-08,2.5318114843825347e-11,0
338,2.4520416894728627e-10,-4.0598857751553141e-05,-4.0624441142478093e-05,2.5583390924951836e-08,7.6966039617980265e-11,0
339,-5.8498636406194891e-11,-9.9716708353473444e-06,-9.9686599457296086e-06,-3.0108896177358550e-09,1.8271301833471560e-11,0
340,-3.0370280561092627e-10,3.0627276371110110e-05,3.0669485245628666e-05,-4.2208874518556109e-08,9.6189369337351729e-11,0
341,2.8978183667123184e-10,-1.7439427740552002e-04,-1.7441650830012391e-04,2.2230894603886232e-08,1.1014440575407554e-11,0
342,9.9252585301493716e-11,-4.8346268222104576e-06,-4.8364784195620292e-06,1.8515973515716155e-09,1.0193243778337273e-11,0
343,-1.9052925124054275e-10,1.6955967766463156e-04,1.6957570258610761e-04,-1.6024921476050745e-08,1.7253243902018159e-11,0
344,-3.8111945559962553e-10,2.6306401145330741e-05,2.6330868186749096e-05,-2.4467041418355204e-08,4.3128875161542765e-11,0
345,9.3172890362368634e-11,-4.8192545044328100e-06,-4.8365929516350536e-06,1.7338447202243568e-08,1.3544427741447614e-11,0
346,-2.1276141201043197e-10,-1.8154779423248252e-04,-1.8150623926461166e-04,-4.1554967870861218e-08,3.8778421508776274e-11,0
347,6.9232791395894630e-11,-4.8176301014404843e-06,-4.8369069117293314e-06,1.9276810288847043e-08,1.5454951445927382e-11,0
348,-4.1298041397930261e-11,-2.5870702546264099e-05,-2.5874567905324319e-05,3.8653590602201189e-09,6.2371277589300084e-11,0
349,-1.2554701157842756e-10,-1.0007551709449204e-05,-9.9693016173282361e-06,-3.8250092120968088e-08,1.9689483192701502e-11,0
350,-4.2599543762300731e-10,2.6288032772885279e-05,2.6330370749127281e-05,-4.2337976242001665e-08,4.4201990199086268e-11,0
351,5.0861394316776929e-11,-4.8339373260311222e-06,-4.8371497162581775e-06,3.2123902270553089e-09,3.1822976659710124e-12,0
352,1.1113671821772783e-12,-1.8151989361497346e-04,-1.8150360335666336e-04,-1.6290258310098105e-08,1.3794359060618703e-11,0
353,-7.9438209445525739e-11,-2.5865734600931866e-05,-2.5875002022788890e-05,9.2674218570240629e-09,5.0816546660715253e-11,0
354,8.0549576213374221e-11,-1.5565402527185392e-04,-1.5563447636721844e-04,-1.9548904635477080e-08,7.7641192338054738e-11,0
355,-4.0149954177180451e-10,1.4747599315013482e-05,1.4747350753721865e-05,2.4856129161723113e-10,1.6934396979771284e-11,0
356,1.7273646782309929e-11,-2.5838484272633095e-05,-2.5873942296858808e-05,3.5458024225713217e-08,3.3671488504737905e-11,0
357,-3.5097845689791805e-10,4.8119768075705581e-06,4.7872781587735991e-06,2.4698648796959028e-08,2.1488596577432893e-11,0
358,4.1877318843300940e-10,-4.0586066443447540e-05,-4.0622172345725993e-05,3.6105902278453592e-08,9.7994129642830619e-11,0
359,5.0521084892295956e-11,-9.9355897341052782e-06,-9.9672854957604906e-06,3.1695761655212411e-08,1.8472811392452962e-11,0
360,-3.6825210398102419e-10,3.0650309491859095e-05,3.0668471288742195e-05,-1.8161796883100459e-08,1.0638083256258168e-10,0
361,7.1237692882474454e-12,-1.7442552143392704e-04,-1.7441896026104112e-04,-6.5611728859238730e-09,1.6267223793027991e-11,0
362,-4.5193630335184756e-12,-4.8442965285230323e-06,-4.8378259666875299e-06,-6.4705618355023948e-09,1.5386434685670532e-11,0
363,-1.1643132238180439e-11,1.6958121350441708e-04,1.6957682760261337e-04,4.3859018037121968e-09,1.6415306969374347e-11,0
364,-3.0562242547152824e-11,-2.5869274946980310e-05,-2.5874485223303492e-05,5.2102763231828538e-09,3.6317315698958375e-11,0
365,-9.7894039347626836e-11,-9.9747135855051891e-06,-9.9688897249892370e-06,-5.8238605159520755e-09,1.3266637135211985e-11,0
366,-6.3191141506224337e-12,-2.5859709336558713e-05,-2.5874229460131471e-05,1.4520123572758461e-08,5.5767376800533289e-11,0
367,-3.2739891757680590e-10,2.6284932314085425e-05,2.6331463663783172e-05,-4.6531349697747206e-08,1.1828560370733174e-11,0
368,-2.4592441498628280e-10,-6.9600932715318566e-06,-6.9558723701370873e-06,-4.2209013947692409e-09,5.2703710260842852e-12,0
369,5.3224880804266756e-12,-1.8136820767318800e-04,-1.8136982953338761e-04,1.6218601996077688e-09,9.2737586539964123e-12,0
370,-1.6477803287676650e-10,-1.1796874936105561e-05,-1.1793643155543380e-05,-3.2317805621807515e-09,9.0037628228523576e-12,0
371,8.1474502446648856e-11,-3.3245034864109319e-05,-3.3244516513787980e-05,-5.1835032133815215e-10,1.7343272914737480e-12,0
372,3.3272140545307233e-10,-2.0765314754341013e-04,-2.0765586693182193e-04,2.7193884118007546e-09,2.9383169672281391e-12,0
373,1.6262088453213782e-10,-3.8081792214711072e-05,-3.8079793442641659e-05,-1.9987720694121633e-09,2.8710919239387022e-12,0
374,2.5124690311590740e-10,-1.7440812429727649e-04,-1.7441584974801767e-04,7.7254507411747293e-09,1.7171047263699518e-12,0
375,8.1146382125159320e-11,-4.8367662632948193e-06,-4.8369935117103154e-06,2.2724841549609629e-10,1.8771537482472221e-12,0
376,-1.7010052090417839e-10,1.6957136163656648e-04,1.6957456177742896e-04,-3.2001408624806119e-09,2.5951769806373043e-12,0
377,-1.2690191306782109e-10,-9.9771509229143462e-06,-9.9691491673615299e-06,-8.0017555528163499e-09,1.5176190232366799e-11,0
378,-5.0276072107455745e-11,-2.5871934805205259e-05,-2.5874734823607507e-05,2.8000184022475402e-09,6.1585703285568350e-11,0
379,-3.2348737418994283e-10,2.6287218905946159e-05,2.6331507022139963e-05,-4.4288116193803921e-08,1.5151251215817573e-11,0
380,1.5333112025190041e-11,-6.9467338345962498e-06,-6.9530274566306404e-06,6.2936220343905917e-09,9.8094877003061840e-12,0
381,1.4323164820559696e-10,-1.1772586236356505e-05,-1.1790349968694297e-05,1.7763732337791876e-08,1.6387726239283606e-11,0
382,3.3882048552075948e-10,-3.3233956858671858e-05,-3.3241986765043573e-05,8.0299063717149326e-09,2.5993347712432081e-12,0
383,4.6671902160273264e-10,-3.8059790623234425e-05,-3.8076810620474587e-05,1.7019997240161388e-08,3.7704502951778643e-12,0
384,1.2789853602123647e-10,-4.8258466115854923e-06,-4.8365478008931132e-06,1.0701189307620908e-08,2.7110279413220288e-12,0
385,2.0078547815420849e-10,-1.8147881262686044e-04,-1.8150055302440919e-04,2.1740397548750340e-08,1.8536886041002445e-11,0
386,-5.6645639246319687e-11,-2.5871907425718561e-05,-2.5874826401386240e-05,2.9189756676791369e-09,4.0799414460365161e-11,0
387,2.5743111745332212e-10,-1.5560682885563948e-04,-1.5563149718473041e-04,2.4668329090933800e-08,7.1489841390055979e-11,0
388,1.4184975110753829e-10,1.4771251891872172e-05,1.4752764533475533e-05,1.8487358396639272e-08,3.2423400935056527e-11,0
389,4.0872781971319456e-10,-7.0486813041510665e-06,-7.0717179992326937e-06,2.3036695081627138e-08,9.7146681133400980e-12,0
390,2.9361005684155713e-10,-1.8150700952701462e-04,-1.8149931173217819e-04,-7.6977948364274473e-09,1.2576980518549265e-11,0
391,3.5375849094994147e-10,-1.1920546866273085e-05,-1.1919821208741188e-05,-7.2565753189693578e-10,9.8252408817719677e-12,0
392,-5.0664289733817794e-11,-2.5870125868789236e-05,-2.5874779642760538e-05,4.6537739713020578e-09,1.0697098138463273e-11,0
396,-1.9251404171096224e-10,-4.0641327438249372e-05,-4.0628407809492899e-05,-1.2919628756473227e-08,6.3567185850751968e-11,0
397,-1.1511776240577831e-10,-1.7445830732044053e-04,-1.7441923082525028e-04,-3.9076495190245447e-08,5.3103839763691852e-12,0
398,-5.4969328659496270e-11,-4.8718370592179885e-06,-4.8386992177150389e-06,-3.3137841502949630e-08,4.6561747368332890e-12,0
399,6.0148433993405375e-11,1.6958645932526988e-04,1.6957625771350061e-04,1.0201611769266369e-08,8.1673085547777660e-12,0
400,4.5939210931308905e-10,1.8821354408183819e-05,1.8803459123674757e-05,1.7895284509061415e-08,3.1670232522687342e-11,0
401,3.4427434648168842e-10,-1.5563668162835035e-04,-1.5563027614532915e-04,-6.4054830211962999e-09,4.9214170743550068e-11,0
402,4.0442278055884716e-10,1.3949608314883788e-05,1.3956527530376902e-05,-6.9192154931135938e-09,3.9982593511229153e-11,0
403,2.9495013101305912e-10,-1.7441373268101644e-04,-1.7441445116734154e-04,7.1848632509567516e-10,6.1467630054936111e-12,0
404,7.9972798354510077e-11,-4.8388155566987364e-06,-4.8372712318470420e-06,-1.5443248516943428e-09,4.2363532446866890e-12,0
405,-2.1497733265591473e-10,1.6957491945813802e-04,1.6957291312364028e-04,2.0063344977365102e-09,6.1487330116208398e-12,0
406,-1.7581446600501291e-11,-9.9683927444510663e-06,-9.9676922113588854e-06,-7.0053309218087592e-10,2.1161266810550681e-11,0
407,9.3013221949931581e-11,-7.0887380618609060e-06,-7.0754218970031257e-06,-1.3316164857780231e-08,8.5084711411295165e-12,0
408,-5.0027627268751757e-11,-1.8151661624577625e-04,-1.8150276969163773e-04,-1.3846554138517708e-08,9.2214382327017241e-12,0
409,4.6371102705967637e-12,-1.1936174311040688e-05,-1.1923950575072846e-05,-1.2223735967841745e-08,1.2192201289403545e-11,0
410,-8.7689981669009144e-11,-2.5866701602111301e-05,-2.5875222379492217e-05,8.5207773809161020e-09,2.9549069851958455e-11,0
411,-1.4304084890956514e-10,-1.7442788548461229e-04,-1.7441911583195539e-04,-8.7696526568912560e-09,5.4922268231376841e-12,0
412,-8.8376111584351592e-11,-4.8474446555785144e-06,-4.8391924500672406e-06,-8.2522055112738938e-09,5.7007646982529274e-12,0
413,5.4664737949535220e-11,1.6958041369664022e-04,1.6957566232668169e-04,4.7513699585291936e-09,7.8092847912913690e-12,0
414,1.8070320299994885e-10,1.8778004269672617e-05,1.8800256535136940e-05,-2.2252265464323703e-08,3.8077974958011718e-11,0
415,3.7662353966142817e-11,-1.5564979439597164e-04,-1.5563324753652239e-04,-1.6546859449252313e-08,4.0116129523619326e-11,0
416,9.2327091370824268e-11,1.3930519771787782e-05,1.3952906909458852e-05,-2.2387137671069709e-08,7.7727010697797692e-11,0
417,-2.9713888316196820e-10,2.6336370435772402e-05,2.6331799087742196e-05,4.5713480302057906e-09,4.7593445240012018e-11,0
418,7.2926268069269621e-11,-1.7441536388175787e-04,-1.7441651903274370e-04,1.1551509858246170e-09,1.8453073516276118e-11,0
419,3.3563912951519844e-12,-4.8397021367866180e-06,-4.8382343652579950e-06,-1.4677715286230849e-09,1.6288490511744117e-11,0
420,-6.9569876700773991e-11,1.6957562253754684e-04,1.6957402974764036e-04,1.5927899064786810e-09,2.9673925816871587e-11,0
421,-4.1179532739422954e-10,1.4747508109265017e-05,1.4746252017532999e-05,1.2560917320172623e-09,1.4469461265923844e-11,0
422,2.1314920961098280e-12,-2.5854810114878893e-05,-2.5874246372033441e-05,1.9436257154547827e-08,3.1314430350291083e-11,0
423,-3.8165095415061242e-10,4.7951651262491922e-06,4.7862539271373477e-06,8.9111991118444539e-09,2.1639877626654160e-11,0
424,4.1392681934815400e-10,-4.0602211845892217e-05,-4.0621352367007808e-05,1.9140521115591498e-08,8.2662521339483341e-11,0
425,3.0144373275856511e-11,-9.9523581831625213e-06,-9.9670907811128360e-06,1.4732597950314663e-08,1.7812690341440837e-11,0
426,-3.8378244654870682e-10,3.0649939427794830e-05,3.0667542969999335e-05,-1.7603542204505077e-08,9.4910329820951801e-11,0
427,-3.7572340772831012e-10,2.6293589272681148e-05,2.6330928000419998e-05,-3.7338727738850776e-08,3.8374403550316729e-11,0
428,1.5452266753465883e-10,-1.7441348348148401e-04,-1.7441545552385112e-04,1.9720423671050914e-09,1.8120081446261342e-11,0
429,3.4662931842990566e-11,-4.8390173956096641e-06,-4.8379333935855210e-06,-1.0840020241430518e-09,1.6704781342055864e-11,0
430,-1.1985973568354910e-10,1.6957452957501519e-04,1.6957327202024442e-04,1.2575547707663857e-09,3.2058198133659576e-11,0
431,-2.8140081730817801e-10,1.4727037310877447e-05,1.4747579581446116e-05,-2.0542270568668565e-08,2.8232597161670744e-11,0
432,-4.5973389200192638e-11,-2.5872293567989036e-05,-2.5874795902773761e-05,2.5023347847249642e-09,5.8129712054364681e-11,0
433,-3.5850505741646638e-10,4.7559315220976894e-06,4.7864286144408970e-06,-3.0497092343207587e-08,3.1937642159752601e-11,0
434,2.3542742809168638e-10,-4.0599236987326134e-05,-4.0623226432039535e-05,2.3989444713400305e-08,7.8827127195924271e-11,0
435,-7.7104239872277383e-11,-9.9710692440615513e-06,-9.9682292728872357e-06,-2.8399711743156135e-09,1.8430920264904878e-11,0
436,-3.1253166821170924e-10,3.0628244170339755e-05,3.0668242278494398e-05,-3.9998108154642759e-08,8.5008533345589260e-11,0
437,1.1580364426168983e-10,-7.0892243701128205e-06,-7.0754729953300089e-06,-1.3751374782811527e-08,1.6102613517771518e-11,0
438,9.9100538191328374e-11,-1.8150952213894140e-04,-1.8150059455820998e-04,-8.9275807314262087e-09,1.5982399427376442e-11,0
439,9.3888229426817716e-11,-1.1932291370813849e-05,-1.1923346988702663e-05,-8.9443821111869312e-09,2.2542102048830955e-11,0
440,-1.6703105827934995e-11,-1.7442025638498421e-04,-1.7441708427951472e-04,-3.1721054694901999e-09,1.0087436977818159e-11,0
441,-2.1915414765657965e-11,-4.8430365034673843e-06,-4.8386385115374155e-06,-4.3979919299688328e-09,1.0931363198423436e-11,0
442,-5.2123087639804612e-12,1.6957723376991116e-04,1.6957420380057494e-04,3.0299693362233638e-09,1.0535799098651629e-11,0
443,-4.0287967517054082e-10,2.6264481358163200e-05,2.6330626980843722e-05,-6.6145622680522146e-08,3.4976599633267078e-11,0
444,-1.0964060373473880e-10,-9.9753600120815189e-06,-9.9685113456011023e-06,-6.8486664804165637e-09,1.2518842201937845e-11,0
445,-4.0840583544291802e-11,-2.5870410784802869e-05,-2.5874766462528801e-05,4.3556777259313323e-09,2.8467496655828005e-11,0
446,-2.6784310165118251e-10,2.6289894058014775e-05,2.6332123823229347e-05,-4.2229765214572579e-08,1.1708779088796551e-11,0
447,-1.9862998838765678e-10,-6.9592074990112041e-06,-6.9557810507833039e-06,-3.4264482279002008e-09,5.4506861754179676e-12,0
448,6.5285667957762602e-11,-1.8136541772746043e-04,-1.8136758849155270e-04,2.1707640922698310e-09,1.1561817949263620e-11,0
449,-1.1310122435712235e-10,-1.1796673326437256e-05,-1.1794096529000199e-05,-2.5767974370573428e-09,9.1298233480964489e-12,0
450,6.9213113021289167e-11,-3.3249098626118509e-05,-3.3247390272146226e-05,-1.7083539722824795e-09,1.6378377692345073e-12,0
451,3.3312876923884119e-10,-2.0765530272303712e-04,-2.0765660326202474e-04,1.3005389876195959e-09,4.6744248160648307e-12,0
452,1.5474187700308116e-10,-3.8086542598137103e-05,-3.8083171189125126e-05,-3.3714090119776668e-09,2.7386604958669754e-12,0
453,2.6391565637044501e-10,-1.7440621146539489e-04,-1.7441358550198305e-04,7.3740365881622832e-09,2.2824417695812407e-12,0
454,8.5528764038944527e-11,-4.8374517729000630e-06,-4.8375599347202446e-06,1.0816182018165053e-10,1.7386260713232581e-12,0
455,-1.7838689223228956e-10,1.6956874577311442e-04,1.6957179534037714e-04,-3.0495672627222324e-09,3.7499040890793721e-12,0
456,-1.1054266600269131e-10,1.4751546124723374e-05,1.4749171704950473e-05,2.3744197729004416e-09,2.4467575131947224e-11,0
457,-1.3709475734740969e-10,4.7826899201195653e-06,4.7886731615279767e-06,-5.9832414084114497e-09,3.1866323060470198e-11,0
458,-2.6552091336081412e-11,-9.9688809126236184e-06,-9.9675400039455490e-06,-1.3409086780694047e-09,2.2059147875175177e-11,0
459,-1.3911678346782535e-10,-9.9770199179054220e-06,-9.9687153488807340e-06,-8.3045690246879851e-09,2.0093586569190128e-11,0
460,-2.5060264321159213e-10,2.6292195994355103e-05,2.6332314928855531e-05,-4.0118934500428034e-08,1.4982934002415448e-11,0
461,7.1473232255044344e-11,-6.9436626373899774e-06,-6.9528511036671750e-06,9.1884662771976057e-09,9.4256928824243621e-12,0
462,2.0143114870113210e-10,-1.1766787054164757e-05,-1.1790761898445600e-05,2.3974844280843003e-08,1.6785967506888078e-11,0
463,3.2207587455477724e-10,-3.3235858310174619e-05,-3.3244992547694637e-05,9.1342375200181370e-09,4.4711508498637572e-12,0
464,4.5203379085678387e-10,-3.8058962285740343e-05,-3.8080362757134635e-05,2.1400471394292177e-08,7.6763837507601396e-12,0
465,1.2995791625250091e-10,-4.8231164133591409e-06,-4.8371584672510007e-06,1.4042053891859805e-08,4.5017023475878980e-12,0
466,1.2745400249245046e-10,-1.8150538578032369e-04,-1.8149967427105393e-04,-5.7115092697663725e-09,1.4900372225891781e-11,0
467,-6.7019434352510141e-11,-2.5871681312470644e-05,-2.5875097068255491e-05,3.4157557848475142e-09,3.7620958396918286e-11,0
468,1.9447343691380681e-10,-1.5563358585397435e-04,-1.5563013662320128e-04,-3.4492307730707786e-09,4.9185833862518336e-11,0
469,2.9896696097123211e-10,-3.3233209046509837e-05,-3.3245458561842514e-05,1.2249515332677069e-08,2.1934820512507662e-11,0
470,3.9954995426799219e-10,-3.8051251152023541e-05,-3.8081196738704934e-05,2.9945586681393434e-08,4.2571585964906687e-11,0
471,1.0058299325119541e-10,-4.8179947811678725e-06,-4.8375312203662029e-06,1.9536439198330357e-08,1.3997258751526508e-11,0
472,2.5613568432653107e-10,-3.3234038930079687e-05,-3.3246149650010266e-05,1.2110719930578224e-08,1.2174334574528687e-11,0
473,3.3509374713401949e-10,-3.8056576846943330e-05,-3.8082171191031530e-05,2.5594344088200735e-08,2.2231264268323099e-11,0
474,7.8958062805978187e-11,-4.8225317882070323e-06,-4.8378195174694714e-06,1.5287729262439124e-08,1.4171301296877275e-11,0
475,-3.3448613801501901e-11,-9.9683907810606785e-06,-9.9674522188179966e-06,-9.3856224268190624e-10,1.7614103672792652e-11,0
476,-8.3298160418497343e-10,-1.8154203252071770e-04,-1.8150997133355414e-04,-3.2061187163560370e-08,1.1900566488265743e-11,0
477,6.2052946613125892e-11,-4.8355181964409612e-06,-4.8380493322515272e-06,2.5311358105660064e-09,8.7630325642299282e-12,0
478,1.4054576679333051e-10,1.4766258016787881e-05,1.4751399598982326e-05,1.4858417805554475e-08,4.8092524724735245e-11,0
479,-6.4231950287872303e-11,-2.5870760752135218e-05,-2.5875116886115772e-05,4.3561339805536314e-09,2.4120687790363794e-11,0
480,2.7961772548688390e-10,-1.8275849697421687e-06,-1.8354628028584575e-06,7.8778331162888514e-09,1.2335981570398500e-11,0
481,-2.0477771794487457e-10,-4.0637017494836794e-05,-4.0627345392882361e-05,-9.6721019544329179e-09,6.1789765774337278e-11,0
482,1.3907195651697954e-10,-1.6594326405668103e-05,-1.6592654213195640e-05,-1.6721924724625355e-09,4.3259387228353350e-11,0
483,3.4384967566106300e-10,2.4043205725993166e-05,2.4042473255508500e-05,7.3247048466642292e-10,4.2124066542999217e-11,0
484,9.6943780130753294e-11,-2.1361701838305911e-05,-2.1364975202901587e-05,3.2733645956758962e-09,1.3991848730014375e-11,0
485,-5.3777682575697990e-11,-1.8444974141259250e-06,-1.8392039470329978e-06,-5.2934670929272367e-09,1.2571181548489026e-11,0
486,-3.7231432093254646e-10,-6.9581595750973276e-06,-6.9579378162323402e-06,-2.2175886498746085e-10,1.7828060251316918e-11,0
487,-7.1303438504153060e-11,-1.8137064030094809e-04,-1.8136825952165726e-04,-2.3807792908338635e-09,4.0360449575214668e-11,0
488,-2.9007230827524200e-10,-1.1798169324708536e-05,-1.1796607000832280e-05,-1.5623238762555092e-09,2.4614272703965013e-11,0
489,3.0101088238425244e-10,-1.7441244857919602e-04,-1.7441203852084738e-04,-4.1005834863186603e-10,5.6099601101268904e-12,0
490,8.2242012650377519e-11,-4.8399865432308684e-06,-4.8379252621475136e-06,-2.0612810833548129e-09,3.7081656041122325e-12,0
491,-2.1876886977092005e-10,1.6957246634802898e-04,1.6956991738229456e-04,2.5489657344199539e-09,4.1094941982046817e-12,0
492,-4.2172408965947744e-10,1.4747089893457979e-05,1.4745022301675247e-05,2.0675917827323612e-09,1.4458985036851216e-11,0
493,-1.5077735473709023e-11,-2.5862359227048042e-05,-2.5874592045094743e-05,1.2232818046701058e-08,2.7899918761412364e-11,0
494,-4.1615268132127514e-10,4.7877467461788017e-06,4.7850934005904192e-06,2.6533455883825940e-09,1.6932569595299685e-11,0
495,4.0664635401306712e-10,-4.0609474425849779e-05,-4.0620439533960261e-05,1.0965108110482359e-08,9.5501845460232170e-11,0
496,5.5714083944729999e-12,-9.9593950898301323e-06,-9.9668848938281979e-06,7.4898039980655885e-09,1.7799363763041238e-11,0
497,-4.0107494613555669e-10,3.0650116224305909e-05,3.0666491402933021e-05,-1.6375178627112618e-08,8.5769341912594823e-11,0
498,-1.0795287340945083e-11,5.2413690232173786e-06,5.2444245961304617e-06,-3.0555729130831010e-09,6.2835037038306623e-13,0
499,-5.6770778857362279e-11,-9.9693012749740156e-06,-9.9675270821241975e-06,-1.7741928498181056e-09,1.3779085627863628e-11,0
500,3.7428511265434026e-11,-7.0901507871739405e-06,-7.0772511249446968e-06,-1.2899662229243705e-08,1.6566409643204560e-11,0
501,4.9357476919816681e-11,-1.8150792488365967e-04,-1.8149958278456863e-04,-8.3420990910432549e-09,2.0992521614919532e-11,0
502,2.5115395278411731e-11,-1.1933327633870984e-05,-1.1925264231592158e-05,-8.0634022788262922e-09,1.9532315639357598e-11,0
503,2.4432375094040404e-11,-1.8462540957598500e-06,-1.8384990837341099e-06,-7.7550120257400834e-09,1.2097986293510663e-11,0
504,1.1928965859622229e-11,-1.7441773931843509e-04,-1.7441487725539334e-04,-2.8620630417508161e-09,1.0330107708051143e-11,0
505,-1.2313115931419213e-11,-4.8431256675224299e-06,-4.8390792636337041e-06,-4.0464038887257764e-09,1.1451922331295672e-11,0
506,-1.2996136147324014e-11,5.2439580014312665e-06,5.2443930758546127e-06,-4.3507442334621407e-10,5.9646637428719103e-12,0
507,-2.4242081638227446e-11,1.6957455716715055e-04,1.6957161317416648e-04,2.9439929840734819e-09,1.6803996329437105e-11,0
508,-2.4925101817222124e-11,1.7966166865561982e-04,1.7965957389157582e-04,2.0947640440012547e-09,9.8500888385866150e-12,0
509,-6.8302020211774803e-13,1.0087067355020636e-05,1.0085096894192640e-05,1.9704608279960255e-09,7.6247042195168936e-12,0
510,-3.1618136213646607e-10,2.6301810888036681e-05,2.6331588007225904e-05,-2.9777119189222737e-08,4.5433471443908749e-11,0
511,-9.1944292852469492e-11,-9.9707126631264163e-06,-9.9678728224654884e-06,-2.8398406609278374e-09,2.4135556496642462e-11,0
512,-6.0586782795498352e-11,-2.5879115110208177e-05,-2.5875131105386627e-05,-3.9840048215502579e-09,7.9611358796506189e-11,0
513,1.7347688497517280e-10,-1.7441143512690691e-04,-1.7441281480389797e-04,1.3796769910616544e-09,1.6456771395115493e-11,0
514,8.4630512438117224e-12,5.2458524007010978e-06,5.2446219564518389e-06,1.2304442492589143e-09,6.7582023440653230e-12,0
515,-1.6501383373141891e-10,1.7965726757577843e-04,1.7965773888968889e-04,-4.7131391045268818e-10,1.3561159332327747e-11,0
516,-1.0931929062438607e-10,1.4750356462585150e-05,1.4748124863161230e-05,2.2315994239202082e-09,2.4585386004688830e-11,0
517,-1.5092804939773439e-10,4.7817537878038028e-06,4.7877829173953873e-06,-6.0291295915844585e-09,2.9040676617892398e-11,0
518,-4.1608758762430452e-11,-9.9685971377164000e-06,-9.9672539427926986e-06,-1.3431949237013700e-09,2.1575297292650614e-11,0
519,-2.0443801943904035e-10,2.6295260923825045e-05,2.6332826650708200e-05,-3.7565726883155348e-08,1.2826394283500308e-11,0
520,-1.4921537187090360e-10,-6.9584330331558253e-06,-6.9556629113024331e-06,-2.7701218533921859e-09,5.9611131484614829e-12,0
521,1.2310780753116078e-10,-1.8136279761830475e-04,-1.8136538326554732e-04,2.5856472425655769e-09,1.0325880521000691e-11,0
522,-6.0721718458281887e-11,-1.1796601218220289e-05,-1.1794534247362838e-05,-2.0669708574512258e-09,9.9500183748817167e-12,0
523,-1.2090639327518679e-10,-1.7120015520337428e-06,-1.7103910586435792e-06,-1.6104933901636654e-09,6.1508944215407319e-12,0
524,5.5222647223230683e-11,-3.3253702611452107e-05,-3.3250262210994178e-05,-3.4404004579295742e-09,1.4666645984058515e-12,0
525,3.2754582640748843e-10,-2.0765807609073451e-04,-2.0765740031443696e-04,-6.7577629755087576e-10,2.6777142681373033e-12,0
526,1.4371630056195648e-10,-3.8091859870218077e-05,-3.8086558593136442e-05,-5.3012770816353956e-09,2.4868024375816401e-12,0
527,8.3531625799062568e-11,-2.8007275252569033e-05,-2.8004454738383791e-05,-2.8205141852425915e-09,1.3942907610049948e-12,0
528,2.7232317938030466e-10,-1.7440438026838489e-04,-1.7441138476973920e-04,7.0045013543149591e-09,1.4282152701059003e-12,0
529,8.8493653406256450e-11,-4.8381623529167653e-06,-4.8381373561991382e-06,-2.4996717627105529e-11,1.5637976396785687e-12,0
530,2.8308978593542213e-11,5.2464316980458921e-06,5.2448308834441575e-06,1.6008146017346434e-09,8.8045186668628678e-13,0
531,-1.8382952586644352e-10,1.6956621986866181e-04,1.6956908092630280e-04,-2.8610576409914251e-09,2.1954347201522660e-12,0
532,-2.4401420063351743e-10,1.7965080001422322e-04,1.7965651602181706e-04,-5.7160075938428832e-09,1.2504953392918169e-12,0
533,-6.0184674801920148e-11,1.0084581263259144e-05,1.0084586822531208e-05,-5.5592720639603688e-12,1.3629404037558268e-12,0
534,1.1367977264979809e-11,1.4758438956844963e-05,1.4749295904572532e-05,9.1430522724315720e-09,2.3814607838265049e-11,0
535,-2.4892568708742317e-11,4.7951805881296661e-06,4.7890641104465973e-06,6.1164776830687395e-09,2.4947152073573779e-11,0
536,-3.6260546038512984e-11,-9.9632589636864180e-06,-9.9671234336708006e-06,3.8644699843825637e-09,2.8560216317160445e-11,0
537,-1.7595676694628755e-10,2.6298084608362970e-05,2.6333142357370595e-05,-3.5057749007624817e-08,1.5967560295908149e-11,0
538,1.2803303888230052e-10,-6.9388649600390928e-06,-6.9526634617602399e-06,1.3798501721147063e-08,1.0059412232029422e-11,0
539,2.5840272828418046e-10,-1.1756195742680664e-05,-1.1791171707571102e-05,3.4975964890438446e-08,1.7760773317111044e-11,0
540,1.7395520429493043e-10,-1.6876503700358203e-06,-1.7072200438158430e-06,1.9569673780022676e-08,1.1035558567736828e-11,0
541,3.0398980471624061e-10,-3.3236940884220651e-05,-3.3247971228369649e-05,1.1030344148997692e-08,2.6529583839408437e-12,0
542,4.3435949392632133e-10,-3.8054272556778401e-05,-3.8083897584146841e-05,2.9625027368439792e-08,9.2149116027238586e-12,0
543,3.4991197006504403e-10,-2.7985722451304845e-05,-2.8001972826443339e-05,1.6250375138493527e-08,4.6946457428393474e-12,0
544,1.3036968916617498e-10,-4.8173337180751515e-06,-4.8377779687985854e-06,2.0444250723433954e-08,5.0968323989927355e-12,0
545,4.5922165335442267e-11,5.2512251866383870e-06,5.2450141498641169e-06,6.2110367742701172e-09,2.4195369855890374e-12,0
546,-8.4447523801337876e-11,1.0068547342736468e-05,1.0084407135734848e-05,-1.5859792998379918e-08,5.1066657093222601e-12,0
547,-6.4278744324577564e-11,-2.5874112901452025e-05,-2.5875231993227938e-05,1.1190917759124454e-09,4.9011588455362552e-11,0
548,-2.0508565083477252e-10,1.6955036152446670e-04,1.6956823816474236e-04,-1.7876640275667124e-08,1.7720770454737097e-11,0
549,-2.7599805278210994e-10,1.7963330393435967e-04,1.7965566088736710e-04,-2.2356953007429334e-08,1.1019667469856298e-11,0
550,-7.0912401996110165e-11,1.0082932174568238e-05,1.0084586819145709e-05,-1.6546445774711998e-09,9.9792724533773824e-12,0
551,-2.1501276991439665e-10,-9.9856085859005399e-06,-9.9690024280088224e-06,-1.6606157891717506e-08,2.3733215935535172e-11,0
552,-1.7235653328814182e-10,-1.8151024584817186e-04,-1.8150101281677621e-04,-9.2330313956456161e-09,1.6472940811736226e-11,0
553,-1.6263063244886888e-10,-1.1933642450075556e-05,-1.1928104572106543e-05,-5.5378779690127427e-09,1.9273548032927076e-11,0
554,-1.0304328761441508e-10,-2.5868770320615310e-05,-2.5875679037598118e-05,6.9087169828086772e-09,5.1566543357734648e-11,0
555,-1.3277510016683049e-10,-1.8425057526942276e-06,-1.8407670979746344e-06,-1.7386547195931896e-09,1.3344021121514509e-11,0
556,9.7259010502565865e-12,1.6957663591742576e-04,1.6957042531980587e-04,6.2105976198953937e-09,1.2374238156414402e-11,0
557,3.9581433396959085e-11,1.7966777683010512e-04,1.7965899906435834e-04,8.7777657467895051e-09,8.1071374097812866e-12,0
558,2.9855532256699082e-11,1.0091135496592078e-05,1.0085741792888561e-05,5.3937037035164590e-09,4.8601680459530220e-12,0
559,-6.9313246138926642e-11,-1.5564148104212430e-04,-1.5563064546735209e-04,-1.0835574772209916e-08,7.1838157550666810e-11,0
560,-5.9587345403274715e-11,1.3935258428086506e-05,1.3949794691781795e-05,-1.4536263695288232e-08,6.9258609715984578e-11,0
561,-2.9731813140547883e-11,2.4026268210752561e-05,2.4037917890126283e-05,-1.1649679373721447e-08,4.0236650121029448e-11,0
562,-3.5298893019170518e-10,2.6277242331222694e-05,2.6331180005700533e-05,-5.3937674477838918e-08,3.4714041755497853e-11,0
563,-2.6715887032293525e-11,-6.9134545142585796e-06,-6.9544500283968719e-06,4.0995514138292253e-08,1.4756827694757950e-11,0
564,3.2627304349018411e-10,-3.3190711013410257e-05,-3.3248174613247029e-05,5.7463599836772485e-08,8.4102876928868150e-12,0
565,4.2040704750588816e-10,-1.8149157375204651e-04,-1.8149426609774029e-04,2.6923456937738392e-09,4.5038892478937291e-11,0
566,3.9913483699440776e-10,-4.0611971539458551e-05,-4.0619687004836149e-05,7.7154653775984264e-09,7.2062449796609910e-11,0
567,-1.6013078113503078e-11,-9.9619169304362640e-06,-9.9667218149291464e-06,4.8048844928824089e-09,1.5033772369260862e-11,0
568,-4.1514791565570977e-10,3.0650123873029360e-05,3.0665612046663858e-05,-1.5488173634497430e-08,8.4662336620958682e-11,0
569,3.3186059275810665e-10,-3.8062495737307273e-05,-3.8085966943784630e-05,2.3471206477357082e-08,1.5344480743017363e-11,0
570,2.7470761532727649e-10,-2.7989357008808766e-05,-2.8003590091321014e-05,1.4233082512248415e-08,8.4304333375760557e-12,0
571,-5.7152977417584610e-11,1.0073077696052916e-05,1.0084858248941019e-05,-1.1780552888102406e-08,9.2482654988379623e-12,0
572,1.4151485433722019e-10,1.4763077199709401e-05,1.4750202488095491e-05,1.2874711613910606e-08,3.2937891755575098e-11,0
573,-7.5293247692362722e-11,-2.5871245949905309e-05,-2.5875406613529419e-05,4.1606636241099974e-09,1.5154454872780624e-11,0
574,-2.1680810288925538e-10,-4.0634430184776152e-05,-4.0626406951371744e-05,-8.0232334044079033e-09,5.1982559614973852e-11,0
575,-2.7824137087379339e-10,2.6283365735914636e-05,2.6332008561343594e-05,-4.8642825428958311e-08,3.2173796826359375e-11,0
576,-2.9431028613937348e-10,-6.9751489673985229e-06,-6.9575275316126563e-06,-1.7621435785866566e-08,1.2208773643857354e-11,0
577,-1.1206894958418589e-10,-1.8138227946098116e-04,-1.8136705695421786e-04,-1.5222506763304996e-08,2.0007908370791178e-11,0
578,-2.3968924387698892e-10,-1.1814596234165087e-05,-1.1797125540839691e-05,-1.7470693325395895e-08,1.7458654970522119e-11,0
579,-2.7970500484342618e-10,-1.7289937901312363e-06,-1.7124898180094658e-06,-1.6503972121770493e-08,1.5951412132076295e-11,0
580,-1.6068915235953386e-11,-3.3258541716334536e-05,-3.3252673210059353e-05,-5.8685062751824947e-09,7.6835640760437028e-12,0
581,1.6617242131932817e-10,-2.0766564802820239e-04,-2.0765962765986845e-04,-6.0203683339315247e-09,1.8234169175110398e-11,0
582,3.8552127027120091e-11,-3.8097968477149996e-05,-3.8089672168961530e-05,-8.2963081884658259e-09,1.5796441308852306e-11,0
583,-1.4636339402535491e-12,-2.8012375602775447e-05,-2.8007032604923106e-05,-5.3429978523402300e-09,8.5712478968462841e-12,0
584,1.8224133656020156e-10,-1.7440706715510755e-04,-1.7441112604231623e-04,4.0588872086760267e-09,5.7380791745297378e-12,0
585,5.4621042267096460e-11,-4.8394185360460702e-06,-4.8388768932335934e-06,-5.4164281247686590e-10,5.4061497179592981e-12,0
586,1.4605281289711600e-11,5.2461801737719086e-06,5.2446373946991466e-06,1.5427790727620046e-09,3.5614528382852726e-12,0
587,-1.2762029429323651e-10,1.6956765111823119e-04,1.6956812068597184e-04,-4.6956774064780063e-10,6.9097848763814963e-12,0
588,-1.6763605526673763e-10,1.7965323140993299e-04,1.7965605718486111e-04,-2.8257749281235429e-09,6.8248143300414138e-12,0
589,-4.0015760977379328e-11,1.0085589268693366e-05,1.0085120483003093e-05,4.6878569027254983e-10,5.8918382759874411e-12,0
591,-7.2679676737034206e-11,-9.9688997352834121e-06,-9.9672345743700783e-06,-1.6651609133337697e-09,1.0432096919739415e-11,0
592,-8.3842843508768807e-11,-2.5871651612513957e-05,-2.5875528076199589e-05,3.8764636856315998e-09,7.8312808461033190e-11,0
593,-1.1436559112182988e-12,-2.8013634837840626e-05,-2.8007374448715068e-05,-6.2603891255578505e-09,4.4518480622096405e-11,0
594,-1.0702349885392242e-10,1.4749268992371879e-05,1.4747140896323196e-05,2.1280960486821682e-09,2.2958348009180671e-11,0
595,-1.6252127152805800e-10,4.7810030884548734e-06,4.7869529365834308e-06,-5.9498481285573683e-09,2.6223676423550598e-11,0
596,-5.5497772660816299e-11,-9.9682884334637012e-06,-9.9669767182858254e-06,-1.3117151778757846e-09,2.0942084069560153e-11,0
597,-2.7603279911672640e-10,-6.9575957604415574e-06,-6.9574336728539496e-06,-1.6208758760774241e-10,1.3164919533735691e-11,0
598,2.2406612465125293e-11,-1.8136913919521711e-04,-1.8136517037984468e-04,-3.9688153724288903e-09,5.6527220650992327e-11,0
599,-2.5000161441084472e-10,-1.7123760891247543e-06,-1.7123041999006173e-06,-7.1889224136984691e-11,1.6108586296021828e-11,0
600,2.9843941148933193e-10,-1.7441159168770336e-04,-1.7440930456076302e-04,-2.2871269403379208e-09,3.5998181911473003e-12,0
601,8.1675497838401655e-11,-4.8416655426093084e-06,-4.8387314775694370e-06,-2.9340650398713389e-09,2.4256798007262514e-12,0
602,2.6031184700035793e-11,5.2452383396702331e-06,5.2447464020894851e-06,4.9193758074792909e-10,1.3817364607311164e-12,0
603,-2.1676391373486755e-10,1.6956992671269221e-04,1.6956646075382527e-04,3.4659588669428993e-09,3.9610731232349702e-12,0
604,-2.7240822690147740e-10,1.7965682241367475e-04,1.7965434190147887e-04,2.4805121958738387e-09,2.9933921488676237e-12,0
605,-5.5644313146260160e-11,1.0086894274362757e-05,1.0085078818543705e-05,1.8154558190524607e-09,2.1113460627483780e-12,0
606,-1.9894262352632573e-10,1.4720823007061123e-05,1.4745966280079743e-05,-2.5143273018619200e-08,8.5467830716807400e-11,0
608,-1.0223443427405919e-10,-9.9710659436998313e-06,-9.9674282644632615e-06,-3.6376792365697868e-09,4.0768215823906692e-11,0
609,-1.4040484396072185e-10,2.6301289757972232e-05,2.6333536440424010e-05,-3.2246682451777750e-08,1.2130831722823440e-11,0
610,-1.0012962027605863e-10,-6.9577822760292542e-06,-6.9555313145757177e-06,-2.2509614535364352e-09,5.7600911802809268e-12,0
611,1.7624353575575440e-10,-1.8136052723016945e-04,-1.8136329226101910e-04,2.7650308496551378e-09,1.4201223988281099e-11,0
612,-1.0128420538317684e-11,-1.1796645124829107e-05,-1.1794951225742469e-05,-1.6938990866382549e-09,9.5459460177159770e-12,0
613,-7.0455379212697510e-11,-1.7114229303159291e-06,-1.7103766945899044e-06,-1.0462357260247355e-09,5.9935486448334098e-12,0
614,4.0275223253598238e-11,-3.3259092798859635e-05,-3.3253036599689332e-05,-6.0561991703034571e-09,1.5349446767920325e-12,0
615,3.1664837897817899e-10,-2.0766178262507417e-04,-2.0765822700973558e-04,-3.5556153385885979e-09,7.3500033194442530e-12,0
616,1.3027642288403912e-10,-3.8097935523171908e-05,-3.8089842772284991e-05,-8.0927508869173314e-09,2.6500604245324955e-12,0
617,6.9949464287801547e-11,-2.8012733392982631e-05,-2.8007238081987750e-05,-5.4953109948803480e-09,1.4696134732301843e-12,0
618,2.7637315597102044e-10,-1.7440271487574772e-04,-1.7440931624043883e-04,6.6013646911030135e-09,3.3330186491700603e-12,0
619,9.0001199715161100e-11,-4.8388441518242443e-06,-4.8387066364955099e-06,-1.3751532873437214e-10,1.5790083434013143e-12,0
620,2.9674241058493261e-11,5.2463639286150915e-06,5.2447790799564266e-06,1.5848486586648918e-09,8.7804874455695928e-13,0
621,-1.8637195613889951e-10,1.6956386311205076e-04,1.6956650431888774e-04,-2.6412068369798935e-09,5.4296995465196452e-12,0
622,-2.4669891474948661e-10,1.7964905615969369e-04,1.7965438503246464e-04,-5.3288727709459825e-09,3.3260501738811288e-12,0
623,-6.0326958644893595e-11,1.0085197992371585e-05,1.0085084360382706e-05,1.1363198887899876e-10,1.3926458138199766e-12,0
624,-3.2334152093896776e-10,-1.8151591054110273e-04,-1.8150137396730911e-04,-1.4536573793619929e-08,2.6474191614599686e-11,0
625,-9.8564852098741754e-11,-2.5871821089470080e-05,-2.5875750180360010e-05,3.9290908899295980e-09,7.2070517066880536e-11,0
626,-2.2477666883002946e-10,-1.5564406832070839e-04,-1.5563077165635928e-04,-1.3296664349107291e-08,8.2855361123449833e-11,0
627,-1.5738534348920655e-10,-9.9768345359890070e-06,-9.9679442367442724e-06,-8.8902992447346008e-09,2.2808886019099917e-11,0
628,-2.3268205898018377e-10,-1.8150753094256988e-04,-1.8150021882832465e-04,-7.3121142452308840e-09,1.6339788703002167e-11,0
629,-1.0867269823990014e-10,-2.5869421466553043e-05,-2.5875876046049222e-05,6.4545794961795610e-09,3.1608409563858929e-11,0
630,-1.2400936120140419e-10,-1.5563794064969456e-04,-1.5562947190368769e-04,-8.4687460068710516e-09,7.3380216911428614e-11,0
631,-1.0314015813781945e-10,2.6305569804152551e-05,2.6333949508971096e-05,-2.8379704818545196e-08,1.6575273234968803e-11,0
632,1.8237361841261976e-10,-6.9308904774301183e-06,-6.9524805088467873e-06,2.1590031416668930e-08,9.9223708702285160e-12,0
633,3.1163264586190367e-10,-1.1735099522444670e-05,-1.1791575796616278e-05,5.6476274171608369e-08,1.9782752778576230e-11,0
634,2.2884647940082689e-10,-1.6764230866168905e-06,-1.7071655643843856e-06,3.0742477767495079e-08,1.1460024573025561e-11,0
635,2.8551377526382522e-10,-3.3236457546001377e-05,-3.3250828316627624e-05,1.4370770626247751e-08,5.0985316242295736e-12,0
636,4.1477280247696005e-10,-3.8040644609541562e-05,-3.8087302281699688e-05,4.6657672158126329e-08,9.2467588711743327e-12,0
637,3.3198663617437133e-10,-2.7981969463942123e-05,-2.8004848301322801e-05,2.2878837380677379e-08,4.6194721812709046e-12,0
638,1.2925902717622663e-10,-4.8041862785630669e-06,-4.8383860618881499e-06,3.4199783325082969e-08,5.5296225296522312e-12,0
639,4.6472860898879813e-11,5.2544871181931137e-06,5.2449521987529752e-06,9.5349194401384460e-09,3.0787481487153741e-12,0
640,-8.2786166250323674e-11,1.0058663045073345e-05,1.0084933005617573e-05,-2.6269960544227506e-08,5.3406320097244193e-12,0
641,3.1232629020776762e-10,-1.7438306316536721e-04,-1.7440838425145295e-04,2.5321086085739256e-08,1.0310199247714582e-11,0
642,1.0739062889332123e-10,-4.8363543091382681e-06,-4.8386683549268498e-06,2.3140457885817260e-09,1.0091012643196152e-11,0
643,3.7263082632926976e-11,5.2469918428888363e-06,5.2448455545969880e-06,2.1462882918483095e-09,5.8414638226611188e-12,0
644,-2.0493566114892765e-10,1.6954670977917859e-04,1.6956562674521445e-04,-1.8916966035856459e-08,1.6270555260685886e-11,0
645,-2.7506320734515458e-10,1.7963003500713181e-04,1.7965351670890195e-04,-2.3481701770142974e-08,9.6186725421358414e-12,0
646,-7.0127546243018154e-11,1.0083357886071830e-05,1.0085107297269190e-05,-1.7494111973596362e-09,9.2773307457875678e-12,0
647,-4.3384563683648013e-10,1.4745869436191480e-05,1.4742994509384609e-05,2.8749268068711982e-09,2.1138837831709570e-11,0
648,-4.3506351832925337e-11,-2.5867871409039275e-05,-2.5875169139149140e-05,7.2977301098651928e-09,4.2982525866889244e-11,0
649,-4.7227980703679733e-10,4.7824820835940147e-06,4.7831554462672861e-06,-6.7336267327132307e-10,2.6501125563467322e-11,0
650,3.9033928479165801e-10,-4.0613729738719212e-05,-4.0618940149194650e-05,5.2104104754377239e-09,6.7480035098351009e-11,0
651,-3.8434170096360370e-11,-9.9633418033486312e-06,-9.9665638890716829e-06,3.2220857230516673e-09,1.5048767982826976e-11,0
652,-4.2877345546116870e-10,3.0650249452534922e-05,3.0664730241790691e-05,-1.4480789255769339e-08,7.8642929874508802e-11,0
653,1.0529363731147810e-10,-4.8096549826312160e-06,-4.8387380146184425e-06,2.9083031987226459e-08,1.4927282127023023e-11,0
654,3.6337654119111995e-11,5.2515176915668687e-06,5.2448299945389750e-06,6.6876970278936679e-09,8.1008775203375867e-12,0
655,-6.8955983172394238e-11,1.0061131023049626e-05,1.0085159817579458e-05,-2.4028794529831976e-08,1.4325235963938525e-11,0
656,-2.2947905607891726e-10,2.6323229870695367e-05,2.6332549077869629e-05,-9.3192071742625917e-09,6.6530241493211047e-11,0
657,-1.1196716046346369e-10,-1.8156368340401831e-04,-1.8149857307766268e-04,-6.5110326355629321e-08,5.3293011832944198e-11,0
658,-2.2711087848148499e-10,-4.0632983914422674e-05,-4.0625656015068722e-05,-7.3278993539517773e-09,5.5141506880419456e-11,0
659,7.2296789890595677e-11,-4.8370978065971799e-06,-4.8391603438191435e-06,2.0625372219636054e-09,2.4731339612187011e-12,0
660,2.2271501145297220e-11,5.2467115510595932e-06,5.2446676134511332e-06,2.0439376084599483e-09,6.4648418803165386e-13,0
661,-5.0025288742123997e-11,1.0083811310642506e-05,1.0085417840891809e-05,-1.6065302493028513e-09,1.7598513634936852e-12,0
662,-2.3335408273814552e-10,4.7720066258770399e-06,4.7856401137440326e-06,-1.3633487866992637e-08,2.8662562205500590e-11,0
663,-1.3506192337149578e-10,1.6956538017316508e-04,1.6956573420667440e-04,-3.5403350932307343e-10,1.2328874463773509e-11,0
664,-1.7705648583861301e-10,1.7965148379165546e-04,1.7965405307323771e-04,-2.5692815822466776e-09,8.7982530167297450e-12,0
665,-4.1994562470666905e-11,1.0086140582417098e-05,1.0085549790535739e-05,5.9079188135873709e-10,7.5364101933599235e-12,0
666,-1.5077138421479956e-10,-1.5567614779829313e-04,-1.5562908156959980e-04,-4.7066228693327635e-08,7.2695861423995282e-11,0
667,-2.8583330756107192e-10,1.3889210409505359e-05,1.3946356648815912e-05,-5.7146239310552316e-08,6.7966345645924224e-11,0
668,-3.2782787000698215e-10,2.3975340633666103e-05,2.4034027723917536e-05,-5.8687090251432767e-08,4.6025497682402983e-11,0
669,-1.1533405360675547e-11,-1.8149884967355676e-04,-1.8149694185162855e-04,-1.9078219282153697e-09,3.9023742204883396e-11,0
670,-1.6400960605047206e-10,-1.8709990640217861e-06,-1.8422833224256357e-06,-2.8715741596150329e-08,2.4836121040053938e-11,0
671,-1.9217378426060559e-10,4.7599463508414541e-06,4.7859562911126414e-06,-2.6009940271187233e-08,3.8433780671956960e-11,0
672,-1.5247620069852947e-10,1.7962792621782544e-04,1.7965399787171302e-04,-2.6071653887578755e-08,1.3653160313981586e-11,0
673,-1.8064037885251652e-10,1.8625889873772391e-04,1.8624667247684154e-04,1.2226260882370775e-08,6.1686963059309684e-11,0
674,-2.8164178547141965e-11,6.6308779302136443e-06,6.5902998211771869e-06,4.0578109036457336e-08,4.2025336440535261e-11,0
675,2.1047707477538803e-10,-4.0591888047024349e-05,-4.0620530954498847e-05,2.8642907474497620e-08,7.8371540540452638e-11,0
676,-3.0066449004397015e-10,2.6284865685261005e-05,2.6331760007382863e-05,-4.6894322121857415e-08,3.0465579339376372e-11,0
679,-1.0302067686663347e-10,1.4747981842280940e-05,1.4746015998676653e-05,1.9658436042868757e-09,1.8663240063165586e-11,0
680,-7.3716195314803796e-11,-2.5873198742957463e-05,-2.5875593332332680e-05,2.3945893752168887e-09,3.6229735632161464e-11,0
681,2.9304481579699896e-11,-4.0621278400539292e-05,-4.0622369230765671e-05,1.0908302263787253e-09,1.0104369122972051e-10,0
682,-7.9319047985905809e-11,2.6308578561852133e-05,2.6334213559268128e-05,-2.5634997415994841e-08,1.3061366088986124e-11,0
683,-5.3980150998887565e-11,-6.9571519135227036e-06,-6.9554006130997347e-06,-1.7513004229689495e-09,6.4240681155270257e-12,0
684,2.2258163585355107e-10,-1.8135835479506437e-04,-1.8136139185952264e-04,3.0370644582664204e-09,1.0405158118792817e-11,0
685,3.6228920127114942e-11,-1.1796662329951850e-05,-1.1795340130010355e-05,-1.3221999414949590e-09,1.0563088131174669e-11,0
686,-2.3440135634713862e-11,-1.7108770853802718e-06,-1.7103586056584794e-06,-5.1847972179239828e-10,6.3568066112077863e-12,0
687,2.5338896485269838e-11,-3.3265726657967509e-05,-3.3255610692795899e-05,-1.0115965171610054e-08,2.3113955661131297e-12,0
688,3.0190068293350561e-10,-2.0766692166481870e-04,-2.0765904221834911e-04,-7.8794464695888626e-09,4.0847882745044964e-12,0
689,1.1554796746886966e-10,-3.8105223563906186e-05,-3.8092900662532606e-05,-1.2322901373580317e-08,3.6347005703092225e-12,0
690,5.5878911807851008e-11,-2.8019455141119892e-05,-2.8009824818316965e-05,-9.6303228029274827e-09,2.0076896053170423e-12,0
691,2.7656178674021085e-10,-1.7440121179558392e-04,-1.7440744579210395e-04,6.2339965200359972e-09,2.1717962517275671e-12,0
692,9.0209071083936619e-11,-4.8395106418560284e-06,-4.8392453586648757e-06,-2.6528319115265517e-10,2.2789304606770294e-12,0
693,3.0540015354508796e-11,5.2462750657236538e-06,5.2447268760408579e-06,1.5481896827959114e-09,1.2871482253041955e-12,0
694,-1.8635271553845139e-10,1.6956169802222632e-04,1.6956415165435808e-04,-2.4536321317541934e-09,3.0741751406967018e-12,0
695,-2.4602177123072669e-10,1.7964747432052102e-04,1.7965245254135636e-04,-4.9782208353440355e-09,1.8328357239723659e-12,0
696,-5.9669055720227015e-11,1.0085770843007652e-05,1.0085552469648804e-05,2.1837335884811421e-10,1.8596929088942371e-12,0
699,-1.1369626801299066e-10,-9.9711297436291466e-06,-9.9670529096577897e-06,-4.0768339713568636e-09,3.4976776523478774e-11,0
700,-1.9480067616245581e-10,-6.9570371093808162e-06,-6.9570093031410115e-06,-2.7806239804625658e-11,2.0020431778640025e-11,0
701,9.3312240494468898e-11,-1.8136832716829864e-04,-1.8136265096504336e-04,-5.6762032552796094e-09,3.2321964650518926e-11,0
702,-1.1632917729104723e-10,-1.1800412436913847e-05,-1.1797144341379546e-05,-3.2680955343012102e-09,2.0141503596445081e-11,0
703,-1.6847767458944455e-10,-1.7122762962179603e-06,-1.7120293572409491e-06,-2.4693897701124051e-10,1.8599236118838073e-11,0
704,2.8811291653326949e-10,-1.7441137249388184e-04,-1.7440708358028133e-04,-4.2889136005175819e-09,5.5292555145608579e-12,0
705,7.8471498835711637e-11,-4.8433974888268273e-06,-4.8394432759521846e-06,-3.9542128746426330e-09,3.7044887541843600e-12,0
706,2.6323001567840339e-11,5.2447372118823664e-06,5.2446723858225241e-06,6.4826059842346714e-11,2.1550786319582883e-12,0
707,-2.0964141784239515e-10,1.6956798412812537e-04,1.6956359860742837e-04,4.3855206969991688e-09,3.0128338030128062e-12,0
708,-2.6178991515699275e-10,1.7965610525232144e-04,1.7965203460615717e-04,4.0706461642745460e-09,3.7591746201183624e-12,0
709,-5.2148497292268088e-11,1.0088123976922589e-05,1.0085693589424724e-05,2.4303874978651911e-09,2.6215397046838383e-12,0
710,2.6771070406198348e-10,-3.3233024653840301e-05,-3.3253464858393723e-05,2.0440204553422094e-08,5.7065682279548864e-12,0
711,3.1424011209765436e-10,-2.7970014585399720e-05,-2.8007506739585011e-05,3.7492154185291189e-08,6.8469533932749804e-12,0
712,4.6529408027485661e-11,5.2630220888261366e-06,5.2448902377749178e-06,1.8131851051218714e-08,3.5677213774313969e-12,0
713,-6.0872688146812894e-11,-2.5870587511017369e-05,-2.5875493292840676e-05,4.9057818233069761e-09,5.4855047061806388e-11,0
714,4.0047584525870859e-10,-1.1362294539520382e-05,-1.1400088924624743e-05,3.7794385104361389e-08,2.3226397393316056e-11,0
715,2.2092289630621145e-10,-2.1368972301883879e-05,-2.1371751138728435e-05,2.7788368445563175e-09,1.5903335087614409e-11,0
716,-1.7955294904817480e-10,-1.0006713846002178e-05,-9.9676799000573677e-06,-3.9033945944810794e-08,3.0089368168049289e-11,0
717,-2.9616631676021289e-10,-7.0760268684518651e-06,-7.0834486242455227e-06,7.4217557936575465e-09,9.1483590195463843e-12,0
719,-3.4057169670279461e-10,-1.1932014438723743e-05,-1.1932492447977773e-05,4.7800925403067892e-10,1.2995263192990637e-11,0
720,-1.1410280983160780e-10,-2.5870256722473894e-05,-2.5876102495370980e-05,5.8457728970854261e-09,2.9756255254394188e-11,0
725,-3.2129956227925692e-11,1.6957249928188037e-04,1.6956498436051769e-04,7.5149213626848465e-09,7.7328739293030446e-12,0
726,-1.5264730159542785e-11,1.7966590492560219e-04,1.7965428747020239e-04,1.1617455399808366e-08,4.7429515512187002e-12,0
727,1.6865226015983730e-11,1.0093404387522247e-05,1.0086572555826631e-05,6.8318316956161070e-09,5.4879526877119866e-12,0
728,-1.8206350747917374e-10,1.8794180544832485e-05,1.8794174422922716e-05,6.1219097689411625e-12,3.8542852198583798e-11,0
729,-1.9433893103358884e-10,-1.5563415940600964e-04,-1.5562805313971934e-04,-6.1062662902954500e-09,4.2440968156523750e-11,0
730,-2.2646888738766947e-10,1.3938306885532409e-05,1.3946444797034189e-05,-8.1379115017805821e-09,6.2508887291421271e-11,0
731,-2.0960366134475274e-10,2.4031659074694872e-05,2.4034979268521566e-05,-3.3201938266934805e-09,3.9131214385428640e-11,0
732,-5.3395961592965829e-10,-7.1046916103895824e-06,-7.0861821214821708e-06,-1.8509488907411594e-08,3.7410667924067115e-11,0
733,-3.9229269519686569e-10,-1.8151335837227750e-04,-1.8150001365656920e-04,-1.3344715708304240e-08,4.4346326417543014e-11,0
734,-5.0719578842570389e-10,-1.1947126338450118e-05,-1.1934463416047064e-05,-1.2662922403053713e-08,3.6976969620353257e-11,0
735,-5.3056002489456268e-10,-1.8594194237490924e-06,-1.8469338133868715e-06,-1.2485610362220919e-08,2.9745998330176532e-11,0
736,1.4166692071052423e-10,-1.7440867520974752e-04,-1.7440804194800180e-04,-6.3326174572176860e-10,1.9537567196891147e-11,0
737,2.6763827488581705e-11,-4.8424620368208229e-06,-4.8402089911940213e-06,-2.2530456268016197e-09,9.1144396474964752e-12,0
738,3.3995910228115619e-12,5.2452207309941056e-06,5.2443962914912523e-06,8.2443950285327096e-10,5.2714774266074516e-12,0
739,-1.1490309321236320e-10,1.6956624056165036e-04,1.6956381137027903e-04,2.4291913713306475e-09,3.0041375390437578e-11,0
740,-1.3826732968050077e-10,1.7965395316494031e-04,1.7965271337791756e-04,1.2397870227459033e-09,1.9011802988621082e-11,0
741,-2.3364236466237971e-11,1.0087680840213187e-05,1.0086176658611389e-05,1.5041816017979893e-09,8.4399917176786224e-12,0
742,2.6769371401496938e-10,-2.1363713262550956e-05,-2.1371686299705877e-05,7.9730371549207278e-09,1.7804181129535743e-11,0
743,-9.6690256890481774e-10,-1.5564296556657906e-04,-1.5563624997864576e-04,-6.7155879332958177e-09,7.8456500148796533e-11,0
744,-4.3874707281755298e-10,1.4744666383179235e-05,1.4741562137332573e-05,3.1042458466620142e-09,2.3329531099407731e-11,0
745,-6.3113700236568388e-11,-2.5869860197156539e-05,-2.5875577144001514e-05,5.7169468449747235e-09,4.6723574429677693e-11,0
746,-5.1028681856921205e-10,4.7804260972806331e-06,4.7817765066415934e-06,-1.3504093609602286e-09,2.5793314129498190e-11,0
747,3.7563337233560830e-10,-4.0614495428431367e-05,-4.0617880347839733e-05,3.3849194083654605e-09,6.4795374105937309e-11,0
748,-7.1539745601413627e-11,-9.9642336355339894e-06,-9.9663422129850807e-06,2.1085774510912442e-09,1.4554123167417672e-11,0
749,-4.4717311854550542e-10,3.0650337263308115e-05,3.0663467967226067e-05,-1.3130703917952496e-08,8.1740956333352523e-11,0
750,-1.9520890293956379e-10,-1.1936875899436249e-05,-1.1931333465077189e-05,-5.5424343590595662e-09,1.5628780483363184e-11,0
751,-1.8213759224158054e-10,2.6297346644347120e-05,2.6333073844662969e-05,-3.5727200315849186e-08,2.5444037887917088e-11,0
752,-2.1775822032553198e-10,-6.9687009681910356e-06,-6.9575144493165448e-06,-1.1186518874490795e-08,1.1809679821266458e-11,0
753,-1.3704943387856390e-11,-1.8137202273307146e-04,-1.8136292448909480e-04,-9.0982439766536857e-09,2.4771058216780311e-11,0
754,-1.9923487732043466e-10,-1.7226667457775208e-06,-1.7127013958502066e-06,-9.9653499273141930e-09,1.3149609772136363e-11,0
755,-3.5620628148433085e-11,-3.3266031470240154e-05,-3.3258173522805709e-05,-7.8579474344452993e-09,6.2226915041429172e-12,0
756,1.6843264877262819e-10,-2.0766932217250803e-04,-2.0766103231580546e-04,-8.2898567025681269e-09,1.3459806949244380e-11,0
757,-1.7097285142559636e-11,-2.8019980089359284e-05,-2.8012538275131359e-05,-7.4418142279251130e-09,6.4536184978025463e-12,0
758,2.0405327701442539e-10,-1.7440330260172412e-04,-1.7440678564793700e-04,3.4830462128853865e-09,5.3067794213756203e-12,0
759,1.8523343006671756e-11,5.2460476056313886e-06,5.2445452529557087e-06,1.5023526756798386e-09,2.8198754981291478e-12,0
760,-1.8552993397630539e-10,1.7964933694873675e-04,1.7965160306523918e-04,-2.2661165024280474e-09,5.1141583381291960e-12,0
761,-2.4243968686954268e-10,-4.0631079140627385e-05,-4.0624595781466279e-05,-6.4833591611066703e-09,4.9112825236708610e-11,0
762,-7.3228490280896144e-12,-9.9246927196617110e-06,-9.9655650475032128e-06,4.0872327841501814e-08,1.3428282960946890e-11,0
763,2.3511683710843362e-10,3.0706233258157717e-05,3.0670913485761239e-05,3.5319772396477959e-08,2.9037266090375889e-11,0
764,-1.3545284286884186e-10,1.4737013347755103e-05,1.4744636057879407e-05,-7.6227101243047800e-09,2.8642330528208567e-11,0
765,1.0101880706524280e-11,-3.3275544454999459e-05,-3.3258097718435779e-05,-1.7446736563679415e-08,2.1079032286153691e-12,0
766,2.8362176256859012e-10,-2.0767544587649289e-04,-2.0765987210770288e-04,-1.5573768790013267e-08,6.1307153505096661e-12,0
767,9.9434484169012234e-11,-3.8115687692102940e-05,-3.8095865259814210e-05,-1.9822432288729242e-08,5.7935326119067687e-12,0
768,4.1107266346819530e-11,-2.8029365382837429e-05,-2.8012328090796195e-05,-1.7037292041233745e-08,3.1107917560430763e-12,0
769,2.7351988219781427e-10,-1.7439990051735643e-04,-1.7440568127935875e-04,5.7807620023296591e-09,2.5896495915828659e-12,0
770,8.9332603582389616e-11,-4.8401390365258781e-06,-4.8397757938056295e-06,-3.6324272024851876e-10,3.0048681141154385e-12,0
771,3.1005385679380856e-11,5.2461859828252608e-06,5.2446725533603539e-06,1.5134294649069664e-09,1.5152108518692212e-12,0
772,-1.8418727851073781e-10,1.6955975705124169e-04,1.6956191109157890e-04,-2.1540403372121743e-09,4.7474111436764487e-12,0
773,-2.4251449637288189e-10,1.7964607757982396e-04,1.7965062423635974e-04,-4.5466565357749848e-09,2.5971034551529102e-12,0
774,-5.8327217893551578e-11,1.0086313280643043e-05,1.0086010864075350e-05,3.0241656769259715e-10,2.8643076909858140e-12,0
775,-1.9894279511485623e-10,1.6954033485513638e-04,1.6956158194626899e-04,-2.1247091132607816e-08,1.8603553882102664e-11,0
776,-2.6594186679819671e-10,1.7962420245044592e-04,1.7965022802261392e-04,-2.6025572168002480e-08,1.0518709444851865e-11,0
777,-6.6999071722103227e-11,1.0083871572541276e-05,1.0085947169140489e-05,-2.0755965992126418e-09,1.0409162599167547e-11,0
778,-3.7242480580216677e-10,4.7752372018651859e-06,4.7830154601581491e-06,-7.7782582929631413e-09,3.6163239680607184e-11,0
779,-5.9941632844931457e-11,1.0074134792144133e-05,1.0086055049260467e-05,-1.1920257116333142e-08,1.7709743165282748e-11,0
780,-1.4935079495978373e-10,1.6954387127240348e-04,1.6956182414543306e-04,-1.7952873029581902e-08,3.5557369112452092e-12,0
781,-7.0380675128378679e-11,-2.5871532395281950e-05,-2.5875731578252061e-05,4.1991829701107472e-09,6.0542847280490458e-11,0
782,-2.4578676701955480e-10,2.6290662512316702e-05,2.6332368311486772e-05,-4.1705799170070162e-08,2.9937820560116825e-11,0
783,5.8594832521183859e-11,-6.9110829844874072e-06,-6.9546043113570281e-06,4.3521326869620935e-08,1.6296792925159336e-11,0
784,3.0438159974745124e-10,-3.3201737853611607e-05,-3.3255373270864433e-05,5.3635417252825618e-08,6.8875922022009372e-12,0
785,-2.3316705985748098e-10,-9.9690929201238241e-06,-9.9678815731169438e-06,-1.2113470068803012e-09,1.9558752490516324e-11,0
786,-1.0230075810793019e-10,1.6956306341463928e-04,1.6956217221229699e-04,8.9120234228381306e-10,2.4919569027078639e-11,0
787,-1.3499273816184609e-10,1.7965031760025472e-04,1.7965128297565711e-04,-9.6537540239310590e-10,1.8045190583178104e-11,0
788,-3.2691980056477848e-11,1.0087258421234756e-05,1.0086421655373657e-05,8.3676586109911123e-10,1.5301733507379641e-11,0
789,-7.2966612831194381e-11,-2.5874227237699526e-05,-2.5875773398384505e-05,1.5461606849782373e-09,3.6177206203557672e-11,0
790,3.4817696506992785e-11,5.2630362555705201e-06,5.2446935211350040e-06,1.8342734435516080e-08,9.1747308608909488e-12,0
791,-1.2732694075882582e-10,1.6954303589339966e-04,1.6956160621387037e-04,-1.8570320470712338e-08,4.3101498544098957e-11,0
792,-7.8737269190077482e-11,-2.5879045757531798e-05,-2.5875851473540888e-05,-3.1942839909099004e-09,5.6649631337855730e-11,0
793,3.7656371818020855e-11,5.2563445980078217e-06,5.2447205549578822e-06,1.1624043049939470e-08,1.0114357606116443e-11,0
794,4.0893897688944103e-11,2.6344363934990844e-05,2.6335546085914042e-05,8.8178490768026758e-09,2.6316354426577124e-11,0
795,-1.2553047461203593e-10,-9.9717841503870960e-06,-9.9665978010060262e-06,-5.1863493810698524e-09,3.9094966040562179e-11,0
796,-6.8496498270311177e-11,-2.5874588019026974e-05,-2.5875759693052063e-05,1.1716740250887329e-09,4.9002392711538679e-11,0
797,-1.0557443687161982e-10,-6.9562672849968893e-06,-6.9565557971785436e-06,2.8851218165432862e-10,1.5568925705682422e-11,0
798,1.6223509075695098e-10,-1.8136848738780666e-04,-1.8135993696422232e-04,-8.5504235843329376e-09,4.6060674325027570e-11,0
799,-3.3617009022800421e-11,-1.1802422176501420e-05,-1.1797496934186689e-05,-4.9252423147307919e-09,2.9645521157897820e-11,0
800,-7.9965415160815691e-11,-1.7125021432914250e-06,-1.7117556122866256e-06,-7.4653100479946674e-10,1.6610950140790971e-11,0
801,2.6780952749199107e-10,-1.7441223330415603e-04,-1.7440468141654571e-04,-7.5518876103204853e-09,3.9863309385092033e-12,0
802,7.1957427802684354e-11,-4.8461287520782000e-06,-4.8402762555933839e-06,-5.8524964848161067e-09,2.7547968774984043e-12,0
803,2.5609021697404294e-11,5.2437691126748509e-06,5.2445775693878284e-06,-8.0845671297751886e-10,1.6150897548714296e-12,0
804,-1.9585209990300271e-10,1.6956610572674714e-04,1.6956044292084350e-04,5.6628059036379057e-09,4.2585588174288846e-12,0
805,-2.4220050607025930e-10,1.7965598684764172e-04,1.7964952379091655e-04,6.4630567251657521e-09,3.2690971937679020e-12,0
806,-4.6348406137842118e-11,1.0089891993102229e-05,1.0086405866534535e-05,3.4861265676940968e-09,2.3618912458611389e-12,0
807,3.9370516459116665e-10,-1.1375040672320647e-05,-1.1403770646462281e-05,2.8729974141634846e-08,1.5357989130170639e-11,0
808,2.4725488100472679e-10,-2.1371647612365707e-05,-2.1374830179780577e-05,3.1825674148701734e-09,1.2366036649225927e-11,0
809,-1.4645028368777543e-10,-9.9966015615210457e-06,-9.9667705326699999e-06,-2.9831028851045786e-08,1.0358499705029339e-11,0
810,-4.1349944688498577e-10,-7.0736143638235049e-06,-7.0859129006553892e-06,1.2298536831884247e-08,7.5886532517350738e-12,0
812,-4.4666608655958401e-10,-1.1931730388864588e-05,-1.1935146368128064e-05,3.4159792634758308e-09,1.2028998510323726e-11,0
813,-1.1805440724161440e-10,-2.5871052336662575e-05,-2.5876330382762239e-05,5.2780460996643954e-09,3.4897963357577898e-11,0
814,-4.3640518795686282e-10,-1.8371951848294293e-06,-1.8468270859089851e-06,9.6319010795557445e-09,8.1792324683645880e-12,0
818,-5.4104788968511752e-11,1.6956972587042155e-04,1.6956169559670191e-04,8.0302737196381174e-09,7.1574702545333467e-12,0
819,-4.3843890358409925e-11,1.7966426149233772e-04,1.7965145986437978e-04,1.2801627957941940e-08,3.6220389485017796e-12,0
820,1.0260898582871806e-11,1.0094542838770450e-05,1.0087095754112339e-05,7.4470846581118179e-09,5.1710669954138768e-12,0
821,-2.9544504012480763e-10,1.8797470850319756e-05,1.8792271672576527e-05,5.1991777432284765e-09,3.1243364608718145e-11,0
822,-2.7450689075222240e-10,-1.5563024650808686e-04,-1.5562650771423173e-04,-3.7387938551331976e-09,4.8685904053432923e-11,0
823,-3.2861167978412763e-10,1.3939331327753567e-05,1.3944394760660129e-05,-5.0634329065620811e-09,6.3143696687436993e-11,0
824,-3.1835078118775350e-10,2.4033965393008283e-05,2.4033195765415653e-05,7.6962759263009208e-10,3.9237026863305975e-11,0
825,4.5407415411324880e-10,-1.1360089758551475e-05,-1.1403465467116711e-05,4.3375708565235942e-08,2.2113267695057364e-11,0
826,2.6978804091307449e-10,-2.1372465916036625e-05,-2.1374920607788626e-05,2.4546917520005575e-09,1.3683654330557631e-11,0
827,-1.8428611328239061e-10,-1.0012389091218661e-05,-9.9671351884726850e-06,-4.5253902745976071e-08,3.0471160449257930e-11,0
828,-1.7931750607007903e-10,-2.5865610416950409e-05,-2.5877021478722358e-05,1.1411061771949199e-08,9.3075558949028334e-11,0
829,1.5494445910203827e-10,1.4757545787098467e-05,1.4746926919560618e-05,1.0618867537848443e-08,3.8664545769645269e-11,0
830,-8.6074144751224502e-11,-1.1930461040532414e-05,-1.1931342176585031e-05,8.8113605261729965e-10,2.8262909346165545e-11,0
831,-9.9606633128135518e-11,-2.5872693553484573e-05,-2.5876149917909451e-05,3.4563644248773891e-09,2.2310021387301473e-11,0
832,1.3095770027280098e-10,4.8246885318743715e-06,4.7880394019313761e-06,3.6649129942995445e-08,1.9156998131660991e-11,0
833,-2.4101860607074426e-10,-2.6688094105059438e-05,-2.6668265079164530e-05,-1.9829025894907193e-08,3.3494010134670956e-11,0
834,-2.5455109306332356e-10,-4.0630273882900567e-05,-4.0623786633339915e-05,-6.4872495606516111e-09,3.5349910502741350e-11,0
835,-2.3986758904607121e-11,-9.9328728200504326e-06,-9.9652956248961214e-06,3.2422804845688735e-08,1.0590827315782743e-11,0
836,2.1703184690304390e-10,1.6755238362011794e-05,1.6701025316601190e-05,5.4213045410604345e-08,3.1777054428558474e-11,0
838,2.3056433340134986e-10,3.0697262364261929e-05,3.0670046529059891e-05,2.7215835202037985e-08,3.3988971187801759e-11,0
839,-1.2702976513440962e-10,2.6303878718308277e-05,2.6333684699405829e-05,-2.9805981097552473e-08,2.5527687878345069e-11,0
840,-1.7504841228198144e-10,-6.9669244084063359e-06,-6.9574731833792324e-06,-9.4512250271034317e-09,1.1931990962493311e-11,0
841,3.5070742110531883e-11,-1.8136830202687953e-04,-1.8136081024586900e-04,-7.4917810105286971e-09,2.5786178179459564e-11,0
842,-1.5504375041377463e-10,-1.7209711780253462e-06,-1.7127823831874214e-06,-8.1887948379247906e-09,1.3092732760201115e-11,0
843,-4.8018647262379377e-11,-3.3270779712537765e-05,-3.3261043952780603e-05,-9.7357597571626469e-09,6.3489157994207720e-12,0
844,1.6210050708200829e-10,-2.0767219726227151e-04,-2.0766184204107011e-04,-1.0355221201406670e-08,1.4126211192042262e-11,0
845,-2.8013985398219153e-11,-2.8024844896482395e-05,-2.8015417521341812e-05,-9.4273751405830701e-09,6.1884417563449006e-12,0
846,2.1011915448933253e-10,-1.7440142498195352e-04,-1.7440459834967161e-04,3.1733677180966185e-09,5.5348461985187774e-12,0
847,2.0004661873739799e-11,5.2459461790022488e-06,5.2444915464700762e-06,1.4546325321726663e-09,2.9142675232096528e-12,0
848,-1.9011449257458058e-10,1.7964734945980897e-04,1.7964935089615441e-04,-2.0014363454317480e-09,4.9063738710453638e-12,0
849,-2.7451158756382583e-10,-1.1938345451834964e-05,-1.1933551878101673e-05,-4.7935737332906327e-09,2.0912196787198805e-11,0
850,-4.4020844700062417e-10,1.4743447467244035e-05,1.4740112086735611e-05,3.3353805084243782e-09,1.3464762683520437e-11,0
851,-8.2043932334960059e-11,-2.5871429170064297e-05,-2.5875985365058508e-05,4.5561949942108976e-09,2.7806447990625944e-11,0
852,-5.4631262931842321e-10,4.7787838595023048e-06,4.7803807435430016e-06,-1.5968840406967969e-09,1.4856753678942021e-11,0
853,3.5816451441679288e-10,-4.0614818241577373e-05,-4.0616801649060914e-05,1.9834074835403974e-09,6.4739425219633111e-11,0
854,-1.0610418211975181e-10,-9.9646619817995649e-06,-9.9661128679582140e-06,1.4508861586490999e-09,1.4443413159304182e-11,0
855,-4.6426869715155201e-10,3.0650270530271917e-05,3.0662177286131609e-05,-1.1906755859691736e-08,8.4894387761899580e-11,0
856,4.2315854518739961e-11,-6.9556741703318686e-06,-6.9551268116609979e-06,-5.4735867087072726e-10,8.7741803544314492e-12,0
857,3.0834945523383970e-10,-1.8135419925842215e-04,-1.8135755145128523e-04,3.3521928630825780e-09,1.5211649977847012e-11,0
858,1.2930868163342867e-10,-1.1796639191483278e-05,-1.1796189525308684e-05,-4.4966617459422963e-10,1.4124247106646916e-11,0
859,7.3401511108267331e-11,-1.7095904722552041e-06,-1.7103334134820502e-06,7.4294122684608380e-10,8.9933809858437776e-12,0
860,2.6603360049172343e-10,-1.7439852899741540e-04,-1.7440366924796662e-04,5.1402505512145903e-09,2.9690142721940246e-12,0
861,8.6992827034244953e-11,-4.8409735072356408e-06,-4.8404083898301059e-06,-5.6511740553484395e-10,3.4562354937117076e-12,0
862,3.1085656563639150e-11,5.2460848342415030e-06,5.2446041450811083e-06,1.4806891603946307e-09,1.1648181402025346e-12,0
863,-1.7904077336631767e-10,1.6955754334930205e-04,1.6955932982508405e-04,-1.7864757820035704e-09,5.5306532011189669e-12,0
864,-2.3494794380329852e-10,1.7964460149031943e-04,1.7964853276424244e-04,-3.9312739230146828e-09,3.0236054845465529e-12,0
865,-5.5907170463630422e-11,1.0087050081261499e-05,1.0086554409570984e-05,4.9567169051428599e-10,3.2276622781735662e-12,0
866,-1.9151120518548107e-10,1.6953602453178684e-04,1.6955903704826634e-04,-2.3012516479507588e-08,1.9719948659697502e-11,0
867,-1.2101022796491511e-10,-9.9677726878985226e-06,-9.9662304172708101e-06,-1.5422706277125342e-09,1.3608711308949238e-11,0
868,-6.5552848208394402e-11,-2.5860546780778586e-05,-2.5875820869675617e-05,1.5274088897031300e-08,7.2107670164042500e-11,0
869,-1.5290279700823517e-10,1.6954142834966959e-04,1.6955930258102486e-04,-1.7874231355273235e-08,3.2071477105537862e-12,0
870,1.5905100115509154e-11,-1.8147702616219501e-04,-1.8149267230783644e-04,1.5646145641432961e-08,1.5870740874114905e-11,0
871,-9.6816880541415848e-11,-1.1922783544789962e-05,-1.1931995472122824e-05,9.2119273328615184e-09,1.6575188780730027e-11,0
872,-8.3318790899433678e-11,-2.5875137816237011e-05,-2.5876035913123896e-05,8.9809688688430225e-10,6.3406261265156039e-11,0
873,-1.1272198078135347e-10,1.6955427561684828e-04,1.6955954769558337e-04,-5.2720787350817814e-09,1.6230422631903471e-11,0
874,9.9223891131624700e-11,-1.5560180425983929e-04,-1.5562116751946620e-04,1.9363259626915342e-08,7.9177037991941401e-11,0
875,-1.3498089481886508e-11,1.3952401430669323e-05,1.3947436167129871e-05,4.9652635394514013e-09,6.5263498442615446e-11,0
876,-1.5093702697509178e-10,2.6297745419211080e-05,2.6333419694141592e-05,-3.5674274930512273e-08,2.2440581528867898e-11,0
877,6.0142987631367947e-11,-6.9501563097623675e-06,-6.9550154818047008e-06,4.8591720423332965e-09,1.2779835368980469e-11,0
878,9.2003533598633604e-11,-1.7008679046304209e-06,-1.7102411797047498e-06,9.3732750743288407e-09,1.5483479862082099e-11,0
879,2.1108001461318987e-10,-3.3247935124370437e-05,-3.3259116279657982e-05,1.1181155287545166e-08,5.9043690061762955e-12,0
880,2.4294056057918339e-10,-2.7998630003557567e-05,-2.8013367149224313e-05,1.4737145666745801e-08,7.4068225965972468e-12,0
881,3.1860545959606294e-11,5.2493193354072147e-06,5.2445987340670677e-06,4.7206013401470588e-09,3.9843224032592446e-12,0
882,-2.3822205164595031e-10,-9.9678130205712711e-06,-9.9674602175607340e-06,-3.5280301053711963e-10,1.8300996862224986e-11,0
883,1.7688135737271248e-10,-1.8148723606631854e-04,-1.8149073151162645e-04,3.4954453079010742e-09,5.0818125135661190e-11,0
884,-5.2542424345085254e-11,1.0082719189086122e-05,1.0086761270045863e-05,-4.0420809597413248e-09,1.2584677532739105e-11,0
885,-1.8998943778674917e-10,2.6295639174028773e-05,2.6332986809166504e-05,-3.7347635137730678e-08,3.5726238692703710e-11,0
886,1.0152254685350358e-10,-6.9021025257531149e-06,-6.9546354220483608e-06,5.2532896295245859e-08,2.7009435336766316e-11,0
887,2.9151198477003475e-10,-3.3197750734986764e-05,-3.3258721916779881e-05,6.0971181793117069e-08,1.0222700673178534e-11,0
888,-1.3383281038688938e-10,-9.9731491313486895e-06,-9.9662089094909187e-06,-6.9402218577707729e-09,3.3363639913271227e-11,0
889,-2.4042225221819082e-10,-2.5869432747532232e-05,-2.5877813491368719e-05,8.3807438364873026e-09,8.4741847565501260e-11,0
890,-1.3363528966199423e-10,1.7965090697190942e-04,1.7964870659221101e-04,2.2003796984069925e-09,3.6185878765528766e-11,0
891,-4.5833601423077918e-10,-1.8149912454012765e-04,-1.8149732831949494e-04,-1.7962206327090235e-09,1.6957459536165370e-11,0
892,-1.1959662142371124e-10,-2.5871754674871650e-05,-2.5876493334904023e-05,4.7386600323729485e-09,5.0482141767421561e-11,0
893,-5.2167115270200778e-10,-1.8364441147639132e-06,-1.8485826009299121e-06,1.2138486165998885e-08,1.3491875136442206e-11,0
894,-6.3335138483000384e-11,1.7966267143205983e-04,1.7964925440221778e-04,1.3417029842043493e-08,3.2200625135584767e-12,0
895,-3.3873939319260861e-10,-1.5562729582494330e-04,-1.5562529111733754e-04,-2.0047076057560023e-09,6.1652502804410513e-11,0
896,-4.0207453169176184e-10,2.4035356911658590e-05,2.4031809684280673e-05,3.5472273779168270e-09,5.5494733963153459e-11,0
897,-2.9118956234337606e-10,2.6273595440013536e-05,2.6331865034287896e-05,-5.8269594274359439e-08,2.0453633315795429e-11,0
898,6.4788187927998830e-11,-4.8400303946885982e-06,-4.8409961083519182e-06,9.6571366332007854e-10,1.0749495200543115e-11,0
899,4.1687904696576741e-11,1.4778409214809621e-05,1.4744660020447982e-05,3.3749194361638740e-08,2.5961129638429311e-11,0
900,-4.5702994559093254e-11,4.8170052636131722e-06,4.7853782582103806e-06,3.1627005402791550e-08,3.0433425369476459e-11,0
901,-8.7390899284484024e-11,-9.9614009261827781e-06,-9.9655663786577123e-06,4.1654524749342684e-09,4.0747589666685704e-11,0
902,4.1790217661898689e-10,-5.1984435781100152e-05,-5.2020586367950370e-05,3.6150586850217656e-08,7.0735113876015504e-11,0
903,-2.1689529499495747e-11,-6.9553163270848640e-06,-6.9561546062751047e-06,8.3827919024074475e-10,2.5862263475418609e-11,0
904,2.1749981805489415e-10,-1.8137015659287509e-04,-1.8135739945531086e-04,-1.2757137564232317e-08,3.7993834443287647e-11,0
905,2.1477228642732794e-12,-1.7131207776268070e-06,-1.7115436961254894e-06,-1.5770815013176054e-09,2.5533735957534851e-11,0
906,2.3918934742689891e-10,-1.7441484757622656e-04,-1.7440240525285375e-04,-1.2442323372806709e-08,4.9859548528989156e-12,0
907,6.2647377101155002e-11,-4.8501387440672700e-06,-4.8411304371901524e-06,-9.0083068771175411e-09,3.6645350847137702e-12,0
908,2.3837252347921318e-11,5.2421869438243817e-06,5.2444721460333976e-06,-2.2852022090158239e-09,2.2218476591458276e-12,0
909,-1.7654197061213139e-10,1.6956472634507055e-04,1.6955739100978545e-04,7.3353352850950675e-09,3.2961878115716076e-12,0
910,-2.1535209544184319e-10,1.7965703190818937e-04,1.7964712854684888e-04,9.9033613404906403e-09,3.8826852350583017e-12,0
911,-3.8810124786893162e-11,1.0092309799008235e-05,1.0087129071818775e-05,5.1807271894605586e-09,2.9712230900629833e-12,0
912,-4.3911074212870871e-10,1.4742568568508127e-05,1.4739172717164354e-05,3.3958513437726907e-09,2.3230164482261026e-11,0
913,-9.3567816224209566e-11,-2.5872002790726552e-05,-2.5876244756810391e-05,4.2419660838391904e-09,3.9767935841356284e-11,0
914,-5.6783598368268435e-10,4.7779417792453809e-06,4.7794809110014709e-06,-1.5391317560900606e-09,2.5873781821668144e-11,0
915,3.4554292565472801e-10,-4.0614626156057140e-05,-4.0616097203957088e-05,1.4710478999475311e-09,5.7407068410132368e-11,0
916,-1.2872524131612996e-10,-9.9646846481466628e-06,-9.9659571586809956e-06,1.2725105343328513e-09,1.5414414392712478e-11,0
917,-4.7426816759553544e-10,3.0649941589783354e-05,3.0661335675216068e-05,-1.1394085432713604e-08,6.5482197846448581e-11,0
918,7.3365928032494837e-12,5.2449191394270643e-06,5.2442834832902556e-06,6.3565613680874094e-10,1.1063123496532067e-11,0
919,3.7436047094580489e-10,-2.6160265822129289e-05,-2.6173680485875251e-05,1.3414663745961680e-08,3.4455588219352494e-11,0
920,-1.3241584942412501e-10,-9.9675556637273191e-06,-9.9659403811098589e-06,-1.6152826174602002e-09,1.3574121125846059e-11,0
921,-1.7411804420880145e-10,-2.5868790693751430e-05,-2.5877163849552524e-05,8.3731558010931870e-09,7.1860695223402929e-11,0
922,3.3990505700581539e-10,-2.1382752088635205e-05,-2.1378417850654530e-05,-4.3342379806749506e-09,2.0971852720153396e-11,0
923,1.6534851530046625e-10,1.4756119893658687e-05,1.4745556028359090e-05,1.0563865299597302e-08,3.0069927303634269e-11,0
924,-1.0633345437683116e-10,-2.5873268655713440e-05,-2.5876430112785023e-05,3.1614570715824113e-09,2.0174547222109101e-11,0
925,-2.7168197049199459e-10,-4.0629557406713160e-05,-4.0622657721276929e-05,-6.8996854362307668e-09,4.4634413007752447e-11,0
926,9.6810232317280858e-11,-6.9544481132296707e-06,-6.9549840170687692e-06,5.3590383909851616e-10,6.3093003431386479e-12,0
927,3.5011643345646704e-10,-1.8135181632163676e-04,-1.8135540893898325e-04,3.5926173464915969e-09,1.0286652871000548e-11,0
928,1.7972070309520642e-10,-1.1796409190415608e-05,-1.1796724081187074e-05,3.1489077146599923e-10,1.7028859149898681e-11,0
929,1.2742316171617822e-10,-1.7085200615307369e-06,-1.7103438699307420e-06,1.8238084000050578e-09,7.3527369913784232e-12,0
930,2.5330620085298354e-10,-1.7439739427440714e-04,-1.7440154751135328e-04,4.1532369461443584e-09,2.4094073045762968e-12,0
931,8.2910470678969881e-11,-4.8419490025293412e-06,-4.8411088927007171e-06,-8.4010982862413991e-10,3.8083681404913747e-12,0
932,3.0612929364356945e-11,5.2459453746920713e-06,5.2445240565016734e-06,1.4213181903979043e-09,1.5543889035167420e-12,0
933,-1.7039573010839437e-10,1.6955543078203770e-04,1.6955657602145510e-04,-1.1452394174053110e-09,6.0071898765159913e-12,0
934,-2.2269327139692904e-10,1.7964332937881562e-04,1.7964631902295285e-04,-2.9896441372328185e-09,2.7312390624841764e-12,0
935,-5.2297541306266858e-11,1.0087885706085148e-05,1.0087152528258477e-05,7.3317782667135139e-10,3.5114210688519856e-12,0
936,-8.2367621598717863e-11,1.4743886540806699e-05,1.4742640665703777e-05,1.2458751029218682e-09,1.8941911521096217e-11,0
937,-1.6790282603591124e-10,-1.1931290586910184e-05,-1.1934088364091358e-05,2.7977771811736585e-09,9.7233239161272230e-12,0
938,-8.6025541924027310e-11,-2.5876493833079661e-05,-2.5876228456833889e-05,-2.6537624577211219e-10,3.7252388674142696e-11,0
939,-8.5535204340132138e-11,-2.6675183332936815e-05,-2.6667271635691968e-05,-7.9116972448475104e-09,2.1453944912358117e-11,0
940,-3.6579202987257929e-12,-4.0620300918356098e-05,-4.0619536344260019e-05,-7.6457409607861345e-10,9.2359376294174642e-11,0
941,-8.1877283925662909e-11,1.3945245051391955e-05,1.3945867809464794e-05,-6.2275807283912986e-10,5.1694500993275240e-11,0
942,-4.6519275406173720e-11,2.6313929924577477e-05,2.6334577135509416e-05,-2.0647210931938902e-08,2.7957135088617795e-11,0
943,-1.1386163458121169e-10,-6.9653225896609827e-06,-6.9573940474379903e-06,-7.9285422229923792e-09,1.3336581029025234e-11,0
944,9.8545262224838253e-11,-1.8136413176476776e-04,-1.8135792520231471e-04,-6.2065624530549708e-09,2.8342325637407157e-11,0
945,-9.2473952751100274e-11,-1.7195269652907005e-06,-1.7128801591399475e-06,-6.6468061507530488e-09,1.4748304820336886e-11,0
946,-6.7342359363242390e-11,-3.3279267446275837e-05,-3.3265046901037749e-05,-1.4220545238088358e-08,6.6087268958539693e-12,0
947,1.4506453733087903e-10,-2.0767810322201014e-04,-2.0766305609514689e-04,-1.5047126863249310e-08,1.3157818985447954e-11,0
948,-4.5954677542125752e-11,-2.8033441539230750e-05,-2.8019440124120933e-05,-1.4001415109816912e-08,6.2712821310859223e-12,0
949,2.1240689691265883e-10,-1.7439883506157293e-04,-1.7440163395928687e-04,2.7988977139377282e-09,5.4667390015382526e-12,0
950,2.1387681836743265e-11,5.2458345829356869e-06,5.2444096607508219e-06,1.4249221848650296e-09,2.9137122995227934e-12,0
951,-1.9101921501795434e-10,1.7964465954111320e-04,1.7964628914297347e-04,-1.6296018602731614e-09,4.7495965404703974e-12,0
952,-2.1787719102384861e-10,-1.1971673515273010e-05,-1.1934813754585261e-05,-3.6859760687749411e-08,5.8174720540816716e-11,0
953,-7.8793830636660142e-11,-2.5909342660629213e-05,-2.5876169649597773e-05,-3.3173011031439734e-08,8.9531082299400676e-11,0
954,-1.3908336019422219e-10,1.3937518549010913e-05,1.3945127228094313e-05,-7.6086790834001072e-09,7.0066025441895014e-11,0
955,-1.4085139408398626e-10,-9.9758359143973380e-06,-9.9657972526356069e-06,-1.0038661761731081e-08,3.8593286371458718e-11,0
956,-5.9847680870915409e-10,-1.8153284219639930e-04,-1.8149731857926651e-04,-3.5523617132788860e-08,4.1638515342554801e-11,0
957,-8.3332077664952130e-11,2.6302780540705169e-05,2.6334169075964369e-05,-3.1388535259199544e-08,2.5771311032892113e-11,0
958,1.1084692784428070e-10,-6.9476556088347852e-06,-6.9550002162499758e-06,7.3446074151906106e-09,1.4418895804328067e-11,0
959,1.4341385255661648e-10,-1.6975483822824489e-06,-1.7103935349138700e-06,1.2845152631421136e-08,1.7322677039472402e-11,0
960,1.9417900540325193e-10,-3.3250410406004613e-05,-3.3262761442462164e-05,1.2351036457551026e-08,5.8916805651877842e-12,0
961,2.2674593010750560e-10,-2.8000308395019838e-05,-2.8017036411151786e-05,1.6728016131948431e-08,7.3525802093144777e-12,0
963,-5.2907217123505248e-10,-1.8149666266795324e-04,-1.8149636071601046e-04,-3.0195194277880463e-10,1.0600562045226892e-11,0
964,-6.1231764437095217e-10,-1.1931973014884557e-05,-1.1939447766128190e-05,7.4747512436328567e-09,1.2550494447946476e-11,0
965,-1.1964035459545617e-10,-2.5872269097805371e-05,-2.5876655025170705e-05,4.3859273653335657e-09,3.7447804016471605e-11,0
966,-8.3245473145315084e-11,1.6956468698338736e-04,1.6955629307679627e-04,8.3939065910921141e-09,7.9346401279737881e-12,0
967,-4.0943181696782320e-10,-1.5562420312228097e-04,-1.5562394318308006e-04,-2.5993920091480632e-10,4.9548327688761472e-11,0
968,-4.9267729011092195e-10,1.3940292065491196e-05,1.3941045184952982e-05,-7.5311946178620477e-10,7.6158558231887968e-11,0
969,-2.4384309238592066e-10,-9.9665520976158402e-06,-9.9668402890583453e-06,2.8819144250511299e-10,1.2077710087367012e-11,0
970,-1.2450095937423582e-10,-1.8149197116777184e-04,-1.8149171663065815e-04,-2.5453711368999231e-10,2.3201932400546016e-11,0
971,-1.9866801136608560e-10,-1.1921101698120218e-05,-1.1934980440575848e-05,1.3878742455630198e-08,3.2014203941336459e-11,0
972,-2.0672000979233825e-10,-1.8145884204956442e-06,-1.8460686620509912e-06,3.1480241555347029e-08,2.5885556517496577e-11,0
973,-7.4167052142036209e-11,1.6957087286042453e-04,1.6955615085117553e-04,1.4722009248995232e-08,2.1474070578770793e-11,0
974,-8.2219050556603562e-11,1.7967739215856045e-04,1.7964664608837653e-04,3.0746070183915435e-08,1.9063173451349579e-11,0
975,-8.0519984136520480e-12,1.0106524347503962e-05,1.0087935157600679e-05,1.8589189903282479e-08,2.1291914965501772e-11,0
976,-1.2764327313716594e-10,2.6300579948066501e-05,2.6333677898842411e-05,-3.3097950775909417e-08,4.0657558759292256e-11,0
977,1.2285924087952817e-10,-3.3260334175282949e-05,-3.3264317177792479e-05,3.9830025095303903e-09,2.4447420415975715e-11,0
978,1.5285780026120885e-10,-2.8013438226250770e-05,-2.8018627681638716e-05,5.1894553879461096e-09,2.6148992943374125e-11,0
979,2.9998559381157532e-11,5.2469081774537962e-06,5.2444697359984328e-06,2.4384414553634004e-09,1.1632731202247142e-11,0
980,-4.3565249147558187e-10,1.4741441387662070e-05,1.4738074167061788e-05,3.3672206002820161e-09,1.3430601089798209e-11,0
981,-1.0606124484948003e-10,-2.5872859075942354e-05,-2.5876540539855021e-05,3.6814639126668341e-09,2.7817995701695704e-11,0
982,-5.9070376918470461e-10,4.7767878071629938e-06,4.7784373728887581e-06,-1.6495657257643273e-09,1.6704260943911844e-11,0
983,3.2959124637713724e-10,-4.0614375625368064e-05,-4.0615265203720770e-05,8.8957835270574463e-10,6.3443732658603089e-11,0
984,-1.5505127743254205e-10,-9.9646363455009254e-06,-9.9657633456714259e-06,1.1270001705005134e-09,1.4932573495274246e-11,0
985,-4.8464252442505795e-10,3.0649791074628327e-05,3.0660347564820276e-05,-1.0556490191948554e-08,7.2965384352910384e-11,0
986,-1.0547673012467501e-10,1.6957523407900091e-04,1.6955543004419706e-04,1.9804034803852294e-08,3.0714284945116174e-11,0
987,-8.4405775853756058e-11,-2.5878401605102918e-05,-2.5876313364827208e-05,-2.0882402757101332e-09,3.7594943085374190e-11,0
988,3.4727332903006433e-10,-2.1371334358406477e-05,-2.1380821842981695e-05,9.4874845752179499e-09,1.1430995290927207e-11,0
989,1.7371412307178702e-10,1.4755596916563030e-05,1.4744651057070543e-05,1.0945859492486756e-08,5.2426213377810756e-11,0
990,-1.0940920564626925e-10,-2.5873708434140277e-05,-2.5876602246573897e-05,2.8938124336203117e-09,2.9946654735281853e-11,0
991,1.1597626760334282e-10,4.8154732334645955e-06,4.7861471861701609e-06,2.9326047294434601e-08,2.1781442735384125e-11,0
992,-2.8312332952432234e-10,-4.0629432395128742e-05,-4.0621899229448502e-05,-7.5331656802405745e-09,4.1047055360805387e-11,0
993,-5.7737855490067498e-11,-9.9402434486639546e-06,-9.9646087189699695e-06,2.4365270306014945e-08,1.5299879183568221e-11,0
994,2.2538547320207105e-10,3.0689037868472657e-05,3.0668081501987883e-05,2.0956366484774528e-08,4.2089160356210364e-11,0
995,5.4427537132411065e-11,-6.9542860576940133e-06,-6.9558275223376113e-06,1.5414646435980427e-09,1.6793278576114649e-11,0
996,2.5802899481585652e-10,-1.8137491133769779e-04,-1.8135506897052218e-04,-1.9842367175607143e-08,4.2964532231832829e-11,0
997,1.0541224066058626e-10,-1.1811040873001191e-05,-1.1798433589977430e-05,-1.2607283023760064e-08,3.5820498105182712e-11,0
998,7.5546623387606000e-11,-1.7153594663501387e-06,-1.7114125277116581e-06,-3.9469386384806133e-09,2.1934018897384777e-11,0
999,2.0360145758830735e-10,-1.7442068275010623e-04,-1.7440026518002536e-04,-2.0417570080878775e-08,2.6544400515034090e-12,0
1001,2.1119086249296924e-11,5.2389189710214243e-06,5.2443581789449532e-06,-5.4392079235289259e-09,1.3222327277710295e-12,0
1002,-1.5261675442416458e-10,1.6956388222452972e-04,1.6955446437447077e-04,9.4178500589488581e-09,3.1941839874360065e-12,0
1003,-1.8248237176754922e-10,1.7965959027516250e-04,1.7964486115984815e-04,1.4729115314351601e-08,2.5616972720306223e-12,0
1004,-2.9865617291459440e-11,1.0095716294850586e-05,1.0087853348383242e-05,7.8629464673440875e-09,2.0399048410997880e-12,0
1005,4.4095247292566752e-10,-2.6156294965686694e-05,-2.6174886702015639e-05,1.8591736328945040e-08,3.8924069159484192e-11,0
1006,-1.5821263227942733e-10,-9.9697817160264088e-06,-9.9656482846723978e-06,-4.1334313540109912e-09,2.2556017888491206e-11,0
1007,-9.6582378733416802e-11,-2.5874111722383681e-05,-2.5876488282921922e-05,2.3765605382418593e-09,7.0196035543290991e-11,0
1008,1.4685083668516860e-10,-6.9526745553414454e-06,-6.9548706807867907e-06,2.1961254453453386e-09,1.1489302104011532e-11,0
1009,3.8366379467735861e-10,-1.8134970341836081e-04,-1.8135343003682552e-04,3.7266184647172761e-09,2.1179546117403552e-11,0
1010,2.2440650118475414e-10,-1.1795874749791907e-05,-1.1797274915288955e-05,1.4001654970475781e-09,1.8663217328142164e-11,0
1011,1.7647483828992231e-10,-1.7071567068177584e-06,-1.7103831176642536e-06,3.2264108464951974e-09,1.2003755198634900e-11,0
1012,2.3681295766337445e-10,-1.7439698722083075e-04,-1.7439956519357686e-04,2.5779727461105757e-09,1.4158397734053448e-12,0
1013,7.7555664380609419e-11,-4.8432372949032171e-06,-4.8417952161004136e-06,-1.4420788028034930e-09,3.7966854128694604e-12,0
1014,2.9624001564561082e-11,5.2455353790847826e-06,5.2444414768558313e-06,1.0939022289512966e-09,8.1703205353077215e-13,0
1015,-1.5925729324285103e-10,1.6955374767584790e-04,1.6955397286206830e-04,-2.2518622039215293e-10,6.1232939091247373e-12,0
1016,-2.0718895604534684e-10,1.7964250736866101e-04,1.7964424272379762e-04,-1.7353551366077261e-09,1.4455840685377837e-12,0
1017,-4.7931662812071576e-11,1.0088743973988076e-05,1.0087734938808752e-05,1.0090351793248429e-09,3.6451241840281001e-12,0
1018,-1.8940716678880005e-10,1.3922153644795867e-05,1.3943862150316066e-05,-2.1708505520198486e-08,7.4643976963211622e-11,0
1019,-2.5683129607607095e-10,1.4737161946601005e-05,1.4739525803858777e-05,-2.3638572577722872e-09,1.8098282449636192e-11,0
1020,-4.0640525153900306e-10,4.7708201041940512e-06,4.7801115776470732e-06,-9.2914734530219619e-09,2.2880634903971130e-11,0
1021,-1.4957395523763164e-10,-9.9663730807349584e-06,-9.9654760039016666e-06,-8.9707683329179225e-10,1.7407903001340558e-11,0
1022,-2.0334882499261084e-10,-2.5869992620290629e-05,-2.5877717232014736e-05,7.7246117241068306e-09,6.2458082678001291e-11,0
1023,2.2737680614634640e-11,2.6325391585266603e-05,2.6335344829361308e-05,-9.9532440947051870e-09,2.6151718161345968e-11,0
1024,-6.2246986922478175e-11,-6.9644850489141569e-06,-6.9573214632930470e-06,-7.1635856211098320e-09,1.2151594886557213e-11,0
1025,1.4658922142869818e-10,-1.8136126877824413e-04,-1.8135557369220636e-04,-5.6950860377700131e-09,2.6617830440759669e-11,0
1026,-4.0327671584160562e-11,-1.7188388249343711e-06,-1.7129619794491627e-06,-5.8768454852084115e-09,1.3167215694777657e-11,0
1027,-8.4984667787646200e-11,-3.3289872875527649e-05,-3.3268401636361045e-05,-2.1471239166603851e-08,6.7478807913984660e-12,0
1028,1.2385154038044495e-10,-2.0768669631254441e-04,-2.0766414609082472e-04,-2.2550221719688486e-08,1.5578459843188763e-11,0
1029,-6.3065352465167306e-11,-2.8044238381413206e-05,-2.8022818137917748e-05,-2.1420243495457706e-08,6.6486642522989220e-12,0
1030,2.0883620845350085e-10,-1.7439680167962487e-04,-1.7439922288556723e-04,2.4212059423621857e-09,5.1538141305632494e-12,0
1031,2.1919315348995018e-11,5.2456446306069454e-06,5.2443344920118772e-06,1.3101385950682013e-09,2.6912268698546392e-12,0
1032,-1.8691689304067017e-10,1.7964243864268016e-04,1.7964378999525720e-04,-1.3513525770397425e-09,5.2041206517445766e-12,0
1033,-1.7844039560390958e-10,-2.6682684024430725e-05,-2.6668924266235595e-05,-1.3759758195129823e-08,2.0256380983328654e-11,0
1034,-1.2238187754663252e-10,-9.9690591698078056e-06,-9.9650756955115758e-06,-3.9834742962297246e-09,1.7323817687530622e-11,0
1035,5.6058518150059871e-11,1.6713631872853751e-05,1.6701624652840227e-05,1.2007220013523292e-08,2.5319761979223971e-11,0
1036,-1.0015032846062839e-10,-2.5874293319053457e-05,-2.5876593134689036e-05,2.2998156355794616e-09,5.2922127650409954e-11,0
1037,-1.4633020269300530e-10,1.6954490801558350e-04,1.6955292079237291e-04,-8.0127767894096549e-09,1.7217237699429664e-11,0
1038,-4.3088088060052243e-10,1.4740445818663302e-05,1.4737155540109140e-05,3.2902785541621217e-09,1.4158001124064930e-11,0
1039,-1.1550994109463085e-10,-2.5873609029389137e-05,-2.5876779693348640e-05,3.1706639595030582e-09,2.6975414244788388e-11,0
1040,-6.0755422085850586e-10,4.7760041739616961e-06,4.7775754523396612e-06,-1.5712783779650639e-09,1.4892284967184641e-11,0
1041,3.1537093925664635e-10,-4.0613932713272176e-05,-4.0614560749182027e-05,6.2803590985123199e-10,7.4166859373087954e-11,0
1042,-1.7667333994916612e-10,-9.9644633823102804e-06,-9.9655880274873936e-06,1.1246451771131213e-09,1.4736013789479072e-11,0
1043,-4.9204427982010324e-10,3.0649457493611785e-05,3.0659519403211947e-05,-1.0061909600162563e-08,6.1811636883690443e-11,0
1044,-1.5286563283302536e-10,1.6953395966498499e-04,1.6955266384045616e-04,-1.8704175471173862e-08,2.6100530764276539e-12,0
1045,-1.9983779357992598e-11,2.6307518667880933e-05,2.6334871274009624e-05,-2.7352606128690742e-08,2.9179158031581447e-11,0
1046,1.5749153370686850e-10,-6.9439848828130313e-06,-6.9549888499305326e-06,1.1003967117501333e-08,1.7021692368628918e-11,0
1048,1.7747531285447178e-10,-3.3251514386243436e-05,-3.3266144516572676e-05,1.4630130329239656e-08,6.5285596959174344e-12,0
1051,-1.4983869587941280e-10,1.6953676016197468e-04,1.6955247976777263e-04,-1.5719605797956263e-08,2.9884865919002412e-11,0
1052,-1.5351171542646740e-10,-9.9672283441309788e-06,-9.9652821357902150e-06,-1.9462083407637335e-09,1.3580493011311202e-11,0
1053,-8.5329459173558256e-11,-2.5878550541153043e-05,-2.5876462215537723e-05,-2.0883256153197255e-09,6.0963761240234881e-11,0
1054,-6.8378814578859469e-11,2.6305051607170048e-05,2.6334334828674229e-05,-2.9283221504181002e-08,3.5171971003440522e-11,0
1055,1.8357912634703616e-10,1.4755439094554096e-05,1.4743712407661832e-05,1.1726686892264357e-08,3.1440493043350859e-11,0
1056,-2.3058651963701222e-10,-1.8149304296790876e-04,-1.8149081766695845e-04,-2.2253009503180651e-09,1.0987372684745025e-11,0
1057,-1.1134910437554025e-10,-2.5874148972247790e-05,-2.5876768748953757e-05,2.6197767059675916e-09,1.8975202663230689e-11,0
1058,1.1420688730511182e-10,4.8148426590594040e-06,4.7853992858851196e-06,2.9443373174284425e-08,1.2949049170585621e-11,0
1059,-4.1416564798325440e-10,-1.9624868970387691e-04,-1.9622521785285155e-04,-2.3471851025357125e-08,1.9329834819970975e-11,0
1060,-2.9492823151923399e-10,-4.0629655547056234e-05,-4.0621100134744209e-05,-8.5554123120256016e-09,4.1516951385292063e-11,0
1061,-6.9372239036901104e-11,-9.9407377100214911e-06,-9.9642900205427764e-06,2.3552310521285342e-08,1.5887685894511018e-11,0
1062,3.4479340755263375e-10,1.8630797182691942e-04,1.8624554615610296e-04,6.2425670816466678e-08,1.9099568939086889e-11,0
1063,-1.1923741515973838e-10,-1.5561887659477566e-04,-1.5561800751753128e-04,-8.6907724438744886e-10,3.5053648309340653e-11,0
1064,2.2555599161497150e-10,3.0688897675813093e-05,3.0667278540170837e-05,2.1619135642255522e-08,3.9317657717319464e-11,0
1065,8.4247248972724290e-11,-4.8373541905945457e-06,-4.8421899071115736e-06,4.8357165170279646e-09,5.7348397631690382e-12,0
1068,3.8422545614940168e-10,-2.1367591244764519e-05,-2.1383684394499255e-05,1.6093149734736041e-08,1.1096221184257036e-11,0
1069,-9.5180152247955349e-11,-2.5874384296730888e-05,-2.5876605822352710e-05,2.2215256218219238e-09,6.6551987548840872e-11,0
1070,-1.6430639575736305e-10,-9.9703904255085338e-06,-9.9652584574380927e-06,-5.1319680704410456e-09,2.5069678790077344e-11,0
1071,1.8863831526208682e-10,-6.9505011289841545e-06,-6.9547967544281470e-06,4.2956254439924533e-09,9.1752937048271513e-12,0
1072,4.0760993726914861e-10,-1.8134782511971051e-04,-1.8135174717163869e-04,3.9220519281834947e-09,1.6205103974285219e-11,0
1073,2.6036279127700390e-10,-1.1795090936867619e-05,-1.1797799079536482e-05,2.7081426688621996e-09,1.5259232993221424e-11,0
1074,2.1696682586164183e-10,-1.7053612025585974e-06,-1.7104484638905000e-06,5.0872613319026788e-09,9.2762953125532086e-12,0
1075,2.1897162164080079e-10,-1.7439732339209825e-04,-1.7439785327808669e-04,5.2988598844014648e-10,2.4024515442077512e-12,0
1076,7.1724475884078364e-11,-4.8446011140961041e-06,-4.8424128459483782e-06,-2.1882681477258933e-09,2.4390859724206856e-12,0
1077,2.8328510556391106e-11,5.2451409885800448e-06,5.2443639490157393e-06,7.7703956430551577e-10,1.3794862206007349e-12,0
1078,-1.4724714574732251e-10,1.6955271759162377e-04,1.6955170107250142e-04,1.0165191223487913e-09,3.3931513643401331e-12,0
1079,-1.9064311107314031e-10,1.7964244855732750e-04,1.7964244322399365e-04,5.3333338450884532e-12,2.0957052536314427e-12,0
1080,-4.3395965333544320e-11,1.0089733537418271e-05,1.0088256224659541e-05,1.4773127587303721e-09,2.0806082274402504e-12,0
1081,-8.0624607011032708e-11,-2.5897029731424123e-05,-2.5876460875244111e-05,-2.0568856180012247e-08,7.5945267437868905e-11,0
1082,3.4602211601159213e-10,-2.1381485173554982e-05,-2.1384693161080106e-05,3.2079875251245248e-09,3.6067193062538958e-11,0
1083,6.4198096046602035e-10,1.4783825591056440e-05,1.4748440884388551e-05,3.5384706667889623e-08,1.8952537731596468e-11,0
1084,-1.1616787328965057e-10,-2.5873175187711168e-05,-2.5876870973356901e-05,3.6957856457329433e-09,3.7260370266992727e-11,0
1085,-7.5814883449922630e-10,-4.0656818424897323e-05,-4.0625921764729633e-05,-3.0896660167689812e-08,8.0795763711503422e-11,0
1086,1.2231427037139113e-10,-6.9553636822101104e-06,-6.9555855430158206e-06,2.2186080571013586e-10,2.3137038054320463e-11,0
1087,2.8410678386081830e-10,-1.8138785105743273e-04,-1.8135292098237464e-04,-3.4930075058087207e-08,4.0689208924748755e-11,0
1088,1.5953168205968063e-10,-1.1824005646172888e-05,-1.1799043828387425e-05,-2.4961817785462605e-08,4.2402818717113816e-11,0
1089,1.3984651611573719e-10,-1.7231017847919904e-06,-1.7113741270896272e-06,-1.1727657702363198e-08,4.2787205484565405e-11,0
1090,1.6179251343592019e-10,-1.7443249142501394e-04,-1.7439822411983861e-04,-3.4267305175329169e-08,2.3530559247218764e-12,0
1091,3.7217411672953705e-11,-4.8686660746605909e-06,-4.8428714968600381e-06,-2.5794577800552810e-08,2.4895809413303884e-12,0
1092,1.7532245737475738e-11,5.2322112029622170e-06,5.2442355769597129e-06,-1.2024373997495915e-08,2.9195086660398124e-12,0
1093,-1.2457510214301557e-10,1.6956382165176503e-04,1.6955162121659118e-04,1.2200435173855689e-08,3.7042837735884868e-12,0
1094,-1.4426026818194101e-10,1.7966469066024900e-04,1.7964268430885823e-04,2.2006351390761519e-08,5.1823789468657539e-12,0
1095,-1.9685165972842610e-11,1.0100876526519201e-05,1.0088583912437478e-05,1.2292614081723822e-08,4.5553617465262060e-12,0
1096,3.9732086929812450e-11,-2.8025293439147211e-05,-2.8023879708100063e-05,-1.4137310471488637e-09,2.2689551989766943e-11,0
1097,-7.2881405711158775e-11,-2.5873124347099282e-05,-2.5876405454773852e-05,3.2811076745692099e-09,8.2177688108368238e-11,0
1099,2.2795451471529302e-10,-3.8101079170717311e-05,-3.8108535479274544e-05,7.4563085572323137e-09,1.3873357768559231e-11,0
1100,-2.5638010068750561e-10,-2.5871440956283433e-05,-2.5878459315070335e-05,7.0183587869012234e-09,6.8185283499532637e-11,0
1101,4.0006538853356034e-10,-2.1346603144730553e-05,-2.1385167754049790e-05,3.8564609319237175e-08,2.4606970999657789e-11,0
1102,-1.0586531382460655e-10,-2.5875105632703829e-05,-2.5876811301981269e-05,1.7056692774393347e-09,5.2537549072179742e-11,0
1103,-1.3500183783240080e-11,-6.9639643479058044e-06,-6.9572579499900563e-06,-6.7063979157481690e-09,1.2671112864516785e-11,0
1104,1.8734464344098704e-10,-1.8135891012183993e-04,-1.8135338569556241e-04,-5.5244262775206842e-09,3.0192550965727639e-11,0
1105,8.3879646453507465e-12,-1.7184976567616653e-06,-1.7130518191130183e-06,-5.4458376486469509e-09,1.3708402646822479e-11,0
1106,2.0084482730717032e-10,-1.7439493395600848e-04,-1.7439697226425576e-04,2.0383082472851151e-09,5.9494612682448258e-12,0
1107,2.1888148438344198e-11,5.2454773693647353e-06,5.2442567712963954e-06,1.2205980683399473e-09,3.0940363201321652e-12,0
1108,-1.7895667881236175e-10,1.7964039774460505e-04,1.7964144933487481e-04,-1.0515902697510061e-09,5.5011057865416565e-12,0
1109,1.9049593615065662e-10,-3.8107540386811585e-05,-3.8109734497540477e-05,2.1941107288919433e-09,3.7635043782826219e-11,0
1110,-4.2333231108970523e-10,1.4739236749235392e-05,1.4736114043387732e-05,3.1227058476594434e-09,1.3561561401533238e-11,0
1111,-1.2490209911787963e-10,-2.5874256864001670e-05,-2.5877039479047289e-05,2.7826150456190097e-09,2.5691345027009575e-11,0
1113,2.9843021172961944e-10,-4.0613482036354516e-05,-4.0613750106171145e-05,2.6806981662946556e-10,7.6723749115231992e-11,0
1115,-4.9882250084527944e-10,3.0649216428360257e-05,3.0658580150684319e-05,-9.3637223240618630e-09,8.6401989599714589e-11,0
1116,7.7938162247960304e-11,-4.8408802514913682e-06,-4.8427341461758637e-06,1.8538946844955540e-09,1.1807111515065215e-12,0
1117,2.8198280864359456e-11,5.2463119579856856e-06,5.2443179359930990e-06,1.9940219925866203e-09,6.9408867439528944e-13,0
1118,-4.9739881371331436e-11,1.0087164600103282e-05,1.0088518235677776e-05,-1.3536355744934786e-09,5.4324078911572170e-13,0
1119,1.8999438902912893e-09,1.4757898717533344e-05,1.4761741504017912e-05,-3.8427864845687635e-09,2.1074032586284456e-11,0
1120,-1.5851891690541514e-09,-1.8148314638838717e-04,-1.8150433515556406e-04,2.1188767176889617e-08,1.4381206992890538e-11,0
1121,-1.5006605726987269e-10,-2.5872327721943901e-05,-2.5877335764761700e-05,5.0080428177994127e-09,5.2427939859648679e-11,0
1122,-3.4851330629053473e-09,-1.9624095455726014e-04,-1.9625714465161464e-04,1.6190094354490711e-08,2.9995818521665908e-11,0
1123,-2.0500099453043116e-09,-4.0630407495464288e-05,-4.0639670627979867e-05,9.2631325155793703e-09,7.3831820938370252e-11,0
1124,-1.4351231134230354e-09,-1.5561069234080061e-04,-1.5563077102750302e-04,2.0078686702407157e-08,6.5916614122975042e-11,0
1126,-2.1317330837251614e-11,2.6308601849315237e-05,2.6334856491967060e-05,-2.6254642651822840e-08,4.8399782019461691e-11,0
1127,-2.9490256862123768e-10,-1.8149171197376184e-04,-1.8148988041582917e-04,-1.8315579326626252e-09,9.0725885773430390e-12,0
1128,-4.3407682661372343e-10,-1.1938298552644812e-05,-1.1940342084935363e-05,2.0435322905510263e-09,1.0398807303237062e-11,0
1129,1.1529920731447069e-10,4.8160352112379401e-06,4.7846486316081551e-06,3.1386579629785034e-08,1.8123963583701432e-11,0
1130,-1.3917425800902049e-10,1.6955339593394949e-04,1.6954975938753521e-04,3.6365464142860005e-09,5.6682365888422307e-12,0
1132,5.4937603488354676e-10,1.6754451580280882e-05,1.6708305922956120e-05,4.6145657324762803e-08,4.3541137751821069e-11,0
1135,-8.7522567815255641e-11,-2.5889224406621617e-05,-2.5876681192368166e-05,-1.2543214253451466e-08,2.0670860851803217e-11,0
1136,2.2837306230461570e-10,-6.9469088443772226e-06,-6.9547527293843783e-06,7.8438850071557413e-09,9.4169988175085177e-12,0
1137,4.2623808035809419e-10,-1.8134596477514461e-04,-1.8135009723005378e-04,4.1324549091643816e-09,1.5939390145067997e-11,0
1138,2.9316873915907372e-10,-1.1793684027240625e-05,-1.1798375106360601e-05,4.6910791199759378e-09,1.5015076774306554e-11,0
1139,2.5499158297755994e-10,-1.7024883504999228e-06,-1.7105505995095880e-06,8.0622490096652147e-09,9.8177312340776346e-12,0
1140,1.9786501766525429e-10,-1.7439908041224771e-04,-1.7439614249416434e-04,-2.9379180833727283e-09,4.1223863180964205e-12,0
1141,6.4795676716835349e-11,-4.8467768758439023e-06,-4.8430527958112859e-06,-3.7240800326164461e-09,4.0610257512049857e-12,0
1142,2.6618520626607159e-11,5.2444376307028210e-06,5.2442806667716833e-06,1.5696393113767172e-10,2.4771742783285652e-12,0
1143,-1.3306934096701582e-10,1.6955230785696253e-04,1.6954940915492130e-04,2.8987020412294968e-09,4.0552489262449988e-12,0
1144,-1.7124649706587379e-10,1.7964350046783563e-04,1.7964063891671016e-04,2.8615511254764716e-09,2.7429605801552794e-12,0
1145,-3.8177156095444323e-11,1.0091196783928828e-05,1.0088793730644459e-05,2.4030532843694269e-09,2.5341043356024949e-12,0
1146,-7.8800299320940789e-10,-7.0749773554285023e-06,-7.0945422842689542e-06,1.9564928840451958e-08,8.8721156837108418e-12,0
1147,-6.8958212942712789e-10,-1.8149110976249704e-04,-1.8149377881714930e-04,2.6690546522608639e-09,1.0588987547049818e-11,0
1148,-7.9456510282219505e-10,-1.1933663320990578e-05,-1.1944690057632369e-05,1.1026736641790914e-08,1.1939062066420308e-11,0
1149,-1.1223024326511042e-10,-2.5873574472238918e-05,-2.5876974231615053e-05,3.3997593761346317e-09,3.2399746846003445e-11,0
1150,-7.9785520978308402e-10,-1.8379232364119924e-06,-1.8547694931439901e-06,1.6846256731997687e-08,7.3829038168654103e-12,0
1151,9.8420863324987626e-11,-1.7441615097575115e-04,-1.7439700061580327e-04,-1.9150359947882160e-08,6.0859059390468923e-12,0
1152,-6.5621097731770079e-12,-4.8587108329107079e-06,-4.8439144873276239e-06,-1.4796345583083958e-08,6.5108108302945673e-12,0
1153,-9.8522165901299729e-12,5.2370650310482048e-06,5.2438683217416236e-06,-6.8032906934188152e-09,4.1141231281069716e-12,0
1154,-1.0498297332975343e-10,1.6955741804377134e-04,1.6954941297020579e-04,8.0050735655544207e-09,8.0432460889019539e-12,0
1155,-1.0827308026438376e-10,1.7965319387655034e-04,1.7964108340740579e-04,1.2110469144546200e-08,5.2052051088745447e-12,0
1156,-3.2901068651441355e-12,1.0095755401830827e-05,1.0089240671129863e-05,6.5147307009635208e-09,5.4094111332689828e-12,0
1157,-6.7577275009300507e-10,1.8798568932030385e-05,1.8785570067891462e-05,1.2998864138922541e-08,3.4588472518027762e-11,0
1158,-5.7735188634382273e-10,-1.5561743948269138e-04,-1.5562049773919868e-04,3.0582565073043397e-09,4.6264629104859140e-11,0
1159,-6.8233485971883779e-10,1.3939841779323468e-05,1.3936941853793763e-05,2.8999255297048108e-09,5.9785708367013832e-11,0
1160,-6.8562496666626492e-10,2.4035751883007619e-05,2.4026900060524643e-05,8.8518224829764610e-09,3.5739578210336429e-11,0
1162,1.6584908884962705e-10,2.6351551264711809e-05,2.6336931179015555e-05,1.4620085696254040e-08,7.6791003573388538e-11,0
1163,-9.8756769714689238e-10,-7.0569104242057187e-06,-7.0968405783913174e-06,3.9930154185598620e-08,2.0268837918128125e-11,0
1164,-8.6538026383545823e-10,-1.8150994828999064e-04,-1.8149557935735977e-04,-1.4368932630868213e-08,2.9900950026078970e-11,0
1165,-9.6343465527742811e-10,-1.1945564385128227e-05,-1.1946671374323232e-05,1.1069891950053258e-09,2.8107119106881475e-11,0
1166,-8.9290862511301058e-12,-2.5843337709817796e-05,-2.5875842799781992e-05,3.2505089964196494e-08,3.3329067030754834e-11,0
1167,-9.7368815542973245e-10,-1.8374428251907715e-06,-1.8567942918977288e-06,1.9351466706957304e-08,2.5922611298732660e-11,0
1168,1.2218743312153509e-10,-1.7445301738911595e-04,-1.7439655809828086e-04,-5.6459290835087807e-08,4.2975669951646682e-12,0
1171,-9.8054391712655733e-11,1.6956438738831292e-04,1.6954926426117527e-04,1.5123127137655354e-08,4.8405304491788864e-12,0
1172,-1.0830789193399031e-10,1.7967254156022773e-04,1.7964089708347284e-04,3.1644476754895054e-08,4.0008987506824435e-12,0
1173,-1.0253500154126652e-11,1.0108151965618033e-05,1.0089207650614661e-05,1.8944315003371898e-08,3.9194804484018281e-12,0
1174,-9.7863861032633935e-10,1.8786412727094112e-05,1.8782165049520415e-05,4.2476775736970487e-09,2.6115629364540202e-11,0
1175,-8.5645117718080124e-10,-1.5566646757432176e-04,-1.5562341122182571e-04,-4.3056352496046758e-08,2.8337956410413599e-11,0
1176,-9.5450556850384406e-10,1.3897842890954210e-05,1.3933856949649762e-05,-3.6014058695552241e-08,4.0351730183164094e-11,0
1177,-9.6475906862548440e-10,2.4006083321494371e-05,2.4023763128566094e-05,-1.7679807071722487e-08,2.8564549806425267e-11,0
1178,-2.3873559175935691e-10,1.4731586845983732e-05,1.4737419548986142e-05,-5.8327030024095486e-09,2.4634019255879000e-11,0
1179,-4.1343565113354084e-10,4.7651388705438613e-06,4.7784305539231829e-06,-1.3291683379321629e-08,3.1823490695997766e-11,0
1181,1.4522344905193938e-10,-1.7439896057397982e-04,-1.7439605981397807e-04,-2.9007600017480744e-09,1.9251908492068031e-11,0
1182,2.8807625757099949e-11,-4.8470707645596744e-06,-4.8436446261066215e-06,-3.4261384530529274e-09,1.7028162137421328e-11,0
1183,8.8727033780764558e-12,5.2442269850517999e-06,5.2440619231824462e-06,1.6506186935375905e-10,1.0121471584253927e-11,0
1184,-1.1641582343870782e-10,1.6955192321743218e-04,1.6954875479268126e-04,3.1684247509184728e-09,2.8092323728010003e-11,0
1185,-1.3635074586192585e-10,1.7964317732287790e-04,1.7964033398470747e-04,2.8433381704336992e-09,1.8061950664435452e-11,0
1186,-1.9934922402161666e-11,1.0091245750263288e-05,1.0089160253287732e-05,2.0854969755552228e-09,1.5833156652963413e-11,0
1187,-9.0709703896048923e-11,-2.5875138725733014e-05,-2.5876777914333445e-05,1.6391886004307125e-09,6.2122325298045213e-11,0
1189,1.4660180102492341e-10,-1.7439968685094114e-04,-1.7439585419329228e-04,-3.8326576488510126e-09,9.5323613755850126e-12,0
1190,3.3448273997415652e-11,-4.8475854748067544e-06,-4.8436483037953496e-06,-3.9371710114047981e-09,1.2755940266108055e-11,0
1191,1.2941687848981684e-11,5.2440151268309462e-06,5.2441007306713179e-06,-8.5603840371649290e-11,4.9896618567372882e-12,0
1192,-1.1315352719016862e-10,1.6955216296400157e-04,1.6954855125094739e-04,3.6117130541727174e-09,2.2308532989305325e-11,0
1193,-1.3366011338738638e-10,1.7964367201483370e-04,1.7964016616916017e-04,3.5058456735283846e-09,1.0190940480424676e-11,0
1194,-2.0506586174255121e-11,1.0091564708529337e-05,1.0089200863018839e-05,2.3638455104976524e-09,1.2407909451805201e-11,0
1195,-4.1518441194318070e-10,1.4738108009080229e-05,1.4735236975762718e-05,2.8710333175110020e-09,1.4499870886324266e-11,0
1196,-1.3155080585156486e-10,-2.5874941654211098e-05,-2.5877247023457007e-05,2.3053692459091841e-09,2.7580755518396009e-11,0
1197,-6.3459169463976231e-10,4.7735830249716338e-06,4.7758215692586397e-06,-2.2385442870059022e-09,1.3764953093482834e-11,0
1198,2.8363360586025860e-10,-4.0613024146632717e-05,-4.0613055708178493e-05,3.1561545775970687e-11,7.0778077549824182e-11,0
1199,-2.1940728232099123e-10,-9.9645460186446877e-06,-9.9651678682239265e-06,6.2184957923882103e-10,1.5306297808603417e-11,0
1200,-5.0304088876027431e-10,3.0648693634136547e-05,3.0657790450766387e-05,-9.0968166298400805e-09,8.6619307200084677e-11,0
1201,2.1152777362814376e-10,-3.8105428931982030e-05,-3.8112617166433387e-05,7.1882344513567523e-09,1.0104451768712492e-11,0
1202,-3.8847181747659439e-10,-2.5873712350684992e-05,-2.5880117418735657e-05,6.4050680506650825e-09,7.4243922715648073e-11,0
1203,-1.8330802556199109e-10,-9.9853443137664158e-06,-9.9646947265134572e-06,-2.0649587252958608e-08,2.6085807942614659e-11,0
1204,3.1738313728756208e-11,-6.9635490589688848e-06,-6.9572118831750089e-06,-6.3371757938758183e-09,1.5093244335318184e-11,0
1205,2.2090757782892145e-10,-1.8135676034129576e-04,-1.8135135550039253e-04,-5.4048409032299467e-09,3.1192799236928365e-11,0
1206,5.3105812175373958e-11,-1.7182357297303857e-06,-1.7131576506243279e-06,-5.0780791060577989e-09,1.7407141984996303e-11,0
1207,1.8916926416094339e-10,-1.7439322416649148e-04,-1.7439486767008758e-04,1.6435035961011920e-09,5.7662183880243250e-12,0
1208,2.1367498453382340e-11,5.2453186505065021e-06,5.2441771041993641e-06,1.1415463071379770e-09,3.1235302439020438e-12,0
1209,-1.6780176566048910e-10,1.7963854049465790e-04,1.7963925330918444e-04,-7.1281452653426322e-10,5.8689435851655964e-12,0
1210,-8.7247077343317625e-11,-2.5900561616849956e-05,-2.5876798637597767e-05,-2.3762979252188975e-08,4.3290443734176396e-11,0
1211,-1.7180847755013652e-10,-9.9738139215507435e-06,-9.9645054498454353e-06,-9.3084717053082227e-09,2.4491334107304886e-11,0
1212,1.7870947781861684e-10,-1.7439454438308849e-04,-1.7439471062331250e-04,1.6624022400628033e-10,2.4196805149561394e-11,0
1213,5.4864725043122152e-11,-4.8456531039969483e-06,-4.8436389953195015e-06,-2.0141086774468683e-09,1.8539286668212948e-11,0
1214,2.1651418954556558e-11,5.2449977510630097e-06,5.2441712215055044e-06,8.2652955750527719e-10,9.8345017149775662e-12,0
1215,-1.2384475277668851e-10,1.6954884062880116e-04,1.6954744081133400e-04,1.3998174671540995e-09,2.9387074543161227e-11,0
1216,-1.5705805886362891e-10,1.7963953357531896e-04,1.7963908894213390e-04,4.4463318506107567e-10,2.4168159077037291e-11,0
1217,-3.3213306092038910e-11,1.0090628128939737e-05,1.0089254284483828e-05,1.3738444559096468e-09,1.6277232776013432e-11,0
1218,1.7538105961745622e-10,-1.7440312263632238e-04,-1.7439454966234680e-04,-8.5729739755747644e-09,4.3303078544716612e-12,0
1219,5.7390370930467129e-11,-4.8501391673686379e-06,-4.8436682929228835e-06,-6.4708744457543427e-09,4.3342329612158157e-12,0
1221,-1.1799068873695840e-10,1.6955298920081046e-04,1.6954725653664103e-04,5.7326641694300032e-09,6.4896269948959454e-12,0
1222,-1.5072627276546997e-10,1.7964646579752869e-04,1.7963895368615227e-04,7.5121113764188216e-09,4.4591647481753640e-12,0
1223,-3.2735584021945165e-11,1.0093481784234875e-05,1.0089308379511300e-05,4.1734047235757546e-09,4.8033172958258352e-12,0
1224,-3.2996235674286589e-10,-2.5873315976411310e-05,-2.5879510994346860e-05,6.1950179355496561e-09,5.4913623235415349e-11,0
1225,-2.4891047245379230e-10,-9.9652940660789049e-06,-9.9652932928692294e-06,-7.7320967553987097e-13,1.8943828960710354e-11,0
1226,3.2201567670015374e-11,2.6312883881652455e-05,2.6335449733883897e-05,-2.2565852231442234e-08,3.8564273532204483e-11,0
1227,1.4559197169638717e-10,-1.7440208001360657e-04,-1.7439472333471173e-04,-7.3566788948359937e-09,1.3340067674781001e-11,0
1228,3.9575569701492873e-11,-4.8499073158013960e-06,-4.8439110922530108e-06,-5.9962235483852083e-09,1.1987350636369612e-11,0
1229,1.7582252762085308e-11,5.2430958160918674e-06,5.2441143936784305e-06,-1.0185775865631343e-09,7.5297187013355166e-12,0
1230,-1.0601640215184260e-10,1.6955218945254383e-04,1.6954719214375428e-04,4.9973087895430549e-09,2.2381762717397299e-11,0
1231,-1.2800971913888867e-10,1.7964512137582950e-04,1.7963904295948611e-04,6.0784163433916932e-09,1.6159330918849657e-11,0
1232,-2.1993316960625642e-11,1.0092964899941371e-05,1.0089466061804873e-05,3.4988381364979484e-09,1.3952611370706437e-11,0
1233,-8.4435562578659894e-10,-1.8150180385186412e-04,-1.8149391884559254e-04,-7.8850062715837398e-09,2.8313593336609269e-11,0
1234,-9.1895177567363714e-10,-1.1936311832012620e-05,-1.1947232948478584e-05,1.0921116465963961e-08,2.2811353007601753e-11,0
1235,5.3436930620171559e-12,-2.5856341409548084e-05,-2.5875815956793304e-05,1.9474547245219934e-08,2.3995339623000419e-11,0
1236,-9.2098193571463369e-10,-1.8187773234631943e-06,-1.8569399171817845e-06,3.8162593718590196e-08,2.5782093262680739e-11,0
1237,-7.4596150079543543e-11,1.6956544506109041e-04,1.6954735118889744e-04,1.8093872192963094e-08,8.0776176156430071e-12,0
1238,-7.6626310165491273e-11,1.7968295297201946e-04,1.7963945649816831e-04,4.3496473851151966e-08,8.2089426746572268e-12,0
1239,-2.0301600242069890e-12,1.0117510545052007e-05,1.0089724410774186e-05,2.7786134277820736e-08,5.7846950047517335e-12,0
1240,-8.4969931841069533e-10,-1.5564530390017612e-04,-1.5562159938236863e-04,-2.3704517807492239e-08,4.9671859352374658e-11,0
1241,-9.2429546817912431e-10,1.3920077407823372e-05,1.3933536851003102e-05,-1.3459443179730552e-08,3.0965837862095142e-11,0
1242,-9.2632562819151085e-10,2.4037571695357477e-05,2.4023776628818249e-05,1.3795066539228242e-08,4.6172038005172064e-11,0
1243,3.8654696236729918e-10,-2.1415823777743391e-05,-2.1390023726057814e-05,-2.5800051685576721e-08,2.5715236233446168e-11,0
1244,2.1143309957612308e-10,1.4757609593378171e-05,1.4741470407192169e-05,1.6139186186001867e-08,4.4181533091518490e-11,0
1245,-5.8305034522752405e-10,-7.0933270617393532e-06,-7.0932641729336298e-06,-6.2888805723424379e-11,2.8825358231677390e-11,0
1246,-3.7637296145259090e-10,-1.8149012821841188e-04,-1.8148859879534837e-04,-1.5294230635101193e-09,1.3353166467314188e-11,0
1247,-5.7031533489941717e-10,-1.8493698642711026e-06,-1.8531206719839412e-06,3.7508077128386090e-09,1.8930907217631300e-11,0
1248,-7.9448344674806535e-10,-2.1851229738061723e-05,-2.1837334440945472e-05,-1.3895297116250374e-08,2.6491537792273406e-11,0
1249,-5.8780606297109243e-10,-1.9624789918718834e-04,-1.9622173039116452e-04,-2.6168796023819151e-08,5.3773259805586591e-11,0
1250,-7.8174843642123823e-10,-1.6607187879528855e-05,-1.6600109297067901e-05,-7.0785824609544026e-09,1.9875914405013549e-11,0
1251,2.0667738377485112e-10,-1.7439660643189109e-04,-1.7439373566205385e-04,-2.8707698372350612e-09,1.1830049988108470e-11,0
1252,1.2735010333074939e-11,5.2440297419304414e-06,5.2440503908456092e-06,-2.0648915167792090e-11,2.9304252310831219e-12,0
1253,-1.9394237344521926e-10,1.7964065860414389e-04,1.7963798964858429e-04,2.6689555595975356e-09,9.3947929594545196e-12,0
1254,6.7231467865544551e-10,1.4766941328289013e-05,1.4746499912334782e-05,2.0441415954230725e-08,2.4072187906063060e-11,0
1255,-8.5092123397553745e-10,-7.0771917915386784e-06,-7.0963027483357134e-06,1.9110956797035018e-08,1.0814517054391642e-11,0
1256,-7.4751569950422485e-10,-1.8148897574760126e-04,-1.8149259368045728e-04,3.6179328560272637e-09,1.5791289849628949e-11,0
1257,-1.0605881869509943e-10,-2.5874188794360086e-05,-2.5877073987805099e-05,2.8851934450137208e-09,4.7565652060766272e-11,0
1258,-8.5906967098873425e-10,-1.8391486947700458e-06,-1.8563823423233595e-06,1.7233647553313682e-08,1.1958546075656720e-11,0
1259,-1.5232359145053806e-09,-2.1844091448159839e-05,-2.1845398782940723e-05,1.3073347808839294e-09,9.5683834236995497e-12,0
1260,-1.4198303807463643e-09,-1.9625587334283837e-04,-1.9623078501972553e-04,-2.5088323112835032e-08,1.7456633026530935e-11,0
1261,-7.7837349792393967e-10,-4.0641019619319305e-05,-4.0624125252180043e-05,-1.6894367139261746e-08,6.7215757219656262e-11,0
1262,-1.5313843515611345e-09,-1.6606052165186840e-05,-1.6608398449319723e-05,2.3462841328830957e-09,1.2387593060443367e-11,0
1263,1.0340553379470047e-10,-1.7441180848512018e-04,-1.7439473639264323e-04,-1.7072092476950063e-08,4.1163206524920488e-12,0
1264,-8.1484370592836918e-12,5.2380575543307332e-06,5.2438141402479686e-06,-5.7565859172354283e-09,2.5956756623734277e-12,0
1265,-1.1155397134413365e-10,1.7964984838647960e-04,1.7963875337021366e-04,1.1095016265943265e-08,4.7450820416991983e-12,0
1266,-7.4486241536633384e-10,1.8796912375954045e-05,1.8784214144384583e-05,1.2698231569461881e-08,2.4717929504218576e-11,0
1267,-6.4145688094073404e-10,-1.5561474591728420e-04,-1.5561898476716053e-04,4.2388498763281084e-09,3.9525293964782503e-11,0
1268,-7.5301085238852944e-10,2.4035107174146669e-05,2.4025625028840195e-05,9.4821453064738862e-09,3.1360792894074813e-11,0
1270,-4.1253080461294124e-10,4.7607531472506487e-06,4.7776514863836987e-06,-1.6898339133050039e-08,2.7325405074278717e-11,0
1271,-1.5448684743462690e-09,-1.5560578377599339e-04,-1.5562874420513057e-04,2.2960429137174401e-08,6.9936614000427048e-11,0
1272,-6.0489459516521450e-11,1.0047393209077285e-05,1.0089235467933137e-05,-4.1842258855852196e-08,3.7440766665423936e-11,0
1273,-4.0493820447257673e-10,1.4736937181718951e-05,1.4734321844469353e-05,2.6153372495984069e-09,2.1570996917608113e-11,0
1274,-1.3709259047068683e-10,-2.5875425308920317e-05,-2.5877450782446669e-05,2.0254735263519001e-09,4.2728386957231237e-11,0
1275,-6.4293415764891147e-10,4.7726677810198265e-06,4.7750142151994970e-06,-2.3464341796705635e-09,2.2753312293962000e-11,0
1276,2.6784561378071501e-10,-4.0612497127711158e-05,-4.0612317884277518e-05,-1.7924343363999885e-10,7.9381547085732420e-11,0
1277,-2.3799595278239477e-10,-9.9642940642812820e-06,-9.9649344970975106e-06,6.4043281622865175e-10,1.5063022927758234e-11,0
1278,-5.0584156711715164e-10,3.0648051835375709e-05,3.0656969370542691e-05,-8.9175351669821775e-09,7.4755979339111294e-11,0
1279,-5.1036407315589682e-11,1.0085831105623080e-05,1.0089376388776606e-05,-3.5452831535265122e-09,1.3202269901903075e-11,0
1280,-5.0639393817852566e-11,1.0088428098203699e-05,1.0089422794289478e-05,-9.9469608577976674e-10,2.5225253697585156e-11,0
1281,-1.7486864747419709e-10,-9.9688780789584583e-06,-9.9641791220220530e-06,-4.6989569364052535e-09,1.5391378973067990e-11,0
1282,1.3622266787580554e-10,-3.3240520908515460e-05,-3.3274114719425793e-05,3.3593810910332754e-08,9.3832270062262217e-12,0
1283,4.2632522954450771e-11,-1.8142692716143285e-04,-1.8148326329740528e-04,5.6336135972423571e-08,3.5240139657710074e-11,0
1284,-1.7365680341732766e-10,-9.9768318888530244e-06,-9.9641259557324551e-06,-1.2705933120569346e-08,2.7161722369988843e-11,0
1285,-5.6909485365886865e-11,1.0088704411673416e-05,1.0089409195444565e-05,-7.0478377114889241e-10,6.2372075277925048e-12,0
1286,-3.4546375757704164e-10,1.3919161649210768e-05,1.3939501973866675e-05,-2.0340324655907367e-08,7.4805349954908771e-11,0
1287,-4.0237324295345912e-10,2.4007741624414158e-05,2.4029300396993318e-05,-2.1558772579159500e-08,4.1786101534614963e-11,0
1288,-1.7362566211925066e-10,-9.9620218745225897e-06,-9.9640805794217919e-06,2.0587048992021999e-09,3.7353303913401182e-11,0
1289,6.0504728764658629e-10,-2.6186458275088108e-05,-2.6179185012281358e-05,-7.2732628067494491e-09,5.1334143238422261e-11,0
1290,2.9235785118559720e-10,-6.9315774363504223e-06,-6.9547725071433419e-06,2.3195070792919565e-08,1.0715118087034266e-11,0
1291,4.4458790606325035e-10,-1.8134310097821845e-04,-1.8134723928507352e-04,4.1383068550724864e-09,2.0307665362531809e-11,0
1292,3.4210395958770004e-10,-1.1788011523950620e-05,-1.1799560749111145e-05,1.1549225160524564e-08,1.8672538491170267e-11,0
1293,3.1487818632690010e-10,-1.6905982243436979e-06,-1.7108497388653301e-06,2.0251514521632243e-08,1.5386362425878715e-11,0
1294,1.5223005447585593e-10,-1.7441153742789404e-04,-1.7439307191808242e-04,-1.8465509811618546e-08,4.6361596909400500e-12,0
1295,4.9746108258541819e-11,-4.8564221643699994e-06,-4.8442552536384533e-06,-1.2166910731546037e-08,4.6462663875616444e-12,0
1296,2.2520335085615277e-11,5.2409925652632946e-06,5.2441169399231491e-06,-3.1243746598544705e-09,3.1443012027980088e-12,0
1297,-1.0248394629495595e-10,1.6955512472386670e-04,1.6954524428526319e-04,9.8804386035127555e-09,7.0637255428228734e-12,0
1298,-1.2970971949285234e-10,1.7965250178518608e-04,1.7963738578014772e-04,1.5116005038358317e-08,4.6786218869463181e-12,0
1299,-2.7225773182996755e-11,1.0097396468122365e-05,1.0089797222971040e-05,7.5992451513252446e-09,5.0851125364478555e-12,0
1300,1.8187718331574213e-11,-2.5862450692794477e-05,-2.5875792272056766e-05,1.3341579262289360e-08,2.2666522281603765e-11,0
1301,1.2180764362303162e-10,-1.7440323980618885e-04,-1.7439326763765700e-04,-9.9721685318534224e-09,1.3662538580406146e-11,0
1302,3.1724884283350018e-11,-4.8521001909940242e-06,-4.8444959896880988e-06,-7.6042013059254648e-09,1.1896469242438963e-11,0
1303,1.5415532703039840e-11,5.2421199147171822e-06,5.2440335045676786e-06,-1.9135898504964562e-09,9.0936529188210778e-12,0
1304,-9.0082759518589741e-11,1.6955117707316602e-04,1.6954520354839502e-04,5.9735247709945000e-09,2.0979396878405738e-11,0
1305,-1.0639211115823156e-10,1.7964532880321640e-04,1.7963749731919718e-04,7.8314840192255514e-09,1.9400435069904780e-11,0
1306,-1.6309351606609610e-11,1.0094235685241711e-05,1.0089953129418653e-05,4.2825558230572957e-09,1.5745567231054846e-11,0
1307,-2.4821214421759158e-10,-9.9648919230043136e-06,-9.9648431875839207e-06,-4.8735420392901534e-11,1.8675600182335991e-11,0
1308,-7.6588072345116476e-10,-1.8521400338260150e-06,-1.8559531710663690e-06,3.8131372403540457e-09,3.8529274466377402e-11,0
1309,-4.8316402479905639e-11,2.6308227416102503e-05,2.6334557214861948e-05,-2.6329798759444612e-08,2.1296915128534655e-11,0
1310,1.1372395783431402e-10,-1.7439824463343686e-04,-1.7439316690099491e-04,-5.0777324419541258e-09,1.7185790551632718e-11,0
1311,2.2655525980097655e-11,-4.8493099670155089e-06,-4.8446516389380641e-06,-4.6583280774448177e-09,1.6760734795798116e-11,0
1312,-9.1068432050538178e-11,1.6954894869320152e-04,1.6954495291912362e-04,3.9957740779062844e-09,2.8053228523875407e-11,0
1313,1.2256021912624587e-10,-1.7439626120182173e-04,-1.7439291868349369e-04,-3.3425183280379710e-09,1.8968527166120918e-11,0
1314,2.1469244912329426e-11,-4.8483101845594664e-06,-4.8447083027144403e-06,-3.6018818450261143e-09,1.7440226010719813e-11,0
1315,7.6509863410312940e-12,5.2439779363656121e-06,5.2439361701279727e-06,4.1766237639427281e-11,1.1401996064107106e-11,0
1316,-1.0109097439595443e-10,1.6954792256438592e-04,1.6954465258256263e-04,3.2699818232947292e-09,2.3362912463600481e-11,0
1317,-1.1490923302891881e-10,1.7964017015000087e-04,1.7963704923691493e-04,3.1209130859331542e-09,1.9257780380913768e-11,0
1318,-1.3818258597554478e-11,1.0092225331545263e-05,1.0090064751943191e-05,2.1605796020727098e-09,1.4568721331062703e-11,0
1319,2.2324034160007549e-10,1.4760238790269622e-05,1.4740622878024213e-05,1.9615912245409063e-08,3.5258396921203190e-11,0
1320,-1.0797514265424032e-10,-2.5875644312475408e-05,-2.5877219637270170e-05,1.5753247947616672e-09,1.9163687451347667e-11,0
1321,1.2830916642598123e-10,4.8283836370597438e-06,4.7831030829603820e-06,4.5280554099361826e-08,1.5343852030903348e-11,0
1322,-3.3121548501313353e-10,-4.0635989734897141e-05,-4.0618370746550068e-05,-1.7618988347072918e-08,4.6471780750192459e-11,0
1323,-9.4931175069698589e-11,-9.9318906974714231e-06,-9.9630658218161840e-06,3.1175124344760819e-08,2.0732139873036588e-11,0
1324,2.3628430894971834e-10,3.0703920895058107e-05,3.0664687104355004e-05,3.9233790703102937e-08,4.2564359656070505e-11,0
1325,8.2325617702526496e-11,2.6317327436075309e-05,2.6336005344861523e-05,-1.8677908786213693e-08,4.2075714760583991e-11,0
1326,1.6853336116196350e-10,-1.7439112771480399e-04,-1.7439220621961698e-04,1.0785048129905144e-09,1.1559089919487388e-11,0
1327,5.1233661754219464e-11,-4.8460134747358948e-06,-4.8444371166861764e-06,-1.5763580497184140e-09,1.0715668848483423e-11,0
1328,1.9997527318915672e-11,5.2450678798002988e-06,5.2440663177850827e-06,1.0015620152161237e-09,6.9822973880595295e-12,0
1329,-1.1729969938412012e-10,1.6954510292017206e-04,1.6954421744008367e-04,8.8548008839563555e-10,1.5981110327236218e-11,0
1330,-1.4853583381347201e-10,1.7963618396660427e-04,1.7963646585240415e-04,-2.8188579988546077e-10,1.2208777025814923e-11,0
1331,-3.1236134437646739e-11,1.0091084809521218e-05,1.0089921714741197e-05,1.1630947800201925e-09,1.1566725612145588e-11,0
1332,-2.5105372257216485e-10,-9.9640809227894128e-06,-9.9647401809673211e-06,6.5925817790832763e-10,1.8015977096987525e-11,0
1333,-1.1358624444616325e-10,-2.5877991310563906e-05,-2.5877301187039352e-05,-6.9012352455364505e-10,5.3286119483838969e-11,0
1334,1.5055730596317496e-10,-1.7439359911012664e-04,-1.7439221889383453e-04,-1.3802162921144716e-09,2.2857725946462216e-11,0
1335,4.5616537179395866e-11,-4.8472302315307695e-06,-4.8445534110429266e-06,-2.6768204878428823e-09,1.6974000935609324e-11,0
1336,1.9337771102260029e-11,5.2445664231740767e-06,5.2440528327795417e-06,5.1359039453502511e-10,1.0687174551689833e-11,0
1337,-1.0494076881394211e-10,1.6954630100617806e-04,1.6954411946296680e-04,2.1815432112680389e-09,2.5776662792467448e-11,0
1338,-1.3121953490296467e-10,1.7963812398244668e-04,1.7963646405904848e-04,1.6599233981968737e-09,2.4479081868148479e-11,0
1339,-2.6278766085843796e-11,1.0091759555798949e-05,1.0090022685661265e-05,1.7368701376839772e-09,1.7602478372446086e-11,0
1340,1.6837267761742860e-10,2.6332974255664429e-05,2.6336959152286298e-05,-3.9848966218692880e-09,3.9430119691663907e-11,0
1341,-1.7917306883252828e-10,-9.9908701955654308e-06,-9.9638765932905320e-06,-2.6993602274898821e-08,3.1702701277592423e-11,0
1342,-3.8673810064271005e-10,-2.5874383675685573e-05,-2.5880353117293604e-05,5.9694416080316199e-09,5.5610639030902760e-11,0
1343,1.8562867537357767e-10,-1.7439235012609543e-04,-1.7439153335426608e-04,-8.1677182934268046e-10,1.2463417300935893e-11,0
1344,4.6919848210326420e-11,-4.8468426629753956e-06,-4.8446249047222911e-06,-2.2177582531044521e-09,1.2721376150255631e-11,0
1345,1.3855975906442216e-11,5.2447383613016306e-06,5.2439822517437925e-06,7.5610955783809346e-10,8.1425700995362160e-12,0
1346,-1.3870882719225653e-10,1.6954552268951450e-04,1.6954337140553401e-04,2.1512839804916153e-09,1.6064152097782885e-11,0
1347,-1.7177269951850892e-10,1.7963708784064368e-04,1.7963570637556932e-04,1.3814650743607017e-09,9.5158568311204467e-12,0
1348,-3.3063872318085202e-11,1.0091558070764997e-05,1.0090020674088950e-05,1.5373966760470943e-09,1.0074797976283893e-11,0
1349,-1.7857058616157515e-10,-9.9700440308126206e-06,-9.9638145825854929e-06,-6.2294482271277882e-09,1.5752721049464933e-11,0
1351,-9.0701024197139069e-10,-7.0799275161490677e-06,-7.0981249111151390e-06,1.8197394966071319e-08,7.8733000349812480e-12,0
1352,-8.0454383086155079e-10,-1.8148672528396984e-04,-1.8149116232378995e-04,4.4370398201139336e-09,1.0944909657846736e-11,0
1353,-9.1180137754851991e-10,-1.1936166501984660e-05,-1.1948864248900177e-05,1.2697746915517233e-08,1.2152679830862860e-11,0
1354,-9.7076817282971877e-11,-2.5874603761206561e-05,-2.5877164325115025e-05,2.5605639084639805e-09,3.0582109418455339e-11,0
1355,-9.1396757257751777e-10,-1.8407188197046287e-06,-1.8580459346145053e-06,1.7327114909876568e-08,7.7636731211416378e-12,0
1356,1.0246641022918111e-10,-1.7440680037410575e-04,-1.7439225232000814e-04,-1.4548054097604946e-08,5.6542768114515649e-12,0
1357,-4.7911358727635744e-12,-4.8562370197381688e-06,-4.8452568505664626e-06,-1.0980169171706218e-08,6.0158424073547970e-12,0
1358,-6.9573306687383605e-12,5.2392247078668786e-06,5.2437448318299491e-06,-4.5201239630704917e-09,3.8947811869687190e-12,0
1359,-1.0725754653889220e-10,1.6955055271928362e-04,1.6954346456079459e-04,7.0881584890284711e-09,8.1222472814587709e-12,0
1360,-1.0942374150208991e-10,1.7964599803223583e-04,1.7963618685309720e-04,9.8111791386231838e-09,5.9354680740042689e-12,0
1361,-2.1661948623489778e-12,1.0095444614861317e-05,1.0090413201187601e-05,5.0314136737159010e-09,5.9135535394422916e-12,0
1362,-8.0993342472157759e-10,1.8794719876216726e-05,1.8782826497182855e-05,1.1893379033870794e-08,3.0481466299647496e-11,0
1363,-7.0746701364817675e-10,-1.5561192733985416e-04,-1.5561720551440824e-04,5.2781745540810953e-09,4.6855316332005745e-11,0
1364,-8.1472456030801311e-10,1.3938654998570804e-05,1.3933689108911696e-05,4.9658896591078756e-09,6.4711781591307853e-11,0
1365,-8.1689075533081053e-10,2.4034097480050975e-05,2.4024320604992352e-05,9.7768750586235394e-09,3.2007639585515372e-11,0
1366,-1.4306477740182568e-10,-9.9208371824315196e-06,-9.9633871637764136e-06,4.2549981344893980e-08,3.4213705623192384e-11,0
1367,-1.6224281961990655e-10,-9.9602362723630496e-06,-9.9635711978328200e-06,3.3349254697703909e-09,3.2024178744749626e-11,0
1368,-7.7287516659368814e-10,-7.0794444335386952e-06,-7.0967483422260176e-06,1.7303908687322362e-08,2.6568791504913503e-11,0
1369,-5.5298791919956266e-10,-1.8148419330067580e-04,-1.8148818432906852e-04,3.9910283927246503e-09,2.6534822272830377e-11,0
1370,-7.2857877705348807e-10,-1.1934362080003036e-05,-1.1946973337298603e-05,1.2611257295567236e-08,3.9131292199694461e-11,0
1371,-7.6645737715714419e-10,-1.8397964783416210e-06,-1.8565077517506050e-06,1.6711273408984043e-08,3.2886315307681236e-11,0
1372,2.1988724702492667e-10,-1.7440473083903466e-04,-1.7439072158130175e-04,-1.4009257732903102e-08,1.3495278981194429e-11,0
1373,4.4296389312068027e-11,-4.8548358045721364e-06,-4.8447790883067430e-06,-1.0056716265393446e-08,1.3428249582118029e-11,0
1374,6.4177893723241724e-12,5.2397877757525985e-06,5.2438855111461669e-06,-4.0977353935683859e-09,8.8975517781877917e-12,0
1375,-1.7559085778766023e-10,1.6954988659485370e-04,1.6954241851504454e-04,7.4680798091539182e-09,2.1980018187739114e-11,0
1376,-2.1346945781247663e-10,1.7964451857276249e-04,1.7963479558693519e-04,9.7229858272995535e-09,1.4390865689725021e-11,0
1377,-3.7878599976344220e-11,1.0094641671620991e-05,1.0090073860305591e-05,4.5678113154004943e-09,1.4877369738913447e-11,0
1378,2.9565128741575998e-10,-9.9372923199024521e-06,-9.9584446530792682e-06,2.1152333176816109e-08,2.4593932316711347e-11,0
1379,2.3811900914889550e-11,5.2431745323273287e-06,5.2440710712227393e-06,-8.9653889541060173e-10,1.5975352354214291e-11,0
1380,1.7608011391506334e-10,2.6329248779924028e-05,2.6337044587046930e-05,-7.7958071229026679e-09,6.0490163515368418e-11,0
1381,-7.8373224919981953e-10,-1.8149084292345833e-04,-1.8149047273298408e-04,-3.7019047424919141e-10,1.6989106367553022e-11,0
1382,-8.0925510588517979e-10,-1.1921963203308586e-05,-1.1948066603068273e-05,2.6103399759687542e-08,2.1441679260068175e-11,0
1383,3.2769317726171973e-11,-2.5866737489105632e-05,-2.5875767249114680e-05,9.0297600090486396e-09,2.4180599762159849e-11,0
1384,-2.5522856742462306e-11,1.6956885654847726e-04,1.6954367195765017e-04,2.5184590827094207e-08,4.8459092516270290e-12,0
1385,-8.1650156644100019e-10,-1.5562399067652836e-04,-1.5561785572121455e-04,-6.1349553138101334e-09,3.4277973689352305e-11,0
1386,-8.4202442302486043e-10,1.3944728820193542e-05,1.3933175937889688e-05,1.1552882303853581e-08,4.5529883894381780e-11,0
1387,-2.4663084762367886e-10,-9.9644693719641488e-06,-9.9643880039795839e-06,-8.1367984564913046e-11,1.8832447074669909e-11,0
1388,3.2390198330443974e-10,-6.9036740462206925e-06,-6.9548565411569331e-06,5.1182494936240611e-08,1.5062435437053408e-11,0
1389,4.4546034849798077e-10,-1.8134214148738184e-04,-1.8134565045903599e-04,3.5089716541496577e-09,2.6452305891225662e-11,0
1390,3.6349725255482320e-10,-1.1780831686286977e-05,-1.1800351622014549e-05,1.9519935727572060e-08,2.2648087649898031e-11,0
1391,3.4345829881539712e-10,-1.6716720021014986e-06,-1.7111057929374032e-06,3.9433790835904589e-08,1.6888268192953993e-11,0
1392,1.2155836480723812e-10,-1.7443842232079624e-04,-1.7439128433190034e-04,-4.7137988895898375e-08,3.6873867477093101e-12,0
1393,3.9595269111975860e-11,-4.8771513641600577e-06,-4.8449838611653044e-06,-3.2167502994753317e-08,3.8997986559641895e-12,0
1394,1.9556315462851542e-11,5.2320157229001209e-06,5.2440137095837418e-06,-1.1997986683620970e-08,2.6308311497590880e-12,0
1395,-8.1963095801624949e-11,1.6956126917049268e-04,1.6954279243716443e-04,1.8476733328255017e-08,5.1828312930614672e-12,0
1396,-1.0200204949241888e-10,1.7967042691525645e-04,1.7963548375972543e-04,3.4943155531017055e-08,3.5590724597651275e-12,0
1397,-2.0038953666682909e-11,1.0109154674333787e-05,1.0090401637108771e-05,1.8753037225016352e-08,3.9317935887794398e-12,0
1398,-6.7894488627487726e-11,-2.5907626416938646e-05,-2.5876900715376935e-05,-3.0725701561711097e-08,7.6648244965954050e-11,0
1399,-6.9406206444804862e-10,-7.1396238942784442e-06,-7.0962284629220064e-06,-4.3395431356437738e-08,2.4937510219260656e-11,0
1400,-6.0520672676637928e-10,-1.8154583592838898e-04,-1.8148815509106913e-04,-5.7680837319847413e-08,3.1706843349302643e-11,0
1401,-6.7324009992225544e-10,-1.1995801527109329e-05,-1.1946809184970461e-05,-4.8992342138867918e-08,3.3019026781177692e-11,0
1402,-6.8180193012618845e-10,-1.8993997838194152e-06,-1.8558802750176522e-06,-4.3519508801762978e-08,2.3014512589434206e-11,0
1403,8.8855337834298935e-11,-1.7440618517148947e-04,-1.7439143896219754e-04,-1.4746209291925097e-08,1.3171684911352453e-11,0
1404,2.0821964577457951e-11,-4.8561823376733031e-06,-4.8452521525811079e-06,-1.0930185092195184e-08,1.2663749341057293e-11,0
1405,1.2260134338681681e-11,5.2402079906727506e-06,5.2439259575128098e-06,-3.7179668400591295e-09,7.8547246720831755e-12,0
1406,-6.8033373459600042e-11,1.6954999770184276e-04,1.6954268506290252e-04,7.3126389402372940e-09,1.7575893044627919e-11,0
1407,-7.6595203759819950e-11,1.7964637046043088e-04,1.7963554954327857e-04,1.0820917152311272e-08,1.2918733964948217e-11,0
1408,-8.5618302650259933e-12,1.0096380058345709e-05,1.0090580128268594e-05,5.7999300771142731e-09,1.1663429201150654e-11,0
1409,-1.7423055490750442e-10,-9.9872743092562291e-06,-9.9635077663728419e-06,-2.3766542883387241e-08,2.3433685662950714e-11,0
1410,1.2348723293564489e-10,2.6321690484510871e-05,2.6336461609773582e-05,-1.4771125262711104e-08,4.7460806196464181e-11,0
1411,2.3787087854050001e-10,1.4765954822771113e-05,1.4739618541686755e-05,2.6336281084358412e-08,4.3438099710031180e-11,0
1412,-7.1082775482246279e-10,-7.0967517299476597e-06,-7.0965565257241714e-06,-1.9520422348835432e-10,1.2511057100317327e-11,0
1413,-4.8524064122319150e-10,-1.8148815159552611e-04,-1.8148658083021776e-04,-1.5707653083503297e-09,1.1538017853508505e-11,0
1414,-6.5078924897966264e-10,-1.1944189090707887e-05,-1.1946740946561512e-05,2.5518558536247020e-09,4.1459203735771711e-11,0
1415,-1.0355860644075486e-10,-2.5876233665338795e-05,-2.5877332077369834e-05,1.0984120310391385e-09,2.4850250360232322e-11,0
1416,-6.9409278967840701e-10,-1.8524338664198370e-06,-1.8561415133371878e-06,3.7076469173507196e-09,1.7812388204935192e-11,0
1417,-9.4869863511207290e-10,-2.1862840092583269e-05,-2.1838673727341440e-05,-2.4166365241829157e-08,2.6778987248169409e-11,0
1418,-7.2311152162822578e-10,-1.9625424076471533e-04,-1.9621867909822471e-04,-3.5561666490615661e-08,2.9737735342225341e-11,0
1419,-8.8866012934041463e-10,-2.6710365570717029e-05,-2.6679071752616042e-05,-3.1293818100986911e-08,3.3043588996245008e-11,0
1420,-3.4142948573634172e-10,-4.0642336225747352e-05,-4.0617448855299494e-05,-2.4887370447858608e-08,3.7602990308737976e-11,0
1421,-9.3196366998531193e-10,-1.6618462273286852e-05,-1.6601223504960388e-05,-1.7238768326463907e-08,2.2062213270516886e-11,0
1423,6.0038505836554795e-11,-4.8475292429093608e-06,-4.8449030261631095e-06,-2.6262167462512756e-09,4.9912525283848768e-12,0
1424,1.6734965142608093e-11,5.2443587088561901e-06,5.2439657842935076e-06,3.9292456268248921e-10,2.5461089930379259e-12,0
1425,-1.6554860776111625e-10,1.6954381250023037e-04,1.6954123196297427e-04,2.5805372561027440e-09,8.8152100940324420e-12,0
1426,-2.0885214846617535e-10,1.7963570483591862e-04,1.7963377664949076e-04,1.9281864278527551e-09,9.6594622882757571e-12,0
1427,-4.3303540700538295e-11,1.0091876087888049e-05,1.0090267916754103e-05,1.6081711339457753e-09,4.2058478985783527e-12,0
1428,-6.0726914821020754e-10,1.8779568137000571e-05,1.8784736451767033e-05,-5.1683147664627609e-09,3.7537514209743121e-11,0
1429,-3.8168203459653370e-10,-1.5561180155885737e-04,-1.5561232619622556e-04,5.2463736818970409e-10,3.5288819707353437e-11,0
1430,-5.4723064235696899e-10,1.3931900876175754e-05,1.3936176047693425e-05,-4.2751715176708976e-09,6.7561476898074692e-11,0
1431,-5.9053418306618176e-10,2.4024075575330810e-05,2.4026528543647021e-05,-2.4529683162109967e-09,3.8787045944416277e-11,0
1432,4.7176169523734406e-12,2.6312432893883624e-05,2.6335145082030798e-05,-2.2712188147174905e-08,2.8889550885665980e-11,0
1433,-7.1903806845451778e-10,-7.1019648119211368e-06,-7.0967355182026396e-06,-5.2292937184972104e-09,9.1921481982722171e-12,0
1434,-5.3596342545506114e-10,-1.8149260032856822e-04,-1.8148699183772099e-04,-5.6084908472248899e-09,1.6294369672691845e-11,0
1435,-6.7284901327597927e-10,-1.1949248370516675e-05,-1.1947097214152743e-05,-2.1511563639328019e-09,1.4608206624424780e-11,0
1436,-7.0476773346027461e-10,-1.8572820165204534e-06,-1.8563371711080983e-06,-9.4484541235512685e-10,9.7459956891242590e-12,0
1437,1.8307464313297253e-10,-1.7439065310594949e-04,-1.7438991620812784e-04,-7.3689782165262292e-10,7.8504209448558087e-12,0
1438,4.6189055231373075e-11,-4.8472789113574322e-06,-4.8451094856807231e-06,-2.1694256767091312e-09,8.4199628741298371e-12,0
1439,1.4270335007162464e-11,5.2446926409110495e-06,5.2439324170332063e-06,7.6022387784321796e-10,5.0310941590431214e-12,0
1440,-1.3688558793500965e-10,1.6954334974910205e-04,1.6954131944308244e-04,2.0303060196068777e-09,1.3336602800178822e-11,0
1441,-1.6880430817619069e-10,1.7963534110179615e-04,1.7963403072966753e-04,1.3103721286213468e-09,8.4248925957677194e-12,0
1442,-3.1918720234919703e-11,1.0091978425503427e-05,1.0090439207595691e-05,1.5392179077365869e-09,7.7680481602265344e-12,0
1443,2.1188068677492231e-10,2.6351988318884176e-05,2.6337441426314171e-05,1.4546892570004770e-08,7.1504261605363481e-11,0
1444,-3.8020627000822492e-10,1.4734185847209771e-05,1.4732550289111142e-05,1.6355580986290858e-09,1.4383542046569290e-11,0
1445,-1.4320017368609963e-10,-2.5876888255920620e-05,-2.5877801522387571e-05,9.1326646695053817e-10,2.9925175795515693e-11,0
1446,-6.4934157975785555e-10,4.7703877348332507e-06,4.7735215702796414e-06,-3.1338354463906419e-09,1.5320494678325635e-11,0
1447,2.3700609612067093e-10,-4.0611115354886526e-05,-4.0610844466855979e-05,-2.7088803054663548e-10,9.1468210477233359e-11,0
1448,-2.6913530932685180e-10,-9.9638216933373267e-06,-9.9644058289459404e-06,5.8413560861370040e-10,1.5816597481389325e-11,0
1449,-5.0614140593846621e-10,3.0647271094515725e-05,3.0655394971643618e-05,-8.1238771278927414e-09,7.1984638776886631e-11,0
1450,1.2450928137282207e-10,-1.7439348737997590e-04,-1.7439030241610999e-04,-3.1849638659124744e-09,1.9488308314029372e-11,0
1451,1.9107049842320404e-11,-4.8489303015415361e-06,-4.8454858319065433e-06,-3.4444696349927493e-09,1.4614535374518555e-11,0
1452,5.6122404065441148e-12,5.2438670005432349e-06,5.2438277459918542e-06,3.9254551380636042e-11,9.0443210066132817e-12,0
1453,-1.0540223173199032e-10,1.6954452966569779e-04,1.6954133725809073e-04,3.1924076070654565e-09,2.8205818160630185e-11,0
1454,-1.1889704124013882e-10,1.7963729448564406e-04,1.7963431088178003e-04,2.9836038640249953e-09,2.2064863536245073e-11,0
1455,-1.3494809470417873e-11,1.0092790820386563e-05,1.0090708291702538e-05,2.0825286840253621e-09,1.3586267006721492e-11,0
1456,-1.2320253031151063e-10,-9.9439364648961845e-06,-9.9627455286413347e-06,1.8809063745150220e-08,2.8061946117284055e-11,0
1457,-4.2394807426674650e-10,-2.5875084031555225e-05,-2.5880932600087152e-05,5.8485685319265360e-09,7.1569931894621408e-11,0
1458,4.0311151925551585e-10,-2.1398595418472503e-05,-2.1396741086602712e-05,-1.8543318697905728e-09,1.7577175427464907e-11,0
1459,1.3587265496709709e-10,-6.9627599882566313e-06,-6.9572162220798869e-06,-5.5437661767443678e-09,1.6413000549522578e-11,0
1460,2.7903907337538234e-10,-1.8135209781865866e-04,-1.8134649230293294e-04,-5.6055157257193979e-09,3.2487256670710509e-11,0
1461,1.5383352337014432e-10,-1.7180125104241604e-06,-1.7135715396071848e-06,-4.4409708169756425e-09,2.0217476181458420e-11,0
1462,1.4316641839993122e-10,-1.7438934927721577e-04,-1.7438969363466116e-04,3.4435744539077287e-10,5.6014394004764731e-12,0
1463,1.7960868399975035e-11,5.2447760892351195e-06,5.2439513307749085e-06,8.2475846021108379e-10,3.2718994530227234e-12,0
1464,-1.2520555000194171e-10,1.7963413038926118e-04,1.7963382356831210e-04,3.0682094907287516e-10,5.5135460446040527e-12,0
1465,-1.8136056673186636e-10,-9.9734330678228483e-06,-9.9633119047004344e-06,-1.0121163122413967e-08,1.7081978481566877e-11,0
1466,-9.5280878013301125e-11,-2.5874815042588491e-05,-2.5877312391664399e-05,2.4973490759085462e-09,3.4398050796632875e-11,0
1467,-1.4662329942610610e-10,-9.9603644731194839e-06,-9.9628897674255542e-06,2.5252943060703119e-09,3.1639408641807293e-11,0
1468,-9.4555393373546828e-10,-7.0826094007835766e-06,-7.0997308944527938e-06,1.7121493669217173e-08,8.3828562555294572e-12,0
1471,-8.6353640271431420e-11,-2.5875240599527300e-05,-2.5877231930051309e-05,1.9913305240091379e-09,2.1123405594596066e-11,0
1473,9.4783209103495952e-11,-1.7440190441813178e-04,-1.7438988808458341e-04,-1.2016333548363952e-08,6.3483416717697128e-12,0
1474,-7.1384412462686730e-12,-4.8551119761373537e-06,-4.8459921509984481e-06,-9.1198251389056398e-09,6.5152095874964633e-12,0
1475,-6.5672796210334368e-12,5.2401893315893577e-06,5.2436681351106949e-06,-3.4788035213372657e-09,4.1154749432747838e-12,0
1476,-1.0192165085972357e-10,1.6954675935734395e-04,1.6954043910381527e-04,6.3202535286789336e-09,9.4024484386487823e-12,0
1477,-1.0135048943047790e-10,1.7964207217352219e-04,1.7963373302228879e-04,8.3391512334005883e-09,6.4634973854357847e-12,0
1478,5.7116154491933899e-13,1.0095297545100867e-05,1.0091047670865413e-05,4.2498742354541634e-09,5.6380489013928324e-12,0
1479,-8.5920029346825699e-10,1.8792587032507788e-05,1.8781626076959815e-05,1.0960955547972199e-08,3.1609099366277570e-11,0
1480,-7.6441708334988084e-10,-1.5560917692903882e-04,-1.5561537121214084e-04,6.1942831020163867e-09,4.6794105129132314e-11,0
1481,-8.6633873437038980e-10,1.3937580616341788e-05,1.3932187285437521e-05,5.3933309042671025e-09,6.7302093400168890e-11,0
1482,-8.6576757300707174e-10,2.4032800392570150e-05,2.4023193263223689e-05,9.6071293464608336e-09,3.0433287927708289e-11,0
1483,2.2055820826585402e-10,2.6342442493431165e-05,2.6337537614195954e-05,4.9048792352102111e-09,4.0242805323749191e-11,0
1484,8.9516506932029688e-11,-1.7439345500034394e-04,-1.7438979494220993e-04,-3.6600581340110079e-09,2.1957742750268335e-11,0
1485,5.1444226740560043e-12,5.2436333056367097e-06,5.2437929440386047e-06,-1.5963840189503768e-10,1.2446038375453409e-11,0
1486,-8.4372084550810603e-11,1.7963708312857332e-04,1.7963376389092432e-04,3.3192376490040996e-09,1.8723131672793512e-11,0
1487,-2.4401656261259458e-10,-9.9640331095317194e-06,-9.9638963527017108e-06,-1.3675683000857579e-10,1.6399026409536126e-11,0
1488,-6.4284405726868665e-10,-7.1101209827850471e-06,-7.0965387525002904e-06,-1.3582230284756684e-08,2.1048518849742366e-11,0
1489,-5.8325983923651883e-10,-1.8152064754078413e-04,-1.8148640252093522e-04,-3.4245019848912900e-08,2.3177478480224489e-11,0
1490,-6.3172755619913439e-10,-1.1971308017410566e-05,-1.1947464147229866e-05,-2.3843870180699858e-08,2.5100868680295482e-11,0
1491,-6.3350757359510597e-10,-1.8725380631409022e-06,-1.8561166469804975e-06,-1.6421416160404680e-08,1.9192486548026540e-11,0
1492,5.9584218089197866e-11,-1.7441052749282877e-04,-1.7438993889565979e-04,-2.0588597168986773e-08,1.3606907440968786e-11,0
1493,1.1116501087839732e-11,-4.8611746983995112e-06,-4.8458880696381337e-06,-1.5286628761377452e-08,1.2359532520744840e-11,0
1494,9.3364836792554762e-12,5.2376440705873949e-06,5.2438331986390635e-06,-6.1891280516685775e-09,8.0371083450538575e-12,0
1495,-4.8467717220483986e-11,1.6954939410860140e-04,1.6954060425973985e-04,8.7898488615445729e-09,1.4070811522995062e-11,0
1496,-5.0247734691748940e-11,1.7964814017060442e-04,1.7963394710981346e-04,1.4193060790963210e-08,1.1208673510849260e-11,0
1497,-1.7800174377163767e-12,1.0098770873507440e-05,1.0091105309310397e-05,7.6655641970426976e-09,9.4949375920832286e-12,0
1498,1.5938530972324933e-10,2.6326558842786410e-05,2.6336859529844404e-05,-1.0300687057994000e-08,4.5421085806413044e-11,0
1499,4.3772580443119362e-10,-1.8134202012663140e-04,-1.8134399996000926e-04,1.9798333778615548e-09,1.8864615748964458e-11,0
1500,3.7987709657216415e-10,-1.1763686005997372e-05,-1.1801300324178911e-05,3.7614318181539407e-08,2.0107978849409293e-11,0
1501,-5.7848707769104297e-11,1.6957835671485913e-04,1.6954011391011876e-04,3.8242804740372610e-08,7.6654212515758334e-12,0
1502,2.5100611999525770e-10,1.4775963633835779e-05,1.4738743013747014e-05,3.7220620088764908e-08,3.6926116209414462e-11,0
1503,-7.5985708100559119e-10,-7.0983066366824953e-06,-7.0979930944207020e-06,-3.1354226179333819e-10,7.9284488001344071e-12,0
1504,-9.8418195762275168e-11,-2.5876773814112377e-05,-2.5877416378587116e-05,6.4256447473938277e-10,1.9118463724332150e-11,0
1505,-7.4182233281791418e-10,-1.8539144547183393e-06,-1.8574555244551210e-06,3.5410697367817133e-09,9.8969167863614412e-12,0
1506,-1.0108632026431853e-09,-2.1874172460613350e-05,-2.1839186589582908e-05,-3.4985871030442128e-08,2.4921440795123367e-11,0
1507,-3.4942431650264499e-10,-4.0652750398606496e-05,-4.0616631371867635e-05,-3.6119026738861489e-08,4.6629179404319624e-11,0
1508,-9.9282845447662795e-10,-1.6629804482167290e-05,-1.6601635914861868e-05,-2.8168567305422303e-08,2.2726343803809795e-11,0
1509,1.8034748188839316e-11,5.2444019705848079e-06,5.2439188054570423e-06,4.8316512776566369e-10,1.8547997154572256e-12,0
1510,-6.6143888508333166e-10,1.8778538366986735e-05,1.8783640244624992e-05,-5.1018776382572115e-09,2.5580804889054536e-11,0
1511,-6.4340413689102451e-10,2.4023113940013264e-05,2.4025498837631187e-05,-2.3848976179223155e-09,2.9169789920670351e-11,0
1512,-7.4069243919514144e-10,-7.1031078784540569e-06,-7.0978843115161486e-06,-5.2235669379082617e-09,9.1599874367498604e-12,0
1513,-5.6360937324650427e-10,-1.8149178635195641e-04,-1.8148573615969248e-04,-6.0501922639324881e-09,1.5443634663034686e-11,0
1514,-6.9636565030313895e-10,-1.1950900928935776e-05,-1.1948512039491665e-05,-2.3888894441112361e-09,1.4470177017079910e-11,0
1515,-7.2630449580025436e-10,-1.8584891461432759e-06,-1.8573746135501948e-06,-1.1145325930811043e-09,8.6607204840169849e-12,0
1516,1.7708306614084458e-10,-1.7438870285177693e-04,-1.7438809422965092e-04,-6.0862212600439058e-10,8.1359843103677452e-12,0
1517,4.4326788963721756e-11,-4.8477718794957478e-06,-4.8456769566340650e-06,-2.0949228616827542e-09,8.6880951050403121e-12,0
1518,1.4387943414179773e-11,5.2446483831673123e-06,5.2438712571665251e-06,7.7712600078719941e-10,4.9327725542033801e-12,0
1519,-1.3275627721041319e-10,1.6954092230696158e-04,1.6953898710558897e-04,1.9352013726030553e-09,1.2723583136165129e-11,0
1520,-1.6269512277643691e-10,1.7963332717622384e-04,1.7963213764695567e-04,1.1895292681635486e-09,8.4890266570492347e-12,0
1521,-2.9938845558044961e-11,1.0092408248432629e-05,1.0090926912279292e-05,1.4813361533374874e-09,7.8944885465966068e-12,0
1522,5.2275501303236587e-11,2.6316561032843199e-05,2.6335672247784580e-05,-1.9111214941381168e-08,2.1505399122823043e-11,0
1523,-1.7031441754765497e-10,-1.0000783586674306e-05,-9.9629004379927842e-06,-3.7883148681521389e-08,3.7352424067176968e-11,0
1524,-7.9341093117176065e-10,-7.0966554787914174e-06,-7.0985988484689464e-06,1.9433696775289703e-09,2.0831657095940056e-11,0
1525,-6.8236588440228039e-10,-1.8148815036690517e-04,-1.8148682878943727e-04,-1.3215774679036646e-09,4.0080013037436288e-11,0
1526,-7.7866970640541986e-10,-1.1946031788003745e-05,-1.1949589672694315e-05,3.5578846905702527e-09,2.7348669048684088e-11,0
1527,-7.8857030630788930e-10,-1.8528164689765700e-06,-1.8581792171088725e-06,5.3627481323024755e-09,2.0101203798688393e-11,0
1528,1.1104504673161794e-10,-1.7439150018699109e-04,-1.7438855575643684e-04,-2.9444305542467193e-09,1.7653956258864975e-11,0
1529,1.4741224757954220e-11,-4.8494008578789209e-06,-4.8460832298135041e-06,-3.3176280654168087e-09,1.3936771453498277e-11,0
1530,4.8406248619536565e-12,5.2438434622753289e-06,5.2437564807995070e-06,8.6981475821926049e-11,8.5441840628413622e-12,0
1531,-9.6303822188922135e-11,1.6954215708936014e-04,1.6953905053968305e-04,3.1065496770875996e-09,2.7142685288028433e-11,0
1532,-1.0620442216088243e-10,1.7963534008893535e-04,1.7963248297297963e-04,2.8571159557157222e-09,1.9129965938654770e-11,0
1533,-9.9005999304104729e-12,1.0093220588509129e-05,1.0091215743983288e-05,2.0048445258401054e-09,1.2869403261028812e-11,0
1534,-6.4424429265981567e-11,2.6297821246247868e-05,2.6334378661921703e-05,-3.6557415673834189e-08,2.2013664648666217e-11,0
1535,2.2065074415150381e-10,-4.0610288490693092e-05,-4.0610019386842255e-05,-2.6910385083619504e-10,5.5803429495975252e-11,0
1536,-2.8263185155500779e-10,-9.9635649218809616e-06,-9.9640709818940633e-06,5.0606001310169119e-10,1.3265808276051228e-11,0
1537,-5.0328259615370594e-10,3.0646631125003446e-05,3.0654555663811704e-05,-7.9245388082585630e-09,5.5194885240019872e-11,0
1538,-3.6319006023207790e-10,1.4702496341769886e-05,1.4731489714824287e-05,-2.8993373054401171e-08,2.7538796143735106e-11,0
1539,-4.6352202692603509e-10,4.7501206691573719e-06,4.7747132246649614e-06,-2.4592555507589511e-08,2.8085873437059003e-11,0
1540,-1.0033196708210615e-10,-9.9523832864998989e-06,-9.9620010874051942e-06,9.6178009052953306e-09,2.8771031240868159e-11,0
1541,1.6581459051011936e-10,-6.9624678105448647e-06,-6.9572730897035866e-06,-5.1947208412780776e-09,1.4949385950259967e-11,0
1542,2.8894540905794183e-10,-1.8135088961146703e-04,-1.8134496692397473e-04,-5.9226874922989857e-09,3.0542040819142168e-11,0
1543,1.8200994041739975e-10,-1.7179595079859066e-06,-1.7137727261185439e-06,-4.1867818673627002e-09,1.7277203516282487e-11,0
1544,1.2313081851920438e-10,-1.7438839760265830e-04,-1.7438800854646842e-04,-3.8905618987951709e-10,5.7522256056077634e-12,0
1545,1.6195349902089087e-11,5.2445278243102255e-06,5.2438686756553399e-06,6.5914865488552198e-10,3.2188761781400224e-12,0
1546,-1.0693546864141643e-10,1.7963290712823016e-04,1.7963204578171513e-04,8.6134651502783009e-10,5.7591389256623788e-12,0
1547,2.0708329223068753e-10,-3.8119323729837729e-05,-3.8124669832067115e-05,5.3461022293861834e-09,1.7548085164520388e-11,0
1548,-1.3393140787852130e-10,-9.9602628112949090e-06,-9.9623449786031830e-06,2.0821673082739903e-09,3.0921833397683274e-11,0
1549,-1.5783217150623883e-10,-1.0016247228933350e-05,-9.9625634091132549e-06,-5.3683819820095471e-08,3.8051712682961673e-11,0
1550,-6.8896491985933242e-10,-1.8148244202831278e-04,-1.8148636016621900e-04,3.9181379062178025e-09,2.4222345377102792e-11,0
1551,-6.5688031836272759e-10,-1.1908820849650115e-05,-1.1948639950455866e-05,3.9819100805751380e-08,3.5440508872873790e-11,0
1552,6.1513429216646963e-11,-2.5871285098420793e-05,-2.5875730428526473e-05,4.4453301056794473e-09,2.9981171530180167e-11,0
1553,3.2084601541726032e-11,1.6957363153678826e-04,1.6953964892037180e-04,3.3982616416461170e-08,8.6267075042461050e-12,0
1554,-7.5047834859003442e-10,-1.5561101048002456e-04,-1.5561339777436656e-04,2.3872943420006048e-09,4.3750067111463761e-11,0
1555,-7.1839374701136253e-10,1.3962517454212467e-05,1.3933141350085781e-05,2.9376104126686289e-08,3.9778487672989147e-11,0
1556,-6.1882340324173882e-11,-3.3301202389762405e-05,-3.3284170659972870e-05,-1.7031729789534881e-08,2.6573089871809056e-11,0
1557,-4.0355752117646874e-11,-2.8056031692849995e-05,-2.8038739488888694e-05,-1.7292203961300672e-08,3.4008210538156599e-11,0
1558,2.1526588229895393e-11,5.2451705826470421e-06,5.2439189481652269e-06,1.2516344818151964e-09,1.2400460699640215e-11,0
1559,-6.2824263074685054e-10,-1.8149310726732829e-04,-1.8148554515950231e-04,-7.5621078259719126e-09,2.6192370599893149e-11,0
1560,5.5548008877702897e-11,-4.8417717082873367e-06,-4.8458818299036932e-06,4.1101216163565114e-09,1.3741344126458559e-12,0
1561,2.3366190108613477e-11,5.2463922520679411e-06,5.2439331678402521e-06,2.4590842276890168e-09,5.6474051640356161e-13,0
1562,-3.2181818757519321e-11,1.0088127413900396e-05,1.0091182492897928e-05,-3.0550789975319762e-09,1.9624652088074010e-12,0
1564,2.5818389600820135e-10,2.6371134664478213e-05,2.6337954684347641e-05,3.3179980130572422e-08,4.9587276637740450e-11,0
1565,6.8431950503405646e-11,-4.8391336535820971e-06,-4.8457857927881332e-06,6.6521392060361060e-09,9.0397891764238562e-12,0
1566,2.6967219883585007e-11,5.2467736034473439e-06,5.2439677408761001e-06,2.8058625712437655e-09,7.0148219326270230e-12,0
1567,-4.1464730604160507e-11,1.0085907629840598e-05,1.0091119437156460e-05,-5.2118073158616783e-09,1.2790479040214436e-11,0
1568,7.2562447095219498e-10,1.4756129709024221e-05,1.4743158596332913e-05,1.2971112691308428e-08,2.0473667957574568e-11,0
1569,-8.8329138166630375e-10,-1.8148257547135173e-04,-1.8148818687835415e-04,5.6114070024165623e-09,1.1010440573312507e-11,0
1570,-7.5277064098597107e-11,-2.5875608625203829e-05,-2.5877276837360039e-05,1.6682121562096178e-09,3.2431987592552914e-11,0
1571,-1.6089158536522805e-09,-1.9623867801001407e-04,-1.9622453751022432e-04,-1.4140499789757482e-08,2.0573352209513940e-11,0
1572,-8.0090153533701531e-10,-4.0631799578636982e-05,-4.0620885674366895e-05,-1.0913904270086418e-08,7.1412170660695432e-11,0
1573,-8.0801431757393282e-10,-1.5560686167908006e-04,-1.5561363721995638e-04,6.7755408763236439e-09,4.6566988379826293e-11,0
1574,1.9618596382386765e-10,2.6333411038210325e-05,2.6337267454730538e-05,-3.8564165202132836e-09,4.6295156312900066e-11,0
1575,-6.7692017746860135e-10,-1.8405431365430339e-06,-1.8574850286585142e-06,1.6941892115480368e-08,1.6927953338582810e-11,0
1576,-3.5618659455553328e-10,-4.0673745003619310e-05,-4.0615835076085271e-05,-5.7909927534039894e-08,6.7670545558277464e-11,0
1577,1.8967443800736143e-10,-3.3267537439816627e-05,-3.3282268471885454e-05,1.4731032068826468e-08,4.9053072429331770e-11,0
1580,4.2466878754339510e-10,-1.8134378379586311e-04,-1.8134271982873086e-04,-1.0639671322524701e-09,2.0451707144784274e-11,0
1581,-6.0569211242833714e-11,-2.5877693045094291e-05,-2.5877149172924674e-05,-5.4387216961765319e-10,6.5275470934151314e-11,0
1582,2.7362517242964571e-11,-3.3283931437067069e-05,-3.3284350155437389e-05,4.1871837031979501e-10,1.4060778920678160e-11,0
1583,2.4105146603543649e-10,-2.0765867634198274e-04,-2.0766749952616967e-04,8.8231841869300647e-09,1.6797498619074200e-11,0
1584,9.9558191976220515e-11,-3.8129560299421470e-05,-3.8127644669584706e-05,-1.9156298367641348e-09,1.5618759745666136e-11,0
1585,5.4203490569430354e-11,-2.8038550881831666e-05,-2.8038870867997373e-05,3.1998616570769688e-10,1.3699285273321082e-11,0
1586,2.1368894880766461e-10,-1.7437475832233866e-04,-1.7438583137658784e-04,1.1073054249184037e-08,1.1552912133640990e-11,0
1587,7.2195674739944456e-11,-4.8456194366363822e-06,-4.8459058006853381e-06,2.8636404895586096e-10,1.1266878673825026e-11,0
1588,2.6840973327438435e-11,5.2453702147538944e-06,5.2439478675089355e-06,1.4223472449589232e-09,5.9135665600536536e-12,0
1589,-1.4149327402050807e-10,1.6952911679829399e-04,1.6953655157359639e-04,-7.4347753024049147e-09,1.0006673729997671e-11,0
1590,-1.8684797540898075e-10,1.7962011624217053e-04,1.7962994162472830e-04,-9.8253825577714667e-09,1.1261534486273904e-11,0
1591,-4.5354701405792174e-11,1.0090967282533076e-05,1.0091214068731646e-05,-2.4678619856962291e-10,9.6951587475624891e-12,0
1592,-2.3916784360303761e-10,-9.9633917495730879e-06,-9.9632348330827206e-06,-1.5691649036728410e-10,1.7002263972281602e-11,0
1593,-1.5431272602852015e-11,-2.5875072783817241e-05,-2.5876663703295110e-05,1.5909194778687794e-09,8.5898003796121337e-11,0
1594,2.3890597550453313e-11,5.2452002230919800e-06,5.2439087016806621e-06,1.2915214113178679e-09,1.5699159220170978e-11,0
1595,1.2230295394575053e-09,-2.6188601643853133e-05,-2.6178007622785042e-05,-1.0594021068091039e-08,9.2170100919235678e-12,0
1596,8.7383379743429382e-10,-1.1458203252384322e-05,-1.1429294103457706e-05,-2.8909148926615496e-08,1.1928392992380186e-11,0
1597,1.0806531475012255e-09,-5.2067595820321291e-05,-5.2040099880215545e-05,-2.7495940105746390e-08,3.3119090174003280e-11,0
1598,5.8168105106608601e-10,-2.1421530047884690e-05,-2.1399952513722928e-05,-2.1577534161762077e-08,1.0422701983125501e-11,0
1599,-3.4919574190390470e-10,1.4730422763608968e-05,1.4730753245365112e-05,-3.3048175614435469e-10,1.5282254797659658e-11,0
1600,-1.4237639189815418e-10,-2.5878925350012773e-05,-2.5878088585840884e-05,-8.3676417188840958e-10,2.5213857210475315e-11,0
1601,-6.4134848811198585e-10,4.7670668319663156e-06,4.7721224736590875e-06,-5.0556416927718202e-09,1.5508903356889780e-11,0
1602,2.0681934983732818e-10,-4.0609387072797903e-05,-4.0609279439602151e-05,-1.0763319575212869e-10,8.0722224138073335e-11,0
1603,-2.9215274577835488e-10,-9.9633590278011813e-06,-9.9637465152949770e-06,3.8748749379570566e-10,1.5422156067071963e-11,0
1604,-4.9897209601713769e-10,3.0645971340136947e-05,3.0653830342110519e-05,-7.8590019735714058e-09,6.8720732500534568e-11,0
1605,1.9383238536351775e-10,-1.7438357233720645e-04,-1.7438565576991311e-04,2.0834327066571266e-09,1.5266390674241958e-11,0
1606,5.9398983041812142e-11,-4.8474149523768106e-06,-4.8461622357621719e-06,-1.2527166146387579e-09,1.4125434066121613e-11,0
1607,2.1706000235316437e-11,5.2449875701742713e-06,5.2438778586052260e-06,1.1097115690452558e-09,8.8169111833226613e-12,0
1608,-1.3443340227509999e-10,1.6953614999286500e-04,1.6953613149959813e-04,1.8493266867956187e-11,2.0691061654542193e-11,0
1609,-1.7212638506115264e-10,1.7962855578784222e-04,1.7962969392531667e-04,-1.1381374744566519e-09,1.2629025555105964e-11,0
1610,-3.7692982804353882e-11,1.0092414977194166e-05,1.0091396595950225e-05,1.0183812439405607e-09,1.2712397415001751e-11,0
1611,-3.6561429422412903e-10,1.4714112623474655e-05,1.4730476165506770e-05,-1.6363542032114890e-08,2.4476264308365301e-11,0
1612,-4.4678343938287824e-10,4.7587951453450725e-06,4.7742130950868596e-06,-1.5417949741787078e-08,2.6344144981128486e-11,0
1613,-8.1169145570293864e-11,-9.9552947278053888e-06,-9.9613672052056634e-06,6.0724774002745641e-09,2.5980177473336146e-11,0
1614,6.1696578091136362e-11,-3.3283380341185033e-05,-3.3284700847675035e-05,1.3205064900025749e-09,1.7273800219445257e-11,0
1615,3.1167084043313027e-10,-2.0765677719324430e-04,-2.0766691460948552e-04,1.0137416241222602e-08,3.3283832520233018e-11,0
1616,1.4610011918632234e-10,-3.8129109046056500e-05,-3.8128007630810912e-05,-1.1014152455883367e-09,3.0606646552597718e-11,0
1617,9.1760837908773049e-11,-2.8038063057601002e-05,-2.8039192583531726e-05,1.1295259307241782e-09,1.6477092182683636e-11,0
1618,2.4997426234044883e-10,-1.7437336331230929e-04,-1.7438486189473047e-04,1.1498582421182006e-08,1.1966457146206379e-11,0
1619,8.4403541092205160e-11,-4.8456869869767036e-06,-4.8459347459728603e-06,2.4775899615673614e-10,1.2338151690813192e-11,0
1620,3.0064259816310458e-11,5.2453084480376952e-06,5.2439648328221704e-06,1.3436152155248021e-09,6.5949632075221315e-12,0
1621,-1.6557072126413539e-10,1.6952768273353902e-04,1.6953557030275541e-04,-7.8875692163945469e-09,1.7031245518537806e-11,0
1622,-2.1991000253679155e-10,1.7961865801270280e-04,1.7962898612091613e-04,-1.0328108213336715e-08,5.8573221990781904e-12,0
1623,-5.4339281277250205e-11,1.0090983687367164e-05,1.0091254390008308e-05,-2.7070264114342508e-10,9.8041696371401001e-12,0
1624,-1.2058412641175498e-10,-9.9602540322918853e-06,-9.9617755600271579e-06,1.5215277352726244e-09,3.1448284178156903e-11,0
1625,-4.7304821440258177e-10,-2.5876318223843253e-05,-2.5881780778002525e-05,5.4625541592723671e-09,7.0493307916234964e-11,0
1626,1.9105722070298622e-10,-3.8122667731477558e-05,-3.8127747926324412e-05,5.0801948468543346e-09,2.1356038947412628e-11,0
1627,-1.8061403954036059e-10,-9.9965677681527684e-06,-9.9624044788991357e-06,-3.4163289253632742e-08,1.9747209968522493e-11,0
1629,1.9567844585857950e-10,-6.9620684925296872e-06,-6.9573788122679211e-06,-4.6896802617661900e-09,1.6438432329802532e-11,0
1631,2.0955766063223143e-10,-1.7179344856056884e-06,-1.7140442700416875e-06,-3.8902155640009671e-09,1.8549433572926255e-11,0
1632,9.8338199339960653e-11,-1.7438763802248339e-04,-1.7438614076544241e-04,-1.4972570409790397e-09,5.5599912223180651e-12,0
1633,1.3879214770156363e-11,5.2441338659258915e-06,5.2437721298758326e-06,3.6173605005894118e-10,3.2259666939234480e-12,0
1634,-8.4458984620027788e-11,1.7963176817957678e-04,1.7963007017187614e-04,1.6980077006457407e-09,5.7522876095747862e-12,0
1635,-1.0767205650649830e-10,-2.5889263972520785e-05,-2.5877751659118075e-05,-1.1512313402709852e-08,7.2182983726321330e-11,0
1636,-1.6073992203139052e-10,-1.0011462954515743e-05,-9.9621191349554922e-06,-4.9343819560250806e-08,5.0290955133701077e-11,0
1637,-6.2244892066785922e-10,-1.8147857537045625e-04,-1.8148385251517772e-04,5.2771447214762686e-09,2.3059836168160459e-11,0
1638,-5.5641225226045449e-10,-1.1902689097963853e-05,-1.1948834275928434e-05,4.6145177964580951e-08,2.8582069061292421e-11,0
1639,7.6894381390230940e-11,-2.5872836178721884e-05,-2.5875722856466584e-05,2.8866777446997843e-09,2.6022353423473550e-11,0
1640,6.6036668478200364e-11,1.6957591089330863e-04,1.6953733018356602e-04,3.8580709742610034e-08,8.4602395023890576e-12,0
1641,-6.9934330157583149e-10,-1.5560571694010094e-04,-1.5561067672754117e-04,4.9597874402342382e-09,4.3984487576303252e-11,0
1642,-6.3330663310268607e-10,1.3970161462937072e-05,1.3933272222009839e-05,3.6889240927233789e-08,4.5601795891507604e-11,0
1644,-8.0389619228460665e-10,-4.0630609088491282e-05,-4.0619959573083507e-05,-1.0649515407774889e-08,7.1699400555849653e-11,0
1645,8.1997492122587379e-11,2.6297370661829134e-05,2.6336001707681881e-05,-3.8631045852747668e-08,5.3842614774168295e-11,0
1646,-6.0052598950190659e-10,-1.8148899425327655e-04,-1.8148340957844814e-04,-5.5846748284063639e-09,1.9993170006305237e-11,0
1652,-8.3349172194614453e-10,-7.1015154353391841e-06,-7.1006394902580225e-06,-8.7594508116158498e-10,7.2481247362966060e-12,0
1653,-7.7335991939363676e-10,-1.1950185986056572e-05,-1.1951558231286869e-05,1.3722452302969385e-09,1.3534818036092625e-11,0
1654,-8.4441017551545066e-11,-2.5878037185013327e-05,-2.5877550967143501e-05,-4.8621786982630099e-10,1.9504361513390983e-11,0
1655,-8.1409237295868519e-10,-1.8570928542963744e-06,-1.8598651671583261e-06,2.7723128619516725e-09,7.2094349568373808e-12,0
1656,6.0131802605934520e-11,-4.8486511689603377e-06,-4.8465406636724297e-06,-2.1105052879080233e-09,3.7743486292567643e-12,0
1657,1.9399349001302959e-11,5.2444369748737719e-06,5.2438081347771050e-06,6.2884009666684150e-10,1.8773553308347153e-12,0
1658,-4.0732453614521239e-11,1.0093075175768036e-05,1.0091692147230046e-05,1.3830285379899611e-09,3.0146392021323679e-12,0
1659,-7.4905070426224025e-10,1.8776535407820372e-05,1.8781653170977004e-05,-5.1177631566319765e-09,2.5193216266206959e-11,0
1660,-7.2965135527111951e-10,2.4021031603358323e-05,2.4023633642997146e-05,-2.6020396388221588e-09,2.6134059128974533e-11,0
1661,-2.3514762713081951e-10,-9.9630336845566488e-06,-9.9627902878307282e-06,-2.4339672592067394e-10,1.7078548122047536e-11,0
1662,4.0577441536153641e-10,-1.8134954503452343e-04,-1.8134150719127665e-04,-8.0378432467829650e-09,2.2867279188857461e-11,0
1663,-7.5838021213860426e-10,-7.1055702273673665e-06,-7.0999123599580536e-06,-5.6578674093129527e-09,9.7572734241174815e-12,0
1664,-6.0299197852684937e-10,-1.8149056016531807e-04,-1.8148302359221818e-04,-7.5365730998913725e-09,1.6908847251829434e-11,0
1665,-7.2103038406869213e-10,-1.1954436558879108e-05,-1.1951112109635965e-05,-3.3244492431438761e-09,1.5480499244446910e-11,0
1666,-7.4491843260967789e-10,-1.8610700603608615e-06,-1.8591910824123104e-06,-1.8789779485511256e-09,9.1901574431585845e-12,0
1667,1.5538823393349555e-10,-1.7438499793198843e-04,-1.7438452786990827e-04,-4.7006208016178545e-10,9.7461199653774165e-12,0
1668,3.7349828188030422e-11,-4.8488581319574252e-06,-4.8468566536287546e-06,-2.0014783286706006e-09,9.1610689292526531e-12,0
1669,1.3461779563328025e-11,5.2444925843291804e-06,5.2437350697411660e-06,7.5751458801439779e-10,5.0646338095866462e-12,0
1670,-1.1803840578556137e-10,1.6953612359647981e-04,1.6953435618166846e-04,1.7674148113469047e-09,1.5365232913386017e-11,0
1671,-1.4192645442353607e-10,1.7962948544611793e-04,1.7962841505278531e-04,1.0703933326174954e-09,9.9737700851992628e-12,0
1672,-2.3888048640384398e-11,1.0093349576522866e-05,1.0091932912919237e-05,1.4166636036292291e-09,7.7649212734677424e-12,0
1673,2.3793764983660782e-10,2.6347597860592112e-05,2.6337730260411002e-05,9.8676001811099355e-09,3.2133289308634834e-11,0
1674,-3.6903850799542822e-10,1.4718799889777180e-05,1.4729550061627583e-05,-1.0750171850403025e-08,1.7197085687378342e-11,0
1675,9.8149587724780402e-11,-2.5846086271010243e-05,-2.5875558461090410e-05,2.9472190080167025e-08,4.0672852797169154e-11,0
1676,-4.3351399280383583e-10,4.7621403917140481e-06,4.7737429825046351e-06,-1.1602590790586986e-08,1.6088543393050819e-11,0
1677,4.6718809668362130e-10,-4.0564929082659643e-05,-4.0605520848831582e-05,4.0591766171939293e-08,6.7887276306693150e-11,0
1678,-6.4475485251963962e-11,-9.9566446673691675e-06,-9.9608027808703466e-06,4.1581135011791142e-09,1.8818288087309191e-11,0
1679,-5.3166357994320684e-10,3.0608190112933753e-05,3.0652712855268457e-05,-4.4522742334704088e-08,6.0856318868116687e-11,0
1680,3.1181444428540674e-11,-1.7438968249610786e-04,-1.7438569303689110e-04,-3.9894592167560167e-09,1.7650087999606172e-11,0
1681,-8.5993121861454066e-12,-4.8514608163943186e-06,-4.8474272693856330e-06,-4.0335470086856010e-09,1.6577584113702884e-11,0
1682,-1.1097243488360980e-13,5.2431739230372580e-06,5.2435776193855316e-06,-4.0369634827357463e-10,1.0094623980855483e-11,0
1683,-3.9780756871693567e-11,1.6953818758935583e-04,1.6953495713336767e-04,3.2304559881616256e-09,2.5270687131190670e-11,0
1684,-3.1292417201568627e-11,1.7963280707585308e-04,1.7962942165495428e-04,3.3854208988026366e-09,1.2024916463921423e-11,0
1685,8.4883397161296205e-12,1.0094629646642539e-05,1.0092343993119923e-05,2.2856535226162679e-09,1.5137743878131211e-11,0
1686,1.2977474945792011e-09,-2.6185226869490500e-05,-2.6178756404981035e-05,-6.4704645094651914e-09,1.6102171802974869e-11,0
1687,9.6555276603749589e-10,-1.1457416335901825e-05,-1.1431318534855886e-05,-2.6097801045939275e-08,1.9540611293202726e-11,0
1688,1.1585492881609528e-09,-5.2065898683316576e-05,-5.2042247772967271e-05,-2.3650910349304842e-08,5.5604001376074457e-11,0
1689,6.6593584180765243e-10,-2.1420695193572273e-05,-2.1401860903758367e-05,-1.8834289813905394e-08,1.6051879314307764e-11,0
1690,-3.3219472857791641e-10,1.4727829476940228e-05,1.4729870958941277e-05,-2.0414820010491162e-09,2.5622211857012934e-11,0
1691,-1.3919820643758938e-10,-2.5880503312966652e-05,-2.5878201501637098e-05,-2.3018113295541218e-09,4.5188933943293085e-11,0
1692,-6.3181165285521026e-10,4.7645711923893774e-06,4.7714840984861568e-06,-6.9129060967793444e-09,2.6001815963599095e-11,0
1693,1.9299652197978272e-10,-4.0608485437979014e-05,-4.0608482536635542e-05,-2.9013434721131964e-12,8.3395630316501173e-11,0
1694,-2.9961692386114383e-10,-9.9632354573784068e-06,-9.9633718787205998e-06,1.3642134219293356e-10,1.5490745183437159e-11,0
1695,-4.9261344620040467e-10,3.0644982353978355e-05,3.0653078511715805e-05,-8.0961577374500803e-09,7.1467995520011266e-11,0
1696,4.4676307227978262e-11,-4.8409014514908064e-06,-4.8469074346994042e-06,6.0059832085977705e-09,1.3779106684975044e-12,0
1697,2.0288610394811523e-11,5.2470633271389962e-06,5.2437956658361743e-06,3.2676613028218368e-09,6.8844443765401925e-13,0
1698,-2.4387696828591088e-11,1.0087940571972833e-05,1.0092039798884377e-05,-4.0992269115438650e-09,1.4581828185134625e-12,0
1699,1.4329573955970239e-09,-2.6185579529693434e-05,-2.6177438276909875e-05,-8.1412527835589526e-09,5.1023019740903219e-11,0
1700,1.9725069580903502e-10,-1.7437229906687966e-04,-1.7438340890941277e-04,1.1109842533110368e-08,1.2840346625575860e-11,0
1701,6.6851418861539755e-11,-4.8464436491041894e-06,-4.8467192861272866e-06,2.7563702309716114e-10,1.2268963018382896e-11,0
1702,2.5811476639191561e-11,5.2452295208533541e-06,5.2438502992449925e-06,1.3792216083615186e-09,6.3166919323568375e-12,0
1703,-1.3039927688076957e-10,1.6952586734813972e-04,1.6953339439606480e-04,-7.5270479250801482e-09,2.0670028233037692e-11,0
1704,-1.7143921907219650e-10,1.7961752946329089e-04,1.7962740787291960e-04,-9.8784096287055784e-09,9.4500054535726111e-12,0
1705,-4.1039942213506813e-11,1.0091664263895675e-05,1.0091904321905417e-05,-2.4005800974242022e-10,1.1205540018220437e-11,0
1707,-4.8905263738417062e-10,-2.5876884726989052e-05,-2.5882125298571009e-05,5.2405715819568114e-09,5.1803426969631989e-11,0
1708,4.4766543469190195e-10,-3.8125738921410135e-05,-3.8128325833259968e-05,2.5869118498334930e-09,5.5935483842765490e-11,0
1709,2.1928249997238738e-10,-6.9614319750757082e-06,-6.9575197177241616e-06,-3.9122573515465935e-09,1.6479590542762042e-11,0
1710,2.9294867302290469e-10,-1.8134865423266502e-04,-1.8134186647917943e-04,-6.7877534855841082e-09,3.3876863742713351e-11,0
1711,2.3074502636428475e-10,-1.7177199934108496e-06,-1.7143411355491142e-06,-3.3788578617354316e-09,1.9390740394983545e-11,0
1712,7.3666172993112310e-11,-1.7438724041064909e-04,-1.7438443944921617e-04,-2.8009614329250945e-09,5.6876319423816625e-12,0
1713,1.1462526386311539e-11,5.2436930113739714e-06,5.2436800199640284e-06,1.2991409942990969e-11,3.3321944338940042e-12,0
1714,-6.2203646686786724e-11,1.7963091852297259e-04,1.7962826634635530e-04,2.6521766172940466e-09,5.2309435952800416e-12,0
1715,-2.0107235099830498e-10,-9.9776069697708747e-06,-9.9621182519581934e-06,-1.5488717812681254e-08,2.4910991928181590e-11,0
1716,-9.6652858706808096e-10,-7.0884126591053837e-06,-7.1028572048733795e-06,1.4444545767995812e-08,6.2026991597463922e-12,0
1717,-9.1776752332494330e-10,-1.8147950637597068e-04,-1.8148541681643559e-04,5.9104404649050306e-09,1.5946138473344755e-11,0
1718,-9.8853311685259466e-10,-1.1941849928746862e-05,-1.1954887043961214e-05,1.3037115214352467e-08,8.9003907199095368e-12,0
1719,-5.3461609348958608e-11,-2.5876405294703324e-05,-2.5877325112817320e-05,9.1981811399619463e-10,3.4690807526964915e-11,0
1720,-9.7543058528694837e-10,-1.8464892542965905e-06,-1.8623066153131677e-06,1.5817361016577177e-08,5.4548156912277584e-12,0
1721,4.8761062577050948e-11,-1.7439110146885099e-04,-1.7438438492127723e-04,-6.7165475737575309e-09,7.6826991406207205e-12,0
1722,-2.2004530188018143e-11,-4.8534343036663562e-06,-4.8478982300378068e-06,-5.5360736285493524e-09,4.7962960983733209e-12,0
1723,-8.9019983412376900e-12,5.2419291626227237e-06,5.2434433496842833e-06,-1.5141870615596146e-09,2.7843275613934152e-12,0
1724,-7.0765593341270591e-11,1.6953764261239037e-04,1.6953321172587249e-04,4.4308865178809519e-09,1.2861481278854239e-11,0
1725,-5.7663061696425363e-11,1.7963299279047384e-04,1.7962797340720499e-04,5.0193832688589114e-09,8.1221232653888112e-12,0
1726,1.3102531759589206e-11,1.0095356837274035e-05,1.0092669715176146e-05,2.6871220978887079e-09,3.9720446022178436e-12,0
1727,-9.1306697774775792e-10,1.8787948394768245e-05,1.8779422640087611e-05,8.5257546806333652e-09,2.6126163996348427e-11,0
1728,-8.6430591396614013e-10,-1.5560289524589686e-04,-1.5561042543310737e-04,7.5301872105154859e-09,6.4966395982432477e-11,0
1729,-9.3507150752028733e-10,1.3934644219058476e-05,1.3929142991540741e-05,5.5012275177350125e-09,6.2592982779524298e-11,0
1730,-9.2196897595775806e-10,2.4030013257479721e-05,2.4021132740507692e-05,8.8805169720288348e-09,3.2377890841956830e-11,0
1733,-8.5493969923027541e-10,-7.1033896038453365e-06,-7.1017432092790199e-06,-1.6463945663165540e-09,1.1379019603297896e-11,0
1734,-6.3805467647432312e-10,-1.8148597342773024e-04,-1.8148210495627965e-04,-3.8684714505907766e-09,3.7023759145218255e-11,0
1735,-8.3551830459402030e-10,-1.8589432113384416e-06,-1.8608637758622014e-06,1.9205645237598462e-09,9.1800914310063551e-12,0
1737,1.9421394661757993e-11,5.2444259609935344e-06,5.2437488565461199e-06,6.7710444741445617e-10,3.0589974161872318e-12,0
1738,-1.9746362829549671e-10,1.7962709690013605e-04,1.7962615850300901e-04,9.3839712703939343e-10,1.5542573190266803e-11,0
1739,-2.0779079369520903e-09,-4.0616873197228329e-05,-4.0633008005301360e-05,1.6134808073030966e-08,5.9860171684069877e-11,0
1740,3.7852719010357581e-10,-9.9534449270136799e-06,-9.9555434505569306e-06,2.0985235432507097e-09,3.3612886907694987e-11,0
1742,3.8047067496655480e-10,-1.8136724648670582e-04,-1.8134032470355348e-04,-2.6921783152333411e-08,2.4509652502284503e-11,0
1743,-7.5460388574714840e-10,-7.1069119055838098e-06,-7.1007202037623891e-06,-6.1917018214206900e-09,9.9377039090268033e-12,0
1744,-7.2187741479356855e-10,-1.1956304965079698e-05,-1.1952200644328097e-05,-4.1043207516003831e-09,1.5437939054522628e-11,0
1745,-7.4208968701434765e-10,-1.8624853369998001e-06,-1.8599065342769694e-06,-2.5788027228307683e-09,8.5285498319249258e-12,0
1746,3.2726471100001779e-11,-4.8493944927526129e-06,-4.8474191939119055e-06,-1.9752988407074228e-09,9.1047575364864403e-12,0
1747,1.2514198778996953e-11,5.2444476808141379e-06,5.2436661618528494e-06,7.8151896128851860e-10,5.3116318374166635e-12,0
1748,-2.0212272333844215e-11,1.0093811874032493e-05,1.0092409148080454e-05,1.4027259520389180e-09,8.1609795629075613e-12,0
1749,-3.8358659415859457e-10,-4.0646575006578894e-05,-4.0614086306997777e-05,-3.2488699581116999e-08,6.8236683497097426e-11,0
1750,2.6673616498287289e-10,2.6371329074927757e-05,2.6338049483840556e-05,3.3279591087201555e-08,4.1943283082838960e-11,0
1751,-1.1010907485477676e-09,-7.0932670132896336e-06,-7.1046934908744267e-06,1.1426477584793051e-08,2.4393747340174289e-11,0
1752,-8.5081877135500453e-10,-1.8147887172732281e-04,-1.8148408217798554e-04,5.2104506627261710e-09,3.4157607213366996e-11,0
1753,-1.0456191368608738e-09,-1.1944096781635067e-05,-1.1955957607465171e-05,1.1860825830104494e-08,4.5278073385889020e-11,0
1754,-1.0854809477727899e-09,-1.8499112007016455e-06,-1.8638294528786694e-06,1.3918252177023871e-08,3.0877238258719900e-11,0
1755,2.5027197677799781e-10,-1.7438566131724401e-04,-1.7438143494238759e-04,-4.2263748564232151e-09,1.2342696250954912e-11,0
1756,5.5471611493172044e-11,-4.8508766856906593e-06,-4.8472468464421646e-06,-3.6298392484946762e-09,1.3155296568522421e-11,0
1757,1.5609800719725123e-11,5.2433329629054471e-06,5.2436913630129939e-06,-3.5840010754682446e-10,8.2679387917046032e-12,0
1758,-1.9480036542359739e-10,1.6953476275736621e-04,1.6953093479373177e-04,3.8279636344409895e-09,1.9858723891713563e-11,0
1759,-2.3466217628243178e-10,1.7962895478043205e-04,1.7962526766964842e-04,3.6871107836279789e-09,1.4135529438954077e-11,0
1760,-3.9861810818851663e-11,1.0094198502583391e-05,1.0092259287308510e-05,1.9392152748812371e-09,1.2967516495974400e-11,0
1761,4.8054419841362441e-10,-4.0583045382553903e-05,-4.0604435514613840e-05,2.1390132059936591e-08,7.1215999863378021e-11,0
1762,1.5433687965470246e-12,-1.7438800117991309e-04,-1.7438392655189580e-04,-4.0746280172891756e-09,1.7527588596209497e-11,0
1763,-1.8417683070725470e-11,-4.8522485187043815e-06,-4.8481427635220548e-06,-4.1057551823267091e-09,1.7264789411332406e-11,0
1764,-3.0166916216817875e-12,5.2430171740083537e-06,5.2434761122473256e-06,-4.5893823897187456e-10,1.0286025834384907e-11,0
1765,-1.9961052135723250e-11,1.6953573054215212e-04,1.6953253851515772e-04,3.1920269943962534e-09,2.3758491644934011e-11,0
1766,-4.5600607673719879e-12,1.7963096879329826e-04,1.7962754263037495e-04,3.4261629233028369e-09,1.5593303888469069e-11,0
1767,1.5400991409906415e-11,1.0095214924425375e-05,1.0092937337868518e-05,2.2775865568570050e-09,1.4154917471863457e-11,0
1768,5.3633238718832168e-11,-2.5866621959388329e-05,-2.5876216454379361e-05,9.5944949910323782e-09,5.4785807085173381e-11,0
1769,1.6375322689704477e-10,-1.7437993088655242e-04,-1.7438186928549600e-04,1.9383989435816686e-09,1.5975881518091519e-11,0
1770,4.9597272898361938e-11,-4.8487312855237863e-06,-4.8474638988597959e-06,-1.2673866639903496e-09,1.5863340234106670e-11,0
1771,1.9685056510711884e-11,5.2447594732817689e-06,5.2437191804947545e-06,1.0402927870144311e-09,8.9661265315618282e-12,0
1772,-1.1415595393628977e-10,1.6953124233368838e-04,1.6953116795305972e-04,7.4380628663651277e-11,2.5999615831611035e-11,0
1773,-1.4406817029924860e-10,1.7962466811619927e-04,1.7962572706718482e-04,-1.0589509855476499e-09,1.4407124823129472e-11,0
1774,-2.9912216382336227e-11,1.0093499585503906e-05,1.0092498987392222e-05,1.0005981116841737e-09,1.5786460593393942e-11,0
1775,-9.1545007133592399e-11,-9.9591816848623900e-06,-9.9605268526337782e-06,1.3451677713881803e-09,3.0681258698336970e-11,0
1776,3.5690732384093858e-11,2.6317039702383402e-05,2.6335488410292063e-05,-1.8448707908660819e-08,2.1769727640648208e-11,0
1777,3.6481209676484267e-11,-2.5873944783108777e-05,-2.5876433653924870e-05,2.4888708160934227e-09,4.5828327452633711e-11,0
1778,1.8316206051583344e-10,-1.7437652832130984e-04,-1.7438146380199926e-04,4.9354806894218260e-09,1.1948948220174504e-11,0
1779,5.9716863465106579e-11,-4.8480783629298654e-06,-4.8474068440159278e-06,-6.7151891393761099e-10,1.8685645539793555e-11,0
1780,2.3467030679061370e-11,5.2449494158612019e-06,5.2437548065552558e-06,1.1946093059460932e-09,6.8007606880979290e-12,0
1781,-1.2344519697895372e-10,1.6952842867055864e-04,1.6953082528104780e-04,-2.3966104891652920e-09,3.1684066541539471e-11,0
1782,-1.5969502973174839e-10,1.7962147178829466e-04,1.7962535620739869e-04,-3.8844191040262287e-09,1.1134531033429485e-11,0
1783,-3.6249832775235658e-11,1.0093013012896831e-05,1.0092475683162454e-05,5.3732973437717064e-10,2.0495459028800173e-11,0
1784,-1.3098164501176851e-10,-9.9985178533424507e-06,-9.9609148450450691e-06,-3.7603008297381593e-08,3.4616818121625365e-11,0
1786,-1.0321882809049807e-10,-2.5881266787122510e-05,-2.5878015936834668e-05,-3.2508502878411108e-09,5.4850701882610283e-11,0
1787,3.9760424274080337e-10,-9.9532544131832740e-06,-9.9549829220554850e-06,1.7285088722109921e-09,1.9393269215869696e-11,0
1788,2.4124089214378339e-10,-6.9608532784260803e-06,-6.9577362990541508e-06,-3.1169793719295109e-09,1.7484776935081927e-11,0
1789,2.8500444222722100e-10,-1.8134819880421919e-04,-1.8134027964893668e-04,-7.9191552825139556e-09,3.0762370656412565e-11,0
1790,2.4965276986529777e-10,-1.7179040104902017e-06,-1.7147391339046187e-06,-3.1648765855829823e-09,1.6236767184217221e-11,0
1791,4.3763550018053482e-11,-1.7438733959764842e-04,-1.7438251435636769e-04,-4.8252412807286548e-09,5.5954566971624771e-12,0
1792,8.4118777108791067e-12,5.2429809491180788e-06,5.2435715629582493e-06,-5.9061384017047906e-10,3.3916165855995817e-12,0
1793,-3.5351672413981700e-11,1.7963030770624337e-04,1.7962622091337633e-04,4.0867928670373661e-09,4.8923195121069434e-12,0
1794,8.5942723529860588e-11,-3.8118129461094368e-05,-3.8135897451566417e-05,1.7767990472049126e-08,1.4950527413342053e-11,0
1795,-3.0558624640942027e-10,-9.9628049571726107e-06,-9.9627207866209719e-06,-8.4170551638859756e-11,1.8284820028781763e-11,0
1796,5.3693670224479147e-10,-2.6215878371742968e-05,-2.6189840453561797e-05,-2.6037918181170982e-08,4.9519768137474958e-11,0
1797,-3.3148482581065066e-10,-3.3321476816295867e-05,-3.3295513104187203e-05,-2.5963712108664078e-08,1.6265917171061685e-11,0
1798,-1.2717305673742941e-10,-2.0770216970635892e-04,-2.0767352547448165e-04,-2.8644231877270401e-08,2.2578757755938559e-11,0
1799,-2.7773705395388994e-10,-3.8171191466034038e-05,-3.8140462267021995e-05,-3.0729199012043238e-08,2.0175835156388064e-11,0
1801,-3.1252639656011679e-10,-2.8077119649538157e-05,-2.8050187540133038e-05,-2.6932109405118935e-08,1.4460511932395155e-11,0
1802,-8.6842152793108323e-10,-7.1055959808431074e-06,-7.1028761379476786e-06,-2.7198428954287800e-09,1.0846101576531721e-11,0
1804,-8.1467375597622514e-10,-1.1955243679176789e-05,-1.1954365047239916e-05,-8.7863193687217559e-10,1.7173076100673356e-11,0
1805,-6.6215009550983067e-11,-2.5879940108260256e-05,-2.5877641509224993e-05,-2.2985990352624721e-09,2.3240928161569032e-11,0
1806,-8.4946309865017466e-10,-1.8611961521853432e-06,-1.8618827401807469e-06,6.8658799540368075e-10,7.8765048514018480e-12,0
1808,5.3747772079348833e-11,-4.8496163864620743e-06,-4.8477243041302934e-06,-1.8920823317809072e-09,6.5606919039674546e-12,0
1809,1.8958429316025548e-11,5.2443935768376306e-06,5.2436761249250647e-06,7.1745191256591495e-10,3.0397302136169718e-12,0
1810,-1.5056399751880819e-10,1.6953095080634185e-04,1.6952943181865844e-04,1.5189876834110182e-09,1.1398101063039746e-11,0
1812,-3.4789342768001189e-11,1.0094003230030516e-05,1.0092705911091192e-05,1.2973189393240727e-09,4.6580925643590354e-12,0
1813,-8.0220651829948806e-10,1.8774300892595609e-05,1.8780037327969661e-05,-5.7364353740513730e-09,4.2620022012287164e-11,0
1814,-5.9789474890809363e-10,-1.5560612345778650e-04,-1.5560515802506310e-04,-9.6543272340302369e-10,4.0792032828422507e-11,0
1815,-7.4845874631028037e-10,1.3924678790871829e-05,1.3930338883045993e-05,-5.6600921741638196e-09,5.8018274577320080e-11,0
1816,-7.8324808900905430e-10,2.4018765012696203e-05,2.4022120790141213e-05,-3.3557774450106018e-09,3.2352905051831073e-11,0
1817,-1.9628324830626102e-10,-1.0006803439186612e-05,-9.9614403225493419e-06,-4.5363116637270378e-08,2.3385664032574212e-11,0
1818,1.4566034682007792e-10,2.6324492985852974e-05,2.6336707392496135e-05,-1.2214406643161881e-08,2.0496969534205184e-11,0
1819,-7.4079962515318160e-10,-7.1084987359540386e-06,-7.1015500711896292e-06,-6.9486647644093470e-09,1.0706765456722794e-11,0
1820,-6.1903070024119346e-10,-1.8148985635809203e-04,-1.8148005122847684e-04,-9.8051296151921603e-09,1.5431284382088877e-11,0
1821,-7.1443475172826521e-10,-1.1958528653894379e-05,-1.1953366432777666e-05,-5.1622211167131308e-09,1.6311356699643344e-11,0
1822,-7.2977468316406171e-10,-1.8641879236148962e-06,-1.8606338864806970e-06,-3.5540371341991175e-09,8.8774299173012358e-12,0
1823,1.2176892537308121e-10,-1.7438136835439726e-04,-1.7438109243737734e-04,-2.7591701991756812e-10,1.0116095114943793e-11,0
1824,2.6364873594876794e-11,-4.8500142053960107e-06,-4.8480811407242885e-06,-1.9330646717221299e-09,1.0385933921834629e-11,0
1825,1.1024942040245776e-11,5.2443347482651918e-06,5.2435820955021821e-06,7.5265276300964969e-10,5.8765065466790746e-12,0
1826,-9.5404051813797949e-11,1.6953134309087534e-04,1.6952981143273150e-04,1.5316581438492433e-09,1.4677559009194414e-11,0
1827,-1.1074398338254696e-10,1.7962568561931478e-04,1.7962480659241870e-04,8.7902689608568979e-10,8.9952429843541793e-12,0
1828,-1.5339931566413231e-11,1.0094339309571422e-05,1.0092966904508077e-05,1.3724050633456310e-09,8.4052723418731293e-12,0
1829,-5.2198300713329325e-10,3.0633858442527528e-05,3.0651211516079826e-05,-1.7353073552298049e-08,5.8806223335170120e-11,0
1830,1.6007748395940715e-11,2.6313597003873451e-05,2.6335270229958088e-05,-2.1673226084636602e-08,1.3270779633120917e-11,0
1831,5.2620466987370392e-10,1.4749122677048740e-05,1.4737300409437018e-05,1.1822267611722139e-08,3.2982814789136923e-11,0
1832,-1.1403659875253630e-09,-7.0953378941088913e-06,-7.1061406556754827e-06,1.0802761566591483e-08,1.6587757692454994e-11,0
1833,-8.9925016284511187e-10,-1.8147781188140551e-04,-1.8148287976316478e-04,5.0678817592659554e-09,2.7792041810718905e-11,0
1834,-1.1244308422568939e-09,-1.8518059335132647e-06,-1.8651504852834274e-06,1.3344551770162673e-08,1.9998996426099604e-11,0
1835,-1.6665706593773818e-09,-2.1844548792737846e-05,-2.1845679554567371e-05,1.1307618295247417e-09,6.0744664201511892e-11,0
1837,-1.6506355142032714e-09,-1.6600963508995106e-05,-1.6607773545453517e-05,6.8100364584109134e-09,7.1506793875594742e-11,0
1838,2.4111582440977148e-10,-1.7438251333008357e-04,-1.7437943390753976e-04,-3.0794225438113710e-09,8.7885594215361318e-12,0
1839,1.5935145240966231e-11,5.2435789820957099e-06,5.2436254227773867e-06,-4.6440681676770609e-11,5.3631925890804180e-12,0
1840,-2.2518067934957359e-10,1.7962607118629428e-04,1.7962318962255335e-04,2.8815637409290891e-09,9.7481447329344114e-12,0
1841,-4.0983729922149852e-10,1.3978086482851690e-05,1.3933893729288157e-05,4.4192753563532510e-08,4.9044412393471174e-11,0
1842,2.8207707117050011e-10,-2.1435957865544031e-05,-2.1411906615856277e-05,-2.4051249687753469e-08,3.2137834408594195e-11,0
1843,-9.3650727553903417e-10,1.3933094440774473e-05,1.3927977315749974e-05,5.1171250244982398e-09,5.6099635812399620e-11,0
1844,-4.9749832716660309e-11,1.4708605971913268e-05,1.4730759708333036e-05,-2.2153736419767793e-08,1.8960329791352458e-11,0
1845,-7.8915936551425613e-11,-1.7439510813523941e-04,-1.7438260068539121e-04,-1.2507449848199849e-08,2.1640163032554523e-11,0
1846,-4.1252565480149337e-11,-4.8591193994246620e-06,-4.8490380786070371e-06,-1.0081320817624935e-08,1.9757858653488548e-11,0
1847,-9.0937495712011794e-12,5.2393670751081384e-06,5.2433353924115647e-06,-3.9683173034262977e-09,1.1844829652408387e-11,0
1848,3.7663370814409386e-11,1.6953598440297857e-04,1.6953038440600864e-04,5.5999969699382576e-09,3.8475159539410781e-11,0
1849,6.9822186655494797e-11,1.7963444321774345e-04,1.7962606436533712e-04,8.3788524063324425e-09,2.4837801281882818e-11,0
1850,3.2158815878321716e-11,1.0098471260396209e-05,1.0093670081698827e-05,4.8011786973818941e-09,2.0258833667187976e-11,0
1851,-7.7955568239404108e-11,-9.9587724167101441e-06,-9.9599262006706132e-06,1.1537839604691268e-09,3.1910060047505783e-11,0
1852,2.0370049320972650e-11,-2.5876283571982716e-05,-2.5876754285473431e-05,4.7071349071434610e-10,7.2619609311310772e-11,0
1853,8.0733966744680323e-11,2.6321755577254566e-05,2.6335987701858928e-05,-1.4232124604362102e-08,2.3692512904302584e-11,0
1854,1.4272694769023686e-10,-1.7437804938490306e-04,-1.7437988211613486e-04,1.8327312318049301e-09,1.2681324866376627e-11,0
1855,4.2691965676929833e-11,-4.8495131220454169e-06,-4.8481833643266572e-06,-1.3297577187596984e-09,1.5127073089993878e-11,0
1856,1.7960975232503887e-11,5.2446255679455139e-06,5.2436266293365499e-06,9.9893860896399565e-10,7.2585398225769026e-12,0
1857,-1.0003498195504846e-10,1.6952851426408526e-04,1.6952852846641731e-04,-1.4202332045869584e-11,2.5307308016016893e-11,0
1858,-1.2476597237160339e-10,1.7962265558620679e-04,1.7962363565477893e-04,-9.8006857214257351e-10,1.2085967851070502e-11,0
1859,-2.4730990438248691e-11,1.0094119037185858e-05,1.0093104025604953e-05,1.0150115809053593e-09,1.5779858985996661e-11,0
1861,6.6270475941982093e-11,-2.5870666966422082e-05,-2.5876265130452285e-05,5.5981640302036142e-09,5.4652223419194220e-11,0
1862,-7.7805904580489596e-11,-3.3299308798910576e-05,-3.3294480097875107e-05,-4.8287010354688400e-09,3.3198102802869369e-11,0
1865,-5.5965298400754145e-11,-2.8054530691367166e-05,-2.8049139012360717e-05,-5.3916790064492822e-09,4.4387295673362013e-11,0
1866,1.6298847049444339e-10,-1.7437456976679248e-04,-1.7437943963131253e-04,4.8698645200499595e-09,1.5370750533274750e-11,0
1867,5.3096147603081360e-11,-4.8488046942895061e-06,-4.8481311324682788e-06,-6.7356182122720737e-10,1.7951075932580545e-11,0
1868,2.1840606192588627e-11,5.2447910311088398e-06,5.2436624266235316e-06,1.1286044853082443e-09,8.8858460138532322e-12,0
1869,-1.0989232281133335e-10,1.6952573685135881e-04,1.6952814480329247e-04,-2.4079519336589125e-09,2.8423712547227281e-11,0
1870,-1.4114786418719972e-10,1.7961934088139581e-04,1.7962322781981679e-04,-3.8869384209752958e-09,1.4543849977509964e-11,0
1871,-3.1255541400262399e-11,1.0093602139190153e-05,1.0093085444140939e-05,5.1669504921381462e-10,1.7819378544419479e-11,0
1872,2.0676929649849170e-09,1.4738599250036129e-05,1.4753803772672347e-05,-1.5204522636218698e-08,2.2688172893841482e-11,0
1873,-1.8998969856503621e-14,-2.5877113298590937e-05,-2.5877028053392186e-05,-8.5245198751151673e-11,3.0241597772192006e-11,0
1874,2.4931563818798156e-09,4.7850768059229387e-06,4.8042685353019967e-06,-1.9191729379057965e-08,1.3929036031737178e-11,0
1875,-2.0677119609315933e-09,-4.0615669221337990e-05,-4.0631173266127003e-05,1.5504044789012837e-08,7.5282410672360519e-11,0
1876,4.2546341870830725e-10,-9.9535569615854039e-06,-9.9541943676514191e-06,6.3740606601520489e-10,2.5018056959520069e-11,0
1877,2.4931753808517251e-09,3.0662224078740682e-05,3.0684125175107638e-05,-2.1901096366955329e-08,6.5257648228357776e-11,0
1878,-1.1355617156631197e-11,-3.3297430364902410e-05,-3.3294101888642797e-05,-3.3284762596130519e-09,2.0590174237835229e-11,0
1879,1.2284188582788631e-10,-2.0765209124287958e-04,-2.0767133247815369e-04,1.9241235274107841e-08,6.3966762589863301e-11,0
1880,3.5951135458447922e-11,-3.8143412629146160e-05,-3.8139553814427174e-05,-3.8588147189860984e-09,5.2944267777113497e-11,0
1881,9.5322835485584761e-12,-2.8052041537824160e-05,-2.8048774672782089e-05,-3.2668650420712914e-09,2.3766069525020364e-11,0
1882,1.3419750304759390e-10,-1.7435468058838843e-04,-1.7437948077151608e-04,2.4800183127656004e-08,1.9769901396676625e-11,0
1883,4.7306752638587215e-11,-4.8459735934192755e-06,-4.8482758075228995e-06,2.3022141036240504e-09,2.0567200688059014e-11,0
1884,2.0887900710766452e-11,5.2454177660856902e-06,5.2436426705931976e-06,1.7750954924925915e-09,1.1088481233428244e-11,0
1885,-8.6890750323905475e-11,1.6950863204954949e-04,1.6952804967616689e-04,-1.9417626617398466e-08,3.7058054681655154e-11,0
1886,-1.1330960221509096e-10,1.7960003993663497e-04,1.7962324774003135e-04,-2.3207803396380587e-08,2.0297071553932951e-11,0
1887,-2.6418851913320132e-11,1.0091393786187302e-05,1.0093207624026356e-05,-1.8138378390545684e-09,2.3851253331402125e-11,0
1888,-5.9012992961735918e-10,4.7498301662240311e-06,4.7699843977681387e-06,-2.0154231544107628e-08,2.1160734058115450e-11,0
1889,6.3279838603129737e-12,-3.3294003196009765e-05,-3.3294186758234904e-05,1.8356222513955366e-10,1.5589275847100856e-11,0
1890,2.1526350326119334e-10,-2.0766113379681005e-04,-2.0767038401713111e-04,9.2502203210588496e-09,2.8963553067665554e-11,0
1891,7.7456445749467246e-11,-3.8141823799118114e-05,-3.8139431317183380e-05,-2.3924819347333724e-09,3.4536325723224969e-11,0
1892,3.4211440506461908e-11,-2.8049020780614251e-05,-2.8048784592289873e-05,-2.3618832437804008e-10,1.3541543467297768e-11,0
1893,2.0893551941768450e-10,-1.7436717669312360e-04,-1.7437843443010540e-04,1.1257736981805421e-08,1.1238507633060878e-11,0
1894,7.1128461895038427e-11,-4.8478565089606421e-06,-4.8480748461529926e-06,2.1833719235052882e-10,1.3445238950965069e-11,0
1895,2.7883456649805013e-11,5.2449812696416659e-06,5.2437130070309986e-06,1.2682626106672975e-09,6.4852510427195968e-12,0
1896,-1.3780705746749391e-10,1.6951929906727087e-04,1.6952721088596463e-04,-7.9118186937664117e-09,2.0544769500061607e-11,0
1897,-1.8105206268410993e-10,1.7961213745736233e-04,1.7962227058763094e-04,-1.0133130268604124e-08,1.0982008580628136e-11,0
1898,-4.3245005236501785e-11,1.0092837522577072e-05,1.0093074852201517e-05,-2.3732962444518880e-10,1.0934578849417270e-11,0
1900,-5.5392790985916983e-11,-2.5881267019475709e-05,-2.5877673792319844e-05,-3.5932271558645980e-09,3.1932579040673630e-11,0
1901,-6.2683775183666758e-10,-1.5560535822826786e-04,-1.5560346579914419e-04,-1.8924291236713589e-09,5.9271737330353106e-11,0
1902,5.8781025848320525e-11,-3.3289999578624014e-05,-3.3293805503616642e-05,3.8059249926283454e-09,1.2829637269403492e-11,0
1903,1.2442492596960156e-10,-3.8133921275932368e-05,-3.8139151257230613e-05,5.2299812982443093e-09,2.7321649455963051e-11,0
1904,8.5621854508696672e-11,-2.8044208383009271e-05,-2.8048416743281018e-05,4.2083602717465289e-09,1.4930310870437029e-11,0
1905,6.5643900108192182e-11,-4.8439414964658936e-06,-4.8481806056333997e-06,4.2391091675060468e-09,1.3870715984952027e-11,0
1906,2.6840828656013015e-11,5.2457711873269645e-06,5.2436963135354950e-06,2.0748737914694516e-09,7.3957101548636171e-12,0
1907,-3.8803071440282584e-11,1.0089664736820728e-05,1.0093162388216975e-05,-3.4976513962472013e-09,1.4700380446436247e-11,0
1908,-2.1724529184084500e-11,-2.5880507139479760e-05,-2.5877311933563730e-05,-3.1952059160302384e-09,7.8950008786729220e-11,0
1909,-2.9897824574582529e-11,-3.3297744639152263e-05,-3.3294996727752210e-05,-2.7479114000526425e-09,1.5012609234399558e-11,0
1910,1.2207833333839718e-10,-2.0766503940788375e-04,-2.0767152746380512e-04,6.4880559213738916e-09,1.7557343077716042e-11,0
1911,2.2083330916342559e-11,-3.8145700314243507e-05,-3.8140535957911323e-05,-5.1643563321845639e-09,2.1541794518855468e-11,0
1912,-7.8015263017101237e-12,-2.8052765984529476e-05,-2.8049662482102618e-05,-3.1035024268574025e-09,1.4302453759368098e-11,0
1913,1.5197615799877047e-10,-1.7436731852654534e-04,-1.7437874898926410e-04,1.1430462718757615e-08,1.2984449455116626e-11,0
1914,5.1981155523408994e-11,-4.8479622154484758e-06,-4.8483788310578405e-06,4.1661560936466350e-10,1.3225434324461122e-11,0
1915,2.2096298285737928e-11,5.2449708499569111e-06,5.2436383783875855e-06,1.3324715693256148e-09,6.0899075069150223e-12,0
1916,-9.9995002387521542e-11,1.6951935545180506e-04,1.6952723104199605e-04,-7.8755901909840446e-09,1.5983112515556970e-11,0
1917,-1.2987985958839880e-10,1.7961227821491899e-04,1.7962250884976129e-04,-1.0230634842300869e-08,1.2008891314577199e-11,0
1918,-2.9884857225349671e-11,1.0092926486294758e-05,1.0093301086831709e-05,-3.7460053695049719e-10,1.1878796027847678e-11,0
1919,-3.9047118796273963e-10,1.4723314481825470e-05,1.4726125077539623e-05,-2.8105957141535926e-09,1.6318063926051370e-11,0
1920,1.1766247827520362e-10,-2.5871774286197451e-05,-2.5875783169522586e-05,4.0088833251348860e-09,2.8999853424987080e-11,0
1921,-4.0161338229308805e-10,4.7661050683826117e-06,4.7718815644372016e-06,-5.7764960545898813e-09,1.2960496527922244e-11,0
1922,5.0813366734515854e-10,-4.0594994701088558e-05,-4.0602238613972279e-05,7.2439128837210745e-09,5.4381586304267727e-11,0
1923,-1.1142194856192210e-11,-9.9572361809525077e-06,-9.9588500672657463e-06,1.6138863132385945e-09,1.9168536214031954e-11,0
1924,-5.1927586015849789e-10,3.0637811813120225e-05,3.0650402276692825e-05,-1.2590463572600540e-08,4.7216301593748315e-11,0
1925,1.7826831110338111e-11,5.2446707086315977e-06,5.2435848393312753e-06,1.0858693003224816e-09,1.5597704854443777e-11,0
1926,2.3668103454473066e-10,2.6336320704776171e-05,2.6337716331184404e-05,-1.3956264082331550e-09,1.9216543101150412e-11,0
1927,4.6835013239238097e-10,1.4748512806353128e-05,1.4735547029084438e-05,1.2965777268690256e-08,1.7711108796994730e-11,0
1928,-3.6359975846405700e-10,-1.8146884574453577e-04,-1.8147527029913700e-04,6.4245546012320093e-09,1.1439136183829928e-11,0
1929,-1.9183243576656145e-10,-1.1898903538073990e-05,-1.1949013924787908e-05,5.0110386713917419e-08,1.4290646658443375e-11,0
1930,1.1722235433174628e-10,-2.5875847568104966e-05,-2.5875801585239691e-05,-4.5982865274794490e-11,1.9989959615065459e-11,0
1931,-8.3194988815750723e-10,-1.9621740235192852e-04,-1.9620582576539136e-04,-1.1576586537152302e-08,7.1476359754394929e-11,0
1932,-6.6018256542937461e-10,-2.6647376072932646e-05,-2.6679460847180116e-05,3.2084774247469265e-08,4.7549023924356206e-11,0
1933,-3.5112777715646546e-10,-4.0624318992221048e-05,-4.0611676465411391e-05,-1.2642526809656762e-08,3.1962818231909872e-11,0
1934,1.7176732271201405e-10,1.6956994057903702e-04,1.6952980504598443e-04,4.0135533052587918e-08,6.9388960211508935e-12,0
1935,-4.8082211243236708e-10,-1.5559286561528558e-04,-1.5560130271212612e-04,8.4370968405375699e-09,2.6108840326555235e-11,0
1936,-3.0905478973113923e-10,1.3977019432037663e-05,1.3934245160057169e-05,4.2774271980493351e-08,2.3665164919737435e-11,0
1937,1.3199761143674589e-10,-3.3272640540647422e-05,-3.3293720351133474e-05,2.1079810486051989e-08,7.3699141586817737e-11,0
1939,2.8386620616524079e-11,5.2551403376367104e-06,5.2436948085586361e-06,1.1445529078074303e-08,1.4961146532236174e-11,0
1940,-2.5849132690299369e-10,-1.8146851243717912e-04,-1.8147399850487012e-04,5.4860676910041366e-09,9.2301087987540445e-12,0
1941,1.5994236511783344e-11,-3.3290460423133432e-05,-3.3295238674352348e-05,4.7782512189168585e-09,1.4270992048095015e-11,0
1942,3.5046945673579388e-11,-2.8037433085394115e-05,-2.8049945097425205e-05,1.2512012031089752e-08,1.6588540385882649e-11,0
1943,1.9052709160385821e-11,5.2530208443647393e-06,5.2435853800924350e-06,9.4354642723043310e-09,1.0481690543981197e-11,0
1944,-8.9789275778933311e-10,-1.5559785984073328e-04,-1.5560564976881510e-04,7.7899280818234315e-09,6.5195093865067950e-11,0
1945,-5.4817682411777880e-11,1.4719442094838445e-05,1.4729568026850424e-05,-1.0125932011978487e-08,1.4591400089230685e-11,0
1946,-6.3960424697731348e-11,-9.9584960853721241e-06,-9.9592866160247616e-06,7.9053065263741612e-10,3.4062064659826115e-11,0
1947,3.1497770131888378e-11,-2.5876460990441438e-05,-2.5876788044066323e-05,3.2705362488458798e-10,7.6023346721575994e-11,0
1948,1.2269845146689348e-10,-1.7437645726961926e-04,-1.7437823201220786e-04,1.7747425885936575e-09,1.5624390630296625e-11,0
1949,3.6091760143865562e-11,-4.8501866999101258e-06,-4.8487986399656683e-06,-1.3880599444575001e-09,2.0810541736042656e-11,0
1950,1.6187395550541366e-11,5.2444950515554735e-06,5.2435450446611831e-06,9.5000689429038495e-10,8.5787577144292267e-12,0
1951,-8.6606691263463405e-11,1.6952628723789376e-04,1.6952631970644383e-04,-3.2468550065353416e-11,3.0539921241963905e-11,0
1952,-1.0651105583245599e-10,1.7962095883442952e-04,1.7962189410753558e-04,-9.3527310605933701e-10,1.3068605666309489e-11,0
1953,-1.9904364590863825e-11,1.0094626527768456e-05,1.0093619270565494e-05,1.0072572029618356e-09,1.5728122450512061e-11,0
1954,1.2786186222604736e-10,2.6326417615634042e-05,2.6336510101307192e-05,-1.0092485673150498e-08,2.3155826643631379e-11,0
1955,-1.0947848530128126e-10,-9.9877182084713578e-06,-9.9597402533679866e-06,-2.7977955103371222e-08,3.3116110254756249e-11,0
1956,-1.1934852806968840e-10,-1.7439450203630275e-04,-1.7438067710725272e-04,-1.3824929050024800e-08,2.3709589185912035e-11,0
1957,-5.4751975681131931e-11,-4.8610958980647642e-06,-4.8498745146513112e-06,-1.1221383413453039e-08,2.1530327576769745e-11,0
1958,-1.3670914855274564e-11,5.2384874734356067e-06,5.2432062036271633e-06,-4.7187301915566109e-09,1.1828367804696332e-11,0
1959,6.4596552147681171e-11,1.6953342324145179e-04,1.6952769612260074e-04,5.7271188510480027e-09,4.3074973931549856e-11,0
1960,1.0567761291673556e-10,1.7963296403024180e-04,1.7962399910860454e-04,8.9649216372656142e-09,2.4030866702146233e-11,0
1961,4.1081060803097191e-11,1.0099587814432071e-05,1.0094353959908762e-05,5.2338545233085541e-09,2.3495443945609621e-11,0
1962,9.7455628005005478e-11,-2.5838086158459089e-05,-2.5876083135939401e-05,3.7996977480311557e-08,6.4676015129248325e-11,0
1963,1.0070280651141081e-10,2.6323794985490603e-05,2.6336209050823700e-05,-1.2414065333096307e-08,8.7666950286806130e-12,0
1964,-7.0723539001791399e-11,5.2221837425557149e-06,5.2425676195631634e-06,-2.0383877007448500e-08,6.4040022878062364e-13,0
1965,3.2391029699103227e-11,1.6954526196072493e-04,1.6952709154510656e-04,1.8170415618369660e-08,3.2485194601023385e-11,0
1966,4.5427112222830334e-10,-9.9536550711275956e-06,-9.9534050116806748e-06,-2.5005944692086204e-10,1.7187093637608248e-11,0
1967,4.9332846518863469e-10,-2.6209651480858104e-05,-2.6193335785012864e-05,-1.6315695845239809e-08,4.0119932674373598e-11,0
1969,-1.9844772745241686e-10,-2.0769756427477075e-04,-2.0767561201413500e-04,-2.1952260635747355e-08,2.1174069288352331e-11,0
1970,-3.2656004824051686e-10,-3.8171484487359991e-05,-3.8146761673495194e-05,-2.4722813864797358e-08,2.9118402379904094e-11,0
1971,4.4781336038103036e-10,-5.2091933355649482e-05,-5.2060939034473057e-05,-3.0994321176425362e-08,9.4365631801803123e-11,0
1972,-3.5267261187281712e-10,-2.8076408104576317e-05,-2.8055468018839109e-05,-2.0940085737208050e-08,1.6850649974726697e-11,0
1973,-8.6281354549996586e-10,-7.1111158480643977e-06,-7.1046025703966540e-06,-6.5132776677436529e-09,1.0020518777746071e-11,0
1975,-8.1988851339009348e-10,-1.1961809913987875e-05,-1.1956694414567285e-05,-5.1154994205905704e-09,2.2409508239056361e-11,0
1976,-4.5515104860108520e-11,-2.5882616603440257e-05,-2.5877695000381081e-05,-4.9216030591756922e-09,3.0364244503080107e-11,0
1977,-8.4600107706373292e-10,-1.8668264146707442e-06,-1.8634163683996040e-06,-3.4100462711401799e-09,6.9435116714831224e-12,0
1979,4.2925032326029628e-11,-4.8506858405621676e-06,-4.8489205219909096e-06,-1.7653185712579770e-09,8.4184636670152346e-12,0
1980,1.6812468499844039e-11,5.2442991717789361e-06,5.2435293987371499e-06,7.6977304178624961e-10,3.0382672710049000e-12,0
1981,-1.2811232115953186e-10,1.6952610014065719e-04,1.6952500016548854e-04,1.0999751686488046e-09,1.6833806688811499e-11,0
1982,-1.5422488496843270e-10,1.7962100257813999e-04,1.7962065656814148e-04,3.4600999851224466e-10,9.0518545499803058e-12,0
1983,-2.6112563830360101e-11,1.0094959913113849e-05,1.0093718782203977e-05,1.2411309098717799e-09,6.1747259978533354e-12,0
1984,-8.1729844062115809e-10,1.8771523237023913e-05,1.8778877198471771e-05,-7.3539614478579688e-09,4.0880044823211979e-11,0
1985,-6.4626108752729896e-10,-1.5560513289034766e-04,-1.5560195292798793e-04,-3.1799623597316903e-09,6.0680418323546074e-11,0
1986,-7.7437340846567693e-10,1.3921013940059249e-05,1.3928640923636939e-05,-7.6269835776899007e-09,7.9595281521469843e-11,0
1987,-8.0048597217077994e-10,2.4015865746200918e-05,2.4021041200669144e-05,-5.1754544682259141e-09,4.0360046627400071e-11,0
1988,1.5267296866091931e-10,-4.0601843155880103e-05,-4.0605431657418504e-05,3.5885015384012030e-09,8.7532107851374704e-11,0
1989,-3.0232501197574254e-10,-9.9648492575179354e-06,-9.9617180864814463e-06,-3.1311710364890295e-09,1.6279803764433445e-11,0
1990,-4.5499798083257381e-10,3.0636965750492282e-05,3.0650468145678710e-05,-1.3502395186427995e-08,8.5564345133414262e-11,0
1991,2.4511221552171484e-10,2.6332884088602678e-05,2.6337809788450971e-05,-4.9256998482932204e-09,1.7439520388265675e-11,0
1992,-6.9013498328012860e-10,-7.1117818086115225e-06,-7.1027848974025665e-06,-8.9969112089559929e-09,1.1444225704841948e-11,0
1993,-6.1131355929532770e-10,-1.8148968585259863e-04,-1.8147687769122598e-04,-1.2808161372647453e-08,1.2960177692113381e-11,0
1994,-6.7791135909537455e-10,-1.1963028146507945e-05,-1.1955243094036256e-05,-7.7850524716895037e-09,1.9041538147565789e-11,0
1995,-6.8285079514033791e-10,-1.8676687589189167e-06,-1.8616926376119224e-06,-5.9761213069942958e-09,8.8074656116919594e-12,0
1996,7.8821424568899709e-11,-1.7437788338660223e-04,-1.7437783554024694e-04,-4.7846355295724091e-11,1.0045632526664743e-11,0
1997,1.2223624398634560e-11,-4.8512263799529217e-06,-4.8493188573641373e-06,-1.9075225887843603e-09,1.3854219149073080e-11,0
1998,7.2841882096841012e-12,5.2441475042561570e-06,5.2434171530042186e-06,7.3035125193844571e-10,5.7216085146397440e-12,0
1999,-6.6597800204458282e-11,1.6952666072636466e-04,1.6952542971729253e-04,1.2310090721301750e-09,1.9592354522726538e-11,0
2000,-7.1537236404251941e-11,1.7962199941252218e-04,1.7962136509485816e-04,6.3431766401402488e-10,7.9559501924747962e-12,0
2001,-4.9394362044048527e-12,1.0095346464517670e-05,1.0094002897689980e-05,1.3435668276894173e-09,9.9496777889968338e-12,0
2002,-5.1827415929851375e-10,3.0639938507924860e-05,3.0649683139822547e-05,-9.7446318976862558e-09,5.1997219351330469e-11,0
2003,5.1839039104939967e-10,-2.6248665452578007e-05,-2.6193483184650177e-05,-5.5182267927830639e-08,3.7426882443393879e-11,0
2004,1.0780500895108370e-09,-1.1489181856977771e-05,-1.1441811315491293e-05,-4.7370541486477634e-08,6.6229707675198123e-11,0
2008,5.5965969646921225e-10,1.4759432724012478e-05,1.4735623480036779e-05,2.3809243975698370e-08,6.0096553183518755e-11,0
2009,-1.1704377965384217e-09,-7.0988348037138733e-06,-7.1082649990695939e-06,9.4301953557206100e-09,1.5824228026554845e-11,0
2010,-9.6027547207613504e-10,-1.8147643486529945e-04,-1.8148047753964404e-04,4.0426743445898250e-09,2.6863936861837091e-11,0
2011,-1.1557024036792359e-09,-1.8550653654034535e-06,-1.8670712440909772e-06,1.2005878687523715e-08,1.8936136857648887e-11,0
2012,-1.7300974944943225e-09,-2.1858471346209926e-05,-2.1846030351454559e-05,-1.2440994755367389e-08,7.6993840645759694e-11,0
2014,-1.7153621017529942e-09,-1.6614564869369894e-05,-1.6607965087558062e-05,-6.5997818118319711e-09,8.4758215590866663e-11,0
2015,2.1016232456682975e-10,-1.7437758686770371e-04,-1.7437605533053923e-04,-1.5315371644779741e-09,8.9802558367271778e-12,0
2016,1.4735392871517579e-11,5.2437832230581771e-06,5.2434890193578764e-06,2.9420370030064667e-10,5.3242001491484260e-12,0
2017,-1.9542693177618587e-10,1.7962135778668399e-04,1.7961965504355185e-04,1.7027431321479589e-09,9.4403974715139210e-12,0
2018,3.1031133500491411e-10,1.6728660541359816e-05,1.6714374885539024e-05,1.4285655820792044e-08,5.6927255616921469e-11,0
2019,-6.0290708290140011e-11,1.4722642516111061e-05,1.4728555822579384e-05,-5.9133064683228288e-09,1.2447429606943203e-11,0
2020,9.7144116842848174e-11,-2.5843001682409640e-05,-2.5876180681102710e-05,3.3178998693069676e-08,2.3144379920321613e-11,0
2021,-8.3706924936064787e-12,4.7863148231260151e-06,4.7753863316947581e-06,1.0928491431256963e-08,1.3924813620448004e-11,0
2022,1.5743482526366745e-10,-4.0565649112945905e-05,-4.0605035263336191e-05,3.9386150390286465e-08,7.0222246555543051e-11,0
2023,5.1920015736867019e-11,-9.9363224209678483e-06,-9.9576259716982936e-06,2.1303550730445293e-08,1.5841626213821961e-11,0
2024,-1.0551480910360598e-10,3.0629260617665802e-05,3.0654044680434260e-05,-2.4784062768458100e-08,7.3359106349534157e-11,0
2025,2.6509820860420859e-10,2.6341987041539686e-05,2.6338031327555415e-05,3.9557139842701290e-09,1.2354284684144566e-11,0
2026,-7.4180872535694503e-11,1.6952433940136064e-04,1.6952444677343769e-04,-1.0737207704978463e-10,4.8434418408777749e-11,0
2027,-5.2790969650737769e-11,-9.9580855743085055e-06,-9.9587534052036095e-06,6.6783089510400774e-10,3.3808012024875667e-11,0
2028,9.5818374618223665e-11,-3.8137712508833771e-05,-3.8143769554893026e-05,6.0570460592551103e-09,3.4042530192874995e-11,0
2029,-1.9862174848768442e-10,-1.8145483817228738e-04,-1.8147155313271603e-04,1.6714960428650593e-08,5.4728707120647583e-12,0
2030,8.0472587275207690e-11,-2.5855729685747564e-05,-2.5876382735306621e-05,2.0653049559056898e-08,2.1495948677322250e-11,0
2031,-2.7909433556212236e-10,-1.5559898721518049e-04,-1.5559676868798661e-04,-2.2185271938762394e-09,2.9499854631775524e-11,0
2032,-9.9655615762365225e-11,-9.9838037595639806e-06,-9.9592213804258767e-06,-2.4582379138103931e-08,2.7694593501600303e-11,0
2033,3.6461814102023672e-10,-6.9324911366342584e-06,-6.9574617331569043e-06,2.4970596522645834e-08,3.8184606246502175e-11,0
2034,3.9076552731657003e-10,-1.6705473047870512e-06,-1.7146187126168532e-06,4.4071407829802039e-08,5.2843558971033009e-11,0
2035,2.6147386276447213e-11,5.2619774926982235e-06,5.2435907894944771e-06,1.8386703203746416e-08,7.4216148437593572e-12,0
2036,-2.6103473923688907e-10,-1.8146595435823004e-04,-1.8147210511768128e-04,6.1507594512413832e-09,1.3597254223799571e-11,0
2037,-5.5409220537521085e-11,-1.1903736791114838e-05,-1.1949000270078837e-05,4.5263478963998972e-08,2.0782127525344596e-11,0
2038,1.2725494508751305e-10,-2.5876504195201846e-05,-2.5875877035793039e-05,-6.2715940880731370e-10,2.4982981024482833e-11,0
2039,2.0562551865508047e-10,1.6956222012364051e-04,1.6952709259667880e-04,3.5127526961710193e-08,1.0446950988405945e-11,0
2040,-3.8828968402834154e-10,-1.5558933068695463e-04,-1.5559780891742696e-04,8.4782304723301539e-09,3.3119899178416200e-11,0
2041,-1.8266416533887355e-10,1.3972936524529050e-05,1.3934715519032139e-05,3.8221005496911640e-08,4.8127383744389360e-11,0
2042,8.8527541548074428e-11,-2.5838614884189388e-05,-2.5876316995277427e-05,3.7702111088039130e-08,6.1286151350207046e-11,0
2043,1.0377351794850414e-10,1.6955161864570453e-04,1.6952577751042653e-04,2.5841135278006867e-08,2.4217419055485338e-11,0
2044,2.9144239092803138e-10,-1.1483589739029812e-05,-1.1452012056326650e-05,-3.1577682703161838e-08,3.3909117152216119e-11,0
2045,-8.9938358782497316e-10,-1.8147378155611033e-04,-1.8147889202093373e-04,5.1104648234024351e-09,1.0801465665086505e-11,0
2046,-3.5499408298652500e-12,-2.5878047652424553e-05,-2.5877353568590411e-05,-6.9408383414245852e-10,2.2732022829717174e-11,0
2047,-8.9583364709762509e-10,-1.5559557317367011e-04,-1.5560308321414245e-04,7.5100404723423431e-09,4.2310978029320738e-11,0
2048,9.3007359771471683e-11,-4.8337862770687218e-06,-4.8488367771655991e-06,1.5050500096877361e-08,7.1996327565032266e-12,0
2049,3.6791500400570525e-11,5.2471129278351594e-06,5.2436970128144163e-06,3.4159150207430610e-09,3.3242874196122527e-12,0
2050,-5.6215859369916554e-11,1.0080887886432330e-05,1.0093786611453332e-05,-1.2898725021001173e-08,4.7203686098760183e-12,0
2051,4.4779445224221293e-10,-1.1475004181017885e-05,-1.1450592050795165e-05,-2.4412130222720420e-08,5.5964260694946664e-11,0
2052,2.4385953055443874e-10,-2.1435647263728930e-05,-2.1419189152566107e-05,-1.6458111162822556e-08,4.5482764622371927e-11,0
2053,-2.0393492181635489e-10,-9.9605390970845115e-06,-9.9602757464075661e-06,-2.6335067694540238e-10,1.9675498927835635e-11,0
2055,-2.3970709205412221e-10,-2.0769727622377623e-04,-2.0767673463852938e-04,-2.0541585246853806e-08,2.0570066139749004e-11,0
2056,-3.5311423701472342e-10,-3.8173503214153359e-05,-3.8150010791772050e-05,-2.3492422381309356e-08,2.4169022682983677e-11,0
2057,4.2200730764273112e-10,-5.2091489217560329e-05,-5.2064176364865598e-05,-2.7312852694730673e-08,7.0513044575708708e-11,0
2058,-3.7378411525116264e-10,-2.8078005820508095e-05,-2.8058183307363779e-05,-1.9822513144315818e-08,1.2576946253322324e-11,0
2059,-8.4490826144349297e-10,-7.1149902203648113e-06,-7.1053218954753658e-06,-9.6683248894455429e-09,9.9783125853977362e-12,0
2061,-8.0915373614639409e-10,-1.1966256129154751e-05,-1.1957741052897903e-05,-8.5150762568475525e-09,2.0004854282084033e-11,0
2062,-3.4032191516312718e-11,-2.5884592632674595e-05,-2.5877712905332447e-05,-6.8797273421476648e-09,2.1505099635773494e-11,0
2063,-8.2982361441018539e-10,-1.8707839036131990e-06,-1.8640437040424219e-06,-6.7401995707770691e-09,6.4126873389304977e-12,0
2064,1.4916167098294673e-10,-1.7437479436036496e-04,-1.7437534902129615e-04,5.5466093119827496e-10,1.5241307421029144e-11,0
2065,3.5754525563465230e-11,-4.8512670148612559e-06,-4.8495522725682301e-06,-1.7147422930257835e-09,8.2032096410994812e-12,0
2066,1.5084647117753970e-11,5.2442275955981899e-06,5.2434471614794926e-06,7.8043411869729157e-10,3.0403844012212818e-12,0
2067,-1.1340714537210407e-10,1.6952364525318268e-04,1.6952276140354296e-04,8.8384963971700585e-10,1.9886932316890342e-11,0
2068,-1.3407702379237659e-10,1.7961908284213441e-04,1.7961889959620494e-04,1.8324592947096922e-10,1.2932432037458350e-11,0
2069,-2.0669878445918171e-11,1.0095470427350155e-05,1.0094249504043645e-05,1.2209233065097445e-09,5.6607968819834805e-12,0
2070,-8.1087606994505956e-10,1.8769556572258844e-05,1.8778438922671784e-05,-8.8823504129393206e-09,3.6663078155808120e-11,0
2071,-6.6171439950926118e-10,-1.5560509429722071e-04,-1.5560020445114797e-04,-4.8898460727308645e-09,8.0757359732528902e-11,0
2072,-7.7512154460062093e-10,1.3918321332948014e-05,1.3927908742558414e-05,-9.5874096104001517e-09,7.1621600589789522e-11,0
2073,-7.9579142289343231e-10,2.4013835763041919e-05,2.4020637307033119e-05,-6.8015439912003572e-09,2.6085513794740520e-11,0
2074,1.2258772154496746e-09,-1.1455201127996695e-05,-1.1442679554655154e-05,-1.2521573341541152e-08,1.8165817163300293e-11,0
2075,4.4489099453841790e-10,-3.3286147569923721e-05,-3.3294442725909756e-05,8.2951559860343252e-09,8.4362930959813477e-12,0
2076,6.2724784154552874e-10,-3.8125363575211568e-05,-3.8139487151973080e-05,1.4123576761511814e-08,1.7902087721062953e-11,0
2077,1.3710592734285736e-09,-5.2052789105557287e-05,-5.2053999382665827e-05,1.2102771085396435e-09,5.7715933215402071e-11,0
2078,5.1149045630722653e-10,-2.8040622307753948e-05,-2.8048658656683315e-05,8.0363489293669833e-09,9.4234303116069573e-12,0
2079,9.2960507763913199e-10,-2.1423387120713538e-05,-2.1412253627456593e-05,-1.1133493256945790e-08,1.5738451792546780e-11,0
2080,-7.8098622280002366e-10,-2.1830920361232565e-05,-2.1835357405369880e-05,4.4370441373155049e-09,2.0654800697154011e-11,0
2081,-5.9862937549217829e-10,-2.6670120791252340e-05,-2.6679580291908634e-05,9.4595006562943817e-09,2.6610915821131474e-11,0
2082,1.4518205819044729e-10,-4.0597622434222942e-05,-4.0604561509900350e-05,6.9390756774081021e-09,8.8779161562668754e-11,0
2083,-7.1438676091496070e-10,-1.6585394204998632e-05,-1.6596642868281007e-05,1.1248663282375392e-08,2.1155958177090891e-11,0
2084,-2.9627213829197809e-10,-9.9681611957390046e-06,-9.9611921455900324e-06,-6.9690501489721947e-09,1.6789632952467594e-11,0
2085,1.8235684728915042e-10,-4.8392174398178590e-06,-4.8479914105437680e-06,8.7739707259089762e-09,8.1865139970929758e-12,0
2086,6.6599461879222617e-11,5.2455279455868465e-06,5.2440108570985895e-06,1.5170884882569500e-09,4.2393701385102307e-12,0
2087,4.8471408442274154e-10,1.1862746311162679e-05,1.1848211629165365e-05,1.4534681997314749e-08,1.8236757075819613e-11,0
2088,-1.1575738546259000e-10,1.0084722762941558e-05,1.0093250153729646e-05,-8.5273907880883937e-09,7.9658586164209566e-12,0
2089,3.0235723743574179e-10,1.6701928462437184e-05,1.6714923720762034e-05,-1.2995258324849921e-08,2.5842805805699697e-11,0
2090,-9.2616828148240848e-10,1.8766576374391712e-05,1.8777101731866468e-05,-1.0525357474755741e-08,4.2318777933043033e-11,0
2091,-7.4381143410062495e-10,1.3927521827447549e-05,1.3928171677482901e-05,-6.4985003535243647e-10,5.8517801424345695e-11,0
2092,-8.5956881956257032e-10,2.4012212459262761e-05,2.4019877365122978e-05,-7.6649058602170240e-09,4.6928631742597593e-11,0
2094,4.1811462263989685e-10,6.6172336737075482e-06,6.6121144540645480e-06,5.1192196430001883e-09,1.8683890694241689e-11,0
2095,2.2682050899280904e-10,-1.8135324926491728e-04,-1.8133626892829382e-04,-1.6980336623465203e-08,3.2143258017445089e-11,0
2096,3.4634818891705773e-10,-3.3286550667274359e-05,-3.3295736832030624e-05,9.1861647562649492e-09,2.7677915984113619e-11,0
2097,3.9973952205795080e-10,-2.8040038512974069e-05,-2.8050101034468119e-05,1.0062521494049766e-08,2.7554335342961318e-11,0
2098,5.3391333218106767e-11,5.2464823183705558e-06,5.2438592710330589e-06,2.6230473374969375e-09,5.8753586206551071e-12,0
2099,-4.1085735617108981e-10,1.4722810700588257e-05,1.4723858912884450e-05,-1.0482122961926501e-09,1.7031022895126844e-11,0
2100,1.2343854035590625e-10,-2.5875449867111952e-05,-2.5876001419950635e-05,5.5155283868295606e-10,3.5589776327130568e-11,0
2101,-3.9525322232876393e-10,4.7659245897670524e-06,4.7705342751391822e-06,-4.6096853721297459e-09,1.7800356905768627e-11,0
2102,5.3429589772527135e-10,-4.0597961410714783e-05,-4.0600138239476768e-05,2.1768287619848754e-09,5.7913434456936918e-11,0
2103,1.5604133274698155e-11,-9.9568702736502201e-06,-9.9576821071708084e-06,8.1183352058824664e-10,1.8729112188800224e-11,0
2104,-5.1869176240584000e-10,3.0641357686343740e-05,3.0648841909259643e-05,-7.4842229159027352e-09,4.9852072867569692e-11,0
2105,1.4591532114865799e-09,-2.6182036199771941e-05,-2.6184749821010527e-05,2.7136212385864787e-09,8.1644095074301234e-11,0
2106,1.5031218900733809e-10,-3.3297111657722188e-05,-3.3298336009756259e-05,1.2243520340705417e-09,1.9219895047340109e-11,0
2107,6.6571904359942082e-10,-2.0765950814585071e-04,-2.0766694548460558e-04,7.4373387548662840e-09,4.5808760842115600e-11,0
2108,2.1312298895992317e-10,-2.8052868044039624e-05,-2.8052599735300300e-05,-2.6830873932470593e-10,2.1877839809705271e-11,0
2109,-1.3088410250830129e-09,-7.1151851904318122e-06,-7.1108055460782906e-06,-4.3796443535216637e-09,3.5307055085705739e-11,0
2110,-7.9343416987823238e-10,-1.8147758396492273e-04,-1.8147689821067397e-04,-6.8575424876896225e-10,5.6149176816483097e-11,0
2111,-1.2460302250546313e-09,-1.8709023186461865e-06,-1.8689570194874533e-06,-1.9452991587331616e-09,4.7114540665463083e-11,0
2112,5.1540685473219297e-10,-1.7436239222001423e-04,-1.7437058052292614e-04,8.1883029119092163e-09,1.7852830937049236e-11,0
2113,6.2810799974948199e-11,5.2442578628925031e-06,5.2439527479105256e-06,3.0511498197751655e-10,9.0388405863614297e-12,0
2114,-4.5259605513837597e-10,1.7960662497828062e-04,1.7961463295182564e-04,-8.0079735450188858e-09,2.1188159887206153e-11,0
2115,1.6832248178543722e-10,-4.0584550439203525e-05,-4.0604063499402181e-05,1.9513060198656255e-08,3.1133183429543307e-11,0
2116,6.5233623490382389e-11,-9.9450511093770663e-06,-9.9570686992272386e-06,1.2017589850172277e-08,7.3862866426711847e-12,0
2117,-1.0308885787151879e-10,3.0639481295408316e-05,3.0653334981061342e-05,-1.3853685653026412e-08,3.0129768703320538e-11,0
2120,-4.1661355967929079e-11,-9.9577877100395567e-06,-9.9581926755145763e-06,4.0496547501961194e-10,3.3559149456956780e-11,0
2121,-1.0587052621445257e-10,1.6951327426567315e-04,1.6952160542610663e-04,-8.3311604334842995e-09,2.4512880476319667e-11,0
2122,-6.5787479077488895e-11,1.6951380266117238e-04,1.6952188257383515e-04,-8.0799126627676549e-09,3.2627106389055113e-11,0
2123,9.3088092566620059e-11,-2.5858556253992651e-05,-2.5876389420435647e-05,1.7833166442996000e-08,5.6160737243951727e-11,0
2124,1.4534754169520008e-10,2.6326560308265190e-05,2.6336703925139424e-05,-1.0143616874233661e-08,1.2319801560485035e-11,0
2125,3.5907024552799842e-10,-6.9650588792447400e-06,-6.9578928508373709e-06,-7.1660284073691885e-09,1.5349319026749265e-11,0
2126,4.0063925242301203e-10,-1.7189911980942506e-06,-1.7149974913543647e-06,-3.9937067398859477e-09,1.8849612955083751e-11,0
2127,2.1372270387157845e-10,-3.3291615815706985e-05,-3.3298238482680732e-05,6.6226669737473013e-09,6.8452608905716657e-12,0
2128,2.5529171074204126e-10,-2.8045542620707894e-05,-2.8052743257352676e-05,7.2006366447816916e-09,8.7459282272497227e-12,0
2129,4.1569006895936718e-11,5.2460772519101473e-06,5.2437017555789860e-06,2.3754963311613139e-09,3.3585037842850810e-12,0
2130,8.7132085418378359e-11,-2.5866550691463173e-05,-2.5876464878911849e-05,9.9141874486754784e-09,2.8240107470840369e-11,0
2131,5.0465174369251761e-10,-9.9535184865345676e-06,-9.9520621911264609e-06,-1.4562954081066891e-09,1.8105483444374979e-11,0
2132,-2.8220270595865488e-11,1.6952290061427968e-04,1.6952205613839999e-04,8.4447587968662988e-10,3.0978964500564582e-11,0
2133,-4.6086590269792501e-10,-2.5880207300782269e-05,-2.5882558157900267e-05,2.3508571179977277e-09,5.8031053547171748e-11,0
2134,2.6586644714624311e-10,-1.7437054728648271e-04,-1.7437249758237442e-04,1.9502958917164224e-09,2.3563212034813344e-11,0
2135,8.1169441024272991e-11,-4.8509882088320754e-06,-4.8494999580706374e-06,-1.4882507614379916e-09,2.3781405283820597e-11,0
2136,3.1208783245199659e-11,5.2443181960675910e-06,5.2435743647231229e-06,7.4383134446809557e-10,9.0122268627676338e-12,0
2137,-1.8469700606136402e-10,1.6951965848381427e-04,1.6952000939267958e-04,-3.5090886530623859e-10,5.2647332462118833e-11,0
2138,-2.3465766379657953e-10,1.7961487914861223e-04,1.7961616715708281e-04,-1.2880084705767843e-09,2.1220052715955316e-11,0
2139,-4.9960657765028962e-11,1.0095251549568397e-05,1.0094309043741141e-05,9.4250582725619860e-10,2.3253111079313244e-11,0
2140,2.9269202028860932e-10,2.6351233940687113e-05,2.6338337197186386e-05,1.2896743500726975e-08,1.8272967684027969e-11,0
2141,4.1362591921347146e-10,-2.6204821531087240e-05,-2.6197176412148334e-05,-7.6451189389056525e-09,4.0858373612585592e-11,0
2142,-2.7960643570071573e-10,-2.0769777399843800e-04,-2.0767778452731269e-04,-1.9989471125315397e-08,1.6943664605145995e-11,0
2143,-3.7789150484207546e-10,-3.8176262330418681e-05,-3.8152984120156985e-05,-2.3278210261695699e-08,2.6731742705652722e-11,0
2145,-3.9307648312989855e-10,-2.8080288390484875e-05,-2.8060663376722961e-05,-1.9625013761914381e-08,1.7966955609298845e-11,0
2147,-7.9151742406734960e-10,-1.1971448263129250e-05,-1.1958610163262490e-05,-1.2838099866759856e-08,1.9817773482503476e-11,0
2148,-2.3190925755929925e-11,-2.5886967450330922e-05,-2.5877725339013993e-05,-9.2421113169290537e-09,2.9500655761854345e-11,0
2149,-8.0670240236783744e-10,-1.8755160708493895e-06,-1.8645241562653619e-06,-1.0991914584027605e-08,8.6508841236017056e-12,0
2150,-9.8285069586961127e-11,1.6952142533617834e-04,1.6952073542626848e-04,6.8990990985439218e-10,1.4933759018271756e-11,0
2151,-1.1347004806714177e-10,1.7961734319550801e-04,1.7961731934855191e-04,2.3846956093837024e-11,1.0030083566940798e-11,0
2152,-1.5184978510181053e-11,1.0095924558165125e-05,1.0094739924522893e-05,1.1846336422328073e-09,6.1446006749498892e-12,0
2154,-7.6832649830395486e-10,1.3915673029366374e-05,1.3927322915678715e-05,-1.1649886312340791e-08,5.8394544423955013e-11,0
2155,-7.8351147663563982e-10,2.4011516127717819e-05,2.4020357011436046e-05,-8.8408837182271801e-09,3.8382302436929516e-11,0
2156,4.5779876520582801e-10,-2.6226661880396698e-05,-2.6196824782308990e-05,-2.9837098087708372e-08,4.4098235641204294e-11,0
2157,-5.2828910803193095e-10,-2.0770252708780107e-04,-2.0768060051213569e-04,-2.1926575665374981e-08,4.0813371281311047e-11,0
2158,-6.6733095615296769e-10,-3.8180868446984970e-05,-3.8156456328581142e-05,-2.4412118403827456e-08,5.2267425549120357e-11,0
2159,-6.8453022267017899e-10,-2.8085038245159386e-05,-2.8064115630706146e-05,-2.0922614453239876e-08,2.2494832059032674e-11,0
2160,-9.8608787283391073e-10,-1.8147582161692592e-04,-1.8147803823022121e-04,2.2166132952847629e-09,3.6861955921762893e-11,0
2161,-1.1251297214945849e-09,-1.1954296039221567e-05,-1.1962412249422657e-05,8.1162102010899748e-09,4.0707935259323446e-11,0
2162,-1.1423289882436939e-09,-1.8582887168581280e-06,-1.8683165149605819e-06,1.0027798102453873e-08,2.5221064666910784e-11,0
2163,-1.3904184896283888e-10,1.6952157742542644e-04,1.6952006917741246e-04,1.5082480139762180e-09,2.5574807644941416e-11,0
2164,-1.5624111585258017e-10,1.7961754833842759e-04,1.7961666840711905e-04,8.7993130853556908e-10,1.4007069596043747e-11,0
2165,-1.7199266919159990e-11,1.0095987012491219e-05,1.0094759601433249e-05,1.2274110579706143e-09,1.5733389273927754e-11,0
2166,5.4435629289600811e-10,-4.0598743036763391e-05,-4.0599307097819012e-05,5.6406105562170281e-10,5.2306914801282661e-11,0
2167,2.4269030993195115e-11,-9.9567618755762831e-06,-9.9572396433634450e-06,4.7776778716186719e-10,1.8229738072251340e-11,0
2168,-5.2008725987783835e-10,3.0641969329590207e-05,3.0648203619548375e-05,-6.2342899581681343e-09,4.7931716619975434e-11,0
2169,3.9135436217091146e-10,-6.9127231120021115e-06,-6.9577032088127536e-06,4.4980096810642083e-08,5.0784256655161217e-11,0
2170,1.2407054829772634e-09,-1.1448047454312021e-05,-1.1445505416951316e-05,-2.5420373607059092e-09,9.4111747482756573e-12,0
2171,1.3801967263702886e-09,-5.2035943860830394e-05,-5.2056859063166243e-05,2.0915202335848528e-08,2.9982944697476892e-11,0
2172,4.8601651557875452e-10,-2.8045939755196383e-05,-2.8051430447603467e-05,5.4906924070839290e-09,5.9603142938711944e-12,0
2173,9.5308921277793147e-10,-2.1423665595288535e-05,-2.1414788088012033e-05,-8.8775072765019084e-09,8.5824398788213190e-12,0
2174,1.3949124368405756e-10,-4.0587714645941081e-05,-4.0603690362415323e-05,1.5975716474242669e-08,8.3620296923502571e-11,0
2175,-7.5468896965410654e-10,-1.6597900252848970e-05,-1.6596819207525812e-05,-1.0810453231579315e-09,1.4760273948715460e-11,0
2176,-2.8761627076934338e-10,-9.9756155897681373e-06,-9.9606464751970539e-06,-1.4969114571083427e-08,1.3783623957310932e-11,0
2177,-8.9418021370753477e-10,2.3990005917405230e-05,2.4019036279354214e-05,-2.9030361948983926e-08,3.1603806091354369e-11,0
2178,-4.2710751458099423e-10,3.0612108566652370e-05,3.0649143787522420e-05,-3.7035220870050318e-08,8.1520153016706358e-11,0
2179,4.6707269849314230e-10,6.6222653632508691e-06,6.6136003079023544e-06,8.6650553485146636e-09,1.3037918052362088e-11,0
2180,-2.2673164772597228e-10,-1.8147677078292086e-04,-1.8146935993547459e-04,-7.4108474462620481e-09,4.7647444453353521e-11,0
2181,4.4736652337078748e-11,-4.8431572688186625e-06,-4.8501192004872656e-06,6.9619316686030954e-09,2.0243581309743288e-11,0
2182,2.0903491317049048e-11,5.2459480560712243e-06,5.2434355291325870e-06,2.5125269386373289e-09,9.4348675900424890e-12,0
2183,-2.3833161003391336e-11,1.0089071550536781e-05,1.0094782121519895e-05,-5.7105709831136798e-09,1.7884970884929743e-11,0
2184,-7.4192031333914157e-11,1.4724088422415904e-05,1.4726517948261625e-05,-2.4295258457204962e-09,1.1528305592340578e-11,0
2185,1.0460809954159050e-10,-2.5867960545143589e-05,-2.5876358581164952e-05,8.3980360213628774e-09,2.9627166730879597e-11,0
2186,2.7915066720448764e-12,4.7752082203472625e-06,4.7742009640847478e-06,1.0072562625147068e-09,1.1188974945544883e-11,0
2187,1.7880013104211652e-10,-4.0592131785460901e-05,-4.0603126850589553e-05,1.0995065128651359e-08,7.1482138369374325e-11,0
2188,7.6983537942197500e-11,-9.9488821975694114e-06,-9.9565434759077175e-06,7.6612783383061048e-09,1.3363804802045119e-11,0
2189,-1.0181659266659849e-10,3.0643160783100061e-05,3.0652638951390777e-05,-9.4781682907153406e-09,6.1662597318186051e-11,0
2190,8.3977037522800047e-11,-4.8341117941707104e-06,-4.8497302843814804e-06,1.5618490210770019e-08,6.5788220161755249e-12,0
2191,3.4484794574446480e-11,5.2470446708443880e-06,5.2435808135320026e-06,3.4638573123854543e-09,3.3107102772725671e-12,0
2192,-4.9492242944668361e-11,1.0081149644981195e-05,1.0094536922828503e-05,-1.3387277847308297e-08,5.8568395127364279e-12,0
2193,4.4140953839934063e-10,1.4738302880915044e-05,1.4732140917699604e-05,6.1619632154405246e-09,1.0851727836372609e-11,0
2194,-1.2419205476502409e-10,-1.8146272171237592e-04,-1.8146794465793991e-04,5.2229455639986669e-09,6.9910017183340024e-12,0
2195,1.3638935640271722e-10,-2.5877347909253811e-05,-2.5876019069299031e-05,-1.3288399547801933e-09,1.6663459593092183e-11,0
2196,6.9672370613930679e-10,4.8199147862602876e-06,4.7818288450214122e-06,3.8085941238875400e-08,1.3163501419942200e-11,0
2197,-5.6560159105685966e-10,-1.9620101107853155e-04,-1.9619627988015095e-04,-4.7311983806066528e-09,3.0308446109642433e-11,0
2198,-3.0502018124565653e-10,-4.0615695943184080e-05,-4.0608407934066709e-05,-7.2880091173707466e-09,3.1910240147960025e-11,0
2199,2.5531416750490671e-10,-9.9183869926803420e-06,-9.9545272920857270e-06,3.6140299405385023e-08,1.2539629287580452e-11,0
2200,8.2091575867118917e-10,1.8628252431932436e-04,1.8623319307317055e-04,4.9331246153809906e-08,4.0273712564859588e-11,0
2201,-2.6058141096855454e-10,-1.5558516009664576e-04,-1.5559317645932527e-04,8.0163626795123032e-09,1.9724310162653934e-11,0
2202,5.6033434959007980e-10,3.0697230067329440e-05,3.0659907800691592e-05,3.7322266637847712e-08,3.0094247188291031e-11,0
2204,1.3574644976254209e-10,-4.8383354033171636e-06,-4.8492035753941050e-06,1.0868172076941433e-08,1.3283610454238310e-11,0
2205,5.2236342635708741e-11,5.2461001939618345e-06,5.2437721996562542e-06,2.3279943055803416e-09,5.7530684872053765e-12,0
2206,-8.3510107154875283e-11,1.0084429124808652e-05,1.0094199995964768e-05,-9.7708711561160044e-09,1.3729742446537371e-11,0
2207,-3.1904860169263961e-11,-9.9575038835348519e-06,-9.9576660029967059e-06,1.6211946185395901e-10,3.2243452442089308e-11,0
2208,-8.4013643766845860e-10,1.3929178955372854e-05,1.3926119111776201e-05,3.0598435966526966e-09,5.7237748613354204e-11,0
2209,1.4523662861080168e-09,-2.6165122736693941e-05,-2.6186654748731757e-05,2.1532012037815999e-08,8.2688629604436504e-11,0
2210,1.1381912670748453e-10,-3.3300891010927145e-05,-3.3301651098948044e-05,7.6008802089811908e-10,1.8332318642784845e-11,0
2211,6.0875890527888121e-10,-2.0766117140655696e-04,-2.0766836445708885e-04,7.1930505318880920e-09,4.5482320786093494e-11,0
2212,1.7604563873133962e-10,-2.8056605473596001e-05,-2.8055948177081817e-05,-6.5729651418366670e-10,2.0787987912907512e-11,0
2213,-1.3385471629196562e-09,-7.1358134209730667e-06,-7.1122213657701882e-06,-2.3592055202878530e-08,3.4733762540362294e-11,0
2214,-8.4360738359922576e-10,-1.8149610059207044e-04,-1.8147558665281807e-04,-2.0513939252364902e-08,5.1278444867057241e-11,0
2215,-1.2763206507952773e-09,-1.8914662703300306e-06,-1.8702477408267169e-06,-2.1218529503313633e-08,3.5234840160892626e-11,0
2216,4.9493977868396464e-10,-1.7436026521531253e-04,-1.7436854958744713e-04,8.2843721346088309e-09,1.8851657689938238e-11,0
2217,6.2226512042823674e-11,5.2442921099188876e-06,5.2438715883975242e-06,4.2052152136342718e-10,8.8595161276146662e-12,0
2218,-4.3271326701946625e-10,1.7960460083688533e-04,1.7961250896711485e-04,-7.9081302295188390e-09,2.0119769716840053e-11,0
2219,-1.9012805496962811e-10,-9.9603743321952792e-06,-9.9593518743901709e-06,-1.0224578051083212e-09,1.6869961404349525e-11,0
2220,-1.3136973305142448e-09,1.3938123166731820e-05,1.3920776663042371e-05,1.7346503689448026e-08,5.6789891548044463e-11,0
2221,-7.7738501986787285e-11,-1.8143904482085561e-04,-1.8146682580818542e-04,2.7780987329811477e-08,8.1634671416814312e-12,0
2222,9.2549043815980164e-11,-2.5871385047298960e-05,-2.5876560605057287e-05,5.1755577583271312e-09,1.3436507373029913e-11,0
2223,-1.7028754562690146e-10,-1.5556754235792128e-04,-1.5559144069391046e-04,2.3898335989184019e-08,4.6479415772217733e-11,0
2224,1.2782251710045421e-10,1.6952652393587269e-04,1.6952112859074846e-04,5.3953451242295947e-09,4.4337212156070575e-11,0
2225,2.1171088955714797e-10,2.6332783408770585e-05,2.6337439544159833e-05,-4.6561353892480076e-09,1.2592118662729290e-11,0
2226,4.0481339228441687e-10,-6.9624672010808880e-06,-6.9578457848615475e-06,-4.6214162193405572e-09,1.6196550511604981e-11,0
2227,4.4451467724095950e-10,-1.7165164008779189e-06,-1.7151187299943925e-06,-1.3976708835264264e-09,1.9432645729804093e-11,0
2228,1.9310250277251705e-10,-3.3295246598121289e-05,-3.3301376011381569e-05,6.1294132602793586e-09,6.9831159157906496e-12,0
2229,2.3280378771363767e-10,-2.8049285589009515e-05,-2.8055928350241442e-05,6.6427612319274365e-09,8.5336755666279660e-12,0
2230,3.9701284960262729e-11,5.2459600870787080e-06,5.2436064109829566e-06,2.3536760957514218e-09,3.2349041166303784e-12,0
2232,-7.6422910676944025e-10,-1.1978856577287561e-05,-1.1959459533937018e-05,-1.9397043350543469e-08,1.9476879418139740e-11,0
2233,-1.1213334735152446e-11,-2.5890656087272819e-05,-2.5877736044636369e-05,-1.2920042636449525e-08,3.0485428742762295e-11,0
2234,-8.0289650996661887e-11,1.6951905019936715e-04,1.6951856152166297e-04,4.8867770417802651e-10,1.4569590195231734e-11,0
2236,-7.5301577205047613e-10,1.3911913594712166e-05,1.3926777298041391e-05,-1.4863703329224555e-08,7.6014198845631947e-11,0
2237,-5.1973038841531923e-11,-3.3307013932675975e-05,-3.3304546221630350e-05,-2.4677110456244270e-09,1.5594019305803135e-11,0
2238,7.5358077017512907e-11,-2.0766694201203480e-04,-2.0767456317175470e-04,7.6211597199076289e-09,2.8500146284697474e-11,0
2239,-7.7428538673075928e-12,-3.8157211978657535e-05,-3.8152049310202727e-05,-5.1626684548076356e-09,3.0863094376047376e-11,0
2240,-3.1344141974200145e-11,-2.8062468292283996e-05,-2.8059314161189512e-05,-3.1541310944839594e-09,1.4822669026302437e-11,0
2241,1.2733111594237026e-10,-1.7435991493806348e-04,-1.7437180420200736e-04,1.1889263943877992e-08,1.1160793068715167e-11,0
2242,4.4230185004761641e-11,-4.8501897948385192e-06,-4.8505548797285797e-06,3.6508489006053082e-10,1.4544036212281484e-11,0
2243,2.0628896874998602e-11,5.2445563095493766e-06,5.2433833595095919e-06,1.1729500397847245e-09,6.7016209917234792e-12,0
2244,-8.3100930830554382e-11,1.6950969296731372e-04,1.6951832850394915e-04,-8.6355366354343328e-09,2.0531818358282082e-11,0
2245,-1.0670221891854052e-10,1.7960444874808718e-04,1.7961527103345530e-04,-1.0822285368127524e-08,9.4949457050995083e-12,0
2246,-2.3601288114986821e-11,1.0094759599022342e-05,1.0095150997720384e-05,-3.9139869804192423e-10,1.2776768558708878e-11,0
2247,-4.3283088526074481e-10,1.4721471586258417e-05,1.4721774968728094e-05,-3.0338246967766041e-10,1.7002707679271945e-11,0
2248,1.2384962868471970e-10,-2.5877504153808757e-05,-2.5876251493478679e-05,-1.2526603300786832e-09,3.1910056525446816e-11,0
2249,-3.9932722492399379e-10,4.7649491660504278e-06,4.7692101842659181e-06,-4.2610182154902111e-09,1.6487358099860581e-11,0
2250,5.5668051522009705e-10,-4.0598770639679871e-05,-4.0598257046532801e-05,-5.1359314706938414e-10,6.3896772849303588e-11,0
2251,3.3503659746383083e-11,-9.9565326403649578e-06,-9.9566975644803752e-06,1.6492411541738842e-10,1.9354931234238685e-11,0
2252,-5.2317685345756427e-10,3.0642338927520593e-05,3.0647378807621067e-05,-5.0398801004739751e-09,5.1829702116742429e-11,0
2253,-7.6820838260073008e-11,-3.3332091096583902e-05,-3.3305012139298038e-05,-2.7078957285864226e-08,1.8210369435069393e-11,0
2254,-1.1294858170771472e-11,-2.0769310617696794e-04,-2.0767557523982636e-04,-1.7530937141579158e-08,2.0250783313859629e-11,0
2255,-5.3478617997893561e-11,-3.8182301375569785e-05,-3.8152785210088190e-05,-2.9516165481595379e-08,2.0195539429864331e-11,0
2256,-6.3245612666155303e-11,-2.8087670134495195e-05,-2.8059860025751143e-05,-2.7810108744052167e-08,1.8208520470803264e-11,0
2257,6.5525980260209732e-11,-1.7436103670109490e-04,-1.7437234152899663e-04,1.1304827901727601e-08,1.4263536923373152e-11,0
2258,2.3342220326345314e-11,-4.8502356879392538e-06,-4.8508292058825661e-06,5.9351794331235683e-10,1.5951623192944040e-11,0
2259,1.3575225617370769e-11,5.2443966640989799e-06,5.2433002838210702e-06,1.0963802779096843e-09,6.6954578120271635e-12,0
2260,-4.2183759864576616e-11,1.6951076238946178e-04,1.6951859597375522e-04,-7.8335842934444157e-09,1.6535396495445159e-11,0
2261,-5.1950754548919279e-11,1.7960538170519848e-04,1.7961572450661523e-04,-1.0342801416750660e-08,1.3186691873139696e-11,0
2262,-9.7669947012091774e-12,1.0094616885380440e-05,1.0095340792247071e-05,-7.2390686663069913e-10,1.4604985174729754e-11,0
2263,1.8835473298183337e-10,-4.0595497339621783e-05,-4.0602264631139723e-05,6.7672915179400211e-09,7.2489280881552187e-11,0
2264,8.6771696990540109e-11,-9.9506951017252002e-06,-9.9560709018028556e-06,5.3758000776554218e-09,1.4585944628564521e-11,0
2265,-1.0158303554883165e-10,3.0644799523664532e-05,3.0651986969706377e-05,-7.1874460418443805e-09,6.7674989619433092e-11,0
2266,4.1635085725148099e-10,1.1899511766623547e-07,1.1940206701523945e-07,-4.0694934900397644e-10,4.6521315455162085e-11,0
2267,1.0177231165964132e-10,-9.9113960086091857e-06,-9.9558613590221016e-06,4.4465350412915903e-08,2.8950641179233788e-11,0
2268,1.8608540572821642e-11,5.2462948431954148e-06,5.2433490350559520e-06,2.9458081394628601e-09,5.4390418136640233e-12,0
2269,4.3023507872961277e-10,1.4736310675467559e-05,1.4731053112271613e-05,5.2575631959459146e-09,1.3187242610126476e-11,0
2270,-4.9200462846955022e-11,-1.8146104243908605e-04,-1.8146566418395031e-04,4.6217448642607746e-09,9.0813943500576373e-12,0
2271,1.3939658298235448e-10,-2.5877818446413828e-05,-2.5876119103750175e-05,-1.6993426636527137e-09,2.2096928958361745e-11,0
2272,-4.7943553966164315e-10,-1.9619740067273176e-04,-1.9619327945625688e-04,-4.1212164748817993e-09,3.8324836419961616e-11,0
2273,-2.9083849504583156e-10,-4.0614042420368882e-05,-4.0607395376898565e-05,-6.6470434703164638e-09,4.3141322667079533e-11,0
2274,-1.8859704568020971e-10,-1.5558309726845972e-04,-1.5559061506497879e-04,7.5177965190695219e-09,2.6051323076933672e-11,0
2275,-3.7050769574590083e-10,1.4688002862245711e-05,1.4722095799718675e-05,-3.4092937472964056e-08,5.8511831415305404e-11,0
2276,8.2441500363615377e-11,-2.5859526750469453e-05,-2.5876761683912256e-05,1.7234933442803417e-08,4.5625052338562125e-11,0
2277,4.5294919680026622e-10,-4.0547452846463605e-05,-4.0599078553892634e-05,5.1625707429028790e-08,4.2047021581177369e-11,0
2278,9.6837903991196773e-11,2.6272919667762878e-05,2.6336166209467776e-05,-6.3246541704897258e-08,2.5166737601787443e-11,0
2279,4.8491289557546945e-10,-7.0235210939371961e-06,-6.9571728358713859e-06,-6.6348258065810267e-08,1.7618193709776261e-11,0
2280,6.5551401974406439e-10,-1.1867854286151842e-05,-1.1806835730326158e-05,-6.1018555825683904e-08,2.9438851695832092e-11,0
2281,5.4997287042901276e-10,-1.7783570008733304e-06,-1.7142336551131689e-06,-6.4123345760161492e-08,1.9246183634933846e-11,0
2282,1.0623465632337050e-09,4.8504922027740177e-06,4.8769837560164816e-06,-2.6491553242463859e-08,3.5715407592333043e-11,0
2283,3.8807499079088577e-10,-3.3296466358115687e-05,-3.3300574032649054e-05,4.1076745333675229e-09,6.4009891501939707e-12,0
2284,5.5867611454188674e-10,-3.8140788705913822e-05,-3.8146859111665268e-05,6.0704057514460608e-09,1.2563216516521886e-11,0
2285,4.5313496546119016e-10,-2.8051307815015955e-05,-2.8054857828616273e-05,3.5500136003177628e-09,6.5540851825885118e-12,0
2286,9.6550865621133013e-10,-2.1422442070536535e-05,-2.1418089020205308e-05,-4.3530503312272134e-09,1.2219913027059182e-11,0
2287,1.7060112397673160e-10,-4.8443322953738849e-06,-4.8493575222754775e-06,5.0252269015926485e-09,5.5475778879160598e-12,0
2288,6.5059974769337970e-11,5.2451596071331416e-06,5.2438526280698612e-06,1.3069790632804580e-09,2.9039921120737464e-12,0
2289,5.7743366661623650e-10,1.1874002937494257e-05,1.1851929548264932e-05,2.2073389229325803e-08,1.3980934769900253e-11,0
2290,-1.0554114925068906e-10,1.0089483072338225e-05,1.0094415986948835e-05,-4.9329146106094428e-09,5.3235279312282476e-12,0
2291,4.0683254301031180e-10,1.6718356189447279e-05,1.6717906094350276e-05,4.5009509700322681e-10,1.5891989661509465e-11,0
2292,5.1237369197364328e-10,6.6288562232776679e-06,6.6152628981672542e-06,1.3593325110413705e-08,1.4985342346963629e-11,0
2293,-1.6440716190338074e-10,-1.8146900863398366e-04,-1.8146669363950507e-04,-2.3149944785845564e-09,4.4737872219986026e-11,0
2294,3.0057316105074829e-10,-3.3295431305570278e-05,-3.3301748981251855e-05,6.3176756815770284e-09,3.3427286558361756e-11,0
2295,3.5123267845032343e-10,-2.8049545222917638e-05,-2.8056194295322666e-05,6.6490724050284893e-09,3.1244696481937659e-11,0
2296,5.0659517458564654e-11,5.2458773331562868e-06,5.2436877425341882e-06,2.1895906220985737e-09,6.5418416043627469e-12,0
2297,1.2787249444090903e-10,1.4747786319471191e-05,1.4727454149820343e-05,2.0332169650847997e-08,1.1143474336355139e-11,0
2298,9.5637971992494226e-11,-2.5873529181953941e-05,-2.5876638379622484e-05,3.1091976685430195e-09,2.7109974493076125e-11,0
2299,-3.2234522488742729e-11,-4.0621264741631628e-05,-4.0604309329896888e-05,-1.6955411734740245e-08,5.8931167679114073e-11,0
2300,7.5043738495493691e-11,-4.8331104195338537e-06,-4.8505103044780862e-06,1.7399884944232558e-08,6.7139234416144542e-12,0
2301,3.2010102925588205e-11,5.2472202351225641e-06,5.2434755928186517e-06,3.7446423039124666e-09,3.2912722041596688e-12,0
2302,-4.3033635558269808e-11,1.0080314482378058e-05,1.0095188550577235e-05,-1.4874068199177270e-08,4.7869465593193459e-12,0
2303,1.6011915080276555e-10,-1.1485331058177714e-05,-1.1461839597178132e-05,-2.3491460999581685e-08,3.3770879828403108e-11,0
2304,2.4842633998408023e-11,-1.7437077748279546e-04,-1.7437169301668707e-04,9.1553389161883568e-10,1.4670915564315042e-11,0
2305,3.6590704688638853e-12,-4.8530768111821731e-06,-4.8513657668409635e-06,-1.7110443412096026e-09,1.8337676190098420e-11,0
2306,6.4433206639058674e-12,5.2438373207879553e-06,5.2431848606440845e-06,6.5246014387084818e-10,8.9336420478066246e-12,0
2307,-2.1183563504198905e-11,1.6951764996824665e-04,1.6951744415266218e-04,2.0581558446463102e-10,3.5847813242937642e-11,0
2308,-1.8399313299293410e-11,1.7961458227718061e-04,1.7961495478123723e-04,-3.7250405662608496e-10,1.8718955999342501e-11,0
2309,2.7842501946102863e-12,1.0096952032154005e-05,1.0095751096857359e-05,1.2009352966459608e-09,2.1627325533906965e-11,0
2310,1.0835007543984060e-10,-2.5874185426676567e-05,-2.5876518919114246e-05,2.3334924376796154e-09,7.2761786662771706e-11,0
2311,-7.1095883174454666e-11,1.6950795621111913e-04,1.6951672845808358e-04,-8.7722469644454116e-09,2.2724467594006592e-11,0
2312,-7.3208718779435939e-10,-2.8081635462775395e-05,-2.8068893372249305e-05,-1.2742090526089521e-08,3.3750852002930462e-11,0
2313,-1.8074126905106309e-10,-9.9603322291641483e-06,-9.9587454185076220e-06,-1.5868106565262627e-09,2.0830887171900703e-11,0
2314,-3.3413877541165719e-11,1.6951514249779901e-04,1.6951693168106781e-04,-1.7891832687990956e-09,3.3195052053240251e-11,0
2315,-4.4487332932540932e-10,1.4720532588359883e-05,1.4720718194147482e-05,-1.8560578759897035e-10,1.5462704007689688e-11,0
2316,1.2232803003485289e-10,-2.5878322740845183e-05,-2.5876396104125930e-05,-1.9266367192525126e-09,2.9763076213508326e-11,0
2317,-4.0484852993828687e-10,4.7642963690447404e-06,4.7685073616080444e-06,-4.2109925633039699e-09,1.5228367697462245e-11,0
2318,5.6720136066402815e-10,-4.0598795365946044e-05,-4.0597321141714842e-05,-1.4742242312022974e-09,5.6755788278093823e-11,0
2319,4.0024798795998797e-11,-9.9562049170841532e-06,-9.9562308893056173e-06,2.5972221464156450e-11,1.9113794180272481e-11,0
2320,-5.2717655988264562e-10,3.0642654125815141e-05,3.0646625397949266e-05,-3.9712721341245540e-09,5.3444236304167205e-11,0
2321,2.6779916475234760e-10,2.6337525347820342e-05,2.6338061266893618e-05,-5.3591907327575779e-10,1.2413775313531578e-11,0
2322,4.4262375860567491e-10,-6.9607900122768164e-06,-6.9578447883909404e-06,-2.9452238858760179e-09,1.4740000638220713e-11,0
2323,4.8019806868048536e-10,-1.7149110481456606e-06,-1.7152754786796996e-06,3.6443053403898752e-10,1.9302054627103843e-11,0
2324,1.7482459389128709e-10,-3.3298280043142503e-05,-3.3304222832053839e-05,5.9427889113363146e-09,7.2493110497052286e-12,0
2325,2.1239890395821900e-10,-2.8052451859621533e-05,-2.8058823164226721e-05,6.3713046051886715e-09,9.6241515625191108e-12,0
2326,3.7574310079938087e-11,5.2458388723971867e-06,5.2435149857562584e-06,2.3238866409282301e-09,3.7277386896652415e-12,0
2327,1.0319299726874490e-11,1.6951891541526270e-04,1.6951712312979290e-04,1.7922854698038549e-09,3.2443792270608026e-11,0
2328,-9.0558572843482841e-11,1.4723639202574891e-05,1.4724565747054678e-05,-9.2654447978657219e-10,1.1932751612151427e-11,0
2329,1.0789054378484446e-10,-2.5873962973087597e-05,-2.5876567198044040e-05,2.6042249564431938e-09,2.6888003756717931e-11,0
2330,5.5474322321349873e-12,4.7718488496795240e-06,4.7730009419931637e-06,-1.1520923136397292e-09,1.2733568456535964e-11,0
2331,1.9844911684089946e-10,-4.0597580953961876e-05,-4.0601337733371224e-05,3.7567794093480386e-09,7.1287308824554783e-11,0
2332,9.6106005011994706e-11,-9.9517819632018861e-06,-9.9555751036895806e-06,3.7931404876944308e-09,1.4737742169460829e-11,0
2333,-1.0234311138599763e-10,3.0645987347922322e-05,3.0651273174545418e-05,-5.2858266230958748e-09,6.9660362626974816e-11,0
2334,-2.0576905125955178e-10,-1.8148278369045385e-04,-1.8146617527796976e-04,-1.6608412484083986e-08,1.4324591282979495e-11,0
2335,-1.2929349101204688e-10,-1.1950699646956844e-05,-1.1953747805585288e-05,3.0481586284436074e-09,1.8363026387118459e-11,0
2336,6.7159478504275693e-11,-2.5852728935123453e-05,-2.5877032513492668e-05,2.4303578369214867e-08,4.9058264699074598e-11,0
2337,-9.4445855715372857e-11,-1.8348877016266529e-06,-1.8583440025317063e-06,2.3456300905053379e-08,1.2436883479157934e-11,0
2338,7.6475560165901114e-11,1.6953207359858558e-04,1.6951756628607139e-04,1.4507312514185295e-08,1.0423457486421662e-11,0
2339,1.1132319543786324e-10,1.7964789437823273e-04,1.7961560085664335e-04,3.2293521589374201e-08,8.5777466987948956e-12,0
2340,3.4847635298008314e-11,1.0115787292695223e-05,1.0096294605161229e-05,1.9492687533993953e-08,1.0576521455596215e-11,0
2341,-2.7292852963694053e-10,-1.5562989379535631e-04,-1.5559005992070619e-04,-3.9833874650120529e-08,7.0935348844498213e-11,0
2342,-1.9645296935079502e-10,1.3902047225561234e-05,1.3932122937889540e-05,-3.0075712328306501e-08,9.3508387165587718e-11,0
2343,-1.6160533404038322e-10,2.4017943310974455e-05,2.4026281325196689e-05,-8.3380142222339460e-09,6.4663406070495887e-11,0
2344,1.1225239341783688e-10,-9.9337196268686756e-06,-9.9553422647724409e-06,2.1622637903765296e-08,2.1336817748359346e-11,0
2345,-9.5225047644899093e-11,5.2398726782551617e-06,5.2420270364468939e-06,-2.1543581917322428e-09,5.2922947260887183e-13,0
2347,4.1786981141490423e-10,1.4734661793230214e-05,1.4729948661973725e-05,4.7131312564887987e-09,1.7216638273764475e-11,0
2348,2.5042882768802284e-11,-1.8145947634363134e-04,-1.8146338682459870e-04,3.9104809673598875e-09,1.2405056628635427e-11,0
2349,1.4094573664954472e-10,-2.5878179539626342e-05,-2.5876235777186204e-05,-1.9437624401378716e-09,2.5395398974404755e-11,0
2350,4.1895128244174944e-10,-1.7937420189913234e-06,-1.8527707223398764e-06,5.9028703348553025e-08,1.6284121164336510e-11,0
2351,7.0077031945223906e-10,4.7977811353759614e-06,4.7805315644763196e-06,1.7249570899641794e-08,1.9964269453376111e-11,0
2352,-3.9282692693060370e-10,-1.9619414300134678e-04,-1.9619026681683984e-04,-3.8761845069399878e-09,2.8271790403130005e-11,0
2353,-2.7692407411553234e-10,-4.0612841819885268e-05,-4.0606382725260037e-05,-6.4590946252305031e-09,2.8922288945908820e-11,0
2354,1.0814723507543693e-12,-1.6528422404835097e-05,-1.6587884979589955e-05,5.9462574754857973e-08,2.9971808699971522e-11,0
2355,2.8290050771633235e-10,-9.9368901287531439e-06,-9.9533965234167636e-06,1.6506394663619691e-08,1.2079824337817973e-11,0
2357,6.7572743452006676e-10,1.8625722704670219e-04,1.8622922389657128e-04,2.8003150130906590e-08,2.5387215711404434e-11,0
2358,-1.1590285377770094e-10,-1.5558116802791983e-04,-1.5558803949980259e-04,6.8714718827619058e-09,2.0211507617174142e-11,0
2359,2.7800554585911874e-10,2.4084524564302323e-05,2.4031087829176936e-05,5.3436735125387289e-08,1.6589798078474819e-11,0
2360,5.5982458270346299e-10,3.0675942237302911e-05,3.0658418915315994e-05,1.7523321986917517e-08,2.5721717632544338e-11,0
2361,2.8181903372875110e-10,6.5915593486149705e-06,6.6134887109656627e-06,-2.1929362350692128e-08,3.4541777007050683e-11,0
2362,-6.2185394740379014e-10,-7.0979274153144291e-06,-7.1058251707207338e-06,7.8977554063047314e-09,8.6187182825581133e-12,0
2363,-7.1752811365703100e-10,-1.1952373301362881e-05,-1.1960504714315471e-05,8.1314129525893403e-09,1.4572852489169689e-11,0
2364,-9.5674166214897470e-11,-4.8544107402316398e-06,-4.8527997313073750e-06,-1.6110089242648055e-09,7.3534211486101409e-12,0
2365,-7.1487476136985777e-10,-7.1419657358164079e-06,-7.1069514952268988e-06,-3.5014240589509172e-08,8.5912983438662371e-12,0
2367,-7.0968242966414703e-10,-1.1995222172447861e-05,-1.1960538672652845e-05,-3.4683499795016049e-08,2.4163995779971944e-11,0
2368,6.4668853977147309e-12,-2.5899591645224367e-05,-2.5877749793584977e-05,-2.1841851639389418e-08,2.5704932658944415e-11,0
2369,-7.0831246547715058e-10,-1.8980279533759026e-06,-1.8653958879626360e-06,-3.2632065413266602e-08,7.9646069240423722e-12,0
2370,5.6563838688044441e-11,-1.7436891156219015e-04,-1.7436999397476711e-04,1.0824125769683720e-09,8.5243392738425724e-12,0
2371,5.1923321131411534e-12,-4.8532614376196024e-06,-4.8517389482582636e-06,-1.5224893613388082e-09,6.4120363052965284e-12,0
2372,6.5622960321710292e-12,5.2439398170681529e-06,5.2431416099893517e-06,7.9820707880118378e-10,2.4547208528456507e-12,0
2373,-5.1371506492733192e-11,1.6951324258514819e-04,1.6951541268028309e-04,-2.1700951348944432e-09,1.1409302005060250e-11,0
2374,-5.0001542540384712e-11,1.7961285562286900e-04,1.7961320539307970e-04,-3.4977021070594326e-10,6.4189573548979299e-12,0
2375,1.3699639149186751e-12,1.0097216369316542e-05,1.0096067751433075e-05,1.1486178834675860e-09,6.4514269852990408e-12,0
2376,-7.2134164686419854e-10,1.8757703687487942e-05,1.8777726699349401e-05,-2.0023011861459143e-08,2.5802536684067230e-11,0
2377,-6.6477780911835380e-10,-1.5561142555934986e-04,-1.5559381479661786e-04,-1.7610762731998589e-08,5.6131359343687632e-11,0
2378,-7.1614931511208432e-10,1.3904435109516472e-05,1.3926140283232732e-05,-2.1705173716259703e-08,7.4686421840240901e-11,0
2379,-7.1477935095872144e-10,2.4001685358068098e-05,2.4020009744021312e-05,-1.8324385953213761e-08,2.5861852783121488e-11,0
2380,-5.9908779844708185e-11,-9.9720115784227015e-06,-9.9571222989197669e-06,-1.4889279502934522e-08,2.8102210975826718e-11,0
2381,2.8782337834726109e-10,2.6343731216843004e-05,2.6338283229661676e-05,5.4479871813282500e-09,2.2492258472854607e-11,0
2382,-4.7390639036554478e-10,-7.1193027617235533e-06,-7.1043702200445049e-06,-1.4932541679048362e-08,1.4042283976243514e-11,0
2383,-5.1487431443374606e-10,-1.8148993372046549e-04,-1.8146896351310457e-04,-2.0970207360919381e-08,1.6229440130975583e-11,0
2384,-5.0141242251268855e-10,-1.1973346318215616e-05,-1.1958344095652340e-05,-1.5002222563276568e-08,2.2899304958222544e-11,0
2385,-4.7872252858661042e-10,-1.8757190124816386e-06,-1.8629298661523113e-06,-1.2789146329327386e-08,1.0213732300257289e-11,0
2386,-4.0967923357777340e-11,-1.7437063050762080e-04,-1.7437088850158893e-04,2.5799396812160348e-10,1.0517588315864880e-11,0
2387,-2.7506031890039502e-11,-4.8540210119938938e-06,-4.8521554305268954e-06,-1.8655814669983942e-09,1.2179425738075915e-11,0
2388,-4.8161381294091661e-12,5.2436260169887259e-06,5.2430093114576104e-06,6.1670553111546606e-10,5.4096979571799446e-12,0
2389,1.3461891413696729e-11,1.6951655259521553e-04,1.6951589636785767e-04,6.5622735785403515e-10,1.7039107490237904e-11,0
2390,3.6151785151972397e-11,1.7961423341991906e-04,1.7961396663880076e-04,2.6678111830118548e-10,7.8254176906140057e-12,0
2391,2.2689893741676265e-11,1.0097658791308217e-05,1.0096350096738725e-05,1.3086945694914620e-09,9.1069866247175657e-12,0
2392,-2.1387205469581143e-11,-4.0614606302951436e-05,-4.0603279318126778e-05,-1.1326984824657567e-08,3.3310879588459095e-11,0
2393,2.0980385059782505e-09,1.4735326059733128e-05,1.4748136019746957e-05,-1.2809960013829329e-08,2.2353767350376856e-11,0
2394,-6.8612413117498266e-10,-7.0909985448600402e-06,-7.1068672242843034e-06,1.5868679424263260e-08,8.6360993266863546e-12,0
2395,-1.3940014833517387e-09,-1.8146375356339201e-04,-1.8147845977602416e-04,1.4706212632159456e-08,1.2981019145558716e-11,0
2396,-1.0287915862487301e-09,-1.1946544102571684e-05,-1.1964373629507380e-05,1.7829526935695932e-08,1.5541801582960010e-11,0
2397,9.8470486542804299e-11,-2.5879871237014743e-05,-2.5876767043515734e-05,-3.1041934990094344e-09,4.6442574147915878e-11,0
2398,-8.0665375399749440e-10,-1.8489597496370094e-06,-1.8666920076335673e-06,1.7732257996557842e-08,8.5103814943291215e-12,0
2399,2.6888416125664403e-09,4.7821146865432984e-06,4.8022652021316538e-06,-2.0150515588355432e-08,2.2344201579228832e-11,0
2400,-2.7841626235613009e-09,-2.1826332507860890e-05,-2.1856930913628178e-05,3.0598405767288402e-08,1.5601378583251561e-11,0
2401,-3.4920399790611407e-09,-1.9619908443549677e-04,-1.9622369383101918e-04,2.4609395522405065e-08,2.4298159111118357e-11,0
2402,-3.1268300796725043e-09,-2.6681820930347000e-05,-2.6709217287861011e-05,2.7396357514011105e-08,1.8953197720903524e-11,0
2403,-1.9995680161453076e-09,-4.0615164177061625e-05,-4.0625090116706196e-05,9.9259396445716078e-09,5.8149449020878374e-11,0
2404,-2.9046922467152047e-09,-1.6584255051637134e-05,-1.6619982468370233e-05,3.5727416733099247e-08,1.5673449992489420e-11,0
2405,5.9080310824034599e-10,-9.9531851468815952e-06,-9.9497969102726438e-06,-3.3882366089514008e-09,1.7800682194553554e-11,0
2406,-7.0787735577200657e-10,-1.7437273244971818e-04,-1.7437798046475130e-04,5.2480150331229818e-09,7.0556448095251850e-12,0
2407,-3.4266745616175165e-10,-4.8555016969095005e-06,-4.8557359345222696e-06,2.3423761276905835e-10,8.0608327070769890e-12,0
2408,-1.2052962316966944e-10,5.2420810097085187e-06,5.2417167189213948e-06,3.6429078712387749e-10,4.1514650632570240e-12,0
2409,3.3749657309121695e-09,1.1873158986294317e-05,1.1884439192741838e-05,-1.1280206447521161e-08,1.4879878363049166e-11,0
2410,3.6520989892126574e-10,1.6951722373270391e-04,1.6951941691645056e-04,-2.1931837466460970e-09,1.2528008954661105e-11,0
2411,5.8734773173281420e-10,1.7961478299634618e-04,1.7961976442676004e-04,-4.9814304138617090e-09,6.9816365846657753e-12,0
2412,4.0828430890998966e-09,1.8624589712803790e-04,1.8626645705864344e-04,-2.0559930605533244e-08,2.3138367417711463e-11,0
2413,2.2213783287555009e-10,1.0097567284761248e-05,1.0098635046965538e-05,-1.0677622042904009e-09,7.5637059467620899e-12,0
2414,3.7176331892367915e-09,1.6728643656941690e-05,1.6755622452513088e-05,-2.6978795571397591e-08,1.8532150638299067e-11,0
2415,-7.8459462154805681e-10,1.8788772492981526e-05,1.8776895431700410e-05,1.1877061281115363e-08,3.1043021122735718e-11,0
2416,-1.4924719724459698e-09,-1.5558371183304817e-04,-1.5560249921090034e-04,1.8787377852166800e-08,5.4306900478578809e-11,0
2417,-1.1272620763063965e-09,1.3933397549440243e-05,1.3921398320751924e-05,1.1999228688319520e-08,4.2084588966802487e-11,0
2418,-9.0512424422398967e-10,2.4030974468538385e-05,2.4017783371887131e-05,1.3191096651254020e-08,3.9175497271050995e-11,0
2419,2.5903711266656898e-09,3.0661979180401228e-05,3.0680591464595072e-05,-1.8612284193844555e-08,5.5064636963923968e-11,0
2420,3.4954953555563835e-09,6.6310949273153553e-06,6.6495027482719855e-06,-1.8407820956630220e-08,1.4960566456029302e-11,0
2421,-1.5717475175674763e-10,-1.8146372944544478e-04,-1.8146454479337209e-04,8.1534792730365152e-10,1.9604172535152003e-11,0
2422,2.1701936370835678e-10,2.6318264104919359e-05,2.6337498387100716e-05,-1.9234282181356758e-08,2.0352686554529523e-11,0
2423,5.6916941464899458e-10,-6.9832632050422991e-06,-6.9567792678548167e-06,-2.6483937187482429e-08,1.4077312087873830e-11,0
2424,6.3181666474774623e-10,-1.7383723547497246e-06,-1.7140402344994827e-06,-2.4332120250241876e-08,1.6748415949831141e-11,0
2425,3.5215005034990529e-10,-3.3301533225303659e-05,-3.3304389712998151e-05,2.8564876944922948e-09,5.0102502463010976e-12,0
2426,4.1479730031441825e-10,-2.8056644835188979e-05,-2.8058731809816276e-05,2.0869746272964235e-09,5.2956451814553543e-12,0
2427,6.2647250042745360e-11,5.2449157982377599e-06,5.2437381945196214e-06,1.1776037181385158e-09,2.2429630896949239e-12,0
2428,-1.0030487162268357e-10,1.4723111442021750e-05,1.4723522022228730e-05,-4.1058020698083993e-10,1.1692800920332549e-11,0
2429,1.0811743198434146e-10,-2.5875729247211952e-05,-2.5876694143173270e-05,9.6489596131791341e-10,2.7876671076780361e-11,0
2430,3.9271274714766248e-12,4.7705955452850943e-06,4.7723327420409528e-06,-1.7371967558584868e-09,1.2919327229351931e-11,0
2431,2.0842230384438391e-10,-4.0598829005471238e-05,-4.0600396893882584e-05,1.5678884113468289e-09,6.9258229509931264e-11,0
2432,1.0423199903079031e-10,-9.9525363469145020e-06,-9.9550853413708741e-06,2.5489944563720709e-09,1.4970771994100791e-11,0
2433,-1.0419030436382227e-10,3.0646329157636102e-05,3.0650534100003610e-05,-4.2049423675083572e-09,7.0187594339342096e-11,0
2434,-1.2420862329435985e-09,1.6949380187416662e-04,1.6950088453539399e-04,-7.0826612273656650e-09,1.7914448304800829e-11,0
2435,-4.5984369784183178e-10,1.4719232608742874e-05,1.4719456709222111e-05,-2.2410047923703523e-10,1.5705515717713865e-11,0
2436,1.1904748657205658e-10,-2.5879227345826251e-05,-2.5876584045045732e-05,-2.6433007805185557e-09,3.0558057139433143e-11,0
2437,-4.1433061949675761e-10,4.7632986461283028e-06,4.7676409294431181e-06,-4.3422833148153270e-09,1.4769487233750939e-11,0
2438,5.7889118575335708e-10,-4.0598342021611750e-05,-4.0596219427555176e-05,-2.1225940565741327e-09,5.8334319540658780e-11,0
2439,4.5513077756321625e-11,-9.9559199444952239e-06,-9.9557020828356505e-06,-2.1786165957344639e-10,1.9341660440455394e-11,0
2440,-5.3337810606261928e-10,3.0642363348208287e-05,3.0645715291568735e-05,-3.3519433604477710e-09,5.7717137540268969e-11,0
2441,3.1733752439528408e-10,2.6341672078477110e-05,2.6338610385658227e-05,3.0616928188830503e-09,1.7473906481461527e-11,0
2442,4.7519227037012907e-10,-6.9593412922825879e-06,-6.9578873464108749e-06,-1.4539458717129661e-09,1.5521843132480312e-11,0
2443,5.1035514912519848e-10,-1.7135483942696400e-06,-1.7154742661169384e-06,1.9258718472983552e-09,2.1836332462823125e-11,0
2444,1.5785474599890214e-10,-3.3300996281876438e-05,-3.3306963138423802e-05,5.9668565473633547e-09,9.0053175817597253e-12,0
2445,1.9301762475540030e-10,-2.8055174879597702e-05,-2.8061613767374382e-05,6.4388877766798558e-09,1.1229109795597024e-11,0
2446,3.5162878762406411e-11,5.2458248321395149e-06,5.2434227684318166e-06,2.4020637076982914e-09,3.7820647801013344e-12,0
2447,-3.8352917168638515e-10,1.4689873423272964e-05,1.4720213061585298e-05,-3.0339638312333608e-08,4.4614650101772423e-11,0
2448,8.3886185540337791e-11,-2.5872734156309990e-05,-2.5876986191254447e-05,4.2520349444573747e-09,3.4927462081941563e-11,0
2450,4.6741535792496360e-10,-4.0562551702809369e-05,-4.0597375622914071e-05,3.4823920104702188e-08,5.3834200880415912e-11,0
2451,-1.0507730014507907e-11,-9.9565920793234872e-06,-9.9562847959776682e-06,-3.0728334581906608e-10,3.5385503442267723e-11,0
2452,-4.7792308662370543e-10,3.0606027962790799e-05,3.0646261204074515e-05,-4.0233241283715209e-08,8.2730356676632882e-11,0
2453,-3.0678449943107350e-12,-2.0767291620532049e-04,-2.0767679712484222e-04,3.8809195217291009e-09,1.7958703475285675e-11,0
2454,-5.0949078453833587e-11,-3.8168120835926217e-05,-3.8158589111993667e-05,-9.5317239325498800e-09,3.4620705349582113e-11,0
2455,-6.2419327567818347e-11,-2.8072453586361693e-05,-2.8064748245475990e-05,-7.7053408857027982e-09,1.2856607026558219e-11,0
2456,-4.7881233445131764e-11,1.6950480484945532e-04,1.6951379236934395e-04,-8.9875198886336764e-09,1.8422213835313392e-11,0
2457,-5.9351482551309658e-11,1.7960044808041503e-04,1.7961173387166809e-04,-1.1285791253059585e-08,8.8188427975195010e-12,0
2458,-1.1470249135472121e-11,1.0095673665985305e-05,1.0096250340229123e-05,-5.7667424381877908e-10,1.1465382927245593e-11,0
2459,-7.3974752313065471e-11,1.4701163093194108e-05,1.4723534141859667e-05,-2.2371048665558677e-08,6.2416529548661645e-11,0
2460,1.1507550465678409e-10,-4.8427193209861497e-06,-4.8509433744494598e-06,8.2240534633101759e-09,1.2978735660515599e-11,0
2461,4.7199927254116772e-11,5.2456174160348239e-06,5.2435438107154000e-06,2.0736053194239784e-09,7.2571133621209371e-12,0
2462,-6.7875577410975461e-11,1.0088331301067854e-05,1.0095660004040191e-05,-7.3287029723371284e-09,1.3818288067244108e-11,0
2463,4.0316451397683330e-10,1.4733266569569650e-05,1.4728726633373495e-05,4.5399361961547707e-09,1.3709419724873623e-11,0
2464,1.0423578787434765e-10,-1.8145784923233842e-04,-1.8146091682709963e-04,3.0675947612157986e-09,9.6416965196572772e-12,0
2465,1.4093508247491484e-10,-2.5878646298213744e-05,-2.5876382419736873e-05,-2.2638784768706625e-09,2.4536729829910585e-11,0
2466,5.1819203172166673e-10,-1.8097632161866162e-06,-1.8524847399565097e-06,4.2721523769893518e-08,1.3591854946030438e-11,0
2467,6.9787484939761759e-10,4.7922521275497315e-06,4.7797635206626214e-06,1.2488606887110153e-08,1.6434720095850063e-11,0
2468,-2.9892872459192040e-10,-1.9619108838881631e-04,-1.9618697893222702e-04,-4.1094565892817615e-09,3.7846927977994367e-11,0
2469,-2.6222943089937743e-10,-4.0611784381977198e-05,-4.0605280108062404e-05,-6.5042739147934663e-09,4.3939066503369468e-11,0
2470,1.1502751880614295e-10,-1.6543113150640706e-05,-1.6586349927702008e-05,4.3236777061302068e-08,3.1624575079005992e-11,0
2471,2.9471033507277970e-10,-9.9409832124246200e-06,-9.9528132433780135e-06,1.1830030953393522e-08,1.5255091885595423e-11,0
2472,4.1395624335583192e-10,1.7964806044099349e-04,1.7961666829063768e-04,3.1392150355807977e-08,3.7004370250165350e-12,0
2473,5.9363905948513319e-10,1.8625015835605115e-04,1.8622701999211646e-04,2.3138363934685794e-08,2.7904281043393276e-11,0
2474,-3.6699294538043274e-11,-1.5557909807823594e-04,-1.5558522413091987e-04,6.1260526839290123e-09,2.5874872195288181e-11,0
2475,3.7725694928272332e-10,2.4068915549114306e-05,2.4031727880541848e-05,3.7187668572457889e-08,2.5495383203563823e-11,0
2476,5.5693976686165044e-10,3.0670879990771227e-05,3.0657573619423385e-05,1.3306371347841567e-08,4.0960065873981986e-11,0
2477,1.7968281486677504e-10,6.6020332904277897e-06,6.6133052824060017e-06,-1.1271991978212030e-08,2.8993304401805392e-11,0
2478,6.1413769201689881e-11,-4.8288094390072644e-06,-4.8515904166954482e-06,2.2780977688183717e-08,5.0786160904235129e-12,0
2480,1.0303530243838933e-10,-2.5875686817829462e-05,-2.5876813777236580e-05,1.1269594071178538e-09,4.9977555253347374e-11,0
2481,-2.1896683862940520e-11,-1.7436876567261141e-04,-1.7436893647438287e-04,1.7080177146223084e-10,9.5246311671594945e-12,0
2482,-1.1907423943674871e-11,-4.8546461458587060e-06,-4.8524865636588368e-06,-2.1595821998691565e-09,1.0700763067036586e-11,0
2483,9.9892599147227067e-12,1.6951412959150029e-04,1.6951366585048582e-04,4.6374101447485029e-10,1.5867177730830571e-11,0
2484,7.4124599983806354e-11,-2.5866280050588879e-05,-2.5877147876629456e-05,1.0867826040577265e-08,5.8288819512529130e-11,0
2485,-3.4306827331358133e-12,-1.8061128708628596e-06,-1.8584050197104203e-06,5.2292148847560659e-08,3.9141674941096796e-11,0
2487,3.7639245034571777e-11,-9.9266836877482875e-06,-9.9555736247361530e-06,2.8889936987865484e-08,2.6530092904587711e-11,0
2488,-6.4833548780689235e-10,-7.1630574467393404e-06,-7.1072576751609104e-06,-5.5799771578429985e-08,1.1603011994209646e-11,0
2491,2.0266911046760561e-11,-2.5912747434714712e-05,-2.5877761938273911e-05,-3.4985496440800596e-08,3.0813753714646306e-11,0
2492,-6.4548405898464543e-10,-1.9192513323919302e-06,-1.8656168080616000e-06,-5.3634524330330234e-08,8.5031708488065913e-12,0
2493,1.9879225859199422e-11,-1.7436697236973900e-04,-1.7436823171588560e-04,1.2593461465976955e-09,9.0148707681856744e-12,0
2494,-6.9734562596235351e-12,-4.8540089712564749e-06,-4.8525018573306359e-06,-1.5071139258389615e-09,6.3466235920334651e-12,0
2495,2.8514289744859124e-12,5.2438463174207025e-06,5.2430287341491429e-06,8.1758327155960714e-10,2.9467704781623291e-12,0
2496,-2.6852682035745066e-11,1.6951296957601987e-04,1.6951295310773670e-04,1.6468283171606340e-11,9.5592764025870053e-12,0
2497,-1.7027796766307079e-11,1.7961081377039110e-04,1.7961131883684222e-04,-5.0506645111851600e-10,5.2328831645899591e-12,0
2498,9.8248852338288846e-12,1.0097857771542389e-05,1.0096696414446347e-05,1.1613570960420923e-09,4.7949671115104945e-12,0
2499,-6.6860239896969814e-10,1.8749570087281398e-05,1.8777731919505093e-05,-2.8161832223695085e-08,3.4658064440989326e-11,0
2500,-6.4872317416285071e-10,-1.5561744298020833e-04,-1.5559145361431265e-04,-2.5989365895674353e-08,4.7784307751905051e-11,0
2501,-6.7557585563485998e-10,1.3895745194090342e-05,1.3925766801839144e-05,-3.0021607748801537e-08,6.6223798965684226e-11,0
2502,-6.6575097013482473e-10,2.3993553425704500e-05,2.4020034711342935e-05,-2.6481285638434420e-08,2.4801096041167577e-11,0
2503,3.1063146579226811e-10,2.6347558794789436e-05,2.6338536050887314e-05,9.0227439021217019e-09,2.3969053145047108e-11,0
2504,-5.1124328065694624e-10,-7.0995568530992162e-06,-7.1058392879019348e-06,6.2824348027185813e-09,1.0004718308252302e-11,0
2505,-7.3505313229873404e-10,-1.8146850315131982e-04,-1.8146959028588917e-04,1.0871345693509813e-09,1.4324422715879235e-11,0
2506,-6.2351435899636619e-10,-1.1954583503260251e-05,-1.1961037691681147e-05,6.4541884208967130e-09,1.6476906589733886e-11,0
2507,5.4829494046439029e-11,-2.5880503969916624e-05,-2.5877394837460673e-05,-3.1091324559507489e-09,4.6954609457734003e-11,0
2508,-5.4686550001133879e-10,-1.8563223473776896e-06,-1.8646126304549240e-06,8.2902830772343676e-09,9.0928448246352160e-12,0
2509,-2.2380985123063023e-10,-1.7436895952092305e-04,-1.7437072256262545e-04,1.7630417024027106e-09,7.5663350192968734e-12,0
2510,-1.1227107819581965e-10,-4.8550233156081316e-06,-4.8537299716724563e-06,-1.2933439356753527e-09,6.3350276094063713e-12,0
2511,-3.5622219302499378e-11,5.2432485574680551e-06,5.2425953057928057e-06,6.5325167524935495e-10,3.1552434799496054e-12,0
2512,1.1153877285022969e-10,1.6951391884646174e-04,1.6951422220273481e-04,-3.0335627307126641e-10,1.3347074280565143e-11,0
2513,1.8818763168221742e-10,1.7961221251788849e-04,1.7961337514736103e-04,-1.1626294725401460e-09,7.2674320833120846e-12,0
2514,7.6648858844680861e-11,1.0098263414318621e-05,1.0097489027569414e-05,7.7438674920667842e-10,3.0037024415908544e-12,0
2515,-5.6607277529895760e-10,1.8780831445651836e-05,1.8778812233028291e-05,2.0192126235449596e-09,3.5108027494728311e-11,0
2516,-7.8988262668690166e-10,-1.5558787485712034e-04,-1.5559280655967343e-04,4.9317025530893916e-09,7.2653294808888849e-11,0
2517,-6.7834385355139588e-10,1.3925891844557975e-05,1.3925656268266857e-05,2.3557629111834193e-10,4.5006136539471150e-11,0
2518,-6.0169499461994115e-10,2.4024226926757861e-05,2.4020694460636458e-05,3.5324661214025633e-09,2.3545193187666543e-11,0
2519,-4.4853762248244722e-10,-1.8146995247747891e-04,-1.8146626206599071e-04,-3.6904114881998375e-09,4.5542873010225467e-11,0
2520,-1.1129594902317008e-10,1.4722407388750337e-05,1.4722411444803287e-05,-4.0560529500371532e-12,1.2170266668624337e-11,0
2521,1.0721799479921203e-10,-2.5877032679688921e-05,-2.5876840913824492e-05,-1.9176586442856930e-10,2.7629752365801279e-11,0
2522,2.1851394408923237e-10,-4.0599451696390898e-05,-4.0599407663101378e-05,-4.4033289520054378e-11,6.9333868465583705e-11,0
2523,-4.7366623776366715e-10,1.4717760440418129e-05,1.4718326459180698e-05,-5.6601876256916997e-10,1.7449639508396375e-11,0
2524,1.1480559179865823e-10,-2.5880145129714930e-05,-2.5876766245263150e-05,-3.3788844517801593e-09,3.6946817611444752e-11,0
2525,5.8847183093102602e-10,-4.0597999517485994e-05,-4.0595246254914531e-05,-2.7532625714629232e-09,5.8489358010761078e-11,0
2526,3.0902564823191599e-10,2.6331504314311763e-05,2.6338518250851919e-05,-7.0139365401561318e-09,1.5587539415225089e-11,0
2527,6.3227718806104243e-10,-6.9738435058445611e-06,-6.9565198093692432e-06,-1.7323696475317845e-08,1.2995997263350837e-11,0
2528,7.8060269195496276e-10,-1.1821419601042952e-05,-1.1807773226070637e-05,-1.3646374972314251e-08,2.0754053078671396e-11,0
2529,6.9217948516985302e-10,-1.7289602686119086e-06,-1.7139524155251713e-06,-1.5007853086737306e-08,1.0274954118888746e-11,0
2530,1.2429474175267269e-09,4.9333088283634238e-06,4.8818730846113613e-06,5.1435743752062560e-08,4.0438398350140704e-11,0
2531,3.2325153939356471e-10,-3.3305331150521034e-05,-3.3307493089422712e-05,2.1619389016779575e-09,6.5502455178701706e-12,0
2532,4.7157704308117115e-10,-3.8152943639303480e-05,-3.8155276505130346e-05,2.3328658268660044e-09,1.1242541959277488e-11,0
2533,3.8315383639824940e-10,-2.8060477883668292e-05,-2.8061891311602176e-05,1.4134279338845306e-09,5.4169005007436588e-12,0
2534,9.3392176753124249e-10,-2.1398175067396941e-05,-2.1425464500792358e-05,2.7289433395417674e-08,1.2927864303618846e-11,0
2535,1.4832550383042966e-10,-4.8476037626879465e-06,-4.8509972577844147e-06,3.3934950964682167e-09,5.6797157798227513e-12,0
2536,5.9902297077988575e-11,5.2448514060267955e-06,5.2436363569365654e-06,1.2150490902301255e-09,2.8560878779610111e-12,0
2537,6.1067022902272768e-10,1.1907143895529410e-05,1.1855329908963649e-05,5.1813986565761038e-08,1.7169828246326520e-11,0
2538,-8.8423206787731018e-11,1.0092446751421187e-05,1.0095792059285941e-05,-3.3453078647534685e-09,3.9418930153173747e-12,0
2539,4.6234472554789961e-10,1.6754703108402130e-05,1.6720577509374248e-05,3.4125599027882232e-08,2.3873246006087084e-11,0
2540,5.5076793206983454e-10,6.6622735393796761e-06,6.6180593682728422e-06,4.4214171106833923e-08,1.3246276742562469e-11,0
2541,-3.9182280325402323e-10,1.4688561923712970e-05,1.4719123427320601e-05,-3.0561503607630920e-08,3.0050837629581886e-11,0
2542,8.3475603621081642e-11,-2.5877400825842078e-05,-2.5877128782391692e-05,-2.7204345038535252e-10,2.4818336381071365e-11,0
2543,4.7529840757540753e-10,-4.0565978254900048e-05,-4.0596402925457934e-05,3.0424670557886052e-08,4.4726889056910386e-11,0
2544,-2.8535149894921211e-09,-3.3334953327941209e-05,-3.3343010139146618e-05,8.0568112054089903e-09,1.3149923430338047e-11,0
2545,-3.6353287069158591e-09,-2.0770313591619502e-04,-2.0771770009075493e-04,1.4564174559910477e-08,2.2687024150979745e-11,0
2546,-2.9828309305288289e-09,-2.8092343014988336e-05,-2.8099508594573350e-05,7.1655795850146151e-09,7.4192187266244979e-12,0
2547,-7.8181371330376526e-10,-1.7436819911942372e-04,-1.7437613398760751e-04,7.9348681837902897e-09,1.1203868100775156e-11,0
2548,-1.2931594049931112e-10,5.2426367693666478e-06,5.2415311388350057e-06,1.1056305316421001e-09,6.1180825810928916e-12,0
2549,6.5249777268265536e-10,1.7961083633296398e-04,1.7961771833004212e-04,-6.8819970781418705e-09,1.0974617310123836e-11,0
2550,1.0507147884193200e-10,1.4732387390713197e-05,1.4724517672108134e-05,7.8697186050635993e-09,1.0985846641067657e-11,0
2551,1.0077739450752812e-10,-2.5877140880187829e-05,-2.5876952726603312e-05,-1.8815358451639399e-10,2.5241197910919435e-11,0
2552,2.5290803855998543e-10,4.8219031557363012e-06,4.7742024965137608e-06,4.7700659222540482e-08,1.1626784599049143e-11,0
2553,-4.2940843805934053e-12,-4.0609496306853732e-05,-4.0601618191147523e-05,-7.8781157062085116e-09,2.5865423100272884e-11,0
2554,1.4783655971502416e-10,-9.9104654115913376e-06,-9.9540548542950699e-06,4.3589442703732253e-08,1.5833902938745029e-11,0
2555,1.5213064407297590e-10,3.0699061913420922e-05,3.0652391637568557e-05,4.6670275852364780e-08,5.5444091574226436e-11,0
2556,-1.2095647411260353e-09,1.6949155071342486e-04,1.6949843324337311e-04,-6.8825299482495016e-09,2.2979540146495900e-11,0
2557,-1.1390885766658267e-11,4.7611319582592515e-06,4.7712134435333613e-06,-1.0081485274109796e-08,5.7136135147011851e-11,0
2558,3.7245803392794038e-10,2.6346517875441391e-05,2.6339221380982200e-05,7.2964944591910727e-09,1.5724283846903738e-11,0
2559,5.1016286650200062e-10,-6.9575846789703133e-06,-6.9580097226723871e-06,4.2504370207376946e-10,1.6850986102341040e-11,0
2560,5.4182534624199734e-10,-1.7116891765280723e-06,-1.7157990990789909e-06,4.1099225509185768e-09,1.9853626904510197e-11,0
2561,1.3770483257241591e-10,-3.3304108580475833e-05,-3.3310411855937048e-05,6.3032754612149110e-09,7.5073282812645812e-12,0
2562,1.6936731231411778e-10,-2.8058183143130078e-05,-2.8065131068461216e-05,6.9479253311381965e-09,8.9764556327018958e-12,0
2563,3.1662479741337670e-11,5.2459306581617224e-06,5.2433012074690243e-06,2.6294506926981257e-09,3.3756643397125384e-12,0
2564,1.0284234045777245e-10,-2.5877090877378644e-05,-2.5876957388050617e-05,-1.3348932802710665e-10,3.3033242292756537e-11,0
2565,4.5808726285950169e-11,-9.9402475569618579e-06,-9.9550983907464360e-06,1.4850833784578146e-08,3.4775097548265425e-11,0
2566,-2.5759333286955507e-11,1.6950196939862936e-04,1.6951111541106911e-04,-9.1460124397482571e-09,7.1157941361881653e-12,0
2567,3.8515301990554365e-10,1.4731602485397108e-05,1.4727320506126177e-05,4.2819792709303321e-09,1.7109578413748577e-11,0
2568,1.3875004307615572e-10,-2.5879143016247988e-05,-2.5876573565667530e-05,-2.5694505804578277e-09,2.5247461705676894e-11,0
2569,6.9020737412206651e-10,4.7881850345314614e-06,4.7788401127560757e-06,9.3449217753856727e-09,2.0287509730251639e-11,0
2570,-2.4640297628425592e-10,-4.0610612061805704e-05,-4.0604034104143141e-05,-6.5779576625631976e-09,5.8514148105224719e-11,0
2571,3.0505435383295735e-10,-9.9433987806587729e-06,-9.9521832267135347e-06,8.7844460547618821e-09,1.8891062720031195e-11,0
2572,5.5145733102018436e-10,3.0667269587345350e-05,3.0656586289460170e-05,1.0683297885180382e-08,1.7569139738995687e-11,0
2574,2.0198186399540798e-10,-6.9764263819355188e-06,-6.9615172064421412e-06,-1.4909175493377624e-08,1.2862734953248311e-11,0
2575,1.8890699222820152e-10,-1.8134184401180468e-04,-1.8132916240891012e-04,-1.2681602894567450e-08,2.1353990519000267e-11,0
2576,1.8405944127761082e-10,-1.1831159114124995e-05,-1.1814925461173708e-05,-1.6233652951287079e-08,2.0506312521052056e-11,0
2577,2.0138177948307268e-10,-1.7327790810973270e-06,-1.7196935279923641e-06,-1.3085553104962981e-08,1.1316490507647317e-11,0
2578,-4.8183629980299166e-10,-3.3349849688227989e-05,-3.3317857212509098e-05,-3.1992475718891039e-08,1.4727922715324797e-11,0
2579,-4.9491117197074151e-10,-2.0771514476650675e-04,-2.0768319696771347e-04,-3.1947798793279837e-08,1.4482967615209608e-11,0
2580,-4.9975872267111088e-10,-3.8204262728779720e-05,-3.8167774057885648e-05,-3.6488670894071411e-08,5.7494091809722904e-11,0
2581,-4.8243638436681089e-10,-2.8106023985865342e-05,-2.8072939382900465e-05,-3.3084602964876823e-08,3.6592354094430320e-11,0
2582,-1.3074871041391463e-11,-1.7436537942491412e-04,-1.7436673114985314e-04,1.3517249390117281e-09,5.2370186926338467e-12,0
2583,-1.7922422441695952e-11,-4.8546815927549109e-06,-4.8531635246656161e-06,-1.5180680892948578e-09,4.0124337622434688e-12,0
2584,-6.0008441630196921e-13,5.2436936453727521e-06,5.2429287571583598e-06,7.6488821439225577e-10,1.9454214286163791e-12,0
2585,-4.8475513140326019e-12,1.6951069644326796e-04,1.6951084730459860e-04,-1.5086133064350429e-10,5.8799462163654199e-12,0
2586,1.2474786736490080e-11,1.7960905952532332e-04,1.7960970846814996e-04,-6.4894282664012225e-10,3.6950312459974759e-12,0
2587,1.7322338018815613e-11,1.0098368725310800e-05,1.0097239720479735e-05,1.1290048310643092e-09,3.0930562808521865e-12,0
2588,2.4715784885022736e-10,1.4738146851180772e-05,1.4725655131480183e-05,1.2491719700589014e-08,2.3841272657561017e-11,0
2589,-4.2121154727420441e-10,-7.1008309226253119e-06,-7.1057789982770476e-06,4.9480756517356904e-09,8.3369848390608319e-12,0
2590,-6.8285262708182023e-10,-1.8146772764799941e-04,-1.8146739980958717e-04,-3.2783841223335553e-10,1.0907002023927562e-11,0
2591,-5.4611345760503574e-10,-1.1956352329893158e-05,-1.1961370611400536e-05,5.0182815073783330e-09,1.3100550665249461e-11,0
2592,6.5853462629752187e-11,-2.5881010160269929e-05,-2.5877420975623589e-05,-3.5891846463395008e-09,3.4484330202765044e-11,0
2593,-4.6113916639955012e-10,-1.8576089057956505e-06,-1.8644865149293691e-06,6.8776091337186312e-09,6.7863905234060145e-12,0
2594,-2.6164107919567991e-10,-1.7436688283031603e-04,-1.7436919340969886e-04,2.3105793828270306e-09,5.3331576176919058e-12,0
2595,-1.2490191011358452e-10,-4.8555055461208148e-06,-4.8544342148171050e-06,-1.0713313037097577e-09,5.7281993379050606e-12,0
2596,-3.9927619046781012e-11,5.2432293570184481e-06,5.2424831298976274e-06,7.4622712082070194e-10,3.0180888791126332e-12,0
2597,1.3673916896234381e-10,1.6951137635393118e-04,1.6951204773648764e-04,-6.7138255645617963e-10,9.5811378590865436e-12,0
2598,2.2171345998556077e-10,1.7961011346592066e-04,1.7961172355764030e-04,-1.6100917196455299e-09,5.3623318355167792e-12,0
2599,8.4974291034059285e-11,1.0098740543090985e-05,1.0098061896169722e-05,6.7864692126235067e-10,4.9865347536414438e-12,0
2600,-4.8706501052936804e-10,1.8780271613984267e-05,1.8779167506891934e-05,1.1041070923338428e-09,3.5872540895854492e-11,0
2601,-7.4870609009856131e-10,-1.5558665032488518e-04,-1.5559038875974073e-04,3.7384348555464120e-09,5.3674028467072928e-11,0
2602,-6.1196692077283716e-10,1.3924857334086764e-05,1.3925652464635554e-05,-7.9513054879007557e-10,6.4394785777457338e-11,0
2603,-5.2699262962459968e-10,2.4023606446414974e-05,2.4021056704908150e-05,2.5497415068241689e-09,3.6729619647827840e-11,0
2604,3.7166122992031165e-11,-7.0934991005396596e-06,-7.1007878022437052e-06,7.2887017040456403e-09,1.9723609017379524e-11,0
2605,-2.3676634638935562e-10,-1.8146490179087385e-04,-1.8146230072085064e-04,-2.6010700232125678e-09,3.4663419318228837e-11,0
2606,-7.3300316780099208e-11,-1.1951592981907183e-05,-1.1956243648269448e-05,4.6506663622646749e-09,3.0440839379972232e-11,0
2607,2.5061802483278058e-12,-1.8516094247777656e-06,-1.8594260548214803e-06,7.8166300437146600e-09,2.5932515557525958e-11,0
2608,-2.7393246946580469e-10,-1.7437137679859188e-04,-1.7436914307100671e-04,-2.2337275851691193e-09,1.5886579160041634e-11,0
2609,-1.1046643979478757e-10,-4.8580526290776908e-06,-4.8543282318070884e-06,-3.7243972706024081e-09,1.3446298872527171e-11,0
2610,-3.4659942755182895e-11,5.2419139144859860e-06,5.2425353488120328e-06,-6.2143432604677983e-10,8.6471220499050325e-12,0
2611,1.6346602952725173e-10,1.6951334890740865e-04,1.6951210902382819e-04,1.2398835804632372e-09,2.7530968115677106e-11,0
2612,2.3927252653441778e-10,1.7961332137977643e-04,1.7961172445529552e-04,1.5969244809160583e-09,1.5611829248261850e-11,0
2613,7.5806497025661503e-11,1.0099972754920410e-05,1.0098006293643250e-05,1.9664612771596993e-09,1.5870624338951309e-11,0
2614,5.9676359867201873e-10,-4.0597332800531780e-05,-4.0594328333327741e-05,-3.0044672040383967e-09,4.5479597285725168e-11,0
2615,4.9053808614721678e-11,-9.9553884234878948e-06,-9.9548478598892813e-06,-5.4056359861354391e-10,1.7223764654253873e-11,0
2616,-5.4770978820749182e-10,3.0641893306822265e-05,3.0644091185586500e-05,-2.1978787642345089e-09,4.4152767562496160e-11,0
2617,3.3037178068744110e-10,2.6352411286093176e-05,2.6338754866718244e-05,1.3656419374932316e-08,3.1006562206935519e-11,0
2618,2.7927081791715114e-10,1.7961922509956291e-04,1.7961203519794593e-04,7.1899016169756341e-09,2.8960505072872583e-11,0
2619,-1.2422930183894511e-10,1.4721476954047095e-05,1.4721167027459194e-05,3.0992658790145839e-10,1.2208262646669376e-11,0
2620,1.0485099726521810e-10,-2.5878163996920006e-05,-2.5877019490996639e-05,-1.1445059233665563e-09,2.7687139001748178e-11,0
2621,-7.2722456557311081e-12,4.7685784328194841e-06,4.7707563351302404e-06,-2.1779023107563209e-09,1.0584487447031260e-11,0
2622,2.2908029939867944e-10,-4.0599616555152956e-05,-4.0598313511038792e-05,-1.3030441141647113e-09,6.8782867768292476e-11,0
2623,1.1695705613028910e-10,-9.9529038234441765e-06,-9.9540516120019307e-06,1.1477885577542584e-09,1.3290275845015049e-11,0
2624,-1.1212324281810058e-10,3.0646537636791048e-05,3.0648841224121492e-05,-2.3035873304431726e-09,6.2914560654857967e-11,0
2625,-1.0747180387101144e-10,5.2418924222558984e-06,5.2417204211873074e-06,1.7200106859102091e-10,5.5799470976914179e-13,0
2626,2.0892519015695303e-09,1.4738014853354908e-05,1.4745592599910781e-05,-7.5777465558730960e-09,1.6846782828406248e-11,0
2627,-3.6402379099262726e-10,-7.0971944147781512e-06,-7.1054361566887624e-06,8.2417419106111233e-09,7.5288414770240363e-12,0
2628,-1.1935233076966522e-09,-1.8146285618936882e-04,-1.8147256011427984e-04,9.7039249110156267e-09,8.6104371912250793e-12,0
2629,-7.4749942583620916e-10,-1.1952856802735230e-05,-1.1963972582907521e-05,1.1115780172291426e-08,1.1953903027852736e-11,0
2630,1.2873426927484400e-10,-2.5881587866961875e-05,-2.5876770004686322e-05,-4.8178622755526684e-09,3.1178528739725811e-11,0
2631,-4.9918168191862192e-10,-1.8543777494216132e-06,-1.8651640268650467e-06,1.0786277443433448e-08,5.9655833224023932e-12,0
2632,2.7455836969927285e-09,4.7841778810717162e-06,4.8011943565288638e-06,-1.7016475457147653e-08,1.6722340783033119e-11,0
2633,-2.4532756779946485e-09,-2.1835188608101790e-05,-2.1852841018813717e-05,1.7652410711927602e-08,1.3174940658308398e-11,0
2634,-3.2827751977372932e-09,-1.9620083555624973e-04,-1.9621618419267064e-04,1.5348636420913029e-08,1.4256336635957458e-11,0
2635,-2.8367513137270339e-09,-2.6690856765532872e-05,-2.6707080358369573e-05,1.6223592836700815e-08,2.2590615489027439e-11,0
2636,-1.9605176288082356e-09,-4.0619561122360801e-05,-4.0622486762412243e-05,2.9256400514422699e-09,5.3269747524311181e-11,0
2637,-2.5884335692470815e-09,-1.6592361777541254e-05,-1.6615848611527748e-05,2.3486833986494229e-08,9.9593720320245088e-12,0
2638,6.5633179681737824e-10,-9.9538782354845440e-06,-9.9480257035460763e-06,-5.8525319384677044e-09,1.9930514087524141e-11,0
2639,-8.2949951673832222e-10,-1.7436565534747247e-04,-1.7437488312366215e-04,9.2277761896801275e-09,6.2509566126422334e-12,0
2640,-3.8347563484311620e-10,-4.8556755237926181e-06,-4.8574755763247855e-06,1.8000525321674077e-09,6.8578085238364026e-12,0
2641,-1.3515789088984072e-10,5.2428293476095510e-06,5.2414075226022839e-06,1.4218250072670909e-09,3.4404786629073634e-12,0
2642,3.1096074879465958e-09,1.1881340607798954e-05,1.1884300009525769e-05,-2.9594017268146387e-09,1.2453902425025004e-11,0
2643,4.4602388216726567e-10,1.6950998469882864e-04,1.6951471438143135e-04,-4.7296826027063213e-09,8.8145534058931027e-12,0
2644,6.9434162609049454e-10,1.7960846637479994e-04,1.7961633447921335e-04,-7.8681044134154814e-09,4.0012262163824277e-12,0
2645,3.9391070034962715e-09,1.8624699227888682e-04,1.8626187509126815e-04,-1.4882812381333778e-08,1.4724032235067853e-11,0
2646,2.4831774384489497e-10,1.0098481562313637e-05,1.0100021690903307e-05,-1.5401285896702319e-09,5.5992902832309045e-12,0
2647,3.4930831234913130e-09,1.6737004194483478e-05,1.6755033684787715e-05,-1.8029490304236989e-08,2.0804664826840201e-11,0
2648,-4.9275806529841557e-10,1.8784334005402317e-05,1.8778942830357100e-05,5.3911750452169990e-09,2.8536989952428058e-11,0
2649,-1.3222575806389930e-09,-1.5558114352408380e-04,-1.5559613758516207e-04,1.4994061078274544e-08,3.0613934228662378e-11,0
2650,-8.7623369972711149e-10,1.3928798474478667e-05,1.3922493569921184e-05,6.3049045574834677e-09,6.0553095601346369e-11,0
2651,-6.2791595601175822e-10,2.4027319128295654e-05,2.4019793405440764e-05,7.5257228548894506e-09,2.0847896585330716e-11,0
2652,2.6168494286375163e-09,3.0665627111183327e-05,3.0679006452035509e-05,-1.3379340852181815e-08,5.9003841658310854e-11,0
2653,3.2447653797652857e-09,6.6385398376613350e-06,6.6489147363419693e-06,-1.0374898680634317e-08,8.9303616037455260e-12,0
2655,-3.4201403704479422e-10,-1.1977735139986900e-05,-1.1959682240420806e-05,-1.8052899566094367e-08,2.2311682249425283e-11,0
2656,3.7122210425826751e-10,1.4730613650048435e-05,1.4726279316456829e-05,4.3343335916059612e-09,1.3823531394767416e-11,0
2657,1.3568660040215890e-10,-2.5879490432664891e-05,-2.5876730214654223e-05,-2.7602180106680652e-09,2.2229950623842131e-11,0
2658,6.8167213871711980e-10,4.7861145777896436e-06,4.7781292590577596e-06,7.9853187318839702e-09,1.7338112063739392e-11,0
2659,-2.3553550334568782e-10,-4.0610005977135405e-05,-4.0603126761581745e-05,-6.8792155536600988e-09,4.4816710719794837e-11,0
2660,3.1045003404842579e-10,-9.9445297667326640e-06,-9.9517446259477548e-06,7.2148592150908021e-09,1.4184080304597444e-11,0
2661,5.4598553831814782e-10,3.0665508321420579e-05,3.0655844607592846e-05,9.6637138277325249e-09,4.0840807386639494e-11,0
2662,-9.9826935805257509e-11,-3.3344130134677595e-05,-3.3315538914456520e-05,-2.8591220221075545e-08,7.1091624904645670e-12,0
2663,-8.5786200140801222e-11,-2.0769685230851397e-04,-2.0767918043726414e-04,-1.7671871249821339e-08,1.2710349044657265e-11,0
2664,-9.1131662875822558e-11,-2.8100116276932180e-05,-2.8070535742116405e-05,-2.9580534815775323e-08,7.4736340616100553e-12,0
2665,1.4040735865972816e-11,-1.7435274777038729e-04,-1.7436494415990652e-04,1.2196389519229496e-08,4.0748868918827551e-12,0
2666,8.6952729508069111e-12,5.2440065162691384e-06,5.2429826263344441e-06,1.0238899346943101e-09,2.5434486666100097e-12,0
2667,-5.3454627996328345e-12,1.7959673284092832e-04,1.7960796751981641e-04,-1.1234678888095203e-08,3.9307816068516082e-12,0
2668,9.2335944450754328e-11,1.4729213704416794e-05,1.4723113527706344e-05,6.1001767104493460e-09,9.2981297134995463e-12,0
2669,1.0040444866361060e-10,-2.5878164604182293e-05,-2.5877131603166891e-05,-1.0330010154018486e-09,3.1212174516946798e-11,0
2670,2.4960057902435323e-10,4.7954270137873234e-06,4.7732881548068359e-06,2.2138858980487539e-08,1.1279044664368911e-11,0
2671,8.0685041611554242e-12,-4.0607288709581645e-05,-4.0600360447905753e-05,-6.9282616758922842e-09,6.6632095274680439e-11,0
2672,1.5726463455522344e-10,-9.9337545991437515e-06,-9.9534108562862224e-06,1.9656257142470975e-08,1.3784018232623998e-11,0
2673,1.4919613037859394e-10,3.0673555598596802e-05,3.0651389159506000e-05,2.2166439090802242e-08,7.6862234842217907e-11,0
2674,-4.0489115126541096e-10,1.4683532044970291e-05,1.4717509576641881e-05,-3.3977531671590329e-08,4.2917051274060055e-11,0
2675,8.1236165831962128e-11,-2.5883535738729322e-05,-2.5877356852598984e-05,-6.1788861303379379e-09,3.0459485458954646e-11,0
2677,4.8612731781026547e-10,-4.0566984773480336e-05,-4.0594979372176488e-05,2.7994598696152323e-08,5.7740075411939076e-11,0
2678,1.2825415896665141e-12,-9.9556713847401973e-06,-9.9551004348372949e-06,-5.7094990290240590e-10,3.1979120244647169e-11,0
2679,-4.8484477497877178e-10,3.0611367151954505e-05,3.0644290087236763e-05,-3.2922935282258495e-08,5.8686904711299810e-11,0
2680,2.3608991654881178e-10,1.4734981298480596e-05,1.4724491336581250e-05,1.0489961899345332e-08,3.0323412511325376e-11,0
2681,1.2026139782623375e-10,-1.8145448363034514e-04,-1.8145715603629513e-04,2.6724059499886894e-09,1.7702595989136266e-11,0
2682,-1.1582851797419633e-10,-1.9618941250175437e-04,-1.9617989236018455e-04,-9.5201415698225461e-09,3.0425319713479207e-11,0
2683,4.3261115498338845e-10,2.6342785710641026e-05,2.6339888161387517e-05,2.8975492535083939e-09,1.5288462223292020e-11,0
2684,7.1458910831348831e-10,-6.9676331731912625e-06,-6.9562606229281485e-06,-1.1372550263114017e-08,1.2608686423014756e-11,0
2685,8.4357073684283865e-10,-1.1816793213606340e-05,-1.1808623613543684e-05,-8.1696000626559052e-09,1.7853874669720578e-11,0
2686,7.6922648131861862e-10,-1.7229187808817469e-06,-1.7139611964412663e-06,-8.9575844404805513e-09,1.0299761292278833e-11,0
2687,2.8197795307346609e-10,-3.3310440923468680e-05,-3.3312081576392318e-05,1.6406529236375378e-09,6.4428989910547830e-12,0
2688,4.1095958149957018e-10,-3.8159614848393836e-05,-3.8160913148978369e-05,1.2983005845328501e-09,1.0079945153054131e-11,0
2689,3.3661532602192951e-10,-2.8065745285030599e-05,-2.8066576303800375e-05,8.3101876977562973e-10,5.5909523608727640e-12,0
2690,1.2898162851711221e-10,-4.8491622013776756e-06,-4.8521396191861164e-06,2.9774178084407941e-09,5.2758392416341245e-12,0
2691,5.4637373000137526e-11,5.2447122022092688e-06,5.2434719992859046e-06,1.2402029233641896e-09,2.8527805930561914e-12,0
2692,-7.4344255532525106e-11,1.0093852392375948e-05,1.0096738488908886e-05,-2.8860965329378517e-09,3.3770022046546268e-12,0
2693,-3.4809374915011582e-11,-1.8146074506096915e-04,-1.8145868124027842e-04,-2.0638206907341861e-09,1.2912925841757563e-11,0
2694,8.2124552701032313e-11,-2.5874478034912819e-05,-2.5877381896394655e-05,2.9038614818363161e-09,5.8777309031666251e-11,0
2695,-1.1693392748394331e-10,-1.5558611793737957e-04,-1.5558151765213333e-04,-4.6002852462426452e-09,6.4355463677621598e-11,0
2696,5.7023582379034223e-11,-9.9472930076079276e-06,-9.9543674815749685e-06,7.0744739670409421e-09,3.2935793581042041e-11,0
2697,1.0026216555975691e-10,-2.5878452959772133e-05,-2.5877200961002220e-05,-1.2519987699131745e-09,2.6221451826852731e-11,0
2698,-3.8926668249279121e-11,-1.1493015134275567e-05,-1.1476411971871181e-05,-1.6603162404385611e-08,2.0602923636399837e-11,0
2699,-6.6659038542965548e-11,-2.1458290029131161e-05,-2.1441720870728433e-05,-1.6569158402727862e-08,1.5862436265316722e-11,0
2700,-2.7732370299134051e-11,-9.9652949715426514e-06,-9.9552507621222371e-06,-1.0044209420414292e-08,2.5417229109334424e-11,0
2701,2.1946460736856587e-10,-6.9745724296469552e-06,-6.9618270490512321e-06,-1.2745380595723117e-08,9.0292606445302082e-12,0
2702,1.6146100457507650e-10,-1.8133790206076479e-04,-1.8132763281221599e-04,-1.0269248548798546e-08,2.1460629646406533e-11,0
2703,1.8658705276935612e-10,-1.1830143172752300e-05,-1.1816091243635980e-05,-1.4051929116319653e-08,1.5947881237914191e-11,0
2704,2.1399811979998678e-10,-1.7309874829670585e-06,-1.7202189213272846e-06,-1.0768561639773889e-08,1.0205122678168836e-11,0
2705,-5.8003602149788656e-11,-1.7436327226918427e-04,-1.7436475848238366e-04,1.4862131993836902e-09,3.7046473807701996e-12,0
2706,-3.2877554353757641e-11,-4.8555422733725072e-06,-4.8540447438134259e-06,-1.4975295590812811e-09,2.7961753961627060e-12,0
2707,-5.4664874817765485e-12,5.2435925358119918e-06,5.2427930899613128e-06,7.9944585067905912e-10,1.4827045053632415e-12,0
2708,2.5126047869983543e-11,1.6950771645428409e-04,1.6950806814069425e-04,-3.5168641016416514e-10,4.9142993860110602e-12,0
2709,5.2537114768487477e-11,1.7960685830348613e-04,1.7960758712271506e-04,-7.2881922892620299e-10,3.4671286522343930e-12,0
2710,2.7411066870787119e-11,1.0099137906851594e-05,1.0097960928641903e-05,1.1769782096908519e-09,2.6996431500823507e-12,0
2711,-1.3727952238256065e-10,1.4720537914369482e-05,1.4719957143735635e-05,5.8077063384656972e-10,1.2662999041728492e-11,0
2712,1.0122091703118879e-10,-2.5878985522668910e-05,-2.5877207111848925e-05,-1.7784108199854476e-09,2.8009532712655738e-11,0
2713,-1.6874733791056870e-11,4.7677821299737730e-06,4.7699096365183559e-06,-2.1275065445828785e-09,1.3341226463238720e-11,0
2714,2.3850043973601699e-10,-4.0599520900189839e-05,-4.0597263857564925e-05,-2.2570426249144239e-09,5.9296922073341955e-11,0
2715,1.2040478855046669e-10,-9.9528184462184879e-06,-9.9535583745411379e-06,7.3992832264993297e-10,1.4734075071518699e-11,0
2716,-1.1809565074285838e-10,3.0646737990906725e-05,3.0647956940702575e-05,-1.2189497958502464e-09,5.6082834621774925e-11,0
2717,-5.4998868542742342e-11,1.6950520277189598e-04,1.6950689769630535e-04,-1.6949244093737020e-09,3.3331488995513433e-11,0
2718,-5.0521700687875199e-10,1.4713811587165060e-05,1.4715805624172495e-05,-1.9940370074348447e-09,1.9143271753903845e-11,0
2719,1.0119048727801671e-10,-2.5882395795996747e-05,-2.5877217554288799e-05,-5.1782417079473009e-09,3.5596879785901547e-11,0
2720,-4.5801684134133263e-10,4.7588224943839047e-06,4.7649689454416807e-06,-6.1464510577759874e-09,1.6536641600548639e-11,0
2721,6.0640749558087599e-10,-4.0596264860004103e-05,-4.0593120902419203e-05,-3.1439575849000938e-09,6.9795587746755120e-11,0
2722,4.7200164983731290e-11,-9.9549839580842341e-06,-9.9543386291463944e-06,-6.4532893783968560e-10,2.2196774854751338e-11,0
2723,-5.5920732881742648e-10,3.0641109319520105e-05,3.0643011251053730e-05,-1.9019315336250928e-09,4.7495592146044798e-11,0
2724,5.7453595957466968e-11,1.6950948919279823e-04,1.6950792499778014e-04,1.5641950180857872e-09,2.4984894984618744e-11,0
2725,4.3185612144046393e-10,2.6353071979172416e-05,2.6339879792053341e-05,1.3192187119074906e-08,1.5127342953251049e-11,0
2726,5.4529525768610239e-10,-6.9544760044788767e-06,-6.9583105211580702e-06,3.8345166791934999e-09,1.4935507526281939e-11,0
2727,5.7154114625544687e-10,-1.7081456518529964e-06,-1.7163814230283496e-06,8.2357711753532222e-09,1.8561311661188879e-11,0
2728,1.1343913620299630e-10,-3.3307570864078880e-05,-3.3315045888010800e-05,7.4750239319209578e-09,8.0675756997383062e-12,0
2729,1.3968502477422749e-10,-2.8061196651702966e-05,-2.8069865448353338e-05,8.6687966503717071e-09,1.0820675167422429e-11,0
2730,2.6245888563636647e-11,5.2463762422424228e-06,5.2431291625233202e-06,3.2470797191026210e-09,3.4915467034998118e-12,0
2731,-9.8436863209159600e-11,1.4713846465951551e-05,1.4720212003443521e-05,-6.3655374919697392e-09,4.4496012587321654e-11,0
2732,-4.3060774368523634e-10,-1.5560404088133147e-04,-1.5558410218965426e-04,-1.9938691677204821e-08,8.1271627648047952e-11,0
2733,4.0382175686551367e-11,-9.9452126905287368e-06,-9.9543056001761326e-06,9.0929096473958064e-09,2.4532541590310583e-11,0
2734,-5.1311257200259790e-11,-1.8150397559300912e-04,-1.8145792978415022e-04,-4.6045808858895861e-08,6.2769204420816194e-11,0
2735,6.3272327830986998e-11,5.2623311938392991e-06,5.2435274951156549e-06,1.8803698723644179e-08,1.5707878277368148e-11,0
2736,3.4334089752886265e-10,2.6359340834527373e-05,2.6338898625725797e-05,2.0442208801575712e-08,3.6483987073898106e-11,0
2737,8.0906012377074670e-11,1.4727224986275239e-05,1.4721929183649714e-05,5.2958026255249307e-09,9.7605998119758071e-12,0
2738,9.8713317314689913e-11,-2.5878889850515334e-05,-2.5877296682670821e-05,-1.5931678445126041e-09,2.3102147218561088e-11,0
2739,2.4406538157179832e-10,4.7864774790976061e-06,4.7724918080009957e-06,1.3985671096610462e-08,1.1207014438947608e-11,0
2740,1.7807304883781392e-11,-4.0606064591710775e-05,-4.0599313987638653e-05,-6.7506040721219420e-09,4.5179518577978299e-11,0
2741,1.6315936917049092e-10,-9.9407598318102669e-06,-9.9528937320266440e-06,1.2133900216377110e-08,1.4751840922934384e-11,0
2742,1.4535206427428709e-10,3.0665258559587835e-05,3.0650534288913879e-05,1.4724270673956369e-08,5.3301012380246865e-11,0
2743,-8.9683142816281134e-10,-1.7436227190877561e-04,-1.7437297971734697e-04,1.0707808571351791e-08,1.1762843795781101e-11,0
2744,-4.0614195654488468e-10,-4.8561374631792898e-06,-4.8584941262432351e-06,2.3566630639452644e-09,1.2534868304348855e-11,0
2745,-1.4367618334213771e-10,5.2430503353012928e-06,5.2412254519748172e-06,1.8248833264755920e-09,6.1151837754678288e-12,0
2746,4.9068947217506708e-10,1.6950613964046807e-04,1.6951187256370102e-04,-5.7329232329525904e-09,1.6070761797565865e-11,0
2747,7.5315524553877864e-10,1.7960531393297835e-04,1.7961423504850727e-04,-8.9211155289209074e-09,5.1046294740920828e-12,0
2748,2.6246577315933792e-10,1.0099182759855277e-05,1.0100832062006069e-05,-1.6493021507917971e-09,9.6686455135354042e-12,0
2749,-4.1498053414096146e-10,1.4676631480234348e-05,1.4716318732559830e-05,-3.9687252325482301e-08,2.8899681374366360e-11,0
2750,7.8379225652669327e-11,-2.5888970909003321e-05,-2.5877537810040679e-05,-1.1433098962641938e-08,2.5841166874825330e-11,0
2752,4.9335976051059885e-10,-4.0565654206745419e-05,-4.0593941740592249e-05,2.8287533846830290e-08,4.4917276346358988e-11,0
2753,3.8197551164885162e-12,-9.9553342713487418e-06,-9.9546114038013189e-06,-7.2286754742288163e-10,2.4783178875057571e-11,0
2754,-4.8954000419695835e-10,3.0610264545934129e-05,3.0643409377789288e-05,-3.3144831855158791e-08,7.3410861395566449e-11,0
2755,6.8828174688387628e-10,-3.8168543552949061e-05,-3.8160448545621504e-05,-8.0950073275571363e-09,2.2467519551764682e-11,0
2756,3.4899039627323032e-10,1.4729353370632886e-05,1.4724670690692210e-05,4.6826799406763471e-09,1.6378499170489477e-11,0
2757,1.2864329013576689e-10,-2.5880044754190252e-05,-2.5876996758058843e-05,-3.0479961314085332e-09,2.1592837256787025e-11,0
2758,6.6396675709500081e-10,4.7838519930346740e-06,4.7769863701718330e-06,6.8656228628410259e-09,1.9277857516592498e-11,0
2759,-2.2034710567339543e-10,-4.0609412758225646e-05,-4.0601749652559429e-05,-7.6631056662170797e-09,4.9464125999098690e-11,0
2760,3.1497636038553032e-10,-9.9455094287742574e-06,-9.9511125802116903e-06,5.6031514374328998e-09,1.7178932056729277e-11,0
2761,5.3532346701248979e-10,3.0663857686347509e-05,3.0654680272727900e-05,9.1774136196088024e-09,4.1132727731856728e-11,0
2762,3.7513292178483414e-10,-3.8163148251059778e-05,-3.8164247589082478e-05,1.0993380227002818e-09,1.7434030382769125e-11,0
2763,3.8268485575188591e-10,-6.9531347842502478e-06,-6.9603378983672059e-06,7.2031141169580761e-09,1.4777003916184094e-11,0
2764,3.5940363357027955e-10,-1.8130476547582354e-04,-1.8132427312907558e-04,1.9507653252037304e-08,2.6147599072545800e-11,0
2765,3.8713083527666238e-10,-1.7093282590370518e-06,-1.7187226086157625e-06,9.3943495787107039e-09,1.5195115714001229e-11,0
2766,-2.3281222535146401e-11,-1.7435163941024404e-04,-1.7436280327273528e-04,1.1163862491240552e-08,4.2685919881900767e-12,0
2767,4.4459794831557962e-12,5.2438043384555851e-06,5.2428510243873952e-06,9.5331406818988069e-10,2.6998873969621790e-12,0
2768,2.7727202102540974e-11,1.7959542392213812e-04,1.7960568157810412e-04,-1.0257655966002064e-08,4.2791121986756628e-12,0
2769,-5.3436520057010806e-11,1.4678951084846036e-05,1.4720076920706691e-05,-4.1125835860655915e-08,2.6355182105065878e-11,0
2770,1.8030839596087828e-11,4.7547627969073874e-06,4.7697339399367911e-06,-1.4971143029403794e-08,2.9039073296609870e-11,0
2771,7.1467359608273681e-11,-9.9241391916899888e-06,-9.9537550049437075e-06,2.9615813253718742e-08,2.8101955663525432e-11,0
2773,-1.4924010642392631e-10,1.4719594584658262e-05,1.4718873715730030e-05,7.2086892823179660e-10,1.2132903112021679e-11,0
2774,9.6904573777501857e-11,-2.5879662730869885e-05,-2.5877386514711347e-05,-2.2762161585383918e-09,2.6841090630360104e-11,0
2775,-2.7546702737729625e-11,4.7669622983055084e-06,4.7691305673492887e-06,-2.1682690437803203e-09,1.1856742548275012e-11,0
2776,2.4614468055295877e-10,-4.0599190156693880e-05,-4.0596335382854039e-05,-2.8547738398413780e-09,6.8017420572130701e-11,0
2777,1.2169340365081645e-10,-9.9525950816217040e-06,-9.9531379275793219e-06,5.4284595761789007e-10,1.4224822160462953e-11,0
2778,-1.2445127645857216e-10,3.0646712221516631e-05,3.0647156249939331e-05,-4.4402842270000950e-10,5.1788825107296127e-11,0
2779,-3.3352641795351211e-10,-2.6225153457940095e-05,-2.6216132122742330e-05,-9.0213351977646531e-09,1.4428084572665642e-11,0
2780,-8.5261966003369958e-10,-1.1513715095815349e-05,-1.1488678120277070e-05,-2.5036975538279859e-08,1.8140459538886926e-11,0
2781,-2.3998752187048572e-10,-5.2108945709176263e-05,-5.2094591715159265e-05,-1.4353994016998259e-08,3.4594929021108204e-11,0
2782,-8.0904914149118890e-10,-2.1468456877532516e-05,-2.1452984435962338e-05,-1.5472441570178090e-08,1.6831822950816681e-11,0
2783,-5.1909324231501753e-10,1.4711386481533126e-05,1.4714699583669688e-05,-3.3131021365619579e-09,1.8647276475632926e-11,0
2784,9.3538896091505217e-11,-2.5883691202745196e-05,-2.5877434118098128e-05,-6.2570846470679647e-09,3.4179873781194879e-11,0
2785,-4.7552272385683274e-10,4.7567192452916546e-06,4.7641131666228017e-06,-7.3939213311471051e-09,1.8198863125427657e-11,0
2786,6.1263213984543520e-10,-4.0595138227135508e-05,-4.0592206940724024e-05,-2.9312864114833053e-09,5.6919107305149426e-11,0
2787,4.3570517915900030e-11,-9.9547364041303356e-06,-9.9539721110934566e-06,-7.6429303687899084e-10,1.8504048416163411e-11,0
2788,-5.6906162021066261e-10,3.0640383640508431e-05,3.0642170720247335e-05,-1.7870797389040664e-09,5.3198217484568251e-11,0
2789,-4.5856504007217340e-10,-2.6220349078229135e-05,-2.6217639917462159e-05,-2.7091607669758129e-09,3.2480511498344600e-11,0
2790,6.5889163769465487e-11,-9.9494384829135890e-06,-9.9536696771567368e-06,4.2311942431477647e-09,3.0543448013371871e-11,0
2791,2.2723536672877425e-10,-6.9734603508567888e-06,-6.9622098305000530e-06,-1.1250520356735845e-08,9.3342534981282936e-12,0
2792,1.2682235832181556e-10,-1.8133488899467649e-04,-1.8132630935089431e-04,-8.5796437821817392e-09,2.2968466344542186e-11,0
2793,1.8021393221898127e-10,-1.1829822465439163e-05,-1.1817273398878187e-05,-1.2549066560976570e-08,1.7242893444278261e-11,0
2794,2.1701565304979980e-10,-1.7300051692210883e-06,-1.7208048592357306e-06,-9.2003099853576748e-09,1.0325412642024990e-11,0
2795,-1.0041300784214037e-10,-1.7436135315038398e-04,-1.7436292819493940e-04,1.5750445554187868e-09,3.5048572979498386e-12,0
2796,-4.7021434294084438e-11,-4.8563636428888813e-06,-4.8548676543854437e-06,-1.4959885034375908e-09,2.8014477016131797e-12,0
2797,-1.0219713599195803e-11,5.2434767772617313e-06,5.2426643106139084e-06,8.1246664782283246e-10,1.5028386285704864e-12,0
2798,5.3391573603009386e-11,1.6950497723371648e-04,1.6950548451471218e-04,-5.0728099569271115e-10,4.5542362731279288e-12,0
2799,9.0193294322436905e-11,1.7960481951706671e-04,1.7960561594199446e-04,-7.9642492774312235e-10,3.2871577148542188e-12,0
2800,3.6801720689309925e-11,1.0099846438086139e-05,1.0098632394108871e-05,1.2140439772671189e-09,2.6463899971603124e-12,0
2801,8.7859974606509419e-11,-2.5882869858892456e-05,-2.5877521853522654e-05,-5.3480053698020324e-09,3.1429730637537399e-11,0
2802,4.7140781937406904e-11,-9.9479659027791514e-06,-9.9538254028660860e-06,5.8595000869346577e-09,2.9277442181750145e-11,0
2803,-1.3438422516123852e-10,-7.1209877629038049e-06,-7.1048624605782644e-06,-1.6125302325540415e-08,1.5892241250406979e-11,0
2804,-3.1466337994194695e-10,-1.8148439661567865e-04,-1.8145942875993028e-04,-2.4967855748371124e-08,1.7869675688929860e-11,0
2805,-2.0842964708194085e-10,-1.1978377547513380e-05,-1.1960501376296011e-05,-1.7876171217369333e-08,2.1627031734283175e-11,0
2806,-1.5523004780751160e-10,-1.8779610546030417e-06,-1.8630844374864006e-06,-1.4876617116641144e-08,1.2767217690739110e-11,0
2807,-1.8027915421653488e-10,-1.7436346667465234e-04,-1.7436358933587849e-04,1.2266122614693932e-10,9.3895931420366325e-12,0
2808,-7.4045421710749169e-11,-4.8573921051773584e-06,-4.8552321163339628e-06,-2.1599888433956524e-09,1.0204086958759576e-11,0
2809,-2.0845822565628251e-11,5.2430292187580999e-06,5.2425391087520443e-06,4.9011000605559909e-10,5.5315189810045280e-12,0
2810,1.0623373241145454e-10,1.6950606648063007e-04,1.6950578797290312e-04,2.7850772694472913e-10,1.5644252992705763e-11,0
2811,1.5943333152299862e-10,1.7960645197427497e-04,1.7960615070067022e-04,3.0127360475069517e-10,8.9224043251004759e-12,0
2812,5.3199599126754297e-11,1.0100405031936675e-05,1.0098869445610397e-05,1.5355863262779665e-09,8.0464883667833341e-12,0
2813,2.5737959197525862e-11,-4.0604987956630641e-05,-4.0598408017172139e-05,-6.5799394585025744e-09,5.0113502253061136e-11,0
2814,1.6674668864318480e-10,-9.9437458014172558e-06,-9.9524601660576691e-06,8.7143646404132670e-09,1.3726484379826098e-11,0
2815,1.4100872943463453e-10,3.0661252009506548e-05,3.0649778128537364e-05,1.1473880969184338e-08,4.6270011767385224e-11,0
2816,2.3153305260380000e-10,-7.0937177615729499e-06,-7.1009052013521698e-06,7.1874397792198876e-09,1.8946490812623426e-11,0
2817,-9.9389222566443120e-11,-1.8146034028241644e-04,-1.8145687262019020e-04,-3.4676622262389597e-09,3.7712552044007312e-11,0
2818,1.0180973119252211e-10,-1.1953006232068774e-05,-1.1957187977807647e-05,4.1817457388728275e-09,3.6944078931226426e-11,0
2819,1.8907652379804845e-10,-1.8517898212114508e-06,-1.8593547588520691e-06,7.5649376406183353e-09,3.1501813004855680e-11,0
2820,-3.3092227520776232e-10,-1.7436664388617833e-04,-1.7436505380340168e-04,-1.5900827766567212e-09,1.6060419931984797e-11,0
2821,-1.2972332142048934e-10,-4.8593211330197686e-06,-4.8559087595570229e-06,-3.4123734627456738e-09,1.1306315032256131e-11,0
2822,-4.2456528812193438e-11,5.2419473990789056e-06,5.2422927670445559e-06,-3.4536796565033141e-10,8.6333193021636834e-12,0
2823,2.0119895372345668e-10,1.6950731937331182e-04,1.6950658200831607e-04,7.3736499574933966e-10,2.7287920629103437e-11,0
2824,2.8846574632149838e-10,1.7960854850661376e-04,1.7960736774500348e-04,1.1807616102856196e-09,1.6464592089051100e-11,0
2825,8.7266792604095736e-11,1.0101241428380967e-05,1.0099297723618101e-05,1.9437047628658962e-09,1.5844875401381773e-11,0
2826,1.4551585096310714e-10,-9.9501043233163680e-06,-9.9526522387219442e-06,2.5479154055761438e-09,2.6157094573969841e-11,0
2827,3.4543432488201059e-10,2.6365098035727522e-05,2.6338921830778412e-05,2.6176204949109240e-08,3.0114271978870425e-11,0
2828,3.1669590266596428e-10,1.7961289198289467e-04,1.7960749603054653e-04,5.3959523481361682e-09,1.7057493627700684e-11,0
2829,9.0718714208888812e-10,-7.0757365087156104e-06,-7.0935820909670713e-06,1.7845582251460821e-08,1.4420660603112439e-11,0
2830,3.8822464103205652e-10,-1.8145200302717868e-04,-1.8145118165157218e-04,-8.2137560650035434e-10,2.0837977312225963e-11,0
2831,7.1571789376081315e-10,-1.1941504115420970e-05,-1.1950594215737385e-05,9.0901003164147983e-09,2.7356753745551334e-11,0
2832,1.2230239860797013e-10,-2.5880513105224585e-05,-2.5877195170536169e-05,-3.3179346884163689e-09,2.3673075983855314e-11,0
2833,8.3978722998486985e-10,-1.8383129772314710e-06,-1.8522879975782095e-06,1.3975020346738453e-08,1.5093728578574374e-11,0
2834,-5.1896249982439618e-10,-1.7437630280604625e-04,-1.7436679255525479e-04,-9.5102507914677885e-09,5.9873696970156911e-12,0
2835,-1.9146924786450522e-10,-4.8658200168414864e-06,-4.8566932783866222e-06,-9.1267384548641593e-09,4.2403268833491881e-12,0
2836,-6.7399911960943900e-11,5.2374100892752049e-06,5.2420048443515959e-06,-4.5947550763909969e-09,2.4297300342597760e-12,0
2837,3.2749325230323848e-10,1.6951047581671057e-04,1.6950754669419193e-04,2.9291225186458755e-09,8.4470455950732407e-12,0
2838,4.5156258834479045e-10,1.7961370269048774e-04,1.7960881675411298e-04,4.8859363747531716e-09,5.9062645668354609e-12,0
2839,1.2406933596546701e-10,1.0103230293817241e-05,1.0099790914339527e-05,3.4393794777135131e-09,2.6083591020341170e-12,0
2840,7.8488474352308879e-10,1.8804750116880806e-05,1.8791863422289978e-05,1.2886694590828063e-08,1.9051940120345819e-11,0
2841,2.6592224239811876e-10,-1.5557140550036090e-04,-1.5557385400768355e-04,2.4485073226484643e-09,3.4567039037669618e-11,0
2842,5.9341549517209017e-10,1.3938976097988692e-05,1.3937019888377807e-05,1.9562096108852552e-09,2.5944037590849671e-11,0
2843,7.1748483141129968e-10,2.4042254632915608e-05,2.4033595555031172e-05,8.6590778844354999e-09,1.4293175561831164e-11,0
2844,-1.3376718055505315e-10,-9.9669269132849833e-06,-9.9556611877638638e-06,-1.1265725521119522e-08,1.7079260497194627e-11,0
2845,1.4599434415266397e-10,-1.8144830486373394e-04,-1.8145373411197795e-04,5.4292482440159925e-09,6.1409404641758039e-11,0
2846,6.0563881096069060e-11,-1.8145356271978465e-04,-1.8145453295200273e-04,9.7023221808057933e-10,1.4148072352789400e-11,0
2847,2.1383514820467633e-10,-1.1911125519757648e-05,-1.1956364854873800e-05,4.5239335116152010e-08,2.0797219686496389e-11,0
2848,8.5043897894789126e-11,-2.5877463856694479e-05,-2.5877634005348380e-05,1.7014865390111225e-10,5.6547559850620256e-11,0
2849,1.5327126711987255e-10,1.6954247824871663e-04,1.6950518812667922e-04,3.7290122037410061e-08,8.4808842714013832e-12,0
2850,-2.4480016685525644e-11,-1.5557599753021061e-04,-1.5557673143392896e-04,7.3390371834207088e-10,3.9603483764005797e-11,0
2851,1.2879125043537141e-10,1.3966457326386635e-05,1.3931740852061089e-05,3.4716474325545364e-08,5.6888329740676076e-11,0
2852,4.6952011915645379e-10,2.6359422237929621e-05,2.6340297286860299e-05,1.9124951069321959e-08,1.9306412775056585e-11,0
2853,5.6428517332711090e-10,-6.9501529647315180e-06,-6.9587399676281128e-06,8.5870028965948336e-09,1.4186986432914166e-11,0
2854,5.8497866073975094e-10,-1.7026263170339534e-06,-1.7170777641485961e-06,1.4451447114642715e-08,1.7434954352248403e-11,0
2855,9.4765054100040310e-11,-3.3309543617118798e-05,-3.3319299922501423e-05,9.7563053826256333e-09,1.0544626042852814e-11,0
2856,1.1545854149792752e-10,-2.8062011025282822e-05,-2.8074218399551762e-05,1.2207374268940086e-08,1.2807061766505290e-11,0
2857,2.0693487391702595e-11,5.2475488989550418e-06,5.2429637721846141e-06,4.5851267704276761e-09,3.6946244053517636e-12,0
2858,-1.1475377973677292e-10,1.4714361024241625e-05,1.4718281711951249e-05,-3.9206877096241411e-09,3.9753528617336381e-11,0
2859,-5.7966953744206063e-10,3.0639211606120487e-05,3.0641323952349741e-05,-2.1123462292545994e-09,5.6845107038150671e-11,0
2860,-1.6325832418832905e-10,1.4718430711041855e-05,1.4717620029045553e-05,8.1068199630148787e-10,1.2167658115387679e-11,0
2861,9.0714705039174987e-11,-2.5880529142247911e-05,-2.5877607086008275e-05,-2.9220562396366017e-09,2.6109816675650105e-11,0
2862,-4.2194821417783908e-11,4.7659457856220194e-06,4.7682049559212998e-06,-2.2591702992803267e-09,1.2626146031038932e-11,0
2863,2.5397302960280732e-10,-4.0598912001955922e-05,-4.0595274026444223e-05,-3.6379755116998673e-09,7.5620237815953310e-11,0
2864,1.2106350274572419e-10,-9.9524457171733770e-06,-9.9526757621258991e-06,2.3004495252216270e-10,1.5218747951577617e-11,0
2865,-1.3290952642778241e-10,3.0646360812023980e-05,3.0646219011993909e-05,1.4180003007159330e-10,4.9052961709153744e-11,0
2866,5.7016654697209776e-10,2.6353390932191793e-05,2.6341412924166476e-05,1.1978008025317715e-08,2.2735669127511334e-11,0
2867,8.0094899722811136e-10,-6.9635898101495265e-06,-6.9562003420578254e-06,-7.3894680917011016e-09,1.0090812870830687e-11,0
2868,8.9890249137164805e-10,-1.1814208904117711e-05,-1.1810136487646042e-05,-4.0724164716690115e-09,1.8282677057274268e-11,0
2869,8.4635505191177697e-10,-1.7189580068166163e-06,-1.7142910731417729e-06,-4.6669336748433714e-09,9.1872376321130701e-12,0
2870,2.3078245017777309e-10,-3.3316989377320770e-05,-3.3318321696731992e-05,1.3323194112221286e-09,8.2254489393584362e-12,0
2871,3.2873594430894118e-10,-3.8167604485550566e-05,-3.8168642086869057e-05,1.0376013184911588e-09,1.5744052447196443e-11,0
2872,2.7618850484784660e-10,-2.8072356994797085e-05,-2.8072971131175799e-05,6.1413637871443778e-10,8.0263917329646772e-12,0
2873,9.7953494151540790e-11,-4.8506244910611132e-06,-4.8537577976963950e-06,3.1333066352818347e-09,4.7963344239896346e-12,0
2874,4.5406054690571009e-11,5.2446311858140703e-06,5.2432241178026384e-06,1.4070680114318900e-09,2.4445799290719529e-12,0
2875,-5.2547439463990702e-11,1.0095233067257663e-05,1.0098065428575007e-05,-2.8323613173436145e-09,3.3997674300980134e-12,0
2876,-4.3011742953310342e-10,1.4655883931459848e-05,1.4714579977580898e-05,-5.8696046121049710e-08,5.8172804950192807e-11,0
2877,7.2470243110745552e-11,-2.5903844308234844e-05,-2.5877820665173960e-05,-2.6023643060883614e-08,4.7762418899365238e-11,0
2879,5.0258767338269264e-10,-4.0559555524542074e-05,-4.0592445445808949e-05,3.2889921266874992e-08,5.7779509577380321e-11,0
2880,4.5580874010661786e-12,-9.9548628493852098e-06,-9.9539321676392964e-06,-9.3068174591339078e-10,2.9870335788524028e-11,0
2881,-4.9802958484711800e-10,3.0604927734080578e-05,3.0642108788969961e-05,-3.7181054889383249e-08,6.5005989639690816e-11,0
2882,-1.1689805298567567e-10,1.4694948937256022e-05,1.4717925835401672e-05,-2.2976898145650156e-08,2.7218518740118326e-11,0
2883,-2.0689607041129025e-10,-2.1456675728751375e-05,-2.1449623962156863e-05,-7.0517665945121506e-09,2.4658204679062963e-11,0
2884,2.2700911683858811e-10,-6.9726712968263410e-06,-6.9626442434093851e-06,-1.0027053416955881e-08,8.8124904361468311e-12,0
2885,8.7710311960701760e-11,-1.8133239989620575e-04,-1.8132517024788499e-04,-7.2296483207608814e-09,1.9971178473743525e-11,0
2886,1.6699602562030803e-10,-1.1829831499271873e-05,-1.1818443691700730e-05,-1.1387807571143236e-08,1.7317315212157363e-11,0
2887,2.1229666476512820e-10,-1.7293466011364736e-06,-1.7214276642519556e-06,-7.9189368845180056e-09,9.3322339650930658e-12,0
2888,-1.3929880439550261e-10,-1.7435966612467139e-04,-1.7436124042557067e-04,1.5743008992784302e-09,3.2949841001560779e-12,0
2889,-6.0013091032513965e-11,-4.8571447216187876e-06,-4.8556252132477677e-06,-1.5195083710198515e-09,2.8715220504455368e-12,0
2890,-1.4712452007260507e-11,5.2433323640908565e-06,5.2425444248073550e-06,7.8793928350154091e-10,1.4900954535526112e-12,0
2891,7.9285713401324787e-11,1.6950252916008292e-04,1.6950310326698293e-04,-5.7410690001351121e-10,3.7884396786014400e-12,0
2892,1.2458635244009529e-10,1.7960300344605959e-04,1.7960379712907940e-04,-7.9368301980544537e-10,2.6463896895853722e-12,0
2893,4.5300639019925329e-11,1.0100477299786041e-05,1.0099249190484253e-05,1.2281093017879803e-09,2.3285632467440549e-12,0
2894,5.8804029917129085e-11,1.4724131546350883e-05,1.4719759066101530e-05,4.3724802493525519e-09,1.1018053142932740e-11,0
2895,9.2489028342707445e-11,-2.5879923293914333e-05,-2.5877632033256887e-05,-2.2912606574458183e-09,2.3934168928941138e-11,0
2896,2.2777074553626123e-10,4.7786111716449642e-06,4.7709733598275361e-06,7.6378118174280684e-09,1.1074100354417361e-11,0
2897,3.3684998370231292e-11,-4.0604053123107116e-05,-4.0597429719161158e-05,-6.6234039459574473e-09,4.7521388411823863e-11,0
2898,1.6896671558421131e-10,-9.9455212104158919e-06,-9.9520070262593679e-06,6.4858158434760043e-09,1.3793332577184754e-11,0
2899,1.3528171720140147e-10,3.0658476120050751e-05,3.0648944189637237e-05,9.5319304135139341e-09,4.5792076577599414e-11,0
2900,9.0189359794620973e-11,-2.5880103730491471e-05,-2.5877667152912396e-05,-2.4365775790751180e-09,4.3381757815220669e-11,0
2901,-1.6930465775326121e-10,-1.1504914094207083e-05,-1.1485234901005871e-05,-1.9679193201212054e-08,1.9765016204569965e-11,0
2902,-1.7868638944139113e-10,-2.1466625711253143e-05,-2.1449858149229565e-05,-1.6767562023578281e-08,1.6187205063407443e-11,0
2903,-9.3817317039180367e-12,-9.9616843864122964e-06,-9.9539377601650506e-06,-7.7466262472458366e-09,2.6535091333975749e-11,0
2904,-1.2573942964486654e-10,-1.1977867241295959e-05,-1.1960950930926989e-05,-1.6916310368969117e-08,2.1634441879883083e-11,0
2905,3.7506637485088850e-10,-6.9436079811278223e-06,-6.9610824571957624e-06,1.7474476067940084e-08,1.5224487720188111e-11,0
2906,3.0546258382930455e-10,-1.8129775773496892e-04,-1.8132246746272162e-04,2.4709727752694841e-08,2.3295308883489158e-11,0
2907,3.7402531246114413e-10,-1.7003473248219936e-06,-1.7197398084792532e-06,1.9392483657259581e-08,1.6585802414950910e-11,0
2908,-6.9603791429325125e-11,-1.7435409389458703e-04,-1.7436007842614422e-04,5.9845315571887842e-09,5.0083816512056960e-12,0
2909,-1.0410624389333081e-12,5.2433059595157969e-06,5.2426830862442653e-06,6.2287327153155947e-10,3.5769536439642704e-12,0
2910,6.8562729021104452e-11,1.7959737273147804e-04,1.7960277174022853e-04,-5.3990087504895978e-09,5.0488703119121919e-12,0
2911,-2.0255378036765694e-10,-4.0608685887634152e-05,-4.0599846595467248e-05,-8.8392921669040747e-09,4.3750163777535237e-11,0
2912,3.1347520242988928e-10,-9.9456932249530547e-06,-9.9503080644411118e-06,4.6148394880570658e-09,1.7455970449630656e-11,0
2913,5.1602898377904838e-10,3.0663023308638224e-05,3.0652990043138777e-05,1.0033265499446813e-08,3.9438998591693315e-11,0
2914,-4.1802350819712660e-10,-2.6214724898546669e-05,-2.6219441367364387e-05,4.7164688177173000e-09,3.4091136904476749e-11,0
2915,-1.5573020437961645e-10,-1.7436820733120976e-04,-1.7436077014061651e-04,-7.4371905932455080e-09,1.5540303850289789e-11,0
2916,-5.6713938946128999e-11,-4.8621610468113120e-06,-4.8557775671619474e-06,-6.3834796493646292e-09,1.6367512908633872e-11,0
2917,-1.4609156087931864e-11,5.2408240999058265e-06,5.2425239892463187e-06,-1.6998893404922527e-09,9.1847476423850527e-12,0
2918,9.9016265337114195e-11,1.6950604921517473e-04,1.6950250035975702e-04,3.5488554177049055e-09,2.4137965538654278e-11,0
2919,1.4112104816153443e-10,1.7960900307632203e-04,1.7960330297287527e-04,5.7001034467572126e-09,1.4722457312628368e-11,0
2920,4.2104782843122615e-11,1.0102987267469714e-05,1.0099374680497761e-05,3.6125869719524938e-09,1.5479474065566818e-11,0
2921,5.5515306191907366e-11,-9.9495360421379599e-06,-9.9531221517996559e-06,3.5861096616959592e-09,2.6373081518272905e-11,0
2922,-2.9885139032766684e-09,-2.6224170065702662e-05,-2.6248076602382982e-05,2.3906536680320652e-08,2.1762991322686490e-11,0
2923,-2.8313302460307995e-09,-5.2111319481228883e-05,-5.2128117901114740e-05,1.6798419885857418e-08,4.3027566510658623e-11,0
2924,1.5718365725559592e-10,-2.5887043132788619e-05,-2.5876964865200443e-05,-1.0078267588175611e-08,7.1554456674225225e-11,0
2925,-1.2582400501742662e-10,-1.7438185795251712e-04,-1.7436024954902728e-04,-2.1608403489838330e-08,1.5740003984279993e-11,0
2926,-4.3070414404876960e-11,-4.8705988404213960e-06,-4.8556810878842487e-06,-1.4917752537147295e-08,1.7905247831402768e-11,0
2927,-9.5070028004487420e-12,5.2370930961535660e-06,5.2425742905419733e-06,-5.4811943884073387e-09,1.1798697560771255e-11,0
2928,8.2753590539693735e-11,1.6951120795671544e-04,1.6950208196621399e-04,9.1259905014579989e-09,2.5062621750883692e-11,0
2929,1.1631700211873067e-10,1.7961893361992951e-04,1.7960283168682635e-04,1.6101933103160847e-08,1.6257071123444298e-11,0
2930,3.3563411594310209e-11,1.0107691327584239e-05,1.0099326639407772e-05,8.3646881764678951e-09,1.9833915182565058e-11,0
2931,4.1555957563146066e-10,4.7953811384317258e-06,4.7727288688123590e-06,2.2652269619366776e-08,3.0727429750168161e-11,0
2932,-4.3756320739594653e-10,-1.8146677346442437e-04,-1.8145829042591550e-04,-8.4830385088674205e-09,9.4548367469425990e-12,0
2933,-2.0664690657790921e-10,-1.1965401067542958e-05,-1.1962329173606557e-05,-3.0718939364013007e-09,1.2512878675822194e-11,0
2934,9.9702596930141387e-11,-2.5884531168811082e-05,-2.5877633867272360e-05,-6.8973015387215758e-09,3.6466009520567166e-11,0
2935,2.3091630017995485e-10,1.6950139917860994e-04,1.6950336317607230e-04,-1.9639974623562092e-09,4.5798196211637499e-12,0
2936,-5.3726580478257979e-10,-1.5558205012757183e-04,-1.5558026885385950e-04,-1.7812737123257694e-09,4.6496190110289457e-11,0
2937,-3.0634950408637146e-10,1.3919272748253927e-05,1.3926107996405903e-05,-6.8352481519751222e-09,6.3044598232067926e-11,0
2938,-1.3948579652850784e-11,-1.0004947905163306e-05,-9.9537599892662867e-06,-5.1187915897018827e-08,3.7932358025681343e-11,0
2939,8.4780388992753809e-11,-3.3309493769453739e-05,-3.3322079029327079e-05,1.2585259873339769e-08,9.4829934726379851e-12,0
2940,1.0162519585604924e-10,-2.8060259033199295e-05,-2.8077064807906141e-05,1.6805774706846850e-08,1.2084085331964771e-11,0
2941,1.6844806852878703e-11,5.2492597489195610e-06,5.2428526410140818e-06,6.4071079054791769e-09,3.8561401302606722e-12,0
2942,7.4065172760197027e-11,-2.5888504561639384e-05,-2.5877933589926513e-05,-1.0570971712870760e-08,2.5661093011519850e-11,0
2943,-1.7760486357779433e-10,1.4717203123428696e-05,1.4716339965331591e-05,8.6315809710453529e-10,1.2489421597924745e-11,0
2944,8.3148636946937101e-11,-2.5881242281398901e-05,-2.5877846058025593e-05,-3.3962233733079614e-09,2.7481314812426380e-11,0
2945,-5.9517212833192637e-11,4.7650219412902553e-06,4.7672338998302059e-06,-2.2119585399506020e-09,1.2070539041226159e-11,0
2946,2.6075350092487642e-10,-4.0598300972815443e-05,-4.0594204109061702e-05,-4.0968637537414196e-09,6.4743687825538145e-11,0
2947,1.1808765072504599e-10,-9.9521604251108335e-06,-9.9522298882857679e-06,6.9463174934416639e-11,1.4006779263134551e-11,0
2948,-1.4266584977435602e-10,3.0646201193948279e-05,3.0645249922999243e-05,9.5127094903616838e-10,5.8126523458062838e-11,0
2949,6.1867750202531762e-10,2.6357537497200142e-05,2.6341950654440568e-05,1.5586842759573224e-08,2.9458001658679796e-11,0
2950,8.2887877031717541e-10,-6.9622982240601441e-06,-6.9563029981314577e-06,-5.9952259286864641e-09,1.1010165215035088e-11,0
2951,9.1133083663043564e-10,-1.1813343080204278e-05,-1.1810975908708519e-05,-2.3671714957588505e-09,2.4760388340602701e-11,0
2952,8.6941101893188700e-10,-1.7176640213084626e-06,-1.7145800382962103e-06,-3.0839830122523788e-09,1.1968032341709658e-11,0
2953,2.1020126827638544e-10,-3.3319854191950216e-05,-3.3321156919752137e-05,1.3027278019213861e-09,7.9860512802552551e-12,0
2954,2.9265333458352158e-10,-3.8170931915824588e-05,-3.8172175314225058e-05,1.2433984004697339e-09,1.6445144468086830e-11,0
2955,2.5073351688885454e-10,-2.8075244156010315e-05,-2.8075884452515839e-05,6.4029650552376786e-10,8.2938519915879805e-12,0
2956,8.2452066316127131e-11,-4.8510694093898549e-06,-4.8545152550625252e-06,3.4458456726703781e-09,4.2121984482219867e-12,0
2957,4.0532248625830337e-11,5.2446298309093836e-06,5.2431031974188674e-06,1.5266334905162006e-09,2.1447471743484778e-12,0
2958,-4.1919817683108607e-11,1.0095681065421837e-05,1.0098682038938788e-05,-3.0009735169516684e-09,3.3077311946763867e-12,0
2959,7.4489577453960004e-11,-1.8144387607864484e-04,-1.8145216281597199e-04,8.2867373271504341e-09,4.4384269918109264e-11,0
2960,5.0817523261049614e-10,-4.0550490625490196e-05,-4.0591375300586254e-05,4.0884675096058086e-08,4.5929940087028339e-11,0
2961,2.8989240496682390e-12,-9.9546127197871863e-06,-9.9534652236133639e-06,-1.1474961738223868e-09,2.4757184782764665e-11,0
2962,-5.0527630746484397e-10,3.0595837051498875e-05,3.0641155876678271e-05,-4.5318825179395872e-08,6.3551605775971275e-11,0
2963,-1.7452561929533587e-10,-1.1498158791795228e-05,-1.1487846602069797e-05,-1.0312189725430982e-08,2.9964366703670171e-11,0
2964,7.7763023277600927e-11,-2.5859057986074314e-05,-2.5877935785445823e-05,1.8877799371509052e-08,5.7179853438919813e-12,0
2965,2.2027655320584140e-10,-6.9721419744964500e-06,-6.9631275480412681e-06,-9.0144264551818084e-09,8.7422830302396729e-12,0
2966,4.4887435660472272e-11,-1.8133020087140669e-04,-1.8132415685938606e-04,-6.0440120206307728e-09,2.5982461752586692e-11,0
2967,1.4818550093677953e-10,-1.1830058321986130e-05,-1.1819620915878141e-05,-1.0437406107988541e-08,1.6351351727547423e-11,0
2968,2.0127508014000123e-10,-1.7289494768767816e-06,-1.7220896490496870e-06,-6.8598278270945901e-09,9.3316961059202060e-12,0
2969,-1.7538911712943862e-10,-1.7435809946391199e-04,-1.7435963562382648e-04,1.5361599144960401e-09,4.1044359718922791e-12,0
2970,-7.2091052108225616e-11,-4.8578852157536018e-06,-4.8563396457941511e-06,-1.5455699594506614e-09,2.7888510191437555e-12,0
2971,-1.9001473005365707e-11,5.2432061357153667e-06,5.2424305665014275e-06,7.7556921393919252e-10,1.4731664264070991e-12,0
2972,1.0329806503448989e-10,1.6950021378760670e-04,1.6950084466678413e-04,-6.3087917743088855e-10,6.1617002868845761e-12,0
2973,1.5638764414701042e-10,1.7960128673046607e-04,1.7960206791138071e-04,-7.8118091463292953e-10,4.0096427332821990e-12,0
2974,5.3089579091652184e-11,1.0101087401287478e-05,1.0099830010844451e-05,1.2573904430271442e-09,2.1095267098583958e-12,0
2975,4.5700235963986878e-11,1.4722739461681556e-05,1.4718512759465432e-05,4.2267022161242480e-09,8.4680685759050873e-12,0
2976,8.7185095681053384e-11,-2.5880539460622701e-05,-2.5877843165527760e-05,-2.6962950949403210e-09,2.5388570979204687e-11,0
2977,2.1505527701985796e-10,4.7759490293293461e-06,4.7700672559970838e-06,5.8817733322623020e-09,8.1463797726069250e-12,0
2978,4.1484859661113088e-11,-4.0603277162876584e-05,-4.0596366232905610e-05,-6.9109299709733843e-09,5.0590612777229878e-11,0
2979,1.6935504101906910e-10,-9.9467742165487705e-06,-9.9515323967696113e-06,4.7581802208408253e-09,1.1120514110603807e-11,0
2980,1.2787018134484008e-10,3.0656446280414099e-05,3.0648016437583996e-05,8.4298428301027035e-09,4.7800966485318880e-11,0
2981,3.0061817459382276e-10,1.4727415919922604e-05,1.4721255770558926e-05,6.1601493636780509e-09,1.7789490616706833e-11,0
2982,4.8126116439145787e-10,-1.8144985768270283e-04,-1.8144721464916332e-04,-2.6430335395061146e-09,2.4632015447504601e-11,0
2983,1.0512243518449297e-10,-2.5881356497056219e-05,-2.5877655774946311e-05,-3.7007221099071160e-09,2.6344346514328915e-11,0
2984,6.0991661647978994e-10,4.7816818074340045e-06,4.7743867241794288e-06,7.2950832545757226e-09,2.2903595076634468e-11,0
2985,1.8064299019901473e-10,-1.9617731243389957e-04,-1.9616822311508276e-04,-9.0893188168074748e-09,2.5522606857058552e-11,0
2986,-1.9549573903258825e-10,-4.0608761355885592e-05,-4.0598919727363516e-05,-9.8416285220756560e-09,2.9557979934683017e-11,0
2987,3.0929844140827307e-10,-9.9457317046160870e-06,-9.9499458450660597e-06,4.2141404499726400e-09,9.8316319453793821e-12,0
2988,1.2865545142389159e-10,1.8623158663484077e-04,1.8621412632683547e-04,1.7460308005304813e-08,2.5385907476647378e-11,0
2989,3.7613872920284949e-10,-1.5556838048727713e-04,-1.5556905997437517e-04,6.7948709804371496e-10,1.8330123392558072e-11,0
2990,5.0479418144261124e-10,3.0663063386254796e-05,3.0652131034798948e-05,1.0932351455848050e-08,2.5260865301495911e-11,0
2991,-3.7387870215374345e-10,-2.6208680800863388e-05,-2.6220415385951597e-05,1.1734585088209821e-08,3.6254949881897665e-11,0
2992,3.6362168283689462e-10,-6.9295533894377093e-06,-6.9616256523335707e-06,3.2072262895861480e-08,1.6662159562398104e-11,0
2993,3.5914278249771977e-10,-1.6873601373489783e-06,-1.7204547059523515e-06,3.3094568603373267e-08,1.7068700103158901e-11,0
2994,-4.4789003949278776e-12,5.2422616854424955e-06,5.2425774204196051e-06,-3.1573497710960218e-10,4.0566923769202048e-12,0
2995,-3.8746551981260406e-09,-2.0769056061646467e-04,-2.0772393618710808e-04,3.3375570643410114e-08,2.1309227533325816e-11,0
2997,5.7414063907174671e-10,1.6949813371614723e-04,1.6950543933375267e-04,-7.3056176054433347e-09,1.8641181234789213e-11,0
2998,6.0141664441323672e-11,-9.9499059667974409e-06,-9.9526276224448454e-06,2.7216556474045220e-09,2.6496395323641267e-11,0
2999,8.2214004693310585e-11,-2.5880859371422483e-05,-2.5877941549153585e-05,-2.9178222688983014e-09,2.1708013673293458e-11,0
3000,-1.8049049703195919e-10,-1.7437039987650699e-04,-1.7435900343353264e-04,-1.1396442974352184e-08,1.5153352720411564e-11,0
3001,-6.5049512607680793e-11,-4.8654178156624407e-06,-4.8564610323258638e-06,-8.9567833365768786e-09,1.6054069471012023e-11,0
3002,-1.7832246905637827e-11,5.2393253899156228e-06,5.2424207452546394e-06,-3.0953553390166848e-09,9.5356318759077626e-12,0
3003,1.1544098431504119e-10,1.6950499174941047e-04,1.6950011191990761e-04,4.8798295028548103e-09,2.0622042590528878e-11,0
3004,1.6265824997765741e-10,1.7960972492294877e-04,1.7960142227291338e-04,8.3026500353946143e-09,1.2335953415589228e-11,0
3005,4.7217265686131827e-11,1.0104740451996521e-05,1.0099934789974349e-05,4.8056620221718699e-09,1.4310722603712028e-11,0
3006,-7.7431264953757025e-12,-9.9958472001386578e-06,-9.9533124123955049e-06,-4.2534787743152931e-08,3.8610092609218409e-11,0
3007,3.2954093705040699e-10,2.6392002630005670e-05,2.6338745657050527e-05,5.3256972955143325e-08,2.6981894638297996e-11,0
3008,5.7695165561668153e-11,-7.1099911192057386e-06,-7.1050582475401654e-06,-4.9328716655731489e-09,9.5310464216110433e-12,0
3009,-3.7481203907689633e-10,-1.8146738402132802e-04,-1.8145609901842102e-04,-1.1285002907000146e-08,1.2106375690862865e-11,0
3010,-1.2452771853397804e-10,-1.1968241826849566e-05,-1.1962524073080846e-05,-5.7177537687198041e-09,1.4932841145979793e-11,0
3011,1.0486332781675691e-10,-2.5885711170651679e-05,-2.5877714320650427e-05,-7.9968500012518888e-09,4.1128572442549629e-11,0
3012,-3.2834612675245436e-12,-1.8668637526194493e-06,-1.8634435453876714e-06,-3.4202072317778307e-09,7.4202436001124598e-12,0
3013,-4.3250720366064967e-10,-1.7435738483519215e-04,-1.7436155403119328e-04,4.1691960011311716e-09,6.0859557211951049e-12,0
3014,-1.8222288374384285e-10,-4.8582470130130711e-06,-4.8578302140762558e-06,-4.1679893681524161e-10,6.1962529566217065e-12,0
3015,-6.0978626667885066e-11,5.2431524758951272e-06,5.2419344440285320e-06,1.2180318665951315e-09,3.3562384762060073e-12,0
3016,2.5028431993229263e-10,1.6949913265376594e-04,1.6950130068311086e-04,-2.1680293449182972e-09,9.4689909384719035e-12,0
3017,3.7152857701863168e-10,1.7960051722502488e-04,1.7960348529003458e-04,-2.9680650096963052e-09,5.6129032026131664e-12,0
3018,1.2124425706385494e-10,1.0101386870541723e-05,1.0100815276836741e-05,5.7159370498151784e-10,5.3107426564589780e-12,0
3019,-4.7168162867694241e-11,1.8775712180441745e-05,1.8781496978734142e-05,-5.7847982923967564e-09,3.9881738285102626e-11,0
3020,-4.7967536733390320e-10,-1.5558141648509827e-04,-1.5557781028873469e-04,-3.6061963635798753e-09,5.8526691075345672e-11,0
3021,-2.2939104690541018e-10,1.3917421022177634e-05,1.3926274720055720e-05,-8.8536978780861218e-09,7.6481255193559240e-11,0
3022,-1.0814678966722807e-10,2.4018959966008377e-05,2.4023420434845020e-05,-4.4604688366431139e-09,4.3668379038189951e-11,0
3023,-5.6139957064426202e-10,1.4696664979852239e-05,1.4711203073826206e-05,-1.4538093973967228e-08,2.2917073436903552e-11,0
3024,6.3541248765077370e-11,-2.5892862995256435e-05,-2.5878185520000036e-05,-1.4677475256399172e-08,3.3779158671263753e-11,0
3025,-5.4155255626827143e-10,4.7422896741113746e-06,4.7612773037192368e-06,-1.8987629607862251e-08,1.6828549078845244e-11,0
3026,6.2494082088324531e-10,-4.0589434601926225e-05,-4.0589383983942191e-05,-5.0617984033874547e-11,7.4793499493777432e-11,0
3027,1.9847013910132377e-11,-9.9543776106553704e-06,-9.9529418328322363e-06,-1.4357778231340968e-09,2.0895458926466538e-11,0
3028,-6.0509380544867426e-10,3.0635235922820553e-05,3.0639446185721402e-05,-4.2102629008492452e-09,4.8360500273156861e-11,0
3029,2.4103715933123920e-10,1.6950288239253857e-04,1.6950095374658345e-04,1.9286459551257594e-09,4.0494824974282677e-11,0
3030,-1.8998483171268801e-10,1.4716007153926444e-05,1.4715225705792149e-05,7.8144813429505816e-10,1.2540520212046106e-11,0
3031,7.5607940718313793e-11,-2.5881829433528375e-05,-2.5878064824528065e-05,-3.7646090003105620e-09,2.8804476900821047e-11,0
3032,-7.6381822731472821e-11,4.7640769765076169e-06,4.7663679917707545e-06,-2.2910152631376460e-09,1.2963263589232162e-11,0
3033,2.6559277285637252e-10,-4.0597784670991233e-05,-4.0593283493208125e-05,-4.5011777831074256e-09,6.2868811839800924e-11,0
3034,1.1360300897335209e-10,-9.9519287479936727e-06,-9.9518622520508874e-06,-6.6495942785274945e-11,1.4190151524244803e-11,0
3035,-1.5198976346903093e-10,3.0645898543627675e-05,3.0644396221529599e-05,1.5023220980767398e-09,5.4772972906527698e-11,0
3036,-8.4084699926696332e-10,1.6948187660089514e-04,1.6948858130938876e-04,-6.7047084936126908e-09,1.1775132094861295e-11,0
3037,5.1213274758765825e-10,-4.0536580561151975e-05,-4.0590476075476583e-05,5.3895514324608495e-08,7.3289250393307068e-11,0
3038,-4.4773520407665257e-11,4.7624859262429889e-06,4.7666575505942639e-06,-4.1716243512750239e-09,5.3131826043070140e-11,0
3039,4.9164758706887740e-10,2.6370216179662231e-05,2.6340542563610107e-05,2.9673616052124622e-08,1.6816080049006579e-11,0
3040,5.6806414333230541e-10,-6.9364658627814324e-06,-6.9595667387929250e-06,2.3100876011492586e-08,1.4225496741952586e-11,0
3041,5.8074394836124345e-10,-1.6829534504950172e-06,-1.7182721037459508e-06,3.5318653250933628e-08,1.9088280139318015e-11,0
3042,7.6416556169666488e-11,-3.3306642255508632e-05,-3.3324996756297788e-05,1.8354500789155418e-08,1.0961535057440663e-11,0
3043,8.9096361172697703e-11,-2.8053111436618719e-05,-2.8080054788642138e-05,2.6943352023419017e-08,1.5105079810054351e-11,0
3044,1.2679804989713921e-11,5.2535030810531465e-06,5.2427339856316424e-06,1.0769095421504118e-08,4.1490516818659328e-12,0
3045,7.6864737692035852e-11,-2.5869296033572201e-05,-2.5878074726152267e-05,8.7786925800659730e-09,5.5135531593024294e-12,0
3046,3.4639613308157877e-11,1.4721568691983787e-05,1.4717468935160136e-05,4.0997568236515080e-09,8.4966843666302208e-12,0
3047,3.9819491904840950e-10,-1.8142445116757500e-04,-1.8144687473418096e-04,2.2423566605964118e-08,4.9397533381538254e-12,0
3048,8.1834414757660094e-11,-2.5880972252289463e-05,-2.5878029934479210e-05,-2.9423178102527510e-09,2.3838509867321129e-11,0
3049,2.0266811847758958e-10,4.7742561867999966e-06,4.7692897637504708e-06,4.9664230495258233e-09,8.7692424327970066e-12,0
3050,3.6355530568253253e-10,-1.9614602395670935e-04,-1.9616441636482792e-04,1.8392408118571161e-08,8.3235586293189993e-12,0
3051,4.7194801396867312e-11,-4.0602562900692463e-05,-4.0595485489818703e-05,-7.0774108737605519e-09,4.8110538137667782e-11,0
3052,1.6802850512954444e-10,-9.9473303583437131e-06,-9.9511535938244267e-06,3.8232354807136168e-09,1.0784937336482472e-11,0
3053,-1.9552680048311242e-10,1.8619870668971049e-04,1.8620950828328314e-04,-1.0801593572655390e-08,7.8072354885747734e-12,0
3054,3.1636050429066079e-10,-1.5554341579021407e-04,-1.5556818854592998e-04,2.4772755715914488e-08,2.7303374483299500e-11,0
3055,1.2083370372393576e-10,3.0655196856044578e-05,3.0647230953637989e-05,7.9659024065893095e-09,4.2180880706854424e-11,0
3056,3.4942148533335944e-10,-1.8144665108722063e-04,-1.8144723720048319e-04,5.8611326255180070e-10,1.8014101509257899e-11,0
3057,8.7308513832923438e-11,-2.5881026533665678e-05,-2.5877985652643600e-05,-3.0408810220780981e-09,4.8729675750928295e-11,0
3058,2.6211297150251897e-10,-1.5556548839276187e-04,-1.5556857305505715e-04,3.0846622952880424e-09,5.7261780211341762e-11,0
3059,1.4155890652708569e-10,-9.9503018507174877e-06,-9.9513946127260272e-06,1.0927620085394475e-09,2.4760181637973595e-11,0
3060,6.6415929484624747e-10,2.6362472968490588e-05,2.6342454807304451e-05,2.0018161186137121e-08,2.5826280897964068e-11,0
3061,8.5221700116540862e-10,-6.9607374106397946e-06,-6.9565502316780168e-06,-4.1871789617777149e-09,1.0981697317492330e-11,0
3062,9.1500173356245276e-10,-1.1812120189181458e-05,-1.1812134463790974e-05,1.4274609516336592e-11,1.8009298175392391e-11,0
3063,8.8635741510497945e-10,-1.7160931773466115e-06,-1.7150604687365918e-06,-1.0327086100197147e-09,1.5233649811003950e-11,0
3064,1.8805770637958926e-10,-3.3323222059017041e-05,-3.3324601907577289e-05,1.3798485602481924e-09,8.6758632584370524e-12,0
3065,2.5084243875814237e-10,-3.8174603368546292e-05,-3.8176484054784938e-05,1.8806862386459887e-09,1.7404627029421494e-11,0
3066,2.2219812031628183e-10,-2.8078576200227245e-05,-2.8079429836164932e-05,8.5363593768655746e-10,9.0514894355778321e-12,0
3067,6.2784732374719532e-11,-4.8513889920314551e-06,-4.8554519712065480e-06,4.0629791750928851e-09,4.9704025868275629e-12,0
3068,3.4140413948051065e-11,5.2446554009311780e-06,5.2429502484491142e-06,1.7051524820637845e-09,3.1469605652678684e-12,0
3069,-2.8644318410272038e-11,1.0096029599437721e-05,1.0099441351278335e-05,-3.4117518406139209e-09,5.9205031849956775e-12,0
3070,7.7245168177815443e-11,-9.9504518374701062e-06,-9.9520471765903546e-06,1.5953391202484443e-09,2.3463318607901031e-11,0
3071,-9.1239123819996760e-11,-1.8146010728173692e-04,-1.8145189908238521e-04,-8.2081993517109202e-09,3.5682489908792541e-11,0
3072,-3.0533028663850081e-09,-5.2109965434838680e-05,-5.2136072083295411e-05,2.6106648456731207e-08,7.6655436375078934e-11,0
3073,-3.0073712995447931e-09,-2.8093664200808804e-05,-2.8115433982958498e-05,2.1769782149693822e-08,1.0062730809526812e-11,0
3074,4.5931570598198270e-11,2.4016331165180316e-05,2.4024811922311494e-05,-8.4807571311778488e-09,5.0282477249650704e-11,0
3075,-1.9998647911161778e-10,-1.7437370429464714e-04,-1.7435747891311561e-04,-1.6225381531533934e-08,1.6999436295055541e-11,0
3076,-7.1627753007044908e-11,-4.8693491039000954e-06,-4.8570379895758112e-06,-1.2311114324284182e-08,1.2522126519921986e-11,0
3077,-2.0458068690032780e-11,5.2373703385512251e-06,5.2423340629661832e-06,-4.9637244149581275e-09,7.9502828546136200e-12,0
3078,1.2835872598851874e-10,1.6950433162740350e-04,1.6949806308520619e-04,6.2685421973085638e-09,2.5127297671732639e-11,0
3081,-3.0573310507613904e-10,-2.6193953424373181e-05,-2.6221359812501847e-05,2.7406388128665819e-08,4.0911926151364117e-11,0
3082,6.3492419002897574e-11,-9.9500668902839998e-06,-9.9521451725504121e-06,2.0782822664123406e-09,2.4108306624180644e-11,0
3083,1.0851167456623910e-10,-2.5886936688822998e-05,-2.5877798477970852e-05,-9.1382108521455914e-09,5.3067195986820513e-11,0
3084,-2.7570201182890424e-10,-1.1514350006929051e-05,-1.1493357567217432e-05,-2.0992439711618304e-08,2.0064333451528968e-11,0
3085,-2.7326187830368887e-10,-2.1473603922044469e-05,-2.1457395931517872e-05,-1.6207990526597338e-08,1.6749889112125015e-11,0
3086,2.4401335085879850e-12,-9.9593689616853456e-06,-9.9527624670915043e-06,-6.6064945938413709e-09,2.5485348226151080e-11,0
3087,9.0090893367322309e-11,-2.5882038296448553e-05,-2.5878014488243286e-05,-4.0238082052668428e-09,1.8057636285406449e-11,0
3088,2.0109891551352400e-10,-6.9716802740390701e-06,-6.9638966000900395e-06,-7.7836739490306600e-09,1.2123369578593200e-11,0
3089,-2.1436580949006357e-11,-1.8132772613406543e-04,-1.8132286581614202e-04,-4.8603179234095809e-09,2.3742384234511765e-11,0
3090,1.1319774893907764e-10,-1.1830642703780821e-05,-1.1821327794776512e-05,-9.3149090043086863e-09,1.6671543921918546e-11,0
3091,1.7630469007535748e-10,-1.7287498722800415e-06,-1.7231014754723869e-06,-5.6483968076546031e-09,1.2849873455270138e-11,0
3092,-2.2253549613506071e-10,-1.7435605209882810e-04,-1.7435742832255167e-04,1.3762237235774057e-09,3.5529011068773369e-12,0
3093,-8.7901166447284464e-11,-4.8589567208163391e-06,-4.8573054041502329e-06,-1.6513166661062076e-09,3.2396584688979471e-12,0
3094,-2.4794225389634401e-11,5.2429474889242617e-06,5.2422760567462031e-06,6.7143217805857962e-10,1.8132062869881565e-12,0
3095,1.3463432967195189e-10,1.6949709378709778e-04,1.6949775416950184e-04,-6.6038240406130801e-10,4.9734161295223291e-12,0
3096,1.9774127072132324e-10,1.7959898601014126e-04,1.7959969172453926e-04,-7.0571439799793981e-10,3.4194325438259368e-12,0
3097,6.3106941043262800e-11,1.0101894640034462e-05,1.0100614361594656e-05,1.2802784398058948e-09,2.8654592313244729e-12,0
3098,1.0857373603909458e-10,-9.9070910563577377e-06,-9.9515412692019174e-06,4.4450212844179696e-08,1.1020600001085156e-11,0
3099,1.5313056126889279e-10,-7.1144955812417476e-06,-7.1049928988488244e-06,-9.5026823929231924e-09,1.0035044017475120e-11,0
3100,-1.2108123622946272e-10,-1.8147291235083921e-04,-1.8145158036933056e-04,-2.1331981508640723e-08,1.1503120080824671e-11,0
3101,9.0412683520972585e-11,-2.5879853288069245e-05,-2.5878031512885158e-05,-1.8217751840869732e-09,6.0904218961528285e-11,0
3102,1.2017559555485113e-10,-1.8721909132626141e-06,-1.8629473714806876e-06,-9.2435417819265299e-09,9.4584665722650935e-12,0
3103,-2.7421179718297959e-10,-1.7435843870446284e-04,-1.7435773691498580e-04,-7.0178947703569868e-10,5.9841897818713094e-12,0
3104,-3.2954965666088297e-11,5.2423180523202949e-06,5.2421768573160252e-06,1.4119500426972801e-10,3.5013151328328437e-12,0
3105,2.4125683137690913e-10,1.7960073622958752e-04,1.7959989972612169e-04,8.3650346583341237e-10,5.7772287919920747e-12,0
3106,6.2717877796014929e-11,1.8765262936960847e-05,1.8782164088746880e-05,-1.6901151786033279e-08,4.7912375563904023e-11,0
3107,-2.1149391971980632e-10,-1.5559291383167480e-04,-1.5557276149594779e-04,-2.0152335727003116e-08,6.8725425153312259e-11,0
3108,2.9762912078473355e-11,2.4007717738139256e-05,2.4024456072517584e-05,-1.6738334378327816e-08,6.4464144563707901e-11,0
3109,4.8918369158105460e-11,-9.9420753716057469e-06,-9.9521654476921596e-06,1.0090076086412730e-08,1.0023067755816589e-11,0
3110,-3.7104761521921972e-11,2.6339371860828811e-05,2.6334681492744309e-05,4.6903680845024776e-09,6.2763006485980968e-11,0
3111,-5.7649084888261062e-10,1.4681645306460073e-05,1.4709855499128226e-05,-2.8210192668153691e-08,2.6385998869703556e-11,0
3112,4.9985212921197562e-11,-2.5903542971196947e-05,-2.5878499087628320e-05,-2.5043883568627427e-08,4.0575743733931445e-11,0
3113,-5.7053630194358931e-10,4.7271918579196853e-06,4.7601358061683758e-06,-3.2943948248690465e-08,2.1767594258276997e-11,0
3114,6.2647606328797171e-10,-4.0585173174267561e-05,-4.0588319627518095e-05,3.1464532505344218e-09,7.9593872034964568e-11,0
3115,5.9545465158670556e-12,-9.9544455804401188e-06,-9.9525916549900721e-06,-1.8539254500467934e-09,2.2149326010187548e-11,0
3116,-6.2052151533769459e-10,3.0630845823182568e-05,3.0638368723266513e-05,-7.5229000839451888e-09,6.1814569330635877e-11,0
3117,-3.8509989879256199e-10,-1.7435932893096300e-04,-1.7435869308780075e-04,-6.3584316224761864e-10,1.8504169342732451e-11,0
3118,-1.4826006385963934e-10,-4.8610534649656291e-06,-4.8581300287393388e-06,-2.9234362262902508e-09,1.7532454928719596e-11,0
3119,-5.1208956758048038e-11,5.2418632100054412e-06,5.2419654870931904e-06,-1.0227708774912807e-10,6.2151780502877585e-12,0
3120,2.3683983496986718e-10,1.6949831591135190e-04,1.6949821055752372e-04,1.0535382817338478e-10,3.2860442901335254e-11,0
3121,3.3389094209750088e-10,1.7960118853458610e-04,1.7960064309113498e-04,5.4544345112045832e-10,1.8824564708110355e-11,0
3122,9.7051107111554575e-11,1.0102828612255964e-05,1.0101123123330142e-05,1.7054889258221763e-09,1.8308110715614638e-11,0
3123,2.3544392260409216e-11,1.4720440333862873e-05,1.4716419904197856e-05,4.0204296650163401e-09,1.0094974292208724e-11,0
3124,4.2742156309333638e-10,-1.8142486762440929e-04,-1.8144515852582519e-04,2.0290901415901189e-08,5.6992626240200741e-12,0
3125,7.5671250250037125e-11,-2.5881383160434646e-05,-2.5878226376902574e-05,-3.1567835320729177e-09,2.3698114157640365e-11,0
3126,1.8873538373811530e-10,4.7728769095867207e-06,4.7684917874778800e-06,4.3851221088407047e-09,1.0192402803727127e-11,0
3127,4.0387717075683941e-10,-1.9614531971663164e-04,-1.9616200451923470e-04,1.6684802603059417e-08,1.0019015973546084e-11,0
3128,5.2126857936181653e-11,-4.0601789304205247e-05,-4.0594609089527226e-05,-7.1802146780212050e-09,4.4809544947389976e-11,0
3129,1.6519099143752665e-10,-9.9475755822187734e-06,-9.9507894793953858e-06,3.2138971766124461e-09,1.2806837595904935e-11,0
3130,-2.3868617917067774e-10,1.8619773687294019e-04,1.8620789837968071e-04,-1.0161506740512033e-08,9.5211752926050616e-12,0
3131,3.5175031284072055e-10,-1.5554334608421094e-04,-1.5556610212055615e-04,2.2756036345203401e-08,2.8502629304536815e-11,0
3132,1.1306413349053388e-10,3.0654243493125587e-05,3.0646433639448661e-05,7.8098536769260845e-09,4.8361508961046850e-11,0
3133,2.7022960121687520e-10,-4.0596946185337927e-05,-4.0592127895807484e-05,-4.8182895304434777e-09,7.4338081655574869e-11,0
3134,1.0542018805217331e-10,-9.9514729324160075e-06,-9.9514214125295094e-06,-5.1519886498126296e-11,1.4006447840808938e-11,0
3135,-1.6480941276312477e-10,3.0645510666362646e-05,3.0643298456835978e-05,2.2122095266684477e-09,6.2812849176043755e-11,0
3136,7.7110411971382095e-10,-7.0916607107455315e-06,-7.0984736779306622e-06,6.8129671851307062e-09,1.3077082200748089e-11,0
3137,3.1361069781999076e-10,-1.8145059720520664e-04,-1.8144619322680138e-04,-4.4039784052613690e-09,1.8660464401577110e-11,0
3138,5.9677668095634360e-10,-1.1952780980456056e-05,-1.1956209328824394e-05,3.4283483683379560e-09,2.9131435580174001e-11,0
3139,7.0778797281154507e-10,-1.8500516868191763e-06,-1.8567246320967796e-06,6.6729452776032779e-09,1.5118664959483146e-11,0
3140,-4.5749342157391943e-10,-1.7435891796311730e-04,-1.7435908105476952e-04,1.6309165221670488e-10,8.4222622176828958e-12,0
3141,-1.7432743863956252e-10,-4.8611352519785551e-06,-4.8585390048736694e-06,-2.5962471048857885e-09,1.0721283004952555e-11,0
3142,-6.3316146866371647e-11,5.2416422770757212e-06,5.2418175718060059e-06,-1.7529473028466997e-10,5.6614863033067472e-12,0
3143,2.8316598312327796e-10,1.6949774957456714e-04,1.6949820208420272e-04,-4.5250963558369529e-10,1.6030935795484452e-11,0
3144,3.9417727497607110e-10,1.7960053145842569e-04,1.7960088096006957e-04,-3.4950164388026367e-10,9.1642729655973130e-12,0
3146,1.3678790472635624e-10,-9.9500797516014795e-06,-9.9510292677485405e-06,9.4951614706091712e-10,2.6532993954592419e-11,0
3148,-6.4644165341892912e-12,-9.9542688345921268e-06,-9.9525477196200611e-06,-1.7211149720656603e-09,1.8782948390451070e-11,0
3149,3.8853023640176473e-10,-1.8144505705497069e-04,-1.8144506960729852e-04,1.2552327829495197e-11,1.7916981208598064e-11,0
3150,7.9300123746927188e-11,-2.5881627410848676e-05,-2.5878234008254203e-05,-3.3934025944733833e-09,5.0540872354626701e-11,0
3151,3.0923011265350731e-10,-1.5556336912769635e-04,-1.5556594066379795e-04,2.5715361015989178e-09,4.9894301586756150e-11,0
3152,6.9032246732209168e-10,2.6366684687784657e-05,2.6342744818702722e-05,2.3939869081934757e-08,2.3381081852129884e-11,0
3153,8.6233406889846570e-10,-6.9592762242231404e-06,-6.9568753523475603e-06,-2.4008718755801328e-09,9.7821752756632796e-12,0
3154,9.0784407226198026e-10,-1.1810747728381935e-05,-1.1813250286941544e-05,2.5025585596098304e-09,2.4844283697340956e-11,0
3155,8.9068155372518550e-10,-1.7146965763294858e-06,-1.7155901138665784e-06,8.9353753709260283e-10,1.0689765096863235e-11,0
3156,1.7201160167945781e-10,-3.3325964513380470e-05,-3.3327545061453330e-05,1.5805480728603655e-09,7.7866189257639437e-12,0
3157,2.1752160501205937e-10,-3.8177443704852723e-05,-3.8180176798449602e-05,2.7330935968792052e-09,1.8001599481417392e-11,0
3158,2.0035908650445131e-10,-2.8081360995631938e-05,-2.8082462737391055e-05,1.1017417591170078e-09,8.1386309617343520e-12,0
3159,4.5510003301871604e-11,-4.8514808122881482e-06,-4.8562646217017540e-06,4.7838094136057319e-09,4.3871121915495810e-12,0
3160,2.8347484823409496e-11,5.2446169826875482e-06,5.2428150805445368e-06,1.8019021430113955e-09,2.0734858686716086e-12,0
3161,-1.7162518453159394e-11,1.0096077343041496e-05,1.0100097698080940e-05,-4.0203550394434884e-09,3.7320243376312872e-12,0
3162,-1.4846201823138528e-10,1.4660573538988544e-05,1.4714041971554606e-05,-5.3468432566061363e-08,6.9404900940708255e-11,0
3163,-8.3006965276994164e-11,4.7107896474062744e-06,4.7651520863011699e-06,-5.4362438894895571e-08,6.0366781806199387e-11,0
3164,6.5455052872034817e-11,-9.9499761023820639e-06,-9.9516937085976796e-06,1.7176062156156672e-09,2.1905650581651342e-11,0
3165,-3.3373927963852214e-09,-2.6197755263872649e-05,-2.6256571345420936e-05,5.8816081548287356e-08,2.6746781405008412e-11,0
3166,-3.1749397362602042e-09,-5.2107254129135291e-05,-5.2140763107989118e-05,3.3508978853826084e-08,9.1223335370000204e-11,0
3167,1.6245305953632414e-10,-2.5909371348258742e-05,-2.5877341166812262e-05,-3.2030181446479508e-08,9.5600123101245173e-11,0
3168,2.6150662017553160e-10,1.4727472548185447e-05,1.4718423749607649e-05,9.0487985777980447e-09,1.9730375021696213e-11,0
3169,7.7889533868991876e-11,-2.5882562026789766e-05,-2.5878289492795487e-05,-4.2725339942789326e-09,2.1869665074183123e-11,0
3170,5.5066618806581103e-10,4.7825041157075615e-06,4.7720631729099991e-06,1.0440942797562420e-08,1.6561380898313561e-11,0
3171,-1.8361708597950517e-10,-4.0610101922973485e-05,-4.0596659751114135e-05,-1.3442171859350005e-08,5.5796235189311142e-11,0
3172,2.8915956738489166e-10,-9.9449642905892303e-06,-9.9491445472947362e-06,4.1802567055058688e-09,2.0155570625383663e-11,0
3173,4.7277665440308939e-10,3.0665121155532687e-05,3.0649934124471728e-05,1.5187031060959633e-08,4.5464609481787440e-11,0
3174,1.8099461534808954e-10,-6.9715227734457735e-06,-6.9645097477194857e-06,-7.0130257262877879e-09,1.0827266490635976e-11,0
3175,-7.2659981108243207e-11,-1.8132633222219755e-04,-1.8132201246631933e-04,-4.3197558782239690e-09,2.0691167251084064e-11,0
3176,8.2634976786026251e-11,-1.1831325315103322e-05,-1.1822591724368885e-05,-8.7335907344373860e-09,2.1772899024058014e-11,0
3177,1.5224075975164815e-10,-1.7287878629453426e-06,-1.7238837545580734e-06,-4.9041083872692042e-09,1.1200358467020898e-11,0
3178,-2.5365459618707040e-10,-1.7435476067313282e-04,-1.7435585857833509e-04,1.0979052022716800e-09,3.1195031881681160e-12,0
3179,-9.8359638457866242e-11,-4.8597827797161163e-06,-4.8579757766055372e-06,-1.8070031105791142e-09,3.1357459256592099e-12,0
3180,-2.8753855557226791e-11,5.2427673957283175e-06,5.2421688319881220e-06,5.9856374019543151e-10,1.6614660627182613e-12,0
3181,1.5529495769530300e-10,1.6949496559784546e-04,1.6949557196009192e-04,-6.0636224646502986e-10,4.5635772117555954e-12,0
3182,2.2490074058235408e-10,1.7959751136086162e-04,1.7959800467271349e-04,-4.9331185187143078e-10,2.6124971313164150e-12,0
3183,6.9605782888595995e-11,1.0102546546001171e-05,1.0101158643781085e-05,1.3879022200854714e-09,2.7009404316554736e-12,0
3184,7.3200911699240981e-11,-2.5876588583653801e-05,-2.5878356527222220e-05,1.7679435684183980e-09,4.5244725242563431e-12,0
3185,-2.5491464537046262e-10,-1.1498425147986671e-05,-1.1496471583698891e-05,-1.9535642877801309e-09,1.8394372790421450e-11,0
3186,2.4252656481663969e-10,-7.1086459710677881e-06,-7.1049384508571760e-06,-3.7075202106120176e-09,2.7052479333503751e-11,0
3187,1.6241165641510781e-10,-1.1987467699624450e-05,-1.1961793321029762e-05,-2.5674378594688746e-08,4.2376722062424498e-11,0
3188,2.1853672773082354e-10,-1.8763681883461787e-06,-1.8626801434698054e-06,-1.3688044876373332e-08,3.1553388444990704e-11,0
3189,-8.0114908396951411e-11,-4.8788684015293321e-06,-4.8578591168081482e-06,-2.1009284721183860e-08,1.1691582312495779e-11,0
3190,-2.3989837086140342e-11,5.2323090368392843e-06,5.2422118643326640e-06,-9.9028274933796325e-09,7.6639588388743030e-12,0
3191,5.6125071292203628e-11,1.0111164864167604e-05,1.0101082104450758e-05,1.0082759716846469e-08,1.2199468394696681e-11,0
3192,1.6492151900907023e-10,-1.8127713442568985e-04,-1.8131908151459116e-04,4.1947088901304148e-08,2.5384606600631185e-11,0
3193,-2.3475233530991118e-10,-2.6164590096366264e-05,-2.6222757889586430e-05,5.8167793220166824e-08,2.0461704821418092e-11,0
3194,-8.2353266526173952e-10,-1.1514952612618357e-05,-1.1503244223852796e-05,-1.1708388765561685e-08,1.2977924789822668e-11,0
3195,-1.9725480454277873e-10,-5.2094349551327912e-05,-5.2108860858215357e-05,1.4511306887444639e-08,3.2610485424695296e-11,0
3196,-8.3165072391210523e-10,-2.1469790621141127e-05,-2.1467150316703224e-05,-2.6403044379036129e-09,1.1368366929382017e-11,0
3197,-5.8878032825657730e-10,1.4649618249837001e-05,1.4708685053929103e-05,-5.9066804092101558e-08,2.6714158076230532e-11,0
3198,3.7497530636114792e-11,-2.5929627349816683e-05,-2.5878780602589026e-05,-5.0846747227656900e-08,4.4519288403774911e-11,0
3199,-5.9689838641039580e-10,4.6947866816481748e-06,4.7591248791100093e-06,-6.4338197461834474e-08,2.4904029593732726e-11,0
3200,6.2627786036178048e-10,-4.0579267659334589e-05,-4.0587404103946062e-05,8.1364446114726976e-09,6.3440903645981104e-11,0
3201,-8.1180585550408732e-12,-9.9548466347184478e-06,-9.9523058699824341e-06,-2.5407647360136494e-09,1.5119853915045066e-11,0
3202,-6.3439591755415113e-10,3.0624399620142462e-05,3.0637420660654725e-05,-1.3021040512263299e-08,5.0493343447844375e-11,0
3203,-1.1386943315285500e-10,-4.8613165519219292e-06,-4.8583039867587861e-06,-3.0125651631431635e-09,1.0831509358952681e-11,0
3204,-3.6372830249050077e-11,5.2420533634976773e-06,5.2420665251613460e-06,-1.3161663668727103e-11,4.9936745311093971e-12,0
3205,7.7496602887857471e-11,1.0103355151107329e-05,1.0101379229229711e-05,1.9759218776179788e-09,9.9981769869204784e-12,0
3206,1.1093004553756658e-11,1.4719274915192884e-05,1.4715229060736771e-05,4.0458544561136714e-09,1.0256935329566765e-11,0
3207,4.5546967691188647e-10,-1.8142533989967506e-04,-1.8144326477696364e-04,1.7924877288575444e-08,6.3925906295641826e-12,0
3208,6.7783837214876949e-11,-2.5881820381924332e-05,-2.5878459473123657e-05,-3.3609088006747380e-09,2.6322035755823791e-11,0
3209,1.7126086325368138e-10,4.7716144468482047e-06,4.7675664483879582e-06,4.0479984602464992e-09,1.1013408937603294e-11,0
3210,4.4437667226493076e-10,-1.9614461997579345e-04,-1.9615932170192064e-04,1.4701726127187668e-08,1.0963428978828221e-11,0
3211,5.6690832607104392e-11,-4.0600989574233332e-05,-4.0593624270592349e-05,-7.3653036409830250e-09,5.4619442577907721e-11,0
3212,1.6016785865899889e-10,-9.9476592574088141e-06,-9.9503954368681880e-06,2.7361794593739653e-09,1.3989802668257786e-11,0
3213,-2.8420881336588959e-10,1.8619694770541893e-04,1.8620610737313373e-04,-9.1596677147926485e-09,1.0313709769255980e-11,0
3214,3.8768583969133565e-10,-1.5554335908746567e-04,-1.5556377771030932e-04,2.0418622843654819e-08,2.9565044863876506e-11,0
3215,1.0347702603591951e-10,3.0653500948844316e-05,3.0645518812978834e-05,7.9821358654820246e-09,4.7324151570292587e-11,0
3216,-2.1782938783829327e-10,1.4712687243173019e-05,1.4712623307460807e-05,6.3935712211926252e-11,1.2133401337792144e-11,0
3217,5.4927812900414371e-11,-2.5883464832674938e-05,-2.5878611416346821e-05,-4.8534163281170031e-09,1.5061445500093622e-11,0
3218,-1.2136540895507602e-10,4.7615709751541377e-06,4.7642753652670201e-06,-2.7043901128824207e-09,1.2485794790738732e-11,0
3219,2.7275720120497590e-10,-4.0596268330778985e-05,-4.0591168706543085e-05,-5.0996242359008714e-09,5.9711576220960723e-11,0
3220,9.6463978887484113e-11,-9.9511416661255536e-06,-9.9510724386515061e-06,-6.9227474047575763e-11,1.5105059071021030e-11,0
3221,-1.7629322192909675e-10,3.0645017058527485e-05,3.0642365251760575e-05,2.6518067669102749e-09,6.1265354954882428e-11,0
3222,-3.8898392035140486e-10,-1.7435988171425436e-04,-1.7435654595534823e-04,-3.3357589061312233e-09,1.7786006801728758e-11,0
3223,-1.4622962061920312e-10,-4.8633555935029098e-06,-4.8587417410920330e-06,-4.6138524108768196e-09,1.6462385433024147e-11,0
3224,-5.2651654938789435e-11,5.2407286378103497e-06,5.2418770491017920e-06,-1.1484112914422658e-09,9.2616965389532041e-12,0
3225,2.4275429990573681e-10,1.6949650712519892e-04,1.6949551795196236e-04,9.8917323656621918e-10,3.2217087421684383e-11,0
3226,3.3633226565694578e-10,1.7960056421167849e-04,1.7959839598707234e-04,2.1682246061516947e-09,1.8209643357179792e-11,0
3227,9.3577965714614524e-11,1.0104006777901520e-05,1.0101624817718899e-05,2.3819601826202653e-09,1.5879211646906386e-11,0
3228,-1.1677276722273875e-11,-9.9543576455090807e-06,-9.9522390730202669e-06,-2.1185724888137967e-09,2.8877805215511583e-11,0
3230,2.9074310905070868e-10,-7.1184414126707063e-06,-7.1047776124537893e-06,-1.3663800216917036e-08,1.1093141006672434e-11,0
3231,-2.0762664927550924e-10,-1.8147136833590941e-04,-1.8145028767102065e-04,-2.1080664888755091e-08,1.4966366381557178e-11,0
3232,1.1267874290350969e-10,-2.5889706747706876e-05,-2.5877991950479320e-05,-1.1714797227555852e-08,4.7571642808863630e-11,0
3233,2.2057464179634622e-10,-1.8755328447511016e-06,-1.8629859372996778e-06,-1.2546907451423767e-08,9.7282639108170823e-12,0
3234,-4.9836975765249065e-10,-1.7435294926573884e-04,-1.7435749925073948e-04,4.5499850006387385e-09,6.4495250283045735e-12,0
3235,-7.0168467125919031e-11,5.2428977687971577e-06,5.2416743059352739e-06,1.2234628618838358e-09,3.7129610696398391e-12,0
3236,4.2820129055556545e-10,1.7959583562144504e-04,1.7959914517425205e-04,-3.3095528070186449e-09,6.4566053877924690e-12,0
3237,1.7806436568549627e-10,1.8771311289350959e-05,1.8782715437003949e-05,-1.1404147652989893e-08,3.7572252930932410e-11,0
3238,-3.2030539256417102e-10,-1.5558150117499399e-04,-1.5557122726929767e-04,-1.0273905696323157e-08,6.3718835419066843e-11,0
3239,1.0789589844277621e-10,2.4014330385143876e-05,2.4024671337300596e-05,-1.0340952156720614e-08,4.8636005993572375e-11,0
3240,5.5867206955033803e-11,-9.9455638208867077e-06,-9.9514482735341917e-06,5.8844526474840023e-09,1.0324087626170491e-11,0
3241,5.9581968033852407e-11,-2.5882414940655316e-05,-2.5878594431667502e-05,-3.8205089878133505e-09,4.1408324793683414e-11,0
3242,-3.9466367653478182e-10,-1.7435665792102373e-04,-1.7435616060824607e-04,-4.9731277765568266e-10,1.9311755470219609e-11,0
3243,-1.5164453447006304e-10,-4.8617679136919376e-06,-4.8589315812051381e-06,-2.8363324867994430e-09,1.6884590983627803e-11,0
3244,-5.3407486547875113e-11,5.2418359787235417e-06,5.2418538420478411e-06,-1.7863324299375130e-11,9.2870329388896258e-12,0
3245,2.4301914213564463e-10,1.6949491591898656e-04,1.6949495632315005e-04,-4.0404163494751552e-11,3.1585163282123115e-11,0
3246,3.4125619009467119e-10,1.7959845852194740e-04,1.7959798507211642e-04,4.7344983098926430e-10,1.8746390533622789e-11,0
3247,9.8237047941229881e-11,1.0103552818471794e-05,1.0101787033607923e-05,1.7657848638712224e-09,1.7561857859306926e-11,0
3248,-3.3933537753626264e-10,-1.1520538328899793e-05,-1.1499145141071939e-05,-2.1393187827853873e-08,2.3430084173129255e-11,0
3249,-3.3207081836330084e-10,-2.1478251581904736e-05,-2.1462797833115365e-05,-1.5453748789371642e-08,2.0911154448522615e-11,0
3250,7.2645591543199938e-12,-9.9577332086635967e-06,-9.9519446379677288e-06,-5.7885706958679022e-09,2.5138489534998662e-11,0
3251,4.1195307682295424e-10,-7.1021391680912635e-06,-7.1036304903270508e-06,1.4913222357872645e-09,2.5844938925004118e-11,0
3252,1.8759477340876045e-11,-1.8145699563105501e-04,-1.8144744054368012e-04,-9.5550873748884244e-09,4.2269293582875402e-11,0
3253,2.5830221042686821e-10,-1.1963007839409928e-05,-1.1961454423750903e-05,-1.5534156590248896e-09,4.2654870870177509e-11,0
3254,3.5927148785364039e-10,-1.8597717996839472e-06,-1.8616211880042765e-06,1.8493883203293684e-09,2.5248769614571566e-11,0
3255,-3.9319359943278372e-10,-1.7435484392412572e-04,-1.7435592516905663e-04,1.0812449309104046e-09,2.0320208538315311e-11,0
3256,-1.5365086638065490e-10,-4.8609207767163522e-06,-4.8590172790155381e-06,-1.9034977008141132e-09,1.4371321174724808e-11,0
3257,-5.2681588952751707e-11,5.2423748062658052e-06,5.2418546396672579e-06,5.2016659854728310e-10,7.6824373509500858e-12,0
3258,2.3954273302907320e-10,1.6949398324852052e-04,1.6949464181386067e-04,-6.5856534014661038e-10,3.1323911541507788e-11,0
3259,3.4051201045604179e-10,1.7959718992563217e-04,1.7959774927652340e-04,-5.5935089123427401e-10,2.0955031193658012e-11,0
3260,1.0096927742655814e-10,1.0103259103362485e-05,1.0101871369806389e-05,1.3877335560965817e-09,1.1937365383826075e-11,0
3261,4.7559101672590840e-10,2.6396772180387051e-05,2.6340364581050041e-05,5.6407599337010838e-08,3.3411457720061342e-11,0
3262,6.6147481131704226e-11,-9.9497516001486371e-06,-9.9512251264868326e-06,1.4735263381954850e-09,2.4812715489663506e-11,0
3263,-6.3974890235784695e-10,-1.5559105926136324e-04,-1.5557404089040932e-04,-1.7018370953924633e-08,6.2837240120636650e-11,0
3264,1.1218820383142988e-10,-9.9374380476361518e-06,-9.9506615059355740e-06,1.3223458299422235e-08,1.8594187069443865e-11,0
3265,7.0457422897945651e-10,2.6371555090165533e-05,2.6342902795466815e-05,2.8652294698717682e-08,1.9360852598786939e-11,0
3266,8.6245511346126135e-10,-6.9573534955142541e-06,-6.9573590102993260e-06,5.5147850719486141e-12,9.8686565146865438e-12,0
3267,8.8884601587513353e-10,-1.1808380426128404e-05,-1.1814610505362831e-05,6.2300792344269484e-09,2.0526364812466960e-11,0
3268,8.8420055718858662e-10,-1.7125548582505590e-06,-1.7163025821882804e-06,3.7477239377214455e-09,1.0702762492462290e-11,0
3269,1.5788088463895612e-10,-3.3328946853315809e-05,-3.3330768856960487e-05,1.8220036446784825e-09,6.4059653378403393e-12,0
3270,1.8427178697859105e-10,-3.8179995500774860e-05,-3.8184231553658611e-05,4.2360528837507823e-09,1.2787792811961347e-11,0
3271,1.7962632836062986e-10,-2.8084143062693037e-05,-2.8085788036490805e-05,1.6449737977674932e-09,6.9316088437785165e-12,0
3272,2.6390902308500159e-11,-4.8510732906267666e-06,-4.8571655261449667e-06,6.0922355182000711e-09,3.8119839068409500e-12,0
3273,2.1745443723456689e-11,5.2448062611992492e-06,5.2426631980533998e-06,2.1430631458493177e-09,2.0726248870019845e-12,0
3274,-4.6454585612670274e-12,1.0095860793299383e-05,1.0100823276952190e-05,-4.9624836528077830e-09,3.8902527048501423e-12,0
3275,-8.1715778136468706e-11,4.7606676930617847e-06,4.7642523288784140e-06,-3.5846358166292437e-09,4.4537389505483119e-11,0
3276,3.3617737017955262e-10,-1.9617574975630374e-04,-1.9615895675170021e-04,-1.6793004603533022e-08,2.3715092890872254e-11,0
3277,-1.8103797438773627e-10,-4.0612061358899498e-05,-4.0595605222908519e-05,-1.6456135990978982e-08,2.8066336327998372e-11,0
3278,5.1721534507443410e-10,-1.5556343596675798e-04,-1.5556099315547803e-04,-2.4428112799441178e-09,2.0034937687998205e-11,0
3279,-7.8619247430945072e-10,-1.1515540267174884e-05,-1.1505554401739998e-05,-9.9858654348859661e-09,1.5051150499839919e-11,0
3280,-1.6138283972184292e-10,-5.2084521847574686e-05,-5.2111160652651924e-05,2.6638805077238326e-08,3.7206703486913925e-11,0
3281,-8.0879455102690416e-10,-2.1471183107884552e-05,-2.1469442988384487e-05,-1.7401195000652458e-09,1.3812389419074509e-11,0
3282,6.2480963382357025e-10,-4.0569053172581637e-05,-4.0586569301495852e-05,1.7516128914214833e-08,7.0075570841560495e-11,0
3283,-2.2602076527426961e-11,-9.9556794768427062e-06,-9.9520567263635990e-06,-3.6227504791072444e-09,1.7803733345166633e-11,0
3284,-6.4741170906277118e-10,3.0613233698188053e-05,3.0636539793912554e-05,-2.3306095724501198e-08,6.2141534600398706e-11,0
3285,2.7581409914089999e-13,1.4718291126586316e-05,1.4714172087337193e-05,4.1190392491223635e-09,9.6577277924486785e-12,0
3286,6.0051217464213863e-11,-2.5882293465143483e-05,-2.5878674837819708e-05,-3.6186273237751390e-09,2.5052246302797297e-11,0
3287,1.5441224400263939e-10,4.7705390731475270e-06,4.7667284892159332e-06,3.8105839315937581e-09,1.0553506280186334e-11,0
3288,5.9775403315070719e-11,-4.0600515440227837e-05,-4.0592758566662955e-05,-7.7568735648819286e-09,4.6111594317109458e-11,0
3289,1.5413642986630204e-10,-9.9477672968343103e-06,-9.9500620169519694e-06,2.2947201176590952e-09,1.4112565306755238e-11,0
3290,9.4361026539524194e-11,3.0652786975453490e-05,3.0644698107444479e-05,8.0888680090114096e-09,4.6484934651779027e-11,0
3291,1.4838942417982645e-10,-6.9717149036143192e-06,-6.9653615273002445e-06,-6.3533763140746468e-09,9.5813567466488139e-12,0
3292,-1.4141422254842062e-10,-1.8132496117776072e-04,-1.8132098909198757e-04,-3.9720857731434522e-09,2.0730745059079536e-11,0
3293,3.7852432510453219e-11,-1.1832529524173456e-05,-1.1824250463016794e-05,-8.2790611566618675e-09,1.8236225890785443e-11,0
3294,1.1486684085241502e-10,-1.7292092115385113e-06,-1.7249457428520325e-06,-4.2634686864788515e-09,1.1089719131772419e-11,0
3295,-2.8980364651935219e-10,-1.7435321572291168e-04,-1.7435385370759144e-04,6.3798467976106978e-10,2.6789729073485545e-12,0
3296,-1.1053699158936776e-10,-4.8608499553018641e-06,-4.8588073487111358e-06,-2.0426065907283087e-09,2.3769648685143309e-12,0
3297,-3.3522583296429364e-11,5.2425148263518799e-06,5.2420364014091357e-06,4.7842494274419171e-10,1.3730539846742355e-12,0
3298,1.7926665486631681e-10,1.6949234951391936e-04,1.6949280827057824e-04,-4.5875665888165697e-10,3.8862323196451973e-12,0
3299,2.5628106313587022e-10,1.7959571368063613e-04,1.7959585470353137e-04,-1.4102289523859959e-10,2.5075694735948080e-12,0
3300,7.7014408276424231e-11,1.0103361383219920e-05,1.0101834083119101e-05,1.5273001008191958e-09,2.2292560863330508e-12,0
3301,-5.9338169698576377e-10,-2.6253355738813794e-05,-2.6228369063532089e-05,-2.4986675281705182e-08,1.2980272173890801e-11,0
3302,-8.2180819352437555e-10,-1.1542236397847280e-05,-1.1506379722377068e-05,-3.5856675470212143e-08,1.4438614213395454e-11,0
3303,-5.4789039434899517e-10,-5.2137757663425766e-05,-5.2115871297218190e-05,-2.1886366207575210e-08,4.1907396327332988e-11,0
3304,-7.3483804653824543e-10,-2.1493230801144722e-05,-2.1469025590515510e-05,-2.4205210629212249e-08,1.1215322050201134e-11,0
3305,-2.2842649686835849e-10,1.4711153620005323e-05,1.4711568773601841e-05,-4.1515359651812887e-10,1.2567719322254134e-11,0
3306,4.5491302711621773e-11,-2.5884345075108351e-05,-2.5878845668188490e-05,-5.4994069198616396e-09,2.6448744125037260e-11,0
3307,-1.4145634987552001e-10,4.7601390247165726e-06,4.7634014658724631e-06,-3.2624411558905423e-09,1.2107538256162914e-11,0
3308,2.7391780006067798e-10,-4.0595391309156126e-05,-4.0590324329299802e-05,-5.0669798563239771e-09,5.9457091590401560e-11,0
3309,8.6970147006659255e-11,-9.9510087780309417e-06,-9.9507773984983663e-06,-2.3137953257537582e-10,1.3862714733627749e-11,0
3310,-1.8694765268074457e-10,3.0644253622292249e-05,3.0641527493149042e-05,2.7261291432072372e-09,6.4644238926263305e-11,0
3311,3.1944374194862266e-10,-7.1086621721309570e-06,-7.1052085387201775e-06,-3.4536334107795246e-09,1.6029390893774311e-11,0
3312,1.9877257347740182e-10,-1.1970981624472715e-05,-1.1962816120323065e-05,-8.1655041496499653e-09,2.1495373671692892e-11,0
3313,2.8009526071337273e-10,-1.8668773595414620e-06,-1.8629845240216660e-06,-3.8928355197959865e-09,1.2325784931014952e-11,0
3314,-1.2067116840838872e-10,-4.8623150991468703e-06,-4.8589842292478324e-06,-3.3308698990379046e-09,1.1326906654086281e-11,0
3315,-3.9348481202585554e-11,5.2417946913676291e-06,5.2419644499563723e-06,-1.6975858874317037e-10,6.1505222520451108e-12,0
3316,8.1322687189098571e-11,1.0104095912899080e-05,1.0101936815956515e-05,2.1590969425643047e-09,8.1513069147341455e-12,0
3317,-1.8400748885427955e-11,-9.9546498187989829e-06,-9.9519142071730039e-06,-2.7356116259790505e-09,2.8656044230596305e-11,0
3318,1.0818018554071683e-10,-1.8126644786392761e-04,-1.8131794449925142e-04,5.1496635323811405e-08,2.5554501431698723e-11,0
3319,-7.7152115216710166e-11,-5.2064521663442581e-05,-5.2111124182676108e-05,4.6602519233527023e-08,8.2409317120660399e-11,0
3320,-7.9331044179448466e-11,-4.8599497027413232e-06,-4.8585945204549642e-06,-1.3551822863589163e-09,1.9124150041432720e-11,0
3321,-1.9704136547148746e-11,5.2428255654452720e-06,5.2421743733331648e-06,6.5119211210717167e-10,9.3413452953496678e-12,0
3322,5.9626907639107539e-11,1.0102753334083514e-05,1.0101754698571083e-05,9.9863551243025729e-10,1.3306011470213091e-11,0
3323,1.0338569417766090e-11,-9.9719655954760844e-06,-9.9515344211487972e-06,-2.0431174327287233e-08,4.5965533768394034e-11,0
3324,3.8272566373757557e-10,-7.1235557192357579e-06,-7.1047445112680251e-06,-1.8811207967732845e-08,1.2008471797762403e-11,0
3325,-1.3785981560966324e-10,-1.8147464127608350e-04,-1.8144781856963967e-04,-2.6822706443826094e-08,1.0715528160368303e-11,0
3326,1.1332249488475836e-10,-2.5892225687642418e-05,-2.5878140872267931e-05,-1.4084815374487746e-08,2.9550558129825044e-11,0
3327,3.0916070547522471e-10,-1.8807680455708298e-06,-1.8628710241914232e-06,-1.7897021379406559e-08,7.2203789400500894e-12,0
3328,-5.2058547887638534e-10,-1.7435103804812877e-04,-1.7435569557204601e-04,4.6575239172395953e-09,6.7628002199354392e-12,0
3329,-7.3564958149867932e-11,5.2428329103560030e-06,5.2415688499011057e-06,1.2640604548973071e-09,3.7116810457401907e-12,0
3330,4.4702052074734338e-10,1.7959386004506893e-04,1.7959722524447738e-04,-3.3651994084404630e-09,4.1360611916202839e-12,0
3331,2.6940316847092027e-10,1.8768697671294604e-05,1.8783180301256004e-05,-1.4482629961400198e-08,4.2814788881896662e-11,0
3332,-2.5118231082608605e-10,-1.5558219354953884e-04,-1.5556839758763675e-04,-1.3795961902089921e-08,4.0861903796474927e-11,0
3333,1.9583821021587303e-10,2.4011526883641748e-05,2.4025156094168317e-05,-1.3629210526568239e-08,2.8803194935966039e-11,0
3334,7.3595203054142848e-11,-9.9498380840715248e-06,-9.9507570100328939e-06,9.1892596136905675e-10,2.1455033377687738e-11,0
3335,-9.0407326744835088e-11,2.6357210430576899e-05,2.6334090648820998e-05,2.3119781755901001e-08,8.1919177472022626e-11,0
3336,3.4816764394074441e-10,-7.0539067968172428e-06,-7.1052890810777399e-06,5.1382284260497096e-08,2.5607665431955724e-11,0
3337,9.7374741471569669e-11,-1.8146433427627690e-04,-1.8144493344169236e-04,-1.9400834584546367e-08,2.7196854177888383e-11,0
3338,2.5929514920669763e-10,-1.1959745343884673e-05,-1.1962651907300403e-05,2.9065634157294785e-09,3.9155060420412080e-11,0
3339,3.2026383440710207e-10,-1.8385576079967686e-06,-1.8628898955648450e-06,2.4332287568076455e-08,3.1901955039011652e-11,0
3340,-2.5079290253581452e-10,-1.7441044376293770e-04,-1.7435236939424722e-04,-5.8074368690478077e-08,1.0605996987422314e-11,0
3341,-8.8872494760749793e-11,-4.9058469677805590e-06,-4.8588718031593401e-06,-4.6975164621218882e-08,1.1878275315534857e-11,0
3342,-2.7903809543847727e-11,5.2153431683455570e-06,5.2420638899289910e-06,-2.6720721583433950e-08,8.9249150106941434e-12,0
3343,1.6192040765827351e-10,1.6950459975917896e-04,1.6949129131580044e-04,1.3308443378519299e-08,1.4535773539236440e-11,0
3344,2.2288909283289075e-10,1.7962575050545909e-04,1.7959439233940295e-04,3.1358166056139969e-08,1.0707646703690720e-11,0
3345,6.0968685198040423e-11,1.0121216000023945e-05,1.0101915661777724e-05,1.9300338246220754e-08,1.4079789749550233e-11,0
3346,8.5819911897093127e-12,-9.9570706729645506e-06,-9.9514140898327696e-06,-5.6565831317809145e-09,2.6406909954041004e-11,0
3347,4.7304566759383280e-11,-2.5883142592938307e-05,-2.5878913273609280e-05,-4.2293193290274570e-09,4.3565450302750807e-11,0
3348,-3.8043325200477334e-10,-1.7435565166042024e-04,-1.7435349085393880e-04,-2.1608064814434419e-09,1.6465898703235672e-11,0
3349,-1.4360638509660248e-10,-4.8633778239855555e-06,-4.8595698927065852e-06,-3.8079312789702396e-09,1.4877242011226778e-11,0
3350,-5.3023995020456998e-11,5.2411560556178769e-06,5.2417750015464428e-06,-6.1894592856585006e-10,9.0268603806107931e-12,0
3351,2.3682686708696809e-10,1.6949223971404271e-04,1.6949172422985260e-04,5.1548419010985849e-10,2.6178421080439072e-11,0
3352,3.2740925723476212e-10,1.7959676743786995e-04,1.7959522324892554e-04,1.5441889444109229e-09,1.7120706749083488e-11,0
3353,9.0582390112672051e-11,1.0104499223395841e-05,1.0102321753650208e-05,2.1774697456330061e-09,9.9751550838863735e-12,0
3354,1.2797104379344601e-09,2.6361754883205343e-05,2.6349278018361152e-05,1.2476864844191386e-08,2.6465923282940475e-11,0
3355,2.2966145826101905e-10,1.4731283957236663e-05,1.4715926523137962e-05,1.5357434098700788e-08,2.1113646211045860e-11,0
3356,4.9152958188675453e-11,-2.5883993453046372e-05,-2.5878904701143223e-05,-5.0887519031494327e-09,2.6376979787426995e-11,0
3357,-1.8050849977599380e-10,-4.0615141166183699e-05,-4.0594722597446388e-05,-2.0418568737311119e-08,5.4222225682522653e-11,0
3358,4.4086179868246964e-10,3.0670973819965641e-05,3.0647933612171479e-05,2.3040207794162298e-08,2.9336114698576075e-11,0
3359,1.3103899620614513e-10,1.4722929691733319e-05,1.4714731345887127e-05,8.1983458461922794e-09,2.8467867800035297e-11,0
3360,4.4927757271295735e-10,-1.8144194565439947e-04,-1.8144058622834126e-04,-1.3594260582137051e-09,2.0303393173132916e-11,0
3361,3.1823857637118596e-10,-1.9616485593222568e-04,-1.9615684275999505e-04,-8.0131722306306559e-09,3.0099418567522736e-11,0
3362,-1.0828011030183108e-11,1.4717230791595065e-05,1.4713052680909351e-05,4.1781106857141474e-09,1.0534108226393793e-11,0
3363,4.9155431670270581e-10,-1.8142604762115544e-04,-1.8143995807512830e-04,1.3910453972861914e-08,5.2452090702651591e-12,0
3364,5.1181695014311750e-11,-2.5882792255726159e-05,-2.5878911003267434e-05,-3.8812524587253513e-09,2.6014756230848885e-11,0
3365,1.3535163460462302e-10,4.7693637829915314e-06,4.7658248321240086e-06,3.5389508675227736e-09,9.6822964239035487e-12,0
3366,5.0238232761658393e-10,-1.9614326819350318e-04,-1.9615457643483506e-04,1.1308241331883535e-08,9.8896835289713571e-12,0
3367,6.2009705992183336e-11,-4.0599995675730336e-05,-4.0591849706788361e-05,-8.1459689419750327e-09,5.1625518421521066e-11,0
3368,1.4617964559973606e-10,-9.9478510207401567e-06,-9.9497246274500264e-06,1.8736067098696274e-09,1.3651784191069910e-11,0
3369,-3.5620268163954706e-10,1.8619540877910269e-04,1.8620294701080696e-04,-7.5382317042704296e-09,8.9556687760527429e-12,0
3370,4.4037262170535716e-10,-1.5554320031963866e-04,-1.5555965667214485e-04,1.6456352506193485e-08,2.8997718915043438e-11,0
3371,8.4169939589897303e-11,3.0652019479876849e-05,3.0643819977130789e-05,8.1995027460601356e-09,4.1942004902162486e-11,0
3372,7.0355898345508255e-10,2.6376785236949946e-05,2.6342891541756110e-05,3.3893695193835342e-08,1.6622619923205502e-11,0
3373,8.5187616271015824e-10,-6.9547919842732897e-06,-6.9579337062817799e-06,3.1417220084901950e-09,9.7466182533732730e-12,0
3374,8.6059178439381476e-10,-1.1804740284927784e-05,-1.1816007978470635e-05,1.1267693542851362e-08,1.8031960169614724e-11,0
3375,8.6733416112690627e-10,-1.7096568813990132e-06,-1.7170937550774734e-06,7.4368736784602137e-09,1.0399204533735701e-11,0
3376,1.4831717947495797e-10,-3.3331584459415486e-05,-3.3333767684567893e-05,2.1832251524076798e-09,5.9735181309268968e-12,0
3377,1.5703280102835025e-10,-3.8181511207072312e-05,-3.8188010149667518e-05,6.4989425952062790e-09,1.1473345070032262e-11,0
3378,1.6377517786904562e-10,-2.8086452094347285e-05,-2.8088883270613001e-05,2.4311762657165453e-09,6.4847493214327358e-12,0
3379,8.7156215251567217e-12,-4.8499377488632825e-06,-4.8580112634814296e-06,8.0735146181471027e-09,3.4611417223137957e-12,0
3380,1.5457998384938248e-11,5.2451497488472960e-06,5.2425192762825679e-06,2.6304725647280719e-09,2.0845148924577203e-12,0
3381,6.7423768951543013e-12,1.0095068788982435e-05,1.0101502981991208e-05,-6.4341930087730397e-09,3.2206346995787628e-12,0
3382,-1.7064778447491509e-10,1.4687227263289124e-05,1.4711189484005040e-05,-2.3962220715916340e-08,3.4700248143265784e-11,0
3383,5.8088790635539269e-11,-2.5862265639306319e-05,-2.5878847119141810e-05,1.6581479835491513e-08,6.0571622990616751e-11,0
3384,-1.0603311395892778e-10,4.7375765250597807e-06,4.7630854669366403e-06,-2.5508941876859669e-08,6.8131035892746358e-11,0
3385,2.2873657526858464e-10,-4.0549567149926816e-05,-4.0589920269384758e-05,4.0353119457942803e-08,7.7988502039105954e-11,0
3386,-3.6744961171405712e-10,-2.6215234319219849e-05,-2.6227554323232391e-05,1.2320004012542025e-08,3.2957961261520286e-11,0
3387,1.1099062833344123e-10,-6.9718739242187293e-06,-6.9662350452900015e-06,-5.6388789287277886e-09,1.0614291723776903e-11,0
3388,-2.0909212961976663e-10,-1.8132375296015749e-04,-1.8132006811056927e-04,-3.6848495882195464e-09,2.5303442736183661e-11,0
3389,-9.7772295579561875e-12,-1.1833854884538315e-05,-1.1825866337727267e-05,-7.9885468110479441e-09,1.9453824147874004e-11,0
3390,7.3289321058277771e-11,-1.7296657869275527e-06,-1.7260128546248760e-06,-3.6529323026766403e-09,1.0676849784397144e-11,0
3391,-3.2008275778723875e-10,-1.7435189514703820e-04,-1.7435193779701075e-04,4.2649972556473362e-11,2.8945921570363013e-12,0
3392,-1.2076785782238918e-10,-4.8619649849108732e-06,-4.8595727425181991e-06,-2.3922423926740885e-09,2.4275683009976507e-12,0
3393,-3.7701307248115857e-11,5.2422286626025534e-06,5.2419156056923685e-06,3.1305691018492020e-10,1.3772334156729511e-12,0
3394,1.9931489987658136e-10,1.6948992097276993e-04,1.6949019506119179e-04,-2.7408842185358377e-10,4.0051594215946557e-12,0
3395,2.8238145042068639e-10,1.7959410901531277e-04,1.7959380614048680e-04,3.0287482596794493e-10,2.7175154593824618e-12,0
3396,8.3066550553723610e-11,1.0104179612667550e-05,1.0102456496651833e-05,1.7231160157174562e-09,2.2055754341387097e-12,0
3397,-7.1414222334530476e-10,-1.1514917155027934e-05,-1.1508787075300655e-05,-6.1300797272796257e-09,2.1945619257437858e-11,0
3398,3.9894716018514837e-10,-7.1055269743516142e-06,-7.1054125959879570e-06,-1.1437836365714985e-10,1.3462880043718857e-11,0
3399,6.2602088066240804e-11,-1.8145985028896090e-04,-1.8144413900544345e-04,-1.5711283517455890e-08,1.5610184210087291e-11,0
3400,2.7218991186016188e-10,-1.1968970953981500e-05,-1.1963380707830513e-05,-5.5902461509878363e-09,1.5145441415672048e-11,0
3401,3.5674829847640668e-10,-1.8640669910306371e-06,-1.8630887478859335e-06,-9.7824314470354051e-10,1.1069908543313255e-11,0
3402,-3.3634507201181755e-10,-1.7435431934105256e-04,-1.7435189140288334e-04,-2.4279381692258410e-09,9.0756026224290141e-12,0
3403,-1.2675724828167937e-10,-4.8634226239860703e-06,-4.8597047671200655e-06,-3.7178568660048319e-09,9.9867017640412972e-12,0
3404,-4.2198861686571400e-11,5.2415007580524416e-06,5.2418582542885267e-06,-3.5749623608503011e-10,5.6550417436208028e-12,0
3405,2.0958782365369167e-10,1.6949087288131411e-04,1.6949002349740994e-04,8.4938390416716865e-10,1.1890313300104967e-11,0
3406,2.9414621022121476e-10,1.7959582647271953e-04,1.7959370120136772e-04,2.1252713518086011e-09,7.6130499126477738e-12,0
3407,8.4558386579985482e-11,1.0104935132762820e-05,1.0102528936588003e-05,2.4061961748176458e-09,7.3211398484328845e-12,0
3409,-3.0383976301737871e-10,-1.1485188907253002e-05,-1.1504509048076898e-05,1.9320140823895999e-08,3.1586922859839704e-11,0
3410,4.6543450347254557e-10,-7.1296059518770327e-06,-7.1047822673978796e-06,-2.4823684479153095e-08,8.9813954511135970e-12,0
3411,-7.2765754716553661e-11,-1.8147895933810429e-04,-1.8144545616692023e-04,-3.3503171184058080e-08,1.9187215282145877e-11,0
3412,1.1237691931890628e-10,-2.5895028273155256e-05,-2.5878302358737469e-05,-1.6725914417787109e-08,4.0175072588197990e-11,0
3413,3.8895964684274265e-10,-1.8868873448013579e-06,-1.8628254423635852e-06,-2.4061902437772656e-08,1.1482923394698156e-11,0
3414,-5.3820025794086103e-10,-1.7434930528455059e-04,-1.7435390726246931e-04,4.6019779187205217e-09,7.2162170584610754e-12,0
3415,-7.6474856530492751e-11,5.2427612034254621e-06,5.2414709829453562e-06,1.2902204801058822e-09,3.4897470839720562e-12,0
3416,4.6172540141689799e-10,1.7959204806016252e-04,1.7959532862240143e-04,-3.2805622389073773e-09,7.3604434199396071e-12,0
3417,3.5305758384206622e-10,1.8765374436739007e-05,1.8783577715519767e-05,-1.8203278780759736e-08,2.8660035951967996e-11,0
3418,-1.8514267433029642e-10,-1.5558387731018537e-04,-1.5556566889267501e-04,-1.8208417510367451e-08,7.7364652716184350e-11,0
3419,2.7658272722099771e-10,2.4008237839963711e-05,2.4025576931800942e-05,-1.7339091837230506e-08,4.3242124580039592e-11,0
3420,-1.1402660690709373e-10,2.6361768498109686e-05,2.6333828835752557e-05,2.7939662357128852e-08,6.3088864665060750e-11,0
3421,1.4146783264430943e-10,-1.8145564095797210e-04,-1.8144293435123609e-04,-1.2706606736012692e-08,4.1368950520937835e-11,0
3422,3.1098997446628562e-10,-1.1950044050511874e-05,-1.1963194767188211e-05,1.3150716676336841e-08,3.4814794494125970e-11,0
3423,3.7398626551244188e-10,-1.8185258647863967e-06,-1.8630666285006632e-06,4.4540763714266583e-08,5.6819698219756864e-11,0
3424,1.6952214177414954e-10,1.6950566343395829e-04,1.6948907631893472e-04,1.6587115023571162e-08,2.2990520964670050e-11,0
3425,2.3251843280197483e-10,1.7963714309630029e-04,1.7959260328991914e-04,4.4539806381141888e-08,2.3713343388834793e-11,0
3426,6.2996291052347867e-11,1.0131518821763358e-05,1.0102388452632517e-05,2.9130369130840979e-08,2.3822900831969896e-11,0
3427,-1.3832621279549372e-09,-2.6265686537012278e-05,-2.6239576438747494e-05,-2.6110098264783821e-08,3.4283099938563664e-11,0
3428,-1.1662421214235826e-09,-1.1529834807662482e-05,-1.1514925682259908e-05,-1.4909125402574029e-08,2.0553603211349973e-11,0
3429,-1.3476955814470296e-09,-5.2150498724744601e-05,-5.2129418650213301e-05,-2.1080074531300600e-08,2.0138122410336465e-11,0
3430,2.1702000706380796e-10,1.4735884150284331e-05,1.4714841749096261e-05,2.1042401188070388e-08,1.5511345379559913e-11,0
3431,3.5566546724847135e-11,-2.5884726512058302e-05,-2.5879186002117785e-05,-5.5405099405170905e-09,1.8293849162013295e-11,0
3432,-1.8145346005237603e-10,-4.0620611871938425e-05,-4.0593894834265696e-05,-2.6717037672729623e-08,2.2068628781378586e-11,0
3433,-2.6917923220672419e-10,-1.7436349306641525e-04,-1.7435048695256883e-04,-1.3006113846423259e-08,2.6608249254109095e-11,0
3434,-2.9604799723114775e-11,5.2383297941294713e-06,5.2419760268225724e-06,-3.6462326931010669e-09,2.2040388922454271e-11,0
3435,2.3957443230152135e-10,1.7960171620746979e-04,1.7959241104833305e-04,9.3051591367355069e-09,2.9747456101821092e-11,0
3436,-2.0918220078329529e-11,1.4716249435141066e-05,1.4711991363524787e-05,4.2580716162793120e-09,1.0963600624225005e-11,0
3437,4.2195945713725055e-11,-2.5883207264060823e-05,-2.5879141974517867e-05,-4.0652895429560269e-09,2.4886964458900568e-11,0
3438,1.1627682427144650e-10,4.7681534065726477e-06,4.7649535774673620e-06,3.1998291052857096e-09,1.3930832486169286e-11,0
3439,6.3114165742284245e-11,-4.0599546587185772e-05,-4.0590994946520987e-05,-8.5516406647854711e-09,5.5748027193600524e-11,0
3440,1.1623324838722537e-09,2.6369251625837291e-05,2.6347976916798816e-05,2.1274709038474526e-08,2.6443524090634341e-11,0
3441,-1.6004247370751584e-09,-6.9795259130273762e-06,-6.9854889445388917e-06,5.9630315115154331e-09,1.1001058318159482e-11,0
3442,-2.7376535735412677e-09,-1.8132547834928334e-04,-1.8134706479965232e-04,2.1586450368985032e-08,1.8097563578682492e-11,0
3443,-2.0887253607698017e-09,-1.1840321042042717e-05,-1.1849582518377238e-05,9.2614763345209177e-09,1.6416512136885208e-11,0
3444,-1.7812543486464469e-09,-1.7366309582704520e-06,-1.7469442106846011e-06,1.0313252414149065e-08,1.4489905171424190e-11,0
3445,-2.7627572216524398e-09,-3.3348782748457081e-05,-3.3368389766527752e-05,1.9607018070670113e-08,6.4599507181526193e-12,0
3446,-3.8999860582696694e-09,-2.0769472273226121e-04,-2.0772777355617693e-04,3.3050823915718600e-08,1.2159363035008454e-11,0
3447,-3.2510578453965057e-09,-3.8209553142574265e-05,-3.8228616540686506e-05,1.9063398112241134e-08,1.1613816041276922e-11,0
3448,-2.9435868332453938e-09,-2.8105881859290943e-05,-2.8125702878722103e-05,1.9821019431159588e-08,7.0174990034328126e-12,0
3449,-1.1372288383288185e-09,-1.7434595092602478e-04,-1.7435960563336227e-04,1.3654707337485555e-08,4.5791546602514458e-12,0
3450,-4.8830062444991161e-10,-4.8607795444875323e-06,-4.8640492459338210e-06,3.2697014462886660e-09,5.2208258853230179e-12,0
3451,-1.8082961164695432e-10,5.2428941135768256e-06,5.2402830909569599e-06,2.6110226198656423e-09,3.3479692289847805e-12,0
3452,6.4892821326151560e-10,1.6948516792803046e-04,1.6949342843274902e-04,-8.2605047185629020e-09,6.3076540326128356e-12,0
3453,9.5639922568983026e-10,1.7958884068055691e-04,1.7959983414229963e-04,-1.0993461742716051e-08,5.4172940666524278e-12,0
3454,3.0747101270254669e-10,1.0103669855633006e-05,1.0105286789636580e-05,-1.6169340035735585e-09,5.8536071678600485e-12,0
3455,-1.7898879514754542e-10,1.4689912896520552e-05,1.4710117928110007e-05,-2.0205031589455702e-08,2.2765855170629674e-11,0
3456,5.3259225323450875e-11,-2.5871409437906983e-05,-2.5879036119516016e-05,7.6266816090330477e-09,4.4249083134701099e-11,0
3457,2.3224802063913557e-10,-4.0561378586869909e-05,-4.0589012537896245e-05,2.7633951026336348e-08,7.2873138959149439e-11,0
3458,-2.2243397931952478e-10,-2.8106388098668618e-05,-2.8095883427181589e-05,-1.0504671487029384e-08,3.3026883435649137e-11,0
3459,-1.8939998071998636e-10,1.4707599515261308e-05,1.4709862651887168e-05,-2.2631366258608546e-09,4.7365322870743544e-11,0
3460,7.4690493211535515e-11,-6.9723374150265291e-06,-6.9670251665585466e-06,-5.3122484679824620e-09,1.1798625273464237e-11,0
3461,-2.6789902123283402e-10,-1.8132328899255184e-04,-1.8131930811622957e-04,-3.9808763222697399e-09,2.8319051063824691e-11,0
3462,-5.3708022623748772e-11,-1.1835306068724155e-05,-1.1827272397380597e-05,-8.0336713435578624e-09,2.0139593005890694e-11,0
3463,3.3727766184201825e-11,-1.7303761608122685e-06,-1.7269635487860373e-06,-3.4126120262311819e-09,1.3990263996017667e-11,0
3464,-3.4258951431008485e-10,-1.7435096647303808e-04,-1.7435028510989452e-04,-6.8136314355948281e-10,3.2856743975297154e-12,0
3465,-1.2839851578160319e-10,-4.8629767641825659e-06,-4.8602081432691109e-06,-2.7686209134550354e-09,2.6065071626410617e-12,0
3466,-4.0962727005046135e-11,5.2419759010885773e-06,5.2418165346143873e-06,1.5936647419000712e-10,1.6878503180854875e-12,0
3467,2.1419099843002975e-10,1.6948799602032379e-04,1.6948796450186031e-04,3.1518463484763934e-11,4.1569424296159579e-12,0
3468,3.0162678716446812e-10,1.7959293734322052e-04,1.7959204436538556e-04,8.9297783495987174e-10,3.1879882774799346e-12,0
3469,8.7435788752298507e-11,1.0104944538266540e-05,1.0102974084198534e-05,1.9704540680056445e-09,2.4880636203641114e-12,0
3470,-6.5318942677292673e-10,-1.1512258525053776e-05,-1.1510905964537268e-05,-1.3525605165075268e-09,2.1825056085151429e-11,0
3472,3.1019457891845260e-11,-2.5884126915137794e-05,-2.5879317913714110e-05,-4.8090014236844812e-09,3.2382510513908687e-11,0
3473,-3.1395252298848459e-10,-1.1468870970384945e-05,-1.1507421549862193e-05,3.8550579477248346e-08,3.5983007943267255e-11,0
3474,5.3015770122267381e-10,-7.1357590033516161e-06,-7.1048777720838399e-06,-3.0881231267776113e-08,1.2309956373981646e-11,0
3475,-1.9854232811424991e-11,-1.8148354825292187e-04,-1.8144347223890254e-04,-4.0076014019331269e-08,1.5281327159608129e-11,0
3476,3.0797815844777514e-10,-1.1997437947622314e-05,-1.1964151931563997e-05,-3.3286016058316792e-08,1.4994152641892540e-11,0
3477,1.1036354794409867e-10,-2.5897683599704390e-05,-2.5878453278530001e-05,-1.9230321174388778e-08,5.9118167801210418e-11,0
3478,4.5152619097710506e-10,-1.8930552078862128e-06,-1.8628464088535788e-06,-3.0208799032634050e-08,8.5871626837829010e-12,0
3479,-5.5001193401185623e-10,-1.7434779871467495e-04,-1.7435234890594584e-04,4.5501912708881005e-09,6.8312131225287758e-12,0
3480,-2.2217954273195758e-10,-4.8616762524929073e-06,-4.8613158517632042e-06,-3.6040072970316733e-10,6.8716081084044222e-12,0
3481,-7.8631510176341397e-11,5.2427018087171265e-06,5.2413911995323800e-06,1.3106091847465038e-09,4.0390941722740056e-12,0
3482,3.2783239127801740e-10,1.6948609951532409e-04,1.6948892770947440e-04,-2.8281941503083188e-09,8.7512355705871631e-12,0
3483,4.7138042383555956e-10,1.7959048308516061e-04,1.7959368158660763e-04,-3.1985014470163348e-09,5.7766264262257712e-12,0
3484,1.4354803255782211e-10,1.0104378806179495e-05,1.0103654137979757e-05,7.2466819973880116e-10,5.0816449764547374e-12,0
3485,4.1979415304049563e-10,1.8761957086558395e-05,1.8783866211190622e-05,-2.1909124632226465e-08,4.3360757965523400e-11,0
3486,-1.3021778099510107e-10,-1.5558557214308440e-04,-1.5556335962378659e-04,-2.2212519297808066e-08,5.7036093469121698e-11,0
3487,1.9761461027201709e-10,1.3900381023702890e-05,1.3927019680492288e-05,-2.6638656789397782e-08,8.3804933915693483e-11,0
3488,3.4116264279675236e-10,2.4004727184018942e-05,2.4025888939922514e-05,-2.1161755903571734e-08,4.5341533233205771e-11,0
3490,1.8187188900177669e-10,-1.8144938582715384e-04,-1.8144103416266002e-04,-8.3516644938208366e-09,2.5810611870704488e-11,0
3491,8.3303697218314930e-11,-2.5872579660859811e-05,-2.5878771818988589e-05,6.1921581287775664e-09,5.5030611492043431e-11,0
3492,9.8568191888252014e-11,-1.5557683253230453e-04,-1.5556057779424982e-04,-1.6254738054714184e-08,8.6000037509286679e-11,0
3493,6.8185671331665138e-10,2.6385293297695456e-05,2.6342650978203877e-05,4.2642319491578229e-08,1.7120520056172919e-11,0
3494,8.2351613051831571e-10,-6.9493420517870858e-06,-6.9588333873062408e-06,9.4913355191550560e-09,9.4944994238216938e-12,0
3495,8.1060640268467583e-10,-1.1795515743276419e-05,-1.1817949474620834e-05,2.2433731344415089e-08,1.7820864198392369e-11,0
3496,8.3101629152334606e-10,-1.7032911234608761e-06,-1.7182694656401831e-06,1.4978342179306988e-08,1.1372131909437882e-11,0
3497,1.4165941753065027e-10,-3.3334632346371761e-05,-3.3337543062405140e-05,2.9107160333797892e-09,4.8348222453690337e-12,0
3498,1.2874968948814085e-10,-3.8180780905648377e-05,-3.8192772309704337e-05,1.1991404055960715e-08,8.4268121055677884e-12,0
3499,1.4915957848790673e-10,-2.8088555376878065e-05,-2.8092781038809533e-05,4.2256619314682772e-09,7.2133731054844431e-12,0
3500,-1.2909728065095129e-11,-4.8461718440890623e-06,-4.8590824579398550e-06,1.2910613850792690e-08,3.6213712612628725e-12,0
3501,7.5001609491664144e-12,5.2460861086765960e-06,5.2423360865472616e-06,3.7500221293343517e-09,2.6953699409549953e-12,0
3502,2.0409889042500570e-11,1.0092230448701311e-05,1.0102362694617252e-05,-1.0132245915940867e-08,4.7778997920044984e-12,0
3503,6.1923295210630389e-11,-9.9481107063649401e-06,-9.9499716400716430e-06,1.8609337067028691e-09,1.1994454738783374e-11,0
3504,2.0496992154359403e-10,1.4746208246638193e-05,1.4713725634048635e-05,3.2482612589557943e-08,1.5008122858994538e-11,0
3505,5.8528966878533638e-10,-1.8144601189099257e-04,-1.8143633449388625e-04,-9.6773971063231212e-09,1.7053216258817295e-11,0
3506,2.1037190236037383e-11,-2.5885604663181301e-05,-2.5879482998602621e-05,-6.1216645786798390e-09,1.9631734833415390e-11,0
3507,9.0013626373698233e-10,-1.8568633201269252e-06,-1.8580934976510044e-06,1.2301775240791619e-09,1.0819514452469041e-11,0
3508,4.3196562056394433e-10,4.8014499481104783e-06,4.7679180554672459e-06,3.3531892643232417e-08,3.7807953753467101e-11,0
3509,3.8031974679834601e-10,-1.9619223498192236e-04,-1.9615228184642565e-04,-3.9953135496707294e-08,1.9351497689541159e-11,0
3510,-1.8393273103107302e-10,-4.0631786588989430e-05,-4.0593050451150062e-05,-3.8736137839367568e-08,4.1966698412731058e-11,0
3511,6.9516634098792282e-10,-1.6603071593545779e-05,-1.6576630749740478e-05,-2.6440843805300803e-08,1.2525987788857320e-11,0
3512,2.2699569848655379e-10,-9.9446494794317277e-06,-9.9480944732860738e-06,3.4449938543461137e-09,1.7374139728429470e-11,0
3513,3.1484659522190969e-10,1.7958914358961889e-04,1.7959140684276333e-04,-2.2632531444398332e-09,2.0155429240977069e-12,0
3514,-1.5332404818507443e-10,1.8624761442904460e-04,1.8620309535912150e-04,4.4519069923099671e-08,3.7970143947916261e-11,0
3515,5.6425247878029383e-10,-1.5556020487655556e-04,-1.5555513850061450e-04,-5.0663759410636208e-09,2.9891131408177301e-11,0
3516,8.7909907398178007e-10,2.4028856086616684e-05,2.4031727577691645e-05,-2.8714910749611791e-09,2.2000573881996870e-11,0
3517,4.1092843058598936e-10,3.0687016597526900e-05,3.0646121749421814e-05,4.0894848105086138e-08,4.4189547033441221e-11,0
3518,-4.6817064351325661e-10,6.6584463069528643e-06,6.6175944798111543e-06,4.0851827141710050e-08,2.6403216170820295e-11,0
3519,5.5448728641434701e-11,-2.5881813531404303e-05,-2.5879115093458246e-05,-2.6984379460563257e-09,1.0477418523964038e-11,0
3520,-3.0438955698548888e-11,1.4715399995588081e-05,1.4710934980551769e-05,4.4650150363126817e-09,9.5663353753046957e-12,0
3521,7.4245106585348397e-10,-7.0420681198384016e-06,-7.1029331406722119e-06,6.0865020833810210e-08,7.3779262114113989e-12,0
3522,5.0639618247245709e-10,-1.8142664556870802e-04,-1.8143693656629006e-04,1.0290997582036981e-08,6.0110606126223977e-12,0
3523,6.6068936335721019e-10,-1.1928250470612592e-05,-1.1960761135502941e-05,3.2510664890349198e-08,9.9541501553451620e-12,0
3524,3.2767512711711012e-11,-2.5883659391831050e-05,-2.5879378043455373e-05,-4.2813483756766902e-09,2.4197943282578939e-11,0
3525,7.0975126889034303e-10,-1.8174223302101777e-06,-1.8603431598748965e-06,4.2920829664718746e-08,6.4544672551820988e-12,0
3526,9.6478843740752062e-11,4.7672919150981360e-06,4.7640733490301413e-06,3.2185660679947604e-09,1.0035721306321573e-11,0
3527,7.7289002134991326e-10,-2.1757444234474579e-05,-2.1815153768385561e-05,5.7709533910981452e-08,1.0483300797193615e-11,0
3528,5.3683513803762850e-10,-1.9614201892618685e-04,-1.9615016241901191e-04,8.1434928250615282e-09,9.6469196687111187e-12,0
3529,6.9112831887546908e-10,-2.6643611434062908e-05,-2.6672896162510971e-05,2.9284728448063018e-08,1.4691090130478868e-11,0
3530,6.3206468359028204e-11,-4.0599180579658535e-05,-4.0590150182918120e-05,-9.0303967404151923e-09,5.1808069991693514e-11,0
3531,7.4019022439422490e-10,-1.6532816489113825e-05,-1.6576085131417519e-05,4.3268642303693962e-08,9.4795764607085851e-12,0
3532,1.2691779940187103e-10,-9.9480445542921882e-06,-9.9491264021795515e-06,1.0818478873633459e-09,1.3153035082684076e-11,0
3533,-2.3605488286770423e-10,-1.7438457151262247e-04,-1.7434801975476806e-04,-3.6551757854409771e-08,4.9424316121026323e-12,0
3534,-8.1761702339147706e-11,-4.8861745526986369e-06,-4.8600052146942575e-06,-2.6169338004379382e-08,5.3778889245651183e-12,0
3535,-3.2699796913665408e-11,5.2246478911629904e-06,5.2418722559052669e-06,-1.7224364742276458e-08,3.2933990982738796e-12,0
3536,-6.4597222087301816e-10,1.1809400274046325e-05,1.1855457355231977e-05,-4.6057081185651758e-08,8.5854408868901336e-12,0
3537,1.5429318061728099e-10,1.6949837695523625e-04,1.6948593487301454e-04,1.2442082221713474e-08,6.7539964403353397e-12,0
3538,2.0335508606981679e-10,1.7960921525740506e-04,1.7958982902079496e-04,1.9386236610105783e-08,3.9500012515496621e-12,0
3539,-4.0991733818269392e-10,1.8619394143148688e-04,1.8620002967889565e-04,-6.0882474087697001e-09,8.9861124237091880e-12,0
3540,4.9061905436607509e-11,1.0110813072288882e-05,1.0102816191805489e-05,7.9968804833926803e-09,4.9517570943365256e-12,0
3541,-5.6421051865455061e-10,1.6695581910421489e-05,1.6718731013428174e-05,-2.3149103006684540e-08,1.2210833153573067e-11,0
3542,7.0968355323377520e-10,1.8841654587448825e-05,1.8786852752543908e-05,5.4801834904917032e-08,2.1623435783908295e-11,0
3543,4.7362866981041456e-10,-1.5554279619644715e-04,-1.5555581152316874e-04,1.3015326721596294e-08,2.8297759200407449e-11,0
3544,6.2792185072250784e-10,1.3955517297416231e-05,1.3931467258855851e-05,2.4050038560380626e-08,3.8802717002749105e-11,0
3545,6.7698375626573890e-10,2.4066351615240067e-05,2.4029408453583164e-05,3.6943161656902628e-08,2.8357926801128680e-11,0
3546,6.3711331019067784e-11,3.0651002707488342e-05,3.0642133776651868e-05,8.8689308364744523e-09,4.0202031883176730e-11,0
3547,-6.1327242402830384e-10,6.5847507432111041e-06,6.6161484058010384e-06,-3.1397662589934326e-08,8.1328877763951718e-12,0
3548,-2.5693049235229970e-10,1.4704005286246200e-05,1.4708355483606529e-05,-4.3501973603294925e-09,1.3365597707379188e-11,0
3549,1.3968610215634548e-11,-2.5888525354026727e-05,-2.5879595957140879e-05,-8.9293968858477496e-09,2.8910658456658756e-11,0
3550,-2.0715711464920558e-10,4.7526383983500370e-06,4.7606597478173603e-06,-8.0213494673233351e-09,1.3469325176523255e-11,0
3551,2.7089910306982373e-10,-4.0592436924526826e-05,-4.0587786827944483e-05,-4.6500965823423075e-09,7.7417691393709881e-11,0
3552,4.9773377717609895e-11,-9.9513425004171471e-06,-9.9499520942635353e-06,-1.3904061536117857e-09,1.4370236166047323e-11,0
3553,-2.2112572502343625e-10,3.0641112912774271e-05,3.0638923522133354e-05,2.1893906409172262e-09,5.2168678059081419e-11,0
3554,-1.5063228280522281e-10,2.6367434016344796e-05,2.6333423072144887e-05,3.4010944199908995e-08,5.1621018656171566e-11,0
3555,-3.0106481872124310e-10,-1.7435197255868430e-04,-1.7434856881330934e-04,-3.4037453749621860e-09,1.3493851007958743e-11,0
3556,-1.1144498986681466e-10,-4.8647537555070522e-06,-4.8603839242708377e-06,-4.3698312362144614e-09,1.2913790742435449e-11,0
3557,-4.4109873035374134e-11,5.2405559651737439e-06,5.2417401036885197e-06,-1.1841385147757407e-09,6.9270825746729089e-12,0
3558,1.8961982899030088e-10,1.6948721999260037e-04,1.6948611041053106e-04,1.1095820693187482e-09,1.4230086848115221e-11,0
3559,2.5695494586798112e-10,1.7959252052159209e-04,1.7959024502368624e-04,2.2754979058512478e-09,8.7485345070553008e-12,0
3560,6.7335116856264149e-11,1.0105308080921938e-05,1.0103061058795963e-05,2.2470221259744000e-09,8.0731385236598842e-12,0
3561,6.2753003691142589e-12,-9.9562369020589347e-06,-9.9503745110302789e-06,-5.8623910286558314e-09,2.3036368879900057e-11,0
3562,8.0725227979996847e-11,-2.5844354776260580e-05,-2.5878876284435078e-05,3.4521508174498037e-08,8.9115773028609264e-11,0
3563,1.0427430965512930e-09,2.6375389093171667e-05,2.6346651302121635e-05,2.8737791050032342e-08,2.1268683570720363e-11,0
3564,-1.6919400266857195e-09,-6.9770364706078086e-06,-6.9869510970486800e-06,9.9146264408713446e-09,1.1404237212228646e-11,0
3565,-2.8327748830998500e-09,-1.8132099968678952e-04,-1.8134648891693182e-04,2.5489230142305887e-08,1.9461247595573252e-11,0
3566,-2.1817592845601659e-09,-1.1838529169663076e-05,-1.1851675063523336e-05,1.3145893860260491e-08,1.6712367481195328e-11,0
3567,-1.8748646661034869e-09,-1.7342528655910766e-06,-1.7485732557622235e-06,1.4320390171146895e-08,1.1553194938577536e-11,0
3568,-2.7346831221348011e-09,-3.3352471299952571e-05,-3.3370910046460851e-05,1.8438746508280175e-08,5.4780716481398219e-12,0
3569,-3.8755179781529760e-09,-2.0769639869370419e-04,-2.0772826851564135e-04,3.1869821937160819e-08,9.6909894553433818e-12,0
3570,-3.2245023798533637e-09,-3.8213971003640823e-05,-3.8231725116544520e-05,1.7754112903697384e-08,9.2293637114187852e-12,0
3571,-2.9176077615250536e-09,-2.8109680710840246e-05,-2.8128272526965895e-05,1.8591816125648953e-08,5.8446635586034400e-12,0
3572,-1.1408348588533221e-09,-1.7434393980506318e-04,-1.7435744915809522e-04,1.3509353032043576e-08,4.6783623782196083e-12,0
3573,-4.8981925884701309e-10,-4.8615012662731657e-06,-4.8647021119035994e-06,3.2008456304337288e-09,5.2298286599424183e-12,0
3574,-1.8292463962932376e-10,5.2427907102281708e-06,5.2401872149662628e-06,2.6034952619079433e-09,2.9673558804759038e-12,0
3575,6.5101559903756785e-10,1.6948243951258029e-04,1.6949068552011380e-04,-8.2460075335078365e-09,7.3591660750477747e-12,0
3576,9.5791021774264396e-10,1.7958672178019792e-04,1.7959757022444365e-04,-1.0848444245736052e-08,4.4331545140474903e-12,0
3577,3.0689461911816701e-10,1.0104284878288856e-05,1.0105822137950545e-05,-1.5372596616882242e-09,4.7001948407058285e-12,0
3578,-1.8925964122621735e-10,1.4691391776523385e-05,1.4708774866088865e-05,-1.7383089565480039e-08,2.0744438906589991e-11,0
3579,4.6409729238310602e-11,-2.5877388573142517e-05,-2.5879282115573477e-05,1.8935424309597854e-09,3.5642821684019720e-11,0
3580,-1.3196790271528099e-10,4.7418857484580329e-06,4.7612633648295588e-06,-1.9377616371525896e-08,2.1482108021783861e-11,0
3581,2.3566937065046077e-10,-4.0568717776433283e-05,-4.0587883864665563e-05,1.9166088232279704e-08,8.5825810928224163e-11,0
3582,5.7291738492711145e-11,-9.9494802173995733e-06,-9.9497274812556954e-06,2.4726385612207726e-10,2.0153091311716309e-11,0
3583,-1.7837763193509916e-10,3.0619295357503171e-05,3.0639143376030079e-05,-1.9848018526908405e-08,6.7355569707098411e-11,0
3584,4.8667633860192347e-10,-1.7432704394588355e-04,-1.7433914818678730e-04,1.2104240903749834e-08,1.5521955037113461e-11,0
3585,1.4174033675970923e-10,5.2434761611047306e-06,5.2437774191322608e-06,-3.0125802753019210e-10,9.4823527150003891e-12,0
3586,-3.4493600550130721e-10,1.7957048564166966e-04,1.7958285808564059e-04,-1.2372443970926940e-08,1.0092703500947434e-11,0
3587,-3.0455117919346874e-10,-2.6225739531305064e-05,-2.6230147115296529e-05,4.4075839914651854e-09,6.7442605075279950e-11,0
3590,2.7329706067216977e-11,-6.9731189522932897e-06,-6.9680042604191702e-06,-5.1146918741195726e-09,1.2768179167965404e-11,0
3591,-3.3764841607952988e-10,-1.8132320604555881e-04,-1.8131842775644024e-04,-4.7782891185726029e-09,6.2582877182667864e-11,0
3592,-1.0869367845863642e-10,-1.1837420918266173e-05,-1.1828958314907056e-05,-8.4626033591165357e-09,2.5060528191757265e-11,0
3593,-1.7082880970876101e-11,-1.7316076779314536e-06,-1.7281266008922462e-06,-3.4810770392073730e-09,1.4684232245984930e-11,0
3594,-3.6497812203608054e-10,-1.7435002616827348e-04,-1.7434830552805964e-04,-1.7206402138324455e-09,4.4738774044584026e-12,0
3595,-1.3602338448307694e-10,-4.8642891520775389e-06,-4.8609377605815602e-06,-3.3513914959786635e-09,1.9704684720068087e-12,0
3596,-4.4412587019961108e-11,5.2414924161600521e-06,5.2417046051563307e-06,-2.1218899627863970e-10,1.0938116030702562e-12,0
3597,2.2895473744584129e-10,1.6948574870759639e-04,1.6948532267813436e-04,4.2602946203392639e-10,6.4257500424814595e-12,0
3598,3.2056553486281274e-10,1.7959151652751108e-04,1.7958994112263953e-04,1.5754048715522703e-09,4.4634710790364406e-12,0
3599,9.1610797440063946e-11,1.0105779376180617e-05,1.0103569821926224e-05,2.2095542543922519e-09,1.8311729200674843e-12,0
3600,2.2380334503295041e-10,-1.8144388766260910e-04,-1.8143896165944518e-04,-4.9260031639137246e-09,2.4893836481531017e-11,0
3601,8.0408622353352419e-11,-2.5876353395912557e-05,-2.5878951864502121e-05,2.5984685895634506e-09,6.5718613925072489e-11,0
3602,1.4339472277583571e-10,-1.5556746441123571e-04,-1.5555812457723959e-04,-9.3398339961277190e-09,7.8398415164569307e-11,0
3603,-8.8884965938470020e-11,-9.9750860832348992e-06,-9.9512024142643693e-06,-2.3883668970529865e-08,2.5832286842991292e-11,0
3604,-5.2817649330118604e-11,-9.9596739322176803e-06,-9.9507696542620363e-06,-8.9042779556439426e-09,2.1566406013659449e-11,0
3605,4.9894263975155334e-11,-2.5882356001309670e-05,-2.5879303549306338e-05,-3.0524520033321399e-09,1.7828302454480772e-11,0
3606,6.5172371765355994e-10,2.6394975263528686e-05,2.6342316962433638e-05,5.2658301095047871e-08,2.8438895341727106e-11,0
3607,7.9257645144705981e-10,-6.9419848529247985e-06,-6.9596054420349040e-06,1.7620589110105483e-08,1.1501871805396645e-11,0
3608,7.6484024478920168e-10,-1.1780684185207918e-05,-1.1819473899887616e-05,3.8789714679697473e-08,2.0660949255889552e-11,0
3609,7.9442287831005899e-10,-1.6939158801534959e-06,-1.7192418807789170e-06,2.5326000625421042e-08,1.1223926909557151e-11,0
3610,1.4085273421532607e-10,-3.3336963454294447e-05,-3.3340265634147371e-05,3.3021798529240609e-09,1.1266938603821276e-11,0
3611,1.1311652729122805e-10,-3.8175610347701734e-05,-3.8196206907305706e-05,2.0596559603971944e-08,2.2179483351239645e-11,0
3612,1.4269916100658496e-10,-2.8088901839093535e-05,-2.8095591337965890e-05,6.6894988723542506e-09,1.2984935033560920e-11,0
3614,1.8464267952669990e-12,5.2480693530959806e-06,5.2422037870656254e-06,5.8655660303551677e-09,3.2643195048048091e-12,0
3616,-3.8879385590117899e-11,1.4714570732602111e-05,1.4709935358796472e-05,4.6353738056386767e-09,1.0535871744728631e-11,0
3617,5.0606310482953833e-10,-1.8142680464220545e-04,-1.8143557806000037e-04,8.7734177949135798e-09,6.8935275351071630e-12,0
3618,2.3470098637392822e-11,-2.5884199538487836e-05,-2.5879606463540144e-05,-4.5930749476917989e-09,1.4993556060466650e-11,0
3619,7.7148269056057813e-11,4.7666634101625402e-06,4.7632294250398198e-06,3.4339851227204376e-09,6.0938862796675656e-12,0
3620,5.4494249027700874e-10,-1.9614136894671903e-04,-1.9614815005938063e-04,6.7811126615985578e-09,1.1282000689999614e-11,0
3621,6.2349484175557229e-11,-4.0598714132997291e-05,-4.0589355683290289e-05,-9.3584497070021066e-09,5.3184466144902524e-11,0
3622,1.1602765461009654e-10,-9.9478836800518267e-06,-9.9488600842082814e-06,9.7640415645463977e-10,1.4529543030882418e-11,0
3623,-4.2891483521314894e-10,1.8619346779123920e-04,1.8619871201762449e-04,-5.2442263852878548e-09,9.9454143263758391e-12,0
3624,4.8259300626320595e-10,-1.5554246478382931e-04,-1.5555405457179998e-04,1.1589787970669617e-08,2.8438375967980853e-11,0
3625,5.3678170404598865e-11,3.0650843211413141e-05,3.0641326716833167e-05,9.5164945799740296e-09,2.8680768089766825e-11,0
3626,-6.2558574091668399e-10,-1.1559371746912295e-05,-1.1515097071390806e-05,-4.4274675521488834e-08,3.4349222449527678e-11,0
3627,6.2157505452254198e-10,-7.1473097314270206e-06,-7.1051715332768410e-06,-4.2138198150179636e-08,1.2596400780472391e-11,0
3628,5.9017177659024319e-11,-1.8149273072845182e-04,-1.8144035112115355e-04,-5.2379607298264812e-08,1.5173976810531191e-11,0
3629,3.9497641729840050e-10,-1.2009864048791175e-05,-1.1964847627739810e-05,-4.5016421051364663e-08,1.6202977229861856e-11,0
3630,1.0484935985969362e-10,-2.5902430413265749e-05,-2.5878721175685981e-05,-2.3709237579767613e-08,6.1561057610834342e-11,0
3631,5.4015012783834772e-10,-1.9047954004508538e-06,-1.8630128501893947e-06,-4.1782550261459146e-08,1.0910971140701463e-11,0
3632,-5.6255787718963633e-10,-1.7434540341925846e-04,-1.7434977184333785e-04,4.3684240793933835e-09,6.8011198313685083e-12,0
3633,-2.2659863730447570e-10,-4.8625586765104443e-06,-4.8621513550730655e-06,-4.0732143737881436e-10,6.9214358438311484e-12,0
3634,-8.1424926651090147e-11,5.2425512223825462e-06,5.2412703922067526e-06,1.2808301757936567e-09,3.9906065680151715e-12,0
3635,3.3595923989205523e-10,1.6948283976193413e-04,1.6948559728930656e-04,-2.7575273724318988e-09,6.6438973897963662e-12,0
3636,4.8113295054286083e-10,1.7958793987689873e-04,1.7959096941340166e-04,-3.0295365029294179e-09,3.9863733700073374e-12,0
3637,1.4517371065323434e-10,1.0105097911022821e-05,1.0104342071836453e-05,7.5583918636806216e-10,4.2562947695184657e-12,0
3638,5.1672569452094443e-10,1.8754995104730554e-05,1.8784215107526916e-05,-2.9220002796361743e-08,4.5439864280429362e-11,0
3639,-4.5832182368417990e-11,-1.5559018612422773e-04,-1.5555969016461303e-04,-3.0495959614697124e-08,6.3361472423828526e-11,0
3640,2.9012705728418013e-10,1.3892663611948103e-05,1.3927014220239641e-05,-3.4350608291538174e-08,6.8150610703991055e-11,0
3641,4.3530076783929356e-10,2.3997644439752858e-05,2.4026283113980139e-05,-2.8638674227281311e-08,4.1063227521062639e-11,0
3642,-2.6522212923151573e-10,1.4699578539498388e-05,1.4707224530221955e-05,-7.6459907235667824e-09,1.3375075932155066e-11,0
3643,2.2040380900022691e-12,-2.5891477377894268e-05,-2.5879870123949340e-05,-1.1607253944927057e-08,2.7840598941389195e-11,0
3644,-2.3119967636693443e-10,4.7481806592208214e-06,4.7596711802662686e-06,-1.1490521045447172e-08,1.2767858906001502e-11,0
3645,2.6742616782597463e-10,-4.0591030230597951e-05,-4.0586903324015009e-05,-4.1269065829412804e-09,7.9628929939035862e-11,0
3646,3.4022452882950502e-11,-9.9513676652929726e-06,-9.9496828527105597e-06,-1.6848125824129570e-09,1.3639152607019650e-11,0
3647,-2.3340371463488495e-10,3.0639604944071239e-05,3.0637989451187499e-05,1.6154928837399567e-09,5.2352077127981723e-11,0
3648,6.0377052608865981e-11,-9.9479051145999736e-06,-9.9493606986497060e-06,1.4555840497324109e-09,1.3070530271735255e-11,0
3649,8.9048753897895565e-10,-7.1027614282946974e-06,-7.1023287155844178e-06,-4.3271271027958593e-10,1.1709558850616939e-11,0
3650,5.6369696264746851e-10,-1.8144653408126710e-04,-1.8143451966854101e-04,-1.2014412726084507e-08,1.8826115410841457e-11,0
3651,7.6147288476873270e-10,-1.1965029570909155e-05,-1.1960960383108598e-05,-4.0691878005577565e-09,1.7876141499501042e-11,0
3652,4.4899783414357892e-13,-2.5887233711099564e-05,-2.5879900255199669e-05,-7.3334558998944070e-09,1.9888878320000717e-11,0
3653,8.3513822588481869e-10,-1.8603697841184860e-06,-1.8598642802502756e-06,-5.0550386821045351e-10,1.2628752561749847e-11,0
3654,-3.2679057703865356e-10,-1.7434380504460193e-04,-1.7434687166390357e-04,3.0666193016480776e-09,3.7554403274013019e-12,0
3655,-1.2901465447367597e-10,-4.8622563933404731e-06,-4.8611527036764517e-06,-1.1036896640213324e-09,3.3559283128606274e-12,0
3656,-5.5349313193732833e-11,5.2424102785270012e-06,5.2415499475295385e-06,8.6033099746277110e-10,2.0079470912349229e-12,0
3657,1.9777592245031025e-10,1.6948152176864996e-04,1.6948370443410144e-04,-2.1826654514811236e-09,4.8591127669882702e-12,0
3658,2.7144126368855306e-10,1.7958619646751698e-04,1.7958834727916880e-04,-2.1508116518267201e-09,3.2913662169674900e-12,0
3659,7.3665341278547405e-11,1.0104663119362681e-05,1.0103620150254454e-05,1.0429691082270787e-09,2.8871200972115786e-12,0
3660,8.9003854172219766e-10,1.8784479827238694e-05,1.8788276571419311e-05,-3.7967441806169798e-09,1.8575299647832000e-11,0
3661,5.6324796509984745e-10,-1.5555916637653450e-04,-1.5555265002356646e-04,-6.5163529680458809e-09,2.5986049053852604e-11,0
3662,7.6102388740357589e-10,1.3922240986085667e-05,1.3932125134330367e-05,-9.8841482447003989e-09,3.1289635128877730e-11,0
3663,8.3468922858991836e-10,2.4027005553505822e-05,2.4030641668224304e-05,-3.6361147184827639e-09,1.7401574357074215e-11,0
3665,-3.3566599231372386e-10,-1.7434750896056818e-04,-1.7434677218983817e-04,-7.3677073001029124e-10,1.3302797612229069e-11,0
3666,-1.2910877368811122e-10,-4.8639266594860397e-06,-4.8612110406381542e-06,-2.7156188478855918e-09,1.4411027640920100e-11,0
3667,-5.0544490567919443e-11,5.2416257445857175e-06,5.2415966630485089e-06,2.9081537208553603e-11,7.8328843001229895e-12,0
3668,2.0655721877802927e-10,1.6948351433368567e-04,1.6948355260695396e-04,-3.8273268289455015e-11,2.3660711397972499e-11,0
3669,2.8512150195433683e-10,1.7958912988697137e-04,1.7958829347870987e-04,8.3640826149854533e-10,1.4917159660466490e-11,0
3670,7.8564283153307169e-11,1.0105559679350010e-05,1.0103723253258263e-05,1.8364260917475657e-09,1.5073257063876763e-11,0
3671,2.5677810209397404e-10,4.7819057333222531e-06,4.7649481218261742e-06,1.6957611496078905e-08,2.9723393197439239e-11,0
3672,6.2426115830301253e-11,1.4718831321371487e-05,1.4710550493634042e-05,8.2808277374450960e-09,2.4959296198767169e-11,0
3673,3.7939247871545888e-10,-1.8143331219023194e-04,-1.8143621871559738e-04,2.9065253654390888e-09,1.7445743010805670e-11,0
3674,5.4357141878357501e-10,-1.1934974271217424e-05,-1.1963629856182375e-05,2.8655584964950166e-08,2.1844251397584633e-11,0
3675,4.6485020243276862e-11,-2.5883328061153421e-05,-2.5879421608901214e-05,-3.9064522522067936e-09,4.3210148854343524e-11,0
3676,6.0051453586976704e-10,-1.8097273504144584e-06,-1.8626408618600341e-06,5.2913511445575693e-08,1.5393726902045328e-11,0
3677,2.0857483741598950e-10,4.7851050857996430e-06,4.7643333602342268e-06,2.0771725565416201e-08,2.3652618177638771e-11,0
3680,-1.5941095670000067e-11,-4.0602083662025917e-05,-4.0589772906002933e-05,-1.2310756022984582e-08,6.7536848264975790e-11,0
3682,1.4614872148813705e-10,-9.9337174593924077e-06,-9.9483092860635064e-06,1.4591826671098732e-08,1.8188272937135022e-11,0
3683,1.6417893993131025e-10,1.6949832073675196e-04,1.6948280845839074e-04,1.5512278361216316e-08,1.3615207478357965e-11,0
3684,2.2112205697108288e-10,1.7962355594352761e-04,1.7958735781658191e-04,3.6198126945701219e-08,9.9880975406987543e-12,0
3686,5.6943117008385591e-11,1.0125238562411730e-05,1.0103537330066771e-05,2.1701232344958785e-08,1.0754035277978331e-11,0
3688,3.3290745847082987e-10,-1.5554985670516129e-04,-1.5555478479046208e-04,4.9280853007854959e-09,7.3697334123666371e-11,0
3689,4.9708639853368358e-10,1.3948245398211906e-05,1.3929041660628479e-05,1.9203737583427046e-08,8.8441801849091948e-11,0
3690,5.5402951561142317e-10,2.4073567982750566e-05,2.4027431245498728e-05,4.6136737251837332e-08,6.8063287856646013e-11,0
3691,1.6208981717411461e-10,3.0668366295290295e-05,3.0642138438675538e-05,2.6227856614757133e-08,6.7594130508904314e-11,0
3692,-3.9193969813325157e-10,6.5947300720843420e-06,6.6198684262951177e-06,-2.5138354210775662e-08,3.7601015568955656e-11,0
3693,5.5993461021798382e-10,-7.0984250532463763e-06,-7.1062892939243663e-06,7.8642406779899936e-09,1.1780794193823080e-11,0
3694,1.9834355757472609e-10,-1.8144961668365052e-04,-1.8143805984913099e-04,-1.1556834519530976e-08,1.5355107045696826e-11,0
3695,5.1262514847174434e-10,-1.8579209140204625e-06,-1.8636998351037209e-06,5.7789210832583554e-09,1.1366516722898871e-11,0
3696,-3.6159105263088848e-10,-1.7435119020762363e-04,-1.7434664131023709e-04,-4.5488973865362263e-09,8.7650711027918579e-12,0
3697,-4.7309461744468776e-11,5.2405105878175744e-06,5.2416186876728835e-06,-1.1080998553090159e-09,5.9291172851271296e-12,0
3698,3.1428159085365626e-10,1.7959168645108672e-04,1.7958818242119800e-04,3.5040298887283050e-09,8.1671759234454239e-12,0
3699,-4.8736731972285675e-10,-1.1474295028301301e-05,-1.1515341875582303e-05,4.1046847281001815e-08,2.5958040843490701e-11,0
3700,-5.9378171466459127e-10,-2.1475283284635299e-05,-2.1479303236184012e-05,4.0199515487125356e-09,1.9437085318407913e-11,0
3701,-1.0641439448140163e-10,-1.0001060682513635e-05,-9.9510155773042544e-06,-5.0045105209380595e-08,2.8410043147447359e-11,0
3702,-1.5693559585436819e-11,-6.9740427041413075e-06,-6.9688604820171972e-06,-5.1822221241102959e-09,1.6845496797629010e-11,0
3703,-3.9583134249461226e-10,-1.8132347207786004e-04,-1.8131769151785487e-04,-5.7805600051650044e-09,8.4875361909934177e-11,0
3704,-1.5691315642069299e-10,-1.1839547503147453e-05,-1.1830391946161194e-05,-9.1555569862588894e-09,3.7925114637243351e-11,0
3705,-6.2642225124202450e-11,-1.7330233194313115e-06,-1.7291326521562847e-06,-3.8906672750267288e-09,2.3785559768597802e-11,0
3706,-3.8013778281653342e-10,-1.7434941336161129e-04,-1.7434661272471556e-04,-2.8006368957343535e-09,2.8210592999310052e-12,0
3707,-1.4121959679429892e-10,-4.8655250215611130e-06,-4.8615342097872594e-06,-3.9908117738536434e-09,1.9737589922725309e-12,0
3708,-4.6948665522275217e-11,5.2410554792562932e-06,5.2416149411891990e-06,-5.5946193290583893e-10,9.9578171637938580e-13,0
3709,2.3891818590827923e-10,1.6948387474231873e-04,1.6948308970432324e-04,7.8503799549314510e-10,4.3999592965941894e-12,0
3710,3.3318911713707798e-10,1.7959045756371032e-04,1.7958814885603696e-04,2.3087076733610112e-09,2.6786008773264810e-12,0
3711,9.4270931250332579e-11,1.0106571191029982e-05,1.0104058272207924e-05,2.5129188220573712e-09,2.1042826876092653e-12,0
3712,7.2342941819083300e-12,-2.5886027115261129e-05,-2.5879889962824099e-05,-6.1371524370307977e-09,4.4797035821506261e-11,0
3713,-6.3022986646248603e-11,-9.9627987217246888e-06,-9.9505075182341151e-06,-1.2291203490573778e-08,2.7253215988145149e-11,0
3714,7.0602927564569390e-11,-2.5868882868901755e-05,-2.5879204031712624e-05,1.0321162810868911e-08,5.1988401174495703e-11,0
3715,1.3106895070300523e-11,-9.9594754179085226e-06,-9.9496080132612281e-06,-9.8674046472945593e-09,3.7524420655376824e-11,0
3716,1.0046794538341332e-10,-2.5904965055442231e-05,-2.5878888239434721e-05,-2.6076816007510029e-08,5.7725427316810537e-11,0
3717,-4.7836268315205900e-11,1.4713719682331924e-05,1.4708779805836373e-05,4.9398764955506602e-09,1.0910904170946350e-11,0
3718,1.2360940961330927e-11,-2.5884845430995066e-05,-2.5879875748550498e-05,-4.9696824445685068e-09,2.5211522211425157e-11,0
3719,5.4279452872367246e-11,4.7659826055614779e-06,4.7622418975948058e-06,3.7407079666721451e-09,1.0458070073299507e-11,0
3720,6.0197209226362169e-11,-4.0598657963172857e-05,-4.0588442255060249e-05,-1.0215708112608097e-08,4.8252943395210056e-11,0
3721,1.0211572115770453e-10,-9.9477215666345185e-06,-9.9485630999279331e-06,8.4153329341459708e-10,1.3798173896129505e-11,0
3722,4.1918511895531253e-11,3.0650743325848911e-05,3.0640385162448076e-05,1.0358163400835368e-08,5.0152915718206112e-11,0
3723,8.7029906899684568e-10,2.6383476932902508e-05,2.6344739808643502e-05,3.8737124259006302e-08,2.7679647136723060e-11,0
3724,-1.8214238277853556e-09,-6.9749660476505979e-06,-6.9890128039136016e-06,1.4046756263003712e-08,1.1453364550244301e-11,0
3725,-2.9541747681689984e-09,-1.8131614283300969e-04,-1.8134555370169955e-04,2.9410868689869500e-08,1.7460330574015928e-11,0
3726,-2.3089834023449266e-09,-1.1837455502795857e-05,-1.1854570145351978e-05,1.7114642556120940e-08,1.7320106735469807e-11,0
3727,-2.0057897101482636e-09,-1.7323642434920877e-06,-1.7508519450274965e-06,1.8487701535408759e-08,1.5407709188425789e-11,0
3728,-2.6917228929094830e-09,-3.3358425629377922e-05,-3.3374395324334462e-05,1.5969694956539807e-08,6.8285108867145460e-12,0
3729,-3.8244738313921376e-09,-2.0769952449295557e-04,-2.0772877466047738e-04,2.9250167521812157e-08,1.2855694354751929e-11,0
3730,-3.1792824667256401e-09,-3.8220888026130329e-05,-3.8235984872383221e-05,1.5096846252892556e-08,1.3344838681952560e-11,0
3731,-2.8760887750920707e-09,-2.8115802981574026e-05,-2.8131810360484630e-05,1.6007378910604266e-08,7.5561993276461573e-12,0
3732,-1.1327509429707467e-09,-1.7434113388498530e-04,-1.7435428652798029e-04,1.3152642994992752e-08,4.6824529398929848e-12,0
3733,-4.8755957554150654e-10,-4.8624763967547360e-06,-4.8655669290307171e-06,3.0905322759811028e-09,5.7127643204423649e-12,0
3734,-1.8436588262423448e-10,5.2426269109086851e-06,5.2400695909940898e-06,2.5573199145953194e-09,3.3907502426048300e-12,0
3735,6.4519136601259057e-10,1.6947865401308916e-04,1.6948675101231830e-04,-8.0969992291416749e-09,6.7204404204765348e-12,0
3736,9.4838505828020691e-10,1.7958374441825065e-04,1.7959427378767121e-04,-1.0529369420553833e-08,5.5861952475894635e-12,0
3737,3.0319369275842960e-10,1.0105098096168828e-05,1.0106539052515195e-05,-1.4409563463666137e-09,6.1302793986914694e-12,0
3738,-2.0246145426472467e-10,1.4691094397230320e-05,1.4706972122409918e-05,-1.5877725179598632e-08,2.6539254257238096e-11,0
3739,3.5989939982281863e-11,-2.5882187528018905e-05,-2.5879626792829638e-05,-2.5607351892662931e-09,4.3820103292849788e-11,0
3740,-1.5441035626289492e-10,4.7422322419915508e-06,4.7598635101388574e-06,-1.7631268147306627e-08,2.6448446607474641e-11,0
3741,2.3845139445979243e-10,-4.0573404838227523e-05,-4.0586383206387433e-05,1.2978368159910513e-08,6.8444987692921342e-11,0
3742,4.8051098011358248e-11,-9.9488486486630013e-06,-9.9491223633881284e-06,2.7371472512707990e-10,1.7972087553467126e-11,0
3743,-1.9040029623832312e-10,3.0624539690316671e-05,3.0637738008165672e-05,-1.3198317849001315e-08,5.9837163245479554e-11,0
3744,-3.4844329820315454e-10,-2.6229326003171516e-05,-2.6233010324475468e-05,3.6843213039516800e-09,7.0379574855725446e-12,0
3745,3.0945844116933179e-10,-2.8057387757442209e-05,-2.8096843228230106e-05,3.9455470787897172e-08,3.2140049657765915e-12,0
3746,6.5790173860015229e-10,-1.8280544095278239e-06,-1.8625831196197027e-06,3.4528710091878734e-08,5.9759064029367396e-12,0
3747,8.2142296895305977e-10,-7.1062329904010568e-06,-7.1040428109511868e-06,-2.1901794498700071e-09,1.3335118171053555e-11,0
3748,5.3593598071195062e-10,-1.8144779691209138e-04,-1.8143319689674242e-04,-1.4600015348960197e-08,2.0016024398434381e-11,0
3749,7.0608489806434537e-10,-1.1969030957877450e-05,-1.1962779006580481e-05,-6.2519512969681925e-09,1.8237910485068807e-11,0
3750,-1.5955094538433313e-11,-2.5889049157791413e-05,-2.5880232141659668e-05,-8.8170161317446696e-09,2.0975957436858920e-11,0
3751,7.7012267684920315e-10,-1.8638830884213503e-06,-1.8614186297542587e-06,-2.4644586670916057e-09,1.2227817043787997e-11,0
3752,-2.8548698915796410e-10,-1.7434157733138642e-04,-1.7434444278332590e-04,2.8654519394744581e-09,3.9966907640436762e-12,0
3753,-1.1533807122634914e-10,-4.8627578268872979e-06,-4.8615718636609613e-06,-1.1859632263366198e-09,3.5516538367601280e-12,0
3754,-5.1300292231022350e-11,5.2423978781226759e-06,5.2415296324491346e-06,8.6824567354129681e-10,2.0767223432436794e-12,0
3755,1.7014891777245542e-10,1.6947881510333144e-04,1.6948091600506960e-04,-2.1009017381681816e-09,4.9894894441669037e-12,0
3756,2.3418669671124603e-10,1.7958395908902270e-04,1.7958588770391085e-04,-1.9286148881527635e-09,3.3209911572947833e-12,0
3757,6.4037778990904306e-11,1.0105140402399775e-05,1.0103999574416847e-05,1.1408279829273709e-09,2.9713333677238010e-12,0
3758,8.3737806410025158e-10,1.8782782773766986e-05,1.8787166318633644e-05,-4.3835448666586295e-09,2.0448516961024240e-11,0
3759,5.5189107556978835e-10,-1.5555859292656730e-04,-1.5555079185250090e-04,-7.8010740664036064e-09,2.9362677827957377e-11,0
3760,7.2203999309917380e-10,1.3920104934491383e-05,1.3930944880130320e-05,-1.0839945638937621e-08,3.6847427390026104e-11,0
3761,7.8607777195217864e-10,2.4025292461990824e-05,2.4029631624961179e-05,-4.3391629703546731e-09,2.1448875770199686e-11,0
3762,8.1685921804980334e-11,-9.9221175293459467e-06,-9.9486359229203508e-06,2.6518393574404166e-08,4.1621870939381311e-11,0
3763,-3.1480102788456290e-10,-1.7434508218859036e-04,-1.7434458614489873e-04,-4.9604369163668352e-10,1.9479216947436566e-11,0
3764,-1.2226582174440759e-10,-4.8643679403403452e-06,-4.8617012354643417e-06,-2.6667048760035039e-09,1.5981912433402482e-11,0
3765,-4.8889679677728683e-11,5.2416903591650296e-06,5.2415503473024038e-06,1.4001186262575192e-10,9.5916246140439663e-12,0
3766,1.9253520627488233e-10,1.6948076856852529e-04,1.6948093548637468e-04,-1.6691784938830181e-10,2.7695836501286469e-11,0
3767,2.6591134839452430e-10,1.7958676467194189e-04,1.7958605082415215e-04,7.1384778974449906e-10,1.7159553919096925e-11,0
3768,7.3376142098449452e-11,1.0106043497362140e-05,1.0104147871996674e-05,1.8956253654655426e-09,1.4988606533934999e-11,0
3769,-2.1553004757691659e-10,2.6375618040025764e-05,2.6332703698700261e-05,4.2914341325503197e-08,3.5072245927882464e-11,0
3770,1.7297766229326697e-11,-2.5907348056330862e-05,-2.5879881560709137e-05,-2.7466495621725001e-08,5.2577892844314624e-11,0
3771,2.2317878393480177e-10,1.6948079605447501e-04,1.6948107803732148e-04,-2.8198284646955424e-10,2.8532995135272608e-11,0
3772,3.1130434015864357e-10,1.7958702037179251e-04,1.7958639145941615e-04,6.2891237635992296e-10,1.8249267321476315e-11,0
3773,8.8125556197822948e-11,1.0106261371590347e-05,1.0104349972386591e-05,1.9113992037557751e-09,1.6522801166865070e-11,0
3774,-1.7803996844271551e-10,4.7517695061297105e-06,4.7592544370978045e-06,-7.4849309680939679e-09,3.9294929426025186e-11,0
3775,2.3117144418012728e-10,-4.0585279927316670e-05,-4.0585982725964520e-05,7.0279864785064653e-10,7.0572938699064124e-11,0
3776,6.9811742296897675e-11,1.6946710637596139e-04,1.6947902160579755e-04,-1.1915229836156113e-08,2.0547472620170348e-11,0
3777,8.3691815218678913e-11,1.7956993228633762e-04,1.7958357457853870e-04,-1.3642292201075309e-08,1.3264658382606667e-11,0
3778,1.3880072939257619e-11,1.0102762560579032e-05,1.0103596784093143e-05,-8.3422351411025484e-10,1.2216136024698619e-11,0
3779,5.8418982913134610e-10,2.6435983675441449e-05,2.6341568368299681e-05,9.4415307141767948e-08,5.1632568070369072e-11,0
3780,7.3041436648913921e-10,-6.9112382134126071e-06,-6.9609454118847803e-06,4.9707198472173209e-08,1.6402078183271956e-11,0
3781,1.4622453794212769e-10,-3.3347185844791736e-05,-3.3344322541450618e-05,-2.8633033411179336e-09,1.6194138259098360e-11,0
3782,-3.9258050381670389e-10,-2.1472552554979013e-05,-2.1479968350296154e-05,7.4157953171409303e-09,2.5753956602610738e-11,0
3783,-6.3877591707141818e-10,1.6026653618366610e-07,1.5097304468762821e-07,9.2934914960378830e-09,5.2153225601698812e-11,0
3784,-6.7046460064602795e-11,-6.9760506735488080e-06,-6.9698552378739916e-06,-6.1954356748164318e-09,1.5471615649950682e-11,0
3786,-2.1274418490817536e-10,-1.1843299392765884e-05,-1.1832019466723577e-05,-1.1279926042307207e-08,3.3762717788255761e-11,0
3787,-1.1642654060287136e-10,-1.7355594362430948e-06,-1.7302909031859075e-06,-5.2685330571872896e-09,2.2848752203308287e-11,0
3788,5.7172945736735224e-10,-7.1363092020619925e-06,-7.1072758208359017e-06,-2.9033381226090800e-08,1.3327092967152956e-11,0
3790,4.2603173246113827e-10,-1.2003639594153695e-05,-1.1966474168393850e-05,-3.7165425759844969e-08,3.2895299566792975e-11,0
3791,5.2234937679933173e-10,-1.8958574007511136e-06,-1.8645740174662753e-06,-3.1283383284838323e-08,2.1347406946319227e-11,0
3792,-3.9307281573667593e-10,-1.7434915376515758e-04,-1.7434466860469773e-04,-4.4851604598568091e-09,4.8897732847607025e-12,0
3793,-1.4569772480827059e-10,-4.8672285931812553e-06,-4.8621883331262500e-06,-5.0402600550053544e-09,2.1180768586990760e-12,0
3794,-4.9380080521630327e-11,5.2404722299336480e-06,5.2415189401079326e-06,-1.0467101742845492e-09,1.7027941985420684e-12,0
3795,2.4737509082382864e-10,1.6948193858635314e-04,1.6948055459465260e-04,1.3839917005400298e-09,7.1796515242627152e-12,0
3796,3.4369273506061643e-10,1.7958960171498596e-04,1.7958609774205867e-04,3.5039729272940377e-09,4.9226120117604037e-12,0
3797,9.6317644264176278e-11,1.0107668759396686e-05,1.0104595826246848e-05,3.0729331498384200e-09,3.2078738407634229e-12,0
3800,-7.7290706477276020e-11,-9.9708112798677084e-06,-9.9501697409484575e-06,-2.0641538919250949e-08,1.6235974328938400e-11,0
3801,2.0282462922122023e-10,1.7960661362032178e-04,1.7958431911433735e-04,2.2294505984426409e-08,8.8508925212570929e-12,0
3802,3.5950778092462649e-10,-1.5554707864537387e-04,-1.5555174073855630e-04,4.6620931824260803e-09,6.8559250919757013e-11,0
3803,5.6233241033937198e-10,2.4059531623047553e-05,2.4026870367834872e-05,3.2661255212680949e-08,6.6653052637679326e-11,0
3804,3.0163008052394340e-10,-1.8143487359310829e-04,-1.8143464219942920e-04,-2.3139367909285648e-10,2.3731712591280856e-11,0
3805,7.0753574914042186e-11,-2.5880688283664265e-05,-2.5879377009061662e-05,-1.3112746026024450e-09,4.8162607452097603e-11,0
3806,2.3087650569238515e-10,-1.5555401242032401e-04,-1.5555294850999864e-04,-1.0639103253712225e-09,7.4222997914281782e-11,0
3807,-4.2984896842624450e-12,-9.9549296805603524e-06,-9.9492826477090056e-06,-5.6470328513468144e-09,2.0414744676177673e-11,0
3808,-8.8484589824910870e-10,2.6361113220242996e-05,2.6325284521002336e-05,3.5828699240660446e-08,1.8663811100593676e-11,0
3809,-4.2994671451269708e-11,-6.9714718811712752e-06,-6.9697114120733351e-06,-1.7604690979400816e-09,1.0947025219839106e-11,0
3810,3.0607802514168821e-11,-1.1800314481657474e-05,-1.1829613016471638e-05,2.9298534814164529e-08,2.2140719872978729e-11,0
3811,-2.2375914271850961e-11,-1.7247423809469038e-06,-1.7294105585933782e-06,4.6681776464743978e-09,1.3028199573031245e-11,0
3812,8.4185122931242953e-10,-3.3332554191401603e-05,-3.3337832122509206e-05,5.2779311076031122e-09,4.1630726717158247e-12,0
3813,9.1545370347618477e-10,-3.8161327846973625e-05,-3.8193727196871423e-05,3.2399349897798140e-08,7.5970796552019329e-12,0
3814,8.6246998658540037e-10,-2.8085842319751017e-05,-2.8092999020309269e-05,7.1567005582520585e-09,4.5470455343656858e-12,0
3815,7.3602473966176459e-11,-4.8287880106464426e-06,-4.8599318715443651e-06,3.1143860897922554e-08,4.8561170302780529e-12,0
3816,2.0618757182181601e-11,5.2467207555821540e-06,5.2422749337994951e-06,4.4458217826588649e-09,2.7452763205610408e-12,0
3817,-5.2983716750658703e-11,1.0075495821940377e-05,1.0103089423556150e-05,-2.7593601615772979e-08,4.7971005567380967e-12,0
3818,-5.6927635710920903e-11,1.4712803702251510e-05,1.4707449128983733e-05,5.3545732677778694e-09,9.1609155058978260e-12,0
3819,4.8401224280782511e-10,-1.8142747653542533e-04,-1.8143238539697671e-04,4.9088615513756800e-09,6.9639792262490701e-12,0
3820,-7.6544822747182965e-13,-2.5885730350358981e-05,-2.5880191417531639e-05,-5.5389328273415213e-09,2.4798477257273305e-11,0
3821,2.7559990230837048e-11,4.7651555807486957e-06,4.7610910238498046e-06,4.0645568988911178e-09,9.4080816795337590e-12,0
3822,5.4093987835398893e-10,-1.9614029821397698e-04,-1.9614334360730225e-04,3.0453933252678859e-09,1.0680324959396186e-11,0
3823,5.6162187429997407e-11,-4.0598521708418850e-05,-4.0587395622204901e-05,-1.1126086213949257e-08,5.1082752764103417e-11,0
3824,8.4487625907807189e-11,-9.9476512594469293e-06,-9.9482331393540207e-06,5.8187990709145706e-10,1.2574603329206421e-11,0
3825,-4.5645225209660026e-10,1.8619264472992392e-04,1.8619561339719009e-04,-2.9686672661679951e-09,9.2829334159427991e-12,0
3826,4.8477769116881800e-10,-1.5554162287232179e-04,-1.5554984794875342e-04,8.2250764316311488e-09,3.1209762511455046e-11,0
3827,2.8325438434856200e-11,3.0650796624975309e-05,3.0639289936919948e-05,1.1506688055360728e-08,4.6974078477957995e-11,0
3828,-2.7853145800509251e-10,1.4677119012318496e-05,1.4704923810975590e-05,-2.7804798657094079e-08,1.5254067909209216e-11,0
3829,6.0194501099925649e-10,-1.1937778354730337e-05,-1.1965034708686734e-05,2.7256353956396864e-08,1.5118515789264606e-11,0
3830,-2.2071527121512286e-11,-2.5909362379250046e-05,-2.5880437122561393e-05,-2.8925256688653011e-08,3.3058737805404664e-11,0
3831,-2.8004349835679747e-10,4.7244536764915607e-06,4.7576334436822006e-06,-3.3179767190639944e-08,1.4286841960142222e-11,0
3832,8.8047647009765677e-10,-2.6614919211864069e-05,-2.6672235206222146e-05,5.7315994358076892e-08,2.1956319303249190e-11,0
3833,2.5645993137256567e-10,-4.0586525928045479e-05,-4.0585114237512725e-05,-1.4116905327544484e-09,7.7151482103145392e-11,0
3834,-1.5120403454869647e-12,-9.9526488617166647e-06,-9.9491569893300465e-06,-3.4918723866182375e-09,1.3653828749716188e-11,0
3835,-8.8198850917143484e-10,1.6662225344233478e-05,1.6717742097484614e-05,-5.5516753251136624e-08,1.9862241589519368e-11,0
3836,6.2401653839658646e-10,1.3971802351154909e-05,1.3929174355089668e-05,4.2627996065240742e-08,6.6477074532621626e-11,0
3837,-2.5797197145174791e-10,3.0633913380430713e-05,3.0636063494790368e-05,-2.1501143596542585e-09,6.1283542681160859e-11,0
3838,7.3492412549690689e-10,2.6390054843128570e-05,2.6343239215521935e-05,4.6815627606635002e-08,2.1380859963370504e-11,0
3839,-1.9211454163395405e-09,-6.9739385200580720e-06,-6.9906059972266729e-06,1.6667477168600912e-08,1.2107802060783825e-11,0
3840,-3.0371336666130257e-09,-1.8131300953616841e-04,-1.8134469707660602e-04,3.1687540437614660e-08,2.3599620488835493e-11,0
3841,-2.1054044139004451e-09,-1.7314405142609610e-06,-1.7526004831641043e-06,2.1159968903143323e-08,1.3115786878381071e-11,0
3842,-2.6560695358708611e-09,-3.3363985010763722e-05,-3.3377085034646617e-05,1.3100023882895166e-08,5.6683790746442239e-12,0
3843,-3.7720577825951612e-09,-2.0770304831003398e-04,-2.0772902840522728e-04,2.5980095193304511e-08,9.0746287646667319e-12,0
3844,-2.8403285330798090e-09,-2.8121491424039358e-05,-2.8134527371801795e-05,1.3035947762437839e-08,5.5483766251648322e-12,0
3845,-1.1159882525141305e-09,-1.7433905906293068e-04,-1.7435170766799489e-04,1.2648605064214963e-08,4.6925020426601263e-12,0
3846,-1.8425899780156193e-10,5.2424979659833099e-06,5.2399916194215209e-06,2.5063465617890110e-09,3.0650369597104597e-12,0
3847,9.3172925229513277e-10,1.7958154920070211e-04,1.7959160435419440e-04,-1.0055153492282386e-08,4.2423266986622352e-12,0
3848,5.8835939283827836e-10,-1.1939465603016085e-05,-1.1965297808106207e-05,2.5832205090122259e-08,2.1577089751343235e-11,0
3849,-1.1330951228256683e-11,-2.5888238642008884e-05,-2.5880332080027044e-05,-7.9065619818407173e-09,2.9483470011428157e-11,0
3850,5.9969034429866790e-10,1.3948831624473884e-05,1.3928834836371253e-05,1.9996788102631186e-08,4.4471450540883773e-11,0
3851,8.0386319851979340e-11,-9.9349426061238685e-06,-9.9481844184458027e-06,1.3241812321934128e-08,4.4499037989990173e-11,0
3852,7.3337890320180798e-10,-7.1674244704923729e-06,-7.1060944428672563e-06,-6.1330027625116588e-08,1.6202250670795639e-11,0
3853,1.6814786041955484e-10,-1.8150904382854133e-04,-1.8143542465673374e-04,-7.3619171807586415e-08,2.4575609669252827e-11,0
3854,5.0549456051243418e-10,-1.2031615389859751e-05,-1.1966368646380099e-05,-6.5246743479652387e-08,2.3165434499075145e-11,0
3855,8.9928376164758506e-11,-2.5907451253631610e-05,-2.5879228619861968e-05,-2.8222633769642346e-08,5.5002193143212335e-11,0
3856,6.4931178732533829e-10,-1.9252135550172633e-06,-1.8637032112248029e-06,-6.1510343792460414e-08,1.3109561449584902e-11,0
3857,-5.6523104364261370e-10,-1.7434161511238079e-04,-1.7434530840063485e-04,3.6932882540555330e-09,7.0925917121924596e-12,0
3858,-2.2788434294073160e-10,-4.8641665151727843e-06,-4.8634666808848889e-06,-6.9983428789536129e-10,6.6434194119947995e-12,0
3859,-8.4067115908919003e-11,5.2422095073686222e-06,5.2410924841771272e-06,1.1170231914949853e-09,4.0468371154611451e-12,0
3860,3.3734670071944443e-10,1.6947745412618828e-04,1.6947995440781384e-04,-2.5002816255652142e-09,9.5405316124747593e-12,0
3861,4.8116392775703541e-10,1.7958383365723895e-04,1.7958630440193096e-04,-2.4707446920108241e-09,6.2944782499393576e-12,0
3862,1.4381722704348314e-10,1.0106371982353192e-05,1.0105435219211445e-05,9.3676314174748719e-10,5.3389559239352240e-12,0
3863,6.4345052700536337e-10,1.8740092917138990e-05,1.8784419577667249e-05,-4.4326660528259173e-08,4.1247473734829001e-11,0
3864,7.8219484186087916e-11,-1.5560140231803479e-04,-1.5555379233991059e-04,-4.7609978124198496e-08,6.2119504974781751e-11,0
3865,4.1556618430436562e-10,1.3875964473480246e-05,1.3926699286391425e-05,-5.0734812911179457e-08,6.7095361874203772e-11,0
3866,5.5938341112506746e-10,2.3982299142764896e-05,2.4026584417053705e-05,-4.4285274288808897e-08,3.3684511307659088e-11,0
3867,5.2433130853207111e-11,-9.9472613913712806e-06,-9.9484330528981001e-06,1.1716615268194406e-09,1.3512012734862823e-11,0
3868,-2.5055565769613042e-10,2.6379508065812497e-05,2.6332315449676737e-05,4.7192616135760377e-08,4.3886853680076456e-11,0
3869,6.3587166339556364e-10,-7.0940573387596323e-06,-7.1072711007667659e-06,1.3213762007133591e-08,1.2065007002872740e-11,0
3870,2.7307334406680128e-10,-1.8144341305817348e-04,-1.8143409688042467e-04,-9.3161777488107774e-09,1.4944065695035773e-11,0
3871,4.9963427724284779e-10,-1.1962797071677234e-05,-1.1966555296855903e-05,3.7582251786691547e-09,1.5746830078069412e-11,0
3872,5.8680548542264536e-10,-1.8542969165166821e-06,-1.8644802904638310e-06,1.0183373947148915e-08,1.0099527582788198e-11,0
3873,-3.6279831932654697e-10,-1.7434932677634282e-04,-1.7434286538310482e-04,-6.4613932380008961e-09,9.2175066104472039e-12,0
3874,-1.3623738615229237e-10,-4.8687260899662500e-06,-4.8625084564753572e-06,-6.2176334908928114e-09,1.0606238078385280e-11,0
3875,-4.9066177971409435e-11,5.2397830726108596e-06,5.2414738737084305e-06,-1.6908010975708943e-09,6.2384526773138942e-12,0
3876,2.2656093320106838e-10,1.6948057095237789e-04,1.6947847563644278e-04,2.0953159351078544e-09,1.2643122745383249e-11,0
3877,3.1373214138707149e-10,1.7958909266326852e-04,1.7958424172542138e-04,4.8509378471311548e-09,7.6388801498012250e-12,0
3878,8.7171208184214978e-11,1.0108515144521216e-05,1.0104856422517407e-05,3.6587220038095743e-09,8.3553611073372147e-12,0
3879,3.6377743096703014e-11,-9.9483299098562360e-06,-9.9485692287627520e-06,2.3931890651596351e-10,2.1957379246948756e-11,0
3880,-3.8828482125363993e-10,-1.7435409253191252e-04,-1.7434292248875045e-04,-1.1170043162070289e-08,1.9936533415637691e-11,0
3881,-4.3772022279271696e-11,5.2385648798344430e-06,5.2415251020750737e-06,-2.9602222406307637e-09,1.1782701484960738e-11,0
3882,3.4451279873243023e-10,1.7959260988021242e-04,1.7958434887243706e-04,8.2610077753605092e-09,1.9886065693837752e-11,0
3883,2.9466823884405385e-11,-2.5884113522962621e-05,-2.5879932375814031e-05,-4.1811471485901262e-09,1.9520694767217486e-11,0
3884,-3.8777117566156733e-10,-2.1471584115124662e-05,-2.1482761028992481e-05,1.1176913867819556e-08,2.6900450181462469e-11,0
3885,-7.4767985743624741e-10,1.4164681345777211e-07,1.5228765425232493e-07,-1.0640840794552822e-08,5.7411044684552645e-11,0
3886,-1.1610196180554871e-10,-6.9790485683687842e-06,-6.9707870040520732e-06,-8.2615643167110236e-09,2.7362801152783359e-11,0
3887,-5.1706207683223278e-10,-1.8132854285276938e-04,-1.8131607313228137e-04,-1.2469720488009293e-08,5.0829269047716765e-11,0
3888,-2.6458406975257623e-10,-1.1848058798076717e-05,-1.1833513801500337e-05,-1.4544996576380286e-08,5.3599696711125344e-11,0
3889,-1.6728872970766181e-10,-1.7393074377026335e-06,-1.7313671988675827e-06,-7.9402388350508391e-09,2.8687655698602482e-11,0
3890,6.3157789579571242e-10,-7.1207163652295055e-06,-7.1075284099819104e-06,-1.3187955247595110e-08,1.3158574438657539e-11,0
3892,4.8309578781698214e-10,-1.1989705860398353e-05,-1.1967004963670362e-05,-2.2700896727991446e-08,2.2704946504915487e-11,0
3893,5.8039112787769812e-10,-1.8809591441123347e-06,-1.8647357103100228e-06,-1.6223433802311866e-08,1.2228786463869190e-11,0
3894,-4.0096011495224741e-10,-1.7434925683705929e-04,-1.7434285261276440e-04,-6.4042242948916892e-09,4.4576623424757676e-12,0
3895,-1.4848210791480579e-10,-4.8689529058491658e-06,-4.8627703769035338e-06,-6.1825289456320077e-09,3.3203093273379469e-12,0
3896,-5.1186767886752300e-11,5.2397587668564019e-06,5.2414359529073683e-06,-1.6771860509663517e-09,1.8189479976539729e-12,0
3897,2.5247800693551717e-10,1.6948028686975501e-04,1.6947821412535046e-04,2.0727444045528544e-09,4.8083842770986285e-12,0
3898,3.4977334692018247e-10,1.7958900075059226e-04,1.7958418873942371e-04,4.8120111685459946e-09,3.5426724243612248e-12,0
3899,9.7295340007247266e-11,1.0108717742418876e-05,1.0105076128358933e-05,3.6416140599434925e-09,2.6813050291745826e-12,0
3900,-9.0535384150313725e-11,-9.9869218247164090e-06,-9.9498765445249951e-06,-3.7045280191413943e-08,2.7531061862183228e-11,0
3901,-9.6372969619959885e-12,-9.9546683614785275e-06,-9.9489336036104530e-06,-5.7347578680744997e-09,2.3766413517762398e-11,0
3902,-9.6574611627053025e-10,-2.6247560235428437e-05,-2.6242550308689565e-05,-5.0099267388716701e-09,3.8464907850099052e-11,0
3903,-1.0073831929087536e-09,-5.2141325553448255e-05,-5.2140162483197326e-05,-1.1630702509285982e-09,3.0922280016057992e-11,0
3904,-4.1637076663849345e-11,-2.5893591968551358e-05,-2.5880755910497045e-05,-1.2836058054312860e-08,1.4454104427891483e-11,0
3905,-3.0712553977276254e-11,-1.7431985841916131e-04,-1.7433845674851291e-04,1.8598329351598606e-08,1.3913891025581582e-11,0
3906,9.2993090266661866e-11,-4.8606020513811653e-06,-4.8601781823832506e-06,-4.2386899791471634e-10,1.2281135269773927e-11,0
3907,7.9422409141500899e-11,5.2431587394701808e-06,5.2428740676556639e-06,2.8467181451683794e-10,6.8430010887367893e-12,0
3908,1.2370564409149057e-10,1.6945925142307274e-04,1.6947641927994315e-04,-1.7167856870408402e-08,2.1766298152214437e-11,0
3909,1.1013496232096322e-10,1.7956298652630452e-04,1.7958122945341607e-04,-1.8242927111544564e-08,1.3829783235533635e-11,0
3910,-1.3570681183662012e-11,1.0103765719865574e-05,1.0103919173724511e-05,-1.5345385893719156e-10,9.2438575137676126e-12,0
3911,-6.2690630800901983e-11,1.4712299057075603e-05,1.4706466783470003e-05,5.8322736055994206e-09,1.0932565393978754e-11,0
3912,4.6681385311582636e-10,-1.8142787277570637e-04,-1.8143119519185990e-04,3.3224161535285682e-09,8.5324370790238692e-12,0
3913,-1.0576559117188207e-11,-2.5886450162672901e-05,-2.5880427247767194e-05,-6.0229149057072697e-09,2.5268270223798132e-11,0
3914,7.7975933385894619e-12,4.7645702074125204e-06,4.7602336944484652e-06,4.3365129640552053e-09,1.1192663546443671e-11,0
3915,5.2950448374157684e-10,-1.9614017669324470e-04,-1.9614152155803709e-04,1.3448647923921218e-09,1.3848075525470070e-11,0
3916,5.2114071628871912e-11,-4.0598757550317811e-05,-4.0586625490062028e-05,-1.2132060255782878e-08,4.7619987601294491e-11,0
3917,7.0488224108902066e-11,-9.9477338174756173e-06,-9.9479959888423731e-06,2.6217136675586034e-10,1.1514350492953552e-11,0
3918,-4.5901625937073834e-10,1.8619244120035225e-04,1.8619446274258640e-04,-2.0215422341467431e-09,1.1002560241477334e-11,0
3919,4.7739041238906833e-10,-1.5554121194456469e-04,-1.5554824956106841e-04,7.0376165037179701e-09,3.7030479533628410e-11,0
3920,1.8374152427604600e-11,3.0650958606087859e-05,3.0638474259782874e-05,1.2484346304985283e-08,4.1679847561920800e-11,0
3921,-9.0330866422011231e-10,2.6369217711827778e-05,2.6325079866441419e-05,4.4137845386358926e-08,2.9091375508990570e-11,0
3922,-4.9819488456183804e-11,-6.9671836921117360e-06,-6.9701612788031051e-06,2.9775866913690660e-09,1.6183908282014961e-11,0
3923,3.6233900417594975e-11,-1.1801208079564515e-05,-1.1830437683310671e-05,2.9229603746155975e-08,2.3013487426430492e-11,0
3924,-2.5018595970473392e-11,-1.7208551564324055e-06,-1.7299341472854040e-06,9.0789908529984563e-09,1.7162702401773147e-11,0
3925,8.5348917796923425e-10,-3.3336473142899989e-05,-3.3340069675587243e-05,3.5965326872537066e-09,6.6404267650360085e-12,0
3926,9.3954256700871278e-10,-3.8170476422374339e-05,-3.8196304365466388e-05,2.5827943092049681e-08,1.2789092557499951e-11,0
3927,8.7829007053142702e-10,-2.8090157448869627e-05,-2.8095212068120454e-05,5.0546192508276139e-09,7.5684247820909772e-12,0
3928,8.6053388856567542e-11,-4.8340169145934253e-06,-4.8603254549510487e-06,2.6308540357623372e-08,6.5410191389864902e-12,0
3929,2.4800892473252978e-11,5.2463333363929766e-06,5.2422605677688226e-06,4.0727686241540066e-09,3.7007948138204771e-12,0
3930,-6.1252496355109621e-11,1.0080338317189352e-05,1.0103450552744495e-05,-2.3112235555142278e-08,6.2557837436788671e-12,0
3931,2.5024293662971259e-10,-4.0582740544770415e-05,-4.0584355307253417e-05,1.6147624830011508e-09,5.3713274378140516e-11,0
3932,-1.7757204808236474e-11,-9.9542354669275926e-06,-9.9489385517233258e-06,-5.2969152042667668e-09,6.8577892320523557e-12,0
3933,-2.6800014119230166e-10,3.0628359647363532e-05,3.0635235853064212e-05,-6.8762057006799119e-09,3.8636850522849510e-11,0
3934,4.2153896220550313e-10,-1.8143041004624327e-04,-1.8143157067241500e-04,1.1606261717217285e-09,4.9508644954142812e-11,0
3935,5.3081225023221301e-10,-3.3324870106286875e-05,-3.3343893445586227e-05,1.9023339299352677e-08,1.3292179868899941e-11,0
3936,5.3684992975445264e-10,-2.8074617009623409e-05,-2.8099246103703842e-05,2.4629094080433003e-08,1.9854861883632115e-11,0
3937,6.0376794884478224e-12,5.2502678912858067e-06,5.2420462453579458e-06,8.2216459278608959e-09,1.1421255716458357e-11,0
3938,5.4782733187198475e-10,-1.1949480413120123e-05,-1.1966769604171680e-05,1.7289191051556455e-08,3.6368517133872671e-11,0
3939,-2.1220738848919347e-11,-2.5889999201577241e-05,-2.5880569068366373e-05,-9.4301332108682220e-09,4.7400697616027756e-11,0
3940,5.6904807097871266e-10,1.3940500010133604e-05,1.3927860169075003e-05,1.2639841058600801e-08,6.2757078241930158e-11,0
3941,-2.1127574971889284e-10,4.7451999399296396e-06,4.7576224184027292e-06,-1.2422478473089597e-08,6.7968723897112612e-11,0
3942,4.7417990133757915e-10,-2.6693456639682173e-05,-2.6677268423424894e-05,-1.6188216257278186e-08,3.2656044306988501e-11,0
3943,-2.6246354807676942e-09,-3.3370002806504609e-05,-3.3379372740724083e-05,9.3699342194737104e-09,5.8539753414519230e-12,0
3944,-3.7192748545694586e-09,-2.0770734197321245e-04,-2.0772915664742889e-04,2.1814674216438963e-08,9.8382093555094611e-12,0
3945,-2.8079496677334846e-09,-2.8127628148869044e-05,-2.8136828946788259e-05,9.2007979192154892e-09,6.1902862546935073e-12,0
3946,-1.0946393808652051e-09,-1.7433735356251444e-04,-1.7434942609706014e-04,1.2072534545697544e-08,4.7357607655498428e-12,0
3947,-1.8331418773373609e-10,5.2423709149240208e-06,5.2399344511730032e-06,2.4364637510175224e-09,3.0980458341758646e-12,0
3948,9.1132519067115230e-10,1.7957971249958800e-04,1.7958925484634131e-04,-9.5423467533152680e-09,4.8065099232409058e-12,0
3949,2.9630283371501580e-11,-2.5885477244689636e-05,-2.5880033521887136e-05,-5.4437228025001666e-09,6.9099958761484482e-11,0
3950,-9.3979255678477473e-11,5.2424350308887013e-06,5.2409172892977384e-06,1.5177415909628048e-09,6.4459170822909309e-13,0
3951,2.2849608023112348e-11,-2.5884614691361666e-05,-2.5880123936797060e-05,-4.4907545646057372e-09,3.0116601339319728e-11,0
3953,3.4477082730739007e-10,-1.8142995815010644e-04,-1.8143170375221220e-04,1.7456021057609111e-09,2.5710862520798698e-11,0
3954,5.2240282671780727e-10,-1.1913563387479578e-05,-1.1967483851240260e-05,5.3920463760681996e-08,2.0129138839044734e-11,0
3955,1.7763199940813979e-10,1.6951640976193248e-04,1.6947549996839751e-04,4.0909793534976008e-08,2.0215674025296401e-11,0
3956,-2.8396177430312129e-10,2.6383246652924201e-05,2.6331945152282681e-05,5.1301500641520498e-08,4.3039983456877757e-11,0
3959,1.7389883080532766e-10,1.7959341443493215e-04,1.7958046695722228e-04,1.2947477709868323e-08,5.9649004409534354e-12,0
3960,5.8286779928680673e-10,1.8816016290067877e-05,1.8783122492603351e-05,3.2893797464526826e-08,4.4040623413716240e-11,0
3961,3.7832541048918919e-10,-1.5554410488679768e-04,-1.5554810857723681e-04,4.0036904391306007e-09,8.1290454802286135e-11,0
3962,5.5222424150167521e-10,2.4049357375243927e-05,2.4025945248969468e-05,2.3412126274458797e-08,6.5246201046163003e-11,0
3963,6.1603269317122480e-11,-9.9359409908657183e-06,-9.9477904424361666e-06,1.1849451570448272e-08,3.3707389583899845e-11,0
3964,-9.2266143466290723e-10,-5.2140410764763240e-05,-5.2141854906049585e-05,1.4441412863458718e-09,2.8745106764659213e-11,0
3965,-5.7542598805997585e-10,-1.8133510406746767e-04,-1.8131520784577600e-04,-1.9896221691668645e-08,6.3372388561911059e-11,0
3967,6.8659959624553376e-10,-7.1084072379534562e-06,-7.1078989831909995e-06,-5.0825476245661670e-10,7.0234904372804387e-12,0
3969,5.3655003993932728e-10,-1.1979611940421582e-05,-1.1967657665208040e-05,-1.1954275213542400e-08,1.2180300423119298e-11,0
3970,6.3393859218616920e-10,-1.8696296958439079e-06,-1.8650038936988816e-06,-4.6258021450263617e-09,7.4544409421829950e-12,0
3971,-4.0515954596436486e-10,-1.7434976871926258e-04,-1.7434086175107085e-04,-8.9069681917291945e-09,5.3983041324509874e-12,0
3972,-1.5004955627661537e-10,-4.8712047031247187e-06,-4.8633777314500656e-06,-7.8269716746531218e-09,2.3034351989599676e-12,0
3973,-5.2661004045284571e-11,5.2387944334550754e-06,5.2413522187413389e-06,-2.5577852862635226e-09,1.2311713797529308e-12,0
3974,2.5510998960086051e-10,1.6947860181743858e-04,1.6947567752789114e-04,2.9242895474373108e-09,7.5886397520144640e-12,0
3975,3.5249854179329519e-10,1.7958855996430545e-04,1.7958210341446147e-04,6.4565498439773765e-09,5.4681819122558607e-12,0
3976,9.7388552215721935e-11,1.0109985245817989e-05,1.0105579674059241e-05,4.4055717587487137e-09,2.0373468435246389e-12,0
3977,1.7518833992453906e-11,-9.9482302257218082e-06,-9.9482031711590928e-06,-2.7054562715421232e-11,1.7236426325885646e-11,0
3978,1.4291537378913601e-10,-1.5560922076827619e-04,-1.5555024029399034e-04,-5.8980474285845550e-08,6.5275071688823344e-11,0
3979,-6.8038126798367038e-11,1.4712041197813882e-05,1.4705376733304003e-05,6.6644645098792399e-09,1.0008638438059170e-11,0
3980,4.4208628881002323e-10,-1.8142860525581939e-04,-1.8142991959507987e-04,1.3143392604744036e-09,7.3048369729707108e-12,0
3981,-2.1469200166896618e-11,-2.5887504499285275e-05,-2.5880690605487740e-05,-6.8138937975348627e-09,2.5053680020743316e-11,0
3982,-1.3931179627599370e-11,4.7639189459235554e-06,4.7592765204496685e-06,4.6424254738869580e-09,9.7936385699770720e-12,0
3983,5.1012441540827548e-10,-1.9614065026663159e-04,-1.9613954927196343e-04,-1.1009946681564062e-09,1.1107303780691458e-11,0
3984,4.6568926569103597e-11,-4.0599644706157921e-05,-4.0585772292868266e-05,-1.3872413289655380e-08,4.9616509999294545e-11,0
3985,5.4106947137117823e-11,-9.9481189724836324e-06,-9.9477372664177041e-06,-3.8170606592833494e-10,7.1758560408449316e-12,0
3986,-4.5601746813576438e-10,1.8619253966963749e-04,1.8619323652270910e-04,-6.9685307161173118e-10,9.5596939660183379e-12,0
3987,4.6355548915555263e-10,-1.5554097381240833e-04,-1.5554651717889368e-04,5.5433664853483597e-09,3.1482127208633637e-11,0
3988,7.5380205008391054e-12,3.0651414363509245e-05,3.0637562521340257e-05,1.3851842168988572e-08,5.1779241671138918e-11,0
3989,4.6651942232585255e-10,-1.8140720020028665e-04,-1.8142955138680092e-04,2.2351186514270706e-08,2.9569348791873370e-11,0
3990,-3.0937663212718174e-11,-2.5892732138251082e-05,-2.5880804521891028e-05,-1.1927616360054286e-08,4.8871724681165956e-11,0
3991,4.9745708576520317e-10,-1.5551433271955833e-04,-1.5554602290033306e-04,3.1690180774728103e-08,6.6610208785078742e-11,0
3992,-9.1475943246786471e-10,2.6376046658215316e-05,2.6324952937900397e-05,5.1093720314918708e-08,3.0622083451704844e-11,0
3993,-5.0532021129573483e-11,-6.9642529076799700e-06,-6.9705878083442228e-06,6.3349006642527843e-09,1.5962735553585085e-11,0
3994,4.9432043523106997e-11,-1.1801620284901219e-05,-1.1831283698095519e-05,2.9663413194299255e-08,1.7720131394606472e-11,0
3995,-2.0939726212307789e-11,-1.7181795908278313e-06,-1.7304418975380034e-06,1.2262306710172043e-08,1.7048395957459213e-11,0
3996,8.6422741316317089e-10,-3.3340295635755218e-05,-3.3342598089064555e-05,2.3024533093367154e-09,6.5415070780107387e-12,0
3997,9.6419147794330819e-10,-3.8177685566579550e-05,-3.8199212903524832e-05,2.1527336945281761e-08,1.2712434237593724e-11,0
3998,8.9381970814661237e-10,-2.8094222496041765e-05,-2.8097711816459412e-05,3.4893204176468084e-09,7.7736543298309769e-12,0
3999,9.9964064623006048e-11,-4.8373972285865527e-06,-4.8607659528875866e-06,2.3368724301033928e-08,6.4966827721399816e-12,0
4000,2.9592294903530815e-11,5.2460595364896539e-06,5.2422457479632454e-06,3.8137885264084333e-09,3.8540938003442416e-12,0
4001,-7.0371769691814733e-11,1.0083430946308727e-05,1.0103855995795169e-05,-2.0425049486442093e-08,6.6261082527779533e-12,0
4002,2.4184507139789063e-10,-4.0573391596918865e-05,-4.0583467699797667e-05,1.0076102878801808e-08,5.7260399431414661e-11,0
4003,-3.7363040227527386e-11,-9.9580043071969757e-06,-9.9486837859492530e-06,-9.3205212477226907e-09,1.0098329333495801e-11,0
4004,-2.7920811140323014e-10,3.0615363555240929e-05,3.0634262843646938e-05,-1.8899288406009046e-08,4.9018198502312461e-11,0
4005,3.7070301367806013e-10,-1.8140926979798647e-04,-1.8143045395729228e-04,2.1184159305811644e-08,3.6245072577567711e-11,0
4006,1.0016264026419501e-11,5.2480145988440668e-06,5.2420234512308093e-06,5.9911476132575657e-09,1.2153237646665009e-11,0
4007,-2.6050041829034986e-10,-2.6256354149208278e-05,-2.6236865982535800e-05,-1.9488166672478133e-08,2.3505051898274987e-11,0
4008,-4.8615368007427201e-10,-1.1572527683837222e-05,-1.1526160176715068e-05,-4.6367507122154083e-08,1.9044805107238759e-11,0
4009,-2.4879666240258618e-10,-5.2146352714660740e-05,-5.2135827032026177e-05,-1.0525682634563132e-08,5.4853305964146437e-11,0
4010,-4.6567542093508587e-10,-2.1520276989712983e-05,-2.1488006959306735e-05,-3.2270030406247603e-08,1.5350208058906043e-11,0
4011,-2.2565326178972614e-10,1.4683822396076296e-05,1.4703325066859272e-05,-1.9502670782976220e-08,2.1343857706605611e-11,0
4012,1.1703755890974452e-11,-2.5889779265200622e-05,-2.5880365029117484e-05,-9.4142360831378090e-09,3.4702777369121258e-11,0
4013,-2.0517500264547708e-10,4.7360544385595393e-06,4.7569449975174260e-06,-2.0890558957886620e-08,2.1041111629860527e-11,0
4014,2.3735701793801767e-10,-4.0573734905170050e-05,-4.0583387219101348e-05,9.6523139312977005e-09,6.6636783512417555e-11,0
4015,2.0478259197033976e-11,-9.9476856773455819e-06,-9.9479799410554538e-06,2.9426370987191311e-10,1.8350078697305307e-11,0
4016,-2.1687875854334178e-10,3.0625787611779018e-05,3.0634841035944113e-05,-9.0534241650952691e-09,6.0166765659461379e-11,0
4017,6.8980742029494925e-12,-1.7432317248546741e-04,-1.7433536128194592e-04,1.2188796478504243e-08,1.8570870351012107e-11,0
4018,2.9715397139712145e-12,-4.8622011795023193e-06,-4.8619516862622868e-06,-2.4949324003249382e-10,1.7611383365457059e-11,0
4019,-8.0014881884266328e-12,5.2425106037590642e-06,5.2418163979281952e-06,6.9420583086890697e-10,9.1560775125847255e-12,0
4020,-3.9265345896143912e-12,1.6946091755677597e-04,1.6947163131906851e-04,-1.0713762292537555e-08,2.4838040807721813e-11,0
4021,-1.4899562505817091e-11,1.7956564696935354e-04,1.7957706221168908e-04,-1.1415242335535616e-08,1.4043898866699260e-11,0
4022,-1.0973027907303268e-11,1.0104711195276428e-05,1.0104608615903067e-05,1.0257937336062778e-10,1.6830346254935915e-11,0
4023,-2.0561448078253005e-10,1.4669761763308822e-05,1.4703427301534720e-05,-3.3665538225897252e-08,1.3675903984587650e-11,0
4024,3.1044558224736440e-11,-2.5859308935870197e-05,-2.5880167229444603e-05,2.0858293574406385e-08,3.0505422196235909e-11,0
4025,-1.6480625352854515e-10,4.7230926201353995e-06,4.7573091588250683e-06,-3.4216538689668717e-08,1.6913106819660865e-11,0
4026,2.3665903906823279e-10,-4.0529102527981850e-05,-4.0583288571334553e-05,5.4186043352703384e-08,5.1185004714153967e-11,0
4027,4.0808227279576407e-11,-9.9466149867332939e-06,-9.9477033772251688e-06,1.0883904918748927e-09,1.2855356421095546e-11,0
4028,-1.9585081175026513e-10,3.0582426453897721e-05,3.0634982051017104e-05,-5.2555597119383264e-08,3.9264021608026628e-11,0
4029,5.4626352540811088e-10,-1.1961351006529726e-05,-1.1968306161225393e-05,6.9551546956671549e-09,1.5344612661515667e-11,0
4030,-1.8984866766681341e-12,-9.9537746295111883e-06,-9.9481114298519554e-06,-5.6631996592328485e-09,2.3916176650218370e-11,0
4031,4.9595468888796851e-10,2.6407142817437557e-05,2.6340590306620715e-05,6.6552510816841540e-08,2.8912617672001693e-11,0
4032,-2.0929634999708291e-09,-6.9726564940020101e-06,-6.9933945280556131e-06,2.0738034053602972e-08,1.4383504719044423e-11,0
4033,-3.1563578001737677e-09,-1.8130811979705577e-04,-1.8134279991702642e-04,3.4680119970643269e-08,2.7305840494195205e-11,0
4034,-2.2743004317613247e-09,-1.7304368001925044e-06,-1.7556402773247398e-06,2.5203477132235396e-08,1.6563316246490543e-11,0
4035,-2.5889181794448497e-09,-3.3379791988192090e-05,-3.3381930984337349e-05,2.1389961452593234e-09,6.1661635707838169e-12,0
4036,-3.6523124721944053e-09,-2.0771525583334997e-04,-2.0772921376779592e-04,1.3957934445947041e-08,1.0065019670761488e-11,0
4037,-2.7702551104242868e-09,-2.8137573040978511e-05,-2.8139392551466450e-05,1.8195104879388036e-09,6.7119447681352120e-12,0
4038,-1.0633943010948708e-09,-1.7433548555105885e-04,-1.7434678813614061e-04,1.1302585081757058e-08,4.9120106681324103e-12,0
4039,-1.8133693181784669e-10,5.2422157770159127e-06,5.2398805672733976e-06,2.3352097425151079e-09,3.0294501797005389e-12,0
4040,8.8205736684066804e-10,1.7957768253555693e-04,1.7958655093375459e-04,-8.8683981976610260e-09,4.8236523841828027e-12,0
4041,6.7679819488921488e-11,-2.5866665144714304e-05,-2.5879785066087636e-05,1.3119921373332821e-08,8.5863149066978472e-11,0
4042,-8.7483759534908476e-11,5.2422942496386810e-06,5.2409134888185353e-06,1.3807608201457728e-09,6.6347505804250351e-13,0
4043,4.8248578870176777e-11,-2.5882614559160581e-05,-2.5880016662265253e-05,-2.5978968953279877e-09,4.5008013979234017e-11,0
4045,7.2742166305477470e-10,-7.0995124037849782e-06,-7.1083269193462333e-06,8.8145155612550993e-09,1.4379003068027648e-11,0
4046,3.2227792850459216e-10,-1.8145025907401018e-04,-1.8142999213555526e-04,-2.0266938454918280e-08,6.0483366178477761e-11,0
4047,5.7722753313112899e-10,-1.1973197274460848e-05,-1.1968324945173345e-05,-4.8723292875029351e-09,2.2603119054251095e-11,0
4048,9.0031266761420160e-11,-2.5872999908933998e-05,-2.5879570195942980e-05,6.5702870089814815e-09,4.3079994230525186e-11,0
4049,6.7385855553636321e-10,-1.8619141042178038e-06,-1.8653352120550055e-06,3.4211078372017062e-09,1.4844827755532912e-11,0
4050,-4.0514373453361298e-10,-1.7435078172484825e-04,-1.7433903203814828e-04,-1.1749686699963737e-08,6.0553053136577290e-12,0
4051,-1.5019412991391246e-10,-4.8736467676445058e-06,-4.8639091192086427e-06,-9.7376484358631149e-09,4.6152298769103028e-12,0
4052,-5.3563107511561427e-11,5.2376211245113661e-06,5.2412817024631415e-06,-3.6605779517754497e-09,2.4639528689868738e-12,0
4053,2.5494960455426523e-10,1.6947711945755964e-04,1.6947337175913312e-04,3.7476984265222540e-09,6.8957286473115077e-12,0
4054,3.5158062692313085e-10,1.7958838219447795e-04,1.7958019355082994e-04,8.1886436480019861e-09,4.5324824437517041e-12,0
4055,9.6631022385271172e-11,1.0111259428436780e-05,1.0106022519044305e-05,5.2369093924747509e-09,3.8074116417060058e-12,0
4056,6.3739039641071157e-10,1.8773419784570960e-05,1.8783149822286264e-05,-9.7300377153037567e-09,4.5208483889211114e-11,0
4057,2.3224666182131032e-10,-1.5557730862627260e-04,-1.5554755342146791e-04,-2.9755204804693836e-08,7.0480339917629692e-11,0
4058,4.8719626646777972e-10,1.3899987357712459e-05,1.3925784567306845e-05,-2.5797209594385220e-08,8.4632909945613801e-11,0
4059,5.8382728888186095e-10,2.4011299279941972e-05,2.4025779156925649e-05,-1.4479876983677025e-08,5.6861325717480011e-11,0
4060,-2.2882854485602700e-10,1.4685479877660571e-05,1.4702653214792009e-05,-1.7173337131438942e-08,2.9967490410832848e-11,0
4061,-2.2364918431027839e-10,4.7375065263394189e-06,4.7562977855322387e-06,-1.8791259192819731e-08,2.6596581824164455e-11,0
4062,5.1793606027023266e-12,-9.9479837756722041e-06,-9.9478775724025385e-06,-1.0620326966560086e-10,1.6498362446074535e-11,0
4063,-5.4377036781368530e-10,-1.7433794110754139e-04,-1.7434035579278788e-04,2.4146852464865688e-09,5.9534068306664893e-12,0
4064,-2.2112252546564327e-10,-4.8659691509395694e-06,-4.8647569855921867e-06,-1.2121653473826783e-09,4.8326054984411678e-12,0
4065,-8.4033378685358433e-11,5.2418143459624211e-06,5.2409369064450463e-06,8.7743951737478449e-10,2.9089086659835330e-12,0
4066,3.2264784243737635e-10,1.6947198159873321e-04,1.6947385408573915e-04,-1.8724870059442372e-09,9.2850335444105274e-12,0
4067,4.5973698925122291e-10,1.7957976160999753e-04,1.7958117138840442e-04,-1.4097784068877340e-09,6.1870288489904881e-12,0
4068,1.3708914681241011e-10,1.0107778749028780e-05,1.0106523491871496e-05,1.2552571572848063e-09,3.2942932113899175e-12,0
4069,7.2351512636603108e-10,1.8724834765922529e-05,1.8784047623153408e-05,-5.9212857230878894e-08,3.3371487443051619e-11,0
4070,1.7974475979500058e-10,-1.5561296843136577e-04,-1.5554792110181038e-04,-6.5047329555388772e-08,6.4103930602676321e-11,0
4071,5.0239260127884414e-10,1.3858993923327595e-05,1.3925872212695079e-05,-6.6878289367484041e-08,6.9288794697791046e-11,0
4072,6.3948174776314334e-10,2.3966766275574508e-05,2.4026345179045472e-05,-5.9578903470964347e-08,4.0896590997036327e-11,0
4073,-3.2502257833173448e-10,2.6387878740064766e-05,2.6331490004834430e-05,5.6388735230336536e-08,4.2949289906440640e-11,0
4074,3.6456950564414925e-10,-1.8147175934972622e-04,-1.8142921361353893e-04,-4.2545736187289901e-08,3.9454469435091604e-11,0
4075,-7.2133769935308769e-11,-2.5908774806003912e-05,-2.5881396253808620e-05,-2.7378552195291982e-08,3.5681288109344527e-11,0
4076,4.3670327594488724e-10,-1.5556284450837961e-04,-1.5554491018190733e-04,-1.7934326472279815e-08,4.1128589360456622e-11,0
4077,-7.2393363670980418e-11,1.4712357526177559e-05,1.4704221200774623e-05,8.1363254029356131e-09,1.2310395996925303e-11,0
4078,4.0945546401948183e-10,-1.8142983446472419e-04,-1.8142861661967220e-04,-1.2178450519903777e-09,8.8034625824744921e-12,0
4079,-3.2888645748575127e-11,-2.5888977072260726e-05,-2.5880970384480082e-05,-8.0066877806433284e-09,5.5329290499876025e-11,0
4080,-3.6458591622642063e-11,4.7632300958547723e-06,4.7582573445974726e-06,4.9727512572997020e-09,1.2147204322550572e-11,0
4081,4.8184882747429024e-10,-1.9614218989593270e-04,-1.9613751331143395e-04,-4.6765844987489962e-09,1.3409042698434120e-11,0
4082,3.9504717859046080e-11,-4.0601432242505162e-05,-4.0584868067987219e-05,-1.6564174517942685e-08,8.9648345807825804e-11,0
4083,3.5934772021990643e-11,-9.9491323751821955e-06,-9.9474657259598469e-06,-1.6666492223486450e-09,1.4766583369492548e-11,0
4084,-4.4591405549289142e-10,1.8619305254985127e-04,1.8619199560627417e-04,1.0569435770937767e-09,1.1183471149556407e-11,0
4085,4.4234410997491332e-10,-1.5554070477482619e-04,-1.5554472664489985e-04,4.0218700736590566e-09,6.5700310446219662e-11,0
4086,-3.5699459136937931e-12,3.0652207946823759e-05,3.0636589032957680e-05,1.5618913866079123e-08,9.2167566473148028e-11,0
4087,-9.1662140847329886e-10,2.6380915509141914e-05,2.6324932298420787e-05,5.5983210721127270e-08,2.7677138556620019e-11,0
4088,-4.4885061221405927e-11,-6.9623711235538774e-06,-6.9709032578844480e-06,8.5321343305705917e-09,1.2357433260631668e-11,0
4089,6.7466308842179002e-11,-1.1801354961038513e-05,-1.1831979899922217e-05,3.0624938883704191e-08,2.1601586942367060e-11,0
4090,-1.0918006531625335e-11,-1.7164534574813303e-06,-1.7308301624993974e-06,1.4376705018067119e-08,1.1634357431879140e-11,0
4091,8.7173634873553150e-10,-3.3343289450630045e-05,-3.3344905625514641e-05,1.6161748845960281e-09,6.2976532501153507e-12,0
4092,9.8408771889398243e-10,-3.8182319267103526e-05,-3.8201865647662989e-05,1.9546380559463234e-08,1.3043243259982387e-11,0
4093,9.0570340347973380e-10,-2.8097338191351157e-05,-2.8099992936048002e-05,2.6547446968456850e-09,7.1636523580099431e-12,0
4094,1.1235137001358982e-10,-4.8390187591205308e-06,-4.8611656806607663e-06,2.2146921540235520e-08,5.2782191539541556e-12,0
4095,3.3967054671192966e-11,5.2459525506790353e-06,5.2422328957991324e-06,3.7196548799029063e-09,2.9293879654385890e-12,0
4096,-7.8384315318585674e-11,1.0084967384979895e-05,1.0104224598139627e-05,-1.9257213159731438e-08,4.7758968452487570e-12,0
4097,-5.5348503765228329e-11,-9.9658908906717983e-06,-9.9484531467170428e-06,-1.7437743954755469e-08,1.3454511369262341e-11,0
4098,4.2816581624438766e-10,-1.8141905885664953e-04,-1.8142830252378152e-04,9.2436671319964889e-09,3.5705432304955789e-11,0
4099,-4.2255051977669152e-11,-2.5898432565695829e-05,-2.5881084027595424e-05,-1.7348538100405933e-08,5.9852790132624608e-11,0
4100,4.7042086847551323e-10,-1.5552039258354394e-04,-1.5554428558834624e-04,2.3893004802303178e-08,4.0502585061220821e-11,0
4101,-3.5739762788981776e-10,-2.1462618013740747e-05,-2.1489334465970660e-05,2.6716452229912758e-08,2.7549304086473613e-11,0
4102,-2.3495144724708414e-10,1.4675828751718745e-05,1.4702255303320462e-05,-2.6426551601717530e-08,7.5717443148126879e-11,0
4103,4.4448726061431615e-11,-1.7432168496509665e-04,-1.7433320441565838e-04,1.1519450561730919e-08,1.8516995477445039e-11,0
4104,1.5513330143977144e-11,-4.8628192130333557e-06,-4.8623167033554745e-06,-5.0250967788124218e-10,1.7538411615491525e-11,0
4105,-3.7299859766053940e-12,5.2425020061027316e-06,5.2418061705336677e-06,6.9583556906392381e-10,9.0737440545072300e-12,0
4106,-2.8935396005785160e-11,1.6945890732159800e-04,1.6946916207865350e-04,-1.0254757055506731e-08,2.7996646006452348e-11,0
4107,-4.8178712130333720e-11,1.7956416597425182e-04,1.7957488595177920e-04,-1.0719977527380185e-08,1.7195412728886301e-11,0
4108,-1.9243316125683138e-11,1.0105281375543578e-05,1.0104946255137340e-05,3.3512040623800195e-10,1.7065832428091342e-11,0
4109,3.2283862248167093e-11,-2.5884437850216910e-05,-2.5880292866701278e-05,-4.1449835156329010e-09,7.5369704199752929e-11,0
4110,-2.8039883587958310e-11,-9.9539656495664305e-06,-9.9480288837667335e-06,-5.9367657996970173e-09,1.6803916652042487e-11,0
4111,5.5423849849844683e-10,-3.3339900736619257e-05,-3.3349138518151446e-05,9.2377815321886760e-09,1.0088339816889772e-11,0
4112,6.1245742105593582e-10,-3.8165002810144205e-05,-3.8206842589127451e-05,4.1839778983245425e-08,1.8715132461011319e-11,0
4113,5.6882805326495962e-10,-2.8093071993969682e-05,-2.8104447211365746e-05,1.1375217396063925e-08,1.0531889616442055e-11,0
4114,5.8218922497159541e-11,-4.8251008244416457e-06,-4.8619260008430954e-06,3.6825176401449641e-08,1.4041497878479266e-11,0
4115,1.4589554735961066e-11,5.2468334690118894e-06,5.2419997933959391e-06,4.8336756159503034e-09,7.5049467534871713e-12,0
4116,-4.3629367752634364e-11,1.0071906955342377e-05,1.0104746362317687e-05,-3.2839406975310089e-08,1.2678500994430839e-11,0
4117,5.3181798243535861e-11,-2.5884104151972960e-05,-2.5880083621859294e-05,-4.0205301136659146e-09,6.7990277298730308e-11,0
4118,6.2184540803760217e-11,1.4726273271906468e-05,1.4705130047593885e-05,2.1143224312582883e-08,3.8719910303626140e-11,0
4120,-2.1669318067605933e-09,-6.9721478885883116e-06,-6.9946277166980196e-06,2.2479828109708010e-08,1.3656414620964874e-11,0
4121,-3.1966406434027321e-09,-1.8130608354811548e-04,-1.8134174164266743e-04,3.5658094551952249e-08,2.2531878018492550e-11,0
4122,-2.3457358613211898e-09,-1.7300965342428377e-06,-1.7569780016887703e-06,2.6881467445932685e-08,1.3172059706429387e-11,0
4123,-1.0297088366999147e-09,-1.7433390213225392e-04,-1.7434438734905365e-04,1.0485216799731127e-08,4.6669567063239665e-12,0
4124,-1.7880405449937860e-10,5.2420649659119106e-06,5.2398415822031673e-06,2.2233837087433497e-09,3.0413171440334862e-12,0
4125,8.5090478003381248e-10,1.7957595201310156e-04,1.7958410048525276e-04,-8.1484721512034737e-09,4.3959145813600263e-12,0
4126,2.3667034361755425e-10,-4.0549076924084257e-05,-4.0582055239869975e-05,3.2978315785718506e-08,2.6603151315877981e-11,0
4127,3.0419286289646886e-11,-9.9461240997663681e-06,-9.9472248901853296e-06,1.1007904189615377e-09,7.2051136462149785e-12,0
4128,-2.0625105729364947e-10,3.0602895572112362e-05,3.0633799452027361e-05,-3.0903879914998217e-08,2.3911425299717014e-11,0
4129,7.5992328380064007e-10,-7.0916613148777272e-06,-7.1088561246997088e-06,1.7194809821981668e-08,1.7482807400046295e-11,0
4130,3.5843527862147773e-10,-1.8144385153862509e-04,-1.8142806236449231e-04,-1.5789174132773082e-08,4.3503352184039280e-11,0
4131,6.1079885226495250e-10,-1.1968279814682063e-05,-1.1969082475348980e-05,8.0266066691728861e-10,2.5117189707111856e-11,0
4132,7.0586497793111110e-10,-1.8555042200301102e-06,-1.8657621945467463e-06,1.0257974516636043e-08,1.7634535716790321e-11,0
4133,-4.0148800519172426e-10,-1.7435222076721789e-04,-1.7433714319400667e-04,-1.5077573211220302e-08,7.6595597987055985e-12,0
4134,-1.4912443153901372e-10,-4.8765362635548419e-06,-4.8644324863770532e-06,-1.2103777177788720e-08,6.0386353215029760e-12,0
4135,-5.4058305870950509e-11,5.2362008480060212e-06,5.2412150752919405e-06,-5.0142272859193568e-09,3.1484223268557019e-12,0
4136,2.5236357360759669e-10,1.6947566659118295e-04,1.6947101544783567e-04,4.6511433472848276e-09,9.1415747826852984e-12,0
4137,3.4742969924888450e-10,1.7958838575901030e-04,1.7957822834617024e-04,1.0157412840054681e-08,6.5080596173065618e-12,0
4138,9.5066125655884594e-11,1.0112721674584730e-05,1.0106461047469324e-05,6.2606271154055416e-09,5.0254022470937272e-12,0
4139,-1.9731171898035640e-10,-2.6241982941405118e-05,-2.6238610223054059e-05,-3.3727183510589155e-09,3.2922584388614040e-11,0
4140,-4.3173437534166583e-10,-1.1567257335422590e-05,-1.1530271262152405e-05,-3.6986073270184463e-08,2.2391176753355441e-11,0
4141,-1.9820242641834697e-10,-5.2137978466843850e-05,-5.2139934382286222e-05,1.9559154423718543e-09,4.8917458943641242e-11,0
4142,-4.2815184735007214e-10,-2.1514446196068196e-05,-2.1491997182299073e-05,-2.2449013769122657e-08,1.5709462853580023e-11,0
4143,-2.3442265632274864e-10,1.4674799902952146e-05,1.4701568010188567e-05,-2.6768107236421225e-08,2.6486702110063644e-11,0
4144,-8.9070746066651943e-13,-2.5895796157668826e-05,-2.5880734288680816e-05,-1.5061868988009965e-08,3.8673921188604820e-11,0
4145,-2.3084012834785517e-10,4.7275578841758648e-06,4.7555070263070083e-06,-2.7949142131143511e-08,2.4902830598915442e-11,0
4146,2.3353194914050782e-10,-4.0570660613001991e-05,-4.0581956741553301e-05,1.1296128551310596e-08,7.8881357795512731e-11,0
4147,3.5825280473354256e-12,-9.9472003582162967e-06,-9.9474582061067933e-06,2.5784789049664524e-10,1.4650327879286151e-11,0
4148,-2.2994942090197774e-10,3.0623401663688876e-05,3.0633421405517716e-05,-1.0019741828839785e-08,6.2430927058413230e-11,0
4149,-2.7566006665809464e-10,-1.7433675789570689e-04,-1.7433552928294754e-04,-1.2286127593541443e-09,1.2240603098946739e-11,0
4150,-1.1318154782197564e-10,-4.8668644493424749e-06,-4.8640975278202783e-06,-2.7669215221966248e-09,1.1189080284319056e-11,0
4151,-4.7283186239975870e-11,5.2415324504561343e-06,5.2412829268339169e-06,2.4952362221746833e-10,6.8163126519855230e-12,0
4152,1.6247851900308804e-10,1.6946989612815692e-04,1.6946974312304717e-04,1.5300510974847713e-10,1.9348784464711502e-11,0
4153,2.2837688064219115e-10,1.7957828725506620e-04,1.7957668113263484e-04,1.6061224313685622e-09,1.2888652064326948e-11,0
4154,6.5898361613689720e-11,1.0108388493681878e-05,1.0106191781223881e-05,2.1967124579963168e-09,1.0025209897931374e-11,0
4155,7.9574290422323336e-10,-7.1684563086107933e-06,-7.1086790329561422e-06,-5.9777275654651103e-08,1.8454671113953251e-11,0
4156,2.6911712166385022e-10,-1.8150476120228076e-04,-1.8142867433042063e-04,-7.6086871860132649e-08,2.4388977983758597e-11,0
4157,5.8017635962375036e-10,-1.2035259959478073e-05,-1.1969701270347710e-05,-6.5558689130362839e-08,2.6495067228547943e-11,0
4158,5.5732156366426990e-11,-2.5890611956198488e-05,-2.5880125897137285e-05,-1.0486059061202876e-08,6.5083953971813864e-11,0
4159,7.1265257666485712e-10,-1.9268483925066054e-06,-1.8658802784904243e-06,-6.0968114016181172e-08,1.5135957575119365e-11,0
4160,-5.2662578391113213e-10,-1.7433639250988460e-04,-1.7433807323968809e-04,1.6807298034880389e-09,6.7820127477055044e-12,0
4161,-2.1556654502132363e-10,-4.8668379019442976e-06,-4.8653013341377655e-06,-1.5365678065321596e-09,6.8087403801998933e-12,0
4162,-8.3090327667116727e-11,5.2416421362500021e-06,5.2408781446834603e-06,7.6399156654178505e-10,3.9936583106388570e-12,0
4163,3.1105923904016504e-10,1.6946954765324437e-04,1.6947109046927110e-04,-1.5428160267351096e-09,1.0146767824735122e-11,0
4164,4.4353545643830549e-10,1.7957802643230546e-04,1.7957881905428697e-04,-7.9262198150395480e-10,6.3293056597224141e-12,0
4165,1.3247621738567404e-10,1.0108473404547326e-05,1.0106988461082829e-05,1.4849434644967959e-09,6.3253168970086162e-12,0
4166,7.4001074786343295e-10,1.8722105478733916e-05,1.8783671498318165e-05,-6.1566019584248651e-08,4.7824929171759270e-11,0
4167,2.1338496530011866e-10,-1.5561408510708294e-04,-1.5554544188014813e-04,-6.8643226934809662e-08,6.5439758302532570e-11,0
4168,5.2444420326475221e-10,1.3855398442768480e-05,1.3925322415280049e-05,-6.9923972511569879e-08,1.0234549921999820e-10,0
4169,6.5692042029838457e-10,2.3963924846437390e-05,2.4026038244552494e-05,-6.2113398115103634e-08,4.2661683368864205e-11,0
4170,-3.5794005735148619e-10,2.6391911226527568e-05,2.6331125123850407e-05,6.0786102677160594e-08,4.9192693505492920e-11,0
4171,-7.9312313384109324e-11,5.2421301742649508e-06,5.2409148452284707e-06,1.2153290364801244e-09,6.4133610458442331e-13,0
4172,-7.5241454885836716e-11,1.4714154258377212e-05,1.4703087886694449e-05,1.1066371682762630e-08,1.1132244891225093e-11,0
4173,3.7118030077201123e-10,-1.8143193828177863e-04,-1.8142738449730499e-04,-4.5537844736362465e-09,8.8291568646056651e-12,0
4174,3.9523867995865652e-10,-1.1967426395971797e-05,-1.1971868351218107e-05,4.4419552463105668e-09,1.0728226858400727e-11,0
4175,-4.3810685848381739e-11,-2.5891095465800738e-05,-2.5881243887221083e-05,-9.8515785796551446e-09,2.7261150214907145e-11,0
4176,-5.7739425437870710e-11,4.7625681014173147e-06,4.7572558172837369e-06,5.3122841335777966e-09,1.1232778657407954e-11,0
4177,4.4642175541064715e-10,-1.9614610739493053e-04,-1.9613556831886021e-04,-1.0539076070317311e-08,6.9188774675962604e-12,0
4178,4.7048013455291394e-10,-2.6681625794671912e-05,-2.6678582989794807e-05,-3.0428048771048005e-09,9.7853906730820930e-12,0
4179,3.1430768965547649e-11,-4.0605342444525842e-05,-4.0583979927040717e-05,-2.1362517485125202e-08,5.6331580867853460e-11,0
4180,1.7502029417103558e-11,-9.9515982260433688e-06,-9.9471994283874848e-06,-4.3987976558839651e-09,7.2999781815918664e-12,0
4181,2.4058379193414231e-11,1.6946449306524079e-04,1.6946766786520606e-04,-3.1747999652668741e-09,3.2770462783199483e-12,0
4182,-4.2891972623370227e-10,1.8619451177541001e-04,1.8619083780879278e-04,3.6739666172357337e-09,5.7284718472932720e-12,0
4183,-4.5297810572412229e-10,1.6730011454876501e-05,1.6725674548287602e-05,4.3369065888987542e-09,7.8125690459703088e-12,0
4184,4.1499098684924185e-10,-1.5554073704096734e-04,-1.5554301427457044e-04,2.2772336031034058e-09,3.9869582804193139e-11,0
4185,4.3904936609147864e-10,1.3923859002715091e-05,1.3924303116027755e-05,-4.4411331266385585e-10,5.6944447572969432e-11,0
4186,-1.3928739643354853e-11,3.0653579191419061e-05,3.0635628082221236e-05,1.7951109197825469e-08,4.9655699007327862e-11,0
4187,-1.5956942204424099e-11,-2.5903377831933139e-05,-2.5880949340704900e-05,-2.2428491228238217e-08,5.5592123294464275e-11,0
4188,-6.8596863404993383e-10,2.6333197992112201e-05,2.6327489019463995e-05,5.7089726482052435e-09,8.4443983385772429e-12,0
4189,-8.9730673649065599e-10,1.4839367944399990e-05,1.4839367540030003e-05,4.0436998672741756e-13,3.9886615061382781e-11,0
4190,-3.0213705657715970e-10,-7.0170391640719462e-06,-6.9741982156282020e-06,-4.2840948443744179e-08,1.3522210021385711e-11,0
4191,-2.6310176165328742e-10,-1.1872237452382420e-05,-1.1836695158019195e-05,-3.5542294363225750e-08,2.3013109140126633e-11,0
4192,-2.9519836199816552e-10,-1.7735634150186849e-06,-1.7345669993104322e-06,-3.8996415708252724e-08,1.3524933192902593e-11,0
4193,-9.7368856468428862e-10,4.8424582424488882e-06,4.8788613433565145e-06,-3.6403100907626300e-08,2.1676124401698762e-11,0
4194,-2.1133810372366900e-10,-1.1493834889388099e-05,-1.1528920213256843e-05,3.5085323868744208e-08,6.9680390074787662e-12,0
4195,3.8383157882376076e-10,-3.3350262993635249e-05,-3.3353117942879669e-05,2.8549492444202062e-09,4.1981711240136315e-12,0
4196,4.2286687377151131e-10,-3.8205462107279015e-05,-3.8211456576679788e-05,5.9944694007734020e-09,6.9969782475709265e-12,0
4197,3.9077027340953850e-10,-2.8106788917849415e-05,-2.8108530747284879e-05,1.7418294354642225e-09,3.8018465413332632e-12,0
4198,-2.8771993197432225e-10,-2.1490747153220247e-05,-2.1491461139286632e-05,7.1398606638574847e-10,4.5962005545282359e-12,0
4199,5.9516967985713075e-10,-2.1856425485959619e-05,-2.1815831152077017e-05,-4.0594333882601306e-08,1.2783638421350163e-11,0
4200,6.3420497477809161e-10,-2.6711616928918117e-05,-2.6676829818706618e-05,-3.4787110211498311e-08,1.8619469102573663e-11,0
4201,6.0210837443236902e-10,-1.6612939250813460e-05,-1.6575691965600318e-05,-3.7247285213142862e-08,1.1258799044723601e-11,0
4202,-7.6381828194440326e-11,-9.9969051703284115e-06,-9.9481803573377481e-06,-4.8724812990663332e-08,7.7421438786346734e-12,0
4203,3.9035294929384845e-11,-4.8552007410589820e-06,-4.8626082365299407e-06,7.4074954709586868e-09,4.3797386248550040e-12,0
4204,6.9386945784658141e-12,5.2434863983118630e-06,5.2418613450086207e-06,1.6250533032422917e-09,2.4421237978124363e-12,0
4205,-6.7155150917667170e-10,1.1859505923413104e-05,1.1863754979732850e-05,-4.2490563197455857e-09,9.9553947791145389e-12,0
4206,-3.2096600345820264e-11,1.0098668357859560e-05,1.0105274171306835e-05,-6.6058134472756251e-09,3.9403596725180444e-12,0
4207,-7.1058680353717509e-10,1.6714704188818940e-05,1.6722927693840079e-05,-8.2235050211387783e-09,1.5673771926861235e-11,0
4208,-6.7849020358511871e-10,6.6160424571655899e-06,6.6221356763931519e-06,-6.0932192275620724e-09,8.7289008114549075e-12,0
4209,3.5555137468570652e-10,-7.1336746448741328e-06,-7.1138446796570320e-06,-1.9829965217100862e-08,2.4871851861298833e-11,0
4210,3.7838391104565213e-10,-1.8144221339375056e-04,-1.8142697108999650e-04,-1.5242303754066117e-08,2.6473755640969868e-11,0
4211,3.6499486842196767e-10,-1.1995892693604689e-05,-1.1972450038529553e-05,-2.3442655075135951e-08,4.1515198465638290e-11,0
4212,-5.4279273738760581e-11,-2.5914341278854280e-05,-2.5881390625299185e-05,-3.2950653555095392e-08,5.9925340255319162e-11,0
4213,3.5175297766435322e-10,-1.8913974704640527e-06,-1.8701323330598248e-06,-2.1265137404227806e-08,2.5873301568016115e-11,0
4214,2.2832536245518134e-11,-1.7430851134635304e-04,-1.7433138783007671e-04,2.2876483723674196e-08,1.3051364946686906e-11,0
4215,9.4434937108869820e-12,-4.8621394903095028e-06,-4.8629794048788214e-06,8.3991456931858943e-10,7.9310213603945602e-12,0
4216,-3.7983970354214679e-12,5.2422892758386633e-06,5.2417373982214183e-06,5.5187761724505275e-10,4.2338659658052971e-12,0
4217,-1.3389042620941111e-11,1.6944638451130926e-04,1.6946674497841870e-04,-2.0360467109438885e-08,1.2166623570969446e-11,0
4218,-2.6630933377120771e-11,1.7955079433853733e-04,1.7957298976586621e-04,-2.2195427328881726e-08,9.7396556370455794e-12,0
4219,-1.3241890750488568e-11,1.0104439666743263e-05,1.0105519924591247e-05,-1.0802578479838869e-09,6.2249872540541840e-12,0
4220,4.0983064875326787e-10,1.8780693634441042e-05,1.8779852650403689e-05,8.4098403735295745e-10,3.3471579610838304e-11,0
4221,4.3266318505780602e-10,-1.5552763030499345e-04,-1.5554241249568672e-04,1.4782190693268761e-08,5.3715317868364547e-11,0
4222,4.1927414247540631e-10,1.3918612649692613e-05,1.3923930865311470e-05,-5.3182156188578164e-09,6.8512124284931231e-11,0
4223,4.0603225172027179e-10,2.4023129274983266e-05,2.4023115021957775e-05,1.4253025490537294e-11,3.7016321661922522e-11,0
4224,4.5075579074421163e-11,-2.5884481704834764e-05,-2.5880304176445722e-05,-4.1775283890419228e-09,7.0285844104732752e-11,0
4225,5.1030272139457345e-11,-9.9422197559289292e-06,-9.9466732587171982e-06,4.4535027882689924e-09,3.0050251334989432e-11,0
4226,-6.7744773523928951e-10,2.6384789003582043e-05,2.6327583471227477e-05,5.7205532354566522e-08,3.5755350825039021e-11,0
4227,-9.0349415117945526e-10,-6.9862212569160587e-06,-6.9809526659154523e-06,-5.2685910006063344e-09,1.6120299538098818e-11,0
4228,-9.5738573154148927e-10,-1.8131762168529034e-04,-1.8131571926824786e-04,-1.9024170424750131e-09,5.2764375851121655e-11,0
4229,-9.4172779096250539e-10,-1.1851778683695871e-05,-1.1844427495225160e-05,-7.3511884707111290e-09,3.0552713056491062e-11,0
4230,-9.2965231771100408e-10,-1.7440435361431444e-06,-1.7417167416792953e-06,-2.3267944638491770e-09,1.9331809905504729e-11,0
4231,-2.2604641600172261e-10,-3.3371003921143713e-05,-3.3360438429048579e-05,-1.0565492095134638e-08,5.9490201369792435e-12,0
4232,-2.7993799643918185e-10,-2.0770239698321685e-04,-2.0769310352782716e-04,-9.2934553896873925e-09,2.2653069711823615e-11,0
4233,-2.6428005581820072e-10,-3.8236573136212620e-05,-3.8219746621627758e-05,-1.6826514584862519e-08,1.1410212629544858e-11,0
4234,-2.5220458255271732e-10,-2.8128798730040969e-05,-2.8116223275297925e-05,-1.2575454743043345e-08,5.7049445033214112e-12,0
4235,-5.3891581228414096e-11,-1.7433142512998309e-04,-1.7433195278224669e-04,5.2765226359768359e-10,2.8820724188089496e-12,0
4236,-3.8233640127937170e-11,-4.8655881076554042e-06,-4.8635905694308021e-06,-1.9975382246021224e-09,2.6084751285569104e-12,0
4237,-2.6158166683120008e-11,5.2422025340577774e-06,5.2414801023853066e-06,7.2243167247089163e-10,1.6004084110243487e-12,0
4238,1.5657940924062701e-11,1.6946582951893373e-04,1.6946670740099694e-04,-8.7788206321352466e-10,4.4009021421611038e-12,0
4239,2.7733414300424545e-11,1.7957361871076463e-04,1.7957329591867328e-04,3.2279209134181835e-10,3.0529026317943775e-12,0
4240,1.2075473432924588e-11,1.0107777706749345e-05,1.0105870980137333e-05,1.9067266120117749e-09,2.1588117470973412e-12,0
4241,-2.9639674954536446e-12,-2.5886418630388414e-05,-2.5880850123025232e-05,-5.5685073631821052e-09,3.2393589559412989e-11,0
4242,-3.8684990793679094e-11,-9.9537921634581389e-06,-9.9476103345377667e-06,-6.1818289203722165e-09,2.3196036519946350e-11,0
4243,3.8893782063794595e-10,-1.8141027810694710e-04,-1.8142640866919632e-04,1.6130562249225310e-08,3.5986860490743975e-11,0
4244,-9.0337263567023116e-10,2.6387262739989599e-05,2.6325079157335912e-05,6.2183582653687475e-08,2.7106255019466129e-11,0
4245,-2.4252476557162538e-11,-6.9600426043491675e-06,-6.9712659958613453e-06,1.1223391512177777e-08,1.2274616070840446e-11,0
4246,1.0679473802611532e-10,-1.1799309467996205e-05,-1.1832945899279203e-05,3.3636431282997625e-08,2.1656791288898068e-11,0
4247,1.6525581125067229e-11,-1.7139685843225311e-06,-1.7313071874131689e-06,1.7338603090637803e-08,1.1918317065849766e-11,0
4248,8.7912016001035180e-10,-3.3347347428880347e-05,-3.3348564099547286e-05,1.2166706669382819e-09,6.2265957286889954e-12,0
4249,1.0101673746464800e-09,-3.8186618508337378e-05,-3.8206071774139454e-05,1.9453265802076426e-08,1.2319953101264822e-11,0
4250,9.1989821771784408e-10,-2.8101239142258941e-05,-2.8103610449752994e-05,2.3713074940535299e-09,7.4965095203891293e-12,0
4252,4.0778057640805786e-11,5.2461063732593596e-06,5.2422124203857889e-06,3.8939528735706545e-09,3.0698777439184213e-12,0
4253,-9.0269156841275479e-11,1.0085367165606901e-05,1.0104808482721251e-05,-1.9441317114350328e-08,5.0221422712090514e-12,0
4254,3.7915924935024636e-11,-2.5882133001402068e-05,-2.5880425485037265e-05,-1.7075163648027660e-09,6.0786499706807357e-11,0
4255,-3.2651914697798503e-10,-2.1448243565829264e-05,-2.1493224588990843e-05,4.4981023161579027e-08,3.0563028451874964e-11,0
4256,1.0597764890455843e-10,-1.7431925447427242e-04,-1.7432963093898401e-04,1.0376464711585711e-08,2.2609935283772162e-11,0
4257,3.6102087707507630e-11,-4.8637959078829188e-06,-4.8629257682166354e-06,-8.7013966628337745e-10,1.7047397903003595e-11,0
4258,3.4938537972079390e-12,5.2424874373822612e-06,5.2417906026715006e-06,6.9683471076059552e-10,9.7364868985424751e-12,0
4259,-6.9875561239900458e-11,1.6945549272230544e-04,1.6946506698503762e-04,-9.5742627321811040e-09,2.5053024921815210e-11,0
4260,-1.0248379513604905e-10,1.7956175025093946e-04,1.7957128168075379e-04,-9.5314298143316014e-09,2.1212650220840291e-11,0
4261,-3.2608233898645320e-11,1.0106277586306549e-05,1.0105511262624107e-05,7.6632368244171573e-10,1.5715199582093339e-11,0
4263,-5.6670900992129518e-11,1.4707562102931780e-05,1.4702498606388688e-05,5.0634965430920053e-09,2.0469555761435690e-11,0
4264,-9.1453378137304631e-11,-1.7433364633722293e-04,-1.7433152262299803e-04,-2.1237142249039710e-09,2.4024123952079382e-11,0
4265,-3.7180554446545949e-11,-4.8671684351719305e-06,-4.8638240261805904e-06,-3.3444089913400225e-09,1.7839469025645966e-11,0
4266,-1.9932249193348242e-11,5.2411387018100331e-06,5.2415211140376987e-06,-3.8241222766569624e-10,9.0426688977881332e-12,0
4267,5.4272823702265378e-11,1.6946647966445977e-04,1.6946606938690329e-04,4.1027755647601687e-10,3.2203454623970085e-11,0
4268,7.1521128958382658e-11,1.7957481239641438e-04,1.7957290231325961e-04,1.9100831547675095e-09,2.4976483645095024e-11,0
4269,1.7248305256409995e-11,1.0108303489644106e-05,1.0106137107738297e-05,2.1663819058090664e-09,1.5935489382905504e-11,0
4270,-7.6475026373552685e-11,1.4719000230193745e-05,1.4702127498724880e-05,1.6872731468865849e-08,1.1629624149196538e-11,0
4271,3.4622255941960014e-10,-7.1076381764423671e-06,-7.1145820499904230e-06,6.9438735480558355e-09,5.4174716378632152e-12,0
4272,3.3405618713741614e-10,-1.8143492497263393e-04,-1.8142637269164227e-04,-8.5522809916544189e-09,7.9705920393166589e-12,0
4273,3.3871780897372783e-10,-1.1972897101771192e-05,-1.1973546462095996e-05,6.4936032480405169e-10,9.0184671117172076e-12,0
4274,-5.2731659874932098e-11,-2.5893630433173036e-05,-2.5881473759130015e-05,-1.2156674043021468e-08,2.1518758729415917e-11,0
4275,3.3598849394451502e-10,-1.8657207630848327e-06,-1.8708642706268729e-06,5.1435075420402269e-09,5.6149236826351519e-12,0
4276,-7.4901500711219075e-11,4.7622070683060302e-06,4.7564076800417365e-06,5.7993882642936711e-09,1.1900938192532678e-11,0
4277,4.2269758545919711e-10,-2.1826639004612208e-05,-2.1817603721069110e-05,-9.0352835430984894e-09,1.0345996301141004e-11,0
4278,4.1053121323943950e-10,-1.9615398052419842e-04,-1.9613395740720563e-04,-2.0023116992793147e-08,1.3635234588137530e-11,0
4279,4.1519283503141131e-10,-2.6691953797355894e-05,-2.6679613263627055e-05,-1.2340533728839073e-08,1.6792040864707628e-11,0
4280,2.3743366423665513e-11,-4.0612630220691372e-05,-4.0583225067715212e-05,-2.9405152976159877e-08,5.1273548551829797e-11,0
4281,4.1246351999351170e-10,-1.6584779661148186e-05,-1.6577586901785015e-05,-7.1927593631706730e-09,1.0228025152383927e-11,0
4282,1.5735256391346395e-12,-9.9568144377461774e-06,-9.9469715942655888e-06,-9.8428434805886839e-09,1.4835704332896161e-11,0
4283,-1.2166372433111906e-11,-1.7432727493351102e-04,-1.7433045841582900e-04,3.1834823179823467e-09,1.8089176782875589e-12,0
4284,-7.5047504935766200e-12,-4.8652551064027466e-06,-4.8635487457463430e-06,-1.7063606564036407e-09,2.0856408141196839e-12,0
4285,-1.0234065494977859e-11,5.2419274144258402e-06,5.2416224853003300e-06,3.0492912551017463e-10,1.0047035602538694e-12,0
4286,-4.2112406086518577e-10,1.1869850282108033e-05,1.1867455241381892e-05,2.3950407261401455e-09,8.7675127487495093e-12,0
4287,4.6616218649951616e-12,1.6946201370734472e-04,1.6946528606531785e-04,-3.2723579731358532e-09,3.1644971725239807e-12,0
4288,1.9323068494748583e-12,1.7956919185413336e-04,1.7957193850137959e-04,-2.7466472462319563e-09,1.3631606033763436e-12,0
4289,-4.0895768803348795e-10,1.8619711583611753e-04,1.8618990233175547e-04,7.2135043620595498e-09,1.2120180610363336e-11,0
4290,-2.7293150055926306e-12,1.0107169875146369e-05,1.0105961372473992e-05,1.2085026723779443e-09,1.9416170024511097e-12,0
4291,-4.1361931025336815e-10,1.6735109294617988e-05,1.6726846328364709e-05,8.2629662532790590e-09,1.3778531666356285e-11,0
4292,3.9895421961281018e-10,1.8785959858949163e-05,1.8779380178728858e-05,6.5796802203048528e-09,1.0831486165917091e-11,0
4293,3.8678784725371968e-10,-1.5554121155191263e-04,-1.5554159494350677e-04,3.8339159413392290e-10,1.6748034580545937e-11,0
4294,3.9144946914162490e-10,1.3920814271516698e-05,1.3923122416692340e-05,-2.3081451756417774e-09,2.5247920505022190e-11,0
4295,3.8872015412874627e-10,2.4027968752303886e-05,2.4022608191289551e-05,5.3605610143347222e-09,1.2204209958777908e-11,0
4296,-2.2169840891703415e-11,3.0655729261581770e-05,3.0634809666451186e-05,2.0919595130583805e-08,4.5372710408791161e-11,0
4297,-4.1088999535819898e-10,6.6279438211925765e-06,6.6258247562539106e-06,2.1190649386658859e-09,8.8858457650764141e-12,0
4298,-3.8583030926604625e-10,2.6395514717079092e-05,2.6330815968262972e-05,6.4698748816120164e-08,5.4105440772404026e-11,0
4299,-2.3722739185139169e-10,1.4654184690989294e-05,1.4700236049767348e-05,-4.6051358778054205e-08,3.8783862477844062e-11,0
4300,-2.6047702838476666e-10,4.7063558079457612e-06,4.7542744949958782e-06,-4.7918687050116951e-08,3.4136181116939173e-11,0
4301,-2.3249636467129782e-11,-9.9477813170940899e-06,-9.9471999549819728e-06,-5.8136211211707927e-10,2.1174854180863949e-11,0
4303,3.7496042411914467e-11,-2.5884908840736066e-05,-2.5880504116528787e-05,-4.4047242072783822e-09,6.5050845196275769e-11,0
4304,-2.2063774378879462e-11,-9.9509478865803143e-06,-9.9471061660715071e-06,-3.8417205088071913e-09,1.8987261152818587e-11,0
4305,5.7739604300611159e-10,-1.2025328302965252e-05,-1.1971250546722373e-05,-5.4077756242879317e-08,1.9751701978749068e-11,0
4306,4.0637466530275989e-11,-2.5881974570123338e-05,-2.5880482355137043e-05,-1.4922149862943023e-09,7.0871564433233863e-11,0
4307,5.3675857645375832e-10,1.3856651612763338e-05,1.3924515913231428e-05,-6.7864300468090214e-08,7.5441336482010676e-11,0
4308,-2.2745918030118898e-09,-6.9713935500087011e-06,-6.9964891207013884e-06,2.5095570692687243e-08,1.3469142845986585e-11,0
4309,-3.2390566136827592e-09,-1.8130284589699518e-04,-1.8133977941074399e-04,3.6933513748802892e-08,2.4002898106303718e-11,0
4310,-2.4478376689848846e-09,-1.7295993965664620e-06,-1.7589921526612862e-06,2.9392756094824140e-08,1.4343809018059505e-11,0
4311,-9.6446480939194172e-10,-1.7433154059473890e-04,-1.7434038699840675e-04,8.8464036678470494e-09,5.1188188531945682e-12,0
4312,-1.7324586586350326e-10,5.2418088266998025e-06,5.2397947932655231e-06,2.0140334342794248e-09,3.2018089415053825e-12,0
4313,7.9121894207263536e-10,1.7957333448568517e-04,1.7958003608810864e-04,-6.7016024234698487e-09,4.3661314672465394e-12,0
4314,3.2424991811054625e-11,-2.5883214348868932e-05,-2.5880587783156616e-05,-2.6265657123160607e-09,5.3584872530871533e-11,0
4315,-6.8847755878799643e-10,2.6369237532236980e-05,2.6327461208739891e-05,4.1776323497089699e-08,7.4855026859420234e-12,0
4316,-2.9588489206090947e-10,-6.9859995008008519e-06,-6.9746320355149337e-06,-1.1367465285918133e-08,1.0525953722820472e-11,0
4317,-2.4225949079567579e-10,-1.1843466316306195e-05,-1.1837656717503381e-05,-5.8095988028139046e-09,1.7739201281479151e-11,0
4318,-2.8379921860208992e-10,-1.7426334527211561e-06,-1.7351052105848286e-06,-7.5282421363275084e-09,9.5921206707759825e-12,0
4319,-8.7700517116411097e-10,4.8833093363792254e-06,4.8814147237198286e-06,1.8946126593968060e-09,1.9254519112150478e-11,0
4320,3.9259266793613876e-10,-3.3355229598779762e-05,-3.3356202604107465e-05,9.7300532770337213e-10,4.1101794016593762e-12,0
4321,4.4621806923712950e-10,-3.8212694696705685e-05,-3.8215021672708061e-05,2.3269760023763349e-09,7.0772511835376213e-12,0
4322,4.0467834140509101e-10,-2.8111846635635665e-05,-2.8111587735869653e-05,-2.5889976601245262e-10,3.6941334483678358e-12,0
4323,-1.8852761348827118e-10,-2.1485907121664150e-05,-2.1493966661385214e-05,8.0595397210645923e-09,4.9479929329783794e-12,0
4324,5.3625401276134293e-11,-4.8574815319458661e-06,-4.8631612297963873e-06,5.6796978505211824e-09,4.2251777768814380e-12,0
4325,1.2085673461778829e-11,5.2433811979534558e-06,5.2418367561731660e-06,1.5444417802897839e-09,2.4017799479607529e-12,0
4326,-5.8112027987321551e-10,1.1869304673462963e-05,1.1866313218647838e-05,2.9914548151255694e-09,1.0162757692783306e-11,0
4327,-4.1539727808188866e-11,1.0100850059385595e-05,1.0105778256626115e-05,-4.9281972405195080e-09,3.8220291212139050e-12,0
4328,-6.3474568053652350e-10,1.6726764792327669e-05,1.6724823442915336e-05,1.9413494123321441e-09,1.5868030946287463e-11,0
4329,-5.9320595314202138e-10,6.6259387358482899e-06,6.6242976401077284e-06,1.6410957405615494e-09,8.7724334850184085e-12,0
4330,-5.2860752649935046e-11,1.4710183362560622e-05,1.4701824948502866e-05,8.3584140577565503e-09,2.0989170646018816e-11,0
4331,4.6056272808808595e-11,-2.5882057557930719e-05,-2.5880456799183684e-05,-1.6007587470353191e-09,3.6350999926352883e-11,0
4333,6.4758575817979278e-11,-1.7430786376830716e-04,-1.7432848120369252e-04,2.0617435385361128e-08,1.8399327973834580e-11,0
4334,2.3456533103346615e-11,-4.8632055279535132e-06,-4.8635311797875846e-06,3.2565183407144097e-10,7.8575586978720847e-12,0
4335,1.0313319951431462e-12,5.2423920271837477e-06,5.2417101626108136e-06,6.8186457293405373e-10,4.2159453749124899e-12,0
4336,-4.1302042789189892e-11,1.6944468621212655e-04,1.6946336042876825e-04,-1.8674216641702832e-08,2.2422450598892322e-11,0
4337,-6.3727243901546011e-11,1.7955025777235869e-04,1.7957004304477474e-04,-1.9785272416050033e-08,1.7847228828406728e-11,0
4338,-2.2425201107902275e-11,1.0105588686833275e-05,1.0106020403885464e-05,-4.3171705218971596e-10,5.8554959839629308e-12,0
4339,2.7044746743723950e-10,-1.8143582008330397e-04,-1.8142593311540472e-04,-9.8869678992528996e-09,2.4023387501049500e-11,0
4340,-8.8123186777726708e-10,2.6391447144745884e-05,2.6325324581512258e-05,6.6122563233625973e-08,2.2950376041673343e-11,0
4341,-1.7559549588565511e-13,-6.9582365367793636e-06,-6.9714343338278153e-06,1.3197797048451649e-08,1.7373947973282604e-11,0
4342,1.4382881425367728e-10,-1.1795506614316678e-05,-1.1833567028916778e-05,3.8060414600099422e-08,2.6480439893480341e-11,0
4343,4.5490975991927787e-11,-1.7116864036680057e-06,-1.7315609937753298e-06,1.9874590107324110e-08,1.6175871524883681e-11,0
4344,8.8105627273435190e-10,-3.3349687050073309e-05,-3.3351295011247757e-05,1.6079611744477997e-09,5.7773022468035674e-12,0
4345,1.0250606825059678e-09,-3.8186943460978562e-05,-3.8209214556822070e-05,2.2271095843508074e-08,8.7692003270132789e-12,0
4346,9.2672284423355351e-10,-2.8103158497062505e-05,-2.8106312588767497e-05,3.1540917049921284e-09,4.5537377549260131e-12,0
4347,1.4400440965107445e-10,-4.8372610447957459e-06,-4.8622732660600032e-06,2.5012221264257280e-08,5.9175137504532530e-12,0
4348,4.5666571444840537e-11,5.2465500812147198e-06,5.2421959846392170e-06,4.3540965755028160e-09,3.4122839561657549e-12,0
4349,-9.8337838185314693e-11,1.0083797624764988e-05,1.0105245647078378e-05,-2.1448022313389745e-08,4.8292630114863234e-12,0
4350,2.2634221063082431e-10,-4.0562600509184976e-05,-4.0580281090791032e-05,1.7680581606055912e-08,9.1964234112690265e-11,0
4351,-1.8539063581735132e-11,-9.9467512643565403e-06,-9.9468584220322073e-06,1.0715767566698794e-10,1.7942331203926933e-11,0
4352,-2.4488127402432649e-10,3.0615738599672204e-05,3.0631736672515678e-05,-1.5998072843473852e-08,7.1913286174884526e-11,0
4353,-6.7848183312921227e-10,2.6394183546065179e-05,2.6327572008543613e-05,6.6611537521565781e-08,3.8093107651145545e-11,0
4354,-8.9277054890469652e-10,-6.9814458631984461e-06,-6.9813846553546422e-06,-6.1207843803845398e-11,2.4879942182952662e-11,0
4355,-8.8331197498924906e-10,-1.8131030950665952e-04,-1.8131289240338528e-04,2.5828967257644948e-09,4.3742051530923353e-11,0
4356,-9.0980578976011633e-10,-1.1847881215524755e-05,-1.1845379386844903e-05,-2.5018286798521912e-09,3.3443022836038873e-11,0
4357,-9.1141998581287926e-10,-1.7393850622136192e-06,-1.7422422602953219e-06,2.8571980817026414e-09,2.0656495679996756e-11,0
4358,-2.1428871570103645e-10,-3.3375662745117884e-05,-3.3363791746849193e-05,-1.1870998268691431e-08,8.9779949484804565e-12,0
4359,-2.0483014171510491e-10,-2.0770449913072586e-04,-2.0769321363469303e-04,-1.1285496032831114e-08,1.9492281335851999e-11,0
4360,-2.3132395652367889e-10,-3.8242027051096569e-05,-3.8223568048735745e-05,-1.8459002360824231e-08,1.3977154015587370e-11,0
4361,-2.3293815259144876e-10,-2.8133557580545601e-05,-2.8119525528577279e-05,-1.4032051968321821e-08,7.2441379962443455e-12,0
4362,9.4585733165833533e-12,-1.7432881319216775e-04,-1.7432854820752396e-04,-2.6498464379231916e-10,4.2903775225746737e-12,0
4363,-1.7035241095796781e-11,-4.8663933594024142e-06,-4.8641381212387196e-06,-2.2552381636946285e-09,3.8171127030309505e-12,0
4364,-1.8649437017450838e-11,5.2421210718435517e-06,5.2414739470839157e-06,6.4712475963597419e-10,2.3238246422964310e-12,0
4365,-2.6493814559485523e-11,1.6946241677020732e-04,1.6946283700361754e-04,-4.2023341021726023e-10,4.1416294631408910e-12,0
4366,-2.8108010535972685e-11,1.7957091726939454e-04,1.7956987095791571e-04,1.0463114788375038e-09,2.7840882497062648e-12,0
4367,-1.6141959322427353e-12,1.0108502930250497e-05,1.0106385750239458e-05,2.1171800110398134e-09,2.5710970212996036e-12,0
4368,-2.2827140259890515e-10,1.4674805628485041e-05,1.4699518146064162e-05,-2.4712517579121018e-08,9.1927720071397256e-12,0
4369,5.2452373664959153e-12,-2.5885179835509345e-05,-2.5880959322364815e-05,-4.2205131445301604e-09,1.6317033737045117e-11,0
4370,-2.1827916017996690e-10,4.7294754745401402e-06,4.7541743644142160e-06,-2.4698889874075794e-08,1.0854988438123561e-11,0
4371,2.3351664007948990e-10,-4.0560001557627540e-05,-4.0580077448817563e-05,2.0075891190023294e-08,2.7701328690203387e-11,0
4372,9.9922425091529276e-12,-9.9453137192653286e-06,-9.9464824133699586e-06,1.1686941046299868e-09,7.7356090237033441e-12,0
4373,-2.2352439754189048e-10,3.0614673359808872e-05,3.0631865988049152e-05,-1.7192628240279915e-08,2.3173297865044462e-11,0
4374,-7.6525139263331188e-11,1.4736294212227066e-05,1.4701093412476636e-05,3.5200799750430677e-08,1.5406958341258570e-11,0
4375,2.6991389418123934e-10,-7.1155002575838677e-06,-7.1163318497538116e-06,8.3159216994391878e-10,6.6392963588311015e-12,0
4376,2.8951676491941814e-10,-1.8144062965514893e-04,-1.8142531256015821e-04,-1.5317094990719435e-08,8.4350796196685118e-12,0
4377,2.7302179539154262e-10,-1.1981268819231949e-05,-1.1975422711132702e-05,-5.8461080992476772e-09,9.7764683456289928e-12,0
4378,-6.1870030389892648e-11,-2.5898215413924005e-05,-2.5881718052581595e-05,-1.6497361342409500e-08,2.7605229874665123e-11,0
4379,2.6331369504372721e-10,-1.8735468552896761e-06,-1.8724643265947974e-06,-1.0825286948787437e-09,6.3088751316695489e-12,0
4380,-9.2237938555600165e-11,4.7620451285022326e-06,4.7554972785554928e-06,6.5478499467398375e-09,1.2995186625012603e-11,0
4381,3.4643903308512810e-10,-2.1851801467685436e-05,-2.1818270670906255e-05,-3.3530796779181464e-08,1.2385885968920610e-11,0
4382,3.6604190388077807e-10,-1.9617691425320195e-04,-1.9613225760211280e-04,-4.4656651089150382e-08,1.6984392464005114e-11,0
4383,3.4954693431100274e-10,-2.6717584569280889e-05,-2.6680796639214585e-05,-3.6787930066303472e-08,2.0930036264031380e-11,0
4384,1.4655108791149721e-11,-4.0634630510889488e-05,-4.0582408699301926e-05,-5.2221811587562753e-08,5.7750534914018433e-11,0
4385,3.3983883395845689e-10,-1.6609848881934258e-05,-1.6578126481549927e-05,-3.1722400384331028e-08,1.3240863498240771e-11,0
4386,-1.5712799319939822e-11,-9.9742428777476952e-06,-9.9467217267588274e-06,-2.7521150988867781e-08,1.7253700494178641e-11,0
4387,1.9602870551881797e-11,-1.7432510418614877e-04,-1.7432822788729987e-04,3.1237011510949243e-09,3.8645555130206747e-12,0
4388,3.1079011519553596e-12,-4.8657487100986409e-06,-4.8639750348024132e-06,-1.7736752962277890e-09,3.8383008074233413e-12,0
4389,-6.6001991610904051e-12,5.2419772797511694e-06,5.2416006335339196e-06,3.7664621724978003e-10,2.0989126982239010e-12,0
4390,-3.6215183378502072e-10,1.1877582666871764e-05,1.1869292976207872e-05,8.2896906638917886e-09,9.2682973460448828e-12,0
4391,-1.6494969473734481e-11,1.6945934538993958e-04,1.6946268605668835e-04,-3.3406667487639527e-09,4.5975563839763075e-12,0
4392,-2.6203069802966546e-11,1.7956707685913651e-04,1.7956967622947105e-04,-2.5993703345371724e-09,2.6428107992293421e-12,0
4393,-3.8175470384717887e-10,1.8620269881324068e-04,1.8618894104099833e-04,1.3757772242349153e-08,1.2306296664657403e-11,0
4394,-9.7081003179422519e-12,1.0107723800603305e-05,1.0106347302068263e-05,1.3764985350416805e-09,2.7374918767032341e-12,0
4395,-3.6525973478699835e-10,1.6743326439982303e-05,1.6728185327051777e-05,1.5141112930526810e-08,1.4713832973133283e-11,0
4396,3.3178392488901364e-10,1.8782728260587425e-05,1.8778133842798964e-05,4.5944177884609352e-09,2.2130619987752536e-11,0
4397,3.5138679555978249e-10,-1.5554219352930244e-04,-1.5554009657371083e-04,-2.0969555916173794e-09,4.0006869642769750e-11,0
4398,3.3489182607954032e-10,1.3917131958921664e-05,1.3921782534942914e-05,-4.6505760212507897e-09,4.4539392861216988e-11,0
4399,3.2518372574457314e-10,2.4024827380962448e-05,2.4021454861855100e-05,3.3725191073476506e-09,2.7400613482865198e-11,0
4400,-3.0367908233594766e-11,3.0660292947353070e-05,3.0633925053572537e-05,2.6367893780532997e-08,4.7236275389273863e-11,0
4401,-3.5555163459623135e-10,6.6356130190639573e-06,6.6273640505815433e-06,8.2489684824140093e-09,9.6907883470603168e-12,0
4402,-1.6172379974706285e-11,-2.5887388427934827e-05,-2.5881220849480039e-05,-6.1675784547880405e-09,2.5222576166321043e-11,0
4403,8.2561374217224274e-11,-9.9085767685577059e-06,-9.9455958894150384e-06,3.7019120857332584e-08,1.5847651164709509e-11,0
4404,1.5796199319187878e-10,-1.7431702844990064e-04,-1.7432651514360313e-04,9.4866937024897218e-09,2.2855213502588460e-11,0
4405,5.3537099088976616e-11,-4.8646167542889564e-06,-4.8634678957498183e-06,-1.1488585391380263e-09,1.9407239661755877e-11,0
4406,9.8315067977847236e-12,5.2424430006808723e-06,5.2417768511015444e-06,6.6614957932794471e-10,1.1977029792171013e-11,0
4407,-1.0442489409423193e-10,1.6945241533532739e-04,1.6946148586783222e-04,-9.0705325048374454e-09,2.3017711620204283e-11,0
4408,-1.4813048635339693e-10,1.7955945141019843e-04,1.7956813876034296e-04,-8.6873501445382077e-09,3.0910348439010917e-11,0
4409,-4.3705592282961025e-11,1.0107101831613972e-05,1.0106014616183146e-05,1.0872154308261305e-09,2.2723422744233291e-11,0
4412,2.3492466848817586e-11,-2.5885426258793033e-05,-2.5880802339408094e-05,-4.6239193849391782e-09,3.7831253971710889e-11,0
4413,-9.2416269015397422e-10,-1.7433046143957849e-04,-1.7433816206536987e-04,7.7006257913803285e-09,1.0982211068760702e-11,0
4414,-4.1958107054840164e-10,-4.8676332351468977e-06,-4.8688130852723438e-06,1.1798501254460558e-09,1.3078197611067147e-11,0
4415,-1.6953081800657999e-10,5.2415967697346210e-06,5.2397771550881664e-06,1.8196146464546207e-09,7.0333177714346121e-12,0
4416,5.0458161892167651e-10,1.6946280992997833e-04,1.6946779812866187e-04,-4.9881986835358105e-09,1.4371765105682189e-11,0
4417,7.5463187119026975e-10,1.7957202931166249e-04,1.7957778415283963e-04,-5.7548411771374524e-09,8.0461054822778652e-12,0
4418,2.5005025250706202e-10,1.0109239205189247e-05,1.0109356679598943e-05,-1.1747440969615093e-10,8.9594144769533251e-12,0
4419,-3.8893164320724120e-11,-9.9480668648167098e-06,-9.9468482903584379e-06,-1.2185744582718459e-09,2.0783917532474611e-11,0
4420,-4.2029653966970443e-10,2.6400876460789570e-05,2.6330433919806049e-05,7.0442540983521232e-08,6.0924442172432339e-11,0
4421,7.6235848915678908e-10,-7.1471510791135118e-06,-7.1112022741622053e-06,-3.5948804951306465e-08,1.1200892606214366e-11,0
4422,2.8662248573222555e-10,-1.8148049572044855e-04,-1.8142477904523744e-04,-5.5716675211118496e-08,1.2449599557943265e-11,0
4423,5.6346061638137703e-10,-1.2015968754637910e-05,-1.1972621160512801e-05,-4.3347594125108178e-08,1.5360331176712497e-11,0
4424,2.7866095901214057e-11,-2.5877777329936201e-05,-2.5880775403871523e-05,2.9980739353216380e-09,4.9686839431588841e-11,0
4425,6.8311904155275489e-10,-1.9060361753520799e-06,-1.8681000919328092e-06,-3.7936083419270734e-08,8.7534485058070623e-12,0
4426,-4.7573600474418917e-10,-1.7433333191296026e-04,-1.7433303485057258e-04,-2.9706238768227415e-10,6.5471992213589599e-12,0
4427,-1.9889787319217459e-10,-4.8688037403172429e-06,-4.8664122014589642e-06,-2.3915388582787696e-09,6.6290673332506211e-12,0
4428,-7.9239447719135056e-11,5.2411325858537673e-06,5.2407728318187794e-06,3.5975403498790580e-10,3.7389199021580907e-12,0
4429,2.7683813183147330e-10,1.6946452338539235e-04,1.6946507653176830e-04,-5.5314637595273337e-10,8.4355389000706016e-12,0
4430,3.9649655739448789e-10,1.7957446080902424e-04,1.7957365179048658e-04,8.0901853765453710e-10,4.9899963325601964e-12,0
4431,1.1965842551902463e-10,1.0109937444307627e-05,1.0107949930209122e-05,1.9875140985043879e-09,5.2769687828444340e-12,0
4432,7.3449239316744456e-10,1.8730554901608826e-05,1.8782415107695014e-05,-5.1860206086188298e-08,4.2963356074724748e-11,0
4433,2.5875638980306457e-10,-1.5560264549195624e-04,-1.5554043511157410e-04,-6.2210380382142277e-08,4.7727804704737815e-11,0
4434,5.3559452041110502e-10,1.3861820551540338e-05,1.3923747751724843e-05,-6.1927200184504720e-08,7.5192987143906201e-11,0
4435,6.5525294557115609e-10,2.3971766111921533e-05,2.4024950133444475e-05,-5.3184021522942185e-08,3.7926762064311112e-11,0
4436,3.7473245124703235e-11,-9.9425936079511855e-06,-9.9459485181105691e-06,3.3549101593836059e-09,2.7249472120348987e-11,0
4437,8.0136997266845660e-10,-7.0705608462250102e-06,-7.1108572236924616e-06,4.0296377467451381e-08,1.2924210979625456e-11,0
4438,4.2855335366254954e-10,-1.8143088665736537e-04,-1.8142305557715789e-04,-7.8310802074758878e-09,1.4181131662786036e-11,0
4439,6.6141833158208351e-10,-1.1959039145772316e-05,-1.1971646302794163e-05,1.2607157021847642e-08,1.6414829502740263e-11,0
4440,5.8197436870596638e-11,-2.5882228495444429e-05,-2.5880453012560948e-05,-1.7754828834802745e-09,3.0195251806212962e-11,0
4441,7.4815043032396446e-10,-1.8410179736423615e-06,-1.8674560366785148e-06,2.6438063036153251e-08,1.1555641042671972e-11,0
4442,-3.7281661899823310e-10,-1.7436036431952608e-04,-1.7433171244187750e-04,-2.8651877648574889e-08,6.8638195691530317e-12,0
4443,-1.3995164110589771e-10,-4.8884678648161012e-06,-4.8658113787179888e-06,-2.2656486098112386e-08,6.0259664763770752e-12,0
4444,-5.3219542360033456e-11,5.2295422768222286e-06,5.2410552490334564e-06,-1.1512972211227845e-08,3.2715803965389365e-12,0
4445,2.3286497793014928e-10,1.6947187217317312e-04,1.6946436043734387e-04,7.5117358292505886e-09,9.0013381729500710e-12,0
4446,3.1959707667747344e-10,1.7958989882798509e-04,1.7957261084281323e-04,1.7287985171866123e-08,6.2624581245706311e-12,0
4447,8.6732098743922457e-11,1.0117990803987058e-05,1.0107629735605072e-05,1.0361068381985341e-08,5.3642737036660167e-12,0
4448,7.4317253582671445e-10,1.8811700537430236e-05,1.8782462819992397e-05,2.9237717437838946e-08,4.4197463420383672e-11,0
4449,3.7035591682696420e-10,-1.5554851219601578e-04,-1.5553901528680129e-04,-9.4969092144926541e-09,5.4397711341447107e-11,0
4450,6.0322089473177362e-10,1.3923255450674172e-05,1.3924428451938007e-05,-1.1730012638345473e-09,7.6876494107221170e-11,0
4451,6.8995299347731764e-10,2.4041328630998102e-05,2.4025291365920602e-05,1.6037265077499605e-08,4.8093875434586367e-11,0
4452,6.6211501040988277e-10,-7.0853714725588671e-06,-7.1124737435317303e-06,2.7102270972863186e-08,1.1922271721383905e-11,0
4453,3.7274680241574933e-10,-1.8142769030520629e-04,-1.8142354883409395e-04,-4.1414711123401518e-09,1.2704683607409536e-11,0
4454,5.4965304286471770e-10,-1.1960313644280348e-05,-1.1972977797071702e-05,1.2664152791354384e-08,1.4249128272005591e-11,0
4455,6.1695658687007255e-10,-1.8477802330059412e-06,-1.8689743712377231e-06,2.1194138231781906e-08,9.9321176111438993e-12,0
4456,-2.8936820781613285e-10,-1.7434236542421093e-04,-1.7433063591745831e-04,-1.1729506752623841e-08,9.7037962800176414e-12,0
4457,-1.1246196749512590e-10,-4.8749611014252056e-06,-4.8655505402312842e-06,-9.4105611939213638e-09,1.0791406787224375e-11,0
4458,-4.5158423528960970e-11,5.2375939702939064e-06,5.2411395922718215e-06,-3.5456219779150480e-09,6.1262991744613327e-12,0
4459,1.7690624050510294e-10,1.6946738104155548e-04,1.6946354933400210e-04,3.8317075533799653e-09,9.8383567981955554e-12,0
4460,2.4420978452552688e-10,1.7957992028306245e-04,1.7957161786371118e-04,8.3024193512704677e-09,5.8016076658189699e-12,0
4461,6.7303543989484990e-11,1.0112539844139064e-05,1.0107451747402923e-05,5.0880967361412763e-09,6.3251033460411189e-12,0
4462,-6.8161971703234217e-10,2.6380633953900987e-05,2.6327537225984304e-05,5.3096727916682830e-08,6.6427032607484210e-12,0
4463,-7.8991027720889690e-10,4.9060428112352936e-06,4.8835385716725028e-06,2.2504239562790734e-08,1.9101074463872396e-11,0
4464,-1.0829056109081090e-10,-2.1474601088439932e-05,-2.1495895809377713e-05,2.1294720937781116e-08,4.6583514563267699e-12,0
4465,-6.3455318161010711e-11,1.4707298664293038e-05,1.4700558913542343e-05,6.7397507506946616e-09,2.7695362169373334e-11,0
4466,3.6713053586797190e-11,-2.5883739552693807e-05,-2.5880719283679106e-05,-3.0202690147006336e-09,5.4904988309134775e-11,0
4468,-8.5325147614048218e-10,2.6395028323962988e-05,2.6325634736273127e-05,6.9393587689860323e-08,2.6838303566346843e-11,0
4469,2.7023558350214917e-11,-6.9562624754795216e-06,-6.9715170096801770e-06,1.5254534200655452e-08,1.6377916922573913e-11,0
4470,1.8172172519566161e-10,-1.1789454849231093e-05,-1.1834057624895860e-05,4.4602775664766674e-08,2.7103147495554793e-11,0
4471,7.6850678098207964e-11,-1.7091058870880721e-06,-1.7317208253581403e-06,2.2614938270068178e-08,1.6914054296614819e-11,0
4472,8.8027503453857363e-10,-3.3351294698679562e-05,-3.3353733185019056e-05,2.4384863394935857e-09,5.4021167644126239e-12,0
4473,1.0349732013798212e-09,-3.8184503938738096e-05,-3.8212024530111936e-05,2.7520591373840530e-08,1.1029572589378831e-11,0
4474,9.3010215428731039e-10,-2.8104186356864985e-05,-2.8108727077900961e-05,4.5407210359755352e-09,6.3178237422112807e-12,0
4475,1.5469816673763961e-10,-4.8332318886993089e-06,-4.8627004691761269e-06,2.9468580476817976e-08,5.5599038563978462e-12,0
4476,4.9827119702123753e-11,5.2471217736323010e-06,5.2421797638864216e-06,4.9420097458793976e-09,3.1711513686506293e-12,0
4477,-1.0487104701511457e-10,1.0080339207746078e-05,1.0105638060054013e-05,-2.5298852307935506e-08,5.8688193268302381e-12,0
4478,4.1775969059942845e-10,-1.8140014873520988e-04,-1.8142271735748075e-04,2.2568622270872137e-08,3.4562349390711673e-11,0
4479,5.7148033043549746e-10,-3.3353160759724831e-05,-3.3357470874868623e-05,4.3101151437919530e-09,9.7796227302301986e-12,0
4480,6.6752559482661446e-10,-3.8193557517805093e-05,-3.8216475902877220e-05,2.2918385072126881e-08,1.7628073748212666e-11,0
4481,5.9971104534611955e-10,-2.8107340930155073e-05,-2.8112707064529482e-05,5.3661343744099035e-09,9.9706876520209945e-12,0
4482,9.6045264318488382e-11,-4.8404050581865241e-06,-4.8634213306307651e-06,2.3016272444241020e-08,1.2225996902704446e-11,0
4483,2.8230714881004797e-11,5.2458346777200290e-06,5.2419322966417460e-06,3.9023810782829271e-09,6.8954956064571780e-12,0
4484,-6.7814549424516592e-11,1.0086251024513104e-05,1.0106109048263489e-05,-1.9858023750385107e-08,1.1972125683887364e-11,0
4485,-8.2357029054566544e-10,-1.8130650517654383e-04,-1.8131080996631370e-04,4.3047897698746118e-09,4.9964442688419010e-11,0
4486,2.2072873315581592e-10,-4.0552380929254409e-05,-4.0579281913572523e-05,2.6900984318114108e-08,7.3142282915556878e-11,0
4487,-3.2583571261536756e-11,-9.9466568143271455e-06,-9.9465031601300052e-06,-1.5365419714038521e-10,1.6349075900352470e-11,0
4488,-2.5331230422775706e-10,3.0605656488331967e-05,3.0630724595610519e-05,-2.5068107278552305e-08,6.2572465088149605e-11,0
4489,1.0898695529985548e-10,-1.7430676126288513e-04,-1.7432535370547539e-04,1.8592442590251125e-08,1.6094083253775556e-11,0
4490,3.8269789706546125e-11,-4.8642188354023133e-06,-4.8641306529542414e-06,-8.8182448071871724e-11,1.0811049645896996e-11,0
4491,6.3062629951119215e-12,5.2423707477736560e-06,5.2416814001949205e-06,6.8934757873552775e-10,5.9570797807773418e-12,0
4492,-7.0717165649448309e-11,1.6944257188360352e-04,1.6945971321715846e-04,-1.7141333554936307e-08,2.0061047017608940e-11,0
4493,-1.0268069235793999e-10,1.7954912793113724e-04,1.7956687289631733e-04,-1.7744965180089591e-08,1.3078554412423546e-11,0
4494,-3.1963526707168440e-11,1.0106583783735506e-05,1.0106565129831960e-05,1.8653903545933588e-11,1.0487569041328673e-11,0
4495,1.8485337524515106e-10,-7.1304038227644473e-06,-7.1182395266237512e-06,-1.2164296140696134e-08,6.3358983677007587e-12,0
4496,2.3794274173513222e-10,-1.8145338203642749e-04,-1.8142422578012332e-04,-2.9156256304169745e-08,8.5357821796413115e-12,0
4497,1.9916508486284365e-10,-1.1996684789211676e-05,-1.1977466719696748e-05,-1.9218069514927388e-08,1.0565421949506061e-11,0
4498,-7.0812567761208462e-11,-2.5908426588329599e-05,-2.5881969803755272e-05,-2.6456784574326899e-08,2.8232169067419269e-11,0
4499,1.8218625589233751e-10,-1.8884367167064375e-06,-1.8742115724361708e-06,-1.4225144270266776e-08,5.9111865728329286e-12,0
4500,-1.0890397084286070e-10,4.7633137016174932e-06,4.7545459473743707e-06,8.7677542431225405e-09,1.3776812481977394e-11,0
4501,5.3089366291357927e-11,-1.7432295733643167e-04,-1.7432585184622946e-04,2.8945097977804094e-09,3.7387240621192154e-12,0
4502,1.4311709558583375e-11,-4.8662791443721855e-06,-4.8644313954911910e-06,-1.8477488809944323e-09,3.7396235756964197e-12,0
4503,-2.6671193822932334e-12,5.2419899855972018e-06,5.2415779148994228e-06,4.1207069777894563e-10,2.0606939385029408e-12,0
4504,-2.9375734742703569e-10,1.1893734789627380e-05,1.1871314879773641e-05,2.2419909853739012e-08,9.4940443085449093e-12,0
4505,-3.8777656800753767e-11,1.6945667194548635e-04,1.6945991428902123e-04,-3.2423435348811862e-09,5.7061131820978608e-12,0
4506,-5.5756485755020177e-11,1.7956493769090680e-04,1.7956726691211795e-04,-2.3292212111424189e-09,2.8224843851207895e-12,0
4507,-3.4684671315342298e-10,1.8621670653411974e-04,1.8618798012763781e-04,2.8726406481929248e-08,1.3099924893641307e-11,0
4508,-1.6978828944516998e-11,1.0108260287687229e-05,1.0106761190242356e-05,1.4990974448730464e-09,3.4468219855932376e-12,0
4509,-3.0806905681125767e-10,1.6760016413486234e-05,1.6729676281081444e-05,3.0340132404790105e-08,1.6308892116647918e-11,0
4510,2.5566594332060967e-10,1.8778035545020597e-05,1.8776754538290289e-05,1.2810067303078022e-09,2.2907772582654839e-11,0
4511,3.0875530975261522e-10,-1.5554475736702768e-04,-1.5553855103868808e-04,-6.2063283395993527e-09,3.7659106997504607e-11,0
4512,2.6997765292282761e-10,1.3911777630816642e-05,1.3920302017693126e-05,-8.5243868764835960e-09,4.5551304867017893e-11,0
4513,2.5299882395954337e-10,2.4020145060197826e-05,2.4020175430763399e-05,-3.0370565573057187e-11,2.8456622646252182e-11,0
4514,-3.8091403152310385e-11,3.0671756996532643e-05,3.0632992256061734e-05,3.8764740470908761e-08,5.0817657229196132e-11,0
4515,-2.9109022800863848e-10,6.6517491840115822e-06,6.6290668141711276e-06,2.2682369840454578e-08,1.0134831566997617e-11,0
4517,-2.4903941256015272e-11,-2.5888172376173618e-05,-2.5881470166711718e-05,-6.7022094618999237e-09,1.6570077622671037e-11,0
4518,1.8293590628823655e-12,-1.7432717586832354e-04,-1.7432626351768780e-04,-9.1235063574097650e-10,1.1618122104578491e-11,0
4519,-1.0864803507387654e-11,-4.8673193603252733e-06,-4.8647557973236683e-06,-2.5635630016049673e-09,1.1105259315971235e-11,0
4520,-1.2901477768641856e-11,5.2418895328530836e-06,5.2414592922398525e-06,4.3024061323113620e-10,6.6527043749223717e-12,0
4521,-1.2694162635265064e-11,1.6945984148620608e-04,1.6946000629272680e-04,-1.6480652072540201e-10,1.8140898770076176e-11,0
4522,-1.4730836917102843e-11,1.7956904136155402e-04,1.7956755913661561e-04,1.4822249384089606e-09,1.2830681233904508e-11,0
4523,-2.0366742657662843e-12,1.0109199720485871e-05,1.0106965427107311e-05,2.2342933785597196e-09,1.1319740216051065e-11,0
4524,-5.0736957692096808e-11,-9.9486032475804356e-06,-9.9465843023241449e-06,-2.0189452562907281e-09,1.6620836822860559e-11,0
4525,1.7562248510805972e-11,-2.5885151065767765e-05,-2.5881012406036764e-05,-4.1386597310006984e-09,5.0880575292250250e-11,0
4526,-4.6084381313219855e-11,-4.8680083668843285e-06,-4.8652172695929539e-06,-2.7910972913746713e-09,1.4629179572981260e-11,0
4527,-1.0245876617296659e-10,1.7956599107804127e-04,1.7956628633575348e-04,-2.9525771221396505e-10,1.7860815797815571e-11,0
4528,-2.3493105088311519e-10,1.4671701024607242e-05,1.4697984291283558e-05,-2.6283266676316140e-08,1.2534450491234218e-11,0
4529,-5.4519529156845376e-12,-2.5889706600625588e-05,-2.5881279905067476e-05,-8.4266955581122906e-09,2.7518584563317635e-11,0
4530,-2.3989761664738369e-10,4.7269096371919950e-06,4.7529201075706038e-06,-2.6010470378608815e-08,1.4955418272828785e-11,0
4531,2.2947909810009834e-10,-4.0561432060796584e-05,-4.0578826634251532e-05,1.7394573454947051e-08,4.0532710619002221e-11,0
4532,-4.9665656577446383e-12,-9.9447746403505746e-06,-9.9460245612752846e-06,1.2499209247100133e-09,1.2690688856208151e-11,0
4533,-2.3444566373182715e-10,3.0616633191034998e-05,3.0630623639398732e-05,-1.3990448363734019e-08,4.0725843781067512e-11,0
4534,-4.4447107087175735e-10,2.6405581982314082e-05,2.6330165951936214e-05,7.5416030377867401e-08,5.8904256186116516e-11,0
4535,4.2973356940580651e-12,1.4713648477755401e-05,1.4700512046880929e-05,1.3136430874471035e-08,2.1411649506040495e-11,0
4536,3.2934589388942511e-10,-1.1961844368497433e-05,-1.1976439287949778e-05,1.4594919452344952e-08,1.4532828073183189e-11,0
4537,-3.4899969256140307e-11,-2.5887735889542490e-05,-2.5881623487697420e-05,-6.1124018450706044e-09,4.0073587363154590e-11,0
4538,4.2621151848943899e-11,4.7758119098052776e-06,4.7559655607158727e-06,1.9846349089404857e-08,2.1554604893806910e-11,0
4540,-3.9197305078762709e-11,-4.0601407975513967e-05,-4.0581694783407744e-05,-1.9713192106223432e-08,7.5227254573902148e-11,0
4541,3.8323816054492121e-11,-9.9378611830673591e-06,-9.9454917218002986e-06,7.6305387329394776e-09,1.6960177605186899e-11,0
4543,3.6424586327044407e-10,1.3925968736704271e-05,1.3921088864108815e-05,4.8798725954561021e-09,8.0057540732854177e-11,0
4544,7.7521121094843419e-11,3.0663443639238411e-05,3.0633986454592574e-05,2.9457184645836367e-08,6.7973101028681414e-11,0
4545,-8.6423334564946058e-10,-1.7432929253083054e-04,-1.7433505963417180e-04,5.7671033412676730e-09,5.0669353598150537e-12,0
4546,-1.6372310938983558e-10,5.2412856556585023e-06,5.2397608843701384e-06,1.5247712883639745e-09,3.1579678840243346e-12,0
4547,7.0051023605853146e-10,1.7957056179760929e-04,1.7957465261161825e-04,-4.0908140089637463e-09,4.8956675863674444e-12,0
4550,2.5139304534815351e-10,-1.1968999855194520e-05,-1.1977500068653015e-05,8.5002134584945222e-09,2.5963127033919845e-11,0
4551,7.1069082536450299e-11,-9.9312809857237533e-06,-9.9450398647916169e-06,1.3758879067863640e-08,1.5846348243425109e-11,0
4552,2.7842067533048416e-10,-1.8146622976466728e-04,-1.8142276191918528e-04,-4.3467845481999674e-08,1.8913010069105979e-11,0
4553,1.0915026527157523e-11,-2.5875983182381611e-05,-2.5881157301220032e-05,5.1741188384210525e-09,7.3873913058936130e-11,0
4554,2.6750564873092306e-10,-1.5559028897623763e-04,-1.5553777296964700e-04,-5.2516006590624812e-08,7.2082007717860332e-11,0
4555,3.4978904459743468e-11,-9.9375067102080907e-06,-9.9453742806606336e-06,7.8675704525428666e-09,2.2001088428681489e-11,0
4556,4.4542848391011665e-10,-1.8142615289409034e-04,-1.8142081227489587e-04,-5.3406191944684305e-09,1.6694801062287561e-11,0
4557,4.4176422349901682e-11,-2.5883738051002241e-05,-2.5880797664503686e-05,-2.9403864985544565e-09,3.1851436274932088e-11,0
4558,4.0125206156932143e-10,-1.5554219511907004e-04,-1.5553617067889851e-04,-6.0244401715251871e-09,5.9842830818377759e-11,0
4559,-6.6158321054940678e-10,2.6389803207326964e-05,2.6327759325015565e-05,6.2043882311399955e-08,1.5036728808924422e-11,0
4560,-2.6189029959541925e-10,-6.9730893283029630e-06,-6.9751542513115217e-06,2.0649230085587097e-09,1.0661983400694221e-11,0
4561,-1.8367215035391728e-10,-1.1833218873831108e-05,-1.1839138344901503e-05,5.9194710703954552e-09,1.7982456730470486e-11,0
4562,-2.4072547666873624e-10,-1.7298937787251401e-06,-1.7358152728521133e-06,5.9214941269732655e-09,1.1251123769589140e-11,0
4563,3.9969291181984670e-10,-3.3362881681375800e-05,-3.3361809446872520e-05,-1.0722345032796073e-09,2.9016606020753100e-12,0
4564,4.7791106110749695e-10,-3.8222976861498892e-05,-3.8221503397650623e-05,-1.4734638482686506e-09,4.6676456666887240e-12,0
4565,4.2085773475996219e-10,-2.8119687435280635e-05,-2.8117146438542223e-05,-2.5409967384124412e-09,2.7135446207111667e-12,0
4566,7.8218149245893603e-11,-4.8600979809642481e-06,-4.8641657674367539e-06,4.0677864725058137e-09,2.8441242493481387e-12,0
4567,2.1164822926360117e-11,5.2432046268836244e-06,5.2417915096967244e-06,1.4131171869000847e-09,1.6021113361437411e-12,0
4568,-5.7053326302196743e-11,1.0103298260168755e-05,1.0106694091721423e-05,-3.3958315526683071e-09,2.3800792918668433e-12,0
4569,2.8040694906404118e-10,-1.8143101727471564e-04,-1.8142241670350586e-04,-8.6005712097785795e-09,4.0092640702193932e-11,0
4570,2.1481010198157827e-10,-4.0534013281403811e-05,-4.0578370492942251e-05,4.4357211538440054e-08,7.2456340600375645e-11,0
4571,-4.5722275342381687e-11,-9.9466160816113341e-06,-9.9461784739526604e-06,-4.3760765867375487e-10,1.9138562303484655e-11,0
4572,-2.6053237713280829e-10,3.0587243090674648e-05,3.0629798965870163e-05,-4.2555875195514207e-08,7.3207186468056275e-11,0
4573,-8.0720868933431648e-10,2.6399563318640733e-05,2.6326145107597337e-05,7.3418211043396145e-08,2.7116839449361393e-11,0
4574,6.8771673447047760e-11,-6.9528157636746662e-06,-6.9715389880159645e-06,1.8723224341298261e-08,1.4657029666544740e-11,0
4575,2.3576260109756385e-10,-1.1775686333356794e-05,-1.1834607622254895e-05,5.8921288898101107e-08,2.5969426483766296e-11,0
4576,1.2356163138677932e-10,-1.7043120600288009e-06,-1.7318433387242745e-06,2.7531278695473672e-08,1.7620994383446218e-11,0
4577,8.7598036232091697e-10,-3.3352430255826140e-05,-3.3356846336444595e-05,4.4160806184545456e-09,4.2390215368133746e-12,0
4578,1.0429712899439115e-09,-3.8175277924894571e-05,-3.8215620123793230e-05,4.0342198898659005e-08,8.2246484965408228e-12,0
4579,9.3077032025040314e-10,-2.8103911848138471e-05,-2.8111813524583147e-05,7.9016764446754653e-09,4.4936454983559048e-12,0
4580,1.6699092751468101e-10,-4.8228529533666034e-06,-4.8632528193602860e-06,4.0399865993682625e-08,4.5788730203126041e-12,0
4581,5.4789957872959205e-11,5.2485322031520058e-06,5.2421561162462909e-06,6.3760869057148849e-09,2.5288447287359857e-12,0
4582,-1.1220096961919559e-10,1.0071371927333067e-05,1.0106143331855710e-05,-3.4771404522643148e-08,4.4244208056296486e-12,0
4583,-6.2931339116988542e-11,-9.9495080496999483e-06,-9.9463100730500736e-06,-3.1979766498746920e-09,2.0624275532005578e-11,0
4584,9.8350063386745577e-12,-2.5885980636338639e-05,-2.5881228092449705e-05,-4.7525438889346608e-09,5.4882855067819106e-11,0
4585,-5.5899760964074940e-10,2.6353444194084086e-05,2.6328896457509326e-05,2.4547736574760014e-08,1.3782619714333187e-11,0
4586,-4.4961071239378441e-10,-7.0186721803124075e-06,-6.9773517344078243e-06,-4.1320445904583200e-08,1.1171539019708089e-11,0
4587,-3.6237734266973110e-10,-1.8133948955580039e-04,-1.8130391599448960e-04,-3.5573561310786811e-08,1.2870234411620879e-11,0
4588,-4.2385555163313127e-10,-1.1885587922545390e-05,-1.1842077226603831e-05,-4.3510695941559313e-08,1.3115237336797278e-11,0
4589,-4.4815217897869306e-10,-1.7767077232656164e-06,-1.7382686273922446e-06,-3.8439095873371825e-08,6.9810705069573747e-12,0
4590,1.0938689758212484e-10,-3.3372146364899196e-05,-3.3365765140090517e-05,-6.3812248086785820e-09,3.2407965000724426e-12,0
4591,1.9662026717468870e-10,-2.0769291115003150e-04,-2.0769026851283527e-04,-2.6426371962289062e-09,2.5705429636561943e-12,0
4592,1.3514205830927660e-10,-3.8239046913326547e-05,-3.8226189521290774e-05,-1.2857392035772676e-08,3.9966309909324222e-12,0
4593,1.1084543098244759e-10,-2.8130163349853517e-05,-2.8121327382574223e-05,-8.8359672792942383e-09,2.0398467441990165e-12,0
4594,8.7233369556004537e-11,-1.7432078018412688e-04,-1.7432337209360183e-04,2.5919094749431940e-09,3.5722095795947362e-12,0
4595,2.5755160715038339e-11,-4.8669135347288381e-06,-4.8649130214095238e-06,-2.0005133193142682e-09,3.6632818225714239e-12,0
4596,1.4585333878861320e-12,5.2419858117182944e-06,5.2415541414318669e-06,4.3167028642750730e-10,2.0504250875949507e-12,0
4597,-6.1478208902601897e-11,1.6945386875328108e-04,1.6945701646076044e-04,-3.1477074793515806e-09,3.8384747569954598e-12,0
4598,-8.5774836234468808e-11,1.7956274844219914e-04,1.7956475232060520e-04,-2.0038784060642367e-09,2.0504034177636033e-12,0
4599,-2.4296627325976752e-11,1.0108880118995687e-05,1.0107198338751293e-05,1.6817802443943079e-09,2.4093473285973730e-12,0
4600,-2.5418000872387356e-10,1.4646560569089515e-05,1.4696797336030350e-05,-5.0236766940835626e-08,4.4228487231857502e-11,0
4601,-2.3314326121955035e-10,4.7042380039372111e-06,4.7523184031962357e-06,-4.8080399259024537e-08,4.7124092782101626e-11,0
4602,2.1036747590211480e-11,-9.9423920222742150e-06,-9.9453204462510641e-06,2.9284239768490950e-09,2.4010003745353152e-11,0
4603,-1.6307873165953595e-12,-4.8625359412025589e-06,-4.8652771441710210e-06,2.7412029684620580e-09,4.8822549270334496e-12,0
4605,-4.2379425361838384e-12,1.0095749597120707e-05,1.0107472262960495e-05,-1.1722665839788044e-08,1.0507852648401613e-11,0
4606,-5.1316476802524496e-11,-9.9487000707314949e-06,-9.9460544732070588e-06,-2.6455975244361115e-09,1.8101881465592160e-11,0
4607,3.7461889410190239e-10,-7.0641264509410662e-06,-7.1173792476949004e-06,5.3252796753834185e-08,2.0556965613508723e-11,0
4608,3.1852941641994048e-10,-1.8141015585323821e-04,-1.8142119545373634e-04,1.1039600498129968e-08,2.5004575403973998e-11,0
4609,3.5321008069168813e-10,-1.1944402123712644e-05,-1.1977338094418763e-05,3.2935970706118821e-08,3.3607656073663243e-11,0
4610,3.6145684108603913e-10,-1.8313635332563305e-06,-1.8733170782138507e-06,4.1953544957520156e-08,2.0892392869649793e-11,0
4611,-5.6089477417487457e-11,-1.7434605303117117e-04,-1.7432447867063758e-04,-2.1574360533585957e-08,1.5624524889289670e-11,0
4612,-2.1408813330048405e-11,-4.8802802379119443e-06,-4.8655754287882250e-06,-1.4704809123719347e-08,1.5039919102709494e-11,0
4613,-1.3162052990189958e-11,5.2327965237348615e-06,5.2413761290974618e-06,-8.5796053626002310e-09,9.4135828621358624e-12,0
4614,3.4680664131575548e-11,1.6946578324979374e-04,1.6945747521138400e-04,8.3080384097387709e-09,2.3353287587129247e-11,0
4615,4.2927424486235085e-11,1.7957879915424203e-04,1.7956567834646062e-04,1.3120807781409616e-08,1.6851316748107693e-11,0
4616,8.2467603461341226e-12,1.0113085043090154e-05,1.0107677983487169e-05,5.4070596029852510e-09,1.7039922928484188e-11,0
4618,8.6193990642782775e-11,-9.9340470222798044e-06,-9.9444625145662835e-06,1.0415492286479052e-08,2.3252924609850702e-11,0
4619,1.0442748837014574e-10,1.6948011628823822e-04,1.6945788562624191e-04,2.2230661996306116e-08,2.6578797957798742e-11,0
4620,-5.0769771440466691e-13,-2.5886666477275308e-05,-2.5881411281730066e-05,-5.2551955452418537e-09,4.3529801101230381e-11,0
4621,6.1650021656773077e-11,-9.9354293908197541e-06,-9.9446919010000373e-06,9.2625101802831452e-09,1.5061672833855498e-11,0
4622,-3.3113188640909255e-10,-1.7437076855914696e-04,-1.7432711294343577e-04,-4.3655615711188063e-08,7.8664039056740385e-12,0
4623,-1.2631999017314389e-10,-4.9020882469273316e-06,-4.8668583662627800e-06,-3.5229880664551630e-08,6.8681910022176589e-12,0
4624,-5.0221280535934058e-11,5.2209282469246453e-06,5.2409516275027999e-06,-2.0023380578154536e-08,4.1166946904499811e-12,0
4625,2.0481189635457089e-10,1.6946865876639808e-04,1.6945883908255131e-04,9.8196838467642586e-09,1.0474470858052923e-11,0
4626,2.8091060601243120e-10,1.7959166466057983e-04,1.7956788593491576e-04,2.3778725664067371e-08,8.1949555620182549e-12,0
4627,7.6098709648757391e-11,1.0123001122038563e-05,1.0108532335335672e-05,1.4468786702890479e-08,2.9790614142609739e-12,0
4628,-4.7421788900983632e-10,2.6414144086260062e-05,2.6329836216835076e-05,8.4307869424985908e-08,5.6416902199803344e-11,0
4629,2.6390941397272910e-10,-1.8145685627580718e-04,-1.8142136064685694e-04,-3.5495628950243637e-08,1.8920152183634957e-11,0
4630,-1.8774612845794259e-12,-2.5876565137709613e-05,-2.5881442862184365e-05,4.8777244747516210e-09,6.4711038020716732e-11,0
4631,2.6578687514458901e-10,-1.5558015844176036e-04,-1.5553589115712197e-04,-4.4267284638393545e-08,7.5696887288535810e-11,0
4632,-8.1017190391046845e-11,-9.9543425137434485e-06,-9.9462247638941109e-06,-8.1177498493376012e-09,2.4785248306300582e-11,0
4633,3.5490137383088992e-10,-1.8142270485247596e-04,-1.8142016453010445e-04,-2.5403223715119577e-09,1.0575436542192474e-11,0
4634,6.7652286373304010e-13,-2.5886363419275063e-05,-2.5881431806983428e-05,-4.9316122916356171e-09,5.0259306587533551e-11,0
4635,3.5422485093144098e-10,-1.5553623659513016e-04,-1.5553468269288977e-04,-1.5539022403879277e-09,5.4811244721769766e-11,0
4636,-6.3863872082337896e-10,2.6394896178148081e-05,2.6328013658222068e-05,6.6882519926012794e-08,1.4583791083602693e-11,0
4637,-2.3932828119791333e-10,-6.9708823041271344e-06,-6.9752814364033714e-06,4.3991322762370724e-09,1.0223067056807735e-11,0
4638,-1.5167309141309758e-10,-1.1831816006498824e-05,-1.1839677935718198e-05,7.8619292193737265e-09,1.8113364552770271e-11,0
4639,-2.1451578561110441e-10,-1.7277741731125309e-06,-1.7360230871916179e-06,8.2489140790870054e-09,1.0510329524307814e-11,0
4640,3.9931044031717246e-10,-3.3365778631158291e-05,-3.3364199614462493e-05,-1.5790166957979895e-09,2.9727459427304418e-12,0
4641,4.8696563014906808e-10,-3.8226688217516541e-05,-3.8224270498367898e-05,-2.4177191486430345e-09,6.9457094604913433e-12,0
4642,4.2412293591903527e-10,-2.8122646370795645e-05,-2.8119518204107750e-05,-3.1281666878948521e-09,2.7137349825018723e-12,0
4643,8.7655189782311563e-11,-4.8609263101160455e-06,-4.8645971102103088e-06,3.6708000942633546e-09,4.0094666511834717e-12,0
4644,2.4812495585498683e-11,5.2431337659590745e-06,5.2417707222410934e-06,1.3630437179811060e-09,1.6335527912713822e-12,0
4645,-6.2842694176857151e-11,1.0104044644387074e-05,1.0107086410790195e-05,-3.0417664031206679e-09,3.7545912564939502e-12,0
4646,-5.7484911119267692e-11,-9.9468571436982928e-06,-9.9458885690214361e-06,-9.6857467685662006e-10,2.1191139628500016e-11,0
4647,-7.6443000712143624e-10,2.6403109638814884e-05,2.6326619297241437e-05,7.6490341573446849e-08,2.8392111352380552e-11,0
4648,1.0582755437150713e-10,-6.9490064545651986e-06,-6.9714988758858147e-06,2.2492421320616085e-08,1.6325170740124174e-11,0
4649,1.6414190144354825e-10,-1.6984336463042593e-06,-1.7318830927503920e-06,3.3449446446132651e-08,1.9744181108737720e-11,0
4650,8.7025756064717240e-10,-3.3352085277736643e-05,-3.3359253728420629e-05,7.1684506839861124e-09,6.1407045102086669e-12,0
4651,9.2857190769407901e-10,-2.8101561064858629e-05,-2.8114203493536253e-05,1.2642428677623664e-08,5.2590524483144859e-12,0
4652,5.8314347001231490e-11,5.2505463261681620e-06,5.2421350391847310e-06,8.4112869834309409e-09,3.6238645731204373e-12,0
4653,-1.0945171410778114e-12,-2.5886253755855008e-05,-2.5881471648732343e-05,-4.7821071226655516e-09,6.7809838009141813e-11,0
4654,6.4374786346483111e-11,1.6945763610363616e-04,1.6945650334079047e-04,1.1327628456818482e-09,1.8939058834559277e-11,0
4655,-2.4094750859868894e-10,1.4662768401519852e-05,1.4696100653466471e-05,-3.3332251946618989e-08,1.3847267038271519e-11,0
4656,-1.8523445026381371e-11,-2.5896726924566193e-05,-2.5881676187932851e-05,-1.5050736633341876e-08,2.8167274073643956e-11,0
4657,-2.6588631012442017e-10,4.7186158342281403e-06,4.7513693784453136e-06,-3.2753544217173282e-08,1.5757295028277119e-11,0
4658,2.2242406372637135e-10,-4.0559600992568987e-05,-4.0577292559365407e-05,1.7691566796420146e-08,4.0595702525393331e-11,0
4659,-2.4938801396080643e-11,-9.9441840707859691e-06,-9.9454698233178544e-06,1.2857525318853158e-09,1.2655942990674859e-11,0
4660,-2.4736286510019339e-10,3.0615308570902666e-05,3.0629085061623307e-05,-1.3776490720641054e-08,3.9209891835318294e-11,0
4661,-6.0755974388616307e-10,2.6413971864426046e-05,2.6328358159928303e-05,8.5613704497743056e-08,3.7000650418811724e-11,0
4662,-8.1569518936800709e-10,-6.9765688609406754e-06,-6.9817708748731993e-06,5.2020139325239463e-09,2.3054702259074927e-11,0
4663,-6.7630348356342214e-10,-1.8129986392016999e-04,-1.8130608058918255e-04,6.2166690125515980e-09,3.2013196541195929e-11,0
4664,-7.8908208044294787e-10,-1.1845003771447475e-05,-1.1846981831864701e-05,1.9780604172261676e-09,2.5656824853907407e-11,0
4665,-8.1793741422969626e-10,-1.7347375918224522e-06,-1.7428446920757336e-06,8.1071002532813799e-09,1.8588692634108139e-11,0
4666,-2.0813544518132693e-10,-3.3390521490409344e-05,-3.3371569013249214e-05,-1.8952477160130341e-08,8.5716521144860568e-12,0
4667,-6.8743739218344423e-11,-2.0771377655551260e-04,-2.0769382809757080e-04,-1.9948457941797648e-08,1.7753574331339685e-11,0
4668,-1.8152233617217078e-10,-3.8258875297320083e-05,-3.8232444898671596e-05,-2.6430398648486539e-08,1.1670789656718156e-11,0
4669,-2.1037766999970313e-10,-2.8148690307778362e-05,-2.8127193369903027e-05,-2.1496937875335634e-08,6.4783252090859029e-12,0
4670,1.3939170564899034e-10,-1.7432327609949536e-04,-1.7432102199899167e-04,-2.2541005036905842e-09,4.1633470439001140e-12,0
4671,2.6613108847745356e-11,-4.8683540395362893e-06,-4.8654166160591002e-06,-2.9374234771890548e-09,3.5698265704546732e-12,0
4672,-2.2422249033631238e-12,5.2418501409633904e-06,5.2414545082391236e-06,3.9563272426681176e-10,2.1837703477244357e-12,0
4673,-1.1277859684732970e-10,1.6945493076735369e-04,1.6945421636128241e-04,7.1440607127422860e-10,3.2672140805285805e-12,0
4674,-1.4163393061982935e-10,1.7956511968899485e-04,1.7956229326171404e-04,2.8264272808071339e-09,2.3244644468590419e-12,0
4675,-2.8855333758202795e-11,1.0110195155609795e-05,1.0107584841282069e-05,2.6103143277260692e-09,1.9887579184954613e-12,0
4676,-7.6391914386596224e-11,-9.9516617728390155e-06,-9.9459992559603834e-06,-5.6625168786321272e-09,2.2075555654136689e-11,0
4677,9.5150418860814326e-13,-2.5886629558677897e-05,-2.5881474231998724e-05,-5.1553266791725240e-09,4.1884070368745930e-11,0
4678,-5.4581769646547945e-10,2.6379836053008060e-05,2.6329042553134873e-05,5.0793499873187452e-08,1.7971356447467460e-11,0
4679,-4.3374103463603479e-10,-6.9952225922702282e-06,-6.9775959863945331e-06,-1.7626605875695165e-08,9.2829200139911863e-12,0
4680,-3.1444672356945066e-10,-1.8131391477667781e-04,-1.8130185480328206e-04,-1.2059973395742076e-08,8.4502189869363278e-12,0
4681,-3.9722045179200055e-10,-1.1862797245113313e-05,-1.1842777926919189e-05,-2.0019318194123650e-08,1.0943228954989104e-11,0
4682,-4.2829061574184378e-10,-1.7532782047476048e-06,-1.7386034539694177e-06,-1.4674750778187099e-08,6.1935632496568367e-12,0
4683,1.1207666213293942e-10,-3.3375072025305843e-05,-3.3368392454368099e-05,-6.6795709377439087e-09,3.2411998554468703e-12,0
4684,2.3137097312450039e-10,-2.0769377824321911e-04,-2.0769060231579228e-04,-3.1759274268349912e-09,5.9704351294636190e-12,0
4685,1.4859724495735841e-10,-3.8242635793834428e-05,-3.8229233779231395e-05,-1.3402014603032032e-08,5.5816383071434250e-12,0
4686,1.1752708101275429e-10,-2.8133126216121386e-05,-2.8123934983570914e-05,-9.1912325504716914e-09,3.4477069001759058e-12,0
4687,1.1929431096642125e-10,-1.7431870721582726e-04,-1.7432095550313709e-04,2.2482873098244194e-09,3.5863890603936689e-12,0
4688,3.6520582819369062e-11,-4.8675541149409765e-06,-4.8653905593063093e-06,-2.1635556346671686e-09,3.6006859095628833e-12,0
4689,5.4504188769585858e-12,5.2419549747513084e-06,5.2415302106775686e-06,4.2476407373979959e-10,2.0778509684131113e-12,0
4690,-8.2773728192819247e-11,1.6945114917631208e-04,1.6945418467075981e-04,-3.0354944477331645e-09,3.7355108509678310e-12,0
4691,-1.1384389213830283e-10,1.7956065127017109e-04,1.7956230094498971e-04,-1.6496748186239918e-09,2.0410175474549283e-12,0
4692,-3.1070163943830081e-11,1.0109501510267458e-05,1.0107631636782696e-05,1.8698734847622683e-09,2.3088198986827906e-12,0
4693,-2.6073970118423698e-10,1.4661112839988236e-05,1.4695653885818537e-05,-3.4541045830301475e-08,2.8477048875024439e-11,0
4694,-2.5037953024137729e-10,4.7187978915765039e-06,4.7513832557027840e-06,-3.2585364126280086e-08,3.2900599603089527e-11,0
4695,1.0360171052285468e-11,-9.9422627270308664e-06,-9.9449814182088214e-06,2.7186911779549818e-09,2.4023818269950724e-11,0
4696,-1.6342315653891634e-10,-5.2155672786737255e-05,-5.2155619083740074e-05,-5.3702997181593465e-11,8.6888613078783593e-11,0
4697,7.3001308224166572e-12,-4.8623155748793879e-06,-4.8657742917911839e-06,3.4587169117960344e-09,4.0332063752561714e-12,0
4699,-1.0167156917265144e-11,1.0101334060927023e-05,1.0107914302349478e-05,-6.5802414224550064e-09,6.5089504509442690e-12,0
4700,-8.6215205571706338e-11,1.4702650846155950e-05,1.4697460282884789e-05,5.1905632711608026e-09,2.3753538598929285e-11,0
4701,-1.0072954021074977e-11,4.7666767751929767e-06,4.7539579256575384e-06,1.2718849535438303e-08,2.4451671196412542e-11,0
4703,1.8152982217981573e-10,-1.7430377388576862e-04,-1.7431987869468720e-04,1.6104808918577813e-08,1.4079783936423145e-11,0
4704,6.2646221606324456e-11,-4.8659289538311237e-06,-4.8652130129843927e-06,-7.1594084673104485e-10,1.0734467152299578e-11,0
4706,-1.1888360057591676e-10,1.6943782511120824e-04,1.6945329711127720e-04,-1.5472000068958826e-08,1.5146502018320643e-11,0
4707,-1.6610468013908051e-10,1.7954607197824372e-04,1.7956131986664192e-04,-1.5247888398195637e-08,1.0898056021550011e-11,0
4708,-4.7221079574520429e-11,1.0108205300390395e-05,1.0107548045649264e-05,6.5725474113095773e-10,8.8280459595182589e-12,0
4709,2.4655706582258952e-11,-2.5870271161541458e-05,-2.5881264577213804e-05,1.0993415672346717e-08,2.2039443699887828e-11,0
4710,2.7486290463151863e-10,-1.7431096185465539e-04,-1.7431868634021951e-04,7.7244855641262020e-09,2.6091621186761655e-11,0
4711,9.2922137694394705e-11,-4.8666962513500486e-06,-4.8649231028755847e-06,-1.7731484744639499e-09,1.8641640697706716e-11,0
4712,2.5118923100705997e-11,5.2422604163993025e-06,5.2417302121835614e-06,5.3020421574110911e-10,1.2811119996066214e-11,0
4713,-1.8194076678373100e-10,1.6944427014226136e-04,1.6945239943887234e-04,-8.1292966109787826e-09,2.9686812745708619e-11,0
4714,-2.4974398129556838e-10,1.7955322861325923e-04,1.7956022891501351e-04,-7.0003017542830809e-09,3.6161822933081101e-11,0
4715,-6.7803214569723356e-11,1.0108973352986311e-05,1.0107358814626584e-05,1.6145383597265513e-09,2.6236117305368682e-11,0
4716,7.4192886694702665e-11,-9.9209566231392779e-06,-9.9441431719949150e-06,2.3186548855637064e-08,2.0361521408363688e-11,0
4718,-1.3678820654037385e-11,-2.5877803952719172e-05,-2.5881705996994012e-05,3.9020442748396176e-09,7.0418756697645751e-11,0
4719,5.5344707124102813e-10,-1.8790792098415804e-06,-1.8721491775944562e-06,-6.9300322471241720e-09,1.3451046196874160e-11,0
4720,5.6712589161082234e-10,2.3998848281284527e-05,2.4022497105920865e-05,-2.3648824636337895e-08,6.1477918723513935e-11,0
4721,1.5460604336529327e-10,-1.8143113998685730e-04,-1.8142101115425455e-04,-1.0128832602756795e-08,4.3680721485864476e-11,0
4722,-6.7629186847638985e-11,-9.9472022260663553e-06,-9.9456354687371207e-06,-1.5667573292346346e-09,2.1682273838187876e-11,0
4723,-4.9523936392814443e-10,2.6424305254879252e-05,2.6329603199706118e-05,9.4702055173134022e-08,4.8215669073159773e-11,0
4724,1.2260244743872067e-10,-4.8381000281212672e-06,-4.8647202961373169e-06,2.6620268016049715e-08,9.6694207367093553e-12,0
4725,3.8695655278168974e-11,5.2464919514160022e-06,5.2418662917768888e-06,4.6256596391133960e-09,5.4693136056159104e-12,0
4726,-8.3906792140745745e-11,1.0084584222152474e-05,1.0107287793696270e-05,-2.2703571543796153e-08,1.0906983197148275e-11,0
4727,2.0628420377384748e-10,-1.8142197244288682e-04,-1.8142028500434216e-04,-1.6874385446623893e-09,1.7188859653508525e-11,0
4728,-5.4100953969619066e-11,-2.5889387461843719e-05,-2.5882179518456778e-05,-7.2079433869409813e-09,4.8365815436965239e-11,0
4729,2.6038515787000684e-10,-1.5553249935067637e-04,-1.5553386487250306e-04,1.3655218266891977e-09,8.7229931335266446e-11,0
4730,-9.3029664858513827e-11,-9.9548857564937115e-06,-9.9458611048856732e-06,-9.0246516080383604e-09,2.2952393978945492e-11,0
4731,4.4758894344839591e-10,-1.8141957854907504e-04,-1.8141744861006689e-04,-2.1299390081525038e-09,1.1779364909993943e-11,0
4732,1.9520079356142604e-11,-2.5885495528610997e-05,-2.5881378321744634e-05,-4.1172068663627049e-09,3.0252602454615125e-11,0
4733,4.2806886406428674e-10,-1.5553393790308204e-04,-1.5553180950467622e-04,-2.1283984058171300e-09,5.9306230223687688e-11,0
4734,-6.0514875513842522e-10,2.6399793869973098e-05,2.6328384885059539e-05,7.1408984913559176e-08,1.5171836260653453e-11,0
4735,-2.0863382095085943e-10,-6.9690973500190039e-06,-6.9753641677444322e-06,6.2668177254283019e-09,1.0074635255784478e-11,0
4736,-1.1121812697091227e-10,-1.1830703177447693e-05,-1.1840232102481161e-05,9.5289250334674080e-09,1.6894246763765762e-11,0
4737,-1.7992205268362665e-10,-1.7259437139847261e-06,-1.7361983207176447e-06,1.0254606732918559e-08,1.0310271831364950e-11,0
4738,3.9651493466119041e-10,-3.3368885970282147e-05,-3.3366905488660376e-05,-1.9804816217712778e-09,3.1485796096719883e-12,0
4739,4.9393062868262914e-10,-3.8230459937158012e-05,-3.8227408039317848e-05,-3.0518978401646913e-09,4.9713495568990146e-12,0
4740,4.2522670294066236e-10,-2.8125720261201748e-05,-2.8122205555580034e-05,-3.5147056217140610e-09,2.9483135024527024e-12,0
4741,9.7415693966546871e-11,-4.8615876969502342e-06,-4.8650897761394932e-06,3.5020791892589995e-09,3.1735489047209667e-12,0
4742,2.8711768265418632e-11,5.2431726202013806e-06,5.2417453092641126e-06,1.4273109372680716e-09,1.7472346793288133e-12,0
4743,-6.8703925680184844e-11,1.0104752322328062e-05,1.0107533218908253e-05,-2.7808965801916783e-09,2.4293035193653194e-12,0
4744,3.3348816547018807e-10,-1.8142027122961251e-04,-1.8141853313979685e-04,-1.7380898156545230e-09,1.0686685589268839e-11,0
4745,-1.1875173304648066e-11,-2.5886923840591838e-05,-2.5881742916952019e-05,-5.1809236398197938e-09,4.6886945973412212e-11,0
4746,3.4536333873556099e-10,-1.5553321535709697e-04,-1.5553250694159512e-04,-7.0841550185133002e-10,5.6018175191408124e-11,0
4747,-7.0869619621801316e-10,2.6407189374544685e-05,2.6327237090838377e-05,7.9952283706307629e-08,3.1727819398349372e-11,0
4748,1.5261629139433705e-10,-6.9423332107326763e-06,-6.9714001435456451e-06,2.9066932812968852e-08,1.6481099606175371e-11,0
4749,2.1458609511966802e-10,-1.6870215060367511e-06,-1.7318785823096819e-06,4.4857076272930877e-08,1.9912979626610500e-11,0
4750,8.6131248632400463e-10,-3.3349551974754324e-05,-3.3362008397315290e-05,1.2456422560966189e-08,5.6323572474177518e-12,0
4751,9.2328229002129712e-10,-2.8094262537463333e-05,-2.8116942163462614e-05,2.2679625999281089e-08,6.0792635946611208e-12,0
4752,6.1969803653382291e-11,5.2553036158208694e-06,5.2421074206329610e-06,1.3196195187908331e-08,3.5360500851495785e-12,0
4753,7.4546911656657081e-11,-9.9275526808670703e-06,-9.9439173296685922e-06,1.6364648801521915e-08,2.4537150348872506e-11,0
4754,-5.9836532747639957e-11,-2.5888905130362432e-05,-2.5882294574719900e-05,-6.6105556425324387e-09,7.3894925570159449e-11,0
4755,-5.6092237391914956e-10,2.6423075573395877e-05,2.6328875122039392e-05,9.4200451356484752e-08,4.9437766944179522e-11,0
4756,-7.7357314589976354e-10,-6.9757896316918408e-06,-6.9817302530917065e-06,5.9406213998657140e-09,2.1302802918755628e-11,0
4757,-5.9585614150053408e-10,-1.8129724191181217e-04,-1.8130363665218058e-04,6.3947403684165918e-09,3.1766750934627854e-11,0
4758,-7.3402594436964249e-10,-1.1844884046505709e-05,-1.1847382014644063e-05,2.4979681383541664e-09,2.5607338160759186e-11,0
4759,-7.7062161581339930e-10,-1.7339935146631902e-06,-1.7428832883351347e-06,8.8897736719445594e-09,1.7866885130520015e-11,0
4760,-2.1265077162212926e-10,-3.3398899647686664e-05,-3.3374314937011050e-05,-2.4584710675614190e-08,8.6251281425268373e-12,0
4761,-3.4933767114714731e-11,-2.0772031792222305e-04,-2.0769418281196334e-04,-2.6135110259707228e-08,1.8539400207640869e-11,0
4762,-1.7310357001693152e-10,-3.8267970963158648e-05,-3.8235591546319228e-05,-3.2379416839420426e-08,1.3276242853665500e-11,0
4763,-2.0969924148694166e-10,-2.8157112532081752e-05,-2.8129906615748724e-05,-2.7205916333028154e-08,6.8546246864776512e-12,0
4764,1.7771700433477102e-10,-1.7432142406436507e-04,-1.7431850591588416e-04,-2.9181484809137365e-09,4.2287991937002169e-12,0
4765,3.9547201489289089e-11,-4.8691004666887982e-06,-4.8658788176907401e-06,-3.2216489980580690e-09,3.5340408675602150e-12,0
4766,2.9515300586865234e-12,5.2417821235929815e-06,5.2414429057550168e-06,3.3921783796469883e-10,2.1509455893803828e-12,0
4767,-1.3816980285772679e-10,1.6945233703224765e-04,1.6945130132384764e-04,1.0357084000113190e-09,3.3343075772145063e-12,0
4768,-1.7476547429895297e-10,1.7956319814780479e-04,1.7955975456346047e-04,3.4435843443252068e-09,2.3941662307365601e-12,0
4769,-3.6595671434980070e-11,1.0110859221512593e-05,1.0108014835195445e-05,2.8443863171478425e-09,2.0385588214680356e-12,0
4770,-2.6654527335056383e-10,1.4668311896641126e-05,1.4694504325387136e-05,-2.6192428746010628e-08,2.3547733205378350e-11,0
4771,3.7403654281194571e-14,-2.5865022627818372e-05,-2.5881652052581686e-05,1.6629424763314738e-08,4.3078985291816541e-11,0
4772,-2.6786277401986661e-10,4.7264662518791550e-06,4.7504353153163361e-06,-2.3969063437181032e-08,2.8211067826887895e-11,0
4773,2.6658267691528671e-10,-4.0533346521308758e-05,-4.0575638344904398e-05,4.2291823595640436e-08,9.7755713777121109e-11,0
4774,-1.3175005395116765e-12,-9.9418261403599710e-06,-9.9446473062815892e-06,2.8211659216182338e-09,2.1287994623340443e-11,0
4775,-2.6790017770046447e-10,3.0591415326261182e-05,3.0627849361991218e-05,-3.6434035730036616e-08,8.8899218324440385e-11,0
4776,-5.2419702709182499e-10,2.6392204229027001e-05,2.6329282212165612e-05,6.2922016861389406e-08,1.7904762616499827e-11,0
4777,-4.1177038969419034e-10,-6.9859550885752186e-06,-6.9777787371902451e-06,-8.1763513849735721e-09,8.4915278633275916e-12,0
4778,-2.6187296800737085e-10,-1.8130258990387005e-04,-1.8129971983713611e-04,-2.8700667339422430e-09,7.3439911375100679e-12,0
4779,-3.6495259927211680e-10,-1.1854126974302978e-05,-1.1843430711403626e-05,-1.0696262899352428e-08,1.0122120714624709e-11,0
4780,-4.0238485896295560e-10,-1.7440079281630383e-06,-1.7388793745104309e-06,-5.1285536526074255e-09,5.8707803870427064e-12,0
4781,1.1242663763944335e-10,-3.3378135755045800e-05,-3.3371084447628113e-05,-7.0513074176871697e-09,2.8339877734646894e-12,0
4782,2.6232405930477876e-10,-2.0769477653630403e-04,-2.0769098869796067e-04,-3.7878383433575125e-09,5.2173810784046935e-12,0
4783,1.5924442806172112e-10,-3.8246299782990559e-05,-3.8232355725504753e-05,-1.3944057485805613e-08,4.9081390725272001e-12,0
4784,1.2181216836525884e-10,-2.8136195309932509e-05,-2.8126608250619158e-05,-9.5870593133518390e-09,3.0300820299956655e-12,0
4785,1.4989742165152865e-10,-1.7431663580491120e-04,-1.7431852501830866e-04,1.8892133974563168e-09,3.0352623795347506e-12,0
4786,4.6817790417914409e-11,-4.8681699183158490e-06,-4.8658819900659953e-06,-2.2879282498537593e-09,3.1279776449743374e-12,0
4787,9.3855307195884296e-12,5.2419501099736738e-06,5.2415046564889681e-06,4.4545348470576696e-10,1.8133452374506646e-12,0
4788,-1.0307963125311587e-10,1.6944845643613368e-04,1.6945132600247601e-04,-2.8695663423304162e-09,3.3205787603176852e-12,0
4789,-1.4051189094866375e-10,1.7955857463930296e-04,1.7955983389331058e-04,-1.2592540076276307e-09,1.8887392104698797e-12,0
4790,-3.7432259700145573e-11,1.0110119040035231e-05,1.0108076908119595e-05,2.0421319156364599e-09,2.0977958141033949e-12,0
4791,-1.4490925880371845e-10,1.4698280923279919e-05,1.4695707243023658e-05,2.5736802562613588e-09,2.5008745908589317e-11,0
4792,-2.3904177489719128e-11,-5.2143324232990437e-05,-5.2157328068159358e-05,1.4003835168921062e-08,2.6793584537896365e-11,0
4793,-2.8090961318476368e-10,-2.1532411930026002e-05,-2.1508606075574613e-05,-2.3805854451388882e-08,5.6054221484348081e-12,0
4794,-2.5700543568670612e-10,3.0610828523326694e-05,3.0627844187119748e-05,-1.7015663793053834e-08,3.3351372561270600e-11,0
4795,1.6390624696405580e-11,-4.8637641487196941e-06,-4.8662816369600985e-06,2.5174882404043538e-09,3.7387901111650829e-12,0
4796,2.7165718178653004e-13,5.2405782260481215e-06,5.2413965072809622e-06,-8.1828123284066322e-10,1.7882060853190388e-12,0
4797,-1.6118967517273192e-11,1.0104417648522466e-05,1.0108366283589941e-05,-3.9486350674750720e-09,4.2506461793997467e-12,0
4798,1.4753737729502951e-11,-2.5878717369188804e-05,-2.5881525438111896e-05,2.8080689230925251e-09,2.5719009541687321e-11,0
4799,2.1069016229545697e-10,-1.7430209329477760e-04,-1.7431744541881002e-04,1.5352124032425550e-08,1.1955976643261190e-11,0
4800,7.2481252857071408e-11,-4.8666114560954633e-06,-4.8657150061118315e-06,-8.9644998363183083e-10,9.7520917425339107e-12,0
4801,1.9302489503157416e-11,5.2422636007967097e-06,5.2416011626393867e-06,6.6243815732298640e-10,5.4669174172434709e-12,0
4802,-1.3820890941203742e-10,1.6943548408302096e-04,1.6945042565766645e-04,-1.4941574645485579e-08,1.7852883400164230e-11,0
4803,-1.9138767273588776e-10,1.7954434368713280e-04,1.7955884866337475e-04,-1.4504976241950596e-08,1.2074892731950264e-11,0
4804,-5.3178763348122981e-11,1.0108853687269305e-05,1.0108002432653727e-05,8.5125461557765446e-10,9.0872216609804041e-12,0
