window,n,rmse,mae,corr,max_obs,min_obs,max_model,min_model
all (available points),193,7.017156231534424e-11,2.763805528379425e-11,0.963074669307983,5.967241566554105e-10,-9.913995100164979e-10,4.103588430072443e-10,-4.380937063023559e-10
-10 to +10 days,190,7.069264291351798e-11,2.786581933003263e-11,0.963080793714787,5.967241566554105e-10,-9.913995100164979e-10,4.103588430072443e-10,-4.380937063023559e-10
-3 to +3 days,67,1.171173265670265e-10,5.396510100424580e-11,0.962504072085275,5.967241566554105e-10,-9.913995100164979e-10,4.103588430072443e-10,-4.380937063023559e-10
